# the graphs of bpmnr.txt laid out by ELK layered 0.12.0, same box sizes
G 100343055.json 18 22
V 280.000000 57.333333 28.000000 28.000000
V 334.000000 57.333333 40.000000 40.000000
V 424.666667 50.666667 28.000000 28.000000
V 528.500000 46.000000 83.000000 68.000000
V 415.500000 199.000000 83.000000 68.000000
V 528.500000 199.000000 83.000000 68.000000
V 641.500000 187.666667 83.000000 68.000000
V 717.000000 176.333333 28.000000 28.000000
V 26.000000 68.666667 28.000000 28.000000
V 101.500000 68.666667 83.000000 68.000000
V 204.500000 68.666667 83.000000 68.000000
V 426.250000 125.000000 40.000000 40.000000
V 632.333333 255.666667 28.000000 28.000000
V 528.500000 115.000000 28.000000 28.000000
V 641.500000 96.800000 83.000000 68.000000
V 744.500000 244.333333 83.000000 68.000000
V 847.500000 244.333333 83.000000 68.000000
V 923.000000 244.333333 28.000000 28.000000
E 0 1
E 10 0
E 1 2
E 1 4
E 2 3
E 14 2
E 3 14
E 4 5
E 5 6
E 5 12
E 6 7
E 6 15
E 8 9
E 9 10
E 10 11
E 11 12
E 11 13
E 14 11
E 12 15
E 13 14
E 15 16
E 16 17
G 1005251135.json 31 32
V 27.000000 78.666667 30.000000 30.000000
V 112.000000 78.666667 100.000000 80.000000
V 238.500000 78.666667 113.000000 80.000000
V 365.000000 65.333333 100.000000 80.000000
V 493.666667 127.000000 100.000000 80.000000
V 618.000000 164.666667 100.000000 80.000000
V 702.000000 151.333333 28.000000 28.000000
V 491.500000 52.000000 30.000000 30.000000
V 618.000000 52.000000 100.000000 80.000000
V 858.000000 57.000000 100.000000 80.000000
V 726.333333 57.000000 30.000000 30.000000
V 942.000000 57.000000 28.000000 28.000000
V 365.000000 492.333333 30.000000 30.000000
V 493.666667 492.333333 100.000000 80.000000
V 599.000500 468.971167 62.001000 60.173000
V 582.000000 533.057667 28.000000 28.000000
V 738.000000 200.333333 30.000000 30.000000
V 858.000000 200.333333 30.000000 30.000000
V 986.666667 200.333333 100.000000 80.000000
V 1135.000000 180.333333 28.000000 28.000000
V 1081.000000 187.000000 40.000000 40.000000
V 1136.000000 229.333333 30.000000 30.000000
V 400.000000 385.833333 30.000000 30.000000
V 491.500000 385.833333 113.000000 93.000000
V 618.000000 370.333333 100.000000 80.000000
V 738.000000 370.333333 28.000000 28.000000
V 653.000000 295.333333 30.000000 30.000000
V 738.000000 295.333333 100.000000 80.000000
V 846.333333 300.333333 30.000000 30.000000
V 984.500000 300.333333 113.000000 80.000000
V 1075.000000 300.333333 28.000000 28.000000
E 0 1
E 1 2
E 2 3
E 2 12
E 3 4
E 3 7
E 4 5
E 4 10
E 5 6
E 5 16
E 7 8
E 8 10
E 10 9
E 9 11
E 12 13
E 13 14
E 13 15
E 23 14
E 16 17
E 17 18
E 18 20
E 21 18
E 20 19
E 20 21
E 22 23
E 23 24
E 24 25
E 25 28
E 26 27
E 27 28
E 28 29
E 29 30
G 1013385050.json 16 17
V 27.000000 207.000000 30.000000 30.000000
V 112.000000 207.000000 100.000000 80.000000
V 1012.000000 207.000000 100.000000 80.000000
V 1102.000000 207.000000 40.000000 40.000000
V 1192.000000 113.666667 100.000000 80.000000
V 1192.000000 213.666667 100.000000 80.000000
V 147.000000 132.000000 30.000000 30.000000
V 232.000000 145.333333 100.000000 80.000000
V 592.000000 145.333333 100.000000 80.000000
V 682.000000 145.333333 40.000000 40.000000
V 772.000000 152.000000 100.000000 80.000000
V 472.000000 145.333333 100.000000 80.000000
V 772.000000 52.000000 100.000000 80.000000
V 892.000000 138.666667 100.000000 80.000000
V 976.000000 125.333333 28.000000 28.000000
V 352.000000 145.333333 100.000000 80.000000
E 0 1
E 1 2
E 1 7
E 2 3
E 13 2
E 3 4
E 3 5
E 6 7
E 7 15
E 8 9
E 11 8
E 9 10
E 9 12
E 10 13
E 15 11
E 12 13
E 13 14
G 1021091398.json 29 36
V 27.000000 133.659333 30.000000 30.000000
V 310.937500 133.659333 63.875000 57.946000
V 160.500000 133.659333 197.000000 80.000000
V 304.924500 58.737833 51.849000 51.897000
V 314.916667 202.632333 40.000000 40.000000
V 420.375000 209.299000 115.000000 80.000000
V 739.724000 195.965667 100.000000 80.000000
V 619.724000 209.299000 100.000000 80.000000
V 853.724000 100.799000 88.000000 97.000000
V 523.799500 166.948500 51.849000 51.897000
V 979.724000 222.632333 100.000000 80.000000
V 859.724000 209.299000 100.000000 80.000000
V 973.724000 114.132333 88.000000 97.000000
V 1120.224000 222.632333 141.000000 80.000000
V 1366.648500 235.965667 51.849000 51.897000
V 1917.073000 222.632333 127.000000 80.000000
V 1770.073000 125.333333 127.000000 80.000000
V 1270.724000 95.333333 100.000000 80.000000
V 1164.799500 136.683833 51.849000 51.897000
V 1368.623333 95.333333 40.000000 40.000000
V 1897.535250 112.000000 87.924500 68.500000
V 1732.497500 38.666667 51.849000 51.897000
V 1544.573000 52.000000 264.000000 80.000000
V 2396.497500 222.991417 51.849000 51.897000
V 2050.573000 222.632333 100.000000 80.000000
V 2170.573000 185.965667 100.000000 80.000000
V 2290.573000 149.299000 100.000000 80.000000
V 2384.573000 149.299000 28.000000 28.000000
V 2414.535250 78.100500 87.924500 74.397000
E 0 2
U 2 1
U 2 3
E 2 4
E 4 5
E 4 22
E 5 7
U 5 9
E 7 6
E 6 8
U 9 6
E 6 11
U 9 7
E 11 10
E 10 13
E 11 12
U 13 14
E 13 17
U 14 15
E 16 15
E 15 24
U 18 16
E 19 16
E 16 20
E 22 16
U 18 17
E 17 19
E 19 22
U 22 21
U 24 23
U 25 23
U 26 23
E 24 25
E 25 26
E 26 27
E 26 28
G 102300656.json 26 34
V 97.000000 49.666667 30.000000 30.000000
V 586.001000 136.333333 100.000000 80.000000
V 676.001000 136.333333 40.000000 40.000000
V 766.001000 116.333333 100.000000 80.000000
V 766.001000 302.666667 100.000000 80.000000
V 62.000000 517.000000 100.000000 80.000000
V 586.001000 523.666667 100.000000 80.000000
V 676.001000 523.666667 40.000000 40.000000
V 766.001000 430.333333 100.000000 80.000000
V 850.001000 517.000000 28.000000 28.000000
V 886.001000 443.666667 100.000000 50.000000
V 80.062500 294.270250 63.875000 57.946000
V 289.000500 196.166667 214.001000 71.000000
V 1006.001000 228.333333 100.000000 80.000000
V 1090.001000 228.333333 28.000000 28.000000
V 886.001000 116.333333 100.000000 80.000000
V 270.000333 63.000000 100.000000 80.000000
V 766.001000 530.333333 100.000000 80.000000
V 466.001000 99.666667 100.000000 80.000000
V 886.001000 316.000000 100.000000 80.000000
V 1246.001000 366.000000 100.000000 80.000000
V 1006.001000 329.333333 100.000000 80.000000
V 1126.001000 329.333333 100.000000 80.000000
V 1347.938500 366.000000 63.875000 57.946000
V 289.000500 505.000000 100.000000 44.000000
V 466.001000 505.000000 100.000000 44.000000
E 0 16
E 1 2
U 11 1
E 18 1
E 2 3
E 2 4
U 11 3
E 3 15
U 11 4
E 4 19
E 5 6
E 20 5
E 5 24
E 6 7
E 25 6
E 7 8
E 7 17
U 8 10
E 8 19
E 17 9
U 11 12
U 11 13
U 11 16
U 11 18
E 13 14
E 15 13
E 16 18
U 17 23
E 19 21
U 19 23
E 22 20
U 20 23
E 21 22
E 24 25
G 1031360578.json 32 32
V 82.000000 269.333333 40.000000 40.000000
V 142.000000 269.333333 40.000000 40.000000
V 197.000000 343.333333 30.000000 30.000000
V 197.000000 80.000000 30.000000 30.000000
V 246.000000 343.333333 28.000000 28.000000
V 282.000000 80.000000 100.000000 80.000000
V 27.000000 312.666667 30.000000 30.000000
V 372.000000 80.000000 30.000000 30.000000
V 480.000000 80.000000 40.000000 40.000000
V 556.000000 76.000000 28.000000 28.000000
V 557.000000 27.000000 30.000000 30.000000
V 27.000000 262.666667 30.000000 30.000000
V 592.000000 150.000000 100.000000 80.000000
V 682.000000 150.000000 40.000000 40.000000
V 737.000000 143.333333 30.000000 30.000000
V 737.000000 211.666667 30.000000 30.000000
V 792.000000 218.333333 40.000000 40.000000
V 882.000000 218.333333 100.000000 80.000000
V 972.000000 218.333333 40.000000 40.000000
V 1027.000000 211.666667 30.000000 30.000000
V 1027.000000 261.666667 30.000000 30.000000
V 1076.000000 211.666667 28.000000 28.000000
V 1077.000000 261.666667 30.000000 30.000000
V 792.000000 143.333333 30.000000 30.000000
V 847.000000 143.333333 30.000000 30.000000
V 197.000000 269.333333 30.000000 30.000000
V 282.000000 269.333333 100.000000 80.000000
V 372.000000 269.333333 40.000000 40.000000
V 462.000000 262.666667 100.000000 80.000000
V 557.000000 262.666667 30.000000 30.000000
V 462.000000 362.666667 100.000000 80.000000
V 556.000000 362.666667 28.000000 28.000000
E 0 1
E 6 0
E 11 0
E 1 2
E 1 3
E 1 25
E 2 4
E 3 5
E 5 7
E 7 8
E 8 9
E 8 10
E 8 12
E 8 16
E 12 13
E 13 14
E 13 15
E 14 23
E 15 16
E 16 17
E 17 18
E 18 19
E 18 20
E 19 21
E 20 22
E 23 24
E 25 26
E 26 27
E 27 28
E 27 30
E 28 29
E 30 31
G 1035394039.json 26 26
V 302.000000 348.666667 100.000000 80.000000
V 422.000000 335.333333 100.000000 80.000000
V 792.000000 52.000000 100.000000 80.000000
V 792.000000 238.666667 100.000000 80.000000
V 512.000000 335.333333 40.000000 40.000000
V 602.000000 197.666667 100.000000 80.000000
V 602.000000 342.000000 100.000000 80.000000
V 62.000000 228.666667 100.000000 80.000000
V 182.000000 242.000000 100.000000 80.000000
V 422.000000 235.333333 100.000000 80.000000
V 312.000000 242.000000 40.000000 40.000000
V 792.000000 352.000000 100.000000 80.000000
V 692.000000 342.000000 40.000000 40.000000
V 912.000000 352.000000 100.000000 80.000000
V 912.000000 52.000000 100.000000 80.000000
V 1032.000000 52.000000 100.000000 80.000000
V 912.000000 252.000000 100.000000 80.000000
V 1032.000000 252.000000 100.000000 80.000000
V 1152.000000 252.000000 100.000000 80.000000
V 1272.000000 252.000000 100.000000 80.000000
V 1392.000000 252.000000 100.000000 80.000000
V 1482.000000 252.000000 40.000000 40.000000
V 1572.000000 258.666667 100.000000 80.000000
V 1572.000000 158.666667 100.000000 80.000000
V 1692.000000 258.666667 100.000000 80.000000
V 912.000000 152.000000 100.000000 80.000000
E 0 1
E 1 4
E 10 1
E 12 2
E 2 14
E 12 3
E 3 16
E 3 25
E 4 5
E 4 6
E 5 7
E 6 12
E 7 8
E 8 10
E 10 9
E 12 11
E 11 13
E 14 15
E 16 17
E 17 18
E 18 19
E 19 20
E 20 21
E 21 22
E 21 23
E 22 24
G 1042142536.json 15 16
V 27.000000 234.000000 30.000000 30.000000
V 112.000000 234.000000 100.000000 80.000000
V 232.000000 234.000000 100.000000 80.000000
V 1026.000000 254.000000 28.000000 28.000000
V 317.000000 234.000000 30.000000 30.000000
V 372.000000 234.000000 40.000000 40.000000
V 582.000000 52.000000 100.000000 80.000000
V 462.000000 240.666667 100.000000 80.000000
V 832.000000 247.333333 40.000000 40.000000
V 942.000000 154.000000 100.000000 80.000000
V 942.000000 254.000000 100.000000 80.000000
V 1026.000000 103.000000 28.000000 28.000000
V 592.000000 240.666667 40.000000 40.000000
V 822.000000 103.000000 100.000000 80.000000
V 702.000000 247.333333 100.000000 80.000000
E 0 1
E 1 2
E 2 4
E 10 3
E 4 5
E 5 6
E 5 7
E 6 11
E 7 12
E 8 9
E 8 10
E 14 8
E 9 11
E 13 11
E 12 13
E 12 14
G 1044157575.json 20 23
V 27.000000 155.666667 30.000000 30.000000
V 112.000000 155.666667 100.000000 80.000000
V 226.000000 60.500000 88.000000 97.000000
V 232.000000 169.000000 100.000000 80.000000
V 356.000000 73.833333 88.000000 97.000000
V 362.000000 182.333333 100.000000 80.000000
V 482.000000 182.333333 100.000000 80.000000
V 602.000000 137.166667 88.000000 97.000000
V 732.000000 288.666667 100.000000 80.000000
V 482.000000 296.666667 100.000000 80.000000
V 846.000000 288.666667 88.000000 97.000000
V 941.937500 288.666667 63.875000 57.946000
V 602.000000 246.666667 100.000000 80.000000
V 232.000000 431.333333 100.000000 80.000000
V 362.000000 451.333333 100.000000 80.000000
V 482.000000 451.333333 100.000000 80.000000
V 602.000000 464.666667 100.000000 80.000000
V 696.000000 430.000000 28.000000 28.000000
V 696.000000 478.000000 28.000000 28.000000
V 599.000000 356.166667 88.000000 97.000000
E 0 1
E 1 2
E 1 3
E 3 4
E 3 5
E 5 6
E 6 7
E 6 8
E 7 8
E 8 9
E 8 10
E 19 8
E 9 12
E 9 19
U 10 11
E 12 13
E 13 14
E 13 19
E 14 15
E 15 16
E 15 19
E 16 17
E 16 18
G 1052297546.json 15 15
V 112.000000 52.000000 100.000000 80.000000
V 472.000000 52.000000 100.000000 80.000000
V 232.000000 52.000000 100.000000 80.000000
V 27.000000 52.000000 30.000000 30.000000
V 557.000000 52.000000 30.000000 30.000000
V 352.000000 52.000000 100.000000 80.000000
V 918.010518 47.000000 112.021037 65.500000
V 827.000000 47.000000 30.000000 30.000000
V 1009.021037 47.000000 30.000000 30.000000
V 1058.021037 42.000000 28.000000 28.000000
V 692.000000 52.000000 100.000000 80.000000
V 607.000000 52.000000 30.000000 30.000000
V 777.000000 52.000000 30.000000 30.000000
V 1059.021037 91.000000 30.000000 30.000000
V 1108.021037 91.000000 28.000000 28.000000
E 0 2
E 3 0
E 1 4
E 5 1
E 2 5
E 4 11
E 7 6
E 6 8
E 12 7
E 8 9
E 8 13
E 11 10
E 10 12
E 12 13
E 13 14
G 1055713863.json 15 15
V 27.000000 58.666667 30.000000 30.000000
V 112.000000 58.666667 100.000000 80.000000
V 232.000000 58.666667 100.000000 80.000000
V 352.000000 58.666667 100.000000 80.000000
V 522.000000 145.333333 100.000000 80.000000
V 612.000000 145.333333 40.000000 40.000000
V 702.000000 152.000000 100.000000 80.000000
V 437.000000 145.333333 30.000000 30.000000
V 786.000000 152.000000 28.000000 28.000000
V 437.000000 64.666667 30.000000 30.000000
V 112.000000 163.666667 100.000000 80.000000
V 232.000000 163.666667 100.000000 80.000000
V 436.000000 194.333333 28.000000 28.000000
V 352.000000 163.666667 100.000000 80.000000
V 702.000000 52.000000 100.000000 80.000000
E 0 1
E 1 2
E 2 3
E 3 7
E 3 9
E 14 3
E 4 5
E 7 4
E 5 6
E 5 14
E 6 8
E 13 7
E 10 11
E 11 13
E 13 12
G 1058400286.json 18 23
V 27.000000 163.666667 30.000000 30.000000
V 112.000000 163.666667 100.000000 80.000000
V 232.000000 150.333333 100.000000 80.000000
V 1364.000000 150.333333 100.000000 80.000000
V 1448.000000 150.333333 28.000000 28.000000
V 344.000000 137.000000 30.000000 30.000000
V 456.000000 82.500000 100.000000 80.000000
V 566.000000 95.833333 80.000000 39.000000
V 344.000000 82.500000 84.000000 39.000000
V 559.333333 36.333333 40.000000 40.000000
V 112.000000 52.000000 100.000000 80.000000
V 1244.000000 82.500000 100.000000 80.000000
V 1328.000000 69.166667 28.000000 28.000000
V 676.000000 82.500000 100.000000 80.000000
V 788.000000 58.833333 84.000000 54.000000
V 900.000000 82.500000 100.000000 80.000000
V 1020.000000 82.500000 100.000000 80.000000
V 1132.000000 66.333333 84.000000 39.000000
E 0 1
E 1 2
E 2 3
E 2 5
E 10 2
E 3 4
E 11 3
E 5 6
E 6 7
E 8 6
E 6 9
E 10 6
E 7 13
E 9 10
E 9 13
E 11 12
E 16 11
E 17 11
E 13 14
E 13 15
E 14 15
E 15 16
E 16 17
G 1060796505.json 35 42
V 502.000000 63.000000 100.000000 80.000000
V 642.000000 136.333333 100.000000 80.000000
V 882.000000 620.333333 100.000000 80.000000
V 1682.000000 620.333333 100.000000 80.000000
V 417.000000 63.000000 30.000000 30.000000
V 642.000000 236.333333 100.000000 80.000000
V 502.000000 163.000000 100.000000 80.000000
V 642.000000 336.333333 100.000000 80.000000
V 762.000000 336.333333 100.000000 80.000000
V 1002.000000 559.666667 100.000000 80.000000
V 1562.000000 559.666667 100.000000 80.000000
V 537.000000 249.666667 30.000000 30.000000
V 1646.000000 546.333333 28.000000 28.000000
V 1262.000000 303.333333 100.000000 80.000000
V 32.000000 547.666667 40.000000 40.000000
V 142.000000 559.666667 100.000000 80.000000
V 142.000000 459.666667 100.000000 80.000000
V 142.000000 359.666667 100.000000 80.000000
V 232.000000 459.666667 40.000000 40.000000
V 292.000000 459.666667 40.000000 40.000000
V 382.000000 163.000000 100.000000 80.000000
V 382.000000 466.333333 100.000000 80.000000
V 502.000000 479.666667 100.000000 80.000000
V 652.000000 479.666667 40.000000 40.000000
V 762.000000 436.333333 100.000000 80.000000
V 872.000000 479.666667 40.000000 40.000000
V 1012.000000 479.666667 40.000000 40.000000
V 1132.000000 386.333333 100.000000 80.000000
V 1132.000000 486.333333 100.000000 80.000000
V 1262.000000 486.333333 100.000000 80.000000
V 1352.000000 486.333333 40.000000 40.000000
V 1406.000000 419.000000 28.000000 28.000000
V 1527.000000 479.666667 30.000000 30.000000
V 1167.000000 311.333333 30.000000 30.000000
V 1442.000000 493.000000 100.000000 80.000000
E 0 1
E 4 0
E 0 5
E 6 1
E 2 3
E 2 9
E 10 3
E 11 5
E 5 13
E 6 7
E 20 6
E 7 8
E 21 7
E 9 10
E 9 27
E 10 12
E 34 10
E 13 14
E 27 13
E 33 13
E 14 15
E 14 16
E 14 17
E 15 18
E 16 18
E 17 18
E 18 19
E 19 20
E 19 21
E 21 22
E 22 23
E 23 24
E 23 25
E 24 25
E 25 26
E 26 27
E 26 28
E 28 29
E 29 30
E 30 31
E 30 34
E 34 32
G 1064982122.json 18 18
V 424.856697 59.070175 40.000000 40.000000
V 540.463590 59.070175 151.213786 79.192984
V 1557.759086 59.070175 151.213786 81.000000
V 2063.739909 72.570175 161.761423 81.000000
V 708.936380 59.070175 145.731795 78.385968
V 364.856697 127.807016 40.000000 40.000000
V 243.975985 127.807016 30.000000 30.000000
V 418.856697 134.473683 28.000000 28.000000
V 1033.081710 59.070175 131.095274 80.000000
V 364.856697 52.403508 30.000000 30.000000
V 77.547637 141.274852 131.095274 80.807016
V 128.095274 52.403508 30.000000 30.000000
V 243.975985 52.403508 161.761423 80.807016
V 1728.972872 59.070175 151.213786 80.000000
V 1893.719481 59.070175 138.279432 80.000000
V 1199.510059 59.070175 161.761423 78.385968
V 1381.271481 59.070175 161.761423 80.807016
V 874.668175 59.070175 145.731795 78.385968
E 0 1
E 5 0
E 9 0
E 1 4
E 2 13
E 16 2
E 3 10
E 14 3
E 4 17
E 6 5
E 5 7
E 10 6
E 8 15
E 17 8
E 12 9
E 11 12
E 13 14
E 15 16
G 1071361509.json 32 35
V 1352.000000 409.666667 100.000000 80.000000
V 1472.000000 409.666667 100.000000 80.000000
V 1642.000000 404.666667 100.000000 80.000000
V 1557.000000 404.666667 30.000000 30.000000
V 1726.000000 404.666667 28.000000 28.000000
V 402.000000 401.333333 100.000000 80.000000
V 532.000000 401.333333 40.000000 40.000000
V 642.000000 408.000000 100.000000 80.000000
V 726.000000 408.000000 28.000000 28.000000
V 992.000000 316.333333 100.000000 80.000000
V 1082.000000 316.333333 40.000000 40.000000
V 1172.000000 416.333333 100.000000 80.000000
V 642.000000 308.000000 100.000000 80.000000
V 1172.000000 216.333333 100.000000 80.000000
V 1172.000000 316.333333 100.000000 80.000000
V 1262.000000 409.666667 40.000000 40.000000
V 1256.000000 216.333333 28.000000 28.000000
V 317.000000 401.333333 30.000000 30.000000
V 907.000000 316.333333 30.000000 30.000000
V 112.000000 388.000000 100.000000 80.000000
V 27.000000 388.000000 30.000000 30.000000
V 642.000000 152.000000 100.000000 80.000000
V 522.000000 52.000000 100.000000 80.000000
V 232.000000 388.000000 100.000000 80.000000
V 317.000000 145.333333 30.000000 30.000000
V 412.000000 145.333333 40.000000 40.000000
V 522.000000 152.000000 100.000000 80.000000
V 786.000000 58.666667 28.000000 28.000000
V 732.000000 58.666667 40.000000 40.000000
V 822.000000 271.333333 100.000000 80.000000
V 732.000000 271.333333 30.000000 30.000000
V 906.000000 258.000000 28.000000 28.000000
E 0 1
E 15 0
E 1 3
E 3 2
E 2 4
E 21 3
E 5 6
E 17 5
E 6 7
E 6 12
E 7 8
E 9 10
E 18 9
E 10 11
E 10 13
E 10 14
E 11 15
E 12 18
E 12 30
E 13 16
E 14 15
E 23 17
E 29 18
E 20 19
E 19 23
E 26 21
E 21 28
E 25 22
E 22 28
E 23 24
E 24 25
E 25 26
E 28 27
E 30 29
E 29 31
G 1072036927.json 20 21
V 112.000000 157.473000 100.000000 80.000000
V 27.000000 157.473000 30.000000 30.000000
V 424.000000 123.473000 28.000000 28.000000
V 568.875000 134.139667 30.000000 30.000000
V 653.875000 134.139667 100.000000 80.000000
V 743.875000 134.139667 40.000000 40.000000
V 798.875000 179.139667 30.000000 30.000000
V 883.875000 284.139667 100.000000 80.000000
V 848.875000 109.139667 30.000000 30.000000
V 1087.875000 292.806333 28.000000 28.000000
V 232.000000 157.473000 100.000000 80.000000
V 354.000000 170.806333 40.000000 40.000000
V 441.937500 177.473000 40.000000 40.000000
V 513.875000 177.473000 40.000000 40.000000
V 797.875000 127.473000 28.000000 28.000000
V 968.875000 202.473000 30.000000 30.000000
V 883.875000 184.139667 100.000000 80.000000
V 346.000000 60.500000 88.000000 97.000000
V 1003.875000 127.473000 100.000000 80.000000
V 441.937500 60.500000 63.875000 57.946000
E 1 0
E 0 10
E 11 2
E 3 4
E 13 3
E 4 5
E 5 6
E 5 14
E 6 8
E 13 6
E 6 16
E 7 9
E 7 15
E 18 9
E 10 11
E 10 17
E 11 12
E 12 13
E 16 15
E 16 18
U 17 19
G 1073171981.json 39 46
V 1241.000000 199.333333 100.000000 80.000000
V 1371.000000 186.000000 40.000000 40.000000
V 1481.000000 179.333333 100.000000 80.000000
V 1588.666667 172.666667 40.000000 40.000000
V 1694.000000 172.666667 100.000000 80.000000
V 1592.500000 245.666667 63.000000 66.000000
V 772.000000 149.333333 100.000000 80.000000
V 892.000000 136.000000 100.000000 80.000000
V 993.500000 215.666667 63.000000 66.000000
V 1020.000000 122.666667 116.000000 80.000000
V 1135.250000 122.666667 40.000000 40.000000
V 352.000000 69.333333 100.000000 80.000000
V 442.000000 69.333333 40.000000 40.000000
V 532.000000 62.666667 100.000000 80.000000
V 532.000000 162.666667 100.000000 80.000000
V 652.000000 149.333333 100.000000 80.000000
V 250.500000 56.000000 63.000000 66.000000
V 633.500000 242.333333 63.000000 66.000000
V 27.000000 162.333333 30.000000 30.000000
V 112.000000 162.333333 100.000000 80.000000
V 232.000000 149.000000 100.000000 80.000000
V 213.500000 242.000000 63.000000 66.000000
V 616.000000 62.666667 28.000000 28.000000
V 1789.750000 172.666667 40.000000 40.000000
V 1897.000000 113.000000 100.000000 80.000000
V 1981.000000 113.000000 28.000000 28.000000
V 1795.500000 99.666667 63.000000 66.000000
V 1241.000000 299.333333 100.000000 80.000000
V 922.000000 306.000000 40.000000 40.000000
V 1022.666667 356.666667 100.000000 80.000000
V 1241.000000 386.333333 40.000000 40.000000
V 1361.000000 386.333333 100.000000 80.000000
V 1129.500000 343.333333 63.000000 66.000000
V 1241.000000 99.333333 100.000000 80.000000
V 1371.000000 99.333333 40.000000 40.000000
V 1481.000000 52.000000 100.000000 80.000000
V 1588.666667 58.666667 40.000000 40.000000
V 1694.000000 58.666667 100.000000 80.000000
V 1129.500000 49.666667 63.000000 66.000000
E 0 1
E 5 0
E 10 0
E 1 2
E 1 3
E 2 3
E 2 5
E 3 4
E 4 23
E 6 7
E 6 8
E 15 6
E 7 8
E 7 9
E 9 10
E 10 27
E 10 33
E 11 12
E 16 11
E 20 11
E 12 13
E 12 14
E 13 22
E 14 15
E 14 17
E 18 19
E 19 20
E 19 21
E 23 24
E 31 23
E 37 23
E 24 25
E 26 24
E 27 28
E 32 27
E 28 29
E 29 30
E 29 32
E 30 31
E 33 34
E 38 33
E 34 35
E 34 36
E 35 36
E 35 38
E 36 37
G 1073989552.json 17 17
V 27.000000 145.333333 30.000000 30.000000
V 112.000000 145.333333 100.000000 80.000000
V 232.000000 145.333333 100.000000 80.000000
V 322.000000 145.333333 40.000000 40.000000
V 412.000000 52.000000 100.000000 80.000000
V 496.000000 52.000000 28.000000 28.000000
V 412.000000 152.000000 100.000000 80.000000
V 502.000000 152.000000 40.000000 40.000000
V 592.000000 158.666667 100.000000 80.000000
V 592.000000 58.666667 100.000000 80.000000
V 682.000000 152.000000 40.000000 40.000000
V 772.000000 152.000000 100.000000 80.000000
V 862.000000 152.000000 40.000000 40.000000
V 952.000000 58.666667 100.000000 80.000000
V 952.000000 158.666667 100.000000 80.000000
V 1036.000000 158.666667 28.000000 28.000000
V 1036.000000 58.666667 28.000000 28.000000
E 0 1
E 1 2
E 2 3
E 3 4
E 3 6
E 4 5
E 6 7
E 7 8
E 7 9
E 8 10
E 9 10
E 10 11
E 11 12
E 12 13
E 12 14
E 13 16
E 14 15
G 1075086604.json 26 28
V 1627.000000 357.333333 100.000000 80.000000
V 1711.000000 357.333333 28.000000 28.000000
V 1200.000000 364.000000 100.000000 80.000000
V 1323.500000 364.000000 107.000000 76.000000
V 27.000000 320.333333 30.000000 30.000000
V 235.000000 320.333333 100.000000 80.000000
V 542.500000 380.666667 171.000000 48.000000
V 770.000000 370.666667 100.000000 80.000000
V 890.000000 357.333333 100.000000 80.000000
V 1507.000000 357.333333 100.000000 80.000000
V 385.750000 320.333333 40.000000 40.000000
V 543.000000 312.166667 174.000000 49.000000
V 542.833333 211.000000 173.000000 46.000000
V 680.000000 370.666667 40.000000 40.000000
V 113.500000 320.333333 103.000000 83.000000
V 368.500000 261.833333 115.000000 37.000000
V 1070.000000 284.000000 100.000000 80.000000
V 787.500000 266.166667 65.000000 89.000000
V 980.000000 357.333333 40.000000 40.000000
V 1417.000000 357.333333 40.000000 40.000000
V 1200.000000 264.000000 100.000000 80.000000
V 1323.500000 264.000000 100.000000 80.000000
V 369.500000 203.333333 113.000000 40.000000
V 1078.000000 175.500000 84.000000 97.000000
V 1084.500000 59.500000 71.000000 95.000000
V 365.500000 388.666667 121.000000 41.000000
E 0 1
E 9 0
E 2 3
E 18 2
E 3 19
E 4 14
E 5 10
E 14 5
E 10 6
E 6 13
U 25 6
E 7 8
E 13 7
E 17 8
E 8 18
E 19 9
E 10 11
E 10 12
E 11 13
U 15 11
E 12 13
U 22 12
E 18 16
E 16 20
E 21 19
E 20 21
E 23 20
E 24 20
G 1075479164.json 30 34
V 27.000000 65.333333 30.000000 30.000000
V 112.000000 65.333333 100.000000 80.000000
V 232.000000 65.333333 100.000000 80.000000
V 352.000000 65.333333 100.000000 80.000000
V 562.000000 65.333333 40.000000 40.000000
V 652.000000 262.000000 100.000000 80.000000
V 652.000000 58.666667 100.000000 80.000000
V 772.000000 262.000000 100.000000 80.000000
V 962.000000 452.000000 100.000000 80.000000
V 962.000000 352.000000 100.000000 80.000000
V 962.000000 252.000000 100.000000 80.000000
V 772.000000 58.666667 100.000000 80.000000
V 962.000000 152.000000 100.000000 80.000000
V 962.000000 52.000000 100.000000 80.000000
V 862.000000 262.000000 40.000000 40.000000
V 862.000000 58.666667 40.000000 40.000000
V 472.000000 65.333333 100.000000 80.000000
V 1052.000000 352.000000 40.000000 40.000000
V 1142.000000 352.000000 100.000000 80.000000
V 1232.000000 352.000000 40.000000 40.000000
V 1322.000000 445.333333 100.000000 80.000000
V 1412.000000 352.000000 40.000000 40.000000
V 1712.000000 352.000000 40.000000 40.000000
V 1502.000000 352.000000 100.000000 80.000000
V 1802.000000 445.333333 100.000000 80.000000
V 1802.000000 345.333333 100.000000 80.000000
V 1886.000000 350.000000 28.000000 28.000000
V 1046.000000 56.666667 28.000000 28.000000
V 1322.000000 345.333333 100.000000 80.000000
V 1622.000000 352.000000 100.000000 80.000000
E 0 1
E 1 2
E 2 3
E 3 16
E 4 5
E 4 6
E 16 4
E 5 7
E 6 11
E 7 14
E 14 8
E 8 17
E 14 9
E 9 17
E 14 10
E 10 17
E 11 15
E 15 12
E 12 27
E 15 13
E 13 27
E 17 18
E 18 19
E 19 20
E 19 28
E 20 21
E 21 23
E 28 21
E 22 24
E 22 25
E 29 22
E 23 29
E 24 26
E 25 26
G 1080396160.json 34 42
V 772.000000 137.000000 100.000000 80.000000
V 1062.000000 188.000000 100.000000 80.000000
V 1182.000000 188.000000 100.000000 80.000000
V 1277.000000 137.000000 30.000000 30.000000
V 1470.333333 196.333333 30.000000 30.000000
V 32.000000 80.333333 40.000000 40.000000
V 312.000000 208.000000 100.000000 80.000000
V 132.000000 70.333333 100.000000 80.000000
V 312.000000 108.000000 100.000000 80.000000
V 222.000000 114.666667 40.000000 40.000000
V 402.000000 261.000000 40.000000 40.000000
V 687.000000 242.000000 30.000000 30.000000
V 396.000000 108.000000 28.000000 28.000000
V 227.000000 234.000000 30.000000 30.000000
V 952.000000 194.666667 40.000000 40.000000
V 1567.000000 191.333333 30.000000 30.000000
V 1652.000000 191.333333 100.000000 80.000000
V 1736.000000 191.333333 28.000000 28.000000
V 942.000000 67.000000 100.000000 80.000000
V 1072.000000 67.000000 40.000000 40.000000
V 1362.000000 65.333333 100.000000 80.000000
V 402.000000 194.666667 30.000000 30.000000
V 687.000000 62.000000 30.000000 30.000000
V 857.000000 67.000000 30.000000 30.000000
V 1277.000000 65.333333 30.000000 30.000000
V 582.000000 194.666667 40.000000 40.000000
V 637.000000 237.000000 28.000000 28.000000
V 637.000000 188.000000 30.000000 30.000000
V 1182.000000 60.333333 30.000000 30.000000
V 772.000000 62.000000 30.000000 30.000000
V 1182.000000 110.333333 30.000000 30.000000
V 492.000000 194.666667 100.000000 80.000000
V 1482.000000 52.000000 100.000000 80.000000
V 1566.000000 38.666667 28.000000 28.000000
E 3 0
E 0 14
E 0 23
E 1 2
E 14 1
E 2 4
E 2 24
E 14 3
E 30 3
E 4 15
E 20 4
E 5 6
E 5 7
E 10 5
E 9 6
E 6 10
E 13 6
E 6 21
E 7 9
E 7 22
E 9 8
E 8 12
E 10 11
E 26 11
E 15 16
E 32 15
E 16 17
E 18 19
E 23 18
E 19 28
E 19 30
E 24 20
E 20 32
E 21 31
E 27 22
E 22 29
E 29 23
E 28 24
E 25 26
E 25 27
E 31 25
E 32 33
G 108550595.json 16 17
V 122.000000 241.666667 100.000000 80.000000
V 258.500000 241.666667 40.000000 40.000000
V 406.000000 228.333333 100.000000 80.000000
V 258.500000 161.666667 133.000000 80.000000
V 518.000000 228.333333 40.000000 40.000000
V 624.500000 119.000000 133.000000 96.000000
V 624.500000 235.000000 100.000000 80.000000
V 761.000000 235.000000 40.000000 40.000000
V 916.500000 235.000000 133.000000 96.000000
V 32.000000 235.000000 40.000000 40.000000
V 411.500000 60.000000 133.000000 96.000000
V 122.000000 60.000000 30.000000 30.000000
V 761.000000 60.000000 100.000000 80.000000
V 518.000000 60.000000 30.000000 30.000000
V 916.500000 119.000000 171.000000 96.000000
V 1036.000000 119.000000 28.000000 28.000000
E 0 1
E 9 0
E 1 2
E 3 2
E 2 4
E 4 5
E 4 6
E 5 14
E 6 7
E 7 8
E 8 15
E 9 11
E 11 10
E 10 13
E 13 12
E 12 15
E 14 15
G 1088129127.json 18 19
V 27.000000 75.333333 30.000000 30.000000
V 104.000000 75.333333 84.000000 40.000000
V 327.000000 82.000000 84.000000 40.000000
V 439.500000 88.666667 97.000000 40.000000
V 215.500000 27.000000 99.000000 30.000000
V 439.000000 33.666667 100.000000 30.000000
V 215.500000 82.000000 84.000000 40.000000
V 573.250000 95.333333 40.000000 40.000000
V 670.000000 95.333333 84.000000 40.000000
V 670.000000 35.333333 84.000000 40.000000
V 776.750000 145.333333 40.000000 40.000000
V 909.500000 145.333333 97.000000 40.000000
V 992.000000 103.000000 28.000000 28.000000
V 558.500000 40.333333 99.000000 30.000000
V 791.500000 88.666667 99.000000 30.000000
V 791.500000 28.666667 99.000000 30.000000
V 670.000000 155.333333 84.000000 40.000000
V 1027.500000 152.000000 99.000000 30.000000
E 0 1
U 1 4
E 1 6
E 2 3
U 2 5
E 6 2
E 3 7
U 3 13
E 7 8
E 7 9
E 7 16
E 8 10
U 8 14
E 9 10
U 9 15
E 10 11
E 16 10
E 11 12
U 11 17
G 1095047519.json 35 41
V 147.000000 213.989180 30.000000 30.000000
V 432.000000 248.989180 100.000000 80.000000
V 682.000000 248.989180 40.000000 40.000000
V 787.000000 121.989181 90.000000 117.978361
V 795.333333 255.655847 40.000000 40.000000
V 872.000000 160.322514 40.000000 40.000000
V 872.000000 262.322514 40.000000 40.000000
V 926.000000 214.989180 28.000000 28.000000
V 926.000000 166.989180 28.000000 28.000000
V 1137.000000 141.989180 90.000000 60.000000
V 932.000000 268.989180 40.000000 40.000000
V 986.000000 275.655847 28.000000 28.000000
V 1226.000000 135.989180 28.000000 28.000000
V 247.000000 213.989180 40.000000 40.000000
V 337.000000 268.989180 30.000000 30.000000
V 337.000000 152.322514 30.000000 30.000000
V 337.000000 218.989180 30.000000 30.000000
V 552.000000 248.989180 100.000000 80.000000
V 1022.000000 141.989180 100.000000 80.000000
V 27.000000 335.655847 30.000000 30.000000
V 232.000000 335.655847 100.000000 80.000000
V 1276.000000 343.989180 28.000000 28.000000
V 552.000000 348.989180 100.000000 80.000000
V 1227.000000 343.989180 30.000000 30.000000
V 112.000000 335.655847 100.000000 80.000000
V 147.000000 133.989180 30.000000 30.000000
V 232.000000 133.989180 100.000000 80.000000
V 1276.000000 57.000000 28.000000 28.000000
V 432.000000 52.000000 100.000000 80.000000
V 1227.000000 57.000000 30.000000 30.000000
V 147.000000 435.655847 30.000000 30.000000
V 232.000000 435.655847 100.000000 80.000000
V 1276.000000 443.989180 28.000000 28.000000
V 672.000000 448.989180 100.000000 80.000000
V 1227.000000 443.989180 30.000000 30.000000
E 0 13
E 14 1
E 15 1
E 16 1
E 1 17
E 2 3
E 2 4
E 17 2
E 3 18
E 4 5
E 4 6
E 5 8
E 5 18
E 6 7
E 6 10
E 9 12
E 18 9
E 9 23
E 9 29
E 9 34
E 10 11
E 10 18
E 13 14
E 13 15
E 13 16
E 31 14
E 26 15
E 20 16
E 19 24
E 20 22
E 24 20
E 23 21
E 22 23
E 25 26
E 26 28
E 29 27
E 28 29
E 30 31
E 31 33
E 34 32
E 33 34
G 1109324015.json 19 18
V 472.000000 65.333333 100.000000 80.000000
V 952.000000 92.000000 100.000000 80.000000
V 1432.000000 119.666667 100.000000 80.000000
V 232.000000 52.000000 100.000000 80.000000
V 712.000000 78.666667 100.000000 80.000000
V 1192.000000 105.333333 100.000000 80.000000
V 27.000000 113.666667 30.000000 30.000000
V 232.000000 127.000000 30.000000 30.000000
V 472.000000 140.333333 30.000000 30.000000
V 712.000000 153.666667 30.000000 30.000000
V 952.000000 167.000000 30.000000 30.000000
V 1192.000000 180.333333 30.000000 30.000000
V 112.000000 113.666667 100.000000 80.000000
V 352.000000 127.000000 100.000000 80.000000
V 592.000000 140.333333 100.000000 80.000000
V 832.000000 153.666667 100.000000 80.000000
V 1072.000000 167.000000 100.000000 80.000000
V 1312.000000 180.333333 100.000000 80.000000
V 1396.000000 193.666667 28.000000 28.000000
E 13 0
E 15 1
E 17 2
E 12 3
E 14 4
E 16 5
E 6 12
E 12 7
E 7 13
E 13 8
E 8 14
E 14 9
E 9 15
E 15 10
E 10 16
E 16 11
E 11 17
E 17 18
G 1117655232.json 19 26
V 341.000000 215.985475 30.000000 30.000000
V 426.000000 215.985475 100.000000 80.000000
V 1056.000000 417.264808 100.000000 80.000000
V 631.000000 400.598141 30.000000 30.000000
V 916.000000 278.291808 100.000000 80.000000
V 786.000000 291.625141 100.000000 80.000000
V 651.000000 291.625141 40.000000 40.000000
V 59.000000 370.598141 94.000000 55.318808
V 556.000000 393.931475 40.000000 40.000000
V 176.000000 370.598141 100.000000 80.000000
V 426.000000 393.931475 100.000000 80.000000
V 306.000000 357.264808 100.000000 80.000000
V 666.000000 124.985475 100.000000 80.000000
V 546.000000 138.318808 100.000000 80.000000
V 549.000000 50.659404 94.000000 55.318808
V 546.000000 291.625141 100.000000 80.000000
V 444.062500 304.958475 63.875000 57.946000
V 916.000000 178.291808 100.000000 80.000000
V 804.062500 164.958475 63.875000 57.946000
E 0 1
E 1 4
E 1 6
E 1 13
E 1 15
E 4 2
E 5 2
E 7 2
E 2 9
E 12 2
E 8 3
E 5 4
E 6 5
E 5 17
E 8 6
E 15 6
E 7 9
E 7 11
E 10 8
E 9 10
E 9 11
E 11 10
E 13 12
E 14 12
U 16 15
U 18 17
G 113842206.json 34 39
V 27.000000 138.666667 30.000000 30.000000
V 112.000000 138.666667 100.000000 80.000000
V 197.000000 138.666667 30.000000 30.000000
V 2562.000000 122.000000 100.000000 80.000000
V 247.000000 138.666667 30.000000 30.000000
V 332.000000 138.666667 100.000000 80.000000
V 422.000000 138.666667 40.000000 40.000000
V 512.000000 138.666667 100.000000 80.000000
V 602.000000 238.666667 40.000000 40.000000
V 822.000000 132.000000 100.000000 80.000000
V 602.000000 138.666667 40.000000 40.000000
V 687.000000 132.000000 40.000000 40.000000
V 512.000000 238.666667 100.000000 80.000000
V 702.000000 232.000000 100.000000 80.000000
V 942.000000 132.000000 100.000000 80.000000
V 1062.000000 132.000000 100.000000 80.000000
V 1182.000000 132.000000 100.000000 80.000000
V 1422.000000 132.000000 100.000000 80.000000
V 1302.000000 132.000000 100.000000 80.000000
V 1512.000000 132.000000 40.000000 40.000000
V 1602.000000 132.000000 100.000000 80.000000
V 1902.000000 225.333333 100.000000 80.000000
V 1732.000000 132.000000 40.000000 40.000000
V 1902.000000 125.333333 100.000000 80.000000
V 1812.000000 225.333333 40.000000 40.000000
V 2002.000000 215.333333 40.000000 40.000000
V 2057.000000 215.333333 30.000000 30.000000
V 2142.000000 215.333333 100.000000 80.000000
V 2232.000000 215.333333 40.000000 40.000000
V 2322.000000 222.000000 100.000000 80.000000
V 2322.000000 122.000000 100.000000 80.000000
V 2442.000000 122.000000 100.000000 80.000000
V 2682.000000 122.000000 100.000000 80.000000
V 1722.000000 52.000000 100.000000 80.000000
E 0 1
E 1 2
E 2 4
E 31 3
E 3 32
E 4 5
E 5 6
E 6 7
E 6 11
E 6 12
E 7 10
E 8 11
E 12 8
E 8 13
E 11 9
E 9 14
E 10 11
E 10 13
E 14 15
E 15 16
E 16 18
E 18 17
E 17 19
E 19 20
E 19 24
E 19 33
E 20 22
E 24 21
E 21 25
E 22 23
E 22 24
E 23 25
E 25 26
E 33 25
E 26 27
E 27 28
E 28 29
E 28 30
E 30 31
G 1142167261.json 19 24
V 27.000000 485.000000 30.000000 30.000000
V 82.000000 485.000000 40.000000 40.000000
V 202.000000 52.000000 100.000000 80.000000
V 335.500000 103.000000 100.000000 80.000000
V 335.500000 203.000000 127.000000 80.000000
V 335.500000 405.000000 100.000000 80.000000
V 482.500000 505.000000 127.000000 80.000000
V 335.500000 303.000000 100.000000 80.000000
V 850.000000 196.333333 28.000000 28.000000
V 758.500000 354.000000 115.000000 80.000000
V 212.000000 196.333333 40.000000 40.000000
V 611.000000 196.333333 40.000000 40.000000
V 212.000000 498.333333 40.000000 40.000000
V 611.000000 498.333333 40.000000 40.000000
V 623.500000 354.000000 115.000000 80.000000
V 758.500000 52.000000 115.000000 80.000000
V 482.500000 405.000000 115.000000 80.000000
V 482.500000 103.000000 115.000000 80.000000
V 482.500000 303.000000 115.000000 80.000000
E 0 1
E 1 2
E 1 7
E 1 10
E 1 12
E 1 14
E 2 15
E 10 3
E 3 17
E 10 4
E 4 11
E 12 5
E 5 16
E 12 6
E 6 13
E 7 18
E 9 8
E 11 8
E 15 8
E 13 9
E 14 9
E 18 9
E 17 11
E 16 13
G 1151266807.json 16 20
V 85.000000 169.000000 30.000000 30.000000
V 170.000000 155.666667 100.000000 80.000000
V 56.000000 85.500000 88.000000 97.000000
V 400.000000 60.500000 88.000000 97.000000
V 284.000000 370.833333 88.000000 97.000000
V 292.000000 155.666667 40.000000 40.000000
V 398.000000 357.500000 100.000000 80.000000
V 408.000000 149.000000 40.000000 40.000000
V 538.000000 229.000000 100.000000 80.000000
V 538.000000 129.000000 100.000000 80.000000
V 644.000000 149.000000 40.000000 40.000000
V 736.000000 350.833333 40.000000 40.000000
V 790.000000 350.833333 28.000000 28.000000
V 652.000000 242.333333 88.000000 97.000000
V 404.000000 249.000000 88.000000 97.000000
V 652.000000 60.500000 88.000000 97.000000
E 0 1
E 2 1
E 1 3
E 1 4
E 1 5
E 3 8
E 3 9
E 4 6
E 5 6
E 5 7
E 6 11
E 7 8
E 7 9
E 8 10
E 8 13
E 14 8
E 9 10
E 9 15
E 10 11
E 11 12
G 1166520634.json 25 28
V 73.712800 68.666667 123.425599 80.000000
V 175.425599 68.666667 40.000000 40.000000
V 275.425599 262.000000 100.000000 80.000000
V 395.425599 52.000000 100.000000 80.000000
V 395.425599 152.000000 100.000000 80.000000
V 275.425599 562.000000 100.000000 80.000000
V 285.425599 58.666667 40.000000 40.000000
V 537.138398 452.000000 100.000000 80.000000
V 537.138398 352.000000 100.000000 80.000000
V 537.138398 52.000000 123.425599 80.000000
V 537.138398 152.000000 123.425599 80.000000
V 537.138398 752.000000 100.000000 80.000000
V 410.425599 262.000000 40.000000 40.000000
V 410.425599 562.000000 40.000000 40.000000
V 537.138398 652.000000 100.000000 80.000000
V 537.138398 252.000000 100.000000 80.000000
V 537.138398 552.000000 100.000000 80.000000
V 668.851198 352.000000 100.000000 80.000000
V 668.851198 52.000000 100.000000 80.000000
V 668.851198 152.000000 100.000000 80.000000
V 668.851198 652.000000 100.000000 80.000000
V 788.851198 352.000000 100.000000 80.000000
V 788.851198 52.000000 100.000000 80.000000
V 788.851198 152.000000 100.000000 80.000000
V 788.851198 652.000000 100.000000 80.000000
E 0 1
E 1 2
E 1 5
E 1 6
E 2 12
E 6 3
E 3 9
E 6 4
E 4 10
E 5 13
E 12 7
E 7 17
E 12 8
E 8 17
E 9 18
E 10 19
E 13 11
E 11 20
E 12 15
E 13 14
E 13 16
E 14 20
E 15 17
E 16 20
E 17 21
E 18 22
E 19 23
E 20 24
G 1167521718.json 32 35
V 422.000000 267.333333 100.000000 80.000000
V 542.000000 280.666667 30.000000 30.000000
V 662.000000 280.666667 100.000000 80.000000
V 542.000000 220.666667 100.000000 50.000000
V 27.000000 270.666667 30.000000 30.000000
V 112.000000 270.666667 100.000000 80.000000
V 202.000000 270.666667 40.000000 40.000000
V 302.000000 111.992366 100.000000 117.348602
V 302.000000 230.666667 100.000000 80.000000
V 1382.000000 287.333333 100.000000 80.000000
V 1554.553496 300.666667 205.106993 35.219329
V 1262.000000 287.333333 30.000000 30.000000
V 1525.368998 96.500000 30.000000 30.000000
V 1727.106993 96.500000 100.000000 80.000000
V 1022.000000 174.000000 100.000000 80.000000
V 1106.000000 174.000000 28.000000 28.000000
V 1915.891593 89.833333 117.569200 99.033300
V 1817.106993 89.833333 40.000000 40.000000
V 2053.460793 89.833333 117.569200 99.033300
V 2182.245393 89.833333 100.000000 80.000000
V 2272.245393 89.833333 40.000000 40.000000
V 2362.245393 89.833333 100.000000 80.000000
V 2446.245393 89.833333 28.000000 28.000000
V 932.000000 267.333333 40.000000 40.000000
V 1022.000000 274.000000 100.000000 80.000000
V 1142.000000 274.000000 100.000000 80.000000
V 842.000000 267.333333 100.000000 80.000000
V 1262.000000 104.833333 100.000000 80.000000
V 1148.000000 91.500000 88.000000 97.000000
V 752.000000 280.666667 30.000000 30.000000
V 1382.000000 91.500000 100.000000 80.000000
V 752.000000 32.000000 40.000000 40.000000
E 0 1
U 0 3
E 6 0
E 8 0
E 1 2
E 2 29
E 4 5
E 5 6
U 6 7
E 6 8
U 9 10
E 11 9
E 9 12
E 25 11
E 12 13
E 30 12
E 13 17
E 14 15
E 23 14
E 17 16
E 16 18
E 31 17
E 18 19
E 19 20
E 20 21
E 21 22
E 23 24
E 26 23
E 24 25
E 25 27
E 29 26
E 31 26
E 28 27
E 27 30
E 30 31
G 1168017893.json 28 35
V 552.000000 63.000000 100.000000 80.000000
V 672.000000 423.333333 100.000000 80.000000
V 672.000000 149.666667 100.000000 80.000000
V 32.000000 394.333333 40.000000 40.000000
V 552.000000 263.000000 100.000000 80.000000
V 802.000000 423.333333 40.000000 40.000000
V 912.000000 430.000000 100.000000 80.000000
V 876.000000 353.666667 28.000000 28.000000
V 442.000000 423.333333 30.000000 30.000000
V 352.000000 449.333333 30.000000 30.000000
V 552.000000 375.000000 30.000000 30.000000
V 447.000000 63.000000 30.000000 30.000000
V 792.000000 136.333333 100.000000 80.000000
V 352.000000 256.333333 100.000000 80.000000
V 142.000000 236.333333 100.000000 80.000000
V 552.000000 163.000000 100.000000 80.000000
V 232.000000 236.333333 40.000000 40.000000
V 442.000000 256.333333 40.000000 40.000000
V 672.000000 263.000000 100.000000 80.000000
V 792.000000 263.000000 100.000000 80.000000
V 922.000000 263.000000 40.000000 40.000000
V 1032.000000 256.333333 100.000000 80.000000
V 1032.000000 416.666667 100.000000 80.000000
V 1152.000000 403.333333 100.000000 80.000000
V 232.000000 437.333333 40.000000 40.000000
V 352.000000 368.333333 100.000000 80.000000
V 442.000000 368.333333 40.000000 40.000000
V 1116.000000 256.333333 28.000000 28.000000
E 0 2
E 11 0
E 1 5
E 8 1
E 9 1
E 10 1
E 2 12
E 15 2
E 12 3
E 3 13
E 3 14
E 3 15
E 17 4
E 4 18
E 5 6
E 5 7
E 6 22
E 26 7
E 24 8
E 24 9
E 26 10
E 16 13
E 13 17
E 14 16
E 16 15
E 17 15
E 18 19
E 19 20
E 20 21
E 20 22
E 21 27
E 22 23
E 23 24
E 24 25
E 25 26
G 1180803515.json 30 37
V 27.000000 57.666667 30.000000 30.000000
V 77.000000 57.666667 30.000000 30.000000
V 152.000000 522.000000 40.000000 40.000000
V 505.500000 628.666667 100.000000 60.000000
V 245.333333 515.333333 40.000000 40.000000
V 358.500000 588.666667 80.000000 60.000000
V 358.500000 508.666667 80.000000 60.000000
V 152.000000 372.000000 40.000000 40.000000
V 152.000000 215.333333 40.000000 40.000000
V 237.000000 445.333333 90.000000 60.000000
V 237.000000 365.333333 90.000000 60.000000
V 505.500000 322.000000 100.000000 80.000000
V 245.333333 208.666667 40.000000 40.000000
V 358.500000 282.000000 100.000000 60.000000
V 358.500000 202.000000 100.000000 60.000000
V 152.000000 48.666667 40.000000 40.000000
V 505.500000 118.666667 141.000000 60.000000
V 245.333333 48.666667 40.000000 40.000000
V 358.500000 122.000000 113.000000 60.000000
V 358.500000 42.000000 100.000000 60.000000
V 488.666667 515.333333 40.000000 40.000000
V 616.000000 522.000000 40.000000 40.000000
V 346.333333 372.000000 40.000000 40.000000
V 488.666667 208.666667 40.000000 40.000000
V 616.000000 215.333333 40.000000 40.000000
V 488.666667 48.666667 40.000000 40.000000
V 616.000000 55.333333 40.000000 40.000000
V 706.000000 372.000000 100.000000 80.000000
V 832.500000 372.000000 113.000000 60.000000
V 923.000000 372.000000 28.000000 28.000000
E 0 1
E 1 2
E 1 7
E 1 8
E 1 15
E 2 3
E 2 4
E 3 21
E 4 5
E 4 6
E 5 20
E 6 20
E 7 9
E 7 10
E 8 11
E 8 12
E 9 22
E 10 22
E 11 24
E 12 13
E 12 14
E 13 23
E 14 23
E 15 17
E 16 26
E 17 18
E 17 19
E 18 25
E 19 25
E 20 21
E 21 27
E 22 27
E 23 24
E 24 27
E 25 26
E 27 28
E 28 29
G 1194674976.json 19 23
V 27.000000 113.666667 30.000000 30.000000
V 592.000000 113.666667 100.000000 80.000000
V 1192.000000 113.666667 100.000000 80.000000
V 1312.000000 113.666667 100.000000 80.000000
V 1792.000000 113.666667 100.000000 80.000000
V 1876.000000 113.666667 28.000000 28.000000
V 112.000000 113.666667 100.000000 80.000000
V 712.000000 113.666667 100.000000 80.000000
V 147.000000 38.666667 30.000000 30.000000
V 232.000000 52.000000 100.000000 80.000000
V 352.000000 52.000000 100.000000 80.000000
V 472.000000 52.000000 100.000000 80.000000
V 832.000000 52.000000 100.000000 80.000000
V 952.000000 52.000000 100.000000 80.000000
V 1072.000000 52.000000 100.000000 80.000000
V 1432.000000 52.000000 100.000000 80.000000
V 1552.000000 52.000000 100.000000 80.000000
V 1672.000000 52.000000 100.000000 80.000000
V 1756.000000 38.666667 28.000000 28.000000
E 0 6
E 6 1
E 1 7
E 11 1
E 2 3
E 7 2
E 14 2
E 3 4
E 3 15
E 4 5
E 17 4
E 6 9
E 7 12
E 8 9
E 9 10
E 10 11
E 11 12
E 12 13
E 13 14
E 14 15
E 15 16
E 16 17
E 17 18
G 1203916741.json 27 33
V 147.000000 52.000000 30.000000 30.000000
V 238.000000 65.333333 112.000000 80.000000
V 334.000000 65.333333 40.000000 40.000000
V 484.000000 352.000000 100.000000 80.000000
V 484.000000 52.000000 100.000000 80.000000
V 484.000000 152.000000 100.000000 80.000000
V 484.000000 252.000000 100.000000 80.000000
V 1094.000000 45.333333 40.000000 40.000000
V 1188.000000 45.333333 28.000000 28.000000
V 394.000000 58.666667 40.000000 40.000000
V 964.000000 252.000000 100.000000 80.000000
V 964.000000 52.000000 100.000000 80.000000
V 574.000000 152.000000 30.000000 30.000000
V 574.000000 52.000000 30.000000 30.000000
V 394.000000 258.666667 40.000000 40.000000
V 574.000000 258.666667 40.000000 40.000000
V 724.000000 58.666667 100.000000 80.000000
V 634.000000 58.666667 40.000000 40.000000
V 814.000000 58.666667 40.000000 40.000000
V 874.000000 252.000000 40.000000 40.000000
V 27.000000 388.666667 30.000000 30.000000
V 112.000000 388.666667 100.000000 80.000000
V 974.000000 402.000000 40.000000 40.000000
V 1104.000000 278.666667 100.000000 80.000000
V 1194.000000 132.000000 40.000000 40.000000
V 1248.000000 132.000000 28.000000 28.000000
V 1104.000000 125.333333 100.000000 80.000000
E 0 1
E 1 2
E 21 1
E 2 9
E 2 14
E 14 3
E 3 15
E 9 4
E 4 13
E 9 5
E 5 12
E 14 6
E 6 15
E 7 8
E 10 7
E 11 7
E 19 10
E 10 23
E 18 11
E 11 26
E 12 17
E 13 17
E 15 19
E 17 16
E 16 18
E 18 19
E 20 21
E 21 22
E 22 23
E 22 26
E 23 24
E 24 25
E 26 24
G 1214542569.json 15 18
V 27.000000 143.982000 30.000000 30.000000
V 211.000000 95.648667 178.000000 40.000000
V 211.000000 150.648667 30.000000 30.000000
V 82.000000 143.982000 40.000000 40.000000
V 234.000000 35.648667 132.000000 40.000000
V 1271.875000 98.982000 28.000000 28.000000
V 526.875000 51.973000 246.000000 60.000000
V 335.000000 150.648667 30.000000 30.000000
V 351.937500 51.973000 63.875000 57.946000
V 689.875000 98.982000 40.000000 40.000000
V 749.875000 98.982000 40.000000 40.000000
V 1019.875000 98.982000 40.000000 40.000000
V 884.875000 105.648667 190.000000 60.000000
V 1148.875000 98.982000 178.000000 66.000000
V 884.875000 35.648667 178.000000 40.000000
E 0 3
E 3 1
E 1 6
E 1 8
E 9 1
E 3 2
E 2 7
E 4 6
E 4 8
E 13 5
E 8 6
E 6 9
E 9 10
E 10 12
E 10 14
E 12 11
E 11 13
E 14 11
G 1219351397.json 18 17
V 62.000000 102.666667 100.000000 80.000000
V 202.000000 878.666667 100.000000 80.000000
V 202.000000 572.000000 100.000000 80.000000
V 202.000000 672.000000 100.000000 80.000000
V 202.000000 78.666667 100.000000 80.000000
V 352.000000 752.000000 100.000000 80.000000
V 352.000000 652.000000 100.000000 80.000000
V 352.000000 552.000000 100.000000 80.000000
V 352.000000 352.000000 100.000000 80.000000
V 352.000000 152.000000 100.000000 80.000000
V 352.000000 52.000000 100.000000 80.000000
V 352.000000 1152.000000 100.000000 80.000000
V 352.000000 1252.000000 100.000000 80.000000
V 352.000000 852.000000 100.000000 80.000000
V 352.000000 952.000000 100.000000 80.000000
V 352.000000 1052.000000 100.000000 80.000000
V 352.000000 452.000000 100.000000 80.000000
V 352.000000 252.000000 100.000000 80.000000
E 0 1
E 0 2
E 0 3
E 0 4
E 1 11
E 1 12
E 1 13
E 1 14
E 1 15
E 2 5
E 2 6
E 2 7
E 4 8
E 4 9
E 4 10
E 4 16
E 4 17
G 1233139390.json 34 36
V 220.000000 455.166667 100.000000 80.000000
V 27.000000 448.500000 30.000000 30.000000
V 114.000000 448.500000 40.000000 40.000000
V 220.000000 139.833333 100.000000 80.000000
V 760.000000 297.500000 100.000000 80.000000
V 670.000000 290.833333 40.000000 40.000000
V 760.000000 197.500000 100.000000 80.000000
V 106.000000 126.500000 88.000000 97.000000
V 460.000000 139.833333 100.000000 80.000000
V 866.000000 290.833333 40.000000 40.000000
V 1840.000000 459.000000 28.000000 28.000000
V 1192.000000 277.500000 28.000000 28.000000
V 664.000000 190.833333 28.000000 28.000000
V 580.000000 290.833333 100.000000 80.000000
V 470.000000 284.166667 40.000000 40.000000
V 340.000000 455.166667 100.000000 80.000000
V 1108.000000 452.333333 88.000000 97.000000
V 1108.000000 277.500000 100.000000 80.000000
V 580.000000 190.833333 100.000000 80.000000
V 988.000000 290.833333 100.000000 80.000000
V 1756.000000 459.000000 100.000000 80.000000
V 1222.000000 360.000000 88.000000 97.000000
V 1228.000000 468.500000 100.000000 80.000000
V 1408.000000 461.833333 100.000000 80.000000
V 1642.000000 459.000000 88.000000 97.000000
V 1318.000000 461.833333 40.000000 40.000000
V 874.000000 60.500000 88.000000 97.000000
V 988.000000 60.500000 30.000000 30.000000
V 1108.000000 60.500000 100.000000 80.000000
V 1228.000000 155.666667 100.000000 80.000000
V 1528.000000 376.500000 100.000000 80.000000
V 1612.000000 376.500000 28.000000 28.000000
V 1642.000000 294.000000 88.000000 97.000000
V 1114.000000 169.000000 88.000000 97.000000
E 2 0
E 0 15
E 1 2
E 2 3
E 7 3
E 3 8
E 5 4
E 4 9
E 5 6
E 13 5
E 8 9
E 9 19
E 20 10
E 17 11
E 18 12
E 14 13
E 15 14
E 14 18
E 15 16
E 19 16
E 16 21
E 16 22
E 19 17
E 24 20
E 22 25
E 23 24
E 25 23
E 23 30
E 30 24
E 29 25
E 26 27
E 27 28
E 28 29
E 33 29
E 30 31
E 30 32
G 1238611366.json 26 29
V 27.000000 137.000000 30.000000 30.000000
V 112.000000 137.000000 100.000000 80.000000
V 667.000000 192.000000 100.000000 80.000000
V 238.666667 198.666667 40.000000 40.000000
V 417.000000 223.000000 40.000000 40.000000
V 535.333333 284.000000 30.000000 30.000000
V 535.333333 221.333333 30.000000 30.000000
V 667.000000 284.000000 89.000000 64.000000
V 751.000000 284.000000 28.000000 28.000000
V 787.000000 192.000000 100.000000 80.000000
V 871.000000 192.000000 28.000000 28.000000
V 318.666667 218.000000 30.000000 30.000000
V 317.000000 123.666667 30.000000 30.000000
V 407.000000 137.000000 100.000000 80.000000
V 547.000000 137.000000 100.000000 50.000000
V 147.000000 352.333333 30.000000 30.000000
V 229.500000 352.333333 95.000000 66.000000
V 317.000000 352.333333 40.000000 40.000000
V 407.333333 448.500000 98.000000 63.000000
V 407.000000 345.666667 100.000000 80.000000
V 547.000000 52.000000 100.000000 80.000000
V 631.000000 52.000000 28.000000 28.000000
V 547.000000 459.000000 100.000000 80.000000
V 631.000000 459.000000 28.000000 28.000000
V 547.000000 359.000000 100.000000 80.000000
V 631.000000 359.000000 28.000000 28.000000
E 0 1
E 1 3
E 1 12
E 3 2
E 6 2
E 2 9
E 13 2
E 3 11
E 4 5
E 4 6
E 11 4
E 5 7
E 18 5
E 19 6
E 7 8
E 9 10
E 11 13
E 12 13
U 13 14
E 13 20
E 15 16
E 16 17
E 17 18
E 17 19
E 18 22
E 19 24
E 20 21
E 22 23
E 24 25
G 1249395099.json 16 18
V 217.000000 172.000000 30.000000 30.000000
V 302.000000 172.000000 100.000000 80.000000
V 422.000000 158.666667 100.000000 80.000000
V 512.000000 158.666667 40.000000 40.000000
V 602.000000 165.333333 100.000000 80.000000
V 722.000000 52.000000 100.000000 80.000000
V 737.000000 165.333333 40.000000 40.000000
V 807.000000 217.000000 30.000000 30.000000
V 807.000000 165.333333 30.000000 30.000000
V 807.000000 115.333333 30.000000 30.000000
V 62.000000 208.666667 100.000000 80.000000
V 892.000000 152.000000 100.000000 80.000000
V 976.000000 147.333333 28.000000 28.000000
V 892.000000 52.000000 100.000000 80.000000
V 302.000000 97.000000 30.000000 30.000000
V 182.000000 97.000000 100.000000 80.000000
E 0 1
E 1 2
E 2 3
E 14 2
E 3 4
E 3 5
E 4 6
E 5 13
E 6 7
E 6 8
E 6 9
E 7 10
E 8 11
E 9 11
E 10 15
E 11 12
E 13 12
E 15 14
G 1250317082.json 31 35
V 27.000000 173.000000 30.000000 30.000000
V 112.000000 173.000000 100.000000 80.000000
V 197.000000 173.000000 30.000000 30.000000
V 1192.000000 94.666667 30.000000 30.000000
V 1312.000000 94.666667 100.000000 80.000000
V 1402.000000 94.666667 40.000000 40.000000
V 1492.000000 188.000000 100.000000 80.000000
V 1492.000000 88.000000 100.000000 80.000000
V 1582.000000 94.666667 40.000000 40.000000
V 1637.000000 94.666667 30.000000 30.000000
V 247.000000 173.000000 30.000000 30.000000
V 332.000000 173.000000 100.000000 80.000000
V 417.000000 173.000000 30.000000 30.000000
V 830.333333 238.000000 30.000000 30.000000
V 962.000000 238.000000 100.000000 80.000000
V 1052.000000 238.000000 40.000000 40.000000
V 1192.000000 289.000000 100.000000 80.000000
V 1312.000000 238.000000 100.000000 80.000000
V 1107.000000 42.000000 30.000000 30.000000
V 1687.000000 42.000000 30.000000 30.000000
V 1752.000000 52.000000 40.000000 40.000000
V 1806.000000 52.000000 28.000000 28.000000
V 467.000000 168.000000 30.000000 30.000000
V 552.000000 168.000000 100.000000 80.000000
V 672.000000 168.000000 100.000000 80.000000
V 757.000000 168.000000 30.000000 30.000000
V 842.000000 163.000000 100.000000 80.000000
V 1855.000000 52.000000 30.000000 30.000000
V 926.000000 163.000000 28.000000 28.000000
V 1940.000000 52.000000 100.000000 80.000000
V 2024.000000 52.000000 28.000000 28.000000
E 0 1
E 1 2
E 2 10
E 3 4
E 18 3
E 4 5
E 5 6
E 5 7
E 6 8
E 7 8
E 8 9
E 9 19
E 10 11
E 11 12
E 12 13
E 12 22
E 13 14
E 25 13
E 14 15
E 15 16
E 15 17
E 15 18
E 16 20
E 17 20
E 18 19
E 19 20
E 20 21
E 21 27
E 22 23
E 23 24
E 24 25
E 25 26
E 26 28
E 27 29
E 29 30
G 1252925988.json 15 15
V 27.000000 316.666667 30.000000 30.000000
V 112.000000 316.666667 100.000000 80.000000
V 202.000000 316.666667 40.000000 40.000000
V 301.000000 316.666667 118.000000 80.000000
V 400.000000 316.666667 40.000000 40.000000
V 490.000000 316.666667 100.000000 80.000000
V 918.000000 330.000000 100.000000 80.000000
V 634.000000 229.500000 88.000000 81.000000
V 619.000000 330.000000 118.000000 80.000000
V 748.000000 229.500000 100.000000 80.000000
V 833.000000 242.833333 30.000000 30.000000
V 832.000000 193.833333 28.000000 28.000000
V 748.000000 343.333333 30.000000 30.000000
V 634.000000 120.500000 88.000000 97.000000
V 580.000000 32.000000 40.000000 40.000000
E 0 1
E 1 2
E 2 3
E 3 4
E 4 5
E 5 8
E 5 14
E 10 6
E 12 6
U 7 9
E 8 9
E 8 12
E 9 10
E 9 11
U 13 9
G 126481965.json 27 32
V 27.000000 47.000000 30.000000 30.000000
V 133.175000 47.000000 142.349999 40.000000
V 1327.180998 327.839667 30.000000 30.000000
V 561.943332 40.333333 40.000000 40.000000
V 1464.680998 52.000000 100.000000 80.000000
V 1548.680998 52.000000 28.000000 28.000000
V 1115.680248 327.839667 30.000000 30.000000
V 711.013331 38.666667 30.000000 30.000000
V 239.349999 203.839667 30.000000 30.000000
V 307.410000 203.839667 66.120001 55.000000
V 380.470000 203.839667 40.000000 40.000000
V 531.574999 197.173000 222.209998 40.000000
V 686.679998 203.839667 28.000000 28.000000
V 902.679998 106.419833 100.000000 80.000000
V 1022.679998 93.086500 100.000000 80.000000
V 1106.679998 143.839667 28.000000 28.000000
V 1123.680498 79.753167 62.001000 60.173000
V 902.679998 384.506333 100.000000 80.000000
V 1123.680498 389.506333 30.000000 30.000000
V 1034.346665 384.506333 30.000000 30.000000
V 1344.680998 402.839667 100.000000 80.000000
V 1428.680998 453.592833 28.000000 28.000000
V 1224.680998 389.506333 100.000000 80.000000
V 563.609999 282.839667 30.000000 30.000000
V 722.679998 277.839667 100.000000 80.000000
V 812.679998 277.839667 40.000000 40.000000
V 1445.681498 389.506333 62.001000 60.173000
E 0 1
E 1 3
E 1 8
E 2 4
E 6 2
E 13 2
E 22 2
E 3 6
E 3 7
E 4 5
E 7 4
E 19 6
E 23 6
E 11 7
E 8 9
E 9 10
E 10 11
E 10 23
E 11 12
E 13 14
E 25 13
E 14 15
E 14 16
E 17 19
E 25 17
E 19 18
E 18 22
E 20 21
E 22 20
E 20 26
E 23 24
E 24 25
G 127416850.json 17 19
V 112.000000 52.000000 100.000000 80.000000
V 197.000000 52.000000 30.000000 30.000000
V 452.000000 168.666667 30.000000 30.000000
V 802.000000 93.666667 100.000000 80.000000
V 887.000000 93.666667 30.000000 30.000000
V 937.000000 93.666667 30.000000 30.000000
V 986.000000 93.666667 28.000000 28.000000
V 367.000000 93.666667 30.000000 30.000000
V 27.000000 52.000000 30.000000 30.000000
V 597.000000 113.000000 30.000000 30.000000
V 452.000000 93.666667 100.000000 80.000000
V 542.000000 93.666667 40.000000 40.000000
V 252.000000 52.000000 40.000000 40.000000
V 712.000000 93.666667 40.000000 40.000000
V 652.000000 87.000000 40.000000 40.000000
V 312.000000 45.333333 40.000000 40.000000
V 542.000000 38.666667 30.000000 30.000000
E 0 1
E 8 0
E 1 12
E 12 2
E 2 13
E 3 4
E 13 3
E 4 5
E 5 6
E 7 10
E 15 7
E 11 9
E 9 14
E 10 11
E 11 14
E 12 15
E 14 13
E 16 14
E 15 16
G 1282151277.json 28 27
V 782.000000 54.306333 100.000000 80.000000
V 866.000000 103.946000 28.000000 28.000000
V 883.937500 40.973000 63.875000 57.946000
V 412.000000 128.612667 100.000000 80.000000
V 902.000000 507.784000 100.000000 80.000000
V 1022.000000 507.784000 100.000000 80.000000
V 1142.000000 507.784000 100.000000 80.000000
V 1262.000000 507.784000 100.000000 80.000000
V 322.000000 135.279333 40.000000 40.000000
V 412.000000 506.144333 100.000000 80.000000
V 532.000000 506.144333 100.000000 80.000000
V 532.000000 128.612667 100.000000 80.000000
V 670.000000 184.252333 40.000000 40.000000
V 782.000000 432.144333 100.000000 80.000000
V 1346.000000 507.784000 28.000000 28.000000
V 883.937500 418.811000 63.875000 57.946000
V 633.937500 115.279333 63.875000 57.946000
V 782.000000 291.225333 100.000000 80.000000
V 866.000000 277.892000 28.000000 28.000000
V 883.937500 340.865000 63.875000 57.946000
V 27.000000 135.279333 30.000000 30.000000
V 112.000000 135.279333 100.000000 80.000000
V 232.000000 135.279333 100.000000 80.000000
V 652.000000 506.144333 100.000000 80.000000
V 746.000000 506.144333 28.000000 28.000000
V 782.000000 180.252333 100.000000 80.000000
V 866.000000 229.892000 28.000000 28.000000
V 883.937500 166.919000 63.875000 57.946000
E 0 1
U 0 2
E 12 0
E 8 3
E 3 11
E 4 5
E 13 4
E 5 6
E 6 7
E 7 14
E 8 9
E 22 8
E 9 10
E 10 23
E 11 12
U 11 16
E 12 13
E 12 17
E 12 25
U 13 15
E 17 18
U 17 19
E 20 21
E 21 22
E 23 24
E 25 26
U 25 27
G 1293946115.json 19 24
V 542.000000 149.666667 100.000000 80.000000
V 662.000000 149.666667 100.000000 80.000000
V 422.000000 163.000000 100.000000 80.000000
V 337.000000 149.666667 30.000000 30.000000
V 1022.000000 149.666667 100.000000 80.000000
V 1142.000000 149.666667 100.000000 80.000000
V 27.000000 226.333333 30.000000 30.000000
V 1502.000000 136.333333 100.000000 80.000000
V 112.000000 226.333333 100.000000 80.000000
V 202.000000 226.333333 40.000000 40.000000
V 422.000000 63.000000 100.000000 80.000000
V 302.000000 236.333333 100.000000 80.000000
V 782.000000 63.000000 100.000000 80.000000
V 902.000000 63.000000 100.000000 80.000000
V 1262.000000 136.333333 100.000000 80.000000
V 1382.000000 136.333333 100.000000 80.000000
V 542.000000 249.666667 100.000000 80.000000
V 1592.000000 136.333333 40.000000 40.000000
V 1646.000000 136.333333 28.000000 28.000000
E 0 1
E 2 0
E 10 0
E 1 4
E 1 12
E 3 2
E 11 2
E 4 5
E 13 4
E 5 14
E 6 8
E 15 7
E 7 17
E 8 9
E 9 10
E 9 11
E 9 17
E 10 12
E 11 16
E 12 13
E 13 14
E 14 15
E 16 17
E 17 18
G 1301363008.json 17 19
V 309.000000 151.132975 138.000000 61.099731
V 37.000000 157.799641 30.000000 30.000000
V 625.000000 151.132975 138.000000 61.099731
V 467.000000 151.132975 30.000000 30.000000
V 774.500000 119.766398 121.000000 61.099731
V 151.000000 49.216532 138.000000 61.099731
V 32.000000 59.216532 40.000000 40.000000
V 134.666667 151.132975 40.000000 40.000000
V 467.000000 42.549865 138.000000 61.099731
V 625.000000 42.549865 121.000000 60.199461
V 325.333333 49.216532 40.000000 40.000000
V 924.000000 42.549865 138.000000 60.199461
V 924.000000 122.749326 138.000000 60.199461
V 774.500000 49.216532 40.000000 40.000000
V 1033.000000 49.216532 40.000000 40.000000
V 1142.000000 49.216532 138.000000 60.199461
V 1245.000000 49.216532 28.000000 28.000000
E 0 3
E 7 0
E 1 7
E 3 2
E 2 4
E 4 6
E 6 5
E 5 10
E 6 7
E 8 9
E 10 8
E 9 13
E 13 10
E 13 11
E 11 14
E 13 12
E 12 14
E 14 15
E 15 16
G 1303435649.json 24 26
V 968.200000 52.000000 100.000000 80.000000
V 1156.200000 103.666667 40.000000 40.000000
V 1295.200000 97.000000 100.000000 80.000000
V 1415.200000 97.000000 100.000000 80.000000
V 1505.200000 103.666667 40.000000 40.000000
V 1595.200000 103.666667 100.000000 80.000000
V 1131.700000 38.666667 187.000000 50.000000
V 62.000000 158.666667 100.000000 50.000000
V 596.906667 152.000000 100.000000 80.000000
V 232.000000 158.666667 100.000000 80.000000
V 436.666667 145.333333 40.000000 40.000000
V 593.680000 52.000000 119.360000 80.000000
V 785.780000 52.000000 100.000000 80.000000
V 442.825000 38.666667 142.349999 50.000000
V 1835.200000 103.666667 100.000000 80.000000
V 1685.200000 110.333333 40.000000 40.000000
V 147.000000 158.666667 30.000000 30.000000
V 1835.200000 203.666667 100.000000 80.000000
V 1745.200000 110.333333 40.000000 40.000000
V 1996.866667 197.000000 40.000000 40.000000
V 2194.200000 197.000000 28.000000 28.000000
V 408.000000 216.333333 212.000000 62.000000
V 785.780000 138.666667 224.840000 50.000000
V 2032.700000 90.333333 255.000000 50.000000
E 0 1
U 0 6
E 12 0
E 1 2
E 1 4
E 2 3
E 3 4
E 4 5
E 5 15
U 7 16
E 10 8
E 8 15
U 8 22
E 9 10
E 16 9
U 9 21
E 10 11
E 11 12
U 13 11
E 18 14
E 14 19
U 14 23
E 15 18
E 18 17
E 17 19
E 19 20
G 1311731304.json 21 23
V 27.000000 83.666667 30.000000 30.000000
V 112.000000 83.666667 100.000000 80.000000
V 202.000000 83.666667 40.000000 40.000000
V 292.000000 77.000000 100.000000 80.000000
V 412.000000 77.000000 100.000000 80.000000
V 832.000000 209.666667 100.000000 80.000000
V 1312.000000 198.666667 100.000000 80.000000
V 1396.000000 203.333333 28.000000 28.000000
V 832.000000 70.333333 100.000000 80.000000
V 922.000000 70.333333 40.000000 40.000000
V 982.000000 145.333333 40.000000 40.000000
V 982.000000 63.666667 30.000000 30.000000
V 1202.000000 58.666667 40.000000 40.000000
V 1312.000000 52.000000 100.000000 80.000000
V 1396.000000 52.000000 28.000000 28.000000
V 1083.666667 63.666667 30.000000 30.000000
V 532.000000 77.000000 100.000000 80.000000
V 622.000000 77.000000 40.000000 40.000000
V 712.000000 70.333333 100.000000 80.000000
V 1072.000000 138.666667 100.000000 80.000000
V 1192.000000 143.666667 100.000000 90.000000
E 0 1
E 1 2
E 2 3
E 2 7
E 3 4
E 4 16
E 5 6
E 17 5
E 6 7
E 10 6
E 12 6
E 8 9
E 18 8
E 9 10
E 9 11
E 10 19
E 11 15
E 12 13
E 15 12
E 13 14
U 15 20
E 16 17
E 17 18
G 1338438674.json 19 19
V 124.000000 57.833333 124.000000 80.000000
V 27.000000 57.833333 30.000000 30.000000
V 221.000000 57.833333 30.000000 30.000000
V 327.500000 57.833333 143.000000 80.000000
V 490.500000 44.500000 129.000000 65.000000
V 596.000000 44.500000 28.000000 28.000000
V 654.937500 219.735167 145.875000 80.000000
V 822.250000 206.401833 148.750000 80.000000
V 1079.625000 179.735167 28.000000 28.000000
V 981.125000 193.068500 129.000000 80.000000
V 490.500000 233.068500 143.000000 80.000000
V 384.000000 246.401833 30.000000 30.000000
V 948.562500 282.041500 63.875000 57.946000
V 530.062500 125.973000 63.875000 57.946000
V 778.875500 116.315333 62.001000 60.173000
V 654.937500 116.315333 63.875000 57.946000
V 1121.625000 332.681167 112.000000 80.000000
V 1211.625000 332.681167 28.000000 28.000000
V 1030.625000 346.014500 30.000000 30.000000
E 1 0
E 0 2
E 2 3
E 3 4
E 3 10
E 4 5
E 6 7
E 10 6
U 6 12
U 13 6
E 7 9
U 7 12
E 9 8
E 9 16
E 11 10
U 13 15
U 15 14
E 16 17
E 18 16
G 1367397142.json 27 32
V 27.000000 188.339667 30.000000 30.000000
V 112.000000 188.339667 100.000000 59.000000
V 554.333333 426.839667 30.000000 30.000000
V 446.000000 407.506333 40.000000 40.000000
V 933.000250 289.173000 30.000000 30.000000
V 1261.001000 271.381126 94.000000 71.248755
V 1342.001000 271.381126 28.000000 28.000000
V 1131.001000 259.506333 30.000000 30.000000
V 566.000000 166.839667 100.000000 80.000000
V 656.000000 166.839667 40.000000 40.000000
V 197.000000 178.506333 30.000000 30.000000
V 269.000000 178.506333 74.000000 45.000000
V 346.000000 178.506333 40.000000 40.000000
V 436.000000 327.506333 100.000000 80.000000
V 530.000000 314.173000 28.000000 28.000000
V 447.666667 171.839667 30.000000 30.000000
V 746.000000 249.673000 100.000000 59.000000
V 853.000000 51.253167 74.000000 55.000000
V 924.000000 106.173000 28.000000 28.000000
V 941.000500 42.086500 62.001000 60.173000
V 746.000000 160.173000 100.000000 80.000000
V 860.333333 160.173000 30.000000 30.000000
V 941.000500 155.173000 30.000000 30.000000
V 1036.001000 155.173000 88.000000 80.000000
V 1147.001000 141.839667 94.000000 59.000000
V 1228.001000 196.092833 28.000000 28.000000
V 1245.001500 132.006333 62.001000 60.173000
E 0 1
E 1 3
E 1 10
E 3 2
E 2 5
E 13 2
E 3 4
E 4 7
E 15 4
E 21 4
E 5 6
E 7 5
E 16 7
E 23 7
E 8 9
E 15 8
E 9 16
E 9 20
E 10 11
E 11 12
E 12 13
E 12 15
E 13 14
E 16 17
E 17 18
E 17 19
E 20 21
E 21 22
E 22 23
E 23 24
E 24 25
E 24 26
G 137011500.json 20 21
V 27.000000 142.000000 30.000000 30.000000
V 355.500000 65.333333 127.000000 80.000000
V 502.500000 224.666667 127.000000 80.000000
V 252.000000 72.000000 40.000000 40.000000
V 112.000000 142.000000 100.000000 80.000000
V 988.000000 133.666667 30.000000 30.000000
V 197.000000 72.000000 30.000000 30.000000
V 1037.000000 220.000000 28.000000 28.000000
V 1092.500000 133.666667 139.000000 46.000000
V 1067.000000 67.666667 88.000000 46.000000
V 27.000000 67.000000 30.000000 30.000000
V 507.000000 65.333333 100.000000 80.000000
V 636.000000 152.000000 100.000000 80.000000
V 756.000000 152.000000 100.000000 80.000000
V 889.500000 191.666667 127.000000 46.000000
V 873.333333 133.666667 30.000000 30.000000
V 112.000000 67.000000 30.000000 30.000000
V 636.000000 52.000000 100.000000 80.000000
V 756.000000 52.000000 100.000000 80.000000
V 889.500000 38.666667 127.000000 46.000000
E 0 4
E 3 1
E 1 11
E 3 2
E 2 7
E 6 3
E 4 6
E 5 7
E 5 8
E 5 9
E 15 5
E 16 6
E 10 16
E 11 12
E 11 17
E 12 13
E 13 14
E 13 15
E 18 15
E 17 18
E 18 19
G 1373064891.json 16 15
V 27.000000 107.833333 30.000000 30.000000
V 104.300000 107.833333 84.600000 60.000000
V 208.900000 107.833333 84.600000 60.000000
V 307.450000 107.833333 72.500001 60.000000
V 383.700001 107.833333 40.000000 40.000000
V 466.000001 39.500000 84.600000 55.000000
V 466.000001 114.500000 84.600000 55.000000
V 548.300001 114.500000 40.000000 40.000000
V 638.300001 46.166667 100.000000 55.000000
V 638.300001 121.166667 72.500001 55.000000
V 744.550002 121.166667 72.500001 60.000000
V 843.100002 121.166667 84.600000 60.000000
V 947.700002 121.166667 84.600000 55.000000
V 1056.150002 121.166667 92.300000 40.000000
V 1168.450002 121.166667 92.300000 40.000000
V 1248.600002 121.166667 28.000000 28.000000
E 0 1
E 1 2
E 2 3
E 3 4
E 4 5
E 4 6
E 6 7
E 7 8
E 7 9
E 9 10
E 10 11
E 11 12
E 12 13
E 13 14
E 14 15
G 1379981071.json 15 16
V 26.000000 203.333333 28.000000 28.000000
V 110.000000 203.333333 100.000000 80.000000
V 200.000000 203.333333 40.000000 40.000000
V 290.000000 210.000000 100.000000 80.000000
V 410.000000 223.333333 100.000000 80.000000
V 530.000000 223.333333 100.000000 80.000000
V 633.333333 58.666667 40.000000 40.000000
V 530.000000 52.000000 100.000000 80.000000
V 410.000000 52.000000 100.000000 80.000000
V 290.000000 110.000000 100.000000 80.000000
V 750.000000 58.666667 100.000000 80.000000
V 881.500000 58.666667 123.000000 80.000000
V 977.000000 58.666667 28.000000 28.000000
V 640.000000 236.666667 80.000000 34.000000
V 410.000000 129.000000 100.000000 34.000000
E 0 1
E 1 2
E 2 3
E 2 9
E 3 4
U 3 14
E 4 5
E 5 6
U 5 13
E 7 6
E 6 10
E 8 7
E 9 8
U 9 14
E 10 11
E 11 12
G 1389879293.json 18 17
V 62.000000 72.000000 100.000000 80.000000
V 182.000000 72.000000 100.000000 80.000000
V 302.000000 72.000000 100.000000 80.000000
V 432.000000 152.000000 100.000000 80.000000
V 432.000000 252.000000 100.000000 80.000000
V 432.000000 52.000000 100.000000 80.000000
V 552.000000 152.000000 100.000000 80.000000
V 552.000000 252.000000 100.000000 80.000000
V 552.000000 52.000000 100.000000 80.000000
V 672.000000 152.000000 100.000000 80.000000
V 672.000000 252.000000 100.000000 80.000000
V 672.000000 52.000000 100.000000 80.000000
V 792.000000 152.000000 100.000000 80.000000
V 792.000000 252.000000 100.000000 80.000000
V 792.000000 52.000000 100.000000 80.000000
V 912.000000 152.000000 100.000000 80.000000
V 912.000000 252.000000 100.000000 80.000000
V 912.000000 52.000000 100.000000 80.000000
E 0 1
E 1 2
E 2 3
E 2 4
E 2 5
E 3 6
E 4 7
E 5 8
E 6 9
E 7 10
E 8 11
E 9 12
E 10 13
E 11 14
E 12 15
E 13 16
E 14 17
G 1391471812.json 15 16
V 27.000000 62.000000 30.000000 30.000000
V 202.000000 62.000000 40.000000 40.000000
V 112.000000 62.000000 100.000000 80.000000
V 302.000000 252.000000 100.000000 80.000000
V 302.000000 152.000000 100.000000 80.000000
V 302.000000 52.000000 100.000000 80.000000
V 392.000000 152.000000 40.000000 40.000000
V 482.000000 152.000000 100.000000 80.000000
V 572.000000 152.000000 40.000000 40.000000
V 662.000000 145.333333 100.000000 80.000000
V 662.000000 245.333333 100.000000 80.000000
V 782.000000 145.333333 100.000000 80.000000
V 866.000000 145.333333 28.000000 28.000000
V 782.000000 245.333333 100.000000 80.000000
V 866.000000 245.333333 28.000000 28.000000
E 0 2
E 2 1
E 1 3
E 1 4
E 1 5
E 3 6
E 4 6
E 5 6
E 6 7
E 7 8
E 8 9
E 8 10
E 9 11
E 10 13
E 11 12
E 13 14
G 1392606222.json 24 25
V 380.000000 58.666667 30.000000 30.000000
V 435.000000 58.666667 40.000000 40.000000
V 525.000000 52.000000 100.000000 80.000000
V 705.000000 58.666667 100.000000 80.000000
V 790.000000 58.666667 30.000000 30.000000
V 1180.000000 58.666667 30.000000 30.000000
V 1265.000000 58.666667 100.000000 80.000000
V 1385.000000 58.666667 100.000000 80.000000
V 1565.000000 52.000000 100.000000 80.000000
V 615.000000 58.666667 40.000000 40.000000
V 1650.000000 52.000000 30.000000 30.000000
V 1475.000000 58.666667 40.000000 40.000000
V 1700.000000 52.000000 30.000000 30.000000
V 1785.000000 52.000000 100.000000 80.000000
V 1875.000000 58.666667 40.000000 40.000000
V 1929.000000 58.666667 28.000000 28.000000
V 27.000000 58.666667 30.000000 30.000000
V 118.500000 58.666667 113.000000 80.000000
V 245.000000 58.666667 100.000000 80.000000
V 330.000000 58.666667 30.000000 30.000000
V 925.000000 58.666667 100.000000 80.000000
V 1045.000000 58.666667 100.000000 80.000000
V 840.000000 58.666667 30.000000 30.000000
V 1130.000000 58.666667 30.000000 30.000000
E 0 1
E 19 0
E 1 2
E 1 9
E 2 9
E 3 4
E 9 3
E 4 22
E 5 6
E 23 5
E 6 7
E 7 11
E 8 10
E 11 8
E 10 12
E 11 14
E 12 13
E 13 14
E 14 15
E 16 17
E 17 18
E 18 19
E 20 21
E 22 20
E 21 23
G 139692629.json 23 23
V 27.000000 142.000000 30.000000 30.000000
V 112.000000 142.000000 100.000000 80.000000
V 232.000000 142.000000 100.000000 80.000000
V 322.000000 142.000000 40.000000 40.000000
V 412.000000 297.666667 100.000000 80.000000
V 412.000000 135.333333 100.000000 80.000000
V 542.000000 297.666667 40.000000 40.000000
V 652.000000 291.000000 100.000000 80.000000
V 917.000000 227.000000 30.000000 30.000000
V 1002.000000 227.000000 100.000000 80.000000
V 1122.000000 227.000000 100.000000 80.000000
V 862.000000 227.000000 40.000000 40.000000
V 532.000000 122.000000 100.000000 80.000000
V 616.000000 122.000000 28.000000 28.000000
V 772.000000 220.333333 100.000000 80.000000
V 1248.500000 212.000000 99.000000 90.000000
V 532.000000 207.000000 100.000000 50.000000
V 445.000000 45.000000 34.000000 48.000000
V 532.000000 37.000000 100.000000 50.000000
V 652.000000 207.000000 34.000000 48.000000
V 1382.000000 212.000000 100.000000 80.000000
V 1155.000000 130.000000 34.000000 48.000000
V 1252.000000 122.000000 120.000000 50.000000
E 0 1
E 1 2
E 2 3
E 3 4
E 3 5
E 4 6
E 5 12
E 6 7
E 6 11
E 7 14
E 8 9
E 11 8
E 9 10
E 10 15
E 14 11
E 12 13
E 17 12
E 19 14
E 15 20
E 21 15
U 16 19
U 17 18
U 21 22
G 1398383977.json 16 18
V 352.000000 52.000000 100.000000 80.000000
V 442.000000 52.000000 40.000000 40.000000
V 532.000000 96.333333 100.000000 80.000000
V 622.000000 96.333333 40.000000 40.000000
V 772.000000 52.000000 100.000000 80.000000
V 682.000000 52.000000 40.000000 40.000000
V 862.000000 52.000000 40.000000 40.000000
V 916.000000 45.333333 28.000000 28.000000
V 112.000000 58.666667 100.000000 80.000000
V 202.000000 58.666667 40.000000 40.000000
V 262.000000 52.000000 40.000000 40.000000
V 922.000000 103.000000 40.000000 40.000000
V 982.000000 103.000000 40.000000 40.000000
V 1037.000000 96.333333 30.000000 30.000000
V 27.000000 58.666667 30.000000 30.000000
V 1037.000000 146.333333 30.000000 30.000000
E 0 1
E 10 0
E 1 2
E 1 5
E 2 3
E 3 5
E 3 11
E 5 4
E 4 6
E 6 7
E 6 11
E 8 9
E 14 8
E 9 10
E 9 11
E 11 12
E 12 13
E 12 15
G 14027741.json 17 18
V 27.000000 43.291667 30.000000 30.000000
V 123.404091 43.291667 122.808183 55.000000
V 1107.083625 118.166667 133.277240 85.410001
V 672.222503 184.000000 122.808183 55.000000
V 958.838868 118.166667 123.212274 55.000000
V 427.212274 115.666667 40.000000 40.000000
V 1255.328382 118.166667 123.212274 55.000000
V 529.015342 36.625000 123.606137 48.852503
V 266.010228 43.291667 122.404091 49.250000
V 367.212274 43.291667 40.000000 40.000000
V 1398.540656 45.875000 123.212274 55.500000
V 815.429662 36.625000 123.606137 49.250000
V 1636.954976 45.875000 28.000000 28.000000
V 1541.550884 45.875000 122.808183 51.250000
V 529.015342 109.000000 122.808183 55.000000
V 672.222503 109.000000 122.404091 55.000000
V 815.429662 109.000000 122.808183 55.500000
E 0 1
E 1 8
E 4 2
E 2 6
E 3 4
E 5 3
E 16 4
E 9 5
E 5 14
E 6 10
E 9 7
E 7 11
E 8 9
E 11 10
E 10 13
E 13 12
E 14 15
E 15 16
G 1411450999.json 23 26
V 122.000000 391.041667 120.000000 68.000000
V 27.000000 391.041667 30.000000 30.000000
V 925.439998 329.708334 120.000000 68.000000
V 548.719999 243.708334 40.000000 40.000000
V 648.719999 253.708334 100.000000 68.000000
V 648.719999 58.666667 100.000000 68.000000
V 767.626665 341.041667 40.000000 40.000000
V 796.533332 58.666667 40.000000 40.000000
V 922.106665 152.000000 100.000000 80.000000
V 925.439998 52.000000 100.000000 80.000000
V 1045.439998 145.333333 40.000000 40.000000
V 1175.439998 145.333333 100.000000 80.000000
V 1379.439998 384.375000 28.000000 28.000000
V 312.000000 397.708334 100.000000 80.000000
V 312.000000 297.708334 100.000000 80.000000
V 1295.439998 384.375000 100.000000 80.000000
V 222.000000 391.041667 40.000000 40.000000
V 430.906666 391.041667 40.000000 40.000000
V 548.719999 391.041667 40.000000 40.000000
V 648.719999 347.708334 100.000000 80.000000
V 1055.439998 397.708334 100.000000 80.000000
V 445.360000 284.375000 126.719999 51.540001
V 782.079998 165.333333 126.719999 66.750001
E 1 0
E 0 16
E 2 3
E 6 2
E 3 4
E 3 5
E 4 6
E 5 7
E 19 6
E 7 8
E 7 9
E 8 10
E 22 8
E 9 10
E 10 11
E 11 15
E 15 12
E 16 13
E 13 17
E 16 14
E 14 17
E 14 21
E 20 15
E 17 18
E 18 19
E 18 20
G 1420843931.json 19 19
V 27.000000 69.166667 30.000000 30.000000
V 112.000000 69.166667 100.000000 80.000000
V 202.000000 69.166667 40.000000 40.000000
V 298.000000 62.500000 112.000000 101.000000
V 298.000000 215.833333 100.000000 80.000000
V 394.000000 62.500000 40.000000 40.000000
V 484.000000 55.833333 100.000000 80.000000
V 493.000000 135.833333 40.000000 40.000000
V 661.000000 135.833333 100.000000 80.000000
V 841.000000 129.166667 100.000000 80.000000
V 751.000000 135.833333 40.000000 40.000000
V 841.000000 229.166667 100.000000 80.000000
V 394.000000 215.833333 40.000000 40.000000
V 512.500000 315.833333 100.000000 80.000000
V 925.000000 229.166667 28.000000 28.000000
V 925.000000 129.166667 28.000000 28.000000
V 625.000000 315.833333 28.000000 28.000000
V 512.500000 215.833333 157.000000 80.000000
V 625.000000 215.833333 28.000000 28.000000
E 0 1
E 1 2
E 2 3
E 2 4
E 3 5
E 4 12
E 5 6
E 5 7
E 7 8
E 12 7
E 8 10
E 10 9
E 9 15
E 10 11
E 11 14
E 12 13
E 12 17
E 13 16
E 17 18
G 1430545023.json 19 21
V 27.000000 136.333333 30.000000 30.000000
V 401.000000 129.666667 100.000000 80.000000
V 491.000000 129.666667 40.000000 40.000000
V 929.000000 127.500000 100.000000 53.000000
V 581.000000 92.500000 100.000000 53.000000
V 1019.000000 127.500000 40.000000 40.000000
V 1109.000000 38.500000 100.000000 53.000000
V 1109.000000 134.166667 95.000000 53.000000
V 1193.000000 38.500000 28.000000 28.000000
V 1276.500000 134.166667 95.000000 40.000000
V 1391.500000 134.166667 95.000000 73.000000
V 1506.250000 134.166667 94.500000 53.000000
V 1614.250000 134.166667 81.500000 40.000000
V 169.250000 143.000000 94.500000 53.000000
V 755.000000 101.333333 208.000000 50.000000
V 283.750000 143.000000 94.500000 53.000000
V 783.000000 36.333333 40.000000 40.000000
V 1194.000000 134.166667 30.000000 30.000000
V 82.000000 136.333333 40.000000 40.000000
E 0 18
E 1 2
E 15 1
E 18 1
E 2 3
E 2 4
E 3 5
E 16 3
U 4 14
E 4 16
E 5 6
E 5 7
E 6 8
E 16 6
E 7 17
E 9 10
E 17 9
E 10 11
E 11 12
E 13 15
E 18 13
G 1434473586.json 33 38
V 2314.000000 52.000000 100.000000 80.000000
V 132.000000 189.666667 100.000000 80.000000
V 132.000000 89.666667 100.000000 80.000000
V 32.000000 48.666667 40.000000 40.000000
V 242.000000 169.666667 40.000000 40.000000
V 372.000000 169.666667 100.000000 80.000000
V 462.000000 169.666667 40.000000 40.000000
V 552.000000 263.000000 100.000000 80.000000
V 552.000000 163.000000 100.000000 80.000000
V 673.333333 169.666667 40.000000 40.000000
V 826.000000 169.666667 100.000000 80.000000
V 1054.000000 169.666667 100.000000 80.000000
V 1144.000000 169.666667 40.000000 40.000000
V 1234.000000 163.000000 100.000000 80.000000
V 1354.000000 263.000000 100.000000 80.000000
V 1954.000000 89.666667 100.000000 80.000000
V 2074.000000 89.666667 100.000000 80.000000
V 1809.000000 83.000000 30.000000 30.000000
V 2204.000000 141.333333 40.000000 40.000000
V 2278.000000 148.000000 28.000000 28.000000
V 1714.000000 206.333333 100.000000 80.000000
V 1804.000000 206.333333 40.000000 40.000000
V 1858.000000 213.000000 28.000000 28.000000
V 1864.000000 89.666667 40.000000 40.000000
V 1354.000000 163.000000 100.000000 80.000000
V 252.000000 76.333333 100.000000 50.000000
V 252.000000 234.666667 100.000000 50.000000
V 2194.000000 76.333333 100.000000 50.000000
V 689.000000 276.333333 134.000000 50.000000
V 940.000000 156.333333 88.000000 97.000000
V 1444.000000 163.000000 40.000000 40.000000
V 1624.000000 206.333333 40.000000 40.000000
V 1534.000000 156.333333 100.000000 80.000000
E 0 3
E 18 0
E 3 1
E 1 4
U 1 26
E 3 2
E 2 4
U 2 25
E 4 5
E 5 6
E 6 7
E 6 8
E 7 9
U 7 28
E 8 9
E 9 10
E 10 11
E 10 29
E 11 12
E 29 11
E 12 13
E 12 14
E 13 24
E 14 31
E 15 16
E 23 15
E 16 18
U 16 27
E 17 23
E 18 19
E 20 21
E 31 20
E 21 22
E 21 23
E 24 30
E 30 31
E 30 32
E 32 31
G 1441349899.json 26 30
V 1161.750000 237.333333 30.000000 30.000000
V 1253.850000 222.020833 71.000000 61.250000
V 1034.250000 96.333333 71.000000 67.500000
V 1141.083333 96.333333 40.000000 40.000000
V 1256.750000 89.666667 100.000000 80.000000
V 1340.750000 103.000000 28.000000 28.000000
V 1133.250000 169.333333 87.000000 66.000000
V 1338.250000 211.812500 23.000000 34.000000
V 943.375000 85.083333 70.750000 34.000000
V 1338.250000 46.000000 23.000000 46.000000
V 1341.750000 263.812500 30.000000 30.000000
V 950.166667 263.812500 30.000000 30.000000
V 1391.750000 258.812500 30.000000 30.000000
V 104.500000 219.145833 71.000000 53.000000
V 30.500000 219.145833 37.000000 46.000000
V 236.000000 219.145833 52.000000 46.000000
V 175.000000 277.145833 30.000000 30.000000
V 790.000000 263.812500 100.000000 80.000000
V 874.000000 263.812500 28.000000 28.000000
V 586.000000 263.812500 124.000000 80.000000
V 478.000000 277.145833 30.000000 30.000000
V 694.000000 277.145833 52.000000 66.000000
V 236.000000 277.145833 30.000000 30.000000
V 332.000000 263.812500 100.000000 80.000000
V 478.000000 219.145833 52.000000 46.000000
V 417.000000 277.145833 30.000000 30.000000
E 0 1
E 3 1
E 6 1
E 1 7
E 1 10
E 2 3
E 8 2
E 11 2
E 3 4
E 4 5
E 4 9
E 10 11
E 10 12
E 18 11
E 12 13
E 14 13
E 13 15
E 13 16
E 15 23
E 16 22
E 17 18
E 19 17
E 21 17
E 20 19
E 19 21
E 24 19
E 25 20
E 22 23
E 23 24
E 23 25
G 1444150401.json 26 28
V 27.000000 246.525000 30.000000 30.000000
V 102.925000 246.525000 81.850000 41.850000
V 183.850000 246.525000 40.000000 40.000000
V 296.235000 253.191667 144.769999 41.850000
V 461.004998 253.191667 144.769999 43.525000
V 296.235000 190.504167 144.769999 43.525000
V 1189.339996 259.858333 100.000000 43.525000
V 1691.724995 239.858333 144.769999 41.850000
V 402.619999 190.504167 28.000000 28.000000
V 1798.109995 239.858333 28.000000 28.000000
V 680.467498 259.858333 100.000000 43.525000
V 573.389998 253.191667 40.000000 40.000000
V 680.467498 187.558333 134.154999 61.075000
V 890.854997 253.191667 126.620000 65.000000
V 1064.281663 253.191667 40.000000 40.000000
V 1189.339996 188.095833 100.000000 60.000000
V 1299.339996 253.191667 40.000000 40.000000
V 787.544997 253.191667 40.000000 40.000000
V 1399.339996 246.525000 40.000000 40.000000
V 1046.752497 110.841667 145.174999 43.525000
V 1489.339996 246.525000 100.000000 43.525000
V 1579.339996 239.858333 40.000000 40.000000
V 1199.339996 118.095833 40.000000 40.000000
V 1309.339996 124.762500 100.000000 43.525000
V 1309.339996 53.000000 100.000000 60.000000
V 1393.339996 53.000000 28.000000 28.000000
E 0 1
E 1 2
E 2 3
E 2 5
E 3 4
E 4 11
E 5 8
E 14 6
E 6 16
E 7 9
E 21 7
E 11 10
E 10 17
E 11 12
E 12 17
E 13 14
E 17 13
E 14 15
E 15 16
E 16 18
E 18 20
E 23 18
E 21 19
E 19 22
E 20 21
E 22 23
E 22 24
E 24 25
G 1463495487.json 16 17
V 27.000000 255.333333 30.000000 30.000000
V 602.000000 268.666667 40.000000 40.000000
V 718.000000 275.333333 112.000000 80.000000
V 834.000000 268.666667 40.000000 40.000000
V 928.000000 264.000000 28.000000 28.000000
V 202.000000 255.333333 40.000000 40.000000
V 112.000000 255.333333 100.000000 82.680000
V 256.000000 188.000000 28.000000 28.000000
V 292.000000 262.000000 100.000000 80.000000
V 592.000000 95.333333 100.000000 80.000000
V 718.000000 175.333333 112.000000 80.000000
V 730.000000 95.333333 40.000000 40.000000
V 412.000000 262.000000 100.000000 80.000000
V 502.000000 262.000000 40.000000 40.000000
V 844.000000 52.000000 100.000000 80.000000
V 844.000000 162.000000 100.000000 80.000000
E 0 6
E 1 2
E 1 10
E 13 1
E 2 3
E 3 4
E 10 3
E 11 4
E 6 5
E 5 7
E 5 8
E 8 12
E 9 11
E 13 9
E 10 15
E 11 14
E 12 13
G 1463721962.json 31 36
V 27.000000 173.666667 30.000000 30.000000
V 500.333333 165.333333 30.000000 30.000000
V 592.000000 165.333333 100.000000 80.000000
V 112.000000 173.666667 100.000000 80.000000
V 2044.500000 140.333333 251.000000 50.000000
V 762.000000 147.000000 100.000000 80.000000
V 677.000000 147.000000 30.000000 30.000000
V 1456.666667 147.000000 40.000000 40.000000
V 2009.333333 233.666667 40.000000 40.000000
V 2204.000000 233.666667 28.000000 28.000000
V 1849.000000 240.333333 100.000000 80.000000
V 1849.000000 140.333333 100.000000 80.000000
V 202.000000 292.692172 30.000000 30.000000
V 412.000000 286.025506 100.000000 80.000000
V 677.000000 294.358839 30.000000 30.000000
V 302.000000 292.692172 40.000000 40.000000
V 376.000000 360.025506 28.000000 28.000000
V 1305.500000 294.358839 947.000000 214.717678
V 202.000000 58.666667 40.000000 40.000000
V 412.000000 65.333333 100.000000 80.000000
V 502.000000 65.333333 40.000000 40.000000
V 592.000000 65.333333 100.000000 80.000000
V 2007.666667 57.000000 30.000000 30.000000
V 2240.000000 57.000000 100.000000 80.000000
V 112.000000 58.666667 100.000000 80.000000
V 2324.000000 98.416667 28.000000 28.000000
V 27.000000 58.666667 30.000000 30.000000
V 292.000000 52.000000 100.000000 80.000000
V 2351.500000 43.666667 83.000000 41.500000
V 2547.000000 57.000000 28.000000 28.000000
V 2463.000000 57.000000 100.000000 80.000000
E 0 3
E 1 2
E 3 1
E 13 1
E 2 6
E 2 14
E 3 12
U 11 4
E 6 5
E 5 7
E 21 6
E 7 10
E 7 11
E 8 9
E 10 8
E 11 8
E 11 22
E 12 15
E 13 14
E 15 13
E 14 17
E 15 16
E 17 30
E 18 19
E 24 18
E 18 27
E 19 20
E 27 19
E 20 21
E 21 22
E 22 23
E 23 25
E 23 28
E 26 24
E 28 30
E 30 29
G 1475462886.json 27 27
V 238.000000 337.575757 30.000000 30.000000
V 347.545454 290.909090 100.000000 80.000000
V 157.500000 277.575757 191.000000 50.000000
V 359.818181 175.454545 173.636362 110.909090
V 516.636362 406.363635 100.000000 80.000000
V 516.636362 175.454545 100.000000 80.000000
V 480.636362 73.333333 28.000000 28.000000
V 287.000000 26.000000 28.000000 28.000000
V 382.090908 80.000000 40.000000 40.000000
V 27.000000 32.666667 30.000000 30.000000
V 182.666667 32.666667 40.000000 40.000000
V 359.818181 406.363635 173.636362 110.909090
V 636.636362 187.886363 100.000000 74.590906
V 726.636362 187.886363 40.000000 40.000000
V 816.636362 281.219696 100.000000 80.000000
V 906.636362 187.886363 40.000000 40.000000
V 816.636362 181.219696 100.000000 80.000000
V 996.636362 187.886363 100.000000 74.590906
V 1086.636362 187.886363 40.000000 40.000000
V 1176.636362 281.219696 100.000000 80.000000
V 1176.636362 181.219696 100.000000 80.000000
V 1476.636362 274.553029 100.000000 80.000000
V 1596.636362 274.553029 100.000000 80.000000
V 1476.636362 374.553029 100.000000 80.000000
V 1596.636362 374.553029 100.000000 80.000000
V 1386.636362 281.219696 40.000000 40.000000
V 1296.636362 281.219696 100.000000 80.000000
E 0 1
U 2 1
E 1 5
U 3 5
U 11 4
E 4 12
E 8 5
E 5 12
E 8 6
E 10 7
E 10 8
E 9 10
E 12 13
E 13 14
E 13 16
E 14 15
E 16 15
E 15 17
E 17 18
E 18 19
E 18 20
E 19 26
E 21 22
E 25 21
E 23 24
E 25 23
E 26 25
G 1483343463.json 34 37
V 27.000000 146.500000 30.000000 30.000000
V 90.000000 146.500000 56.000000 50.000000
V 158.000000 146.500000 40.000000 40.000000
V 226.000000 182.500000 56.000000 50.000000
V 514.000000 146.500000 56.000000 50.000000
V 294.000000 182.500000 40.000000 40.000000
V 370.000000 245.833333 72.000000 50.000000
V 370.000000 175.833333 56.000000 50.000000
V 582.000000 146.500000 40.000000 40.000000
V 658.000000 139.833333 72.000000 50.000000
V 440.000000 245.833333 28.000000 28.000000
V 728.000000 139.833333 28.000000 28.000000
V 1342.000000 288.166667 72.000000 50.000000
V 1444.666667 209.833333 40.000000 40.000000
V 446.000000 146.500000 40.000000 40.000000
V 1530.000000 151.500000 40.000000 40.000000
V 824.000000 303.166667 100.000000 80.000000
V 944.000000 303.166667 78.000000 80.000000
V 1034.000000 209.833333 40.000000 40.000000
V 1113.000000 209.833333 78.000000 50.000000
V 658.000000 209.833333 72.000000 50.000000
V 734.000000 209.833333 40.000000 40.000000
V 1232.000000 209.833333 40.000000 40.000000
V 1342.000000 203.166667 100.000000 80.000000
V 944.000000 203.166667 100.000000 80.000000
V 1222.000000 52.166667 100.000000 80.000000
V 1778.000000 45.500000 100.000000 67.000000
V 1352.000000 81.500000 40.000000 40.000000
V 1862.000000 45.500000 28.000000 28.000000
V 1451.000000 144.833333 78.000000 50.000000
V 1451.000000 74.833333 72.000000 50.000000
V 1524.000000 74.833333 28.000000 28.000000
V 1688.000000 45.500000 40.000000 40.000000
V 1609.000000 151.500000 78.000000 67.000000
E 0 1
E 1 2
E 2 3
E 2 14
E 3 5
E 4 8
E 14 4
E 5 6
E 5 7
E 6 10
E 7 14
E 8 9
E 8 20
E 9 11
E 12 13
E 22 12
E 13 15
E 23 13
E 29 15
E 15 33
E 16 17
E 21 16
E 17 18
E 18 19
E 24 18
E 19 22
E 20 21
E 21 24
E 22 23
E 25 27
E 32 25
E 26 28
E 32 26
E 27 29
E 27 30
E 30 31
E 33 32
G 1485268086.json 15 17
V 142.000000 145.333333 40.000000 40.000000
V 232.000000 352.000000 100.000000 80.000000
V 592.000000 338.666667 100.000000 80.000000
V 720.500000 276.000000 117.000000 84.000000
V 472.000000 338.666667 100.000000 80.000000
V 232.000000 252.000000 100.000000 80.000000
V 142.000000 345.333333 40.000000 40.000000
V 322.000000 345.333333 40.000000 40.000000
V 232.000000 152.000000 100.000000 80.000000
V 322.000000 145.333333 40.000000 40.000000
V 382.000000 338.666667 40.000000 40.000000
V 82.000000 338.666667 40.000000 40.000000
V 27.000000 338.666667 30.000000 30.000000
V 676.000000 352.000000 28.000000 28.000000
V 232.000000 52.000000 100.000000 80.000000
E 0 8
E 11 0
E 0 14
E 6 1
E 1 7
U 2 3
E 4 2
E 2 13
E 10 4
E 6 5
E 5 7
E 11 6
E 7 10
E 8 9
E 9 10
E 14 9
E 12 11
G 1489330663.json 21 25
V 252.000000 52.000000 100.000000 80.000000
V 167.000000 52.000000 30.000000 30.000000
V 372.000000 65.333333 100.000000 80.000000
V 502.000000 78.666667 100.000000 80.000000
V 282.000000 132.000000 40.000000 40.000000
V 372.000000 213.000000 100.000000 80.000000
V 287.000000 562.000000 30.000000 30.000000
V 372.000000 562.000000 100.000000 80.000000
V 502.000000 488.666667 100.000000 80.000000
V 622.000000 502.000000 100.000000 80.000000
V 742.000000 175.333333 100.000000 80.000000
V 32.000000 172.000000 40.000000 40.000000
V 132.000000 455.333333 100.000000 80.000000
V 142.000000 605.333333 40.000000 40.000000
V 372.000000 462.000000 100.000000 80.000000
V 242.000000 462.000000 40.000000 40.000000
V 132.000000 333.000000 100.000000 80.000000
V 262.000000 319.666667 40.000000 40.000000
V 372.000000 313.000000 100.000000 80.000000
V 336.000000 387.000000 28.000000 28.000000
V 472.000000 317.000000 40.000000 40.000000
E 1 0
E 0 2
E 2 3
E 4 2
E 3 4
E 4 5
E 5 20
E 6 7
E 7 8
E 8 9
E 14 8
E 9 10
E 13 9
E 10 11
E 11 12
E 11 13
E 12 15
E 13 15
E 15 14
E 14 20
E 16 17
E 20 16
E 17 18
E 17 19
E 18 20
G 1497265988.json 19 21
V 27.000000 352.666667 30.000000 30.000000
V 112.000000 352.666667 100.000000 80.000000
V 234.000000 366.000000 40.000000 40.000000
V 460.000000 386.000000 100.000000 80.000000
V 710.000000 392.666667 100.000000 80.000000
V 830.000000 195.666667 40.000000 40.000000
V 924.000000 195.666667 28.000000 28.000000
V 590.000000 347.500000 88.000000 97.000000
V 834.000000 412.666667 88.000000 97.000000
V 590.000000 254.000000 100.000000 50.000000
V 840.000000 319.166667 100.000000 50.000000
V 340.000000 169.000000 100.000000 80.000000
V 590.000000 169.000000 100.000000 80.000000
V 226.000000 277.500000 88.000000 97.000000
V 460.000000 123.833333 88.000000 97.000000
V 704.000000 60.500000 88.000000 97.000000
V 710.000000 154.000000 100.000000 50.000000
V 340.000000 372.666667 100.000000 80.000000
V 454.000000 277.500000 88.000000 97.000000
E 0 1
E 1 2
E 1 13
E 2 11
E 2 17
E 3 4
E 3 7
U 3 9
E 17 3
E 4 5
E 7 4
E 4 8
U 4 10
E 5 6
E 12 5
E 11 12
E 11 14
E 14 12
E 12 15
U 12 16
E 17 18
G 1501319438.json 23 26
V 27.000000 102.086500 30.000000 30.000000
V 112.000000 102.086500 100.000000 80.000000
V 550.333333 222.419833 30.000000 30.000000
V 472.000000 234.086500 40.000000 40.000000
V 606.000000 222.419833 28.000000 28.000000
V 730.333333 242.419833 30.000000 30.000000
V 822.000000 242.419833 30.000000 30.000000
V 1077.000000 237.419833 30.000000 30.000000
V 1126.000000 237.419833 28.000000 28.000000
V 197.000000 88.753167 30.000000 30.000000
V 282.000000 88.753167 100.000000 80.000000
V 372.000000 88.753167 40.000000 40.000000
V 462.000000 82.086500 100.000000 80.000000
V 462.000000 168.086500 100.000000 52.000000
V 552.000000 152.753167 40.000000 40.000000
V 606.000000 152.753167 28.000000 28.000000
V 552.000000 68.753167 30.000000 30.000000
V 642.000000 68.753167 100.000000 80.000000
V 822.000000 55.419833 100.000000 80.000000
V 923.000500 42.086500 62.001000 60.173000
V 967.000000 132.173000 150.000000 80.000000
V 732.000000 55.419833 40.000000 40.000000
V 1076.000000 118.839667 28.000000 28.000000
E 0 1
E 1 3
E 1 9
E 3 2
E 2 4
E 13 2
E 3 5
E 5 6
E 17 5
E 6 7
E 7 8
E 20 7
E 9 10
E 10 11
E 11 12
E 11 13
E 12 14
E 12 16
E 13 14
E 14 15
E 16 17
E 17 21
U 18 19
E 18 20
E 21 18
E 20 22
G 1505068405.json 17 19
V 217.000000 313.666667 30.000000 30.000000
V 321.500001 313.666667 139.000002 80.000000
V 467.000002 307.000000 40.000000 40.000000
V 346.250001 122.000000 40.000000 40.000000
V 212.000000 122.000000 40.000000 40.000000
V 122.000000 215.333333 100.000000 80.000000
V 32.000000 215.333333 40.000000 40.000000
V 581.000002 392.000000 100.000000 80.000000
V 122.000000 115.333333 100.000000 80.000000
V 461.000002 122.000000 100.000000 80.000000
V 589.000002 122.000000 116.000000 80.000000
V 687.000002 128.666667 40.000000 40.000000
V 589.000002 222.000000 100.000000 80.000000
V 777.000002 128.666667 100.000000 80.000000
V 861.000002 128.666667 28.000000 28.000000
V 581.000002 307.000000 100.000000 50.000000
V 461.000002 37.000000 100.000000 50.000000
E 0 1
E 1 2
E 3 2
E 2 7
E 2 12
U 2 15
E 4 3
E 3 9
U 3 16
E 5 4
E 8 4
E 6 5
E 7 6
E 6 8
E 9 10
E 10 11
E 12 11
E 11 13
E 13 14
G 1511954090.json 25 26
V 472.000000 73.333333 100.000000 80.000000
V 592.000000 100.000000 100.000000 80.000000
V 712.000000 160.115333 100.000000 80.000000
V 1432.000000 160.115333 100.000000 80.000000
V 1552.000000 160.115333 100.000000 80.000000
V 1996.000000 160.115333 28.000000 28.000000
V 892.000000 66.782000 100.000000 80.000000
V 1012.000000 166.782000 100.000000 80.000000
V 1012.000000 66.782000 100.000000 80.000000
V 892.000000 166.782000 100.000000 80.000000
V 1672.000000 160.115333 100.000000 80.000000
V 1792.000000 160.115333 100.000000 80.000000
V 1912.000000 160.115333 100.000000 80.000000
V 802.000000 160.115333 40.000000 40.000000
V 1342.000000 160.115333 40.000000 40.000000
V 490.999500 163.419833 62.001000 60.173000
V 27.000000 73.333333 30.000000 30.000000
V 112.000000 73.333333 100.000000 80.000000
V 232.000000 73.333333 100.000000 80.000000
V 352.000000 73.333333 100.000000 80.000000
V 556.000000 26.000000 28.000000 28.000000
V 1132.000000 166.782000 100.000000 80.000000
V 1252.000000 166.782000 100.000000 80.000000
V 1132.000000 66.782000 100.000000 80.000000
V 1252.000000 66.782000 100.000000 80.000000
E 0 1
E 19 0
E 0 20
E 1 2
U 15 1
E 2 13
U 15 2
E 3 4
E 14 3
E 4 10
E 12 5
E 6 8
E 13 6
E 9 7
E 7 21
E 8 23
E 13 9
E 10 11
E 11 12
E 22 14
E 24 14
E 16 17
E 17 18
E 18 19
E 21 22
E 23 24
G 151401569.json 40 41
V 27.000000 848.000000 30.000000 30.000000
V 112.000000 848.000000 100.000000 80.000000
V 270.500000 809.000000 28.000000 28.000000
V 231.000000 868.000000 78.000000 50.000000
V 384.000000 809.000000 30.000000 30.000000
V 483.000000 809.000000 128.000000 78.000000
V 637.000000 734.000000 120.000000 67.000000
V 768.000000 828.500000 150.000000 82.000000
V 1140.833333 842.166667 121.000000 85.000000
V 1344.000000 792.333333 28.000000 28.000000
V 1344.000000 856.333333 86.000000 60.000000
V 1422.000000 792.333333 30.000000 30.000000
V 1520.500000 792.333333 127.000000 80.000000
V 1788.000000 259.750000 72.000000 97.000000
V 1976.000000 132.000000 112.000000 100.000000
V 1970.000000 37.000000 100.000000 50.000000
V 1794.000000 812.333333 100.000000 80.000000
V 1979.000000 786.000000 118.000000 86.000000
V 1974.000000 586.000000 108.000000 122.000000
V 2095.333333 695.000000 112.000000 56.000000
V 2350.600000 825.666667 100.000000 80.000000
V 2577.000000 845.666667 192.000000 96.000000
V 2785.400000 832.333333 100.000000 80.000000
V 3127.000000 643.500000 64.000000 72.000000
V 3133.000000 852.333333 28.000000 28.000000
V 3331.000000 857.000000 100.000000 50.000000
V 2583.833333 629.666667 159.000000 78.000000
V 270.500000 730.500000 157.000000 89.000000
V 739.000000 630.500000 324.000000 100.000000
V 1101.000000 716.666667 360.000000 126.000000
V 1742.000000 707.833333 256.000000 89.000000
V 2058.000000 284.000000 276.000000 164.000000
V 2065.500000 445.500000 291.000000 119.000000
V 2577.000000 733.166667 200.000000 89.000000
V 2779.000000 616.666667 164.000000 105.000000
V 3076.000000 769.833333 370.000000 97.000000
V 3419.000000 655.500000 276.000000 133.000000
V 3359.500000 542.000000 157.000000 54.000000
V 3443.500000 777.000000 325.000000 70.000000
V 2339.000000 685.666667 216.000000 80.000000
E 0 1
E 1 2
E 1 3
U 1 27
E 2 4
E 4 5
U 5 6
E 5 7
U 5 28
E 7 8
U 7 29
E 8 9
E 8 10
E 9 11
E 11 12
E 12 13
E 12 16
U 12 30
U 13 14
U 13 15
U 13 31
U 16 17
U 16 18
E 16 19
E 16 20
U 16 32
E 19 20
U 19 39
E 20 21
E 20 26
U 20 33
E 21 22
E 22 23
E 22 24
E 26 22
U 22 35
U 23 36
U 23 37
U 24 25
U 24 38
U 26 34
G 1515719913.json 23 29
V 533.059999 74.666667 100.000000 50.000000
V 1114.119998 197.000000 100.000000 50.000000
V 878.589999 149.166667 71.059999 97.000000
V 878.589999 45.333333 40.000000 40.000000
V 763.059999 116.333333 40.000000 40.000000
V 994.119998 152.000000 100.000000 80.000000
V 307.530000 101.333333 40.000000 40.000000
V 533.059999 169.166667 71.059999 97.000000
V 117.000000 176.500000 30.000000 30.000000
V 166.000000 250.500000 28.000000 28.000000
V 112.000000 243.833333 40.000000 40.000000
V 32.000000 50.666667 40.000000 40.000000
V 1354.119998 145.333333 100.000000 80.000000
V 413.059999 94.666667 100.000000 80.000000
V 202.000000 176.500000 100.000000 80.000000
V 307.530000 189.833333 71.059999 97.000000
V 117.000000 126.500000 30.000000 30.000000
V 1104.119998 132.000000 40.000000 40.000000
V 773.059999 195.833333 100.000000 50.000000
V 653.059999 182.500000 100.000000 80.000000
V 1234.119998 132.000000 100.000000 80.000000
V 994.119998 52.000000 100.000000 80.000000
V 1114.119998 38.666667 100.000000 50.000000
U 13 0
U 5 1
E 2 5
E 2 21
E 4 3
E 3 5
E 11 3
E 3 21
E 13 4
E 19 4
E 5 17
E 11 6
E 6 13
E 14 6
E 6 19
E 13 7
E 7 19
E 8 14
E 10 9
E 11 10
E 10 14
E 12 11
E 20 12
E 14 15
E 16 14
E 17 20
E 21 17
U 19 18
U 21 22
G 1521212212.json 15 14
V 340.333333 197.000000 30.000000 30.000000
V 232.000000 202.000000 100.000000 50.000000
V 472.000000 197.000000 100.000000 80.000000
V 592.000000 197.000000 100.000000 80.000000
V 712.000000 197.000000 100.000000 80.000000
V 832.000000 197.000000 100.000000 80.000000
V 952.000000 125.333333 100.000000 50.000000
V 952.000000 210.333333 100.000000 80.000000
V 1036.000000 210.333333 28.000000 28.000000
V 27.000000 137.000000 30.000000 30.000000
V 112.000000 137.000000 100.000000 80.000000
V 352.000000 52.000000 100.000000 80.000000
V 249.500000 137.000000 30.000000 30.000000
V 352.000000 137.000000 100.000000 50.000000
V 436.000000 52.000000 28.000000 28.000000
U 1 0
E 0 2
E 12 0
E 2 3
E 3 4
E 4 5
U 5 6
E 5 7
E 7 8
E 9 10
E 10 12
E 12 11
E 11 14
U 12 13
G 1526037291.json 16 16
V 310.500000 225.000000 82.000000 68.000000
V 425.000000 225.000000 100.000000 68.000000
V 648.500000 46.000000 89.000000 67.000000
V 757.500000 46.000000 82.000000 67.000000
V 863.000000 46.000000 82.000000 59.000000
V 27.000000 225.000000 30.000000 30.000000
V 103.000000 225.000000 82.000000 70.000000
V 205.000000 225.000000 82.000000 68.000000
V 538.333333 213.333333 82.000000 70.000000
V 648.500000 213.333333 82.000000 67.000000
V 757.500000 201.666667 89.000000 70.000000
V 435.000000 136.000000 40.000000 40.000000
V 539.500000 46.000000 89.000000 68.000000
V 205.000000 124.833333 82.000000 67.000000
V 310.500000 136.000000 89.000000 70.000000
V 939.000000 46.000000 30.000000 30.000000
E 0 1
E 7 0
E 1 8
E 2 3
E 12 2
E 3 4
E 4 15
E 5 6
E 6 7
E 8 9
E 11 8
E 9 10
E 10 13
E 11 12
E 14 11
E 13 14
G 15293895.json 15 15
V 27.000000 199.333333 30.000000 30.000000
V 112.000000 199.333333 100.000000 80.000000
V 232.000000 199.333333 100.000000 80.000000
V 352.000000 212.666667 100.000000 80.000000
V 442.000000 212.666667 40.000000 40.000000
V 532.000000 52.000000 100.000000 80.000000
V 532.000000 219.333333 100.000000 80.000000
V 652.000000 52.000000 100.000000 80.000000
V 736.000000 52.000000 28.000000 28.000000
V 662.000000 219.333333 40.000000 40.000000
V 772.000000 226.000000 100.000000 80.000000
V 772.000000 126.000000 100.000000 80.000000
V 862.000000 219.333333 40.000000 40.000000
V 916.000000 219.333333 28.000000 28.000000
V 352.000000 127.666667 100.000000 50.000000
E 0 1
E 1 2
E 2 3
U 2 14
E 3 4
E 4 5
E 4 6
E 5 7
E 6 9
E 7 8
E 9 10
E 9 11
E 10 12
E 11 12
E 12 13
G 1530552264.json 17 16
V 292.000000 165.333333 100.000000 80.000000
V 412.000000 165.333333 100.000000 80.000000
V 652.000000 165.333333 100.000000 80.000000
V 892.000000 165.333333 100.000000 80.000000
V 772.000000 165.333333 100.000000 80.000000
V 1012.000000 165.333333 100.000000 80.000000
V 532.000000 165.333333 100.000000 80.000000
V 27.000000 58.666667 30.000000 30.000000
V 172.000000 152.000000 100.000000 80.000000
V 172.000000 52.000000 100.000000 80.000000
V 82.000000 58.666667 40.000000 40.000000
V 256.000000 52.000000 28.000000 28.000000
V 27.000000 258.666667 30.000000 30.000000
V 172.000000 252.000000 100.000000 80.000000
V 172.000000 352.000000 100.000000 80.000000
V 82.000000 258.666667 40.000000 40.000000
V 256.000000 352.000000 28.000000 28.000000
E 0 1
E 8 0
E 13 0
E 1 6
E 2 4
E 6 2
E 4 3
E 3 5
E 7 10
E 10 8
E 10 9
E 9 11
E 12 15
E 15 13
E 15 14
E 14 16
G 1533403626.json 17 20
V 27.000000 294.333333 30.000000 30.000000
V 82.000000 294.333333 40.000000 40.000000
V 192.000000 52.000000 100.000000 80.000000
V 192.000000 176.333333 100.000000 80.000000
V 312.000000 256.333333 100.000000 80.000000
V 432.000000 256.333333 40.000000 40.000000
V 822.000000 256.333333 40.000000 40.000000
V 876.000000 256.333333 28.000000 28.000000
V 312.000000 176.333333 30.000000 30.000000
V 432.000000 176.333333 100.000000 80.000000
V 552.000000 139.666667 100.000000 80.000000
V 762.000000 103.000000 40.000000 40.000000
V 816.000000 96.333333 28.000000 28.000000
V 312.000000 52.000000 100.000000 80.000000
V 662.000000 183.000000 40.000000 40.000000
V 552.000000 52.000000 30.000000 30.000000
V 672.000000 103.000000 100.000000 80.000000
E 0 1
E 1 2
E 1 3
E 1 4
E 6 1
E 2 13
E 3 8
E 4 5
E 5 6
E 6 7
E 11 6
E 8 9
E 9 10
E 14 9
E 10 14
E 11 12
E 14 11
E 15 11
E 16 11
E 13 15
G 1535649265.json 22 27
V 112.000000 169.333333 100.000000 80.000000
V 232.000000 169.333333 100.000000 80.000000
V 442.000000 169.333333 40.000000 40.000000
V 352.000000 169.333333 100.000000 80.000000
V 1262.000000 52.666667 100.000000 80.000000
V 502.000000 176.000000 40.000000 40.000000
V 1562.000000 176.000000 100.000000 80.000000
V 592.000000 126.000000 100.000000 80.000000
V 682.000000 126.000000 40.000000 40.000000
V 772.000000 132.666667 100.000000 80.000000
V 862.000000 132.666667 40.000000 40.000000
V 1162.000000 132.666667 40.000000 40.000000
V 1382.000000 132.666667 100.000000 80.000000
V 1472.000000 176.000000 40.000000 40.000000
V 952.000000 74.000000 100.000000 80.000000
V 1042.000000 74.000000 40.000000 40.000000
V 1252.000000 132.666667 40.000000 40.000000
V 1102.000000 132.666667 40.000000 40.000000
V 1162.000000 67.333333 40.000000 40.000000
V 27.000000 169.333333 30.000000 30.000000
V 1646.000000 176.000000 28.000000 28.000000
V 1346.000000 52.666667 28.000000 28.000000
E 0 1
E 19 0
E 1 3
E 3 2
E 2 4
E 2 5
E 8 4
E 11 4
E 18 4
E 4 21
E 5 7
E 5 13
E 13 6
E 6 20
E 7 8
E 8 9
E 9 10
E 10 14
E 10 17
E 11 16
E 17 11
E 12 13
E 16 12
E 14 15
E 15 17
E 15 18
E 18 16
G 1537041370.json 17 16
V 232.000000 252.000000 100.000000 80.000000
V 712.000000 65.333333 100.000000 80.000000
V 362.000000 58.666667 40.000000 40.000000
V 472.000000 152.000000 100.000000 80.000000
V 892.000000 58.666667 30.000000 30.000000
V 1012.000000 58.666667 100.000000 50.000000
V 27.000000 58.666667 30.000000 30.000000
V 112.000000 58.666667 100.000000 80.000000
V 352.000000 252.000000 100.000000 80.000000
V 592.000000 65.333333 100.000000 80.000000
V 892.000000 152.166667 100.000000 80.000000
V 802.000000 65.333333 40.000000 40.000000
V 1096.000000 152.166667 28.000000 28.000000
V 1012.000000 152.166667 88.000000 97.000000
V 232.000000 58.666667 100.000000 80.000000
V 472.000000 252.000000 100.000000 80.000000
V 472.000000 52.000000 100.000000 80.000000
E 0 8
E 9 1
E 1 11
E 2 3
E 14 2
E 2 16
U 4 5
E 11 4
E 6 7
E 7 14
E 8 15
E 15 9
E 16 9
E 11 10
E 10 13
E 13 12
G 1565478566.json 15 15
V 112.000000 120.000000 28.000000 28.000000
V 69.000000 52.000000 114.000000 68.000000
V 166.000000 58.666667 40.000000 40.000000
V 731.000000 56.666667 114.000000 74.000000
V 1098.000000 56.666667 100.000000 80.000000
V 978.000000 56.666667 100.000000 80.000000
V 316.000000 152.000000 100.000000 80.000000
V 316.000000 52.000000 100.000000 80.000000
V 226.000000 58.666667 40.000000 40.000000
V 1316.000000 56.666667 28.000000 28.000000
V 1225.000000 56.666667 114.000000 80.000000
V 858.000000 56.666667 100.000000 80.000000
V 400.000000 56.666667 28.000000 28.000000
V 484.000000 56.666667 100.000000 80.000000
V 604.000000 56.666667 100.000000 80.000000
E 0 2
E 1 2
E 2 8
E 3 11
E 14 3
E 5 4
E 4 10
E 11 5
E 8 6
E 6 12
E 8 7
E 7 12
E 10 9
E 12 13
E 13 14
G 1580541538.json 19 18
V 112.000000 145.333333 100.000000 80.000000
V 322.000000 145.333333 40.000000 40.000000
V 412.000000 52.000000 100.000000 80.000000
V 412.000000 152.000000 100.000000 80.000000
V 232.000000 145.333333 100.000000 80.000000
V 812.000000 158.666667 100.000000 80.000000
V 727.000000 158.666667 30.000000 30.000000
V 27.000000 145.333333 30.000000 30.000000
V 1067.000000 158.666667 30.000000 30.000000
V 1152.000000 158.666667 100.000000 80.000000
V 727.000000 58.666667 30.000000 30.000000
V 812.000000 58.666667 100.000000 80.000000
V 1272.000000 158.666667 100.000000 80.000000
V 552.000000 152.000000 40.000000 40.000000
V 642.000000 158.666667 100.000000 80.000000
V 897.000000 158.666667 30.000000 30.000000
V 982.000000 158.666667 100.000000 80.000000
V 497.000000 152.000000 30.000000 30.000000
V 642.000000 58.666667 100.000000 80.000000
E 0 4
E 7 0
E 1 2
E 1 3
E 4 1
E 3 17
E 6 5
E 5 15
E 14 6
E 8 9
E 16 8
E 9 12
E 10 11
E 18 10
E 13 14
E 17 13
E 13 18
E 15 16
G 1584781235.json 15 15
V 27.000000 72.000000 30.000000 30.000000
V 112.000000 72.000000 100.000000 80.000000
V 726.000000 110.666667 28.000000 28.000000
V 232.000000 72.000000 100.000000 80.000000
V 322.000000 72.000000 40.000000 40.000000
V 462.000000 65.333333 100.000000 80.000000
V 582.000000 65.333333 100.000000 80.000000
V 672.000000 65.333333 40.000000 40.000000
V 377.000000 65.333333 30.000000 30.000000
V 727.000000 58.666667 30.000000 30.000000
V 782.000000 58.666667 40.000000 40.000000
V 872.000000 52.000000 100.000000 80.000000
V 872.000000 152.000000 100.000000 80.000000
V 956.000000 52.000000 28.000000 28.000000
V 956.000000 152.000000 28.000000 28.000000
E 0 1
E 1 3
E 4 2
E 7 2
E 3 4
E 4 8
E 5 6
E 8 5
E 6 7
E 7 9
E 9 10
E 10 11
E 10 12
E 11 13
E 12 14
G 1587972759.json 19 20
V 227.000000 52.000000 30.000000 30.000000
V 432.000000 52.000000 100.000000 80.000000
V 312.000000 52.000000 100.000000 80.000000
V 552.000000 52.000000 100.000000 80.000000
V 672.000000 52.000000 100.000000 80.000000
V 312.000000 246.333333 100.000000 80.000000
V 443.666667 246.333333 30.000000 30.000000
V 132.000000 253.000000 100.000000 80.000000
V 32.000000 243.000000 40.000000 40.000000
V 792.000000 52.000000 100.000000 80.000000
V 552.000000 251.333333 100.000000 80.000000
V 682.000000 251.333333 40.000000 40.000000
V 876.000000 258.000000 28.000000 28.000000
V 792.000000 258.000000 100.000000 80.000000
V 792.000000 158.000000 100.000000 80.000000
V 882.000000 102.000000 40.000000 40.000000
V 132.000000 153.000000 100.000000 80.000000
V 222.000000 246.333333 40.000000 40.000000
V 517.000000 176.333333 30.000000 30.000000
E 0 2
E 2 1
E 1 3
E 3 4
E 4 9
E 5 6
E 17 5
E 6 10
E 6 18
E 8 7
E 7 17
E 15 8
E 8 16
E 9 15
E 10 11
E 11 13
E 11 14
E 13 12
E 14 15
E 16 17
G 1592373073.json 20 19
V 27.000000 290.666667 30.000000 30.000000
V 82.000000 290.666667 40.000000 40.000000
V 182.000000 300.666667 100.000000 80.000000
V 182.000000 71.666667 100.000000 80.000000
V 182.000000 200.666667 100.000000 80.000000
V 302.000000 300.666667 40.000000 40.000000
V 266.000000 214.000000 28.000000 28.000000
V 392.000000 300.666667 40.000000 40.000000
V 447.000000 307.333333 30.000000 30.000000
V 447.000000 257.333333 30.000000 30.000000
V 502.000000 257.333333 40.000000 40.000000
V 592.000000 184.000000 100.000000 80.000000
V 602.000000 264.000000 40.000000 40.000000
V 712.000000 179.166667 100.000000 80.000000
V 796.000000 179.166667 28.000000 28.000000
V 712.000000 270.666667 71.000000 63.000000
V 796.000000 270.666667 28.000000 28.000000
V 266.000000 26.000000 28.000000 28.000000
V 302.000000 85.000000 100.000000 50.000000
V 302.000000 155.000000 100.000000 50.000000
E 0 1
E 1 2
E 1 3
E 1 4
E 2 5
E 3 17
U 3 18
E 4 6
U 4 19
E 5 7
E 7 8
E 7 9
E 9 10
E 10 11
E 10 12
E 12 13
E 12 15
E 13 14
E 15 16
G 1592496792.json 19 21
V 616.000000 138.666667 28.000000 28.000000
V 292.000000 289.666667 100.000000 80.000000
V 532.000000 138.666667 100.000000 80.000000
V 662.000000 266.333333 120.000000 100.000000
V 522.000000 283.000000 40.000000 40.000000
V 27.000000 188.666667 30.000000 30.000000
V 292.000000 52.000000 100.000000 80.000000
V 662.000000 58.666667 100.000000 80.000000
V 522.000000 58.666667 40.000000 40.000000
V 912.000000 58.666667 100.000000 80.000000
V 1032.000000 58.666667 100.000000 80.000000
V 1116.000000 58.666667 28.000000 28.000000
V 82.000000 188.666667 40.000000 40.000000
V 412.000000 125.333333 100.000000 80.000000
V 307.000000 188.666667 40.000000 40.000000
V 412.000000 239.666667 100.000000 80.000000
V 792.000000 58.666667 100.000000 80.000000
V 172.000000 52.000000 100.000000 80.000000
V 172.000000 188.666667 100.000000 80.000000
E 2 0
E 1 4
E 12 1
E 13 2
E 4 3
E 3 14
E 15 4
E 5 12
E 6 8
E 17 6
E 8 7
E 7 16
E 13 8
E 9 10
E 16 9
E 10 11
E 12 17
E 12 18
E 14 13
E 14 15
E 18 14
G 1593396733.json 16 15
V 145.875000 132.000000 100.000000 80.000000
V 265.875000 60.333333 100.000000 50.000000
V 265.875000 145.333333 100.000000 80.000000
V 43.937500 145.333333 63.875000 57.946000
V 505.875000 145.333333 100.000000 80.000000
V 590.875000 145.333333 30.000000 30.000000
V 735.875000 52.000000 100.000000 80.000000
V 385.875000 145.333333 100.000000 80.000000
V 855.875000 52.000000 100.000000 80.000000
V 645.875000 145.333333 40.000000 40.000000
V 735.875000 152.000000 100.000000 80.000000
V 975.875000 152.000000 100.000000 80.000000
V 855.875000 152.000000 30.000000 30.000000
V 1059.875000 152.000000 28.000000 28.000000
V 939.875000 52.000000 28.000000 28.000000
V 60.875000 81.360333 30.000000 30.000000
U 0 1
E 0 2
E 3 0
E 15 0
E 2 7
E 4 5
E 7 4
E 5 9
E 6 8
E 9 6
E 8 14
E 9 10
E 10 12
E 12 11
E 11 13
G 1599467602.json 30 38
V 27.000000 70.333333 30.000000 30.000000
V 112.000000 70.333333 100.000000 80.000000
V 487.000000 285.316668 30.000000 30.000000
V 572.000000 285.316668 100.000000 80.000000
V 662.000000 285.316668 40.000000 40.000000
V 872.000000 342.983334 100.000000 80.000000
V 752.000000 278.650001 100.000000 80.000000
V 1751.500000 203.000000 30.000000 30.000000
V 1880.000000 203.000000 100.000000 80.000000
V 2120.000000 189.666667 100.000000 80.000000
V 2010.000000 269.666667 40.000000 40.000000
V 2204.000000 276.333333 28.000000 28.000000
V 232.000000 57.000000 100.000000 80.000000
V 352.000000 57.000000 100.000000 80.000000
V 437.000000 57.000000 30.000000 30.000000
V 872.000000 65.333333 100.000000 80.000000
V 1652.000000 203.000000 100.000000 80.000000
V 1172.000000 58.666667 100.000000 80.000000
V 1412.000000 152.000000 100.000000 80.000000
V 1532.000000 152.000000 100.000000 80.000000
V 1766.000000 138.666667 88.000000 54.650001
V 2000.000000 189.666667 100.000000 80.000000
V 1302.000000 58.666667 40.000000 40.000000
V 1532.000000 52.000000 100.000000 80.000000
V 962.000000 65.333333 40.000000 40.000000
V 1052.000000 229.666667 100.000000 80.000000
V 1052.000000 58.666667 100.000000 80.000000
V 1172.000000 229.666667 100.000000 80.000000
V 1292.000000 229.666667 100.000000 80.000000
V 1409.000000 254.658334 94.000000 54.650001
E 0 1
E 1 2
E 1 12
E 2 3
E 14 2
E 3 4
E 4 5
E 4 6
E 5 11
E 6 7
E 6 15
E 7 8
E 16 7
E 23 7
E 8 10
E 8 21
E 10 9
E 9 11
E 20 9
E 21 9
E 10 11
E 12 13
E 13 14
E 14 15
E 15 24
E 19 16
E 28 16
E 17 22
E 26 17
E 18 19
E 22 18
E 19 20
E 22 23
E 24 25
E 24 26
E 25 27
E 27 28
E 28 29
G 1619599863.json 19 22
V 27.000000 174.333333 30.000000 30.000000
V 202.000000 174.333333 40.000000 40.000000
V 112.000000 174.333333 100.000000 80.000000
V 257.000000 181.000000 30.000000 30.000000
V 257.000000 40.333333 30.000000 30.000000
V 537.000000 42.000000 30.000000 30.000000
V 586.000000 42.000000 28.000000 28.000000
V 696.000000 179.333333 28.000000 28.000000
V 463.666667 186.000000 30.000000 30.000000
V 587.000000 186.000000 30.000000 30.000000
V 642.000000 179.333333 40.000000 40.000000
V 307.000000 104.333333 30.000000 30.000000
V 362.000000 104.333333 40.000000 40.000000
V 307.000000 50.333333 30.000000 30.000000
V 537.000000 111.000000 28.000000 28.000000
V 356.000000 50.333333 28.000000 28.000000
V 257.000000 94.333333 30.000000 30.000000
V 452.000000 111.000000 100.000000 80.000000
V 452.000000 37.000000 28.000000 28.000000
E 0 2
E 2 1
E 1 3
E 1 4
E 3 8
E 3 11
E 4 10
E 4 13
E 5 6
E 8 5
E 18 5
E 10 7
E 8 9
E 9 10
E 14 9
E 11 12
E 16 11
E 12 17
E 12 18
E 13 15
E 16 13
E 17 14
G 162334880.json 27 30
V 27.000000 58.666667 30.000000 30.000000
V 82.000000 58.666667 40.000000 40.000000
V 839.500000 58.666667 40.000000 40.000000
V 926.500000 58.666667 94.000000 44.850000
V 1643.500000 58.666667 100.000000 80.000000
V 1727.500000 58.666667 28.000000 28.000000
V 166.500000 184.550001 79.000000 63.000000
V 251.000000 184.550001 40.000000 40.000000
V 338.250000 177.883335 94.500000 54.000000
V 419.500000 177.883335 28.000000 28.000000
V 512.500000 214.883335 94.000000 44.850000
V 338.250000 109.033334 89.000000 43.700001
V 338.250000 45.333333 89.000000 43.700001
V 166.500000 52.000000 89.000000 43.700001
V 251.000000 52.000000 40.000000 40.000000
V 425.500000 52.000000 40.000000 40.000000
V 512.500000 52.000000 89.000000 61.850000
V 689.500000 122.258333 100.000000 59.850000
V 599.500000 52.000000 40.000000 40.000000
V 779.500000 52.000000 40.000000 40.000000
V 689.500000 45.333333 94.000000 54.000000
V 1043.500000 58.666667 100.000000 43.700001
V 1133.500000 58.666667 40.000000 40.000000
V 1523.500000 58.666667 100.000000 80.000000
V 1433.500000 58.666667 40.000000 40.000000
V 1223.500000 52.000000 100.000000 80.000000
V 1343.500000 52.000000 100.000000 80.000000
E 0 1
E 1 6
E 1 13
E 2 3
E 10 2
E 19 2
E 3 21
E 4 5
E 23 4
E 6 7
E 7 8
E 7 10
E 8 9
E 14 11
E 11 15
E 14 12
E 12 15
E 13 14
E 15 16
E 16 18
E 18 17
E 17 19
E 18 20
E 20 19
E 21 22
E 22 24
E 22 25
E 24 23
E 26 24
E 25 26
G 1624815366.json 19 19
V 1102.000000 111.500000 80.000000 53.000000
V 1102.000000 38.500000 80.000000 53.000000
V 1272.000000 104.833333 100.000000 80.000000
V 1182.000000 104.833333 40.000000 40.000000
V 1022.000000 104.833333 40.000000 40.000000
V 27.000000 104.833333 30.000000 30.000000
V 82.000000 104.833333 40.000000 40.000000
V 172.000000 104.833333 100.000000 80.000000
V 262.000000 104.833333 40.000000 40.000000
V 522.000000 104.833333 100.000000 80.000000
V 642.000000 104.833333 100.000000 80.000000
V 352.000000 104.833333 100.000000 80.000000
V 437.000000 104.833333 30.000000 30.000000
V 762.000000 104.833333 100.000000 80.000000
V 847.000000 104.833333 30.000000 30.000000
V 932.000000 104.833333 100.000000 80.000000
V 1357.000000 104.833333 30.000000 30.000000
V 1442.000000 104.833333 100.000000 80.000000
V 1526.000000 104.833333 28.000000 28.000000
E 0 3
E 4 0
E 1 3
E 4 1
E 3 2
E 2 16
E 15 4
E 5 6
E 6 7
E 7 8
E 8 11
E 9 10
E 12 9
E 10 13
E 11 12
E 13 14
E 14 15
E 16 17
E 17 18
G 163351557.json 18 22
V 27.000000 90.333333 30.000000 30.000000
V 112.000000 90.333333 100.000000 80.000000
V 282.000000 249.333333 30.000000 30.000000
V 870.000000 177.000000 100.000000 80.000000
V 954.000000 177.000000 28.000000 28.000000
V 197.000000 77.000000 30.000000 30.000000
V 282.000000 77.000000 100.000000 80.000000
V 406.000000 57.000000 88.000000 29.000000
V 406.000000 214.833333 88.000000 49.000000
V 520.000000 70.333333 100.000000 80.000000
V 414.000000 150.333333 40.000000 40.000000
V 520.000000 170.333333 100.000000 80.000000
V 750.000000 163.666667 28.000000 28.000000
V 660.000000 163.666667 40.000000 40.000000
V 605.000000 57.000000 30.000000 30.000000
V 750.000000 52.000000 100.000000 80.000000
V 660.000000 52.000000 30.000000 30.000000
V 834.000000 56.666667 28.000000 28.000000
E 0 1
E 1 2
E 1 5
E 2 3
E 3 4
E 12 3
E 5 6
E 6 7
E 6 8
E 6 10
E 7 9
E 8 11
E 10 9
E 9 14
E 17 9
E 10 11
E 11 13
E 13 12
E 14 13
E 14 16
E 16 15
E 15 17
G 1656408578.json 39 50
V 27.000000 348.666667 30.000000 30.000000
V 118.500000 348.666667 113.000000 80.000000
V 245.000000 348.666667 100.000000 80.000000
V 365.000000 348.666667 100.000000 80.000000
V 485.000000 335.333333 100.000000 80.000000
V 633.000000 335.333333 40.000000 40.000000
V 752.000000 328.666667 100.000000 80.000000
V 862.000000 335.333333 40.000000 40.000000
V 1002.000000 335.333333 40.000000 40.000000
V 1080.333333 297.000000 30.000000 30.000000
V 1172.000000 268.666667 100.000000 80.000000
V 1262.000000 275.333333 40.000000 40.000000
V 1362.000000 275.333333 40.000000 40.000000
V 1460.333333 263.666667 30.000000 30.000000
V 1598.500000 208.666667 113.000000 80.000000
V 1695.000000 208.666667 40.000000 40.000000
V 1775.000000 302.000000 40.000000 40.000000
V 1924.000000 188.666667 100.000000 80.000000
V 1928.500000 288.666667 127.000000 80.000000
V 2026.000000 188.666667 28.000000 28.000000
V 2027.000000 288.666667 30.000000 30.000000
V 280.000000 72.000000 30.000000 30.000000
V 365.000000 72.000000 100.000000 80.000000
V 485.000000 58.666667 100.000000 80.000000
V 618.500000 58.666667 127.000000 80.000000
V 872.000000 255.333333 100.000000 80.000000
V 762.000000 58.666667 40.000000 40.000000
V 992.000000 242.000000 100.000000 80.000000
V 1082.000000 58.666667 40.000000 40.000000
V 1695.000000 58.666667 40.000000 40.000000
V 1785.000000 152.000000 100.000000 80.000000
V 1785.000000 52.000000 100.000000 80.000000
V 1914.000000 45.333333 40.000000 40.000000
V 2026.000000 45.333333 28.000000 28.000000
V 1172.000000 58.666667 100.000000 80.000000
V 1262.000000 58.666667 40.000000 40.000000
V 1352.000000 195.333333 100.000000 80.000000
V 1472.000000 182.000000 100.000000 80.000000
V 1586.333333 58.666667 40.000000 40.000000
E 0 1
E 1 2
E 2 3
E 3 4
E 4 5
E 22 4
E 5 6
E 5 7
E 6 7
E 7 8
E 8 9
E 8 11
E 9 10
E 25 9
E 10 11
E 27 10
E 11 12
E 12 13
E 12 16
E 13 14
E 36 13
E 14 15
E 37 14
E 15 16
E 15 17
E 16 18
E 17 19
E 31 17
E 18 20
E 30 18
E 21 22
E 22 23
E 23 24
E 24 26
E 26 25
E 25 27
E 26 28
E 27 28
E 28 34
E 29 30
E 29 31
E 38 29
E 30 32
E 31 32
E 32 33
E 34 35
E 35 36
E 35 38
E 36 37
E 37 38
G 1664537844.json 17 17
V 27.000000 158.666667 30.000000 30.000000
V 120.000000 158.666667 116.000000 80.000000
V 256.000000 145.333333 116.000000 80.000000
V 134.000000 73.666667 88.000000 50.000000
V 354.000000 145.333333 40.000000 40.000000
V 444.000000 52.000000 100.000000 80.000000
V 444.000000 152.000000 100.000000 80.000000
V 1004.000000 152.000000 100.000000 80.000000
V 1105.937500 165.333333 63.875000 57.946000
V 1109.916667 96.360333 40.000000 40.000000
V 1171.875000 55.027000 28.000000 28.000000
V 1171.875000 103.027000 28.000000 28.000000
V 884.000000 152.000000 100.000000 80.000000
V 629.000000 91.333333 130.000000 96.000000
V 764.000000 91.333333 100.000000 80.000000
V 529.000000 91.333333 30.000000 30.000000
V 848.000000 78.000000 28.000000 28.000000
E 0 1
E 1 2
E 3 2
E 2 4
E 4 5
E 4 6
E 6 12
E 6 15
U 7 8
E 7 9
E 12 7
E 9 10
E 9 11
E 14 12
E 13 14
E 15 13
E 14 16
G 167550019.json 31 32
V 318.874999 357.403333 92.249999 100.000000
V 522.124998 62.000000 111.249999 100.000000
V 522.124998 297.345000 111.249999 100.000000
V 723.874996 546.655000 92.249999 100.000000
V 714.624996 302.000000 129.249999 100.000000
V 525.291664 666.655000 92.249999 100.000000
V 512.624998 546.655000 92.249999 100.000000
V 512.624998 426.655000 92.249999 100.000000
V 897.624994 426.655000 92.249999 100.000000
V 714.624996 683.321667 92.249999 100.000000
V 714.624996 422.000000 92.249999 100.000000
V 430.374999 666.655000 32.249999 27.930000
V 430.374999 546.655000 32.249999 27.930000
V 430.374999 426.655000 32.249999 27.930000
V 714.624996 182.000000 129.249999 100.000000
V 714.624996 62.000000 129.249999 100.000000
V 613.874996 297.345000 32.249999 27.930000
V 613.874996 62.000000 32.249999 27.930000
V 309.249999 536.655000 150.000000 100.000000
V 430.374999 378.725000 32.249999 27.930000
V 430.374999 292.690000 32.249999 27.930000
V 926.499994 666.655000 150.000000 100.000000
V 613.874996 542.000000 32.249999 27.930000
V 815.374994 426.655000 32.249999 27.930000
V 613.874996 683.321667 32.249999 27.930000
V 815.374994 683.321667 32.249999 27.930000
V 815.374994 635.391667 32.249999 27.930000
V 926.499994 546.655000 150.000000 100.000000
V 815.374994 546.655000 32.249999 27.930000
V 87.000000 357.403333 150.000000 100.000000
V 198.125000 357.403333 32.249999 27.930000
U 0 19
U 0 20
U 30 0
U 1 17
U 20 1
U 2 16
U 20 2
U 22 3
U 3 23
U 3 26
U 3 28
U 16 4
U 11 5
U 5 22
U 5 24
U 12 6
U 13 7
U 23 8
U 24 9
U 9 25
U 22 10
U 10 23
U 18 11
U 18 12
U 18 13
U 16 14
U 17 15
U 18 19
U 25 21
U 26 21
U 28 27
U 29 30
G 1677055815.json 27 33
V 27.000000 209.333333 30.000000 30.000000
V 104.000000 209.333333 84.000000 40.000000
V 686.000000 209.333333 100.000000 40.000000
V 799.500000 209.333333 87.000000 40.000000
V 1033.000000 209.333333 100.000000 40.000000
V 1156.500000 202.666667 87.000000 40.000000
V 1244.000000 209.333333 28.000000 28.000000
V 326.000000 87.000000 100.000000 40.000000
V 446.000000 87.000000 100.000000 40.000000
V 566.000000 87.000000 100.000000 40.000000
V 181.000000 179.333333 30.000000 30.000000
V 236.000000 179.333333 40.000000 40.000000
V 326.000000 186.000000 87.000000 40.000000
V 410.000000 186.000000 28.000000 28.000000
V 913.000000 80.333333 100.000000 40.000000
V 1033.000000 80.333333 100.000000 40.000000
V 1280.000000 85.333333 100.000000 60.000000
V 1392.000000 85.333333 84.000000 40.000000
V 1468.000000 78.666667 28.000000 28.000000
V 913.000000 156.000000 87.000000 40.000000
V 686.000000 32.000000 84.000000 40.000000
V 799.500000 32.000000 87.000000 40.000000
V 1156.500000 142.666667 87.000000 40.000000
V 1033.000000 149.333333 30.000000 30.000000
V 1497.500000 140.166667 87.000000 55.000000
V 601.000000 32.000000 30.000000 30.000000
V 1575.000000 140.166667 28.000000 28.000000
E 0 1
E 1 2
E 1 10
E 2 3
E 9 2
E 3 4
E 3 19
E 4 5
E 19 4
E 5 6
E 15 5
E 5 16
E 7 8
E 11 7
E 8 9
E 9 14
E 10 11
E 11 12
E 12 13
E 14 15
E 15 16
E 15 22
E 16 17
E 22 16
E 17 18
E 17 24
E 21 19
E 19 23
E 20 21
E 25 20
E 23 22
E 22 24
E 24 26
G 1692122698.json 25 25
V 27.000000 202.666667 30.000000 30.000000
V 112.000000 202.666667 100.000000 80.000000
V 252.000000 202.666667 140.000000 80.000000
V 362.000000 202.666667 40.000000 40.000000
V 472.000000 209.333333 140.000000 80.000000
V 582.000000 209.333333 40.000000 40.000000
V 851.500000 221.000000 135.000000 80.000000
V 472.000000 109.333333 140.000000 80.000000
V 576.000000 109.333333 28.000000 28.000000
V 692.000000 77.000000 140.000000 80.000000
V 796.000000 77.000000 28.000000 28.000000
V 710.333333 216.000000 30.000000 30.000000
V 851.500000 136.000000 139.000000 50.000000
V 961.000000 221.000000 40.000000 40.000000
V 1071.000000 227.666667 140.000000 80.000000
V 1175.000000 227.666667 28.000000 28.000000
V 1071.000000 128.666667 132.000000 78.000000
V 1181.000000 128.666667 40.000000 40.000000
V 1334.000000 122.000000 100.000000 80.000000
V 1236.000000 42.000000 30.000000 30.000000
V 1340.500000 37.000000 139.000000 50.000000
V 1450.000000 122.000000 40.000000 40.000000
V 1560.000000 128.666667 140.000000 80.000000
V 1504.000000 54.666667 28.000000 28.000000
V 1664.000000 128.666667 28.000000 28.000000
E 0 1
E 1 2
E 2 3
E 3 4
E 3 7
E 4 5
E 5 9
E 5 11
E 11 6
E 6 13
E 7 8
E 9 10
U 11 12
E 13 14
E 13 16
E 14 15
E 16 17
E 17 18
E 17 19
E 19 18
E 18 21
U 19 20
E 21 22
E 21 23
E 22 24
G 1698070163.json 20 21
V 27.000000 268.666667 30.000000 30.000000
V 112.000000 268.666667 100.000000 80.000000
V 197.000000 132.000000 30.000000 30.000000
V 197.000000 282.000000 30.000000 30.000000
V 282.000000 282.000000 100.000000 80.000000
V 412.000000 282.000000 40.000000 40.000000
V 522.000000 238.666667 100.000000 80.000000
V 632.000000 282.000000 40.000000 40.000000
V 732.000000 282.000000 40.000000 40.000000
V 906.000000 288.666667 28.000000 28.000000
V 822.000000 188.666667 100.000000 80.000000
V 822.000000 288.666667 100.000000 80.000000
V 292.000000 132.000000 40.000000 40.000000
V 522.000000 138.666667 100.000000 80.000000
V 606.000000 134.000000 28.000000 28.000000
V 402.000000 58.666667 100.000000 80.000000
V 532.000000 58.666667 40.000000 40.000000
V 642.000000 52.000000 100.000000 80.000000
V 726.000000 52.000000 28.000000 28.000000
V 907.000000 188.666667 30.000000 30.000000
E 0 1
E 1 2
E 1 3
E 2 12
E 3 4
E 4 5
E 5 6
E 5 7
E 6 7
E 7 8
E 8 10
E 8 11
E 11 9
E 10 19
E 12 13
E 12 15
E 13 14
E 16 14
E 15 16
E 16 17
E 17 18
G 1702894584.json 16 21
V 636.000000 194.000000 28.000000 28.000000
V 642.000000 262.666667 40.000000 40.000000
V 732.000000 115.333333 100.000000 80.000000
V 292.000000 168.666667 100.000000 80.000000
V 27.000000 62.000000 30.000000 30.000000
V 292.000000 68.666667 100.000000 80.000000
V 452.000000 38.666667 40.000000 40.000000
V 542.000000 52.000000 100.000000 80.000000
V 552.000000 196.000000 40.000000 40.000000
V 82.000000 62.000000 40.000000 40.000000
V 172.000000 106.333333 100.000000 80.000000
V 552.000000 256.000000 40.000000 40.000000
V 506.000000 142.000000 28.000000 28.000000
V 382.000000 68.666667 40.000000 40.000000
V 452.000000 148.666667 40.000000 40.000000
V 382.000000 155.333333 40.000000 40.000000
E 8 0
E 11 0
E 1 2
E 1 3
E 8 1
E 11 1
E 2 15
E 3 15
E 4 9
E 9 5
E 10 5
E 5 13
E 6 7
E 13 6
E 7 13
E 14 8
E 9 10
E 15 11
E 14 12
E 13 14
E 15 14
G 1704333812.json 18 20
V 27.000000 158.666667 30.000000 30.000000
V 256.000000 226.000000 28.000000 28.000000
V 112.000000 158.666667 100.000000 80.000000
V 202.000000 158.666667 40.000000 40.000000
V 472.000000 145.333333 100.000000 80.000000
V 592.000000 239.666667 100.000000 80.000000
V 292.000000 152.000000 100.000000 80.000000
V 382.000000 152.000000 40.000000 40.000000
V 712.000000 239.666667 100.000000 80.000000
V 602.000000 145.333333 40.000000 40.000000
V 712.000000 138.666667 100.000000 80.000000
V 832.000000 152.000000 100.000000 80.000000
V 922.000000 158.666667 40.000000 40.000000
V 1012.000000 145.333333 100.000000 80.000000
V 1132.000000 52.000000 100.000000 80.000000
V 832.000000 52.000000 100.000000 80.000000
V 922.000000 70.333333 40.000000 40.000000
V 976.000000 63.666667 28.000000 28.000000
E 0 2
E 3 1
E 2 3
E 3 6
E 7 4
E 4 9
E 7 5
E 5 8
E 6 7
E 8 12
E 9 10
E 9 11
E 10 11
E 11 12
E 12 13
E 13 14
E 16 13
E 14 15
E 15 16
E 16 17
G 1717858062.json 19 27
V 209.500000 139.333333 79.000000 40.000000
V 416.500000 213.666667 79.000000 40.000000
V 416.500000 126.000000 79.000000 40.000000
V 321.000000 139.333333 40.000000 40.000000
V 106.000000 146.000000 88.000000 82.000000
V 27.000000 141.000000 30.000000 30.000000
V 313.000000 58.333333 88.000000 82.000000
V 313.000000 220.333333 88.000000 82.000000
V 496.000000 207.000000 40.000000 40.000000
V 586.000000 207.000000 100.000000 80.000000
V 710.000000 317.000000 88.000000 82.000000
V 710.000000 215.000000 88.000000 82.000000
V 710.000000 53.000000 88.000000 82.000000
V 722.000000 134.000000 40.000000 40.000000
V 863.500000 303.666667 159.000000 80.000000
V 863.500000 201.666667 159.000000 80.000000
V 863.500000 66.333333 159.000000 80.000000
V 993.000000 293.666667 40.000000 40.000000
V 1047.000000 293.666667 28.000000 28.000000
E 0 3
E 4 0
E 5 0
E 0 6
E 0 7
E 3 1
E 7 1
E 1 8
E 3 2
E 6 2
E 2 8
E 5 4
E 8 9
E 9 10
E 9 11
E 9 12
E 9 13
E 10 14
E 11 15
E 12 16
E 13 14
E 13 15
E 13 16
E 14 17
E 15 17
E 16 17
E 17 18
G 1723927576.json 22 23
V 27.000000 567.666667 30.000000 30.000000
V 112.000000 567.666667 100.000000 80.000000
V 232.000000 567.666667 100.000000 80.000000
V 352.000000 567.666667 100.000000 80.000000
V 472.000000 567.666667 100.000000 80.000000
V 596.000000 472.500000 88.000000 97.000000
V 602.000000 581.000000 100.000000 80.000000
V 732.000000 364.000000 100.000000 80.000000
V 846.000000 364.000000 88.000000 97.000000
V 502.000000 354.000000 40.000000 40.000000
V 602.000000 263.000000 100.000000 80.000000
V 602.000000 364.000000 100.000000 80.000000
V 732.000000 263.000000 100.000000 80.000000
V 852.000000 249.666667 100.000000 80.000000
V 972.000000 249.666667 100.000000 80.000000
V 1092.000000 249.666667 100.000000 80.000000
V 1212.000000 236.333333 100.000000 80.000000
V 732.000000 63.000000 100.000000 80.000000
V 852.000000 63.000000 100.000000 80.000000
V 732.000000 163.000000 100.000000 80.000000
V 936.000000 63.000000 28.000000 28.000000
V 632.000000 153.000000 40.000000 40.000000
E 0 1
E 1 2
E 2 3
E 3 4
E 4 5
E 4 6
E 6 7
E 7 8
E 7 9
E 11 7
E 9 10
E 9 11
E 10 12
E 12 13
E 13 14
E 19 13
E 14 15
E 15 16
E 16 21
E 17 18
E 21 17
E 18 20
E 21 19
G 1728475411.json 16 18
V 556.250000 33.250000 87.000000 42.500000
V 332.000000 61.166667 100.000000 48.000000
V 447.375000 61.166667 90.750000 41.625000
V 27.000000 122.833333 30.000000 30.000000
V 187.000000 54.500000 30.000000 30.000000
V 236.000000 169.500000 28.000000 28.000000
V 82.000000 36.166667 40.000000 40.000000
V 182.000000 109.500000 40.000000 40.000000
V 82.000000 122.833333 40.000000 40.000000
V 182.000000 229.500000 40.000000 40.000000
V 242.000000 236.166667 40.000000 40.000000
V 187.000000 284.500000 30.000000 30.000000
V 325.500000 246.208333 87.000000 60.250000
V 82.000000 186.166667 40.000000 40.000000
V 182.000000 169.500000 40.000000 40.000000
V 242.000000 61.166667 40.000000 40.000000
E 2 0
E 0 6
E 1 2
E 15 1
E 3 8
E 4 15
E 14 5
E 6 7
E 6 14
E 8 7
E 7 15
E 8 9
E 9 10
E 13 9
E 11 10
E 10 12
E 12 13
E 13 14
G 1731579138.json 21 22
V 85.000000 108.333333 30.000000 30.000000
V 170.000000 121.666667 100.000000 80.000000
V 56.000000 191.833333 88.000000 97.000000
V 260.000000 121.666667 40.000000 40.000000
V 350.000000 62.666667 100.000000 50.000000
V 350.000000 195.666667 100.000000 80.000000
V 314.000000 121.666667 28.000000 28.000000
V 938.000000 87.166667 100.000000 80.000000
V 1058.000000 73.833333 100.000000 80.000000
V 1172.000000 60.500000 88.000000 97.000000
V 1142.000000 143.000000 28.000000 28.000000
V 578.000000 112.166667 100.000000 50.000000
V 578.000000 209.000000 100.000000 80.000000
V 698.000000 209.000000 100.000000 80.000000
V 812.000000 209.000000 88.000000 97.000000
V 818.000000 100.500000 100.000000 80.000000
V 1052.000000 182.333333 88.000000 97.000000
V 464.000000 195.666667 88.000000 97.000000
V 783.000000 292.500000 30.000000 30.000000
V 733.000000 87.166667 30.000000 30.000000
V 464.000000 112.166667 30.000000 30.000000
E 0 1
E 2 1
E 1 3
U 3 4
E 3 5
E 3 6
E 5 12
E 5 17
E 5 20
E 7 8
E 15 7
E 7 16
E 8 9
E 8 10
U 20 11
E 12 13
E 17 12
E 13 14
E 13 15
E 13 18
E 15 16
E 19 15
G 1733829694.json 18 17
V 582.000000 152.000000 100.000000 80.000000
V 672.000000 152.000000 40.000000 40.000000
V 762.000000 58.666667 100.000000 80.000000
V 762.000000 158.666667 100.000000 80.000000
V 497.000000 152.000000 30.000000 30.000000
V 202.000000 145.333333 40.000000 40.000000
V 112.000000 145.333333 100.000000 80.000000
V 292.000000 152.000000 100.000000 80.000000
V 292.000000 52.000000 100.000000 80.000000
V 412.000000 152.000000 100.000000 80.000000
V 847.000000 158.666667 30.000000 30.000000
V 932.000000 158.666667 100.000000 80.000000
V 847.000000 58.666667 30.000000 30.000000
V 932.000000 58.666667 100.000000 80.000000
V 1016.000000 58.666667 28.000000 28.000000
V 1016.000000 158.666667 28.000000 28.000000
V 27.000000 145.333333 30.000000 30.000000
V 376.000000 52.000000 28.000000 28.000000
E 0 1
E 4 0
E 1 2
E 1 3
E 2 12
E 3 10
E 9 4
E 6 5
E 5 7
E 5 8
E 16 6
E 7 9
E 8 17
E 10 11
E 11 15
E 12 13
E 13 14
G 1746801345.json 17 18
V 382.000000 152.000000 100.000000 80.000000
V 142.000000 295.333333 100.000000 80.000000
V 502.000000 302.000000 100.000000 80.000000
V 592.000000 302.000000 40.000000 40.000000
V 682.000000 208.666667 100.000000 80.000000
V 766.000000 208.666667 28.000000 28.000000
V 272.000000 58.666667 40.000000 40.000000
V 382.000000 52.000000 100.000000 80.000000
V 682.000000 308.666667 100.000000 80.000000
V 766.000000 308.666667 28.000000 28.000000
V 37.000000 58.666667 30.000000 30.000000
V 142.000000 58.666667 100.000000 80.000000
V 502.000000 202.000000 100.000000 80.000000
V 32.000000 283.333333 40.000000 40.000000
V 106.000000 141.333333 28.000000 28.000000
V 262.000000 295.333333 100.000000 80.000000
V 392.000000 295.333333 40.000000 40.000000
E 6 0
E 0 12
E 13 0
E 13 1
E 1 15
E 2 3
E 16 2
E 3 4
E 3 8
E 4 5
E 6 7
E 11 6
E 8 9
E 10 11
E 12 13
E 16 12
E 13 14
E 15 16
G 175550852.json 24 27
V 27.000000 333.839667 30.000000 30.000000
V 113.500000 333.839667 40.000000 40.000000
V 219.000000 270.919833 82.000000 43.000000
V 212.000000 404.089667 40.000000 40.000000
V 129.000000 410.756333 30.000000 30.000000
V 335.000000 404.089667 94.000000 43.500000
V 434.000000 333.839667 40.000000 40.000000
V 603.000000 152.833333 66.000000 43.000000
V 221.000000 55.000000 94.000000 44.000000
V 344.000000 55.000000 40.000000 40.000000
V 416.000000 48.333333 28.000000 28.000000
V 681.000000 48.000000 30.000000 30.000000
V 530.000000 152.833333 40.000000 40.000000
V 112.999500 263.753167 62.001000 60.173000
V 621.000000 96.333333 30.000000 30.000000
V 335.000000 333.839667 88.000000 57.000000
V 446.000000 146.166667 88.000000 44.000000
V 676.000000 103.000000 40.000000 40.000000
V 736.000000 48.000000 40.000000 40.000000
V 103.000000 183.666667 82.000000 60.000000
V 308.000000 167.000000 40.000000 40.000000
V 253.000000 112.000000 30.000000 30.000000
V 124.000000 32.000000 40.000000 40.000000
V 212.000000 167.000000 40.000000 40.000000
E 0 1
E 1 2
E 1 3
E 1 15
E 2 6
U 13 2
E 4 3
E 3 5
E 5 6
E 6 12
E 15 6
E 12 7
E 7 17
E 8 9
E 22 8
E 9 10
E 9 16
E 11 18
E 16 12
E 14 17
E 17 18
E 18 22
E 20 19
E 19 23
E 21 20
E 23 20
E 22 23
G 1757540025.json 24 27
V 1087.567910 52.000000 172.150865 80.000000
V 272.000000 315.333333 40.000000 40.000000
V 399.837493 225.333333 100.000000 80.000000
V 497.756239 238.666667 28.000000 28.000000
V 392.878120 325.333333 141.756239 80.000000
V 62.000000 425.333333 100.000000 80.000000
V 152.000000 425.333333 40.000000 40.000000
V 242.000000 432.000000 100.000000 80.000000
V 409.837493 432.000000 40.000000 40.000000
V 556.746239 338.666667 100.000000 80.000000
V 556.746239 438.666667 145.979999 80.000000
V 556.746239 164.666667 100.000000 80.000000
V 673.736238 151.333333 28.000000 28.000000
V 674.736238 352.000000 30.000000 30.000000
V 780.614357 352.000000 141.756239 80.000000
V 1087.567910 352.000000 100.000000 80.000000
V 674.736238 242.000000 30.000000 30.000000
V 1087.567910 252.000000 100.000000 80.000000
V 1207.643342 252.000000 28.000000 28.000000
V 780.614357 242.000000 100.000000 80.000000
V 936.492477 242.000000 40.000000 40.000000
V 1051.492477 152.000000 100.000000 80.000000
V 921.492477 352.000000 100.000000 80.000000
V 1207.643342 352.000000 28.000000 28.000000
E 0 1
E 20 0
E 1 2
E 1 4
E 2 3
E 2 11
E 4 9
E 5 6
E 6 7
E 6 11
E 7 8
E 8 9
E 8 10
E 9 13
E 9 16
E 10 16
E 11 12
E 11 16
E 13 14
E 14 22
E 22 15
E 15 23
E 16 19
E 17 18
E 20 17
E 19 20
E 20 21
G 1781718230.json 34 37
V 859.875000 307.416667 88.000000 48.500000
V 145.875000 254.083333 100.000000 80.000000
V 265.875000 254.083333 100.000000 80.000000
V 60.875000 267.416667 30.000000 30.000000
V 385.875000 267.416667 100.000000 80.000000
V 505.875000 267.416667 100.000000 80.000000
V 625.875000 280.750000 100.000000 80.000000
V 745.875000 294.083333 100.000000 80.000000
V 1243.875000 158.166667 100.000000 80.000000
V 1413.875000 158.166667 100.000000 80.000000
V 1527.875000 87.250000 88.000000 48.500000
V 619.875000 196.500000 88.000000 48.500000
V 367.812500 178.443667 63.875000 57.946000
V 43.937500 203.443667 63.875000 57.946000
V 739.875000 209.833333 88.000000 48.500000
V 869.541667 248.166667 30.000000 30.000000
V 1158.875000 158.166667 30.000000 30.000000
V 1328.875000 158.166667 30.000000 30.000000
V 1533.875000 171.500000 100.000000 80.000000
V 1665.875000 171.500000 28.000000 28.000000
V 1108.875000 153.166667 30.000000 30.000000
V 1653.875000 52.000000 100.000000 80.000000
V 938.875000 153.166667 30.000000 30.000000
V 1413.875000 52.000000 30.000000 30.000000
V 1738.875000 161.833333 30.000000 30.000000
V 1023.875000 153.166667 100.000000 80.000000
V 1787.875000 161.833333 28.000000 28.000000
V 1108.875000 253.166667 30.000000 30.000000
V 1023.875000 253.166667 100.000000 80.000000
V 1653.875000 253.166667 100.000000 80.000000
V 938.875000 253.166667 30.000000 30.000000
V 1402.208333 253.166667 30.000000 30.000000
V 1738.875000 248.166667 30.000000 30.000000
V 1787.875000 248.166667 28.000000 28.000000
E 7 0
E 1 2
E 3 1
U 13 1
E 2 4
U 2 12
E 4 5
E 5 6
E 5 11
E 6 7
E 6 14
E 7 15
E 16 8
E 8 17
E 9 10
E 17 9
E 9 18
E 15 22
E 15 30
E 20 16
E 27 16
E 17 23
E 17 31
E 18 19
E 19 24
E 19 32
E 25 20
E 23 21
E 21 24
E 22 25
E 24 26
E 28 27
E 27 31
E 30 28
E 31 29
E 29 32
E 32 33
G 1783359029.json 39 43
V 1552.000000 343.000000 100.000000 80.000000
V 1672.000000 343.000000 100.000000 80.000000
V 1972.000000 329.666667 100.000000 80.000000
V 2152.000000 323.000000 100.000000 80.000000
V 2062.000000 323.000000 40.000000 40.000000
V 1552.000000 143.000000 100.000000 80.000000
V 1682.000000 156.333333 40.000000 40.000000
V 1792.000000 63.000000 100.000000 80.000000
V 1792.000000 163.000000 100.000000 80.000000
V 2236.000000 323.000000 28.000000 28.000000
V 1882.000000 329.666667 40.000000 40.000000
V 1782.000000 336.333333 40.000000 40.000000
V 27.000000 429.666667 30.000000 30.000000
V 112.000000 429.666667 100.000000 80.000000
V 292.000000 436.333333 100.000000 80.000000
V 292.000000 285.333333 100.000000 80.000000
V 472.000000 443.000000 100.000000 80.000000
V 472.000000 343.000000 100.000000 80.000000
V 202.000000 429.666667 40.000000 40.000000
V 382.000000 436.333333 40.000000 40.000000
V 582.000000 436.333333 40.000000 40.000000
V 712.000000 436.333333 100.000000 80.000000
V 802.000000 436.333333 40.000000 40.000000
V 892.000000 343.000000 100.000000 80.000000
V 892.000000 443.000000 100.000000 80.000000
V 1012.000000 443.000000 100.000000 80.000000
V 382.000000 285.333333 40.000000 40.000000
V 712.000000 292.000000 100.000000 80.000000
V 472.000000 242.000000 100.000000 80.000000
V 592.000000 242.000000 100.000000 80.000000
V 1002.000000 336.333333 40.000000 40.000000
V 1672.000000 243.000000 100.000000 80.000000
V 1132.000000 336.333333 100.000000 80.000000
V 1222.000000 336.333333 40.000000 40.000000
V 1312.000000 343.000000 100.000000 80.000000
V 1462.000000 336.333333 40.000000 40.000000
V 1552.000000 243.000000 100.000000 80.000000
V 1402.000000 336.333333 40.000000 40.000000
V 1312.000000 243.000000 100.000000 80.000000
E 0 1
E 35 0
E 1 11
E 2 4
E 10 2
E 4 3
E 3 9
E 4 5
E 5 6
E 6 7
E 6 8
E 8 10
E 11 10
E 31 11
E 12 13
E 13 18
E 18 14
E 14 19
E 18 15
E 15 26
E 19 16
E 16 20
E 19 17
E 17 20
E 20 21
E 21 22
E 22 23
E 22 24
E 23 30
E 24 25
E 26 27
E 26 28
E 27 30
E 28 29
E 30 32
E 36 31
E 32 33
E 33 34
E 33 38
E 34 37
E 35 36
E 37 35
E 38 37
G 1809161681.json 39 40
V 498.000000 420.833333 30.000000 30.000000
V 664.000000 408.500000 140.000000 74.000000
V 931.833333 301.333333 133.000000 80.000000
V 498.000000 360.833333 152.000000 50.000000
V 1234.500000 314.666667 28.000000 28.000000
V 128.000000 420.833333 132.000000 77.000000
V 251.000000 482.333333 74.000000 55.000000
V 27.000000 420.833333 30.000000 30.000000
V 308.000000 420.833333 28.000000 28.000000
V 1533.750000 314.666667 133.000000 80.000000
V 1842.000000 413.166667 61.000000 83.000000
V 2006.000000 310.166667 100.000000 50.000000
V 2028.000000 413.166667 144.000000 116.000000
V 1778.500000 169.000000 100.000000 80.000000
V 2164.166667 169.000000 107.000000 46.000000
V 1542.000000 169.000000 118.000000 78.000000
V 1533.000000 61.000000 136.000000 98.000000
V 2453.200000 250.833333 100.000000 80.000000
V 2986.000000 279.500000 100.000000 80.000000
V 3346.666667 391.500000 60.000000 84.000000
V 2683.000000 250.833333 202.000000 92.000000
V 3352.000000 171.333333 28.000000 28.000000
V 3533.000000 86.500000 100.000000 50.000000
V 1430.000000 314.666667 30.000000 30.000000
V 2691.166667 355.666667 153.000000 74.000000
V 308.000000 343.833333 188.000000 86.000000
V 904.000000 420.833333 300.000000 119.000000
V 1234.500000 178.666667 321.000000 204.000000
V 1778.500000 314.666667 315.000000 74.000000
V 2061.000000 589.166667 210.000000 196.000000
V 2125.500000 70.000000 339.000000 112.000000
V 2678.500000 147.333333 193.000000 75.000000
V 2964.000000 142.000000 320.000000 155.000000
V 2909.000000 368.000000 210.000000 57.000000
V 3303.500000 279.500000 319.000000 100.000000
V 3617.500000 294.000000 269.000000 107.000000
V 3563.000000 405.500000 160.000000 76.000000
V 3573.000000 176.000000 180.000000 89.000000
V 2438.500000 161.333333 247.000000 59.000000
E 0 1
E 8 0
E 1 2
U 3 1
U 1 26
E 2 4
U 2 27
E 4 23
E 5 6
E 7 5
E 5 8
U 5 25
E 9 10
E 9 13
E 23 9
U 9 28
U 10 11
U 10 12
U 10 29
E 13 14
U 15 13
U 16 13
E 13 17
U 13 30
E 14 17
U 14 38
E 17 20
E 17 24
U 17 31
E 18 19
E 20 18
E 18 21
E 24 18
U 18 34
U 19 35
U 19 36
U 20 32
U 21 22
U 21 37
U 24 33
G 1809629195.json 34 38
V 275.000000 601.976190 92.000000 31.000000
V 1036.621392 408.333333 73.000000 40.000000
V 422.500000 496.142857 127.000000 32.000000
V 279.000000 442.142857 100.000000 54.000000
V 431.500000 433.142857 145.000000 54.000000
V 603.560696 272.333333 139.121392 32.000000
V 920.121392 401.666667 30.000000 30.000000
V 585.040464 446.809524 28.000000 28.000000
V 454.000000 267.000000 100.000000 50.000000
V 151.833333 585.476190 89.000000 60.000000
V 145.500000 433.142857 127.000000 46.000000
V 32.000000 525.476190 40.000000 40.000000
V 160.000000 515.476190 40.000000 40.000000
V 279.000000 522.142857 28.000000 28.000000
V 776.621392 148.500000 30.000000 30.000000
V 431.500000 109.000000 28.000000 28.000000
V 1140.121392 38.666667 40.000000 40.000000
V 1050.121392 148.500000 100.000000 80.000000
V 279.000000 52.000000 100.000000 80.000000
V 1159.121392 161.833333 78.000000 32.000000
V 405.000000 59.000000 92.000000 32.000000
V 920.121392 148.500000 120.000000 100.000000
V 1254.621392 161.833333 73.000000 54.000000
V 776.621392 338.666667 127.000000 32.000000
V 449.000000 332.000000 40.000000 40.000000
V 776.621392 199.500000 127.000000 32.000000
V 309.000000 218.000000 40.000000 40.000000
V 373.000000 208.000000 28.000000 28.000000
V 658.121392 397.809524 30.000000 30.000000
V 763.049963 401.666667 89.000000 54.000000
V 603.560696 158.500000 100.000000 40.000000
V 603.560696 338.666667 28.000000 28.000000
V 637.621392 496.309524 71.000000 31.000000
V 468.500000 158.500000 71.000000 31.000000
E 9 0
E 6 1
E 1 11
E 3 2
E 3 4
E 10 3
E 12 3
E 4 5
E 4 7
U 8 5
E 29 6
E 9 7
E 7 29
E 11 9
E 11 12
E 12 13
E 13 29
E 14 21
E 30 14
E 18 15
E 15 30
E 17 16
E 16 18
E 17 19
E 21 17
E 18 20
E 19 22
E 31 23
E 26 24
E 24 30
E 24 31
E 30 25
E 26 27
E 29 26
E 28 29
E 30 29
E 32 29
E 33 30
G 1810908620.json 34 38
V 27.000000 302.000000 30.000000 30.000000
V 1057.743964 238.666667 28.000000 28.000000
V 130.382993 302.000000 136.765986 80.000000
V 233.765986 288.666667 30.000000 30.000000
V 672.114981 345.333333 217.127997 80.000000
V 360.760671 252.000000 122.398117 80.000000
V 233.765986 238.666667 30.000000 30.000000
V 523.550982 252.000000 40.000000 40.000000
V 672.114981 245.333333 217.127997 80.000000
V 950.544305 252.000000 136.765986 80.000000
V 824.628646 252.000000 40.000000 40.000000
V 1112.126957 496.333333 30.000000 30.000000
V 1759.340037 496.333333 28.000000 28.000000
V 1261.709009 496.333333 122.398117 80.000000
V 1418.516059 496.333333 40.000000 40.000000
V 1534.124052 496.333333 40.000000 40.000000
V 1649.732045 496.333333 151.215985 80.000000
V 1214.509950 372.000000 28.000000 28.000000
V 826.603479 60.649500 51.849000 51.897000
V 948.135972 152.000000 136.765986 80.000000
V 948.135972 52.000000 136.765986 80.000000
V 1112.126957 65.333333 136.765986 80.000000
V 948.135972 358.666667 151.215985 80.000000
V 826.603479 358.666667 30.000000 30.000000
V 1112.126957 358.666667 136.765986 80.000000
V 233.765986 458.666667 30.000000 30.000000
V 376.158484 458.666667 214.784996 80.000000
V 1528.124052 270.000000 28.000000 28.000000
V 523.550982 458.666667 40.000000 40.000000
V 672.114981 452.000000 181.730504 80.000000
V 824.628646 458.666667 40.000000 40.000000
V 948.135972 458.666667 151.215985 80.000000
V 1418.516059 265.333333 151.215985 70.280004
V 1238.609479 265.333333 30.000000 30.000000
E 0 2
E 9 1
E 2 3
E 2 25
E 3 5
E 7 4
E 4 10
E 4 23
E 6 5
E 5 7
E 7 8
E 8 10
E 10 9
E 9 33
E 11 13
E 31 11
E 16 12
E 13 14
E 14 15
E 15 16
E 24 17
U 18 19
U 18 20
E 19 21
E 20 21
E 21 33
E 23 22
E 22 24
E 24 33
E 25 26
E 26 28
E 31 27
E 32 27
E 28 29
E 28 30
E 29 30
E 30 31
E 33 32
G 1816059780.json 34 35
V 112.000000 183.000000 100.000000 80.000000
V 232.000000 183.000000 100.000000 80.000000
V 343.000000 183.000000 82.000000 52.000000
V 1034.000000 189.666667 28.000000 28.000000
V 1118.000000 189.666667 100.000000 80.000000
V 1208.000000 189.666667 40.000000 40.000000
V 1298.000000 196.333333 100.000000 80.000000
V 2056.000000 203.000000 100.000000 80.000000
V 1966.000000 196.333333 40.000000 40.000000
V 1418.000000 196.333333 30.000000 30.000000
V 2266.000000 196.333333 40.000000 40.000000
V 2176.000000 203.000000 100.000000 80.000000
V 1792.000000 196.333333 28.000000 28.000000
V 1876.000000 196.333333 100.000000 80.000000
V 1418.000000 52.000000 100.000000 80.000000
V 1538.000000 52.000000 100.000000 80.000000
V 2056.000000 103.000000 100.000000 80.000000
V 2176.000000 103.000000 100.000000 80.000000
V 2416.000000 189.666667 100.000000 80.000000
V 2326.000000 189.666667 40.000000 40.000000
V 27.000000 183.000000 30.000000 30.000000
V 2536.000000 189.666667 100.000000 80.000000
V 2620.000000 189.666667 28.000000 28.000000
V 418.000000 183.000000 28.000000 28.000000
V 491.000000 183.000000 78.000000 92.000000
V 570.000000 183.000000 40.000000 40.000000
V 660.000000 89.666667 100.000000 80.000000
V 660.000000 189.666667 100.000000 80.000000
V 780.000000 189.666667 100.000000 80.000000
V 985.000000 189.666667 30.000000 30.000000
V 900.000000 189.666667 100.000000 80.000000
V 1538.000000 196.333333 28.000000 28.000000
V 1658.000000 196.333333 100.000000 80.000000
V 1743.000000 196.333333 30.000000 30.000000
E 0 1
E 20 0
E 1 2
E 2 23
E 3 4
E 29 3
E 4 5
E 5 6
E 5 14
E 6 9
E 8 7
E 7 11
E 13 8
E 8 16
E 9 31
E 11 10
E 17 10
E 10 19
E 12 13
E 33 12
E 14 15
E 15 19
E 16 17
E 19 18
E 18 21
E 21 22
E 23 24
E 24 25
E 25 26
E 25 27
E 27 28
E 28 30
E 30 29
E 31 32
E 32 33
G 1817059208.json 20 23
V 32.000000 59.500000 40.000000 40.000000
V 122.000000 152.833333 100.000000 80.000000
V 122.000000 52.833333 100.000000 80.000000
V 212.000000 59.500000 40.000000 40.000000
V 308.000000 59.500000 112.000000 95.000000
V 434.000000 59.500000 100.000000 80.000000
V 1129.500000 52.833333 100.000000 80.000000
V 1219.500000 52.833333 40.000000 40.000000
V 1297.250000 126.166667 53.000000 60.000000
V 1429.000000 46.166667 28.000000 28.000000
V 554.000000 59.500000 100.000000 95.000000
V 674.000000 59.500000 100.000000 80.000000
V 764.000000 59.500000 40.000000 40.000000
V 841.750000 131.333333 64.000000 51.000000
V 841.750000 52.833333 75.500000 66.000000
V 919.500000 59.500000 40.000000 40.000000
V 1009.500000 52.833333 100.000000 80.000000
V 1429.000000 161.500000 28.000000 28.000000
V 1297.250000 46.166667 75.500000 60.000000
V 1375.000000 52.833333 40.000000 40.000000
E 0 1
E 0 2
E 1 3
E 2 3
E 3 4
E 4 5
E 5 10
E 6 7
E 16 6
E 7 8
E 7 18
E 8 19
E 19 9
E 10 11
E 11 12
E 12 13
E 12 14
E 13 15
E 14 15
E 15 16
E 15 17
E 19 17
E 18 19
G 183220943.json 37 44
V 27.000000 58.666667 30.000000 30.000000
V 96.500000 58.666667 69.000000 80.000000
V 171.000000 58.666667 40.000000 40.000000
V 254.000000 152.000000 69.000000 80.000000
V 254.000000 52.000000 86.000000 80.000000
V 337.000000 58.666667 40.000000 40.000000
V 397.000000 58.666667 40.000000 40.000000
V 515.000000 116.666667 100.000000 50.000000
V 515.000000 185.416667 116.000000 47.500000
V 515.000000 252.916667 108.000000 47.500000
V 515.000000 46.666667 100.000000 50.000000
V 623.000000 120.666667 40.000000 40.000000
V 713.000000 120.666667 100.000000 80.000000
V 803.000000 120.666667 40.000000 40.000000
V 857.000000 188.000000 28.000000 28.000000
V 893.000000 114.000000 100.000000 80.000000
V 1021.000000 114.000000 116.000000 80.000000
V 1215.500000 256.000000 86.000000 50.000000
V 1119.000000 114.000000 40.000000 40.000000
V 1215.500000 181.000000 86.000000 60.000000
V 1215.500000 104.000000 93.000000 54.000000
V 1302.000000 181.000000 40.000000 40.000000
V 1392.000000 181.000000 100.000000 80.000000
V 1512.000000 181.000000 100.000000 80.000000
V 1632.000000 181.000000 100.000000 80.000000
V 1752.000000 181.000000 100.000000 80.000000
V 1942.000000 92.666667 100.000000 80.000000
V 1848.666667 181.000000 40.000000 40.000000
V 1942.000000 201.000000 100.000000 80.000000
V 2106.500000 156.000000 69.000000 50.000000
V 2106.500000 86.000000 69.000000 50.000000
V 2241.000000 99.333333 40.000000 40.000000
V 2295.000000 99.333333 28.000000 28.000000
V 2032.000000 92.666667 40.000000 40.000000
V 2181.000000 92.666667 40.000000 40.000000
V 1847.000000 79.333333 50.000000 60.000000
V 1849.500000 246.000000 45.000000 50.000000
E 0 1
E 1 2
E 2 3
E 2 4
E 3 5
E 4 5
E 5 6
E 6 7
E 6 8
E 6 9
E 6 10
E 7 11
E 8 11
E 9 11
E 10 11
E 11 12
E 12 13
E 13 14
E 13 15
E 15 16
E 16 18
E 18 17
E 17 21
E 18 19
E 18 20
E 19 21
E 20 21
E 21 22
E 22 23
E 23 24
E 24 25
E 25 27
E 27 26
E 26 33
E 35 26
E 27 28
E 28 31
E 36 28
E 33 29
E 29 34
E 33 30
E 30 34
E 31 32
E 34 31
G 1840058907.json 15 15
V 283.849000 32.666667 40.000000 40.000000
V 493.849000 93.333333 100.000000 80.000000
V 613.849000 106.666667 100.000000 80.000000
V 253.849000 305.897000 100.000000 80.000000
V 337.849000 305.897000 28.000000 28.000000
V 397.924500 145.948500 51.849000 51.897000
V 43.849000 305.897000 40.000000 40.000000
V 133.849000 305.897000 28.000000 28.000000
V 133.849000 93.333333 100.000000 80.000000
V 263.849000 93.333333 40.000000 40.000000
V 363.849000 80.000000 40.000000 40.000000
V 373.849000 231.897000 100.000000 80.000000
V 457.849000 231.897000 28.000000 28.000000
V 37.924500 80.000000 51.849000 51.897000
V 337.849000 26.000000 28.000000 28.000000
E 0 10
E 0 14
E 1 2
U 5 1
E 10 1
E 2 6
E 3 4
E 7 3
E 6 7
E 6 8
E 8 9
U 13 8
E 9 10
E 9 11
E 11 12
G 1857086375.json 19 21
V 167.000000 52.000000 30.000000 30.000000
V 132.000000 213.333333 100.000000 80.000000
V 612.000000 220.000000 100.000000 80.000000
V 702.000000 213.333333 40.000000 40.000000
V 252.000000 65.333333 100.000000 80.000000
V 142.000000 132.666667 40.000000 40.000000
V 216.000000 139.333333 28.000000 28.000000
V 382.000000 213.333333 40.000000 40.000000
V 492.000000 220.000000 100.000000 80.000000
V 612.000000 120.000000 100.000000 80.000000
V 252.000000 213.333333 100.000000 80.000000
V 372.000000 52.000000 100.000000 80.000000
V 32.000000 203.333333 40.000000 40.000000
V 792.000000 213.333333 100.000000 80.000000
V 882.000000 213.333333 40.000000 40.000000
V 972.000000 220.000000 100.000000 80.000000
V 1062.000000 213.333333 40.000000 40.000000
V 972.000000 120.000000 100.000000 80.000000
V 1116.000000 213.333333 28.000000 28.000000
E 0 4
E 1 10
E 12 1
E 2 3
E 8 2
E 9 3
E 3 13
E 5 4
E 4 11
E 5 6
E 12 5
E 7 8
E 7 9
E 10 7
E 11 12
E 13 14
E 14 15
E 14 17
E 15 16
E 17 16
E 16 18
G 1861246593.json 38 43
V 27.000000 231.250000 30.000000 30.000000
V 106.000000 231.250000 88.000000 55.000000
V 494.000000 238.333333 40.000000 40.000000
V 423.000000 145.500000 30.000000 30.000000
V 502.000000 145.500000 88.000000 43.000000
V 832.000000 91.333333 30.000000 30.000000
V 1262.000000 39.833333 30.000000 30.000000
V 1075.000000 96.333333 88.000000 43.000000
V 1341.000000 95.833333 88.000000 43.000000
V 423.000000 208.500000 30.000000 30.000000
V 597.500000 238.333333 63.000000 55.000000
V 996.000000 96.333333 30.000000 30.000000
V 342.000000 89.000000 40.000000 40.000000
V 1191.000000 96.333333 40.000000 40.000000
V 1262.000000 103.000000 30.000000 30.000000
V 914.000000 159.333333 94.000000 42.000000
V 832.000000 159.333333 30.000000 30.000000
V 1865.000000 39.500000 28.000000 28.000000
V 1638.000000 102.500000 30.000000 30.000000
V 1784.000000 39.500000 94.000000 42.000000
V 1559.000000 39.500000 88.000000 43.000000
V 1559.000000 102.500000 83.500000 43.000000
V 1670.000000 39.500000 94.000000 55.000000
V 1420.000000 95.833333 30.000000 30.000000
V 1475.000000 95.833333 40.000000 40.000000
V 195.000000 206.833333 30.000000 30.000000
V 250.000000 206.833333 40.000000 40.000000
V 334.000000 150.500000 88.000000 43.000000
V 597.500000 152.666667 30.000000 30.000000
V 669.000000 152.666667 40.000000 40.000000
V 753.000000 159.333333 88.000000 43.000000
V 753.000000 96.333333 88.000000 43.000000
V 1104.000000 34.833333 30.000000 30.000000
V 1183.000000 34.833333 88.000000 43.000000
V 334.000000 213.500000 88.000000 43.000000
V 996.000000 166.333333 30.000000 30.000000
V 669.000000 238.333333 30.000000 30.000000
V 723.000000 238.333333 28.000000 28.000000
E 0 1
E 2 1
E 1 12
E 1 25
E 9 2
E 2 10
E 3 4
E 12 3
E 27 3
E 4 5
E 4 28
E 5 11
E 31 5
E 6 8
E 13 6
E 33 6
E 11 7
E 7 13
E 14 8
E 8 23
E 12 9
E 34 9
E 10 36
E 15 11
E 13 14
E 16 15
E 15 35
E 30 16
E 19 17
E 21 18
E 22 19
E 20 22
E 24 20
E 24 21
E 23 24
E 25 26
E 26 27
E 26 34
E 28 29
E 29 30
E 29 31
E 32 33
E 36 37
G 1869180188.json 27 34
V 1105.000000 222.333333 100.000000 80.000000
V 1020.000000 209.000000 30.000000 30.000000
V 1199.000000 109.833333 28.000000 28.000000
V 675.000000 76.333333 100.000000 80.000000
V 435.000000 160.666667 100.000000 80.000000
V 775.000000 89.666667 40.000000 40.000000
V 32.000000 154.000000 40.000000 40.000000
V 565.000000 160.666667 40.000000 40.000000
V 92.000000 160.666667 40.000000 40.000000
V 212.000000 318.833333 40.000000 40.000000
V 313.500000 277.333333 103.000000 83.000000
V 1229.000000 158.833333 30.000000 30.000000
V 429.000000 277.333333 40.000000 40.000000
V 865.000000 277.333333 40.000000 40.000000
V 985.000000 134.000000 100.000000 80.000000
V 985.000000 284.000000 100.000000 80.000000
V 1069.000000 134.000000 28.000000 28.000000
V 1069.000000 297.333333 28.000000 28.000000
V 675.000000 284.000000 100.000000 80.000000
V 775.000000 284.000000 30.000000 30.000000
V 555.000000 284.000000 100.000000 80.000000
V 865.000000 197.333333 100.000000 80.000000
V 1343.000000 83.000000 100.000000 80.000000
V 313.500000 63.000000 100.000000 80.000000
V 324.000000 167.333333 40.000000 40.000000
V 182.000000 167.333333 100.000000 80.000000
V 1229.000000 242.333333 88.000000 97.000000
E 1 0
E 0 2
E 0 11
E 15 0
E 0 26
E 3 5
E 7 3
E 22 3
E 23 3
E 4 7
E 24 4
E 6 5
E 7 5
E 5 21
E 5 22
E 6 8
E 8 23
E 8 25
E 9 10
E 9 12
E 21 9
E 10 12
E 11 22
E 12 13
E 12 20
E 24 12
E 13 14
E 13 15
E 19 13
E 14 16
E 15 17
E 18 19
E 20 18
E 25 24
G 1881079986.json 21 23
V 810.000000 65.333333 100.000000 80.000000
V 930.000000 65.333333 100.000000 80.000000
V 1020.000000 65.333333 40.000000 40.000000
V 1075.000000 58.666667 30.000000 30.000000
V 220.000000 58.666667 100.000000 80.000000
V 310.000000 58.666667 40.000000 40.000000
V 450.000000 152.000000 100.000000 80.000000
V 690.000000 152.000000 100.000000 80.000000
V 1294.000000 63.333333 28.000000 28.000000
V 1160.000000 58.666667 100.000000 80.000000
V 570.000000 152.000000 30.000000 30.000000
V 690.000000 52.000000 30.000000 30.000000
V 1075.000000 158.666667 30.000000 30.000000
V 1160.000000 158.666667 100.000000 80.000000
V 1245.000000 158.666667 30.000000 30.000000
V 106.000000 104.833333 88.000000 97.000000
V 1245.000000 58.666667 30.000000 30.000000
V 27.000000 50.333333 30.000000 30.000000
V 450.000000 52.000000 100.000000 80.000000
V 365.000000 52.000000 30.000000 30.000000
V 570.000000 52.000000 100.000000 80.000000
E 0 1
E 7 0
E 11 0
E 1 2
E 2 3
E 2 12
E 3 9
E 4 5
E 15 4
E 17 4
E 5 6
E 5 19
E 6 10
E 10 7
E 14 8
E 16 8
E 9 16
E 20 11
E 12 13
E 13 14
E 17 15
E 19 18
E 18 20
G 1890426431.json 18 20
V 27.000000 77.000000 30.000000 30.000000
V 112.000000 77.000000 100.000000 80.000000
V 703.937500 149.461267 63.875000 57.946000
V 202.000000 63.666667 40.000000 40.000000
V 292.000000 57.000000 100.000000 80.000000
V 292.000000 157.000000 100.000000 80.000000
V 376.000000 97.000000 28.000000 28.000000
V 412.000000 264.666667 100.000000 80.000000
V 316.075500 278.000000 51.849000 51.897000
V 502.000000 264.666667 40.000000 40.000000
V 592.000000 258.000000 100.000000 80.000000
V 592.000000 463.833333 100.000000 80.000000
V 686.000000 402.500000 28.000000 28.000000
V 686.000000 450.500000 28.000000 28.000000
V 716.000000 533.000000 88.000000 97.000000
V 716.000000 250.000000 88.000000 97.000000
V 412.000000 37.000000 100.000000 50.000000
V 722.000000 343.500000 100.000000 50.000000
E 0 1
U 1 2
E 1 3
U 4 2
U 5 2
U 10 2
E 3 4
E 3 5
E 4 6
U 4 16
E 5 7
U 8 7
E 7 9
E 9 10
E 9 11
E 10 12
E 10 15
U 10 17
E 11 13
E 11 14
G 1895814048.json 40 49
V 952.000000 766.333333 100.000000 80.000000
V 1132.000000 773.000000 100.000000 80.000000
V 1132.000000 673.000000 100.000000 80.000000
V 1262.000000 673.000000 100.000000 80.000000
V 1042.000000 766.333333 40.000000 40.000000
V 1402.000000 383.000000 100.000000 80.000000
V 1402.000000 583.000000 100.000000 80.000000
V 1402.000000 783.000000 100.000000 80.000000
V 1277.000000 773.000000 40.000000 40.000000
V 1492.000000 383.000000 40.000000 40.000000
V 1582.000000 289.666667 100.000000 80.000000
V 1582.000000 389.666667 100.000000 80.000000
V 1492.000000 583.000000 40.000000 40.000000
V 1582.000000 489.666667 100.000000 80.000000
V 1582.000000 589.666667 100.000000 80.000000
V 1492.000000 783.000000 40.000000 40.000000
V 1582.000000 689.666667 100.000000 80.000000
V 1582.000000 789.666667 100.000000 80.000000
V 1782.000000 586.809524 100.000000 80.000000
V 1692.000000 586.809524 40.000000 40.000000
V 292.000000 753.000000 100.000000 80.000000
V 592.000000 759.666667 100.000000 80.000000
V 207.000000 753.000000 30.000000 30.000000
V 382.000000 753.000000 40.000000 40.000000
V 472.000000 240.000000 100.000000 80.000000
V 472.000000 759.666667 100.000000 80.000000
V 952.000000 291.000000 100.000000 80.000000
V 832.000000 766.333333 100.000000 80.000000
V 722.000000 759.666667 40.000000 40.000000
V 712.000000 240.000000 100.000000 80.000000
V 1402.000000 283.000000 100.000000 80.000000
V 27.000000 733.000000 30.000000 30.000000
V 112.000000 733.000000 100.000000 80.000000
V 1582.000000 125.666667 100.000000 80.000000
V 1490.333333 43.000000 30.000000 30.000000
V 292.000000 38.000000 30.000000 30.000000
V 1262.000000 89.000000 100.000000 80.000000
V 1262.000000 190.000000 100.000000 80.000000
V 1162.000000 180.000000 40.000000 40.000000
V 1367.000000 84.000000 30.000000 30.000000
E 0 4
E 27 0
E 4 1
E 1 8
E 2 3
E 4 2
E 3 30
E 8 5
E 5 9
E 8 6
E 6 12
E 8 7
E 7 15
E 9 10
E 9 11
E 10 19
E 11 19
E 12 13
E 12 14
E 13 19
E 14 19
E 15 16
E 15 17
E 16 19
E 17 19
E 19 18
E 22 20
E 20 23
E 25 21
E 21 28
E 32 22
E 23 24
E 23 25
E 24 29
E 28 26
E 26 30
E 28 27
E 29 30
E 30 34
E 37 30
E 31 32
E 32 35
E 39 32
E 34 33
E 33 38
E 35 34
E 38 36
E 36 39
E 38 37
G 190317640.json 21 24
V 27.000000 55.333333 30.000000 30.000000
V 112.000000 55.333333 100.000000 80.000000
V 202.000000 55.333333 40.000000 40.000000
V 556.000000 132.000000 100.000000 80.000000
V 646.000000 132.000000 40.000000 40.000000
V 736.000000 132.000000 100.000000 80.000000
V 1080.000000 145.333333 40.000000 40.000000
V 1551.000000 145.333333 114.000000 80.000000
V 1642.000000 145.333333 28.000000 28.000000
V 940.000000 52.000000 28.000000 28.000000
V 1424.000000 145.333333 100.000000 80.000000
V 369.000000 225.333333 100.000000 80.000000
V 369.000000 125.333333 114.000000 80.000000
V 856.000000 52.000000 100.000000 80.000000
V 983.000000 138.666667 114.000000 80.000000
V 1170.000000 145.333333 100.000000 80.000000
V 1297.000000 145.333333 114.000000 80.000000
V 726.000000 52.000000 40.000000 40.000000
V 846.000000 138.666667 40.000000 40.000000
V 272.000000 132.000000 40.000000 40.000000
V 466.000000 132.000000 40.000000 40.000000
E 0 1
E 1 2
E 2 6
E 2 17
E 2 19
E 3 4
E 20 3
E 4 5
E 4 17
E 4 18
E 5 18
E 14 6
E 6 15
E 7 8
E 10 7
E 13 9
E 16 10
E 19 11
E 11 20
E 19 12
E 12 20
E 17 13
E 18 14
E 15 16
G 1909657433.json 20 21
V 352.000000 98.666667 100.000000 80.000000
V 832.000000 85.333333 100.000000 80.000000
V 712.000000 98.666667 100.000000 80.000000
V 1192.000000 85.333333 100.000000 80.000000
V 532.000000 192.000000 100.000000 80.000000
V 1012.000000 178.666667 100.000000 80.000000
V 532.000000 92.000000 100.000000 80.000000
V 1312.000000 157.000000 100.000000 80.000000
V 1396.000000 157.000000 28.000000 28.000000
V 1012.000000 78.666667 100.000000 80.000000
V 832.000000 170.333333 100.000000 50.000000
V 1312.000000 72.000000 100.000000 50.000000
V 442.000000 98.666667 40.000000 40.000000
V 622.000000 98.666667 40.000000 40.000000
V 232.000000 98.666667 30.000000 30.000000
V 1102.000000 85.333333 40.000000 40.000000
V 922.000000 85.333333 40.000000 40.000000
V 27.000000 52.000000 30.000000 30.000000
V 112.000000 52.000000 100.000000 80.000000
V 232.000000 38.666667 100.000000 50.000000
E 0 12
E 14 0
E 2 1
E 1 16
U 2 10
E 13 2
E 3 7
U 3 11
E 15 3
E 12 4
E 4 13
E 5 15
E 16 5
E 12 6
E 6 13
E 7 8
E 9 15
E 16 9
E 18 14
E 17 18
U 18 19
G 1915313449.json 22 23
V 1360.214405 355.074877 161.709999 71.591087
V 1481.069404 355.074877 40.000000 40.000000
V 1576.569404 287.741544 111.000000 80.000000
V 1239.359405 355.074877 30.000000 30.000000
V 1535.069404 361.741544 28.000000 28.000000
V 970.326903 125.741544 145.355001 71.591087
V 986.100654 323.143029 113.807501 71.591087
V 1294.359405 201.741544 30.000000 30.000000
V 1126.181904 125.741544 100.000000 80.000000
V 827.649403 112.408210 100.000000 80.000000
V 1667.069404 282.741544 30.000000 30.000000
V 929.586903 40.973000 63.875000 57.946000
V 1126.181904 335.074877 126.355001 80.000000
V 1239.359405 206.741544 40.000000 40.000000
V 483.928602 103.505733 169.147201 53.414861
V 630.248939 38.980779 83.493474 53.440001
V 673.075803 112.408210 169.147201 53.414861
V 125.177501 96.839067 126.355001 71.591087
V 27.000000 96.839067 30.000000 30.000000
V 359.355001 96.839067 40.000000 40.000000
V 263.855001 96.839067 111.000000 71.591087
V 413.355001 42.798303 28.000000 28.000000
E 0 1
E 3 0
E 1 2
E 1 4
E 2 10
E 12 3
E 5 8
E 9 5
E 7 6
E 6 12
E 13 7
E 8 13
U 9 11
E 16 9
E 10 12
E 12 13
E 14 15
E 14 16
E 19 14
E 18 17
E 17 20
E 20 19
E 19 21
G 1926751503.json 25 29
V 174.501000 155.419833 100.000000 80.000000
V 1004.667500 112.086500 62.001000 60.173000
V 43.000500 268.753167 62.001000 60.173000
V 981.001000 362.839667 62.001000 60.173000
V 1290.001000 102.057667 374.000000 20.000000
V 167.667667 255.419833 100.000000 80.000000
V 809.001000 112.086500 100.000000 80.000000
V 981.001000 37.000000 204.000000 50.000000
V 953.667667 205.419833 40.000000 40.000000
V 1262.601000 205.419833 100.000000 80.000000
V 1579.501000 192.086500 165.000000 20.000000
V 1600.334333 242.086500 40.000000 40.000000
V 1732.001000 235.419833 100.000000 80.000000
V 1732.001000 389.592833 100.000000 80.000000
V 1816.001000 235.419833 28.000000 28.000000
V 724.001000 112.086500 30.000000 30.000000
V 54.001000 159.419833 40.000000 40.000000
V 174.501000 55.419833 141.000000 80.000000
V 295.001000 65.419833 40.000000 40.000000
V 385.001000 65.419833 100.000000 80.000000
V 637.667667 218.753167 40.000000 40.000000
V 809.001000 212.086500 100.000000 80.000000
V 809.001000 312.086500 100.000000 80.000000
V 893.001000 298.753167 28.000000 28.000000
V 597.001000 52.086500 284.000000 50.000000
E 16 0
E 0 18
U 1 4
E 6 1
E 1 9
U 2 5
E 3 9
E 22 3
E 16 5
E 5 18
U 6 7
E 6 8
E 15 6
E 8 9
E 21 8
U 9 10
E 9 11
E 11 12
E 11 13
E 12 14
E 13 16
E 16 17
E 17 18
E 18 19
E 19 20
U 19 24
E 20 21
E 20 22
E 22 23
G 1926754188.json 19 21
V 472.000000 245.333333 100.000000 80.000000
V 712.000000 245.333333 100.000000 80.000000
V 112.000000 84.666667 100.000000 80.000000
V 202.000000 84.666667 40.000000 40.000000
V 292.000000 152.000000 100.000000 80.000000
V 256.000000 78.000000 28.000000 28.000000
V 382.000000 152.000000 40.000000 40.000000
V 472.000000 145.333333 100.000000 80.000000
V 722.000000 145.333333 40.000000 40.000000
V 952.000000 152.000000 100.000000 80.000000
V 1042.000000 158.666667 40.000000 40.000000
V 1132.000000 145.333333 100.000000 80.000000
V 1252.000000 52.000000 100.000000 80.000000
V 1042.000000 70.333333 40.000000 40.000000
V 1096.000000 63.666667 28.000000 28.000000
V 27.000000 84.666667 30.000000 30.000000
V 952.000000 52.000000 100.000000 80.000000
V 592.000000 145.333333 100.000000 80.000000
V 832.000000 138.666667 100.000000 80.000000
E 0 1
E 6 0
E 1 10
E 2 3
E 15 2
E 3 4
E 3 5
E 4 6
E 6 7
E 7 17
E 8 9
E 17 8
E 8 18
E 9 10
E 18 9
E 10 11
E 11 12
E 13 11
E 12 16
E 13 14
E 16 13
G 1927244193.json 18 19
V 832.500000 210.500000 155.000000 79.000000
V 1007.500000 210.500000 141.000000 78.000000
V 535.000000 71.000000 30.000000 30.000000
V 1120.000000 210.500000 30.000000 30.000000
V 535.000000 136.000000 30.000000 30.000000
V 666.666667 203.833333 40.000000 40.000000
V 775.000000 131.000000 40.000000 40.000000
V 647.500000 71.000000 155.000000 80.000000
V 27.000000 142.666667 30.000000 30.000000
V 139.500000 142.666667 155.000000 80.000000
V 374.500000 136.000000 141.000000 80.000000
V 374.500000 236.000000 155.000000 80.000000
V 257.000000 142.666667 40.000000 40.000000
V 486.000000 236.000000 28.000000 28.000000
V 486.000000 136.000000 28.000000 28.000000
V 1007.500000 51.000000 155.000000 78.000000
V 832.500000 51.000000 30.000000 30.000000
V 1120.000000 56.000000 30.000000 30.000000
E 0 1
E 5 0
E 1 3
E 2 7
E 4 5
E 6 4
E 14 4
E 5 6
E 7 6
E 7 16
E 17 7
E 8 9
E 9 12
E 12 10
E 10 14
E 12 11
E 11 13
E 16 15
E 15 17
G 1930268276.json 19 21
V 529.000000 170.500000 100.000000 80.000000
V 649.000000 170.500000 100.000000 80.000000
V 1681.000000 77.166667 28.000000 28.000000
V 145.000000 77.166667 166.000000 80.000000
V 323.500000 77.166667 151.000000 80.000000
V 27.000000 77.166667 30.000000 30.000000
V 439.000000 77.166667 40.000000 40.000000
V 739.000000 77.166667 40.000000 40.000000
V 799.000000 77.166667 40.000000 40.000000
V 914.500000 70.500000 151.000000 80.000000
V 1030.000000 77.166667 40.000000 40.000000
V 1153.000000 77.166667 166.000000 102.000000
V 1276.000000 77.166667 40.000000 40.000000
V 1391.500000 207.500000 151.000000 117.000000
V 1391.500000 70.500000 138.000000 117.000000
V 1507.000000 77.166667 40.000000 40.000000
V 1597.000000 77.166667 100.000000 80.000000
V 529.000000 70.500000 100.000000 80.000000
V 649.000000 70.500000 100.000000 80.000000
E 0 1
E 6 0
E 1 7
E 16 2
E 3 4
E 5 3
E 4 6
E 6 17
E 7 8
E 18 7
E 8 9
E 8 10
E 9 10
E 10 11
E 11 12
E 12 13
E 12 14
E 13 15
E 14 15
E 15 16
E 17 18
G 1935584457.json 21 23
V 413.000000 227.000000 100.000000 80.000000
V 533.000000 227.000000 100.000000 80.000000
V 647.000000 240.333333 88.000000 59.000000
V 68.000000 289.666667 30.000000 30.000000
V 153.000000 276.333333 100.000000 80.000000
V 47.500000 234.666667 71.000000 40.000000
V 282.500000 300.333333 79.000000 40.000000
V 303.000000 133.666667 40.000000 40.000000
V 413.000000 127.000000 100.000000 80.000000
V 497.000000 127.000000 28.000000 28.000000
V 293.000000 240.333333 79.000000 40.000000
V 1001.000000 133.166667 100.000000 80.000000
V 1085.000000 133.166667 28.000000 28.000000
V 653.000000 150.833333 100.000000 80.000000
V 887.000000 164.166667 88.000000 40.000000
V 773.000000 150.833333 100.000000 80.000000
V 188.000000 38.666667 30.000000 30.000000
V 617.000000 38.666667 28.000000 28.000000
V 293.000000 52.000000 100.000000 80.000000
V 533.000000 52.000000 100.000000 80.000000
V 413.000000 52.000000 30.000000 30.000000
E 0 1
E 7 0
E 10 0
E 1 2
E 1 13
E 3 4
E 5 4
E 4 6
E 4 7
E 4 10
E 4 18
E 7 8
E 8 9
E 11 12
E 14 11
E 15 11
E 19 11
E 13 15
E 15 14
E 16 18
E 19 17
E 18 20
E 20 19
G 1951778085.json 18 19
V 27.000000 312.333333 30.000000 30.000000
V 120.000000 312.333333 116.000000 80.000000
V 778.000000 312.333333 100.000000 80.000000
V 868.000000 312.333333 40.000000 40.000000
V 932.000000 248.333333 28.000000 28.000000
V 968.000000 322.333333 100.000000 80.000000
V 933.000000 199.333333 30.000000 30.000000
V 298.000000 275.666667 100.000000 80.000000
V 213.000000 275.666667 30.000000 30.000000
V 418.000000 275.666667 100.000000 80.000000
V 538.000000 262.333333 100.000000 80.000000
V 424.000000 167.166667 88.000000 97.000000
V 418.000000 52.000000 100.000000 80.000000
V 548.000000 65.333333 40.000000 40.000000
V 1053.000000 317.333333 30.000000 30.000000
V 623.000000 58.666667 30.000000 30.000000
V 658.000000 153.833333 100.000000 80.000000
V 544.000000 153.833333 88.000000 97.000000
E 0 1
E 1 2
E 1 8
E 2 3
E 16 2
E 3 4
E 3 5
E 3 6
E 5 14
E 8 7
E 7 9
E 9 10
E 11 10
E 10 16
E 12 13
E 14 12
E 13 15
E 13 16
E 17 16
G 195201880.json 24 28
V 415.150000 408.306333 30.000000 30.000000
V 509.225000 408.306333 118.150000 80.000000
V 642.300000 330.833333 88.000000 97.000000
V 630.237500 428.306333 63.875000 57.946000
V 165.150000 328.306333 30.000000 30.000000
V 250.150000 328.306333 100.000000 80.000000
V 380.150000 348.306333 100.000000 50.000000
V 506.200000 230.333333 100.000000 80.000000
V 380.150000 201.501666 66.850000 64.330001
V 27.000000 133.496666 30.000000 30.000000
V 121.075000 133.496666 118.150000 109.040000
V 260.150000 151.669999 40.000000 40.000000
V 380.150000 108.336666 100.000000 80.000000
V 483.575000 49.504999 66.850000 64.330001
V 522.250000 121.669999 40.000000 40.000000
V 648.300000 222.333333 100.000000 80.000000
V 612.300000 115.003332 28.000000 28.000000
V 772.300000 242.333333 88.000000 97.000000
V 772.300000 60.500000 88.000000 97.000000
V 780.300000 149.000000 40.000000 40.000000
V 936.514999 129.000000 200.429998 80.000000
V 930.263332 229.000000 162.919999 80.000000
V 1071.729998 129.000000 30.000000 30.000000
V 1071.729998 229.000000 30.000000 30.000000
E 0 1
E 1 2
U 1 3
E 1 15
E 4 5
U 5 6
E 5 7
E 5 8
E 8 7
E 7 15
E 9 10
E 10 11
E 10 13
E 11 12
E 11 15
E 12 13
E 12 14
E 14 15
E 14 16
E 15 17
E 15 18
E 15 19
E 17 21
E 18 20
E 19 20
E 19 21
E 20 22
E 21 23
G 1971267976.json 24 25
V 27.000000 52.000000 30.000000 30.000000
V 112.000000 52.000000 100.000000 80.000000
V 232.000000 52.000000 100.000000 80.000000
V 352.000000 52.000000 100.000000 80.000000
V 472.000000 52.000000 100.000000 80.000000
V 662.000000 165.333333 40.000000 40.000000
V 772.000000 72.000000 100.000000 80.000000
V 772.000000 172.000000 100.000000 80.000000
V 856.000000 72.000000 28.000000 28.000000
V 856.000000 158.666667 28.000000 28.000000
V 567.000000 165.333333 30.000000 30.000000
V 382.000000 245.333333 40.000000 40.000000
V 472.000000 152.000000 100.000000 80.000000
V 566.000000 116.333333 28.000000 28.000000
V 472.000000 252.000000 100.000000 80.000000
V 652.000000 265.333333 100.000000 80.000000
V 892.000000 252.000000 100.000000 80.000000
V 982.000000 252.000000 40.000000 40.000000
V 1072.000000 258.666667 100.000000 80.000000
V 1072.000000 158.666667 100.000000 80.000000
V 1156.000000 158.666667 28.000000 28.000000
V 1192.000000 258.666667 100.000000 80.000000
V 1276.000000 258.666667 28.000000 28.000000
V 567.000000 38.666667 30.000000 30.000000
E 0 1
E 1 2
E 2 3
E 3 4
E 4 10
E 4 23
E 5 6
E 5 7
E 10 5
E 6 8
E 7 9
E 7 16
E 12 10
E 14 10
E 11 12
E 11 14
E 12 13
E 14 15
E 15 16
E 16 17
E 17 18
E 17 19
E 18 21
E 19 20
E 21 22
G 197317215.json 24 24
V 27.000000 260.112667 30.000000 30.000000
V 147.000000 130.946000 30.000000 30.000000
V 253.500000 125.946000 143.000000 85.000000
V 112.000000 340.112667 100.000000 50.000000
V 246.333333 228.446000 100.000000 80.000000
V 395.000000 228.446000 100.000000 80.000000
V 515.000000 152.806333 100.000000 80.000000
V 112.000000 255.112667 100.000000 80.000000
V 605.000000 152.806333 40.000000 40.000000
V 710.000000 152.806333 40.000000 40.000000
V 695.000000 87.806333 100.000000 50.000000
V 695.000000 406.306333 28.000000 28.000000
V 815.000000 406.306333 100.000000 50.000000
V 822.260000 152.806333 114.520000 77.000000
V 825.366667 251.306333 100.000000 80.000000
V 1050.100000 84.612667 28.000000 28.000000
V 966.100000 251.306333 100.000000 80.000000
V 1141.360000 84.612667 114.520000 65.000000
V 730.000000 269.639667 30.000000 30.000000
V 815.000000 336.306333 100.000000 50.000000
V 830.550000 54.306333 131.100000 80.000000
V 948.037500 40.973000 63.875000 57.946000
V 213.937500 317.419000 63.875000 57.946000
V 413.062500 139.473000 63.875000 57.946000
U 0 3
E 0 7
U 1 2
E 1 4
E 4 5
E 7 4
E 5 6
E 6 8
U 23 6
U 7 22
E 8 9
U 8 10
E 8 11
U 9 13
E 9 14
E 9 20
U 11 12
E 14 16
E 18 14
E 16 15
U 15 17
E 20 15
U 18 19
U 20 21
G 1976861979.json 30 31
V 944.000000 343.000000 100.000000 80.000000
V 1484.000000 316.333333 100.000000 80.000000
V 1294.000000 336.333333 40.000000 40.000000
V 1574.000000 309.666667 40.000000 40.000000
V 1664.000000 309.666667 100.000000 80.000000
V 1748.000000 309.666667 28.000000 28.000000
V 1194.000000 156.333333 40.000000 40.000000
V 1304.000000 63.000000 100.000000 80.000000
V 1304.000000 163.000000 100.000000 80.000000
V 1394.000000 329.666667 40.000000 40.000000
V 1184.000000 343.000000 100.000000 80.000000
V 1064.000000 143.000000 100.000000 80.000000
V 1388.000000 63.000000 28.000000 28.000000
V 27.000000 323.000000 30.000000 30.000000
V 108.000000 323.000000 92.000000 80.000000
V 194.000000 323.000000 40.000000 40.000000
V 284.000000 229.666667 100.000000 80.000000
V 284.000000 329.666667 100.000000 80.000000
V 368.000000 229.666667 28.000000 28.000000
V 1399.000000 274.666667 30.000000 30.000000
V 404.000000 329.666667 100.000000 80.000000
V 614.000000 329.666667 40.000000 40.000000
V 704.000000 336.333333 40.000000 40.000000
V 824.000000 256.333333 100.000000 80.000000
V 944.000000 243.000000 100.000000 80.000000
V 1064.000000 243.000000 100.000000 80.000000
V 834.000000 336.333333 40.000000 40.000000
V 1184.000000 243.000000 100.000000 80.000000
V 524.000000 329.666667 100.000000 80.000000
V 704.000000 256.333333 100.000000 80.000000
E 0 10
E 26 0
E 1 3
E 9 1
E 19 1
E 2 9
E 10 2
E 27 2
E 3 4
E 3 11
E 4 5
E 6 7
E 6 8
E 11 6
E 7 12
E 8 9
E 13 14
E 14 15
E 15 16
E 15 17
E 16 18
E 17 20
E 20 28
E 21 22
E 28 21
E 21 29
E 22 26
E 29 23
E 24 25
E 26 24
E 25 27
G 1986186421.json 29 32
V 1142.000000 245.333333 100.000000 80.000000
V 1729.000000 152.000000 100.000000 80.000000
V 27.000000 228.666667 30.000000 30.000000
V 112.000000 228.666667 100.000000 80.000000
V 232.000000 228.666667 100.000000 80.000000
V 352.000000 228.666667 100.000000 80.000000
V 532.000000 235.333333 100.000000 80.000000
V 682.000000 228.666667 40.000000 40.000000
V 782.000000 238.666667 100.000000 80.000000
V 912.000000 238.666667 40.000000 40.000000
V 1022.000000 145.333333 100.000000 80.000000
V 1142.000000 145.333333 100.000000 80.000000
V 1429.000000 145.333333 100.000000 80.000000
V 1549.000000 145.333333 100.000000 80.000000
V 902.000000 158.666667 100.000000 80.000000
V 782.000000 147.000000 30.000000 30.000000
V 1639.000000 145.333333 40.000000 40.000000
V 1729.000000 52.000000 100.000000 80.000000
V 1819.000000 152.000000 40.000000 40.000000
V 1999.000000 152.000000 40.000000 40.000000
V 2139.000000 158.666667 100.000000 80.000000
V 2223.000000 158.666667 28.000000 28.000000
V 2103.000000 84.666667 28.000000 28.000000
V 2054.000000 84.666667 30.000000 30.000000
V 2054.000000 158.666667 30.000000 30.000000
V 442.000000 228.666667 40.000000 40.000000
V 622.000000 228.666667 40.000000 40.000000
V 1909.000000 152.000000 100.000000 80.000000
V 1285.500000 145.333333 147.000000 80.000000
E 9 0
E 0 18
E 16 1
E 1 18
E 2 3
E 3 4
E 4 5
E 5 25
E 25 6
E 6 26
E 7 8
E 14 7
E 7 15
E 26 7
E 8 9
E 9 10
E 10 11
E 11 28
E 12 13
E 28 12
E 13 16
E 15 14
E 16 17
E 17 18
E 18 27
E 19 23
E 19 24
E 27 19
E 20 21
E 24 20
E 23 22
E 25 26
G 1988450889.json 15 16
V 27.000000 62.000000 30.000000 30.000000
V 112.000000 62.000000 100.000000 80.000000
V 202.000000 62.000000 40.000000 40.000000
V 302.000000 52.000000 100.000000 80.000000
V 422.000000 152.000000 100.000000 80.000000
V 542.000000 203.000000 100.000000 80.000000
V 632.000000 58.666667 40.000000 40.000000
V 722.000000 58.666667 100.000000 80.000000
V 812.000000 65.333333 40.000000 40.000000
V 902.000000 65.333333 100.000000 80.000000
V 992.000000 65.333333 40.000000 40.000000
V 1046.000000 58.666667 28.000000 28.000000
V 1046.000000 106.666667 28.000000 28.000000
V 422.000000 52.000000 100.000000 80.000000
V 542.000000 52.000000 100.000000 80.000000
E 0 1
E 1 2
E 2 3
E 2 4
E 2 5
E 3 13
E 4 6
E 5 8
E 6 7
E 14 6
E 7 8
E 8 9
E 9 10
E 10 11
E 10 12
E 13 14
G 1996448114.json 28 30
V 112.000000 228.666667 100.000000 80.000000
V 592.000000 242.000000 100.000000 80.000000
V 1072.000000 235.333333 100.000000 80.000000
V 952.000000 235.333333 100.000000 80.000000
V 27.000000 228.666667 30.000000 30.000000
V 202.000000 228.666667 40.000000 40.000000
V 292.000000 235.333333 100.000000 80.000000
V 256.000000 161.333333 28.000000 28.000000
V 412.000000 235.333333 100.000000 80.000000
V 682.000000 242.000000 40.000000 40.000000
V 1192.000000 222.000000 100.000000 80.000000
V 1337.000000 242.000000 30.000000 30.000000
V 1337.000000 142.000000 30.000000 30.000000
V 1282.000000 235.333333 40.000000 40.000000
V 1422.000000 242.000000 100.000000 80.000000
V 1422.000000 142.000000 100.000000 80.000000
V 742.000000 192.000000 40.000000 40.000000
V 832.000000 198.666667 100.000000 80.000000
V 796.000000 124.666667 28.000000 28.000000
V 1107.000000 160.333333 30.000000 30.000000
V 1276.000000 181.333333 28.000000 28.000000
V 1512.000000 242.000000 40.000000 40.000000
V 1612.000000 252.000000 100.000000 80.000000
V 1612.000000 152.000000 100.000000 80.000000
V 1696.000000 152.000000 28.000000 28.000000
V 502.000000 235.333333 40.000000 40.000000
V 556.000000 168.000000 28.000000 28.000000
V 1612.000000 52.000000 100.000000 80.000000
E 4 0
E 0 5
E 1 9
E 25 1
E 3 2
E 2 10
E 9 3
E 17 3
E 5 6
E 5 7
E 6 8
E 8 25
E 9 16
E 10 13
E 19 10
E 10 20
E 13 11
E 11 14
E 13 12
E 12 15
E 14 21
E 16 17
E 16 18
E 21 22
E 21 23
E 21 27
E 22 24
E 23 24
E 27 24
E 25 26
G 1997112753.json 18 18
V 675.000000 209.000000 30.000000 30.000000
V 760.000000 209.000000 100.000000 80.000000
V 880.000000 295.666667 100.000000 80.000000
V 1000.000000 160.666667 100.000000 80.000000
V 1084.000000 160.666667 28.000000 28.000000
V 965.000000 309.000000 30.000000 30.000000
V 285.000000 134.000000 90.000000 41.000000
V 56.000000 134.000000 88.000000 45.000000
V 310.000000 73.500000 40.000000 40.000000
V 880.000000 134.000000 100.000000 80.000000
V 760.000000 309.000000 100.000000 80.000000
V 964.000000 86.666667 28.000000 28.000000
V 170.000000 134.000000 100.000000 80.000000
V 400.000000 120.666667 100.000000 80.000000
V 514.000000 43.000000 88.000000 62.000000
V 520.000000 134.000000 100.000000 80.000000
V 640.000000 134.000000 100.000000 80.000000
V 760.000000 106.333333 73.000000 62.000000
E 0 1
E 1 2
E 2 3
E 2 5
E 10 2
E 3 4
E 9 3
E 12 6
E 6 13
E 7 12
E 8 13
E 9 11
E 16 9
E 17 9
E 13 14
E 13 15
E 15 16
E 16 17
G 1997741090.json 33 34
V 1515.875000 105.946000 100.000000 80.000000
V 1599.875000 105.946000 28.000000 28.000000
V 1959.750000 116.612667 100.000000 80.000000
V 2079.750000 129.946000 100.000000 80.000000
V 2061.687500 40.973000 63.875000 57.946000
V 2181.687500 80.306333 63.875000 57.946000
V 2163.750000 143.279333 28.000000 28.000000
V 472.000000 304.558667 100.000000 80.000000
V 915.875000 211.225333 100.000000 80.000000
V 1005.875000 211.225333 40.000000 40.000000
V 1395.875000 211.225333 100.000000 80.000000
V 1095.875000 165.585667 100.000000 80.000000
V 1305.875000 211.225333 40.000000 40.000000
V 352.000000 304.558667 100.000000 80.000000
V 592.000000 304.558667 100.000000 80.000000
V 712.000000 304.558667 100.000000 80.000000
V 817.916667 304.558667 40.000000 40.000000
V 813.937500 197.892000 63.875000 57.946000
V 1515.875000 224.558667 100.000000 80.000000
V 1621.791667 237.892000 40.000000 40.000000
V 1719.750000 192.252333 100.000000 80.000000
V 1959.750000 231.225333 100.000000 80.000000
V 1617.812500 168.919000 63.875000 57.946000
V 1839.750000 205.585667 63.875000 57.946000
V 1839.750000 116.612667 100.000000 80.000000
V 2043.750000 231.225333 28.000000 28.000000
V 1215.875000 89.946000 100.000000 80.000000
V 1197.812500 178.919000 63.875000 57.946000
V 27.000000 304.558667 30.000000 30.000000
V 112.000000 304.558667 100.000000 80.000000
V 232.000000 304.558667 100.000000 80.000000
V 915.875000 311.225333 100.000000 80.000000
V 999.875000 311.225333 28.000000 28.000000
E 0 1
E 10 0
E 2 3
U 2 4
E 24 2
U 3 5
E 3 6
E 13 7
E 7 14
E 8 9
E 16 8
U 17 8
E 9 11
E 9 12
E 12 10
E 10 18
E 11 26
U 11 27
E 26 12
E 30 13
E 14 15
E 15 16
E 16 31
E 18 19
U 18 22
E 19 20
E 19 21
U 20 23
E 20 24
U 23 21
E 21 25
E 28 29
E 29 30
E 31 32
G 2011580783.json 16 16
V 27.000000 138.666667 30.000000 30.000000
V 112.000000 138.666667 100.000000 80.000000
V 232.000000 138.666667 100.000000 80.000000
V 322.000000 138.666667 40.000000 40.000000
V 376.000000 71.333333 28.000000 28.000000
V 412.000000 145.333333 100.000000 80.000000
V 532.000000 145.333333 100.000000 80.000000
V 617.000000 145.333333 30.000000 30.000000
V 702.000000 145.333333 100.000000 80.000000
V 787.000000 145.333333 30.000000 30.000000
V 872.000000 145.333333 100.000000 80.000000
V 962.000000 145.333333 40.000000 40.000000
V 1052.000000 152.000000 100.000000 80.000000
V 1052.000000 52.000000 100.000000 80.000000
V 1142.000000 145.333333 40.000000 40.000000
V 1196.000000 145.333333 28.000000 28.000000
E 0 1
E 1 2
E 2 3
E 3 4
E 3 5
E 5 6
E 6 7
E 7 8
E 8 9
E 9 10
E 10 11
E 11 12
E 11 13
E 12 14
E 13 14
E 14 15
G 2013198537.json 21 20
V 27.000000 100.333333 30.000000 30.000000
V 106.000000 100.333333 88.000000 55.000000
V 220.000000 100.333333 100.000000 55.000000
V 340.000000 100.333333 100.000000 55.000000
V 1227.500000 100.333333 105.000000 55.500000
V 877.000000 100.333333 100.000000 55.000000
V 1470.000000 109.500000 100.000000 55.000000
V 1938.000000 118.750000 88.000000 55.000000
V 2016.000000 118.750000 28.000000 28.000000
V 1350.000000 100.333333 100.000000 55.000000
V 1588.500000 109.500000 97.000000 55.000000
V 1705.500000 109.500000 97.000000 55.500000
V 1824.000000 43.500000 100.000000 50.000000
V 1470.000000 37.000000 100.000000 50.000000
V 1824.000000 118.750000 100.000000 60.500000
V 757.000000 100.333333 100.000000 55.000000
V 991.000000 100.333333 88.000000 55.000000
V 1105.000000 100.333333 100.000000 55.000000
V 458.500000 100.333333 97.000000 55.000000
V 547.000000 100.333333 40.000000 40.000000
V 637.000000 100.333333 100.000000 60.500000
E 0 1
E 1 2
E 2 3
E 3 18
E 4 9
E 17 4
E 15 5
E 5 16
E 9 6
E 6 10
E 7 8
E 14 7
U 9 13
E 10 11
U 11 12
E 11 14
E 20 15
E 16 17
E 18 19
E 19 20
G 2024579151.json 19 24
V 27.000000 73.666667 30.000000 30.000000
V 112.000000 73.666667 100.000000 80.000000
V 375.870523 65.333333 30.000000 30.000000
V 507.537190 72.000000 40.000000 40.000000
V 561.537190 65.333333 28.000000 28.000000
V 597.537190 139.333333 100.000000 80.000000
V 317.537190 291.333333 40.000000 40.000000
V 912.537190 297.333333 30.000000 30.000000
V 375.870523 237.333333 30.000000 30.000000
V 961.537190 297.333333 28.000000 28.000000
V 447.537190 72.000000 40.000000 40.000000
V 197.000000 111.333333 30.000000 30.000000
V 285.691460 111.333333 100.000000 80.000000
V 682.537190 45.333333 30.000000 30.000000
V 737.537190 52.000000 40.000000 40.000000
V 827.537190 52.000000 100.000000 80.000000
V 911.537190 38.666667 28.000000 28.000000
V 284.768595 211.333333 105.537190 80.000000
V 377.537190 131.333333 40.000000 40.000000
E 0 1
E 1 2
E 1 11
E 2 10
E 12 2
E 3 4
E 3 5
E 10 3
E 5 6
E 5 13
E 6 7
E 6 8
E 7 9
E 15 7
E 8 10
E 17 8
E 11 12
E 12 18
E 13 14
E 18 13
E 14 15
E 14 17
E 15 16
E 17 18
G 2028857949.json 17 17
V 27.000000 141.666667 30.000000 30.000000
V 117.000000 141.666667 110.000000 86.000000
V 212.000000 141.666667 40.000000 40.000000
V 307.000000 148.333333 110.000000 86.000000
V 266.000000 71.333333 28.000000 28.000000
V 532.000000 148.333333 40.000000 40.000000
V 627.000000 52.000000 110.000000 80.000000
V 887.000000 155.000000 110.000000 86.000000
V 437.000000 148.333333 110.000000 80.000000
V 757.000000 52.000000 110.000000 80.000000
V 757.000000 155.000000 110.000000 80.000000
V 887.000000 52.000000 110.000000 80.000000
V 982.000000 148.333333 40.000000 40.000000
V 1077.000000 148.333333 110.000000 86.000000
V 1207.000000 148.333333 110.000000 80.000000
V 1337.000000 148.333333 110.000000 80.000000
V 1426.000000 148.333333 28.000000 28.000000
E 0 1
E 1 2
E 2 3
E 2 4
E 3 8
E 5 6
E 8 5
E 5 10
E 6 9
E 10 7
E 7 12
E 9 11
E 11 12
E 12 13
E 13 14
E 14 15
E 15 16
G 2039715783.json 19 21
V 27.000000 71.333333 30.000000 30.000000
V 112.000000 71.333333 100.000000 80.000000
V 202.000000 71.333333 40.000000 40.000000
V 292.000000 138.666667 100.000000 80.000000
V 412.000000 138.666667 100.000000 80.000000
V 256.000000 64.666667 28.000000 28.000000
V 412.000000 238.666667 100.000000 80.000000
V 592.000000 252.000000 100.000000 80.000000
V 502.000000 145.333333 40.000000 40.000000
V 592.000000 145.333333 100.000000 80.000000
V 772.000000 189.666667 100.000000 80.000000
V 892.000000 152.000000 100.000000 80.000000
V 1072.000000 145.333333 100.000000 80.000000
V 1192.000000 52.000000 100.000000 80.000000
V 892.000000 52.000000 100.000000 80.000000
V 1036.000000 63.666667 28.000000 28.000000
V 982.000000 70.333333 40.000000 40.000000
V 682.000000 145.333333 40.000000 40.000000
V 982.000000 158.666667 40.000000 40.000000
E 0 1
E 1 2
E 2 3
E 2 5
E 3 4
E 4 8
E 6 7
E 6 8
E 7 18
E 8 9
E 9 17
E 10 11
E 17 10
E 17 11
E 11 18
E 12 13
E 16 12
E 18 12
E 13 14
E 14 16
E 16 15
G 203985736.json 30 33
V 292.000000 52.000000 100.000000 80.000000
V 376.000000 52.000000 28.000000 28.000000
V 112.000000 327.000000 100.000000 80.000000
V 202.000000 327.000000 40.000000 40.000000
V 412.000000 347.000000 100.000000 80.000000
V 532.000000 240.333333 100.000000 80.000000
V 662.000000 240.333333 40.000000 40.000000
V 772.000000 247.000000 100.000000 80.000000
V 772.000000 147.000000 100.000000 80.000000
V 27.000000 327.000000 30.000000 30.000000
V 892.000000 233.666667 100.000000 80.000000
V 1252.000000 220.333333 100.000000 80.000000
V 1336.000000 207.000000 28.000000 28.000000
V 856.000000 147.000000 28.000000 28.000000
V 1132.000000 120.333333 100.000000 80.000000
V 1022.000000 213.666667 40.000000 40.000000
V 292.000000 333.666667 100.000000 80.000000
V 1132.000000 220.333333 100.000000 80.000000
V 1216.000000 120.333333 28.000000 28.000000
V 412.000000 140.333333 100.000000 80.000000
V 327.000000 127.000000 30.000000 30.000000
V 532.000000 140.333333 100.000000 80.000000
V 892.000000 333.666667 100.000000 80.000000
V 652.000000 347.000000 100.000000 80.000000
V 1012.000000 333.666667 100.000000 80.000000
V 1132.000000 320.333333 100.000000 80.000000
V 1252.000000 320.333333 100.000000 80.000000
V 1576.000000 307.000000 28.000000 28.000000
V 1372.000000 307.000000 100.000000 80.000000
V 1492.000000 307.000000 100.000000 80.000000
E 0 1
E 3 0
E 2 3
E 9 2
E 3 16
E 4 5
E 16 4
E 4 23
E 5 6
E 6 7
E 6 8
E 7 10
E 7 22
E 8 13
E 10 15
E 10 25
E 11 12
E 17 11
E 11 28
E 15 14
E 14 18
E 15 17
E 16 19
E 20 19
E 19 21
E 21 23
E 23 22
E 22 24
E 24 25
E 25 26
E 26 28
E 29 27
E 28 29
G 2047613314.json 22 27
V 447.000000 189.666667 100.000000 80.000000
V 597.000000 196.333333 40.000000 40.000000
V 687.000000 203.000000 100.000000 80.000000
V 687.000000 103.000000 100.000000 80.000000
V 537.000000 189.666667 40.000000 40.000000
V 807.000000 196.333333 40.000000 40.000000
V 927.000000 189.666667 100.000000 80.000000
V 274.500000 269.666667 85.000000 40.000000
V 357.000000 269.666667 40.000000 40.000000
V 927.000000 269.666667 100.000000 40.000000
V 807.000000 52.000000 100.000000 80.000000
V 1017.000000 189.666667 40.000000 40.000000
V 1107.000000 189.666667 100.000000 80.000000
V 1191.000000 176.333333 28.000000 28.000000
V 197.000000 269.666667 30.000000 30.000000
V 27.000000 286.333333 30.000000 30.000000
V 112.000000 286.333333 100.000000 80.000000
V 1197.000000 293.000000 40.000000 40.000000
V 1287.000000 299.666667 100.000000 80.000000
V 1287.000000 199.666667 100.000000 80.000000
V 1377.000000 293.000000 40.000000 40.000000
V 1431.000000 293.000000 28.000000 28.000000
E 0 4
E 8 0
E 1 2
E 1 3
E 4 1
E 2 5
E 3 5
E 4 10
E 5 6
E 5 9
E 6 11
E 7 8
E 14 7
E 8 9
E 9 11
E 10 11
E 11 12
E 12 13
E 12 17
E 16 14
E 15 16
E 16 17
E 17 18
E 17 19
E 18 20
E 19 20
E 20 21
G 2051108417.json 39 47
V 151.630770 292.161008 59.261540 50.993210
V 151.630770 221.167798 59.261540 50.993210
V 290.892310 285.494342 59.261540 50.993210
V 538.676930 252.997737 59.261540 50.993210
V 459.415390 360.487552 59.261540 50.993210
V 459.415390 289.494342 59.261540 50.993210
V 459.415390 155.494342 59.261540 50.993210
V 767.200010 148.827675 59.261540 50.993210
V 946.461550 133.662140 59.261540 50.993210
V 627.938470 54.501132 59.261540 50.993210
V 767.200010 61.167798 59.261540 50.993210
V 290.892310 89.997737 59.261540 50.993210
V 370.153850 89.997737 59.261540 50.993210
V 767.200010 367.154218 59.261540 50.993210
V 27.000000 285.494342 30.000000 30.000000
V 462.625647 89.997737 40.000000 40.000000
V 538.676930 63.000000 40.000000 40.000000
V 82.000000 32.000000 40.000000 40.000000
V 151.630770 89.997737 40.000000 40.000000
V 541.887187 360.487552 40.000000 40.000000
V 627.938470 367.154218 40.000000 40.000000
V 541.887187 155.494342 40.000000 40.000000
V 627.938470 148.827675 40.000000 40.000000
V 82.000000 285.494342 40.000000 40.000000
V 221.261540 285.494342 40.000000 40.000000
V 375.932312 285.494342 40.000000 40.000000
V 624.728213 285.494342 40.000000 40.000000
V 856.830780 142.161008 40.000000 40.000000
V 697.569240 54.501132 40.000000 40.000000
V 697.569240 148.827675 40.000000 40.000000
V 221.261540 89.997737 40.000000 40.000000
V 697.569240 367.154218 40.000000 40.000000
V 767.200010 292.161008 40.000000 40.000000
V 856.830780 202.161008 40.000000 40.000000
V 856.830780 262.161008 40.000000 40.000000
V 856.830780 367.154218 40.000000 40.000000
V 940.683088 355.154218 40.000000 40.000000
V 1010.092320 355.154218 28.000000 28.000000
V 697.569240 262.161008 40.000000 40.000000
E 23 0
E 0 24
E 23 1
E 1 24
E 24 2
E 2 25
E 25 3
E 3 26
E 4 19
E 25 4
E 25 5
E 5 26
E 6 21
E 25 6
E 7 27
E 29 7
E 8 17
E 27 8
E 16 9
E 17 9
E 9 28
E 28 10
E 10 33
E 11 12
E 30 11
E 12 15
E 31 13
E 13 35
E 14 23
E 15 16
E 15 34
E 17 18
E 18 30
E 19 20
E 19 26
E 20 31
E 21 22
E 21 26
E 22 29
E 26 32
E 26 38
E 28 27
E 32 36
E 33 36
E 34 36
E 35 36
E 36 37
G 2054762650.json 18 21
V 167.000000 446.333333 30.000000 30.000000
V 132.000000 152.000000 100.000000 80.000000
V 592.000000 158.666667 40.000000 40.000000
V 502.000000 158.666667 100.000000 80.000000
V 282.000000 265.333333 40.000000 40.000000
V 886.000000 156.666667 28.000000 28.000000
V 382.000000 346.333333 100.000000 80.000000
V 252.000000 446.333333 100.000000 80.000000
V 382.000000 145.333333 100.000000 80.000000
V 382.000000 245.333333 100.000000 80.000000
V 32.000000 162.000000 40.000000 40.000000
V 252.000000 346.333333 100.000000 80.000000
V 132.000000 52.000000 100.000000 80.000000
V 258.000000 145.333333 40.000000 40.000000
V 132.000000 346.333333 30.000000 30.000000
V 352.000000 45.333333 40.000000 40.000000
V 682.000000 203.000000 100.000000 80.000000
V 802.000000 203.000000 100.000000 80.000000
E 0 7
E 10 1
E 1 13
E 3 2
E 2 5
E 2 16
E 4 3
E 8 3
E 4 9
E 17 5
E 7 6
E 6 10
E 11 6
E 13 8
E 13 9
E 10 14
E 14 11
E 12 13
E 15 12
E 13 15
E 16 17
G 2058911114.json 19 21
V 27.000000 65.333333 30.000000 30.000000
V 112.000000 65.333333 100.000000 80.000000
V 202.000000 65.333333 40.000000 40.000000
V 292.000000 58.666667 100.000000 80.000000
V 376.000000 58.666667 28.000000 28.000000
V 292.000000 158.666667 100.000000 80.000000
V 592.000000 232.000000 100.000000 80.000000
V 382.000000 158.666667 40.000000 40.000000
V 472.000000 152.000000 100.000000 80.000000
V 602.000000 152.000000 40.000000 40.000000
V 1072.000000 145.333333 100.000000 80.000000
V 982.000000 158.666667 40.000000 40.000000
V 802.000000 152.000000 40.000000 40.000000
V 892.000000 152.000000 100.000000 80.000000
V 1192.000000 52.000000 100.000000 80.000000
V 892.000000 52.000000 100.000000 80.000000
V 712.000000 145.333333 100.000000 80.000000
V 982.000000 70.333333 40.000000 40.000000
V 1036.000000 63.666667 28.000000 28.000000
E 0 1
E 1 2
E 2 3
E 2 5
E 3 4
E 5 7
E 7 6
E 6 11
E 7 8
E 8 9
E 9 12
E 9 16
E 11 10
E 10 14
E 17 10
E 13 11
E 12 13
E 16 12
E 14 15
E 15 17
E 17 18
G 2065568834.json 22 25
V 567.000000 72.000000 30.000000 30.000000
V 652.000000 72.000000 100.000000 80.000000
V 737.000000 58.666667 30.000000 30.000000
V 792.000000 58.666667 40.000000 40.000000
V 847.000000 52.000000 30.000000 30.000000
V 932.000000 52.000000 100.000000 80.000000
V 847.000000 102.000000 30.000000 30.000000
V 27.000000 245.666667 30.000000 30.000000
V 112.000000 245.666667 100.000000 80.000000
V 202.000000 245.666667 40.000000 40.000000
V 292.000000 239.000000 100.000000 80.000000
V 292.000000 339.000000 100.000000 80.000000
V 392.000000 245.666667 40.000000 40.000000
V 470.333333 195.666667 30.000000 30.000000
V 567.000000 195.666667 30.000000 30.000000
V 652.000000 178.000000 100.000000 80.000000
V 322.000000 95.333333 40.000000 40.000000
V 392.000000 190.666667 30.000000 30.000000
V 392.000000 85.333333 30.000000 30.000000
V 482.000000 85.333333 100.000000 80.000000
V 1017.000000 57.000000 30.000000 30.000000
V 1066.000000 57.000000 28.000000 28.000000
E 0 1
E 19 0
E 1 2
E 6 1
E 2 3
E 3 4
E 3 6
E 4 5
E 5 20
E 7 8
E 8 9
E 9 10
E 9 11
E 10 12
E 11 12
E 12 13
E 13 14
E 17 13
E 14 15
E 15 16
E 16 17
E 16 18
E 18 19
E 19 20
E 20 21
G 2068104488.json 36 40
V 620.875000 115.500000 30.000000 30.000000
V 963.500000 115.500000 615.249999 207.000000
V 1524.674999 115.500000 467.100000 207.000000
V 213.937500 198.220667 63.875000 57.946000
V 213.937500 262.193667 30.000000 30.000000
V 280.875000 262.193667 30.000000 30.000000
V 112.000000 211.554000 100.000000 80.000000
V 27.000000 211.554000 30.000000 30.000000
V 329.875000 257.193667 28.000000 28.000000
V 1962.224981 120.500000 100.000000 80.000000
V 2082.224981 120.500000 100.000000 80.000000
V 2172.224981 120.500000 40.000000 40.000000
V 1821.224993 120.500000 30.000000 30.000000
V 2233.891648 286.166667 30.000000 30.000000
V 2232.224981 113.833333 40.000000 40.000000
V 2322.224981 207.166667 100.000000 80.000000
V 2322.224981 107.166667 100.000000 80.000000
V 2438.891648 113.833333 40.000000 40.000000
V 2546.224981 113.833333 28.000000 28.000000
V 2286.224981 281.166667 28.000000 28.000000
V 963.500000 312.860333 100.000000 80.000000
V 330.875000 306.193667 30.000000 30.000000
V 2322.224981 355.166667 100.000000 80.000000
V 2690.474985 346.833333 116.500007 80.000000
V 2597.224981 346.833333 30.000000 30.000000
V 2547.224981 346.833333 30.000000 30.000000
V 2452.224981 341.833333 120.000000 51.000000
V 475.875000 412.833333 100.000000 80.000000
V 2842.724988 353.500000 28.000000 28.000000
V 1597.524999 363.500000 30.000000 30.000000
V 560.875000 412.833333 30.000000 30.000000
V 615.875000 412.833333 40.000000 40.000000
V 1835.224990 419.500000 113.999982 80.000000
V 1323.062499 299.527000 63.875000 57.946000
V 2788.724988 353.500000 40.000000 40.000000
V 385.875000 306.193667 40.000000 40.000000
E 0 1
E 1 2
E 2 12
U 6 3
E 4 5
E 6 4
E 5 8
E 5 21
E 7 6
E 9 10
E 12 9
E 10 11
E 11 13
E 11 14
E 29 12
E 13 19
E 13 22
E 14 15
E 14 16
E 15 17
E 16 17
E 17 18
E 20 29
E 31 20
U 20 33
E 35 20
E 21 35
E 22 25
E 22 26
E 29 22
E 24 23
E 23 34
E 25 24
E 26 25
E 27 30
E 35 27
E 34 28
E 30 31
E 31 32
E 32 34
G 2069043694.json 16 20
V 282.000000 81.000000 100.000000 80.000000
V 32.000000 222.000000 40.000000 40.000000
V 147.000000 232.000000 100.000000 80.000000
V 1122.000000 145.333333 100.000000 80.000000
V 942.000000 188.666667 100.000000 80.000000
V 1032.000000 188.666667 40.000000 40.000000
V 292.000000 232.000000 40.000000 40.000000
V 147.000000 132.000000 130.000000 80.000000
V 657.000000 152.000000 130.000000 80.000000
V 807.000000 188.666667 130.000000 80.000000
V 372.000000 165.333333 40.000000 40.000000
V 462.000000 172.000000 100.000000 80.000000
V 552.000000 172.000000 40.000000 40.000000
V 657.000000 232.000000 40.000000 40.000000
V 1206.000000 195.333333 28.000000 28.000000
V 188.000000 41.500000 48.000000 59.000000
E 0 1
E 7 0
E 15 0
E 1 2
E 1 7
E 2 6
E 5 3
E 3 14
E 4 5
E 9 4
E 5 14
E 6 10
E 6 13
E 8 10
E 12 8
E 13 9
E 10 11
E 11 12
E 12 13
E 13 14
G 2070870143.json 21 24
V 26.000000 210.500000 28.000000 28.000000
V 176.500000 220.500000 74.000000 57.000000
V 176.500000 142.000000 93.000000 60.000000
V 176.500000 52.000000 87.000000 80.000000
V 353.000000 142.000000 100.000000 80.000000
V 1187.750000 78.666667 81.500000 55.000000
V 80.000000 210.500000 40.000000 40.000000
V 263.000000 142.000000 40.000000 40.000000
V 443.000000 142.000000 40.000000 40.000000
V 533.000000 60.166667 100.000000 80.000000
V 536.083333 148.666667 81.500000 57.000000
V 751.750000 148.666667 81.500000 57.000000
V 647.000000 133.916667 88.000000 28.500000
V 853.250000 148.666667 81.500000 60.000000
V 1023.666667 85.333333 74.000000 40.000000
V 1020.500000 155.333333 93.000000 60.000000
V 1161.000000 148.666667 28.000000 28.000000
V 1107.000000 78.666667 28.000000 28.000000
V 934.000000 148.666667 40.000000 40.000000
V 1107.000000 148.666667 40.000000 40.000000
V 617.000000 60.166667 28.000000 28.000000
E 0 6
E 6 1
E 1 7
E 6 2
E 2 7
E 6 3
E 3 7
E 7 4
E 4 8
E 17 5
E 8 9
E 8 10
E 9 20
E 10 11
E 10 12
E 12 11
E 11 13
E 13 18
E 14 17
E 18 14
E 14 19
E 18 15
E 15 19
E 19 16
G 2087277194.json 15 20
V 27.000000 65.333333 30.000000 30.000000
V 523.000000 103.000000 30.000000 30.000000
V 121.000000 65.333333 118.000000 80.000000
V 528.000000 52.000000 30.000000 30.000000
V 628.000000 52.000000 100.000000 80.000000
V 712.000000 38.666667 28.000000 28.000000
V 309.000000 103.000000 118.000000 80.000000
V 438.000000 58.666667 40.000000 40.000000
V 215.000000 190.000000 30.000000 30.000000
V 328.500000 190.000000 40.000000 40.000000
V 438.000000 190.000000 100.000000 80.000000
V 713.000000 211.666667 30.000000 30.000000
V 593.000000 135.500000 30.000000 30.000000
V 528.000000 210.000000 40.000000 40.000000
V 762.000000 211.666667 28.000000 28.000000
E 0 2
E 1 6
E 7 1
E 10 1
E 2 7
E 2 8
E 3 4
E 7 3
E 4 5
E 4 11
E 6 7
E 6 12
E 8 9
E 9 10
E 12 9
E 9 13
E 10 13
E 13 11
E 11 14
E 13 12
G 2093296227.json 27 28
V 368.000000 277.500000 100.000000 80.000000
V 1104.000000 155.000000 132.000000 83.000000
V 1483.000000 161.666667 100.000000 80.000000
V 968.000000 277.500000 100.000000 80.000000
V 1604.500000 76.500000 103.000000 129.000000
V 1567.000000 175.000000 28.000000 28.000000
V 1353.000000 161.666667 40.000000 40.000000
V 848.000000 277.500000 100.000000 80.000000
V 368.000000 155.000000 100.000000 80.000000
V 27.000000 270.833333 30.000000 30.000000
V 150.000000 270.833333 176.000000 120.000000
V 278.000000 270.833333 40.000000 40.000000
V 488.000000 155.000000 100.000000 80.000000
V 968.000000 168.333333 100.000000 80.000000
V 1104.000000 270.833333 40.000000 40.000000
V 1241.500000 277.500000 103.000000 83.000000
V 1240.000000 191.000000 100.000000 50.000000
V 608.000000 155.000000 100.000000 80.000000
V 848.000000 155.000000 100.000000 80.000000
V 968.000000 68.333333 100.000000 80.000000
V 488.000000 277.500000 100.000000 80.000000
V 608.000000 277.500000 100.000000 80.000000
V 728.000000 277.500000 100.000000 80.000000
V 1363.000000 291.333333 100.000000 80.000000
V 1483.000000 291.333333 100.000000 80.000000
V 1567.000000 304.666667 28.000000 28.000000
V 1603.000000 245.666667 100.000000 50.000000
E 11 0
E 0 20
E 1 6
E 13 1
U 2 4
E 2 5
E 6 2
E 7 3
E 3 14
E 15 6
E 22 7
E 11 8
E 8 12
E 9 10
E 10 11
E 12 17
E 13 14
E 18 13
E 14 15
U 14 16
E 15 23
E 17 18
U 18 19
E 20 21
E 21 22
E 23 24
E 24 25
U 24 26
G 2098423345.json 16 15
V 530.000000 58.666667 100.000000 80.000000
V 275.000000 52.000000 130.000000 80.000000
V 325.000000 127.000000 30.000000 30.000000
V 400.000000 58.666667 40.000000 40.000000
V 410.000000 132.000000 100.000000 50.000000
V 650.000000 202.000000 100.000000 80.000000
V 650.000000 58.666667 30.000000 30.000000
V 830.000000 65.333333 100.000000 80.000000
V 914.000000 65.333333 28.000000 28.000000
V 175.000000 52.000000 30.000000 30.000000
V 27.000000 202.000000 30.000000 30.000000
V 740.000000 65.333333 40.000000 40.000000
V 530.000000 202.000000 100.000000 80.000000
V 410.000000 202.000000 30.000000 30.000000
V 126.000000 202.000000 128.000000 80.000000
V 275.000000 202.000000 100.000000 80.000000
E 3 0
E 0 6
E 1 3
E 9 1
E 2 3
U 2 4
E 5 11
E 12 5
E 6 11
E 7 8
E 11 7
E 10 14
E 13 12
E 15 13
E 14 15
G 2117425833.json 29 31
V 449.000000 97.000000 100.000000 80.000000
V 37.000000 85.333333 30.000000 30.000000
V 167.333333 97.000000 40.000000 40.000000
V 32.000000 436.000000 40.000000 40.000000
V 236.500000 448.000000 40.000000 40.000000
V 449.000000 358.000000 100.000000 80.000000
V 1208.000000 288.000000 40.000000 40.000000
V 1298.000000 294.666667 100.000000 80.000000
V 1464.666667 308.000000 100.000000 80.000000
V 1298.000000 192.000000 100.000000 80.000000
V 1834.000000 198.666667 100.000000 80.000000
V 1633.333333 198.666667 40.000000 40.000000
V 1918.000000 149.500000 28.000000 28.000000
V 851.333333 368.000000 100.000000 80.000000
V 449.000000 458.000000 100.000000 80.000000
V 604.000000 458.000000 28.000000 28.000000
V 640.000000 203.666667 100.000000 80.000000
V 655.000000 358.000000 40.000000 40.000000
V 851.333333 268.000000 100.000000 80.000000
V 1037.333333 288.000000 40.000000 40.000000
V 195.000000 34.500000 206.000000 45.000000
V 449.000000 263.000000 242.000000 70.000000
V 195.000000 172.000000 206.000000 70.000000
V 831.000000 185.500000 222.000000 45.000000
V 1453.000000 225.500000 170.000000 45.000000
V 1661.000000 321.333333 206.000000 45.000000
V 1065.000000 225.500000 206.000000 45.000000
V 1061.500000 381.333333 199.000000 45.000000
V 1978.000000 212.000000 148.000000 57.000000
E 2 0
E 0 16
E 1 2
U 1 20
E 3 2
E 3 4
E 16 3
U 3 22
E 4 5
E 4 14
U 4 21
E 5 17
E 6 7
E 6 9
E 19 6
E 7 8
U 7 24
E 8 11
U 8 25
E 9 11
E 11 10
E 10 12
U 10 28
E 17 13
E 13 19
U 13 27
E 14 15
E 17 18
U 17 23
E 18 19
U 18 26
G 2120313457.json 29 31
V 27.000000 52.000000 30.000000 30.000000
V 112.000000 52.000000 100.000000 80.000000
V 208.250000 38.666667 52.500000 34.000000
V 684.500000 247.166667 30.000000 30.000000
V 784.500000 247.166667 100.000000 80.000000
V 880.750000 80.166667 52.500000 44.000000
V 507.000000 252.166667 30.000000 30.000000
V 592.000000 252.166667 100.000000 80.000000
V 977.000000 80.166667 100.000000 80.000000
V 1097.000000 80.166667 100.000000 80.000000
V 1187.000000 80.166667 28.000000 28.000000
V 232.000000 177.166667 100.000000 80.000000
V 135.750000 190.500000 52.500000 34.000000
V 352.000000 163.833333 100.000000 80.000000
V 244.000000 96.416667 76.000000 41.500000
V 472.000000 163.833333 100.000000 80.000000
V 592.000000 177.166667 30.000000 30.000000
V 688.250000 47.166667 52.500000 41.500000
V 977.000000 286.500000 100.000000 80.000000
V 1097.000000 286.500000 30.000000 30.000000
V 892.000000 286.500000 30.000000 30.000000
V 1262.000000 85.166667 30.000000 30.000000
V 1347.000000 85.166667 100.000000 80.000000
V 1431.000000 85.166667 28.000000 28.000000
V 1187.000000 286.500000 40.000000 40.000000
V 1262.000000 185.166667 30.000000 30.000000
V 1347.000000 185.166667 100.000000 80.000000
V 1262.000000 273.500000 30.000000 30.000000
V 1347.000000 285.166667 100.000000 80.000000
E 0 1
E 1 2
E 1 11
E 3 4
E 7 3
E 16 3
E 4 5
E 4 8
E 5 8
E 6 7
E 8 9
E 17 8
E 9 10
E 10 21
E 12 11
E 11 13
E 14 13
E 13 15
E 15 16
E 15 17
E 18 19
E 20 18
E 19 24
E 21 22
E 24 21
E 22 23
E 24 25
E 24 27
E 28 24
E 25 26
E 27 28
G 2126536773.json 16 16
V 656.000000 338.333333 100.000000 80.000000
V 571.000000 338.333333 30.000000 30.000000
V 32.000000 336.333333 40.000000 40.000000
V 305.000000 343.000000 100.000000 80.000000
V 438.000000 343.000000 100.000000 80.000000
V 132.500000 155.000000 121.000000 76.000000
V 37.000000 142.333333 30.000000 30.000000
V 142.000000 343.000000 108.000000 80.000000
V 522.000000 338.333333 28.000000 28.000000
V 438.000000 243.000000 100.000000 80.000000
V 192.000000 233.000000 40.000000 40.000000
V 305.000000 243.000000 126.000000 77.000000
V 300.666667 67.833333 100.000000 80.000000
V 438.000000 143.000000 100.000000 80.000000
V 37.000000 54.500000 30.000000 30.000000
V 142.000000 54.500000 140.000000 85.000000
E 1 0
E 8 1
E 2 5
E 2 7
E 3 4
E 7 3
E 4 8
E 6 5
E 9 8
E 11 9
E 10 11
E 10 12
E 13 10
E 12 13
E 15 12
E 14 15
G 2132820608.json 24 24
V 147.000000 269.801391 30.000000 30.000000
V 232.000000 269.801391 100.000000 80.000000
V 452.000000 283.134724 100.000000 80.000000
V 452.000000 151.634724 300.000000 143.000000
V 637.000000 283.134724 30.000000 30.000000
V 722.000000 283.134724 100.000000 80.000000
V 927.073416 187.718057 270.146831 97.500000
V 955.431221 296.468057 100.000000 80.000000
V 1148.146831 71.750000 132.000000 97.500000
V 1398.278980 394.452086 632.264298 507.904172
V 1784.411129 394.452086 100.000000 80.000000
V 1970.984545 314.285419 233.146831 67.000000
V 1970.984545 407.785419 100.000000 80.000000
V 2157.557960 394.452086 100.000000 80.000000
V 2315.631376 394.452086 176.146831 97.500000
V 62.000000 688.404172 100.000000 80.000000
V 637.000000 701.737505 30.000000 30.000000
V 722.000000 701.737505 100.000000 80.000000
V 965.431221 701.737505 40.000000 40.000000
V 1398.278980 708.404172 100.000000 80.000000
V 1748.411129 708.404172 28.000000 28.000000
V 147.000000 701.737505 30.000000 30.000000
V 232.000000 701.737505 100.000000 80.000000
V 452.000000 701.737505 100.000000 80.000000
E 0 1
E 1 2
U 1 3
E 2 4
E 4 5
U 5 6
E 5 7
U 7 8
E 7 9
E 9 10
E 18 9
U 10 11
E 10 12
E 12 13
U 13 14
E 13 15
E 15 21
E 16 17
E 23 16
E 17 18
E 18 19
E 19 20
E 21 22
E 22 23
G 2137323844.json 32 32
V 1399.500000 201.651501 129.000000 55.000000
V 1300.000000 201.651501 30.000000 30.000000
V 1499.000000 201.651501 30.000000 30.000000
V 1096.000000 139.151501 30.000000 30.000000
V 1200.500000 139.151501 129.000000 55.000000
V 1299.000000 139.151501 28.000000 28.000000
V 1399.500000 276.651501 129.000000 55.000000
V 1300.000000 276.651501 30.000000 30.000000
V 1499.000000 276.651501 30.000000 30.000000
V 424.500000 70.992417 129.000000 55.000000
V 529.000000 70.992417 40.000000 40.000000
V 633.500000 207.318168 129.000000 55.000000
V 732.000000 207.318168 28.000000 28.000000
V 782.500000 145.818168 129.000000 55.000000
V 887.000000 145.818168 40.000000 40.000000
V 991.500000 208.318168 129.000000 55.000000
V 1200.500000 276.651501 30.000000 30.000000
V 1857.500000 208.318168 129.000000 55.000000
V 1956.000000 208.318168 28.000000 28.000000
V 991.500000 139.151501 30.000000 30.000000
V 1096.000000 208.318168 40.000000 40.000000
V 1200.500000 201.651501 30.000000 30.000000
V 126.500000 80.159084 129.000000 55.000000
V 27.000000 80.159084 30.000000 30.000000
V 275.500000 80.159084 129.000000 55.000000
V 633.500000 64.325751 129.000000 55.000000
V 1708.500000 208.318168 129.000000 55.000000
V 1549.000000 276.651501 30.000000 30.000000
V 394.650000 161.651501 69.300001 86.318168
V 1604.000000 208.318168 40.000000 40.000000
V 777.748700 55.159084 119.497399 86.318168
V 1549.000000 201.651501 30.000000 30.000000
E 1 0
E 0 2
E 21 1
E 2 31
E 3 4
E 19 3
E 4 5
E 7 6
E 6 8
E 16 7
E 8 27
E 9 10
E 24 9
E 10 11
E 10 25
E 11 12
E 13 14
E 25 13
E 14 15
E 14 19
E 15 20
E 20 16
E 17 18
E 26 17
E 20 21
E 23 22
E 22 24
E 24 28
E 25 30
E 29 26
E 27 29
E 31 29
G 221138962.json 28 37
V 37.000000 52.000000 30.000000 30.000000
V 132.000000 52.000000 100.000000 80.000000
V 932.748998 175.333333 30.000000 30.000000
V 1017.748998 175.333333 100.000000 80.000000
V 1521.245679 175.333333 100.000000 80.000000
V 689.790665 188.666667 40.000000 40.000000
V 1615.875045 175.333333 28.000000 28.000000
V 931.748998 227.333333 28.000000 28.000000
V 252.000000 88.666667 30.000000 30.000000
V 383.484250 188.666667 30.000000 30.000000
V 565.905499 188.666667 100.000000 80.000000
V 877.748998 182.000000 40.000000 40.000000
V 787.748998 182.000000 100.000000 80.000000
V 399.972024 113.666667 115.944049 80.000000
V 409.968500 288.166667 135.936999 80.000000
V 264.041667 353.946000 63.875000 57.946000
V 1165.699998 275.000000 155.901999 80.000000
V 1354.790996 288.333333 182.279999 80.000000
V 1523.903021 315.000000 115.944049 80.000000
V 252.000000 38.666667 30.000000 30.000000
V 565.905499 288.166667 135.936999 79.000000
V 685.811498 314.973000 63.875000 57.946000
V 32.000000 123.666667 40.000000 40.000000
V 132.000000 274.833333 100.000000 80.000000
V 216.000000 151.333333 28.000000 28.000000
V 1616.875045 315.000000 30.000000 30.000000
V 252.000000 261.500000 100.000000 80.000000
V 132.000000 164.666667 100.000000 80.000000
E 0 1
E 1 8
E 1 19
E 2 3
E 11 2
E 3 4
E 3 16
E 4 6
E 17 4
E 5 7
E 10 5
E 5 12
E 11 7
E 8 9
E 9 10
E 26 9
E 27 9
E 12 11
U 15 13
E 19 13
E 13 22
U 15 14
E 14 20
E 26 14
U 15 16
U 15 17
U 15 18
U 23 15
E 16 17
E 20 16
E 17 18
E 18 25
U 20 21
E 22 23
E 22 27
E 23 26
E 27 24
G 222096454.json 23 26
V 27.000000 68.666667 30.000000 30.000000
V 82.000000 68.666667 40.000000 40.000000
V 172.000000 162.000000 100.000000 80.000000
V 172.000000 62.000000 100.000000 80.000000
V 262.000000 68.666667 40.000000 40.000000
V 442.000000 68.666667 40.000000 40.000000
V 1662.000000 65.333333 100.000000 80.000000
V 352.000000 68.666667 100.000000 80.000000
V 532.000000 62.000000 100.000000 80.000000
V 1572.000000 65.333333 40.000000 40.000000
V 1746.000000 65.333333 28.000000 28.000000
V 622.000000 62.000000 40.000000 40.000000
V 1072.000000 58.666667 100.000000 80.000000
V 722.000000 52.000000 100.000000 80.000000
V 722.000000 155.000000 100.000000 84.000000
V 807.000000 52.000000 30.000000 30.000000
V 892.000000 52.000000 100.000000 80.000000
V 982.000000 58.666667 40.000000 40.000000
V 1252.000000 103.000000 100.000000 80.000000
V 1422.000000 103.000000 100.000000 80.000000
V 1337.000000 103.000000 30.000000 30.000000
V 1162.000000 58.666667 40.000000 40.000000
V 1512.000000 58.666667 40.000000 40.000000
E 0 1
E 1 2
E 1 3
E 2 4
E 3 4
E 4 7
E 7 5
E 5 8
E 5 9
E 9 6
E 6 10
E 8 11
E 22 9
E 11 13
U 11 14
E 11 17
E 17 12
E 12 21
E 13 15
E 15 16
E 16 17
E 18 20
E 21 18
E 20 19
E 19 22
E 21 22
G 223463879.json 21 22
V 390.000000 52.000000 100.000000 80.000000
V 529.000000 252.000000 100.000000 80.000000
V 529.000000 52.000000 138.000000 80.000000
V 632.000000 52.000000 28.000000 28.000000
V 668.000000 165.333333 100.000000 80.000000
V 752.000000 165.333333 28.000000 28.000000
V 191.000000 58.666667 138.000000 80.000000
V 300.000000 58.666667 40.000000 40.000000
V 400.000000 158.666667 40.000000 40.000000
V 529.000000 152.000000 100.000000 80.000000
V 191.000000 365.333333 138.000000 80.000000
V 300.000000 365.333333 40.000000 40.000000
V 400.000000 358.666667 40.000000 40.000000
V 529.000000 452.000000 100.000000 80.000000
V 529.000000 352.000000 100.000000 80.000000
V 390.000000 526.000000 100.000000 80.000000
V 474.000000 526.000000 28.000000 28.000000
V 668.000000 365.333333 100.000000 80.000000
V 752.000000 365.333333 28.000000 28.000000
V 82.000000 65.333333 40.000000 40.000000
V 27.000000 65.333333 30.000000 30.000000
E 0 2
E 7 0
E 1 4
E 8 1
E 2 3
E 4 5
E 9 4
E 6 7
E 19 6
E 7 8
E 8 9
E 10 11
E 19 10
E 11 12
E 11 15
E 12 13
E 12 14
E 13 17
E 14 17
E 15 16
E 17 18
E 20 19
G 231192484.json 23 25
V 27.000000 320.416667 30.000000 30.000000
V 199.000000 320.416667 40.000000 40.000000
V 110.500000 320.416667 97.000000 55.000000
V 303.500000 327.083333 97.000000 55.000000
V 408.000000 327.083333 40.000000 40.000000
V 303.500000 242.583333 129.000000 74.000000
V 402.000000 242.583333 28.000000 28.000000
V 519.000000 237.250000 142.000000 80.500000
V 624.000000 237.250000 28.000000 28.000000
V 909.000000 333.750000 40.000000 40.000000
V 1033.500000 159.750000 112.769561 60.000000
V 1033.500000 252.500000 112.769561 60.000000
V 1189.000000 159.750000 142.000000 71.500000
V 1033.500000 345.750000 112.000000 63.000000
V 1033.500000 58.000000 129.000000 80.500000
V 1189.000000 252.500000 142.000000 74.000000
V 1189.000000 345.750000 142.000000 72.500000
V 1364.000000 248.500000 28.000000 28.000000
V 1189.000000 58.000000 142.000000 92.000000
V 1310.000000 248.500000 40.000000 40.000000
V 519.000000 333.750000 112.000000 72.500000
V 681.000000 333.750000 142.000000 71.500000
V 820.500000 333.750000 97.000000 72.500000
E 0 2
E 2 1
E 1 3
E 1 5
E 3 4
E 4 7
E 4 20
E 5 6
E 7 8
E 9 10
E 9 11
E 9 13
E 9 14
E 22 9
E 10 12
E 11 15
E 12 19
E 13 16
E 14 18
E 15 19
E 16 19
E 19 17
E 18 19
E 20 21
E 21 22
G 232851382.json 16 15
V 27.000000 253.000000 30.000000 30.000000
V 112.000000 253.000000 100.000000 80.000000
V 303.500000 148.916667 123.000000 90.500000
V 303.500000 259.666667 121.000000 91.000000
V 202.000000 253.000000 40.000000 40.000000
V 531.000000 155.833333 172.000000 101.000000
V 495.000000 266.333333 100.000000 80.000000
V 772.500000 162.500000 151.000000 101.000000
V 747.000000 52.000000 100.000000 80.000000
V 978.000000 169.166667 100.000000 80.000000
V 978.000000 69.166667 100.000000 80.000000
V 1098.000000 169.166667 100.000000 80.000000
V 1182.000000 169.166667 28.000000 28.000000
V 405.000000 259.666667 40.000000 40.000000
V 657.000000 155.833333 40.000000 40.000000
V 888.000000 162.500000 40.000000 40.000000
E 0 1
E 1 4
E 4 2
E 4 3
E 3 13
E 13 5
E 5 14
E 13 6
E 14 7
E 7 15
E 14 8
E 9 11
E 15 9
E 15 10
E 11 12
G 235507328.json 24 29
V 288.000000 558.580667 124.000000 80.000000
V 288.000000 141.889667 124.000000 80.000000
V 432.000000 66.250000 124.000000 80.000000
V 288.000000 282.338167 124.000000 80.000000
V 432.000000 348.936167 124.000000 80.000000
V 160.075500 558.580667 51.849000 51.897000
V 318.062500 52.916667 63.875000 57.946000
V 160.075500 340.286667 51.849000 51.897000
V 160.075500 133.889667 51.849000 51.897000
V 160.075500 412.183667 51.849000 51.897000
V 160.075500 630.477667 51.849000 51.897000
V 145.000000 274.338167 40.000000 40.000000
V 585.000000 579.497333 40.000000 40.000000
V 702.000000 579.497333 28.000000 28.000000
V 27.000000 274.338167 30.000000 30.000000
V 606.000000 395.019500 124.000000 54.500000
V 432.000000 545.247333 124.000000 68.500000
V 606.000000 653.747333 124.000000 68.500000
V 606.000000 46.250000 124.000000 68.500000
V 606.000000 313.519500 124.000000 68.500000
V 124.000000 207.088167 124.000000 54.500000
V 124.000000 60.691167 124.000000 54.500000
V 124.000000 703.676167 124.000000 54.500000
V 126.613250 485.382167 118.773500 54.500000
U 5 0
U 10 0
E 11 0
E 0 12
E 0 16
E 22 0
E 23 0
E 1 2
U 8 1
E 11 1
E 20 1
E 21 1
U 6 2
E 2 12
E 2 18
E 2 19
E 3 4
U 7 3
U 9 3
E 11 3
E 20 3
U 7 4
U 9 4
E 4 12
E 4 15
E 4 17
E 4 19
E 14 11
E 12 13
G 239504115.json 16 19
V 27.000000 72.000000 30.000000 30.000000
V 82.000000 72.000000 40.000000 40.000000
V 292.000000 253.000000 100.000000 80.000000
V 142.000000 65.333333 40.000000 40.000000
V 412.000000 202.000000 100.000000 80.000000
V 202.000000 58.666667 40.000000 40.000000
V 292.000000 52.000000 100.000000 80.000000
V 402.000000 58.666667 40.000000 40.000000
V 502.000000 58.666667 40.000000 40.000000
V 592.000000 152.000000 100.000000 80.000000
V 592.000000 52.000000 100.000000 80.000000
V 682.000000 58.666667 40.000000 40.000000
V 802.000000 72.000000 40.000000 40.000000
V 892.000000 72.000000 100.000000 80.000000
V 976.000000 72.000000 28.000000 28.000000
V 742.000000 65.333333 40.000000 40.000000
E 0 1
E 1 2
E 1 3
E 2 12
E 3 4
E 3 5
E 4 15
E 5 6
E 5 7
E 6 7
E 7 8
E 8 9
E 8 10
E 9 11
E 10 11
E 11 15
E 12 13
E 15 12
E 13 14
G 240458761.json 19 21
V 63.038499 114.717999 30.000000 30.000000
V 148.038499 101.384666 100.000000 80.000000
V 388.038499 101.384666 100.000000 80.000000
V 508.038499 101.384666 100.000000 80.000000
V 1016.153997 96.384666 30.000000 30.000000
V 45.019250 45.859000 66.038499 67.717999
V 1130.153997 43.739333 100.000000 55.000000
V 1130.153997 193.217999 100.000000 80.000000
V 1239.173247 193.217999 78.038499 55.000000
V 268.038499 88.051332 100.000000 80.000000
V 593.038499 101.384666 30.000000 30.000000
V 656.076998 101.384666 56.076999 55.000000
V 719.115498 101.384666 30.000000 30.000000
V 804.115498 96.384666 100.000000 80.000000
V 913.134748 96.384666 56.076999 55.000000
V 804.115498 189.051332 30.000000 30.000000
V 913.134748 189.051332 78.038499 55.000000
V 1348.192496 193.217999 100.000000 80.000000
V 1016.153997 179.884666 88.000000 97.000000
E 0 1
E 1 2
E 5 1
E 1 9
E 2 3
E 9 2
E 3 10
E 4 6
E 14 4
E 5 6
E 7 8
E 16 7
E 18 7
E 8 17
E 10 11
E 11 12
E 12 13
E 12 15
E 13 14
E 15 16
E 16 18
G 243381474.json 21 23
V 112.000000 145.333333 100.000000 80.000000
V 27.000000 145.333333 30.000000 30.000000
V 292.000000 152.000000 100.000000 80.000000
V 412.000000 152.000000 100.000000 80.000000
V 502.000000 152.000000 40.000000 40.000000
V 592.000000 108.666667 100.000000 80.000000
V 682.000000 152.000000 40.000000 40.000000
V 892.000000 152.000000 100.000000 80.000000
V 1012.000000 152.000000 100.000000 80.000000
V 1012.000000 52.000000 100.000000 80.000000
V 802.000000 145.333333 40.000000 40.000000
V 1102.000000 145.333333 40.000000 40.000000
V 1432.000000 52.000000 100.000000 80.000000
V 1252.000000 52.000000 100.000000 80.000000
V 1516.000000 52.000000 28.000000 28.000000
V 412.000000 52.000000 100.000000 80.000000
V 742.000000 145.333333 40.000000 40.000000
V 202.000000 145.333333 40.000000 40.000000
V 1252.000000 152.000000 100.000000 80.000000
V 1162.000000 145.333333 40.000000 40.000000
V 1342.000000 52.000000 40.000000 40.000000
E 1 0
E 0 17
E 2 3
E 17 2
E 3 4
E 4 5
E 4 6
E 5 6
E 6 16
E 7 8
E 10 7
E 8 11
E 10 9
E 9 11
E 16 10
E 11 19
E 12 14
E 20 12
E 19 13
E 13 20
E 15 16
E 17 15
E 19 18
G 247202808.json 21 26
V 207.000000 297.333333 30.000000 30.000000
V 262.000000 297.333333 40.000000 40.000000
V 352.000000 290.666667 100.000000 80.000000
V 682.000000 297.333333 28.000000 28.000000
V 462.000000 297.333333 40.000000 40.000000
V 207.000000 103.000000 30.000000 30.000000
V 262.000000 103.000000 40.000000 40.000000
V 916.000000 116.333333 28.000000 28.000000
V 862.000000 116.333333 40.000000 40.000000
V 772.000000 109.666667 100.000000 80.000000
V 682.000000 109.666667 40.000000 40.000000
V 362.000000 96.333333 40.000000 40.000000
V 472.000000 189.666667 100.000000 80.000000
V 592.000000 189.666667 100.000000 80.000000
V 472.000000 89.666667 100.000000 80.000000
V 27.000000 58.666667 30.000000 30.000000
V 112.000000 58.666667 100.000000 80.000000
V 965.000000 116.333333 30.000000 30.000000
V 1050.000000 116.333333 100.000000 80.000000
V 1134.000000 116.333333 28.000000 28.000000
V 592.000000 52.000000 100.000000 80.000000
E 0 1
E 16 0
E 1 2
E 1 4
E 2 4
E 4 3
E 3 17
E 5 6
E 16 5
E 6 8
E 6 11
E 8 7
E 7 17
E 9 8
E 10 9
E 13 10
E 14 10
E 11 12
E 11 14
E 12 13
E 14 20
E 15 16
E 16 20
E 17 18
E 20 17
E 18 19
G 249481809.json 21 26
V 1201.609999 89.666667 100.000000 80.000000
V 471.609999 333.158868 100.000000 80.000000
V 561.609999 333.158868 40.000000 40.000000
V 651.609999 326.492201 100.000000 80.000000
V 866.609999 32.000000 30.000000 30.000000
V 961.609999 32.000000 40.000000 40.000000
V 1201.609999 387.158868 100.000000 80.000000
V 1321.609999 387.158868 100.000000 80.000000
V 1071.609999 76.333333 100.000000 80.000000
V 771.609999 326.492201 100.000000 80.000000
V 861.609999 326.492201 40.000000 40.000000
V 1441.609999 257.825534 100.000000 80.000000
V 32.000000 267.825534 40.000000 40.000000
V 122.000000 339.825534 100.000000 80.000000
V 212.000000 339.825534 40.000000 40.000000
V 326.805000 333.158868 149.609999 80.000000
V 1311.609999 32.000000 40.000000 40.000000
V 1071.609999 192.079434 100.000000 111.492201
V 1165.609999 313.158868 28.000000 28.000000
V 951.609999 319.825534 100.000000 80.000000
V 1081.609999 319.825534 40.000000 40.000000
E 8 0
E 0 16
U 17 0
E 1 2
E 15 1
E 2 3
E 2 6
E 3 9
E 4 5
E 5 8
E 5 16
E 6 7
E 10 6
E 12 6
E 14 6
E 20 6
E 7 11
E 9 10
E 10 19
E 11 12
E 16 11
E 12 13
E 13 14
E 14 15
E 20 18
E 19 20
G 250261302.json 28 30
V 378.001000 132.586500 88.000000 97.000000
V 144.001000 281.726167 63.875000 57.946000
V 43.000500 281.726167 62.001000 60.173000
V 144.001000 207.753167 100.000000 50.000000
V 504.001000 297.253167 88.000000 97.000000
V 603.001500 281.086500 62.001000 60.173000
V 483.001500 148.753167 62.001000 60.173000
V 963.001500 341.615167 62.001000 60.173000
V 1067.001000 227.753167 30.000000 30.000000
V 1066.001000 418.368333 28.000000 28.000000
V 1066.001000 370.368333 28.000000 28.000000
V 992.001000 411.701667 40.000000 40.000000
V 862.001000 398.368333 100.000000 80.000000
V 982.001000 227.753167 100.000000 80.000000
V 827.001000 52.000000 30.000000 30.000000
V 622.001000 391.701667 100.000000 80.000000
V 407.001000 422.650167 30.000000 30.000000
V 752.001000 391.701667 40.000000 40.000000
V 852.001000 227.753167 40.000000 40.000000
V 526.076500 391.701667 51.849000 51.897000
V 502.001000 58.666667 100.000000 80.000000
V 742.001000 52.000000 100.000000 80.000000
V 632.001000 58.666667 40.000000 40.000000
V 264.001000 207.753167 100.000000 80.000000
V 386.001000 221.086500 40.000000 40.000000
V 732.001000 221.086500 40.000000 40.000000
V 396.076500 38.138000 51.849000 51.897000
V 179.001000 147.753167 30.000000 30.000000
E 0 6
E 0 20
E 23 0
U 2 1
U 1 23
U 3 23
E 4 5
E 4 15
E 16 4
E 12 7
E 13 8
E 11 9
E 11 10
E 12 11
E 17 12
E 18 13
E 21 14
E 16 15
E 15 17
U 19 15
E 17 18
E 25 18
E 20 22
E 24 20
U 26 20
E 22 21
E 22 25
E 23 24
E 27 23
E 24 25
G 254092609.json 25 34
V 62.000000 378.666667 100.000000 80.000000
V 332.000000 342.000000 100.000000 80.000000
V 452.000000 378.666667 100.000000 80.000000
V 92.000000 212.000000 40.000000 40.000000
V 182.000000 212.000000 100.000000 80.000000
V 182.000000 112.000000 100.000000 80.000000
V 452.000000 202.000000 100.000000 80.000000
V 542.000000 202.000000 40.000000 40.000000
V 632.000000 208.666667 100.000000 80.000000
V 632.000000 108.666667 100.000000 80.000000
V 212.000000 32.000000 40.000000 40.000000
V 872.000000 208.666667 100.000000 80.000000
V 322.000000 262.000000 40.000000 40.000000
V 317.000000 202.000000 40.000000 40.000000
V 197.000000 355.333333 40.000000 40.000000
V 1106.000000 473.000000 28.000000 28.000000
V 984.000000 398.666667 40.000000 40.000000
V 767.000000 208.666667 40.000000 40.000000
V 752.000000 479.666667 100.000000 80.000000
V 890.000000 493.000000 40.000000 40.000000
V 1002.000000 603.666667 100.000000 80.000000
V 1112.000000 603.666667 40.000000 40.000000
V 1202.000000 610.333333 100.000000 80.000000
V 1286.000000 610.333333 28.000000 28.000000
V 1202.000000 510.333333 100.000000 80.000000
E 2 0
E 0 14
E 1 3
E 14 1
E 12 2
E 3 4
E 3 5
E 4 13
E 5 13
E 6 7
E 13 6
E 7 8
E 7 9
E 8 17
E 9 10
E 10 12
E 10 13
E 11 16
E 17 11
E 14 12
E 14 15
E 16 15
E 17 15
E 19 15
E 16 17
E 16 18
E 19 16
E 18 19
E 19 20
E 24 19
E 20 21
E 21 22
E 21 24
E 22 23
G 260762541.json 20 22
V 27.000000 178.666667 30.000000 30.000000
V 118.500000 178.666667 113.000000 80.000000
V 255.000000 178.666667 40.000000 40.000000
V 381.500000 172.000000 113.000000 80.000000
V 380.333333 72.000000 106.000000 80.000000
V 508.000000 72.000000 100.000000 80.000000
V 778.000000 165.333333 40.000000 40.000000
V 1181.000000 122.000000 100.000000 80.000000
V 1307.500000 108.666667 113.000000 80.000000
V 1398.000000 108.666667 28.000000 28.000000
V 971.000000 193.666667 40.000000 40.000000
V 688.000000 165.333333 100.000000 80.000000
V 598.000000 165.333333 40.000000 40.000000
V 868.000000 165.333333 100.000000 50.000000
V 1181.000000 207.000000 100.000000 50.000000
V 1061.000000 193.666667 100.000000 80.000000
V 1061.000000 108.666667 100.000000 50.000000
V 245.000000 67.000000 100.000000 50.000000
V 1181.000000 37.000000 100.000000 50.000000
V 874.500000 80.333333 113.000000 80.000000
E 0 1
E 1 2
E 2 3
E 2 4
E 3 12
U 17 3
E 4 5
U 17 4
E 5 12
E 6 10
E 11 6
U 6 13
E 6 19
E 7 8
E 15 7
U 16 7
E 8 9
U 18 8
E 10 15
E 19 10
E 12 11
U 15 14
G 263465032.json 39 42
V 414.000000 378.366667 30.000000 30.000000
V 672.500000 383.366667 100.000000 83.000000
V 815.500000 362.616667 88.000000 97.000000
V 823.333333 518.116667 30.000000 30.000000
V 1801.600000 280.000000 30.000000 30.000000
V 1919.000000 334.000000 28.000000 28.000000
V 1955.000000 275.000000 100.000000 50.000000
V 807.000000 457.116667 104.000000 52.000000
V 509.333333 383.366667 30.000000 30.000000
V 957.000000 338.366667 104.000000 58.000000
V 961.500000 622.866667 113.000000 53.000000
V 920.000000 561.366667 30.000000 30.000000
V 362.250000 114.366667 110.000000 68.000000
V 1508.333333 77.200000 30.000000 30.000000
V 670.000000 90.700000 110.000000 74.000000
V 1645.500000 77.200000 111.000000 84.000000
V 1755.000000 231.000000 28.000000 28.000000
V 1811.000000 52.000000 140.000000 80.000000
V 62.000000 79.366667 100.000000 80.000000
V 207.000000 124.366667 40.000000 40.000000
V 350.500000 541.366667 30.000000 30.000000
V 192.000000 59.366667 100.000000 50.000000
V 543.000000 97.366667 40.000000 40.000000
V 1274.000000 280.000000 112.000000 61.000000
V 516.000000 290.866667 114.000000 115.000000
V 810.000000 131.033333 30.000000 30.000000
V 986.333333 131.033333 100.000000 80.000000
V 1417.500000 173.866667 30.000000 30.000000
V 1484.000000 232.866667 28.000000 28.000000
V 1276.000000 187.200000 100.000000 80.000000
V 1135.000000 117.700000 126.000000 69.000000
V 1400.000000 233.866667 100.000000 50.000000
V 1520.000000 173.866667 100.000000 50.000000
V 1135.000000 187.200000 30.000000 30.000000
V 978.500000 426.366667 147.000000 78.000000
V 1813.000000 154.500000 144.000000 85.000000
V 810.000000 192.533333 110.000000 53.000000
V 527.000000 175.366667 136.000000 76.000000
V 350.500000 459.866667 157.000000 93.000000
E 0 8
E 1 2
E 1 3
U 1 7
E 8 1
U 2 9
E 2 11
U 2 34
E 3 4
U 3 10
E 4 5
U 4 6
E 15 4
E 23 4
E 20 8
E 11 18
E 19 12
E 12 22
U 12 24
U 12 37
E 14 13
E 13 15
E 27 13
E 22 14
E 14 25
U 14 36
E 15 16
U 15 17
U 15 35
E 18 19
U 18 21
E 19 20
U 19 38
E 22 23
E 25 26
U 26 30
E 26 33
E 27 28
E 29 27
U 27 32
U 29 31
E 33 29
G 270418889.json 34 36
V 232.000000 112.839667 100.000000 80.000000
V 112.000000 112.839667 100.000000 80.000000
V 27.000000 112.839667 30.000000 30.000000
V 662.000000 119.506333 120.000000 80.000000
V 993.597302 265.339667 132.000000 138.000000
V 845.731535 119.506333 40.000000 40.000000
V 824.798651 288.339667 165.597302 102.500000
V 1645.972302 265.339667 149.000000 80.000000
V 562.000000 112.839667 40.000000 40.000000
V 352.000000 112.839667 100.000000 80.000000
V 2030.472302 272.006333 120.000000 80.000000
V 993.597302 112.839667 30.000000 30.000000
V 662.000000 44.506333 30.000000 30.000000
V 472.000000 112.839667 100.000000 80.000000
V 1493.805635 265.339667 30.000000 30.000000
V 1101.263969 265.339667 30.000000 30.000000
V 1189.597302 106.173000 100.000000 80.000000
V 1099.597302 106.173000 40.000000 40.000000
V 1273.597302 106.173000 28.000000 28.000000
V 2124.472302 272.006333 28.000000 28.000000
V 1790.472302 265.339667 30.000000 30.000000
V 1935.472302 272.006333 30.000000 30.000000
V 1934.472302 223.006333 28.000000 28.000000
V 1880.472302 265.339667 40.000000 40.000000
V 1790.472302 60.910833 100.000000 55.000000
V 1874.472302 60.910833 28.000000 28.000000
V 1504.472302 185.339667 94.000000 55.000000
V 1664.138969 185.339667 40.000000 40.000000
V 1754.472302 192.006333 28.000000 28.000000
V 1189.597302 181.173000 30.000000 30.000000
V 1306.597302 181.173000 94.000000 55.000000
V 1405.534802 51.744167 63.875000 57.946000
V 1322.596802 42.086500 62.001000 60.173000
V 1411.180635 190.339667 30.000000 30.000000
E 1 0
E 0 9
E 2 1
E 3 5
E 8 3
E 5 4
E 6 4
E 4 15
E 5 11
E 14 7
E 7 20
E 8 12
E 13 8
E 9 13
E 10 19
E 21 10
E 11 17
E 12 17
E 15 14
E 33 14
E 15 29
E 17 16
E 16 18
E 20 23
E 23 21
E 23 22
E 24 25
E 27 24
U 31 24
E 26 27
E 33 26
E 27 28
E 29 30
U 30 31
E 30 33
U 32 31
G 275796140.json 15 18
V 26.000000 53.666667 28.000000 28.000000
V 80.000000 53.666667 40.000000 40.000000
V 161.333333 207.000000 40.000000 40.000000
V 241.500000 270.333333 69.000000 50.000000
V 325.666667 207.000000 40.000000 40.000000
V 241.500000 200.333333 69.000000 50.000000
V 554.000000 113.666667 40.000000 40.000000
V 479.500000 107.000000 69.000000 50.000000
V 405.000000 107.000000 40.000000 40.000000
V 158.500000 142.000000 57.000000 50.000000
V 330.500000 107.000000 69.000000 50.000000
V 246.333333 43.666667 40.000000 40.000000
V 158.500000 43.666667 57.000000 45.000000
V 330.500000 37.000000 69.000000 50.000000
V 608.000000 113.666667 28.000000 28.000000
E 0 1
E 1 2
E 1 9
E 1 12
E 2 3
E 2 5
E 3 4
E 5 4
E 4 6
E 7 6
E 6 14
E 8 7
E 9 8
E 10 8
E 13 8
E 11 10
E 12 11
E 11 13
G 280579461.json 16 18
V 227.000000 89.666667 30.000000 30.000000
V 312.000000 89.666667 100.000000 80.000000
V 552.000000 52.000000 100.000000 80.000000
V 132.000000 203.000000 100.000000 80.000000
V 132.000000 103.000000 100.000000 80.000000
V 322.000000 196.333333 40.000000 40.000000
V 552.000000 203.000000 100.000000 80.000000
V 432.000000 96.333333 40.000000 40.000000
V 672.000000 203.000000 100.000000 80.000000
V 672.000000 103.000000 100.000000 80.000000
V 762.000000 196.333333 40.000000 40.000000
V 852.000000 196.333333 100.000000 80.000000
V 936.000000 196.333333 28.000000 28.000000
V 32.000000 193.000000 40.000000 40.000000
V 222.000000 196.333333 40.000000 40.000000
V 432.000000 203.000000 100.000000 80.000000
E 0 1
E 1 7
E 7 2
E 2 13
E 13 3
E 3 14
E 13 4
E 4 14
E 5 7
E 14 5
E 5 15
E 6 8
E 15 6
E 7 9
E 8 10
E 9 10
E 10 11
E 11 12
G 28586549.json 24 28
V 160.000039 120.175500 100.000000 80.000000
V 378.000078 120.175500 100.000000 80.000000
V 75.000039 133.508833 30.000000 30.000000
V 51.000020 55.254416 78.000039 86.508833
V 269.000059 80.254417 78.000039 86.508833
V 468.000078 120.175500 40.000000 40.000000
V 522.000078 52.842166 28.000000 28.000000
V 558.000078 126.842166 100.000000 80.000000
V 667.000098 86.921083 78.000039 86.508833
V 1546.875176 56.921083 78.000039 75.172601
V 776.000117 126.842166 100.000000 80.000000
V 1016.000117 84.535833 100.000000 80.000000
V 1113.958450 140.175500 40.000000 40.000000
V 1219.875117 140.175500 100.000000 80.000000
V 906.000117 140.175500 40.000000 40.000000
V 1117.937617 71.202500 63.875000 57.946000
V 1328.875137 100.254417 78.000039 86.508833
V 1437.875156 140.175500 100.000000 80.000000
V 1553.208515 140.175500 40.000000 40.000000
V 1655.875195 70.254417 100.000000 80.000000
V 1758.541875 140.175500 40.000000 40.000000
V 1837.875234 140.175500 28.000000 28.000000
V 1764.875215 56.921083 78.000039 86.508833
V 896.000117 75.175500 100.000000 50.000000
E 0 1
E 2 0
E 3 0
E 0 4
E 4 1
E 1 5
E 5 6
E 5 7
E 7 8
E 7 10
E 8 10
E 9 19
E 10 14
U 10 23
E 11 12
E 14 11
U 11 15
E 12 13
E 14 12
E 13 16
E 13 17
E 16 17
E 17 18
E 18 19
E 18 20
E 19 20
E 19 22
E 20 21
G 295941315.json 17 18
V 422.000000 218.666667 40.000000 40.000000
V 532.000000 212.000000 100.000000 80.000000
V 642.000000 218.666667 40.000000 40.000000
V 202.000000 218.666667 30.000000 30.000000
V 292.000000 218.666667 100.000000 80.000000
V 742.000000 218.666667 40.000000 40.000000
V 27.000000 72.000000 30.000000 30.000000
V 112.000000 72.000000 100.000000 80.000000
V 202.000000 58.666667 40.000000 40.000000
V 292.000000 52.000000 30.000000 30.000000
V 532.000000 52.000000 100.000000 80.000000
V 616.000000 56.666667 28.000000 28.000000
V 292.000000 132.000000 30.000000 30.000000
V 412.000000 132.000000 100.000000 80.000000
V 542.000000 132.000000 40.000000 40.000000
V 652.000000 138.666667 100.000000 80.000000
V 736.000000 138.666667 28.000000 28.000000
E 0 1
E 0 2
E 4 0
E 1 2
E 2 5
E 3 4
E 7 3
E 6 7
E 7 8
E 8 9
E 8 12
E 9 10
E 10 11
E 14 11
E 12 13
E 13 14
E 14 15
E 15 16
G 296774052.json 16 16
V 27.000000 58.666667 30.000000 30.000000
V 112.000000 58.666667 100.000000 80.000000
V 232.000000 58.666667 100.000000 80.000000
V 352.000000 58.666667 100.000000 80.000000
V 472.000000 58.666667 100.000000 80.000000
V 652.000000 152.000000 100.000000 80.000000
V 772.000000 65.333333 100.000000 80.000000
V 892.000000 65.333333 100.000000 80.000000
V 1012.000000 65.333333 100.000000 80.000000
V 1132.000000 65.333333 100.000000 80.000000
V 1252.000000 65.333333 100.000000 80.000000
V 1372.000000 65.333333 100.000000 80.000000
V 1501.075000 65.333333 118.150000 80.000000
V 1594.150000 65.333333 28.000000 28.000000
V 652.000000 52.000000 100.000000 80.000000
V 562.000000 58.666667 40.000000 40.000000
E 0 1
E 1 2
E 2 3
E 3 4
E 4 15
E 5 6
E 15 5
E 6 7
E 14 6
E 7 8
E 8 9
E 9 10
E 10 11
E 11 12
E 12 13
E 15 14
G 329073750.json 31 33
V 136.972431 238.666667 149.944863 145.299845
V 691.576343 152.000000 30.000000 30.000000
V 931.576343 152.000000 100.000000 80.000000
V 1451.576343 158.666667 100.000000 60.000000
V 1705.576343 245.333333 100.000000 80.000000
V 1849.576343 238.666667 28.000000 28.000000
V 811.576343 52.000000 100.000000 80.000000
V 556.668473 52.000000 30.000000 30.000000
V 1578.576343 108.666667 114.000000 80.000000
V 1795.576343 238.666667 40.000000 40.000000
V 931.576343 252.000000 30.000000 30.000000
V 691.576343 52.000000 100.000000 80.000000
V 811.576343 152.000000 100.000000 80.000000
V 27.000000 238.666667 30.000000 30.000000
V 1365.576343 52.000000 28.000000 28.000000
V 1366.576343 108.666667 30.000000 30.000000
V 1366.576343 158.666667 30.000000 30.000000
V 1566.243010 245.333333 40.000000 40.000000
V 1291.576343 152.000000 40.000000 40.000000
V 246.944863 238.666667 30.000000 30.000000
V 406.852733 52.000000 129.815740 80.000000
V 1016.576343 152.000000 30.000000 30.000000
V 421.822023 245.333333 40.000000 40.000000
V 556.668473 152.000000 129.815740 80.000000
V 1161.576343 152.000000 100.000000 80.000000
V 1016.576343 52.000000 30.000000 30.000000
V 556.668473 252.000000 122.177545 80.000000
V 301.944863 238.666667 40.000000 40.000000
V 1071.576343 145.333333 40.000000 40.000000
V 1281.576343 52.000000 100.000000 80.000000
V 1161.576343 52.000000 100.000000 80.000000
E 13 0
E 0 19
E 1 12
E 23 1
E 12 2
E 2 21
E 16 3
E 3 17
E 4 9
E 17 4
E 9 5
E 11 6
E 6 25
E 7 11
E 20 7
E 8 9
E 15 8
E 10 17
E 26 10
E 29 14
E 18 15
E 18 16
E 24 18
E 19 27
E 27 20
E 21 28
E 22 23
E 22 26
E 27 22
E 28 24
E 25 28
E 28 30
E 30 29
G 333336872.json 21 21
V 60.875000 198.946000 30.000000 30.000000
V 142.593750 185.612667 93.437500 80.000000
V 269.312500 198.946000 40.000000 40.000000
V 379.312500 205.612667 100.000000 80.000000
V 463.312500 205.612667 28.000000 28.000000
V 679.312500 116.612667 100.000000 80.000000
V 785.229167 116.612667 40.000000 40.000000
V 883.187500 109.946000 100.000000 80.000000
V 967.187500 109.946000 28.000000 28.000000
V 43.937500 134.973000 63.875000 57.946000
V 1133.187500 129.946000 100.000000 80.000000
V 1217.187500 129.946000 28.000000 28.000000
V 883.187500 209.946000 100.000000 80.000000
V 781.250000 223.279333 63.875000 57.946000
V 380.406250 112.112667 93.437500 67.000000
V 499.312500 73.279333 100.000000 80.000000
V 589.312500 116.612667 40.000000 40.000000
V 1003.187500 209.946000 100.000000 80.000000
V 1115.125000 40.973000 63.875000 57.946000
V 259.312500 118.946000 100.000000 80.000000
V 1133.187500 229.946000 100.000000 80.000000
E 0 1
E 1 2
U 9 1
E 1 19
E 2 3
E 2 14
E 3 4
E 5 6
E 16 5
E 6 7
E 6 12
E 7 8
E 10 11
E 17 10
U 13 12
E 12 17
E 14 15
E 16 14
E 15 16
U 17 18
E 17 20
G 334184275.json 26 28
V 96.500000 257.250000 69.000000 55.000000
V 171.000000 257.250000 40.000000 40.000000
V 245.500000 196.416667 69.000000 55.000000
V 789.000000 257.250000 28.000000 28.000000
V 334.500000 263.916667 69.000000 55.000000
V 339.333333 196.416667 40.000000 40.000000
V 430.500000 119.750000 83.000000 50.000000
V 432.833333 203.083333 69.000000 40.000000
V 526.333333 189.750000 40.000000 40.000000
V 735.000000 257.250000 40.000000 40.000000
V 645.000000 189.750000 100.000000 80.000000
V 27.000000 257.250000 30.000000 30.000000
V 645.000000 102.250000 69.000000 55.000000
V 809.500000 102.250000 69.000000 59.500000
V 809.500000 32.250000 69.000000 40.500000
V 735.000000 102.250000 40.000000 40.000000
V 533.500000 102.250000 83.000000 55.000000
V 884.000000 95.583333 40.000000 40.000000
V 968.750000 95.583333 89.500000 60.000000
V 1047.500000 85.583333 28.000000 28.000000
V 457.000000 59.750000 30.000000 30.000000
V 533.500000 304.916667 83.000000 60.000000
V 1076.000000 295.750000 85.000000 55.000000
V 1173.000000 295.750000 69.000000 50.000000
V 1241.500000 295.750000 28.000000 28.000000
V 457.000000 314.916667 30.000000 30.000000
E 0 1
E 11 0
E 1 2
E 1 4
E 2 5
E 9 3
E 4 9
E 5 6
E 5 7
E 6 8
E 6 16
E 7 8
E 7 21
E 8 10
E 10 9
E 12 15
E 16 12
E 15 13
E 13 17
E 14 17
E 20 16
E 17 18
E 18 19
E 18 22
E 21 22
E 25 21
E 22 23
E 23 24
G 338187203.json 28 33
V 810.000000 365.333333 28.000000 28.000000
V 930.000000 365.333333 100.000000 80.000000
V 1020.000000 415.333333 40.000000 40.000000
V 290.000000 435.333333 100.000000 80.000000
V 810.000000 527.000000 100.000000 80.000000
V 940.000000 527.000000 40.000000 40.000000
V 1050.000000 533.666667 100.000000 80.000000
V 1134.000000 533.666667 28.000000 28.000000
V 810.000000 138.666667 28.000000 28.000000
V 930.000000 138.666667 100.000000 80.000000
V 1014.000000 138.666667 28.000000 28.000000
V 420.000000 466.333333 28.000000 28.000000
V 540.000000 466.333333 100.000000 80.000000
V 680.000000 466.333333 100.000000 80.000000
V 774.000000 453.000000 28.000000 28.000000
V 26.000000 64.000000 28.000000 28.000000
V 80.000000 64.000000 40.000000 40.000000
V 280.000000 64.000000 40.000000 40.000000
V 170.000000 157.333333 100.000000 80.000000
V 170.000000 57.333333 100.000000 80.000000
V 420.000000 64.000000 100.000000 80.000000
V 558.000000 64.000000 40.000000 40.000000
V 792.000000 248.000000 40.000000 40.000000
V 680.000000 52.000000 100.000000 80.000000
V 680.000000 152.000000 100.000000 80.000000
V 680.000000 252.000000 100.000000 80.000000
V 680.000000 352.000000 100.000000 80.000000
V 894.000000 248.000000 28.000000 28.000000
E 0 1
E 26 0
E 1 2
E 2 3
E 5 2
E 3 4
E 3 11
E 4 5
E 13 4
E 5 6
E 6 7
E 8 9
E 24 8
E 9 10
E 11 12
E 12 13
E 13 14
E 15 16
E 16 18
E 16 19
E 18 17
E 19 17
E 17 20
E 20 21
E 21 23
E 21 24
E 21 25
E 21 26
E 23 22
E 24 22
E 25 22
E 26 22
E 22 27
G 34624651.json 15 14
V 27.000000 62.000000 30.000000 30.000000
V 112.000000 62.000000 100.000000 80.000000
V 302.000000 52.000000 100.000000 80.000000
V 422.000000 52.000000 100.000000 80.000000
V 506.000000 52.000000 28.000000 28.000000
V 202.000000 62.000000 40.000000 40.000000
V 302.000000 252.000000 100.000000 80.000000
V 302.000000 152.000000 100.000000 80.000000
V 422.000000 152.000000 100.000000 80.000000
V 542.000000 152.000000 100.000000 80.000000
V 626.000000 152.000000 28.000000 28.000000
V 422.000000 252.000000 100.000000 80.000000
V 542.000000 252.000000 100.000000 80.000000
V 662.000000 252.000000 100.000000 80.000000
V 746.000000 252.000000 28.000000 28.000000
E 0 1
E 1 5
E 2 3
E 5 2
E 3 4
E 5 6
E 5 7
E 6 11
E 7 8
E 8 9
E 9 10
E 11 12
E 12 13
E 13 14
G 354634502.json 21 23
V 402.000000 102.000000 30.000000 30.000000
V 492.000000 215.333333 100.000000 80.000000
V 32.000000 356.333333 40.000000 40.000000
V 132.000000 366.333333 100.000000 80.000000
V 132.000000 266.333333 100.000000 80.000000
V 222.000000 359.666667 40.000000 40.000000
V 312.000000 359.666667 100.000000 80.000000
V 402.000000 359.666667 40.000000 40.000000
V 492.000000 366.333333 100.000000 80.000000
V 402.000000 52.000000 30.000000 30.000000
V 492.000000 52.000000 100.000000 80.000000
V 582.000000 359.666667 40.000000 40.000000
V 672.000000 359.666667 100.000000 80.000000
V 37.000000 165.333333 30.000000 30.000000
V 132.000000 165.333333 100.000000 80.000000
V 222.000000 165.333333 40.000000 40.000000
V 314.333333 92.000000 86.000000 60.000000
V 312.000000 172.000000 86.000000 60.000000
V 396.000000 172.000000 28.000000 28.000000
V 792.000000 359.666667 100.000000 80.000000
V 876.000000 359.666667 28.000000 28.000000
E 0 1
E 16 0
E 1 2
E 7 1
E 2 3
E 2 4
E 3 5
E 4 5
E 5 6
E 6 7
E 7 8
E 8 11
E 9 10
E 16 9
E 10 11
E 11 12
E 12 19
E 13 14
E 14 15
E 15 16
E 15 17
E 17 18
E 19 20
G 355997559.json 30 38
V 627.000000 103.000000 30.000000 30.000000
V 727.000000 103.000000 40.000000 40.000000
V 952.000000 52.000000 100.000000 80.000000
V 1072.000000 103.000000 100.000000 80.000000
V 832.000000 203.000000 100.000000 80.000000
V 952.000000 203.000000 100.000000 80.000000
V 1072.000000 203.000000 100.000000 80.000000
V 1252.000000 196.333333 100.000000 80.000000
V 1372.000000 196.333333 100.000000 80.000000
V 1492.000000 196.333333 100.000000 80.000000
V 1612.000000 183.000000 100.000000 80.000000
V 1734.000000 64.000000 40.000000 40.000000
V 1857.000000 64.000000 30.000000 30.000000
V 1162.000000 203.000000 40.000000 40.000000
V 1252.000000 296.333333 100.000000 80.000000
V 27.000000 447.333333 30.000000 30.000000
V 82.000000 447.333333 40.000000 40.000000
V 292.000000 447.333333 100.000000 80.000000
V 412.000000 498.333333 100.000000 80.000000
V 172.000000 236.333333 100.000000 80.000000
V 292.000000 236.333333 100.000000 80.000000
V 412.000000 236.333333 100.000000 80.000000
V 532.000000 236.333333 100.000000 80.000000
V 712.000000 229.666667 100.000000 80.000000
V 1612.000000 333.000000 100.000000 80.000000
V 1916.000000 221.666667 28.000000 28.000000
V 1752.000000 209.666667 100.000000 80.000000
V 1862.000000 221.666667 40.000000 40.000000
V 622.000000 236.333333 40.000000 40.000000
V 1372.000000 397.333333 100.000000 80.000000
E 0 1
E 1 2
E 1 3
E 1 4
E 2 11
E 3 11
E 4 5
E 23 4
E 5 6
E 6 13
E 7 8
E 13 7
E 8 9
E 9 10
E 9 24
E 10 11
E 10 26
E 11 12
E 14 11
E 13 14
E 14 29
E 15 16
E 16 17
E 16 18
E 16 19
E 17 27
E 18 27
E 19 20
E 20 21
E 21 22
E 22 28
E 23 24
E 28 23
E 24 26
E 27 25
E 26 27
E 29 27
E 28 29
G 35629460.json 26 30
V 911.000000 38.000000 30.000000 30.000000
V 990.250000 63.000000 77.000000 67.000000
V 32.000000 434.500000 40.000000 40.000000
V 1116.000000 56.333333 100.000000 40.000000
V 132.000000 69.666667 100.000000 67.000000
V 252.000000 69.666667 100.000000 67.000000
V 394.500000 69.666667 100.000000 67.000000
V 497.000000 69.666667 40.000000 40.000000
V 575.500000 105.333333 77.000000 47.000000
V 282.000000 241.166667 40.000000 40.000000
V 394.500000 157.666667 112.000000 67.000000
V 394.500000 251.166667 125.000000 80.000000
V 497.000000 244.500000 40.000000 40.000000
V 587.000000 431.166667 100.000000 80.000000
V 717.000000 431.166667 40.000000 40.000000
V 851.500000 437.833333 149.000000 80.000000
V 996.000000 437.833333 100.000000 80.000000
V 1116.000000 437.833333 100.000000 80.000000
V 1200.000000 437.833333 28.000000 28.000000
V 132.000000 444.500000 100.000000 80.000000
V 262.000000 444.500000 40.000000 40.000000
V 394.500000 351.166667 100.000000 80.000000
V 394.500000 451.166667 112.000000 80.000000
V 497.000000 444.500000 40.000000 40.000000
V 851.500000 337.833333 100.000000 80.000000
V 707.000000 63.000000 100.000000 80.000000
E 0 1
E 1 3
E 24 1
E 25 1
E 3 2
E 2 4
E 2 19
E 4 5
E 5 6
E 6 7
E 7 8
E 7 25
E 8 9
E 9 10
E 9 11
E 10 12
E 11 12
E 12 13
E 13 14
E 23 13
E 14 15
E 14 24
E 15 16
E 16 17
E 17 18
E 19 20
E 20 21
E 20 22
E 21 23
E 22 23
G 360764905.json 22 21
V 27.000000 285.333333 30.000000 30.000000
V 162.000000 285.333333 100.000000 80.000000
V 282.000000 285.333333 100.000000 80.000000
V 472.000000 52.000000 100.000000 80.000000
V 77.000000 285.333333 30.000000 30.000000
V 372.000000 285.333333 40.000000 40.000000
V 472.000000 152.000000 100.000000 80.000000
V 472.000000 295.333333 100.000000 80.000000
V 652.000000 227.000000 30.000000 30.000000
V 562.000000 295.333333 40.000000 40.000000
V 652.000000 302.000000 100.000000 80.000000
V 562.000000 152.000000 30.000000 30.000000
V 652.000000 152.000000 100.000000 80.000000
V 737.000000 227.000000 30.000000 30.000000
V 737.000000 302.000000 30.000000 30.000000
V 822.000000 302.000000 100.000000 80.000000
V 942.000000 302.000000 100.000000 80.000000
V 1032.000000 302.000000 40.000000 40.000000
V 1087.000000 308.666667 30.000000 30.000000
V 1087.000000 258.666667 30.000000 30.000000
V 1172.000000 308.666667 100.000000 80.000000
V 1256.000000 308.666667 28.000000 28.000000
E 0 4
E 1 2
E 4 1
E 2 5
E 5 3
E 5 6
E 5 7
E 6 11
E 7 9
E 9 8
E 8 13
E 9 10
E 10 14
E 11 12
E 14 15
E 15 16
E 16 17
E 17 18
E 17 19
E 18 20
E 20 21
G 361777308.json 16 20
V 112.000000 199.333333 100.000000 50.000000
V 202.000000 207.666667 40.000000 40.000000
V 432.000000 219.666667 59.000000 41.000000
V 312.000000 127.166667 60.000000 41.000000
V 864.000000 211.166667 100.000000 51.000000
V 432.000000 127.166667 100.000000 50.000000
V 27.000000 199.333333 30.000000 30.000000
V 312.000000 188.166667 59.000000 41.000000
V 729.000000 179.833333 100.000000 50.000000
V 600.000000 127.166667 40.000000 40.000000
V 871.500000 120.500000 145.000000 41.000000
V 978.000000 120.500000 28.000000 28.000000
V 312.000000 61.666667 100.000000 50.000000
V 729.000000 68.333333 100.000000 51.000000
V 580.500000 32.500000 157.000000 41.000000
V 442.000000 61.666667 40.000000 40.000000
E 0 1
E 6 0
E 14 0
E 1 2
E 1 3
E 1 7
E 1 12
E 2 4
E 3 5
E 8 4
E 4 11
E 5 9
E 7 8
E 9 8
E 9 10
E 10 11
E 13 11
E 12 15
E 15 13
E 15 14
G 368338767.json 18 21
V 32.000000 40.285714 40.000000 40.000000
V 162.000000 100.000000 100.000000 80.000000
V 162.000000 349.000000 100.000000 80.000000
V 162.000000 249.000000 100.000000 80.000000
V 282.000000 349.000000 100.000000 80.000000
V 402.000000 262.333333 100.000000 80.000000
V 522.000000 262.333333 100.000000 80.000000
V 282.000000 249.000000 100.000000 80.000000
V 642.000000 262.333333 100.000000 80.000000
V 977.000000 224.000000 30.000000 30.000000
V 1072.000000 224.000000 100.000000 80.000000
V 732.000000 262.333333 40.000000 40.000000
V 822.000000 255.666667 100.000000 80.000000
V 822.000000 355.666667 100.000000 80.000000
V 942.000000 355.666667 100.000000 80.000000
V 402.000000 100.000000 100.000000 80.000000
V 126.000000 26.000000 28.000000 28.000000
V 126.000000 174.000000 28.000000 28.000000
E 0 1
E 0 2
E 0 3
E 10 0
E 0 16
E 0 17
E 1 15
E 2 4
E 3 7
E 4 5
E 5 6
E 7 5
E 6 8
E 8 11
E 9 10
E 12 10
E 14 10
E 15 10
E 11 12
E 11 13
E 13 14
G 36998838.json 28 33
V 912.000000 398.000000 100.000000 80.000000
V 1152.000000 284.666667 100.000000 80.000000
V 1272.000000 284.666667 100.000000 80.000000
V 1152.000000 398.000000 100.000000 80.000000
V 122.000000 390.666667 100.000000 80.000000
V 242.000000 390.666667 100.000000 80.000000
V 542.000000 297.333333 100.000000 80.000000
V 1362.000000 291.333333 40.000000 40.000000
V 702.000000 448.000000 40.000000 40.000000
V 792.000000 291.333333 100.000000 80.000000
V 1032.000000 284.666667 100.000000 80.000000
V 1032.000000 384.666667 100.000000 80.000000
V 922.000000 291.333333 40.000000 40.000000
V 756.000000 89.666667 28.000000 28.000000
V 1452.000000 278.000000 100.000000 80.000000
V 1572.000000 52.000000 100.000000 80.000000
V 1362.000000 45.333333 40.000000 40.000000
V 122.000000 290.666667 100.000000 80.000000
V 32.000000 290.666667 40.000000 40.000000
V 707.000000 291.333333 30.000000 30.000000
V 332.000000 297.333333 40.000000 40.000000
V 422.000000 297.333333 100.000000 80.000000
V 672.000000 216.333333 100.000000 80.000000
V 452.000000 196.333333 40.000000 40.000000
V 682.000000 96.333333 40.000000 40.000000
V 242.000000 290.666667 100.000000 80.000000
V 542.000000 96.333333 100.000000 80.000000
V 542.000000 196.333333 100.000000 80.000000
E 0 11
E 1 2
E 10 1
E 2 7
E 3 8
E 11 3
E 4 5
E 18 4
E 5 20
E 21 6
E 6 22
E 8 7
E 7 14
E 8 9
E 9 12
E 19 9
E 24 9
E 12 10
E 12 11
E 24 13
E 14 15
E 16 14
E 15 16
E 16 18
E 18 17
E 17 25
E 20 21
E 25 20
E 22 23
E 27 22
E 23 26
E 23 27
E 26 24
G 375287558.json 37 38
V 622.184267 72.000000 125.768160 80.000000
V 495.300187 72.000000 62.001000 60.173000
V 1314.838007 317.612667 62.001000 60.173000
V 1516.839007 317.612667 62.001000 60.173000
V 1630.723587 317.612667 125.768160 78.827000
V 1733.607667 317.612667 40.000000 40.000000
V 2580.200407 310.946000 62.001000 60.173000
V 2479.199907 310.946000 100.000000 80.000000
V 2645.200907 238.474833 28.000000 28.000000
V 741.569097 72.000000 40.000000 40.000000
V 1123.837507 317.612667 40.000000 40.000000
V 837.069347 37.000000 100.000000 50.000000
V 1943.607667 324.279333 88.000000 97.000000
V 2239.199907 324.279333 100.000000 80.000000
V 2359.199907 310.946000 100.000000 80.000000
V 2668.701407 320.974833 75.001000 97.000000
V 2091.403787 215.779333 100.000000 80.000000
V 381.300187 72.000000 100.000000 80.000000
V 1213.837507 317.612667 100.000000 80.000000
V 1823.607667 324.279333 100.000000 80.000000
V 1943.607667 215.779333 100.000000 80.000000
V 736.068847 337.612667 62.001000 60.173000
V 837.069347 324.279333 100.000000 80.000000
V 995.453427 324.279333 176.768160 80.000000
V 27.000000 337.446000 30.000000 30.000000
V 246.650093 337.446000 129.300187 81.000000
V 363.237687 260.973000 63.875000 57.946000
V 495.300187 350.946000 62.001000 60.173000
V 495.300187 172.000000 88.000000 97.000000
V 381.300187 350.946000 75.001000 82.000000
V 617.889574 337.612667 100.000000 80.000000
V 112.000000 337.446000 100.000000 80.000000
V 381.300187 172.000000 100.000000 80.000000
V 1415.838507 317.612667 100.000000 80.000000
V 2091.403787 324.279333 155.592240 80.000000
V 995.453427 72.000000 100.000000 80.000000
V 261.300187 72.000000 100.000000 80.000000
U 1 0
E 0 9
U 17 1
U 18 2
U 2 33
U 3 4
U 33 3
E 4 5
E 5 19
E 5 20
U 7 6
U 6 8
U 6 15
E 14 7
U 9 11
E 9 22
E 9 35
E 10 18
E 23 10
E 35 10
E 19 12
E 12 34
E 13 14
E 34 13
E 16 14
E 20 16
E 36 17
U 21 22
U 30 21
E 22 23
E 24 31
U 25 26
E 25 29
E 31 25
U 29 27
U 27 30
E 28 30
E 32 28
G 386296993.json 21 25
V 27.000000 168.000000 30.000000 30.000000
V 112.000000 168.000000 100.000000 80.000000
V 232.000000 168.000000 100.000000 80.000000
V 982.000000 77.000000 100.000000 80.000000
V 1322.000000 117.666667 100.000000 80.000000
V 1237.000000 117.666667 30.000000 30.000000
V 1406.000000 117.666667 28.000000 28.000000
V 897.000000 27.000000 30.000000 30.000000
V 897.000000 77.000000 30.000000 30.000000
V 402.000000 53.666667 100.000000 80.000000
V 812.000000 65.333333 40.000000 40.000000
V 727.000000 58.666667 30.000000 30.000000
V 317.000000 199.000000 30.000000 30.000000
V 510.333333 104.666667 30.000000 30.000000
V 642.000000 104.666667 100.000000 80.000000
V 412.000000 199.000000 40.000000 40.000000
V 522.000000 205.666667 100.000000 80.000000
V 812.000000 205.666667 100.000000 80.000000
V 1152.000000 82.000000 100.000000 80.000000
V 1067.000000 82.000000 30.000000 30.000000
V 1236.000000 68.666667 28.000000 28.000000
E 0 1
E 1 2
E 2 10
E 2 12
E 8 3
E 3 19
E 5 4
E 4 6
E 18 5
E 7 9
E 10 7
E 10 8
E 17 8
E 9 11
E 9 13
E 11 10
E 14 11
E 12 15
E 13 14
E 15 13
E 15 16
E 16 17
E 17 19
E 19 18
E 18 20
G 389616855.json 27 32
V 357.000000 235.666667 30.000000 30.000000
V 452.000000 243.666667 100.000000 80.000000
V 32.000000 169.666667 40.000000 40.000000
V 202.000000 337.000000 100.000000 80.000000
V 202.000000 166.333333 40.000000 40.000000
V 322.000000 159.666667 100.000000 80.000000
V 416.000000 159.666667 28.000000 28.000000
V 332.000000 337.000000 40.000000 40.000000
V 452.000000 343.666667 100.000000 80.000000
V 582.000000 343.666667 40.000000 40.000000
V 692.000000 337.000000 100.000000 80.000000
V 692.000000 437.000000 100.000000 80.000000
V 802.000000 343.666667 40.000000 40.000000
V 932.000000 343.666667 100.000000 80.000000
V 702.000000 79.666667 40.000000 40.000000
V 812.000000 73.000000 100.000000 80.000000
V 1052.000000 147.000000 100.000000 80.000000
V 452.000000 79.666667 100.000000 80.000000
V 102.000000 32.000000 40.000000 40.000000
V 202.000000 73.000000 100.000000 80.000000
V 312.000000 79.666667 40.000000 40.000000
V 896.000000 73.000000 28.000000 28.000000
V 572.000000 79.666667 100.000000 80.000000
V 822.000000 153.666667 40.000000 40.000000
V 932.000000 147.000000 100.000000 80.000000
V 896.000000 221.000000 28.000000 28.000000
V 102.000000 330.333333 40.000000 40.000000
E 0 1
E 1 2
E 4 1
E 7 1
E 2 4
E 2 26
E 3 7
E 26 3
E 4 5
E 26 4
E 5 6
E 7 8
E 8 9
E 9 10
E 9 11
E 10 12
E 11 12
E 12 13
E 13 16
E 14 15
E 22 14
E 14 23
E 15 21
E 16 18
E 24 16
E 20 17
E 17 22
E 18 19
E 18 20
E 19 20
E 23 24
E 23 25
G 400258533.json 17 17
V 27.000000 81.750000 30.000000 30.000000
V 137.000000 81.750000 150.000000 100.000000
V 252.000000 115.333333 40.000000 40.000000
V 377.000000 425.333333 150.000000 140.000000
V 377.000000 265.333333 150.000000 140.000000
V 547.000000 425.333333 150.000000 140.000000
V 717.000000 502.250000 150.000000 140.000000
V 246.187500 65.083333 28.375000 20.500000
V 486.187500 242.000000 28.375000 20.500000
V 656.187500 402.000000 28.375000 20.500000
V 826.187500 525.583333 28.375000 20.500000
V 377.000000 105.333333 150.000000 140.000000
V 486.187500 182.250000 28.375000 20.500000
V 547.000000 82.000000 150.000000 140.000000
V 657.000000 82.000000 30.000000 30.000000
V 257.000000 448.666667 30.000000 30.000000
V 826.000000 293.333333 28.000000 28.000000
E 0 1
E 1 2
U 1 7
E 2 3
E 2 4
E 2 11
E 3 5
E 15 3
U 4 8
E 4 16
E 5 6
U 5 9
U 6 10
E 6 16
U 11 12
E 11 13
E 13 14
G 410143838.json 26 27
V 27.000000 419.166667 30.000000 30.000000
V 112.000000 419.166667 100.000000 80.000000
V 851.000000 281.833333 30.000000 30.000000
V 642.000000 274.833333 40.000000 40.000000
V 707.000000 259.833333 30.000000 30.000000
V 973.000500 281.833333 60.000000 67.000000
V 1038.001000 281.833333 28.000000 28.000000
V 707.000000 132.000000 30.000000 30.000000
V 492.000000 429.166667 100.000000 80.000000
V 622.000000 429.166667 40.000000 40.000000
V 197.000000 419.166667 30.000000 30.000000
V 292.000000 419.166667 120.000000 80.000000
V 392.000000 419.166667 40.000000 40.000000
V 492.000000 220.500000 100.000000 80.000000
V 612.000000 127.000000 30.000000 30.000000
V 576.000000 207.166667 28.000000 28.000000
V 742.000000 435.833333 100.000000 80.000000
V 492.000000 127.000000 100.000000 67.000000
V 872.000000 449.166667 100.000000 80.000000
V 956.000000 462.500000 28.000000 28.000000
V 973.000500 398.413500 62.001000 60.173000
V 397.000000 52.000000 30.000000 30.000000
V 492.000000 52.000000 30.000000 30.000000
V 612.000000 52.000000 100.000000 80.000000
V 742.000000 335.833333 100.000000 80.000000
V 742.000000 52.000000 30.000000 30.000000
E 0 1
E 1 10
E 3 2
E 2 5
E 13 2
E 16 2
E 25 2
E 3 4
E 3 7
E 5 6
E 14 7
E 8 9
E 12 8
E 9 16
E 9 24
E 10 11
E 11 12
E 12 13
E 12 17
E 13 15
E 17 14
E 16 18
E 18 19
E 18 20
E 21 22
E 22 23
E 23 25
G 411509680.json 23 24
V 27.000000 98.000000 30.000000 30.000000
V 112.000000 98.000000 100.000000 80.000000
V 202.000000 98.000000 40.000000 40.000000
V 292.000000 296.333333 100.000000 80.000000
V 502.000000 203.000000 40.000000 40.000000
V 412.000000 296.333333 100.000000 80.000000
V 256.000000 91.333333 28.000000 28.000000
V 712.000000 58.666667 100.000000 80.000000
V 1217.589992 65.333333 100.000000 80.000000
V 1337.589992 65.333333 100.000000 80.000000
V 1457.589992 65.333333 100.000000 80.000000
V 592.000000 58.666667 100.000000 80.000000
V 1541.589992 65.333333 28.000000 28.000000
V 412.000000 196.333333 100.000000 80.000000
V 592.000000 158.666667 100.000000 80.000000
V 322.000000 145.333333 40.000000 40.000000
V 412.000000 58.666667 100.000000 80.000000
V 502.000000 58.666667 40.000000 40.000000
V 1079.794996 152.000000 135.589992 80.000000
V 1079.794996 52.000000 135.589992 80.000000
V 882.000000 58.666667 100.000000 80.000000
V 797.000000 58.666667 30.000000 30.000000
V 972.000000 58.666667 40.000000 40.000000
E 0 1
E 1 2
E 2 3
E 2 6
E 3 5
E 5 4
E 13 4
E 4 14
E 11 7
E 7 21
E 8 9
E 18 8
E 19 8
E 9 10
E 10 12
E 17 11
E 15 13
E 14 15
E 15 16
E 16 17
E 22 18
E 22 19
E 21 20
E 20 22
G 412370342.json 19 20
V 62.000000 266.000000 100.000000 80.000000
V 174.000000 246.000000 40.000000 40.000000
V 270.000000 239.333333 100.000000 80.000000
V 379.000000 299.500000 58.000000 67.000000
V 396.000000 226.000000 40.000000 40.000000
V 499.000000 232.666667 100.000000 80.000000
V 499.000000 65.500000 100.000000 80.000000
V 270.000000 406.500000 100.000000 80.000000
V 379.000000 386.500000 58.000000 67.000000
V 608.000000 366.500000 58.000000 67.000000
V 618.500000 132.500000 79.000000 67.000000
V 612.000000 206.000000 40.000000 40.000000
V 698.000000 212.666667 40.000000 40.000000
V 171.000000 319.500000 58.000000 67.000000
V 171.000000 406.500000 58.000000 67.000000
V 608.000000 279.500000 58.000000 67.000000
V 618.500000 45.500000 79.000000 67.000000
V 389.500000 52.166667 79.000000 67.000000
V 379.000000 473.500000 58.000000 67.000000
E 0 1
E 0 13
E 0 14
E 1 2
E 1 7
E 2 3
E 2 4
E 4 5
E 4 6
E 5 9
E 5 11
E 5 15
E 6 10
E 6 11
E 6 16
E 17 6
E 7 8
E 7 12
E 7 18
E 11 12
G 423649003.json 16 15
V 27.000000 88.666667 30.000000 30.000000
V 112.000000 88.666667 100.000000 80.000000
V 232.000000 88.666667 100.000000 80.000000
V 322.000000 88.666667 40.000000 40.000000
V 462.000000 88.666667 100.000000 80.000000
V 582.000000 88.666667 100.000000 80.000000
V 702.000000 88.666667 100.000000 80.000000
V 822.000000 88.666667 100.000000 80.000000
V 1112.000000 102.000000 100.000000 80.000000
V 942.000000 102.000000 40.000000 40.000000
V 1232.000000 102.000000 100.000000 80.000000
V 1352.000000 102.000000 100.000000 80.000000
V 942.000000 37.000000 100.000000 50.000000
V 1436.000000 102.000000 28.000000 28.000000
V 377.000000 88.666667 30.000000 30.000000
V 1027.000000 102.000000 30.000000 30.000000
E 0 1
E 1 2
E 2 3
E 3 14
E 4 5
E 14 4
E 5 6
E 6 7
E 7 9
U 7 12
E 8 10
E 15 8
E 9 15
E 10 11
E 11 13
G 4313804.json 24 26
V 112.000000 92.000000 100.000000 50.000000
V 27.000000 430.333333 30.000000 30.000000
V 112.000000 435.333333 100.000000 80.000000
V 232.000000 422.000000 100.000000 80.000000
V 147.000000 342.000000 30.000000 30.000000
V 362.000000 422.000000 100.000000 80.000000
V 232.000000 337.000000 100.000000 50.000000
V 652.000000 422.000000 100.000000 80.000000
V 567.000000 417.000000 30.000000 30.000000
V 482.000000 422.000000 30.000000 30.000000
V 652.000000 337.000000 100.000000 50.000000
V 742.000000 422.000000 40.000000 40.000000
V 797.000000 373.666667 30.000000 30.000000
V 882.000000 293.666667 100.000000 50.000000
V 882.000000 378.666667 100.000000 80.000000
V 1002.000000 415.333333 100.000000 80.000000
V 1122.000000 415.333333 100.000000 80.000000
V 1206.000000 415.333333 28.000000 28.000000
V 147.000000 152.000000 30.000000 30.000000
V 232.000000 252.000000 100.000000 80.000000
V 232.000000 152.000000 100.000000 80.000000
V 232.000000 52.000000 100.000000 80.000000
V 347.000000 242.000000 40.000000 40.000000
V 482.000000 242.000000 100.000000 80.000000
U 1 0
E 1 2
E 2 3
E 4 3
E 3 5
U 4 6
E 5 9
E 8 7
E 7 11
E 9 8
U 8 10
E 23 8
E 11 12
E 11 15
U 12 13
E 12 14
E 14 15
E 15 16
E 16 17
E 18 19
E 18 20
E 18 21
E 19 22
E 20 22
E 21 22
E 22 23
G 432307468.json 16 15
V 112.000000 52.000000 100.000000 80.000000
V 232.000000 52.000000 100.000000 80.000000
V 352.000000 52.000000 100.000000 80.000000
V 472.000000 52.000000 100.000000 80.000000
V 592.000000 52.000000 100.000000 80.000000
V 712.000000 52.000000 100.000000 80.000000
V 832.000000 52.000000 100.000000 80.000000
V 952.000000 52.000000 100.000000 80.000000
V 1072.000000 52.000000 100.000000 80.000000
V 1192.000000 52.000000 100.000000 80.000000
V 1312.000000 52.000000 100.000000 80.000000
V 1432.000000 52.000000 100.000000 80.000000
V 1552.000000 52.000000 100.000000 80.000000
V 1672.000000 52.000000 100.000000 80.000000
V 1756.000000 52.000000 28.000000 28.000000
V 27.000000 52.000000 30.000000 30.000000
E 0 1
E 15 0
E 1 2
E 2 3
E 3 4
E 4 5
E 5 6
E 6 7
E 7 8
E 8 9
E 9 10
E 10 11
E 11 12
E 12 13
E 13 14
G 44578543.json 15 16
V 486.001000 226.000000 30.000000 30.000000
V 151.500000 172.000000 137.000000 80.000000
V 151.500000 72.000000 139.000000 80.000000
V 541.001000 226.000000 40.000000 40.000000
V 715.001000 52.000000 28.000000 28.000000
V 631.001000 52.000000 100.000000 80.000000
V 32.000000 82.000000 40.000000 40.000000
V 261.000000 78.666667 40.000000 40.000000
V 595.001000 226.000000 28.000000 28.000000
V 470.000500 135.419833 62.001000 60.173000
V 473.667333 65.333333 40.000000 40.000000
V 360.000000 78.666667 118.000000 80.000000
V 631.001000 152.000000 100.000000 80.000000
V 715.001000 152.000000 28.000000 28.000000
V 541.001000 58.666667 40.000000 40.000000
E 0 3
E 6 1
E 1 7
E 6 2
E 2 7
E 3 6
E 3 8
E 10 3
E 5 4
E 14 5
E 7 11
U 11 9
E 11 10
E 10 14
E 12 13
E 14 12
G 45372622.json 21 26
V 217.000000 76.333333 30.000000 30.000000
V 302.000000 89.666667 100.000000 80.000000
V 432.000000 103.000000 100.000000 80.000000
V 552.000000 52.000000 100.000000 80.000000
V 32.000000 131.333333 40.000000 40.000000
V 122.000000 131.333333 100.000000 80.000000
V 212.000000 131.333333 40.000000 40.000000
V 317.000000 259.666667 40.000000 40.000000
V 672.000000 153.000000 100.000000 80.000000
V 552.000000 446.333333 100.000000 80.000000
V 792.000000 426.333333 100.000000 80.000000
V 442.000000 259.666667 40.000000 40.000000
V 672.000000 253.000000 100.000000 80.000000
V 562.000000 339.666667 40.000000 40.000000
V 682.000000 333.000000 40.000000 40.000000
V 792.000000 326.333333 100.000000 80.000000
V 922.000000 426.333333 100.000000 80.000000
V 1042.000000 426.333333 100.000000 80.000000
V 1162.000000 426.333333 100.000000 80.000000
V 1246.000000 426.333333 28.000000 28.000000
V 886.000000 160.000000 28.000000 28.000000
E 0 1
E 1 2
E 6 1
E 2 3
E 4 2
E 3 4
E 4 5
E 5 6
E 6 7
E 7 8
E 7 9
E 7 11
E 8 20
E 9 10
E 13 10
E 14 10
E 10 16
E 11 12
E 11 13
E 12 20
E 13 14
E 14 15
E 15 20
E 16 17
E 17 18
E 18 19
G 458661799.json 28 28
V 27.000000 133.666667 30.000000 30.000000
V 128.166667 133.666667 83.000000 58.000000
V 259.500000 143.333333 30.000000 30.000000
V 386.000000 143.333333 80.000000 66.000000
V 27.000000 299.833333 30.000000 30.000000
V 122.000000 299.833333 30.000000 30.000000
V 259.500000 299.833333 115.000000 40.000000
V 386.000000 299.833333 98.000000 41.000000
V 505.000000 306.666667 30.000000 30.000000
V 625.000000 306.666667 100.000000 80.000000
V 742.000000 306.666667 94.000000 80.000000
V 883.500000 306.666667 30.000000 30.000000
V 27.000000 83.666667 30.000000 30.000000
V 27.000000 33.666667 30.000000 30.000000
V 122.000000 42.000000 120.000000 50.000000
V 245.333333 47.000000 30.000000 30.000000
V 386.000000 47.000000 65.000000 48.000000
V 493.333333 52.000000 30.000000 30.000000
V 625.000000 52.000000 96.000000 41.000000
V 742.000000 52.000000 30.000000 30.000000
V 883.500000 52.000000 149.000000 80.000000
V 1178.000000 65.333333 100.000000 80.000000
V 1262.000000 65.333333 28.000000 28.000000
V 1043.000000 65.333333 130.000000 80.000000
V 167.000000 218.333333 30.000000 30.000000
V 259.500000 218.333333 100.000000 80.000000
V 386.000000 218.333333 30.000000 30.000000
V 505.000000 231.666667 100.000000 80.000000
E 0 1
E 1 2
E 1 15
E 2 3
E 3 17
E 4 5
E 5 6
E 6 7
E 7 8
E 7 27
E 8 9
E 9 10
E 10 11
E 11 23
E 12 14
E 13 14
E 14 15
E 15 16
E 16 17
E 17 18
E 18 19
E 19 20
E 20 23
E 21 22
E 23 21
E 24 25
E 25 26
E 26 27
G 463407778.json 16 17
V 27.000000 212.000000 30.000000 30.000000
V 112.000000 212.000000 100.000000 80.000000
V 582.000000 118.666667 100.000000 80.000000
V 197.000000 52.000000 30.000000 30.000000
V 472.000000 52.000000 40.000000 40.000000
V 282.000000 52.000000 100.000000 80.000000
V 702.000000 58.666667 100.000000 80.000000
V 197.000000 225.333333 30.000000 30.000000
V 282.000000 225.333333 100.000000 80.000000
V 372.000000 225.333333 40.000000 40.000000
V 462.000000 132.000000 100.000000 80.000000
V 462.000000 232.000000 100.000000 80.000000
V 582.000000 232.000000 100.000000 80.000000
V 702.000000 245.333333 30.000000 30.000000
V 822.000000 245.333333 100.000000 80.000000
V 912.000000 245.333333 40.000000 40.000000
E 0 1
E 1 3
E 1 7
E 4 2
E 10 2
E 3 5
E 5 4
E 4 6
E 12 6
E 7 8
E 8 9
E 9 10
E 9 11
E 11 12
E 12 13
E 13 14
E 14 15
G 463851614.json 31 32
V 1170.000000 248.166667 100.000000 80.000000
V 1290.000000 248.166667 100.000000 80.000000
V 1410.000000 343.333333 100.000000 80.000000
V 1494.000000 343.333333 28.000000 28.000000
V 1404.000000 234.833333 88.000000 97.000000
V 172.000000 53.833333 100.000000 80.000000
V 292.000000 53.833333 100.000000 80.000000
V 412.000000 53.833333 30.000000 30.000000
V 549.000000 53.833333 114.000000 80.000000
V 916.000000 169.000000 100.000000 80.000000
V 796.000000 73.833333 100.000000 80.000000
V 1043.000000 248.166667 114.000000 80.000000
V 1036.000000 155.666667 100.000000 65.000000
V 87.000000 53.833333 30.000000 30.000000
V 666.000000 60.500000 40.000000 40.000000
V 916.000000 60.500000 100.000000 97.000000
V 412.000000 145.833333 100.000000 80.000000
V 551.333333 197.833333 100.000000 80.000000
V 542.000000 125.833333 100.000000 24.000000
V 292.000000 145.833333 30.000000 30.000000
V 676.000000 211.166667 100.000000 42.000000
V 172.000000 362.166667 100.000000 80.000000
V 292.000000 362.166667 100.000000 80.000000
V 412.000000 362.166667 28.000000 28.000000
V 27.000000 165.833333 30.000000 30.000000
V 82.000000 165.833333 40.000000 40.000000
V 172.000000 159.166667 100.000000 80.000000
V 412.000000 311.166667 30.000000 30.000000
V 549.000000 297.833333 100.000000 80.000000
V 657.000000 284.500000 62.000000 36.000000
V 640.000000 336.500000 28.000000 28.000000
E 0 1
E 11 0
E 1 2
E 1 4
E 2 3
E 5 6
E 13 5
E 6 7
E 7 8
E 8 14
E 10 9
E 9 11
U 9 12
E 14 10
E 10 15
E 23 10
E 17 14
E 16 17
U 16 18
E 19 16
E 16 28
U 17 20
E 26 19
E 21 22
E 25 21
E 22 23
E 24 25
E 25 26
E 26 27
E 27 28
U 28 29
E 28 30
G 470346025.json 19 20
V 27.000000 162.000000 30.000000 30.000000
V 112.000000 162.000000 100.000000 80.000000
V 202.000000 162.000000 40.000000 40.000000
V 292.000000 168.666667 100.000000 80.000000
V 292.000000 68.666667 100.000000 80.000000
V 376.000000 68.666667 28.000000 28.000000
V 412.000000 168.666667 100.000000 80.000000
V 502.000000 168.666667 40.000000 40.000000
V 772.000000 175.333333 100.000000 80.000000
V 562.000000 95.333333 40.000000 40.000000
V 762.000000 95.333333 40.000000 40.000000
V 652.000000 52.000000 100.000000 80.000000
V 652.000000 175.333333 100.000000 80.000000
V 862.000000 168.666667 40.000000 40.000000
V 952.000000 168.666667 100.000000 80.000000
V 1072.000000 168.666667 100.000000 80.000000
V 1192.000000 168.666667 100.000000 80.000000
V 1312.000000 168.666667 100.000000 80.000000
V 1396.000000 168.666667 28.000000 28.000000
E 0 1
E 1 2
E 2 3
E 2 4
E 3 6
E 4 5
E 6 7
E 7 9
E 7 12
E 12 8
E 8 13
E 9 10
E 9 11
E 11 10
E 10 13
E 13 14
E 14 15
E 15 16
E 16 17
E 17 18
G 486541708.json 16 18
V 112.000000 78.666667 100.000000 80.000000
V 27.000000 78.666667 30.000000 30.000000
V 966.000000 234.666667 28.000000 28.000000
V 917.000000 234.666667 30.000000 30.000000
V 602.000000 233.000000 40.000000 40.000000
V 232.000000 78.666667 100.000000 80.000000
V 677.000000 202.000000 30.000000 30.000000
V 327.000000 58.666667 30.000000 30.000000
V 412.000000 58.666667 100.000000 80.000000
V 502.000000 58.666667 40.000000 40.000000
V 592.000000 52.000000 100.000000 80.000000
V 712.000000 52.000000 100.000000 80.000000
V 832.000000 52.000000 100.000000 80.000000
V 916.000000 38.666667 28.000000 28.000000
V 592.000000 152.000000 100.000000 80.000000
V 676.000000 138.666667 28.000000 28.000000
E 1 0
E 0 5
E 3 2
E 4 3
E 12 3
E 5 4
E 4 6
E 6 5
E 5 7
E 14 6
E 7 8
E 8 9
E 9 10
E 9 14
E 10 11
E 11 12
E 12 13
E 14 15
G 502950220.json 26 27
V 277.000000 358.000000 30.000000 30.000000
V 362.000000 358.000000 100.000000 80.000000
V 602.000000 358.000000 100.000000 80.000000
V 482.000000 358.000000 100.000000 80.000000
V 712.000000 264.666667 40.000000 40.000000
V 842.000000 264.666667 100.000000 80.000000
V 362.000000 258.000000 30.000000 30.000000
V 482.000000 258.000000 100.000000 80.000000
V 602.000000 258.000000 100.000000 80.000000
V 242.000000 157.000000 100.000000 80.000000
V 242.000000 57.000000 100.000000 80.000000
V 352.000000 63.666667 40.000000 40.000000
V 482.000000 63.666667 100.000000 80.000000
V 613.666667 63.666667 30.000000 30.000000
V 142.000000 67.000000 40.000000 40.000000
V 962.000000 264.666667 100.000000 80.000000
V 722.000000 58.666667 100.000000 80.000000
V 852.000000 58.666667 40.000000 40.000000
V 1046.000000 52.000000 28.000000 28.000000
V 962.000000 52.000000 100.000000 80.000000
V 962.000000 152.000000 100.000000 80.000000
V 1052.000000 207.000000 40.000000 40.000000
V 687.000000 133.666667 30.000000 30.000000
V 27.000000 258.000000 30.000000 30.000000
V 112.000000 258.000000 100.000000 80.000000
V 242.000000 258.000000 30.000000 30.000000
E 0 1
E 1 3
E 3 2
E 2 4
E 4 5
E 8 4
E 5 15
E 6 7
E 25 6
E 7 8
E 9 11
E 14 9
E 10 11
E 14 10
E 11 12
E 12 13
E 13 16
E 13 22
E 21 14
E 15 21
E 16 17
E 17 19
E 17 20
E 19 18
E 20 21
E 23 24
E 24 25
G 505814126.json 16 19
V 412.000000 114.666667 100.000000 80.000000
V 62.000000 163.666667 100.000000 80.000000
V 412.000000 214.666667 100.000000 80.000000
V 322.000000 208.000000 40.000000 40.000000
V 322.000000 78.000000 30.000000 30.000000
V 532.000000 178.000000 100.000000 80.000000
V 616.000000 191.333333 28.000000 28.000000
V 147.000000 214.666667 30.000000 30.000000
V 232.000000 214.666667 100.000000 80.000000
V 832.000000 221.333333 100.000000 80.000000
V 232.000000 64.666667 100.000000 80.000000
V 532.000000 52.000000 100.000000 80.000000
V 147.000000 64.666667 30.000000 30.000000
V 742.000000 221.333333 40.000000 40.000000
V 916.000000 221.333333 28.000000 28.000000
V 652.000000 65.333333 100.000000 80.000000
E 0 1
E 3 0
E 4 0
E 1 3
E 1 7
E 3 2
E 2 5
E 13 2
E 8 3
E 10 4
E 5 6
E 5 15
E 7 8
E 13 9
E 9 14
E 10 11
E 12 10
E 11 15
E 15 13
G 507925414.json 15 15
V 137.000000 98.666667 150.000000 100.000000
V 246.187500 35.083333 28.375000 20.500000
V 27.000000 98.666667 30.000000 30.000000
V 477.000000 115.333333 150.000000 100.000000
V 1217.000000 105.333333 150.000000 100.000000
V 1387.000000 105.333333 150.000000 100.000000
V 1496.187500 41.750000 28.375000 20.500000
V 762.000000 115.333333 40.000000 40.000000
V 877.000000 62.000000 150.000000 100.000000
V 307.000000 115.333333 150.000000 100.000000
V 1047.000000 62.000000 150.000000 100.000000
V 1557.000000 122.000000 150.000000 100.000000
V 1854.634001 122.000000 28.000000 28.000000
V 1736.317000 122.000000 168.634001 115.972001
V 647.000000 115.333333 150.000000 100.000000
U 0 1
E 2 0
E 0 9
E 9 3
E 3 14
E 4 5
E 7 4
E 10 4
U 5 6
E 5 11
E 7 8
E 14 7
E 8 10
E 11 13
E 13 12
G 51455438.json 23 25
V 1286.750000 136.166667 137.000000 79.000000
V 1509.250000 182.500000 28.000000 28.000000
V 1148.250000 280.500000 100.000000 80.000000
V 1302.916667 280.500000 40.000000 40.000000
V 1006.083333 267.333333 114.000000 79.000000
V 1425.250000 187.166667 100.000000 80.000000
V 1130.000000 188.500000 63.500000 64.000000
V 27.000000 247.333333 30.000000 30.000000
V 112.000000 247.333333 100.000000 97.000000
V 202.000000 247.333333 40.000000 40.000000
V 292.000000 154.000000 100.000000 80.000000
V 292.000000 254.000000 100.000000 80.000000
V 426.833333 254.000000 114.000000 80.000000
V 564.750000 66.250000 114.000000 79.500000
V 426.833333 154.000000 114.000000 80.000000
V 661.750000 260.666667 40.000000 40.000000
V 998.500000 136.166667 159.500000 97.000000
V 721.750000 260.666667 40.000000 40.000000
V 830.250000 267.333333 137.000000 78.500000
V 563.500000 175.666667 111.500000 50.000000
V 1425.250000 287.166667 100.000000 80.000000
V 1509.250000 287.166667 28.000000 28.000000
V 424.875000 53.000000 125.750000 82.000000
E 0 1
E 16 0
E 5 1
E 2 3
E 4 2
E 3 5
E 3 20
E 4 6
E 18 4
E 7 8
E 8 9
E 9 10
E 9 11
E 10 14
E 11 12
E 12 15
E 12 19
E 14 13
E 13 15
E 22 13
E 14 19
E 15 17
E 17 16
E 17 18
E 20 21
G 520015709.json 15 14
V 27.000000 58.666667 30.000000 30.000000
V 202.000000 58.666667 40.000000 40.000000
V 292.000000 52.000000 100.000000 80.000000
V 292.000000 152.000000 100.000000 80.000000
V 112.000000 58.666667 100.000000 80.000000
V 412.000000 52.000000 100.000000 80.000000
V 532.000000 52.000000 100.000000 80.000000
V 652.000000 52.000000 100.000000 80.000000
V 772.000000 52.000000 100.000000 80.000000
V 856.000000 52.000000 28.000000 28.000000
V 412.000000 152.000000 100.000000 80.000000
V 532.000000 152.000000 100.000000 80.000000
V 652.000000 152.000000 100.000000 80.000000
V 772.000000 152.000000 100.000000 80.000000
V 856.000000 152.000000 28.000000 28.000000
E 0 4
E 1 2
E 1 3
E 4 1
E 2 5
E 3 10
E 5 6
E 6 7
E 7 8
E 8 9
E 10 11
E 11 12
E 12 13
E 13 14
G 539235988.json 29 30
V 27.000000 34.679500 30.000000 30.000000
V 112.000000 107.359000 100.000000 80.000000
V 112.000000 29.679500 100.000000 35.359000
V 1398.226007 232.359000 30.000000 30.000000
V 462.000000 229.025667 100.000000 80.000000
V 552.000000 215.692333 40.000000 40.000000
V 642.000000 309.025667 100.000000 80.000000
V 1398.226007 182.359000 30.000000 30.000000
V 1515.170006 177.359000 163.887998 57.373001
V 1483.226007 239.490872 100.000000 26.890744
V 282.000000 102.359000 100.000000 80.000000
V 197.000000 107.359000 30.000000 30.000000
V 282.000000 187.359000 100.000000 50.000000
V 372.000000 102.359000 40.000000 40.000000
V 462.000000 32.359000 100.000000 20.000000
V 552.000000 109.025667 40.000000 40.000000
V 908.725005 227.359000 114.968500 80.000000
V 462.000000 102.359000 100.000000 80.000000
V 762.000000 122.359000 100.000000 80.000000
V 1087.394010 227.359000 100.000000 80.000000
V 642.000000 109.025667 100.000000 80.000000
V 908.725005 109.025667 153.450011 61.059781
V 1271.282008 227.359000 100.000000 80.000000
V 642.000000 209.025667 100.000000 80.000000
V 762.000000 309.025667 30.000000 30.000000
V 1087.394010 366.045501 163.887998 57.373001
V 1271.282008 366.045501 163.887998 57.686500
V 927.633341 309.025667 40.000000 40.000000
V 1020.450011 302.359000 30.000000 30.000000
E 0 1
U 0 2
E 1 11
E 3 4
E 22 3
E 4 5
E 5 6
E 5 23
E 6 24
E 7 8
U 7 9
E 26 7
E 11 10
E 10 13
U 11 12
U 13 14
E 13 15
E 13 17
E 17 15
E 15 20
E 18 16
E 16 19
E 20 18
U 18 21
E 23 18
E 19 22
E 24 27
E 25 26
E 27 25
E 27 28
G 540263013.json 19 27
V 85.000000 38.666667 30.000000 30.000000
V 170.000000 52.000000 100.000000 80.000000
V 260.000000 52.000000 40.000000 40.000000
V 350.000000 119.333333 100.000000 80.000000
V 314.000000 45.333333 28.000000 28.000000
V 578.000000 119.333333 100.000000 80.000000
V 1144.000000 71.333333 40.000000 40.000000
V 806.000000 112.333333 100.000000 80.000000
V 1034.000000 125.666667 100.000000 80.000000
V 1282.000000 114.666667 100.000000 80.000000
V 1366.000000 114.666667 28.000000 28.000000
V 56.000000 125.666667 88.000000 42.000000
V 464.000000 279.666667 88.000000 42.000000
V 692.000000 119.333333 88.000000 42.000000
V 1168.000000 239.000000 88.000000 42.000000
V 1168.000000 146.000000 88.000000 42.000000
V 920.000000 112.333333 88.000000 42.000000
V 1034.000000 225.666667 100.000000 80.000000
V 928.000000 199.000000 40.000000 40.000000
E 0 1
E 1 2
E 11 1
E 2 3
E 2 4
E 3 5
E 11 3
E 3 12
E 5 6
E 12 5
E 5 13
E 15 5
E 6 7
E 8 6
E 13 7
E 7 16
E 7 18
E 8 15
E 16 8
E 18 8
E 9 10
E 14 9
E 17 9
E 12 17
E 13 17
E 17 14
E 18 17
G 542879015.json 15 18
V 27.000000 145.333333 30.000000 30.000000
V 172.000000 152.000000 100.000000 80.000000
V 82.000000 145.333333 40.000000 40.000000
V 172.000000 52.000000 100.000000 80.000000
V 256.000000 52.000000 28.000000 28.000000
V 307.000000 152.000000 130.000000 81.000000
V 423.937500 126.527000 63.875000 57.946000
V 542.375000 152.166667 133.000000 80.000000
V 648.875000 152.166667 40.000000 40.000000
V 938.875000 152.166667 140.000000 77.000000
V 738.875000 108.833333 100.000000 80.000000
V 828.875000 152.166667 40.000000 40.000000
V 1162.750000 151.666667 100.000000 80.000000
V 1060.812500 105.157667 63.875000 57.946000
V 1247.750000 151.666667 30.000000 30.000000
E 0 2
E 2 1
E 1 5
E 2 3
E 3 4
E 5 6
E 5 7
E 6 7
E 7 8
E 8 10
E 8 11
E 11 9
E 9 12
E 9 13
E 10 11
E 10 13
E 13 12
E 12 14
G 552532016.json 15 15
V 27.000000 150.973000 30.000000 30.000000
V 112.000000 150.973000 100.000000 80.000000
V 232.000000 150.973000 100.000000 80.000000
V 352.000000 150.973000 100.000000 80.000000
V 472.000000 164.306333 100.000000 80.000000
V 592.000000 164.306333 100.000000 80.000000
V 832.000000 88.666667 100.000000 80.000000
V 1132.000000 95.333333 100.000000 80.000000
V 1216.000000 45.693667 28.000000 28.000000
V 1042.000000 95.333333 40.000000 40.000000
V 453.937500 75.333333 63.875000 57.946000
V 693.937500 177.639667 63.875000 57.946000
V 1233.937500 108.666667 63.875000 57.946000
V 952.000000 52.000000 100.000000 80.000000
V 712.000000 88.666667 100.000000 80.000000
E 0 1
E 1 2
E 2 3
E 3 4
U 3 10
E 4 5
U 5 11
E 5 14
E 6 9
E 6 13
E 14 6
E 7 8
E 9 7
U 7 12
E 13 9
G 555098217.json 25 30
V 172.000000 172.000000 100.000000 80.000000
V 172.000000 72.000000 100.000000 80.000000
V 27.000000 78.666667 30.000000 30.000000
V 82.000000 78.666667 40.000000 40.000000
V 262.000000 78.666667 40.000000 40.000000
V 1642.000000 152.000000 100.000000 80.000000
V 1796.000000 252.000000 28.000000 28.000000
V 1742.000000 252.000000 40.000000 40.000000
V 352.000000 78.666667 100.000000 80.000000
V 472.000000 78.666667 100.000000 80.000000
V 592.000000 65.333333 100.000000 80.000000
V 556.000000 139.333333 28.000000 28.000000
V 1132.000000 158.666667 100.000000 80.000000
V 1042.000000 65.333333 40.000000 40.000000
V 1642.000000 252.000000 100.000000 80.000000
V 712.000000 65.333333 100.000000 80.000000
V 832.000000 65.333333 100.000000 80.000000
V 952.000000 65.333333 100.000000 80.000000
V 1252.000000 158.666667 100.000000 80.000000
V 1342.000000 65.333333 40.000000 40.000000
V 1642.000000 352.000000 100.000000 80.000000
V 1432.000000 65.333333 100.000000 80.000000
V 1252.000000 58.666667 100.000000 80.000000
V 1522.000000 65.333333 40.000000 40.000000
V 1642.000000 52.000000 100.000000 80.000000
E 3 0
E 0 4
E 3 1
E 1 4
E 2 3
E 4 8
E 5 7
E 23 5
E 7 6
E 14 7
E 20 7
E 7 23
E 24 7
E 8 9
E 9 10
E 9 11
E 10 15
E 13 12
E 12 18
E 17 13
E 13 22
E 23 14
E 15 16
E 16 17
E 18 19
E 19 21
E 22 19
E 23 20
E 21 23
E 23 24
G 555220957.json 26 27
V 27.000000 164.000000 30.000000 30.000000
V 112.000000 169.000000 100.000000 80.000000
V 238.000000 182.333333 40.000000 40.000000
V 340.000000 82.333333 100.000000 80.000000
V 340.000000 182.333333 100.000000 80.000000
V 462.000000 195.666667 40.000000 40.000000
V 340.000000 342.666667 100.000000 80.000000
V 533.000000 342.666667 30.000000 30.000000
V 466.000000 391.666667 40.000000 40.000000
V 568.000000 391.666667 28.000000 28.000000
V 688.000000 391.666667 100.000000 50.000000
V 340.000000 445.666667 100.000000 80.000000
V 568.000000 465.666667 100.000000 80.000000
V 424.000000 445.666667 28.000000 28.000000
V 652.000000 465.666667 28.000000 28.000000
V 106.000000 60.500000 88.000000 97.000000
V 226.000000 93.833333 88.000000 97.000000
V 454.000000 107.166667 88.000000 97.000000
V 454.000000 284.166667 88.000000 97.000000
V 697.000000 144.000000 118.000000 80.000000
V 579.666667 189.000000 30.000000 30.000000
V 796.000000 187.333333 40.000000 40.000000
V 886.000000 194.000000 100.000000 80.000000
V 1006.000000 120.000000 100.000000 50.000000
V 886.000000 120.000000 28.000000 28.000000
V 970.000000 194.000000 28.000000 28.000000
E 0 1
E 0 15
E 1 2
E 1 16
E 2 3
E 2 4
E 2 11
E 4 5
E 4 17
E 5 7
E 5 20
E 7 6
E 6 8
E 6 18
E 8 7
E 8 9
E 8 12
U 9 10
E 11 13
E 12 14
E 20 19
E 19 21
E 21 20
E 21 22
E 21 24
E 22 25
U 24 23
G 565701118.json 17 18
V 27.000000 120.333333 30.000000 30.000000
V 222.000000 132.000000 100.000000 80.000000
V 132.000000 125.333333 40.000000 40.000000
V 312.000000 125.333333 40.000000 40.000000
V 402.000000 125.333333 100.000000 80.000000
V 702.000000 132.000000 100.000000 80.000000
V 582.000000 52.000000 100.000000 80.000000
V 492.000000 125.333333 40.000000 40.000000
V 712.000000 52.000000 40.000000 40.000000
V 786.000000 45.333333 28.000000 28.000000
V 792.000000 125.333333 40.000000 40.000000
V 882.000000 125.333333 100.000000 80.000000
V 77.000000 120.333333 30.000000 30.000000
V 127.000000 70.333333 30.000000 30.000000
V 1016.000000 81.333333 28.000000 28.000000
V 967.000000 125.333333 30.000000 30.000000
V 1017.000000 130.333333 30.000000 30.000000
E 0 12
E 2 1
E 1 3
E 2 3
E 12 2
E 3 4
E 4 7
E 7 5
E 5 10
E 7 6
E 6 8
E 8 9
E 8 10
E 10 11
E 11 15
E 12 13
E 15 14
E 15 16
G 581256267.json 35 36
V 865.500000 132.500000 30.000000 30.000000
V 1176.000000 363.166667 100.000000 80.000000
V 1078.000000 376.500000 56.000000 62.000000
V 1332.000000 298.000000 172.000000 37.000000
V 1041.000000 132.500000 40.000000 40.000000
V 1332.000000 376.500000 100.000000 80.000000
V 1488.000000 376.500000 100.000000 80.000000
V 1622.000000 369.833333 40.000000 40.000000
V 1810.000000 432.833333 100.000000 80.000000
V 1702.000000 440.833333 56.000000 62.000000
V 1644.000000 515.583333 172.000000 47.500000
V 32.000000 503.500000 40.000000 40.000000
V 96.000000 513.500000 28.000000 28.000000
V 865.500000 230.500000 30.000000 30.000000
V 1523.000000 301.500000 30.000000 30.000000
V 200.000000 513.500000 30.000000 30.000000
V 361.250000 447.500000 100.000000 80.000000
V 242.000000 447.500000 56.000000 62.000000
V 200.000000 370.250000 140.000000 52.500000
V 555.000000 447.500000 40.000000 40.000000
V 665.000000 264.000000 100.000000 80.000000
V 665.000000 454.166667 100.000000 80.000000
V 759.000000 336.500000 28.000000 28.000000
V 759.000000 181.500000 28.000000 28.000000
V 460.000000 198.500000 30.000000 30.000000
V 545.000000 132.500000 100.000000 80.000000
V 447.000000 132.500000 56.000000 62.000000
V 382.500000 57.750000 185.000000 47.500000
V 665.000000 132.500000 28.000000 28.000000
V 815.000000 284.000000 140.000000 37.000000
V 865.500000 467.500000 30.000000 30.000000
V 1056.000000 467.500000 100.000000 80.000000
V 1140.000000 467.500000 28.000000 28.000000
V 958.000000 401.500000 56.000000 62.000000
V 865.500000 559.114999 241.000000 113.229999
E 0 4
E 28 0
E 2 1
U 1 3
E 4 1
E 1 5
E 11 4
E 13 4
E 5 6
E 6 7
E 7 8
E 14 7
E 9 8
U 10 8
E 8 11
E 11 12
E 12 15
E 20 13
E 15 16
E 17 16
U 18 16
E 16 19
E 19 20
E 19 21
E 20 23
U 20 29
E 21 22
E 21 30
E 24 25
E 26 25
U 27 25
E 25 28
E 30 31
E 31 32
E 33 31
U 34 31
G 594859447.json 17 19
V 27.000000 58.666667 30.000000 30.000000
V 112.000000 58.666667 100.000000 80.000000
V 952.000000 158.666667 100.000000 80.000000
V 202.000000 58.666667 40.000000 40.000000
V 292.000000 152.000000 100.000000 80.000000
V 472.000000 58.666667 100.000000 80.000000
V 562.000000 58.666667 40.000000 40.000000
V 652.000000 132.000000 100.000000 80.000000
V 772.000000 65.333333 100.000000 80.000000
V 862.000000 65.333333 40.000000 40.000000
V 382.000000 58.666667 40.000000 40.000000
V 652.000000 52.000000 40.000000 40.000000
V 292.000000 52.000000 100.000000 80.000000
V 952.000000 58.666667 100.000000 80.000000
V 1216.000000 65.333333 28.000000 28.000000
V 1132.000000 65.333333 100.000000 80.000000
V 1042.000000 65.333333 40.000000 40.000000
E 0 1
E 1 3
E 9 2
E 2 16
E 3 4
E 3 12
E 4 10
E 5 6
E 10 5
E 6 7
E 6 11
E 7 8
E 8 9
E 11 8
E 9 13
E 12 10
E 13 16
E 15 14
E 16 15
G 599339404.json 40 52
V 27.000000 51.666667 30.000000 30.000000
V 82.000000 51.666667 40.000000 40.000000
V 187.000000 45.000000 130.000000 66.000000
V 187.000000 706.871884 115.000000 66.000000
V 353.500000 45.000000 163.000000 66.000000
V 1148.500000 649.205218 137.000000 73.000000
V 813.500000 56.000000 163.000000 66.000000
V 1327.000000 212.666667 100.000000 80.000000
V 1142.333333 99.333333 100.000000 80.000000
V 535.000000 365.384735 40.000000 40.000000
V 643.500000 365.384735 100.000000 80.000000
V 643.500000 618.788551 137.000000 73.000000
V 834.000000 310.333333 40.000000 40.000000
V 1164.666667 459.371884 40.000000 40.000000
V 813.500000 229.333333 100.000000 80.000000
V 985.000000 229.333333 100.000000 80.000000
V 1148.500000 352.705218 137.000000 76.077102
V 1334.500000 352.705218 40.000000 40.000000
V 1334.500000 466.038551 115.000000 73.000000
V 982.500000 473.915453 115.000000 87.261411
V 1327.000000 112.666667 100.000000 80.000000
V 1020.000000 149.333333 40.000000 40.000000
V 975.000000 69.333333 100.000000 80.000000
V 535.000000 146.000000 40.000000 40.000000
V 643.500000 96.000000 130.000000 80.000000
V 643.500000 229.333333 130.000000 80.000000
V 1471.000000 366.038551 118.000000 80.000000
V 1471.000000 466.038551 100.000000 80.000000
V 1564.000000 466.038551 28.000000 28.000000
V 353.500000 706.871884 100.000000 80.000000
V 505.000000 706.871884 100.000000 80.000000
V 659.666667 706.871884 40.000000 40.000000
V 978.750000 700.205218 100.000000 80.000000
V 813.500000 700.205218 100.000000 80.000000
V 875.000000 583.371884 40.000000 40.000000
V 1132.333333 572.705218 40.000000 40.000000
V 1347.000000 572.705218 40.000000 40.000000
V 1471.000000 664.077102 118.000000 76.077102
V 1471.000000 566.038551 100.000000 80.000000
V 1564.000000 570.705218 28.000000 28.000000
E 0 1
E 1 2
E 1 3
E 2 4
E 3 29
E 4 6
E 11 5
E 32 5
E 5 34
E 6 22
E 24 6
E 7 9
E 12 7
E 13 7
E 16 7
E 21 7
E 15 8
E 8 20
E 21 8
E 9 10
E 9 11
E 10 16
E 11 12
E 12 19
E 13 18
E 19 13
E 14 15
E 25 14
E 15 16
E 16 17
E 26 16
E 17 26
E 18 27
E 34 19
E 19 35
E 20 21
E 22 23
E 23 24
E 23 25
E 27 28
E 29 30
E 30 31
E 31 32
E 31 33
E 33 32
E 34 32
E 35 34
E 35 36
E 36 37
E 36 38
E 37 39
E 38 39
G 599657600.json 31 33
V 213.000500 187.753167 62.001000 60.173000
V 1265.001500 171.086500 62.001000 60.173000
V 27.000000 244.506333 30.000000 30.000000
V 112.000000 244.506333 100.000000 80.000000
V 216.667333 257.839667 40.000000 40.000000
V 314.001000 264.506333 100.000000 80.000000
V 404.001000 214.506333 40.000000 40.000000
V 458.001000 167.173000 28.000000 28.000000
V 464.001000 221.173000 40.000000 40.000000
V 554.001000 52.000000 100.000000 80.000000
V 674.001000 52.000000 40.000000 40.000000
V 794.001000 52.000000 100.000000 80.000000
V 554.001000 227.839667 100.000000 80.000000
V 674.001000 227.839667 100.000000 80.000000
V 804.001000 227.839667 40.000000 40.000000
V 1154.001000 107.000000 100.000000 80.000000
V 884.001000 234.506333 40.000000 40.000000
V 1154.001000 227.839667 100.000000 80.000000
V 1268.668333 241.173000 40.000000 40.000000
V 1330.002000 173.839667 28.000000 28.000000
V 1366.002000 247.839667 100.000000 80.000000
V 1456.002000 247.839667 40.000000 40.000000
V 1546.002000 254.506333 100.000000 80.000000
V 1510.002000 180.506333 28.000000 28.000000
V 974.001000 127.000000 100.000000 80.000000
V 1064.001000 127.000000 40.000000 40.000000
V 1248.001000 107.000000 28.000000 28.000000
V 878.001000 52.000000 28.000000 28.000000
V 314.001000 160.506333 100.000000 80.000000
V 398.001000 160.506333 28.000000 28.000000
V 1630.002000 254.506333 28.000000 28.000000
U 3 0
U 5 1
U 17 1
E 2 3
E 3 4
E 4 5
E 4 28
E 5 6
E 6 7
E 6 8
E 8 9
E 8 12
E 9 10
E 10 11
E 11 27
E 12 13
E 13 14
E 14 15
E 14 16
E 25 15
E 15 26
E 16 17
E 16 24
E 17 18
E 25 17
E 18 19
E 18 20
E 20 21
E 21 22
E 21 23
E 22 30
E 24 25
E 28 29
G 601674399.json 19 23
V 82.000000 591.000000 40.000000 40.000000
V 27.000000 591.000000 30.000000 30.000000
V 881.000000 496.333333 28.000000 28.000000
V 202.500000 603.000000 121.000000 80.000000
V 645.500000 603.000000 121.000000 80.000000
V 494.500000 503.000000 121.000000 80.000000
V 645.500000 503.000000 121.000000 80.000000
V 343.500000 303.000000 121.000000 80.000000
V 494.500000 303.000000 121.000000 80.000000
V 384.000000 496.333333 40.000000 40.000000
V 773.000000 496.333333 40.000000 40.000000
V 216.000000 296.333333 40.000000 40.000000
V 632.000000 296.333333 40.000000 40.000000
V 202.500000 152.000000 121.000000 80.000000
V 343.500000 152.000000 121.000000 80.000000
V 343.500000 52.000000 119.500000 80.000000
V 494.500000 203.000000 141.000000 80.000000
V 494.500000 403.000000 141.000000 80.000000
V 786.500000 152.000000 121.000000 80.000000
E 1 0
E 0 3
E 0 11
E 0 13
E 0 15
E 4 2
E 10 2
E 18 2
E 3 4
E 5 6
E 9 5
E 6 10
E 7 8
E 11 7
E 8 12
E 9 17
E 17 10
E 11 16
E 16 12
E 12 18
E 13 14
E 14 18
E 15 18
G 607142759.json 17 18
V 27.000000 235.333333 30.000000 30.000000
V 456.000000 241.666667 140.000000 71.000000
V 246.000000 330.500000 120.000000 80.000000
V 114.000000 343.833333 104.000000 97.000000
V 609.000000 241.666667 100.000000 80.000000
V 742.000000 241.666667 100.000000 80.000000
V 862.000000 228.333333 100.000000 80.000000
V 982.000000 215.000000 100.000000 80.000000
V 346.000000 146.166667 40.000000 40.000000
V 459.333333 146.166667 120.000000 80.000000
V 706.000000 142.166667 28.000000 28.000000
V 609.000000 71.250000 126.000000 96.500000
V 623.333333 159.500000 40.000000 40.000000
V 114.000000 235.333333 100.000000 80.000000
V 346.000000 330.500000 40.000000 40.000000
V 456.000000 337.166667 100.000000 80.000000
V 560.000000 337.166667 28.000000 28.000000
E 0 13
E 1 4
E 8 1
E 14 1
E 3 2
E 13 2
E 2 14
E 4 5
E 5 6
E 6 7
E 12 6
E 7 8
E 8 9
E 9 11
E 9 12
E 12 10
E 14 15
E 15 16
G 621001155.json 20 23
V 27.000000 235.333333 30.000000 30.000000
V 112.000000 235.333333 100.000000 80.000000
V 232.000000 235.333333 100.000000 80.000000
V 322.000000 235.333333 40.000000 40.000000
V 412.000000 235.333333 100.000000 80.000000
V 592.000000 215.333333 100.000000 80.000000
V 592.000000 315.333333 100.000000 80.000000
V 502.000000 235.333333 40.000000 40.000000
V 676.000000 215.333333 28.000000 28.000000
V 712.000000 315.333333 100.000000 80.000000
V 832.000000 315.333333 100.000000 80.000000
V 922.000000 308.666667 40.000000 40.000000
V 977.000000 65.333333 30.000000 30.000000
V 977.000000 315.333333 30.000000 30.000000
V 1062.000000 52.000000 100.000000 80.000000
V 622.000000 90.333333 40.000000 40.000000
V 1062.000000 302.000000 100.000000 80.000000
V 1146.000000 302.000000 28.000000 28.000000
V 712.000000 141.333333 100.000000 80.000000
V 832.000000 141.333333 100.000000 80.000000
E 0 1
E 1 2
E 2 3
E 3 4
E 3 5
E 3 6
E 4 7
E 7 5
E 5 8
E 7 6
E 6 9
E 9 10
E 10 11
E 11 12
E 11 13
E 19 11
E 12 14
E 13 16
E 14 15
E 15 16
E 15 18
E 16 17
E 18 19
G 626521575.json 28 37
V 27.000000 214.333333 30.000000 30.000000
V 82.000000 214.333333 40.000000 40.000000
V 172.000000 141.000000 100.000000 80.000000
V 592.000000 214.333333 100.000000 80.000000
V 292.000000 227.666667 100.000000 80.000000
V 1092.000000 315.000000 100.000000 80.000000
V 1002.000000 308.333333 40.000000 40.000000
V 1212.000000 203.000000 100.000000 80.000000
V 1102.000000 196.333333 40.000000 40.000000
V 1212.000000 103.000000 100.000000 80.000000
V 1002.000000 246.333333 40.000000 40.000000
V 1322.000000 196.333333 40.000000 40.000000
V 1442.000000 246.333333 40.000000 40.000000
V 932.000000 304.333333 40.000000 40.000000
V 1202.000000 308.333333 40.000000 40.000000
V 1616.000000 353.000000 28.000000 28.000000
V 1562.000000 353.000000 40.000000 40.000000
V 502.000000 214.333333 40.000000 40.000000
V 682.000000 214.333333 40.000000 40.000000
V 772.000000 314.333333 100.000000 80.000000
V 772.000000 214.333333 100.000000 80.000000
V 772.000000 114.333333 100.000000 80.000000
V 872.000000 304.333333 40.000000 40.000000
V 1332.000000 365.000000 100.000000 80.000000
V 182.000000 221.000000 40.000000 40.000000
V 402.000000 221.000000 40.000000 40.000000
V 1452.000000 52.000000 100.000000 80.000000
V 412.000000 141.000000 100.000000 80.000000
E 0 1
E 1 2
E 1 24
E 2 27
E 17 3
E 3 18
E 24 4
E 4 25
E 6 5
E 5 14
E 13 6
E 6 14
E 8 7
E 7 11
E 8 9
E 10 8
E 9 11
E 10 12
E 13 10
E 11 12
E 12 16
E 22 13
E 13 23
E 13 26
E 14 16
E 16 15
E 23 16
E 26 16
E 25 17
E 27 17
E 18 19
E 18 20
E 18 21
E 19 22
E 20 22
E 21 22
E 24 25
G 627529073.json 17 20
V 432.000000 84.000000 100.000000 80.000000
V 522.000000 84.000000 40.000000 40.000000
V 586.000000 26.000000 28.000000 28.000000
V 242.000000 80.666667 100.000000 80.000000
V 342.000000 90.666667 40.000000 40.000000
V 32.000000 181.666667 40.000000 40.000000
V 632.000000 80.000000 40.000000 40.000000
V 157.000000 80.666667 30.000000 30.000000
V 122.000000 181.666667 100.000000 80.000000
V 742.000000 73.333333 100.000000 80.000000
V 832.000000 80.000000 40.000000 40.000000
V 232.000000 188.333333 40.000000 40.000000
V 122.000000 281.666667 100.000000 80.000000
V 742.000000 173.333333 100.000000 80.000000
V 622.000000 274.333333 100.000000 80.000000
V 742.000000 274.333333 63.875000 57.946000
V 843.000500 274.333333 62.001000 60.173000
E 0 1
E 4 0
E 1 2
E 1 6
E 10 1
E 1 14
E 3 4
E 7 3
E 4 5
E 11 4
E 4 14
E 5 8
E 5 12
E 6 9
E 6 13
E 8 11
E 9 10
E 12 11
U 14 15
E 15 16
G 638877105.json 29 34
V 147.924500 149.131214 51.849000 51.897000
V 728.579882 456.357667 51.849000 51.897000
V 254.069470 88.182714 120.440941 60.000000
V 460.214441 466.357667 30.000000 30.000000
V 690.877088 370.409167 100.000000 80.000000
V 828.466632 380.409167 107.924500 60.000000
V 460.214441 416.357667 30.000000 30.000000
V 560.101191 117.512167 107.924500 40.000000
V 27.000000 44.849381 30.000000 30.000000
V 147.924500 88.182714 30.000000 30.000000
V 82.000000 44.849381 40.000000 40.000000
V 147.924500 38.182714 30.000000 30.000000
V 460.214441 171.794000 30.000000 30.000000
V 354.289941 88.182714 40.000000 40.000000
V 548.780441 423.024333 40.000000 40.000000
V 588.138941 357.075833 51.849000 51.897000
V 925.391132 319.409167 40.000000 40.000000
V 462.189274 251.075833 40.000000 40.000000
V 560.101191 294.409167 30.000000 30.000000
V 694.283912 244.409167 120.440941 60.000000
V 460.214441 110.845500 51.849000 51.897000
V 1056.038083 79.685558 143.520402 57.885582
V 1179.735784 70.037961 63.875000 57.946000
V 1179.735784 147.983961 63.875000 57.946000
V 560.101191 244.409167 30.000000 30.000000
V 588.138941 183.460667 51.849000 51.897000
V 928.353382 385.357667 51.849000 51.897000
V 928.353382 37.948500 51.849000 51.897000
V 648.063441 117.512167 28.000000 28.000000
U 0 2
U 1 5
E 9 2
E 11 2
E 2 13
E 13 3
E 3 14
E 4 5
E 14 4
U 15 4
E 5 16
E 13 6
E 6 14
E 12 7
U 20 7
E 7 28
E 8 10
E 10 9
E 10 11
E 13 12
E 13 16
E 13 17
E 21 13
E 19 16
E 16 21
E 17 18
E 17 24
E 18 19
E 24 19
U 25 19
U 21 22
U 21 23
U 26 21
U 27 21
G 640366429.json 31 30
V 27.000000 251.000000 30.000000 30.000000
V 82.000000 251.000000 40.000000 40.000000
V 232.000000 365.666667 100.000000 80.000000
V 136.000000 244.333333 28.000000 28.000000
V 317.000000 365.666667 30.000000 30.000000
V 505.000000 447.166667 306.000000 93.000000
V 505.000000 365.666667 30.000000 30.000000
V 853.000000 365.666667 40.000000 40.000000
V 1219.000000 352.333333 28.000000 28.000000
V 959.000000 533.333333 132.000000 74.000000
V 1131.666667 533.333333 40.000000 40.000000
V 1219.000000 526.666667 28.000000 28.000000
V 1219.000000 574.666667 28.000000 28.000000
V 745.500000 365.666667 135.000000 73.000000
V 142.000000 298.333333 40.000000 40.000000
V 196.000000 291.666667 28.000000 28.000000
V 974.333333 359.000000 40.000000 40.000000
V 1115.000000 352.333333 136.000000 80.000000
V 1115.000000 452.833333 140.000000 81.000000
V 1219.000000 452.833333 28.000000 28.000000
V 505.000000 59.166667 30.000000 30.000000
V 761.333333 59.166667 40.000000 40.000000
V 853.000000 52.500000 30.000000 30.000000
V 1059.000000 52.500000 28.000000 28.000000
V 959.000000 52.500000 116.000000 81.000000
V 853.000000 133.666667 40.000000 40.000000
V 907.000000 127.000000 28.000000 28.000000
V 974.333333 181.000000 40.000000 40.000000
V 1115.000000 250.333333 130.000000 84.000000
V 1219.000000 250.333333 28.000000 28.000000
V 1059.000000 174.333333 28.000000 28.000000
E 0 1
E 1 3
E 1 14
E 2 4
E 14 2
E 4 5
E 4 6
E 4 20
E 6 13
E 7 9
E 13 7
E 7 16
E 17 8
E 9 10
E 10 11
E 10 12
E 14 15
E 16 17
E 16 18
E 18 19
E 20 21
E 21 22
E 21 25
E 22 24
E 24 23
E 25 26
E 25 27
E 27 28
E 27 30
E 28 29
G 653765035.json 20 21
V 302.000000 100.000000 100.000000 80.000000
V 416.666667 193.333333 40.000000 40.000000
V 556.000000 236.666667 100.000000 80.000000
V 302.000000 200.000000 100.000000 80.000000
V 202.000000 306.666667 40.000000 40.000000
V 302.000000 316.666667 100.000000 80.000000
V 429.000000 316.666667 114.000000 80.000000
V 566.000000 316.666667 40.000000 40.000000
V 683.000000 323.333333 114.000000 80.000000
V 817.000000 323.333333 114.000000 80.000000
V 914.000000 316.666667 40.000000 40.000000
V 1011.000000 316.666667 114.000000 80.000000
V 1145.000000 316.666667 114.000000 80.000000
V 1236.000000 316.666667 28.000000 28.000000
V 27.000000 93.333333 30.000000 30.000000
V 112.000000 93.333333 100.000000 80.000000
V 202.000000 93.333333 40.000000 40.000000
V 266.000000 26.000000 28.000000 28.000000
V 683.000000 223.333333 114.000000 80.000000
V 817.000000 223.333333 114.000000 80.000000
E 0 1
E 16 0
E 1 2
E 3 1
E 2 4
E 4 3
E 4 5
E 5 6
E 6 7
E 7 8
E 7 18
E 8 9
E 9 10
E 10 11
E 19 10
E 11 12
E 12 13
E 14 15
E 15 16
E 16 17
E 18 19
G 6583415.json 18 19
V 131.000000 262.000000 138.000000 80.000000
V 343.333333 275.333333 40.000000 40.000000
V 545.000000 65.333333 100.000000 80.000000
V 796.000000 132.000000 100.000000 80.000000
V 1061.000000 232.000000 100.000000 80.000000
V 1228.500000 123.833333 195.000000 110.000000
V 1230.000000 245.333333 198.000000 93.000000
V 1363.000000 245.333333 28.000000 28.000000
V 27.000000 262.000000 30.000000 30.000000
V 796.000000 232.000000 100.000000 80.000000
V 670.500000 232.000000 100.000000 80.000000
V 580.000000 232.000000 30.000000 30.000000
V 317.500000 195.333333 195.000000 80.000000
V 670.500000 52.000000 111.000000 80.000000
V 928.500000 118.666667 125.000000 80.000000
V 907.250000 232.000000 40.000000 40.000000
V 455.000000 132.000000 40.000000 40.000000
V 658.666667 132.000000 40.000000 40.000000
E 0 1
E 8 0
U 0 12
E 1 15
E 1 16
U 2 13
E 16 2
E 2 17
U 3 14
E 3 15
E 17 3
U 4 5
E 4 6
E 15 4
E 6 7
E 10 9
E 9 15
E 11 10
E 16 17
G 660814312.json 23 29
V 715.000000 52.000000 30.000000 30.000000
V 800.000000 52.000000 100.000000 80.000000
V 237.000000 68.500000 30.000000 30.000000
V 655.000000 119.333333 30.000000 30.000000
V 710.000000 119.333333 40.000000 40.000000
V 764.000000 126.000000 28.000000 28.000000
V 332.000000 76.000000 30.000000 30.000000
V 452.000000 76.000000 100.000000 80.000000
V 552.000000 119.333333 40.000000 40.000000
V 27.000000 400.166667 30.000000 30.000000
V 549.000000 361.333333 30.000000 30.000000
V 606.000000 361.333333 28.000000 28.000000
V 606.000000 119.333333 28.000000 28.000000
V 92.000000 357.666667 30.000000 30.000000
V 202.000000 357.666667 100.000000 80.000000
V 452.000000 253.666667 100.000000 80.000000
V 92.000000 291.666667 40.000000 40.000000
V 332.000000 177.000000 100.000000 80.000000
V 452.000000 177.000000 28.000000 28.000000
V 342.000000 357.666667 40.000000 40.000000
V 332.000000 303.666667 28.000000 28.000000
V 452.000000 364.333333 28.000000 28.000000
V 202.000000 190.333333 100.000000 80.000000
E 0 1
E 1 2
E 4 1
E 2 3
E 2 6
E 3 4
E 11 3
E 12 3
E 4 5
E 6 7
E 7 8
E 8 9
E 8 12
E 9 10
E 9 13
E 10 11
E 18 10
E 20 10
E 21 10
E 13 14
E 14 19
E 15 16
E 19 15
E 16 17
E 16 20
E 16 22
E 17 18
E 22 17
E 19 21
G 662661620.json 28 32
V 60.875000 296.333333 30.000000 30.000000
V 145.875000 309.666667 100.000000 80.000000
V 265.875000 309.666667 100.000000 80.000000
V 385.875000 309.666667 100.000000 80.000000
V 515.875000 375.648667 100.000000 80.000000
V 605.875000 425.648667 40.000000 40.000000
V 415.875000 435.648667 40.000000 40.000000
V 695.875000 438.982000 100.000000 80.000000
V 515.875000 576.648667 100.000000 80.000000
V 515.875000 476.648667 100.000000 80.000000
V 605.875000 576.648667 30.000000 30.000000
V 779.875000 452.315333 28.000000 28.000000
V 1087.812500 415.991000 63.875000 57.946000
V 43.937500 360.306333 63.875000 57.946000
V 497.812500 286.675667 63.875000 57.946000
V 60.875000 209.666667 30.000000 30.000000
V 145.875000 209.666667 100.000000 80.000000
V 265.875000 209.666667 100.000000 80.000000
V 385.875000 209.666667 100.000000 80.000000
V 985.875000 65.333333 100.000000 80.000000
V 605.875000 103.000000 40.000000 40.000000
V 685.875000 52.000000 40.000000 40.000000
V 815.875000 52.000000 100.000000 80.000000
V 515.875000 96.333333 100.000000 80.000000
V 515.875000 196.333333 100.000000 80.000000
V 385.875000 58.666667 100.000000 80.000000
V 900.875000 52.000000 30.000000 30.000000
V 1069.875000 52.000000 28.000000 28.000000
E 0 1
E 1 2
E 13 1
E 2 3
E 3 4
U 3 14
E 4 5
E 5 6
E 5 7
E 9 5
E 6 8
E 6 9
E 10 7
E 7 11
U 7 12
E 8 10
E 19 12
U 18 14
E 15 16
E 16 17
E 17 18
E 18 24
E 20 19
E 26 19
E 19 27
E 20 21
E 23 20
E 24 20
E 21 22
E 21 25
E 22 26
E 25 23
G 66587859.json 18 17
V 27.000000 54.306333 30.000000 30.000000
V 112.000000 54.306333 100.000000 80.000000
V 1116.000000 142.612667 136.000000 80.000000
V 1235.937500 92.973000 63.875000 57.946000
V 472.000000 129.946000 100.000000 80.000000
V 614.000000 143.279333 144.000000 50.000000
V 789.000000 201.752333 166.000000 93.000000
V 942.000000 129.252333 100.000000 50.000000
V 960.000000 217.252333 136.000000 86.000000
V 1079.937500 231.585667 63.875000 57.946000
V 654.062500 217.252333 63.875000 57.946000
V 1218.000000 155.946000 28.000000 28.000000
V 232.000000 54.306333 100.000000 80.000000
V 333.937500 40.973000 63.875000 57.946000
V 352.000000 129.946000 100.000000 80.000000
V 250.062500 143.279333 63.875000 57.946000
V 615.333333 58.279333 136.000000 80.000000
V 737.937500 44.946000 63.875000 57.946000
E 0 1
E 1 12
U 2 3
E 8 2
E 2 11
U 4 5
E 14 4
E 4 16
U 6 7
E 6 8
U 10 6
E 16 6
U 8 9
U 12 13
E 12 14
U 15 14
U 16 17
G 668312651.json 21 23
V 27.000000 158.666667 30.000000 30.000000
V 336.000000 158.666667 40.000000 40.000000
V 426.000000 232.000000 100.000000 80.000000
V 516.000000 65.333333 40.000000 40.000000
V 516.000000 165.333333 40.000000 40.000000
V 426.000000 58.666667 100.000000 80.000000
V 696.000000 65.333333 40.000000 40.000000
V 996.000000 58.666667 40.000000 40.000000
V 1086.000000 58.666667 100.000000 80.000000
V 1170.000000 58.666667 28.000000 28.000000
V 341.000000 58.666667 30.000000 30.000000
V 906.000000 152.000000 100.000000 80.000000
V 606.000000 65.333333 100.000000 80.000000
V 906.000000 52.000000 100.000000 80.000000
V 112.000000 158.666667 100.000000 80.000000
V 239.000000 158.666667 114.000000 80.000000
V 606.000000 165.333333 100.000000 80.000000
V 436.000000 152.000000 40.000000 40.000000
V 690.000000 165.333333 28.000000 28.000000
V 756.000000 58.666667 40.000000 40.000000
V 816.000000 152.000000 40.000000 40.000000
E 0 14
E 1 2
E 15 1
E 1 17
E 2 4
E 5 3
E 3 12
E 17 3
E 4 16
E 17 4
E 10 5
E 12 6
E 6 19
E 6 20
E 7 8
E 11 7
E 13 7
E 8 9
E 20 11
E 19 13
E 14 15
E 16 18
E 19 20
G 685739361.json 21 23
V 27.000000 210.666667 30.000000 30.000000
V 123.500000 247.333333 123.000000 80.000000
V 225.000000 247.333333 40.000000 40.000000
V 280.000000 254.000000 30.000000 30.000000
V 376.500000 27.000000 30.000000 30.000000
V 376.500000 254.000000 123.000000 60.000000
V 562.000000 224.000000 88.000000 60.000000
V 562.000000 159.000000 30.000000 30.000000
V 478.000000 152.333333 40.000000 40.000000
V 676.000000 53.000000 30.000000 30.000000
V 1123.000000 53.000000 28.000000 28.000000
V 562.000000 94.000000 88.000000 60.000000
V 676.000000 159.000000 100.000000 80.000000
V 766.000000 257.333333 40.000000 40.000000
V 917.500000 257.333333 123.000000 67.000000
V 821.000000 257.333333 30.000000 30.000000
V 1074.000000 264.000000 30.000000 30.000000
V 1019.000000 257.333333 40.000000 40.000000
V 1074.000000 214.000000 30.000000 30.000000
V 1123.000000 264.000000 28.000000 28.000000
V 27.000000 260.666667 30.000000 30.000000
E 0 1
E 1 2
E 20 1
E 2 3
E 2 4
E 3 5
E 4 10
E 5 8
E 13 5
E 6 12
E 8 7
E 7 12
E 8 9
E 9 10
E 18 10
E 11 12
E 12 13
E 13 15
E 15 14
E 14 17
E 17 16
E 16 19
E 17 18
G 703235638.json 17 18
V 82.000000 242.000000 40.000000 40.000000
V 182.000000 52.000000 100.000000 80.000000
V 182.000000 252.000000 100.000000 80.000000
V 182.000000 152.000000 100.000000 80.000000
V 362.000000 245.333333 100.000000 80.000000
V 612.000000 62.000000 100.000000 80.000000
V 506.000000 198.000000 28.000000 28.000000
V 266.000000 52.000000 28.000000 28.000000
V 612.000000 262.000000 100.000000 80.000000
V 756.000000 255.333333 28.000000 28.000000
V 612.000000 162.000000 100.000000 80.000000
V 702.000000 255.333333 40.000000 40.000000
V 512.000000 252.000000 40.000000 40.000000
V 272.000000 245.333333 40.000000 40.000000
V 452.000000 245.333333 40.000000 40.000000
V 696.000000 62.000000 28.000000 28.000000
V 27.000000 242.000000 30.000000 30.000000
E 0 1
E 0 2
E 0 3
E 16 0
E 1 7
E 2 13
E 3 13
E 13 4
E 4 14
E 12 5
E 5 15
E 14 6
E 8 11
E 12 8
E 11 9
E 10 11
E 12 10
E 14 12
G 705022951.json 20 25
V 27.000000 32.000000 30.000000 30.000000
V 252.166667 93.848733 105.000000 55.000000
V 104.666667 32.000000 40.000000 40.000000
V 239.666667 30.333333 30.000000 30.000000
V 709.333333 35.333333 30.000000 30.000000
V 477.000000 90.515400 30.000000 30.000000
V 477.000000 224.284649 30.000000 30.000000
V 477.000000 279.284649 30.000000 30.000000
V 527.000000 224.284649 30.000000 30.000000
V 581.500000 90.515400 139.000000 77.538499
V 99.000000 110.769250 74.000000 77.538499
V 841.000000 44.500000 100.000000 55.000000
V 998.000000 170.284649 74.000000 54.500000
V 926.000000 44.500000 30.000000 30.000000
V 631.000000 169.284649 40.000000 40.000000
V 581.500000 279.284649 40.000000 40.000000
V 721.000000 279.284649 100.000000 80.000000
V 805.000000 279.284649 28.000000 28.000000
V 412.000000 100.515400 40.000000 40.000000
V 269.000000 180.117982 206.000000 77.538499
E 0 2
E 2 1
E 10 1
E 1 18
E 2 3
E 3 4
E 10 3
E 9 4
E 4 11
E 5 9
E 18 5
E 6 8
E 18 6
E 7 15
E 18 7
E 10 12
E 16 10
E 11 13
E 14 11
E 13 12
E 12 14
E 14 16
E 15 16
E 16 17
U 19 18
G 720816269.json 18 18
V 112.000000 115.166667 100.000000 80.000000
V 27.000000 115.166667 30.000000 30.000000
V 241.000000 115.166667 118.000000 79.000000
V 334.000000 79.333333 28.000000 28.000000
V 335.000000 128.333333 30.000000 30.000000
V 390.000000 128.333333 40.000000 40.000000
V 485.500000 135.000000 111.000000 46.000000
V 485.500000 52.000000 100.000000 80.000000
V 575.000000 52.000000 28.000000 28.000000
V 575.000000 127.333333 28.000000 28.000000
V 395.000000 198.000000 30.000000 30.000000
V 485.500000 198.000000 40.000000 40.000000
V 576.000000 193.000000 30.000000 30.000000
V 631.000000 193.000000 40.000000 40.000000
V 726.500000 199.666667 111.000000 50.000000
V 861.000000 199.666667 118.000000 52.000000
V 954.000000 195.000000 28.000000 28.000000
V 861.000000 129.666667 94.000000 48.000000
E 1 0
E 0 2
E 2 3
E 2 4
E 4 5
E 5 6
E 5 7
E 6 9
E 6 12
E 7 8
E 10 11
E 11 12
E 12 13
E 13 14
E 13 17
E 14 15
E 15 16
E 17 16
G 721737389.json 16 22
V 202.000000 212.000000 40.000000 40.000000
V 282.000000 212.000000 40.000000 40.000000
V 202.000000 92.000000 40.000000 40.000000
V 27.000000 45.333333 30.000000 30.000000
V 402.000000 45.333333 40.000000 40.000000
V 202.000000 152.000000 40.000000 40.000000
V 142.000000 158.666667 40.000000 40.000000
V 342.000000 158.666667 40.000000 40.000000
V 282.000000 92.000000 40.000000 40.000000
V 282.000000 32.000000 40.000000 40.000000
V 282.000000 152.000000 40.000000 40.000000
V 342.000000 38.666667 40.000000 40.000000
V 82.000000 45.333333 40.000000 40.000000
V 202.000000 32.000000 40.000000 40.000000
V 457.000000 45.333333 30.000000 30.000000
V 142.000000 38.666667 40.000000 40.000000
E 0 1
E 6 0
E 0 10
E 5 1
E 1 7
E 2 8
E 2 9
E 15 2
E 3 12
E 7 4
E 11 4
E 4 14
E 6 5
E 5 10
E 12 6
E 10 7
E 8 11
E 13 8
E 9 11
E 13 9
E 12 15
E 15 13
G 722326052.json 18 19
V 85.000000 199.333333 30.000000 30.000000
V 530.000000 186.000000 100.000000 80.000000
V 620.000000 186.000000 40.000000 40.000000
V 830.000000 152.000000 100.000000 80.000000
V 830.000000 52.000000 100.000000 80.000000
V 920.000000 145.333333 40.000000 40.000000
V 170.000000 186.000000 100.000000 80.000000
V 56.000000 115.833333 88.000000 97.000000
V 260.000000 186.000000 40.000000 40.000000
V 350.000000 142.666667 100.000000 80.000000
V 440.000000 186.000000 40.000000 40.000000
V 674.000000 192.666667 28.000000 28.000000
V 734.000000 91.333333 28.000000 28.000000
V 680.000000 138.666667 40.000000 40.000000
V 740.000000 145.333333 40.000000 40.000000
V 974.000000 78.000000 28.000000 28.000000
V 1010.000000 152.000000 100.000000 80.000000
V 1094.000000 152.000000 28.000000 28.000000
E 0 6
E 1 2
E 10 1
E 2 11
E 2 13
E 3 5
E 14 3
E 4 5
E 14 4
E 5 15
E 5 16
E 7 6
E 6 8
E 8 9
E 8 10
E 9 10
E 13 12
E 13 14
E 16 17
G 722872751.json 39 46
V 27.000000 82.666667 30.000000 30.000000
V 112.000000 82.666667 100.000000 80.000000
V 202.000000 82.666667 40.000000 40.000000
V 292.000000 76.000000 100.000000 80.000000
V 292.000000 176.000000 100.000000 80.000000
V 412.000000 176.000000 100.000000 80.000000
V 412.000000 76.000000 100.000000 80.000000
V 502.000000 82.666667 40.000000 40.000000
V 592.000000 82.666667 100.000000 80.000000
V 712.000000 82.666667 100.000000 80.000000
V 802.000000 82.666667 40.000000 40.000000
V 912.000000 316.000000 100.000000 80.000000
V 1092.000000 121.666667 100.000000 80.000000
V 1222.000000 121.666667 40.000000 40.000000
V 1332.000000 215.000000 100.000000 80.000000
V 1416.000000 265.000000 28.000000 28.000000
V 1332.000000 115.000000 100.000000 80.000000
V 1092.000000 316.000000 100.000000 80.000000
V 912.000000 70.666667 100.000000 80.000000
V 1002.000000 70.666667 40.000000 40.000000
V 1422.000000 70.666667 40.000000 40.000000
V 1512.000000 70.666667 100.000000 80.000000
V 1602.000000 70.666667 40.000000 40.000000
V 1712.000000 203.000000 100.000000 80.000000
V 2072.000000 203.000000 100.000000 80.000000
V 1832.000000 254.000000 100.000000 80.000000
V 2192.000000 254.000000 100.000000 80.000000
V 2292.000000 207.000000 40.000000 40.000000
V 2346.000000 207.000000 28.000000 28.000000
V 1832.000000 354.000000 100.000000 80.000000
V 1712.000000 58.666667 100.000000 80.000000
V 1842.000000 58.666667 40.000000 40.000000
V 1952.000000 52.000000 100.000000 80.000000
V 1952.000000 152.000000 100.000000 80.000000
V 2072.000000 52.000000 100.000000 80.000000
V 2182.000000 58.666667 40.000000 40.000000
V 1212.000000 265.000000 100.000000 80.000000
V 912.000000 170.666667 100.000000 80.000000
V 996.000000 170.666667 28.000000 28.000000
E 0 1
E 1 2
E 2 3
E 2 4
E 3 6
E 4 5
E 5 7
E 6 7
E 7 8
E 8 9
E 9 10
E 10 11
E 10 18
E 10 36
E 10 37
E 11 17
E 12 13
E 19 12
E 13 14
E 13 16
E 14 15
E 17 15
E 36 15
E 16 20
E 18 19
E 19 20
E 20 21
E 21 22
E 22 23
E 22 25
E 22 29
E 22 30
E 23 24
E 24 27
E 25 26
E 26 27
E 27 28
E 29 27
E 35 27
E 30 31
E 31 32
E 31 33
E 32 34
E 33 35
E 34 35
E 37 38
G 724015086.json 16 18
V 652.000000 254.000000 100.000000 80.000000
V 27.000000 234.000000 30.000000 30.000000
V 82.000000 234.000000 40.000000 40.000000
V 172.000000 240.666667 100.000000 80.000000
V 302.000000 240.666667 40.000000 40.000000
V 412.000000 247.333333 100.000000 80.000000
V 542.000000 247.333333 40.000000 40.000000
V 532.000000 103.000000 100.000000 80.000000
V 652.000000 154.000000 100.000000 80.000000
V 762.000000 247.333333 40.000000 40.000000
V 772.000000 103.000000 100.000000 80.000000
V 862.000000 240.666667 40.000000 40.000000
V 292.000000 52.000000 100.000000 80.000000
V 922.000000 234.000000 40.000000 40.000000
V 1012.000000 234.000000 100.000000 80.000000
V 1096.000000 234.000000 28.000000 28.000000
E 6 0
E 0 9
E 1 2
E 2 3
E 2 12
E 3 4
E 4 5
E 4 7
E 5 6
E 6 8
E 7 10
E 8 9
E 9 11
E 10 11
E 11 13
E 12 13
E 13 14
E 14 15
G 742653708.json 15 16
V 736.000000 263.000000 28.000000 28.000000
V 652.000000 263.000000 100.000000 80.000000
V 232.000000 138.666667 100.000000 80.000000
V 352.000000 152.000000 100.000000 80.000000
V 112.000000 65.333333 100.000000 80.000000
V 27.000000 65.333333 30.000000 30.000000
V 472.000000 152.000000 100.000000 80.000000
V 352.000000 52.000000 100.000000 80.000000
V 562.000000 58.666667 40.000000 40.000000
V 652.000000 72.000000 100.000000 80.000000
V 472.000000 269.666667 100.000000 80.000000
V 352.000000 269.666667 100.000000 80.000000
V 262.000000 218.666667 40.000000 40.000000
V 562.000000 269.666667 40.000000 40.000000
V 616.000000 337.000000 28.000000 28.000000
E 1 0
E 13 1
E 2 3
E 4 2
E 3 6
E 12 3
E 5 4
E 4 7
E 6 8
E 7 8
E 8 9
E 9 12
E 11 10
E 10 13
E 12 11
E 13 14
G 743199284.json 19 19
V 27.000000 203.279333 30.000000 30.000000
V 234.000000 216.612667 40.000000 40.000000
V 400.000000 229.946000 100.000000 80.000000
V 762.937500 140.973000 63.875000 57.946000
V 916.884080 52.000000 30.000000 30.000000
V 806.442040 52.000000 127.994590 80.000000
V 530.500000 229.946000 30.000000 30.000000
V 112.000000 203.279333 100.000000 80.000000
V 530.500000 127.639667 121.000000 80.000000
V 661.000000 127.639667 100.000000 80.000000
V 226.000000 128.112667 88.000000 97.000000
V 310.000000 223.279333 40.000000 40.000000
V 390.000000 127.639667 40.000000 40.000000
V 1171.378670 52.000000 28.000000 28.000000
V 1069.631375 52.000000 135.494590 80.000000
V 966.884080 52.000000 30.000000 30.000000
V 806.442040 229.946000 150.884080 80.000000
V 915.884080 229.946000 28.000000 28.000000
V 661.000000 229.946000 30.000000 30.000000
E 0 7
E 7 1
E 1 11
E 1 12
E 2 6
E 11 2
U 9 3
E 5 4
E 4 15
E 9 5
E 6 18
E 7 10
E 8 9
E 12 8
E 11 12
E 14 13
E 15 14
E 16 17
E 18 16
G 758491839.json 37 37
V 35.000000 212.666667 30.000000 30.000000
V 126.000000 199.333333 112.000000 80.000000
V 217.000000 199.333333 30.000000 30.000000
V 267.000000 199.333333 30.000000 30.000000
V 352.000000 199.333333 100.000000 80.000000
V 652.000000 132.000000 100.000000 80.000000
V 737.000000 132.000000 30.000000 30.000000
V 787.000000 132.000000 30.000000 30.000000
V 872.000000 132.000000 100.000000 80.000000
V 1062.500000 132.000000 141.000000 80.000000
V 1613.000000 52.000000 100.000000 80.000000
V 1697.000000 52.000000 28.000000 28.000000
V 1613.000000 152.000000 100.000000 80.000000
V 1703.000000 152.000000 40.000000 40.000000
V 1793.000000 58.666667 100.000000 80.000000
V 957.000000 132.000000 30.000000 30.000000
V 1913.000000 158.666667 100.000000 80.000000
V 472.000000 199.333333 100.000000 80.000000
V 562.000000 199.333333 40.000000 40.000000
V 616.000000 206.000000 28.000000 28.000000
V 31.000000 157.166667 38.000000 41.000000
V 1333.000000 145.333333 40.000000 40.000000
V 1408.000000 52.000000 30.000000 30.000000
V 1493.000000 152.000000 100.000000 80.000000
V 1408.000000 152.000000 30.000000 30.000000
V 1493.000000 52.000000 100.000000 80.000000
V 1323.000000 80.333333 100.000000 50.000000
V 1203.000000 132.000000 100.000000 80.000000
V 1913.000000 58.666667 100.000000 80.000000
V 2003.000000 152.000000 40.000000 40.000000
V 2093.000000 152.000000 100.000000 80.000000
V 2223.000000 37.000000 100.000000 50.000000
V 2223.000000 172.000000 100.000000 80.000000
V 2223.000000 97.000000 30.000000 30.000000
V 2307.000000 97.000000 28.000000 28.000000
V 2308.000000 172.000000 30.000000 30.000000
V 2357.000000 172.000000 28.000000 28.000000
E 0 1
E 1 2
E 20 1
E 2 3
E 3 4
E 4 17
E 5 6
E 18 5
E 6 7
E 7 8
E 8 15
E 15 9
E 9 27
E 10 11
E 25 10
E 12 13
E 23 12
E 13 14
E 13 16
E 14 28
E 16 29
E 17 18
E 18 19
E 21 22
E 21 24
E 27 21
E 22 25
E 24 23
U 27 26
E 28 29
E 29 30
U 30 31
E 30 32
E 30 33
E 32 35
E 33 34
E 35 36
G 766952849.json 35 49
V 27.000000 170.666667 30.000000 30.000000
V 82.000000 170.666667 40.000000 40.000000
V 302.000000 177.333333 100.000000 80.000000
V 182.000000 150.666667 100.000000 80.000000
V 432.000000 164.000000 100.000000 80.000000
V 82.000000 36.333333 40.000000 40.000000
V 302.000000 77.333333 100.000000 80.000000
V 1822.788252 452.666667 100.000000 80.000000
V 2062.788252 439.333333 100.000000 80.000000
V 2182.788252 426.000000 100.000000 80.000000
V 2266.788252 426.000000 28.000000 28.000000
V 552.000000 64.000000 100.000000 80.000000
V 432.000000 64.000000 30.000000 30.000000
V 642.000000 64.000000 40.000000 40.000000
V 732.394126 57.333333 100.788252 40.000000
V 822.788252 64.000000 40.000000 40.000000
V 932.788252 152.000000 100.000000 80.000000
V 932.788252 252.000000 100.000000 80.000000
V 932.788252 352.000000 100.000000 80.000000
V 932.788252 52.000000 100.000000 80.000000
V 1032.788252 156.000000 40.000000 40.000000
V 1132.788252 239.333333 100.000000 80.000000
V 1252.788252 146.000000 100.000000 80.000000
V 1402.788252 416.000000 100.000000 80.000000
V 1267.788252 226.000000 40.000000 40.000000
V 1402.788252 216.000000 100.000000 80.000000
V 1402.788252 316.000000 100.000000 80.000000
V 1492.788252 316.000000 40.000000 40.000000
V 1582.788252 309.333333 100.000000 80.000000
V 1702.788252 322.666667 100.000000 80.000000
V 1832.788252 309.333333 40.000000 40.000000
V 1942.788252 426.000000 100.000000 80.000000
V 1942.788252 302.666667 100.000000 80.000000
V 2062.788252 302.666667 100.000000 80.000000
V 2146.788252 289.333333 28.000000 28.000000
E 0 1
E 1 2
E 1 3
E 3 2
E 2 4
E 5 3
E 3 6
E 4 5
E 5 6
E 6 7
E 6 12
E 7 8
E 29 7
E 7 31
E 8 9
E 31 8
E 9 10
E 33 9
E 12 11
E 11 13
E 13 14
E 13 15
E 14 15
E 15 16
E 15 17
E 15 18
E 15 19
E 16 20
E 17 20
E 18 20
E 19 20
E 20 21
E 20 22
E 20 23
E 21 24
E 21 26
E 22 26
E 24 23
E 24 25
E 24 26
E 26 27
E 27 28
E 27 29
E 28 29
E 29 30
E 30 31
E 30 32
E 32 33
E 33 34
G 771591553.json 21 22
V 27.000000 158.666667 30.000000 30.000000
V 112.000000 158.666667 100.000000 80.000000
V 232.000000 158.666667 100.000000 80.000000
V 682.000000 165.333333 40.000000 40.000000
V 772.000000 158.666667 88.000000 80.000000
V 1012.000000 65.333333 100.000000 80.000000
V 592.000000 165.333333 100.000000 80.000000
V 922.000000 65.333333 40.000000 40.000000
V 862.000000 165.333333 40.000000 40.000000
V 1132.000000 65.333333 100.000000 80.000000
V 1372.000000 52.000000 100.000000 80.000000
V 352.000000 158.666667 100.000000 80.000000
V 482.000000 158.666667 40.000000 40.000000
V 1252.000000 65.333333 100.000000 80.000000
V 1492.000000 52.000000 100.000000 80.000000
V 1612.000000 52.000000 100.000000 80.000000
V 1697.000000 52.000000 30.000000 30.000000
V 592.000000 58.666667 100.000000 80.000000
V 772.000000 58.666667 100.000000 80.000000
V 472.000000 45.333333 100.000000 40.000000
V 1372.000000 132.000000 100.000000 40.000000
E 0 1
E 1 2
E 2 11
E 3 4
E 6 3
E 3 8
E 4 8
E 7 5
E 5 9
E 12 6
E 8 7
E 18 7
E 9 13
E 13 10
E 10 14
E 11 12
E 12 17
U 13 20
E 14 15
E 15 16
E 17 18
U 19 17
G 777733716.json 17 20
V 540.000000 188.324333 100.000000 80.000000
V 660.000000 188.324333 100.000000 80.000000
V 780.000000 188.324333 100.000000 80.000000
V 900.000000 188.324333 100.000000 80.000000
V 984.000000 188.324333 28.000000 28.000000
V 27.000000 95.333333 30.000000 30.000000
V 27.000000 45.333333 30.000000 30.000000
V 87.000000 152.000000 30.000000 30.000000
V 172.000000 52.000000 100.000000 80.000000
V 172.000000 152.000000 100.000000 80.000000
V 82.000000 52.000000 40.000000 40.000000
V 298.000000 58.666667 40.000000 40.000000
V 420.000000 317.630667 100.000000 80.000000
V 306.000000 272.464000 88.000000 97.000000
V 420.000000 78.666667 100.000000 80.000000
V 172.000000 264.464000 100.000000 80.000000
V 308.412500 174.991000 63.875000 57.946000
E 0 1
E 12 0
E 16 0
E 1 2
E 2 3
E 3 4
E 5 10
E 6 10
E 7 9
E 10 8
E 8 11
E 9 11
E 9 16
E 11 14
E 15 12
E 16 12
E 15 13
E 14 15
E 16 14
E 15 16
G 786932389.json 35 39
V 1210.919998 411.311833 30.000000 30.000000
V 1085.419998 411.311833 30.000000 30.000000
V 1578.129997 204.585667 100.000000 80.000000
V 985.419998 143.946000 40.000000 40.000000
V 1493.129997 217.919000 30.000000 30.000000
V 1049.419998 26.000000 28.000000 28.000000
V 1085.419998 153.946000 100.000000 80.000000
V 593.709999 401.311833 100.000000 80.000000
V 864.564999 401.311833 161.709999 99.360000
V 1210.919998 325.631833 111.000000 99.360000
V 1085.419998 325.631833 30.000000 30.000000
V 1372.144998 217.919000 146.320001 99.360000
V 1210.919998 153.946000 30.000000 30.000000
V 713.709999 401.311833 100.000000 80.000000
V 985.419998 401.311833 40.000000 40.000000
V 1234.482498 217.919000 63.875000 57.946000
V 1234.482498 89.973000 63.875000 57.946000
V 442.855000 387.978500 161.709999 80.000000
V 1377.274998 411.311833 161.709999 80.000000
V 1860.067497 265.585667 63.875000 57.946000
V 27.000000 381.311833 30.000000 30.000000
V 112.000000 381.311833 100.000000 80.000000
V 1758.129997 344.645167 100.000000 80.000000
V 1668.129997 437.978500 40.000000 40.000000
V 1758.129997 444.645167 100.000000 80.000000
V 1859.130497 344.645167 62.001000 60.173000
V 1926.004997 437.978500 28.000000 28.000000
V 1856.088330 437.978500 40.000000 40.000000
V 587.709999 292.811833 88.000000 97.000000
V 232.000000 381.311833 100.000000 80.000000
V 322.000000 381.311833 40.000000 40.000000
V 442.855000 210.311833 100.000000 80.000000
V 557.709999 210.311833 28.000000 28.000000
V 1493.129997 424.645167 30.000000 30.000000
V 1578.129997 424.645167 100.000000 80.000000
E 1 0
E 0 18
E 14 1
E 2 3
E 4 2
E 3 5
E 3 6
E 11 4
E 6 12
E 7 13
E 17 7
E 13 8
E 8 14
E 10 9
E 9 11
E 14 10
E 12 11
E 11 14
U 15 11
U 16 11
E 17 28
E 30 17
U 18 19
E 18 33
U 22 19
U 34 19
E 20 21
E 21 29
E 23 22
U 22 25
E 22 27
E 23 24
E 34 23
E 24 27
E 27 26
E 29 30
E 30 31
E 31 32
E 33 34
G 788960599.json 35 46
V 757.724000 52.000000 100.000000 80.000000
V 577.724000 145.333333 100.000000 80.000000
V 667.724000 145.333333 40.000000 40.000000
V 757.724000 152.000000 100.000000 80.000000
V 1621.422000 152.000000 100.000000 80.000000
V 27.000000 140.333333 30.000000 30.000000
V 492.724000 145.333333 30.000000 30.000000
V 842.724000 152.000000 30.000000 30.000000
V 1489.755333 152.000000 30.000000 30.000000
V 672.724000 32.000000 30.000000 30.000000
V 1741.422000 152.000000 100.000000 80.000000
V 1825.422000 152.000000 28.000000 28.000000
V 87.924500 524.374833 30.000000 30.000000
V 203.849000 537.708167 100.000000 80.000000
V 425.786500 551.041500 63.875000 57.946000
V 323.849000 330.845500 100.000000 80.000000
V 1039.573000 350.845500 100.000000 80.000000
V 431.432333 330.845500 30.000000 30.000000
V 900.007000 330.845500 30.000000 30.000000
V 87.924500 585.323333 51.849000 51.897000
V 1241.422000 523.742500 100.000000 80.000000
V 1371.422000 420.845500 100.000000 80.000000
V 1137.472333 350.845500 40.000000 40.000000
V 1501.422000 283.897000 100.000000 80.000000
V 1241.422000 203.948500 100.000000 80.000000
V 1371.422000 203.948500 28.000000 28.000000
V 1265.497500 437.794000 51.849000 51.897000
V 1135.497500 183.948500 51.849000 51.897000
V 903.648500 515.093000 51.849000 51.897000
V 903.648500 391.794000 51.849000 51.897000
V 1395.497500 263.897000 51.849000 51.897000
V 1874.422000 157.000000 30.000000 30.000000
V 1959.422000 170.333333 100.000000 80.000000
V 2061.359500 219.973000 63.875000 57.946000
V 2043.422000 157.000000 28.000000 28.000000
E 2 0
E 0 5
E 9 0
E 1 2
E 6 1
E 2 3
E 3 7
E 8 4
E 4 10
E 5 6
E 5 12
E 17 6
E 7 8
E 7 18
E 25 8
E 10 11
E 11 31
E 12 13
U 13 14
E 13 15
U 19 13
U 14 20
E 15 17
U 19 15
E 18 16
E 16 22
U 28 16
U 29 16
E 17 18
U 19 32
E 20 21
E 22 20
U 28 20
E 21 23
U 26 21
U 29 21
E 22 24
U 29 23
U 30 23
E 23 31
E 24 25
U 27 24
U 29 24
E 31 32
U 32 33
E 32 34
G 79495846.json 20 25
V 27.000000 190.000000 30.000000 30.000000
V 103.500000 190.000000 83.000000 60.000000
V 360.500000 186.000000 83.000000 60.000000
V 497.000000 132.000000 40.000000 40.000000
V 237.000000 166.000000 83.000000 40.000000
V 603.500000 42.000000 83.000000 60.000000
V 716.500000 42.000000 83.000000 60.000000
V 832.000000 32.000000 98.000000 40.000000
V 603.500000 132.000000 83.000000 60.000000
V 603.500000 278.250000 83.000000 55.000000
V 360.500000 292.000000 83.000000 40.000000
V 482.000000 192.000000 98.000000 40.000000
V 716.500000 278.250000 83.000000 55.000000
V 237.000000 101.000000 124.000000 50.000000
V 482.000000 257.000000 100.000000 50.000000
V 714.000000 112.000000 98.000000 40.000000
V 832.000000 287.416667 98.000000 40.000000
V 817.500000 142.000000 40.000000 40.000000
V 915.000000 142.000000 28.000000 28.000000
V 482.000000 32.000000 98.000000 40.000000
E 0 1
E 1 2
E 1 4
E 1 10
U 1 13
E 2 3
E 4 2
E 2 11
U 2 14
E 2 19
E 3 5
E 3 8
E 3 9
E 5 6
E 19 5
E 6 7
E 6 17
E 8 15
E 8 17
E 10 9
E 11 9
E 9 12
E 12 16
E 12 17
E 17 18
G 807976605.json 23 25
V 591.015342 96.483491 123.606137 62.355140
V 692.818411 96.483491 40.000000 40.000000
V 1443.655622 101.155997 134.214182 67.322328
V 1550.762713 101.155997 40.000000 40.000000
V 1175.885516 101.155997 98.921937 80.516406
V 1300.947508 101.155997 111.202046 80.000000
V 1908.767828 106.796565 111.202046 80.000000
V 925.222503 101.155997 122.404091 68.035032
V 1056.424548 101.155997 100.000000 70.956737
V 1777.565782 106.796565 111.202046 73.843408
V 112.000000 105.618346 98.166989 62.355140
V 489.212274 45.661164 40.000000 40.000000
V 2301.542777 50.214885 123.212274 55.500000
V 2539.957097 50.214885 28.000000 28.000000
V 2444.553005 50.214885 122.808183 51.250000
V 243.803068 45.661164 123.606137 67.322328
V 2167.753768 50.214885 104.365743 49.250000
V 2039.969874 50.214885 111.202046 67.322328
V 387.409205 45.661164 123.606137 51.250000
V 27.000000 105.618346 30.000000 30.000000
V 788.419434 89.816825 111.202046 79.644655
V 1646.363736 94.489330 111.202046 80.516406
V 112.000000 34.440776 100.000000 40.000000
E 0 1
E 11 0
E 1 7
E 1 20
E 2 3
E 5 2
E 3 9
E 3 21
E 4 5
E 8 4
E 9 6
E 6 17
E 7 8
E 20 7
E 21 9
E 10 15
E 19 10
E 11 17
E 18 11
E 12 14
E 16 12
E 14 13
E 15 18
E 22 15
E 17 16
G 809091267.json 19 20
V 27.000000 2217.420607 30.000000 30.000000
V 1559.532438 2291.420607 30.000000 30.000000
V 1614.532438 2291.420607 40.000000 40.000000
V 2290.031945 2488.903938 100.000000 80.000000
V 2380.031945 2488.903938 40.000000 40.000000
V 2470.031945 2482.237271 100.000000 80.000000
V 2781.880945 2475.570605 100.000000 80.000000
V 2781.880945 2575.570605 100.000000 80.000000
V 733.266219 2217.420607 1342.532438 4410.841214
V 2687.931278 2482.237271 40.000000 40.000000
V 2901.880945 2475.570605 100.000000 80.000000
V 2024.865443 2284.753940 40.000000 40.000000
V 2254.031945 2291.420607 28.000000 28.000000
V 1474.532438 2217.420607 100.000000 80.000000
V 2290.031945 2217.420607 100.000000 80.000000
V 1937.282191 2488.903938 565.499507 328.299995
V 2985.880945 2475.570605 28.000000 28.000000
V 2590.031945 2495.570605 100.000000 80.000000
V 2685.956445 2548.185771 51.849000 51.897000
E 0 8
E 1 2
E 13 1
E 2 11
E 2 15
E 3 4
E 15 3
E 4 5
E 4 17
E 5 17
E 9 6
E 6 10
E 9 7
E 8 13
E 17 9
E 10 16
E 11 12
E 11 14
E 14 13
U 17 18
G 815284502.json 29 32
V 1522.000000 80.500000 100.000000 80.000000
V 937.000000 63.833333 30.000000 30.000000
V 1427.000000 38.000000 30.000000 30.000000
V 1307.000000 188.000000 30.000000 30.000000
V 1392.000000 188.000000 100.000000 80.000000
V 1486.000000 188.000000 28.000000 28.000000
V 1252.000000 107.166667 40.000000 40.000000
V 1307.000000 100.500000 30.000000 30.000000
V 1392.000000 100.500000 100.000000 55.000000
V 1042.000000 63.833333 30.000000 30.000000
V 1162.000000 63.833333 100.000000 80.000000
V 27.000000 179.416667 30.000000 30.000000
V 112.000000 179.416667 100.000000 80.000000
V 210.000000 166.083333 56.000000 24.000000
V 692.000000 199.666667 30.000000 30.000000
V 807.000000 199.666667 100.000000 80.000000
V 914.500000 171.250000 75.000000 63.500000
V 507.000000 204.666667 30.000000 30.000000
V 592.000000 204.666667 100.000000 70.500009
V 232.000000 250.583333 100.000000 80.000000
V 134.000000 263.916667 56.000000 49.000000
V 352.000000 250.583333 100.000000 80.000000
V 466.000000 263.916667 88.000000 48.500000
V 472.000000 121.083329 100.000000 80.000000
V 592.000000 134.416662 30.000000 30.000000
V 699.500000 108.416662 75.000000 48.500000
V 1042.000000 193.000000 100.000000 80.000000
V 1162.000000 193.000000 100.000000 80.000000
V 1252.000000 193.000000 28.000000 28.000000
E 0 1
E 2 0
E 8 0
E 1 6
E 1 9
E 3 4
E 6 3
E 28 3
E 4 5
E 6 7
E 10 6
E 7 8
E 9 10
E 11 12
E 12 13
E 12 19
E 14 15
E 18 14
E 24 14
E 15 16
E 15 26
E 16 26
E 17 18
E 20 19
E 19 21
E 21 22
E 21 23
E 23 24
E 23 25
E 25 26
E 26 27
E 27 28
G 821368239.json 31 37
V 27.000000 52.000000 30.000000 30.000000
V 202.000000 52.000000 40.000000 40.000000
V 112.000000 52.000000 100.000000 80.000000
V 477.000000 45.333333 30.000000 30.000000
V 257.000000 106.333333 30.000000 30.000000
V 1205.000000 81.333333 30.000000 30.000000
V 1254.000000 81.333333 28.000000 28.000000
V 1534.000000 47.000000 28.000000 28.000000
V 1155.000000 40.333333 30.000000 30.000000
V 1425.000000 40.333333 30.000000 30.000000
V 1480.000000 47.000000 40.000000 40.000000
V 757.000000 141.333333 30.000000 30.000000
V 812.000000 141.333333 40.000000 40.000000
V 866.000000 134.666667 28.000000 28.000000
V 537.000000 172.333333 30.000000 30.000000
V 1070.000000 166.333333 28.000000 28.000000
V 586.000000 172.333333 28.000000 28.000000
V 477.000000 151.333333 30.000000 30.000000
V 950.000000 166.333333 100.000000 80.000000
V 307.000000 101.333333 30.000000 30.000000
V 392.000000 101.333333 100.000000 80.000000
V 477.000000 101.333333 30.000000 30.000000
V 537.000000 91.333333 30.000000 30.000000
V 622.000000 91.333333 100.000000 80.000000
V 1070.000000 91.333333 100.000000 80.000000
V 1155.000000 91.333333 30.000000 30.000000
V 707.000000 91.333333 30.000000 30.000000
V 938.333333 91.333333 30.000000 30.000000
V 1205.000000 161.333333 30.000000 30.000000
V 1290.000000 161.333333 100.000000 80.000000
V 1375.000000 161.333333 30.000000 30.000000
E 0 2
E 2 1
E 1 3
E 1 4
E 3 8
E 3 22
E 4 10
E 4 19
E 5 6
E 8 5
E 25 5
E 10 7
E 8 9
E 9 10
E 30 9
E 11 12
E 17 11
E 26 11
E 12 13
E 12 18
E 13 27
E 14 16
E 17 14
E 21 14
E 18 15
E 15 28
E 19 20
E 20 21
E 21 22
E 22 23
E 23 26
E 24 25
E 27 24
E 25 28
E 26 27
E 28 29
E 29 30
G 822599874.json 19 21
V 27.000000 195.585667 30.000000 30.000000
V 112.000000 195.585667 100.000000 80.000000
V 217.916667 208.919000 40.000000 40.000000
V 315.875000 215.585667 100.000000 80.000000
V 315.875000 107.639667 100.000000 80.000000
V 421.791667 120.973000 40.000000 40.000000
V 519.750000 127.639667 100.000000 80.000000
V 639.750000 52.000000 100.000000 80.000000
V 729.750000 222.252333 40.000000 40.000000
V 879.750000 228.919000 100.000000 80.000000
V 789.750000 222.252333 40.000000 40.000000
V 879.750000 128.919000 100.000000 80.000000
V 999.750000 215.585667 100.000000 80.000000
V 1101.687500 165.946000 63.875000 57.946000
V 1083.750000 228.919000 28.000000 28.000000
V 213.937500 139.946000 63.875000 57.946000
V 417.812500 52.000000 63.875000 57.946000
V 621.687500 140.973000 63.875000 57.946000
V 417.812500 189.946000 63.875000 57.946000
E 0 1
E 1 2
U 1 15
E 2 3
E 2 4
E 3 8
U 3 18
E 4 5
U 4 16
E 5 6
E 5 7
E 6 7
U 6 17
E 7 8
E 8 10
E 10 9
E 9 12
E 10 11
E 11 12
U 12 13
E 12 14
G 8230345.json 17 16
V 703.375000 95.666667 100.000000 80.000000
V 62.000000 213.833333 100.000000 80.000000
V 147.000000 213.833333 30.000000 30.000000
V 62.000000 113.833333 100.000000 80.000000
V 147.000000 113.833333 30.000000 30.000000
V 202.000000 207.166667 40.000000 40.000000
V 836.218750 43.500000 125.687500 63.000000
V 570.531250 82.333333 125.687500 63.000000
V 290.562500 200.500000 40.000000 40.000000
V 437.687500 187.166667 100.000000 80.000000
V 207.000000 152.166667 30.000000 30.000000
V 836.218750 109.000000 28.000000 28.000000
V 304.843750 134.500000 125.687500 52.000000
V 570.531250 173.833333 100.000000 80.000000
V 443.687500 101.166667 88.000000 52.000000
V 697.375000 187.166667 88.000000 52.000000
V 985.062500 109.000000 132.000000 51.000000
E 0 6
E 7 0
E 0 11
E 13 0
E 1 2
E 2 5
E 3 4
E 4 5
E 5 8
E 8 9
E 10 8
E 12 9
E 9 13
U 11 16
E 14 13
E 13 15
G 846039425.json 16 18
V 652.000000 52.000000 100.000000 80.000000
V 862.000000 58.666667 40.000000 40.000000
V 952.000000 58.666667 100.000000 80.000000
V 27.000000 65.333333 30.000000 30.000000
V 112.000000 65.333333 100.000000 80.000000
V 292.000000 58.666667 100.000000 80.000000
V 202.000000 65.333333 40.000000 40.000000
V 1216.000000 65.333333 28.000000 28.000000
V 412.000000 275.333333 100.000000 80.000000
V 1162.000000 65.333333 40.000000 40.000000
V 1072.000000 58.666667 100.000000 80.000000
V 422.000000 58.666667 40.000000 40.000000
V 532.000000 145.333333 100.000000 80.000000
V 662.000000 132.000000 40.000000 40.000000
V 772.000000 225.333333 100.000000 80.000000
V 772.000000 125.333333 100.000000 80.000000
E 0 1
E 11 0
E 1 2
E 15 1
E 2 10
E 3 4
E 4 6
E 6 5
E 5 11
E 6 8
E 9 7
E 8 9
E 10 9
E 11 12
E 12 13
E 14 12
E 13 14
E 13 15
G 849864629.json 19 19
V 282.000000 138.666667 100.000000 80.000000
V 402.000000 152.000000 100.000000 80.000000
V 882.000000 152.000000 100.000000 80.000000
V 197.000000 138.666667 30.000000 30.000000
V 1257.000000 115.333333 30.000000 30.000000
V 1432.000000 158.666667 40.000000 40.000000
V 1486.000000 158.666667 28.000000 28.000000
V 1342.000000 115.333333 100.000000 80.000000
V 112.000000 138.666667 100.000000 80.000000
V 967.000000 128.666667 30.000000 30.000000
V 1172.000000 115.333333 100.000000 80.000000
V 27.000000 138.666667 30.000000 30.000000
V 967.000000 78.666667 30.000000 30.000000
V 522.000000 52.000000 100.000000 80.000000
V 402.000000 52.000000 30.000000 30.000000
V 1052.000000 115.333333 100.000000 80.000000
V 522.000000 152.000000 100.000000 80.000000
V 642.000000 152.000000 100.000000 80.000000
V 762.000000 152.000000 100.000000 80.000000
E 0 1
E 3 0
E 0 14
E 1 16
E 2 5
E 2 12
E 18 2
E 8 3
E 4 7
E 10 4
E 5 6
E 7 5
E 11 8
E 9 15
E 15 10
E 12 15
E 14 13
E 16 17
E 17 18
G 865501821.json 18 18
V 27.000000 99.812756 30.000000 30.000000
V 112.000000 99.812756 100.000000 80.000000
V 232.000000 99.812756 100.000000 80.000000
V 317.000000 99.812756 30.000000 30.000000
V 402.000000 99.812756 100.000000 80.000000
V 1373.528615 99.812756 100.000000 80.000000
V 1493.528615 99.812756 100.000000 80.000000
V 1613.528615 99.812756 100.000000 80.000000
V 1703.528615 99.812756 40.000000 40.000000
V 1793.528615 193.146089 100.000000 80.000000
V 1793.528615 93.146089 100.000000 80.000000
V 1883.528615 99.812756 40.000000 40.000000
V 1938.528615 99.812756 30.000000 30.000000
V 537.000000 99.812756 30.000000 30.000000
V 487.000000 99.812756 30.000000 30.000000
V 742.000000 99.812756 100.000000 80.000000
V 1057.764308 99.812756 491.528615 175.625512
V 622.000000 99.812756 100.000000 80.000000
E 0 1
E 1 2
E 2 3
E 3 4
E 4 14
E 5 6
E 16 5
E 6 7
E 7 8
E 8 9
E 8 10
E 9 11
E 10 11
E 11 12
E 14 13
E 13 17
E 15 16
E 17 15
G 869117038.json 17 19
V 232.221147 87.000000 40.000000 40.000000
V 377.996775 87.000000 40.000000 40.000000
V 366.663442 323.250000 108.000000 64.000000
V 517.996775 323.250000 40.000000 40.000000
V 546.663442 263.250000 40.000000 40.000000
V 680.663442 280.583333 148.000000 64.000000
V 665.663442 196.083333 88.000000 65.000000
V 788.663442 280.583333 28.000000 28.000000
V 122.000000 180.333333 100.000000 80.000000
V 503.663442 80.333333 126.000000 79.000000
V 620.663442 80.333333 28.000000 28.000000
V 503.663442 179.833333 100.000000 80.000000
V 832.663442 38.000000 116.000000 52.000000
V 242.331721 323.250000 100.663442 56.000000
V 157.000000 323.250000 30.000000 30.000000
V 32.000000 80.333333 40.000000 40.000000
V 122.000000 80.333333 100.000000 80.000000
E 0 1
E 8 0
E 16 0
E 1 9
E 1 11
E 2 3
E 13 2
E 3 5
E 3 6
E 4 5
E 4 6
E 5 7
E 11 6
E 6 12
E 15 8
E 9 10
E 12 15
E 14 13
E 15 16
G 873614780.json 17 18
V 112.000000 257.000000 100.000000 80.000000
V 27.000000 257.000000 30.000000 30.000000
V 302.000000 324.333333 100.000000 80.000000
V 302.000000 176.333333 100.000000 80.000000
V 202.000000 257.000000 40.000000 40.000000
V 266.000000 250.333333 28.000000 28.000000
V 412.000000 183.000000 40.000000 40.000000
V 542.000000 138.666667 100.000000 80.000000
V 202.000000 68.666667 40.000000 40.000000
V 302.000000 58.666667 100.000000 80.000000
V 842.000000 58.666667 100.000000 80.000000
V 422.000000 58.666667 100.000000 80.000000
V 662.000000 152.000000 100.000000 80.000000
V 552.000000 58.666667 40.000000 40.000000
V 752.000000 58.666667 40.000000 40.000000
V 926.000000 58.666667 28.000000 28.000000
V 662.000000 52.000000 100.000000 80.000000
E 1 0
E 0 4
E 4 2
E 2 6
E 3 6
E 8 3
E 4 5
E 6 7
E 7 8
E 8 9
E 9 11
E 14 10
E 10 15
E 11 13
E 13 12
E 12 14
E 13 16
E 16 14
G 88061095.json 37 40
V 907.306501 521.305334 130.613002 80.000000
V 1069.592003 521.305334 40.000000 40.000000
V 1208.993671 331.305334 100.000000 80.000000
V 1203.891504 531.305334 130.613002 80.000000
V 1203.891504 431.305334 100.000000 80.000000
V 1329.198005 437.972001 40.000000 40.000000
V 1459.198005 437.972001 100.000000 80.000000
V 1569.198005 431.305334 40.000000 40.000000
V 1699.198005 431.305334 100.000000 80.000000
V 1254.198005 242.972001 30.000000 30.000000
V 1339.198005 242.972001 100.000000 80.000000
V 1819.198005 431.305334 100.000000 80.000000
V 1903.198005 431.305334 28.000000 28.000000
V 1664.198005 242.972001 30.000000 30.000000
V 27.000000 414.638668 30.000000 30.000000
V 112.000000 414.638668 100.000000 80.000000
V 256.000000 347.305334 28.000000 28.000000
V 202.000000 414.638668 40.000000 40.000000
V 1050.599003 167.972001 100.000000 80.000000
V 1203.891504 167.972001 100.000000 80.000000
V 1304.198005 544.638668 30.000000 30.000000
V 652.000000 507.972001 100.000000 80.000000
V 772.000000 507.972001 100.000000 80.000000
V 1050.599003 59.986001 115.972001 95.972001
V 1203.891504 59.986000 100.000000 80.000000
V 1304.198005 317.972001 30.000000 30.000000
V 922.408668 161.305334 40.000000 40.000000
V 1329.198005 161.305334 40.000000 40.000000
V 1459.198005 229.638668 100.000000 80.000000
V 1579.198005 229.638668 100.000000 80.000000
V 1663.198005 193.972001 28.000000 28.000000
V 472.000000 427.972001 100.000000 80.000000
V 567.000000 521.305334 30.000000 30.000000
V 562.000000 427.972001 40.000000 40.000000
V 292.000000 421.305334 100.000000 80.000000
V 382.000000 421.305334 40.000000 40.000000
V 652.000000 407.972001 100.000000 80.000000
E 0 1
E 22 0
E 1 2
E 1 3
E 1 4
E 2 7
E 2 25
E 3 5
E 3 20
E 4 5
E 5 6
E 6 7
E 7 8
E 8 11
E 9 10
E 10 28
E 11 12
E 29 13
E 14 15
E 15 17
E 17 16
E 17 34
E 18 19
E 26 18
E 19 27
E 21 22
E 32 21
E 33 21
E 22 26
E 23 24
E 26 23
E 24 27
E 27 28
E 28 29
E 29 30
E 31 33
E 35 31
E 33 36
E 34 35
E 36 35
G 888203688.json 20 19
V 27.000000 139.000000 30.000000 30.000000
V 121.500000 144.000000 119.000000 80.000000
V 251.000000 144.000000 100.000000 80.000000
V 461.500000 57.166667 28.000000 28.000000
V 461.500000 150.666667 161.000000 114.500000
V 112.000000 48.000000 100.000000 72.000000
V 341.000000 144.000000 40.000000 40.000000
V 612.000000 57.166667 100.000000 50.000000
V 665.000000 150.666667 206.000000 97.000000
V 838.000000 101.833333 100.000000 50.000000
V 848.000000 166.833333 40.000000 40.000000
V 1008.000000 54.666667 28.000000 28.000000
V 1178.000000 54.666667 100.000000 50.000000
V 1008.000000 173.500000 200.000000 97.000000
V 1178.000000 124.666667 100.000000 50.000000
V 1188.000000 189.666667 40.000000 40.000000
V 1262.000000 126.333333 28.000000 28.000000
V 1346.000000 126.333333 100.000000 50.000000
V 1262.000000 196.333333 28.000000 28.000000
V 1346.000000 196.333333 100.000000 50.000000
E 0 1
U 0 5
E 1 2
E 2 6
E 6 3
U 3 7
E 6 4
E 4 8
U 8 9
E 8 10
E 10 11
E 10 13
U 11 12
U 13 14
E 13 15
E 15 16
E 15 18
U 16 17
U 18 19
G 899272074.json 20 19
V 511.875000 197.919000 100.000000 80.000000
V 643.541667 211.252333 30.000000 30.000000
V 733.812500 127.279333 63.875000 57.946000
V 631.875000 151.252333 100.000000 50.000000
V 223.000000 184.585667 30.000000 30.000000
V 308.000000 184.585667 100.000000 80.000000
V 100.000000 184.585667 176.000000 58.000000
V 409.937500 133.946000 63.875000 57.946000
V 409.937500 197.919000 30.000000 30.000000
V 1161.875000 90.612667 100.000000 80.000000
V 1263.812500 103.946000 28.000000 28.000000
V 1413.750000 103.946000 196.000000 62.000000
V 751.875000 216.252333 100.000000 80.000000
V 871.875000 229.585667 100.000000 50.000000
V 883.541667 169.585667 30.000000 30.000000
V 973.812500 85.612667 63.875000 57.946000
V 1263.812500 40.973000 63.875000 57.946000
V 991.875000 174.585667 100.000000 80.000000
V 1076.875000 174.585667 30.000000 30.000000
V 1143.812500 179.585667 63.875000 57.946000
E 0 1
U 0 3
E 8 0
E 1 2
E 1 12
E 4 5
U 6 4
E 5 7
E 5 8
E 9 10
E 9 16
E 18 9
U 10 11
U 12 13
E 12 14
E 14 15
E 14 17
E 17 18
E 18 19
G 903207311.json 27 31
V 95.500000 160.000000 67.000000 55.000000
V 259.000000 166.666667 100.000000 80.000000
V 349.000000 166.666667 40.000000 40.000000
V 429.000000 133.333333 80.000000 60.000000
V 169.000000 160.000000 40.000000 40.000000
V 223.000000 92.666667 28.000000 28.000000
V 27.000000 160.000000 30.000000 30.000000
V 522.500000 164.166667 67.000000 55.000000
V 757.500000 170.833333 67.000000 55.000000
V 596.000000 164.166667 40.000000 40.000000
V 670.000000 103.333333 68.000000 55.000000
V 757.500000 103.333333 40.000000 40.000000
V 844.500000 160.833333 67.000000 60.000000
V 918.000000 160.833333 40.000000 40.000000
V 998.000000 167.500000 80.000000 55.000000
V 1566.000000 156.166667 28.000000 28.000000
V 998.000000 100.000000 60.500000 40.000000
V 1162.000000 160.833333 68.000000 55.000000
V 1336.500000 154.166667 67.000000 57.000000
V 1410.000000 154.166667 40.000000 40.000000
V 1491.000000 160.833333 80.000000 55.000000
V 1491.000000 72.000000 82.000000 58.000000
V 1078.000000 83.333333 40.000000 40.000000
V 1249.500000 32.000000 67.000000 40.000000
V 1245.000000 154.166667 40.000000 40.000000
V 1162.000000 93.333333 68.000000 40.000000
V 1078.000000 160.833333 40.000000 40.000000
E 0 4
E 6 0
E 1 2
E 4 1
E 2 3
E 2 7
E 3 7
E 4 5
E 7 9
E 9 8
E 8 12
E 9 10
E 10 11
E 11 12
E 12 13
E 13 14
E 13 16
E 14 26
E 20 15
E 23 15
E 16 26
E 17 24
E 26 17
E 18 19
E 24 18
E 19 20
E 19 21
E 21 22
E 22 23
E 22 25
E 25 24
G 905154864.json 39 40
V 622.184267 152.000000 125.768160 80.000000
V 495.300187 152.000000 62.001000 60.173000
V 1314.838007 397.612667 62.001000 60.173000
V 1516.839007 397.612667 62.001000 60.173000
V 1630.723587 397.612667 125.768160 78.827000
V 1733.607667 397.612667 40.000000 40.000000
V 2580.200407 404.279333 62.001000 60.173000
V 2479.199907 390.946000 100.000000 80.000000
V 2563.199907 340.192833 28.000000 28.000000
V 741.569097 152.000000 40.000000 40.000000
V 1123.837507 397.612667 40.000000 40.000000
V 837.069347 117.000000 100.000000 50.000000
V 1943.607667 404.279333 88.000000 97.000000
V 2239.199907 404.279333 100.000000 80.000000
V 2359.199907 390.946000 100.000000 80.000000
V 2668.701407 404.279333 75.001000 97.000000
V 2091.403787 295.779333 100.000000 80.000000
V 381.300187 152.000000 100.000000 80.000000
V 1213.837507 397.612667 100.000000 80.000000
V 1823.607667 404.279333 100.000000 80.000000
V 1943.607667 295.779333 100.000000 80.000000
V 736.068847 417.612667 62.001000 60.173000
V 837.069347 404.279333 100.000000 80.000000
V 995.453427 404.279333 176.768160 80.000000
V 27.000000 417.446000 30.000000 30.000000
V 246.650093 417.446000 129.300187 81.000000
V 363.237687 340.973000 63.875000 57.946000
V 495.300187 430.946000 62.001000 60.173000
V 495.300187 252.000000 88.000000 97.000000
V 381.300187 430.946000 75.001000 82.000000
V 617.889574 417.612667 100.000000 80.000000
V 112.000000 417.446000 100.000000 80.000000
V 381.300187 252.000000 100.000000 80.000000
V 1415.838507 397.612667 100.000000 80.000000
V 2091.403787 404.279333 155.592240 80.000000
V 995.453427 152.000000 100.000000 80.000000
V 112.000000 145.333333 100.000000 80.000000
V 261.533458 145.333333 40.000000 40.000000
V 381.300187 52.000000 100.000000 80.000000
U 1 0
E 0 9
U 17 1
U 18 2
U 2 33
U 3 4
U 33 3
E 4 5
E 5 19
E 5 20
U 7 6
U 6 15
E 7 8
E 14 7
U 9 11
E 9 22
E 9 35
E 10 18
E 23 10
E 35 10
E 19 12
E 12 34
E 13 14
E 34 13
E 16 14
E 20 16
E 37 17
U 21 22
U 30 21
E 22 23
E 24 31
U 25 26
E 25 29
E 31 25
U 29 27
U 27 30
E 28 30
E 32 28
E 36 37
E 37 38
G 908868599.json 16 15
V 232.000000 124.946000 100.000000 80.000000
V 352.000000 124.946000 100.000000 80.000000
V 437.000000 124.946000 30.000000 30.000000
V 907.924500 57.330833 51.849000 51.897000
V 522.000000 124.946000 100.000000 80.000000
V 692.000000 129.946000 100.000000 80.000000
V 607.000000 124.946000 30.000000 30.000000
V 673.937500 40.973000 63.875000 57.946000
V 932.000000 143.279333 100.000000 80.000000
V 1052.000000 143.279333 100.000000 80.000000
V 1172.000000 143.279333 100.000000 80.000000
V 1376.000000 143.279333 28.000000 28.000000
V 1292.000000 143.279333 100.000000 80.000000
V 812.000000 129.946000 100.000000 80.000000
V 27.000000 124.946000 30.000000 30.000000
V 112.000000 124.946000 100.000000 80.000000
E 0 1
E 15 0
E 1 2
E 2 4
U 13 3
E 4 6
E 6 5
E 5 13
U 6 7
E 8 9
E 13 8
E 9 10
E 10 12
E 12 11
E 14 15
G 916173722.json 26 30
V 27.000000 73.666667 30.000000 30.000000
V 112.000000 73.666667 100.000000 80.000000
V 474.333333 146.333333 30.000000 30.000000
V 756.000000 146.333333 40.000000 40.000000
V 821.000000 57.000000 30.000000 30.000000
V 821.000000 158.000000 30.000000 30.000000
V 870.000000 158.000000 28.000000 28.000000
V 906.000000 57.000000 100.000000 80.000000
V 1041.000000 52.000000 30.000000 30.000000
V 1123.500000 52.000000 95.000000 80.000000
V 1205.000000 38.666667 28.000000 28.000000
V 197.000000 73.666667 30.000000 30.000000
V 991.000000 57.000000 30.000000 30.000000
V 247.000000 68.666667 30.000000 30.000000
V 324.000000 68.666667 84.000000 55.000000
V 486.000000 63.666667 100.000000 80.000000
V 576.000000 63.666667 40.000000 40.000000
V 666.000000 57.000000 100.000000 80.000000
V 666.000000 200.333333 100.000000 80.000000
V 756.000000 200.333333 28.000000 28.000000
V 1041.000000 127.000000 30.000000 30.000000
V 1123.500000 127.000000 30.000000 30.000000
V 1241.000000 113.666667 100.000000 80.000000
V 1325.000000 113.666667 28.000000 28.000000
V 401.000000 68.666667 30.000000 30.000000
V 757.666667 57.000000 30.000000 30.000000
E 0 1
E 1 11
E 2 3
E 11 2
E 24 2
E 3 4
E 3 5
E 4 7
E 25 4
E 5 6
E 19 5
E 7 12
E 8 9
E 12 8
E 9 10
E 9 22
E 11 13
E 12 20
E 13 14
E 14 24
E 15 16
E 24 15
E 16 17
E 16 18
E 17 25
E 18 19
E 20 21
E 25 20
E 21 22
E 22 23
G 921425403.json 26 27
V 197.000000 237.121463 30.000000 30.000000
V 282.000000 237.121463 100.000000 80.000000
V 372.000000 237.121463 40.000000 40.000000
V 462.000000 243.788130 100.000000 80.000000
V 462.000000 143.788130 100.000000 80.000000
V 552.000000 237.121463 40.000000 40.000000
V 642.000000 237.121463 100.000000 80.000000
V 732.000000 237.121463 40.000000 40.000000
V 822.000000 243.788130 100.000000 80.000000
V 822.000000 143.788130 100.000000 80.000000
V 912.000000 237.121463 40.000000 40.000000
V 1002.000000 237.121463 100.000000 80.000000
V 27.000000 237.121463 30.000000 30.000000
V 112.000000 237.121463 100.000000 80.000000
V 1087.000000 237.121463 30.000000 30.000000
V 1172.000000 237.121463 100.000000 80.000000
V 1340.126715 237.121463 40.000000 40.000000
V 1488.253429 143.788130 100.000000 80.000000
V 1497.785108 243.788130 100.000000 80.000000
V 1646.380144 243.788130 100.000000 80.000000
V 1777.274209 243.788130 121.788130 80.000000
V 1872.168274 243.788130 28.000000 28.000000
V 1646.380144 130.454797 100.000000 80.000000
V 1320.595036 130.454797 157.190072 57.788130
V 1730.380144 130.454797 28.000000 28.000000
V 1497.785108 47.894065 157.190072 71.788130
E 0 1
E 13 0
E 1 2
E 2 3
E 2 4
E 3 5
E 4 5
E 5 6
E 6 7
E 7 8
E 7 9
E 8 10
E 9 10
E 10 11
E 11 14
E 12 13
E 14 15
E 15 16
E 16 17
E 16 18
E 17 22
U 23 17
E 18 19
E 19 20
E 20 21
E 22 24
U 25 22
G 928268826.json 32 38
V 27.000000 319.666667 30.000000 30.000000
V 112.000000 319.666667 100.000000 80.000000
V 932.000000 296.333333 100.000000 80.000000
V 1052.000000 296.333333 100.000000 80.000000
V 1172.000000 296.333333 100.000000 80.000000
V 1386.000000 134.666667 28.000000 28.000000
V 1302.000000 134.666667 100.000000 80.000000
V 1207.000000 371.333333 30.000000 30.000000
V 1436.000000 324.666667 28.000000 28.000000
V 1302.000000 329.666667 100.000000 80.000000
V 1387.000000 329.666667 30.000000 30.000000
V 1387.000000 379.666667 30.000000 30.000000
V 426.000000 64.666667 28.000000 28.000000
V 377.000000 69.666667 30.000000 30.000000
V 1437.000000 374.666667 30.000000 30.000000
V 142.000000 63.000000 40.000000 40.000000
V 232.000000 114.000000 100.000000 80.000000
V 322.000000 69.666667 40.000000 40.000000
V 1522.000000 52.000000 100.000000 80.000000
V 377.000000 119.666667 30.000000 30.000000
V 572.000000 208.000000 100.000000 80.000000
V 482.000000 114.666667 40.000000 40.000000
V 572.000000 108.000000 100.000000 80.000000
V 682.000000 188.000000 40.000000 40.000000
V 776.000000 188.000000 28.000000 28.000000
V 427.000000 114.666667 30.000000 30.000000
V 607.000000 283.000000 30.000000 30.000000
V 812.000000 269.666667 100.000000 80.000000
V 1052.000000 108.000000 100.000000 80.000000
V 1136.000000 94.666667 28.000000 28.000000
V 692.000000 269.666667 100.000000 80.000000
V 932.000000 108.000000 100.000000 80.000000
E 0 1
E 1 2
E 1 9
E 16 1
E 2 3
E 27 2
E 3 4
E 4 6
E 4 9
E 6 5
E 28 6
E 7 9
E 10 8
E 9 10
E 10 14
E 11 14
E 13 12
E 17 13
E 13 25
E 14 18
E 15 16
E 15 17
E 18 15
E 16 17
E 19 25
E 21 20
E 20 23
E 20 30
E 21 22
E 25 21
E 22 23
E 22 31
E 23 24
E 26 30
E 30 27
E 27 31
E 28 29
E 31 28
G 942937745.json 30 37
V 187.000000 399.666667 30.000000 30.000000
V 242.000000 399.666667 40.000000 40.000000
V 325.500000 406.333333 87.000000 62.000000
V 493.000000 399.666667 30.000000 30.000000
V 325.500000 331.833333 86.000000 47.000000
V 417.000000 399.666667 40.000000 40.000000
V 27.000000 388.000000 30.000000 30.000000
V 82.000000 388.000000 40.000000 40.000000
V 137.000000 394.666667 30.000000 30.000000
V 137.000000 281.333333 30.000000 30.000000
V 580.333333 394.666667 30.000000 30.000000
V 1186.000000 388.000000 40.000000 40.000000
V 1276.000000 388.000000 100.000000 80.000000
V 1131.000000 281.333333 30.000000 30.000000
V 1360.000000 388.000000 28.000000 28.000000
V 187.000000 235.666667 30.000000 30.000000
V 242.000000 235.666667 40.000000 40.000000
V 325.500000 242.333333 81.000000 62.000000
V 701.000000 37.500000 70.000000 51.000000
V 421.000000 242.333333 64.000000 52.000000
V 493.000000 242.333333 40.000000 40.000000
V 591.500000 182.833333 97.000000 58.000000
V 807.000000 77.500000 90.000000 58.000000
V 701.000000 252.333333 71.000000 48.000000
V 1026.000000 114.500000 40.000000 40.000000
V 701.000000 182.833333 82.000000 51.000000
V 815.333333 182.833333 40.000000 40.000000
V 924.000000 189.500000 104.000000 58.000000
V 924.000000 114.500000 90.000000 52.000000
V 1081.000000 114.500000 30.000000 30.000000
E 0 1
E 8 0
E 1 2
E 1 4
E 2 5
E 5 3
E 3 10
E 4 5
E 6 7
E 7 8
E 7 9
E 8 10
E 9 13
E 9 15
E 10 11
E 11 12
E 13 11
E 12 14
E 29 13
E 15 16
E 16 17
E 16 18
E 17 19
E 18 24
E 19 20
E 20 21
E 20 22
E 20 23
E 21 25
E 22 24
E 23 24
E 27 24
E 28 24
E 24 29
E 25 26
E 26 27
E 26 28
G 945092631.json 23 27
V 448.655500 55.311500 62.001000 60.173000
V 27.000000 217.627334 30.000000 30.000000
V 775.572667 257.627334 40.000000 40.000000
V 873.531000 264.294000 100.000000 80.000000
V 549.656000 230.960667 100.000000 80.000000
V 973.967667 184.294000 40.000000 40.000000
V 669.656000 244.294000 100.000000 80.000000
V 337.655000 68.644834 100.000000 80.000000
V 112.436667 217.627334 40.000000 40.000000
V 444.988667 230.960667 40.000000 40.000000
V 217.655000 68.644834 100.000000 80.000000
V 104.827500 55.311501 85.655000 86.623001
V 873.531000 164.294000 100.000000 80.000000
V 770.656500 187.540834 62.001000 60.173000
V 979.186000 105.044000 71.310001 78.500000
V 1066.778501 91.960667 63.875000 57.946000
V 337.655000 224.294000 100.000000 80.000000
V 771.593500 108.481334 63.875000 57.946000
V 1084.841001 184.294000 100.000000 80.000000
V 1168.841001 184.294000 28.000000 28.000000
V 979.186000 277.627334 71.310001 78.500000
V 1066.778501 290.710667 63.875000 57.946000
V 664.874334 108.481334 71.310001 78.500000
U 7 0
E 1 8
E 2 3
E 6 2
E 2 12
E 3 5
E 3 20
E 4 6
E 9 4
E 4 22
E 12 5
E 5 18
U 6 13
E 7 9
E 10 7
E 8 10
E 8 16
E 16 9
E 11 10
E 12 14
U 14 15
E 14 18
E 16 22
U 22 17
E 18 19
E 20 18
U 20 21
G 945523551.json 39 43
V 27.000000 315.666667 30.000000 30.000000
V 112.000000 315.666667 100.000000 80.000000
V 257.000000 322.333333 30.000000 30.000000
V 342.000000 248.333333 100.000000 80.000000
V 432.000000 248.333333 40.000000 40.000000
V 522.000000 155.000000 100.000000 80.000000
V 522.000000 255.000000 100.000000 80.000000
V 612.000000 268.333333 40.000000 40.000000
V 702.000000 275.000000 30.000000 30.000000
V 787.000000 226.000000 30.000000 30.000000
V 872.000000 226.000000 100.000000 80.000000
V 992.000000 239.333333 100.000000 80.000000
V 1122.000000 239.333333 40.000000 40.000000
V 1197.000000 246.000000 30.000000 30.000000
V 1270.333333 146.000000 30.000000 30.000000
V 1282.000000 246.000000 100.000000 80.000000
V 1402.000000 146.000000 100.000000 80.000000
V 1402.000000 246.000000 100.000000 80.000000
V 1492.000000 146.000000 40.000000 40.000000
V 1582.000000 152.666667 100.000000 80.000000
V 1666.000000 166.000000 28.000000 28.000000
V 306.000000 322.333333 28.000000 28.000000
V 786.000000 275.000000 28.000000 28.000000
V 202.000000 315.666667 40.000000 40.000000
V 1486.000000 246.000000 28.000000 28.000000
V 1546.000000 78.666667 28.000000 28.000000
V 257.000000 243.333333 30.000000 30.000000
V 342.000000 55.333333 100.000000 80.000000
V 702.000000 60.333333 100.000000 80.000000
V 610.333333 60.333333 30.000000 30.000000
V 980.333333 52.000000 30.000000 30.000000
V 1112.000000 52.000000 100.000000 80.000000
V 1197.000000 52.000000 30.000000 30.000000
V 1292.000000 47.000000 40.000000 40.000000
V 1667.000000 58.666667 30.000000 30.000000
V 1752.000000 58.666667 100.000000 80.000000
V 1836.000000 58.666667 28.000000 28.000000
V 1366.000000 29.666667 28.000000 28.000000
V 257.000000 42.000000 30.000000 30.000000
E 0 1
E 1 23
E 2 21
E 23 2
E 3 4
E 26 3
E 4 5
E 4 6
E 6 7
E 6 29
E 7 8
E 7 9
E 8 22
E 9 10
E 28 9
E 10 11
E 10 30
E 11 12
E 12 13
E 12 14
E 13 15
E 14 16
E 32 14
E 15 17
E 16 18
E 17 24
E 18 19
E 18 25
E 19 20
E 19 34
E 23 26
E 26 27
E 27 29
E 38 27
E 29 28
E 28 30
E 30 31
E 31 32
E 32 33
E 33 34
E 33 37
E 34 35
E 35 36
G 945649030.json 15 17
V 232.000000 208.000000 100.000000 80.000000
V 522.000000 203.000000 100.000000 80.000000
V 317.000000 203.000000 30.000000 30.000000
V 417.000000 203.000000 40.000000 40.000000
V 642.000000 253.000000 100.000000 80.000000
V 522.000000 103.000000 100.000000 80.000000
V 147.000000 208.000000 30.000000 30.000000
V 630.333333 57.000000 30.000000 30.000000
V 762.000000 57.000000 100.000000 80.000000
V 854.000000 43.666667 44.000000 38.000000
V 946.000000 63.666667 100.000000 80.000000
V 232.000000 65.333333 100.000000 80.000000
V 402.000000 52.000000 100.000000 80.000000
V 112.000000 65.333333 100.000000 80.000000
V 27.000000 65.333333 30.000000 30.000000
E 0 2
E 6 0
E 3 1
E 1 7
E 2 3
E 11 2
E 3 4
E 3 5
E 4 10
E 7 8
E 12 7
E 8 9
E 8 10
E 9 10
E 11 12
E 13 11
E 14 13
G 946004421.json 24 28
V 475.875000 209.562200 100.000000 80.000000
V 583.781250 209.562200 40.000000 40.000000
V 809.750000 219.562200 100.000000 80.000000
V 1923.750000 171.228867 28.000000 28.000000
V 355.875000 209.562200 100.000000 80.000000
V 175.875000 209.562200 100.000000 80.000000
V 60.875000 222.895533 30.000000 30.000000
V 1209.750000 164.562200 40.000000 40.000000
V 1269.750000 164.562200 40.000000 40.000000
V 1324.750000 96.228867 30.000000 30.000000
V 577.812500 118.562200 63.875000 57.946000
V 929.750000 38.562200 100.000000 40.000000
V 1599.750000 171.228867 100.000000 80.000000
V 809.750000 105.228867 100.000000 80.000000
V 689.750000 118.562200 100.000000 80.000000
V 929.750000 118.562200 100.000000 80.000000
V 1019.750000 118.562200 40.000000 40.000000
V 1109.750000 75.228867 100.000000 80.000000
V 1479.750000 171.228867 100.000000 80.000000
V 43.937500 72.794600 63.875000 57.946000
V 190.875000 34.500000 190.000000 45.000000
V 1359.750000 171.228867 100.000000 80.000000
V 1719.750000 171.228867 100.000000 80.000000
V 1839.750000 171.228867 100.000000 80.000000
E 0 1
E 4 0
E 1 2
E 1 7
E 1 14
E 2 7
E 23 3
E 5 4
E 6 5
U 19 5
E 7 8
E 16 7
E 17 7
E 8 9
E 8 21
U 10 14
U 13 11
E 18 12
E 12 22
E 14 13
E 13 15
U 19 13
U 19 14
E 15 16
E 16 17
E 21 18
U 19 20
E 22 23
G 947880430.json 24 23
V 62.000000 89.333333 100.000000 80.000000
V 182.000000 89.333333 100.000000 80.000000
V 322.000000 578.666667 100.000000 80.000000
V 442.000000 765.333333 100.000000 80.000000
V 442.000000 565.333333 100.000000 80.000000
V 562.000000 752.000000 100.000000 80.000000
V 562.000000 852.000000 100.000000 80.000000
V 562.000000 552.000000 100.000000 80.000000
V 562.000000 652.000000 100.000000 80.000000
V 322.000000 965.333333 100.000000 80.000000
V 442.000000 952.000000 100.000000 80.000000
V 442.000000 1065.333333 100.000000 80.000000
V 562.000000 952.000000 100.000000 80.000000
V 562.000000 1152.000000 100.000000 80.000000
V 562.000000 1052.000000 100.000000 80.000000
V 322.000000 65.333333 100.000000 80.000000
V 442.000000 152.000000 100.000000 80.000000
V 442.000000 52.000000 100.000000 80.000000
V 322.000000 265.333333 100.000000 80.000000
V 442.000000 365.333333 100.000000 80.000000
V 442.000000 252.000000 100.000000 80.000000
V 562.000000 352.000000 100.000000 80.000000
V 562.000000 452.000000 100.000000 80.000000
V 562.000000 252.000000 100.000000 80.000000
E 0 1
E 1 2
E 1 9
E 1 15
E 1 18
E 2 3
E 2 4
E 3 5
E 3 6
E 4 7
E 4 8
E 9 10
E 9 11
E 10 12
E 11 13
E 11 14
E 15 16
E 15 17
E 18 19
E 18 20
E 19 21
E 19 22
E 20 23
G 954583680.json 18 17
V 182.000000 145.333333 100.000000 80.000000
V 272.000000 145.333333 40.000000 40.000000
V 362.000000 52.000000 100.000000 80.000000
V 362.000000 152.000000 100.000000 80.000000
V 482.000000 152.000000 100.000000 80.000000
V 602.000000 152.000000 100.000000 80.000000
V 1142.000000 158.666667 100.000000 80.000000
V 1382.000000 158.666667 100.000000 80.000000
V 902.000000 58.666667 100.000000 80.000000
V 1502.000000 158.666667 100.000000 80.000000
V 1622.000000 158.666667 100.000000 80.000000
V 62.000000 132.000000 100.000000 80.000000
V 722.000000 152.000000 100.000000 80.000000
V 812.000000 152.000000 40.000000 40.000000
V 902.000000 158.666667 100.000000 80.000000
V 1022.000000 158.666667 100.000000 80.000000
V 1262.000000 158.666667 100.000000 80.000000
V 163.000500 55.246833 62.001000 60.173000
E 0 1
E 11 0
E 1 2
E 1 3
E 3 4
E 4 5
E 5 12
E 15 6
E 6 16
E 7 9
E 16 7
E 13 8
E 9 10
U 11 17
E 12 13
E 13 14
E 14 15
G 955792959.json 16 20
V 27.000000 221.333333 30.000000 30.000000
V 82.000000 221.333333 40.000000 40.000000
V 1133.000000 221.333333 40.000000 40.000000
V 172.000000 178.000000 100.000000 80.000000
V 1187.000000 221.333333 28.000000 28.000000
V 803.000000 168.000000 100.000000 80.000000
V 983.000000 174.666667 100.000000 80.000000
V 893.000000 168.000000 40.000000 40.000000
V 1073.000000 168.000000 40.000000 40.000000
V 400.000000 148.000000 100.000000 80.000000
V 485.000000 148.000000 30.000000 30.000000
V 570.000000 148.000000 100.000000 80.000000
V 654.000000 144.000000 28.000000 28.000000
V 315.000000 148.000000 30.000000 30.000000
V 286.000000 64.500000 88.000000 97.000000
V 686.500000 61.000000 93.000000 98.000000
E 0 1
E 1 2
E 1 3
E 2 4
E 8 2
E 3 5
E 3 9
E 3 14
E 5 7
E 11 5
E 15 5
E 7 6
E 6 8
E 7 8
E 9 10
E 13 9
E 14 9
E 10 11
E 11 12
E 11 15
G 957446470.json 20 22
V 146.000000 239.333333 28.000000 28.000000
V 182.000000 165.333333 100.000000 80.000000
V 302.000000 152.000000 100.000000 80.000000
V 302.000000 252.000000 100.000000 80.000000
V 62.000000 52.000000 100.000000 80.000000
V 182.000000 65.333333 100.000000 80.000000
V 392.000000 265.333333 40.000000 40.000000
V 482.000000 272.000000 100.000000 80.000000
V 482.000000 172.000000 100.000000 80.000000
V 92.000000 232.666667 40.000000 40.000000
V 392.000000 152.000000 40.000000 40.000000
V 722.000000 272.000000 100.000000 80.000000
V 722.000000 172.000000 100.000000 80.000000
V 572.000000 265.333333 40.000000 40.000000
V 632.000000 265.333333 40.000000 40.000000
V 812.000000 265.333333 40.000000 40.000000
V 902.000000 265.333333 100.000000 80.000000
V 1022.000000 265.333333 100.000000 80.000000
V 1142.000000 265.333333 100.000000 80.000000
V 1226.000000 265.333333 28.000000 28.000000
E 9 0
E 1 2
E 9 1
E 5 2
E 2 10
E 3 6
E 3 10
E 4 5
E 4 10
E 6 7
E 6 8
E 7 13
E 8 13
E 14 11
E 11 15
E 14 12
E 12 15
E 13 14
E 15 16
E 16 17
E 17 18
E 18 19
G 96164751.json 25 27
V 467.000000 216.333333 30.000000 30.000000
V 552.000000 216.333333 100.000000 80.000000
V 642.000000 216.333333 40.000000 40.000000
V 822.000000 223.000000 70.000000 54.000000
V 717.000000 149.000000 70.000000 61.000000
V 822.000000 149.000000 100.000000 54.000000
V 927.000000 158.000000 70.000000 67.000000
V 1092.000000 216.333333 100.000000 80.000000
V 1002.000000 216.333333 40.000000 40.000000
V 906.000000 90.500000 28.000000 28.000000
V 1477.000000 148.000000 30.000000 30.000000
V 1562.000000 148.000000 100.000000 80.000000
V 1646.000000 148.000000 28.000000 28.000000
V 167.000000 27.000000 30.000000 30.000000
V 262.000000 95.000000 100.000000 80.000000
V 32.000000 193.000000 40.000000 40.000000
V 132.000000 103.000000 100.000000 80.000000
V 132.000000 203.000000 100.000000 80.000000
V 262.000000 216.333333 100.000000 80.000000
V 382.000000 216.333333 100.000000 80.000000
V 1212.000000 216.333333 100.000000 80.000000
V 1247.000000 141.333333 30.000000 30.000000
V 1302.000000 148.000000 40.000000 40.000000
V 1392.000000 148.000000 100.000000 80.000000
V 1296.000000 229.666667 28.000000 28.000000
E 0 1
E 19 0
E 1 2
E 2 3
E 2 4
E 3 8
E 4 5
E 5 6
E 5 9
E 6 8
E 8 7
E 7 20
E 10 11
E 23 10
E 11 12
E 13 14
E 14 15
E 16 14
E 17 14
E 15 16
E 15 17
E 17 18
E 18 19
E 20 22
E 20 24
E 21 22
E 22 23
G 970916773.json 16 20
V 27.000000 222.408334 30.000000 30.000000
V 1226.000000 66.616666 28.000000 28.000000
V 232.000000 222.408334 100.000000 80.000000
V 322.000000 222.408334 40.000000 40.000000
V 532.000000 185.741667 100.000000 80.000000
V 412.000000 229.075001 100.000000 80.000000
V 1123.350001 223.383334 62.700001 76.100001
V 622.000000 185.741667 40.000000 40.000000
V 832.000000 145.333333 100.000000 80.000000
V 712.000000 192.408334 100.000000 80.000000
V 922.000000 145.333333 40.000000 40.000000
V 1142.000000 125.333333 100.000000 80.000000
V 1012.000000 152.000000 100.000000 80.000000
V 1243.350001 138.666667 62.700001 76.100001
V 112.000000 222.408334 100.000000 80.000000
V 1012.000000 52.000000 100.000000 80.000000
E 0 14
E 11 1
E 2 3
E 14 2
E 3 4
E 3 5
E 5 4
E 4 7
E 5 6
E 9 6
E 12 6
E 7 8
E 7 9
E 9 8
E 8 10
E 10 12
E 10 15
E 12 11
E 11 13
E 15 11
G 981180780.json 17 16
V 27.000000 52.000000 30.000000 30.000000
V 112.000000 52.000000 100.000000 80.000000
V 232.000000 52.000000 100.000000 80.000000
V 1792.000000 52.000000 100.000000 80.000000
V 1876.000000 52.000000 28.000000 28.000000
V 712.000000 52.000000 100.000000 80.000000
V 952.000000 52.000000 100.000000 80.000000
V 832.000000 52.000000 100.000000 80.000000
V 1072.000000 52.000000 100.000000 80.000000
V 1192.000000 52.000000 100.000000 80.000000
V 1312.000000 52.000000 100.000000 80.000000
V 1432.000000 52.000000 100.000000 80.000000
V 1552.000000 52.000000 100.000000 80.000000
V 1672.000000 52.000000 100.000000 80.000000
V 352.000000 52.000000 100.000000 80.000000
V 472.000000 52.000000 100.000000 80.000000
V 592.000000 52.000000 100.000000 80.000000
E 0 1
E 1 2
E 2 14
E 3 4
E 13 3
E 5 7
E 16 5
E 7 6
E 6 8
E 8 9
E 9 10
E 10 11
E 11 12
E 12 13
E 14 15
E 15 16
G 987285524.json 21 22
V 766.381096 137.596492 40.000000 40.000000
V 871.928733 137.596492 131.095274 80.807016
V 977.476370 130.929825 40.000000 40.000000
V 1687.405103 130.929825 131.095274 80.807016
V 298.642911 206.333333 131.095274 80.000000
V 1083.024007 130.929825 131.095274 78.385968
V 706.381096 206.333333 40.000000 40.000000
V 600.833459 206.333333 30.000000 30.000000
V 760.381096 213.000000 28.000000 28.000000
V 1234.119281 130.929825 131.095274 80.000000
V 871.928733 62.192984 30.000000 30.000000
V 706.381096 130.929825 30.000000 30.000000
V 449.738185 206.333333 131.095274 80.807016
V 500.285822 130.929825 30.000000 30.000000
V 600.833459 130.929825 131.095274 80.000000
V 1838.500377 117.596492 131.095274 80.000000
V 147.547637 206.333333 131.095274 80.000000
V 1385.214555 130.929825 131.095274 78.385968
V 1536.309829 130.929825 131.095274 80.807016
V 32.000000 196.333333 40.000000 40.000000
V 147.547637 62.192984 131.095274 78.385968
E 0 1
E 6 0
E 11 0
E 1 2
E 2 5
E 10 2
E 3 15
E 18 3
E 4 12
E 16 4
E 5 9
E 7 6
E 6 8
E 12 7
E 9 17
E 20 10
E 14 11
E 13 14
E 15 19
E 19 16
E 17 18
E 19 20
G 988718031.json 25 28
V 27.000000 52.000000 30.000000 30.000000
V 77.000000 52.000000 30.000000 30.000000
V 162.000000 52.000000 100.000000 80.000000
V 383.937500 48.324333 63.875000 57.946000
V 282.000000 103.964000 100.000000 80.000000
V 387.916667 117.297333 40.000000 40.000000
V 485.875000 110.630667 100.000000 80.000000
V 485.875000 240.630667 100.000000 80.000000
V 689.750000 90.630667 100.000000 80.000000
V 774.750000 90.630667 30.000000 30.000000
V 591.791667 97.297333 40.000000 40.000000
V 689.750000 190.630667 100.000000 80.000000
V 774.750000 195.630667 30.000000 30.000000
V 859.750000 195.630667 100.000000 80.000000
V 955.674500 182.297333 51.849000 51.897000
V 1051.599000 195.630667 100.000000 80.000000
V 1149.498333 195.630667 40.000000 40.000000
V 1243.448000 202.297333 100.000000 80.000000
V 1243.448000 102.297333 100.000000 80.000000
V 1147.523500 88.964000 51.849000 51.897000
V 1345.385500 192.639667 63.875000 57.946000
V 1363.448000 88.964000 100.000000 80.000000
V 1483.448000 88.964000 100.000000 80.000000
V 1568.448000 88.964000 30.000000 30.000000
V 587.812500 166.270333 63.875000 57.946000
E 0 1
E 1 2
U 2 3
E 2 4
U 4 3
E 4 5
E 5 6
E 5 7
E 6 10
U 6 24
E 7 12
E 8 9
E 10 8
E 10 11
E 11 12
E 12 13
U 13 14
E 13 15
U 14 15
E 15 16
E 16 17
E 16 18
U 17 20
U 19 18
U 18 20
E 18 21
E 21 22
E 22 23
G 996272950.json 16 17
V 543.000000 190.047623 100.000000 80.000000
V 32.000000 260.000004 40.000000 40.000000
V 154.000000 250.000004 28.000000 28.000000
V 154.000000 306.000004 28.000000 28.000000
V 424.000000 176.714290 30.000000 30.000000
V 273.500000 310.666671 73.000000 36.000000
V 286.000000 254.666671 98.000000 36.000000
V 389.000000 281.714290 28.000000 28.000000
V 284.500000 147.714290 83.000000 80.000000
V 182.000000 89.000004 30.000000 30.000000
V 424.000000 229.714290 98.000000 36.000000
V 282.500000 30.000004 91.000000 36.000008
V 424.000000 123.714290 98.000000 36.000000
V 139.500000 142.000004 115.000000 36.000000
V 160.500000 198.000004 73.000000 36.000000
V 160.500000 36.000004 73.000000 36.000000
E 0 1
E 4 0
E 1 2
E 1 3
E 2 6
E 2 8
E 3 5
E 3 8
E 8 4
E 8 7
E 9 8
E 8 10
E 8 12
E 13 8
E 14 8
E 15 8
U 15 11
G 998735764.json 23 24
V 202.000000 143.000000 40.000000 40.000000
V 112.000000 143.000000 100.000000 80.000000
V 412.000000 223.000000 100.000000 80.000000
V 292.000000 143.000000 100.000000 80.000000
V 532.000000 223.000000 100.000000 80.000000
V 652.000000 223.000000 100.000000 80.000000
V 1072.000000 223.000000 100.000000 80.000000
V 1072.000000 123.000000 100.000000 80.000000
V 652.000000 72.000000 100.000000 80.000000
V 1216.000000 76.666667 28.000000 28.000000
V 376.000000 143.000000 28.000000 28.000000
V 27.000000 143.000000 30.000000 30.000000
V 567.000000 72.000000 30.000000 30.000000
V 882.000000 216.333333 40.000000 40.000000
V 1329.444028 223.000000 254.888056 127.152798
V 1162.000000 216.333333 40.000000 40.000000
V 982.000000 216.333333 40.000000 40.000000
V 787.000000 72.000000 40.000000 40.000000
V 892.000000 37.000000 100.000000 50.000000
V 282.000000 223.000000 40.000000 40.000000
V 207.000000 229.666667 30.000000 30.000000
V 292.000000 58.000000 100.000000 50.000000
V 772.000000 223.000000 100.000000 80.000000
E 1 0
E 0 3
E 0 19
U 0 21
E 11 1
E 2 4
E 19 2
E 3 10
E 4 5
E 5 22
E 6 15
E 16 6
E 7 15
E 16 7
E 12 8
E 8 17
E 15 9
E 17 9
E 13 16
E 17 13
E 22 13
U 15 14
U 17 18
E 20 19
