# Per-model hold q on the hand layout for all 6,723 BPMN models in the 15-40 band,
# the population behind results/bpmn_representativeness.py and the paper's 0.87.
# Source: bpmai.tar.gz, sha256 7c40fe0c13f78943f1600f09203c30d83c41fd6c71b81902367bf057a73f947a.
# Funnel: 29,810 models archived; parsers/parse_bpmn.py parses 21,784 (>= 10 nodes, >= 1 edge);
# 13,435 have every edge a BPMN flow or association; data/make_corpus.py --bpmn keeps their
# largest component of 15 to 40 nodes, 6,723 graphs (bpmn_all.txt); data/bpmn.txt is the first 300 by id.
# Each column is the q of `station direct --corpus bpmn_all.txt --weights W`, one weight set:
# overlap 0,1,0,0,0,0,0,0; length 0,0,1,0,0,0,0,0 (--L fit); stress 0,0,0,1,0,0,0,0;
# alignA1 0,0,0,0,0,1,0,0 --align a1; flow 0,0,0,0,0,0,0,1.
id,overlap,length,stress,alignA1,flow
1000193243.json,1.000000,0.000000,0.000000,0.913043,1.000000
1000300408.json,1.000000,0.000000,0.000000,1.000000,0.863636
1000419154.json,1.000000,0.000000,0.000000,0.666667,0.476190
1000531133.json,1.000000,0.062500,0.125000,0.250000,1.000000
1000677292.json,1.000000,0.000000,0.062500,0.812500,0.562500
1000796620.json,1.000000,0.000000,0.000000,1.000000,1.000000
1001469544.json,1.000000,0.000000,0.100000,1.000000,0.850000
100193728.json,1.000000,0.000000,0.000000,1.000000,0.875000
1002498967.json,1.000000,0.000000,0.000000,1.000000,0.800000
1002500217.json,1.000000,0.000000,0.000000,1.000000,0.727273
1002807019.json,1.000000,0.000000,0.000000,0.296296,0.555556
1003089711.json,1.000000,0.000000,0.000000,0.562500,0.750000
100343055.json,1.000000,0.000000,0.000000,0.888889,0.722222
1004168502.json,1.000000,0.000000,0.000000,0.727273,0.909091
1004323525.json,1.000000,0.000000,0.100000,0.750000,0.900000
1004444520.json,1.000000,0.000000,0.086957,1.000000,1.000000
1004966509.json,1.000000,0.000000,0.000000,1.000000,0.550000
1005251135.json,1.000000,0.000000,0.000000,1.000000,0.806452
1005631758.json,1.000000,0.000000,0.000000,0.586207,0.551724
1005636596.json,1.000000,0.000000,0.000000,0.937500,0.906250
1005740445.json,1.000000,0.000000,0.000000,0.217391,1.000000
1005845225.json,0.750000,0.000000,0.000000,0.625000,1.000000
1005931207.json,1.000000,0.000000,0.000000,0.882353,0.764706
1006305221.json,1.000000,0.000000,0.000000,1.000000,0.904762
1006453108.json,1.000000,0.000000,0.000000,0.888889,0.555556
1006741644.json,1.000000,0.000000,0.000000,1.000000,1.000000
1006854202.json,1.000000,0.000000,0.000000,0.842105,1.000000
1007265822.json,1.000000,0.000000,0.000000,1.000000,0.882353
1007624702.json,1.000000,0.000000,0.000000,1.000000,0.866667
1007769308.json,1.000000,0.000000,0.000000,0.842105,0.578947
1008414191.json,1.000000,0.000000,0.000000,0.800000,0.666667
1008690213.json,0.916667,0.000000,0.000000,0.541667,1.000000
1008939313.json,1.000000,0.000000,0.000000,1.000000,0.576923
1009034808.json,1.000000,0.000000,0.000000,0.406250,0.937500
1009212273.json,1.000000,0.000000,0.000000,0.866667,0.733333
1009232864.json,0.636364,0.000000,0.000000,0.636364,0.909091
1009926561.json,1.000000,0.000000,0.000000,0.814815,0.777778
1010632691.json,1.000000,0.000000,0.000000,0.450000,0.800000
101085585.json,1.000000,0.000000,0.000000,1.000000,0.866667
1011361322.json,1.000000,0.000000,0.000000,1.000000,0.913043
1011518868.json,1.000000,0.000000,0.000000,1.000000,0.851852
1011606688.json,1.000000,0.000000,0.000000,1.000000,0.684211
1011817112.json,1.000000,0.187500,0.000000,1.000000,0.812500
101213990.json,1.000000,0.000000,0.000000,0.913043,1.000000
1012220286.json,1.000000,0.000000,0.000000,0.628571,0.685714
1013254127.json,0.941176,0.000000,0.029412,0.676471,0.823529
1013385050.json,1.000000,0.000000,0.000000,1.000000,1.000000
1013472006.json,1.000000,0.000000,0.000000,0.611111,0.777778
1013962777.json,1.000000,0.000000,0.037037,1.000000,0.814815
1014071243.json,1.000000,0.000000,0.000000,0.583333,1.000000
101435818.json,1.000000,0.000000,0.000000,0.739130,0.739130
1014461262.json,1.000000,0.000000,0.000000,1.000000,1.000000
1014610976.json,1.000000,0.000000,0.000000,1.000000,1.000000
1014684167.json,1.000000,0.000000,0.000000,1.000000,1.000000
1014787172.json,1.000000,0.000000,0.000000,0.714286,0.666667
1015232874.json,1.000000,0.000000,0.000000,1.000000,0.866667
1015236059.json,1.000000,0.000000,0.000000,0.944444,1.000000
1015776274.json,1.000000,0.000000,0.000000,0.400000,0.485714
101642429.json,1.000000,0.000000,0.000000,0.160000,0.640000
1016751564.json,1.000000,0.000000,0.000000,0.771429,0.400000
1017507635.json,1.000000,0.000000,0.000000,1.000000,0.812500
1017657322.json,1.000000,0.000000,0.000000,1.000000,0.857143
1018291356.json,1.000000,0.055556,0.000000,1.000000,0.888889
1018819034.json,1.000000,0.000000,0.000000,0.650000,0.600000
1019257616.json,1.000000,0.000000,0.000000,1.000000,0.700000
101967997.json,1.000000,0.000000,0.000000,1.000000,0.923077
1019751893.json,1.000000,0.000000,0.000000,1.000000,0.692308
1020655397.json,1.000000,0.000000,0.000000,1.000000,0.882353
1020904348.json,1.000000,0.000000,0.000000,0.677419,1.000000
1021091398.json,1.000000,0.000000,0.000000,0.517241,0.793103
102147676.json,1.000000,0.000000,0.066667,1.000000,1.000000
1021525987.json,1.000000,0.025641,0.025641,1.000000,0.897436
1021591858.json,1.000000,0.000000,0.000000,1.000000,0.866667
1021648949.json,1.000000,0.000000,0.000000,1.000000,0.750000
1022728001.json,1.000000,0.000000,0.000000,0.923077,0.923077
102300656.json,1.000000,0.000000,0.000000,0.653846,0.807692
1023113524.json,0.500000,0.000000,0.000000,0.450000,0.700000
102313104.json,1.000000,0.000000,0.000000,0.911765,0.941176
1024215554.json,1.000000,0.000000,0.000000,1.000000,1.000000
102453938.json,1.000000,0.052632,0.000000,0.263158,0.894737
1024626727.json,1.000000,0.000000,0.000000,0.840000,0.640000
1024943999.json,1.000000,0.000000,0.000000,0.710526,0.500000
1025211006.json,1.000000,0.034483,0.068966,1.000000,0.793103
1025894190.json,1.000000,0.000000,0.000000,0.666667,0.375000
1026287908.json,1.000000,0.000000,0.000000,0.882353,1.000000
1026674280.json,1.000000,0.000000,0.062500,0.625000,1.000000
1027037016.json,1.000000,0.000000,0.066667,0.800000,0.733333
1027972696.json,1.000000,0.000000,0.000000,1.000000,0.888889
1028391225.json,0.882353,0.000000,0.000000,0.941176,0.823529
1028878750.json,1.000000,0.000000,0.000000,1.000000,0.653846
1029013936.json,1.000000,0.111111,0.055556,0.611111,1.000000
1029021536.json,1.000000,0.000000,0.000000,0.235294,0.882353
1029758987.json,1.000000,0.000000,0.000000,1.000000,0.842105
1030199890.json,1.000000,0.000000,0.000000,0.900000,1.000000
103042800.json,1.000000,0.000000,0.000000,0.631579,0.578947
1030489511.json,1.000000,0.000000,0.000000,1.000000,1.000000
1030705906.json,1.000000,0.000000,0.000000,1.000000,1.000000
103078634.json,1.000000,0.000000,0.000000,1.000000,0.875000
1030935923.json,1.000000,0.000000,0.000000,1.000000,0.888889
1031337985.json,0.687500,0.000000,0.000000,0.687500,1.000000
1031360578.json,1.000000,0.000000,0.000000,0.343750,1.000000
1031414416.json,0.666667,0.000000,0.000000,1.000000,0.733333
1031449026.json,1.000000,0.000000,0.000000,1.000000,0.714286
1031585442.json,1.000000,0.000000,0.000000,0.358974,0.538462
1031642567.json,1.000000,0.000000,0.000000,1.000000,0.526316
1031711789.json,1.000000,0.000000,0.000000,0.550000,0.800000
1032099534.json,1.000000,0.000000,0.000000,0.583333,1.000000
1032482829.json,1.000000,0.000000,0.000000,0.933333,0.866667
1032995931.json,1.000000,0.025000,0.075000,1.000000,0.900000
1033239968.json,1.000000,0.000000,0.000000,0.730769,0.846154
1033711844.json,1.000000,0.000000,0.027027,0.486486,0.756757
1033978385.json,1.000000,0.000000,0.000000,1.000000,0.882353
1034187908.json,1.000000,0.000000,0.000000,1.000000,1.000000
1034715661.json,1.000000,0.000000,0.000000,1.000000,0.733333
1034897705.json,1.000000,0.000000,0.000000,0.909091,0.727273
1034919934.json,1.000000,0.000000,0.000000,1.000000,0.950000
1035058931.json,1.000000,0.000000,0.000000,0.578947,0.736842
1035193139.json,1.000000,0.000000,0.000000,0.409091,1.000000
1035274499.json,1.000000,0.000000,0.000000,0.846154,0.948718
1035394039.json,1.000000,0.000000,0.000000,1.000000,0.923077
103548326.json,1.000000,0.058824,0.000000,1.000000,0.558824
1035605564.json,1.000000,0.000000,0.000000,1.000000,0.904762
1036372461.json,1.000000,0.000000,0.000000,0.214286,0.464286
1036482855.json,1.000000,0.000000,0.000000,0.948718,0.692308
1036681871.json,1.000000,0.000000,0.038462,0.923077,1.000000
1037263320.json,0.500000,0.000000,0.000000,0.925000,0.850000
1037531241.json,1.000000,0.000000,0.000000,1.000000,0.733333
1037559497.json,1.000000,0.000000,0.000000,0.733333,0.866667
1037584453.json,1.000000,0.000000,0.000000,0.807692,0.923077
1038050553.json,1.000000,0.000000,0.000000,1.000000,0.857143
1038278203.json,1.000000,0.000000,0.000000,0.217391,0.869565
1038331594.json,1.000000,0.000000,0.000000,1.000000,1.000000
1038896099.json,0.923077,0.038462,0.000000,0.692308,0.923077
1039155719.json,1.000000,0.000000,0.000000,0.966667,0.633333
1039199550.json,1.000000,0.000000,0.000000,0.466667,0.733333
1041215828.json,1.000000,0.000000,0.000000,1.000000,1.000000
1042142536.json,1.000000,0.000000,0.000000,0.800000,1.000000
1042317506.json,0.542857,0.000000,0.142857,0.857143,1.000000
1043130788.json,1.000000,0.000000,0.000000,0.357143,0.928571
1043134396.json,0.562500,0.000000,0.000000,0.562500,0.875000
1043256737.json,1.000000,0.000000,0.000000,1.000000,0.636364
1043375091.json,1.000000,0.000000,0.052632,0.947368,0.578947
1043553918.json,1.000000,0.000000,0.000000,1.000000,1.000000
1043673241.json,1.000000,0.000000,0.066667,0.733333,1.000000
1043716184.json,1.000000,0.000000,0.000000,1.000000,0.821429
1043844309.json,1.000000,0.000000,0.000000,1.000000,1.000000
1044157575.json,1.000000,0.000000,0.000000,1.000000,0.650000
1044333950.json,1.000000,0.000000,0.000000,1.000000,0.941176
1045043582.json,1.000000,0.045455,0.000000,1.000000,0.818182
1045182326.json,1.000000,0.000000,0.000000,0.875000,1.000000
1045183252.json,1.000000,0.000000,0.000000,0.333333,1.000000
1045697922.json,0.866667,0.100000,0.200000,0.666667,1.000000
104593713.json,1.000000,0.000000,0.000000,1.000000,0.857143
1046048235.json,1.000000,0.000000,0.000000,0.739130,0.521739
1046629921.json,1.000000,0.000000,0.000000,0.666667,0.444444
1046700825.json,1.000000,0.000000,0.041667,1.000000,0.750000
1046734786.json,1.000000,0.000000,0.000000,0.925926,1.000000
1047510341.json,1.000000,0.000000,0.000000,0.666667,1.000000
1047642669.json,1.000000,0.000000,0.000000,0.875000,1.000000
1047829738.json,1.000000,0.000000,0.000000,1.000000,0.727273
1047880972.json,1.000000,0.000000,0.000000,0.888889,1.000000
1048036019.json,1.000000,0.000000,0.037037,1.000000,0.740741
1048687201.json,1.000000,0.000000,0.000000,0.971429,1.000000
1048832532.json,1.000000,0.040000,0.000000,0.960000,0.840000
1049305314.json,1.000000,0.041667,0.000000,1.000000,0.500000
1049410711.json,0.888889,0.000000,0.000000,1.000000,1.000000
1049446143.json,1.000000,0.000000,0.000000,0.942857,0.828571
105070660.json,1.000000,0.000000,0.142857,1.000000,0.857143
1051312831.json,1.000000,0.000000,0.000000,1.000000,0.647059
1051883408.json,1.000000,0.000000,0.000000,1.000000,1.000000
1052297546.json,1.000000,0.000000,0.000000,0.866667,1.000000
1054290907.json,1.000000,0.000000,0.000000,0.666667,0.809524
1055289148.json,1.000000,0.000000,0.000000,0.590909,0.818182
105551917.json,1.000000,0.000000,0.000000,1.000000,0.531250
1055555072.json,1.000000,0.000000,0.000000,1.000000,1.000000
1055698191.json,1.000000,0.000000,0.000000,1.000000,0.782609
1055713863.json,1.000000,0.000000,0.000000,0.733333,0.733333
1055984555.json,1.000000,0.000000,0.000000,0.777778,0.361111
1056008012.json,1.000000,0.000000,0.000000,0.750000,0.800000
1056081001.json,1.000000,0.000000,0.000000,1.000000,0.882353
1056886605.json,1.000000,0.000000,0.000000,1.000000,1.000000
1058369279.json,0.950000,0.000000,0.000000,0.825000,0.675000
1058400286.json,1.000000,0.000000,0.000000,0.666667,0.611111
1058793673.json,1.000000,0.000000,0.055556,1.000000,0.888889
105881262.json,1.000000,0.000000,0.000000,0.590909,0.909091
1058939766.json,1.000000,0.000000,0.000000,0.875000,1.000000
1059642594.json,1.000000,0.000000,0.000000,0.647059,0.882353
1059654633.json,1.000000,0.000000,0.000000,0.708333,0.916667
1059942549.json,1.000000,0.000000,0.000000,0.800000,0.733333
106014777.json,1.000000,0.000000,0.050000,0.550000,0.800000
1060358077.json,1.000000,0.000000,0.000000,1.000000,1.000000
1060378605.json,0.875000,0.000000,0.000000,0.562500,1.000000
1060715040.json,1.000000,0.000000,0.000000,1.000000,0.913043
1060796505.json,1.000000,0.000000,0.028571,1.000000,0.942857
106084705.json,1.000000,0.000000,0.000000,1.000000,1.000000
1060852109.json,1.000000,0.000000,0.000000,1.000000,1.000000
1060873887.json,1.000000,0.000000,0.000000,1.000000,0.629630
1061245591.json,1.000000,0.000000,0.000000,1.000000,1.000000
106213502.json,1.000000,0.000000,0.000000,0.666667,1.000000
1062329509.json,1.000000,0.000000,0.000000,0.871795,0.897436
1062366166.json,1.000000,0.000000,0.000000,0.666667,0.592593
1062740929.json,1.000000,0.000000,0.000000,0.423077,0.846154
1062864348.json,1.000000,0.000000,0.000000,1.000000,0.783784
1063000783.json,1.000000,0.000000,0.000000,0.869565,0.652174
1063123371.json,1.000000,0.000000,0.000000,1.000000,0.680000
1064316989.json,0.928571,0.000000,0.000000,0.535714,0.464286
1064354518.json,1.000000,0.000000,0.000000,0.400000,0.700000
1064609557.json,1.000000,0.000000,0.000000,1.000000,0.833333
1064982122.json,1.000000,0.000000,0.000000,1.000000,0.444444
1065028844.json,1.000000,0.035714,0.035714,0.642857,0.821429
1065048918.json,1.000000,0.000000,0.000000,0.750000,0.535714
1065790096.json,1.000000,0.000000,0.000000,1.000000,0.882353
106587872.json,1.000000,0.000000,0.000000,0.933333,0.866667
1065979309.json,1.000000,0.000000,0.000000,0.703704,0.777778
1066443049.json,1.000000,0.052632,0.000000,1.000000,0.894737
1066896743.json,1.000000,0.000000,0.000000,0.562500,0.375000
1066917310.json,1.000000,0.000000,0.117647,1.000000,0.882353
1067168783.json,1.000000,0.000000,0.000000,1.000000,0.411765
1067335701.json,1.000000,0.000000,0.000000,0.904762,0.571429
1067845084.json,1.000000,0.000000,0.000000,0.708333,0.750000
1067934650.json,1.000000,0.000000,0.000000,0.970588,0.500000
1068470140.json,1.000000,0.000000,0.000000,0.842105,0.842105
1069107590.json,1.000000,0.000000,0.000000,0.894737,0.684211
106933957.json,1.000000,0.000000,0.000000,1.000000,0.600000
1069691092.json,0.911765,0.000000,0.000000,0.852941,0.735294
1070302721.json,1.000000,0.041667,0.000000,0.791667,0.833333
1070402056.json,1.000000,0.000000,0.000000,0.473684,1.000000
1070635668.json,1.000000,0.000000,0.000000,1.000000,1.000000
1071121375.json,1.000000,0.000000,0.000000,1.000000,0.680000
1071361509.json,1.000000,0.000000,0.000000,0.906250,1.000000
107168023.json,1.000000,0.000000,0.000000,0.687500,1.000000
1071898239.json,0.590909,0.000000,0.000000,0.863636,0.636364
1072036927.json,1.000000,0.000000,0.000000,1.000000,1.000000
1072611003.json,1.000000,0.000000,0.000000,1.000000,0.685714
1072736347.json,1.000000,0.000000,0.000000,0.969697,1.000000
1072844002.json,1.000000,0.000000,0.058824,1.000000,1.000000
1072937185.json,1.000000,0.157895,0.000000,0.842105,0.789474
1073171981.json,1.000000,0.000000,0.000000,0.820513,0.769231
1073694213.json,1.000000,0.055556,0.000000,1.000000,0.888889
1073757691.json,1.000000,0.000000,0.000000,1.000000,0.826087
1073798553.json,1.000000,0.000000,0.000000,0.833333,0.800000
1073905366.json,1.000000,0.000000,0.000000,0.370370,0.851852
1073989552.json,1.000000,0.000000,0.058824,1.000000,1.000000
1074015617.json,1.000000,0.000000,0.000000,1.000000,0.916667
1074041906.json,1.000000,0.176471,0.000000,0.764706,1.000000
107405250.json,1.000000,0.000000,0.000000,1.000000,0.529412
1074184432.json,1.000000,0.000000,0.000000,0.838710,0.645161
1074286493.json,1.000000,0.000000,0.000000,0.857143,0.904762
1074775346.json,1.000000,0.000000,0.000000,1.000000,0.909091
1075021130.json,1.000000,0.000000,0.000000,0.533333,0.700000
1075086604.json,1.000000,0.000000,0.000000,0.730769,0.846154
1075479164.json,1.000000,0.333333,0.266667,1.000000,1.000000
1075720640.json,1.000000,0.000000,0.000000,1.000000,0.812500
1075776148.json,1.000000,0.000000,0.000000,1.000000,0.869565
1076353098.json,1.000000,0.000000,0.000000,0.642857,0.928571
1076439938.json,1.000000,0.000000,0.031250,0.625000,0.906250
1076568181.json,1.000000,0.000000,0.000000,0.894737,0.894737
1077258635.json,1.000000,0.000000,0.000000,1.000000,0.913043
1077733223.json,1.000000,0.000000,0.000000,1.000000,0.833333
1078062603.json,1.000000,0.000000,0.041667,0.333333,0.750000
107821297.json,1.000000,0.000000,0.000000,0.571429,0.857143
1078245406.json,1.000000,0.000000,0.000000,0.259259,0.666667
1078910042.json,1.000000,0.000000,0.000000,0.650000,0.750000
1079170847.json,1.000000,0.000000,0.000000,1.000000,0.882353
1079308883.json,1.000000,0.000000,0.052632,0.578947,0.631579
1080396160.json,1.000000,0.029412,0.000000,0.735294,0.735294
1080546118.json,1.000000,0.000000,0.000000,0.200000,0.900000
1081364078.json,0.904762,0.000000,0.095238,0.666667,0.809524
1081511532.json,1.000000,0.052632,0.000000,1.000000,1.000000
1081659524.json,1.000000,0.000000,0.000000,0.526316,0.842105
1082065623.json,1.000000,0.000000,0.000000,1.000000,0.823529
1082217097.json,1.000000,0.421053,0.368421,1.000000,1.000000
108256378.json,0.888889,0.000000,0.000000,0.666667,0.666667
1082695978.json,1.000000,0.000000,0.000000,0.521739,0.565217
1082877129.json,1.000000,0.000000,0.000000,1.000000,0.485714
1083025710.json,1.000000,0.034483,0.034483,0.862069,1.000000
1083590871.json,1.000000,0.000000,0.000000,0.800000,0.600000
1083726025.json,1.000000,0.000000,0.000000,1.000000,0.888889
1084807158.json,1.000000,0.025000,0.000000,0.550000,0.800000
1085164812.json,1.000000,0.156250,0.000000,1.000000,0.750000
1085228161.json,1.000000,0.000000,0.000000,0.789474,0.684211
1085275397.json,1.000000,0.000000,0.000000,0.631579,0.684211
108550595.json,1.000000,0.000000,0.000000,0.812500,0.875000
1086277850.json,1.000000,0.052632,0.000000,0.421053,0.736842
1086493814.json,1.000000,0.000000,0.000000,0.720000,0.480000
1086518477.json,1.000000,0.000000,0.000000,0.764706,0.882353
1086686710.json,1.000000,0.000000,0.083333,1.000000,0.916667
1086913116.json,1.000000,0.000000,0.038462,0.730769,1.000000
1087139970.json,1.000000,0.000000,0.000000,0.600000,0.760000
1088129127.json,0.888889,0.166667,0.000000,1.000000,1.000000
108818346.json,1.000000,0.000000,0.000000,0.777778,0.722222
1088210012.json,1.000000,0.000000,0.000000,1.000000,0.647059
1088753578.json,1.000000,0.000000,0.000000,1.000000,1.000000
1089311660.json,1.000000,0.000000,0.000000,0.857143,0.857143
1089733368.json,1.000000,0.000000,0.000000,1.000000,1.000000
1090152102.json,1.000000,0.000000,0.000000,1.000000,0.750000
1090644633.json,1.000000,0.058824,0.000000,1.000000,1.000000
1090872425.json,1.000000,0.142857,0.047619,1.000000,0.904762
1091178985.json,1.000000,0.000000,0.000000,1.000000,0.687500
1091314634.json,1.000000,0.000000,0.000000,1.000000,1.000000
109152126.json,1.000000,0.000000,0.000000,0.708333,0.625000
1092005652.json,1.000000,0.000000,0.000000,0.500000,0.727273
1092338923.json,1.000000,0.000000,0.000000,1.000000,1.000000
109318540.json,1.000000,0.000000,0.000000,0.909091,1.000000
1094073522.json,1.000000,0.000000,0.000000,1.000000,1.000000
1094178782.json,1.000000,0.000000,0.000000,0.818182,0.545455
1094500977.json,1.000000,0.000000,0.000000,0.800000,0.600000
1094509403.json,1.000000,0.062500,0.000000,0.750000,0.875000
1094820568.json,1.000000,0.000000,0.000000,1.000000,0.625000
1094850474.json,1.000000,0.000000,0.000000,0.454545,0.590909
1095047519.json,1.000000,0.000000,0.000000,1.000000,0.771429
1095550334.json,1.000000,0.000000,0.000000,1.000000,0.555556
1095631487.json,1.000000,0.000000,0.000000,1.000000,1.000000
1095775657.json,1.000000,0.000000,0.062500,0.875000,1.000000
1095987898.json,1.000000,0.000000,0.000000,0.481481,0.629630
1096176600.json,1.000000,0.125000,0.000000,0.875000,0.750000
1096361500.json,1.000000,0.000000,0.000000,0.535714,0.500000
1096460998.json,1.000000,0.000000,0.000000,0.576923,0.807692
1096535791.json,1.000000,0.000000,0.000000,0.695652,0.739130
1097201658.json,1.000000,0.000000,0.000000,0.578947,0.631579
1097458453.json,1.000000,0.000000,0.000000,1.000000,0.807692
109831958.json,1.000000,0.000000,0.050000,1.000000,0.900000
1098945733.json,1.000000,0.066667,0.066667,0.933333,0.866667
1100382784.json,1.000000,0.160000,0.080000,0.760000,1.000000
1100749326.json,1.000000,0.000000,0.000000,0.450000,0.800000
110155951.json,1.000000,0.000000,0.000000,0.578947,0.473684
1101665688.json,1.000000,0.000000,0.000000,0.588235,0.941176
1101873223.json,1.000000,0.000000,0.121212,0.606061,0.727273
1102078407.json,1.000000,0.000000,0.034483,0.344828,0.793103
1102751329.json,1.000000,0.058824,0.235294,0.823529,0.823529
110321565.json,1.000000,0.000000,0.000000,1.000000,0.727273
1103309716.json,1.000000,0.000000,0.000000,0.833333,0.888889
1103827797.json,1.000000,0.000000,0.000000,0.312500,0.375000
1104163772.json,1.000000,0.000000,0.000000,0.466667,0.866667
1104391844.json,1.000000,0.000000,0.000000,1.000000,0.684211
1104498157.json,1.000000,0.233333,0.233333,0.800000,1.000000
1104624701.json,0.945946,0.000000,0.027027,0.702703,0.945946
1104707653.json,1.000000,0.000000,0.000000,0.590909,0.590909
1104963002.json,1.000000,0.000000,0.000000,0.806452,0.935484
1104997461.json,1.000000,0.250000,0.000000,1.000000,0.875000
1105197687.json,1.000000,0.000000,0.000000,0.741935,0.741935
1105393687.json,1.000000,0.000000,0.000000,1.000000,1.000000
1105432930.json,1.000000,0.000000,0.000000,0.875000,0.625000
1105601037.json,0.947368,0.000000,0.026316,0.631579,0.894737
1105671504.json,1.000000,0.000000,0.000000,1.000000,0.741935
1105895160.json,1.000000,0.153846,0.038462,1.000000,1.000000
1105913794.json,1.000000,0.000000,0.000000,1.000000,0.920000
1105996679.json,1.000000,0.000000,0.000000,0.333333,0.888889
1106027499.json,1.000000,0.000000,0.000000,1.000000,0.916667
1106198547.json,1.000000,0.000000,0.000000,0.480000,0.760000
1106766260.json,1.000000,0.000000,0.058824,1.000000,0.882353
110756103.json,1.000000,0.000000,0.000000,0.909091,0.545455
1108521628.json,1.000000,0.000000,0.000000,1.000000,0.666667
1108739483.json,1.000000,0.000000,0.000000,0.888889,0.777778
110882465.json,1.000000,0.000000,0.000000,1.000000,0.806452
1109031845.json,1.000000,0.000000,0.000000,0.516129,0.225806
1109324015.json,1.000000,0.000000,0.052632,1.000000,1.000000
1109649593.json,1.000000,0.000000,0.000000,0.666667,0.818182
1110166345.json,1.000000,0.000000,0.043478,0.565217,1.000000
111056918.json,1.000000,0.000000,0.000000,1.000000,1.000000
1110577376.json,1.000000,0.000000,0.000000,0.769231,0.846154
1110992621.json,1.000000,0.000000,0.035714,0.928571,0.642857
1110996466.json,1.000000,0.000000,0.000000,1.000000,0.437500
111120797.json,1.000000,0.000000,0.000000,1.000000,0.920000
1111311001.json,1.000000,0.000000,0.000000,0.647059,1.000000
1111317384.json,0.942857,0.000000,0.000000,0.400000,0.942857
1111460724.json,1.000000,0.000000,0.000000,0.857143,0.642857
1111474760.json,1.000000,0.000000,0.000000,0.633333,0.933333
1111524110.json,1.000000,0.000000,0.000000,0.789474,0.736842
1111571147.json,1.000000,0.000000,0.000000,0.555556,0.777778
1111673654.json,1.000000,0.000000,0.000000,0.833333,1.000000
1111683225.json,1.000000,0.000000,0.000000,0.300000,0.675000
1112155416.json,1.000000,0.000000,0.038462,0.730769,0.807692
1112305737.json,1.000000,0.000000,0.000000,0.705882,0.588235
1112747269.json,1.000000,0.000000,0.000000,1.000000,0.928571
1112874301.json,1.000000,0.000000,0.000000,1.000000,0.647059
1112919494.json,1.000000,0.000000,0.027027,0.891892,0.837838
1113098165.json,1.000000,0.294118,0.058824,1.000000,1.000000
111350026.json,1.000000,0.000000,0.000000,1.000000,0.852941
1113681631.json,1.000000,0.100000,0.000000,1.000000,1.000000
1113777009.json,1.000000,0.000000,0.000000,1.000000,0.842105
1113938362.json,1.000000,0.000000,0.000000,1.000000,1.000000
1115053855.json,1.000000,0.000000,0.000000,1.000000,1.000000
1115559729.json,1.000000,0.000000,0.000000,1.000000,0.866667
1115696249.json,0.346154,0.000000,0.000000,0.461538,1.000000
111605436.json,1.000000,0.000000,0.000000,1.000000,1.000000
1117092573.json,1.000000,0.000000,0.000000,1.000000,0.384615
1117579118.json,1.000000,0.000000,0.000000,1.000000,0.700000
1117655232.json,1.000000,0.000000,0.000000,0.526316,0.578947
1118393223.json,1.000000,0.000000,0.000000,0.370370,0.518519
1118940976.json,1.000000,0.176471,0.000000,0.823529,1.000000
1119006818.json,1.000000,0.000000,0.000000,0.750000,1.000000
1119434839.json,1.000000,0.000000,0.000000,1.000000,0.894737
1120344110.json,1.000000,0.000000,0.000000,0.866667,0.600000
1120372590.json,1.000000,0.000000,0.000000,0.939394,0.818182
1120490975.json,1.000000,0.000000,0.000000,0.684211,0.842105
1120508778.json,1.000000,0.000000,0.000000,0.538462,0.692308
1120589054.json,1.000000,0.000000,0.000000,1.000000,0.727273
1120907010.json,1.000000,0.000000,0.000000,1.000000,1.000000
1121139933.json,1.000000,0.000000,0.000000,1.000000,1.000000
1121661892.json,1.000000,0.000000,0.000000,0.870968,0.741935
1121784515.json,1.000000,0.000000,0.000000,1.000000,1.000000
1122138279.json,1.000000,0.000000,0.387097,0.838710,0.935484
1122215936.json,1.000000,0.000000,0.000000,1.000000,0.722222
1122297250.json,1.000000,0.000000,0.000000,1.000000,0.789474
1122503610.json,1.000000,0.000000,0.000000,1.000000,1.000000
1122602057.json,1.000000,0.000000,0.052632,1.000000,1.000000
1123009835.json,1.000000,0.000000,0.000000,0.800000,0.900000
112315538.json,1.000000,0.000000,0.000000,0.647059,0.529412
1123219798.json,0.909091,0.000000,0.000000,0.681818,0.818182
1124362484.json,1.000000,0.000000,0.000000,0.878788,1.000000
1125879710.json,1.000000,0.000000,0.000000,0.689655,0.724138
1125939058.json,0.838710,0.000000,0.000000,0.677419,0.806452
1126118133.json,1.000000,0.000000,0.000000,0.111111,0.833333
1126235431.json,1.000000,0.000000,0.000000,0.529412,1.000000
1126376755.json,1.000000,0.000000,0.000000,1.000000,1.000000
1126382701.json,1.000000,0.000000,0.000000,1.000000,1.000000
1126459761.json,1.000000,0.000000,0.000000,0.550000,0.800000
112693064.json,1.000000,0.000000,0.058824,0.882353,0.882353
1127255988.json,1.000000,0.000000,0.000000,0.235294,0.588235
1127725818.json,1.000000,0.000000,0.055556,0.833333,0.888889
112784842.json,1.000000,0.000000,0.000000,1.000000,0.818182
1127886187.json,1.000000,0.000000,0.000000,1.000000,0.750000
1127922347.json,1.000000,0.000000,0.000000,0.200000,0.900000
1127974647.json,1.000000,0.000000,0.000000,1.000000,1.000000
1128235269.json,1.000000,0.000000,0.000000,1.000000,0.894737
1128261187.json,1.000000,0.047619,0.000000,1.000000,0.619048
1128309889.json,1.000000,0.000000,0.000000,1.000000,0.666667
1128491225.json,1.000000,0.000000,0.000000,0.533333,0.733333
1129409993.json,1.000000,0.000000,0.000000,1.000000,1.000000
1129469603.json,1.000000,0.000000,0.000000,0.814815,0.740741
1129788489.json,1.000000,0.000000,0.050000,1.000000,0.800000
112991768.json,1.000000,0.000000,0.000000,1.000000,1.000000
1130036242.json,1.000000,0.000000,0.000000,0.600000,0.920000
1130754447.json,1.000000,0.000000,0.000000,1.000000,0.818182
1131152056.json,1.000000,0.066667,0.000000,0.866667,1.000000
1131428622.json,1.000000,0.000000,0.000000,1.000000,1.000000
1131600497.json,1.000000,0.045455,0.000000,1.000000,1.000000
1131836531.json,1.000000,0.000000,0.000000,1.000000,1.000000
1132088609.json,1.000000,0.095238,0.000000,1.000000,1.000000
1132368293.json,1.000000,0.000000,0.000000,1.000000,0.592593
1133104255.json,1.000000,0.000000,0.000000,0.680000,0.600000
1133219832.json,1.000000,0.000000,0.000000,1.000000,1.000000
1133711620.json,1.000000,0.000000,0.000000,1.000000,0.513514
1133751658.json,1.000000,0.000000,0.000000,1.000000,0.900000
113395937.json,1.000000,0.000000,0.000000,0.400000,0.800000
113410036.json,1.000000,0.000000,0.000000,0.764706,1.000000
1134352460.json,1.000000,0.000000,0.000000,0.625000,0.916667
1134507895.json,1.000000,0.000000,0.000000,0.689655,0.620690
1134857939.json,1.000000,0.000000,0.000000,0.842105,0.842105
1135177243.json,1.000000,0.000000,0.000000,1.000000,0.571429
1135266315.json,1.000000,0.000000,0.000000,0.809524,0.809524
1135353886.json,1.000000,0.000000,0.000000,0.777778,1.000000
1135693645.json,1.000000,0.000000,0.055556,1.000000,1.000000
1136692169.json,1.000000,0.000000,0.000000,0.702703,0.783784
113682288.json,1.000000,0.000000,0.000000,0.548387,0.935484
1137540788.json,1.000000,0.000000,0.000000,0.388889,0.666667
1137559701.json,1.000000,0.000000,0.000000,1.000000,0.916667
1137967821.json,1.000000,0.000000,0.000000,1.000000,0.575758
113842206.json,1.000000,0.029412,0.000000,0.764706,1.000000
1138902023.json,1.000000,0.000000,0.000000,0.294118,0.470588
1139006560.json,1.000000,0.000000,0.000000,0.833333,0.944444
1139111958.json,1.000000,0.000000,0.000000,0.809524,0.619048
1139484048.json,1.000000,0.000000,0.000000,0.432432,0.702703
1139605020.json,1.000000,0.000000,0.000000,1.000000,1.000000
1139686115.json,1.000000,0.066667,0.000000,1.000000,0.600000
1139840448.json,1.000000,0.000000,0.000000,1.000000,1.000000
1140123031.json,1.000000,0.000000,0.000000,1.000000,1.000000
1140240328.json,1.000000,0.000000,0.000000,0.842105,0.631579
1140300316.json,1.000000,0.000000,0.000000,0.964286,0.607143
1140325200.json,1.000000,0.000000,0.000000,0.444444,0.611111
1140533881.json,1.000000,0.000000,0.000000,0.800000,0.840000
1141112063.json,1.000000,0.000000,0.000000,0.821429,0.357143
11411378.json,1.000000,0.000000,0.045455,1.000000,0.818182
1141257316.json,1.000000,0.000000,0.000000,0.733333,0.733333
1141346220.json,1.000000,0.000000,0.000000,1.000000,0.894737
114150965.json,0.935484,0.000000,0.032258,0.838710,1.000000
1141596279.json,1.000000,0.000000,0.000000,0.900000,0.850000
1141760526.json,1.000000,0.000000,0.000000,1.000000,0.913043
1142004229.json,1.000000,0.000000,0.000000,1.000000,0.916667
1142095522.json,1.000000,0.000000,0.000000,0.225000,0.325000
1142167261.json,1.000000,0.000000,0.000000,0.947368,1.000000
1142221726.json,1.000000,0.000000,0.000000,0.476190,0.904762
1142444118.json,1.000000,0.000000,0.000000,1.000000,1.000000
1143078822.json,1.000000,0.000000,0.000000,0.888889,0.722222
1143434794.json,1.000000,0.000000,0.000000,1.000000,0.866667
1143440229.json,1.000000,0.043478,0.000000,0.782609,0.782609
1144997677.json,1.000000,0.041667,0.000000,1.000000,0.833333
1145000657.json,1.000000,0.000000,0.000000,0.708333,0.916667
1145083360.json,1.000000,0.000000,0.000000,0.791667,0.833333
1145099053.json,1.000000,0.200000,0.333333,1.000000,1.000000
1145380957.json,1.000000,0.000000,0.000000,0.566667,0.466667
1146076955.json,1.000000,0.000000,0.000000,0.409091,0.590909
1146260055.json,1.000000,0.000000,0.000000,0.440000,0.920000
1146777053.json,1.000000,0.000000,0.032258,0.709677,0.935484
1146876404.json,1.000000,0.000000,0.055556,1.000000,0.722222
1146990943.json,1.000000,0.066667,0.066667,1.000000,1.000000
1147611244.json,1.000000,0.250000,0.000000,1.000000,0.625000
1147807469.json,1.000000,0.000000,0.000000,1.000000,0.875000
1148294920.json,1.000000,0.000000,0.000000,1.000000,0.785714
1148354528.json,1.000000,0.000000,0.000000,1.000000,0.766667
1149156631.json,1.000000,0.000000,0.000000,1.000000,0.580645
1149177041.json,1.000000,0.000000,0.000000,0.360000,0.640000
1149225313.json,1.000000,0.000000,0.000000,1.000000,0.375000
114940885.json,1.000000,0.000000,0.000000,0.611111,0.888889
1149447998.json,1.000000,0.000000,0.000000,1.000000,1.000000
1149711428.json,1.000000,0.000000,0.000000,0.411765,1.000000
1149738641.json,1.000000,0.000000,0.000000,0.666667,0.833333
1149785451.json,1.000000,0.312500,0.187500,1.000000,1.000000
1149836306.json,1.000000,0.000000,0.032258,0.903226,0.935484
1150021769.json,1.000000,0.000000,0.000000,0.736842,0.894737
1150027108.json,1.000000,0.000000,0.058824,0.647059,0.647059
1150045834.json,1.000000,0.000000,0.000000,0.764706,0.764706
1150421859.json,1.000000,0.000000,0.000000,0.973684,0.947368
1150721490.json,1.000000,0.000000,0.000000,0.764706,0.705882
1151121658.json,1.000000,0.000000,0.000000,1.000000,0.764706
1151266807.json,1.000000,0.000000,0.000000,0.750000,1.000000
1151267893.json,1.000000,0.000000,0.000000,0.666667,0.733333
1151314653.json,0.894737,0.000000,0.000000,0.736842,0.473684
1151333696.json,1.000000,0.000000,0.000000,0.875000,0.600000
115155708.json,0.809524,0.047619,0.000000,0.285714,1.000000
1151713265.json,0.937500,0.000000,0.031250,0.531250,0.781250
1151957735.json,1.000000,0.000000,0.000000,1.000000,0.909091
1152261514.json,1.000000,0.000000,0.000000,0.588235,0.411765
1152283314.json,1.000000,0.000000,0.000000,0.882353,0.588235
1152485633.json,1.000000,0.000000,0.000000,1.000000,1.000000
1152614806.json,1.000000,0.000000,0.000000,0.772727,0.909091
1152858714.json,1.000000,0.000000,0.045455,0.818182,0.590909
1153427929.json,0.793103,0.000000,0.034483,0.448276,0.689655
1153548192.json,1.000000,0.000000,0.041667,0.583333,0.708333
115360573.json,1.000000,0.000000,0.000000,0.727273,1.000000
1154254558.json,1.000000,0.000000,0.000000,0.888889,0.888889
1154767513.json,1.000000,0.000000,0.000000,1.000000,1.000000
1154812731.json,1.000000,0.000000,0.000000,1.000000,0.882353
1155118263.json,1.000000,0.000000,0.000000,0.656250,0.812500
1155406537.json,1.000000,0.000000,0.000000,0.285714,0.904762
1156047573.json,1.000000,0.000000,0.000000,0.565217,0.695652
1156160156.json,1.000000,0.000000,0.000000,0.655172,0.793103
1156187956.json,1.000000,0.000000,0.031250,1.000000,0.937500
1156483740.json,1.000000,0.000000,0.000000,1.000000,0.800000
1156822711.json,1.000000,0.222222,0.000000,1.000000,1.000000
1157103317.json,1.000000,0.000000,0.066667,1.000000,1.000000
1157521556.json,1.000000,0.000000,0.000000,1.000000,0.692308
1157556518.json,1.000000,0.000000,0.000000,1.000000,0.916667
1158186539.json,1.000000,0.000000,0.000000,1.000000,0.800000
1158664012.json,1.000000,0.000000,0.000000,0.862069,0.724138
1158936132.json,1.000000,0.111111,0.000000,1.000000,0.777778
11597756.json,1.000000,0.000000,0.000000,0.437500,0.750000
1159794605.json,1.000000,0.000000,0.000000,0.678571,0.857143
1160066690.json,1.000000,0.000000,0.000000,1.000000,0.600000
1160086751.json,0.923077,0.000000,0.000000,0.653846,0.807692
116074389.json,1.000000,0.000000,0.000000,1.000000,0.761905
1160866544.json,1.000000,0.000000,0.000000,0.666667,0.761905
1160877959.json,1.000000,0.000000,0.000000,1.000000,1.000000
1160995450.json,1.000000,0.000000,0.000000,1.000000,0.789474
1161275300.json,1.000000,0.058824,0.000000,0.352941,0.882353
1162331663.json,1.000000,0.000000,0.000000,1.000000,0.875000
1162747107.json,1.000000,0.000000,0.000000,1.000000,0.900000
1163089431.json,1.000000,0.000000,0.000000,1.000000,0.826087
1163314687.json,1.000000,0.029412,0.000000,0.882353,0.676471
1163533027.json,1.000000,0.000000,0.000000,0.687500,0.875000
1163822950.json,1.000000,0.000000,0.000000,0.666667,0.523810
1163999029.json,1.000000,0.000000,0.000000,1.000000,1.000000
1164147951.json,1.000000,0.000000,0.083333,0.500000,1.000000
1164326827.json,1.000000,0.000000,0.000000,1.000000,0.894737
1164381284.json,1.000000,0.000000,0.055556,0.722222,1.000000
1165644449.json,1.000000,0.000000,0.000000,0.897436,0.589744
1165672134.json,1.000000,0.000000,0.000000,0.454545,0.909091
1166087160.json,1.000000,0.000000,0.000000,1.000000,0.875000
1166520634.json,1.000000,0.000000,0.000000,1.000000,1.000000
116655811.json,0.913043,0.000000,0.000000,0.217391,0.782609
1166618708.json,1.000000,0.000000,0.000000,0.750000,0.500000
1166713953.json,1.000000,0.000000,0.000000,0.727273,0.939394
1167127756.json,1.000000,0.058824,0.058824,1.000000,0.764706
1167221548.json,1.000000,0.000000,0.000000,0.769231,0.743590
1167231445.json,1.000000,0.000000,0.000000,1.000000,1.000000
1167481848.json,1.000000,0.000000,0.000000,1.000000,0.882353
1167521718.json,1.000000,0.000000,0.000000,0.812500,0.718750
1167931985.json,1.000000,0.000000,0.000000,1.000000,1.000000
1168017893.json,1.000000,0.000000,0.000000,1.000000,0.821429
1168188392.json,1.000000,0.000000,0.043478,0.782609,0.913043
1168205075.json,1.000000,0.000000,0.000000,1.000000,0.894737
1168252224.json,1.000000,0.000000,0.000000,0.631579,0.789474
1168277478.json,1.000000,0.000000,0.000000,0.894737,0.736842
1168556146.json,1.000000,0.000000,0.000000,0.973684,0.947368
1168599934.json,1.000000,0.000000,0.000000,0.555556,0.740741
11688952.json,1.000000,0.000000,0.000000,0.259259,0.555556
1169029479.json,1.000000,0.000000,0.000000,0.851852,0.666667
1169142192.json,1.000000,0.000000,0.060606,0.696970,0.818182
1169316981.json,0.916667,0.000000,0.000000,0.291667,0.833333
1169568035.json,1.000000,0.000000,0.000000,0.750000,0.678571
1169939803.json,1.000000,0.000000,0.000000,0.629630,0.925926
1170090237.json,1.000000,0.000000,0.000000,1.000000,0.882353
1170697561.json,1.000000,0.000000,0.157895,1.000000,1.000000
1170924526.json,1.000000,0.000000,0.047619,0.666667,0.761905
117191281.json,1.000000,0.000000,0.000000,0.769231,0.576923
1172129479.json,1.000000,0.000000,0.000000,0.772727,0.909091
1172579408.json,1.000000,0.000000,0.000000,0.900000,0.800000
1172669616.json,1.000000,0.000000,0.000000,1.000000,0.619048
1173681471.json,1.000000,0.000000,0.000000,1.000000,0.666667
1173869685.json,1.000000,0.000000,0.000000,0.315789,0.789474
1174286601.json,1.000000,0.000000,0.000000,1.000000,0.909091
1174369546.json,1.000000,0.000000,0.000000,0.564103,0.512821
1174713879.json,1.000000,0.000000,0.000000,0.666667,0.600000
11749144.json,1.000000,0.000000,0.000000,0.700000,0.766667
1174927742.json,1.000000,0.000000,0.000000,1.000000,0.727273
1175155516.json,1.000000,0.000000,0.000000,1.000000,0.888889
1175307781.json,1.000000,0.000000,0.000000,0.705882,0.882353
117580744.json,1.000000,0.000000,0.000000,0.466667,0.466667
1175979386.json,1.000000,0.000000,0.000000,1.000000,0.583333
1176458936.json,0.894737,0.000000,0.000000,0.631579,0.789474
1176514447.json,1.000000,0.000000,0.000000,0.909091,0.727273
1176643547.json,1.000000,0.000000,0.076923,1.000000,1.000000
1176833466.json,1.000000,0.000000,0.000000,1.000000,0.945946
1177117748.json,1.000000,0.055556,0.111111,1.000000,1.000000
1177747036.json,1.000000,0.000000,0.000000,0.833333,0.666667
1178043145.json,1.000000,0.000000,0.000000,0.700000,0.800000
1178747747.json,1.000000,0.000000,0.000000,0.866667,0.733333
1179296702.json,1.000000,0.000000,0.043478,0.652174,0.913043
1179518963.json,1.000000,0.000000,0.000000,1.000000,0.777778
117982406.json,1.000000,0.000000,0.000000,0.800000,0.500000
1179960911.json,1.000000,0.117647,0.000000,1.000000,1.000000
1180124297.json,1.000000,0.000000,0.000000,0.875000,0.750000
1180168927.json,1.000000,0.062500,0.000000,1.000000,0.875000
1180349931.json,1.000000,0.000000,0.000000,0.571429,0.642857
1180504179.json,1.000000,0.105263,0.105263,1.000000,1.000000
1180803515.json,1.000000,0.000000,0.000000,1.000000,1.000000
1180895063.json,1.000000,0.000000,0.066667,0.600000,1.000000
1180946358.json,1.000000,0.000000,0.000000,0.750000,0.800000
1180998122.json,1.000000,0.000000,0.090909,0.666667,0.939394
118119366.json,1.000000,0.000000,0.027027,0.891892,0.837838
1181313383.json,1.000000,0.000000,0.000000,1.000000,0.875000
1181660092.json,1.000000,0.476190,0.476190,1.000000,1.000000
1181741165.json,1.000000,0.000000,0.000000,0.838710,0.709677
1181901031.json,1.000000,0.266667,0.533333,1.000000,1.000000
1182064388.json,1.000000,0.000000,0.000000,1.000000,1.000000
11823167.json,1.000000,0.000000,0.000000,1.000000,0.727273
1182460499.json,1.000000,0.000000,0.000000,1.000000,0.775000
1182515569.json,1.000000,0.000000,0.000000,0.900000,0.800000
118300657.json,1.000000,0.133333,0.000000,0.933333,0.800000
118316708.json,1.000000,0.000000,0.000000,0.913043,0.913043
1183247771.json,1.000000,0.000000,0.030303,0.878788,0.636364
1183275938.json,1.000000,0.000000,0.000000,0.619048,0.714286
1183280737.json,1.000000,0.000000,0.000000,1.000000,0.800000
1183370365.json,1.000000,0.000000,0.000000,1.000000,0.900000
1183480022.json,1.000000,0.000000,0.000000,0.903226,1.000000
1183734576.json,1.000000,0.000000,0.000000,0.809524,1.000000
1183894400.json,1.000000,0.000000,0.000000,1.000000,0.807692
118414119.json,1.000000,0.266667,0.533333,1.000000,1.000000
11843131.json,1.000000,0.000000,0.000000,0.812500,1.000000
1184729665.json,1.000000,0.000000,0.043478,0.347826,0.826087
1184975912.json,1.000000,0.000000,0.000000,0.700000,0.900000
1185324200.json,1.000000,0.000000,0.000000,1.000000,1.000000
1185486645.json,1.000000,0.000000,0.000000,0.909091,1.000000
1186377611.json,1.000000,0.000000,0.000000,1.000000,1.000000
1186474193.json,1.000000,0.000000,0.000000,0.904762,0.714286
1187263169.json,1.000000,0.000000,0.000000,1.000000,0.888889
1187503880.json,1.000000,0.000000,0.000000,0.875000,1.000000
1188104361.json,1.000000,0.000000,0.047619,1.000000,0.714286
1188474268.json,1.000000,0.000000,0.000000,0.600000,0.466667
1189659954.json,1.000000,0.000000,0.000000,1.000000,0.789474
1189699194.json,1.000000,0.000000,0.000000,0.843750,0.687500
1189731883.json,1.000000,0.000000,0.000000,1.000000,0.428571
1189864397.json,1.000000,0.000000,0.000000,1.000000,0.680000
1190287113.json,1.000000,0.000000,0.000000,1.000000,1.000000
1191287264.json,1.000000,0.000000,0.000000,0.818182,0.727273
1191408267.json,1.000000,0.000000,0.000000,0.675000,0.925000
1191577751.json,1.000000,0.000000,0.000000,0.466667,0.500000
1191880700.json,1.000000,0.111111,0.055556,0.833333,0.777778
1192098243.json,0.892857,0.000000,0.000000,1.000000,0.821429
1192212369.json,1.000000,0.000000,0.000000,1.000000,0.600000
1192280578.json,1.000000,0.000000,0.000000,0.857143,0.809524
1192603207.json,1.000000,0.000000,0.000000,0.888889,1.000000
1192653070.json,1.000000,0.000000,0.000000,1.000000,1.000000
1192827116.json,1.000000,0.000000,0.045455,1.000000,0.909091
1193229086.json,1.000000,0.000000,0.000000,1.000000,0.882353
1193270233.json,1.000000,0.000000,0.000000,1.000000,0.666667
1193959837.json,1.000000,0.000000,0.029412,1.000000,1.000000
1194113163.json,1.000000,0.000000,0.000000,1.000000,1.000000
1194287940.json,1.000000,0.000000,0.000000,0.960000,1.000000
1194463540.json,1.000000,0.000000,0.000000,1.000000,0.900000
1194674976.json,1.000000,0.000000,0.000000,1.000000,1.000000
1195286382.json,1.000000,0.000000,0.000000,0.777778,1.000000
1195484083.json,1.000000,0.000000,0.000000,1.000000,0.837838
1195732254.json,1.000000,0.000000,0.000000,1.000000,1.000000
1197236368.json,1.000000,0.000000,0.000000,1.000000,0.777778
1197375677.json,1.000000,0.000000,0.000000,0.720000,0.760000
1197502275.json,1.000000,0.000000,0.111111,0.777778,0.666667
1197647716.json,1.000000,0.000000,0.000000,0.705882,1.000000
1197797109.json,1.000000,0.000000,0.000000,0.428571,0.428571
119873682.json,0.838710,0.000000,0.000000,0.677419,0.806452
1198831713.json,1.000000,0.000000,0.105263,0.894737,1.000000
1199305372.json,1.000000,0.000000,0.000000,1.000000,0.777778
1199385395.json,1.000000,0.000000,0.000000,1.000000,0.750000
1199410956.json,1.000000,0.000000,0.000000,0.583333,0.666667
1200242990.json,1.000000,0.000000,0.000000,1.000000,0.695652
1200334053.json,1.000000,0.000000,0.117647,0.882353,0.647059
1200342432.json,1.000000,0.000000,0.000000,0.966667,0.733333
1200502149.json,1.000000,0.000000,0.000000,1.000000,0.920000
1201133546.json,1.000000,0.000000,0.000000,0.925926,0.629630
1201198762.json,1.000000,0.000000,0.043478,1.000000,0.913043
1201341841.json,1.000000,0.000000,0.066667,0.800000,0.866667
12022237.json,1.000000,0.000000,0.050000,0.200000,0.750000
1202458409.json,1.000000,0.000000,0.043478,1.000000,0.913043
1202643449.json,1.000000,0.000000,0.000000,1.000000,0.894737
1203056481.json,1.000000,0.000000,0.038462,1.000000,0.692308
1203080808.json,1.000000,0.000000,0.000000,0.900000,0.900000
1203475857.json,1.000000,0.000000,0.000000,0.576923,0.846154
1203916741.json,0.851852,0.000000,0.000000,1.000000,0.777778
1204110744.json,1.000000,0.000000,0.000000,1.000000,0.882353
1204188753.json,1.000000,0.000000,0.000000,0.933333,0.733333
1204551565.json,1.000000,0.000000,0.000000,0.653846,0.884615
12047387.json,1.000000,0.000000,0.000000,0.727273,0.772727
120491528.json,1.000000,0.000000,0.000000,0.576923,0.615385
1205025738.json,1.000000,0.000000,0.000000,1.000000,1.000000
1205062650.json,1.000000,0.000000,0.000000,1.000000,0.850000
1205307298.json,1.000000,0.000000,0.000000,1.000000,0.733333
1205311588.json,1.000000,0.000000,0.000000,0.814815,0.592593
1205588343.json,1.000000,0.000000,0.000000,0.840000,0.840000
1205839717.json,1.000000,0.000000,0.000000,0.476190,0.666667
1206073475.json,1.000000,0.000000,0.000000,0.812500,0.875000
1206074201.json,1.000000,0.227273,0.227273,1.000000,0.909091
1206192597.json,1.000000,0.000000,0.045455,1.000000,0.818182
1206205153.json,1.000000,0.000000,0.000000,0.882353,0.764706
1206274741.json,1.000000,0.000000,0.000000,1.000000,0.870968
1206511276.json,1.000000,0.000000,0.035714,0.107143,0.785714
1206754522.json,1.000000,0.000000,0.000000,0.421053,0.368421
1206822676.json,1.000000,0.034483,0.000000,0.827586,0.724138
1207614737.json,1.000000,0.000000,0.027778,0.694444,1.000000
1207663624.json,1.000000,0.000000,0.000000,0.533333,0.666667
1207759168.json,1.000000,0.000000,0.026316,1.000000,0.736842
1208272458.json,1.000000,0.000000,0.000000,1.000000,0.920000
1208274528.json,1.000000,0.000000,0.000000,0.241379,0.448276
1208761731.json,1.000000,0.000000,0.000000,1.000000,0.700000
1209792448.json,0.939394,0.000000,0.000000,0.666667,0.545455
120982910.json,1.000000,0.000000,0.000000,0.833333,0.833333
1210034201.json,1.000000,0.047619,0.000000,1.000000,1.000000
1210358644.json,1.000000,0.000000,0.000000,1.000000,1.000000
121101353.json,1.000000,0.000000,0.000000,0.708333,1.000000
1211168406.json,0.913043,0.000000,0.000000,0.826087,0.826087
1211548973.json,1.000000,0.000000,0.000000,0.863636,0.909091
1211904755.json,1.000000,0.000000,0.000000,1.000000,0.800000
1212097762.json,1.000000,0.000000,0.000000,1.000000,0.675000
1212116526.json,0.733333,0.133333,0.000000,0.866667,0.866667
1212619916.json,1.000000,0.000000,0.000000,0.866667,0.733333
1213131081.json,1.000000,0.000000,0.052632,0.368421,0.789474
1213344352.json,0.916667,0.000000,0.000000,0.291667,0.833333
1213635518.json,1.000000,0.034483,0.000000,0.551724,0.586207
1214089164.json,1.000000,0.000000,0.000000,0.857143,0.928571
1214290279.json,1.000000,0.000000,0.000000,0.555556,0.777778
1214542569.json,0.866667,0.000000,0.000000,1.000000,0.466667
1215129533.json,1.000000,0.000000,0.000000,1.000000,0.815789
1215338073.json,1.000000,0.000000,0.000000,1.000000,0.794118
1216036715.json,1.000000,0.000000,0.038462,1.000000,0.807692
1216144971.json,1.000000,0.000000,0.000000,1.000000,0.809524
1216837506.json,0.500000,0.000000,0.000000,1.000000,0.900000
1217189555.json,1.000000,0.000000,0.000000,0.538462,0.461538
1217568835.json,1.000000,0.000000,0.000000,0.952381,0.904762
1217782573.json,1.000000,0.000000,0.000000,1.000000,0.846154
1217861566.json,1.000000,0.000000,0.000000,1.000000,0.615385
1217893455.json,1.000000,0.000000,0.000000,0.409091,0.681818
121794840.json,1.000000,0.000000,0.000000,0.818182,0.818182
1218564254.json,1.000000,0.000000,0.000000,1.000000,0.888889
1218611277.json,1.000000,0.000000,0.000000,0.695652,0.608696
1218754285.json,1.000000,0.066667,0.000000,0.133333,0.666667
1218908310.json,1.000000,0.000000,0.000000,1.000000,1.000000
1219123681.json,1.000000,0.040000,0.000000,1.000000,0.840000
12193342.json,1.000000,0.000000,0.058824,1.000000,1.000000
1219351397.json,1.000000,0.055556,0.000000,1.000000,1.000000
1219375789.json,1.000000,0.000000,0.000000,0.566667,0.466667
1219883005.json,1.000000,0.000000,0.000000,0.772727,0.636364
122020534.json,0.529412,0.058824,0.000000,0.882353,0.705882
1220258551.json,1.000000,0.000000,0.000000,1.000000,1.000000
1220396937.json,1.000000,0.000000,0.000000,0.933333,0.866667
1220405647.json,1.000000,0.000000,0.000000,0.533333,0.533333
1220576008.json,1.000000,0.133333,0.066667,1.000000,1.000000
1220665114.json,1.000000,0.000000,0.000000,0.294118,0.882353
1220956761.json,1.000000,0.000000,0.000000,0.461538,0.653846
1221275680.json,1.000000,0.000000,0.000000,1.000000,0.739130
122158440.json,1.000000,0.000000,0.000000,0.312500,0.125000
1221604046.json,1.000000,0.000000,0.000000,0.562500,1.000000
1221641256.json,1.000000,0.000000,0.000000,0.777778,0.722222
1222297028.json,1.000000,0.000000,0.000000,0.727273,0.727273
1222576678.json,1.000000,0.000000,0.000000,1.000000,1.000000
1222702335.json,1.000000,0.000000,0.000000,0.700000,0.650000
1223077363.json,1.000000,0.043478,0.043478,1.000000,0.695652
1223105150.json,0.894737,0.000000,0.000000,0.842105,0.842105
1223130572.json,1.000000,0.000000,0.000000,0.000000,0.866667
122318545.json,1.000000,0.000000,0.000000,1.000000,0.931034
1223274120.json,1.000000,0.000000,0.000000,0.611111,1.000000
1224346428.json,1.000000,0.000000,0.000000,0.761905,0.761905
1224748381.json,1.000000,0.000000,0.100000,1.000000,1.000000
1225055299.json,1.000000,0.000000,0.062500,1.000000,0.875000
12251171.json,1.000000,0.000000,0.000000,0.838710,0.935484
1225412372.json,1.000000,0.000000,0.000000,1.000000,0.866667
1225467575.json,1.000000,0.000000,0.055556,0.722222,0.888889
1225498878.json,1.000000,0.000000,0.000000,1.000000,0.733333
1225770656.json,1.000000,0.000000,0.000000,1.000000,0.894737
1226133062.json,1.000000,0.000000,0.000000,0.848485,0.727273
1226729641.json,1.000000,0.000000,0.000000,0.736842,0.421053
1226918279.json,1.000000,0.000000,0.000000,0.810811,0.540541
1227233880.json,1.000000,0.000000,0.000000,1.000000,0.785714
1227248983.json,1.000000,0.000000,0.000000,0.529412,0.705882
1227370023.json,1.000000,0.000000,0.000000,0.866667,0.600000
1227453500.json,1.000000,0.000000,0.000000,0.904762,0.761905
1227951357.json,1.000000,0.000000,0.000000,0.875000,0.333333
1228339932.json,1.000000,0.157895,0.000000,0.842105,0.789474
1228468932.json,1.000000,0.000000,0.000000,0.529412,0.647059
122848555.json,1.000000,0.000000,0.000000,1.000000,0.826087
1229042696.json,1.000000,0.000000,0.000000,0.305556,0.611111
1229380355.json,1.000000,0.000000,0.000000,1.000000,1.000000
1230131324.json,1.000000,0.000000,0.000000,1.000000,1.000000
1230151808.json,1.000000,0.000000,0.000000,1.000000,1.000000
1230342588.json,1.000000,0.000000,0.000000,0.791667,0.833333
1230406442.json,1.000000,0.000000,0.000000,1.000000,1.000000
1230506678.json,1.000000,0.000000,0.000000,0.727273,1.000000
1232050155.json,1.000000,0.033333,0.033333,1.000000,1.000000
1232077330.json,1.000000,0.000000,0.000000,1.000000,0.812500
123276873.json,1.000000,0.125000,0.000000,0.562500,0.750000
1233139390.json,1.000000,0.029412,0.000000,0.852941,0.911765
1233246402.json,1.000000,0.000000,0.000000,1.000000,0.769231
1233350554.json,1.000000,0.000000,0.000000,0.333333,0.696970
1233504968.json,1.000000,0.000000,0.000000,1.000000,1.000000
123401366.json,1.000000,0.130435,0.217391,0.956522,1.000000
1234254324.json,1.000000,0.000000,0.000000,0.918919,0.891892
1234824243.json,0.840000,0.000000,0.000000,0.840000,0.720000
1235242320.json,1.000000,0.058824,0.000000,0.705882,0.882353
1235391044.json,1.000000,0.038462,0.076923,0.923077,0.769231
1235528016.json,1.000000,0.000000,0.000000,1.000000,0.880000
1235925705.json,1.000000,0.100000,0.100000,1.000000,0.850000
1236486902.json,1.000000,0.051282,0.025641,0.923077,0.846154
1236517174.json,1.000000,0.166667,0.291667,1.000000,1.000000
1236626935.json,1.000000,0.000000,0.000000,0.884615,0.769231
1237268472.json,1.000000,0.000000,0.030303,0.696970,0.878788
1237501896.json,1.000000,0.000000,0.066667,1.000000,0.866667
1237664930.json,1.000000,0.000000,0.000000,0.904762,0.904762
1237741524.json,1.000000,0.000000,0.000000,1.000000,0.866667
1238611366.json,0.923077,0.000000,0.038462,0.692308,0.730769
1238720898.json,1.000000,0.000000,0.000000,0.812500,0.875000
1238839614.json,1.000000,0.000000,0.000000,0.894737,0.684211
1239385099.json,1.000000,0.000000,0.000000,1.000000,0.904762
1239521244.json,1.000000,0.000000,0.000000,1.000000,0.733333
123955524.json,1.000000,0.000000,0.000000,0.333333,0.611111
1239633710.json,1.000000,0.000000,0.000000,0.923077,0.538462
1240095335.json,1.000000,0.000000,0.000000,1.000000,0.935484
1240098864.json,1.000000,0.000000,0.000000,0.866667,0.866667
1240340222.json,0.913043,0.043478,0.000000,0.608696,0.826087
1240361890.json,1.000000,0.000000,0.066667,0.800000,0.733333
1240542853.json,1.000000,0.066667,0.000000,1.000000,1.000000
1241042198.json,1.000000,0.000000,0.058824,1.000000,0.764706
1241729278.json,1.000000,0.000000,0.000000,0.935484,0.580645
1241956040.json,1.000000,0.000000,0.000000,0.783784,0.702703
1242088132.json,1.000000,0.272727,0.136364,0.909091,1.000000
1242291029.json,1.000000,0.000000,0.000000,1.000000,0.866667
124233973.json,1.000000,0.000000,0.060606,0.363636,0.878788
1242371929.json,1.000000,0.000000,0.000000,0.741935,0.774194
1242687185.json,1.000000,0.000000,0.000000,1.000000,0.846154
1242724686.json,1.000000,0.000000,0.000000,0.576923,0.846154
124287715.json,1.000000,0.000000,0.000000,1.000000,0.777778
1242966858.json,1.000000,0.000000,0.000000,1.000000,1.000000
1242968192.json,1.000000,0.000000,0.000000,1.000000,1.000000
1244350189.json,1.000000,0.000000,0.000000,0.944444,0.888889
1245035956.json,1.000000,0.000000,0.000000,0.421053,0.368421
1245069547.json,1.000000,0.133333,0.066667,1.000000,1.000000
1245224787.json,1.000000,0.000000,0.000000,0.777778,0.814815
1245685793.json,1.000000,0.000000,0.000000,1.000000,0.800000
1245980565.json,1.000000,0.000000,0.000000,1.000000,0.722222
1246632033.json,1.000000,0.000000,0.000000,1.000000,0.928571
1246642531.json,1.000000,0.000000,0.050000,0.650000,0.900000
1246804363.json,1.000000,0.000000,0.000000,0.736842,0.894737
1247072196.json,1.000000,0.000000,0.000000,0.636364,0.909091
1247075655.json,1.000000,0.000000,0.000000,0.360000,0.920000
1247085615.json,1.000000,0.000000,0.000000,0.478261,0.739130
1247139680.json,1.000000,0.050000,0.050000,1.000000,0.750000
1247146572.json,1.000000,0.000000,0.000000,1.000000,0.900000
1247346145.json,1.000000,0.040000,0.000000,1.000000,0.920000
1247360384.json,1.000000,0.000000,0.000000,0.250000,1.000000
124751926.json,1.000000,0.034483,0.034483,1.000000,0.931034
124770517.json,1.000000,0.000000,0.000000,0.520000,0.840000
1248171630.json,1.000000,0.034483,0.000000,0.827586,0.931034
1248327371.json,1.000000,0.000000,0.058824,1.000000,0.882353
1248513822.json,1.000000,0.000000,0.050000,1.000000,0.900000
1249029217.json,1.000000,0.000000,0.000000,1.000000,0.500000
1249266241.json,1.000000,0.000000,0.000000,0.868421,0.736842
1249395099.json,1.000000,0.000000,0.000000,1.000000,0.812500
1249419825.json,1.000000,0.000000,0.000000,0.880000,0.920000
1249588092.json,0.878788,0.000000,0.000000,0.727273,0.787879
124993043.json,1.000000,0.000000,0.000000,0.700000,0.750000
125004378.json,1.000000,0.000000,0.000000,0.833333,0.750000
1250100615.json,1.000000,0.050000,0.000000,0.600000,1.000000
1250317082.json,1.000000,0.000000,0.000000,1.000000,0.741935
1250350347.json,1.000000,0.000000,0.000000,0.470588,0.352941
1251397152.json,1.000000,0.000000,0.000000,1.000000,1.000000
1251640386.json,1.000000,0.000000,0.000000,1.000000,0.769231
1252090079.json,1.000000,0.187500,0.500000,1.000000,0.875000
125219180.json,1.000000,0.000000,0.000000,1.000000,0.666667
1252925988.json,1.000000,0.000000,0.000000,0.800000,1.000000
1252967411.json,1.000000,0.000000,0.000000,0.952381,0.761905
1253576124.json,1.000000,0.000000,0.000000,1.000000,0.720000
1254360815.json,1.000000,0.000000,0.045455,1.000000,0.909091
125460031.json,1.000000,0.000000,0.000000,0.130435,0.565217
1255258473.json,1.000000,0.000000,0.000000,1.000000,1.000000
1255294478.json,1.000000,0.000000,0.000000,0.444444,1.000000
1255476199.json,1.000000,0.000000,0.000000,0.925926,0.777778
1255496408.json,1.000000,0.000000,0.000000,0.857143,0.678571
1255721759.json,1.000000,0.000000,0.000000,0.520000,0.840000
1255948727.json,1.000000,0.000000,0.000000,0.818182,1.000000
1255953630.json,1.000000,0.000000,0.000000,1.000000,1.000000
1256357736.json,1.000000,0.000000,0.000000,0.472222,0.750000
125637825.json,0.900000,0.000000,0.000000,0.500000,1.000000
1256992798.json,1.000000,0.000000,0.000000,0.888889,0.666667
1257077109.json,1.000000,0.037037,0.111111,1.000000,0.851852
1257424801.json,1.000000,0.000000,0.041667,0.333333,0.833333
1257791619.json,1.000000,0.000000,0.000000,0.888889,0.666667
1258237260.json,1.000000,0.000000,0.000000,1.000000,1.000000
1258383085.json,0.888889,0.000000,0.055556,0.666667,0.888889
1258568198.json,1.000000,0.000000,0.000000,0.785714,0.642857
1259004082.json,1.000000,0.000000,0.000000,1.000000,0.875000
1259149851.json,1.000000,0.000000,0.000000,0.741935,1.000000
1259182097.json,0.783784,0.000000,0.000000,0.918919,0.756757
1259812245.json,0.941176,0.000000,0.000000,0.705882,0.794118
1259823197.json,1.000000,0.000000,0.000000,0.812500,0.875000
1259943543.json,1.000000,0.000000,0.000000,0.722222,0.888889
126017829.json,0.928571,0.000000,0.000000,0.714286,0.857143
1260188696.json,1.000000,0.000000,0.000000,1.000000,0.653846
1260460801.json,0.866667,0.000000,0.000000,0.866667,0.866667
1260656427.json,1.000000,0.000000,0.000000,0.550000,0.600000
1260875114.json,1.000000,0.000000,0.000000,1.000000,0.904762
1261745030.json,1.000000,0.000000,0.000000,1.000000,0.684211
1261764794.json,1.000000,0.000000,0.000000,0.866667,1.000000
1262547659.json,1.000000,0.000000,0.000000,0.562500,0.750000
1262603038.json,1.000000,0.000000,0.000000,1.000000,0.444444
1263109701.json,1.000000,0.000000,0.000000,1.000000,0.900000
1263118466.json,1.000000,0.000000,0.040000,1.000000,0.840000
1263238599.json,1.000000,0.000000,0.038462,1.000000,0.884615
126481965.json,1.000000,0.000000,0.000000,0.481481,0.555556
1265109412.json,0.900000,0.000000,0.000000,0.450000,0.900000
1265132067.json,1.000000,0.000000,0.000000,0.333333,0.866667
1266406930.json,0.866667,0.000000,0.000000,0.700000,0.700000
126732014.json,1.000000,0.000000,0.000000,0.878788,0.878788
1267396259.json,1.000000,0.000000,0.038462,0.269231,0.923077
1267705162.json,1.000000,0.000000,0.080000,0.120000,0.840000
1267942566.json,1.000000,0.160000,0.080000,1.000000,0.480000
1267986179.json,1.000000,0.000000,0.000000,1.000000,1.000000
1268814828.json,1.000000,0.000000,0.032258,0.870968,0.935484
1268972404.json,1.000000,0.000000,0.000000,1.000000,0.777778
1269370637.json,1.000000,0.000000,0.055556,0.777778,1.000000
1269416536.json,1.000000,0.000000,0.000000,0.545455,0.818182
1269449021.json,1.000000,0.000000,0.052632,1.000000,0.894737
126964003.json,1.000000,0.000000,0.055556,0.611111,1.000000
1270159869.json,1.000000,0.000000,0.027027,1.000000,0.864865
1270504803.json,1.000000,0.000000,0.000000,0.666667,0.666667
1271096918.json,1.000000,0.000000,0.050000,1.000000,1.000000
1271825990.json,1.000000,0.000000,0.000000,0.523810,0.904762
1271871260.json,1.000000,0.062500,0.000000,0.687500,1.000000
1272203526.json,0.878788,0.000000,0.030303,0.878788,0.818182
1272942218.json,0.916667,0.000000,0.000000,0.791667,0.666667
127296231.json,0.909091,0.000000,0.000000,0.363636,1.000000
1272967073.json,1.000000,0.000000,0.000000,0.937500,0.750000
1273334897.json,1.000000,0.000000,0.000000,0.705882,0.823529
1273690053.json,1.000000,0.000000,0.000000,0.733333,0.666667
1273826405.json,0.868421,0.000000,0.000000,0.868421,0.657895
1273908496.json,1.000000,0.000000,0.000000,1.000000,0.645161
1273934343.json,1.000000,0.000000,0.000000,0.392857,0.857143
1274020117.json,1.000000,0.000000,0.000000,0.916667,0.916667
127416850.json,1.000000,0.000000,0.000000,0.823529,1.000000
1274246714.json,0.315789,0.000000,0.000000,0.368421,1.000000
1274525261.json,1.000000,0.000000,0.000000,0.437500,0.687500
1274787888.json,1.000000,0.055556,0.000000,0.666667,1.000000
1275193885.json,0.916667,0.000000,0.041667,0.583333,0.750000
1275299638.json,1.000000,0.000000,0.000000,1.000000,0.411765
1276232515.json,1.000000,0.000000,0.000000,1.000000,0.900000
1276257860.json,1.000000,0.187500,0.125000,1.000000,0.625000
1276344644.json,1.000000,0.060606,0.000000,0.848485,0.939394
1277044163.json,1.000000,0.000000,0.000000,1.000000,0.766667
1278045328.json,1.000000,0.000000,0.000000,1.000000,0.785714
12785190.json,1.000000,0.150000,0.350000,1.000000,0.900000
1278614697.json,1.000000,0.000000,0.040000,0.920000,0.880000
1278618044.json,1.000000,0.000000,0.000000,0.842105,0.526316
1279007618.json,1.000000,0.000000,0.000000,0.806452,0.741935
127906927.json,1.000000,0.000000,0.000000,0.869565,0.782609
127935171.json,1.000000,0.000000,0.000000,1.000000,1.000000
1279598910.json,1.000000,0.000000,0.000000,0.800000,1.000000
1280191109.json,1.000000,0.000000,0.000000,0.750000,0.750000
1280216217.json,0.529412,0.058824,0.000000,0.882353,0.705882
1280642480.json,1.000000,0.000000,0.000000,1.000000,1.000000
1280738292.json,1.000000,0.000000,0.000000,0.785714,0.714286
1280796771.json,1.000000,0.000000,0.095238,0.333333,0.666667
1281316755.json,1.000000,0.000000,0.000000,1.000000,1.000000
1281515595.json,1.000000,0.000000,0.000000,0.500000,0.600000
1282151277.json,1.000000,0.000000,0.000000,0.571429,1.000000
1282462016.json,1.000000,0.000000,0.035714,0.964286,0.857143
1282515952.json,1.000000,0.000000,0.038462,0.884615,0.807692
1283063719.json,1.000000,0.000000,0.000000,0.793103,0.896552
1283240832.json,1.000000,0.000000,0.125000,0.875000,1.000000
1283404815.json,1.000000,0.000000,0.050000,0.700000,0.800000
1283639828.json,1.000000,0.000000,0.000000,0.842105,1.000000
1283834339.json,1.000000,0.000000,0.000000,0.761905,0.809524
1284255093.json,1.000000,0.000000,0.037037,0.851852,0.925926
1285066301.json,1.000000,0.000000,0.000000,0.727273,0.818182
1285384942.json,1.000000,0.000000,0.000000,0.962963,0.851852
1285589028.json,1.000000,0.000000,0.000000,1.000000,1.000000
1285968896.json,1.000000,0.000000,0.000000,0.621622,0.945946
1286256249.json,1.000000,0.000000,0.000000,1.000000,1.000000
1286259482.json,1.000000,0.000000,0.000000,1.000000,0.700000
1286560275.json,1.000000,0.037037,0.000000,1.000000,0.777778
1286902433.json,1.000000,0.000000,0.000000,0.923077,0.576923
1286910113.json,1.000000,0.000000,0.000000,1.000000,0.800000
1286967594.json,0.555556,0.055556,0.000000,0.555556,1.000000
1287319788.json,1.000000,0.000000,0.000000,1.000000,0.777778
1287354585.json,1.000000,0.000000,0.000000,1.000000,0.681818
1288254765.json,1.000000,0.000000,0.000000,0.840000,0.600000
1288391610.json,1.000000,0.000000,0.000000,1.000000,1.000000
1288790214.json,1.000000,0.000000,0.000000,0.789474,0.894737
1288916940.json,1.000000,0.000000,0.000000,0.666667,0.833333
128945951.json,1.000000,0.000000,0.000000,0.933333,0.333333
1289711759.json,1.000000,0.000000,0.000000,0.400000,0.866667
1289807568.json,1.000000,0.100000,0.100000,1.000000,0.850000
1290032692.json,1.000000,0.000000,0.000000,0.470588,0.705882
1291042293.json,1.000000,0.000000,0.000000,1.000000,0.888889
1291280268.json,1.000000,0.000000,0.000000,0.680000,0.640000
1291607728.json,1.000000,0.000000,0.000000,1.000000,0.548387
1291791129.json,1.000000,0.000000,0.000000,0.047619,0.904762
129211371.json,1.000000,0.000000,0.000000,1.000000,0.823529
1292406867.json,1.000000,0.000000,0.000000,1.000000,0.944444
1292654443.json,1.000000,0.000000,0.000000,1.000000,0.875000
129320630.json,1.000000,0.000000,0.000000,0.800000,0.850000
1293618791.json,1.000000,0.000000,0.000000,0.562500,0.750000
1293639708.json,1.000000,0.000000,0.000000,0.548387,0.741935
1293946115.json,1.000000,0.000000,0.000000,1.000000,1.000000
1294242305.json,1.000000,0.000000,0.000000,0.875000,0.437500
1294399598.json,1.000000,0.000000,0.000000,1.000000,0.760000
1295391429.json,1.000000,0.000000,0.000000,1.000000,1.000000
1295821740.json,1.000000,0.000000,0.000000,0.850000,1.000000
1296504070.json,0.909091,0.000000,0.000000,0.545455,0.863636
1296807285.json,1.000000,0.000000,0.000000,0.535714,0.714286
129692887.json,1.000000,0.000000,0.000000,0.833333,0.888889
1297393896.json,1.000000,0.000000,0.000000,0.714286,0.485714
1297474985.json,0.875000,0.000000,0.062500,0.750000,0.875000
129751713.json,1.000000,0.000000,0.000000,0.750000,1.000000
1297713003.json,1.000000,0.000000,0.000000,0.621622,1.000000
1297775074.json,1.000000,0.000000,0.000000,1.000000,0.500000
129787779.json,1.000000,0.000000,0.000000,0.894737,0.684211
129796504.json,1.000000,0.000000,0.000000,0.360000,0.800000
1298342378.json,1.000000,0.000000,0.000000,1.000000,0.764706
1298406842.json,1.000000,0.000000,0.040000,0.800000,1.000000
1298578060.json,1.000000,0.000000,0.000000,0.931034,0.655172
1299092488.json,1.000000,0.000000,0.000000,0.904762,0.904762
1299130139.json,1.000000,0.000000,0.000000,1.000000,0.785714
1299312551.json,1.000000,0.000000,0.000000,0.666667,0.904762
1299689123.json,1.000000,0.105263,0.026316,0.763158,1.000000
1299691035.json,1.000000,0.000000,0.000000,1.000000,1.000000
1299861067.json,0.913043,0.000000,0.000000,0.217391,0.782609
1300146883.json,1.000000,0.000000,0.000000,1.000000,1.000000
1300160515.json,1.000000,0.000000,0.000000,0.400000,0.650000
1300371648.json,1.000000,0.000000,0.045455,1.000000,0.909091
1301174821.json,1.000000,0.037037,0.037037,0.629630,1.000000
1301270304.json,1.000000,0.000000,0.000000,1.000000,1.000000
1301363008.json,1.000000,0.000000,0.000000,1.000000,0.470588
1301692770.json,1.000000,0.000000,0.000000,0.600000,0.350000
1301770108.json,1.000000,0.000000,0.000000,0.650000,0.800000
1302036564.json,1.000000,0.000000,0.043478,1.000000,0.782609
1302433955.json,0.800000,0.000000,0.000000,0.200000,0.800000
1302886373.json,1.000000,0.000000,0.000000,0.533333,0.733333
1302913215.json,1.000000,0.000000,0.000000,1.000000,0.684211
1303217218.json,1.000000,0.000000,0.000000,0.846154,0.846154
1303316224.json,1.000000,0.000000,0.000000,0.750000,0.900000
1303371727.json,1.000000,0.000000,0.000000,0.764706,0.794118
1303435649.json,1.000000,0.000000,0.000000,0.333333,1.000000
1303464761.json,1.000000,0.000000,0.000000,0.571429,0.642857
1303967150.json,1.000000,0.000000,0.000000,0.840000,0.720000
1304095516.json,1.000000,0.058824,0.000000,1.000000,1.000000
130426944.json,1.000000,0.000000,0.000000,1.000000,0.904762
1305097415.json,1.000000,0.000000,0.000000,1.000000,1.000000
130522536.json,1.000000,0.000000,0.000000,0.885714,0.771429
1305415491.json,1.000000,0.000000,0.000000,0.909091,0.454545
130594645.json,1.000000,0.000000,0.000000,1.000000,1.000000
1306457370.json,1.000000,0.000000,0.055556,0.722222,0.888889
1306549497.json,1.000000,0.000000,0.000000,1.000000,0.818182
1306948538.json,1.000000,0.086957,0.043478,0.782609,1.000000
1307233927.json,0.888889,0.000000,0.000000,0.722222,0.777778
1307502589.json,1.000000,0.000000,0.000000,0.607143,1.000000
1307544857.json,1.000000,0.000000,0.000000,0.611111,0.555556
13086800.json,1.000000,0.000000,0.000000,1.000000,0.466667
1308706458.json,1.000000,0.000000,0.000000,1.000000,1.000000
1308836049.json,1.000000,0.000000,0.000000,1.000000,1.000000
1309041057.json,1.000000,0.000000,0.025641,1.000000,0.948718
1309063378.json,1.000000,0.133333,0.066667,1.000000,1.000000
1309090254.json,1.000000,0.000000,0.000000,1.000000,0.766667
1309424443.json,0.937500,0.000000,0.000000,1.000000,0.531250
1309700332.json,1.000000,0.000000,0.000000,0.583333,1.000000
1309993962.json,1.000000,0.000000,0.000000,0.358974,0.871795
1310124502.json,1.000000,0.000000,0.000000,1.000000,0.666667
1310256108.json,1.000000,0.000000,0.000000,0.962963,0.925926
1310288838.json,1.000000,0.000000,0.032258,0.838710,0.677419
1310436901.json,1.000000,0.000000,0.000000,0.722222,0.777778
1310562911.json,1.000000,0.000000,0.000000,1.000000,0.916667
1310996695.json,1.000000,0.000000,0.000000,0.600000,0.900000
1311285009.json,1.000000,0.000000,0.000000,1.000000,0.500000
1311351401.json,1.000000,0.000000,0.000000,1.000000,0.805556
1311731304.json,1.000000,0.000000,0.000000,0.761905,1.000000
1312704923.json,1.000000,0.000000,0.043478,0.478261,0.652174
1312715580.json,1.000000,0.000000,0.000000,0.450000,0.750000
1312728405.json,1.000000,0.000000,0.000000,0.812500,0.625000
1313131846.json,1.000000,0.000000,0.000000,0.259259,0.703704
1313540764.json,1.000000,0.000000,0.000000,1.000000,0.652174
1313761081.json,0.920000,0.000000,0.000000,0.360000,0.760000
1314122988.json,1.000000,0.000000,0.000000,0.892857,0.714286
131441208.json,1.000000,0.000000,0.000000,0.533333,0.533333
1314652053.json,1.000000,0.000000,0.000000,0.764706,0.882353
131466401.json,1.000000,0.000000,0.000000,0.705882,0.764706
1314709428.json,1.000000,0.000000,0.000000,0.400000,0.760000
1314735888.json,1.000000,0.000000,0.000000,0.444444,0.666667
1315436419.json,1.000000,0.000000,0.000000,1.000000,0.904762
1315510817.json,1.000000,0.000000,0.000000,1.000000,1.000000
1315574332.json,1.000000,0.000000,0.000000,0.375000,0.583333
1315782098.json,1.000000,0.000000,0.000000,0.864865,0.945946
1316132883.json,1.000000,0.000000,0.000000,1.000000,0.730769
1316225047.json,1.000000,0.000000,0.000000,1.000000,1.000000
1316231151.json,1.000000,0.000000,0.000000,1.000000,1.000000
1317118993.json,1.000000,0.000000,0.000000,0.428571,0.785714
1317756230.json,1.000000,0.000000,0.000000,1.000000,1.000000
1317844346.json,1.000000,0.000000,0.000000,0.760000,0.920000
1318050031.json,1.000000,0.055556,0.000000,1.000000,0.777778
1318177488.json,1.000000,0.000000,0.000000,1.000000,0.826087
131831382.json,1.000000,0.000000,0.000000,0.600000,0.650000
131897207.json,1.000000,0.000000,0.034483,0.724138,0.931034
131956068.json,1.000000,0.000000,0.000000,1.000000,0.869565
1319696585.json,1.000000,0.000000,0.000000,0.312500,1.000000
1319839178.json,1.000000,0.000000,0.041667,1.000000,1.000000
1320129035.json,1.000000,0.000000,0.066667,1.000000,1.000000
1320611480.json,1.000000,0.000000,0.000000,1.000000,1.000000
1320626864.json,1.000000,0.000000,0.000000,1.000000,1.000000
1320763470.json,1.000000,0.000000,0.000000,0.866667,0.466667
1320799733.json,1.000000,0.000000,0.000000,1.000000,0.764706
1321239133.json,1.000000,0.000000,0.000000,1.000000,0.642857
1321426772.json,1.000000,0.000000,0.047619,1.000000,0.809524
1321534353.json,1.000000,0.000000,0.000000,0.466667,0.733333
1321666393.json,1.000000,0.000000,0.055556,0.611111,0.777778
1321820493.json,1.000000,0.000000,0.000000,1.000000,1.000000
132225038.json,1.000000,0.000000,0.043478,0.434783,0.652174
1322553360.json,1.000000,0.117647,0.117647,0.882353,0.882353
1322706275.json,1.000000,0.000000,0.000000,1.000000,0.684211
1322922739.json,1.000000,0.000000,0.000000,1.000000,0.653846
1323441281.json,1.000000,0.000000,0.000000,0.812500,1.000000
1323595472.json,1.000000,0.000000,0.000000,1.000000,0.764706
1323614035.json,1.000000,0.125000,0.093750,0.812500,0.812500
1323807092.json,1.000000,0.000000,0.000000,0.888889,1.000000
1323971174.json,1.000000,0.000000,0.000000,0.550000,1.000000
1324367532.json,1.000000,0.000000,0.000000,0.892857,0.857143
1324725342.json,1.000000,0.000000,0.000000,1.000000,0.909091
1324963193.json,1.000000,0.000000,0.000000,1.000000,0.700000
1325247898.json,1.000000,0.000000,0.000000,0.333333,1.000000
1325404807.json,1.000000,0.000000,0.000000,1.000000,0.733333
1325490522.json,1.000000,0.000000,0.000000,0.806452,0.677419
1326226140.json,1.000000,0.000000,0.000000,0.875000,1.000000
1326280479.json,1.000000,0.000000,0.000000,1.000000,0.920000
1326285775.json,1.000000,0.000000,0.000000,0.421053,0.736842
1326647905.json,1.000000,0.000000,0.000000,1.000000,0.708333
1326707944.json,1.000000,0.000000,0.000000,1.000000,0.789474
1327234604.json,1.000000,0.000000,0.000000,0.875000,0.875000
1327565867.json,0.942857,0.000000,0.000000,0.571429,0.828571
1327637172.json,1.000000,0.000000,0.000000,0.642857,0.785714
1327962376.json,1.000000,0.000000,0.000000,0.866667,1.000000
1328011355.json,1.000000,0.045455,0.045455,1.000000,1.000000
1328025354.json,1.000000,0.000000,0.052632,0.842105,0.894737
1328475255.json,1.000000,0.000000,0.000000,1.000000,1.000000
1328726571.json,1.000000,0.000000,0.062500,1.000000,1.000000
1329594053.json,1.000000,0.000000,0.000000,0.900000,1.000000
1329828974.json,1.000000,0.000000,0.000000,0.538462,0.423077
1329999614.json,1.000000,0.000000,0.000000,1.000000,0.920000
133013776.json,1.000000,0.000000,0.000000,0.722222,0.833333
1330150341.json,1.000000,0.047619,0.095238,1.000000,0.904762
1330164125.json,1.000000,0.000000,0.000000,0.700000,1.000000
1330646346.json,1.000000,0.000000,0.000000,0.763158,0.657895
133106460.json,0.904762,0.000000,0.000000,0.428571,0.857143
1331178148.json,1.000000,0.000000,0.000000,1.000000,1.000000
1331816465.json,1.000000,0.000000,0.000000,0.666667,0.866667
1332542896.json,1.000000,0.000000,0.000000,0.882353,1.000000
1332685090.json,1.000000,0.000000,0.000000,0.722222,0.888889
1332962950.json,1.000000,0.000000,0.000000,0.272727,0.909091
1333164773.json,0.500000,0.000000,0.000000,0.583333,0.805556
1334286860.json,1.000000,0.064516,0.032258,0.935484,0.903226
133436643.json,1.000000,0.000000,0.000000,1.000000,0.866667
1334440572.json,1.000000,0.000000,0.117647,1.000000,0.882353
1334455308.json,1.000000,0.000000,0.000000,1.000000,0.277778
1334606760.json,1.000000,0.000000,0.000000,0.560000,0.840000
1334694917.json,1.000000,0.160000,0.080000,0.760000,1.000000
1334720282.json,1.000000,0.000000,0.032258,0.935484,0.516129
1335052600.json,1.000000,0.000000,0.000000,1.000000,0.909091
1335245055.json,1.000000,0.000000,0.045455,0.772727,1.000000
1335293107.json,1.000000,0.000000,0.000000,1.000000,0.793103
1335374102.json,1.000000,0.000000,0.000000,1.000000,1.000000
1336113977.json,1.000000,0.000000,0.000000,0.875000,0.500000
1336291165.json,1.000000,0.000000,0.000000,1.000000,0.789474
1337202471.json,1.000000,0.066667,0.000000,0.333333,0.800000
1337719271.json,1.000000,0.000000,0.000000,0.875000,0.875000
1337788454.json,1.000000,0.000000,0.000000,1.000000,0.826087
1337963132.json,1.000000,0.000000,0.111111,0.777778,0.925926
1338438674.json,1.000000,0.000000,0.000000,1.000000,1.000000
1338925972.json,1.000000,0.045455,0.045455,1.000000,1.000000
133974730.json,1.000000,0.000000,0.000000,0.500000,1.000000
1339812283.json,1.000000,0.000000,0.000000,0.684211,1.000000
1339841595.json,1.000000,0.000000,0.000000,1.000000,0.666667
1339884789.json,1.000000,0.000000,0.000000,0.062500,0.812500
1340069219.json,1.000000,0.000000,0.050000,0.600000,1.000000
1340242365.json,1.000000,0.000000,0.000000,1.000000,1.000000
1340580600.json,1.000000,0.000000,0.000000,1.000000,1.000000
1340595160.json,0.888889,0.000000,0.000000,0.148148,1.000000
1340725088.json,1.000000,0.000000,0.000000,1.000000,1.000000
1340947606.json,1.000000,0.000000,0.000000,0.400000,0.466667
1341033869.json,1.000000,0.000000,0.050000,1.000000,1.000000
1341409641.json,1.000000,0.000000,0.000000,1.000000,1.000000
1341655406.json,1.000000,0.000000,0.058824,1.000000,0.882353
1341740389.json,0.800000,0.200000,0.000000,0.400000,0.866667
1341766646.json,1.000000,0.000000,0.066667,1.000000,0.666667
1341779981.json,1.000000,0.000000,0.000000,1.000000,0.863636
1341803498.json,1.000000,0.000000,0.041667,0.916667,0.916667
1342308876.json,1.000000,0.000000,0.000000,1.000000,0.529412
1342361946.json,1.000000,0.173913,0.130435,0.869565,1.000000
1342772173.json,1.000000,0.000000,0.000000,0.909091,0.545455
1343500689.json,1.000000,0.000000,0.000000,1.000000,0.750000
1344527830.json,1.000000,0.000000,0.000000,0.947368,0.894737
1344743915.json,1.000000,0.000000,0.000000,0.548387,0.935484
1344811621.json,1.000000,0.000000,0.000000,1.000000,1.000000
1344812788.json,1.000000,0.000000,0.000000,1.000000,0.866667
1345361547.json,1.000000,0.000000,0.000000,0.750000,1.000000
1345862369.json,1.000000,0.000000,0.000000,0.843750,0.937500
134598255.json,1.000000,0.000000,0.000000,1.000000,1.000000
1346058448.json,1.000000,0.000000,0.000000,0.772727,0.636364
1346238715.json,1.000000,0.000000,0.000000,0.916667,0.750000
1347101353.json,0.708333,0.000000,0.041667,0.541667,0.791667
1347230343.json,1.000000,0.000000,0.000000,1.000000,0.615385
1347282013.json,1.000000,0.000000,0.000000,1.000000,1.000000
1347491881.json,1.000000,0.000000,0.000000,1.000000,0.875000
1347588828.json,1.000000,0.000000,0.000000,0.692308,0.948718
1347803527.json,1.000000,0.000000,0.000000,0.705882,0.588235
134803435.json,1.000000,0.000000,0.000000,1.000000,0.875000
1348059569.json,1.000000,0.000000,0.000000,1.000000,0.741935
134839239.json,1.000000,0.000000,0.000000,1.000000,0.730769
1349309262.json,1.000000,0.000000,0.000000,0.708333,1.000000
1349642147.json,1.000000,0.000000,0.000000,0.695652,1.000000
13497086.json,1.000000,0.000000,0.000000,0.466667,0.533333
1350174507.json,0.823529,0.000000,0.000000,1.000000,0.647059
135070235.json,1.000000,0.000000,0.000000,1.000000,0.800000
1351614485.json,1.000000,0.000000,0.000000,0.882353,0.705882
1351636315.json,1.000000,0.000000,0.052632,1.000000,1.000000
1351800789.json,1.000000,0.000000,0.000000,1.000000,0.678571
1352131077.json,1.000000,0.000000,0.000000,0.541667,0.833333
1352358186.json,1.000000,0.000000,0.000000,0.789474,0.578947
1353036260.json,1.000000,0.000000,0.055556,0.722222,0.777778
1353083269.json,1.000000,0.000000,0.000000,0.810811,0.405405
1353103232.json,1.000000,0.000000,0.000000,0.909091,0.772727
1353290247.json,1.000000,0.000000,0.000000,0.350000,0.700000
1354167307.json,1.000000,0.000000,0.000000,1.000000,0.866667
1354540163.json,1.000000,0.000000,0.000000,1.000000,0.571429
13547152.json,1.000000,0.000000,0.000000,0.733333,1.000000
1355224659.json,1.000000,0.000000,0.037037,1.000000,0.814815
1355399038.json,1.000000,0.000000,0.000000,1.000000,0.826087
1355953622.json,1.000000,0.000000,0.000000,1.000000,0.625000
1355997199.json,1.000000,0.000000,0.000000,1.000000,0.702703
1356382737.json,1.000000,0.000000,0.000000,0.303030,0.333333
1356584348.json,1.000000,0.000000,0.000000,1.000000,0.722222
1356591289.json,1.000000,0.000000,0.000000,0.766667,0.533333
135738411.json,1.000000,0.043478,0.000000,1.000000,0.913043
1357510474.json,1.000000,0.000000,0.000000,0.687500,0.500000
135789961.json,1.000000,0.000000,0.000000,0.933333,0.866667
1358099965.json,1.000000,0.000000,0.000000,0.200000,0.850000
1358462116.json,0.875000,0.000000,0.000000,0.625000,0.875000
1358464166.json,1.000000,0.000000,0.000000,0.911765,0.617647
1358526741.json,1.000000,0.000000,0.066667,1.000000,1.000000
1358757359.json,1.000000,0.000000,0.000000,1.000000,1.000000
135890978.json,1.000000,0.000000,0.000000,0.523810,0.476190
1359593816.json,1.000000,0.000000,0.117647,0.823529,0.647059
1359679660.json,1.000000,0.035714,0.035714,0.928571,0.928571
1360029858.json,1.000000,0.000000,0.000000,1.000000,0.680000
1360047496.json,0.888889,0.000000,0.000000,0.148148,1.000000
1361304225.json,1.000000,0.000000,0.000000,1.000000,1.000000
1361468541.json,1.000000,0.000000,0.000000,0.750000,0.700000
136202646.json,1.000000,0.000000,0.000000,0.652174,0.826087
1362134534.json,0.913043,0.000000,0.000000,0.869565,0.608696
1362303264.json,1.000000,0.000000,0.000000,0.684211,0.894737
1362518839.json,1.000000,0.027027,0.000000,0.675676,0.567568
1362855822.json,1.000000,0.000000,0.000000,0.931034,0.862069
136397667.json,1.000000,0.000000,0.000000,1.000000,0.733333
1364586933.json,1.000000,0.000000,0.000000,0.875000,0.750000
1364849997.json,1.000000,0.000000,0.000000,0.789474,0.631579
136492008.json,1.000000,0.000000,0.000000,0.684211,0.684211
1365357727.json,1.000000,0.000000,0.000000,1.000000,0.882353
1365608010.json,1.000000,0.000000,0.000000,1.000000,0.717949
1366100696.json,1.000000,0.000000,0.000000,0.666667,0.583333
1366260620.json,1.000000,0.000000,0.000000,0.400000,0.840000
1366535841.json,1.000000,0.000000,0.000000,1.000000,1.000000
1366859951.json,1.000000,0.000000,0.000000,0.571429,0.750000
1366986683.json,1.000000,0.176471,0.176471,1.000000,1.000000
1367178932.json,1.000000,0.000000,0.000000,1.000000,1.000000
1367397142.json,1.000000,0.000000,0.000000,0.703704,0.703704
1367472334.json,1.000000,0.032258,0.064516,0.387097,1.000000
1368027070.json,1.000000,0.000000,0.000000,1.000000,0.733333
1368260706.json,1.000000,0.000000,0.000000,0.400000,0.666667
136841165.json,1.000000,0.025000,0.025000,0.975000,0.575000
1368695836.json,1.000000,0.000000,0.000000,0.692308,0.846154
1368766821.json,1.000000,0.000000,0.000000,0.640000,0.920000
1368906370.json,1.000000,0.000000,0.000000,0.884615,0.615385
1369035906.json,1.000000,0.029412,0.000000,0.823529,0.705882
1369541828.json,1.000000,0.000000,0.000000,1.000000,1.000000
1370071305.json,1.000000,0.000000,0.000000,1.000000,0.703704
137011500.json,1.000000,0.000000,0.000000,0.350000,0.750000
1370474179.json,1.000000,0.000000,0.000000,0.733333,0.866667
1371268428.json,1.000000,0.000000,0.000000,1.000000,0.727273
1371670206.json,1.000000,0.000000,0.000000,0.750000,0.750000
1371872755.json,1.000000,0.000000,0.000000,0.916667,0.916667
1373064891.json,1.000000,0.250000,0.250000,1.000000,0.875000
137333708.json,1.000000,0.000000,0.000000,0.878788,0.575758
1373420114.json,1.000000,0.000000,0.000000,0.909091,0.818182
1373531837.json,1.000000,0.000000,0.000000,1.000000,1.000000
1373631121.json,1.000000,0.000000,0.029412,0.588235,0.411765
1373667070.json,1.000000,0.000000,0.000000,0.791667,0.791667
1374041136.json,1.000000,0.000000,0.000000,0.523810,0.476190
1374330851.json,1.000000,0.000000,0.000000,0.615385,0.897436
1374417087.json,1.000000,0.000000,0.000000,1.000000,0.882353
1374896781.json,1.000000,0.040000,0.120000,1.000000,0.920000
1375069679.json,1.000000,0.032258,0.000000,0.483871,0.870968
137523442.json,1.000000,0.000000,0.000000,0.826087,0.913043
1375272744.json,1.000000,0.000000,0.000000,0.571429,0.828571
1375694306.json,1.000000,0.000000,0.000000,0.680000,1.000000
1376869934.json,1.000000,0.000000,0.000000,1.000000,0.933333
1377034384.json,1.000000,0.000000,0.000000,0.888889,0.777778
1377080995.json,0.916667,0.000000,0.000000,0.708333,0.916667
1377179400.json,1.000000,0.000000,0.000000,1.000000,1.000000
1377314541.json,1.000000,0.000000,0.125000,1.000000,0.875000
1378103559.json,1.000000,0.000000,0.000000,0.857143,0.714286
1378521345.json,1.000000,0.000000,0.000000,1.000000,0.562500
1378777982.json,1.000000,0.000000,0.000000,0.730769,0.653846
1378923490.json,1.000000,0.000000,0.000000,1.000000,1.000000
1378968165.json,1.000000,0.000000,0.000000,0.687500,1.000000
1379072860.json,1.000000,0.052632,0.157895,0.894737,1.000000
1379528622.json,1.000000,0.000000,0.000000,0.416667,0.916667
1379732454.json,0.888889,0.000000,0.000000,1.000000,0.833333
1379828255.json,1.000000,0.187500,0.000000,1.000000,0.687500
1379885532.json,1.000000,0.000000,0.000000,0.741935,0.870968
1379981071.json,1.000000,0.200000,0.066667,0.733333,1.000000
1380004518.json,1.000000,0.000000,0.000000,0.875000,0.625000
1380091987.json,1.000000,0.000000,0.000000,0.756757,0.540541
1380192203.json,1.000000,0.000000,0.000000,0.875000,0.750000
1380200697.json,1.000000,0.034483,0.034483,0.655172,0.724138
1380980288.json,1.000000,0.033333,0.000000,1.000000,1.000000
1381077132.json,1.000000,0.000000,0.000000,1.000000,0.733333
1381324936.json,0.931034,0.000000,0.103448,0.310345,0.931034
1381380301.json,0.923077,0.000000,0.000000,1.000000,0.807692
1381454035.json,1.000000,0.000000,0.029412,0.441176,0.941176
1381963313.json,1.000000,0.000000,0.000000,0.733333,0.866667
138246359.json,0.920000,0.040000,0.000000,0.800000,0.920000
1382809309.json,1.000000,0.000000,0.000000,1.000000,1.000000
1383170891.json,1.000000,0.000000,0.000000,1.000000,0.565217
1383176237.json,1.000000,0.000000,0.037037,1.000000,0.925926
1383200972.json,1.000000,0.000000,0.000000,0.705882,0.647059
1383351062.json,1.000000,0.266667,0.133333,1.000000,1.000000
1384305931.json,1.000000,0.000000,0.000000,0.733333,1.000000
1384346123.json,1.000000,0.000000,0.000000,0.800000,0.571429
1384406616.json,1.000000,0.000000,0.026316,0.921053,1.000000
1385486514.json,1.000000,0.000000,0.000000,1.000000,1.000000
1386635861.json,1.000000,0.000000,0.000000,1.000000,0.875000
1386858229.json,1.000000,0.000000,0.000000,0.586207,0.862069
1386878442.json,1.000000,0.000000,0.000000,0.437500,1.000000
1387143398.json,1.000000,0.000000,0.000000,0.675676,0.729730
1387452822.json,1.000000,0.000000,0.050000,1.000000,0.900000
1387861614.json,1.000000,0.000000,0.000000,0.814815,1.000000
1388361948.json,1.000000,0.000000,0.000000,0.846154,0.615385
1388794259.json,1.000000,0.000000,0.000000,0.857143,0.904762
1389005552.json,1.000000,0.000000,0.000000,0.764706,0.823529
1389879293.json,1.000000,0.000000,0.000000,1.000000,1.000000
1390034476.json,1.000000,0.000000,0.000000,1.000000,0.680000
139066413.json,1.000000,0.000000,0.000000,1.000000,0.920000
1390748579.json,1.000000,0.000000,0.000000,0.785714,0.750000
1390927551.json,1.000000,0.000000,0.000000,0.777778,0.694444
1390929051.json,1.000000,0.000000,0.000000,1.000000,0.806452
1391471812.json,1.000000,0.133333,0.133333,1.000000,1.000000
1391529931.json,1.000000,0.142857,0.035714,0.500000,0.928571
1391700380.json,1.000000,0.000000,0.000000,1.000000,1.000000
1391876439.json,1.000000,0.000000,0.000000,0.772727,0.636364
1392606222.json,1.000000,0.000000,0.041667,1.000000,1.000000
1393680093.json,1.000000,0.000000,0.050000,0.400000,0.475000
1394508751.json,1.000000,0.000000,0.000000,1.000000,0.826087
1394540336.json,1.000000,0.000000,0.000000,1.000000,1.000000
1394898024.json,1.000000,0.000000,0.000000,0.333333,0.875000
139512687.json,1.000000,0.000000,0.000000,0.789474,0.578947
1395472991.json,1.000000,0.000000,0.000000,0.900000,0.900000
1395684857.json,1.000000,0.000000,0.000000,0.800000,0.600000
1396194179.json,1.000000,0.000000,0.000000,1.000000,0.875000
1396325687.json,1.000000,0.055556,0.000000,1.000000,0.888889
1396384747.json,1.000000,0.000000,0.000000,1.000000,0.520000
1396521142.json,1.000000,0.000000,0.000000,1.000000,0.900000
1396768795.json,1.000000,0.000000,0.000000,1.000000,0.692308
139686198.json,1.000000,0.000000,0.000000,1.000000,1.000000
139692629.json,1.000000,0.000000,0.000000,1.000000,0.739130
1397019819.json,1.000000,0.000000,0.000000,0.941176,0.882353
1397019942.json,0.928571,0.000000,0.000000,1.000000,1.000000
1397170153.json,1.000000,0.000000,0.000000,1.000000,0.777778
1397199912.json,1.000000,0.000000,0.052632,1.000000,0.894737
139730729.json,1.000000,0.000000,0.000000,0.880000,0.560000
1397388077.json,1.000000,0.000000,0.058824,0.411765,0.882353
1397524255.json,1.000000,0.000000,0.000000,0.851852,0.703704
1398071007.json,1.000000,0.000000,0.000000,1.000000,1.000000
1398383904.json,1.000000,0.000000,0.000000,0.783784,0.675676
1398383977.json,1.000000,0.000000,0.000000,1.000000,0.875000
1399102131.json,1.000000,0.000000,0.000000,1.000000,1.000000
1399296346.json,0.923077,0.000000,0.000000,0.807692,0.807692
1400498318.json,1.000000,0.000000,0.000000,0.600000,1.000000
1400932678.json,1.000000,0.000000,0.000000,0.866667,0.866667
1400955521.json,1.000000,0.000000,0.000000,0.636364,0.909091
1400964832.json,1.000000,0.000000,0.000000,0.800000,0.760000
1402129974.json,1.000000,0.000000,0.000000,1.000000,1.000000
1402490275.json,1.000000,0.000000,0.000000,1.000000,0.875000
140263395.json,1.000000,0.058824,0.000000,0.470588,0.764706
1402634474.json,1.000000,0.000000,0.000000,1.000000,1.000000
1402728016.json,1.000000,0.000000,0.000000,1.000000,0.789474
14027741.json,1.000000,0.000000,0.000000,1.000000,0.647059
1403062550.json,1.000000,0.000000,0.000000,0.814815,0.555556
1404083551.json,1.000000,0.000000,0.058824,1.000000,1.000000
1404490177.json,1.000000,0.000000,0.000000,0.875000,1.000000
1404771683.json,1.000000,0.000000,0.000000,0.352941,1.000000
1405126462.json,1.000000,0.000000,0.000000,1.000000,0.593750
1405162167.json,1.000000,0.000000,0.000000,0.722222,0.777778
1405199992.json,1.000000,0.000000,0.000000,0.580645,0.806452
1405342293.json,1.000000,0.000000,0.000000,0.750000,1.000000
1405451451.json,1.000000,0.000000,0.000000,1.000000,1.000000
1405760672.json,1.000000,0.000000,0.000000,0.863636,0.818182
1406031209.json,1.000000,0.000000,0.000000,0.500000,0.777778
1406035569.json,1.000000,0.000000,0.000000,0.944444,0.666667
1406260181.json,1.000000,0.000000,0.000000,0.448276,1.000000
140626412.json,0.900000,0.050000,0.000000,0.450000,0.900000
1406654253.json,0.833333,0.000000,0.000000,0.708333,0.833333
1406826333.json,1.000000,0.000000,0.066667,0.733333,1.000000
1407380342.json,1.000000,0.000000,0.000000,0.866667,0.800000
1407774869.json,1.000000,0.000000,0.000000,0.875000,0.875000
140781508.json,1.000000,0.000000,0.062500,0.875000,0.875000
1407854353.json,1.000000,0.000000,0.000000,0.782609,0.521739
140821669.json,1.000000,0.058824,0.000000,0.647059,1.000000
1408502544.json,1.000000,0.000000,0.000000,0.764706,0.676471
1408781053.json,1.000000,0.000000,0.000000,1.000000,0.875000
1408852994.json,1.000000,0.000000,0.000000,0.791667,0.833333
1409229193.json,1.000000,0.000000,0.000000,1.000000,0.629630
1409425898.json,1.000000,0.000000,0.000000,1.000000,0.838710
1409878313.json,1.000000,0.000000,0.000000,0.761905,0.666667
1410932500.json,1.000000,0.000000,0.037037,1.000000,0.851852
1411095025.json,1.000000,0.000000,0.000000,0.666667,0.733333
1411097396.json,1.000000,0.000000,0.000000,1.000000,0.681818
1411314938.json,1.000000,0.000000,0.000000,0.346154,1.000000
1411361200.json,0.342857,0.000000,0.000000,0.457143,0.485714
1411397747.json,1.000000,0.043478,0.000000,0.913043,0.521739
1411450999.json,1.000000,0.043478,0.086957,0.869565,0.695652
1411532226.json,1.000000,0.076923,0.230769,0.948718,1.000000
1411612812.json,1.000000,0.000000,0.000000,1.000000,1.000000
1411695753.json,1.000000,0.000000,0.000000,1.000000,0.764706
1411736495.json,1.000000,0.105263,0.000000,0.736842,0.894737
1411744358.json,1.000000,0.000000,0.000000,1.000000,0.736842
1411872980.json,1.000000,0.000000,0.000000,0.868421,0.894737
1412640205.json,1.000000,0.000000,0.000000,0.333333,1.000000
1413138040.json,1.000000,0.034483,0.000000,0.413793,0.482759
1413177806.json,1.000000,0.000000,0.028571,0.628571,0.685714
1414026620.json,1.000000,0.000000,0.000000,0.250000,0.850000
1414148803.json,1.000000,0.000000,0.000000,0.400000,1.000000
1414165696.json,1.000000,0.000000,0.000000,0.720000,0.920000
1415046791.json,1.000000,0.000000,0.000000,0.972222,0.833333
1415118336.json,1.000000,0.000000,0.000000,0.882353,0.588235
1415324155.json,1.000000,0.000000,0.000000,1.000000,0.343750
1415722558.json,1.000000,0.000000,0.000000,0.375000,0.875000
141592954.json,1.000000,0.000000,0.000000,1.000000,0.818182
1416217031.json,1.000000,0.000000,0.000000,0.933333,1.000000
1416601374.json,0.800000,0.000000,0.000000,1.000000,0.866667
1416807492.json,1.000000,0.000000,0.055556,0.777778,0.555556
1417061256.json,1.000000,0.000000,0.000000,1.000000,0.826087
1417079854.json,1.000000,0.000000,0.000000,0.823529,1.000000
1417324229.json,1.000000,0.000000,0.000000,1.000000,0.942857
1417813125.json,1.000000,0.000000,0.041667,1.000000,0.833333
1418106277.json,1.000000,0.000000,0.000000,1.000000,0.678571
1419894457.json,1.000000,0.000000,0.000000,1.000000,0.764706
1420248604.json,1.000000,0.000000,0.000000,0.607143,0.642857
1420301807.json,1.000000,0.000000,0.000000,0.909091,0.787879
1420843931.json,1.000000,0.000000,0.000000,0.842105,0.842105
1420897046.json,1.000000,0.000000,0.000000,0.906250,0.812500
1420960458.json,1.000000,0.000000,0.000000,1.000000,0.928571
1421125189.json,1.000000,0.000000,0.000000,0.866667,1.000000
1421352972.json,1.000000,0.029412,0.000000,1.000000,0.941176
1421409741.json,1.000000,0.000000,0.000000,0.866667,0.866667
1421639530.json,1.000000,0.000000,0.000000,0.321429,0.678571
1421701379.json,1.000000,0.000000,0.000000,1.000000,0.789474
1422283169.json,0.904762,0.142857,0.047619,0.523810,0.761905
1423303528.json,1.000000,0.000000,0.000000,0.470588,0.705882
1423403238.json,1.000000,0.000000,0.000000,0.555556,0.925926
1423726247.json,1.000000,0.000000,0.000000,1.000000,0.885714
1424415381.json,1.000000,0.000000,0.000000,1.000000,0.619048
1424781794.json,1.000000,0.000000,0.000000,1.000000,0.894737
1424900398.json,0.800000,0.000000,0.000000,1.000000,1.000000
142536910.json,1.000000,0.000000,0.035714,0.500000,0.678571
1425443934.json,1.000000,0.000000,0.040000,0.720000,0.920000
1427041415.json,1.000000,0.000000,0.000000,1.000000,0.866667
1427345284.json,1.000000,0.000000,0.000000,1.000000,0.923077
1427852651.json,1.000000,0.000000,0.000000,0.650000,0.800000
1428268536.json,1.000000,0.032258,0.000000,0.451613,0.741935
1428543222.json,1.000000,0.000000,0.000000,1.000000,0.904762
1428699417.json,1.000000,0.000000,0.000000,0.818182,0.454545
1428844626.json,1.000000,0.000000,0.000000,0.562500,0.750000
1429084667.json,1.000000,0.000000,0.000000,1.000000,0.653846
142910548.json,0.933333,0.000000,0.000000,1.000000,0.933333
1429200025.json,1.000000,0.000000,0.000000,1.000000,0.722222
1429568936.json,1.000000,0.000000,0.000000,1.000000,0.717949
1429580630.json,1.000000,0.000000,0.000000,0.760000,0.760000
1430140684.json,1.000000,0.055556,0.166667,0.833333,1.000000
1430485110.json,1.000000,0.000000,0.000000,0.800000,0.400000
1430538498.json,1.000000,0.000000,0.000000,1.000000,1.000000
1430545023.json,1.000000,0.000000,0.000000,0.842105,0.789474
1430584331.json,1.000000,0.000000,0.090909,0.636364,0.818182
1430644864.json,1.000000,0.000000,0.000000,1.000000,0.862069
1430909340.json,1.000000,0.000000,0.000000,1.000000,0.916667
1431988187.json,1.000000,0.000000,0.000000,1.000000,0.882353
1432095533.json,0.823529,0.000000,0.000000,0.941176,0.647059
1432558858.json,1.000000,0.041667,0.000000,1.000000,0.916667
1433687210.json,1.000000,0.000000,0.000000,1.000000,0.888889
1433889999.json,1.000000,0.000000,0.000000,1.000000,0.852941
1434003706.json,1.000000,0.000000,0.000000,0.473684,0.526316
1434473586.json,1.000000,0.000000,0.000000,0.666667,0.939394
1435195620.json,1.000000,0.000000,0.000000,0.600000,0.800000
1435976191.json,0.923077,0.000000,0.038462,0.692308,1.000000
1436241184.json,1.000000,0.000000,0.000000,1.000000,0.739130
1436474219.json,1.000000,0.000000,0.000000,0.625000,0.416667
1436887003.json,0.857143,0.107143,0.107143,0.500000,0.642857
1437936399.json,1.000000,0.000000,0.000000,0.648649,0.405405
1438456188.json,1.000000,0.000000,0.000000,1.000000,0.894737
1438707278.json,1.000000,0.000000,0.000000,0.833333,0.777778
1438764934.json,1.000000,0.000000,0.000000,0.823529,1.000000
1439334970.json,1.000000,0.000000,0.000000,0.708333,0.875000
1439621663.json,1.000000,0.000000,0.000000,1.000000,0.894737
1440079309.json,1.000000,0.000000,0.000000,1.000000,0.722222
1440093761.json,1.000000,0.000000,0.000000,1.000000,1.000000
1440578351.json,1.000000,0.000000,0.000000,0.842105,0.789474
1441211022.json,1.000000,0.000000,0.000000,1.000000,1.000000
1441240672.json,1.000000,0.000000,0.000000,0.861111,0.666667
1441317687.json,1.000000,0.000000,0.000000,1.000000,0.863636
1441349899.json,1.000000,0.000000,0.000000,0.653846,0.500000
1441527036.json,1.000000,0.025000,0.025000,0.600000,0.700000
1442306054.json,1.000000,0.000000,0.000000,1.000000,0.800000
1442348621.json,1.000000,0.000000,0.000000,0.733333,1.000000
1442780379.json,1.000000,0.000000,0.000000,0.777778,0.694444
144286721.json,1.000000,0.000000,0.076923,0.961538,1.000000
1442995934.json,1.000000,0.000000,0.000000,0.882353,0.882353
1443082585.json,1.000000,0.052632,0.052632,0.105263,0.736842
1443147973.json,1.000000,0.000000,0.000000,0.909091,1.000000
1443385567.json,1.000000,0.000000,0.000000,0.800000,0.900000
1443405007.json,1.000000,0.000000,0.000000,1.000000,1.000000
1443471702.json,1.000000,0.000000,0.000000,1.000000,1.000000
144357153.json,1.000000,0.000000,0.000000,1.000000,1.000000
1443942601.json,1.000000,0.000000,0.000000,0.703704,0.703704
1444104384.json,1.000000,0.000000,0.000000,1.000000,0.875000
1444150401.json,1.000000,0.038462,0.000000,1.000000,0.846154
1444307373.json,1.000000,0.000000,0.000000,0.500000,0.611111
1444377862.json,1.000000,0.000000,0.058824,1.000000,0.823529
1444710602.json,1.000000,0.000000,0.000000,0.450000,0.800000
1444881225.json,1.000000,0.000000,0.000000,0.550000,1.000000
1444959650.json,1.000000,0.000000,0.000000,0.909091,0.636364
1445301124.json,1.000000,0.000000,0.000000,0.931034,0.551724
1445479287.json,1.000000,0.000000,0.000000,1.000000,1.000000
1445749336.json,1.000000,0.000000,0.000000,1.000000,0.666667
1446007119.json,1.000000,0.000000,0.000000,0.961538,1.000000
1446615653.json,1.000000,0.000000,0.000000,0.764706,1.000000
1446666847.json,1.000000,0.000000,0.000000,0.666667,1.000000
1446823413.json,1.000000,0.000000,0.095238,1.000000,0.904762
144687077.json,1.000000,0.000000,0.000000,1.000000,0.607143
1446984592.json,1.000000,0.000000,0.000000,0.419355,0.806452
144721027.json,1.000000,0.000000,0.000000,0.846154,0.346154
1447245883.json,1.000000,0.045455,0.000000,0.818182,0.590909
1447364667.json,1.000000,0.000000,0.000000,1.000000,1.000000
1447691055.json,1.000000,0.040000,0.000000,0.720000,0.920000
1447707299.json,1.000000,0.066667,0.000000,0.066667,0.733333
1447722776.json,1.000000,0.055556,0.055556,0.944444,1.000000
1447743925.json,0.888889,0.000000,0.000000,0.555556,0.444444
1447927960.json,0.925926,0.259259,0.296296,1.000000,1.000000
1447950322.json,1.000000,0.000000,0.000000,1.000000,1.000000
1448477811.json,1.000000,0.000000,0.000000,1.000000,0.681818
1448549261.json,1.000000,0.000000,0.000000,1.000000,0.764706
1449038391.json,1.000000,0.000000,0.000000,0.368421,0.842105
1449066349.json,1.000000,0.000000,0.000000,0.448276,1.000000
1449323034.json,1.000000,0.000000,0.000000,0.818182,0.909091
1449388453.json,1.000000,0.105263,0.000000,1.000000,0.842105
1449572925.json,1.000000,0.066667,0.000000,1.000000,1.000000
1449619598.json,1.000000,0.000000,0.000000,0.800000,1.000000
1449677683.json,1.000000,0.000000,0.000000,0.972973,0.891892
144988887.json,1.000000,0.041667,0.000000,1.000000,0.875000
1449947455.json,1.000000,0.000000,0.066667,1.000000,0.800000
145011471.json,1.000000,0.000000,0.000000,1.000000,0.882353
1450232076.json,1.000000,0.000000,0.000000,0.687500,0.875000
1450929876.json,1.000000,0.000000,0.000000,0.913043,1.000000
1450965892.json,1.000000,0.000000,0.000000,0.882353,1.000000
1451117556.json,0.935484,0.032258,0.000000,1.000000,0.709677
14512621.json,1.000000,0.054054,0.027027,0.837838,1.000000
145172647.json,1.000000,0.000000,0.000000,0.307692,0.653846
1451893974.json,1.000000,0.190476,0.380952,1.000000,1.000000
1452341269.json,1.000000,0.000000,0.000000,1.000000,0.750000
14530381.json,1.000000,0.111111,0.055556,0.833333,1.000000
1453536709.json,1.000000,0.000000,0.000000,0.400000,0.800000
1454352218.json,1.000000,0.000000,0.000000,0.809524,0.523810
1454430246.json,1.000000,0.000000,0.000000,1.000000,1.000000
1454548806.json,1.000000,0.000000,0.000000,0.761905,0.904762
1455363189.json,1.000000,0.000000,0.000000,0.789474,1.000000
1455518898.json,1.000000,0.000000,0.000000,1.000000,0.666667
1455712835.json,1.000000,0.000000,0.040000,0.960000,0.720000
1455744326.json,1.000000,0.000000,0.066667,0.733333,0.800000
1456111326.json,1.000000,0.037037,0.074074,1.000000,0.703704
1456344225.json,1.000000,0.000000,0.000000,0.714286,0.619048
1456412935.json,1.000000,0.026316,0.026316,1.000000,0.815789
1456493111.json,1.000000,0.000000,0.000000,1.000000,1.000000
1456979538.json,1.000000,0.000000,0.000000,0.687500,0.562500
1457252316.json,1.000000,0.000000,0.000000,1.000000,0.800000
1457315382.json,1.000000,0.000000,0.050000,0.900000,1.000000
1457592202.json,1.000000,0.000000,0.000000,1.000000,0.700000
1458097823.json,1.000000,0.000000,0.000000,0.448276,0.793103
1458533933.json,1.000000,0.040000,0.000000,1.000000,0.920000
1458759179.json,1.000000,0.000000,0.000000,0.884615,0.923077
1459474475.json,1.000000,0.058824,0.235294,0.823529,0.823529
1459498253.json,1.000000,0.000000,0.000000,1.000000,0.866667
14597352.json,1.000000,0.000000,0.000000,0.550000,1.000000
1460016209.json,1.000000,0.000000,0.000000,1.000000,0.529412
1460067692.json,1.000000,0.125000,0.000000,0.875000,0.875000
1460692024.json,1.000000,0.000000,0.000000,0.500000,0.875000
1460710139.json,1.000000,0.000000,0.000000,0.923077,0.769231
1461511298.json,1.000000,0.000000,0.000000,1.000000,0.722222
1461543782.json,1.000000,0.000000,0.000000,0.666667,0.916667
1462088350.json,1.000000,0.000000,0.000000,1.000000,0.800000
1462116559.json,1.000000,0.000000,0.000000,0.800000,0.866667
1462274442.json,1.000000,0.000000,0.000000,0.360000,0.760000
1462450227.json,1.000000,0.000000,0.000000,1.000000,1.000000
1462808825.json,1.000000,0.000000,0.000000,1.000000,0.833333
1463293946.json,1.000000,0.000000,0.000000,0.842105,0.684211
1463495487.json,1.000000,0.000000,0.000000,1.000000,1.000000
1463565752.json,1.000000,0.000000,0.000000,0.900000,0.800000
1463566273.json,1.000000,0.000000,0.000000,0.466667,0.733333
1463721962.json,0.612903,0.000000,0.000000,0.612903,0.870968
146397879.json,1.000000,0.000000,0.000000,1.000000,0.875000
1464119815.json,1.000000,0.000000,0.000000,0.882353,1.000000
1464868371.json,1.000000,0.000000,0.000000,1.000000,0.666667
1465020797.json,1.000000,0.000000,0.000000,0.812500,0.750000
1465179761.json,1.000000,0.000000,0.000000,0.619048,1.000000
1465405839.json,1.000000,0.000000,0.000000,0.928571,0.392857
1465411983.json,1.000000,0.000000,0.000000,0.733333,1.000000
1465452120.json,1.000000,0.000000,0.000000,0.478261,0.695652
1465834850.json,0.947368,0.000000,0.000000,0.657895,0.631579
1466115471.json,1.000000,0.000000,0.000000,0.578947,0.894737
1466132009.json,1.000000,0.000000,0.000000,0.380952,0.571429
1466155616.json,1.000000,0.000000,0.000000,0.304348,0.739130
146618342.json,1.000000,0.000000,0.000000,0.866667,1.000000
1467262144.json,1.000000,0.000000,0.000000,0.800000,0.900000
1467548087.json,1.000000,0.210526,0.315789,0.210526,1.000000
1467719064.json,1.000000,0.000000,0.045455,0.409091,1.000000
1467836466.json,1.000000,0.000000,0.000000,0.600000,1.000000
1467950499.json,1.000000,0.035714,0.071429,1.000000,1.000000
1468373358.json,1.000000,0.040000,0.000000,1.000000,0.920000
1468437886.json,0.882353,0.000000,0.000000,0.529412,0.764706
1468948367.json,1.000000,0.000000,0.051282,0.564103,0.820513
1469008103.json,0.200000,0.000000,0.040000,0.800000,0.920000
1469373013.json,1.000000,0.000000,0.000000,0.833333,0.666667
1469866202.json,1.000000,0.000000,0.000000,0.454545,0.818182
1470096524.json,1.000000,0.090909,0.272727,1.000000,0.909091
1470259078.json,1.000000,0.047619,0.047619,1.000000,0.904762
1470492204.json,1.000000,0.000000,0.100000,0.300000,0.900000
1470548602.json,1.000000,0.000000,0.000000,1.000000,0.888889
1470886728.json,1.000000,0.000000,0.000000,1.000000,0.684211
1471226921.json,1.000000,0.000000,0.000000,0.600000,0.533333
1471853053.json,1.000000,0.000000,0.000000,0.888889,0.888889
147188437.json,1.000000,0.000000,0.000000,0.785714,0.857143
1472516078.json,1.000000,0.000000,0.000000,1.000000,0.888889
1472764649.json,1.000000,0.000000,0.000000,0.555556,0.740741
1473073695.json,1.000000,0.000000,0.000000,0.933333,1.000000
1473179961.json,1.000000,0.000000,0.000000,0.791667,0.708333
1473523268.json,1.000000,0.000000,0.000000,0.823529,0.705882
1473616878.json,1.000000,0.000000,0.000000,0.736842,0.763158
1473670104.json,1.000000,0.000000,0.000000,1.000000,0.777778
1473806539.json,1.000000,0.000000,0.000000,1.000000,0.866667
1474066220.json,1.000000,0.000000,0.000000,0.857143,0.928571
1474519550.json,1.000000,0.000000,0.000000,1.000000,0.888889
1474824431.json,1.000000,0.000000,0.000000,0.764706,1.000000
1474995656.json,1.000000,0.058824,0.000000,1.000000,1.000000
147513190.json,1.000000,0.000000,0.000000,0.705882,0.588235
1475462886.json,1.000000,0.000000,0.037037,1.000000,0.740741
1475614509.json,1.000000,0.000000,0.000000,1.000000,0.437500
1475698325.json,1.000000,0.000000,0.000000,0.851852,0.518519
1475845365.json,1.000000,0.000000,0.194444,1.000000,0.944444
1476473696.json,1.000000,0.000000,0.000000,0.875000,0.875000
1477416327.json,1.000000,0.066667,0.066667,1.000000,1.000000
1478284485.json,1.000000,0.000000,0.000000,0.625000,0.312500
1478317954.json,1.000000,0.000000,0.026316,0.710526,0.894737
1478361576.json,1.000000,0.000000,0.000000,1.000000,0.833333
1478520806.json,1.000000,0.000000,0.058824,0.470588,0.882353
1478910439.json,1.000000,0.000000,0.000000,1.000000,1.000000
1479161968.json,1.000000,0.000000,0.000000,0.333333,0.866667
1479225497.json,1.000000,0.000000,0.000000,1.000000,0.702703
147940560.json,1.000000,0.000000,0.000000,1.000000,1.000000
1480414975.json,1.000000,0.000000,0.000000,1.000000,1.000000
1480449188.json,1.000000,0.000000,0.000000,0.742857,0.942857
1480674313.json,1.000000,0.000000,0.000000,1.000000,1.000000
148070434.json,1.000000,0.000000,0.000000,0.684211,0.684211
1481254907.json,1.000000,0.000000,0.000000,1.000000,0.875000
1481456234.json,1.000000,0.000000,0.000000,0.600000,0.866667
1481502803.json,1.000000,0.000000,0.041667,1.000000,0.666667
1481511439.json,1.000000,0.000000,0.000000,0.866667,0.866667
1481721096.json,0.909091,0.000000,0.000000,0.636364,0.727273
1482404535.json,1.000000,0.000000,0.000000,0.666667,0.714286
1482703479.json,1.000000,0.000000,0.000000,0.500000,1.000000
1483054935.json,1.000000,0.000000,0.000000,0.894737,0.894737
1483068776.json,1.000000,0.000000,0.000000,1.000000,0.900000
1483241320.json,1.000000,0.000000,0.000000,0.888889,0.722222
1483261619.json,1.000000,0.000000,0.000000,0.894737,0.894737
1483343463.json,1.000000,0.000000,0.000000,1.000000,0.882353
1483686885.json,1.000000,0.000000,0.000000,0.875000,1.000000
1484110283.json,1.000000,0.000000,0.000000,0.913043,0.739130
1484358149.json,1.000000,0.000000,0.000000,0.714286,0.809524
1484458913.json,1.000000,0.000000,0.000000,0.600000,0.533333
1484588275.json,1.000000,0.000000,0.000000,0.729730,0.702703
1484871678.json,0.875000,0.000000,0.000000,1.000000,0.687500
1485268086.json,1.000000,0.000000,0.000000,0.733333,1.000000
1485365157.json,1.000000,0.000000,0.037037,1.000000,1.000000
1485392846.json,1.000000,0.000000,0.000000,1.000000,0.904762
148581555.json,1.000000,0.000000,0.000000,1.000000,0.764706
148587446.json,1.000000,0.066667,0.000000,1.000000,0.866667
1485900614.json,1.000000,0.000000,0.000000,1.000000,0.846154
1486521626.json,1.000000,0.000000,0.000000,0.894737,0.894737
1486556794.json,1.000000,0.000000,0.000000,0.318182,0.545455
1486585927.json,1.000000,0.000000,0.000000,1.000000,0.666667
1486718878.json,1.000000,0.000000,0.000000,1.000000,0.885714
1486938642.json,1.000000,0.000000,0.000000,0.529412,0.941176
1487026484.json,1.000000,0.000000,0.000000,0.555556,0.740741
1487731720.json,1.000000,0.000000,0.000000,0.666667,0.888889
1488290350.json,1.000000,0.000000,0.000000,0.826087,1.000000
1488692941.json,1.000000,0.000000,0.000000,0.526316,0.736842
1488709192.json,1.000000,0.000000,0.000000,0.800000,0.800000
1488842114.json,1.000000,0.000000,0.037037,1.000000,0.925926
1489142961.json,1.000000,0.000000,0.000000,0.821429,0.785714
1489330663.json,1.000000,0.000000,0.000000,1.000000,0.714286
1489386079.json,1.000000,0.000000,0.000000,0.636364,1.000000
1489540528.json,1.000000,0.000000,0.037037,0.666667,0.703704
1489652405.json,1.000000,0.166667,0.055556,1.000000,1.000000
1489726667.json,1.000000,0.000000,0.000000,1.000000,0.714286
1489993901.json,1.000000,0.000000,0.000000,1.000000,1.000000
1490198111.json,1.000000,0.000000,0.000000,0.903226,0.935484
1490405145.json,1.000000,0.000000,0.000000,0.687500,0.875000
1490643633.json,0.882353,0.000000,0.000000,0.941176,0.647059
14906782.json,1.000000,0.000000,0.000000,0.666667,0.809524
1490753350.json,1.000000,0.000000,0.000000,0.666667,1.000000
1490802303.json,1.000000,0.000000,0.000000,0.607143,0.785714
1490925105.json,1.000000,0.000000,0.000000,1.000000,0.666667
1491075148.json,1.000000,0.000000,0.000000,0.825000,0.725000
1491586976.json,1.000000,0.000000,0.000000,0.611111,1.000000
1492482649.json,1.000000,0.125000,0.000000,1.000000,1.000000
1492926125.json,1.000000,0.000000,0.000000,1.000000,1.000000
1493179765.json,1.000000,0.000000,0.000000,0.941176,1.000000
1493328236.json,1.000000,0.000000,0.000000,1.000000,0.666667
1493562745.json,1.000000,0.000000,0.000000,1.000000,0.750000
1493695370.json,1.000000,0.000000,0.000000,0.875000,1.000000
149371529.json,1.000000,0.045455,0.000000,0.590909,0.909091
1494038489.json,1.000000,0.000000,0.037037,1.000000,0.888889
1494555193.json,1.000000,0.000000,0.034483,0.379310,0.655172
1494747355.json,1.000000,0.000000,0.000000,1.000000,1.000000
1495022741.json,1.000000,0.000000,0.000000,1.000000,0.645161
1495069783.json,1.000000,0.000000,0.000000,0.575758,0.727273
1495176296.json,1.000000,0.000000,0.000000,1.000000,1.000000
1495220353.json,1.000000,0.000000,0.057143,0.857143,0.771429
1495336357.json,1.000000,0.000000,0.037037,1.000000,0.814815
1495700188.json,1.000000,0.000000,0.000000,1.000000,0.700000
1495934611.json,1.000000,0.000000,0.000000,0.894737,0.736842
1496202084.json,1.000000,0.000000,0.000000,1.000000,0.882353
1496206850.json,1.000000,0.000000,0.000000,1.000000,0.705882
149649645.json,1.000000,0.000000,0.000000,0.500000,0.850000
1496499955.json,1.000000,0.000000,0.066667,0.466667,0.666667
1497039919.json,1.000000,0.000000,0.000000,0.388889,1.000000
1497265988.json,0.842105,0.000000,0.000000,0.473684,0.894737
1497441077.json,1.000000,0.000000,0.083333,0.583333,0.833333
1498893607.json,0.805556,0.000000,0.000000,0.916667,0.750000
1500227198.json,1.000000,0.000000,0.000000,0.950000,0.900000
150029894.json,1.000000,0.000000,0.000000,1.000000,1.000000
1500305353.json,0.894737,0.000000,0.000000,0.368421,1.000000
1500865593.json,1.000000,0.000000,0.000000,0.969697,0.818182
1501022468.json,0.875000,0.000000,0.000000,0.333333,1.000000
1501319438.json,1.000000,0.000000,0.000000,1.000000,0.913043
1501383927.json,1.000000,0.000000,0.000000,0.705882,0.470588
150195739.json,1.000000,0.000000,0.000000,0.677419,1.000000
1502452499.json,0.950000,0.000000,0.000000,0.650000,0.875000
1503058230.json,1.000000,0.000000,0.000000,0.733333,0.733333
1503148367.json,1.000000,0.000000,0.000000,0.655172,0.655172
1503268773.json,1.000000,0.000000,0.000000,1.000000,1.000000
1504071717.json,1.000000,0.000000,0.000000,0.357143,1.000000
1504725396.json,1.000000,0.000000,0.000000,1.000000,1.000000
1505041950.json,1.000000,0.000000,0.000000,0.411765,1.000000
1505068405.json,1.000000,0.000000,0.000000,0.882353,0.882353
1505180647.json,1.000000,0.000000,0.000000,0.666667,0.696970
150547449.json,1.000000,0.054054,0.108108,0.675676,1.000000
1505602798.json,1.000000,0.000000,0.000000,1.000000,0.826087
1505858443.json,1.000000,0.000000,0.000000,1.000000,1.000000
1507108705.json,1.000000,0.000000,0.000000,0.882353,0.705882
150749821.json,1.000000,0.000000,0.000000,1.000000,0.782609
1507941220.json,1.000000,0.000000,0.000000,0.400000,0.450000
1508257835.json,0.882353,0.000000,0.000000,0.411765,0.823529
1509061620.json,1.000000,0.000000,0.000000,1.000000,0.888889
1509197137.json,1.000000,0.000000,0.000000,0.541667,0.541667
1509415370.json,1.000000,0.000000,0.000000,1.000000,1.000000
1511105261.json,1.000000,0.000000,0.000000,1.000000,0.950000
1511530978.json,1.000000,0.000000,0.000000,0.869565,0.521739
1511659169.json,1.000000,0.000000,0.086957,1.000000,0.913043
1511954090.json,1.000000,0.000000,0.000000,1.000000,0.840000
1512097785.json,1.000000,0.000000,0.000000,1.000000,0.700000
151220306.json,1.000000,0.000000,0.000000,0.406250,0.562500
1512210818.json,1.000000,0.000000,0.178571,0.892857,0.928571
1512435173.json,1.000000,0.000000,0.000000,0.444444,0.888889
1512544255.json,1.000000,0.000000,0.000000,1.000000,1.000000
1512589628.json,1.000000,0.000000,0.000000,1.000000,0.894737
1513204931.json,1.000000,0.000000,0.000000,1.000000,0.809524
1513298839.json,1.000000,0.000000,0.000000,0.857143,0.657143
151401569.json,1.000000,0.000000,0.000000,0.400000,0.800000
1514221448.json,1.000000,0.000000,0.000000,1.000000,0.837838
1514257371.json,1.000000,0.000000,0.000000,0.500000,0.666667
1514799230.json,1.000000,0.000000,0.000000,1.000000,1.000000
1515230046.json,1.000000,0.000000,0.000000,1.000000,0.826087
1515277013.json,1.000000,0.000000,0.000000,0.684211,1.000000
1515307672.json,1.000000,0.000000,0.000000,0.842105,0.736842
1515381487.json,1.000000,0.000000,0.000000,0.733333,0.800000
1515519089.json,1.000000,0.000000,0.000000,0.750000,0.888889
1515543129.json,1.000000,0.000000,0.000000,1.000000,1.000000
1515602773.json,1.000000,0.187500,0.187500,1.000000,1.000000
151560936.json,0.947368,0.000000,0.000000,0.973684,0.631579
1515719913.json,1.000000,0.000000,0.000000,0.913043,0.782609
1515820805.json,1.000000,0.000000,0.043478,0.869565,0.826087
1516105338.json,1.000000,0.000000,0.000000,0.875000,0.750000
1516137641.json,1.000000,0.000000,0.000000,1.000000,0.642857
1516855746.json,1.000000,0.000000,0.000000,1.000000,1.000000
1517022213.json,1.000000,0.000000,0.000000,0.473684,1.000000
1517053129.json,1.000000,0.000000,0.000000,1.000000,0.833333
1517341327.json,1.000000,0.047619,0.047619,1.000000,0.714286
1517806601.json,1.000000,0.000000,0.066667,1.000000,0.866667
1517815498.json,1.000000,0.000000,0.062500,1.000000,1.000000
1518154907.json,1.000000,0.000000,0.000000,0.523810,0.904762
1518533719.json,1.000000,0.000000,0.000000,1.000000,1.000000
1518559627.json,0.885714,0.000000,0.000000,0.657143,1.000000
1518778181.json,0.931034,0.000000,0.000000,1.000000,0.827586
1519243623.json,1.000000,0.000000,0.000000,0.687500,0.750000
1519577434.json,1.000000,0.166667,0.166667,1.000000,1.000000
1519648586.json,1.000000,0.000000,0.000000,1.000000,1.000000
1520843666.json,1.000000,0.000000,0.000000,0.724138,1.000000
1521212212.json,1.000000,0.000000,0.000000,0.266667,1.000000
1521549932.json,0.942857,0.000000,0.000000,0.885714,0.600000
1522177050.json,1.000000,0.000000,0.000000,1.000000,1.000000
1522389536.json,0.866667,0.000000,0.000000,1.000000,0.600000
1523267338.json,1.000000,0.000000,0.000000,0.607143,0.464286
1523387964.json,1.000000,0.000000,0.000000,0.904762,0.666667
1523559658.json,0.909091,0.000000,0.000000,1.000000,1.000000
1523654065.json,1.000000,0.000000,0.000000,0.666667,0.944444
1524328811.json,1.000000,0.000000,0.000000,0.882353,1.000000
1524675810.json,0.888889,0.000000,0.000000,0.388889,1.000000
1524932454.json,1.000000,0.000000,0.000000,0.894737,0.684211
1525198669.json,1.000000,0.000000,0.000000,1.000000,0.900000
1525525560.json,1.000000,0.000000,0.000000,0.558824,0.764706
1526037291.json,1.000000,0.000000,0.000000,1.000000,0.687500
1526039069.json,1.000000,0.000000,0.000000,0.787879,0.666667
1526191568.json,1.000000,0.000000,0.000000,1.000000,0.789474
1526478335.json,1.000000,0.000000,0.000000,0.640000,0.840000
1527350834.json,1.000000,0.000000,0.000000,0.500000,0.909091
1527485136.json,1.000000,0.000000,0.000000,1.000000,0.615385
1528087647.json,1.000000,0.000000,0.000000,0.315789,0.894737
152826536.json,1.000000,0.000000,0.000000,0.769231,0.692308
152856571.json,1.000000,0.000000,0.055556,0.888889,0.666667
1528784920.json,1.000000,0.000000,0.000000,1.000000,0.870968
1529083979.json,0.950000,0.000000,0.000000,0.800000,0.800000
1529156912.json,1.000000,0.000000,0.125000,0.750000,1.000000
1529223308.json,1.000000,0.045455,0.000000,1.000000,0.909091
1529228240.json,1.000000,0.000000,0.000000,1.000000,1.000000
1529304471.json,1.000000,0.000000,0.000000,0.650000,0.800000
15293895.json,1.000000,0.000000,0.000000,0.866667,1.000000
1529606303.json,1.000000,0.000000,0.000000,0.684211,0.526316
1530363008.json,1.000000,0.000000,0.000000,0.432432,0.945946
1530366335.json,1.000000,0.000000,0.000000,0.631579,0.684211
1530369335.json,1.000000,0.000000,0.000000,0.611111,0.777778
1530461460.json,1.000000,0.000000,0.000000,0.875000,0.875000
1530552264.json,1.000000,0.000000,0.000000,1.000000,1.000000
1530605542.json,1.000000,0.000000,0.000000,0.736842,1.000000
153069126.json,1.000000,0.000000,0.000000,0.866667,0.866667
1531080236.json,1.000000,0.000000,0.000000,0.705882,1.000000
1531223009.json,1.000000,0.000000,0.041667,1.000000,1.000000
1531318011.json,1.000000,0.000000,0.000000,0.851852,0.629630
153141893.json,1.000000,0.000000,0.000000,0.882353,1.000000
153143174.json,1.000000,0.000000,0.000000,1.000000,0.687500
1531804872.json,1.000000,0.000000,0.000000,0.500000,1.000000
153229832.json,1.000000,0.000000,0.000000,0.894737,0.789474
1532548802.json,1.000000,0.000000,0.000000,0.818182,0.681818
1533403626.json,1.000000,0.000000,0.000000,0.705882,0.588235
1533522790.json,1.000000,0.000000,0.033333,0.933333,0.833333
1533646779.json,1.000000,0.000000,0.000000,0.413793,1.000000
153452595.json,1.000000,0.000000,0.058824,0.823529,0.882353
1534588567.json,1.000000,0.000000,0.000000,0.555556,0.861111
1534590595.json,1.000000,0.000000,0.000000,0.629630,0.555556
1534919613.json,1.000000,0.000000,0.000000,1.000000,0.894737
1535153809.json,1.000000,0.000000,0.000000,0.454545,0.878788
153541542.json,0.800000,0.000000,0.000000,0.800000,1.000000
1535523073.json,1.000000,0.000000,0.000000,1.000000,1.000000
1535649265.json,1.000000,0.000000,0.000000,0.818182,0.727273
1535789287.json,1.000000,0.000000,0.000000,1.000000,0.621622
1535796876.json,1.000000,0.000000,0.000000,1.000000,0.470588
1535925769.json,1.000000,0.000000,0.000000,1.000000,0.615385
1535984168.json,1.000000,0.000000,0.031250,0.750000,0.781250
1536399174.json,1.000000,0.000000,0.105263,0.578947,0.894737
1536543603.json,1.000000,0.000000,0.028571,1.000000,0.885714
1536923697.json,1.000000,0.000000,0.000000,0.750000,1.000000
1537041370.json,1.000000,0.000000,0.000000,0.764706,1.000000
1537528299.json,1.000000,0.000000,0.000000,0.842105,0.842105
1537855789.json,1.000000,0.000000,0.000000,1.000000,1.000000
1538024472.json,1.000000,0.050000,0.050000,1.000000,0.900000
1538702883.json,1.000000,0.000000,0.000000,0.266667,1.000000
1538797784.json,1.000000,0.000000,0.000000,0.368421,0.894737
1539100207.json,1.000000,0.000000,0.000000,0.700000,0.550000
1539475524.json,1.000000,0.052632,0.052632,1.000000,0.894737
1539876433.json,1.000000,0.000000,0.000000,0.500000,0.538462
1540705837.json,1.000000,0.000000,0.000000,1.000000,0.800000
1540713171.json,1.000000,0.000000,0.000000,0.821429,0.821429
1541150253.json,1.000000,0.000000,0.000000,0.826087,0.826087
1541415581.json,1.000000,0.000000,0.000000,1.000000,1.000000
1541646.json,1.000000,0.000000,0.000000,0.743590,0.717949
1542044234.json,1.000000,0.000000,0.000000,0.956522,0.739130
1542229014.json,1.000000,0.105263,0.105263,1.000000,0.842105
1542434630.json,1.000000,0.058824,0.000000,1.000000,1.000000
1542624017.json,1.000000,0.000000,0.000000,0.833333,0.888889
1543137554.json,1.000000,0.125000,0.000000,0.125000,0.875000
1543614758.json,1.000000,0.000000,0.000000,0.952381,0.476190
1543669014.json,1.000000,0.000000,0.000000,1.000000,1.000000
1544046396.json,1.000000,0.000000,0.000000,0.789474,0.684211
1544460955.json,1.000000,0.000000,0.000000,0.900000,0.725000
1544495610.json,1.000000,0.000000,0.055556,1.000000,0.777778
1544590177.json,1.000000,0.000000,0.000000,1.000000,1.000000
154464882.json,1.000000,0.000000,0.000000,0.555556,0.777778
1544721066.json,1.000000,0.000000,0.000000,0.785714,0.857143
15457766.json,1.000000,0.000000,0.000000,0.611111,0.833333
1545891516.json,1.000000,0.000000,0.000000,0.631579,0.789474
1545894479.json,1.000000,0.000000,0.047619,0.809524,1.000000
1546106527.json,1.000000,0.000000,0.000000,0.512821,0.538462
1546217991.json,1.000000,0.062500,0.062500,1.000000,0.750000
1546459310.json,0.916667,0.000000,0.000000,1.000000,0.791667
1546693863.json,1.000000,0.000000,0.000000,0.450000,1.000000
1547015222.json,1.000000,0.000000,0.000000,0.555556,0.777778
1547219611.json,1.000000,0.000000,0.000000,1.000000,0.514286
1547919900.json,1.000000,0.000000,0.000000,0.555556,0.611111
1548315747.json,1.000000,0.000000,0.062500,1.000000,1.000000
1549308356.json,1.000000,0.000000,0.000000,0.545455,0.909091
155042883.json,1.000000,0.000000,0.000000,0.125000,0.750000
1550966853.json,1.000000,0.000000,0.000000,0.736842,0.789474
1551090404.json,1.000000,0.000000,0.000000,0.882353,0.882353
1551458345.json,1.000000,0.000000,0.000000,1.000000,0.800000
1553645688.json,1.000000,0.000000,0.000000,0.882353,1.000000
1553869361.json,1.000000,0.000000,0.040000,1.000000,1.000000
155440219.json,1.000000,0.000000,0.000000,0.750000,0.928571
1554679662.json,1.000000,0.000000,0.000000,0.687500,0.875000
155469259.json,1.000000,0.000000,0.000000,0.882353,0.882353
1554982870.json,1.000000,0.000000,0.000000,1.000000,0.866667
1555389404.json,1.000000,0.000000,0.000000,1.000000,1.000000
1555656829.json,1.000000,0.000000,0.000000,1.000000,1.000000
1555809397.json,1.000000,0.027027,0.027027,0.621622,0.783784
1556402713.json,1.000000,0.000000,0.000000,1.000000,0.772727
155644884.json,1.000000,0.031250,0.000000,0.937500,0.531250
1556672170.json,1.000000,0.062500,0.062500,1.000000,1.000000
1556911795.json,1.000000,0.000000,0.000000,1.000000,0.718750
1556965657.json,1.000000,0.000000,0.000000,0.526316,1.000000
1557774943.json,0.866667,0.000000,0.000000,1.000000,0.600000
1558043834.json,0.933333,0.000000,0.000000,0.700000,1.000000
1558389546.json,1.000000,0.000000,0.000000,1.000000,1.000000
1558881814.json,1.000000,0.000000,0.000000,1.000000,1.000000
1558945815.json,1.000000,0.000000,0.000000,0.666667,0.757576
155913602.json,1.000000,0.000000,0.000000,0.666667,0.733333
1559421691.json,1.000000,0.000000,0.000000,0.375000,1.000000
1559668890.json,0.814815,0.000000,0.000000,0.851852,0.814815
1560216019.json,1.000000,0.000000,0.000000,0.416667,0.750000
1560909106.json,1.000000,0.000000,0.000000,1.000000,1.000000
1561686823.json,1.000000,0.000000,0.000000,0.863636,0.909091
1561879068.json,1.000000,0.066667,0.133333,1.000000,1.000000
1561907126.json,1.000000,0.000000,0.000000,1.000000,1.000000
156202528.json,1.000000,0.000000,0.000000,0.866667,0.933333
1562115494.json,1.000000,0.000000,0.000000,1.000000,0.565217
1562122274.json,1.000000,0.000000,0.000000,0.812500,1.000000
1562817650.json,1.000000,0.000000,0.000000,0.760000,0.800000
156341899.json,1.000000,0.025641,0.051282,0.641026,0.897436
1563812406.json,1.000000,0.000000,0.000000,0.880000,1.000000
15646108.json,1.000000,0.000000,0.000000,0.733333,0.933333
1564717390.json,1.000000,0.000000,0.000000,0.400000,0.633333
1565349055.json,1.000000,0.029412,0.029412,1.000000,1.000000
1565478566.json,1.000000,0.000000,0.000000,0.400000,0.866667
1565497502.json,1.000000,0.000000,0.000000,0.291667,0.833333
1565558457.json,1.000000,0.000000,0.000000,0.656250,0.875000
156584094.json,1.000000,0.192308,0.153846,0.000000,1.000000
156647481.json,1.000000,0.000000,0.027027,1.000000,0.837838
1566835575.json,1.000000,0.000000,0.000000,1.000000,0.619048
1567214558.json,1.000000,0.000000,0.000000,0.541667,1.000000
1567934430.json,1.000000,0.000000,0.000000,0.916667,0.833333
156807477.json,1.000000,0.052632,0.052632,0.578947,0.894737
1568206019.json,0.920000,0.000000,0.000000,0.320000,0.520000
1568542673.json,0.800000,0.000000,0.000000,1.000000,0.866667
156918674.json,1.000000,0.000000,0.000000,0.480000,0.720000
1569222218.json,1.000000,0.000000,0.000000,0.695652,0.826087
1569409393.json,0.875000,0.000000,0.000000,0.625000,1.000000
1569490236.json,1.000000,0.041667,0.000000,1.000000,0.625000
1569490952.json,1.000000,0.000000,0.000000,0.631579,0.789474
1570011383.json,0.931034,0.000000,0.103448,0.310345,0.931034
1570224961.json,1.000000,0.066667,0.000000,1.000000,1.000000
1570743955.json,1.000000,0.000000,0.000000,1.000000,0.612903
1571170694.json,1.000000,0.000000,0.000000,1.000000,1.000000
1571201514.json,1.000000,0.000000,0.031250,0.968750,0.937500
1571398935.json,0.920000,0.040000,0.080000,0.360000,0.920000
1571756549.json,1.000000,0.041667,0.000000,1.000000,0.916667
1572421873.json,1.000000,0.000000,0.000000,0.750000,0.833333
1573148585.json,1.000000,0.000000,0.000000,1.000000,1.000000
1573256910.json,0.914286,0.028571,0.000000,0.742857,0.771429
1573561650.json,1.000000,0.000000,0.000000,0.666667,0.875000
1573563317.json,1.000000,0.000000,0.000000,0.625000,0.375000
157358822.json,1.000000,0.000000,0.387097,0.838710,0.935484
157380990.json,1.000000,0.000000,0.000000,0.939394,1.000000
1573889988.json,1.000000,0.000000,0.000000,1.000000,0.647059
157391685.json,1.000000,0.000000,0.000000,1.000000,0.600000
1574225738.json,1.000000,0.000000,0.000000,0.800000,0.900000
1574290879.json,1.000000,0.000000,0.000000,1.000000,0.857143
1574453376.json,1.000000,0.000000,0.000000,0.812500,0.500000
1574571134.json,1.000000,0.000000,0.000000,0.444444,1.000000
1574810700.json,0.931034,0.000000,0.000000,0.620690,0.517241
1575384992.json,1.000000,0.000000,0.000000,1.000000,0.500000
1575462726.json,0.888889,0.000000,0.000000,0.888889,0.333333
1575694587.json,1.000000,0.000000,0.000000,1.000000,0.590909
1576441608.json,1.000000,0.000000,0.000000,0.318182,0.909091
1576589817.json,1.000000,0.000000,0.000000,1.000000,1.000000
1576692862.json,1.000000,0.000000,0.000000,0.333333,0.615385
1576721033.json,0.826087,0.000000,0.000000,0.565217,0.782609
1576941953.json,0.842105,0.000000,0.000000,0.473684,0.894737
1576943991.json,1.000000,0.000000,0.000000,0.882353,1.000000
15781444.json,1.000000,0.000000,0.000000,0.600000,0.866667
1578150049.json,1.000000,0.066667,0.000000,1.000000,0.733333
1578804712.json,1.000000,0.000000,0.000000,1.000000,0.920000
1578964671.json,1.000000,0.000000,0.000000,0.400000,0.333333
1579088138.json,1.000000,0.000000,0.000000,1.000000,0.800000
1579636395.json,1.000000,0.000000,0.000000,0.833333,0.916667
1579902771.json,1.000000,0.000000,0.052632,0.578947,0.789474
1580051316.json,1.000000,0.000000,0.000000,0.896552,1.000000
1580245627.json,1.000000,0.000000,0.000000,0.904762,0.809524
158045461.json,1.000000,0.000000,0.025641,0.666667,0.794872
1580541538.json,1.000000,0.000000,0.000000,0.421053,0.736842
1580801515.json,1.000000,0.000000,0.000000,0.800000,0.533333
1580802438.json,1.000000,0.000000,0.000000,0.291667,0.916667
1580829881.json,1.000000,0.000000,0.000000,0.562500,0.625000
1580863961.json,1.000000,0.000000,0.000000,1.000000,0.722222
1581017280.json,1.000000,0.000000,0.066667,1.000000,1.000000
1581466915.json,1.000000,0.000000,0.000000,0.720000,0.800000
1582177859.json,1.000000,0.000000,0.000000,0.677419,0.419355
1582230538.json,1.000000,0.026316,0.026316,0.789474,0.842105
1582267656.json,1.000000,0.000000,0.000000,0.750000,0.875000
1582327002.json,1.000000,0.000000,0.000000,1.000000,1.000000
1582472422.json,1.000000,0.047619,0.047619,0.761905,1.000000
1582695236.json,1.000000,0.000000,0.000000,1.000000,0.692308
1583088648.json,1.000000,0.000000,0.000000,0.805556,0.666667
1583634552.json,1.000000,0.055556,0.000000,0.611111,0.888889
1583752685.json,1.000000,0.000000,0.000000,0.625000,0.812500
1583956946.json,1.000000,0.000000,0.000000,1.000000,0.823529
1584062142.json,1.000000,0.000000,0.000000,0.130435,0.652174
1584104839.json,1.000000,0.000000,0.000000,1.000000,0.875000
1584108012.json,1.000000,0.000000,0.000000,0.466667,0.733333
1584125800.json,1.000000,0.031250,0.000000,0.687500,0.875000
158451370.json,1.000000,0.000000,0.000000,1.000000,0.680000
1584608660.json,1.000000,0.000000,0.000000,1.000000,0.400000
1584781235.json,1.000000,0.000000,0.000000,1.000000,1.000000
1585046090.json,0.888889,0.000000,0.000000,0.444444,0.611111
1585158321.json,1.000000,0.000000,0.033333,0.533333,0.533333
1585230885.json,1.000000,0.000000,0.000000,1.000000,1.000000
158596669.json,1.000000,0.000000,0.000000,1.000000,0.806452
1587128242.json,1.000000,0.000000,0.000000,1.000000,0.739130
1587281026.json,1.000000,0.000000,0.000000,0.809524,0.619048
1587373637.json,1.000000,0.200000,0.066667,1.000000,1.000000
1587781363.json,1.000000,0.000000,0.000000,1.000000,0.750000
1587972759.json,1.000000,0.000000,0.000000,0.736842,0.684211
1588302157.json,1.000000,0.000000,0.000000,0.866667,0.600000
1588511627.json,1.000000,0.000000,0.000000,0.700000,0.650000
1589178862.json,0.916667,0.000000,0.000000,0.166667,0.833333
1589358950.json,1.000000,0.000000,0.000000,1.000000,0.894737
1589856194.json,1.000000,0.000000,0.000000,0.350000,0.900000
1591073955.json,1.000000,0.000000,0.000000,0.388889,0.666667
1591425074.json,1.000000,0.000000,0.000000,0.850000,0.350000
1591617905.json,1.000000,0.000000,0.000000,0.526316,0.736842
1591693396.json,0.850000,0.000000,0.000000,0.450000,0.850000
1592014007.json,1.000000,0.000000,0.000000,1.000000,1.000000
159212768.json,1.000000,0.000000,0.190476,1.000000,0.809524
1592196536.json,1.000000,0.000000,0.000000,0.789474,0.736842
1592373073.json,0.900000,0.000000,0.000000,1.000000,1.000000
1592496792.json,1.000000,0.000000,0.000000,1.000000,0.894737
1593396733.json,1.000000,0.062500,0.125000,0.750000,1.000000
1593465486.json,1.000000,0.000000,0.000000,0.600000,0.866667
1593569908.json,1.000000,0.000000,0.055556,1.000000,0.722222
159373.json,1.000000,0.000000,0.000000,0.739130,0.782609
1593772272.json,1.000000,0.000000,0.000000,1.000000,0.611111
1593788315.json,0.545455,0.000000,0.000000,0.136364,0.818182
1593945208.json,1.000000,0.000000,0.000000,0.833333,0.666667
1594320641.json,1.000000,0.000000,0.000000,1.000000,1.000000
1594684037.json,1.000000,0.000000,0.000000,0.689655,0.655172
1595034264.json,1.000000,0.000000,0.000000,0.757576,0.454545
159556217.json,1.000000,0.000000,0.000000,0.933333,1.000000
1595609528.json,1.000000,0.000000,0.000000,0.833333,1.000000
1596348602.json,1.000000,0.000000,0.000000,0.650000,1.000000
1596350510.json,1.000000,0.000000,0.000000,0.882353,0.764706
159702407.json,1.000000,0.000000,0.000000,1.000000,0.611111
1597028298.json,1.000000,0.000000,0.045455,0.772727,1.000000
1597286388.json,1.000000,0.000000,0.000000,0.555556,0.592593
1597317420.json,1.000000,0.000000,0.000000,1.000000,1.000000
1597583645.json,1.000000,0.000000,0.000000,0.647059,1.000000
1598135422.json,1.000000,0.000000,0.066667,1.000000,1.000000
1598542165.json,1.000000,0.000000,0.000000,0.000000,1.000000
159861458.json,1.000000,0.000000,0.000000,0.666667,0.800000
1598845770.json,0.875000,0.000000,0.000000,0.687500,0.750000
1599278566.json,1.000000,0.000000,0.000000,0.894737,0.631579
1599343054.json,1.000000,0.000000,0.000000,0.368421,0.578947
1599467602.json,1.000000,0.000000,0.000000,0.733333,0.633333
1599755847.json,1.000000,0.000000,0.000000,0.440000,0.840000
1600298086.json,1.000000,0.000000,0.000000,1.000000,0.920000
1600477666.json,1.000000,0.000000,0.000000,0.611111,0.777778
1600775205.json,1.000000,0.000000,0.000000,1.000000,0.687500
1601438150.json,1.000000,0.000000,0.000000,0.666667,0.904762
1601577514.json,1.000000,0.000000,0.000000,1.000000,0.875000
1602475137.json,1.000000,0.000000,0.000000,0.607143,0.607143
1602654017.json,1.000000,0.000000,0.000000,0.324324,0.945946
1602787351.json,1.000000,0.000000,0.000000,0.764706,1.000000
1603031800.json,1.000000,0.000000,0.000000,0.476190,0.666667
1603039386.json,1.000000,0.000000,0.047619,1.000000,0.619048
1603826872.json,1.000000,0.000000,0.117647,1.000000,0.911765
1603892044.json,1.000000,0.000000,0.000000,0.343750,1.000000
160409321.json,1.000000,0.000000,0.000000,1.000000,0.866667
1604316772.json,1.000000,0.000000,0.000000,1.000000,0.809524
1604559456.json,1.000000,0.000000,0.000000,0.750000,0.722222
1604673212.json,1.000000,0.000000,0.000000,0.733333,0.600000
1604721262.json,1.000000,0.000000,0.000000,0.541667,0.833333
1604972290.json,1.000000,0.000000,0.000000,1.000000,0.800000
1605070141.json,1.000000,0.000000,0.000000,1.000000,0.562500
1605639711.json,1.000000,0.000000,0.000000,0.333333,1.000000
1605671907.json,0.818182,0.000000,0.000000,0.000000,1.000000
1605802665.json,1.000000,0.000000,0.000000,1.000000,0.875000
1606284011.json,1.000000,0.000000,0.000000,0.722222,0.611111
1607341144.json,1.000000,0.000000,0.000000,0.923077,0.615385
1607594332.json,1.000000,0.000000,0.045455,0.772727,0.909091
1607625746.json,1.000000,0.000000,0.000000,0.894737,0.789474
160802163.json,1.000000,0.000000,0.000000,0.714286,0.714286
1608707734.json,1.000000,0.000000,0.000000,1.000000,0.647059
1609269764.json,1.000000,0.000000,0.000000,1.000000,0.913043
1609398908.json,1.000000,0.000000,0.000000,0.909091,1.000000
1609697905.json,1.000000,0.000000,0.000000,1.000000,0.866667
1609986036.json,1.000000,0.000000,0.000000,0.565217,0.826087
1610069454.json,1.000000,0.000000,0.000000,0.560000,0.840000
161018460.json,1.000000,0.000000,0.047619,0.380952,1.000000
1610187432.json,1.000000,0.045455,0.000000,0.772727,0.909091
1610357997.json,1.000000,0.000000,0.000000,1.000000,0.705882
1610752046.json,1.000000,0.000000,0.000000,1.000000,1.000000
161102601.json,1.000000,0.000000,0.000000,0.423077,0.769231
1611052637.json,0.705882,0.000000,0.000000,0.764706,1.000000
161187916.json,1.000000,0.000000,0.000000,0.523810,0.904762
1612564208.json,1.000000,0.000000,0.000000,1.000000,0.866667
1612854546.json,0.925926,0.000000,0.000000,0.851852,0.814815
1613375259.json,1.000000,0.000000,0.000000,0.464286,0.642857
1613390014.json,1.000000,0.000000,0.000000,0.166667,0.777778
1613490760.json,1.000000,0.000000,0.066667,0.666667,0.600000
1614854406.json,1.000000,0.000000,0.100000,0.300000,0.900000
1615124108.json,1.000000,0.000000,0.000000,0.850000,0.900000
1615180728.json,1.000000,0.000000,0.000000,1.000000,0.875000
1615313282.json,1.000000,0.000000,0.000000,1.000000,1.000000
1615402450.json,1.000000,0.000000,0.000000,0.750000,1.000000
1615683701.json,1.000000,0.000000,0.000000,1.000000,1.000000
1615866946.json,1.000000,0.000000,0.000000,1.000000,0.850000
1615917366.json,1.000000,0.000000,0.000000,0.794118,0.676471
161624596.json,1.000000,0.000000,0.000000,0.842105,0.736842
1616686095.json,0.937500,0.000000,0.062500,0.781250,0.937500
1616851931.json,1.000000,0.000000,0.133333,0.800000,1.000000
1616866258.json,1.000000,0.000000,0.000000,0.722222,1.000000
1616990245.json,1.000000,0.000000,0.035714,0.571429,0.821429
1617014971.json,1.000000,0.000000,0.000000,0.750000,0.875000
1618442468.json,1.000000,0.000000,0.000000,1.000000,1.000000
1619251172.json,1.000000,0.000000,0.000000,0.750000,0.625000
1619269167.json,1.000000,0.000000,0.000000,0.612903,0.774194
1619344813.json,1.000000,0.437500,0.000000,1.000000,1.000000
1619599863.json,1.000000,0.000000,0.000000,0.894737,1.000000
1619602707.json,1.000000,0.000000,0.000000,0.700000,1.000000
1619922729.json,0.647059,0.000000,0.000000,0.941176,1.000000
162041687.json,1.000000,0.000000,0.000000,0.789474,1.000000
1620500174.json,1.000000,0.000000,0.000000,1.000000,0.529412
1620622687.json,1.000000,0.000000,0.000000,0.533333,1.000000
1620631400.json,1.000000,0.000000,0.000000,1.000000,0.875000
1620749425.json,1.000000,0.000000,0.000000,0.882353,0.882353
1621314749.json,1.000000,0.000000,0.000000,0.708333,0.583333
1621399059.json,1.000000,0.000000,0.000000,1.000000,0.913043
1621411327.json,1.000000,0.000000,0.000000,1.000000,0.526316
1621495890.json,1.000000,0.000000,0.000000,1.000000,1.000000
1621654417.json,1.000000,0.000000,0.000000,0.578947,0.552632
1621814035.json,1.000000,0.000000,0.000000,1.000000,0.862069
1622001194.json,1.000000,0.000000,0.000000,0.647059,0.411765
1622607462.json,1.000000,0.000000,0.064516,0.354839,0.806452
1622655928.json,1.000000,0.000000,0.000000,0.739130,0.565217
1622814683.json,1.000000,0.050000,0.150000,1.000000,1.000000
1623231389.json,1.000000,0.000000,0.000000,1.000000,1.000000
162334880.json,1.000000,0.000000,0.000000,0.814815,1.000000
1623621406.json,1.000000,0.050000,0.000000,1.000000,1.000000
1623781085.json,1.000000,0.000000,0.000000,0.466667,0.733333
1624185123.json,1.000000,0.000000,0.000000,0.789474,0.684211
1624549188.json,1.000000,0.000000,0.045455,1.000000,0.818182
1624815366.json,1.000000,0.000000,0.000000,0.894737,1.000000
1624942540.json,1.000000,0.000000,0.000000,0.653846,0.615385
1625209393.json,1.000000,0.040000,0.000000,1.000000,0.880000
1625338078.json,1.000000,0.000000,0.000000,1.000000,0.800000
162537996.json,1.000000,0.125000,0.125000,0.875000,0.875000
1625748384.json,1.000000,0.000000,0.000000,1.000000,0.535714
162709676.json,1.000000,0.000000,0.000000,0.518519,0.666667
1627409593.json,1.000000,0.173913,0.173913,0.956522,1.000000
1627520228.json,1.000000,0.000000,0.000000,1.000000,0.705882
1627522537.json,1.000000,0.000000,0.000000,0.846154,0.769231
1627556048.json,1.000000,0.000000,0.000000,0.761905,1.000000
162758182.json,1.000000,0.000000,0.000000,0.500000,0.500000
1627812178.json,1.000000,0.000000,0.000000,0.642857,0.928571
1627828339.json,1.000000,0.000000,0.000000,1.000000,0.611111
1628734816.json,1.000000,0.000000,0.000000,1.000000,0.727273
1629528040.json,1.000000,0.000000,0.031250,0.500000,0.937500
1629738179.json,1.000000,0.000000,0.000000,0.535714,0.857143
1629824118.json,1.000000,0.000000,0.000000,0.608696,0.652174
1630077105.json,1.000000,0.187500,0.000000,1.000000,0.812500
1630205258.json,1.000000,0.000000,0.000000,0.937500,0.875000
1630208502.json,1.000000,0.000000,0.000000,0.666667,0.733333
1630230589.json,1.000000,0.000000,0.000000,0.857143,0.464286
1630234717.json,1.000000,0.157895,0.157895,0.526316,0.789474
1631109236.json,1.000000,0.000000,0.000000,0.526316,0.526316
163130164.json,1.000000,0.000000,0.000000,1.000000,1.000000
1632682299.json,1.000000,0.000000,0.000000,1.000000,1.000000
1632999595.json,1.000000,0.000000,0.000000,0.647059,0.882353
1633392168.json,1.000000,0.000000,0.000000,0.904762,1.000000
1633446803.json,1.000000,0.000000,0.000000,0.760000,0.760000
1633481094.json,1.000000,0.000000,0.000000,0.000000,1.000000
163351557.json,1.000000,0.000000,0.000000,0.722222,0.611111
1633869610.json,1.000000,0.000000,0.000000,0.789474,0.368421
1634051895.json,1.000000,0.000000,0.000000,1.000000,0.736842
1634169658.json,0.911765,0.000000,0.000000,0.852941,0.735294
1634379825.json,1.000000,0.000000,0.066667,0.800000,0.866667
1635794774.json,1.000000,0.000000,0.000000,0.500000,0.846154
1636296516.json,1.000000,0.000000,0.000000,0.826087,0.521739
16365962.json,1.000000,0.000000,0.000000,0.812500,0.875000
1636704776.json,1.000000,0.000000,0.055556,1.000000,1.000000
1636726153.json,1.000000,0.000000,0.000000,0.562500,0.750000
1636922073.json,1.000000,0.000000,0.000000,0.800000,1.000000
1637083313.json,1.000000,0.000000,0.000000,0.750000,0.650000
1637112086.json,1.000000,0.000000,0.000000,0.900000,0.700000
163718215.json,1.000000,0.000000,0.000000,0.894737,0.894737
163889525.json,1.000000,0.000000,0.000000,1.000000,0.885714
1639076518.json,1.000000,0.000000,0.000000,1.000000,0.871795
1639529575.json,1.000000,0.000000,0.000000,0.600000,1.000000
163956302.json,1.000000,0.000000,0.000000,0.538462,0.423077
164010702.json,1.000000,0.000000,0.000000,1.000000,0.777778
1640128993.json,1.000000,0.000000,0.000000,0.750000,0.805556
1641258843.json,1.000000,0.000000,0.000000,0.909091,0.772727
1641451466.json,1.000000,0.000000,0.058824,0.882353,1.000000
1641671808.json,1.000000,0.000000,0.100000,0.950000,0.900000
16418674.json,1.000000,0.000000,0.000000,1.000000,1.000000
164216365.json,1.000000,0.000000,0.000000,0.107143,0.500000
1643057795.json,1.000000,0.050000,0.050000,1.000000,0.750000
1643078522.json,1.000000,0.071429,0.000000,1.000000,1.000000
164335709.json,1.000000,0.000000,0.000000,0.714286,0.428571
1643446603.json,1.000000,0.000000,0.000000,1.000000,0.823529
1643734865.json,1.000000,0.000000,0.000000,1.000000,1.000000
1643889860.json,1.000000,0.000000,0.000000,1.000000,0.806452
1644110715.json,1.000000,0.000000,0.000000,0.444444,1.000000
1644226000.json,1.000000,0.000000,0.000000,0.823529,0.794118
1644347314.json,0.850000,0.000000,0.000000,0.150000,0.750000
1644507643.json,1.000000,0.000000,0.000000,1.000000,0.736842
1644584306.json,1.000000,0.000000,0.000000,0.800000,1.000000
1645136952.json,1.000000,0.000000,0.000000,0.875000,0.625000
1645242208.json,1.000000,0.000000,0.000000,0.259259,0.555556
1646303713.json,1.000000,0.000000,0.000000,0.619048,0.809524
1646806074.json,1.000000,0.000000,0.000000,1.000000,0.894737
164682494.json,0.945946,0.000000,0.000000,0.513514,0.837838
1646844162.json,1.000000,0.000000,0.000000,0.842105,0.894737
1647098342.json,1.000000,0.000000,0.000000,1.000000,1.000000
1647485691.json,1.000000,0.000000,0.000000,0.777778,0.777778
1647860821.json,1.000000,0.000000,0.000000,1.000000,0.909091
1648751080.json,1.000000,0.000000,0.000000,0.312500,0.437500
1648815482.json,1.000000,0.062500,0.000000,0.875000,0.875000
1649525188.json,1.000000,0.000000,0.000000,0.826087,0.826087
1649531357.json,1.000000,0.000000,0.000000,0.391304,0.826087
1649597961.json,1.000000,0.000000,0.029412,1.000000,0.823529
1650332138.json,1.000000,0.000000,0.000000,1.000000,1.000000
1650735497.json,1.000000,0.000000,0.052632,0.947368,1.000000
1650931039.json,1.000000,0.083333,0.083333,0.791667,1.000000
1651158761.json,1.000000,0.000000,0.066667,0.666667,0.866667
1651349901.json,0.933333,0.000000,0.000000,0.966667,0.866667
1651659225.json,1.000000,0.000000,0.000000,0.586207,0.758621
1651695717.json,1.000000,0.055556,0.000000,0.388889,1.000000
1652787746.json,1.000000,0.000000,0.000000,1.000000,1.000000
1653661208.json,1.000000,0.000000,0.000000,0.764706,0.647059
1653719939.json,1.000000,0.000000,0.027778,0.277778,0.444444
1654260727.json,1.000000,0.000000,0.000000,0.481481,0.629630
165460050.json,1.000000,0.000000,0.000000,0.800000,0.666667
1655070262.json,1.000000,0.000000,0.000000,1.000000,1.000000
1655106062.json,1.000000,0.000000,0.000000,0.666667,0.611111
1655154011.json,1.000000,0.000000,0.000000,1.000000,0.904762
1655590508.json,1.000000,0.000000,0.000000,1.000000,1.000000
1655655354.json,1.000000,0.000000,0.107143,1.000000,0.750000
1655829345.json,1.000000,0.000000,0.000000,0.464286,0.500000
1656408578.json,1.000000,0.000000,0.000000,0.743590,0.897436
1656533187.json,1.000000,0.000000,0.000000,0.857143,0.857143
1656584459.json,1.000000,0.000000,0.000000,0.884615,1.000000
1656848593.json,1.000000,0.066667,0.133333,1.000000,1.000000
1656851829.json,1.000000,0.000000,0.000000,0.650000,0.800000
1657012598.json,1.000000,0.052632,0.000000,1.000000,0.894737
1657159226.json,1.000000,0.000000,0.000000,0.333333,0.809524
1657227289.json,1.000000,0.000000,0.000000,0.789474,0.736842
1658057676.json,1.000000,0.000000,0.055556,0.611111,0.444444
165830873.json,1.000000,0.000000,0.000000,0.840000,0.680000
1658735755.json,1.000000,0.000000,0.000000,0.900000,1.000000
1659508022.json,1.000000,0.000000,0.000000,0.823529,0.823529
1659747532.json,1.000000,0.031250,0.093750,1.000000,1.000000
1660100602.json,1.000000,0.000000,0.000000,0.846154,0.948718
1661816280.json,1.000000,0.000000,0.000000,0.461538,0.666667
1662206869.json,1.000000,0.032258,0.032258,0.709677,0.741935
1662650609.json,1.000000,0.000000,0.055556,0.722222,0.833333
1663003736.json,1.000000,0.000000,0.000000,0.875000,0.875000
1663105626.json,1.000000,0.000000,0.000000,0.578947,0.684211
166313317.json,1.000000,0.000000,0.034483,0.827586,0.724138
1663400389.json,1.000000,0.000000,0.000000,0.884615,0.923077
166352508.json,1.000000,0.000000,0.000000,1.000000,0.866667
1663778637.json,1.000000,0.000000,0.000000,1.000000,0.680000
166380302.json,1.000000,0.000000,0.000000,0.666667,0.761905
1664537844.json,1.000000,0.000000,0.000000,1.000000,0.764706
1665253572.json,1.000000,0.000000,0.000000,1.000000,0.900000
1665388149.json,1.000000,0.000000,0.000000,1.000000,0.666667
1665474341.json,1.000000,0.060606,0.000000,0.666667,0.636364
1665514673.json,1.000000,0.000000,0.055556,0.777778,0.555556
1665784283.json,1.000000,0.086957,0.130435,1.000000,1.000000
1665790086.json,1.000000,0.000000,0.000000,1.000000,0.913043
1666082353.json,1.000000,0.105263,0.105263,1.000000,0.894737
1666175446.json,1.000000,0.000000,0.000000,1.000000,1.000000
1666482053.json,1.000000,0.000000,0.000000,0.866667,0.333333
1666545455.json,1.000000,0.000000,0.000000,1.000000,0.777778
166659143.json,1.000000,0.000000,0.000000,1.000000,1.000000
1666657292.json,1.000000,0.050000,0.050000,1.000000,0.900000
16667558.json,1.000000,0.000000,0.038462,1.000000,0.692308
1666806859.json,1.000000,0.000000,0.000000,0.840000,0.840000
1667017327.json,1.000000,0.000000,0.000000,0.894737,0.842105
166709841.json,1.000000,0.000000,0.000000,0.941176,0.852941
1667145304.json,1.000000,0.000000,0.000000,0.555556,0.333333
166734360.json,1.000000,0.000000,0.000000,0.695652,0.608696
1667672547.json,1.000000,0.000000,0.000000,0.826087,0.869565
1667851907.json,1.000000,0.000000,0.000000,1.000000,0.700000
1667919381.json,1.000000,0.000000,0.000000,1.000000,0.888889
1668156553.json,1.000000,0.052632,0.052632,0.526316,1.000000
1668229512.json,1.000000,0.000000,0.038462,0.615385,0.769231
1668507893.json,1.000000,0.000000,0.000000,1.000000,0.750000
1668589326.json,1.000000,0.000000,0.000000,1.000000,0.909091
1668903830.json,1.000000,0.000000,0.000000,1.000000,1.000000
1669157862.json,1.000000,0.000000,0.000000,0.344828,0.689655
1669530079.json,1.000000,0.000000,0.000000,0.590909,0.909091
1669627774.json,1.000000,0.000000,0.000000,0.937500,0.812500
1670091182.json,1.000000,0.000000,0.000000,1.000000,0.346154
1670276756.json,1.000000,0.000000,0.000000,0.764706,0.882353
1671750284.json,1.000000,0.000000,0.000000,0.840000,0.840000
1671787493.json,1.000000,0.000000,0.043478,0.478261,0.652174
1671850404.json,1.000000,0.000000,0.000000,0.600000,0.600000
1672048025.json,1.000000,0.000000,0.000000,0.600000,0.733333
1672650088.json,1.000000,0.000000,0.000000,0.647059,1.000000
1673784151.json,1.000000,0.000000,0.000000,0.533333,0.866667
1674011833.json,1.000000,0.000000,0.000000,0.375000,1.000000
1674217557.json,1.000000,0.000000,0.000000,0.758621,0.379310
1674225539.json,1.000000,0.055556,0.000000,0.833333,0.777778
1674537718.json,1.000000,0.000000,0.000000,0.866667,0.866667
1674590055.json,1.000000,0.066667,0.000000,0.933333,0.066667
1674836183.json,1.000000,0.000000,0.000000,0.640000,0.840000
1675060575.json,1.000000,0.000000,0.000000,0.941176,0.705882
1675180835.json,1.000000,0.000000,0.000000,0.935484,0.838710
167550019.json,1.000000,0.000000,0.000000,0.677419,1.000000
1675715412.json,1.000000,0.000000,0.000000,0.882353,0.647059
1675766446.json,1.000000,0.222222,0.000000,0.888889,0.888889
1675943169.json,1.000000,0.000000,0.000000,0.958333,0.875000
167618701.json,1.000000,0.000000,0.000000,0.684211,0.894737
1677055815.json,1.000000,0.000000,0.000000,1.000000,0.851852
1677217559.json,1.000000,0.375000,0.000000,1.000000,0.833333
1679298090.json,1.000000,0.000000,0.000000,0.842105,0.894737
1679595896.json,1.000000,0.000000,0.000000,1.000000,0.875000
1679637886.json,1.000000,0.000000,0.000000,0.806452,0.838710
1680649112.json,0.909091,0.000000,0.000000,0.409091,0.636364
168070667.json,1.000000,0.000000,0.000000,1.000000,0.781250
1680749149.json,1.000000,0.000000,0.000000,0.641026,0.948718
1680787867.json,1.000000,0.000000,0.058824,1.000000,0.823529
1681071929.json,1.000000,0.000000,0.000000,0.866667,1.000000
1681287551.json,1.000000,0.125000,0.125000,1.000000,1.000000
168217972.json,1.000000,0.000000,0.000000,0.750000,1.000000
1682689604.json,1.000000,0.000000,0.096774,0.870968,1.000000
1682872776.json,0.608696,0.000000,0.000000,0.739130,0.608696
1683672607.json,1.000000,0.033333,0.000000,0.766667,0.933333
1683796112.json,1.000000,0.000000,0.000000,1.000000,0.684211
1684733593.json,1.000000,0.000000,0.000000,0.512821,0.538462
1685393291.json,1.000000,0.000000,0.000000,0.833333,0.766667
1686002558.json,0.909091,0.000000,0.000000,0.590909,0.636364
1686315963.json,1.000000,0.000000,0.052632,0.684211,0.842105
1687950668.json,1.000000,0.157895,0.000000,1.000000,1.000000
1688366092.json,1.000000,0.000000,0.000000,1.000000,0.566667
1688649961.json,1.000000,0.000000,0.000000,0.823529,1.000000
1689043157.json,1.000000,0.000000,0.000000,1.000000,0.714286
1689189559.json,1.000000,0.235294,0.117647,1.000000,1.000000
1689568217.json,0.904762,0.000000,0.000000,0.761905,0.761905
1689893677.json,1.000000,0.000000,0.000000,0.764706,0.882353
1690142313.json,0.941176,0.029412,0.000000,1.000000,0.941176
1690774147.json,1.000000,0.000000,0.000000,1.000000,1.000000
1690956949.json,1.000000,0.000000,0.062500,0.500000,0.875000
1691062836.json,1.000000,0.000000,0.000000,0.923077,0.846154
1691224674.json,1.000000,0.000000,0.000000,1.000000,0.727273
169162819.json,1.000000,0.000000,0.000000,1.000000,0.789474
169179899.json,1.000000,0.000000,0.000000,0.589744,0.512821
1692122698.json,1.000000,0.000000,0.040000,0.880000,1.000000
1692719115.json,1.000000,0.000000,0.000000,0.764706,0.647059
1692757397.json,0.687500,0.000000,0.000000,0.687500,1.000000
1692926652.json,1.000000,0.000000,0.000000,1.000000,0.666667
1693935298.json,1.000000,0.000000,0.000000,0.400000,0.800000
1693945216.json,1.000000,0.000000,0.000000,1.000000,0.777778
1695008201.json,1.000000,0.047619,0.047619,1.000000,1.000000
1695132490.json,1.000000,0.000000,0.027027,0.513514,0.891892
169565489.json,1.000000,0.000000,0.000000,0.531250,0.781250
1695808318.json,1.000000,0.000000,0.000000,1.000000,0.684211
1696746146.json,1.000000,0.000000,0.000000,0.772727,0.636364
1697234686.json,0.916667,0.000000,0.000000,1.000000,0.791667
1697420134.json,1.000000,0.000000,0.000000,0.823529,0.882353
1697487869.json,1.000000,0.000000,0.000000,0.909091,1.000000
1698028474.json,1.000000,0.000000,0.000000,1.000000,1.000000
1698068337.json,1.000000,0.000000,0.000000,0.781250,0.500000
1698070163.json,1.000000,0.000000,0.000000,0.200000,0.800000
1698096812.json,1.000000,0.000000,0.000000,1.000000,0.909091
1699008808.json,1.000000,0.000000,0.000000,0.352941,1.000000
1699444521.json,1.000000,0.000000,0.050000,0.850000,0.800000
1699909157.json,1.000000,0.043478,0.000000,0.956522,0.913043
1700062808.json,0.909091,0.000000,0.000000,0.681818,0.909091
1700444752.json,1.000000,0.000000,0.000000,0.473684,1.000000
1700491123.json,0.945946,0.000000,0.000000,0.324324,1.000000
1701900.json,0.909091,0.000000,0.000000,0.545455,0.863636
1702229509.json,1.000000,0.035714,0.000000,1.000000,0.857143
1702584357.json,0.878788,0.000000,0.060606,0.393939,0.878788
1702752310.json,1.000000,0.000000,0.000000,0.909091,1.000000
1702894584.json,1.000000,0.000000,0.000000,0.687500,0.562500
1702961401.json,1.000000,0.000000,0.050000,1.000000,0.900000
1703057530.json,1.000000,0.000000,0.000000,1.000000,0.733333
170351728.json,1.000000,0.000000,0.000000,0.772727,0.636364
1703848951.json,1.000000,0.000000,0.000000,1.000000,1.000000
1703916945.json,1.000000,0.000000,0.000000,0.432432,0.756757
1704333812.json,1.000000,0.000000,0.000000,1.000000,0.833333
170500422.json,0.878788,0.000000,0.060606,0.393939,0.878788
1705602791.json,1.000000,0.076923,0.038462,0.500000,0.576923
170563037.json,1.000000,0.000000,0.000000,0.966667,0.666667
1706317315.json,1.000000,0.000000,0.052632,0.473684,0.894737
1706647427.json,1.000000,0.000000,0.058824,1.000000,1.000000
1707084986.json,1.000000,0.000000,0.000000,0.350000,0.900000
170722244.json,1.000000,0.000000,0.000000,0.645161,0.677419
1707460701.json,1.000000,0.000000,0.000000,1.000000,0.733333
170777642.json,1.000000,0.000000,0.000000,0.666667,1.000000
1707816506.json,1.000000,0.055556,0.388889,1.000000,1.000000
1708154125.json,1.000000,0.000000,0.000000,0.833333,0.611111
1708386300.json,1.000000,0.000000,0.000000,0.888889,0.666667
1708807852.json,1.000000,0.000000,0.000000,0.615385,0.897436
1708839352.json,0.882353,0.000000,0.000000,0.470588,0.647059
1708919754.json,1.000000,0.062500,0.062500,1.000000,1.000000
1709382481.json,1.000000,0.000000,0.000000,0.800000,0.850000
1709473825.json,1.000000,0.000000,0.000000,1.000000,0.862069
1709487769.json,1.000000,0.000000,0.000000,1.000000,0.875000
170977295.json,1.000000,0.000000,0.000000,1.000000,0.714286
1710170780.json,1.000000,0.040000,0.000000,1.000000,0.760000
1710542333.json,1.000000,0.000000,0.000000,0.555556,0.555556
1710702739.json,1.000000,0.000000,0.033333,0.766667,0.666667
1710774904.json,1.000000,0.151515,0.121212,1.000000,0.939394
1710853675.json,1.000000,0.000000,0.000000,0.466667,0.733333
1711010599.json,1.000000,0.000000,0.000000,0.434783,0.652174
1711809425.json,1.000000,0.000000,0.000000,1.000000,0.750000
1712132769.json,1.000000,0.000000,0.000000,1.000000,1.000000
1712739243.json,1.000000,0.250000,0.062500,1.000000,1.000000
1712837039.json,1.000000,0.064516,0.064516,1.000000,0.870968
1713038010.json,1.000000,0.000000,0.000000,1.000000,1.000000
171323742.json,0.826087,0.000000,0.000000,0.869565,0.739130
171371933.json,1.000000,0.000000,0.000000,1.000000,0.777778
1714347345.json,1.000000,0.000000,0.052632,1.000000,0.789474
1714824538.json,1.000000,0.000000,0.000000,0.823529,0.647059
1714864350.json,1.000000,0.000000,0.000000,0.590909,0.500000
1715277703.json,1.000000,0.111111,0.055556,1.000000,0.666667
1715812589.json,1.000000,0.000000,0.030303,0.818182,0.696970
1716256122.json,1.000000,0.000000,0.000000,1.000000,0.928571
1717858062.json,1.000000,0.000000,0.052632,1.000000,0.842105
1718128311.json,0.913043,0.000000,0.000000,1.000000,0.826087
1718222072.json,1.000000,0.000000,0.000000,1.000000,1.000000
1718446525.json,0.931034,0.000000,0.103448,0.310345,0.931034
1718551190.json,1.000000,0.000000,0.000000,1.000000,0.866667
1718840041.json,1.000000,0.000000,0.000000,0.764706,0.588235
1719099324.json,1.000000,0.000000,0.000000,1.000000,0.687500
1719735652.json,1.000000,0.000000,0.000000,0.347826,0.565217
1719805628.json,1.000000,0.000000,0.000000,1.000000,1.000000
1720125468.json,1.000000,0.000000,0.000000,1.000000,0.925926
1720403983.json,1.000000,0.000000,0.000000,1.000000,0.722222
1720521300.json,1.000000,0.000000,0.000000,1.000000,0.826087
1720573790.json,1.000000,0.000000,0.066667,0.800000,1.000000
1720607649.json,1.000000,0.000000,0.000000,1.000000,0.900000
1721269458.json,1.000000,0.000000,0.000000,0.062500,0.781250
1721271775.json,1.000000,0.000000,0.000000,0.666667,0.888889
1721664316.json,1.000000,0.000000,0.000000,0.571429,0.666667
1721735258.json,1.000000,0.000000,0.000000,1.000000,1.000000
1723152366.json,1.000000,0.000000,0.000000,0.611111,0.555556
1723168613.json,1.000000,0.000000,0.000000,1.000000,1.000000
1723239912.json,1.000000,0.000000,0.000000,0.842105,0.789474
1723390826.json,1.000000,0.000000,0.000000,0.600000,0.866667
1723592050.json,1.000000,0.000000,0.000000,0.851852,0.444444
1723600679.json,1.000000,0.000000,0.000000,1.000000,0.826087
1723927576.json,1.000000,0.000000,0.000000,1.000000,0.818182
1724444042.json,1.000000,0.000000,0.000000,1.000000,1.000000
172446928.json,1.000000,0.000000,0.000000,1.000000,0.655172
1724596740.json,1.000000,0.000000,0.000000,0.305556,0.944444
1725298356.json,1.000000,0.000000,0.000000,1.000000,1.000000
1725695768.json,1.000000,0.000000,0.000000,0.192308,1.000000
1725719616.json,1.000000,0.000000,0.000000,0.736842,1.000000
172588020.json,1.000000,0.000000,0.000000,1.000000,1.000000
1725923949.json,1.000000,0.000000,0.100000,1.000000,0.850000
1726110010.json,1.000000,0.000000,0.000000,1.000000,0.631579
1726271335.json,0.916667,0.000000,0.000000,0.291667,0.916667
1726501123.json,0.909091,0.000000,0.000000,0.939394,0.757576
1726774123.json,1.000000,0.000000,0.000000,0.812500,0.718750
1726895112.json,1.000000,0.000000,0.000000,1.000000,0.846154
1726947188.json,1.000000,0.000000,0.000000,0.512821,0.538462
1727967488.json,1.000000,0.000000,0.000000,1.000000,0.900000
1728127510.json,1.000000,0.000000,0.000000,1.000000,1.000000
1728289219.json,1.000000,0.000000,0.000000,0.400000,0.542857
1728475411.json,1.000000,0.000000,0.000000,1.000000,0.375000
1728567850.json,1.000000,0.000000,0.000000,0.692308,0.423077
1728689808.json,1.000000,0.055556,0.000000,1.000000,0.666667
1728714190.json,1.000000,0.000000,0.000000,1.000000,0.368421
1728725411.json,1.000000,0.000000,0.000000,1.000000,1.000000
1728951471.json,1.000000,0.000000,0.000000,0.866667,0.466667
172901201.json,1.000000,0.000000,0.000000,0.777778,1.000000
1729124947.json,1.000000,0.000000,0.000000,0.800000,0.866667
1729136471.json,1.000000,0.000000,0.000000,0.520000,0.760000
1729157632.json,1.000000,0.000000,0.000000,1.000000,0.866667
1729176928.json,1.000000,0.000000,0.000000,0.676471,0.941176
1729463750.json,1.000000,0.000000,0.000000,0.760000,0.920000
17294725.json,1.000000,0.000000,0.000000,1.000000,0.368421
1729663784.json,1.000000,0.066667,0.000000,1.000000,0.866667
1731073418.json,1.000000,0.000000,0.000000,1.000000,0.913043
1731579138.json,1.000000,0.000000,0.047619,0.761905,0.809524
173192277.json,1.000000,0.000000,0.000000,1.000000,0.871795
1732026026.json,1.000000,0.000000,0.000000,1.000000,0.636364
1732077328.json,1.000000,0.000000,0.000000,0.647059,1.000000
1732172589.json,1.000000,0.000000,0.000000,0.607143,0.642857
1732407917.json,1.000000,0.000000,0.000000,0.863636,0.909091
1732825149.json,1.000000,0.000000,0.000000,1.000000,0.777778
1732872203.json,1.000000,0.000000,0.000000,0.846154,0.538462
1733446093.json,1.000000,0.047619,0.095238,1.000000,0.619048
1733478860.json,1.000000,0.000000,0.000000,0.300000,0.900000
1733671039.json,1.000000,0.000000,0.000000,1.000000,0.565217
1733717202.json,1.000000,0.000000,0.000000,0.944444,0.777778
173382283.json,1.000000,0.000000,0.000000,0.827586,0.758621
1733829694.json,1.000000,0.000000,0.000000,0.888889,0.666667
1734117367.json,0.909091,0.000000,0.000000,1.000000,0.727273
1734229925.json,0.909091,0.000000,0.000000,0.939394,0.757576
1734260360.json,1.000000,0.000000,0.000000,0.722222,1.000000
1734311684.json,1.000000,0.000000,0.050000,1.000000,0.900000
1734497783.json,1.000000,0.000000,0.037037,0.333333,0.851852
1734498085.json,1.000000,0.000000,0.000000,0.432432,0.837838
1734640141.json,1.000000,0.000000,0.000000,0.818182,0.939394
173486824.json,1.000000,0.000000,0.000000,1.000000,0.625000
1735162356.json,1.000000,0.000000,0.000000,1.000000,0.777778
1735636402.json,0.933333,0.000000,0.000000,0.833333,0.766667
1736058803.json,1.000000,0.000000,0.000000,1.000000,0.562500
1736341772.json,1.000000,0.000000,0.000000,0.588235,0.882353
1736466600.json,1.000000,0.062500,0.062500,1.000000,1.000000
1736687096.json,1.000000,0.000000,0.000000,1.000000,0.806452
173703609.json,1.000000,0.000000,0.000000,1.000000,0.535714
1737377374.json,1.000000,0.000000,0.150000,0.850000,0.900000
173751194.json,1.000000,0.000000,0.000000,0.652174,0.913043
1737877874.json,1.000000,0.000000,0.000000,0.631579,0.789474
1738395265.json,1.000000,0.027027,0.027027,0.702703,0.675676
1738523053.json,1.000000,0.000000,0.041667,1.000000,0.750000
1739148322.json,1.000000,0.000000,0.066667,1.000000,1.000000
1739442461.json,1.000000,0.000000,0.000000,0.962963,0.925926
1740045913.json,1.000000,0.000000,0.000000,1.000000,0.823529
1740285759.json,1.000000,0.000000,0.000000,0.520000,0.760000
1740676167.json,1.000000,0.000000,0.055556,0.722222,0.777778
174116815.json,1.000000,0.034483,0.034483,0.655172,0.724138
1741439292.json,1.000000,0.000000,0.000000,0.833333,0.777778
1741633158.json,1.000000,0.000000,0.000000,1.000000,0.629630
1743091491.json,1.000000,0.000000,0.000000,0.481481,0.777778
1743509046.json,1.000000,0.000000,0.000000,1.000000,1.000000
1743943838.json,1.000000,0.000000,0.000000,0.941176,0.852941
1743951450.json,1.000000,0.000000,0.000000,0.333333,0.466667
1744193862.json,1.000000,0.000000,0.000000,0.400000,0.733333
1744469714.json,1.000000,0.312500,0.187500,0.625000,1.000000
1744988261.json,0.680000,0.080000,0.080000,0.600000,1.000000
17450456.json,1.000000,0.000000,0.000000,0.419355,0.870968
1745567946.json,1.000000,0.000000,0.000000,0.562500,0.750000
174568428.json,1.000000,0.000000,0.000000,0.933333,0.866667
174583020.json,1.000000,0.000000,0.000000,0.866667,0.866667
1746063563.json,1.000000,0.000000,0.000000,0.708333,0.500000
1746188723.json,0.931034,0.000000,0.103448,0.310345,0.931034
1746401169.json,1.000000,0.000000,0.000000,0.473684,0.684211
1746406957.json,1.000000,0.000000,0.000000,0.722222,1.000000
1746606878.json,1.000000,0.000000,0.000000,0.423077,0.923077
1746801345.json,1.000000,0.000000,0.000000,0.764706,0.764706
1746983917.json,1.000000,0.200000,0.100000,1.000000,1.000000
1747078932.json,1.000000,0.000000,0.000000,1.000000,0.727273
1747565553.json,1.000000,0.000000,0.000000,1.000000,1.000000
1748229417.json,0.941176,0.000000,0.000000,0.617647,0.647059
1748370852.json,1.000000,0.000000,0.000000,0.692308,0.807692
1748474064.json,1.000000,0.000000,0.000000,0.967742,0.645161
1748684979.json,1.000000,0.052632,0.105263,1.000000,1.000000
1748796778.json,1.000000,0.111111,0.055556,0.444444,1.000000
1748953658.json,0.937500,0.000000,0.000000,0.968750,0.562500
1749030281.json,1.000000,0.000000,0.038462,1.000000,0.846154
1749124374.json,1.000000,0.000000,0.000000,1.000000,1.000000
1749670664.json,1.000000,0.000000,0.000000,0.823529,0.529412
174979001.json,1.000000,0.000000,0.000000,1.000000,0.900000
1750259955.json,1.000000,0.066667,0.000000,0.466667,0.333333
1751052687.json,1.000000,0.000000,0.000000,0.800000,0.500000
1751070668.json,1.000000,0.000000,0.000000,0.695652,0.826087
1751335276.json,1.000000,0.000000,0.000000,1.000000,0.939394
1751873725.json,1.000000,0.058824,0.000000,1.000000,0.823529
1752171461.json,1.000000,0.000000,0.000000,1.000000,1.000000
1752537825.json,1.000000,0.000000,0.000000,1.000000,0.882353
1752584430.json,1.000000,0.000000,0.000000,0.600000,1.000000
1752630254.json,1.000000,0.054054,0.000000,0.837838,0.783784
1753374859.json,1.000000,0.000000,0.000000,0.666667,0.857143
1754071478.json,1.000000,0.000000,0.000000,0.687500,1.000000
1754223742.json,1.000000,0.000000,0.027778,0.833333,1.000000
1754314138.json,1.000000,0.000000,0.066667,1.000000,0.866667
1754360703.json,1.000000,0.117647,0.058824,0.823529,0.588235
1754485376.json,1.000000,0.000000,0.058824,1.000000,1.000000
1754711371.json,1.000000,0.000000,0.000000,1.000000,1.000000
1755089274.json,1.000000,0.062500,0.000000,0.687500,0.875000
175550852.json,1.000000,0.000000,0.000000,0.791667,0.708333
1755648613.json,0.882353,0.000000,0.000000,0.764706,0.882353
1756063027.json,0.894737,0.000000,0.000000,0.947368,0.894737
1756503033.json,1.000000,0.000000,0.000000,0.379310,0.551724
1756626091.json,1.000000,0.000000,0.000000,1.000000,1.000000
1757224948.json,1.000000,0.000000,0.000000,0.884615,0.923077
1757540025.json,1.000000,0.000000,0.000000,0.833333,0.750000
1758001842.json,1.000000,0.000000,0.000000,1.000000,1.000000
1758307466.json,1.000000,0.000000,0.000000,0.400000,0.733333
1758536264.json,1.000000,0.000000,0.000000,1.000000,0.733333
1758914328.json,1.000000,0.000000,0.000000,0.857143,0.535714
1758940360.json,0.931034,0.000000,0.103448,0.310345,0.931034
1758955541.json,1.000000,0.000000,0.000000,0.800000,1.000000
1759077001.json,1.000000,0.000000,0.000000,0.520000,0.840000
1759433608.json,1.000000,0.000000,0.025641,1.000000,0.743590
1759576998.json,1.000000,0.000000,0.000000,0.705882,0.647059
1761165958.json,1.000000,0.000000,0.000000,0.684211,0.894737
1761238015.json,1.000000,0.000000,0.000000,0.894737,0.578947
1761265808.json,1.000000,0.000000,0.000000,1.000000,1.000000
1762313501.json,1.000000,0.000000,0.000000,0.892857,0.571429
1762398787.json,1.000000,0.000000,0.000000,0.607143,0.857143
1762803620.json,0.928571,0.000000,0.000000,0.250000,0.642857
1763251559.json,1.000000,0.041667,0.000000,0.875000,0.750000
1763572957.json,1.000000,0.000000,0.000000,1.000000,0.750000
1763938034.json,1.000000,0.062500,0.062500,0.500000,1.000000
1763946183.json,1.000000,0.000000,0.000000,1.000000,0.600000
1763965334.json,1.000000,0.000000,0.000000,1.000000,0.600000
176463259.json,1.000000,0.000000,0.000000,0.894737,0.684211
1765267070.json,1.000000,0.000000,0.066667,1.000000,1.000000
1765451704.json,1.000000,0.000000,0.034483,0.689655,0.931034
1765609222.json,1.000000,0.000000,0.000000,0.900000,0.800000
1765646772.json,1.000000,0.000000,0.000000,1.000000,1.000000
1765758111.json,1.000000,0.000000,0.000000,0.882353,0.764706
1765832645.json,1.000000,0.000000,0.000000,0.310345,0.931034
1765949130.json,1.000000,0.000000,0.034483,1.000000,1.000000
1766608952.json,1.000000,0.000000,0.037037,1.000000,0.703704
1766790036.json,1.000000,0.000000,0.000000,0.200000,0.680000
1767369270.json,1.000000,0.027778,0.000000,0.638889,0.666667
1767649502.json,1.000000,0.000000,0.000000,0.823529,1.000000
1767741334.json,1.000000,0.000000,0.000000,0.560000,0.480000
1768286531.json,1.000000,0.000000,0.000000,0.827586,0.931034
1768409803.json,1.000000,0.000000,0.000000,0.833333,1.000000
1768622388.json,0.923077,0.000000,0.000000,0.423077,0.923077
1768725948.json,1.000000,0.000000,0.000000,1.000000,0.866667
176876750.json,1.000000,0.000000,0.071429,0.428571,0.357143
1769197163.json,0.923077,0.000000,0.000000,0.538462,1.000000
1769453008.json,1.000000,0.000000,0.000000,0.821429,0.857143
1769497759.json,1.000000,0.000000,0.000000,1.000000,0.941176
1769575592.json,1.000000,0.000000,0.000000,1.000000,1.000000
1770092409.json,1.000000,0.000000,0.000000,0.250000,0.611111
1770928143.json,0.909091,0.000000,0.000000,0.863636,0.545455
1771339291.json,1.000000,0.000000,0.000000,1.000000,1.000000
1771702670.json,1.000000,0.000000,0.000000,0.916667,0.916667
1772461533.json,1.000000,0.000000,0.000000,1.000000,0.741935
1773063497.json,1.000000,0.000000,0.000000,0.303030,0.333333
1773146316.json,1.000000,0.055556,0.000000,0.500000,1.000000
1773552443.json,1.000000,0.000000,0.000000,1.000000,0.687500
1773583081.json,1.000000,0.000000,0.000000,0.862069,0.793103
1774076515.json,1.000000,0.000000,0.000000,0.882353,0.882353
1774189467.json,0.800000,0.000000,0.050000,0.950000,1.000000
1774329277.json,0.931034,0.000000,0.000000,0.827586,0.413793
1774472509.json,1.000000,0.000000,0.000000,0.750000,0.656250
1774701740.json,1.000000,0.000000,0.000000,1.000000,0.733333
1774930494.json,1.000000,0.000000,0.000000,1.000000,1.000000
1775061625.json,1.000000,0.062500,0.125000,1.000000,1.000000
1775908956.json,1.000000,0.000000,0.000000,0.500000,1.000000
1776198122.json,1.000000,0.000000,0.058824,1.000000,0.882353
1776278467.json,1.000000,0.000000,0.000000,1.000000,1.000000
1776476345.json,1.000000,0.000000,0.000000,1.000000,0.866667
177818088.json,1.000000,0.000000,0.000000,0.588235,0.647059
1779146255.json,1.000000,0.000000,0.000000,0.565217,1.000000
1779180364.json,1.000000,0.000000,0.000000,1.000000,0.764706
1779658636.json,1.000000,0.000000,0.000000,0.714286,0.904762
1779891672.json,1.000000,0.000000,0.000000,0.666667,0.533333
1780147935.json,1.000000,0.000000,0.000000,0.296296,1.000000
1780272563.json,1.000000,0.000000,0.000000,0.730769,0.807692
1780559135.json,1.000000,0.000000,0.000000,0.871795,0.615385
1780813046.json,1.000000,0.000000,0.000000,0.727273,0.363636
1780923815.json,1.000000,0.000000,0.000000,0.812500,0.875000
1781421213.json,1.000000,0.000000,0.000000,0.900000,0.800000
1781446338.json,1.000000,0.000000,0.000000,0.551724,0.931034
1781718230.json,1.000000,0.000000,0.000000,0.970588,0.823529
1782135739.json,1.000000,0.000000,0.000000,1.000000,0.764706
1782292308.json,1.000000,0.000000,0.000000,0.687500,0.500000
1782349692.json,1.000000,0.000000,0.000000,0.617647,0.676471
1782470652.json,0.882353,0.000000,0.000000,0.352941,0.470588
1782503696.json,1.000000,0.000000,0.000000,1.000000,1.000000
1782575962.json,1.000000,0.000000,0.000000,0.533333,0.866667
178266055.json,1.000000,0.000000,0.000000,1.000000,0.906250
1782678226.json,1.000000,0.000000,0.029412,0.588235,0.823529
1783009153.json,1.000000,0.000000,0.000000,0.428571,0.571429
1783060429.json,1.000000,0.000000,0.000000,1.000000,0.647059
1783210851.json,1.000000,0.095238,0.047619,0.571429,0.904762
1783336423.json,1.000000,0.062500,0.031250,0.500000,0.875000
1783359029.json,1.000000,0.000000,0.000000,0.615385,0.897436
1783731006.json,1.000000,0.071429,0.107143,0.678571,1.000000
1784219391.json,1.000000,0.000000,0.000000,1.000000,1.000000
1784429235.json,1.000000,0.000000,0.000000,0.653846,0.692308
1785030623.json,1.000000,0.000000,0.066667,1.000000,0.866667
1785069193.json,1.000000,0.000000,0.050000,0.800000,1.000000
1785239927.json,1.000000,0.000000,0.000000,0.578947,0.789474
17852635.json,1.000000,0.000000,0.000000,0.740741,0.740741
1785494256.json,1.000000,0.000000,0.000000,0.653846,0.923077
1785545392.json,1.000000,0.000000,0.000000,0.842105,0.894737
1785908898.json,1.000000,0.000000,0.000000,1.000000,1.000000
1786051091.json,0.885714,0.000000,0.000000,0.657143,1.000000
1786627258.json,1.000000,0.058824,0.000000,0.882353,0.647059
1787250348.json,1.000000,0.000000,0.000000,0.736842,1.000000
1787290312.json,1.000000,0.000000,0.000000,1.000000,0.851852
1787338919.json,1.000000,0.000000,0.000000,0.133333,0.366667
1787410743.json,1.000000,0.000000,0.000000,0.863636,0.818182
1788456709.json,1.000000,0.000000,0.038462,0.923077,0.923077
1788481147.json,1.000000,0.000000,0.000000,0.700000,0.533333
1788970954.json,1.000000,0.000000,0.000000,1.000000,0.777778
1789353180.json,1.000000,0.000000,0.000000,1.000000,1.000000
1789887240.json,1.000000,0.000000,0.000000,0.794118,0.617647
1789922272.json,1.000000,0.000000,0.000000,0.277778,0.722222
1790025748.json,1.000000,0.000000,0.000000,0.705882,0.647059
1790252748.json,1.000000,0.000000,0.000000,1.000000,0.550000
1790276854.json,1.000000,0.000000,0.095238,1.000000,1.000000
1791141020.json,1.000000,0.000000,0.000000,0.515152,0.878788
1791337391.json,1.000000,0.000000,0.066667,0.866667,1.000000
1791844558.json,1.000000,0.000000,0.000000,0.666667,0.777778
1791884497.json,1.000000,0.000000,0.000000,0.578947,0.684211
1792170109.json,1.000000,0.000000,0.000000,1.000000,1.000000
1793242592.json,1.000000,0.000000,0.000000,0.125000,0.875000
1793299901.json,1.000000,0.000000,0.000000,0.800000,0.600000
1793578121.json,1.000000,0.000000,0.000000,0.742857,0.942857
179423504.json,1.000000,0.000000,0.000000,0.535714,0.750000
1794676860.json,1.000000,0.000000,0.000000,0.729730,0.783784
1794857370.json,1.000000,0.000000,0.000000,0.615385,0.897436
1795087531.json,1.000000,0.000000,0.000000,0.869565,0.478261
1795166977.json,1.000000,0.117647,0.117647,0.117647,0.882353
1795360243.json,1.000000,0.000000,0.000000,1.000000,1.000000
179574382.json,1.000000,0.000000,0.000000,0.764706,1.000000
1796265107.json,1.000000,0.000000,0.000000,1.000000,1.000000
1796486540.json,1.000000,0.000000,0.043478,1.000000,1.000000
1796689445.json,1.000000,0.000000,0.000000,0.450000,0.500000
1796797366.json,1.000000,0.000000,0.000000,0.821429,0.571429
1798054868.json,1.000000,0.000000,0.000000,1.000000,1.000000
1798280126.json,1.000000,0.000000,0.000000,1.000000,0.800000
179874952.json,1.000000,0.000000,0.000000,0.772727,0.500000
1798791927.json,1.000000,0.000000,0.034483,1.000000,0.689655
1799108715.json,1.000000,0.000000,0.000000,0.750000,0.875000
1799202081.json,1.000000,0.266667,0.066667,1.000000,1.000000
1799250872.json,1.000000,0.000000,0.062500,1.000000,0.750000
1799402234.json,1.000000,0.000000,0.000000,1.000000,0.837838
179958965.json,1.000000,0.000000,0.000000,0.764706,0.647059
180018270.json,1.000000,0.000000,0.000000,1.000000,0.684211
1800553647.json,1.000000,0.000000,0.000000,0.466667,0.733333
1800584628.json,1.000000,0.000000,0.000000,0.687500,1.000000
1800675969.json,0.857143,0.000000,0.000000,0.285714,0.809524
1800694166.json,1.000000,0.000000,0.000000,1.000000,1.000000
1801001081.json,1.000000,0.000000,0.000000,0.137931,0.827586
1801166520.json,1.000000,0.000000,0.000000,0.600000,0.650000
1801277608.json,1.000000,0.000000,0.000000,1.000000,0.750000
1801612300.json,1.000000,0.000000,0.000000,0.687500,0.875000
1802586981.json,1.000000,0.000000,0.000000,1.000000,0.896552
1802728504.json,1.000000,0.000000,0.000000,1.000000,1.000000
180277259.json,1.000000,0.000000,0.000000,0.464286,0.571429
1803217772.json,1.000000,0.000000,0.000000,1.000000,0.939394
1803695499.json,0.878788,0.000000,0.060606,0.393939,0.878788
1803911872.json,1.000000,0.000000,0.000000,1.000000,0.760000
1804009099.json,1.000000,0.000000,0.000000,1.000000,0.777778
180490523.json,0.909091,0.000000,0.000000,0.939394,0.757576
1805810784.json,1.000000,0.000000,0.000000,0.809524,0.714286
1805845375.json,1.000000,0.062500,0.062500,0.625000,1.000000
1806081108.json,1.000000,0.000000,0.000000,0.321429,0.607143
1806169799.json,0.714286,0.142857,0.047619,0.190476,0.809524
1806236621.json,1.000000,0.000000,0.000000,0.354839,0.870968
1806343012.json,1.000000,0.000000,0.000000,1.000000,1.000000
1806648630.json,1.000000,0.095238,0.047619,0.666667,1.000000
1807432799.json,1.000000,0.000000,0.000000,0.324324,0.945946
1807497546.json,1.000000,0.000000,0.000000,1.000000,0.866667
1807911799.json,1.000000,0.000000,0.000000,1.000000,0.666667
1808053481.json,1.000000,0.000000,0.000000,0.948718,0.820513
1808351684.json,1.000000,0.000000,0.000000,0.450000,0.600000
1808505766.json,1.000000,0.066667,0.133333,1.000000,1.000000
1808711520.json,1.000000,0.045455,0.045455,0.909091,1.000000
1808712797.json,1.000000,0.000000,0.000000,1.000000,0.916667
1809124080.json,1.000000,0.000000,0.000000,0.960000,1.000000
1809161681.json,1.000000,0.000000,0.000000,0.179487,0.692308
1809173382.json,1.000000,0.000000,0.000000,0.800000,1.000000
1809207474.json,1.000000,0.000000,0.000000,1.000000,0.828571
1809568726.json,1.000000,0.000000,0.000000,0.857143,0.642857
1809629195.json,0.941176,0.000000,0.000000,0.500000,0.470588
1809816944.json,1.000000,0.176471,0.176471,1.000000,1.000000
1810123651.json,1.000000,0.000000,0.000000,1.000000,0.933333
1810137748.json,1.000000,0.000000,0.000000,0.550000,0.800000
1810799097.json,1.000000,0.000000,0.000000,0.760000,0.840000
1810908620.json,1.000000,0.000000,0.000000,0.617647,0.882353
1811534975.json,1.000000,0.000000,0.000000,0.809524,0.904762
1811710858.json,1.000000,0.050000,0.100000,1.000000,1.000000
1813331092.json,1.000000,0.000000,0.000000,0.909091,0.727273
181366746.json,1.000000,0.000000,0.000000,0.764706,0.882353
1813901828.json,1.000000,0.000000,0.000000,0.416667,0.750000
1814460775.json,1.000000,0.105263,0.210526,0.736842,0.789474
1814536437.json,1.000000,0.187500,0.125000,1.000000,0.625000
1814548689.json,1.000000,0.000000,0.000000,0.750000,0.900000
1815485578.json,1.000000,0.000000,0.000000,1.000000,0.636364
1816059780.json,1.000000,0.000000,0.029412,1.000000,1.000000
1816317839.json,1.000000,0.000000,0.000000,0.875000,0.812500
1816514430.json,1.000000,0.000000,0.000000,0.675676,0.945946
1816785376.json,1.000000,0.000000,0.000000,0.680000,0.560000
1817059208.json,1.000000,0.000000,0.000000,0.450000,0.900000
1817289312.json,1.000000,0.000000,0.000000,0.636364,0.878788
1818197555.json,1.000000,0.000000,0.000000,1.000000,0.764706
1818442008.json,1.000000,0.000000,0.000000,1.000000,0.909091
1818477098.json,1.000000,0.000000,0.000000,0.789474,0.789474
1818479291.json,1.000000,0.000000,0.000000,1.000000,0.913043
1818508819.json,1.000000,0.000000,0.000000,1.000000,1.000000
181873872.json,1.000000,0.000000,0.034483,1.000000,1.000000
1818800031.json,1.000000,0.000000,0.000000,1.000000,1.000000
1818967344.json,1.000000,0.000000,0.000000,0.600000,0.866667
1819704602.json,0.700000,0.050000,0.050000,0.400000,0.900000
1819797208.json,1.000000,0.000000,0.000000,1.000000,0.772727
1820383295.json,1.000000,0.052632,0.052632,0.894737,1.000000
1820491126.json,1.000000,0.000000,0.000000,0.655172,0.586207
1820765013.json,0.920000,0.040000,0.000000,0.800000,0.920000
1820784022.json,1.000000,0.000000,0.000000,0.964286,0.571429
1820975557.json,1.000000,0.000000,0.000000,1.000000,0.925926
1821070365.json,1.000000,0.000000,0.000000,0.823529,0.882353
1821730822.json,1.000000,0.000000,0.000000,0.720000,0.400000
182174831.json,1.000000,0.000000,0.047619,0.857143,0.523810
1821890450.json,1.000000,0.000000,0.000000,0.969697,0.909091
1822389549.json,1.000000,0.000000,0.000000,1.000000,0.714286
1822761924.json,1.000000,0.000000,0.000000,1.000000,1.000000
1822954618.json,1.000000,0.000000,0.055556,1.000000,0.666667
1823253887.json,1.000000,0.000000,0.000000,0.882353,0.941176
1823285702.json,1.000000,0.107143,0.035714,0.500000,0.928571
1824278003.json,1.000000,0.000000,0.000000,0.631579,0.578947
1824429890.json,1.000000,0.000000,0.000000,0.846154,0.769231
1824486816.json,1.000000,0.000000,0.000000,0.567568,0.621622
1824600956.json,1.000000,0.000000,0.000000,1.000000,0.925926
1824642145.json,0.916667,0.000000,0.000000,1.000000,0.791667
1824649752.json,1.000000,0.000000,0.000000,0.956522,0.826087
1824766086.json,1.000000,0.000000,0.000000,1.000000,0.652174
1825035618.json,1.000000,0.000000,0.000000,1.000000,0.764706
1825519122.json,1.000000,0.000000,0.029412,0.941176,0.382353
1825551970.json,1.000000,0.000000,0.000000,0.757576,0.454545
1825651200.json,1.000000,0.055556,0.000000,0.333333,0.888889
182649934.json,1.000000,0.150000,0.200000,1.000000,0.900000
1826527285.json,1.000000,0.000000,0.000000,0.736842,1.000000
1826536283.json,1.000000,0.000000,0.000000,1.000000,0.352941
1826788792.json,1.000000,0.000000,0.000000,1.000000,1.000000
1827114939.json,1.000000,0.000000,0.000000,1.000000,1.000000
1827314962.json,1.000000,0.000000,0.000000,0.555556,0.925926
1827542745.json,1.000000,0.000000,0.000000,0.826087,0.913043
1827852756.json,1.000000,0.000000,0.000000,0.750000,0.642857
1828514537.json,1.000000,0.000000,0.000000,0.571429,0.857143
1828751673.json,1.000000,0.000000,0.000000,0.421053,0.842105
1829365092.json,1.000000,0.000000,0.000000,1.000000,0.894737
1829436644.json,1.000000,0.047619,0.047619,0.857143,1.000000
182960143.json,0.885714,0.000000,0.000000,0.257143,0.828571
18297214.json,1.000000,0.000000,0.000000,0.913043,0.652174
1829976570.json,1.000000,0.000000,0.000000,0.533333,0.666667
1830048756.json,1.000000,0.000000,0.000000,0.235294,0.705882
1830194689.json,1.000000,0.000000,0.000000,0.521739,0.739130
183043031.json,1.000000,0.000000,0.000000,0.750000,0.812500
1830589660.json,1.000000,0.000000,0.000000,1.000000,0.937500
1831007037.json,1.000000,0.000000,0.050000,1.000000,0.900000
1831625558.json,1.000000,0.055556,0.000000,0.166667,0.777778
1832174020.json,1.000000,0.000000,0.000000,1.000000,1.000000
183220943.json,0.918919,0.000000,0.000000,0.972973,0.945946
1832492624.json,1.000000,0.000000,0.000000,1.000000,1.000000
1832659655.json,1.000000,0.000000,0.000000,1.000000,0.619048
1832834817.json,1.000000,0.000000,0.000000,0.705882,0.882353
1833197839.json,0.931034,0.000000,0.000000,0.862069,0.827586
1833535551.json,1.000000,0.000000,0.166667,0.722222,1.000000
1833702722.json,1.000000,0.000000,0.000000,0.705882,0.676471
1834059069.json,1.000000,0.000000,0.062500,1.000000,0.875000
1834470254.json,1.000000,0.000000,0.000000,0.560000,0.480000
1834538258.json,1.000000,0.235294,0.176471,1.000000,1.000000
1834594088.json,1.000000,0.000000,0.026316,1.000000,0.763158
1835554574.json,1.000000,0.263158,0.210526,1.000000,1.000000
1835720972.json,1.000000,0.000000,0.000000,1.000000,0.894737
1835901199.json,1.000000,0.000000,0.000000,0.708333,0.708333
1836016681.json,0.714286,0.000000,0.000000,0.678571,1.000000
1836437901.json,1.000000,0.000000,0.000000,1.000000,0.894737
1836509141.json,1.000000,0.000000,0.030303,0.818182,0.696970
1836617036.json,1.000000,0.000000,0.000000,1.000000,0.750000
1837162294.json,1.000000,0.187500,0.125000,1.000000,0.875000
1837225582.json,1.000000,0.000000,0.000000,0.736842,0.684211
1837717133.json,1.000000,0.000000,0.000000,0.464286,0.464286
1837820511.json,1.000000,0.000000,0.000000,0.851852,0.629630
1838269985.json,1.000000,0.000000,0.062500,1.000000,0.750000
1838850719.json,1.000000,0.000000,0.000000,1.000000,0.555556
1839198010.json,1.000000,0.000000,0.000000,1.000000,1.000000
1839250751.json,1.000000,0.000000,0.000000,1.000000,0.640000
1839272107.json,1.000000,0.062500,0.062500,0.875000,1.000000
1839452869.json,1.000000,0.000000,0.000000,1.000000,0.750000
1840058907.json,1.000000,0.000000,0.000000,0.666667,0.800000
1840665886.json,1.000000,0.000000,0.000000,0.545455,1.000000
1840882698.json,1.000000,0.066667,0.200000,0.733333,1.000000
184123994.json,1.000000,0.000000,0.000000,1.000000,0.789474
1841250795.json,0.866667,0.000000,0.000000,1.000000,1.000000
1841617898.json,1.000000,0.000000,0.000000,0.545455,0.909091
1841745951.json,1.000000,0.000000,0.000000,0.470588,1.000000
1842113238.json,1.000000,0.000000,0.000000,0.800000,0.800000
1842956614.json,1.000000,0.000000,0.000000,1.000000,0.578947
1842989810.json,1.000000,0.000000,0.000000,1.000000,0.888889
1842998337.json,1.000000,0.000000,0.032258,0.967742,0.387097
1843044886.json,1.000000,0.000000,0.000000,0.750000,0.750000
1843671466.json,1.000000,0.000000,0.000000,1.000000,0.818182
18436956.json,1.000000,0.000000,0.000000,0.863636,0.909091
1843722156.json,1.000000,0.000000,0.000000,1.000000,0.920000
1844469012.json,1.000000,0.000000,0.000000,0.695652,0.913043
1845225983.json,1.000000,0.000000,0.000000,0.875000,0.812500
1845756043.json,1.000000,0.000000,0.000000,0.500000,0.700000
1845776866.json,1.000000,0.000000,0.000000,1.000000,0.846154
1845825451.json,1.000000,0.000000,0.000000,1.000000,1.000000
1845842474.json,1.000000,0.000000,0.000000,1.000000,0.615385
1846077499.json,1.000000,0.000000,0.000000,0.441176,0.823529
1847034055.json,1.000000,0.000000,0.000000,1.000000,0.750000
184770798.json,1.000000,0.000000,0.000000,1.000000,1.000000
1847865745.json,1.000000,0.000000,0.000000,1.000000,0.727273
1847939095.json,1.000000,0.200000,0.000000,0.900000,0.800000
1848031504.json,1.000000,0.000000,0.000000,1.000000,0.900000
184810811.json,1.000000,0.055556,0.000000,1.000000,1.000000
1848437438.json,1.000000,0.000000,0.000000,0.294118,0.823529
1848636569.json,1.000000,0.222222,0.111111,0.888889,1.000000
1848911769.json,1.000000,0.000000,0.025000,0.725000,0.750000
1849433946.json,1.000000,0.000000,0.000000,0.720000,0.920000
1849808459.json,1.000000,0.000000,0.000000,1.000000,0.909091
1849990601.json,1.000000,0.000000,0.062500,0.812500,1.000000
1850238279.json,1.000000,0.000000,0.000000,1.000000,0.777778
1850244188.json,1.000000,0.000000,0.000000,0.863636,0.681818
1850276083.json,1.000000,0.000000,0.000000,1.000000,1.000000
1850714253.json,1.000000,0.000000,0.000000,0.785714,0.642857
1851264721.json,1.000000,0.000000,0.041667,1.000000,0.750000
1851320979.json,1.000000,0.000000,0.000000,0.764706,1.000000
1851379198.json,1.000000,0.000000,0.000000,1.000000,1.000000
1851385638.json,1.000000,0.000000,0.000000,1.000000,0.652174
1852315302.json,1.000000,0.000000,0.000000,0.793103,0.862069
1852331958.json,1.000000,0.000000,0.000000,1.000000,0.833333
1852343344.json,1.000000,0.000000,0.052632,1.000000,1.000000
1852839655.json,1.000000,0.000000,0.000000,1.000000,0.761905
1852982622.json,1.000000,0.000000,0.000000,0.608696,0.826087
1853102327.json,1.000000,0.000000,0.000000,0.939394,0.757576
1853332194.json,1.000000,0.000000,0.000000,0.578947,0.894737
1853676439.json,1.000000,0.000000,0.000000,0.533333,1.000000
1853879737.json,1.000000,0.000000,0.000000,0.411765,0.764706
185426485.json,1.000000,0.000000,0.000000,0.925926,0.666667
1854391601.json,1.000000,0.000000,0.058824,1.000000,1.000000
1854458036.json,1.000000,0.000000,0.000000,0.133333,0.866667
185449801.json,0.904762,0.000000,0.000000,1.000000,0.619048
1854641311.json,1.000000,0.000000,0.000000,0.800000,0.600000
18546876.json,0.894737,0.052632,0.000000,0.842105,1.000000
1855126221.json,0.565217,0.086957,0.000000,0.565217,0.826087
1855337101.json,1.000000,0.133333,0.066667,1.000000,1.000000
1855385390.json,1.000000,0.000000,0.032258,0.967742,0.387097
1855771814.json,1.000000,0.000000,0.000000,1.000000,0.923077
1856161961.json,1.000000,0.000000,0.050000,0.350000,0.900000
185673263.json,1.000000,0.000000,0.000000,0.777778,0.888889
1857020739.json,1.000000,0.000000,0.052632,0.789474,0.842105
1857081206.json,1.000000,0.000000,0.000000,0.625000,1.000000
1857086375.json,1.000000,0.000000,0.000000,1.000000,0.789474
1857509677.json,1.000000,0.000000,0.000000,0.846154,0.846154
185751288.json,1.000000,0.000000,0.000000,0.555556,0.888889
1857625028.json,1.000000,0.000000,0.000000,0.666667,0.611111
185789316.json,1.000000,0.000000,0.160000,1.000000,1.000000
1858275545.json,1.000000,0.000000,0.000000,1.000000,1.000000
1858420248.json,1.000000,0.000000,0.000000,0.500000,1.000000
1858631880.json,1.000000,0.037037,0.222222,0.888889,0.925926
1858797238.json,1.000000,0.000000,0.133333,0.933333,1.000000
1858943402.json,1.000000,0.000000,0.000000,0.400000,0.800000
1859646148.json,1.000000,0.000000,0.000000,1.000000,0.800000
1859828351.json,1.000000,0.000000,0.025000,1.000000,0.675000
1859900091.json,1.000000,0.000000,0.000000,0.928571,0.678571
1860326733.json,1.000000,0.000000,0.000000,0.800000,0.733333
1860488909.json,1.000000,0.000000,0.000000,0.777778,0.777778
1860734077.json,1.000000,0.000000,0.000000,0.675000,0.300000
1860885265.json,1.000000,0.000000,0.000000,1.000000,0.826087
1860968191.json,1.000000,0.000000,0.000000,0.588235,0.882353
1861090802.json,1.000000,0.000000,0.000000,1.000000,0.894737
1861149149.json,1.000000,0.000000,0.037037,1.000000,0.925926
1861246593.json,1.000000,0.000000,0.000000,0.894737,0.710526
186202353.json,1.000000,0.000000,0.000000,1.000000,0.933333
1862181444.json,1.000000,0.000000,0.000000,1.000000,0.666667
1862773481.json,1.000000,0.000000,0.000000,1.000000,0.789474
1862815786.json,1.000000,0.000000,0.000000,0.888889,0.388889
1863461621.json,1.000000,0.000000,0.000000,1.000000,0.647059
1863742646.json,1.000000,0.000000,0.000000,0.789474,0.578947
1864188503.json,1.000000,0.000000,0.285714,1.000000,1.000000
1865081855.json,1.000000,0.000000,0.000000,1.000000,0.692308
1865364345.json,1.000000,0.000000,0.000000,1.000000,1.000000
1865726189.json,1.000000,0.000000,0.000000,1.000000,0.741935
1866206200.json,1.000000,0.000000,0.000000,0.933333,0.900000
1866387347.json,1.000000,0.031250,0.000000,0.843750,0.812500
1866818252.json,1.000000,0.000000,0.000000,1.000000,1.000000
1866834988.json,1.000000,0.000000,0.000000,1.000000,0.642857
186702614.json,1.000000,0.000000,0.000000,0.871795,0.589744
1867488383.json,1.000000,0.000000,0.000000,0.843750,0.687500
1867748221.json,1.000000,0.000000,0.000000,0.517241,0.931034
1867922690.json,1.000000,0.000000,0.000000,0.733333,0.400000
1867935328.json,1.000000,0.000000,0.000000,0.894737,0.631579
186796980.json,1.000000,0.000000,0.000000,0.733333,0.933333
1868427871.json,1.000000,0.000000,0.000000,0.687500,1.000000
1868564724.json,1.000000,0.000000,0.027027,1.000000,0.729730
186869261.json,1.000000,0.266667,0.466667,1.000000,1.000000
1868699226.json,1.000000,0.000000,0.000000,0.793103,0.620690
1868942752.json,1.000000,0.000000,0.000000,0.700000,1.000000
1868982079.json,1.000000,0.000000,0.000000,1.000000,1.000000
1869146274.json,1.000000,0.000000,0.000000,0.869565,0.913043
1869180188.json,1.000000,0.000000,0.000000,0.296296,0.259259
1869197221.json,1.000000,0.000000,0.000000,1.000000,0.764706
1869398678.json,1.000000,0.000000,0.000000,1.000000,0.551724
1869425704.json,1.000000,0.062500,0.000000,1.000000,1.000000
1870284409.json,1.000000,0.000000,0.000000,1.000000,0.894737
1870875857.json,1.000000,0.000000,0.000000,1.000000,0.866667
1870966820.json,1.000000,0.000000,0.000000,0.818182,0.818182
1871215275.json,1.000000,0.000000,0.000000,0.894737,1.000000
1871235062.json,1.000000,0.055556,0.111111,1.000000,1.000000
1871251963.json,1.000000,0.000000,0.000000,0.772727,0.818182
1871337702.json,1.000000,0.000000,0.000000,0.625000,0.750000
1871678334.json,1.000000,0.000000,0.000000,0.516129,0.935484
1872070511.json,1.000000,0.000000,0.000000,1.000000,0.550000
1872984942.json,1.000000,0.040000,0.000000,1.000000,0.920000
1873143047.json,1.000000,0.000000,0.000000,0.827586,0.517241
1873305720.json,1.000000,0.000000,0.000000,1.000000,0.789474
1874450378.json,1.000000,0.027778,0.027778,0.333333,0.944444
1874517276.json,1.000000,0.000000,0.000000,0.621622,0.945946
1874590115.json,1.000000,0.000000,0.000000,0.258065,0.354839
1875217509.json,1.000000,0.000000,0.000000,0.875000,0.875000
187523880.json,1.000000,0.000000,0.000000,1.000000,1.000000
1875649366.json,1.000000,0.000000,0.040000,0.880000,0.760000
1876068065.json,1.000000,0.000000,0.047619,1.000000,0.857143
1876212547.json,1.000000,0.000000,0.000000,0.733333,0.866667
187641539.json,1.000000,0.000000,0.000000,0.866667,0.733333
1877480483.json,1.000000,0.066667,0.000000,0.866667,0.866667
1877690354.json,1.000000,0.080000,0.040000,1.000000,0.920000
1877839206.json,1.000000,0.000000,0.000000,0.896552,0.655172
1878020822.json,1.000000,0.071429,0.000000,0.607143,0.892857
1878596172.json,1.000000,0.000000,0.000000,0.866667,1.000000
1878870742.json,1.000000,0.000000,0.000000,0.583333,0.527778
1879389597.json,1.000000,0.000000,0.055556,0.944444,1.000000
1879567416.json,1.000000,0.000000,0.000000,0.750000,0.785714
1879994740.json,1.000000,0.000000,0.000000,0.210526,0.684211
1881079986.json,1.000000,0.000000,0.047619,1.000000,0.904762
1881121390.json,1.000000,0.000000,0.000000,0.800000,0.866667
1881246885.json,1.000000,0.200000,0.000000,1.000000,1.000000
1881512127.json,1.000000,0.000000,0.000000,1.000000,1.000000
1881568829.json,1.000000,0.000000,0.000000,0.454545,0.818182
1881630615.json,1.000000,0.000000,0.000000,0.750000,1.000000
1881735721.json,1.000000,0.000000,0.043478,1.000000,0.652174
1881929667.json,1.000000,0.000000,0.000000,1.000000,0.700000
1881965756.json,1.000000,0.000000,0.000000,1.000000,1.000000
1882069676.json,1.000000,0.000000,0.000000,0.812500,0.687500
1882437910.json,1.000000,0.000000,0.000000,1.000000,0.800000
1882520166.json,1.000000,0.000000,0.000000,1.000000,0.809524
1882609560.json,1.000000,0.000000,0.000000,1.000000,0.740741
1883209448.json,1.000000,0.000000,0.000000,1.000000,0.750000
1883780572.json,1.000000,0.000000,0.000000,0.666667,0.444444
1884153264.json,1.000000,0.000000,0.000000,0.888889,0.555556
1884234056.json,1.000000,0.000000,0.000000,0.448276,0.862069
1884613570.json,1.000000,0.000000,0.000000,1.000000,0.913043
1884674156.json,1.000000,0.000000,0.000000,1.000000,0.923077
188513364.json,0.916667,0.000000,0.000000,0.541667,0.916667
1885623888.json,1.000000,0.000000,0.000000,0.777778,1.000000
1885899131.json,1.000000,0.000000,0.000000,0.611111,1.000000
1885932501.json,1.000000,0.000000,0.000000,0.871795,0.666667
1886557457.json,0.909091,0.000000,0.000000,0.818182,0.818182
1886688662.json,1.000000,0.078947,0.026316,0.973684,0.789474
1886964623.json,1.000000,0.000000,0.000000,0.388889,0.555556
188714049.json,1.000000,0.000000,0.000000,0.962963,0.925926
1887186267.json,1.000000,0.000000,0.000000,0.375000,0.833333
1887701268.json,1.000000,0.000000,0.000000,0.727273,0.909091
1887819093.json,1.000000,0.000000,0.000000,1.000000,0.894737
1887948775.json,1.000000,0.000000,0.000000,0.904762,0.904762
188798257.json,1.000000,0.000000,0.000000,0.769231,0.884615
1888368485.json,1.000000,0.000000,0.000000,0.894737,0.789474
1888519034.json,1.000000,0.090909,0.409091,1.000000,0.909091
1888540250.json,1.000000,0.000000,0.000000,0.684211,1.000000
1888848269.json,1.000000,0.000000,0.000000,1.000000,0.750000
1889358650.json,1.000000,0.400000,0.266667,0.800000,1.000000
1889426723.json,1.000000,0.000000,0.000000,0.875000,0.916667
1889953965.json,1.000000,0.000000,0.000000,1.000000,0.702703
1889999443.json,0.894737,0.052632,0.000000,0.578947,0.894737
1890426431.json,1.000000,0.000000,0.000000,0.611111,0.777778
1890688811.json,1.000000,0.000000,0.000000,0.750000,0.850000
1891578862.json,1.000000,0.000000,0.027778,1.000000,0.888889
1891784695.json,1.000000,0.000000,0.000000,0.761905,0.476190
1891865038.json,1.000000,0.000000,0.000000,0.483871,0.870968
1893622983.json,1.000000,0.000000,0.000000,0.380952,1.000000
1893854.json,1.000000,0.000000,0.000000,1.000000,0.733333
1894097175.json,1.000000,0.000000,0.000000,1.000000,0.818182
1894325425.json,1.000000,0.000000,0.000000,0.800000,0.700000
189434382.json,1.000000,0.000000,0.000000,0.409091,0.590909
189462970.json,1.000000,0.000000,0.000000,0.833333,0.666667
1895656505.json,1.000000,0.000000,0.000000,0.950000,0.700000
189577987.json,1.000000,0.000000,0.000000,1.000000,0.777778
1895814048.json,1.000000,0.000000,0.025000,1.000000,0.775000
1896312106.json,1.000000,0.000000,0.000000,1.000000,1.000000
1896460835.json,0.521739,0.000000,0.000000,0.478261,0.913043
1896733109.json,1.000000,0.066667,0.066667,1.000000,1.000000
1896986208.json,1.000000,0.000000,0.000000,1.000000,0.882353
1897238098.json,0.900000,0.000000,0.000000,0.650000,1.000000
1897434300.json,1.000000,0.000000,0.000000,1.000000,1.000000
1897884985.json,0.882353,0.000000,0.000000,0.647059,0.470588
1897913311.json,1.000000,0.000000,0.000000,0.631579,0.684211
1898177802.json,1.000000,0.000000,0.000000,1.000000,1.000000
1898401986.json,1.000000,0.000000,0.000000,0.868421,0.842105
189868936.json,1.000000,0.000000,0.000000,1.000000,0.437500
1899351835.json,1.000000,0.038462,0.076923,0.538462,0.769231
1899518593.json,1.000000,0.000000,0.000000,0.823529,0.764706
190099789.json,1.000000,0.000000,0.000000,1.000000,0.916667
1901005779.json,0.931034,0.000000,0.103448,0.310345,0.931034
1901907205.json,1.000000,0.000000,0.000000,0.315789,0.736842
19020194.json,1.000000,0.027027,0.054054,0.918919,0.918919
1902367208.json,1.000000,0.000000,0.000000,0.695652,0.608696
1902436839.json,1.000000,0.000000,0.000000,1.000000,0.645161
1903084070.json,1.000000,0.000000,0.000000,0.405405,0.540541
190317640.json,1.000000,0.000000,0.000000,1.000000,1.000000
1903280545.json,1.000000,0.000000,0.000000,0.625000,1.000000
1904048077.json,1.000000,0.000000,0.050000,0.850000,0.850000
1904148439.json,1.000000,0.000000,0.000000,0.666667,0.466667
190417215.json,1.000000,0.000000,0.000000,0.730769,1.000000
1904308624.json,1.000000,0.000000,0.000000,0.750000,0.625000
1904431370.json,1.000000,0.000000,0.000000,1.000000,0.888889
1904459116.json,1.000000,0.000000,0.000000,0.800000,1.000000
1904760028.json,1.000000,0.000000,0.000000,0.480000,0.760000
1904867417.json,1.000000,0.000000,0.000000,0.750000,1.000000
1905429400.json,1.000000,0.000000,0.000000,1.000000,1.000000
1905508432.json,1.000000,0.000000,0.095238,1.000000,0.666667
1905931030.json,1.000000,0.000000,0.000000,1.000000,1.000000
1906145213.json,1.000000,0.000000,0.000000,0.800000,0.733333
1906315955.json,1.000000,0.000000,0.000000,1.000000,1.000000
1906924337.json,1.000000,0.000000,0.000000,0.444444,0.500000
1907992066.json,1.000000,0.000000,0.000000,0.681818,0.590909
1908397191.json,1.000000,0.000000,0.000000,1.000000,0.882353
1908602895.json,1.000000,0.000000,0.095238,1.000000,0.619048
1908664160.json,1.000000,0.000000,0.000000,1.000000,0.925926
1908825611.json,1.000000,0.000000,0.000000,0.809524,0.714286
1908834014.json,1.000000,0.000000,0.000000,0.772727,0.909091
1909444414.json,1.000000,0.029412,0.000000,0.882353,0.882353
1909657433.json,1.000000,0.100000,0.150000,0.800000,1.000000
1909905022.json,0.935484,0.000000,0.000000,1.000000,0.741935
1910173714.json,1.000000,0.047619,0.000000,0.904762,0.714286
1910799482.json,1.000000,0.000000,0.000000,1.000000,0.564103
1911132441.json,1.000000,0.000000,0.000000,0.578947,0.789474
1911347909.json,1.000000,0.000000,0.000000,0.687500,0.875000
1911527081.json,1.000000,0.000000,0.000000,0.866667,1.000000
1911556791.json,1.000000,0.000000,0.000000,0.794118,0.882353
1911571600.json,1.000000,0.000000,0.000000,1.000000,1.000000
191160335.json,1.000000,0.000000,0.000000,0.428571,0.857143
1911671981.json,1.000000,0.000000,0.043478,1.000000,0.913043
1911673325.json,1.000000,0.000000,0.000000,1.000000,0.866667
1911703812.json,1.000000,0.060606,0.090909,0.757576,0.939394
1911813766.json,1.000000,0.000000,0.000000,0.760000,0.840000
1911940686.json,1.000000,0.000000,0.000000,0.821429,0.392857
1912277025.json,1.000000,0.000000,0.000000,0.800000,1.000000
191237091.json,1.000000,0.000000,0.000000,0.708333,0.833333
1913062115.json,1.000000,0.000000,0.000000,0.892857,0.642857
1913245420.json,1.000000,0.000000,0.000000,0.736842,0.894737
1913719353.json,0.916667,0.000000,0.000000,0.458333,1.000000
1913856368.json,1.000000,0.000000,0.062500,1.000000,0.750000
1914055852.json,1.000000,0.000000,0.000000,0.481481,0.777778
1914299184.json,0.884615,0.000000,0.000000,0.884615,0.615385
1914362572.json,1.000000,0.000000,0.000000,1.000000,0.866667
1914857350.json,1.000000,0.000000,0.000000,0.647059,0.764706
1914905270.json,1.000000,0.000000,0.000000,0.400000,0.600000
191492931.json,1.000000,0.000000,0.000000,0.962963,0.740741
1915313449.json,1.000000,0.000000,0.000000,0.772727,0.363636
1915375454.json,1.000000,0.000000,0.000000,0.763158,0.789474
1916495135.json,1.000000,0.000000,0.029412,0.852941,0.705882
1916577995.json,0.888889,0.000000,0.000000,0.777778,0.777778
1917186469.json,1.000000,0.043478,0.086957,0.956522,0.913043
1917242972.json,1.000000,0.000000,0.000000,0.894737,0.526316
1917633543.json,1.000000,0.000000,0.000000,1.000000,0.607143
1918082508.json,0.900000,0.000000,0.000000,0.600000,1.000000
1918099677.json,1.000000,0.000000,0.000000,0.911765,0.941176
1918362412.json,1.000000,0.000000,0.000000,0.820513,1.000000
1919319680.json,1.000000,0.000000,0.000000,0.676471,0.500000
1919431985.json,0.935484,0.000000,0.000000,1.000000,0.741935
191947555.json,1.000000,0.000000,0.000000,0.611111,0.666667
1919887978.json,1.000000,0.000000,0.000000,0.866667,0.800000
1920662821.json,1.000000,0.052632,0.052632,0.526316,0.631579
1921924301.json,1.000000,0.000000,0.000000,0.500000,1.000000
1921959955.json,1.000000,0.000000,0.000000,0.200000,0.900000
1922149614.json,1.000000,0.000000,0.050000,0.750000,0.800000
1922966242.json,1.000000,0.000000,0.000000,1.000000,1.000000
192401967.json,1.000000,0.000000,0.000000,0.827586,0.724138
1924635264.json,0.862069,0.000000,0.000000,0.827586,0.793103
1924926510.json,1.000000,0.000000,0.000000,1.000000,0.812500
1924962263.json,1.000000,0.000000,0.000000,1.000000,0.758621
1925047875.json,1.000000,0.000000,0.000000,0.555556,0.277778
1925331452.json,1.000000,0.000000,0.035714,0.857143,0.928571
192553769.json,1.000000,0.117647,0.000000,1.000000,1.000000
1925734386.json,1.000000,0.032258,0.000000,1.000000,0.870968
1926731029.json,0.833333,0.125000,0.333333,0.916667,0.875000
1926751503.json,1.000000,0.000000,0.000000,0.440000,0.800000
1926754188.json,1.000000,0.000000,0.000000,1.000000,0.894737
1926935071.json,1.000000,0.000000,0.000000,0.652174,0.652174
1927244193.json,1.000000,0.000000,0.000000,1.000000,0.666667
1927289920.json,1.000000,0.000000,0.000000,1.000000,0.821429
1927718154.json,1.000000,0.000000,0.000000,0.437500,1.000000
1928615405.json,1.000000,0.125000,0.000000,1.000000,0.875000
1928813922.json,1.000000,0.000000,0.000000,0.875000,0.562500
1929111782.json,1.000000,0.000000,0.000000,0.478261,0.739130
1929295129.json,1.000000,0.000000,0.000000,0.875000,1.000000
1929532738.json,1.000000,0.000000,0.000000,0.950000,1.000000
1929762328.json,1.000000,0.062500,0.062500,1.000000,0.687500
1930106942.json,1.000000,0.000000,0.050000,1.000000,1.000000
1930199448.json,1.000000,0.000000,0.000000,1.000000,1.000000
1930268276.json,1.000000,0.000000,0.105263,1.000000,0.894737
1930710008.json,1.000000,0.000000,0.000000,0.296296,0.444444
1930975938.json,1.000000,0.000000,0.000000,1.000000,1.000000
1931329355.json,1.000000,0.000000,0.000000,1.000000,0.945946
1931368429.json,1.000000,0.000000,0.000000,0.642857,0.928571
1931637486.json,0.909091,0.000000,0.000000,0.939394,0.757576
193163925.json,1.000000,0.000000,0.000000,1.000000,1.000000
1931700080.json,1.000000,0.000000,0.000000,0.650000,0.900000
19317619.json,0.925926,0.000000,0.037037,0.740741,1.000000
1931951026.json,1.000000,0.000000,0.000000,0.968750,0.937500
1932940120.json,1.000000,0.000000,0.000000,1.000000,0.692308
1933181844.json,1.000000,0.000000,0.000000,0.451613,0.806452
193391552.json,1.000000,0.000000,0.055556,0.277778,0.888889
1934138211.json,1.000000,0.100000,0.000000,0.900000,1.000000
1934341385.json,1.000000,0.000000,0.000000,1.000000,0.909091
1934469458.json,0.925926,0.000000,0.074074,0.481481,0.666667
1934621887.json,1.000000,0.000000,0.000000,1.000000,1.000000
1934658921.json,1.000000,0.000000,0.000000,1.000000,0.400000
1934768062.json,0.950000,0.000000,0.000000,0.725000,0.775000
1935584457.json,1.000000,0.000000,0.000000,0.809524,0.714286
1935734150.json,1.000000,0.000000,0.000000,1.000000,1.000000
1935928918.json,1.000000,0.000000,0.000000,0.928571,0.785714
1936185374.json,0.882353,0.058824,0.058824,1.000000,0.823529
1936437126.json,1.000000,0.000000,0.000000,1.000000,0.888889
1936880172.json,1.000000,0.000000,0.000000,0.961538,0.923077
1937581590.json,1.000000,0.000000,0.000000,0.818182,0.590909
1937922119.json,1.000000,0.000000,0.000000,1.000000,0.592593
1937940471.json,1.000000,0.000000,0.000000,0.411765,0.882353
1938184689.json,1.000000,0.025000,0.000000,0.700000,0.550000
1938341571.json,1.000000,0.000000,0.000000,1.000000,1.000000
1938735877.json,1.000000,0.000000,0.000000,1.000000,0.680000
1938791648.json,1.000000,0.000000,0.000000,0.789474,0.736842
1939100418.json,1.000000,0.055556,0.055556,1.000000,1.000000
1939129060.json,1.000000,0.000000,0.000000,1.000000,0.884615
1939435902.json,1.000000,0.000000,0.000000,0.333333,0.866667
1940071110.json,1.000000,0.000000,0.000000,1.000000,0.750000
1940337236.json,1.000000,0.000000,0.000000,1.000000,0.724138
1940511870.json,1.000000,0.130435,0.086957,0.652174,1.000000
1940515603.json,1.000000,0.000000,0.000000,1.000000,1.000000
1941196801.json,1.000000,0.000000,0.000000,1.000000,1.000000
1941287093.json,1.000000,0.000000,0.000000,1.000000,0.777778
1941397599.json,1.000000,0.000000,0.000000,0.913043,0.739130
1941414443.json,1.000000,0.000000,0.000000,1.000000,0.764706
1941742950.json,1.000000,0.000000,0.000000,1.000000,0.619048
1942055768.json,1.000000,0.000000,0.000000,0.724138,1.000000
1942450888.json,0.764706,0.000000,0.000000,0.647059,1.000000
1942542838.json,1.000000,0.000000,0.000000,0.730769,0.846154
1942742340.json,0.473684,0.000000,0.000000,0.921053,0.842105
1943152491.json,1.000000,0.000000,0.050000,0.500000,1.000000
1943335503.json,1.000000,0.000000,0.050000,1.000000,1.000000
1943527302.json,1.000000,0.000000,0.000000,1.000000,0.888889
1943623308.json,1.000000,0.000000,0.000000,0.800000,1.000000
1944028911.json,0.941176,0.000000,0.000000,0.352941,1.000000
1944071309.json,1.000000,0.000000,0.000000,1.000000,0.548387
1944222874.json,1.000000,0.000000,0.000000,0.578947,1.000000
194446966.json,1.000000,0.000000,0.000000,0.833333,0.916667
194472040.json,1.000000,0.000000,0.055556,0.722222,0.777778
1944876987.json,1.000000,0.000000,0.000000,1.000000,0.733333
1944923192.json,1.000000,0.000000,0.000000,0.450000,0.600000
1945396918.json,1.000000,0.000000,0.052632,0.526316,0.894737
1946379274.json,1.000000,0.000000,0.000000,1.000000,1.000000
1946715936.json,1.000000,0.000000,0.000000,1.000000,1.000000
1947346476.json,1.000000,0.047619,0.000000,1.000000,0.714286
1947407320.json,1.000000,0.000000,0.000000,0.647059,0.764706
1947983341.json,1.000000,0.000000,0.000000,1.000000,1.000000
1948041614.json,1.000000,0.000000,0.000000,0.750000,0.875000
1948116754.json,1.000000,0.000000,0.000000,0.523810,0.619048
1948430901.json,1.000000,0.000000,0.000000,0.777778,1.000000
1948938999.json,1.000000,0.000000,0.000000,0.470588,1.000000
1949082468.json,1.000000,0.000000,0.000000,0.379310,0.862069
195009452.json,1.000000,0.000000,0.000000,1.000000,1.000000
1950949941.json,0.700000,0.000000,0.000000,0.550000,1.000000
195105631.json,1.000000,0.000000,0.000000,1.000000,0.387097
1951240691.json,1.000000,0.000000,0.000000,0.828571,0.628571
1951367823.json,1.000000,0.000000,0.000000,1.000000,0.800000
1951589929.json,1.000000,0.000000,0.000000,1.000000,0.777778
1951778085.json,1.000000,0.000000,0.000000,1.000000,0.777778
1951990781.json,1.000000,0.000000,0.000000,0.500000,0.625000
195201880.json,1.000000,0.000000,0.000000,0.916667,0.916667
1952231103.json,1.000000,0.083333,0.250000,1.000000,0.916667
195273151.json,0.823529,0.000000,0.000000,1.000000,0.764706
1952868524.json,0.948718,0.000000,0.000000,0.820513,0.666667
1953160336.json,1.000000,0.000000,0.000000,0.764706,1.000000
1953169084.json,1.000000,0.000000,0.000000,0.450000,0.900000
1953475066.json,1.000000,0.000000,0.000000,1.000000,1.000000
1954185850.json,1.000000,0.000000,0.000000,0.967742,0.741935
195531041.json,1.000000,0.000000,0.000000,0.444444,0.555556
1955329764.json,1.000000,0.000000,0.090909,0.666667,0.757576
1955442599.json,1.000000,0.000000,0.054054,0.405405,0.837838
1955496010.json,1.000000,0.000000,0.000000,1.000000,0.837838
19555915.json,1.000000,0.000000,0.000000,1.000000,0.843750
1955827579.json,0.920000,0.000000,0.000000,0.360000,0.760000
1956302621.json,1.000000,0.120000,0.120000,1.000000,0.920000
1956492374.json,1.000000,0.000000,0.055556,0.611111,1.000000
1956679694.json,1.000000,0.000000,0.000000,1.000000,0.828571
1957105294.json,0.916667,0.000000,0.041667,0.833333,0.916667
1957178020.json,1.000000,0.000000,0.000000,0.600000,0.350000
1957283027.json,1.000000,0.000000,0.000000,1.000000,0.739130
1957533472.json,1.000000,0.000000,0.000000,0.578947,0.894737
1957547031.json,0.913043,0.000000,0.000000,1.000000,0.782609
1957591377.json,1.000000,0.000000,0.000000,1.000000,0.791667
195768863.json,1.000000,0.000000,0.000000,1.000000,0.866667
1957976087.json,1.000000,0.000000,0.000000,0.846154,0.820513
1958346391.json,1.000000,0.000000,0.000000,0.250000,1.000000
1959070003.json,1.000000,0.000000,0.000000,0.741935,0.741935
1959445174.json,0.428571,0.000000,0.000000,0.628571,0.914286
1960249358.json,1.000000,0.000000,0.000000,0.750000,0.625000
1960592753.json,1.000000,0.062500,0.062500,1.000000,1.000000
1960643502.json,1.000000,0.000000,0.000000,1.000000,1.000000
1960806086.json,1.000000,0.000000,0.000000,1.000000,0.666667
1960917116.json,1.000000,0.000000,0.000000,0.037037,1.000000
196134039.json,1.000000,0.000000,0.000000,1.000000,0.687500
1961907878.json,1.000000,0.000000,0.055556,1.000000,0.888889
1962146447.json,1.000000,0.000000,0.000000,0.705882,0.647059
1962159480.json,1.000000,0.000000,0.000000,1.000000,0.789474
1962405902.json,1.000000,0.000000,0.000000,0.333333,1.000000
1962460203.json,1.000000,0.000000,0.000000,0.533333,0.866667
1962561833.json,1.000000,0.000000,0.000000,1.000000,0.722222
196256196.json,1.000000,0.000000,0.000000,0.342105,0.947368
196261470.json,1.000000,0.000000,0.000000,0.846154,0.653846
1962876564.json,1.000000,0.000000,0.000000,0.862069,0.724138
1963025757.json,1.000000,0.000000,0.000000,0.480000,0.520000
1963455999.json,1.000000,0.000000,0.000000,1.000000,0.842105
1963549762.json,1.000000,0.000000,0.000000,0.866667,0.800000
1964047616.json,1.000000,0.000000,0.027027,1.000000,0.864865
1964686647.json,1.000000,0.000000,0.000000,0.550000,0.750000
1965335491.json,1.000000,0.000000,0.000000,0.312500,0.437500
1965498777.json,1.000000,0.000000,0.000000,0.321429,0.785714
1965625541.json,1.000000,0.000000,0.000000,0.777778,0.629630
1965680730.json,1.000000,0.000000,0.000000,0.937500,0.812500
1965832293.json,1.000000,0.000000,0.000000,0.904762,0.666667
1965961024.json,1.000000,0.000000,0.050000,1.000000,1.000000
1966320590.json,1.000000,0.000000,0.000000,0.405405,0.540541
1966725976.json,1.000000,0.000000,0.000000,0.714286,0.476190
1967415029.json,1.000000,0.000000,0.055556,1.000000,0.777778
1967415920.json,1.000000,0.066667,0.066667,1.000000,1.000000
1967447711.json,1.000000,0.000000,0.037037,0.777778,0.518519
1967528267.json,1.000000,0.000000,0.000000,0.857143,1.000000
1967645957.json,1.000000,0.000000,0.000000,0.911765,0.941176
196764916.json,1.000000,0.000000,0.000000,0.739130,0.913043
1967661977.json,1.000000,0.062500,0.000000,0.687500,0.375000
1968385692.json,0.888889,0.000000,0.000000,0.444444,0.611111
1968395608.json,1.000000,0.000000,0.000000,0.812500,0.875000
1968559804.json,1.000000,0.000000,0.000000,0.652174,0.826087
1968591363.json,1.000000,0.000000,0.000000,1.000000,1.000000
1968767362.json,1.000000,0.000000,0.000000,1.000000,0.741935
1968829131.json,1.000000,0.000000,0.000000,0.866667,0.866667
1970619464.json,1.000000,0.000000,0.000000,1.000000,0.857143
1970685488.json,1.000000,0.000000,0.058824,1.000000,1.000000
1971107076.json,1.000000,0.000000,0.000000,0.736842,0.578947
1971222948.json,1.000000,0.040000,0.000000,1.000000,0.680000
1971267976.json,1.000000,0.000000,0.000000,1.000000,0.833333
1971519163.json,1.000000,0.000000,0.000000,0.645161,1.000000
1971656748.json,1.000000,0.000000,0.000000,1.000000,0.862069
1972002851.json,1.000000,0.000000,0.000000,1.000000,1.000000
1972325284.json,1.000000,0.000000,0.000000,0.333333,0.629630
1972649337.json,1.000000,0.000000,0.000000,0.833333,0.916667
1972999761.json,1.000000,0.000000,0.000000,1.000000,0.764706
1973121854.json,1.000000,0.000000,0.000000,1.000000,1.000000
197317215.json,1.000000,0.000000,0.000000,0.541667,1.000000
1973689413.json,1.000000,0.000000,0.000000,0.741935,0.741935
1973927957.json,1.000000,0.000000,0.031250,0.625000,0.906250
197400424.json,1.000000,0.000000,0.000000,0.909091,0.909091
1974094236.json,1.000000,0.000000,0.000000,1.000000,0.600000
1974135947.json,1.000000,0.000000,0.100000,0.750000,0.700000
1974160142.json,1.000000,0.000000,0.000000,1.000000,0.923077
1974708430.json,0.939394,0.000000,0.000000,0.727273,0.727273
1975084852.json,1.000000,0.000000,0.000000,1.000000,0.611111
1975259906.json,1.000000,0.000000,0.000000,1.000000,0.928571
197609634.json,1.000000,0.076923,0.038462,0.423077,0.769231
1976111337.json,1.000000,0.000000,0.000000,0.388889,1.000000
1976185243.json,1.000000,0.000000,0.000000,1.000000,1.000000
1976215160.json,1.000000,0.000000,0.000000,0.875000,0.700000
1976277866.json,1.000000,0.000000,0.000000,1.000000,1.000000
1976861979.json,1.000000,0.000000,0.000000,0.833333,0.933333
1976999267.json,1.000000,0.000000,0.000000,1.000000,0.818182
1977096687.json,1.000000,0.000000,0.000000,0.482759,1.000000
1977204645.json,1.000000,0.000000,0.000000,1.000000,0.666667
1977621317.json,1.000000,0.000000,0.000000,1.000000,0.571429
1978257611.json,1.000000,0.000000,0.000000,0.565217,0.913043
1978639480.json,1.000000,0.000000,0.000000,1.000000,1.000000
197871961.json,1.000000,0.000000,0.000000,0.777778,0.444444
1978787092.json,1.000000,0.000000,0.000000,0.481481,0.777778
1978963967.json,0.875000,0.000000,0.000000,1.000000,0.875000
1979601415.json,1.000000,0.000000,0.000000,0.444444,0.611111
1979810995.json,1.000000,0.000000,0.058824,1.000000,0.764706
1979935031.json,1.000000,0.034483,0.068966,0.862069,0.379310
1980050838.json,1.000000,0.000000,0.000000,0.888889,0.777778
1980293187.json,1.000000,0.000000,0.066667,1.000000,0.733333
1980751334.json,1.000000,0.000000,0.000000,1.000000,1.000000
1980796290.json,1.000000,0.000000,0.000000,0.900000,0.900000
1981051379.json,1.000000,0.000000,0.083333,1.000000,1.000000
1981266335.json,1.000000,0.000000,0.000000,0.625000,1.000000
1981295822.json,1.000000,0.000000,0.000000,1.000000,1.000000
1981359187.json,1.000000,0.000000,0.000000,1.000000,0.894737
1981833636.json,0.812500,0.000000,0.000000,0.187500,1.000000
198193765.json,1.000000,0.000000,0.000000,0.875000,0.531250
1982162221.json,1.000000,0.000000,0.000000,1.000000,1.000000
1982231260.json,1.000000,0.000000,0.027027,1.000000,0.594595
19824506.json,1.000000,0.000000,0.027027,0.540541,1.000000
1982881343.json,1.000000,0.000000,0.000000,1.000000,1.000000
1983020364.json,1.000000,0.000000,0.000000,0.687500,0.875000
1983548065.json,1.000000,0.000000,0.000000,1.000000,0.620690
198355588.json,1.000000,0.000000,0.000000,0.806452,1.000000
198373863.json,1.000000,0.000000,0.000000,1.000000,1.000000
1983739739.json,1.000000,0.000000,0.000000,0.657895,0.526316
1983846860.json,1.000000,0.000000,0.000000,0.866667,1.000000
1984151105.json,1.000000,0.062500,0.000000,0.687500,1.000000
1984506787.json,1.000000,0.000000,0.000000,0.866667,0.866667
1984823117.json,1.000000,0.000000,0.050000,0.700000,0.900000
1984913510.json,1.000000,0.000000,0.000000,0.823529,1.000000
1985844936.json,1.000000,0.000000,0.000000,0.409091,1.000000
1986074944.json,1.000000,0.000000,0.000000,0.800000,1.000000
1986186421.json,1.000000,0.000000,0.000000,0.586207,0.931034
1986397680.json,1.000000,0.000000,0.000000,0.833333,0.777778
1986928764.json,1.000000,0.000000,0.000000,0.760000,0.880000
198696544.json,1.000000,0.000000,0.000000,0.652174,0.913043
1987009161.json,1.000000,0.000000,0.000000,0.529412,0.588235
1987151899.json,1.000000,0.000000,0.000000,0.440000,0.800000
1987321604.json,1.000000,0.000000,0.090909,0.227273,1.000000
1988020896.json,1.000000,0.000000,0.095238,1.000000,0.619048
1988245047.json,1.000000,0.000000,0.000000,0.812500,0.750000
1988450889.json,1.000000,0.000000,0.000000,1.000000,1.000000
1988780678.json,1.000000,0.000000,0.000000,0.684211,0.894737
1988833817.json,1.000000,0.125000,0.000000,0.812500,0.875000
1989169197.json,1.000000,0.100000,0.000000,1.000000,1.000000
1989268384.json,1.000000,0.000000,0.052632,1.000000,0.894737
1989388723.json,1.000000,0.000000,0.000000,1.000000,1.000000
1989494276.json,1.000000,0.000000,0.000000,1.000000,1.000000
1989717219.json,1.000000,0.000000,0.000000,0.346154,1.000000
1990075079.json,1.000000,0.000000,0.000000,0.842105,1.000000
1990223924.json,1.000000,0.000000,0.000000,0.733333,0.933333
1990707529.json,1.000000,0.000000,0.000000,0.900000,0.850000
1991152426.json,1.000000,0.000000,0.000000,0.631579,0.894737
1991710265.json,1.000000,0.000000,0.000000,0.437500,0.875000
1992184163.json,1.000000,0.000000,0.000000,0.625000,0.812500
1992294208.json,1.000000,0.000000,0.066667,0.666667,0.866667
1992610864.json,1.000000,0.000000,0.000000,1.000000,0.826087
1992626308.json,1.000000,0.000000,0.000000,1.000000,0.828571
1993224589.json,1.000000,0.000000,0.000000,0.409091,0.727273
1993375301.json,1.000000,0.000000,0.000000,1.000000,0.812500
1993587082.json,1.000000,0.000000,0.000000,0.882353,0.823529
1993663877.json,1.000000,0.000000,0.000000,1.000000,0.809524
1993867751.json,0.882353,0.000000,0.058824,1.000000,1.000000
1994000550.json,1.000000,0.000000,0.000000,0.600000,0.542857
1994392938.json,1.000000,0.000000,0.000000,1.000000,0.645161
1994528705.json,1.000000,0.000000,0.000000,1.000000,0.785714
1995110771.json,1.000000,0.000000,0.000000,1.000000,1.000000
1995258024.json,1.000000,0.000000,0.000000,0.625000,1.000000
199530002.json,1.000000,0.000000,0.000000,1.000000,0.818182
1995513365.json,1.000000,0.000000,0.000000,1.000000,1.000000
1996038925.json,1.000000,0.000000,0.000000,0.772727,0.727273
1996185791.json,0.942857,0.000000,0.000000,0.714286,0.742857
1996369503.json,1.000000,0.000000,0.000000,0.904762,0.904762
199642434.json,1.000000,0.000000,0.047619,1.000000,0.809524
1996448114.json,0.928571,0.071429,0.035714,0.642857,0.928571
1996637694.json,1.000000,0.000000,0.000000,1.000000,1.000000
1997112753.json,1.000000,0.000000,0.000000,0.444444,0.555556
1997183216.json,1.000000,0.000000,0.000000,1.000000,1.000000
1997544350.json,1.000000,0.352941,0.176471,0.882353,1.000000
1997741090.json,0.939394,0.000000,0.030303,0.848485,0.939394
1997890804.json,1.000000,0.000000,0.000000,0.500000,1.000000
1997908150.json,1.000000,0.000000,0.000000,1.000000,0.619048
1998600008.json,0.931034,0.000000,0.068966,0.172414,0.931034
1998758376.json,1.000000,0.000000,0.000000,1.000000,0.750000
1998855230.json,1.000000,0.028571,0.000000,1.000000,0.885714
1999829971.json,1.000000,0.000000,0.000000,0.636364,0.590909
2000004287.json,1.000000,0.000000,0.000000,1.000000,0.533333
2000361489.json,1.000000,0.000000,0.095238,0.904762,0.666667
2001219434.json,1.000000,0.000000,0.000000,0.578947,0.552632
2001255079.json,1.000000,0.000000,0.000000,1.000000,0.866667
2001685346.json,1.000000,0.000000,0.000000,0.894737,0.789474
2002045356.json,1.000000,0.000000,0.058824,0.264706,0.941176
2002461921.json,1.000000,0.368421,0.105263,1.000000,0.894737
2002937552.json,1.000000,0.000000,0.000000,1.000000,1.000000
2003761944.json,1.000000,0.000000,0.000000,1.000000,0.705882
2003877751.json,1.000000,0.000000,0.000000,0.850000,0.900000
2004191155.json,1.000000,0.000000,0.000000,0.948718,0.769231
2004264967.json,1.000000,0.000000,0.000000,0.722222,1.000000
200472604.json,1.000000,0.066667,0.066667,1.000000,1.000000
2005010424.json,1.000000,0.000000,0.000000,1.000000,1.000000
2006579568.json,1.000000,0.000000,0.000000,1.000000,1.000000
2006637944.json,1.000000,0.000000,0.000000,0.750000,0.625000
2006670755.json,1.000000,0.043478,0.043478,0.826087,0.608696
2007135649.json,1.000000,0.000000,0.000000,0.722222,0.777778
200718881.json,1.000000,0.000000,0.000000,1.000000,1.000000
2007379904.json,1.000000,0.000000,0.000000,0.892857,1.000000
2007541422.json,1.000000,0.000000,0.000000,0.741935,0.645161
200809414.json,1.000000,0.347826,0.304348,0.826087,1.000000
2008225835.json,1.000000,0.000000,0.000000,0.875000,0.750000
2008416057.json,1.000000,0.000000,0.066667,1.000000,1.000000
2008798269.json,0.882353,0.000000,0.000000,0.882353,0.529412
2009148723.json,1.000000,0.000000,0.000000,0.722222,0.722222
2009638095.json,1.000000,0.000000,0.000000,0.869565,0.913043
2009882614.json,1.000000,0.000000,0.000000,0.920000,0.600000
2009914067.json,1.000000,0.000000,0.000000,0.807692,0.923077
2009937606.json,1.000000,0.000000,0.000000,1.000000,0.897436
2010459096.json,1.000000,0.000000,0.000000,1.000000,1.000000
201085109.json,1.000000,0.000000,0.000000,0.312500,0.500000
2011105966.json,1.000000,0.000000,0.000000,0.882353,0.882353
2011460622.json,1.000000,0.000000,0.000000,0.812500,1.000000
2011580783.json,1.000000,0.000000,0.062500,1.000000,1.000000
2011604398.json,1.000000,0.000000,0.000000,1.000000,0.875000
2011677757.json,1.000000,0.000000,0.000000,0.133333,0.733333
2012193908.json,1.000000,0.000000,0.000000,0.589744,0.743590
2012570054.json,1.000000,0.000000,0.000000,0.933333,1.000000
2012601769.json,1.000000,0.000000,0.000000,1.000000,1.000000
2012711440.json,1.000000,0.000000,0.000000,1.000000,1.000000
2012957934.json,1.000000,0.047619,0.333333,0.761905,0.904762
2013132430.json,1.000000,0.000000,0.000000,0.875000,1.000000
2013198537.json,1.000000,0.000000,0.000000,0.714286,0.619048
2013262601.json,1.000000,0.000000,0.000000,1.000000,0.777778
2013478768.json,1.000000,0.000000,0.000000,1.000000,1.000000
2013648679.json,1.000000,0.000000,0.000000,0.400000,0.866667
2013792152.json,0.942857,0.057143,0.028571,0.800000,0.857143
2014060139.json,1.000000,0.000000,0.000000,1.000000,0.652174
2014547834.json,1.000000,0.000000,0.000000,0.720000,0.920000
2014570920.json,1.000000,0.000000,0.000000,1.000000,0.703704
2014585401.json,1.000000,0.000000,0.000000,1.000000,0.826087
201493771.json,1.000000,0.000000,0.000000,1.000000,1.000000
2014939423.json,0.925926,0.000000,0.000000,1.000000,0.851852
2014977475.json,1.000000,0.000000,0.000000,0.833333,0.555556
2015031809.json,1.000000,0.000000,0.000000,1.000000,0.700000
2015063965.json,1.000000,0.000000,0.028571,0.257143,0.942857
2015210239.json,1.000000,0.000000,0.000000,0.600000,1.000000
2015247445.json,1.000000,0.000000,0.000000,0.739130,0.913043
2015300661.json,1.000000,0.000000,0.000000,0.562500,0.750000
2015441279.json,1.000000,0.000000,0.000000,0.705882,0.882353
2015872820.json,1.000000,0.000000,0.000000,1.000000,1.000000
2016695339.json,1.000000,0.000000,0.000000,1.000000,0.807692
2017393037.json,1.000000,0.000000,0.000000,1.000000,0.888889
2017922524.json,1.000000,0.000000,0.000000,1.000000,0.692308
2018242375.json,1.000000,0.000000,0.000000,1.000000,0.900000
2018732501.json,1.000000,0.000000,0.000000,1.000000,0.735294
2018847565.json,1.000000,0.000000,0.000000,1.000000,0.916667
2018851312.json,1.000000,0.000000,0.000000,0.800000,0.700000
2018991803.json,1.000000,0.000000,0.000000,1.000000,1.000000
2019227848.json,0.470588,0.000000,0.000000,0.058824,0.823529
2019315629.json,1.000000,0.227273,0.000000,1.000000,1.000000
2019585323.json,1.000000,0.000000,0.038462,0.653846,0.538462
2019943326.json,1.000000,0.000000,0.000000,0.904762,0.809524
2019961799.json,1.000000,0.000000,0.000000,0.761905,0.809524
202024218.json,1.000000,0.000000,0.000000,0.812500,0.750000
2020463760.json,1.000000,0.000000,0.000000,1.000000,1.000000
2020656656.json,1.000000,0.000000,0.000000,0.423077,1.000000
2020854031.json,1.000000,0.000000,0.000000,0.375000,0.312500
2021672157.json,1.000000,0.000000,0.000000,0.923077,0.730769
2021942659.json,1.000000,0.000000,0.000000,1.000000,0.692308
2022023447.json,1.000000,0.000000,0.000000,1.000000,0.600000
2022154487.json,1.000000,0.000000,0.000000,0.629630,0.851852
202283533.json,1.000000,0.000000,0.000000,0.875000,0.875000
2024191395.json,1.000000,0.000000,0.000000,0.760000,0.720000
2024579151.json,1.000000,0.000000,0.000000,0.526316,0.526316
2024768854.json,0.884615,0.000000,0.000000,0.769231,0.384615
2027080738.json,1.000000,0.000000,0.000000,1.000000,0.863636
2027215006.json,1.000000,0.000000,0.000000,1.000000,0.793103
2027259263.json,1.000000,0.000000,0.000000,1.000000,0.920000
2027495799.json,1.000000,0.000000,0.000000,0.588235,1.000000
20282959.json,1.000000,0.000000,0.000000,0.840000,1.000000
2028788352.json,1.000000,0.000000,0.000000,1.000000,0.777778
2028857949.json,1.000000,0.058824,0.000000,0.705882,1.000000
202902857.json,1.000000,0.000000,0.000000,0.562500,1.000000
2029188028.json,1.000000,0.000000,0.000000,0.857143,0.714286
2030030082.json,1.000000,0.000000,0.000000,0.476190,0.666667
2030219215.json,1.000000,0.000000,0.000000,0.277778,0.888889
203048079.json,1.000000,0.000000,0.062500,1.000000,0.562500
2030764378.json,1.000000,0.047619,0.000000,1.000000,0.904762
2030789498.json,1.000000,0.000000,0.000000,0.666667,1.000000
2031325329.json,1.000000,0.000000,0.000000,0.875000,0.750000
2031490962.json,1.000000,0.000000,0.000000,0.285714,1.000000
203162903.json,1.000000,0.000000,0.000000,1.000000,0.650000
2031858079.json,1.000000,0.000000,0.000000,1.000000,0.695652
2031934158.json,1.000000,0.000000,0.000000,1.000000,1.000000
203197147.json,1.000000,0.000000,0.000000,1.000000,0.653846
2032195985.json,1.000000,0.000000,0.055556,0.833333,0.777778
2032449911.json,1.000000,0.000000,0.026316,0.868421,0.789474
2032586002.json,1.000000,0.000000,0.050000,0.600000,1.000000
2033071470.json,1.000000,0.000000,0.000000,0.921053,0.947368
2033292094.json,1.000000,0.000000,0.000000,0.550000,0.600000
2033366834.json,1.000000,0.000000,0.000000,0.676471,0.705882
2033438585.json,1.000000,0.000000,0.000000,1.000000,0.894737
2033535340.json,1.000000,0.000000,0.000000,0.800000,0.866667
2033665634.json,1.000000,0.000000,0.000000,1.000000,0.842105
2034280202.json,1.000000,0.000000,0.000000,0.750000,0.750000
2034286213.json,1.000000,0.000000,0.000000,1.000000,0.909091
2034454476.json,0.913043,0.000000,0.000000,0.913043,0.913043
2034566860.json,1.000000,0.000000,0.000000,1.000000,0.695652
2034669795.json,1.000000,0.000000,0.000000,0.222222,0.777778
203494257.json,1.000000,0.000000,0.000000,0.882353,1.000000
2035218446.json,1.000000,0.000000,0.000000,0.315789,0.894737
2036191256.json,1.000000,0.000000,0.000000,1.000000,0.809524
2036199143.json,1.000000,0.000000,0.130435,0.521739,1.000000
2036468475.json,1.000000,0.000000,0.000000,0.812500,0.875000
2036590466.json,1.000000,0.000000,0.000000,0.833333,0.583333
2036707256.json,1.000000,0.000000,0.000000,1.000000,0.750000
2036874229.json,0.900000,0.000000,0.000000,1.000000,1.000000
2036944359.json,1.000000,0.000000,0.000000,1.000000,0.529412
2037193622.json,1.000000,0.000000,0.000000,1.000000,0.904762
203754477.json,1.000000,0.166667,0.000000,0.333333,0.833333
2037609246.json,1.000000,0.000000,0.000000,0.400000,0.800000
2037751442.json,0.888889,0.000000,0.000000,0.750000,0.722222
2037923865.json,1.000000,0.000000,0.000000,0.450000,0.900000
2038249319.json,1.000000,0.000000,0.000000,1.000000,1.000000
2038847708.json,1.000000,0.000000,0.000000,0.625000,0.708333
2038900247.json,1.000000,0.050000,0.000000,0.550000,0.650000
2039078122.json,1.000000,0.178571,0.178571,0.857143,0.928571
2039160006.json,1.000000,0.000000,0.038462,1.000000,0.846154
2039163067.json,1.000000,0.000000,0.000000,0.473684,0.578947
203917251.json,1.000000,0.000000,0.000000,1.000000,0.857143
2039597436.json,1.000000,0.333333,0.200000,1.000000,1.000000
2039671051.json,1.000000,0.000000,0.033333,0.766667,0.933333
2039674157.json,1.000000,0.000000,0.000000,0.266667,0.866667
2039679753.json,1.000000,0.000000,0.000000,0.882353,1.000000
2039715783.json,1.000000,0.000000,0.000000,1.000000,0.631579
2039836398.json,1.000000,0.000000,0.000000,0.800000,0.900000
203985736.json,1.000000,0.000000,0.000000,1.000000,0.933333
204078895.json,1.000000,0.000000,0.000000,0.823529,0.764706
2040947330.json,1.000000,0.000000,0.000000,1.000000,0.826087
2041012691.json,1.000000,0.000000,0.000000,0.814815,0.666667
20410881.json,1.000000,0.000000,0.000000,1.000000,1.000000
2041114611.json,1.000000,0.000000,0.000000,0.533333,0.733333
2041365565.json,1.000000,0.000000,0.000000,0.727273,1.000000
20418346.json,1.000000,0.062500,0.062500,1.000000,1.000000
2041949020.json,1.000000,0.000000,0.000000,1.000000,0.764706
2042121131.json,1.000000,0.000000,0.000000,1.000000,0.900000
2042319456.json,1.000000,0.000000,0.000000,1.000000,1.000000
2042628872.json,1.000000,0.000000,0.000000,0.631579,1.000000
2042645348.json,1.000000,0.000000,0.037037,0.740741,0.777778
2042655057.json,1.000000,0.000000,0.000000,0.909091,1.000000
2043811993.json,1.000000,0.000000,0.000000,0.884615,1.000000
2043859939.json,1.000000,0.000000,0.000000,1.000000,0.741935
2044017926.json,1.000000,0.052632,0.052632,1.000000,0.631579
2044509067.json,1.000000,0.000000,0.000000,0.611111,0.777778
2044692712.json,1.000000,0.000000,0.000000,0.741935,0.677419
2044869862.json,1.000000,0.000000,0.000000,1.000000,1.000000
2045156671.json,1.000000,0.000000,0.000000,0.952381,0.809524
2045214355.json,1.000000,0.095238,0.000000,1.000000,1.000000
2045454129.json,0.916667,0.000000,0.000000,1.000000,0.791667
2045736720.json,1.000000,0.000000,0.066667,0.700000,0.933333
2045748774.json,1.000000,0.000000,0.000000,1.000000,0.846154
2045899017.json,1.000000,0.000000,0.000000,1.000000,0.741935
2046052818.json,1.000000,0.000000,0.000000,0.538462,0.884615
2046450688.json,1.000000,0.000000,0.000000,0.333333,1.000000
2046809064.json,0.948718,0.000000,0.000000,0.820513,0.769231
2046864278.json,1.000000,0.000000,0.000000,1.000000,0.687500
2047047623.json,1.000000,0.050000,0.000000,0.550000,0.900000
2047591326.json,1.000000,0.000000,0.000000,0.625000,0.500000
2047613314.json,1.000000,0.000000,0.000000,1.000000,0.545455
2047846698.json,1.000000,0.000000,0.000000,0.588235,0.705882
2047954160.json,1.000000,0.000000,0.000000,0.695652,0.608696
2048093467.json,1.000000,0.000000,0.000000,0.764706,0.882353
204815719.json,1.000000,0.000000,0.000000,0.227273,1.000000
2048435171.json,1.000000,0.000000,0.000000,0.928571,0.678571
2048931425.json,1.000000,0.000000,0.000000,0.812500,0.750000
2049005842.json,1.000000,0.058824,0.235294,0.823529,0.823529
2049686246.json,0.857143,0.000000,0.000000,0.750000,0.714286
2049796126.json,1.000000,0.000000,0.000000,0.833333,0.833333
2049864874.json,1.000000,0.000000,0.032258,1.000000,0.806452
2051108417.json,1.000000,0.000000,0.025641,0.948718,0.820513
2051109953.json,0.933333,0.000000,0.000000,0.633333,0.866667
2051490643.json,1.000000,0.000000,0.000000,1.000000,0.941176
2051514935.json,1.000000,0.000000,0.000000,0.857143,0.714286
2052123371.json,1.000000,0.000000,0.000000,0.800000,0.840000
2052278301.json,1.000000,0.000000,0.000000,0.757576,0.727273
2052410280.json,0.500000,0.000000,0.000000,1.000000,0.888889
2052548496.json,1.000000,0.000000,0.000000,0.769231,0.807692
2052569579.json,1.000000,0.200000,0.066667,1.000000,0.866667
2052606243.json,1.000000,0.187500,0.062500,1.000000,0.875000
205276118.json,0.904762,0.000000,0.047619,1.000000,0.904762
2053603556.json,1.000000,0.000000,0.000000,0.970588,0.823529
2053987602.json,1.000000,0.000000,0.000000,1.000000,1.000000
2054183018.json,1.000000,0.000000,0.000000,0.827586,0.862069
2054350281.json,1.000000,0.000000,0.037037,0.777778,0.888889
2054434373.json,0.933333,0.000000,0.000000,0.966667,0.566667
2054508365.json,1.000000,0.000000,0.000000,1.000000,0.769231
2054762650.json,1.000000,0.000000,0.055556,0.277778,0.555556
2055545140.json,1.000000,0.000000,0.000000,0.837838,0.675676
2056034657.json,1.000000,0.000000,0.000000,1.000000,0.833333
2056350210.json,1.000000,0.000000,0.000000,1.000000,0.500000
2056412901.json,1.000000,0.000000,0.000000,0.576923,0.923077
2056461683.json,1.000000,0.105263,0.052632,0.421053,0.894737
2056977030.json,1.000000,0.000000,0.000000,1.000000,1.000000
205703930.json,0.545455,0.060606,0.000000,0.878788,0.696970
205718547.json,1.000000,0.029412,0.029412,0.588235,1.000000
2057779627.json,1.000000,0.000000,0.000000,0.933333,0.466667
2057816654.json,1.000000,0.000000,0.000000,0.958333,0.833333
2058122562.json,1.000000,0.000000,0.000000,1.000000,0.166667
2058407024.json,1.000000,0.000000,0.000000,0.730769,1.000000
2058529681.json,1.000000,0.125000,0.000000,0.500000,0.750000
2058911114.json,1.000000,0.000000,0.000000,1.000000,0.842105
2058913630.json,1.000000,0.000000,0.000000,0.400000,0.400000
2058920006.json,1.000000,0.000000,0.000000,1.000000,1.000000
2059058807.json,1.000000,0.000000,0.000000,1.000000,0.900000
2059066429.json,1.000000,0.117647,0.058824,1.000000,0.823529
2059174023.json,1.000000,0.000000,0.000000,1.000000,1.000000
2060217622.json,1.000000,0.000000,0.000000,1.000000,0.882353
2060244517.json,1.000000,0.000000,0.000000,0.857143,0.809524
2060822232.json,1.000000,0.000000,0.000000,0.861111,0.777778
206128346.json,1.000000,0.000000,0.025641,0.846154,0.820513
2061330738.json,1.000000,0.000000,0.000000,0.611111,0.888889
2061349174.json,0.923077,0.000000,0.000000,0.538462,0.807692
2061459313.json,1.000000,0.000000,0.000000,0.931034,0.689655
2061512780.json,1.000000,0.000000,0.000000,0.720000,0.480000
2061637806.json,1.000000,0.200000,0.100000,0.900000,0.900000
2061712356.json,1.000000,0.000000,0.000000,0.960000,0.920000
2062444863.json,1.000000,0.000000,0.000000,1.000000,1.000000
2062761430.json,1.000000,0.000000,0.000000,1.000000,0.740741
2062763896.json,1.000000,0.062500,0.000000,0.687500,1.000000
2063218657.json,1.000000,0.000000,0.000000,0.866667,0.800000
2063320767.json,1.000000,0.000000,0.000000,1.000000,1.000000
2063724869.json,1.000000,0.000000,0.000000,1.000000,0.809524
206376083.json,1.000000,0.000000,0.000000,0.884615,0.923077
2063853958.json,1.000000,0.000000,0.000000,1.000000,0.888889
2064194828.json,1.000000,0.000000,0.000000,0.714286,0.809524
2064251878.json,1.000000,0.000000,0.000000,0.920000,0.680000
2064306128.json,1.000000,0.000000,0.000000,0.550000,0.600000
2064892082.json,1.000000,0.000000,0.029412,1.000000,0.764706
2065109784.json,0.928571,0.000000,0.000000,0.142857,0.535714
2065568834.json,1.000000,0.000000,0.000000,0.909091,0.545455
2065595972.json,1.000000,0.000000,0.000000,1.000000,1.000000
2067400597.json,1.000000,0.235294,0.058824,1.000000,1.000000
2067508738.json,1.000000,0.000000,0.000000,0.620690,0.931034
2067569858.json,1.000000,0.000000,0.000000,1.000000,0.900000
2067699616.json,1.000000,0.000000,0.000000,1.000000,0.777778
2067799257.json,1.000000,0.000000,0.000000,0.714286,0.809524
2067860904.json,1.000000,0.000000,0.000000,0.640000,0.600000
2068104488.json,0.805556,0.000000,0.000000,0.916667,0.750000
2068455847.json,1.000000,0.000000,0.000000,0.809524,0.857143
2068943758.json,1.000000,0.000000,0.000000,0.875000,1.000000
2068975408.json,1.000000,0.000000,0.000000,0.750000,0.687500
2069043694.json,1.000000,0.000000,0.000000,1.000000,0.750000
2069786637.json,1.000000,0.000000,0.000000,1.000000,0.750000
2069950890.json,1.000000,0.000000,0.000000,0.611111,0.722222
2070031122.json,1.000000,0.000000,0.058824,0.705882,1.000000
2070135491.json,0.920000,0.000000,0.000000,0.120000,0.920000
2070422394.json,1.000000,0.000000,0.000000,0.677419,0.935484
2070425975.json,1.000000,0.043478,0.130435,0.434783,1.000000
2070634780.json,1.000000,0.000000,0.000000,1.000000,0.812500
2070794697.json,1.000000,0.000000,0.000000,0.916667,0.833333
2070799951.json,1.000000,0.000000,0.000000,1.000000,0.800000
2070870143.json,1.000000,0.000000,0.000000,0.571429,0.904762
2070947107.json,1.000000,0.032258,0.129032,0.935484,0.903226
2071067169.json,1.000000,0.000000,0.000000,1.000000,1.000000
207133489.json,1.000000,0.000000,0.000000,0.900000,0.800000
2071891813.json,1.000000,0.000000,0.000000,0.629630,0.592593
2071913622.json,0.944444,0.000000,0.000000,0.527778,0.694444
2072343133.json,1.000000,0.000000,0.000000,1.000000,1.000000
2072498865.json,1.000000,0.000000,0.000000,0.866667,0.866667
2072511309.json,1.000000,0.000000,0.000000,0.580645,0.870968
207263606.json,1.000000,0.000000,0.000000,1.000000,1.000000
2072874025.json,1.000000,0.000000,0.000000,1.000000,0.529412
207290287.json,1.000000,0.000000,0.000000,1.000000,0.894737
2073078408.json,1.000000,0.000000,0.000000,0.933333,0.666667
2073233465.json,1.000000,0.133333,0.066667,0.400000,0.933333
2073277344.json,1.000000,0.000000,0.000000,0.775000,0.650000
2073562434.json,1.000000,0.000000,0.257143,1.000000,1.000000
2073851765.json,0.885714,0.000000,0.000000,0.257143,0.828571
207393450.json,1.000000,0.133333,0.000000,1.000000,1.000000
2074101631.json,1.000000,0.000000,0.000000,0.809524,0.809524
2074138349.json,1.000000,0.000000,0.047619,1.000000,0.619048
2074344071.json,1.000000,0.000000,0.000000,1.000000,1.000000
2074549910.json,1.000000,0.000000,0.000000,0.882353,1.000000
2074556544.json,1.000000,0.000000,0.052632,1.000000,1.000000
2075417982.json,1.000000,0.000000,0.000000,1.000000,0.592593
2076191774.json,1.000000,0.000000,0.000000,1.000000,0.687500
2076390604.json,1.000000,0.000000,0.000000,0.736842,0.684211
2076818596.json,1.000000,0.000000,0.000000,0.838710,0.870968
2076824024.json,1.000000,0.080000,0.080000,0.880000,0.920000
2076870629.json,1.000000,0.000000,0.000000,0.652174,0.695652
2076973272.json,1.000000,0.000000,0.000000,0.812500,0.875000
2077144552.json,1.000000,0.000000,0.000000,0.642857,0.678571
2077232106.json,1.000000,0.000000,0.000000,0.800000,1.000000
2077266755.json,1.000000,0.000000,0.000000,0.550000,0.600000
2077664326.json,1.000000,0.000000,0.000000,0.761905,0.333333
2077904327.json,1.000000,0.000000,0.000000,0.904762,0.761905
2078208643.json,1.000000,0.000000,0.000000,0.709677,0.741935
207941420.json,1.000000,0.000000,0.000000,0.636364,0.818182
2080197990.json,1.000000,0.000000,0.000000,1.000000,0.500000
2080829223.json,1.000000,0.000000,0.000000,0.866667,1.000000
208091973.json,1.000000,0.000000,0.000000,1.000000,0.866667
208095581.json,1.000000,0.000000,0.000000,0.631579,0.578947
2081666693.json,1.000000,0.000000,0.055556,0.611111,0.833333
2081825589.json,1.000000,0.000000,0.000000,0.702703,0.756757
2081846691.json,1.000000,0.000000,0.055556,0.611111,0.666667
2081875908.json,1.000000,0.000000,0.000000,0.702703,0.810811
2082056476.json,1.000000,0.000000,0.000000,1.000000,0.642857
2082406030.json,1.000000,0.350000,0.100000,1.000000,1.000000
2082485523.json,1.000000,0.000000,0.000000,1.000000,1.000000
2082775674.json,1.000000,0.000000,0.000000,0.900000,0.800000
2083227825.json,1.000000,0.000000,0.000000,1.000000,0.888889
2083262665.json,0.894737,0.052632,0.000000,0.736842,0.684211
2084100938.json,1.000000,0.000000,0.000000,0.500000,0.611111
2084364490.json,1.000000,0.000000,0.000000,0.857143,0.904762
2084448250.json,0.666667,0.000000,0.000000,0.666667,1.000000
2084518625.json,1.000000,0.000000,0.000000,0.742857,0.485714
2084671712.json,1.000000,0.000000,0.000000,1.000000,1.000000
2085113841.json,1.000000,0.000000,0.000000,0.466667,0.733333
2085272114.json,1.000000,0.041667,0.000000,0.791667,0.833333
2085356289.json,1.000000,0.000000,0.071429,1.000000,0.928571
208562948.json,1.000000,0.000000,0.000000,0.814815,1.000000
2085901748.json,1.000000,0.000000,0.000000,0.807692,0.769231
2085940021.json,1.000000,0.000000,0.000000,0.350000,1.000000
2086044941.json,1.000000,0.000000,0.000000,0.307692,0.807692
2086329892.json,1.000000,0.000000,0.000000,1.000000,0.875000
2086536388.json,1.000000,0.000000,0.000000,0.750000,1.000000
2086548349.json,1.000000,0.000000,0.000000,0.700000,0.725000
2086999881.json,1.000000,0.000000,0.000000,0.333333,1.000000
2087103482.json,1.000000,0.000000,0.000000,0.805556,1.000000
2087259232.json,1.000000,0.000000,0.000000,0.913043,0.391304
2087277194.json,1.000000,0.000000,0.000000,0.733333,0.466667
2087607272.json,1.000000,0.000000,0.000000,1.000000,0.750000
2087791568.json,1.000000,0.000000,0.000000,0.678571,0.642857
2088085306.json,1.000000,0.000000,0.000000,0.891892,0.729730
2088174933.json,1.000000,0.043478,0.043478,0.521739,1.000000
2088233509.json,1.000000,0.000000,0.000000,1.000000,0.923077
2088258334.json,1.000000,0.000000,0.000000,0.653846,0.615385
2088293184.json,1.000000,0.000000,0.000000,0.703704,0.777778
2088305285.json,1.000000,0.000000,0.000000,1.000000,1.000000
2088362152.json,1.000000,0.000000,0.000000,0.708333,0.750000
2088388188.json,1.000000,0.062500,0.000000,0.750000,0.625000
2088700678.json,1.000000,0.000000,0.000000,1.000000,1.000000
2088834272.json,1.000000,0.000000,0.000000,1.000000,0.809524
2088862253.json,1.000000,0.000000,0.000000,1.000000,0.529412
2089717139.json,1.000000,0.136364,0.090909,1.000000,0.909091
2090198426.json,1.000000,0.000000,0.000000,1.000000,1.000000
2090709894.json,1.000000,0.000000,0.000000,0.888889,0.925926
2090818676.json,1.000000,0.000000,0.000000,1.000000,0.578947
2091237392.json,1.000000,0.000000,0.000000,1.000000,0.838710
2091369741.json,1.000000,0.000000,0.000000,0.725000,0.550000
2092085539.json,1.000000,0.000000,0.000000,0.884615,0.500000
2092543082.json,1.000000,0.000000,0.052632,1.000000,0.894737
2092689102.json,1.000000,0.000000,0.000000,1.000000,1.000000
209288302.json,1.000000,0.000000,0.038462,0.846154,1.000000
2093296227.json,1.000000,0.000000,0.000000,0.740741,0.851852
2094079983.json,1.000000,0.000000,0.000000,0.785714,0.678571
2094356895.json,1.000000,0.055556,0.166667,0.666667,0.888889
2094639636.json,1.000000,0.000000,0.000000,0.315789,0.894737
2095005709.json,1.000000,0.000000,0.000000,1.000000,0.906250
2095617550.json,1.000000,0.000000,0.000000,0.913043,0.478261
2096137503.json,1.000000,0.000000,0.000000,0.600000,0.500000
209625813.json,1.000000,0.000000,0.000000,1.000000,0.882353
2096690543.json,1.000000,0.000000,0.000000,1.000000,0.928571
2096831908.json,0.923077,0.000000,0.000000,1.000000,0.923077
2096894079.json,1.000000,0.000000,0.035714,0.892857,0.571429
2096944529.json,1.000000,0.000000,0.000000,1.000000,0.826087
2097490099.json,1.000000,0.000000,0.037037,0.814815,0.777778
2098423345.json,1.000000,0.000000,0.062500,1.000000,0.875000
2098483790.json,1.000000,0.000000,0.000000,0.809524,0.523810
2099016690.json,1.000000,0.000000,0.000000,0.461538,0.423077
2099730273.json,1.000000,0.000000,0.000000,1.000000,0.722222
2099814724.json,1.000000,0.000000,0.066667,0.666667,0.733333
2100137708.json,1.000000,0.090909,0.000000,0.818182,0.818182
2100170482.json,1.000000,0.000000,0.000000,1.000000,1.000000
210045631.json,1.000000,0.000000,0.000000,0.586207,0.620690
210057433.json,1.000000,0.000000,0.000000,1.000000,0.913043
2100962450.json,1.000000,0.100000,0.000000,1.000000,0.900000
2100971981.json,1.000000,0.000000,0.025000,1.000000,0.675000
2101929428.json,0.925926,0.037037,0.000000,0.518519,0.703704
21019357.json,1.000000,0.041667,0.041667,0.583333,0.916667
2102388026.json,1.000000,0.000000,0.047619,0.857143,0.761905
2102838650.json,1.000000,0.000000,0.000000,0.772727,1.000000
210336097.json,1.000000,0.000000,0.000000,1.000000,0.722222
2104341263.json,1.000000,0.000000,0.095238,0.571429,1.000000
2104596432.json,1.000000,0.000000,0.000000,0.833333,0.722222
2104991652.json,1.000000,0.000000,0.000000,0.892857,0.714286
2105093211.json,1.000000,0.000000,0.000000,1.000000,0.774194
2105212913.json,1.000000,0.066667,0.000000,0.500000,0.866667
21052297.json,1.000000,0.000000,0.040000,1.000000,1.000000
2105489352.json,1.000000,0.000000,0.000000,0.533333,0.866667
2105504684.json,1.000000,0.000000,0.066667,1.000000,1.000000
2105716639.json,1.000000,0.000000,0.000000,0.647059,0.411765
2106017996.json,1.000000,0.000000,0.000000,0.904762,1.000000
2106245482.json,1.000000,0.000000,0.000000,1.000000,0.696970
2107106872.json,1.000000,0.000000,0.000000,1.000000,0.840000
2107241398.json,1.000000,0.000000,0.000000,1.000000,0.812500
2108472633.json,1.000000,0.062500,0.062500,1.000000,1.000000
2108588236.json,1.000000,0.000000,0.000000,1.000000,0.527778
2108636035.json,1.000000,0.000000,0.058824,0.588235,0.882353
2109493359.json,1.000000,0.000000,0.000000,1.000000,0.727273
2109498450.json,1.000000,0.000000,0.000000,1.000000,0.680000
2109948702.json,1.000000,0.000000,0.000000,0.666667,0.757576
2110045144.json,1.000000,0.000000,0.000000,1.000000,0.894737
2110053502.json,1.000000,0.000000,0.000000,0.727273,0.878788
2110239006.json,1.000000,0.000000,0.000000,0.842105,0.578947
2110249445.json,1.000000,0.000000,0.000000,1.000000,0.842105
2111634487.json,0.892857,0.000000,0.000000,1.000000,0.821429
2111812412.json,0.928571,0.000000,0.000000,0.500000,0.642857
2112022840.json,1.000000,0.000000,0.000000,1.000000,0.823529
2113071046.json,1.000000,0.000000,0.000000,0.529412,0.735294
2113192141.json,1.000000,0.000000,0.000000,1.000000,0.750000
2113524040.json,1.000000,0.000000,0.000000,1.000000,0.913043
2114102175.json,1.000000,0.000000,0.000000,0.666667,0.866667
2114280398.json,1.000000,0.000000,0.000000,1.000000,0.625000
2114337291.json,1.000000,0.000000,0.000000,0.763158,0.710526
2115167166.json,1.000000,0.000000,0.000000,1.000000,0.925926
2115437770.json,1.000000,0.000000,0.000000,1.000000,0.933333
2116080641.json,1.000000,0.000000,0.000000,0.483871,0.870968
2116915694.json,1.000000,0.000000,0.000000,1.000000,1.000000
2117117918.json,1.000000,0.000000,0.000000,1.000000,0.909091
2117425833.json,0.931034,0.000000,0.103448,0.310345,0.931034
2118149503.json,1.000000,0.000000,0.000000,0.588235,0.882353
2118890873.json,1.000000,0.000000,0.000000,1.000000,0.800000
21188955.json,1.000000,0.000000,0.000000,1.000000,1.000000
2119392933.json,1.000000,0.000000,0.000000,0.869565,0.826087
211955155.json,1.000000,0.000000,0.000000,0.333333,0.888889
2119576721.json,1.000000,0.133333,0.266667,0.866667,1.000000
2120313457.json,0.931034,0.000000,0.000000,0.586207,0.586207
2120508837.json,1.000000,0.085714,0.257143,1.000000,0.942857
212070492.json,1.000000,0.000000,0.000000,0.588235,0.882353
2120805814.json,1.000000,0.000000,0.000000,0.866667,0.733333
2120862639.json,1.000000,0.000000,0.000000,0.833333,0.916667
2120948139.json,1.000000,0.000000,0.000000,1.000000,0.760000
2120993835.json,1.000000,0.000000,0.000000,1.000000,1.000000
2121478479.json,1.000000,0.043478,0.086957,1.000000,0.739130
2121508512.json,0.933333,0.000000,0.000000,0.166667,0.733333
2121818575.json,1.000000,0.057143,0.200000,1.000000,0.942857
2122332090.json,1.000000,0.066667,0.000000,0.466667,1.000000
2122382435.json,1.000000,0.000000,0.000000,0.896552,1.000000
2122466847.json,1.000000,0.000000,0.000000,1.000000,0.931034
2122720618.json,1.000000,0.000000,0.000000,1.000000,0.942857
2122728372.json,0.920000,0.000000,0.000000,1.000000,1.000000
2123408087.json,1.000000,0.000000,0.000000,1.000000,0.750000
2123697046.json,1.000000,0.000000,0.000000,1.000000,0.703704
2123936440.json,1.000000,0.000000,0.000000,1.000000,0.750000
2124038076.json,1.000000,0.000000,0.000000,0.555556,0.740741
212433932.json,1.000000,0.000000,0.000000,1.000000,1.000000
212454463.json,1.000000,0.052632,0.000000,0.526316,1.000000
2124570452.json,1.000000,0.000000,0.000000,0.900000,0.900000
2124721070.json,1.000000,0.000000,0.000000,0.809524,0.809524
2124794909.json,1.000000,0.000000,0.066667,0.866667,0.866667
2125246566.json,1.000000,0.050000,0.025000,0.775000,0.950000
2125386025.json,1.000000,0.000000,0.000000,1.000000,0.800000
2125440761.json,1.000000,0.000000,0.000000,0.419355,1.000000
2125969932.json,1.000000,0.000000,0.050000,1.000000,0.900000
2126104954.json,1.000000,0.000000,0.000000,1.000000,0.500000
2126214691.json,1.000000,0.000000,0.000000,0.687500,0.812500
212634076.json,1.000000,0.000000,0.000000,0.866667,0.733333
2126536773.json,1.000000,0.000000,0.000000,0.812500,0.687500
2126612542.json,1.000000,0.000000,0.000000,0.869565,0.695652
2127585518.json,1.000000,0.000000,0.000000,1.000000,1.000000
2127880345.json,1.000000,0.086957,0.000000,1.000000,0.913043
2127887832.json,0.931034,0.000000,0.000000,0.241379,0.689655
2127970438.json,1.000000,0.000000,0.055556,1.000000,1.000000
2128239557.json,1.000000,0.000000,0.000000,0.629630,0.555556
2128516324.json,1.000000,0.000000,0.000000,1.000000,0.882353
212876371.json,1.000000,0.000000,0.000000,0.578947,0.894737
2129456497.json,0.875000,0.000000,0.000000,0.750000,0.750000
2129542761.json,1.000000,0.000000,0.000000,1.000000,0.576923
2129815592.json,1.000000,0.000000,0.000000,1.000000,0.826087
2129896366.json,1.000000,0.066667,0.000000,0.533333,0.866667
2130181267.json,1.000000,0.000000,0.000000,0.923077,0.846154
2130290714.json,1.000000,0.000000,0.000000,0.862069,0.793103
213032860.json,1.000000,0.000000,0.000000,1.000000,0.653846
2130494686.json,1.000000,0.000000,0.000000,1.000000,0.700000
2130524454.json,1.000000,0.000000,0.000000,0.913043,0.869565
2130688078.json,1.000000,0.000000,0.000000,0.838710,0.645161
2130856423.json,1.000000,0.000000,0.000000,0.812500,0.718750
2131284303.json,1.000000,0.000000,0.000000,0.400000,0.900000
2131815076.json,1.000000,0.000000,0.000000,0.533333,0.866667
2132114722.json,1.000000,0.000000,0.000000,0.863636,0.636364
2132332970.json,1.000000,0.000000,0.000000,1.000000,0.857143
2132820608.json,1.000000,0.000000,0.000000,0.416667,0.833333
2132920084.json,1.000000,0.000000,0.000000,0.466667,0.733333
2133044770.json,1.000000,0.000000,0.043478,1.000000,0.913043
213382659.json,1.000000,0.000000,0.000000,0.833333,0.666667
2134194887.json,0.945946,0.000000,0.000000,0.621622,0.837838
2134584337.json,0.826087,0.043478,0.000000,0.826087,0.913043
213477892.json,1.000000,0.000000,0.000000,1.000000,1.000000
213481087.json,1.000000,0.000000,0.000000,1.000000,1.000000
2134887821.json,1.000000,0.000000,0.000000,0.812500,0.812500
2135010718.json,1.000000,0.000000,0.000000,0.461538,0.538462
2135069720.json,1.000000,0.000000,0.000000,1.000000,0.921053
2135362027.json,1.000000,0.000000,0.058824,1.000000,0.764706
2136591539.json,1.000000,0.000000,0.000000,1.000000,1.000000
2136993797.json,1.000000,0.000000,0.000000,0.428571,0.678571
2137074800.json,1.000000,0.000000,0.047619,1.000000,0.904762
2137323844.json,1.000000,0.000000,0.000000,1.000000,0.500000
2138038463.json,1.000000,0.000000,0.000000,0.705882,0.470588
2138403266.json,1.000000,0.000000,0.000000,0.666667,0.866667
2138527920.json,1.000000,0.000000,0.000000,1.000000,0.923077
2139018188.json,1.000000,0.000000,0.000000,1.000000,0.733333
2139163550.json,1.000000,0.000000,0.000000,0.684211,0.894737
2139761791.json,1.000000,0.000000,0.000000,0.818182,0.909091
213982241.json,1.000000,0.000000,0.000000,0.375000,0.875000
2140061887.json,1.000000,0.055556,0.000000,1.000000,0.611111
2140457307.json,1.000000,0.000000,0.000000,0.931034,0.862069
2140996604.json,0.939394,0.000000,0.000000,0.848485,0.727273
2141404905.json,1.000000,0.000000,0.000000,1.000000,0.580645
2142129315.json,0.894737,0.052632,0.052632,0.421053,0.789474
2142130710.json,1.000000,0.000000,0.000000,0.939394,0.848485
2142407076.json,1.000000,0.000000,0.000000,0.913043,0.826087
2142656235.json,0.944444,0.000000,0.000000,0.638889,0.777778
2143242098.json,1.000000,0.000000,0.000000,0.878788,0.878788
2143377713.json,1.000000,0.000000,0.000000,0.750000,0.714286
214341440.json,1.000000,0.000000,0.047619,0.190476,1.000000
2143782552.json,1.000000,0.000000,0.000000,0.666667,0.733333
2144233752.json,1.000000,0.000000,0.000000,1.000000,0.888889
2144609232.json,1.000000,0.000000,0.000000,0.947368,0.894737
2145792403.json,1.000000,0.000000,0.000000,0.687500,0.625000
2145919533.json,1.000000,0.000000,0.000000,0.966667,0.400000
2146244463.json,1.000000,0.000000,0.000000,0.789474,1.000000
2146457029.json,1.000000,0.058824,0.000000,1.000000,1.000000
2147377022.json,0.805556,0.000000,0.000000,0.916667,0.750000
214785490.json,1.000000,0.000000,0.000000,0.818182,0.636364
214796324.json,1.000000,0.000000,0.000000,0.476190,0.666667
215003928.json,1.000000,0.000000,0.000000,0.666667,0.600000
215038579.json,1.000000,0.000000,0.000000,0.523810,0.571429
215767530.json,1.000000,0.000000,0.041667,0.791667,0.750000
215819945.json,1.000000,0.000000,0.080000,1.000000,0.920000
216031261.json,1.000000,0.000000,0.000000,1.000000,0.600000
216168991.json,1.000000,0.000000,0.000000,0.607143,0.571429
217245148.json,1.000000,0.000000,0.000000,0.545455,0.545455
217440543.json,1.000000,0.000000,0.000000,1.000000,1.000000
217747170.json,1.000000,0.000000,0.000000,1.000000,0.472222
218256242.json,1.000000,0.000000,0.000000,1.000000,1.000000
2196382.json,1.000000,0.000000,0.000000,0.826087,0.913043
219805122.json,1.000000,0.000000,0.000000,0.722222,0.666667
220028727.json,1.000000,0.000000,0.000000,0.750000,0.750000
220146672.json,1.000000,0.000000,0.000000,1.000000,0.750000
22033066.json,1.000000,0.000000,0.000000,0.769231,0.615385
220371196.json,1.000000,0.040000,0.000000,0.640000,0.800000
220398130.json,1.000000,0.000000,0.034483,0.379310,0.655172
220424496.json,0.826087,0.043478,0.000000,0.826087,0.913043
221138962.json,1.000000,0.000000,0.000000,0.714286,0.750000
221473971.json,1.000000,0.000000,0.000000,0.800000,1.000000
221884031.json,1.000000,0.000000,0.000000,0.739130,1.000000
222096454.json,1.000000,0.000000,0.000000,0.565217,1.000000
222681982.json,1.000000,0.000000,0.000000,0.125000,0.625000
222755866.json,1.000000,0.000000,0.000000,0.705882,0.764706
223060087.json,1.000000,0.000000,0.000000,1.000000,0.764706
223126989.json,1.000000,0.000000,0.000000,0.692308,0.500000
223194244.json,1.000000,0.000000,0.027027,1.000000,0.864865
223463879.json,1.000000,0.000000,0.000000,1.000000,1.000000
224159869.json,1.000000,0.000000,0.000000,1.000000,1.000000
22449557.json,1.000000,0.000000,0.000000,0.789474,0.631579
22473006.json,1.000000,0.031250,0.031250,0.406250,0.875000
224779987.json,1.000000,0.000000,0.000000,0.611111,1.000000
225059280.json,1.000000,0.000000,0.000000,0.918919,0.648649
225116873.json,1.000000,0.000000,0.000000,0.684211,0.894737
225930211.json,1.000000,0.000000,0.000000,0.789474,0.684211
226378673.json,1.000000,0.000000,0.000000,0.880000,0.760000
226848365.json,1.000000,0.000000,0.000000,0.727273,1.000000
227017878.json,1.000000,0.000000,0.000000,0.264706,0.941176
227267978.json,1.000000,0.000000,0.000000,0.761905,0.809524
227679651.json,1.000000,0.000000,0.000000,1.000000,0.880000
22799790.json,1.000000,0.000000,0.041667,1.000000,0.916667
229511812.json,1.000000,0.043478,0.000000,1.000000,1.000000
22951497.json,1.000000,0.000000,0.000000,0.884615,0.269231
229950859.json,1.000000,0.000000,0.000000,0.434783,0.826087
229998635.json,1.000000,0.000000,0.000000,1.000000,0.700000
230045607.json,1.000000,0.000000,0.000000,0.866667,0.600000
230297188.json,1.000000,0.000000,0.000000,0.696970,0.878788
230458924.json,1.000000,0.000000,0.000000,1.000000,0.888889
230479512.json,0.904762,0.000000,0.000000,0.476190,0.809524
230504250.json,1.000000,0.000000,0.000000,0.805556,0.694444
231192484.json,1.000000,0.043478,0.217391,0.652174,1.000000
231277914.json,1.000000,0.000000,0.000000,0.400000,0.700000
231354332.json,1.000000,0.034483,0.000000,1.000000,0.724138
231531462.json,1.000000,0.000000,0.000000,0.882353,0.882353
231922844.json,1.000000,0.033333,0.033333,0.500000,1.000000
232143808.json,1.000000,0.000000,0.000000,1.000000,0.600000
232178186.json,1.000000,0.000000,0.000000,0.571429,0.885714
232199131.json,1.000000,0.000000,0.000000,0.866667,0.600000
232468058.json,1.000000,0.000000,0.000000,1.000000,1.000000
232652128.json,1.000000,0.000000,0.000000,1.000000,0.652174
232802751.json,1.000000,0.000000,0.105263,1.000000,0.894737
232811616.json,1.000000,0.000000,0.000000,1.000000,1.000000
232851382.json,1.000000,0.000000,0.000000,0.937500,1.000000
23292252.json,1.000000,0.000000,0.000000,0.666667,1.000000
232930893.json,0.894737,0.000000,0.000000,0.421053,0.842105
232978723.json,1.000000,0.000000,0.000000,0.588235,1.000000
23320643.json,0.900000,0.000000,0.000000,0.700000,0.750000
233995501.json,1.000000,0.066667,0.066667,0.800000,0.866667
234333724.json,1.000000,0.125000,0.187500,1.000000,0.875000
234560105.json,1.000000,0.000000,0.000000,0.833333,1.000000
234740492.json,1.000000,0.000000,0.000000,1.000000,0.615385
234955112.json,1.000000,0.000000,0.000000,0.733333,1.000000
235326268.json,1.000000,0.000000,0.000000,0.111111,0.777778
235417841.json,1.000000,0.000000,0.000000,1.000000,0.800000
235507328.json,1.000000,0.000000,0.000000,0.833333,1.000000
235864928.json,1.000000,0.000000,0.000000,1.000000,1.000000
23589415.json,1.000000,0.000000,0.000000,0.875000,1.000000
236164439.json,1.000000,0.000000,0.062500,0.875000,0.750000
236342550.json,1.000000,0.000000,0.000000,0.882353,0.764706
236607992.json,1.000000,0.000000,0.000000,1.000000,1.000000
236643666.json,1.000000,0.000000,0.095238,0.571429,1.000000
236873896.json,1.000000,0.000000,0.000000,0.687500,0.687500
236929226.json,1.000000,0.000000,0.000000,0.933333,0.800000
237472804.json,1.000000,0.000000,0.000000,1.000000,1.000000
237548851.json,1.000000,0.000000,0.000000,0.562500,0.625000
237669324.json,1.000000,0.000000,0.000000,1.000000,0.947368
238412509.json,1.000000,0.000000,0.000000,0.794118,0.941176
23844961.json,0.533333,0.000000,0.000000,0.533333,0.933333
238459022.json,1.000000,0.000000,0.000000,1.000000,0.904762
238723429.json,1.000000,0.000000,0.000000,0.888889,0.833333
239026897.json,1.000000,0.000000,0.000000,0.903226,0.741935
239040048.json,1.000000,0.000000,0.000000,1.000000,1.000000
23944233.json,1.000000,0.000000,0.058824,0.823529,0.882353
239445147.json,1.000000,0.000000,0.000000,0.391304,1.000000
239504115.json,1.000000,0.000000,0.000000,1.000000,1.000000
239582044.json,1.000000,0.000000,0.000000,1.000000,1.000000
239955912.json,1.000000,0.000000,0.047619,0.904762,0.904762
240122252.json,1.000000,0.000000,0.000000,1.000000,0.789474
24042437.json,1.000000,0.160000,0.000000,1.000000,0.760000
240458761.json,1.000000,0.000000,0.000000,0.684211,0.578947
24056450.json,1.000000,0.000000,0.000000,0.533333,0.866667
241099138.json,1.000000,0.000000,0.000000,0.800000,0.700000
24160151.json,1.000000,0.000000,0.000000,1.000000,0.777778
242220609.json,1.000000,0.000000,0.000000,0.478261,0.913043
242247964.json,1.000000,0.000000,0.000000,0.777778,0.694444
242751747.json,1.000000,0.000000,0.000000,0.461538,0.846154
24289414.json,0.909091,0.000000,0.000000,1.000000,1.000000
243381474.json,1.000000,0.000000,0.000000,0.761905,1.000000
243421188.json,1.000000,0.000000,0.000000,0.685714,0.428571
243531743.json,1.000000,0.000000,0.000000,0.818182,0.818182
243965992.json,1.000000,0.000000,0.000000,0.739130,1.000000
244205494.json,1.000000,0.000000,0.000000,1.000000,0.562500
244284750.json,1.000000,0.000000,0.000000,0.900000,0.900000
244638758.json,1.000000,0.000000,0.043478,0.782609,0.652174
244649718.json,1.000000,0.000000,0.000000,0.761905,1.000000
245858594.json,1.000000,0.000000,0.000000,0.863636,0.727273
246443622.json,1.000000,0.000000,0.000000,0.703704,0.703704
246983653.json,1.000000,0.000000,0.000000,1.000000,0.750000
246995737.json,1.000000,0.052632,0.000000,0.736842,1.000000
247202808.json,1.000000,0.000000,0.000000,1.000000,0.761905
247649440.json,1.000000,0.176471,0.000000,1.000000,0.882353
247758168.json,1.000000,0.000000,0.000000,0.800000,0.700000
247958707.json,1.000000,0.000000,0.000000,1.000000,1.000000
248496007.json,1.000000,0.000000,0.000000,1.000000,1.000000
249226592.json,1.000000,0.000000,0.000000,0.666667,0.866667
249481809.json,1.000000,0.000000,0.000000,0.904762,0.714286
24957167.json,0.888889,0.000000,0.000000,0.333333,0.777778
250042504.json,1.000000,0.000000,0.035714,0.571429,0.928571
250261302.json,1.000000,0.000000,0.000000,0.500000,1.000000
250339741.json,1.000000,0.000000,0.000000,1.000000,0.700000
250904565.json,1.000000,0.000000,0.000000,0.750000,0.875000
25119236.json,1.000000,0.000000,0.000000,0.880000,0.360000
251626232.json,0.894737,0.000000,0.105263,0.631579,1.000000
251779818.json,1.000000,0.000000,0.000000,1.000000,0.739130
252395903.json,1.000000,0.000000,0.000000,0.714286,0.571429
253038372.json,1.000000,0.047619,0.000000,0.761905,1.000000
253137806.json,0.833333,0.000000,0.000000,0.777778,0.444444
253770931.json,1.000000,0.000000,0.000000,0.894737,0.842105
254092609.json,1.000000,0.000000,0.000000,0.880000,0.760000
254273598.json,1.000000,0.000000,0.000000,0.400000,1.000000
254803195.json,1.000000,0.000000,0.000000,0.833333,0.666667
255121685.json,1.000000,0.000000,0.000000,0.925926,0.777778
255217212.json,1.000000,0.000000,0.000000,1.000000,1.000000
255424208.json,1.000000,0.000000,0.000000,1.000000,0.473684
255584322.json,1.000000,0.000000,0.000000,0.846154,0.948718
256338000.json,1.000000,0.000000,0.000000,0.521739,0.695652
256680560.json,1.000000,0.266667,0.200000,1.000000,1.000000
256718837.json,1.000000,0.000000,0.000000,0.947368,0.842105
257230533.json,1.000000,0.000000,0.000000,1.000000,0.684211
257402059.json,1.000000,0.000000,0.000000,0.400000,0.542857
257591418.json,1.000000,0.000000,0.000000,1.000000,0.857143
257637926.json,0.896552,0.000000,0.000000,0.862069,0.482759
257671186.json,1.000000,0.000000,0.035714,1.000000,0.928571
25835676.json,1.000000,0.000000,0.000000,0.875000,0.625000
259402056.json,1.000000,0.000000,0.000000,0.888889,0.611111
259687951.json,1.000000,0.000000,0.125000,1.000000,0.875000
260248870.json,1.000000,0.000000,0.000000,0.750000,1.000000
260347114.json,1.000000,0.000000,0.000000,0.321429,0.535714
260762541.json,1.000000,0.000000,0.050000,0.850000,0.900000
260959763.json,1.000000,0.000000,0.000000,1.000000,0.666667
260995352.json,1.000000,0.000000,0.000000,0.481481,0.703704
261381582.json,1.000000,0.000000,0.000000,0.552632,0.684211
261878324.json,1.000000,0.000000,0.000000,0.909091,0.909091
262357197.json,0.777778,0.000000,0.000000,0.666667,0.888889
262576006.json,1.000000,0.000000,0.000000,0.500000,1.000000
262818309.json,1.000000,0.000000,0.000000,1.000000,0.760000
263313765.json,1.000000,0.000000,0.000000,0.888889,0.666667
263427335.json,1.000000,0.000000,0.000000,0.454545,0.590909
263465032.json,1.000000,0.000000,0.000000,0.589744,0.743590
264107853.json,1.000000,0.000000,0.000000,1.000000,0.485714
264399654.json,1.000000,0.000000,0.000000,1.000000,1.000000
264606304.json,1.000000,0.000000,0.000000,1.000000,1.000000
264702888.json,1.000000,0.000000,0.000000,0.590909,0.681818
2649690.json,1.000000,0.000000,0.000000,0.354839,0.677419
265535240.json,1.000000,0.000000,0.000000,1.000000,0.882353
265748945.json,1.000000,0.000000,0.000000,1.000000,0.473684
265891636.json,1.000000,0.000000,0.000000,0.939394,0.787879
265952904.json,1.000000,0.031250,0.062500,1.000000,1.000000
266123755.json,1.000000,0.000000,0.000000,0.285714,0.178571
266424741.json,1.000000,0.000000,0.000000,1.000000,0.882353
267297456.json,1.000000,0.000000,0.000000,0.411765,0.764706
267734633.json,1.000000,0.000000,0.000000,0.818182,0.818182
268056377.json,1.000000,0.000000,0.000000,0.700000,0.850000
268115529.json,1.000000,0.000000,0.000000,1.000000,0.857143
268835193.json,1.000000,0.000000,0.000000,1.000000,0.666667
269384335.json,1.000000,0.000000,0.000000,0.916667,0.916667
269731607.json,1.000000,0.000000,0.000000,0.722222,0.500000
270073711.json,1.000000,0.000000,0.000000,0.607143,0.857143
270259753.json,1.000000,0.000000,0.000000,0.807692,0.653846
270286705.json,1.000000,0.000000,0.000000,0.863636,1.000000
270358584.json,1.000000,0.000000,0.000000,1.000000,0.647059
270418889.json,1.000000,0.000000,0.000000,0.911765,0.941176
270433547.json,1.000000,0.000000,0.000000,0.909091,1.000000
270443166.json,1.000000,0.080000,0.040000,0.760000,0.920000
270596281.json,1.000000,0.000000,0.000000,1.000000,0.866667
270773294.json,1.000000,0.000000,0.000000,0.900000,0.900000
27127987.json,1.000000,0.000000,0.000000,0.394737,0.473684
272000430.json,1.000000,0.000000,0.000000,0.913043,0.739130
272413610.json,1.000000,0.000000,0.000000,1.000000,0.875000
272437812.json,1.000000,0.000000,0.000000,1.000000,0.894737
272747918.json,1.000000,0.000000,0.000000,1.000000,0.818182
27275044.json,1.000000,0.000000,0.000000,0.900000,0.700000
273160606.json,1.000000,0.000000,0.029412,0.588235,0.882353
27316914.json,1.000000,0.000000,0.000000,0.440000,0.800000
273295168.json,1.000000,0.000000,0.000000,0.652174,1.000000
273791703.json,1.000000,0.000000,0.000000,0.500000,0.625000
274216536.json,1.000000,0.000000,0.000000,0.869565,0.913043
275459068.json,1.000000,0.000000,0.000000,0.612903,0.387097
275531949.json,1.000000,0.000000,0.000000,0.863636,0.727273
275796140.json,1.000000,0.000000,0.000000,0.866667,0.866667
27611220.json,1.000000,0.000000,0.000000,0.571429,0.904762
276879108.json,1.000000,0.000000,0.033333,0.766667,0.800000
27717922.json,1.000000,0.000000,0.000000,0.200000,0.233333
27738096.json,1.000000,0.000000,0.000000,1.000000,1.000000
277894400.json,1.000000,0.000000,0.000000,0.888889,1.000000
277953283.json,0.931034,0.000000,0.103448,0.310345,0.931034
277999488.json,1.000000,0.000000,0.000000,0.833333,0.666667
278682698.json,1.000000,0.000000,0.040000,0.040000,0.760000
278763957.json,1.000000,0.000000,0.000000,1.000000,1.000000
279090382.json,1.000000,0.000000,0.000000,0.444444,0.555556
279246309.json,1.000000,0.041667,0.083333,0.541667,1.000000
279572464.json,1.000000,0.000000,0.000000,1.000000,0.882353
279763651.json,1.000000,0.000000,0.000000,0.694444,0.888889
280166624.json,1.000000,0.000000,0.000000,0.500000,0.888889
280378972.json,1.000000,0.000000,0.000000,0.666667,0.523810
280423708.json,1.000000,0.000000,0.000000,0.863636,0.909091
280505801.json,1.000000,0.000000,0.000000,0.807692,0.615385
280579461.json,1.000000,0.000000,0.000000,0.812500,0.875000
280631986.json,1.000000,0.000000,0.000000,0.875000,1.000000
28071889.json,1.000000,0.000000,0.000000,1.000000,1.000000
280816042.json,0.863636,0.000000,0.000000,0.727273,0.727273
280855333.json,1.000000,0.000000,0.000000,0.521739,0.565217
281041928.json,1.000000,0.000000,0.000000,0.952381,0.904762
281082466.json,1.000000,0.000000,0.000000,0.600000,0.800000
281533139.json,1.000000,0.000000,0.000000,0.586207,0.724138
281567567.json,1.000000,0.000000,0.000000,0.512821,0.538462
281661787.json,1.000000,0.000000,0.000000,1.000000,0.777778
282222542.json,0.942857,0.000000,0.000000,0.428571,0.428571
282326736.json,1.000000,0.000000,0.000000,0.760000,0.760000
282744980.json,1.000000,0.000000,0.000000,0.821429,0.357143
283072147.json,1.000000,0.000000,0.000000,1.000000,0.923077
28313046.json,1.000000,0.000000,0.071429,1.000000,0.928571
284020760.json,1.000000,0.000000,0.000000,0.843750,0.750000
284141122.json,1.000000,0.000000,0.000000,1.000000,0.600000
284348056.json,1.000000,0.000000,0.000000,0.750000,0.625000
284508840.json,1.000000,0.000000,0.058824,0.882353,0.823529
28469484.json,1.000000,0.050000,0.150000,0.850000,0.700000
28500450.json,1.000000,0.000000,0.000000,0.718750,0.875000
285381675.json,1.000000,0.000000,0.000000,0.882353,0.588235
285399480.json,0.916667,0.000000,0.000000,1.000000,1.000000
285756139.json,1.000000,0.000000,0.000000,0.750000,0.541667
28586549.json,1.000000,0.041667,0.083333,0.750000,1.000000
286159747.json,1.000000,0.000000,0.000000,1.000000,0.727273
286642562.json,1.000000,0.000000,0.000000,0.666667,0.750000
28767944.json,0.324324,0.000000,0.000000,0.567568,0.945946
288130808.json,1.000000,0.000000,0.000000,1.000000,0.615385
288185122.json,1.000000,0.000000,0.000000,1.000000,1.000000
28836853.json,1.000000,0.000000,0.050000,0.650000,0.800000
288416540.json,1.000000,0.000000,0.000000,0.885714,0.885714
289019358.json,1.000000,0.000000,0.000000,0.818182,0.727273
28904946.json,1.000000,0.000000,0.000000,0.566667,0.933333
289229948.json,1.000000,0.000000,0.000000,0.920000,0.880000
28925961.json,1.000000,0.000000,0.000000,0.555556,0.500000
289816290.json,0.925926,0.037037,0.037037,0.444444,0.777778
290227852.json,1.000000,0.000000,0.000000,1.000000,1.000000
290283342.json,1.000000,0.000000,0.000000,0.666667,0.916667
290642615.json,1.000000,0.000000,0.000000,0.750000,0.850000
291890609.json,1.000000,0.000000,0.047619,0.619048,1.000000
292132197.json,1.000000,0.000000,0.000000,0.625000,0.625000
292954495.json,1.000000,0.000000,0.000000,0.578947,0.052632
293116985.json,1.000000,0.000000,0.000000,0.904762,1.000000
293560805.json,1.000000,0.000000,0.078947,1.000000,0.763158
293581992.json,1.000000,0.050000,0.100000,1.000000,0.900000
294167072.json,1.000000,0.000000,0.000000,1.000000,0.827586
294488869.json,1.000000,0.000000,0.000000,0.235294,1.000000
294562954.json,1.000000,0.066667,0.000000,1.000000,0.866667
294644781.json,0.833333,0.000000,0.000000,0.583333,0.708333
295726087.json,1.000000,0.526316,0.526316,1.000000,1.000000
295764216.json,1.000000,0.000000,0.000000,1.000000,0.800000
295872176.json,1.000000,0.040000,0.000000,0.920000,0.520000
295941315.json,1.000000,0.000000,0.000000,0.823529,0.882353
296247954.json,1.000000,0.000000,0.000000,1.000000,0.777778
296774052.json,1.000000,0.000000,0.000000,0.187500,0.687500
296978589.json,0.848485,0.000000,0.000000,0.787879,0.939394
297692817.json,1.000000,0.000000,0.000000,1.000000,0.789474
298575600.json,1.000000,0.000000,0.000000,1.000000,0.840000
298856408.json,1.000000,0.000000,0.025641,1.000000,0.948718
298984378.json,0.787879,0.000000,0.000000,0.878788,0.727273
300126743.json,1.000000,0.000000,0.055556,1.000000,1.000000
30044917.json,0.904762,0.000000,0.000000,0.809524,0.619048
300674572.json,1.000000,0.000000,0.000000,1.000000,0.894737
301480805.json,1.000000,0.000000,0.000000,1.000000,1.000000
301544154.json,1.000000,0.000000,0.000000,1.000000,0.761905
301571495.json,1.000000,0.000000,0.000000,1.000000,1.000000
30160621.json,1.000000,0.000000,0.000000,0.600000,1.000000
302002816.json,1.000000,0.000000,0.000000,0.478261,0.826087
302347035.json,1.000000,0.000000,0.000000,0.954545,0.909091
302641541.json,1.000000,0.157895,0.421053,0.157895,1.000000
302798980.json,1.000000,0.052632,0.000000,0.631579,0.684211
302851322.json,1.000000,0.052632,0.052632,1.000000,0.684211
303073009.json,1.000000,0.000000,0.066667,0.666667,0.733333
303213805.json,1.000000,0.000000,0.000000,1.000000,1.000000
303832200.json,1.000000,0.000000,0.000000,0.971429,0.828571
303991896.json,1.000000,0.000000,0.000000,0.277778,0.444444
304142353.json,0.933333,0.000000,0.000000,1.000000,0.933333
30480316.json,1.000000,0.000000,0.000000,0.566667,0.933333
304834234.json,1.000000,0.000000,0.000000,1.000000,0.818182
304982626.json,1.000000,0.000000,0.000000,0.600000,0.840000
305397989.json,1.000000,0.062500,0.062500,1.000000,0.875000
305460922.json,1.000000,0.000000,0.000000,0.833333,0.666667
306158714.json,1.000000,0.000000,0.000000,0.863636,0.818182
306263079.json,1.000000,0.000000,0.027027,0.810811,0.567568
306588248.json,1.000000,0.000000,0.058824,1.000000,0.794118
307013169.json,1.000000,0.058824,0.000000,0.352941,0.882353
307198032.json,1.000000,0.000000,0.000000,1.000000,0.913043
307555165.json,1.000000,0.052632,0.105263,1.000000,0.789474
307559891.json,1.000000,0.000000,0.000000,1.000000,0.882353
30880723.json,1.000000,0.000000,0.037037,1.000000,0.851852
309385662.json,1.000000,0.000000,0.000000,0.600000,0.666667
309436608.json,1.000000,0.000000,0.000000,0.687500,0.687500
309709965.json,1.000000,0.000000,0.000000,0.655172,0.620690
310105977.json,1.000000,0.000000,0.000000,0.600000,0.525000
310345120.json,1.000000,0.000000,0.000000,1.000000,0.833333
311230930.json,1.000000,0.000000,0.000000,0.777778,1.000000
311798779.json,1.000000,0.000000,0.000000,1.000000,1.000000
313404769.json,1.000000,0.000000,0.000000,0.687500,0.875000
313939563.json,1.000000,0.000000,0.000000,1.000000,0.555556
314113893.json,1.000000,0.000000,0.000000,1.000000,0.909091
315144309.json,1.000000,0.000000,0.000000,0.823529,0.882353
315719249.json,1.000000,0.000000,0.000000,0.533333,0.533333
315859788.json,1.000000,0.000000,0.050000,1.000000,0.900000
316243780.json,1.000000,0.000000,0.000000,0.533333,0.733333
316316155.json,1.000000,0.000000,0.000000,0.696970,0.636364
31634327.json,1.000000,0.000000,0.000000,0.894737,0.789474
316474981.json,1.000000,0.000000,0.000000,1.000000,0.894737
316816245.json,1.000000,0.000000,0.000000,1.000000,0.826087
317771164.json,1.000000,0.000000,0.000000,0.823529,0.529412
317921308.json,1.000000,0.000000,0.000000,0.897436,0.897436
318391127.json,1.000000,0.000000,0.000000,1.000000,0.514286
319059674.json,1.000000,0.000000,0.000000,0.800000,1.000000
319062919.json,1.000000,0.000000,0.000000,1.000000,0.896552
319445883.json,1.000000,0.000000,0.000000,0.826087,0.608696
319465425.json,1.000000,0.000000,0.000000,1.000000,1.000000
319488493.json,1.000000,0.000000,0.000000,0.814815,1.000000
32013518.json,1.000000,0.000000,0.000000,0.681818,0.636364
321034706.json,0.916667,0.000000,0.000000,0.875000,1.000000
321798090.json,1.000000,0.000000,0.000000,1.000000,0.794118
321986990.json,1.000000,0.000000,0.000000,0.500000,0.500000
322674236.json,1.000000,0.000000,0.000000,0.107143,0.857143
322874742.json,1.000000,0.052632,0.000000,0.894737,1.000000
322932132.json,1.000000,0.000000,0.217391,0.739130,0.913043
323862364.json,1.000000,0.000000,0.029412,0.588235,0.411765
324463400.json,1.000000,0.000000,0.000000,0.821429,0.428571
324463899.json,1.000000,0.000000,0.000000,0.913043,0.391304
324526188.json,1.000000,0.000000,0.040000,0.880000,0.760000
324780164.json,1.000000,0.000000,0.000000,0.714286,0.571429
32491413.json,1.000000,0.000000,0.000000,0.888889,0.666667
325115508.json,1.000000,0.000000,0.000000,0.600000,0.500000
325352647.json,1.000000,0.000000,0.000000,0.666667,0.866667
325432014.json,1.000000,0.000000,0.062500,1.000000,1.000000
325479659.json,1.000000,0.000000,0.000000,1.000000,0.578947
325638004.json,1.000000,0.125000,0.125000,0.187500,1.000000
326172428.json,1.000000,0.000000,0.000000,0.115385,0.653846
326847321.json,1.000000,0.052632,0.000000,0.894737,0.894737
327499616.json,1.000000,0.000000,0.000000,0.764706,0.647059
327508341.json,1.000000,0.066667,0.033333,1.000000,0.600000
327890455.json,1.000000,0.000000,0.000000,1.000000,0.838710
327985826.json,1.000000,0.000000,0.000000,0.944444,0.500000
3287595.json,1.000000,0.000000,0.000000,1.000000,0.904762
328833403.json,1.000000,0.000000,0.000000,0.750000,0.900000
328899290.json,1.000000,0.000000,0.000000,0.823529,0.470588
329073750.json,0.935484,0.000000,0.032258,0.838710,1.000000
329527352.json,1.000000,0.000000,0.000000,0.720000,0.800000
329699513.json,1.000000,0.000000,0.000000,1.000000,0.700000
330248094.json,1.000000,0.000000,0.000000,0.656250,0.625000
33085372.json,1.000000,0.000000,0.000000,1.000000,1.000000
331240393.json,1.000000,0.000000,0.000000,0.607143,0.928571
331269611.json,1.000000,0.000000,0.052632,0.789474,0.894737
33141021.json,1.000000,0.000000,0.000000,0.541667,1.000000
331867970.json,0.909091,0.000000,0.045455,0.590909,0.909091
333336872.json,1.000000,0.000000,0.000000,1.000000,0.904762
333502974.json,0.894737,0.000000,0.000000,0.736842,0.421053
333709370.json,1.000000,0.000000,0.000000,0.916667,0.638889
333719943.json,0.888889,0.000000,0.000000,0.444444,1.000000
334184275.json,1.000000,0.000000,0.000000,0.884615,0.615385
334658490.json,1.000000,0.000000,0.000000,0.857143,0.678571
334744119.json,1.000000,0.000000,0.000000,1.000000,0.857143
335241200.json,1.000000,0.062500,0.000000,1.000000,0.687500
335545046.json,1.000000,0.000000,0.000000,0.900000,1.000000
336332502.json,0.931034,0.034483,0.034483,0.689655,0.827586
336342137.json,1.000000,0.038462,0.038462,0.961538,0.807692
336590411.json,1.000000,0.000000,0.000000,1.000000,0.722222
336849755.json,1.000000,0.000000,0.000000,1.000000,0.818182
337006329.json,1.000000,0.000000,0.000000,0.884615,0.730769
337613666.json,1.000000,0.000000,0.000000,0.846154,0.576923
338187203.json,1.000000,0.000000,0.000000,1.000000,0.642857
338389849.json,1.000000,0.000000,0.105263,1.000000,1.000000
338617964.json,1.000000,0.000000,0.000000,1.000000,0.904762
33888805.json,1.000000,0.000000,0.000000,0.600000,0.700000
339788472.json,1.000000,0.000000,0.000000,0.750000,0.833333
340073525.json,1.000000,0.000000,0.028571,0.828571,0.885714
340203315.json,1.000000,0.000000,0.000000,1.000000,0.913043
340242043.json,1.000000,0.294118,0.058824,0.764706,0.882353
340708245.json,1.000000,0.000000,0.000000,0.750000,0.650000
340717041.json,1.000000,0.000000,0.000000,1.000000,0.937500
340816136.json,1.000000,0.000000,0.000000,0.730769,0.576923
341405546.json,1.000000,0.000000,0.000000,0.705882,0.882353
341514362.json,1.000000,0.000000,0.000000,1.000000,0.800000
341530113.json,1.000000,0.080000,0.000000,1.000000,1.000000
341841582.json,1.000000,0.000000,0.000000,1.000000,1.000000
341853866.json,1.000000,0.000000,0.000000,0.136364,0.681818
342641889.json,1.000000,0.000000,0.032258,1.000000,0.806452
342843775.json,1.000000,0.027027,0.000000,0.675676,0.567568
344016917.json,1.000000,0.000000,0.000000,1.000000,0.666667
344094170.json,1.000000,0.000000,0.000000,0.533333,0.466667
344110201.json,1.000000,0.000000,0.000000,0.884615,0.923077
345023037.json,1.000000,0.000000,0.000000,0.800000,0.666667
345586947.json,1.000000,0.000000,0.000000,0.666667,0.916667
345634879.json,1.000000,0.000000,0.000000,1.000000,0.611111
345655562.json,1.000000,0.000000,0.000000,1.000000,0.741935
345850220.json,1.000000,0.000000,0.000000,0.583333,0.791667
346096736.json,1.000000,0.000000,0.000000,1.000000,0.500000
34624651.json,1.000000,0.200000,0.000000,1.000000,1.000000
346366862.json,1.000000,0.000000,0.000000,1.000000,0.833333
346494287.json,1.000000,0.000000,0.000000,0.884615,0.846154
346690771.json,1.000000,0.000000,0.000000,0.914286,0.771429
346878689.json,1.000000,0.000000,0.000000,1.000000,1.000000
347553623.json,1.000000,0.000000,0.000000,0.476190,0.571429
347903800.json,1.000000,0.000000,0.000000,0.947368,0.526316
348018817.json,1.000000,0.000000,0.000000,0.714286,0.904762
348029225.json,1.000000,0.000000,0.000000,1.000000,0.714286
348515737.json,1.000000,0.000000,0.000000,0.761905,1.000000
348712056.json,1.000000,0.000000,0.000000,1.000000,0.826087
348829802.json,1.000000,0.000000,0.055556,0.888889,0.888889
349325211.json,0.375000,0.000000,0.000000,1.000000,1.000000
349427563.json,1.000000,0.000000,0.000000,0.800000,0.900000
350101113.json,1.000000,0.000000,0.000000,1.000000,0.911765
350317909.json,1.000000,0.062500,0.062500,1.000000,0.875000
351491400.json,1.000000,0.000000,0.000000,0.727273,0.818182
352201445.json,1.000000,0.000000,0.000000,0.666667,0.888889
35233488.json,1.000000,0.000000,0.000000,0.960000,1.000000
352576017.json,1.000000,0.000000,0.000000,0.739130,0.652174
353097793.json,1.000000,0.000000,0.000000,1.000000,0.681818
353124670.json,1.000000,0.000000,0.000000,0.818182,0.772727
353577645.json,1.000000,0.000000,0.000000,0.437500,0.875000
353603957.json,1.000000,0.000000,0.000000,0.933333,0.666667
353630514.json,1.000000,0.000000,0.000000,1.000000,0.400000
35414848.json,1.000000,0.000000,0.000000,0.333333,0.666667
354548231.json,1.000000,0.000000,0.000000,1.000000,0.741935
354634502.json,1.000000,0.000000,0.000000,1.000000,0.523810
355799828.json,1.000000,0.000000,0.058824,1.000000,0.823529
355997559.json,1.000000,0.000000,0.000000,0.900000,0.933333
356073233.json,1.000000,0.000000,0.000000,0.846154,0.846154
356171863.json,1.000000,0.000000,0.000000,0.800000,0.771429
356267901.json,1.000000,0.000000,0.000000,0.560000,0.680000
35629460.json,1.000000,0.000000,0.000000,0.230769,0.384615
356526609.json,1.000000,0.000000,0.000000,1.000000,0.823529
356570877.json,1.000000,0.000000,0.000000,1.000000,0.916667
356691097.json,1.000000,0.000000,0.000000,1.000000,1.000000
356884869.json,1.000000,0.000000,0.000000,0.705882,0.764706
356894104.json,1.000000,0.000000,0.000000,0.857143,0.857143
356984209.json,1.000000,0.000000,0.000000,0.800000,0.866667
357131499.json,1.000000,0.000000,0.000000,0.684211,1.000000
357384603.json,1.000000,0.000000,0.000000,0.954545,1.000000
35812356.json,1.000000,0.000000,0.000000,1.000000,0.666667
359013922.json,1.000000,0.000000,0.000000,1.000000,0.875000
360012226.json,1.000000,0.000000,0.000000,0.809524,0.523810
360013869.json,0.945946,0.000000,0.000000,0.891892,0.891892
36048654.json,1.000000,0.000000,0.000000,0.545455,0.818182
36054877.json,1.000000,0.000000,0.000000,0.615385,0.846154
360617636.json,1.000000,0.000000,0.000000,1.000000,1.000000
360764905.json,1.000000,0.000000,0.000000,0.954545,0.909091
361022685.json,1.000000,0.000000,0.000000,0.771429,0.685714
361730484.json,1.000000,0.000000,0.000000,0.833333,0.766667
361777308.json,1.000000,0.000000,0.000000,0.500000,0.750000
362171873.json,1.000000,0.000000,0.000000,0.781250,0.812500
362814767.json,1.000000,0.000000,0.000000,0.789474,0.684211
363054489.json,1.000000,0.000000,0.000000,1.000000,0.913043
363160413.json,1.000000,0.000000,0.000000,1.000000,0.800000
363581281.json,1.000000,0.000000,0.000000,0.600000,0.733333
364638103.json,1.000000,0.000000,0.000000,1.000000,1.000000
365196656.json,0.913043,0.000000,0.000000,0.869565,0.608696
365523590.json,1.000000,0.000000,0.000000,0.840000,0.600000
365771602.json,1.000000,0.000000,0.000000,0.812500,0.875000
366863978.json,1.000000,0.000000,0.000000,1.000000,0.937500
366962444.json,1.000000,0.000000,0.000000,0.550000,1.000000
367473307.json,1.000000,0.000000,0.000000,0.684211,1.000000
367517489.json,1.000000,0.000000,0.041667,0.625000,0.458333
368130004.json,1.000000,0.000000,0.000000,0.869565,0.826087
368338767.json,1.000000,0.000000,0.000000,0.500000,0.611111
368475469.json,1.000000,0.027778,0.027778,0.333333,0.944444
368486962.json,1.000000,0.000000,0.000000,0.789474,1.000000
368826419.json,0.939394,0.000000,0.000000,0.727273,0.666667
368844581.json,1.000000,0.000000,0.000000,0.545455,0.863636
369075111.json,1.000000,0.000000,0.000000,0.656250,0.750000
369174847.json,0.805556,0.000000,0.000000,0.916667,0.750000
369297642.json,1.000000,0.000000,0.000000,0.909091,1.000000
369462142.json,1.000000,0.000000,0.058824,0.588235,0.882353
369501522.json,1.000000,0.000000,0.000000,0.523810,1.000000
36950629.json,1.000000,0.000000,0.000000,0.304348,0.739130
369710725.json,1.000000,0.000000,0.000000,0.888889,0.888889
36998838.json,1.000000,0.000000,0.000000,0.285714,0.678571
370016597.json,1.000000,0.000000,0.000000,0.800000,0.900000
370149725.json,1.000000,0.000000,0.000000,0.812500,1.000000
370173119.json,1.000000,0.029412,0.000000,0.676471,0.705882
370550331.json,1.000000,0.000000,0.000000,0.880000,0.680000
37084197.json,1.000000,0.000000,0.058824,1.000000,1.000000
371951650.json,1.000000,0.000000,0.000000,0.882353,0.882353
372196456.json,1.000000,0.000000,0.000000,0.304348,0.739130
372490889.json,1.000000,0.000000,0.055556,1.000000,0.888889
372977538.json,1.000000,0.000000,0.000000,1.000000,0.764706
372988411.json,1.000000,0.000000,0.000000,0.458333,0.833333
372996202.json,1.000000,0.000000,0.000000,1.000000,0.666667
373233055.json,1.000000,0.000000,0.000000,1.000000,0.800000
373462764.json,1.000000,0.000000,0.000000,1.000000,1.000000
374155043.json,1.000000,0.000000,0.000000,0.939394,0.787879
374851137.json,0.920000,0.000000,0.000000,1.000000,0.760000
375013690.json,1.000000,0.074074,0.000000,1.000000,0.703704
375287558.json,1.000000,0.000000,0.000000,0.837838,0.891892
375441156.json,1.000000,0.000000,0.125000,1.000000,0.875000
375471709.json,1.000000,0.000000,0.000000,1.000000,0.928571
375720492.json,1.000000,0.000000,0.000000,0.823529,0.823529
376059763.json,1.000000,0.000000,0.000000,0.850000,0.850000
376571803.json,1.000000,0.000000,0.000000,0.666667,0.833333
377050118.json,1.000000,0.000000,0.050000,0.700000,0.900000
377333795.json,1.000000,0.000000,0.058824,0.117647,0.647059
377348003.json,1.000000,0.000000,0.000000,0.900000,0.900000
37833711.json,1.000000,0.000000,0.000000,1.000000,0.642857
378459006.json,1.000000,0.000000,0.000000,1.000000,0.882353
378509354.json,1.000000,0.000000,0.000000,0.675676,0.621622
378793482.json,1.000000,0.000000,0.000000,0.562500,0.875000
379683094.json,1.000000,0.000000,0.000000,0.761905,0.666667
380436399.json,0.473684,0.000000,0.000000,0.921053,0.842105
380644121.json,1.000000,0.000000,0.000000,0.578947,0.894737
381057932.json,1.000000,0.000000,0.000000,0.217391,0.826087
381103888.json,1.000000,0.000000,0.000000,0.525000,0.850000
381256096.json,1.000000,0.000000,0.000000,1.000000,1.000000
381323225.json,1.000000,0.000000,0.055556,0.722222,0.722222
381768665.json,1.000000,0.000000,0.111111,1.000000,0.777778
382173594.json,1.000000,0.000000,0.000000,0.823529,1.000000
383182903.json,1.000000,0.000000,0.000000,0.631579,0.684211
383418367.json,1.000000,0.000000,0.000000,0.800000,0.866667
383593848.json,0.939394,0.000000,0.000000,0.969697,0.878788
383657097.json,1.000000,0.000000,0.000000,0.750000,0.900000
38406714.json,1.000000,0.000000,0.000000,1.000000,1.000000
384107444.json,1.000000,0.000000,0.105263,0.894737,1.000000
384419894.json,1.000000,0.000000,0.000000,0.529412,0.588235
384425021.json,1.000000,0.000000,0.000000,1.000000,0.882353
384433828.json,0.939394,0.000000,0.000000,0.484848,0.696970
38449245.json,0.896552,0.000000,0.034483,0.758621,0.931034
384630773.json,1.000000,0.000000,0.000000,1.000000,0.913043
386201378.json,1.000000,0.000000,0.000000,0.750000,0.850000
38622821.json,1.000000,0.000000,0.000000,0.055556,0.888889
386296993.json,1.000000,0.000000,0.000000,0.285714,0.476190
386547671.json,1.000000,0.000000,0.000000,0.320000,0.880000
387310065.json,1.000000,0.000000,0.000000,1.000000,0.619048
387601446.json,1.000000,0.000000,0.000000,0.555556,0.814815
388121129.json,1.000000,0.000000,0.000000,0.400000,0.666667
389616855.json,1.000000,0.000000,0.037037,0.925926,0.740741
389659413.json,1.000000,0.000000,0.000000,0.266667,1.000000
389751952.json,1.000000,0.052632,0.052632,0.894737,1.000000
389932593.json,1.000000,0.066667,0.000000,1.000000,0.866667
389964735.json,1.000000,0.000000,0.000000,0.800000,0.600000
391899253.json,1.000000,0.000000,0.000000,1.000000,0.789474
392145715.json,1.000000,0.066667,0.000000,1.000000,0.933333
39220687.json,1.000000,0.000000,0.000000,0.619048,0.857143
394648202.json,1.000000,0.000000,0.000000,1.000000,1.000000
394781684.json,1.000000,0.000000,0.000000,1.000000,0.928571
395142710.json,1.000000,0.000000,0.000000,1.000000,1.000000
395353205.json,1.000000,0.045455,0.000000,1.000000,1.000000
395535316.json,1.000000,0.000000,0.000000,1.000000,1.000000
395616746.json,1.000000,0.000000,0.000000,0.750000,0.571429
395662071.json,1.000000,0.000000,0.000000,1.000000,0.909091
395849323.json,1.000000,0.000000,0.000000,1.000000,0.636364
395909279.json,1.000000,0.000000,0.000000,0.733333,0.600000
396107302.json,0.882353,0.000000,0.000000,0.588235,0.735294
396143465.json,1.000000,0.000000,0.000000,0.842105,1.000000
396201178.json,1.000000,0.000000,0.000000,0.653846,0.423077
396360806.json,1.000000,0.000000,0.000000,1.000000,1.000000
397086159.json,1.000000,0.000000,0.000000,0.052632,1.000000
398022231.json,1.000000,0.000000,0.000000,1.000000,0.842105
398034848.json,1.000000,0.000000,0.000000,0.533333,0.866667
398274259.json,1.000000,0.000000,0.000000,1.000000,0.888889
398305754.json,1.000000,0.052632,0.000000,0.684211,0.894737
399572763.json,0.794118,0.029412,0.029412,0.529412,0.852941
399759146.json,1.000000,0.000000,0.000000,1.000000,0.913043
39981953.json,1.000000,0.000000,0.041667,1.000000,0.666667
400258533.json,1.000000,0.000000,0.000000,0.705882,1.000000
400457857.json,1.000000,0.000000,0.000000,0.640000,0.920000
40051950.json,1.000000,0.000000,0.055556,1.000000,0.888889
400693363.json,1.000000,0.000000,0.000000,0.685714,0.914286
400702143.json,1.000000,0.000000,0.000000,1.000000,0.666667
401035827.json,1.000000,0.000000,0.043478,0.347826,0.826087
401154352.json,1.000000,0.000000,0.000000,0.888889,0.777778
401313661.json,1.000000,0.000000,0.000000,0.880000,1.000000
401362050.json,1.000000,0.000000,0.000000,1.000000,0.875000
401423149.json,1.000000,0.000000,0.000000,0.621622,0.621622
401429635.json,1.000000,0.000000,0.000000,1.000000,0.866667
401509400.json,1.000000,0.000000,0.066667,0.800000,0.733333
402289604.json,1.000000,0.055556,0.000000,1.000000,0.777778
402401339.json,1.000000,0.000000,0.000000,0.823529,1.000000
403046013.json,1.000000,0.000000,0.000000,1.000000,0.692308
403782446.json,1.000000,0.000000,0.000000,1.000000,0.619048
404022936.json,1.000000,0.000000,0.000000,0.550000,1.000000
40483149.json,1.000000,0.000000,0.000000,0.812500,0.500000
404883597.json,1.000000,0.000000,0.000000,1.000000,0.862069
405303684.json,1.000000,0.000000,0.000000,1.000000,0.529412
405422265.json,1.000000,0.000000,0.000000,0.783784,0.810811
405461936.json,1.000000,0.000000,0.000000,0.684211,0.789474
405606642.json,1.000000,0.000000,0.000000,1.000000,0.769231
405646603.json,0.875000,0.062500,0.000000,0.437500,1.000000
406385522.json,1.000000,0.000000,0.000000,0.480000,0.640000
406875657.json,1.000000,0.000000,0.000000,1.000000,0.866667
407887269.json,1.000000,0.000000,0.000000,1.000000,0.857143
408482751.json,1.000000,0.000000,0.000000,1.000000,0.562500
408496958.json,1.000000,0.000000,0.000000,1.000000,0.815789
408627523.json,1.000000,0.000000,0.000000,0.805556,0.750000
408830295.json,1.000000,0.000000,0.000000,0.687500,0.687500
409049940.json,1.000000,0.000000,0.000000,0.259259,1.000000
409234758.json,1.000000,0.000000,0.000000,0.696970,0.636364
409897013.json,1.000000,0.000000,0.000000,0.909091,0.727273
410089548.json,1.000000,0.000000,0.100000,0.000000,1.000000
410143838.json,1.000000,0.000000,0.000000,0.692308,0.692308
410383110.json,1.000000,0.000000,0.000000,1.000000,0.909091
410530975.json,1.000000,0.000000,0.052632,0.473684,0.894737
410739107.json,1.000000,0.000000,0.025000,1.000000,0.900000
411061754.json,0.947368,0.000000,0.000000,0.763158,0.710526
411294574.json,1.000000,0.000000,0.000000,0.533333,0.466667
411395858.json,1.000000,0.000000,0.062500,1.000000,0.875000
411509680.json,1.000000,0.000000,0.000000,0.608696,0.608696
412068474.json,1.000000,0.000000,0.000000,0.800000,1.000000
412370342.json,1.000000,0.052632,0.000000,0.842105,0.473684
412455515.json,1.000000,0.000000,0.000000,0.870968,0.935484
412698252.json,1.000000,0.000000,0.000000,1.000000,0.800000
413210603.json,1.000000,0.000000,0.235294,0.470588,1.000000
413457388.json,1.000000,0.150000,0.200000,0.850000,0.900000
414272097.json,1.000000,0.117647,0.000000,0.352941,1.000000
414401157.json,1.000000,0.000000,0.000000,1.000000,1.000000
414435305.json,0.904762,0.000000,0.000000,0.476190,0.809524
414522165.json,1.000000,0.041667,0.000000,1.000000,0.625000
415248210.json,1.000000,0.066667,0.066667,1.000000,1.000000
415433333.json,1.000000,0.000000,0.000000,1.000000,0.647059
415509652.json,1.000000,0.000000,0.000000,1.000000,1.000000
415916134.json,1.000000,0.000000,0.000000,0.388889,0.888889
4160612.json,1.000000,0.000000,0.000000,0.550000,0.400000
416119369.json,1.000000,0.000000,0.000000,0.875000,1.000000
416229755.json,1.000000,0.058824,0.058824,1.000000,0.705882
416852841.json,1.000000,0.000000,0.000000,0.580645,0.741935
417097150.json,1.000000,0.133333,0.066667,0.733333,0.866667
417213030.json,1.000000,0.000000,0.000000,1.000000,1.000000
417373731.json,0.894737,0.000000,0.000000,0.736842,0.421053
417601290.json,1.000000,0.000000,0.000000,0.882353,0.764706
418167011.json,1.000000,0.000000,0.000000,0.666667,0.916667
418324762.json,1.000000,0.000000,0.125000,1.000000,0.750000
418505875.json,1.000000,0.000000,0.000000,0.571429,0.571429
41850671.json,1.000000,0.032258,0.064516,0.903226,0.935484
418677817.json,0.937500,0.000000,0.000000,0.843750,0.875000
418700087.json,1.000000,0.000000,0.000000,0.880000,1.000000
419354660.json,1.000000,0.000000,0.000000,1.000000,0.846154
419541908.json,1.000000,0.000000,0.000000,1.000000,0.866667
419632276.json,1.000000,0.000000,0.066667,1.000000,1.000000
419651867.json,1.000000,0.000000,0.000000,0.285714,1.000000
41970085.json,1.000000,0.000000,0.000000,0.529412,0.882353
420261395.json,1.000000,0.000000,0.000000,0.850000,0.400000
420626587.json,1.000000,0.000000,0.000000,1.000000,0.931034
421077052.json,1.000000,0.000000,0.000000,1.000000,1.000000
421157051.json,1.000000,0.027027,0.000000,0.756757,0.945946
421194513.json,1.000000,0.000000,0.000000,0.523810,0.904762
421200783.json,1.000000,0.000000,0.000000,1.000000,0.500000
421365682.json,1.000000,0.000000,0.000000,0.575758,0.727273
421602194.json,1.000000,0.000000,0.000000,1.000000,1.000000
42191758.json,1.000000,0.000000,0.000000,0.352941,0.764706
422070258.json,1.000000,0.000000,0.000000,0.000000,1.000000
422949807.json,1.000000,0.000000,0.000000,1.000000,0.769231
423102549.json,1.000000,0.000000,0.040000,0.920000,1.000000
423121866.json,1.000000,0.000000,0.000000,0.375000,0.562500
423645725.json,1.000000,0.000000,0.040000,1.000000,1.000000
423649003.json,1.000000,0.125000,0.000000,0.687500,1.000000
424628264.json,1.000000,0.000000,0.000000,0.631579,0.736842
424665644.json,1.000000,0.000000,0.000000,0.440000,0.880000
424850348.json,1.000000,0.000000,0.000000,0.483871,0.709677
425640447.json,1.000000,0.000000,0.000000,0.968750,1.000000
425790371.json,1.000000,0.000000,0.000000,1.000000,0.777778
426577282.json,1.000000,0.038462,0.038462,0.653846,1.000000
426711237.json,1.000000,0.000000,0.000000,1.000000,0.888889
42704494.json,1.000000,0.000000,0.000000,1.000000,0.823529
427945266.json,1.000000,0.000000,0.000000,0.870968,0.903226
428231209.json,1.000000,0.000000,0.000000,0.750000,1.000000
42890323.json,1.000000,0.000000,0.000000,0.566667,0.933333
428910287.json,1.000000,0.000000,0.000000,0.666667,0.888889
429996851.json,1.000000,0.000000,0.000000,0.909091,0.727273
430132873.json,1.000000,0.000000,0.000000,1.000000,1.000000
430964884.json,1.000000,0.040000,0.000000,0.720000,0.840000
4313804.json,0.875000,0.000000,0.000000,0.333333,1.000000
431654182.json,1.000000,0.000000,0.000000,0.684211,0.894737
431880077.json,1.000000,0.000000,0.000000,1.000000,1.000000
432307468.json,1.000000,0.500000,0.062500,1.000000,0.875000
432369815.json,0.904762,0.000000,0.000000,0.666667,1.000000
432434650.json,1.000000,0.000000,0.000000,1.000000,0.884615
432670862.json,1.000000,0.000000,0.000000,1.000000,0.897436
432686733.json,1.000000,0.000000,0.052632,1.000000,1.000000
432810495.json,1.000000,0.043478,0.043478,1.000000,1.000000
433376255.json,1.000000,0.074074,0.037037,0.703704,0.814815
433768750.json,1.000000,0.000000,0.045455,0.818182,1.000000
433814623.json,1.000000,0.000000,0.045455,1.000000,0.681818
43388570.json,1.000000,0.000000,0.000000,1.000000,0.777778
43397671.json,1.000000,0.000000,0.000000,0.227273,0.500000
434150038.json,1.000000,0.000000,0.028571,1.000000,0.885714
434607111.json,1.000000,0.000000,0.000000,0.434783,0.913043
43463874.json,1.000000,0.000000,0.000000,0.888889,0.888889
434748410.json,1.000000,0.000000,0.000000,0.611111,1.000000
434824803.json,1.000000,0.000000,0.062500,1.000000,0.875000
435491690.json,1.000000,0.000000,0.000000,1.000000,1.000000
435853127.json,1.000000,0.000000,0.000000,0.916667,0.708333
436099578.json,1.000000,0.000000,0.000000,0.840000,0.640000
436175007.json,1.000000,0.000000,0.000000,0.851852,0.629630
43631942.json,1.000000,0.000000,0.000000,0.789474,0.789474
437122652.json,1.000000,0.000000,0.000000,1.000000,0.809524
437959089.json,1.000000,0.000000,0.000000,1.000000,0.625000
43817330.json,1.000000,0.150000,0.150000,0.500000,1.000000
438292567.json,1.000000,0.000000,0.000000,0.875000,0.750000
438899020.json,1.000000,0.000000,0.000000,1.000000,0.625000
439065384.json,1.000000,0.000000,0.000000,0.176471,0.705882
439178146.json,1.000000,0.000000,0.000000,1.000000,0.750000
439573199.json,1.000000,0.000000,0.000000,0.333333,1.000000
439662586.json,1.000000,0.000000,0.000000,1.000000,0.500000
439757057.json,1.000000,0.000000,0.000000,1.000000,0.894737
440069077.json,1.000000,0.038462,0.000000,0.923077,0.807692
440474151.json,1.000000,0.000000,0.387097,0.838710,0.935484
440599903.json,0.863636,0.000000,0.000000,0.727273,0.727273
44111100.json,1.000000,0.027027,0.000000,0.675676,0.567568
441236889.json,1.000000,0.000000,0.000000,0.911765,0.941176
441253354.json,1.000000,0.000000,0.000000,0.878788,0.575758
441815021.json,1.000000,0.000000,0.000000,1.000000,0.866667
442121246.json,1.000000,0.000000,0.000000,0.615385,0.846154
442310458.json,1.000000,0.000000,0.000000,0.608696,0.782609
442796495.json,1.000000,0.058824,0.000000,1.000000,1.000000
443317921.json,1.000000,0.000000,0.000000,1.000000,0.714286
44341569.json,1.000000,0.000000,0.000000,1.000000,0.866667
443764593.json,0.909091,0.000000,0.000000,1.000000,0.727273
444131661.json,1.000000,0.000000,0.000000,0.888889,0.666667
444535897.json,1.000000,0.000000,0.000000,0.700000,0.700000
444553397.json,1.000000,0.000000,0.000000,1.000000,0.500000
444732986.json,1.000000,0.000000,0.000000,0.937500,0.750000
444841079.json,1.000000,0.032258,0.032258,1.000000,0.709677
445149445.json,1.000000,0.000000,0.000000,0.896552,0.620690
445469121.json,1.000000,0.000000,0.000000,0.687500,0.687500
44578543.json,1.000000,0.000000,0.000000,1.000000,0.800000
445797702.json,1.000000,0.000000,0.000000,1.000000,0.882353
445860349.json,1.000000,0.000000,0.000000,0.800000,0.900000
446119749.json,1.000000,0.000000,0.000000,0.904762,1.000000
446222992.json,1.000000,0.000000,0.000000,0.192308,1.000000
4470169.json,1.000000,0.000000,0.000000,0.882353,0.705882
447230522.json,1.000000,0.000000,0.055556,0.722222,0.888889
447664017.json,1.000000,0.000000,0.000000,1.000000,0.894737
447667077.json,1.000000,0.000000,0.000000,0.200000,0.900000
448057707.json,1.000000,0.000000,0.000000,0.555556,0.740741
448083347.json,1.000000,0.000000,0.000000,0.555556,0.500000
448518362.json,1.000000,0.000000,0.000000,0.200000,0.800000
448828966.json,1.000000,0.000000,0.066667,0.733333,0.866667
449001947.json,1.000000,0.000000,0.000000,1.000000,0.875000
449611355.json,1.000000,0.000000,0.000000,0.944444,0.500000
449841384.json,0.935484,0.000000,0.000000,0.258065,0.387097
44988990.json,0.692308,0.000000,0.000000,0.846154,1.000000
450107762.json,1.000000,0.000000,0.000000,0.470588,0.470588
450699668.json,1.000000,0.000000,0.000000,1.000000,1.000000
450788992.json,1.000000,0.000000,0.000000,0.812500,0.812500
451088644.json,1.000000,0.000000,0.000000,0.875000,1.000000
452236524.json,1.000000,0.000000,0.000000,0.736842,0.578947
452586127.json,1.000000,0.000000,0.000000,0.000000,0.800000
453026340.json,1.000000,0.062500,0.062500,1.000000,1.000000
453207968.json,1.000000,0.000000,0.000000,1.000000,0.764706
453532638.json,1.000000,0.000000,0.000000,1.000000,1.000000
45372622.json,1.000000,0.000000,0.000000,0.904762,0.428571
453972710.json,1.000000,0.000000,0.000000,1.000000,0.750000
455055782.json,1.000000,0.142857,0.190476,0.523810,0.904762
455113781.json,1.000000,0.000000,0.000000,1.000000,0.764706
455232403.json,1.000000,0.000000,0.032258,0.774194,0.645161
455261100.json,1.000000,0.000000,0.000000,0.629630,0.777778
456536961.json,1.000000,0.000000,0.055556,1.000000,0.777778
456619127.json,0.931034,0.000000,0.103448,0.310345,0.931034
457012466.json,1.000000,0.034483,0.000000,1.000000,0.931034
457576106.json,1.000000,0.000000,0.062500,1.000000,1.000000
457740112.json,0.882353,0.000000,0.029412,0.647059,0.764706
457872498.json,1.000000,0.000000,0.000000,1.000000,0.916667
458661799.json,1.000000,0.000000,0.000000,1.000000,0.928571
459062593.json,0.666667,0.000000,0.000000,0.666667,0.833333
459157933.json,1.000000,0.000000,0.000000,1.000000,0.720000
459309801.json,1.000000,0.000000,0.000000,0.647059,0.705882
459490090.json,1.000000,0.266667,0.000000,1.000000,1.000000
459492441.json,1.000000,0.000000,0.066667,0.466667,0.600000
46000902.json,1.000000,0.000000,0.000000,0.900000,0.766667
460235604.json,1.000000,0.166667,0.111111,1.000000,1.000000
460383745.json,1.000000,0.031250,0.187500,0.375000,0.656250
46059084.json,1.000000,0.000000,0.000000,1.000000,1.000000
461463301.json,1.000000,0.000000,0.000000,0.538462,0.576923
461618647.json,1.000000,0.000000,0.000000,0.380952,1.000000
461744314.json,1.000000,0.000000,0.000000,0.785714,1.000000
463407778.json,1.000000,0.000000,0.000000,0.750000,1.000000
463561798.json,1.000000,0.000000,0.000000,0.944444,0.666667
463692503.json,1.000000,0.000000,0.000000,0.892857,0.714286
463797289.json,1.000000,0.000000,0.000000,1.000000,1.000000
463851614.json,0.935484,0.000000,0.000000,0.774194,0.870968
463992772.json,1.000000,0.000000,0.000000,0.696970,0.757576
465221992.json,1.000000,0.000000,0.000000,0.687500,0.875000
465481196.json,1.000000,0.000000,0.000000,0.684211,0.684211
465746405.json,1.000000,0.150000,0.200000,0.850000,0.900000
466212772.json,1.000000,0.000000,0.000000,0.875000,0.718750
467085502.json,1.000000,0.000000,0.000000,0.680000,0.680000
467317071.json,1.000000,0.000000,0.000000,1.000000,0.750000
467480410.json,0.857143,0.000000,0.000000,0.342857,0.628571
467875626.json,1.000000,0.000000,0.125000,1.000000,1.000000
46794258.json,1.000000,0.000000,0.058824,1.000000,0.764706
468326407.json,1.000000,0.000000,0.000000,0.612903,1.000000
468810846.json,1.000000,0.000000,0.000000,1.000000,0.764706
468827455.json,1.000000,0.000000,0.000000,1.000000,0.885714
469291592.json,1.000000,0.000000,0.000000,0.533333,0.466667
469627118.json,1.000000,0.000000,0.000000,1.000000,0.750000
470199887.json,1.000000,0.000000,0.000000,1.000000,0.857143
470346025.json,1.000000,0.000000,0.052632,1.000000,1.000000
470666769.json,1.000000,0.000000,0.055556,0.583333,1.000000
472006119.json,1.000000,0.133333,0.000000,0.733333,1.000000
472026493.json,1.000000,0.000000,0.000000,1.000000,0.904762
47233190.json,1.000000,0.000000,0.000000,0.866667,1.000000
472981862.json,1.000000,0.000000,0.000000,1.000000,0.928571
473219391.json,1.000000,0.032258,0.000000,0.903226,0.709677
473418175.json,1.000000,0.000000,0.000000,0.904762,0.619048
473452229.json,1.000000,0.058824,0.117647,1.000000,0.823529
474044230.json,1.000000,0.000000,0.000000,0.818182,0.909091
474117299.json,1.000000,0.000000,0.000000,0.294118,0.882353
474338644.json,1.000000,0.000000,0.000000,0.875000,0.687500
47452171.json,1.000000,0.000000,0.000000,0.548387,0.935484
474962926.json,1.000000,0.000000,0.000000,0.800000,0.800000
475227172.json,1.000000,0.000000,0.000000,1.000000,1.000000
475400600.json,1.000000,0.000000,0.000000,1.000000,0.920000
475524316.json,1.000000,0.000000,0.000000,1.000000,0.611111
475761844.json,1.000000,0.000000,0.000000,0.807692,0.769231
475771080.json,1.000000,0.000000,0.000000,1.000000,1.000000
476031906.json,0.904762,0.000000,0.000000,0.666667,0.809524
477088174.json,1.000000,0.000000,0.000000,0.916667,0.833333
477128971.json,1.000000,0.000000,0.000000,1.000000,0.600000
477225686.json,1.000000,0.000000,0.000000,0.562500,0.562500
477238901.json,0.888889,0.000000,0.000000,0.148148,1.000000
477464514.json,1.000000,0.000000,0.000000,1.000000,0.913043
477784532.json,1.000000,0.000000,0.000000,0.606061,0.757576
478040695.json,1.000000,0.000000,0.062500,1.000000,1.000000
478283662.json,1.000000,0.040000,0.000000,1.000000,0.720000
478683964.json,1.000000,0.000000,0.000000,0.794872,0.564103
479272413.json,1.000000,0.000000,0.000000,1.000000,0.769231
479277322.json,0.937500,0.000000,0.031250,0.812500,0.750000
479592103.json,1.000000,0.000000,0.000000,0.680000,0.600000
479632787.json,1.000000,0.000000,0.000000,0.314286,0.942857
479658835.json,1.000000,0.000000,0.000000,0.736842,0.894737
480383467.json,1.000000,0.000000,0.000000,0.333333,0.809524
480544161.json,1.000000,0.000000,0.000000,0.875000,0.562500
481057855.json,0.529412,0.058824,0.000000,0.882353,0.705882
481153324.json,1.000000,0.000000,0.000000,0.857143,0.714286
481186764.json,1.000000,0.000000,0.000000,1.000000,0.733333
481516112.json,1.000000,0.000000,0.000000,1.000000,0.562500
482077941.json,0.904762,0.000000,0.000000,0.761905,0.904762
482417501.json,1.000000,0.000000,0.000000,0.285714,0.464286
482588670.json,0.931034,0.000000,0.103448,0.310345,0.931034
482739311.json,1.000000,0.000000,0.000000,1.000000,1.000000
482908681.json,1.000000,0.000000,0.000000,1.000000,0.789474
48300144.json,1.000000,0.000000,0.000000,1.000000,0.857143
483860487.json,1.000000,0.000000,0.000000,1.000000,1.000000
484220582.json,1.000000,0.000000,0.000000,1.000000,0.714286
484249663.json,1.000000,0.000000,0.000000,0.785714,0.857143
484876262.json,1.000000,0.000000,0.000000,1.000000,0.882353
485456195.json,1.000000,0.000000,0.000000,1.000000,0.928571
485985029.json,1.000000,0.000000,0.000000,1.000000,1.000000
486048479.json,1.000000,0.000000,0.000000,0.894737,0.894737
486246009.json,1.000000,0.000000,0.034483,1.000000,0.931034
486427926.json,1.000000,0.000000,0.000000,0.653846,0.846154
486541708.json,1.000000,0.000000,0.000000,1.000000,0.750000
486871863.json,1.000000,0.000000,0.000000,1.000000,0.315789
487983537.json,1.000000,0.000000,0.000000,0.666667,0.866667
488352125.json,1.000000,0.000000,0.037037,0.592593,1.000000
488793349.json,1.000000,0.000000,0.000000,1.000000,0.882353
489792336.json,1.000000,0.000000,0.000000,0.545455,0.590909
489872616.json,1.000000,0.000000,0.000000,0.710526,0.710526
490149667.json,0.916667,0.000000,0.000000,1.000000,1.000000
491891343.json,1.000000,0.000000,0.000000,0.882353,0.882353
492092781.json,1.000000,0.000000,0.000000,0.600000,0.450000
492146810.json,1.000000,0.000000,0.000000,1.000000,0.888889
492358417.json,0.939394,0.000000,0.000000,1.000000,0.939394
49236988.json,1.000000,0.157895,0.000000,0.894737,1.000000
492835707.json,1.000000,0.266667,0.000000,1.000000,1.000000
493044822.json,1.000000,0.000000,0.000000,0.600000,0.520000
493139723.json,1.000000,0.000000,0.000000,0.882353,1.000000
493209950.json,1.000000,0.000000,0.000000,0.766667,0.933333
493300599.json,1.000000,0.000000,0.000000,1.000000,1.000000
493762966.json,1.000000,0.000000,0.000000,0.487179,0.897436
493954959.json,1.000000,0.000000,0.000000,1.000000,0.882353
494165729.json,1.000000,0.000000,0.052632,1.000000,0.894737
494226514.json,1.000000,0.000000,0.000000,0.647059,0.882353
49453140.json,1.000000,0.000000,0.000000,1.000000,0.727273
495172161.json,1.000000,0.000000,0.000000,1.000000,1.000000
495239060.json,1.000000,0.000000,0.000000,0.812500,1.000000
495263587.json,1.000000,0.000000,0.000000,1.000000,1.000000
495448315.json,1.000000,0.000000,0.000000,1.000000,0.900000
495598175.json,0.900000,0.000000,0.000000,1.000000,0.400000
495709302.json,1.000000,0.066667,0.000000,1.000000,0.800000
496444132.json,1.000000,0.000000,0.000000,0.973684,0.894737
496519341.json,1.000000,0.000000,0.060606,0.818182,0.818182
496757960.json,1.000000,0.000000,0.000000,1.000000,0.833333
497496394.json,1.000000,0.000000,0.000000,1.000000,0.500000
497555716.json,1.000000,0.000000,0.041667,1.000000,0.833333
497746317.json,1.000000,0.000000,0.000000,0.880000,0.920000
49860994.json,1.000000,0.000000,0.000000,1.000000,0.805556
498773126.json,1.000000,0.000000,0.000000,0.928571,0.821429
49929924.json,1.000000,0.000000,0.000000,1.000000,1.000000
499448629.json,1.000000,0.000000,0.000000,1.000000,1.000000
499897870.json,1.000000,0.000000,0.000000,1.000000,1.000000
500047239.json,1.000000,0.000000,0.103448,1.000000,0.931034
500220330.json,1.000000,0.000000,0.045455,0.909091,0.772727
500585005.json,1.000000,0.000000,0.000000,0.862069,0.827586
501251822.json,1.000000,0.000000,0.000000,0.459459,0.648649
501501898.json,1.000000,0.000000,0.000000,0.933333,0.466667
501788083.json,1.000000,0.000000,0.000000,1.000000,0.888889
502007064.json,1.000000,0.000000,0.000000,1.000000,1.000000
502950220.json,1.000000,0.000000,0.000000,0.807692,0.769231
503065969.json,1.000000,0.000000,0.000000,0.935484,0.516129
503208111.json,1.000000,0.000000,0.000000,1.000000,0.894737
50357013.json,1.000000,0.000000,0.000000,0.935484,0.709677
503611237.json,1.000000,0.035714,0.000000,1.000000,0.821429
503997498.json,1.000000,0.052632,0.052632,1.000000,1.000000
504420162.json,1.000000,0.000000,0.000000,0.956522,0.826087
504580726.json,1.000000,0.000000,0.000000,1.000000,0.904762
504716645.json,1.000000,0.000000,0.000000,0.892857,0.714286
504782350.json,1.000000,0.000000,0.000000,0.636364,0.772727
504821647.json,1.000000,0.000000,0.000000,0.904762,1.000000
504968812.json,0.942857,0.000000,0.057143,0.657143,0.542857
504986530.json,1.000000,0.000000,0.000000,1.000000,0.935484
5057272.json,1.000000,0.000000,0.000000,0.914286,0.885714
505731512.json,1.000000,0.000000,0.000000,0.944444,0.944444
505814126.json,1.000000,0.000000,0.000000,1.000000,0.687500
505932838.json,1.000000,0.000000,0.000000,0.739130,0.478261
506070162.json,1.000000,0.000000,0.000000,0.823529,0.764706
50612524.json,1.000000,0.000000,0.000000,1.000000,0.875000
506392981.json,1.000000,0.000000,0.000000,0.458333,1.000000
506622794.json,1.000000,0.000000,0.066667,1.000000,1.000000
506736389.json,1.000000,0.000000,0.000000,0.882353,1.000000
506752502.json,1.000000,0.000000,0.000000,0.730769,0.807692
506754367.json,1.000000,0.000000,0.000000,0.875000,1.000000
507199848.json,1.000000,0.000000,0.000000,0.642857,0.857143
507472218.json,1.000000,0.000000,0.000000,0.714286,0.928571
507830109.json,1.000000,0.000000,0.000000,0.789474,0.578947
507925414.json,1.000000,0.133333,0.000000,1.000000,1.000000
5079430.json,1.000000,0.000000,0.000000,0.777778,0.500000
508687411.json,1.000000,0.000000,0.000000,0.842105,0.842105
50870296.json,1.000000,0.000000,0.000000,0.875000,0.812500
509460060.json,1.000000,0.000000,0.000000,1.000000,0.666667
509462308.json,1.000000,0.000000,0.000000,0.454545,1.000000
509937717.json,1.000000,0.000000,0.000000,0.823529,0.764706
510495189.json,1.000000,0.000000,0.000000,0.615385,0.615385
510756802.json,1.000000,0.000000,0.000000,0.862069,0.931034
510922243.json,0.842105,0.000000,0.000000,0.684211,0.894737
511046202.json,1.000000,0.000000,0.000000,1.000000,0.941176
511128144.json,1.000000,0.000000,0.000000,1.000000,0.727273
511136209.json,1.000000,0.000000,0.000000,0.666667,0.818182
511504390.json,1.000000,0.000000,0.000000,1.000000,1.000000
512270120.json,1.000000,0.000000,0.000000,0.500000,0.642857
512387999.json,1.000000,0.000000,0.000000,0.850000,1.000000
512798667.json,1.000000,0.000000,0.000000,0.541667,1.000000
51284981.json,1.000000,0.000000,0.000000,0.925000,0.475000
512877351.json,1.000000,0.000000,0.000000,0.750000,0.650000
512898225.json,1.000000,0.000000,0.000000,0.869565,0.565217
512936561.json,1.000000,0.028571,0.028571,0.657143,0.600000
513044451.json,0.931034,0.034483,0.034483,0.758621,0.413793
513472827.json,1.000000,0.000000,0.000000,0.866667,0.800000
513619196.json,1.000000,0.000000,0.000000,0.806452,0.935484
51367802.json,1.000000,0.000000,0.000000,0.733333,0.866667
51394864.json,0.866667,0.000000,0.000000,1.000000,1.000000
514100698.json,1.000000,0.000000,0.000000,0.466667,0.466667
514296119.json,1.000000,0.000000,0.027778,0.611111,0.583333
514378121.json,1.000000,0.000000,0.000000,1.000000,1.000000
51455438.json,1.000000,0.000000,0.000000,0.695652,0.826087
514920113.json,1.000000,0.000000,0.000000,1.000000,1.000000
514974426.json,1.000000,0.000000,0.000000,0.894737,0.789474
515034785.json,1.000000,0.000000,0.000000,0.565217,0.826087
515588630.json,0.687500,0.000000,0.000000,0.687500,1.000000
515652804.json,1.000000,0.000000,0.000000,0.805556,0.416667
515772279.json,1.000000,0.000000,0.025641,0.743590,0.897436
516092544.json,1.000000,0.000000,0.000000,0.812500,0.875000
516587570.json,1.000000,0.000000,0.000000,0.911765,0.705882
517165854.json,1.000000,0.000000,0.000000,0.611111,0.833333
517288977.json,1.000000,0.000000,0.000000,0.818182,0.939394
517358096.json,1.000000,0.000000,0.000000,0.676471,0.617647
517769947.json,1.000000,0.000000,0.062500,1.000000,0.437500
518489541.json,1.000000,0.000000,0.000000,0.904762,1.000000
518789514.json,1.000000,0.000000,0.000000,1.000000,1.000000
518935123.json,1.000000,0.000000,0.000000,0.636364,0.575758
519407608.json,0.562500,0.000000,0.000000,0.562500,0.875000
519659275.json,1.000000,0.066667,0.000000,1.000000,1.000000
519781157.json,1.000000,0.000000,0.000000,0.650000,0.900000
520015709.json,1.000000,0.400000,0.000000,1.000000,1.000000
520394200.json,1.000000,0.000000,0.000000,0.611111,0.777778
520534862.json,1.000000,0.000000,0.000000,1.000000,0.789474
520988601.json,1.000000,0.000000,0.000000,0.923077,0.692308
521051408.json,1.000000,0.052632,0.000000,0.736842,0.526316
521537224.json,1.000000,0.000000,0.200000,1.000000,1.000000
521857368.json,1.000000,0.000000,0.000000,0.891892,0.945946
522099257.json,1.000000,0.000000,0.000000,0.782609,0.869565
52272805.json,1.000000,0.000000,0.000000,1.000000,1.000000
523082100.json,1.000000,0.000000,0.000000,1.000000,0.764706
523296281.json,1.000000,0.000000,0.000000,1.000000,0.636364
523410214.json,1.000000,0.000000,0.000000,1.000000,0.925926
523982048.json,1.000000,0.000000,0.000000,0.200000,1.000000
524198161.json,1.000000,0.000000,0.000000,1.000000,0.655172
525417464.json,0.777778,0.000000,0.000000,0.166667,0.333333
525464588.json,1.000000,0.100000,0.000000,1.000000,0.900000
5259153.json,1.000000,0.000000,0.000000,0.733333,0.666667
526451393.json,1.000000,0.000000,0.000000,0.526316,0.894737
526539090.json,1.000000,0.000000,0.040000,1.000000,0.920000
527191540.json,1.000000,0.000000,0.058824,0.352941,1.000000
52747489.json,1.000000,0.000000,0.045455,0.818182,0.590909
527626630.json,1.000000,0.176471,0.000000,0.882353,1.000000
528114179.json,1.000000,0.000000,0.025641,0.666667,0.794872
528587370.json,1.000000,0.050000,0.050000,1.000000,0.750000
528611740.json,1.000000,0.000000,0.000000,0.882353,0.882353
528642432.json,1.000000,0.000000,0.047619,0.857143,0.523810
528737692.json,1.000000,0.000000,0.000000,0.550000,1.000000
529325544.json,1.000000,0.000000,0.000000,1.000000,1.000000
529412680.json,1.000000,0.000000,0.000000,0.900000,0.725000
529820238.json,1.000000,0.000000,0.000000,0.625000,0.875000
530135658.json,1.000000,0.000000,0.000000,0.722222,0.888889
530171293.json,0.925926,0.000000,0.000000,0.740741,0.814815
530188395.json,0.923077,0.000000,0.000000,0.653846,0.807692
530335513.json,1.000000,0.000000,0.000000,0.761905,1.000000
530722924.json,0.888889,0.000000,0.000000,0.555556,0.500000
530796280.json,1.000000,0.000000,0.000000,1.000000,0.666667
531537843.json,1.000000,0.000000,0.000000,0.764706,1.000000
531759492.json,1.000000,0.066667,0.000000,1.000000,1.000000
531851670.json,1.000000,0.000000,0.000000,1.000000,0.555556
531926633.json,1.000000,0.000000,0.000000,0.600000,1.000000
532049691.json,1.000000,0.000000,0.000000,1.000000,0.866667
532310795.json,1.000000,0.000000,0.000000,0.931034,1.000000
532449304.json,1.000000,0.000000,0.000000,0.722222,1.000000
532800952.json,1.000000,0.000000,0.000000,1.000000,0.772727
532972927.json,1.000000,0.000000,0.000000,1.000000,0.900000
533898755.json,1.000000,0.000000,0.000000,0.466667,0.733333
533899808.json,1.000000,0.000000,0.066667,1.000000,1.000000
534281866.json,1.000000,0.000000,0.000000,1.000000,0.400000
534490608.json,1.000000,0.000000,0.000000,0.705882,0.764706
534746993.json,1.000000,0.000000,0.000000,0.937500,0.500000
53502681.json,1.000000,0.062500,0.000000,1.000000,0.875000
535058838.json,1.000000,0.000000,0.000000,0.903226,0.870968
535324000.json,1.000000,0.000000,0.000000,1.000000,0.906250
536120041.json,1.000000,0.000000,0.000000,1.000000,1.000000
536121158.json,1.000000,0.000000,0.000000,0.875000,1.000000
536244178.json,1.000000,0.000000,0.000000,1.000000,0.750000
536470927.json,1.000000,0.000000,0.000000,0.550000,0.550000
537022428.json,1.000000,0.000000,0.000000,0.724138,0.862069
53705905.json,1.000000,0.000000,0.000000,0.312500,0.750000
537226295.json,1.000000,0.000000,0.000000,1.000000,0.478261
53729684.json,1.000000,0.000000,0.000000,1.000000,0.870968
537415335.json,0.875000,0.062500,0.000000,0.875000,1.000000
537655918.json,1.000000,0.000000,0.000000,0.482759,0.655172
53818114.json,1.000000,0.000000,0.000000,0.375000,0.708333
538317845.json,1.000000,0.000000,0.000000,0.761905,0.476190
538360573.json,1.000000,0.000000,0.000000,0.937500,0.750000
538750129.json,1.000000,0.000000,0.000000,1.000000,0.687500
539235988.json,0.862069,0.000000,0.034483,0.517241,0.793103
539535464.json,1.000000,0.000000,0.000000,0.350000,0.650000
540089164.json,1.000000,0.000000,0.000000,0.777778,1.000000
540229984.json,1.000000,0.000000,0.000000,1.000000,0.680000
540263013.json,1.000000,0.000000,0.000000,0.368421,0.578947
540474106.json,1.000000,0.000000,0.000000,0.720000,0.920000
540994983.json,1.000000,0.000000,0.030303,0.939394,0.878788
54102841.json,1.000000,0.000000,0.000000,0.473684,0.842105
541212719.json,1.000000,0.000000,0.000000,0.631579,0.684211
541331403.json,1.000000,0.000000,0.000000,1.000000,1.000000
541847420.json,1.000000,0.000000,0.000000,0.653846,0.500000
542162751.json,1.000000,0.000000,0.000000,0.913043,0.913043
54220298.json,1.000000,0.000000,0.000000,0.533333,0.800000
542481008.json,1.000000,0.000000,0.000000,0.550000,0.800000
542857713.json,1.000000,0.000000,0.000000,0.882353,1.000000
542879015.json,1.000000,0.000000,0.000000,0.466667,0.733333
54290509.json,1.000000,0.000000,0.000000,0.750000,0.875000
543167372.json,1.000000,0.000000,0.000000,1.000000,0.894737
543671194.json,1.000000,0.000000,0.000000,0.571429,0.571429
543944006.json,1.000000,0.000000,0.000000,0.823529,0.588235
544336966.json,1.000000,0.000000,0.000000,0.954545,0.818182
54465478.json,1.000000,0.000000,0.000000,0.870968,0.741935
545095267.json,1.000000,0.000000,0.058824,1.000000,1.000000
545274304.json,0.909091,0.045455,0.000000,0.909091,0.909091
545902208.json,1.000000,0.000000,0.000000,0.411765,1.000000
546078940.json,1.000000,0.000000,0.000000,0.840000,0.840000
546170149.json,1.000000,0.000000,0.000000,0.774194,1.000000
54623398.json,1.000000,0.000000,0.000000,0.782609,0.434783
546273010.json,1.000000,0.000000,0.000000,1.000000,0.625000
546555023.json,1.000000,0.000000,0.000000,1.000000,1.000000
546702394.json,1.000000,0.000000,0.000000,0.800000,1.000000
546744071.json,1.000000,0.000000,0.000000,0.636364,1.000000
546894603.json,1.000000,0.000000,0.000000,1.000000,0.714286
546918213.json,1.000000,0.000000,0.000000,1.000000,0.826087
547871660.json,1.000000,0.444444,0.333333,1.000000,1.000000
548182705.json,1.000000,0.000000,0.000000,1.000000,0.882353
54824901.json,1.000000,0.000000,0.055556,0.722222,0.777778
548277413.json,1.000000,0.000000,0.000000,1.000000,0.875000
548506637.json,1.000000,0.000000,0.062500,0.812500,0.750000
548681198.json,1.000000,0.000000,0.000000,1.000000,1.000000
548969048.json,1.000000,0.000000,0.000000,0.838710,0.935484
549115318.json,1.000000,0.000000,0.000000,1.000000,0.800000
549514467.json,1.000000,0.000000,0.000000,0.812500,0.875000
549627616.json,0.888889,0.000000,0.000000,1.000000,0.555556
550212366.json,0.950000,0.025000,0.000000,0.600000,0.725000
550256536.json,1.000000,0.000000,0.000000,0.866667,1.000000
550385899.json,1.000000,0.000000,0.000000,0.571429,0.761905
550859471.json,1.000000,0.000000,0.000000,0.608696,0.652174
551995016.json,1.000000,0.000000,0.000000,1.000000,0.920000
552173644.json,1.000000,0.000000,0.000000,0.833333,0.500000
552255080.json,1.000000,0.000000,0.000000,0.650000,0.700000
552457590.json,1.000000,0.000000,0.000000,1.000000,0.523810
552532016.json,1.000000,0.000000,0.000000,1.000000,1.000000
552580784.json,1.000000,0.000000,0.058824,1.000000,1.000000
55272461.json,1.000000,0.000000,0.000000,0.400000,0.600000
553491096.json,1.000000,0.000000,0.000000,0.578947,0.894737
553744366.json,1.000000,0.000000,0.000000,0.350000,0.800000
553749254.json,1.000000,0.000000,0.000000,1.000000,0.615385
553785795.json,1.000000,0.000000,0.000000,0.884615,0.807692
554012107.json,1.000000,0.000000,0.000000,1.000000,0.600000
554427024.json,1.000000,0.000000,0.000000,0.823529,0.647059
5545657.json,1.000000,0.000000,0.000000,0.187500,0.625000
554678821.json,1.000000,0.000000,0.000000,0.800000,1.000000
555062747.json,1.000000,0.000000,0.000000,1.000000,0.904762
555098217.json,1.000000,0.000000,0.000000,1.000000,0.920000
555220957.json,0.923077,0.000000,0.076923,0.692308,0.692308
555305945.json,1.000000,0.000000,0.000000,1.000000,1.000000
555323653.json,1.000000,0.000000,0.000000,0.894737,0.789474
556226013.json,1.000000,0.000000,0.000000,1.000000,0.923077
556390134.json,1.000000,0.000000,0.000000,0.423077,0.692308
556636389.json,1.000000,0.000000,0.000000,0.718750,1.000000
556653239.json,1.000000,0.000000,0.000000,0.869565,0.913043
557097472.json,1.000000,0.000000,0.000000,0.394737,0.473684
55735257.json,1.000000,0.000000,0.000000,0.678571,0.928571
55750896.json,1.000000,0.000000,0.000000,1.000000,0.769231
558224931.json,0.925926,0.000000,0.000000,0.370370,0.925926
558376236.json,1.000000,0.050000,0.050000,1.000000,1.000000
558420773.json,1.000000,0.000000,0.000000,0.878788,0.909091
558617199.json,1.000000,0.000000,0.000000,0.625000,1.000000
559214503.json,1.000000,0.000000,0.000000,0.750000,0.750000
559224602.json,1.000000,0.000000,0.000000,0.370370,0.740741
559281273.json,1.000000,0.000000,0.000000,0.571429,1.000000
559575849.json,1.000000,0.000000,0.000000,1.000000,0.750000
560757255.json,1.000000,0.200000,0.066667,1.000000,1.000000
561099441.json,1.000000,0.000000,0.000000,0.863636,0.818182
561316624.json,1.000000,0.043478,0.086957,0.782609,0.652174
561678523.json,1.000000,0.000000,0.000000,0.466667,0.400000
561682293.json,1.000000,0.000000,0.000000,1.000000,0.913043
562185506.json,0.904762,0.000000,0.000000,1.000000,0.714286
56231516.json,1.000000,0.000000,0.000000,0.600000,0.866667
562363937.json,1.000000,0.000000,0.000000,1.000000,0.764706
562752915.json,1.000000,0.000000,0.076923,0.884615,0.923077
562804694.json,0.916667,0.000000,0.000000,1.000000,0.916667
563147978.json,1.000000,0.000000,0.000000,1.000000,0.866667
563406984.json,1.000000,0.000000,0.000000,1.000000,0.840000
563815764.json,1.000000,0.523810,0.523810,1.000000,1.000000
563963835.json,1.000000,0.000000,0.000000,1.000000,0.882353
563991158.json,1.000000,0.000000,0.000000,0.823529,0.882353
564449744.json,1.000000,0.000000,0.062500,1.000000,1.000000
564925575.json,1.000000,0.000000,0.000000,0.708333,0.625000
565700054.json,0.866667,0.000000,0.000000,0.866667,1.000000
565701118.json,1.000000,0.117647,0.117647,0.294118,1.000000
566132729.json,1.000000,0.000000,0.000000,0.722222,1.000000
566218887.json,1.000000,0.047619,0.047619,0.857143,1.000000
567134046.json,1.000000,0.000000,0.000000,1.000000,0.764706
567378832.json,1.000000,0.000000,0.000000,0.875000,0.875000
567559037.json,1.000000,0.000000,0.000000,0.655172,0.724138
567780938.json,1.000000,0.000000,0.000000,0.733333,1.000000
568115013.json,1.000000,0.000000,0.000000,1.000000,0.913043
56860775.json,1.000000,0.000000,0.000000,1.000000,1.000000
569090612.json,1.000000,0.000000,0.055556,1.000000,1.000000
569913773.json,1.000000,0.000000,0.000000,1.000000,0.900000
57004912.json,1.000000,0.000000,0.000000,0.708333,0.875000
570562999.json,1.000000,0.000000,0.000000,0.629630,0.814815
571032358.json,1.000000,0.000000,0.000000,0.117647,1.000000
571213784.json,1.000000,0.000000,0.000000,0.736842,0.894737
571595688.json,1.000000,0.000000,0.000000,0.900000,0.900000
571874724.json,1.000000,0.000000,0.066667,1.000000,1.000000
572074318.json,1.000000,0.000000,0.000000,0.742857,0.542857
572213655.json,1.000000,0.000000,0.000000,0.923077,1.000000
572296635.json,1.000000,0.000000,0.000000,1.000000,0.882353
57240403.json,1.000000,0.000000,0.000000,0.851852,0.925926
572455158.json,0.941176,0.000000,0.058824,0.558824,0.882353
57301590.json,1.000000,0.000000,0.000000,0.705882,0.764706
573202591.json,1.000000,0.000000,0.000000,0.774194,0.516129
57349239.json,1.000000,0.000000,0.000000,0.714286,0.428571
57365210.json,0.894737,0.000000,0.000000,1.000000,0.894737
573815019.json,1.000000,0.000000,0.000000,0.880000,0.920000
573916933.json,1.000000,0.000000,0.000000,0.541667,0.833333
574038441.json,1.000000,0.000000,0.000000,0.823529,0.882353
57426430.json,1.000000,0.000000,0.047619,0.809524,0.809524
574455718.json,1.000000,0.000000,0.000000,0.750000,1.000000
575213604.json,1.000000,0.000000,0.000000,1.000000,0.696970
575395425.json,1.000000,0.000000,0.000000,1.000000,0.700000
575720032.json,1.000000,0.066667,0.066667,1.000000,1.000000
57574621.json,1.000000,0.000000,0.000000,1.000000,0.913043
57609615.json,1.000000,0.000000,0.000000,1.000000,0.833333
576222576.json,1.000000,0.000000,0.000000,1.000000,0.466667
576616490.json,1.000000,0.000000,0.000000,1.000000,1.000000
576718955.json,1.000000,0.000000,0.000000,1.000000,0.892857
577067986.json,1.000000,0.000000,0.000000,0.806452,0.645161
577756966.json,1.000000,0.000000,0.000000,1.000000,0.722222
578087045.json,1.000000,0.000000,0.000000,0.764706,1.000000
578172883.json,1.000000,0.000000,0.050000,0.900000,1.000000
578243123.json,1.000000,0.000000,0.000000,0.750000,1.000000
578453807.json,1.000000,0.000000,0.000000,0.615385,0.538462
578616749.json,1.000000,0.041667,0.041667,0.666667,0.416667
578797657.json,1.000000,0.000000,0.000000,0.481481,0.851852
579056150.json,1.000000,0.000000,0.000000,0.655172,0.758621
579281395.json,1.000000,0.000000,0.000000,0.894737,0.684211
579537324.json,1.000000,0.000000,0.000000,1.000000,0.733333
579682718.json,1.000000,0.052632,0.210526,0.736842,1.000000
580079858.json,1.000000,0.000000,0.038462,0.807692,0.923077
580090629.json,1.000000,0.000000,0.000000,0.444444,1.000000
580213224.json,1.000000,0.111111,0.000000,1.000000,1.000000
580341007.json,1.000000,0.000000,0.000000,1.000000,0.678571
580395986.json,1.000000,0.000000,0.000000,1.000000,1.000000
58097953.json,1.000000,0.000000,0.000000,0.666667,0.814815
581256267.json,1.000000,0.000000,0.000000,0.685714,0.857143
581260185.json,1.000000,0.000000,0.000000,0.962963,0.777778
581739092.json,1.000000,0.000000,0.062500,1.000000,1.000000
583397523.json,1.000000,0.000000,0.000000,1.000000,0.777778
583660833.json,1.000000,0.000000,0.000000,0.823529,0.764706
583811703.json,1.000000,0.000000,0.000000,1.000000,1.000000
585022401.json,1.000000,0.045455,0.000000,1.000000,0.681818
585192273.json,1.000000,0.058824,0.000000,1.000000,0.882353
585370520.json,1.000000,0.000000,0.000000,0.684211,0.684211
585458338.json,1.000000,0.000000,0.047619,0.428571,0.428571
586611046.json,1.000000,0.000000,0.000000,0.631579,0.894737
587338496.json,1.000000,0.000000,0.000000,0.820513,0.615385
587507055.json,1.000000,0.000000,0.000000,1.000000,0.368421
588011056.json,1.000000,0.058824,0.235294,0.823529,0.823529
588871272.json,1.000000,0.000000,0.000000,0.392857,0.928571
589134562.json,1.000000,0.000000,0.000000,0.500000,0.600000
589160510.json,1.000000,0.085714,0.257143,1.000000,0.942857
589276550.json,1.000000,0.000000,0.000000,1.000000,0.928571
589392725.json,1.000000,0.111111,0.055556,1.000000,0.888889
589979236.json,1.000000,0.000000,0.000000,1.000000,0.894737
590028106.json,1.000000,0.000000,0.000000,1.000000,0.680000
590203867.json,0.800000,0.000000,0.050000,0.950000,1.000000
590258295.json,1.000000,0.000000,0.000000,0.695652,0.913043
590310594.json,1.000000,0.000000,0.000000,1.000000,0.928571
590923659.json,1.000000,0.000000,0.000000,0.812500,0.750000
591316311.json,0.916667,0.000000,0.000000,1.000000,1.000000
591442020.json,1.000000,0.000000,0.000000,0.973684,0.947368
591487540.json,1.000000,0.000000,0.000000,0.875000,0.791667
591494768.json,1.000000,0.034483,0.034483,0.724138,1.000000
591707677.json,1.000000,0.000000,0.000000,0.833333,0.777778
592169669.json,1.000000,0.000000,0.000000,0.550000,1.000000
592185750.json,1.000000,0.000000,0.000000,1.000000,1.000000
592473551.json,1.000000,0.000000,0.000000,1.000000,0.882353
59278341.json,1.000000,0.000000,0.000000,1.000000,0.724138
592829737.json,1.000000,0.352941,0.529412,0.352941,1.000000
592880005.json,1.000000,0.000000,0.000000,0.818182,0.909091
593083632.json,0.870968,0.000000,0.000000,0.806452,0.806452
593824350.json,1.000000,0.000000,0.000000,0.666667,0.866667
594411566.json,1.000000,0.000000,0.000000,0.913043,0.782609
59466980.json,1.000000,0.000000,0.000000,1.000000,0.900000
594859447.json,1.000000,0.000000,0.000000,1.000000,0.882353
596119522.json,0.800000,0.333333,0.133333,1.000000,0.866667
596479805.json,1.000000,0.055556,0.000000,1.000000,0.888889
597405650.json,1.000000,0.000000,0.000000,0.645161,0.806452
59806219.json,1.000000,0.000000,0.000000,1.000000,0.714286
598352145.json,1.000000,0.000000,0.000000,1.000000,0.826087
598763087.json,1.000000,0.000000,0.000000,0.517241,0.793103
598962054.json,1.000000,0.096774,0.064516,0.548387,1.000000
599229828.json,1.000000,0.000000,0.000000,0.708333,1.000000
599339404.json,1.000000,0.000000,0.000000,0.225000,0.325000
599601718.json,1.000000,0.000000,0.080000,0.480000,0.840000
599657600.json,1.000000,0.000000,0.000000,1.000000,0.838710
599893265.json,1.000000,0.000000,0.000000,0.760000,0.920000
599989761.json,0.900000,0.000000,0.000000,0.600000,0.800000
60007486.json,1.000000,0.000000,0.000000,1.000000,1.000000
601025038.json,1.000000,0.000000,0.000000,0.733333,0.866667
601340046.json,1.000000,0.000000,0.000000,0.777778,0.814815
601410627.json,1.000000,0.000000,0.000000,1.000000,0.529412
601506570.json,1.000000,0.000000,0.000000,0.882353,0.882353
601604414.json,1.000000,0.000000,0.000000,1.000000,1.000000
601674399.json,1.000000,0.000000,0.000000,1.000000,1.000000
602090092.json,1.000000,0.000000,0.000000,1.000000,1.000000
602450604.json,1.000000,0.000000,0.000000,0.650000,0.750000
602545423.json,1.000000,0.000000,0.000000,0.480000,0.760000
602773948.json,1.000000,0.000000,0.043478,0.782609,0.913043
602778096.json,1.000000,0.000000,0.000000,0.157895,0.894737
603531402.json,1.000000,0.000000,0.066667,0.466667,0.600000
604162228.json,1.000000,0.000000,0.055556,1.000000,0.888889
604624904.json,1.000000,0.000000,0.000000,0.851852,1.000000
605666944.json,1.000000,0.000000,0.000000,1.000000,0.913043
605915798.json,1.000000,0.000000,0.000000,1.000000,0.733333
605928926.json,1.000000,0.000000,0.000000,0.823529,0.764706
606185247.json,1.000000,0.000000,0.000000,0.967742,0.838710
606454454.json,1.000000,0.000000,0.062500,1.000000,1.000000
606473261.json,1.000000,0.000000,0.000000,1.000000,0.735294
607095596.json,1.000000,0.000000,0.000000,0.807692,0.769231
607142759.json,1.000000,0.000000,0.000000,1.000000,0.764706
607488097.json,1.000000,0.117647,0.000000,0.823529,1.000000
607691591.json,1.000000,0.000000,0.000000,0.772727,0.818182
607976750.json,1.000000,0.090909,0.045455,1.000000,0.909091
608068512.json,1.000000,0.000000,0.038462,0.846154,0.692308
608111513.json,1.000000,0.000000,0.000000,1.000000,1.000000
608241053.json,1.000000,0.000000,0.000000,1.000000,0.789474
608772617.json,1.000000,0.000000,0.000000,0.650000,0.650000
608915618.json,1.000000,0.000000,0.000000,0.727273,0.727273
609084715.json,1.000000,0.000000,0.000000,0.950000,0.950000
609478956.json,1.000000,0.000000,0.000000,0.866667,0.733333
60959315.json,1.000000,0.000000,0.000000,1.000000,1.000000
610177401.json,1.000000,0.000000,0.000000,1.000000,0.782609
610738333.json,1.000000,0.000000,0.066667,0.466667,1.000000
611041150.json,1.000000,0.000000,0.000000,1.000000,0.904762
61119072.json,1.000000,0.000000,0.000000,1.000000,0.904762
611262833.json,1.000000,0.000000,0.000000,1.000000,0.888889
61132528.json,1.000000,0.055556,0.000000,0.833333,1.000000
612031139.json,1.000000,0.060606,0.000000,0.666667,0.636364
612338122.json,1.000000,0.000000,0.000000,1.000000,0.730769
613108495.json,1.000000,0.000000,0.000000,0.814815,0.814815
613216849.json,1.000000,0.000000,0.000000,1.000000,1.000000
613259891.json,1.000000,0.080000,0.000000,1.000000,1.000000
613534957.json,1.000000,0.000000,0.066667,0.666667,0.600000
613647591.json,1.000000,0.000000,0.000000,0.459459,0.756757
614869418.json,1.000000,0.000000,0.000000,0.750000,1.000000
61568476.json,1.000000,0.210526,0.157895,0.421053,1.000000
616114892.json,1.000000,0.000000,0.000000,1.000000,0.904762
616455829.json,0.916667,0.000000,0.000000,0.750000,0.833333
617962485.json,1.000000,0.000000,0.050000,0.750000,0.650000
618312775.json,1.000000,0.000000,0.000000,0.894737,0.684211
618631432.json,1.000000,0.066667,0.000000,1.000000,0.733333
618731534.json,1.000000,0.000000,0.000000,1.000000,0.894737
618850713.json,1.000000,0.000000,0.000000,0.823529,0.764706
619118295.json,1.000000,0.000000,0.000000,0.888889,0.833333
619307262.json,1.000000,0.000000,0.000000,0.763158,0.657895
619312916.json,1.000000,0.520000,0.360000,1.000000,0.920000
619383282.json,1.000000,0.000000,0.000000,1.000000,0.578947
619572112.json,0.800000,0.000000,0.050000,1.000000,1.000000
620091619.json,1.000000,0.000000,0.000000,0.388889,0.750000
620357632.json,0.869565,0.086957,0.043478,0.913043,0.826087
620741412.json,1.000000,0.000000,0.000000,0.833333,0.833333
621001155.json,1.000000,0.000000,0.050000,1.000000,0.900000
621479109.json,1.000000,0.000000,0.000000,1.000000,0.866667
621785517.json,1.000000,0.000000,0.000000,0.700000,1.000000
62274650.json,1.000000,0.000000,0.000000,1.000000,0.764706
622771151.json,1.000000,0.090909,0.000000,1.000000,1.000000
623056317.json,1.000000,0.000000,0.000000,0.800000,1.000000
623131593.json,1.000000,0.000000,0.000000,0.863636,0.909091
62316966.json,1.000000,0.000000,0.000000,0.937500,0.687500
623200253.json,1.000000,0.000000,0.000000,0.666667,0.818182
623618862.json,1.000000,0.000000,0.000000,0.948718,0.666667
624142720.json,1.000000,0.000000,0.000000,0.631579,0.894737
624287800.json,1.000000,0.040000,0.080000,0.200000,0.520000
624634784.json,1.000000,0.000000,0.000000,0.320000,0.840000
625067191.json,0.935484,0.000000,0.032258,0.322581,0.774194
625305800.json,1.000000,0.200000,0.050000,1.000000,1.000000
625549888.json,1.000000,0.000000,0.000000,0.850000,0.700000
625708654.json,1.000000,0.000000,0.000000,1.000000,0.580645
625793130.json,1.000000,0.000000,0.000000,0.705882,0.764706
625914816.json,1.000000,0.000000,0.000000,0.722222,0.666667
626159317.json,1.000000,0.000000,0.000000,1.000000,1.000000
626198203.json,1.000000,0.058824,0.000000,0.882353,0.647059
626521575.json,1.000000,0.000000,0.000000,0.785714,0.928571
626887279.json,1.000000,0.000000,0.000000,1.000000,0.666667
626898576.json,1.000000,0.033333,0.000000,1.000000,1.000000
626995746.json,1.000000,0.000000,0.000000,1.000000,1.000000
627279665.json,1.000000,0.000000,0.000000,0.600000,0.800000
627529073.json,1.000000,0.000000,0.000000,1.000000,0.705882
627884345.json,1.000000,0.000000,0.000000,0.681818,0.500000
628040780.json,1.000000,0.000000,0.000000,0.730769,0.653846
628269415.json,1.000000,0.000000,0.000000,1.000000,1.000000
628880903.json,1.000000,0.000000,0.000000,1.000000,0.692308
629042801.json,1.000000,0.000000,0.000000,1.000000,1.000000
629071047.json,1.000000,0.000000,0.055556,0.777778,0.555556
62907843.json,1.000000,0.000000,0.000000,1.000000,0.300000
629315267.json,1.000000,0.000000,0.000000,1.000000,0.862069
6294034.json,1.000000,0.000000,0.000000,1.000000,1.000000
629467607.json,1.000000,0.000000,0.000000,1.000000,0.750000
630156028.json,1.000000,0.000000,0.055556,0.777778,0.722222
630551196.json,1.000000,0.052632,0.052632,0.526316,0.631579
630938437.json,1.000000,0.000000,0.000000,0.760000,0.680000
631165523.json,1.000000,0.000000,0.000000,1.000000,0.916667
631950043.json,1.000000,0.000000,0.000000,0.312500,1.000000
632282696.json,1.000000,0.000000,0.000000,0.760000,0.840000
632525701.json,1.000000,0.000000,0.000000,1.000000,1.000000
63280544.json,1.000000,0.000000,0.000000,0.800000,0.800000
632903842.json,1.000000,0.066667,0.133333,1.000000,1.000000
632995553.json,1.000000,0.000000,0.032258,0.806452,0.806452
633535767.json,1.000000,0.000000,0.166667,0.666667,1.000000
633967287.json,1.000000,0.000000,0.000000,0.636364,0.772727
634331387.json,1.000000,0.000000,0.000000,0.916667,0.583333
63481486.json,1.000000,0.136364,0.000000,0.818182,0.909091
636007213.json,1.000000,0.000000,0.000000,0.565217,0.434783
636069154.json,1.000000,0.000000,0.000000,0.320000,0.640000
636642506.json,1.000000,0.000000,0.000000,0.814815,0.777778
637371609.json,1.000000,0.000000,0.055556,0.777778,0.555556
637978273.json,1.000000,0.043478,0.086957,0.869565,1.000000
638013055.json,1.000000,0.000000,0.000000,1.000000,0.794118
638357201.json,1.000000,0.000000,0.000000,0.950000,0.900000
638877105.json,1.000000,0.000000,0.000000,0.724138,0.931034
638891758.json,1.000000,0.000000,0.000000,0.620690,0.586207
638909817.json,1.000000,0.000000,0.000000,0.760000,0.920000
639785084.json,1.000000,0.000000,0.000000,0.600000,0.640000
639876465.json,1.000000,0.000000,0.000000,1.000000,0.812500
640229059.json,0.823529,0.000000,0.000000,1.000000,0.882353
640251536.json,1.000000,0.000000,0.078947,0.842105,0.894737
64030208.json,1.000000,0.000000,0.000000,1.000000,0.827586
640366429.json,1.000000,0.000000,0.000000,0.451613,0.870968
640977650.json,1.000000,0.000000,0.000000,0.291667,1.000000
641121684.json,1.000000,0.000000,0.000000,0.588235,0.705882
641260070.json,1.000000,0.000000,0.000000,1.000000,0.800000
641922659.json,1.000000,0.000000,0.000000,1.000000,0.571429
642088002.json,1.000000,0.000000,0.000000,1.000000,0.733333
642216932.json,1.000000,0.000000,0.000000,1.000000,1.000000
642227837.json,1.000000,0.000000,0.000000,0.200000,0.900000
642346000.json,1.000000,0.000000,0.000000,1.000000,1.000000
642718681.json,1.000000,0.000000,0.000000,1.000000,0.904762
643321181.json,1.000000,0.000000,0.000000,0.480000,0.760000
643475489.json,1.000000,0.000000,0.000000,0.629630,1.000000
644064385.json,1.000000,0.000000,0.000000,0.947368,0.947368
644729388.json,1.000000,0.000000,0.000000,1.000000,0.527778
644745014.json,1.000000,0.000000,0.000000,1.000000,0.608696
644756767.json,1.000000,0.000000,0.000000,1.000000,0.653846
644968245.json,1.000000,0.000000,0.000000,0.550000,1.000000
645408147.json,1.000000,0.000000,0.000000,1.000000,0.777778
645856605.json,1.000000,0.000000,0.000000,1.000000,1.000000
64616361.json,1.000000,0.000000,0.000000,1.000000,0.578947
646292685.json,1.000000,0.000000,0.000000,0.904762,0.619048
646339890.json,1.000000,0.000000,0.000000,0.764706,0.735294
646653522.json,1.000000,0.000000,0.000000,0.555556,0.611111
646737479.json,1.000000,0.000000,0.000000,0.717949,0.794872
646925004.json,1.000000,0.000000,0.000000,1.000000,0.777778
647447905.json,1.000000,0.100000,0.050000,1.000000,1.000000
647816821.json,1.000000,0.000000,0.000000,1.000000,0.750000
647904524.json,1.000000,0.000000,0.000000,1.000000,0.666667
648360551.json,1.000000,0.000000,0.000000,1.000000,0.607143
64852301.json,1.000000,0.000000,0.000000,1.000000,0.882353
649509705.json,1.000000,0.000000,0.000000,1.000000,0.900000
649518698.json,1.000000,0.000000,0.000000,0.892857,0.892857
649913743.json,1.000000,0.000000,0.000000,0.903226,1.000000
6504815.json,1.000000,0.133333,0.000000,0.866667,1.000000
65058095.json,1.000000,0.000000,0.000000,1.000000,0.894737
650746910.json,1.000000,0.000000,0.000000,0.714286,0.464286
650826047.json,1.000000,0.000000,0.000000,0.375000,0.875000
651117330.json,1.000000,0.000000,0.000000,1.000000,1.000000
651486687.json,1.000000,0.000000,0.000000,0.941176,0.823529
652042403.json,1.000000,0.000000,0.000000,0.640000,0.360000
652092694.json,1.000000,0.000000,0.037037,0.444444,0.703704
652209221.json,1.000000,0.000000,0.000000,0.750000,0.875000
652701946.json,1.000000,0.000000,0.000000,1.000000,0.882353
653014937.json,1.000000,0.000000,0.000000,0.771429,0.742857
653211294.json,0.842105,0.000000,0.000000,0.473684,0.894737
65329380.json,1.000000,0.000000,0.000000,1.000000,1.000000
653765035.json,1.000000,0.000000,0.000000,0.600000,0.800000
653859838.json,1.000000,0.000000,0.047619,1.000000,0.904762
653929232.json,1.000000,0.000000,0.000000,1.000000,0.913043
654044828.json,1.000000,0.000000,0.000000,1.000000,0.941176
654124891.json,1.000000,0.000000,0.031250,1.000000,0.750000
654172211.json,0.866667,0.000000,0.000000,0.800000,0.600000
654364596.json,1.000000,0.000000,0.000000,0.827586,0.724138
655063454.json,1.000000,0.062500,0.000000,1.000000,1.000000
655109481.json,1.000000,0.071429,0.035714,1.000000,0.928571
65513027.json,1.000000,0.000000,0.000000,0.925926,0.777778
655355756.json,1.000000,0.000000,0.058824,1.000000,1.000000
655396948.json,1.000000,0.000000,0.000000,0.500000,0.933333
655530799.json,1.000000,0.000000,0.034483,0.586207,0.862069
655627019.json,1.000000,0.000000,0.034483,1.000000,0.931034
656011789.json,1.000000,0.000000,0.000000,1.000000,0.894737
656283341.json,1.000000,0.000000,0.000000,0.821429,0.607143
656498108.json,1.000000,0.000000,0.025641,1.000000,0.794872
65674555.json,1.000000,0.000000,0.000000,1.000000,0.650000
656855918.json,1.000000,0.000000,0.000000,0.966667,1.000000
656966871.json,0.900000,0.000000,0.000000,0.400000,1.000000
657340361.json,1.000000,0.000000,0.000000,1.000000,0.500000
657734139.json,1.000000,0.000000,0.000000,0.750000,1.000000
658152874.json,1.000000,0.000000,0.000000,0.263158,0.552632
6583415.json,0.888889,0.000000,0.000000,0.722222,1.000000
658623513.json,1.000000,0.000000,0.000000,0.875000,0.875000
658685056.json,1.000000,0.000000,0.000000,1.000000,0.513514
659094886.json,1.000000,0.000000,0.000000,1.000000,0.888889
659252931.json,1.000000,0.000000,0.000000,0.450000,1.000000
659617070.json,1.000000,0.000000,0.000000,0.774194,0.806452
659652588.json,1.000000,0.000000,0.000000,0.666667,0.800000
659844542.json,1.000000,0.000000,0.000000,0.703704,0.592593
659849166.json,1.000000,0.000000,0.000000,1.000000,1.000000
660090995.json,1.000000,0.000000,0.000000,0.888889,0.888889
660411581.json,1.000000,0.000000,0.000000,0.550000,0.800000
660814312.json,1.000000,0.000000,0.000000,0.913043,0.652174
661906828.json,1.000000,0.000000,0.000000,0.666667,0.888889
662449688.json,1.000000,0.000000,0.000000,0.870968,0.612903
662661620.json,1.000000,0.000000,0.000000,1.000000,0.785714
663081694.json,1.000000,0.026316,0.026316,0.447368,0.894737
663133364.json,1.000000,0.000000,0.000000,1.000000,0.741935
663175917.json,1.000000,0.000000,0.000000,1.000000,0.764706
663246543.json,0.948718,0.000000,0.000000,0.512821,0.794872
663488374.json,1.000000,0.000000,0.000000,1.000000,0.777778
663938989.json,1.000000,0.000000,0.100000,1.000000,0.900000
664272697.json,0.894737,0.000000,0.000000,0.526316,0.684211
664403804.json,1.000000,0.000000,0.000000,0.529412,0.588235
664453691.json,1.000000,0.000000,0.000000,0.918919,0.513514
664462714.json,1.000000,0.157895,0.000000,0.842105,0.789474
664671034.json,1.000000,0.000000,0.000000,0.571429,0.476190
66481602.json,1.000000,0.000000,0.000000,0.846154,0.846154
665659830.json,1.000000,0.000000,0.000000,1.000000,0.642857
665704832.json,0.900000,0.000000,0.150000,0.500000,1.000000
665761930.json,0.904762,0.000000,0.000000,0.190476,0.904762
66587859.json,1.000000,0.055556,0.000000,0.833333,1.000000
66589888.json,1.000000,0.000000,0.000000,1.000000,1.000000
666093764.json,1.000000,0.000000,0.000000,1.000000,0.866667
666268341.json,1.000000,0.000000,0.000000,1.000000,1.000000
666901375.json,1.000000,0.000000,0.000000,1.000000,1.000000
666984418.json,1.000000,0.000000,0.000000,1.000000,1.000000
667741386.json,1.000000,0.000000,0.000000,0.939394,0.878788
667888137.json,1.000000,0.000000,0.050000,1.000000,0.800000
668228753.json,1.000000,0.000000,0.062500,0.812500,1.000000
668275609.json,1.000000,0.000000,0.000000,0.800000,0.680000
668277065.json,1.000000,0.000000,0.000000,0.800000,0.750000
668312651.json,1.000000,0.000000,0.000000,0.714286,1.000000
668976371.json,1.000000,0.000000,0.000000,0.272727,0.909091
669119027.json,0.875000,0.000000,0.062500,0.812500,1.000000
669336733.json,1.000000,0.000000,0.066667,1.000000,1.000000
669354686.json,1.000000,0.000000,0.000000,0.312500,0.812500
669631443.json,1.000000,0.000000,0.000000,0.761905,1.000000
671036904.json,1.000000,0.000000,0.000000,0.761905,0.857143
671180447.json,1.000000,0.000000,0.000000,0.818182,0.757576
671314395.json,1.000000,0.000000,0.000000,1.000000,1.000000
671548768.json,1.000000,0.000000,0.000000,0.000000,0.942857
671570445.json,1.000000,0.000000,0.000000,0.625000,0.875000
671837043.json,1.000000,0.045455,0.000000,1.000000,0.818182
672235437.json,1.000000,0.000000,0.000000,0.625000,0.916667
67224645.json,1.000000,0.000000,0.000000,0.740741,1.000000
672538902.json,1.000000,0.000000,0.000000,0.875000,0.875000
672699176.json,1.000000,0.000000,0.000000,0.400000,1.000000
673354310.json,1.000000,0.000000,0.000000,0.750000,0.750000
673837673.json,1.000000,0.000000,0.000000,1.000000,0.789474
674332421.json,1.000000,0.000000,0.000000,0.800000,0.733333
674581943.json,1.000000,0.000000,0.034483,0.413793,0.517241
674716812.json,1.000000,0.000000,0.000000,0.750000,0.562500
674864085.json,1.000000,0.000000,0.000000,1.000000,0.904762
675183859.json,1.000000,0.000000,0.000000,1.000000,0.733333
67528240.json,1.000000,0.066667,0.000000,0.866667,0.600000
675322106.json,1.000000,0.000000,0.000000,0.833333,0.750000
675336586.json,1.000000,0.000000,0.000000,0.925926,0.518519
675561180.json,1.000000,0.000000,0.000000,0.666667,0.866667
675829102.json,1.000000,0.000000,0.000000,1.000000,0.789474
675869799.json,1.000000,0.000000,0.000000,0.666667,0.600000
676185712.json,1.000000,0.000000,0.000000,0.823529,1.000000
676898159.json,1.000000,0.000000,0.000000,1.000000,0.696970
676944344.json,1.000000,0.000000,0.000000,1.000000,1.000000
676950033.json,1.000000,0.000000,0.000000,0.722222,0.611111
677620175.json,1.000000,0.000000,0.000000,0.714286,0.857143
677625982.json,1.000000,0.000000,0.000000,0.789474,0.763158
677744305.json,1.000000,0.000000,0.000000,1.000000,0.850000
677760766.json,1.000000,0.000000,0.000000,0.689655,0.793103
677946517.json,1.000000,0.000000,0.000000,0.800000,0.800000
677990099.json,1.000000,0.000000,0.000000,1.000000,0.812500
678446068.json,1.000000,0.000000,0.000000,0.851852,0.777778
678591559.json,1.000000,0.000000,0.034483,1.000000,0.931034
67860584.json,1.000000,0.000000,0.000000,0.888889,0.722222
678862091.json,1.000000,0.000000,0.000000,1.000000,1.000000
679437297.json,1.000000,0.000000,0.000000,0.952381,0.809524
679862237.json,1.000000,0.000000,0.000000,1.000000,1.000000
679872378.json,1.000000,0.000000,0.000000,1.000000,0.888889
680047284.json,1.000000,0.000000,0.000000,0.291667,1.000000
680611482.json,1.000000,0.000000,0.000000,1.000000,0.885714
680918587.json,1.000000,0.000000,0.000000,1.000000,1.000000
681014519.json,1.000000,0.000000,0.000000,1.000000,0.925926
681319930.json,1.000000,0.000000,0.000000,1.000000,0.862069
681432460.json,1.000000,0.000000,0.000000,0.823529,0.823529
681755885.json,1.000000,0.000000,0.040000,0.880000,0.760000
681873592.json,1.000000,0.000000,0.050000,1.000000,0.900000
681926364.json,1.000000,0.000000,0.000000,0.562500,1.000000
682423775.json,1.000000,0.000000,0.000000,0.884615,1.000000
682440763.json,1.000000,0.000000,0.055556,0.666667,1.000000
68316484.json,1.000000,0.000000,0.000000,0.914286,1.000000
683381248.json,1.000000,0.000000,0.000000,0.437500,0.750000
68372034.json,1.000000,0.000000,0.000000,0.588235,0.882353
68381533.json,1.000000,0.000000,0.000000,1.000000,0.875000
683852258.json,1.000000,0.000000,0.000000,0.727273,1.000000
684295750.json,1.000000,0.000000,0.000000,1.000000,0.777778
684515521.json,1.000000,0.000000,0.200000,0.850000,1.000000
684561283.json,1.000000,0.000000,0.000000,0.818182,1.000000
684656990.json,0.800000,0.000000,0.000000,0.914286,0.742857
684789605.json,1.000000,0.000000,0.000000,0.727273,0.909091
68481393.json,1.000000,0.045455,0.000000,0.681818,0.818182
685739361.json,1.000000,0.000000,0.000000,0.523810,0.809524
685778952.json,1.000000,0.000000,0.000000,0.416667,0.791667
686071348.json,1.000000,0.000000,0.000000,0.600000,0.700000
686404849.json,1.000000,0.000000,0.000000,1.000000,0.807692
686424618.json,1.000000,0.043478,0.000000,0.782609,0.782609
686625324.json,1.000000,0.000000,0.058824,0.705882,0.764706
687872391.json,1.000000,0.000000,0.000000,0.607143,1.000000
688028669.json,1.000000,0.000000,0.000000,0.523810,0.904762
688109294.json,1.000000,0.000000,0.000000,0.809524,0.761905
688379201.json,1.000000,0.000000,0.000000,1.000000,1.000000
688475344.json,1.000000,0.000000,0.000000,0.785714,0.785714
688567213.json,1.000000,0.000000,0.000000,0.909091,0.727273
688939741.json,1.000000,0.000000,0.034483,0.655172,1.000000
689108925.json,1.000000,0.000000,0.000000,0.968750,0.812500
689588528.json,0.920000,0.000000,0.000000,0.640000,0.800000
689617315.json,1.000000,0.000000,0.000000,0.666667,0.777778
689714018.json,1.000000,0.000000,0.060606,1.000000,0.818182
689864951.json,1.000000,0.000000,0.000000,0.342857,0.714286
689908885.json,1.000000,0.000000,0.000000,0.750000,0.800000
69039976.json,1.000000,0.000000,0.000000,1.000000,0.625000
690791279.json,1.000000,0.000000,0.136364,0.863636,0.818182
690883775.json,1.000000,0.000000,0.000000,0.300000,0.733333
691583473.json,1.000000,0.000000,0.000000,1.000000,0.583333
692428131.json,1.000000,0.000000,0.000000,0.937500,0.625000
692600975.json,1.000000,0.000000,0.000000,0.882353,1.000000
692633643.json,0.875000,0.000000,0.000000,0.875000,0.750000
692852601.json,0.900000,0.000000,0.000000,1.000000,0.900000
69285564.json,1.000000,0.000000,0.000000,0.891892,0.891892
693000301.json,1.000000,0.000000,0.000000,1.000000,1.000000
693064757.json,1.000000,0.000000,0.066667,1.000000,0.866667
693491585.json,1.000000,0.000000,0.035714,0.428571,0.750000
693899300.json,1.000000,0.000000,0.130435,1.000000,1.000000
694991493.json,1.000000,0.000000,0.000000,1.000000,0.931034
695098289.json,0.944444,0.000000,0.000000,0.666667,0.527778
695312959.json,0.875000,0.000000,0.000000,0.312500,1.000000
695388459.json,1.000000,0.000000,0.000000,1.000000,0.888889
695878232.json,1.000000,0.000000,0.000000,0.647059,0.882353
69622042.json,1.000000,0.000000,0.000000,0.850000,1.000000
696510800.json,1.000000,0.000000,0.000000,1.000000,1.000000
697204246.json,1.000000,0.000000,0.000000,1.000000,0.555556
697640002.json,1.000000,0.000000,0.000000,0.638889,1.000000
697911980.json,1.000000,0.000000,0.000000,1.000000,0.727273
697924974.json,1.000000,0.000000,0.105263,0.789474,0.894737
698084943.json,1.000000,0.000000,0.000000,1.000000,0.875000
69880202.json,1.000000,0.000000,0.000000,0.823529,0.882353
698840289.json,1.000000,0.000000,0.000000,0.523810,0.571429
699052246.json,1.000000,0.000000,0.000000,0.468750,0.562500
699289183.json,1.000000,0.000000,0.095238,1.000000,0.904762
699343123.json,1.000000,0.000000,0.000000,1.000000,0.800000
699390582.json,1.000000,0.000000,0.000000,0.450000,1.000000
699550405.json,0.928571,0.000000,0.000000,0.714286,0.714286
699703430.json,1.000000,0.000000,0.000000,1.000000,0.791667
699827873.json,1.000000,0.000000,0.000000,1.000000,0.619048
699854198.json,1.000000,0.000000,0.000000,0.964286,1.000000
699976169.json,1.000000,0.000000,0.000000,0.789474,0.736842
700108753.json,0.909091,0.045455,0.000000,0.954545,0.636364
700145577.json,1.000000,0.000000,0.000000,1.000000,0.826087
700213292.json,1.000000,0.000000,0.000000,0.388889,0.833333
700265792.json,1.000000,0.000000,0.000000,0.724138,0.931034
701013678.json,1.000000,0.000000,0.000000,0.727273,0.727273
70125841.json,1.000000,0.000000,0.000000,0.631579,0.631579
701420207.json,1.000000,0.000000,0.000000,0.857143,0.761905
701787447.json,1.000000,0.000000,0.000000,0.896552,0.793103
701851612.json,1.000000,0.115385,0.115385,1.000000,1.000000
701888161.json,1.000000,0.055556,0.166667,1.000000,0.888889
702038263.json,1.000000,0.000000,0.058824,0.705882,0.882353
702287002.json,1.000000,0.000000,0.000000,0.695652,0.608696
702580970.json,1.000000,0.000000,0.000000,0.615385,0.538462
702942502.json,1.000000,0.000000,0.000000,0.540541,0.837838
703121029.json,1.000000,0.000000,0.000000,0.838710,1.000000
703235638.json,1.000000,0.000000,0.000000,1.000000,1.000000
703542169.json,1.000000,0.000000,0.000000,1.000000,0.882353
703623920.json,1.000000,0.000000,0.000000,0.800000,0.750000
703662872.json,1.000000,0.000000,0.000000,1.000000,1.000000
703706622.json,1.000000,0.000000,0.142857,0.476190,0.904762
703966494.json,1.000000,0.111111,0.000000,1.000000,1.000000
703968806.json,1.000000,0.000000,0.000000,0.962963,0.777778
705022951.json,1.000000,0.000000,0.000000,0.750000,0.700000
705256516.json,1.000000,0.000000,0.000000,0.750000,0.906250
705912223.json,1.000000,0.000000,0.000000,1.000000,0.900000
706096681.json,1.000000,0.000000,0.000000,1.000000,1.000000
706448840.json,1.000000,0.000000,0.000000,0.818182,0.772727
706593861.json,1.000000,0.027778,0.000000,1.000000,0.833333
70771491.json,1.000000,0.000000,0.000000,0.500000,0.769231
707751238.json,1.000000,0.000000,0.000000,0.705882,0.588235
707796903.json,1.000000,0.000000,0.000000,0.970588,0.823529
707947984.json,1.000000,0.000000,0.000000,0.459459,0.783784
708334667.json,1.000000,0.000000,0.000000,0.900000,0.700000
708347295.json,1.000000,0.000000,0.000000,0.450000,0.900000
70839567.json,1.000000,0.000000,0.000000,0.742857,0.714286
708557108.json,1.000000,0.000000,0.034483,0.551724,0.689655
708637424.json,1.000000,0.000000,0.000000,0.970588,0.676471
708736537.json,1.000000,0.000000,0.000000,0.730769,0.846154
708820129.json,0.931034,0.000000,0.000000,0.448276,0.620690
709059355.json,1.000000,0.000000,0.000000,0.611111,0.388889
709778053.json,1.000000,0.000000,0.000000,0.736842,0.578947
711576462.json,1.000000,0.000000,0.000000,1.000000,0.666667
711759813.json,1.000000,0.000000,0.000000,1.000000,0.875000
711773827.json,1.000000,0.000000,0.000000,0.916667,0.916667
711827175.json,1.000000,0.000000,0.000000,0.625000,0.687500
712015329.json,0.904762,0.000000,0.000000,0.523810,0.904762
713345194.json,1.000000,0.000000,0.000000,0.473684,0.789474
713386655.json,1.000000,0.000000,0.000000,1.000000,0.500000
714006920.json,1.000000,0.000000,0.000000,0.900000,0.766667
714331383.json,1.000000,0.000000,0.000000,0.607143,0.535714
714413911.json,1.000000,0.000000,0.028571,0.542857,0.828571
714486575.json,1.000000,0.000000,0.000000,1.000000,1.000000
714711570.json,1.000000,0.000000,0.000000,1.000000,0.900000
714731995.json,1.000000,0.000000,0.000000,0.687500,0.875000
714780492.json,1.000000,0.000000,0.000000,1.000000,0.916667
714944220.json,1.000000,0.000000,0.000000,1.000000,1.000000
715092441.json,1.000000,0.000000,0.000000,1.000000,0.681818
715276874.json,1.000000,0.000000,0.000000,1.000000,0.875000
715348401.json,1.000000,0.000000,0.000000,0.666667,0.571429
715374176.json,1.000000,0.000000,0.000000,0.764706,1.000000
715603575.json,1.000000,0.000000,0.000000,0.666667,0.800000
715809507.json,1.000000,0.000000,0.000000,1.000000,0.800000
715845055.json,1.000000,0.111111,0.000000,1.000000,0.944444
717037550.json,1.000000,0.000000,0.000000,0.743590,0.717949
717093419.json,1.000000,0.000000,0.000000,0.733333,0.866667
717321633.json,1.000000,0.000000,0.000000,0.800000,0.600000
717372011.json,1.000000,0.000000,0.000000,0.944444,0.777778
717521392.json,1.000000,0.000000,0.000000,1.000000,0.894737
718120714.json,1.000000,0.000000,0.000000,0.764706,0.823529
718502289.json,1.000000,0.000000,0.000000,1.000000,0.750000
718853754.json,1.000000,0.285714,0.238095,0.142857,1.000000
719289744.json,1.000000,0.000000,0.000000,0.823529,0.823529
719798594.json,1.000000,0.000000,0.000000,1.000000,0.909091
71997396.json,1.000000,0.000000,0.000000,0.823529,0.882353
720063253.json,1.000000,0.000000,0.000000,1.000000,0.470588
720145348.json,1.000000,0.000000,0.000000,0.608696,0.826087
720624412.json,1.000000,0.062500,0.062500,1.000000,0.625000
720816269.json,1.000000,0.000000,0.000000,0.833333,0.611111
720838795.json,1.000000,0.000000,0.000000,0.437500,0.625000
721005484.json,1.000000,0.000000,0.000000,1.000000,0.896552
721694913.json,1.000000,0.000000,0.000000,0.296296,0.444444
721737389.json,1.000000,0.000000,0.000000,1.000000,1.000000
722074842.json,0.681818,0.000000,0.000000,1.000000,0.590909
722194703.json,1.000000,0.000000,0.000000,0.850000,0.900000
722326052.json,1.000000,0.000000,0.000000,1.000000,0.888889
722458758.json,1.000000,0.000000,0.000000,0.764706,0.705882
722683802.json,1.000000,0.000000,0.000000,0.909091,0.727273
722780183.json,1.000000,0.000000,0.000000,1.000000,1.000000
722810939.json,1.000000,0.000000,0.000000,1.000000,0.727273
722872751.json,1.000000,0.000000,0.000000,1.000000,1.000000
723005536.json,1.000000,0.066667,0.000000,0.666667,1.000000
723348142.json,1.000000,0.000000,0.000000,0.760000,0.880000
72373502.json,1.000000,0.000000,0.041667,1.000000,0.875000
723794095.json,1.000000,0.000000,0.000000,0.562500,0.875000
724015086.json,1.000000,0.000000,0.000000,1.000000,1.000000
724100874.json,1.000000,0.000000,0.000000,1.000000,0.666667
724162023.json,1.000000,0.000000,0.000000,1.000000,0.882353
724338002.json,1.000000,0.000000,0.000000,0.605263,0.763158
72456069.json,1.000000,0.000000,0.000000,0.640000,0.600000
724901771.json,1.000000,0.000000,0.000000,1.000000,0.444444
725293938.json,1.000000,0.000000,0.000000,0.454545,0.590909
725337227.json,1.000000,0.000000,0.000000,1.000000,1.000000
726002825.json,1.000000,0.000000,0.000000,1.000000,1.000000
726107732.json,1.000000,0.000000,0.000000,1.000000,1.000000
726711285.json,1.000000,0.000000,0.000000,1.000000,0.866667
726890547.json,1.000000,0.000000,0.000000,1.000000,0.800000
727050760.json,1.000000,0.000000,0.000000,0.687500,0.750000
72715643.json,1.000000,0.000000,0.000000,0.666667,0.666667
727381189.json,1.000000,0.000000,0.000000,1.000000,0.923077
728346589.json,1.000000,0.000000,0.000000,0.760000,0.920000
728950365.json,1.000000,0.000000,0.038462,1.000000,0.923077
729324292.json,1.000000,0.000000,0.000000,0.921053,0.736842
729671584.json,1.000000,0.000000,0.000000,1.000000,0.692308
729783321.json,1.000000,0.000000,0.000000,0.640000,0.480000
729889644.json,1.000000,0.000000,0.000000,1.000000,0.625000
730199894.json,1.000000,0.000000,0.000000,0.800000,0.833333
731690458.json,1.000000,0.000000,0.000000,1.000000,1.000000
732536282.json,1.000000,0.000000,0.000000,0.125000,0.875000
732864796.json,1.000000,0.000000,0.000000,1.000000,1.000000
733124375.json,1.000000,0.000000,0.000000,1.000000,0.750000
733503691.json,1.000000,0.000000,0.000000,1.000000,1.000000
733834191.json,1.000000,0.000000,0.000000,1.000000,1.000000
733894387.json,1.000000,0.000000,0.000000,1.000000,1.000000
73392831.json,1.000000,0.000000,0.028571,0.542857,0.828571
73422853.json,1.000000,0.000000,0.000000,1.000000,1.000000
734323325.json,1.000000,0.000000,0.000000,0.846154,0.730769
73478120.json,1.000000,0.000000,0.000000,1.000000,1.000000
735104942.json,1.000000,0.000000,0.000000,0.550000,1.000000
735868871.json,1.000000,0.000000,0.000000,1.000000,0.904762
735904882.json,1.000000,0.000000,0.000000,0.781250,0.687500
736877142.json,0.931034,0.000000,0.000000,0.586207,0.724138
736970480.json,1.000000,0.000000,0.000000,1.000000,0.772727
737202526.json,1.000000,0.000000,0.052632,0.473684,0.894737
737461971.json,1.000000,0.000000,0.000000,0.727273,0.909091
73769900.json,0.888889,0.000000,0.000000,0.722222,0.777778
737772652.json,1.000000,0.000000,0.000000,1.000000,0.608696
73785834.json,1.000000,0.047619,0.000000,0.904762,0.904762
737899209.json,1.000000,0.000000,0.055556,1.000000,1.000000
738368333.json,1.000000,0.000000,0.000000,1.000000,0.718750
738733851.json,1.000000,0.000000,0.000000,0.523810,1.000000
739182876.json,0.800000,0.000000,0.066667,0.600000,1.000000
739496257.json,1.000000,0.000000,0.000000,1.000000,1.000000
74115304.json,1.000000,0.000000,0.000000,0.600000,0.400000
741178461.json,1.000000,0.000000,0.000000,1.000000,0.750000
741181250.json,1.000000,0.000000,0.000000,1.000000,1.000000
742283114.json,1.000000,0.000000,0.000000,1.000000,0.828571
742385916.json,1.000000,0.000000,0.000000,1.000000,1.000000
742484615.json,1.000000,0.000000,0.040000,1.000000,0.920000
742653708.json,1.000000,0.000000,0.000000,1.000000,0.866667
742963807.json,1.000000,0.133333,0.000000,1.000000,1.000000
743081944.json,1.000000,0.000000,0.000000,1.000000,0.666667
743199284.json,1.000000,0.052632,0.052632,1.000000,0.894737
743245914.json,1.000000,0.000000,0.000000,1.000000,0.916667
743627134.json,1.000000,0.000000,0.000000,0.894737,0.842105
743886942.json,1.000000,0.000000,0.000000,0.882353,1.000000
744507171.json,1.000000,0.000000,0.000000,1.000000,0.809524
74489583.json,1.000000,0.034483,0.034483,0.724138,1.000000
745231595.json,1.000000,0.000000,0.000000,1.000000,0.619048
745545415.json,1.000000,0.000000,0.000000,0.687500,0.687500
746023761.json,1.000000,0.000000,0.000000,0.500000,0.461538
746142637.json,1.000000,0.000000,0.052632,0.526316,1.000000
746386004.json,1.000000,0.000000,0.000000,1.000000,1.000000
746387297.json,1.000000,0.000000,0.000000,0.906250,0.593750
746554972.json,1.000000,0.000000,0.000000,1.000000,0.700000
746716414.json,1.000000,0.000000,0.000000,1.000000,1.000000
746930707.json,1.000000,0.000000,0.000000,0.900000,1.000000
74722765.json,1.000000,0.038462,0.038462,1.000000,1.000000
747288206.json,1.000000,0.000000,0.000000,0.812500,0.687500
747690635.json,1.000000,0.000000,0.000000,0.777778,0.722222
747796064.json,1.000000,0.000000,0.000000,1.000000,1.000000
747980573.json,1.000000,0.000000,0.000000,1.000000,0.875000
748079614.json,1.000000,0.000000,0.000000,0.689655,0.862069
749351482.json,1.000000,0.125000,0.062500,0.625000,1.000000
749413317.json,1.000000,0.000000,0.000000,0.592593,0.925926
750019571.json,1.000000,0.000000,0.000000,0.923077,0.923077
750127922.json,1.000000,0.000000,0.066667,1.000000,1.000000
750194084.json,1.000000,0.000000,0.000000,1.000000,1.000000
750216689.json,1.000000,0.000000,0.000000,0.200000,0.233333
750542014.json,1.000000,0.000000,0.000000,1.000000,1.000000
750551361.json,1.000000,0.000000,0.000000,1.000000,0.689655
750719922.json,1.000000,0.032258,0.064516,0.903226,0.935484
750847040.json,1.000000,0.000000,0.000000,0.880000,0.600000
751733077.json,1.000000,0.043478,0.000000,1.000000,1.000000
751959698.json,1.000000,0.000000,0.000000,0.500000,0.777778
752405101.json,1.000000,0.000000,0.000000,0.750000,0.600000
752530364.json,1.000000,0.000000,0.000000,1.000000,0.523810
752547505.json,1.000000,0.000000,0.029412,0.941176,0.823529
752704868.json,1.000000,0.000000,0.000000,0.533333,1.000000
753035882.json,1.000000,0.000000,0.000000,0.750000,0.900000
753558396.json,1.000000,0.000000,0.125000,0.208333,0.833333
753722185.json,1.000000,0.000000,0.090909,0.863636,0.909091
754591149.json,1.000000,0.000000,0.000000,1.000000,0.733333
754717131.json,1.000000,0.000000,0.000000,0.466667,0.500000
754908193.json,1.000000,0.000000,0.000000,0.441176,0.882353
754973757.json,1.000000,0.000000,0.000000,0.600000,1.000000
755424358.json,1.000000,0.000000,0.000000,0.733333,0.933333
755479235.json,1.000000,0.000000,0.000000,1.000000,1.000000
755631943.json,1.000000,0.000000,0.000000,0.526316,0.473684
755961965.json,1.000000,0.000000,0.000000,1.000000,1.000000
755999435.json,1.000000,0.000000,0.000000,0.909091,1.000000
756541301.json,1.000000,0.000000,0.000000,1.000000,0.875000
756991142.json,1.000000,0.000000,0.000000,0.448276,0.517241
7571849.json,1.000000,0.000000,0.062500,0.812500,1.000000
757476904.json,1.000000,0.000000,0.000000,1.000000,0.866667
757626198.json,1.000000,0.000000,0.000000,0.480000,0.840000
757858217.json,1.000000,0.000000,0.000000,0.708333,0.916667
757992274.json,1.000000,0.000000,0.000000,0.826087,0.608696
758171416.json,1.000000,0.000000,0.000000,1.000000,1.000000
758179187.json,1.000000,0.000000,0.000000,0.645161,0.806452
758275340.json,1.000000,0.000000,0.000000,1.000000,0.900000
758491839.json,1.000000,0.000000,0.054054,0.405405,0.783784
758601842.json,1.000000,0.000000,0.000000,0.533333,0.466667
759303535.json,1.000000,0.000000,0.000000,0.650000,0.750000
759350788.json,1.000000,0.000000,0.137931,1.000000,0.862069
76031833.json,0.913043,0.000000,0.000000,1.000000,0.913043
760624626.json,1.000000,0.000000,0.000000,0.640000,0.400000
760738928.json,1.000000,0.000000,0.000000,0.529412,0.882353
761044462.json,1.000000,0.000000,0.000000,0.880000,0.560000
761333375.json,1.000000,0.000000,0.000000,0.863636,0.636364
761345408.json,1.000000,0.052632,0.000000,0.789474,0.684211
761385042.json,1.000000,0.000000,0.000000,0.920000,0.600000
761634827.json,1.000000,0.000000,0.000000,1.000000,1.000000
761823517.json,1.000000,0.000000,0.000000,1.000000,0.791667
762096772.json,1.000000,0.000000,0.000000,1.000000,0.695652
762315872.json,1.000000,0.000000,0.000000,1.000000,0.888889
762683373.json,1.000000,0.000000,0.000000,0.894737,1.000000
76295225.json,1.000000,0.000000,0.000000,1.000000,0.368421
763196083.json,1.000000,0.150000,0.150000,1.000000,0.900000
763681142.json,1.000000,0.000000,0.000000,0.666667,1.000000
764650984.json,1.000000,0.000000,0.000000,1.000000,0.900000
764811899.json,1.000000,0.000000,0.000000,0.705882,0.764706
765247601.json,1.000000,0.066667,0.000000,1.000000,0.866667
766952849.json,1.000000,0.000000,0.000000,1.000000,0.571429
767037441.json,1.000000,0.000000,0.052632,0.526316,1.000000
767457369.json,1.000000,0.000000,0.000000,0.526316,0.947368
767681176.json,1.000000,0.000000,0.000000,1.000000,0.866667
767699339.json,1.000000,0.000000,0.000000,1.000000,0.866667
768013764.json,0.923077,0.000000,0.000000,0.576923,0.730769
768017191.json,1.000000,0.000000,0.043478,0.695652,1.000000
768223101.json,1.000000,0.000000,0.000000,1.000000,0.888889
768741840.json,1.000000,0.156250,0.125000,1.000000,1.000000
769006440.json,1.000000,0.000000,0.000000,1.000000,0.678571
769219161.json,1.000000,0.125000,0.031250,1.000000,1.000000
76937802.json,1.000000,0.000000,0.000000,0.625000,0.625000
769399059.json,1.000000,0.000000,0.000000,0.861111,0.888889
769600182.json,1.000000,0.000000,0.000000,0.864865,0.729730
771008296.json,1.000000,0.000000,0.000000,0.740741,0.629630
771420596.json,1.000000,0.000000,0.000000,0.777778,0.666667
771430120.json,1.000000,0.000000,0.000000,0.833333,0.633333
771473806.json,1.000000,0.000000,0.000000,0.925926,0.777778
771591553.json,1.000000,0.000000,0.000000,1.000000,1.000000
772994632.json,1.000000,0.000000,0.000000,0.485714,0.685714
773178711.json,1.000000,0.000000,0.000000,1.000000,0.888889
773282147.json,1.000000,0.000000,0.000000,0.869565,0.869565
773480732.json,1.000000,0.095238,0.095238,0.952381,1.000000
774047758.json,1.000000,0.055556,0.000000,0.500000,0.833333
77416988.json,1.000000,0.000000,0.000000,0.705882,0.529412
774541770.json,1.000000,0.000000,0.000000,0.555556,0.722222
774674388.json,1.000000,0.000000,0.000000,0.789474,0.789474
774694212.json,1.000000,0.000000,0.000000,1.000000,1.000000
775138066.json,1.000000,0.000000,0.000000,0.733333,0.433333
775647488.json,0.866667,0.000000,0.000000,0.333333,0.866667
776209431.json,1.000000,0.000000,0.000000,1.000000,0.600000
777234087.json,1.000000,0.000000,0.000000,1.000000,0.529412
77730184.json,1.000000,0.000000,0.000000,0.937500,0.562500
777340347.json,1.000000,0.000000,0.000000,0.823529,1.000000
777560968.json,1.000000,0.000000,0.000000,0.666667,0.444444
777601540.json,1.000000,0.000000,0.000000,1.000000,0.894737
777733716.json,1.000000,0.000000,0.000000,0.352941,0.823529
7777482.json,1.000000,0.000000,0.333333,1.000000,1.000000
77777266.json,1.000000,0.000000,0.000000,1.000000,1.000000
777922530.json,1.000000,0.000000,0.000000,0.687500,0.687500
778257022.json,1.000000,0.000000,0.000000,1.000000,1.000000
778539372.json,0.800000,0.000000,0.000000,1.000000,1.000000
779154000.json,1.000000,0.000000,0.000000,0.500000,0.866667
779671501.json,1.000000,0.000000,0.000000,1.000000,0.657895
780078146.json,1.000000,0.000000,0.000000,0.578947,0.789474
780604142.json,1.000000,0.000000,0.000000,0.909091,0.545455
781215263.json,1.000000,0.000000,0.000000,0.736842,1.000000
781483404.json,1.000000,0.000000,0.105263,1.000000,0.684211
781661204.json,1.000000,0.000000,0.000000,0.823529,1.000000
78186720.json,1.000000,0.000000,0.000000,0.777778,0.814815
782188534.json,1.000000,0.157895,0.052632,1.000000,1.000000
782412925.json,1.000000,0.000000,0.000000,0.423077,1.000000
782472991.json,1.000000,0.000000,0.000000,1.000000,0.870968
782634345.json,1.000000,0.000000,0.062500,0.812500,0.875000
782858492.json,1.000000,0.000000,0.000000,0.782609,1.000000
783611139.json,1.000000,0.000000,0.000000,1.000000,0.702703
783754995.json,1.000000,0.000000,0.157895,1.000000,0.894737
783842208.json,1.000000,0.000000,0.000000,1.000000,0.806452
784021675.json,1.000000,0.000000,0.000000,1.000000,0.666667
784601611.json,1.000000,0.000000,0.000000,0.600000,0.866667
784691036.json,1.000000,0.000000,0.000000,1.000000,0.764706
785743451.json,1.000000,0.000000,0.000000,1.000000,0.666667
786625804.json,1.000000,0.000000,0.000000,1.000000,0.727273
786632841.json,1.000000,0.000000,0.000000,0.774194,0.645161
786816398.json,1.000000,0.000000,0.000000,1.000000,1.000000
786932389.json,1.000000,0.000000,0.000000,1.000000,0.628571
787095398.json,1.000000,0.055556,0.000000,0.333333,1.000000
788024552.json,1.000000,0.000000,0.050000,0.300000,0.650000
788045321.json,0.911765,0.000000,0.000000,0.852941,0.735294
788490002.json,1.000000,0.000000,0.000000,1.000000,0.866667
788563439.json,1.000000,0.000000,0.043478,1.000000,0.913043
788960599.json,0.914286,0.000000,0.000000,0.685714,0.828571
789331841.json,1.000000,0.000000,0.000000,1.000000,0.882353
789343547.json,1.000000,0.066667,0.066667,1.000000,1.000000
789355998.json,1.000000,0.000000,0.000000,0.520000,0.920000
789611605.json,1.000000,0.000000,0.000000,0.647059,1.000000
790715721.json,1.000000,0.000000,0.029412,0.470588,0.882353
791031455.json,1.000000,0.033333,0.000000,0.900000,0.933333
791508749.json,1.000000,0.000000,0.000000,1.000000,0.684211
791613512.json,1.000000,0.050000,0.000000,0.600000,1.000000
79161580.json,1.000000,0.000000,0.000000,0.882353,0.558824
791929945.json,1.000000,0.000000,0.000000,0.933333,1.000000
792492660.json,0.920000,0.000000,0.000000,0.800000,0.840000
792791831.json,1.000000,0.000000,0.034483,0.482759,0.724138
792929560.json,1.000000,0.000000,0.027027,1.000000,0.837838
793120633.json,1.000000,0.000000,0.000000,1.000000,0.866667
793440658.json,1.000000,0.000000,0.040000,0.200000,0.840000
793744827.json,1.000000,0.000000,0.000000,0.611111,0.500000
793836455.json,1.000000,0.032258,0.000000,1.000000,0.935484
794140108.json,1.000000,0.000000,0.000000,1.000000,0.769231
794438043.json,1.000000,0.000000,0.000000,0.631579,1.000000
7949191.json,1.000000,0.029412,0.000000,0.764706,1.000000
79495846.json,1.000000,0.000000,0.000000,0.850000,1.000000
795221732.json,1.000000,0.000000,0.000000,1.000000,0.606061
795225351.json,0.931034,0.000000,0.000000,0.724138,0.896552
795346715.json,1.000000,0.000000,0.000000,1.000000,0.541667
795539089.json,1.000000,0.000000,0.000000,0.863636,1.000000
795727935.json,1.000000,0.027778,0.000000,0.750000,0.944444
796719153.json,1.000000,0.000000,0.000000,0.611111,0.888889
796843390.json,1.000000,0.000000,0.000000,1.000000,0.619048
796891514.json,1.000000,0.000000,0.000000,0.708333,0.625000
79692017.json,1.000000,0.000000,0.000000,0.741935,0.612903
797485512.json,1.000000,0.000000,0.000000,1.000000,0.791667
798243064.json,1.000000,0.000000,0.000000,0.777778,0.777778
798476369.json,1.000000,0.000000,0.000000,1.000000,0.500000
798539019.json,1.000000,0.000000,0.000000,0.611111,0.611111
798555759.json,1.000000,0.000000,0.076923,0.820513,0.897436
798822909.json,1.000000,0.000000,0.000000,0.676471,0.617647
799051061.json,1.000000,0.000000,0.031250,0.593750,0.750000
79905399.json,1.000000,0.000000,0.000000,1.000000,0.764706
799212859.json,1.000000,0.000000,0.000000,0.750000,1.000000
799223801.json,1.000000,0.000000,0.000000,0.904762,0.571429
799318438.json,1.000000,0.000000,0.000000,1.000000,0.850000
799465297.json,1.000000,0.000000,0.000000,1.000000,0.777778
799627667.json,1.000000,0.000000,0.000000,1.000000,0.826087
799952478.json,1.000000,0.000000,0.000000,0.714286,0.485714
800030376.json,1.000000,0.000000,0.000000,0.611111,0.611111
800926665.json,1.000000,0.000000,0.000000,0.560000,0.720000
801129166.json,1.000000,0.000000,0.000000,0.583333,0.916667
801532087.json,1.000000,0.000000,0.000000,1.000000,0.937500
803813505.json,1.000000,0.000000,0.000000,1.000000,0.904762
804104401.json,1.000000,0.052632,0.000000,1.000000,1.000000
804298941.json,1.000000,0.000000,0.000000,0.312500,0.687500
80467383.json,1.000000,0.000000,0.000000,0.777778,0.666667
804709150.json,1.000000,0.000000,0.000000,0.590909,0.545455
804770910.json,1.000000,0.000000,0.000000,0.904762,1.000000
805496365.json,1.000000,0.000000,0.000000,0.857143,0.904762
806183035.json,1.000000,0.000000,0.050000,0.600000,1.000000
807042384.json,1.000000,0.095238,0.000000,0.857143,0.619048
807397216.json,1.000000,0.000000,0.000000,1.000000,0.606061
807565813.json,1.000000,0.000000,0.000000,0.823529,1.000000
807976605.json,1.000000,0.000000,0.000000,0.826087,0.608696
808029425.json,1.000000,0.000000,0.000000,1.000000,0.882353
80855336.json,1.000000,0.000000,0.000000,0.589744,0.897436
808941203.json,1.000000,0.000000,0.000000,0.611111,1.000000
808994267.json,1.000000,0.333333,0.133333,0.800000,1.000000
809054247.json,0.925926,0.148148,0.148148,0.740741,0.777778
809091267.json,1.000000,0.000000,0.000000,0.263158,0.684211
809459551.json,0.933333,0.000000,0.000000,1.000000,0.933333
810871796.json,1.000000,0.000000,0.000000,1.000000,1.000000
81102131.json,1.000000,0.000000,0.041667,0.708333,0.916667
811572772.json,1.000000,0.000000,0.000000,0.333333,0.722222
811761287.json,0.925926,0.000000,0.000000,0.814815,0.777778
811803922.json,1.000000,0.000000,0.000000,0.909091,1.000000
812285228.json,1.000000,0.000000,0.000000,0.684211,0.684211
812351957.json,1.000000,0.000000,0.000000,0.666667,0.611111
812565746.json,0.882353,0.000000,0.000000,0.764706,0.764706
812994796.json,1.000000,0.090909,0.090909,0.500000,0.636364
813141112.json,1.000000,0.000000,0.000000,1.000000,1.000000
81371610.json,1.000000,0.000000,0.206897,1.000000,1.000000
813761259.json,1.000000,0.000000,0.000000,0.764706,0.764706
814589789.json,1.000000,0.000000,0.000000,0.814815,0.925926
814637918.json,1.000000,0.000000,0.000000,0.896552,0.758621
814699197.json,1.000000,0.000000,0.000000,1.000000,0.826087
815016454.json,1.000000,0.117647,0.058824,0.941176,1.000000
815227430.json,1.000000,0.000000,0.000000,1.000000,1.000000
815284502.json,0.931034,0.000000,0.000000,0.620690,0.482759
815337783.json,0.931034,0.000000,0.068966,0.172414,0.931034
815340278.json,1.000000,0.000000,0.000000,0.304348,0.521739
815809779.json,1.000000,0.000000,0.000000,1.000000,1.000000
815871926.json,1.000000,0.000000,0.000000,0.400000,0.866667
816585519.json,1.000000,0.000000,0.045455,1.000000,1.000000
816669270.json,1.000000,0.000000,0.000000,0.437500,0.687500
817095856.json,1.000000,0.000000,0.000000,1.000000,0.750000
81859449.json,1.000000,0.000000,0.000000,1.000000,0.750000
818635132.json,1.000000,0.000000,0.062500,0.875000,1.000000
818985763.json,1.000000,0.000000,0.000000,0.909091,0.939394
819213762.json,1.000000,0.000000,0.000000,0.761905,0.809524
819554085.json,1.000000,0.000000,0.000000,0.863636,0.818182
820179596.json,1.000000,0.000000,0.029412,0.588235,0.411765
8202507.json,1.000000,0.000000,0.000000,1.000000,0.714286
820337237.json,1.000000,0.000000,0.000000,0.894737,0.684211
820643871.json,1.000000,0.000000,0.000000,0.900000,0.700000
820717733.json,1.000000,0.000000,0.000000,1.000000,0.869565
820770836.json,1.000000,0.000000,0.000000,1.000000,1.000000
821244516.json,1.000000,0.000000,0.000000,0.842105,0.368421
821305340.json,1.000000,0.000000,0.000000,0.578947,0.789474
821368239.json,1.000000,0.000000,0.000000,0.806452,0.548387
821599718.json,1.000000,0.000000,0.000000,0.647059,1.000000
821811177.json,0.882353,0.000000,0.000000,0.882353,0.764706
821903398.json,1.000000,0.000000,0.000000,0.375000,0.700000
822584121.json,1.000000,0.000000,0.000000,0.666667,0.600000
822599874.json,1.000000,0.000000,0.000000,1.000000,1.000000
8230345.json,1.000000,0.176471,0.117647,1.000000,1.000000
823307931.json,1.000000,0.000000,0.000000,1.000000,0.783784
824012979.json,1.000000,0.000000,0.038462,1.000000,0.807692
824857261.json,1.000000,0.000000,0.000000,0.722222,0.611111
825083608.json,1.000000,0.000000,0.000000,0.687500,1.000000
825211382.json,1.000000,0.000000,0.000000,0.705882,0.764706
825289290.json,1.000000,0.000000,0.000000,1.000000,0.894737
825956129.json,1.000000,0.000000,0.025641,0.692308,0.666667
826216809.json,1.000000,0.000000,0.025641,0.358974,0.666667
826439056.json,1.000000,0.000000,0.000000,0.578947,0.578947
826723243.json,1.000000,0.000000,0.000000,1.000000,0.842105
826824417.json,1.000000,0.000000,0.000000,0.702703,0.864865
827058185.json,1.000000,0.000000,0.000000,1.000000,0.826087
827225945.json,1.000000,0.000000,0.000000,1.000000,0.684211
827340052.json,1.000000,0.000000,0.000000,1.000000,0.750000
827380310.json,1.000000,0.000000,0.030303,0.939394,0.696970
827523860.json,1.000000,0.000000,0.000000,0.520000,1.000000
827722939.json,1.000000,0.045455,0.045455,0.727273,1.000000
827873706.json,1.000000,0.000000,0.000000,0.166667,1.000000
82800547.json,1.000000,0.000000,0.000000,0.185185,0.481481
82816181.json,1.000000,0.000000,0.000000,0.807692,0.769231
828254522.json,1.000000,0.000000,0.000000,0.250000,0.800000
828471401.json,1.000000,0.000000,0.000000,0.935484,0.548387
828507610.json,1.000000,0.000000,0.000000,0.714286,0.904762
82874361.json,0.933333,0.000000,0.033333,1.000000,0.866667
82906200.json,1.000000,0.080000,0.000000,1.000000,1.000000
829593784.json,0.900000,0.050000,0.000000,0.850000,0.900000
829931409.json,1.000000,0.000000,0.000000,0.647059,1.000000
830192343.json,1.000000,0.000000,0.000000,0.583333,0.916667
830325864.json,1.000000,0.000000,0.000000,0.450000,0.900000
830390816.json,1.000000,0.000000,0.000000,1.000000,0.588235
831915576.json,1.000000,0.000000,0.043478,0.782609,0.478261
831951870.json,1.000000,0.000000,0.000000,0.500000,0.850000
831956670.json,1.000000,0.000000,0.000000,0.655172,0.724138
832176334.json,1.000000,0.000000,0.000000,0.684211,0.578947
833039277.json,1.000000,0.000000,0.000000,0.461538,0.769231
833340357.json,1.000000,0.000000,0.000000,1.000000,0.800000
833467341.json,1.000000,0.000000,0.000000,0.789474,0.684211
834191125.json,1.000000,0.000000,0.000000,0.724138,1.000000
834451122.json,1.000000,0.157895,0.000000,1.000000,1.000000
834576532.json,1.000000,0.157895,0.105263,0.684211,1.000000
834635204.json,1.000000,0.000000,0.000000,0.233333,0.733333
834670899.json,1.000000,0.000000,0.000000,1.000000,0.809524
835283196.json,1.000000,0.000000,0.000000,0.875000,1.000000
835655772.json,1.000000,0.062500,0.000000,0.625000,1.000000
835766625.json,1.000000,0.000000,0.000000,0.638889,0.777778
835809373.json,1.000000,0.000000,0.000000,0.368421,0.894737
835855373.json,1.000000,0.000000,0.000000,1.000000,0.676471
835944304.json,1.000000,0.032258,0.000000,0.451613,0.741935
83650522.json,1.000000,0.000000,0.000000,0.687500,1.000000
836798070.json,1.000000,0.028571,0.200000,1.000000,1.000000
836830726.json,1.000000,0.000000,0.000000,1.000000,0.818182
836938300.json,1.000000,0.000000,0.000000,0.823529,1.000000
83732003.json,1.000000,0.000000,0.000000,0.560000,0.680000
837599718.json,1.000000,0.222222,0.222222,1.000000,1.000000
83779552.json,1.000000,0.000000,0.000000,0.777778,0.666667
837885609.json,1.000000,0.000000,0.000000,0.923077,0.769231
838459922.json,1.000000,0.000000,0.058824,0.705882,1.000000
839099355.json,1.000000,0.052632,0.105263,1.000000,0.894737
839111141.json,1.000000,0.000000,0.000000,1.000000,0.809524
839153091.json,1.000000,0.000000,0.000000,0.812500,1.000000
839297320.json,1.000000,0.000000,0.000000,0.947368,0.894737
839405768.json,1.000000,0.000000,0.041667,0.625000,0.750000
839409785.json,1.000000,0.000000,0.045455,1.000000,0.909091
839482595.json,1.000000,0.000000,0.000000,1.000000,0.750000
839641071.json,1.000000,0.000000,0.000000,0.823529,0.647059
840044706.json,0.947368,0.000000,0.000000,0.947368,0.552632
840737510.json,1.000000,0.000000,0.000000,0.833333,1.000000
841153708.json,1.000000,0.000000,0.000000,0.894737,0.684211
841274765.json,1.000000,0.000000,0.000000,1.000000,0.833333
841721518.json,1.000000,0.000000,0.000000,0.320000,0.760000
842848686.json,1.000000,0.000000,0.000000,0.689655,0.827586
843313743.json,1.000000,0.000000,0.000000,0.777778,0.666667
843634555.json,1.000000,0.000000,0.000000,0.705882,0.882353
843895886.json,1.000000,0.000000,0.000000,0.750000,1.000000
844046481.json,1.000000,0.000000,0.000000,0.333333,0.600000
844064966.json,1.000000,0.000000,0.000000,1.000000,1.000000
844074884.json,1.000000,0.000000,0.000000,0.600000,0.533333
844926372.json,1.000000,0.000000,0.000000,1.000000,1.000000
844992336.json,1.000000,0.000000,0.000000,0.896552,0.862069
844993696.json,0.935484,0.000000,0.000000,0.258065,0.806452
845076539.json,1.000000,0.000000,0.000000,0.800000,1.000000
845161615.json,1.000000,0.000000,0.000000,1.000000,1.000000
845804905.json,1.000000,0.000000,0.000000,0.875000,0.750000
846039425.json,1.000000,0.000000,0.000000,0.750000,0.375000
84625088.json,1.000000,0.000000,0.000000,0.931034,1.000000
84629637.json,1.000000,0.000000,0.062500,1.000000,1.000000
847661181.json,1.000000,0.000000,0.000000,0.818182,0.939394
84810092.json,1.000000,0.000000,0.000000,0.756757,0.540541
848141907.json,1.000000,0.000000,0.000000,0.526316,0.789474
848157225.json,1.000000,0.000000,0.000000,0.300000,0.733333
848381364.json,0.925926,0.000000,0.000000,1.000000,0.407407
84862098.json,1.000000,0.000000,0.055556,1.000000,0.888889
849011927.json,1.000000,0.000000,0.000000,0.526316,0.631579
849080895.json,1.000000,0.000000,0.000000,0.300000,0.675000
84916987.json,1.000000,0.000000,0.000000,0.823529,0.882353
849864629.json,1.000000,0.000000,0.000000,0.526316,0.578947
849916145.json,1.000000,0.000000,0.000000,1.000000,1.000000
849921636.json,1.000000,0.000000,0.000000,0.700000,1.000000
850231176.json,0.913043,0.000000,0.000000,1.000000,0.782609
85055072.json,1.000000,0.000000,0.000000,0.666667,0.733333
851364482.json,1.000000,0.000000,0.000000,0.592593,0.925926
851608685.json,1.000000,0.000000,0.000000,1.000000,1.000000
851678503.json,1.000000,0.000000,0.000000,1.000000,0.913043
851703530.json,1.000000,0.000000,0.000000,1.000000,0.600000
8520135.json,1.000000,0.000000,0.000000,1.000000,0.588235
852072046.json,1.000000,0.000000,0.000000,0.611111,0.777778
852168996.json,1.000000,0.000000,0.000000,0.625000,0.437500
852340197.json,1.000000,0.000000,0.000000,0.600000,0.900000
852384260.json,1.000000,0.000000,0.000000,1.000000,0.640000
852586388.json,1.000000,0.000000,0.000000,0.965517,0.862069
853022254.json,1.000000,0.028571,0.028571,0.514286,0.828571
854177263.json,1.000000,0.000000,0.000000,1.000000,1.000000
854309247.json,1.000000,0.000000,0.000000,0.685714,0.428571
854858916.json,1.000000,0.000000,0.000000,1.000000,1.000000
854869507.json,0.909091,0.000000,0.000000,1.000000,0.818182
855054694.json,1.000000,0.000000,0.000000,0.935484,0.419355
855328084.json,1.000000,0.000000,0.025641,0.564103,0.538462
855388788.json,1.000000,0.000000,0.000000,0.842105,0.736842
85665480.json,1.000000,0.000000,0.000000,1.000000,0.939394
8572082.json,0.826087,0.000000,0.000000,0.826087,0.739130
857243128.json,1.000000,0.086957,0.086957,0.695652,0.652174
858786652.json,1.000000,0.000000,0.000000,0.750000,0.857143
858830552.json,1.000000,0.000000,0.000000,0.774194,0.870968
858965765.json,1.000000,0.000000,0.000000,1.000000,1.000000
859012583.json,1.000000,0.000000,0.000000,0.678571,0.464286
859298669.json,1.000000,0.000000,0.000000,0.823529,0.588235
859346696.json,1.000000,0.000000,0.000000,0.777778,1.000000
859618197.json,1.000000,0.047619,0.047619,1.000000,0.904762
86011051.json,1.000000,0.000000,0.000000,0.900000,0.600000
860379603.json,1.000000,0.000000,0.062500,0.812500,0.750000
861315139.json,1.000000,0.052632,0.000000,0.894737,0.842105
861420610.json,1.000000,0.037037,0.148148,1.000000,1.000000
862762344.json,1.000000,0.000000,0.000000,0.400000,0.466667
862848830.json,0.857143,0.000000,0.000000,1.000000,1.000000
863000833.json,1.000000,0.000000,0.103448,0.586207,0.862069
863223021.json,1.000000,0.000000,0.000000,0.666667,0.761905
863226016.json,1.000000,0.000000,0.000000,1.000000,0.590909
863486578.json,1.000000,0.000000,0.000000,0.520000,0.520000
864440063.json,1.000000,0.000000,0.000000,1.000000,1.000000
865501821.json,1.000000,0.000000,0.000000,1.000000,0.888889
865776541.json,1.000000,0.000000,0.032258,1.000000,0.935484
865833314.json,1.000000,0.000000,0.000000,1.000000,0.750000
865867461.json,1.000000,0.294118,0.058824,1.000000,1.000000
866015548.json,1.000000,0.000000,0.000000,0.531250,0.875000
866387653.json,1.000000,0.000000,0.000000,0.166667,0.700000
868197785.json,1.000000,0.000000,0.000000,0.666667,0.722222
868374050.json,1.000000,0.210526,0.000000,0.894737,0.894737
868493341.json,1.000000,0.050000,0.050000,1.000000,1.000000
868930425.json,1.000000,0.000000,0.033333,1.000000,0.933333
869115744.json,1.000000,0.000000,0.000000,0.794118,0.882353
869117038.json,1.000000,0.000000,0.000000,0.470588,0.882353
869203905.json,1.000000,0.000000,0.000000,1.000000,1.000000
869490858.json,1.000000,0.000000,0.040000,0.880000,1.000000
869823081.json,1.000000,0.000000,0.117647,1.000000,1.000000
870473370.json,1.000000,0.000000,0.000000,1.000000,0.384615
870491525.json,1.000000,0.000000,0.000000,0.818182,0.818182
870630574.json,0.882353,0.000000,0.000000,1.000000,0.882353
871002928.json,1.000000,0.000000,0.000000,0.466667,0.600000
871967765.json,1.000000,0.000000,0.000000,0.708333,0.750000
873066400.json,1.000000,0.000000,0.000000,0.588235,0.882353
873193704.json,1.000000,0.000000,0.000000,0.972222,0.694444
87325881.json,1.000000,0.000000,0.000000,1.000000,0.923077
873614780.json,1.000000,0.000000,0.000000,0.823529,0.823529
873666133.json,1.000000,0.000000,0.000000,0.920000,0.920000
873926331.json,1.000000,0.000000,0.000000,1.000000,0.888889
874169691.json,1.000000,0.000000,0.000000,0.166667,1.000000
87445226.json,0.866667,0.000000,0.000000,0.866667,0.866667
87446041.json,1.000000,0.045455,0.045455,0.545455,1.000000
87473731.json,1.000000,0.000000,0.000000,0.911765,0.941176
874980913.json,1.000000,0.000000,0.000000,0.782609,0.565217
87511552.json,1.000000,0.000000,0.000000,0.833333,0.888889
875755372.json,0.894737,0.000000,0.000000,1.000000,1.000000
876132258.json,1.000000,0.000000,0.000000,0.640000,0.840000
876196085.json,1.000000,0.000000,0.000000,0.962963,0.703704
876208114.json,1.000000,0.250000,0.250000,0.562500,1.000000
876435535.json,1.000000,0.050000,0.000000,1.000000,0.900000
876577249.json,1.000000,0.000000,0.000000,0.600000,0.900000
876729605.json,1.000000,0.000000,0.000000,0.388889,0.888889
877152436.json,1.000000,0.031250,0.062500,0.468750,1.000000
877422804.json,1.000000,0.000000,0.000000,0.800000,0.600000
877767170.json,1.000000,0.000000,0.000000,0.387097,0.838710
87779575.json,1.000000,0.000000,0.000000,1.000000,0.875000
878052878.json,1.000000,0.000000,0.000000,0.750000,0.875000
878905349.json,1.000000,0.000000,0.000000,0.846154,0.820513
879163238.json,1.000000,0.000000,0.000000,1.000000,0.866667
879511610.json,1.000000,0.066667,0.066667,0.800000,1.000000
880327513.json,1.000000,0.000000,0.000000,1.000000,0.925926
880346570.json,1.000000,0.000000,0.000000,0.705882,1.000000
880467586.json,1.000000,0.000000,0.000000,1.000000,0.826087
880494395.json,1.000000,0.000000,0.000000,0.600000,0.533333
88061095.json,0.729730,0.000000,0.027027,0.729730,0.837838
880990697.json,1.000000,0.000000,0.000000,1.000000,1.000000
881152849.json,1.000000,0.000000,0.000000,0.739130,0.695652
881202144.json,1.000000,0.000000,0.000000,1.000000,0.631579
881267736.json,1.000000,0.000000,0.000000,0.761905,1.000000
881280144.json,1.000000,0.000000,0.000000,1.000000,0.750000
881378908.json,1.000000,0.000000,0.000000,0.419355,0.903226
881486533.json,1.000000,0.000000,0.000000,0.333333,0.866667
882660411.json,1.000000,0.000000,0.000000,0.538462,0.923077
882725211.json,1.000000,0.000000,0.000000,0.888889,0.666667
883072867.json,1.000000,0.000000,0.000000,0.736842,0.526316
883117966.json,1.000000,0.066667,0.000000,1.000000,1.000000
883162366.json,1.000000,0.000000,0.000000,0.695652,0.913043
884325837.json,1.000000,0.000000,0.000000,1.000000,1.000000
884460239.json,1.000000,0.000000,0.000000,1.000000,0.875000
884482817.json,0.904762,0.000000,0.000000,1.000000,1.000000
88450778.json,1.000000,0.000000,0.000000,0.444444,0.555556
884599175.json,1.000000,0.000000,0.000000,0.437500,1.000000
885161545.json,1.000000,0.000000,0.000000,1.000000,0.760000
885180918.json,1.000000,0.000000,0.052632,0.526316,0.894737
885185859.json,1.000000,0.000000,0.000000,1.000000,1.000000
885274256.json,1.000000,0.000000,0.000000,0.941176,1.000000
885711798.json,1.000000,0.333333,0.200000,0.266667,1.000000
887067112.json,0.875000,0.125000,0.062500,1.000000,1.000000
887105146.json,1.000000,0.000000,0.068966,1.000000,1.000000
887414426.json,1.000000,0.076923,0.153846,1.000000,1.000000
887511258.json,1.000000,0.000000,0.000000,0.481481,0.629630
887771871.json,1.000000,0.000000,0.000000,0.411765,0.764706
888203688.json,1.000000,0.000000,0.000000,0.800000,0.900000
888618695.json,1.000000,0.000000,0.000000,0.600000,0.866667
888712257.json,1.000000,0.000000,0.047619,0.476190,0.857143
888800690.json,1.000000,0.000000,0.000000,1.000000,1.000000
888910693.json,1.000000,0.000000,0.000000,0.370370,0.740741
888963992.json,0.920000,0.000000,0.000000,1.000000,0.600000
890360912.json,1.000000,0.035714,0.000000,1.000000,0.857143
89060389.json,0.944444,0.000000,0.000000,0.805556,0.527778
891360619.json,1.000000,0.000000,0.000000,0.520000,0.920000
891469250.json,1.000000,0.000000,0.000000,1.000000,0.760000
892202074.json,0.909091,0.000000,0.045455,0.500000,0.545455
892321139.json,1.000000,0.000000,0.000000,1.000000,1.000000
892948481.json,1.000000,0.200000,0.200000,0.800000,1.000000
893106581.json,1.000000,0.000000,0.000000,1.000000,1.000000
89336881.json,1.000000,0.000000,0.000000,1.000000,0.724138
893481852.json,1.000000,0.000000,0.000000,0.933333,0.600000
893626377.json,1.000000,0.000000,0.000000,0.777778,0.666667
893652097.json,1.000000,0.000000,0.181818,0.090909,0.818182
894714302.json,1.000000,0.000000,0.055556,1.000000,0.888889
894966094.json,1.000000,0.062500,0.000000,1.000000,0.875000
895110124.json,1.000000,0.000000,0.000000,0.900000,0.800000
895134543.json,1.000000,0.000000,0.000000,0.400000,0.685714
895527867.json,1.000000,0.000000,0.000000,0.592593,0.925926
89553881.json,1.000000,0.000000,0.000000,0.552632,0.815789
895642109.json,1.000000,0.000000,0.000000,1.000000,0.894737
895686099.json,1.000000,0.000000,0.000000,1.000000,0.900000
89603802.json,1.000000,0.000000,0.000000,0.304348,0.739130
896209709.json,1.000000,0.000000,0.000000,0.833333,0.833333
89626858.json,1.000000,0.000000,0.000000,0.687500,0.875000
896283020.json,1.000000,0.000000,0.000000,0.740741,0.592593
896320987.json,1.000000,0.000000,0.000000,0.217391,0.913043
896475033.json,1.000000,0.000000,0.000000,0.812500,0.875000
897131485.json,1.000000,0.055556,0.055556,0.277778,0.777778
897335810.json,1.000000,0.000000,0.000000,1.000000,1.000000
89747134.json,1.000000,0.000000,0.000000,1.000000,0.900000
897495119.json,1.000000,0.000000,0.000000,0.800000,0.400000
897546918.json,1.000000,0.000000,0.064516,0.354839,0.806452
897900023.json,1.000000,0.000000,0.000000,0.576923,0.730769
898317227.json,1.000000,0.058824,0.000000,0.823529,0.882353
898401021.json,1.000000,0.000000,0.000000,0.727273,1.000000
898508998.json,1.000000,0.000000,0.000000,0.961538,0.923077
898520644.json,1.000000,0.000000,0.000000,0.541667,0.791667
899152391.json,1.000000,0.000000,0.000000,0.500000,0.636364
899272074.json,0.900000,0.000000,0.000000,0.600000,0.800000
899487223.json,1.000000,0.000000,0.000000,1.000000,1.000000
899855910.json,1.000000,0.000000,0.000000,0.812500,1.000000
90004906.json,1.000000,0.000000,0.000000,0.894737,0.789474
900743880.json,1.000000,0.000000,0.033333,0.633333,0.933333
90130487.json,1.000000,0.000000,0.000000,1.000000,0.888889
901403322.json,1.000000,0.000000,0.000000,1.000000,0.894737
901635680.json,1.000000,0.000000,0.000000,1.000000,0.894737
902241086.json,1.000000,0.000000,0.000000,0.769231,0.692308
902308799.json,1.000000,0.000000,0.000000,0.470588,0.823529
902394535.json,1.000000,0.000000,0.052632,0.894737,0.894737
902483061.json,1.000000,0.000000,0.000000,1.000000,1.000000
902990407.json,1.000000,0.000000,0.000000,1.000000,1.000000
903207311.json,1.000000,0.000000,0.000000,0.666667,0.481481
903304792.json,1.000000,0.000000,0.000000,1.000000,0.894737
903488205.json,1.000000,0.000000,0.040000,1.000000,0.680000
903909350.json,1.000000,0.000000,0.000000,1.000000,0.750000
904261447.json,1.000000,0.000000,0.000000,0.807692,0.769231
904554701.json,1.000000,0.085714,0.028571,1.000000,0.800000
904976044.json,1.000000,0.000000,0.000000,0.948718,0.564103
904984451.json,1.000000,0.000000,0.000000,0.823529,1.000000
904991423.json,1.000000,0.000000,0.000000,0.869565,0.695652
905154864.json,1.000000,0.025641,0.000000,0.897436,0.897436
905743417.json,1.000000,0.000000,0.000000,0.466667,0.733333
90581035.json,1.000000,0.000000,0.000000,0.548387,0.806452
90629769.json,1.000000,0.000000,0.000000,0.769231,0.576923
90650468.json,1.000000,0.000000,0.000000,1.000000,0.846154
906721603.json,1.000000,0.000000,0.000000,1.000000,1.000000
906742636.json,1.000000,0.000000,0.000000,0.843750,0.718750
906792980.json,1.000000,0.000000,0.000000,1.000000,0.750000
907776408.json,1.000000,0.043478,0.000000,1.000000,1.000000
907852525.json,1.000000,0.000000,0.000000,0.666667,0.818182
90836254.json,1.000000,0.238095,0.095238,0.809524,1.000000
908573890.json,1.000000,0.000000,0.000000,1.000000,1.000000
908868599.json,1.000000,0.000000,0.062500,0.875000,1.000000
908924274.json,1.000000,0.000000,0.000000,0.941176,0.852941
909090879.json,1.000000,0.000000,0.000000,0.866667,1.000000
909429531.json,1.000000,0.000000,0.000000,0.641026,0.794872
909783495.json,1.000000,0.000000,0.000000,0.812500,0.875000
90985111.json,1.000000,0.000000,0.000000,0.500000,0.846154
909911832.json,1.000000,0.000000,0.000000,0.560000,0.480000
910268485.json,1.000000,0.000000,0.000000,0.708333,0.750000
910277877.json,1.000000,0.000000,0.000000,1.000000,0.882353
910556170.json,1.000000,0.000000,0.000000,0.157895,1.000000
910796188.json,1.000000,0.000000,0.000000,1.000000,1.000000
910917594.json,1.000000,0.000000,0.000000,0.666667,0.866667
910983967.json,1.000000,0.000000,0.000000,1.000000,1.000000
911189940.json,1.000000,0.000000,0.000000,1.000000,0.935484
911251599.json,1.000000,0.000000,0.000000,1.000000,0.923077
911362389.json,0.793103,0.000000,0.034483,0.896552,1.000000
911958028.json,1.000000,0.000000,0.000000,1.000000,0.575758
912493208.json,1.000000,0.000000,0.000000,1.000000,0.655172
912717945.json,1.000000,0.000000,0.000000,0.775000,0.625000
912718154.json,0.882353,0.000000,0.000000,0.882353,1.000000
912829858.json,1.000000,0.000000,0.000000,0.812500,0.687500
912997658.json,1.000000,0.000000,0.000000,0.823529,0.764706
913197238.json,1.000000,0.000000,0.055556,0.388889,0.777778
913417455.json,1.000000,0.000000,0.000000,1.000000,1.000000
913428532.json,1.000000,0.000000,0.000000,0.346154,0.692308
913819595.json,1.000000,0.133333,0.000000,1.000000,1.000000
914327865.json,1.000000,0.000000,0.000000,0.892857,0.892857
914348310.json,1.000000,0.000000,0.000000,0.666667,0.777778
915029670.json,1.000000,0.000000,0.000000,0.400000,0.857143
915315629.json,1.000000,0.000000,0.066667,0.466667,0.600000
916173722.json,1.000000,0.000000,0.000000,1.000000,0.923077
916200184.json,1.000000,0.000000,0.000000,0.285714,0.714286
916380902.json,1.000000,0.000000,0.000000,1.000000,0.562500
916460149.json,1.000000,0.000000,0.000000,1.000000,0.785714
916714777.json,1.000000,0.000000,0.000000,0.818182,0.590909
916824597.json,1.000000,0.000000,0.000000,1.000000,0.882353
916999871.json,0.600000,0.050000,0.050000,0.600000,0.850000
917409900.json,1.000000,0.000000,0.041667,0.208333,0.625000
917527673.json,1.000000,0.000000,0.000000,0.772727,0.681818
917821060.json,1.000000,0.000000,0.000000,0.562500,0.625000
917893357.json,1.000000,0.000000,0.000000,0.774194,0.870968
918290286.json,1.000000,0.000000,0.000000,0.608696,0.913043
918530552.json,1.000000,0.000000,0.000000,0.102564,0.769231
918567785.json,1.000000,0.000000,0.000000,0.875000,0.750000
918694667.json,1.000000,0.000000,0.000000,1.000000,1.000000
919209857.json,1.000000,0.000000,0.000000,1.000000,1.000000
91987360.json,1.000000,0.000000,0.000000,1.000000,0.812500
919948977.json,0.948718,0.000000,0.000000,0.358974,0.538462
92008629.json,1.000000,0.000000,0.000000,1.000000,0.800000
920141562.json,1.000000,0.000000,0.041667,0.083333,0.666667
920161789.json,1.000000,0.000000,0.000000,0.823529,1.000000
920600334.json,1.000000,0.000000,0.000000,0.882353,1.000000
920912693.json,1.000000,0.000000,0.025641,0.923077,0.846154
921425403.json,1.000000,0.000000,0.000000,0.769231,0.923077
9215601.json,1.000000,0.000000,0.000000,0.794118,0.764706
922879452.json,0.260870,0.000000,0.000000,0.434783,1.000000
922996159.json,1.000000,0.000000,0.000000,0.133333,0.366667
924024964.json,1.000000,0.000000,0.000000,0.758621,0.931034
924468826.json,1.000000,0.000000,0.000000,1.000000,0.833333
924947617.json,1.000000,0.000000,0.026316,0.947368,0.815789
924989407.json,1.000000,0.000000,0.105263,1.000000,0.789474
925042196.json,1.000000,0.000000,0.000000,1.000000,1.000000
925093034.json,1.000000,0.000000,0.000000,1.000000,0.642857
925108215.json,1.000000,0.000000,0.050000,1.000000,0.900000
925491447.json,1.000000,0.000000,0.000000,1.000000,0.625000
92611270.json,1.000000,0.000000,0.000000,0.894737,0.894737
92619748.json,0.766667,0.000000,0.000000,0.600000,0.933333
926251227.json,1.000000,0.000000,0.000000,0.185185,0.703704
926276203.json,1.000000,0.000000,0.000000,0.705882,0.705882
926601502.json,1.000000,0.000000,0.000000,1.000000,1.000000
926621766.json,1.000000,0.000000,0.000000,1.000000,0.692308
927138931.json,1.000000,0.000000,0.000000,1.000000,0.689655
928268826.json,1.000000,0.000000,0.000000,0.843750,0.656250
928357898.json,1.000000,0.000000,0.000000,0.857143,0.928571
928790596.json,1.000000,0.000000,0.000000,0.789474,0.763158
928802512.json,1.000000,0.000000,0.000000,0.700000,0.700000
929053727.json,1.000000,0.066667,0.066667,1.000000,1.000000
929106715.json,1.000000,0.000000,0.000000,0.948718,0.769231
929149988.json,1.000000,0.000000,0.000000,0.960000,1.000000
929541787.json,1.000000,0.000000,0.000000,1.000000,0.904762
92961713.json,1.000000,0.000000,0.000000,0.612903,1.000000
930307768.json,1.000000,0.000000,0.000000,1.000000,0.789474
93045551.json,1.000000,0.000000,0.000000,1.000000,0.937500
930707151.json,1.000000,0.000000,0.000000,0.807692,0.769231
930876923.json,1.000000,0.000000,0.000000,0.647059,0.882353
931120529.json,1.000000,0.000000,0.000000,0.529412,0.647059
931279718.json,1.000000,0.000000,0.000000,0.437500,0.875000
931341840.json,0.862069,0.000000,0.000000,0.758621,1.000000
931353209.json,1.000000,0.000000,0.000000,0.906250,1.000000
931372425.json,1.000000,0.041667,0.000000,0.791667,0.833333
931734990.json,1.000000,0.000000,0.000000,0.107143,0.464286
931809705.json,1.000000,0.000000,0.052632,1.000000,0.578947
932087148.json,1.000000,0.000000,0.000000,0.742857,0.628571
93288129.json,1.000000,0.000000,0.000000,0.846154,0.615385
93303308.json,1.000000,0.000000,0.000000,0.500000,0.875000
933113757.json,1.000000,0.000000,0.000000,0.423077,1.000000
933149580.json,1.000000,0.000000,0.040000,0.880000,0.760000
93325279.json,1.000000,0.000000,0.105263,0.736842,0.894737
93387439.json,1.000000,0.000000,0.043478,0.913043,0.608696
934045197.json,1.000000,0.000000,0.000000,1.000000,0.705882
934244918.json,1.000000,0.000000,0.000000,0.761905,0.857143
934507518.json,1.000000,0.000000,0.000000,0.459459,0.783784
934957333.json,1.000000,0.000000,0.000000,0.380952,0.523810
935238766.json,1.000000,0.000000,0.000000,1.000000,0.857143
935610943.json,1.000000,0.000000,0.000000,0.393939,0.606061
935710678.json,1.000000,0.000000,0.000000,0.625000,1.000000
936140612.json,1.000000,0.066667,0.066667,0.666667,1.000000
936395385.json,1.000000,0.000000,0.000000,0.800000,0.400000
936878654.json,1.000000,0.000000,0.000000,0.444444,0.555556
937032316.json,1.000000,0.000000,0.000000,0.533333,1.000000
937129081.json,0.941176,0.000000,0.000000,0.264706,0.735294
937519380.json,1.000000,0.000000,0.000000,0.750000,1.000000
937875772.json,0.888889,0.000000,0.000000,0.148148,1.000000
93794790.json,1.000000,0.142857,0.000000,1.000000,1.000000
938236483.json,1.000000,0.000000,0.000000,0.852941,0.941176
938489900.json,0.894737,0.000000,0.000000,0.736842,0.894737
938854610.json,1.000000,0.000000,0.000000,1.000000,1.000000
938895681.json,1.000000,0.000000,0.000000,1.000000,0.875000
938977778.json,1.000000,0.000000,0.000000,0.666667,0.888889
939006666.json,1.000000,0.000000,0.000000,0.777778,0.666667
939590002.json,1.000000,0.000000,0.000000,0.605263,0.684211
940092205.json,1.000000,0.000000,0.000000,1.000000,0.782609
940102022.json,1.000000,0.000000,0.051282,0.974359,0.769231
940246414.json,1.000000,0.000000,0.000000,0.866667,1.000000
940572944.json,1.000000,0.000000,0.000000,0.904762,0.428571
940609782.json,1.000000,0.000000,0.000000,1.000000,1.000000
940609856.json,1.000000,0.000000,0.000000,1.000000,0.741935
940815925.json,1.000000,0.000000,0.000000,1.000000,0.923077
940915823.json,1.000000,0.000000,0.000000,1.000000,0.820513
942086170.json,1.000000,0.000000,0.000000,1.000000,1.000000
942315155.json,1.000000,0.000000,0.000000,0.729730,0.648649
942322168.json,1.000000,0.000000,0.000000,1.000000,0.866667
942393385.json,1.000000,0.000000,0.000000,0.687500,0.468750
942937745.json,1.000000,0.000000,0.000000,0.766667,0.933333
942995473.json,1.000000,0.000000,0.000000,1.000000,1.000000
943812916.json,1.000000,0.000000,0.000000,0.562500,0.750000
944331665.json,1.000000,0.000000,0.000000,0.896552,0.793103
944425027.json,1.000000,0.000000,0.000000,1.000000,1.000000
944965640.json,1.000000,0.176471,0.000000,0.764706,1.000000
945056184.json,1.000000,0.000000,0.000000,1.000000,0.789474
945092631.json,1.000000,0.000000,0.000000,1.000000,1.000000
945444288.json,1.000000,0.000000,0.000000,1.000000,0.750000
945523551.json,1.000000,0.000000,0.051282,0.948718,0.846154
945649030.json,1.000000,0.000000,0.000000,0.466667,0.866667
94567496.json,1.000000,0.066667,0.000000,0.800000,0.866667
945808789.json,1.000000,0.000000,0.000000,0.710526,0.552632
946004421.json,1.000000,0.000000,0.000000,0.833333,1.000000
946155077.json,1.000000,0.000000,0.000000,0.416667,0.666667
946326210.json,1.000000,0.000000,0.000000,0.945946,0.756757
946482201.json,1.000000,0.000000,0.055556,0.944444,1.000000
946873420.json,1.000000,0.000000,0.052632,1.000000,1.000000
947880430.json,1.000000,0.000000,0.000000,1.000000,1.000000
948244346.json,1.000000,0.000000,0.000000,1.000000,0.806452
948660538.json,1.000000,0.000000,0.043478,1.000000,0.739130
948691543.json,1.000000,0.000000,0.000000,0.666667,0.800000
948799371.json,1.000000,0.000000,0.000000,1.000000,0.714286
949003452.json,1.000000,0.000000,0.035714,0.928571,0.642857
949241374.json,1.000000,0.000000,0.000000,0.434783,0.869565
949326027.json,1.000000,0.000000,0.000000,1.000000,1.000000
94972192.json,1.000000,0.111111,0.000000,0.388889,1.000000
949835472.json,1.000000,0.000000,0.000000,1.000000,0.782609
94985368.json,1.000000,0.000000,0.000000,0.956522,0.782609
95002837.json,1.000000,0.000000,0.000000,0.470588,0.588235
950270007.json,1.000000,0.000000,0.000000,0.800000,1.000000
950463144.json,1.000000,0.000000,0.000000,0.931034,0.655172
95057398.json,0.866667,0.000000,0.000000,0.733333,1.000000
950587732.json,1.000000,0.000000,0.000000,1.000000,0.882353
950616343.json,0.875000,0.000000,0.000000,0.562500,0.625000
950634167.json,1.000000,0.000000,0.000000,0.833333,0.611111
950665213.json,1.000000,0.000000,0.000000,0.823529,0.823529
9509375.json,1.000000,0.000000,0.000000,0.875000,1.000000
950976375.json,1.000000,0.000000,0.000000,0.909091,0.545455
951273589.json,1.000000,0.000000,0.000000,1.000000,0.800000
951713565.json,1.000000,0.000000,0.000000,0.954545,0.909091
9518607.json,1.000000,0.000000,0.000000,1.000000,0.933333
953735549.json,1.000000,0.000000,0.000000,0.758621,0.931034
954264050.json,1.000000,0.000000,0.000000,0.444444,0.777778
954358288.json,1.000000,0.000000,0.000000,0.857143,0.809524
954359040.json,1.000000,0.000000,0.000000,0.750000,0.875000
954583680.json,1.000000,0.000000,0.000000,0.500000,0.611111
954696179.json,1.000000,0.000000,0.000000,0.900000,0.950000
955108294.json,1.000000,0.000000,0.000000,0.588235,0.882353
955465580.json,1.000000,0.000000,0.055556,1.000000,1.000000
955792959.json,1.000000,0.000000,0.000000,1.000000,0.687500
956122161.json,1.000000,0.000000,0.000000,0.625000,0.875000
956135105.json,1.000000,0.000000,0.000000,0.675676,0.756757
956282952.json,1.000000,0.000000,0.000000,0.750000,1.000000
956297708.json,1.000000,0.000000,0.000000,0.722222,0.500000
956423672.json,1.000000,0.000000,0.000000,0.823529,0.764706
956695636.json,1.000000,0.000000,0.000000,0.500000,0.392857
956956913.json,1.000000,0.000000,0.000000,0.961538,0.923077
957332737.json,1.000000,0.000000,0.055556,1.000000,1.000000
957446470.json,1.000000,0.000000,0.100000,1.000000,0.900000
957463500.json,1.000000,0.000000,0.000000,0.533333,1.000000
958448504.json,0.916667,0.000000,0.000000,1.000000,0.791667
958611294.json,1.000000,0.000000,0.000000,1.000000,0.923077
958746402.json,1.000000,0.000000,0.000000,1.000000,0.894737
959118255.json,1.000000,0.000000,0.000000,0.833333,0.888889
959785405.json,1.000000,0.000000,0.000000,1.000000,0.888889
960681858.json,1.000000,0.000000,0.000000,1.000000,0.760000
961222195.json,1.000000,0.000000,0.000000,0.846154,1.000000
961369552.json,1.000000,0.000000,0.000000,0.789474,0.894737
96164751.json,1.000000,0.000000,0.000000,1.000000,0.720000
961652748.json,1.000000,0.000000,0.000000,1.000000,0.736842
961776741.json,1.000000,0.000000,0.000000,1.000000,1.000000
961803352.json,1.000000,0.000000,0.000000,0.736842,1.000000
962028751.json,1.000000,0.000000,0.000000,1.000000,0.818182
962444023.json,1.000000,0.000000,0.000000,1.000000,0.756757
962487059.json,1.000000,0.000000,0.000000,0.760000,0.840000
962868921.json,1.000000,0.000000,0.000000,0.741935,0.741935
962870936.json,1.000000,0.000000,0.000000,0.750000,0.687500
963183792.json,1.000000,0.000000,0.071429,0.892857,0.785714
963650294.json,1.000000,0.000000,0.000000,1.000000,1.000000
963887553.json,1.000000,0.000000,0.000000,1.000000,0.642857
96400487.json,1.000000,0.000000,0.030303,0.878788,0.636364
964092871.json,1.000000,0.000000,0.034483,0.827586,0.689655
964375741.json,1.000000,0.000000,0.000000,1.000000,0.676471
964623972.json,1.000000,0.000000,0.000000,0.764706,0.882353
964929172.json,1.000000,0.000000,0.000000,0.531250,0.656250
965693495.json,1.000000,0.000000,0.000000,0.526316,1.000000
965813898.json,1.000000,0.000000,0.000000,1.000000,1.000000
965897906.json,1.000000,0.000000,0.000000,0.793103,0.931034
966050709.json,1.000000,0.000000,0.000000,0.833333,0.833333
966362496.json,1.000000,0.058824,0.058824,1.000000,1.000000
966389576.json,1.000000,0.000000,0.000000,1.000000,0.769231
967008259.json,0.809524,0.047619,0.000000,0.285714,1.000000
967648271.json,1.000000,0.000000,0.000000,0.809524,0.476190
967985764.json,1.000000,0.000000,0.000000,0.846154,1.000000
96809529.json,1.000000,0.000000,0.000000,0.809524,0.476190
968265935.json,1.000000,0.000000,0.000000,0.296296,1.000000
968269031.json,1.000000,0.000000,0.058824,0.882353,0.882353
968315986.json,1.000000,0.000000,0.000000,1.000000,0.666667
9691271.json,1.000000,0.055556,0.000000,1.000000,0.666667
969488420.json,1.000000,0.000000,0.000000,1.000000,0.900000
969758280.json,1.000000,0.000000,0.000000,1.000000,0.652174
969916327.json,1.000000,0.000000,0.000000,1.000000,0.894737
970175324.json,1.000000,0.000000,0.000000,0.800000,1.000000
970336348.json,1.000000,0.000000,0.000000,1.000000,0.900000
970849871.json,1.000000,0.000000,0.047619,0.476190,1.000000
970916773.json,1.000000,0.000000,0.000000,0.875000,0.875000
971009384.json,1.000000,0.000000,0.055556,0.555556,0.833333
971937731.json,1.000000,0.000000,0.000000,0.700000,0.900000
972032597.json,1.000000,0.000000,0.052632,1.000000,0.894737
972230569.json,1.000000,0.000000,0.000000,0.619048,0.428571
972318479.json,1.000000,0.000000,0.000000,0.812500,0.875000
973350802.json,1.000000,0.000000,0.040000,0.880000,1.000000
973475842.json,1.000000,0.000000,0.058824,1.000000,0.882353
974018500.json,1.000000,0.000000,0.000000,0.882353,0.941176
974024561.json,1.000000,0.000000,0.062500,1.000000,1.000000
974035877.json,1.000000,0.000000,0.000000,1.000000,0.782609
974186098.json,1.000000,0.000000,0.000000,1.000000,0.818182
974256266.json,1.000000,0.037037,0.037037,0.407407,1.000000
974519763.json,0.777778,0.000000,0.000000,0.888889,0.555556
974841325.json,1.000000,0.000000,0.000000,1.000000,1.000000
975184681.json,1.000000,0.000000,0.080000,1.000000,0.920000
975500084.json,1.000000,0.000000,0.027027,1.000000,1.000000
975709408.json,1.000000,0.000000,0.000000,1.000000,1.000000
976090269.json,1.000000,0.000000,0.000000,1.000000,1.000000
976216708.json,0.733333,0.000000,0.000000,0.733333,1.000000
976426793.json,1.000000,0.000000,0.000000,0.850000,0.700000
976474840.json,1.000000,0.000000,0.000000,1.000000,1.000000
977136590.json,1.000000,0.000000,0.000000,0.708333,0.833333
977463980.json,1.000000,0.055556,0.055556,1.000000,0.833333
977569295.json,1.000000,0.000000,0.103448,1.000000,0.931034
9783026.json,1.000000,0.000000,0.000000,0.200000,1.000000
978425927.json,1.000000,0.000000,0.000000,0.500000,0.694444
979228726.json,1.000000,0.000000,0.000000,0.866667,0.733333
979376182.json,1.000000,0.000000,0.000000,0.833333,0.933333
979411858.json,1.000000,0.000000,0.000000,0.714286,1.000000
980279895.json,1.000000,0.238095,0.190476,0.904762,0.904762
980422959.json,1.000000,0.000000,0.000000,1.000000,1.000000
980859567.json,1.000000,0.000000,0.000000,1.000000,0.888889
980885908.json,1.000000,0.000000,0.000000,1.000000,1.000000
981180780.json,1.000000,0.000000,0.000000,0.823529,1.000000
981638868.json,1.000000,0.000000,0.000000,0.791667,0.916667
982003568.json,1.000000,0.000000,0.000000,0.769231,0.923077
982151084.json,1.000000,0.000000,0.000000,0.771429,0.742857
982272598.json,1.000000,0.000000,0.000000,0.904762,1.000000
982415739.json,1.000000,0.000000,0.000000,0.906250,0.937500
982591359.json,1.000000,0.000000,0.000000,1.000000,1.000000
982833108.json,1.000000,0.000000,0.000000,0.692308,0.461538
983144637.json,0.931034,0.000000,0.000000,0.586207,0.931034
983158411.json,1.000000,0.000000,0.000000,1.000000,0.666667
983176682.json,1.000000,0.000000,0.000000,1.000000,0.687500
983180084.json,1.000000,0.000000,0.000000,0.777778,0.722222
983641405.json,1.000000,0.000000,0.000000,0.526316,0.684211
983883042.json,1.000000,0.000000,0.000000,1.000000,0.714286
983914451.json,1.000000,0.000000,0.000000,0.638889,0.888889
984180088.json,1.000000,0.000000,0.000000,0.615385,0.653846
984293045.json,0.941176,0.000000,0.000000,0.441176,0.882353
984575062.json,1.000000,0.000000,0.000000,0.818182,0.772727
984656704.json,1.000000,0.000000,0.000000,1.000000,1.000000
985134583.json,1.000000,0.000000,0.000000,1.000000,0.875000
985191094.json,1.000000,0.000000,0.000000,1.000000,1.000000
986023678.json,1.000000,0.000000,0.000000,0.531250,0.531250
986268436.json,1.000000,0.000000,0.000000,1.000000,0.481481
986562647.json,1.000000,0.000000,0.034483,0.724138,0.793103
986570567.json,1.000000,0.000000,0.000000,0.952381,1.000000
986798634.json,1.000000,0.000000,0.000000,0.277778,0.611111
987285524.json,1.000000,0.000000,0.000000,0.904762,0.571429
987845710.json,1.000000,0.000000,0.000000,0.875000,0.875000
988306810.json,1.000000,0.000000,0.000000,1.000000,1.000000
988478814.json,1.000000,0.000000,0.000000,0.823529,1.000000
988654311.json,1.000000,0.000000,0.000000,0.800000,0.840000
988718031.json,1.000000,0.080000,0.000000,0.480000,1.000000
988900710.json,1.000000,0.000000,0.000000,1.000000,1.000000
988935014.json,1.000000,0.000000,0.000000,0.800000,0.840000
98968664.json,1.000000,0.000000,0.040000,1.000000,0.680000
989994773.json,1.000000,0.000000,0.033333,0.900000,0.666667
990237463.json,1.000000,0.000000,0.000000,0.400000,1.000000
990940006.json,1.000000,0.000000,0.000000,0.555556,0.500000
990991927.json,1.000000,0.000000,0.000000,0.750000,1.000000
992451564.json,1.000000,0.000000,0.000000,0.950000,0.700000
992784846.json,1.000000,0.000000,0.000000,0.631579,0.894737
99280153.json,1.000000,0.000000,0.000000,1.000000,0.933333
993317015.json,1.000000,0.000000,0.000000,0.500000,0.684211
993515283.json,1.000000,0.000000,0.000000,1.000000,1.000000
993715515.json,0.916667,0.000000,0.000000,1.000000,0.791667
993774349.json,1.000000,0.000000,0.000000,0.657895,0.578947
993851945.json,1.000000,0.000000,0.000000,0.222222,0.527778
993977474.json,1.000000,0.000000,0.000000,0.846154,0.653846
995685915.json,1.000000,0.000000,0.000000,0.631579,0.631579
995761640.json,1.000000,0.000000,0.000000,0.800000,0.700000
996272950.json,1.000000,0.000000,0.000000,0.562500,0.625000
996275304.json,1.000000,0.000000,0.000000,0.647059,0.764706
997173282.json,1.000000,0.000000,0.000000,1.000000,0.904762
997646573.json,1.000000,0.000000,0.000000,0.526316,0.552632
997881291.json,1.000000,0.000000,0.000000,0.550000,0.850000
997988549.json,1.000000,0.000000,0.000000,1.000000,1.000000
998090875.json,1.000000,0.187500,0.062500,1.000000,1.000000
99862037.json,1.000000,0.000000,0.000000,0.555556,0.500000
998650432.json,1.000000,0.000000,0.000000,1.000000,0.705882
998735764.json,1.000000,0.000000,0.000000,0.652174,0.913043
999188244.json,1.000000,0.000000,0.000000,0.611111,0.777778
