# the graphs of bpmnr.txt laid out by dot, same box sizes
G 100343055.json 18 22
V 76.500000 882.000000 28.000000 28.000000
V 90.496800 812.016000 40.000000 40.000000
V 164.498400 722.016000 28.000000 28.000000
V 154.497600 617.997600 83.000000 68.000000
V 90.496800 722.016000 83.000000 68.000000
V 64.499760 409.996800 83.000000 68.000000
V 64.499760 306.000000 83.000000 68.000000
V 64.499760 202.003200 28.000000 28.000000
V 41.500080 1154.016000 28.000000 28.000000
V 41.500080 1069.992000 83.000000 68.000000
V 41.500080 966.024000 83.000000 68.000000
V 144.496800 409.996800 40.000000 40.000000
V 138.499200 306.000000 28.000000 28.000000
V 188.503200 306.000000 28.000000 28.000000
V 183.499200 514.000800 83.000000 68.000000
V 138.499200 202.003200 83.000000 68.000000
V 138.499200 97.999200 83.000000 68.000000
V 138.499200 13.999680 28.000000 28.000000
E 0 1
E 10 0
E 1 2
E 1 4
E 2 3
E 14 2
E 3 14
E 4 5
E 5 6
E 5 12
E 6 7
E 6 15
E 8 9
E 9 10
E 10 11
E 11 12
E 11 13
E 14 11
E 12 15
E 13 14
E 15 16
E 16 17
G 1005251135.json 31 32
V 247.003200 1098.000000 30.000000 30.000000
V 247.003200 1006.992000 100.000000 80.000000
V 247.003200 891.000000 113.000000 80.000000
V 205.999200 775.008000 100.000000 80.000000
V 122.997600 652.500000 100.000000 80.000000
V 49.999680 529.999200 100.000000 80.000000
V 27.000000 414.000000 28.000000 28.000000
V 205.999200 652.500000 30.000000 30.000000
V 205.999200 529.999200 100.000000 80.000000
V 169.999200 298.000800 100.000000 80.000000
V 169.999200 414.000000 30.000000 30.000000
V 169.999200 182.001600 28.000000 28.000000
V 289.000800 775.008000 30.000000 30.000000
V 289.000800 652.500000 100.000000 80.000000
V 352.000800 529.999200 62.001000 60.173000
V 289.000800 529.999200 28.000000 28.000000
V 74.001600 414.000000 30.000000 30.000000
V 74.001600 298.000800 30.000000 30.000000
V 74.001600 182.001600 100.000000 80.000000
V 49.999680 14.999760 28.000000 28.000000
V 49.999680 85.996800 40.000000 40.000000
V 96.998400 14.999760 30.000000 30.000000
V 455.997600 775.008000 30.000000 30.000000
V 455.997600 652.500000 113.000000 93.000000
V 499.003200 529.999200 100.000000 80.000000
V 498.002400 414.000000 28.000000 28.000000
V 416.001600 529.999200 30.000000 30.000000
V 416.001600 414.000000 100.000000 80.000000
V 456.998400 298.000800 30.000000 30.000000
V 456.998400 182.001600 113.000000 80.000000
V 456.998400 85.996800 28.000000 28.000000
E 0 1
E 1 2
E 2 3
E 2 12
E 3 4
E 3 7
E 4 5
E 4 10
E 5 6
E 5 16
E 7 8
E 8 10
E 10 9
E 9 11
E 12 13
E 13 14
E 13 15
E 23 14
E 16 17
E 17 18
E 18 20
E 21 18
E 20 19
E 20 21
E 22 23
E 23 24
E 24 25
E 25 28
E 26 27
E 27 28
E 28 29
E 29 30
G 1013385050.json 16 17
V 109.000800 1210.968000 30.000000 30.000000
V 109.000800 1120.032000 100.000000 80.000000
V 109.000800 231.998400 100.000000 80.000000
V 109.000800 136.000800 40.000000 40.000000
V 49.999680 40.000320 100.000000 80.000000
V 167.997600 40.000320 100.000000 80.000000
V 192.002400 1120.032000 30.000000 30.000000
V 189.000000 1003.968000 100.000000 80.000000
V 189.000000 655.999200 100.000000 80.000000
V 189.000000 560.001600 40.000000 40.000000
V 187.999200 463.996800 100.000000 80.000000
V 189.000000 771.984000 100.000000 80.000000
V 306.000000 463.996800 100.000000 80.000000
V 189.000000 347.997600 100.000000 80.000000
V 191.001600 231.998400 28.000000 28.000000
V 189.000000 887.976000 100.000000 80.000000
E 0 1
E 1 2
E 1 7
E 2 3
E 13 2
E 3 4
E 3 5
E 6 7
E 7 15
E 8 9
E 11 8
E 9 10
E 9 12
E 10 13
E 15 11
E 12 13
E 13 14
G 1021091398.json 29 36
V 310.996800 2053.008000 30.000000 30.000000
V 235.000800 1857.024000 63.875000 57.946000
V 310.996800 1962.000000 197.000000 80.000000
V 310.996800 1857.024000 51.849000 51.897000
V 374.997600 1857.024000 40.000000 40.000000
V 329.997600 1751.976000 115.000000 80.000000
V 267.998400 1432.008000 100.000000 80.000000
V 267.998400 1548.000000 100.000000 80.000000
V 267.998400 1307.520000 88.000000 97.000000
V 329.997600 1650.024000 51.849000 51.897000
V 156.002400 1174.464000 100.000000 80.000000
V 156.002400 1307.520000 100.000000 80.000000
V 43.999920 1174.464000 88.000000 97.000000
V 155.001600 1049.976000 141.000000 80.000000
V 119.001600 832.032000 51.849000 51.897000
V 133.999200 498.002400 127.000000 80.000000
V 265.003200 614.001600 127.000000 80.000000
V 192.002400 933.984000 100.000000 80.000000
V 270.000000 1049.976000 51.849000 51.897000
V 221.997600 832.032000 40.000000 40.000000
V 265.003200 498.002400 87.924500 68.500000
V 427.003200 614.001600 51.849000 51.897000
V 427.003200 730.008000 264.000000 80.000000
V 132.998400 37.000080 51.849000 51.897000
V 133.999200 382.003200 100.000000 80.000000
V 173.001600 265.996800 100.000000 80.000000
V 211.003200 149.997600 100.000000 80.000000
V 201.002400 37.000080 28.000000 28.000000
V 276.998400 37.000080 87.924500 74.397000
E 0 2
U 2 1
U 2 3
E 2 4
E 4 5
E 4 22
E 5 7
U 5 9
E 7 6
E 6 8
U 9 6
E 6 11
U 9 7
E 11 10
E 10 13
E 11 12
U 13 14
E 13 17
U 14 15
E 16 15
E 15 24
U 18 16
E 19 16
E 16 20
E 22 16
U 18 17
E 17 19
E 19 22
U 22 21
U 24 23
U 25 23
U 26 23
E 24 25
E 25 26
E 26 27
E 26 28
G 102300656.json 26 34
V 434.001600 1711.008000 30.000000 30.000000
V 376.999200 1373.976000 100.000000 80.000000
V 376.999200 1278.000000 40.000000 40.000000
V 319.996800 1182.024000 100.000000 80.000000
V 502.999200 1182.024000 100.000000 80.000000
V 483.998400 601.999200 100.000000 80.000000
V 463.996800 326.001600 100.000000 80.000000
V 463.996800 229.996800 40.000000 40.000000
V 365.997600 133.999200 100.000000 80.000000
V 483.998400 29.000160 28.000000 28.000000
V 365.997600 29.000160 100.000000 50.000000
V 318.002400 1711.008000 63.875000 57.946000
V 106.999200 1606.032000 214.001000 71.000000
V 271.000800 949.968000 100.000000 80.000000
V 271.000800 833.976000 28.000000 28.000000
V 319.996800 1066.032000 100.000000 80.000000
V 434.001600 1606.032000 100.000000 80.000000
V 483.998400 133.999200 100.000000 80.000000
V 396.000000 1489.968000 100.000000 80.000000
V 502.999200 1066.032000 100.000000 80.000000
V 502.999200 717.998400 100.000000 80.000000
V 502.999200 949.968000 100.000000 80.000000
V 502.999200 833.976000 100.000000 80.000000
V 562.003200 29.000160 63.875000 57.946000
V 483.998400 504.000000 100.000000 44.000000
V 483.998400 424.000800 100.000000 44.000000
E 0 16
E 1 2
U 11 1
E 18 1
E 2 3
E 2 4
U 11 3
E 3 15
U 11 4
E 4 19
E 5 6
E 20 5
E 5 24
E 6 7
E 25 6
E 7 8
E 7 17
U 8 10
E 8 19
E 17 9
U 11 12
U 11 13
U 11 16
U 11 18
E 13 14
E 15 13
E 16 18
U 17 23
E 19 21
U 19 23
E 22 20
U 20 23
E 21 22
E 24 25
G 1031360578.json 32 32
V 145.000800 1128.024000 40.000000 40.000000
V 145.000800 1051.992000 40.000000 40.000000
V 79.999200 981.000000 30.000000 30.000000
V 145.000800 981.000000 30.000000 30.000000
V 63.000000 889.992000 28.000000 28.000000
V 145.000800 889.992000 100.000000 80.000000
V 121.003200 1199.016000 30.000000 30.000000
V 145.000800 794.016000 30.000000 30.000000
V 144.000000 697.996800 40.000000 40.000000
V 13.999680 581.997600 28.000000 28.000000
V 60.999840 581.997600 30.000000 30.000000
V 168.998400 1199.016000 30.000000 30.000000
V 144.000000 581.997600 100.000000 80.000000
V 144.000000 486.000000 40.000000 40.000000
V 130.996800 415.000800 30.000000 30.000000
V 178.999200 415.000800 30.000000 30.000000
V 218.001600 344.001600 40.000000 40.000000
V 218.001600 247.996800 100.000000 80.000000
V 218.001600 151.999200 40.000000 40.000000
V 193.996800 81.000000 30.000000 30.000000
V 241.999200 81.000000 30.000000 30.000000
V 193.996800 14.999760 28.000000 28.000000
V 241.999200 14.999760 30.000000 30.000000
V 130.996800 344.001600 30.000000 30.000000
V 130.996800 247.996800 30.000000 30.000000
V 228.002400 981.000000 30.000000 30.000000
V 264.002400 889.992000 100.000000 80.000000
V 264.002400 794.016000 40.000000 40.000000
V 264.002400 697.996800 100.000000 80.000000
V 265.003200 581.997600 30.000000 30.000000
V 382.003200 697.996800 100.000000 80.000000
V 382.003200 581.997600 28.000000 28.000000
E 0 1
E 6 0
E 11 0
E 1 2
E 1 3
E 1 25
E 2 4
E 3 5
E 5 7
E 7 8
E 8 9
E 8 10
E 8 12
E 8 16
E 12 13
E 13 14
E 13 15
E 14 23
E 15 16
E 16 17
E 17 18
E 18 19
E 18 20
E 19 21
E 20 22
E 23 24
E 25 26
E 26 27
E 27 28
E 27 30
E 28 29
E 30 31
G 1035394039.json 26 26
V 561.002400 1468.008000 100.000000 80.000000
V 561.002400 1352.016000 100.000000 80.000000
V 403.999200 928.008000 100.000000 80.000000
V 167.997600 928.008000 100.000000 80.000000
V 522.000000 1255.968000 40.000000 40.000000
V 522.000000 1159.992000 100.000000 80.000000
V 345.002400 1159.992000 100.000000 80.000000
V 522.000000 1044.000000 100.000000 80.000000
V 522.000000 928.008000 100.000000 80.000000
V 561.002400 696.002400 100.000000 80.000000
V 561.002400 812.016000 40.000000 40.000000
V 285.998400 928.008000 100.000000 80.000000
V 315.000000 1044.000000 40.000000 40.000000
V 285.998400 812.016000 100.000000 80.000000
V 403.999200 812.016000 100.000000 80.000000
V 403.999200 696.002400 100.000000 80.000000
V 167.997600 812.016000 100.000000 80.000000
V 167.997600 696.002400 100.000000 80.000000
V 167.997600 580.003200 100.000000 80.000000
V 167.997600 463.996800 100.000000 80.000000
V 167.997600 347.997600 100.000000 80.000000
V 167.997600 252.000000 40.000000 40.000000
V 109.000800 156.002400 100.000000 80.000000
V 227.001600 156.002400 100.000000 80.000000
V 109.000800 40.000320 100.000000 80.000000
V 49.999680 812.016000 100.000000 80.000000
E 0 1
E 1 4
E 10 1
E 12 2
E 2 14
E 12 3
E 3 16
E 3 25
E 4 5
E 4 6
E 5 7
E 6 12
E 7 8
E 8 10
E 10 9
E 12 11
E 11 13
E 14 15
E 16 17
E 17 18
E 18 19
E 19 20
E 20 21
E 21 22
E 21 23
E 22 24
G 1042142536.json 15 16
V 93.002400 1032.984000 30.000000 30.000000
V 93.002400 941.976000 100.000000 80.000000
V 93.002400 825.984000 100.000000 80.000000
V 303.998400 13.999680 28.000000 28.000000
V 93.002400 734.976000 30.000000 30.000000
V 93.002400 663.998400 40.000000 40.000000
V 49.999680 452.001600 100.000000 80.000000
V 135.000000 568.000800 100.000000 80.000000
V 216.000000 220.003200 40.000000 40.000000
V 185.997600 103.996800 100.000000 80.000000
V 303.998400 103.996800 100.000000 80.000000
V 108.000000 13.999680 28.000000 28.000000
V 138.002400 452.001600 40.000000 40.000000
V 128.001600 220.003200 100.000000 80.000000
V 212.997600 336.002400 100.000000 80.000000
E 0 1
E 1 2
E 2 4
E 10 3
E 4 5
E 5 6
E 5 7
E 6 11
E 7 12
E 8 9
E 8 10
E 14 8
E 9 11
E 13 11
E 12 13
E 12 14
G 1044157575.json 20 23
V 108.000000 1555.992000 30.000000 30.000000
V 108.000000 1464.984000 100.000000 80.000000
V 51.999840 1340.496000 88.000000 97.000000
V 164.001600 1340.496000 100.000000 80.000000
V 108.000000 1207.512000 88.000000 97.000000
V 220.003200 1207.512000 100.000000 80.000000
V 220.003200 1083.024000 100.000000 80.000000
V 184.003200 958.464000 88.000000 97.000000
V 220.003200 833.976000 100.000000 80.000000
V 108.000000 709.502400 100.000000 80.000000
V 220.003200 709.502400 88.000000 97.000000
V 226.000800 585.000000 63.875000 57.946000
V 87.998400 585.000000 100.000000 80.000000
V 87.998400 469.000800 100.000000 80.000000
V 49.999680 353.001600 100.000000 80.000000
V 49.999680 237.002400 100.000000 80.000000
V 49.999680 112.500000 100.000000 80.000000
V 27.000000 13.999680 28.000000 28.000000
V 73.000800 13.999680 28.000000 28.000000
V 164.001600 112.500000 88.000000 97.000000
E 0 1
E 1 2
E 1 3
E 3 4
E 3 5
E 5 6
E 6 7
E 6 8
E 7 8
E 8 9
E 8 10
E 19 8
E 9 12
E 9 19
U 10 11
E 12 13
E 13 14
E 13 19
E 14 15
E 15 16
E 15 19
E 16 17
E 16 18
G 1052297546.json 15 15
V 97.999200 1065.024000 100.000000 80.000000
V 97.999200 716.997600 100.000000 80.000000
V 97.999200 949.032000 100.000000 80.000000
V 97.999200 1156.032000 30.000000 30.000000
V 97.999200 625.996800 30.000000 30.000000
V 97.999200 832.968000 100.000000 80.000000
V 56.000160 228.499200 112.021037 65.500000
V 76.996800 311.997600 30.000000 30.000000
V 66.000240 145.000800 30.000000 30.000000
V 66.000240 78.998400 28.000000 28.000000
V 97.999200 469.000800 100.000000 80.000000
V 97.999200 560.001600 30.000000 30.000000
V 97.999200 378.000000 30.000000 30.000000
V 130.996800 78.998400 30.000000 30.000000
V 130.996800 13.999680 28.000000 28.000000
E 0 2
E 3 0
E 1 4
E 5 1
E 2 5
E 4 11
E 7 6
E 6 8
E 12 7
E 8 9
E 8 13
E 11 10
E 10 12
E 12 13
E 13 14
G 1055713863.json 15 15
V 86.997600 801.000000 30.000000 30.000000
V 86.997600 709.999200 100.000000 80.000000
V 86.997600 594.000000 100.000000 80.000000
V 86.997600 478.000800 100.000000 80.000000
V 151.999200 295.999200 100.000000 80.000000
V 151.999200 200.001600 40.000000 40.000000
V 167.997600 103.996800 100.000000 80.000000
V 151.999200 387.000000 30.000000 30.000000
V 167.997600 13.999680 28.000000 28.000000
V 93.002400 387.000000 30.000000 30.000000
V 204.998400 709.999200 100.000000 80.000000
V 204.998400 594.000000 100.000000 80.000000
V 204.998400 387.000000 28.000000 28.000000
V 204.998400 478.000800 100.000000 80.000000
V 49.999680 103.996800 100.000000 80.000000
E 0 1
E 1 2
E 2 3
E 3 7
E 3 9
E 14 3
E 4 5
E 7 4
E 5 6
E 5 14
E 6 8
E 13 7
E 10 11
E 11 13
E 13 12
G 1058400286.json 18 23
V 130.003200 1323.000000 30.000000 30.000000
V 130.003200 1231.992000 100.000000 80.000000
V 130.003200 1116.000000 100.000000 80.000000
V 49.999680 103.996800 100.000000 80.000000
V 49.999680 13.999680 28.000000 28.000000
V 130.003200 1020.528000 30.000000 30.000000
V 196.999200 924.984000 100.000000 80.000000
V 119.001600 829.008000 80.000000 39.000000
V 204.998400 1020.528000 84.000000 39.000000
V 196.999200 829.008000 40.000000 40.000000
V 246.002400 733.032000 100.000000 80.000000
V 130.003200 220.003200 100.000000 80.000000
V 131.997600 103.996800 28.000000 28.000000
V 128.001600 733.032000 100.000000 80.000000
V 123.998400 630.000000 84.000000 54.000000
V 153.000000 526.996800 100.000000 80.000000
V 153.000000 410.997600 100.000000 80.000000
V 177.998400 315.496800 84.000000 39.000000
E 0 1
E 1 2
E 2 3
E 2 5
E 10 2
E 3 4
E 11 3
E 5 6
E 6 7
E 8 6
E 6 9
E 10 6
E 7 13
E 9 10
E 9 13
E 11 12
E 16 11
E 17 11
E 13 14
E 13 15
E 14 15
E 15 16
E 16 17
G 1060796505.json 35 42
V 582.998400 1967.976000 100.000000 80.000000
V 598.003200 1044.000000 100.000000 80.000000
V 88.999200 812.016000 100.000000 80.000000
V 49.999680 40.000320 100.000000 80.000000
V 582.998400 2058.984000 30.000000 30.000000
V 492.998400 1851.984000 100.000000 80.000000
V 519.998400 1159.992000 100.000000 80.000000
V 480.002400 1044.000000 100.000000 80.000000
V 480.002400 928.008000 100.000000 80.000000
V 128.001600 696.002400 100.000000 80.000000
V 130.003200 156.002400 100.000000 80.000000
V 492.998400 1967.976000 30.000000 30.000000
V 131.997600 40.000320 28.000000 28.000000
V 401.997600 1735.992000 100.000000 80.000000
V 401.997600 1640.016000 40.000000 40.000000
V 519.998400 1543.968000 100.000000 80.000000
V 283.996800 1543.968000 100.000000 80.000000
V 401.997600 1543.968000 100.000000 80.000000
V 401.997600 1447.992000 40.000000 40.000000
V 401.997600 1372.032000 40.000000 40.000000
V 519.998400 1275.984000 100.000000 80.000000
V 401.997600 1275.984000 100.000000 80.000000
V 363.002400 1159.992000 100.000000 80.000000
V 362.001600 1044.000000 40.000000 40.000000
V 362.001600 928.008000 100.000000 80.000000
V 303.998400 812.016000 40.000000 40.000000
V 303.998400 696.002400 40.000000 40.000000
V 205.999200 580.003200 100.000000 80.000000
V 324.000000 580.003200 100.000000 80.000000
V 306.000000 463.996800 100.000000 80.000000
V 270.000000 367.999200 40.000000 40.000000
V 187.999200 272.001600 28.000000 28.000000
V 270.000000 156.002400 30.000000 30.000000
V 401.997600 1851.984000 30.000000 30.000000
V 270.000000 272.001600 100.000000 80.000000
E 0 1
E 4 0
E 0 5
E 6 1
E 2 3
E 2 9
E 10 3
E 11 5
E 5 13
E 6 7
E 20 6
E 7 8
E 21 7
E 9 10
E 9 27
E 10 12
E 34 10
E 13 14
E 27 13
E 33 13
E 14 15
E 14 16
E 14 17
E 15 18
E 16 18
E 17 18
E 18 19
E 19 20
E 19 21
E 21 22
E 22 23
E 23 24
E 23 25
E 24 25
E 25 26
E 26 27
E 26 28
E 28 29
E 29 30
E 30 31
E 30 34
E 34 32
G 1064982122.json 18 18
V 138.002400 1498.968000 40.000000 40.000000
V 85.996800 1403.496000 151.213786 79.192984
V 81.000000 712.497600 151.213786 81.000000
V 81.000000 363.499200 161.761423 81.000000
V 85.003200 1289.016000 145.731795 78.385968
V 142.999200 84.002400 40.000000 40.000000
V 121.996800 155.001600 30.000000 30.000000
V 142.999200 13.999680 28.000000 28.000000
V 82.000800 1059.984000 131.095274 80.000000
V 138.002400 1570.032000 30.000000 30.000000
V 88.999200 246.499200 131.095274 80.807016
V 138.002400 1752.984000 30.000000 30.000000
V 138.002400 1661.472000 161.761423 80.807016
V 81.000000 596.001600 151.213786 80.000000
V 81.000000 480.002400 138.279432 80.000000
V 81.000000 945.000000 161.761423 78.385968
V 81.000000 829.512000 161.761423 80.807016
V 83.001600 1174.968000 145.731795 78.385968
E 0 1
E 5 0
E 9 0
E 1 4
E 2 13
E 16 2
E 3 10
E 14 3
E 4 17
E 6 5
E 5 7
E 10 6
E 8 15
E 17 8
E 12 9
E 11 12
E 13 14
E 15 16
G 1071361509.json 32 35
V 198.000000 401.997600 100.000000 80.000000
V 256.996800 285.998400 100.000000 80.000000
V 295.999200 103.996800 100.000000 80.000000
V 295.999200 194.997600 30.000000 30.000000
V 295.999200 13.999680 28.000000 28.000000
V 164.001600 1391.976000 100.000000 80.000000
V 164.001600 1275.984000 40.000000 40.000000
V 52.999920 1159.992000 100.000000 80.000000
V 52.999920 1064.016000 28.000000 28.000000
V 167.997600 786.024000 100.000000 80.000000
V 167.997600 689.997600 40.000000 40.000000
V 49.999680 594.000000 100.000000 80.000000
V 171.000000 1159.992000 100.000000 80.000000
V 285.998400 594.000000 100.000000 80.000000
V 167.997600 594.000000 100.000000 80.000000
V 167.997600 498.002400 40.000000 40.000000
V 285.998400 498.002400 28.000000 28.000000
V 184.003200 1482.984000 30.000000 30.000000
V 167.997600 877.032000 30.000000 30.000000
V 208.000800 1689.984000 100.000000 80.000000
V 208.000800 1780.992000 30.000000 30.000000
V 364.003200 1159.992000 100.000000 80.000000
V 252.000000 1275.984000 100.000000 80.000000
V 208.000800 1573.992000 100.000000 80.000000
V 241.999200 1482.984000 30.000000 30.000000
V 252.000000 1391.976000 40.000000 40.000000
V 370.000800 1275.984000 100.000000 80.000000
V 307.000800 967.968000 28.000000 28.000000
V 307.000800 1064.016000 40.000000 40.000000
V 220.003200 967.968000 100.000000 80.000000
V 202.996800 1064.016000 30.000000 30.000000
V 220.003200 877.032000 28.000000 28.000000
E 0 1
E 15 0
E 1 3
E 3 2
E 2 4
E 21 3
E 5 6
E 17 5
E 6 7
E 6 12
E 7 8
E 9 10
E 18 9
E 10 11
E 10 13
E 10 14
E 11 15
E 12 18
E 12 30
E 13 16
E 14 15
E 23 17
E 29 18
E 20 19
E 19 23
E 26 21
E 21 28
E 25 22
E 22 28
E 23 24
E 24 25
E 25 26
E 28 27
E 30 29
E 29 31
G 1072036927.json 20 21
V 202.996800 1078.992000 100.000000 80.000000
V 202.996800 1170.000000 30.000000 30.000000
V 115.999200 724.968000 28.000000 28.000000
V 129.002400 569.001600 30.000000 30.000000
V 112.003200 478.000800 100.000000 80.000000
V 127.000800 382.003200 40.000000 40.000000
V 174.002400 310.996800 30.000000 30.000000
V 49.999680 220.003200 100.000000 80.000000
V 132.998400 220.003200 30.000000 30.000000
V 132.998400 13.999680 28.000000 28.000000
V 202.996800 963.000000 100.000000 80.000000
V 162.000000 838.512000 40.000000 40.000000
V 167.997600 724.968000 40.000000 40.000000
V 167.997600 640.000800 40.000000 40.000000
V 127.000800 310.996800 28.000000 28.000000
V 122.997600 103.996800 30.000000 30.000000
V 216.000000 220.003200 100.000000 80.000000
V 244.000800 838.512000 88.000000 97.000000
V 211.003200 103.996800 100.000000 80.000000
V 244.000800 724.968000 63.875000 57.946000
E 1 0
E 0 10
E 11 2
E 3 4
E 13 3
E 4 5
E 5 6
E 5 14
E 6 8
E 13 6
E 6 16
E 7 9
E 7 15
E 18 9
E 10 11
E 10 17
E 11 12
E 12 13
E 16 15
E 16 18
U 17 19
G 1073171981.json 39 46
V 450.000000 732.024000 100.000000 80.000000
V 447.998400 635.997600 40.000000 40.000000
V 447.998400 540.000000 100.000000 80.000000
V 370.000800 430.999200 40.000000 40.000000
V 335.001600 321.998400 100.000000 80.000000
V 487.000800 430.999200 63.000000 66.000000
V 272.001600 1182.024000 100.000000 80.000000
V 310.996800 1066.032000 100.000000 80.000000
V 232.999200 949.968000 63.000000 66.000000
V 340.999200 949.968000 116.000000 80.000000
V 335.001600 841.032000 40.000000 40.000000
V 139.996800 1606.032000 100.000000 80.000000
V 139.996800 1509.984000 40.000000 40.000000
V 81.000000 1414.008000 100.000000 80.000000
V 199.000800 1414.008000 100.000000 80.000000
V 272.001600 1298.016000 100.000000 80.000000
V 230.997600 1722.024000 63.000000 66.000000
V 172.000800 1298.016000 63.000000 66.000000
V 100.000800 1929.024000 30.000000 30.000000
V 100.000800 1838.016000 100.000000 80.000000
V 49.999680 1722.024000 100.000000 80.000000
V 149.997600 1722.024000 63.000000 66.000000
V 81.000000 1298.016000 28.000000 28.000000
V 199.000800 212.997600 40.000000 40.000000
V 164.001600 103.996800 100.000000 80.000000
V 164.001600 13.999680 28.000000 28.000000
V 129.002400 212.997600 63.000000 66.000000
V 213.998400 732.024000 100.000000 80.000000
V 167.997600 635.997600 40.000000 40.000000
V 132.998400 949.968000 100.000000 80.000000
V 87.998400 841.032000 40.000000 40.000000
V 95.997600 540.000000 100.000000 80.000000
V 204.998400 841.032000 63.000000 66.000000
V 331.999200 732.024000 100.000000 80.000000
V 254.001600 635.997600 40.000000 40.000000
V 254.001600 540.000000 100.000000 80.000000
V 199.000800 430.999200 40.000000 40.000000
V 199.000800 321.998400 100.000000 80.000000
V 271.000800 430.999200 63.000000 66.000000
E 0 1
E 5 0
E 10 0
E 1 2
E 1 3
E 2 3
E 2 5
E 3 4
E 4 23
E 6 7
E 6 8
E 15 6
E 7 8
E 7 9
E 9 10
E 10 27
E 10 33
E 11 12
E 16 11
E 20 11
E 12 13
E 12 14
E 13 22
E 14 15
E 14 17
E 18 19
E 19 20
E 19 21
E 23 24
E 31 23
E 37 23
E 24 25
E 26 24
E 27 28
E 32 27
E 28 29
E 29 30
E 29 32
E 30 31
E 33 34
E 38 33
E 34 35
E 34 36
E 35 36
E 35 38
E 36 37
G 1073989552.json 17 17
V 109.000800 1078.992000 30.000000 30.000000
V 109.000800 987.984000 100.000000 80.000000
V 109.000800 871.992000 100.000000 80.000000
V 109.000800 776.016000 40.000000 40.000000
V 49.999680 679.996800 100.000000 80.000000
V 49.999680 583.999200 28.000000 28.000000
V 167.997600 679.996800 100.000000 80.000000
V 167.997600 583.999200 40.000000 40.000000
V 109.000800 488.001600 100.000000 80.000000
V 227.001600 488.001600 100.000000 80.000000
V 167.997600 391.996800 40.000000 40.000000
V 167.997600 295.999200 100.000000 80.000000
V 167.997600 200.001600 40.000000 40.000000
V 109.000800 103.996800 100.000000 80.000000
V 227.001600 103.996800 100.000000 80.000000
V 227.001600 13.999680 28.000000 28.000000
V 109.000800 13.999680 28.000000 28.000000
E 0 1
E 1 2
E 2 3
E 3 4
E 3 6
E 4 5
E 6 7
E 7 8
E 7 9
E 8 10
E 9 10
E 10 11
E 11 12
E 12 13
E 12 14
E 13 16
E 14 15
G 1075086604.json 26 28
V 407.498400 103.996800 100.000000 80.000000
V 407.498400 13.999680 28.000000 28.000000
V 267.501600 652.500000 100.000000 80.000000
V 346.500000 411.998400 107.000000 76.000000
V 212.500800 1542.024000 30.000000 30.000000
V 212.500800 1332.000000 100.000000 80.000000
V 85.500000 1154.520000 171.000000 48.000000
V 276.501600 973.512000 100.000000 80.000000
V 326.498400 852.984000 100.000000 80.000000
V 407.498400 220.003200 100.000000 80.000000
V 212.500800 1235.520000 40.000000 40.000000
V 276.501600 1154.520000 174.000000 49.000000
V 468.496800 1154.520000 173.000000 46.000000
V 276.501600 1074.024000 40.000000 40.000000
V 212.500800 1449.504000 103.000000 83.000000
V 308.498400 1235.520000 115.000000 37.000000
V 385.502400 652.500000 100.000000 80.000000
V 377.503200 973.512000 65.000000 89.000000
V 326.498400 757.008000 40.000000 40.000000
V 407.498400 316.000800 40.000000 40.000000
V 488.498400 527.997600 100.000000 80.000000
V 481.500000 411.998400 100.000000 80.000000
V 468.496800 1235.520000 113.000000 40.000000
V 495.496800 652.500000 84.000000 97.000000
V 591.501600 652.500000 71.000000 95.000000
V 85.500000 1235.520000 121.000000 41.000000
E 0 1
E 9 0
E 2 3
E 18 2
E 3 19
E 4 14
E 5 10
E 14 5
E 10 6
E 6 13
U 25 6
E 7 8
E 13 7
E 17 8
E 8 18
E 19 9
E 10 11
E 10 12
E 11 13
U 15 11
E 12 13
U 22 12
E 18 16
E 16 20
E 21 19
E 20 21
E 23 20
E 24 20
G 1075479164.json 30 34
V 297.000000 1927.008000 30.000000 30.000000
V 297.000000 1836.000000 100.000000 80.000000
V 297.000000 1720.008000 100.000000 80.000000
V 297.000000 1604.016000 100.000000 80.000000
V 297.000000 1391.976000 40.000000 40.000000
V 238.003200 1296.000000 100.000000 80.000000
V 384.998400 1296.000000 100.000000 80.000000
V 178.999200 1180.008000 100.000000 80.000000
V 49.999680 987.984000 100.000000 80.000000
V 167.997600 987.984000 100.000000 80.000000
V 285.998400 987.984000 100.000000 80.000000
V 400.003200 1180.008000 100.000000 80.000000
V 403.999200 987.984000 100.000000 80.000000
V 522.000000 987.984000 100.000000 80.000000
V 175.003200 1084.032000 40.000000 40.000000
V 403.999200 1084.032000 40.000000 40.000000
V 297.000000 1488.024000 100.000000 80.000000
V 167.997600 892.008000 40.000000 40.000000
V 167.997600 796.032000 100.000000 80.000000
V 167.997600 699.998400 40.000000 40.000000
V 109.000800 604.000800 100.000000 80.000000
V 167.997600 508.003200 40.000000 40.000000
V 167.997600 200.001600 40.000000 40.000000
V 167.997600 411.998400 100.000000 80.000000
V 109.000800 103.996800 100.000000 80.000000
V 227.001600 103.996800 100.000000 80.000000
V 167.997600 13.999680 28.000000 28.000000
V 463.003200 892.008000 28.000000 28.000000
V 227.001600 604.000800 100.000000 80.000000
V 167.997600 295.999200 100.000000 80.000000
E 0 1
E 1 2
E 2 3
E 3 16
E 4 5
E 4 6
E 16 4
E 5 7
E 6 11
E 7 14
E 14 8
E 8 17
E 14 9
E 9 17
E 14 10
E 10 17
E 11 15
E 15 12
E 12 27
E 15 13
E 13 27
E 17 18
E 18 19
E 19 20
E 19 28
E 20 21
E 21 23
E 28 21
E 22 24
E 22 25
E 29 22
E 23 29
E 24 26
E 25 26
G 1080396160.json 34 42
V 141.998400 997.992000 100.000000 80.000000
V 175.996800 699.998400 100.000000 80.000000
V 223.999200 583.999200 100.000000 80.000000
V 97.999200 492.998400 30.000000 30.000000
V 223.999200 285.998400 30.000000 30.000000
V 221.997600 1321.992000 40.000000 40.000000
V 167.997600 1514.016000 100.000000 80.000000
V 249.998400 1705.968000 100.000000 80.000000
V 49.999680 1514.016000 100.000000 80.000000
V 135.000000 1609.992000 40.000000 40.000000
V 164.001600 1417.968000 40.000000 40.000000
V 129.002400 1089.000000 30.000000 30.000000
V 49.999680 1417.968000 28.000000 28.000000
V 187.999200 1609.992000 30.000000 30.000000
V 141.998400 815.976000 40.000000 40.000000
V 241.999200 194.997600 30.000000 30.000000
V 241.999200 103.996800 100.000000 80.000000
V 241.999200 13.999680 28.000000 28.000000
V 247.003200 815.976000 100.000000 80.000000
V 264.002400 699.998400 40.000000 40.000000
V 303.998400 401.997600 100.000000 80.000000
V 105.998400 1417.968000 30.000000 30.000000
V 227.001600 1089.000000 30.000000 30.000000
V 227.001600 906.984000 30.000000 30.000000
V 303.998400 492.998400 30.000000 30.000000
V 95.997600 1226.016000 40.000000 40.000000
V 84.002400 1155.024000 28.000000 28.000000
V 130.996800 1155.024000 30.000000 30.000000
V 307.000800 583.999200 30.000000 30.000000
V 227.001600 997.992000 30.000000 30.000000
V 140.997600 583.999200 30.000000 30.000000
V 95.997600 1321.992000 100.000000 80.000000
V 307.000800 285.998400 100.000000 80.000000
V 307.000800 194.997600 28.000000 28.000000
E 3 0
E 0 14
E 0 23
E 1 2
E 14 1
E 2 4
E 2 24
E 14 3
E 30 3
E 4 15
E 20 4
E 5 6
E 5 7
E 10 5
E 9 6
E 6 10
E 13 6
E 6 21
E 7 9
E 7 22
E 9 8
E 8 12
E 10 11
E 26 11
E 15 16
E 32 15
E 16 17
E 18 19
E 23 18
E 19 28
E 19 30
E 24 20
E 20 32
E 21 31
E 27 22
E 22 29
E 29 23
E 28 24
E 25 26
E 25 27
E 31 25
E 32 33
G 108550595.json 16 17
V 171.496800 823.968000 100.000000 80.000000
V 85.500000 699.998400 40.000000 40.000000
V 119.498400 576.000000 100.000000 80.000000
V 190.497600 699.998400 133.000000 80.000000
V 119.498400 480.002400 40.000000 40.000000
V 80.503200 375.998400 133.000000 96.000000
V 215.503200 375.998400 100.000000 80.000000
V 212.500800 244.000800 40.000000 40.000000
V 206.503200 112.003200 133.000000 96.000000
V 212.500800 920.016000 40.000000 40.000000
V 341.503200 699.998400 133.000000 96.000000
V 297.496800 823.968000 30.000000 30.000000
V 341.503200 112.003200 100.000000 80.000000
V 341.503200 576.000000 30.000000 30.000000
V 85.500000 244.000800 171.000000 96.000000
V 206.503200 13.999680 28.000000 28.000000
E 0 1
E 9 0
E 1 2
E 3 2
E 2 4
E 4 5
E 4 6
E 5 14
E 6 7
E 7 8
E 8 15
E 9 11
E 11 10
E 10 13
E 13 12
E 12 15
E 14 15
G 1088129127.json 18 19
V 198.496800 688.996800 30.000000 30.000000
V 198.496800 617.997600 84.000000 40.000000
V 253.497600 465.998400 84.000000 40.000000
V 195.501600 390.002400 97.000000 40.000000
V 143.503200 542.001600 99.000000 30.000000
V 312.501600 390.002400 100.000000 30.000000
V 253.497600 542.001600 84.000000 40.000000
V 151.502400 313.999200 40.000000 40.000000
V 49.500000 238.003200 84.000000 40.000000
V 253.497600 238.003200 84.000000 40.000000
V 151.502400 162.000000 40.000000 40.000000
V 151.502400 85.996800 97.000000 40.000000
V 110.498400 14.999760 28.000000 28.000000
V 239.500800 313.999200 99.000000 30.000000
V 49.500000 162.000000 99.000000 30.000000
V 253.497600 162.000000 99.000000 30.000000
V 151.502400 238.003200 84.000000 40.000000
V 192.499200 14.999760 99.000000 30.000000
E 0 1
U 1 4
E 1 6
E 2 3
U 2 5
E 6 2
E 3 7
U 3 13
E 7 8
E 7 9
E 7 16
E 8 10
U 8 14
E 9 10
U 9 15
E 10 11
E 16 10
E 11 12
U 11 17
G 1095047519.json 35 41
V 145.000800 1218.024000 30.000000 30.000000
V 148.003200 920.016000 100.000000 80.000000
V 148.003200 688.003200 40.000000 40.000000
V 121.996800 553.003200 90.000000 117.978361
V 204.998400 553.003200 40.000000 40.000000
V 160.999200 437.997600 40.000000 40.000000
V 219.002400 437.997600 40.000000 40.000000
V 212.997600 362.001600 28.000000 28.000000
V 166.996800 362.001600 28.000000 28.000000
V 211.996800 159.998400 90.000000 60.000000
V 265.003200 362.001600 40.000000 40.000000
V 265.003200 265.996800 28.000000 28.000000
V 211.996800 78.998400 28.000000 28.000000
V 145.000800 1102.032000 40.000000 40.000000
V 100.000800 1011.024000 30.000000 30.000000
V 148.003200 1011.024000 30.000000 30.000000
V 195.998400 1011.024000 30.000000 30.000000
V 148.003200 804.024000 100.000000 80.000000
V 155.001600 265.996800 100.000000 80.000000
V 351.000000 1309.032000 30.000000 30.000000
V 351.000000 1102.032000 100.000000 80.000000
V 319.003200 13.999680 28.000000 28.000000
V 351.000000 920.016000 100.000000 80.000000
V 319.003200 78.998400 30.000000 30.000000
V 351.000000 1218.024000 100.000000 80.000000
V 232.999200 1218.024000 30.000000 30.000000
V 232.999200 1102.032000 100.000000 80.000000
V 266.997600 13.999680 28.000000 28.000000
V 271.000800 804.024000 100.000000 80.000000
V 266.997600 78.998400 30.000000 30.000000
V 56.000160 1218.024000 30.000000 30.000000
V 56.000160 1102.032000 100.000000 80.000000
V 93.002400 13.999680 28.000000 28.000000
V 49.999680 688.003200 100.000000 80.000000
V 93.002400 78.998400 30.000000 30.000000
E 0 13
E 14 1
E 15 1
E 16 1
E 1 17
E 2 3
E 2 4
E 17 2
E 3 18
E 4 5
E 4 6
E 5 8
E 5 18
E 6 7
E 6 10
E 9 12
E 18 9
E 9 23
E 9 29
E 9 34
E 10 11
E 10 18
E 13 14
E 13 15
E 13 16
E 31 14
E 26 15
E 20 16
E 19 24
E 20 22
E 24 20
E 23 21
E 22 23
E 25 26
E 26 28
E 29 27
E 28 29
E 30 31
E 31 33
E 34 32
E 33 34
G 1109324015.json 19 18
V 92.001600 967.968000 100.000000 80.000000
V 175.996800 504.000000 100.000000 80.000000
V 259.999200 40.000320 100.000000 80.000000
V 49.999680 1200.024000 100.000000 80.000000
V 133.999200 735.984000 100.000000 80.000000
V 218.001600 272.001600 100.000000 80.000000
V 91.000800 1407.024000 30.000000 30.000000
V 132.998400 1200.024000 30.000000 30.000000
V 175.003200 967.968000 30.000000 30.000000
V 217.000800 735.984000 30.000000 30.000000
V 258.998400 504.000000 30.000000 30.000000
V 301.003200 272.001600 30.000000 30.000000
V 91.000800 1316.016000 100.000000 80.000000
V 132.998400 1084.032000 100.000000 80.000000
V 175.003200 851.976000 100.000000 80.000000
V 217.000800 619.999200 100.000000 80.000000
V 258.998400 388.000800 100.000000 80.000000
V 301.003200 156.002400 100.000000 80.000000
V 342.000000 40.000320 28.000000 28.000000
E 13 0
E 15 1
E 17 2
E 12 3
E 14 4
E 16 5
E 6 12
E 12 7
E 7 13
E 13 8
E 8 14
E 14 9
E 9 15
E 15 10
E 10 16
E 16 11
E 11 17
E 17 18
G 1117655232.json 19 26
V 252.000000 1210.968000 30.000000 30.000000
V 252.000000 1120.032000 100.000000 80.000000
V 167.997600 771.984000 100.000000 80.000000
V 286.999200 252.000000 30.000000 30.000000
V 49.999680 887.976000 100.000000 80.000000
V 128.001600 156.002400 100.000000 80.000000
V 346.003200 252.000000 40.000000 40.000000
V 283.003200 887.976000 94.000000 55.318808
V 286.999200 328.003200 40.000000 40.000000
V 205.999200 655.999200 100.000000 80.000000
V 280.000800 424.000800 100.000000 80.000000
V 280.000800 540.000000 100.000000 80.000000
V 167.997600 887.976000 100.000000 80.000000
V 167.997600 1003.968000 100.000000 80.000000
V 283.003200 1003.968000 94.000000 55.318808
V 436.003200 1003.968000 100.000000 80.000000
V 436.003200 1120.032000 63.875000 57.946000
V 177.998400 40.000320 100.000000 80.000000
V 228.002400 156.002400 63.875000 57.946000
E 0 1
E 1 4
E 1 6
E 1 13
E 1 15
E 4 2
E 5 2
E 7 2
E 2 9
E 12 2
E 8 3
E 5 4
E 6 5
E 5 17
E 8 6
E 15 6
E 7 9
E 7 11
E 10 8
E 9 10
E 9 11
E 11 10
E 13 12
E 14 12
U 16 15
U 18 17
G 113842206.json 34 39
V 175.996800 2757.024000 30.000000 30.000000
V 175.996800 2666.016000 100.000000 80.000000
V 175.996800 2575.008000 30.000000 30.000000
V 227.001600 156.002400 100.000000 80.000000
V 175.996800 2508.984000 30.000000 30.000000
V 175.996800 2417.976000 100.000000 80.000000
V 175.996800 2322.000000 40.000000 40.000000
V 175.996800 2226.024000 100.000000 80.000000
V 248.997600 2129.976000 40.000000 40.000000
V 160.999200 1918.008000 100.000000 80.000000
V 175.996800 2129.976000 40.000000 40.000000
V 160.999200 2034.000000 40.000000 40.000000
V 293.997600 2226.024000 100.000000 80.000000
V 248.997600 2034.000000 100.000000 80.000000
V 160.999200 1802.016000 100.000000 80.000000
V 160.999200 1686.024000 100.000000 80.000000
V 160.999200 1570.032000 100.000000 80.000000
V 160.999200 1337.976000 100.000000 80.000000
V 160.999200 1453.968000 100.000000 80.000000
V 160.999200 1242.000000 40.000000 40.000000
V 160.999200 1146.024000 100.000000 80.000000
V 49.999680 838.008000 100.000000 80.000000
V 157.996800 1030.032000 40.000000 40.000000
V 167.997600 838.008000 100.000000 80.000000
V 83.001600 933.984000 40.000000 40.000000
V 167.997600 742.032000 40.000000 40.000000
V 167.997600 670.996800 30.000000 30.000000
V 167.997600 580.003200 100.000000 80.000000
V 167.997600 483.998400 40.000000 40.000000
V 109.000800 388.000800 100.000000 80.000000
V 227.001600 388.000800 100.000000 80.000000
V 227.001600 272.001600 100.000000 80.000000
V 227.001600 40.000320 100.000000 80.000000
V 246.002400 1030.032000 100.000000 80.000000
E 0 1
E 1 2
E 2 4
E 31 3
E 3 32
E 4 5
E 5 6
E 6 7
E 6 11
E 6 12
E 7 10
E 8 11
E 12 8
E 8 13
E 11 9
E 9 14
E 10 11
E 10 13
E 14 15
E 15 16
E 16 18
E 18 17
E 17 19
E 19 20
E 19 24
E 19 33
E 20 22
E 24 21
E 21 25
E 22 23
E 22 24
E 23 25
E 25 26
E 33 25
E 26 27
E 27 28
E 28 29
E 28 30
E 30 31
G 1142167261.json 19 24
V 337.500000 734.976000 30.000000 30.000000
V 337.500000 663.998400 40.000000 40.000000
V 103.500000 568.000800 100.000000 80.000000
V 259.502400 452.001600 100.000000 80.000000
V 127.497600 452.001600 127.000000 80.000000
V 507.499200 452.001600 100.000000 80.000000
V 646.502400 336.002400 127.000000 80.000000
V 418.500000 568.000800 100.000000 80.000000
V 164.498400 13.999680 28.000000 28.000000
V 378.496800 103.996800 115.000000 80.000000
V 259.502400 568.000800 40.000000 40.000000
V 164.498400 220.003200 40.000000 40.000000
V 507.499200 568.000800 40.000000 40.000000
V 517.500000 220.003200 40.000000 40.000000
V 335.498400 336.002400 115.000000 80.000000
V 57.499920 103.996800 115.000000 80.000000
V 507.499200 336.002400 115.000000 80.000000
V 202.500000 336.002400 115.000000 80.000000
V 421.502400 220.003200 115.000000 80.000000
E 0 1
E 1 2
E 1 7
E 1 10
E 1 12
E 1 14
E 2 15
E 10 3
E 3 17
E 10 4
E 4 11
E 12 5
E 5 16
E 12 6
E 6 13
E 7 18
E 9 8
E 11 8
E 15 8
E 13 9
E 14 9
E 18 9
E 17 11
E 16 13
G 1151266807.json 16 20
V 97.999200 819.504000 30.000000 30.000000
V 136.000800 695.001600 100.000000 80.000000
V 175.003200 819.504000 88.000000 97.000000
V 220.003200 437.500800 88.000000 97.000000
V 52.999920 570.499200 88.000000 97.000000
V 136.000800 570.499200 40.000000 40.000000
V 49.999680 437.500800 100.000000 80.000000
V 138.002400 437.500800 40.000000 40.000000
V 256.003200 312.998400 100.000000 80.000000
V 138.002400 312.998400 100.000000 80.000000
V 203.997600 188.503200 40.000000 40.000000
V 127.000800 84.002400 40.000000 40.000000
V 127.000800 13.999680 28.000000 28.000000
V 285.998400 188.503200 88.000000 97.000000
V 326.001600 437.500800 88.000000 97.000000
V 121.996800 188.503200 88.000000 97.000000
E 0 1
E 2 1
E 1 3
E 1 4
E 1 5
E 3 8
E 3 9
E 4 6
E 5 6
E 5 7
E 6 11
E 7 8
E 7 9
E 8 10
E 8 13
E 14 8
E 9 10
E 9 15
E 10 11
E 11 12
G 1166520634.json 25 28
V 522.000000 696.002400 123.425599 80.000000
V 522.000000 599.997600 40.000000 40.000000
V 285.998400 504.000000 100.000000 80.000000
V 769.968000 388.000800 100.000000 80.000000
V 898.992000 388.000800 100.000000 80.000000
V 522.000000 504.000000 100.000000 80.000000
V 769.968000 504.000000 40.000000 40.000000
V 49.999680 272.001600 100.000000 80.000000
V 167.997600 272.001600 100.000000 80.000000
V 769.968000 272.001600 123.425599 80.000000
V 911.016000 272.001600 123.425599 80.000000
V 403.999200 272.001600 100.000000 80.000000
V 227.001600 388.000800 40.000000 40.000000
V 522.000000 388.000800 40.000000 40.000000
V 522.000000 272.001600 100.000000 80.000000
V 285.998400 272.001600 100.000000 80.000000
V 640.000800 272.001600 100.000000 80.000000
V 167.997600 156.002400 100.000000 80.000000
V 769.968000 156.002400 100.000000 80.000000
V 911.016000 156.002400 100.000000 80.000000
V 522.000000 156.002400 100.000000 80.000000
V 167.997600 40.000320 100.000000 80.000000
V 769.968000 40.000320 100.000000 80.000000
V 911.016000 40.000320 100.000000 80.000000
V 522.000000 40.000320 100.000000 80.000000
E 0 1
E 1 2
E 1 5
E 1 6
E 2 12
E 6 3
E 3 9
E 6 4
E 4 10
E 5 13
E 12 7
E 7 17
E 12 8
E 8 17
E 9 18
E 10 19
E 13 11
E 11 20
E 12 15
E 13 14
E 13 16
E 14 20
E 15 17
E 16 20
E 17 21
E 18 22
E 19 23
E 20 24
G 1167521718.json 32 35
V 342.496800 1891.008000 100.000000 80.000000
V 301.500000 1789.992000 30.000000 30.000000
V 301.500000 1688.976000 100.000000 80.000000
V 384.501600 1789.992000 100.000000 50.000000
V 362.498400 2326.968000 30.000000 30.000000
V 362.498400 2236.032000 100.000000 80.000000
V 362.498400 2139.984000 40.000000 40.000000
V 362.498400 2025.504000 100.000000 117.348602
V 244.497600 2025.504000 100.000000 80.000000
V 110.498400 949.968000 100.000000 80.000000
V 102.499200 853.992000 205.106993 35.219329
V 110.498400 1066.032000 30.000000 30.000000
V 237.499200 853.992000 30.000000 30.000000
V 237.499200 758.016000 100.000000 80.000000
V 262.497600 1315.008000 100.000000 80.000000
V 298.497600 1190.520000 28.000000 28.000000
V 276.501600 556.502400 117.569200 99.033300
V 276.501600 661.996800 40.000000 40.000000
V 276.501600 421.502400 117.569200 99.033300
V 276.501600 295.999200 100.000000 80.000000
V 276.501600 200.001600 40.000000 40.000000
V 276.501600 103.996800 100.000000 80.000000
V 276.501600 13.999680 28.000000 28.000000
V 262.497600 1410.984000 40.000000 40.000000
V 127.497600 1315.008000 100.000000 80.000000
V 110.498400 1190.520000 100.000000 80.000000
V 301.500000 1507.032000 100.000000 80.000000
V 222.501600 1066.032000 100.000000 80.000000
V 222.501600 1190.520000 88.000000 97.000000
V 301.500000 1597.968000 30.000000 30.000000
V 237.499200 949.968000 100.000000 80.000000
V 315.496800 853.992000 40.000000 40.000000
E 0 1
U 0 3
E 6 0
E 8 0
E 1 2
E 2 29
E 4 5
E 5 6
U 6 7
E 6 8
U 9 10
E 11 9
E 9 12
E 25 11
E 12 13
E 30 12
E 13 17
E 14 15
E 23 14
E 17 16
E 16 18
E 31 17
E 18 19
E 19 20
E 20 21
E 21 22
E 23 24
E 26 23
E 24 25
E 25 27
E 29 26
E 31 26
E 28 27
E 27 30
E 30 31
G 1168017893.json 28 35
V 217.000800 2029.968000 100.000000 80.000000
V 216.000000 231.998400 100.000000 80.000000
V 217.000800 1913.976000 100.000000 80.000000
V 167.997600 1702.008000 40.000000 40.000000
V 109.000800 1221.984000 100.000000 80.000000
V 216.000000 136.000800 40.000000 40.000000
V 174.002400 40.000320 100.000000 80.000000
V 257.997600 40.000320 28.000000 28.000000
V 173.001600 393.998400 30.000000 30.000000
V 216.000000 322.999200 30.000000 30.000000
V 264.002400 322.999200 30.000000 30.000000
V 217.000800 2120.976000 30.000000 30.000000
V 177.998400 1797.984000 100.000000 80.000000
V 110.001600 1414.008000 100.000000 80.000000
V 148.996800 1606.032000 100.000000 80.000000
V 227.001600 1221.984000 100.000000 80.000000
V 148.996800 1509.984000 40.000000 40.000000
V 110.001600 1318.032000 40.000000 40.000000
V 109.000800 1105.992000 100.000000 80.000000
V 109.000800 990.000000 100.000000 80.000000
V 109.000800 894.024000 40.000000 40.000000
V 49.999680 797.976000 100.000000 80.000000
V 167.997600 797.976000 100.000000 80.000000
V 211.996800 681.998400 100.000000 80.000000
V 213.998400 586.000800 40.000000 40.000000
V 293.997600 490.003200 100.000000 80.000000
V 293.997600 393.998400 40.000000 40.000000
V 49.999680 681.998400 28.000000 28.000000
E 0 2
E 11 0
E 1 5
E 8 1
E 9 1
E 10 1
E 2 12
E 15 2
E 12 3
E 3 13
E 3 14
E 3 15
E 17 4
E 4 18
E 5 6
E 5 7
E 6 22
E 26 7
E 24 8
E 24 9
E 26 10
E 16 13
E 13 17
E 14 16
E 16 15
E 17 15
E 18 19
E 19 20
E 20 21
E 20 22
E 21 27
E 22 23
E 23 24
E 24 25
E 25 26
G 1180803515.json 30 37
V 322.999200 816.984000 30.000000 30.000000
V 322.999200 751.032000 30.000000 30.000000
V 95.997600 679.996800 40.000000 40.000000
V 49.999680 391.996800 100.000000 60.000000
V 95.997600 594.000000 40.000000 40.000000
V 97.999200 498.002400 80.000000 60.000000
V 195.998400 498.002400 80.000000 60.000000
V 286.999200 679.996800 40.000000 40.000000
V 360.000000 679.996800 40.000000 40.000000
V 178.999200 594.000000 90.000000 60.000000
V 286.999200 594.000000 90.000000 60.000000
V 355.003200 391.996800 100.000000 80.000000
V 437.997600 594.000000 40.000000 40.000000
V 437.997600 498.002400 100.000000 60.000000
V 555.998400 498.002400 100.000000 60.000000
V 549.000000 679.996800 40.000000 40.000000
V 851.976000 391.996800 141.000000 60.000000
V 680.997600 594.000000 40.000000 40.000000
V 680.997600 498.002400 113.000000 60.000000
V 805.968000 498.002400 100.000000 60.000000
V 176.997600 391.996800 40.000000 40.000000
V 176.997600 295.999200 40.000000 40.000000
V 275.997600 498.002400 40.000000 40.000000
V 443.001600 391.996800 40.000000 40.000000
V 355.003200 295.999200 40.000000 40.000000
V 742.968000 391.996800 40.000000 40.000000
V 796.968000 295.999200 40.000000 40.000000
V 275.997600 200.001600 100.000000 80.000000
V 275.997600 94.003200 113.000000 60.000000
V 275.997600 13.999680 28.000000 28.000000
E 0 1
E 1 2
E 1 7
E 1 8
E 1 15
E 2 3
E 2 4
E 3 21
E 4 5
E 4 6
E 5 20
E 6 20
E 7 9
E 7 10
E 8 11
E 8 12
E 9 22
E 10 22
E 11 24
E 12 13
E 12 14
E 13 23
E 14 23
E 15 17
E 16 26
E 17 18
E 17 19
E 18 25
E 19 25
E 20 21
E 21 27
E 22 27
E 23 24
E 24 27
E 25 26
E 27 28
E 28 29
G 1194674976.json 19 23
V 49.999680 1819.008000 30.000000 30.000000
V 49.999680 1264.032000 100.000000 80.000000
V 49.999680 684.000000 100.000000 80.000000
V 49.999680 568.000800 100.000000 80.000000
V 49.999680 103.996800 100.000000 80.000000
V 49.999680 13.999680 28.000000 28.000000
V 49.999680 1728.000000 100.000000 80.000000
V 49.999680 1147.968000 100.000000 80.000000
V 132.998400 1728.000000 30.000000 30.000000
V 128.001600 1612.008000 100.000000 80.000000
V 128.001600 1496.016000 100.000000 80.000000
V 128.001600 1380.024000 100.000000 80.000000
V 128.001600 1031.976000 100.000000 80.000000
V 128.001600 915.984000 100.000000 80.000000
V 128.001600 799.992000 100.000000 80.000000
V 128.001600 452.001600 100.000000 80.000000
V 128.001600 336.002400 100.000000 80.000000
V 128.001600 220.003200 100.000000 80.000000
V 131.997600 103.996800 28.000000 28.000000
E 0 6
E 6 1
E 1 7
E 11 1
E 2 3
E 7 2
E 14 2
E 3 4
E 3 15
E 4 5
E 17 4
E 6 9
E 7 12
E 8 9
E 9 10
E 10 11
E 11 12
E 12 13
E 13 14
E 14 15
E 15 16
E 16 17
E 17 18
G 1203916741.json 27 33
V 342.000000 1216.008000 30.000000 30.000000
V 342.000000 1100.016000 112.000000 80.000000
V 313.999200 1003.968000 40.000000 40.000000
V 49.999680 832.032000 100.000000 80.000000
V 285.998400 832.032000 100.000000 80.000000
V 403.999200 832.032000 100.000000 80.000000
V 167.997600 832.032000 100.000000 80.000000
V 231.998400 180.000000 40.000000 40.000000
V 231.998400 84.002400 28.000000 28.000000
V 313.999200 928.008000 40.000000 40.000000
V 231.998400 295.999200 100.000000 80.000000
V 349.999200 295.999200 100.000000 80.000000
V 369.000000 735.984000 30.000000 30.000000
V 293.997600 735.984000 30.000000 30.000000
V 167.997600 928.008000 40.000000 40.000000
V 167.997600 735.984000 40.000000 40.000000
V 310.003200 563.997600 100.000000 80.000000
V 310.003200 660.002400 40.000000 40.000000
V 310.003200 468.000000 40.000000 40.000000
V 231.998400 391.996800 40.000000 40.000000
V 425.001600 1307.016000 30.000000 30.000000
V 425.001600 1216.008000 100.000000 80.000000
V 437.997600 295.999200 40.000000 40.000000
V 319.996800 180.000000 100.000000 80.000000
V 379.000800 84.002400 40.000000 40.000000
V 379.000800 13.999680 28.000000 28.000000
V 437.997600 180.000000 100.000000 80.000000
E 0 1
E 1 2
E 21 1
E 2 9
E 2 14
E 14 3
E 3 15
E 9 4
E 4 13
E 9 5
E 5 12
E 14 6
E 6 15
E 7 8
E 10 7
E 11 7
E 19 10
E 10 23
E 18 11
E 11 26
E 12 17
E 13 17
E 15 19
E 17 16
E 16 18
E 18 19
E 20 21
E 21 22
E 22 23
E 22 26
E 23 24
E 24 25
E 26 24
G 1214542569.json 15 18
V 78.998400 847.008000 30.000000 30.000000
V 139.996800 699.998400 178.000000 40.000000
V 18.000000 699.998400 30.000000 30.000000
V 78.998400 776.016000 40.000000 40.000000
V 312.998400 699.998400 132.000000 40.000000
V 195.998400 13.999680 28.000000 28.000000
V 272.001600 519.998400 246.000000 60.000000
V 18.000000 615.002400 30.000000 30.000000
V 253.000800 615.002400 63.875000 57.946000
V 195.998400 434.001600 40.000000 40.000000
V 195.998400 357.998400 40.000000 40.000000
V 195.998400 185.997600 40.000000 40.000000
V 94.996800 272.001600 190.000000 60.000000
V 195.998400 96.998400 178.000000 66.000000
V 297.000000 272.001600 178.000000 40.000000
E 0 3
E 3 1
E 1 6
E 1 8
E 9 1
E 3 2
E 2 7
E 4 6
E 4 8
E 13 5
E 8 6
E 6 9
E 9 10
E 10 12
E 10 14
E 12 11
E 11 13
E 14 11
G 1219351397.json 18 17
V 816.984000 272.001600 100.000000 80.000000
V 345.002400 156.002400 100.000000 80.000000
V 758.016000 156.002400 100.000000 80.000000
V 876.024000 156.002400 100.000000 80.000000
V 1171.008000 156.002400 100.000000 80.000000
V 640.000800 40.000320 100.000000 80.000000
V 758.016000 40.000320 100.000000 80.000000
V 876.024000 40.000320 100.000000 80.000000
V 994.032000 40.000320 100.000000 80.000000
V 1111.968000 40.000320 100.000000 80.000000
V 1229.976000 40.000320 100.000000 80.000000
V 49.999680 40.000320 100.000000 80.000000
V 167.997600 40.000320 100.000000 80.000000
V 285.998400 40.000320 100.000000 80.000000
V 403.999200 40.000320 100.000000 80.000000
V 522.000000 40.000320 100.000000 80.000000
V 1347.984000 40.000320 100.000000 80.000000
V 1465.992000 40.000320 100.000000 80.000000
E 0 1
E 0 2
E 0 3
E 0 4
E 1 11
E 1 12
E 1 13
E 1 14
E 1 15
E 2 5
E 2 6
E 2 7
E 4 8
E 4 9
E 4 10
E 4 16
E 4 17
G 1233139390.json 34 36
V 434.001600 1715.976000 100.000000 80.000000
V 456.998400 1939.968000 30.000000 30.000000
V 456.998400 1840.464000 40.000000 40.000000
V 562.003200 1715.976000 100.000000 80.000000
V 390.002400 1175.976000 100.000000 80.000000
V 390.002400 1272.024000 40.000000 40.000000
V 508.003200 1175.976000 100.000000 80.000000
V 562.003200 1840.464000 88.000000 97.000000
V 582.998400 1483.992000 100.000000 80.000000
V 407.001600 1051.488000 40.000000 40.000000
V 162.000000 13.999680 28.000000 28.000000
V 424.000800 669.499200 28.000000 28.000000
V 508.003200 1272.024000 28.000000 28.000000
V 390.002400 1368.000000 100.000000 80.000000
V 394.999200 1483.992000 40.000000 40.000000
V 394.999200 1599.984000 100.000000 80.000000
V 311.997600 802.512000 88.000000 97.000000
V 424.000800 802.512000 100.000000 80.000000
V 508.003200 1368.000000 100.000000 80.000000
V 407.001600 927.000000 100.000000 80.000000
V 162.000000 103.996800 100.000000 80.000000
V 214.999200 669.499200 88.000000 97.000000
V 327.002400 669.499200 100.000000 80.000000
V 214.999200 469.000800 100.000000 80.000000
V 162.000000 228.499200 88.000000 97.000000
V 214.999200 564.998400 40.000000 40.000000
V 49.999680 1051.488000 88.000000 97.000000
V 49.999680 927.000000 30.000000 30.000000
V 49.999680 802.512000 100.000000 80.000000
V 103.003200 669.499200 100.000000 80.000000
V 261.000000 353.001600 100.000000 80.000000
V 344.001600 228.499200 28.000000 28.000000
V 267.998400 228.499200 88.000000 97.000000
V 162.000000 802.512000 88.000000 97.000000
E 2 0
E 0 15
E 1 2
E 2 3
E 7 3
E 3 8
E 5 4
E 4 9
E 5 6
E 13 5
E 8 9
E 9 19
E 20 10
E 17 11
E 18 12
E 14 13
E 15 14
E 14 18
E 15 16
E 19 16
E 16 21
E 16 22
E 19 17
E 24 20
E 22 25
E 23 24
E 25 23
E 23 30
E 30 24
E 29 25
E 26 27
E 27 28
E 28 29
E 33 29
E 30 31
E 30 32
G 1238611366.json 26 29
V 259.999200 837.000000 30.000000 30.000000
V 259.999200 745.992000 100.000000 80.000000
V 267.998400 220.003200 100.000000 80.000000
V 283.996800 636.998400 40.000000 40.000000
V 331.999200 452.001600 40.000000 40.000000
V 378.000000 336.002400 30.000000 30.000000
V 329.997600 336.002400 30.000000 30.000000
V 381.002400 220.003200 89.000000 64.000000
V 381.002400 103.996800 28.000000 28.000000
V 267.998400 103.996800 100.000000 80.000000
V 267.998400 13.999680 28.000000 28.000000
V 327.002400 547.999200 30.000000 30.000000
V 213.998400 547.999200 30.000000 30.000000
V 205.999200 452.001600 100.000000 80.000000
V 49.999680 336.002400 100.000000 50.000000
V 499.003200 745.992000 30.000000 30.000000
V 499.003200 636.998400 95.000000 66.000000
V 499.003200 547.999200 40.000000 40.000000
V 558.000000 452.001600 98.000000 63.000000
V 441.000000 452.001600 100.000000 80.000000
V 167.997600 336.002400 100.000000 80.000000
V 167.997600 220.003200 28.000000 28.000000
V 579.002400 336.002400 100.000000 80.000000
V 579.002400 220.003200 28.000000 28.000000
V 461.001600 336.002400 100.000000 80.000000
V 461.001600 220.003200 28.000000 28.000000
E 0 1
E 1 3
E 1 12
E 3 2
E 6 2
E 2 9
E 13 2
E 3 11
E 4 5
E 4 6
E 11 4
E 5 7
E 18 5
E 19 6
E 7 8
E 9 10
E 11 13
E 12 13
U 13 14
E 13 20
E 15 16
E 16 17
E 17 18
E 17 19
E 18 22
E 19 24
E 20 21
E 22 23
E 24 25
G 1249395099.json 16 18
V 276.998400 919.008000 30.000000 30.000000
V 276.998400 828.000000 100.000000 80.000000
V 276.998400 712.000800 100.000000 80.000000
V 238.003200 616.003200 40.000000 40.000000
V 120.002400 519.998400 100.000000 80.000000
V 238.003200 519.998400 100.000000 80.000000
V 120.002400 403.999200 40.000000 40.000000
V 60.999840 312.998400 30.000000 30.000000
V 120.002400 312.998400 30.000000 30.000000
V 167.997600 312.998400 30.000000 30.000000
V 49.999680 221.997600 100.000000 80.000000
V 167.997600 221.997600 100.000000 80.000000
V 218.001600 105.998400 28.000000 28.000000
V 238.003200 403.999200 100.000000 80.000000
V 155.001600 14.999760 30.000000 30.000000
V 78.998400 105.998400 100.000000 80.000000
E 0 1
E 1 2
E 2 3
E 14 2
E 3 4
E 3 5
E 4 6
E 5 13
E 6 7
E 6 8
E 6 9
E 7 10
E 8 11
E 9 11
E 10 15
E 11 12
E 13 12
E 15 14
G 1250317082.json 31 35
V 157.996800 2200.968000 30.000000 30.000000
V 157.996800 2110.032000 100.000000 80.000000
V 157.996800 2019.024000 30.000000 30.000000
V 265.003200 941.976000 30.000000 30.000000
V 265.003200 825.984000 100.000000 80.000000
V 265.003200 730.008000 40.000000 40.000000
V 166.003200 634.003200 100.000000 80.000000
V 283.996800 634.003200 100.000000 80.000000
V 225.000000 537.998400 40.000000 40.000000
V 225.000000 466.999200 30.000000 30.000000
V 157.996800 1953.000000 30.000000 30.000000
V 157.996800 1861.992000 100.000000 80.000000
V 157.996800 1770.984000 30.000000 30.000000
V 128.001600 1316.016000 30.000000 30.000000
V 128.001600 1200.024000 100.000000 80.000000
V 128.001600 1103.976000 40.000000 40.000000
V 49.999680 941.976000 100.000000 80.000000
V 128.001600 825.984000 100.000000 80.000000
V 265.003200 1032.984000 30.000000 30.000000
V 225.000000 400.996800 30.000000 30.000000
V 87.998400 329.997600 40.000000 40.000000
V 87.998400 259.999200 28.000000 28.000000
V 187.999200 1705.032000 30.000000 30.000000
V 205.999200 1614.024000 100.000000 80.000000
V 205.999200 1498.032000 100.000000 80.000000
V 205.999200 1407.024000 30.000000 30.000000
V 211.003200 1316.016000 100.000000 80.000000
V 87.998400 194.997600 30.000000 30.000000
V 211.003200 1200.024000 28.000000 28.000000
V 87.998400 103.996800 100.000000 80.000000
V 87.998400 13.999680 28.000000 28.000000
E 0 1
E 1 2
E 2 10
E 3 4
E 18 3
E 4 5
E 5 6
E 5 7
E 6 8
E 7 8
E 8 9
E 9 19
E 10 11
E 11 12
E 12 13
E 12 22
E 13 14
E 25 13
E 14 15
E 15 16
E 15 17
E 15 18
E 16 20
E 17 20
E 18 19
E 19 20
E 20 21
E 21 27
E 22 23
E 23 24
E 24 25
E 25 26
E 26 28
E 27 29
E 29 30
G 1252925988.json 15 15
V 106.999200 946.008000 30.000000 30.000000
V 106.999200 855.000000 100.000000 80.000000
V 106.999200 759.024000 40.000000 40.000000
V 106.999200 662.997600 118.000000 80.000000
V 106.999200 567.000000 40.000000 40.000000
V 106.999200 471.002400 100.000000 80.000000
V 169.999200 40.000320 100.000000 80.000000
V 238.003200 346.500000 88.000000 81.000000
V 58.999680 346.500000 118.000000 80.000000
V 226.000800 221.997600 100.000000 80.000000
V 226.000800 130.996800 30.000000 30.000000
V 178.999200 130.996800 28.000000 28.000000
V 103.996800 221.997600 30.000000 30.000000
V 344.001600 346.500000 88.000000 97.000000
V 156.002400 346.500000 40.000000 40.000000
E 0 1
E 1 2
E 2 3
E 3 4
E 4 5
E 5 8
E 5 14
E 10 6
E 12 6
U 7 9
E 8 9
E 8 12
E 9 10
E 9 11
U 13 9
G 126481965.json 27 32
V 70.999920 1332.000000 30.000000 30.000000
V 70.999920 1261.008000 142.349999 40.000000
V 189.000000 220.003200 30.000000 30.000000
V 22.999680 951.984000 40.000000 40.000000
V 148.996800 103.996800 100.000000 80.000000
V 148.996800 13.999680 28.000000 28.000000
V 203.997600 442.000800 30.000000 30.000000
V 124.999200 856.008000 30.000000 30.000000
V 96.998400 1190.016000 30.000000 30.000000
V 128.001600 1111.536000 66.120001 55.000000
V 172.000800 1028.016000 40.000000 40.000000
V 172.000800 951.984000 222.209998 40.000000
V 172.000800 856.008000 28.000000 28.000000
V 409.996800 663.998400 100.000000 80.000000
V 423.000000 547.999200 100.000000 80.000000
V 475.999200 442.000800 28.000000 28.000000
V 412.999200 442.000800 62.001000 60.173000
V 292.003200 663.998400 100.000000 80.000000
V 266.997600 442.000800 30.000000 30.000000
V 266.997600 547.999200 30.000000 30.000000
V 272.001600 220.003200 100.000000 80.000000
V 246.002400 103.996800 28.000000 28.000000
V 266.997600 336.002400 100.000000 80.000000
V 316.000800 951.984000 30.000000 30.000000
V 316.000800 856.008000 100.000000 80.000000
V 316.000800 760.032000 40.000000 40.000000
V 309.002400 103.996800 62.001000 60.173000
E 0 1
E 1 3
E 1 8
E 2 4
E 6 2
E 13 2
E 22 2
E 3 6
E 3 7
E 4 5
E 7 4
E 19 6
E 23 6
E 11 7
E 8 9
E 9 10
E 10 11
E 10 23
E 11 12
E 13 14
E 25 13
E 14 15
E 14 16
E 17 19
E 25 17
E 19 18
E 18 22
E 20 21
E 22 20
E 20 26
E 23 24
E 24 25
G 127416850.json 17 19
V 59.999760 1046.016000 100.000000 80.000000
V 59.999760 955.008000 30.000000 30.000000
V 18.000000 645.998400 30.000000 30.000000
V 49.999680 236.001600 100.000000 80.000000
V 49.999680 145.000800 30.000000 30.000000
V 49.999680 78.998400 30.000000 30.000000
V 49.999680 13.999680 28.000000 28.000000
V 101.001600 736.992000 30.000000 30.000000
V 59.999760 1137.024000 30.000000 30.000000
V 75.002400 479.001600 30.000000 30.000000
V 101.001600 645.998400 100.000000 80.000000
V 101.001600 550.000800 40.000000 40.000000
V 59.999760 884.016000 40.000000 40.000000
V 49.999680 331.999200 40.000000 40.000000
V 93.002400 408.002400 40.000000 40.000000
V 101.001600 807.984000 40.000000 40.000000
V 166.003200 550.000800 30.000000 30.000000
E 0 1
E 8 0
E 1 12
E 12 2
E 2 13
E 3 4
E 13 3
E 4 5
E 5 6
E 7 10
E 15 7
E 11 9
E 9 14
E 10 11
E 11 14
E 12 15
E 14 13
E 16 14
E 15 16
G 1282151277.json 28 27
V 77.997600 568.000800 100.000000 80.000000
V 13.999680 452.001600 28.000000 28.000000
V 77.997600 452.001600 63.875000 57.946000
V 425.001600 915.984000 100.000000 80.000000
V 177.998400 452.001600 100.000000 80.000000
V 177.998400 336.002400 100.000000 80.000000
V 177.998400 220.003200 100.000000 80.000000
V 177.998400 103.996800 100.000000 80.000000
V 483.998400 1012.032000 40.000000 40.000000
V 544.003200 915.984000 100.000000 80.000000
V 544.003200 799.992000 100.000000 80.000000
V 425.001600 799.992000 100.000000 80.000000
V 352.000800 684.000000 40.000000 40.000000
V 234.000000 568.000800 100.000000 80.000000
V 177.998400 13.999680 28.000000 28.000000
V 277.999200 452.001600 63.875000 57.946000
V 425.001600 684.000000 63.875000 57.946000
V 352.000800 568.000800 100.000000 80.000000
V 342.000000 452.001600 28.000000 28.000000
V 406.000800 452.001600 63.875000 57.946000
V 483.998400 1315.008000 30.000000 30.000000
V 483.998400 1224.000000 100.000000 80.000000
V 483.998400 1108.008000 100.000000 80.000000
V 550.000800 684.000000 100.000000 80.000000
V 552.002400 568.000800 28.000000 28.000000
V 470.001600 568.000800 100.000000 80.000000
V 470.001600 452.001600 28.000000 28.000000
V 534.002400 452.001600 63.875000 57.946000
E 0 1
U 0 2
E 12 0
E 8 3
E 3 11
E 4 5
E 13 4
E 5 6
E 6 7
E 7 14
E 8 9
E 22 8
E 9 10
E 10 23
E 11 12
U 11 16
E 12 13
E 12 17
E 12 25
U 13 15
E 17 18
U 17 19
E 20 21
E 21 22
E 23 24
E 25 26
U 25 27
G 1293946115.json 19 24
V 167.997600 1108.008000 100.000000 80.000000
V 167.997600 992.016000 100.000000 80.000000
V 128.001600 1224.000000 100.000000 80.000000
V 167.997600 1339.992000 30.000000 30.000000
V 167.997600 643.996800 100.000000 80.000000
V 167.997600 527.997600 100.000000 80.000000
V 246.002400 1623.024000 30.000000 30.000000
V 207.000000 180.000000 100.000000 80.000000
V 246.002400 1532.016000 100.000000 80.000000
V 246.002400 1435.968000 40.000000 40.000000
V 246.002400 1224.000000 100.000000 80.000000
V 85.003200 1339.992000 100.000000 80.000000
V 246.002400 876.024000 100.000000 80.000000
V 246.002400 760.032000 100.000000 80.000000
V 207.000000 411.998400 100.000000 80.000000
V 207.000000 295.999200 100.000000 80.000000
V 49.999680 1108.008000 100.000000 80.000000
V 207.000000 84.002400 40.000000 40.000000
V 207.000000 13.999680 28.000000 28.000000
E 0 1
E 2 0
E 10 0
E 1 4
E 1 12
E 3 2
E 11 2
E 4 5
E 13 4
E 5 14
E 6 8
E 15 7
E 7 17
E 8 9
E 9 10
E 9 11
E 9 17
E 10 12
E 11 16
E 12 13
E 13 14
E 14 15
E 16 17
E 17 18
G 1301363008.json 17 19
V 200.001600 1140.480000 138.000000 61.099731
V 292.003200 794.016000 30.000000 30.000000
V 151.999200 977.472000 138.000000 61.099731
V 178.999200 1058.976000 30.000000 30.000000
V 151.999200 880.488000 121.000000 61.099731
V 147.002400 707.500800 138.000000 61.099731
V 151.999200 794.016000 40.000000 40.000000
V 254.001600 707.500800 40.000000 40.000000
V 99.000000 534.499200 138.000000 61.099731
V 103.003200 437.997600 121.000000 60.199461
V 147.002400 621.000000 40.000000 40.000000
V 68.999760 265.996800 138.000000 60.199461
V 225.000000 265.996800 138.000000 60.199461
V 147.002400 352.000800 40.000000 40.000000
V 147.002400 180.000000 40.000000 40.000000
V 147.002400 94.003200 138.000000 60.199461
V 147.002400 13.999680 28.000000 28.000000
E 0 3
E 7 0
E 1 7
E 3 2
E 2 4
E 4 6
E 6 5
E 5 10
E 6 7
E 8 9
E 10 8
E 9 13
E 13 10
E 13 11
E 11 14
E 13 12
E 12 14
E 14 15
E 15 16
G 1303435649.json 24 26
V 178.999200 967.968000 100.000000 80.000000
V 49.999680 867.024000 40.000000 40.000000
V 49.999680 766.008000 100.000000 80.000000
V 49.999680 650.001600 100.000000 80.000000
V 128.001600 553.996800 40.000000 40.000000
V 176.997600 457.999200 100.000000 80.000000
V 182.001600 867.024000 187.000000 50.000000
V 369.000000 1580.976000 100.000000 50.000000
V 307.000800 1200.024000 100.000000 80.000000
V 369.000000 1414.008000 100.000000 80.000000
V 297.000000 1307.016000 40.000000 40.000000
V 178.999200 1200.024000 119.360000 80.000000
V 178.999200 1084.032000 100.000000 80.000000
V 178.999200 1307.016000 142.349999 50.000000
V 274.996800 190.000800 100.000000 80.000000
V 216.000000 362.001600 40.000000 40.000000
V 369.000000 1505.016000 30.000000 30.000000
V 157.003200 190.000800 100.000000 80.000000
V 216.000000 285.998400 40.000000 40.000000
V 157.003200 88.999200 40.000000 40.000000
V 157.003200 13.999680 28.000000 28.000000
V 441.000000 1307.016000 212.000000 62.000000
V 444.002400 1084.032000 224.840000 50.000000
V 322.999200 88.999200 255.000000 50.000000
E 0 1
U 0 6
E 12 0
E 1 2
E 1 4
E 2 3
E 3 4
E 4 5
E 5 15
U 7 16
E 10 8
E 8 15
U 8 22
E 9 10
E 16 9
U 9 21
E 10 11
E 11 12
U 13 11
E 18 14
E 14 19
U 14 23
E 15 18
E 18 17
E 17 19
E 19 20
G 1311731304.json 21 23
V 344.001600 1436.976000 30.000000 30.000000
V 344.001600 1345.968000 100.000000 80.000000
V 344.001600 1249.992000 40.000000 40.000000
V 304.999200 1154.016000 100.000000 80.000000
V 304.999200 1038.024000 100.000000 80.000000
V 304.999200 614.001600 100.000000 80.000000
V 280.000800 103.996800 100.000000 80.000000
V 330.998400 13.999680 28.000000 28.000000
V 186.998400 614.001600 100.000000 80.000000
V 186.998400 517.996800 40.000000 40.000000
V 189.000000 442.000800 40.000000 40.000000
V 136.000800 442.000800 30.000000 30.000000
V 138.002400 225.000000 40.000000 40.000000
V 138.002400 103.996800 100.000000 80.000000
V 138.002400 13.999680 28.000000 28.000000
V 136.000800 346.003200 30.000000 30.000000
V 304.999200 922.032000 100.000000 80.000000
V 304.999200 825.984000 40.000000 40.000000
V 207.000000 730.008000 100.000000 80.000000
V 264.002400 346.003200 100.000000 80.000000
V 49.999680 225.000000 100.000000 90.000000
E 0 1
E 1 2
E 2 3
E 2 7
E 3 4
E 4 16
E 5 6
E 17 5
E 6 7
E 10 6
E 12 6
E 8 9
E 18 8
E 9 10
E 9 11
E 10 19
E 11 15
E 12 13
E 15 12
E 13 14
U 15 20
E 16 17
E 17 18
G 1338438674.json 19 19
V 402.998400 866.016000 124.000000 80.000000
V 402.998400 957.024000 30.000000 30.000000
V 402.998400 775.008000 30.000000 30.000000
V 402.998400 684.000000 143.000000 80.000000
V 469.000800 568.000800 129.000000 65.000000
V 469.000800 452.001600 28.000000 28.000000
V 231.998400 452.001600 145.875000 80.000000
V 162.000000 336.002400 148.750000 80.000000
V 148.996800 103.996800 28.000000 28.000000
V 148.996800 220.003200 129.000000 80.000000
V 231.998400 568.000800 143.000000 80.000000
V 231.998400 684.000000 30.000000 30.000000
V 264.002400 220.003200 63.875000 57.946000
V 354.002400 568.000800 63.875000 57.946000
V 355.003200 336.002400 62.001000 60.173000
V 355.003200 452.001600 63.875000 57.946000
V 56.000160 103.996800 112.000000 80.000000
V 56.000160 13.999680 28.000000 28.000000
V 50.999760 220.003200 30.000000 30.000000
E 1 0
E 0 2
E 2 3
E 3 4
E 3 10
E 4 5
E 6 7
E 10 6
U 6 12
U 13 6
E 7 9
U 7 12
E 9 8
E 9 16
E 11 10
U 13 15
U 15 14
E 16 17
E 18 16
G 1367397142.json 27 32
V 52.999920 1326.024000 30.000000 30.000000
V 52.999920 1245.528000 100.000000 59.000000
V 21.000240 801.000000 30.000000 30.000000
V 20.000160 916.992000 40.000000 40.000000
V 169.999200 411.998400 30.000000 30.000000
V 126.000000 99.496800 94.000000 71.248755
V 126.000000 13.999680 28.000000 28.000000
V 209.001600 200.498400 30.000000 30.000000
V 226.000800 801.000000 100.000000 80.000000
V 226.000800 705.002400 40.000000 40.000000
V 79.999200 1165.032000 30.000000 30.000000
V 96.998400 1091.520000 74.000000 45.000000
V 108.000000 1012.968000 40.000000 40.000000
V 108.000000 916.992000 100.000000 80.000000
V 105.998400 801.000000 28.000000 28.000000
V 191.001600 916.992000 30.000000 30.000000
V 344.001600 608.997600 100.000000 59.000000
V 344.001600 505.497600 74.000000 55.000000
V 338.997600 411.998400 28.000000 28.000000
V 401.997600 411.998400 62.001000 60.173000
V 226.000800 608.997600 100.000000 80.000000
V 191.001600 505.497600 30.000000 30.000000
V 286.999200 411.998400 30.000000 30.000000
V 306.000000 306.000000 88.000000 80.000000
V 306.000000 200.498400 94.000000 59.000000
V 274.003200 99.496800 28.000000 28.000000
V 337.003200 99.496800 62.001000 60.173000
E 0 1
E 1 3
E 1 10
E 3 2
E 2 5
E 13 2
E 3 4
E 4 7
E 15 4
E 21 4
E 5 6
E 7 5
E 16 7
E 23 7
E 8 9
E 15 8
E 9 16
E 9 20
E 10 11
E 11 12
E 12 13
E 12 15
E 13 14
E 16 17
E 17 18
E 17 19
E 20 21
E 21 22
E 22 23
E 23 24
E 24 25
E 24 26
G 137011500.json 20 21
V 242.503200 967.032000 30.000000 30.000000
V 237.499200 617.997600 127.000000 80.000000
V 349.502400 501.998400 127.000000 80.000000
V 283.500000 714.002400 40.000000 40.000000
V 242.503200 876.024000 100.000000 80.000000
V 216.496800 96.998400 30.000000 30.000000
V 283.500000 785.016000 30.000000 30.000000
V 335.498400 22.999680 28.000000 28.000000
V 99.496800 22.999680 139.000000 46.000000
V 231.501600 22.999680 88.000000 46.000000
V 325.497600 967.032000 30.000000 30.000000
V 217.497600 501.998400 100.000000 80.000000
V 237.499200 385.999200 100.000000 80.000000
V 237.499200 270.000000 100.000000 80.000000
V 257.500800 171.000000 127.000000 46.000000
V 160.502400 171.000000 30.000000 30.000000
V 325.497600 876.024000 30.000000 30.000000
V 119.498400 385.999200 100.000000 80.000000
V 119.498400 270.000000 100.000000 80.000000
V 63.499680 171.000000 127.000000 46.000000
E 0 4
E 3 1
E 1 11
E 3 2
E 2 7
E 6 3
E 4 6
E 5 7
E 5 8
E 5 9
E 15 5
E 16 6
E 10 16
E 11 12
E 11 17
E 12 13
E 13 14
E 13 15
E 18 15
E 17 18
E 18 19
G 1373064891.json 16 15
V 93.499200 1136.016000 30.000000 30.000000
V 93.499200 1055.016000 84.600000 60.000000
V 93.499200 958.968000 84.600000 60.000000
V 93.499200 862.992000 72.500001 60.000000
V 93.499200 777.024000 40.000000 40.000000
V 42.500160 693.496800 84.600000 55.000000
V 145.497600 693.496800 84.600000 55.000000
V 145.497600 609.998400 40.000000 40.000000
V 93.499200 526.500000 100.000000 55.000000
V 197.503200 526.500000 72.500001 55.000000
V 197.503200 433.000800 72.500001 60.000000
V 197.503200 337.003200 84.600000 60.000000
V 197.503200 243.496800 84.600000 55.000000
V 197.503200 159.998400 92.300000 40.000000
V 197.503200 84.002400 92.300000 40.000000
V 197.503200 13.999680 28.000000 28.000000
E 0 1
E 1 2
E 2 3
E 3 4
E 4 5
E 4 6
E 6 7
E 7 8
E 7 9
E 9 10
E 10 11
E 11 12
E 12 13
E 13 14
E 14 15
G 1379981071.json 15 16
V 167.997600 925.992000 28.000000 28.000000
V 167.997600 835.992000 100.000000 80.000000
V 167.997600 740.016000 40.000000 40.000000
V 109.000800 643.996800 100.000000 80.000000
V 49.999680 527.997600 100.000000 80.000000
V 109.000800 411.998400 100.000000 80.000000
V 207.000000 316.000800 40.000000 40.000000
V 256.003200 411.998400 100.000000 80.000000
V 285.998400 527.997600 100.000000 80.000000
V 227.001600 643.996800 100.000000 80.000000
V 207.000000 220.003200 100.000000 80.000000
V 207.000000 103.996800 123.000000 80.000000
V 207.000000 13.999680 28.000000 28.000000
V 109.000800 316.000800 80.000000 34.000000
V 167.997600 527.997600 100.000000 34.000000
E 0 1
E 1 2
E 2 3
E 2 9
E 3 4
U 3 14
E 4 5
E 5 6
U 5 13
E 7 6
E 6 10
E 8 7
E 9 8
U 9 14
E 10 11
E 11 12
G 1389879293.json 18 17
V 167.997600 851.976000 100.000000 80.000000
V 167.997600 735.984000 100.000000 80.000000
V 167.997600 619.999200 100.000000 80.000000
V 49.999680 504.000000 100.000000 80.000000
V 167.997600 504.000000 100.000000 80.000000
V 285.998400 504.000000 100.000000 80.000000
V 49.999680 388.000800 100.000000 80.000000
V 167.997600 388.000800 100.000000 80.000000
V 285.998400 388.000800 100.000000 80.000000
V 49.999680 272.001600 100.000000 80.000000
V 167.997600 272.001600 100.000000 80.000000
V 285.998400 272.001600 100.000000 80.000000
V 49.999680 156.002400 100.000000 80.000000
V 167.997600 156.002400 100.000000 80.000000
V 285.998400 156.002400 100.000000 80.000000
V 49.999680 40.000320 100.000000 80.000000
V 167.997600 40.000320 100.000000 80.000000
V 285.998400 40.000320 100.000000 80.000000
E 0 1
E 1 2
E 2 3
E 2 4
E 2 5
E 3 6
E 4 7
E 5 8
E 6 9
E 7 10
E 8 11
E 9 12
E 10 13
E 11 14
E 12 15
E 13 16
E 14 17
G 1391471812.json 15 16
V 167.997600 886.968000 30.000000 30.000000
V 167.997600 699.998400 40.000000 40.000000
V 167.997600 796.032000 100.000000 80.000000
V 49.999680 604.000800 100.000000 80.000000
V 167.997600 604.000800 100.000000 80.000000
V 285.998400 604.000800 100.000000 80.000000
V 167.997600 508.003200 40.000000 40.000000
V 167.997600 411.998400 100.000000 80.000000
V 167.997600 316.000800 40.000000 40.000000
V 109.000800 220.003200 100.000000 80.000000
V 227.001600 220.003200 100.000000 80.000000
V 109.000800 103.996800 100.000000 80.000000
V 109.000800 13.999680 28.000000 28.000000
V 227.001600 103.996800 100.000000 80.000000
V 227.001600 13.999680 28.000000 28.000000
E 0 2
E 2 1
E 1 3
E 1 4
E 1 5
E 3 6
E 4 6
E 5 6
E 6 7
E 7 8
E 8 9
E 8 10
E 9 11
E 10 13
E 11 12
E 13 14
G 1392606222.json 24 25
V 88.999200 1706.976000 30.000000 30.000000
V 88.999200 1635.984000 40.000000 40.000000
V 49.999680 1540.008000 100.000000 80.000000
V 88.999200 1347.984000 100.000000 80.000000
V 88.999200 1256.976000 30.000000 30.000000
V 88.999200 826.992000 30.000000 30.000000
V 88.999200 735.984000 100.000000 80.000000
V 88.999200 619.999200 100.000000 80.000000
V 49.999680 427.996800 100.000000 80.000000
V 88.999200 1444.032000 40.000000 40.000000
V 49.999680 337.003200 30.000000 30.000000
V 88.999200 524.001600 40.000000 40.000000
V 49.999680 271.000800 30.000000 30.000000
V 49.999680 180.000000 100.000000 80.000000
V 88.999200 84.002400 40.000000 40.000000
V 88.999200 13.999680 28.000000 28.000000
V 88.999200 2071.008000 30.000000 30.000000
V 88.999200 1980.000000 113.000000 80.000000
V 88.999200 1864.008000 100.000000 80.000000
V 88.999200 1773.000000 30.000000 30.000000
V 88.999200 1100.016000 100.000000 80.000000
V 88.999200 984.024000 100.000000 80.000000
V 88.999200 1191.024000 30.000000 30.000000
V 88.999200 893.016000 30.000000 30.000000
E 0 1
E 19 0
E 1 2
E 1 9
E 2 9
E 3 4
E 9 3
E 4 22
E 5 6
E 23 5
E 6 7
E 7 11
E 8 10
E 11 8
E 10 12
E 11 14
E 12 13
E 13 14
E 14 15
E 16 17
E 17 18
E 18 19
E 20 21
E 22 20
E 21 23
G 139692629.json 23 23
V 109.000800 1402.992000 30.000000 30.000000
V 109.000800 1311.984000 100.000000 80.000000
V 109.000800 1195.992000 100.000000 80.000000
V 109.000800 1100.016000 40.000000 40.000000
V 49.999680 1003.968000 100.000000 80.000000
V 167.997600 1003.968000 100.000000 80.000000
V 49.999680 887.976000 40.000000 40.000000
V 106.999200 771.984000 100.000000 80.000000
V 67.999680 489.002400 30.000000 30.000000
V 67.999680 398.001600 100.000000 80.000000
V 67.999680 282.002400 100.000000 80.000000
V 67.999680 560.001600 40.000000 40.000000
V 167.997600 887.976000 100.000000 80.000000
V 189.000000 771.984000 28.000000 28.000000
V 106.999200 655.999200 100.000000 80.000000
V 67.999680 160.999200 99.000000 90.000000
V 285.998400 887.976000 100.000000 50.000000
V 328.003200 1003.968000 34.000000 48.000000
V 403.999200 887.976000 100.000000 50.000000
V 262.000800 771.984000 34.000000 48.000000
V 67.999680 40.000320 100.000000 80.000000
V 174.002400 282.002400 34.000000 48.000000
V 195.998400 160.999200 120.000000 50.000000
E 0 1
E 1 2
E 2 3
E 3 4
E 3 5
E 4 6
E 5 12
E 6 7
E 6 11
E 7 14
E 8 9
E 11 8
E 9 10
E 10 15
E 14 11
E 12 13
E 17 12
E 19 14
E 15 20
E 21 15
U 16 19
U 17 18
U 21 22
G 1398383977.json 16 18
V 108.000000 794.016000 100.000000 80.000000
V 108.000000 697.996800 40.000000 40.000000
V 108.000000 601.999200 100.000000 80.000000
V 108.000000 506.001600 40.000000 40.000000
V 49.999680 334.000800 100.000000 80.000000
V 49.999680 429.998400 40.000000 40.000000
V 63.000000 238.003200 40.000000 40.000000
V 63.000000 162.000000 28.000000 28.000000
V 147.002400 1062.000000 100.000000 80.000000
V 147.002400 966.024000 40.000000 40.000000
V 122.997600 889.992000 40.000000 40.000000
V 128.001600 162.000000 40.000000 40.000000
V 128.001600 85.996800 40.000000 40.000000
V 103.996800 14.999760 30.000000 30.000000
V 147.002400 1153.008000 30.000000 30.000000
V 151.999200 14.999760 30.000000 30.000000
E 0 1
E 10 0
E 1 2
E 1 5
E 2 3
E 3 5
E 3 11
E 5 4
E 4 6
E 6 7
E 6 11
E 8 9
E 14 8
E 9 10
E 9 11
E 11 12
E 12 13
E 12 15
G 14027741.json 17 18
V 248.500800 1170.000000 30.000000 30.000000
V 248.500800 1091.520000 122.808183 55.000000
V 179.503200 375.501600 133.277240 85.410001
V 61.500240 663.501600 122.808183 55.000000
V 156.499200 481.500000 123.212274 55.000000
V 198.496800 842.472000 40.000000 40.000000
V 194.500800 269.503200 123.212274 55.000000
V 298.497600 842.472000 123.606137 48.852503
V 248.500800 1003.536000 122.404091 49.250000
V 248.500800 922.968000 40.000000 40.000000
V 239.500800 178.502400 123.212274 55.500000
V 298.497600 572.500800 123.606137 49.250000
V 239.500800 13.999680 28.000000 28.000000
V 239.500800 89.503200 122.808183 51.250000
V 200.498400 754.488000 122.808183 55.000000
V 202.500000 663.501600 122.404091 55.000000
V 156.499200 572.500800 122.808183 55.500000
E 0 1
E 1 8
E 4 2
E 2 6
E 3 4
E 5 3
E 16 4
E 9 5
E 5 14
E 6 10
E 9 7
E 7 11
E 8 9
E 11 10
E 10 13
E 13 12
E 14 15
E 15 16
G 1411450999.json 23 26
V 261.496800 1497.024000 120.000000 68.000000
V 261.496800 1581.984000 30.000000 30.000000
V 166.500000 805.032000 120.000000 68.000000
V 166.500000 715.003200 40.000000 40.000000
V 63.499680 625.003200 100.000000 68.000000
V 181.497600 625.003200 100.000000 68.000000
V 166.500000 914.976000 40.000000 40.000000
V 181.497600 521.503200 40.000000 40.000000
V 63.499680 411.998400 100.000000 80.000000
V 181.497600 411.998400 100.000000 80.000000
V 181.497600 316.000800 40.000000 40.000000
V 181.497600 220.003200 100.000000 80.000000
V 220.500000 13.999680 28.000000 28.000000
V 202.500000 1310.976000 100.000000 80.000000
V 320.500800 1310.976000 100.000000 80.000000
V 220.500000 103.996800 100.000000 80.000000
V 261.496800 1407.024000 40.000000 40.000000
V 210.499200 1209.024000 40.000000 40.000000
V 210.499200 1127.016000 40.000000 40.000000
V 171.496800 1030.968000 100.000000 80.000000
V 256.500000 914.976000 100.000000 80.000000
V 320.500800 1209.024000 126.719999 51.540001
V 63.499680 521.503200 126.719999 66.750001
E 1 0
E 0 16
E 2 3
E 6 2
E 3 4
E 3 5
E 4 6
E 5 7
E 19 6
E 7 8
E 7 9
E 8 10
E 22 8
E 9 10
E 10 11
E 11 15
E 15 12
E 16 13
E 13 17
E 16 14
E 14 17
E 14 21
E 20 15
E 17 18
E 18 19
E 18 20
G 1420843931.json 19 19
V 164.001600 907.992000 30.000000 30.000000
V 164.001600 816.984000 100.000000 80.000000
V 164.001600 721.008000 40.000000 40.000000
V 102.002400 614.498400 112.000000 101.000000
V 226.000800 614.498400 100.000000 80.000000
V 102.002400 508.003200 40.000000 40.000000
V 49.999680 411.998400 100.000000 80.000000
V 138.002400 411.998400 40.000000 40.000000
V 138.002400 295.999200 100.000000 80.000000
V 78.998400 103.996800 100.000000 80.000000
V 138.002400 200.001600 40.000000 40.000000
V 196.999200 103.996800 100.000000 80.000000
V 226.000800 508.003200 40.000000 40.000000
V 226.000800 411.998400 100.000000 80.000000
V 196.999200 13.999680 28.000000 28.000000
V 78.998400 13.999680 28.000000 28.000000
V 226.000800 295.999200 28.000000 28.000000
V 373.003200 411.998400 157.000000 80.000000
V 373.003200 295.999200 28.000000 28.000000
E 0 1
E 1 2
E 2 3
E 2 4
E 3 5
E 4 12
E 5 6
E 5 7
E 7 8
E 12 7
E 8 10
E 10 9
E 9 15
E 10 11
E 11 14
E 12 13
E 12 17
E 13 16
E 17 18
G 1430545023.json 19 21
V 124.502400 1306.008000 30.000000 30.000000
V 124.502400 960.984000 100.000000 80.000000
V 124.502400 865.008000 40.000000 40.000000
V 85.500000 607.500000 100.000000 53.000000
V 163.497600 782.496000 100.000000 53.000000
V 85.500000 525.002400 40.000000 40.000000
V 163.497600 442.497600 100.000000 53.000000
V 47.499840 442.497600 95.000000 53.000000
V 163.497600 364.996800 28.000000 28.000000
V 47.499840 293.997600 95.000000 40.000000
V 47.499840 201.499200 95.000000 73.000000
V 47.499840 102.499200 94.500000 53.000000
V 47.499840 20.000160 81.500000 40.000000
V 162.496800 1152.504000 94.500000 53.000000
V 290.498400 695.001600 208.000000 50.000000
V 162.496800 1063.512000 94.500000 53.000000
V 148.500000 695.001600 40.000000 40.000000
V 47.499840 364.996800 30.000000 30.000000
V 124.502400 1235.016000 40.000000 40.000000
E 0 18
E 1 2
E 15 1
E 18 1
E 2 3
E 2 4
E 3 5
E 16 3
U 4 14
E 4 16
E 5 6
E 5 7
E 6 8
E 16 6
E 7 17
E 9 10
E 17 9
E 10 11
E 11 12
E 13 15
E 18 13
G 1434473586.json 33 38
V 265.003200 2302.992000 100.000000 80.000000
V 108.000000 2110.968000 100.000000 80.000000
V 226.000800 2110.968000 100.000000 80.000000
V 226.000800 2207.016000 40.000000 40.000000
V 138.002400 2010.024000 40.000000 40.000000
V 138.002400 1909.008000 100.000000 80.000000
V 138.002400 1813.032000 40.000000 40.000000
V 207.000000 1716.984000 100.000000 80.000000
V 88.999200 1716.984000 100.000000 80.000000
V 97.999200 1615.968000 40.000000 40.000000
V 97.999200 1515.024000 100.000000 80.000000
V 132.998400 1265.976000 100.000000 80.000000
V 132.998400 1170.000000 40.000000 40.000000
V 115.999200 1074.024000 100.000000 80.000000
V 226.000800 958.032000 100.000000 80.000000
V 216.000000 306.000000 100.000000 80.000000
V 216.000000 190.000800 100.000000 80.000000
V 216.000000 478.000800 30.000000 30.000000
V 303.998400 88.999200 40.000000 40.000000
V 303.998400 13.999680 28.000000 28.000000
V 157.003200 573.998400 100.000000 80.000000
V 160.999200 478.000800 40.000000 40.000000
V 160.999200 401.997600 28.000000 28.000000
V 216.000000 401.997600 40.000000 40.000000
V 108.000000 958.032000 100.000000 80.000000
V 226.000800 2010.024000 100.000000 50.000000
V 49.999680 2010.024000 100.000000 50.000000
V 216.000000 88.999200 100.000000 50.000000
V 207.000000 1615.968000 134.000000 50.000000
V 136.000800 1390.464000 88.000000 97.000000
V 108.000000 861.984000 40.000000 40.000000
V 149.997600 670.003200 40.000000 40.000000
V 148.996800 766.008000 100.000000 80.000000
E 0 3
E 18 0
E 3 1
E 1 4
U 1 26
E 3 2
E 2 4
U 2 25
E 4 5
E 5 6
E 6 7
E 6 8
E 7 9
U 7 28
E 8 9
E 9 10
E 10 11
E 10 29
E 11 12
E 29 11
E 12 13
E 12 14
E 13 24
E 14 31
E 15 16
E 23 15
E 16 18
U 16 27
E 17 23
E 18 19
E 20 21
E 31 20
E 21 22
E 21 23
E 24 30
E 30 31
E 30 32
E 32 31
G 1441349899.json 26 30
V 34.999920 1629.000000 30.000000 30.000000
V 73.000800 1529.496000 71.000000 61.250000
V 115.999200 308.001600 71.000000 67.500000
V 148.003200 218.001600 40.000000 40.000000
V 148.003200 121.996800 100.000000 80.000000
V 126.000000 22.999680 28.000000 28.000000
V 112.003200 1629.000000 87.000000 66.000000
V 28.000080 1445.976000 23.000000 34.000000
V 115.999200 394.999200 70.750000 34.000000
V 169.999200 22.999680 23.000000 46.000000
V 73.000800 1445.976000 30.000000 30.000000
V 47.000160 394.999200 30.000000 30.000000
V 73.000800 1370.016000 30.000000 30.000000
V 96.998400 1284.480000 71.000000 53.000000
V 124.999200 1370.016000 37.000000 46.000000
V 66.000240 1132.992000 52.000000 46.000000
V 117.000000 1207.008000 30.000000 30.000000
V 77.997600 552.002400 100.000000 80.000000
V 63.000000 462.002400 28.000000 28.000000
V 90.000000 769.968000 124.000000 80.000000
V 132.998400 868.968000 30.000000 30.000000
V 109.000800 661.003200 52.000000 66.000000
V 124.999200 1132.992000 30.000000 30.000000
V 90.000000 1033.992000 100.000000 80.000000
V 74.001600 868.968000 52.000000 46.000000
V 129.002400 942.984000 30.000000 30.000000
E 0 1
E 3 1
E 6 1
E 1 7
E 1 10
E 2 3
E 8 2
E 11 2
E 3 4
E 4 5
E 4 9
E 10 11
E 10 12
E 18 11
E 12 13
E 14 13
E 13 15
E 13 16
E 15 23
E 16 22
E 17 18
E 19 17
E 21 17
E 20 19
E 19 21
E 24 19
E 25 20
E 22 23
E 23 24
E 23 25
G 1444150401.json 26 28
V 367.502400 1474.992000 30.000000 30.000000
V 367.502400 1402.992000 81.850000 41.850000
V 367.502400 1326.024000 40.000000 40.000000
V 286.502400 1247.976000 144.769999 41.850000
V 286.502400 1167.984000 144.769999 43.525000
V 449.503200 1247.976000 144.769999 43.525000
V 227.498400 653.997600 100.000000 43.525000
V 72.496800 257.997600 144.769999 41.850000
V 449.503200 1167.984000 28.000000 28.000000
V 72.496800 180.000000 28.000000 28.000000
V 219.499200 1003.536000 100.000000 43.525000
V 286.502400 1090.008000 40.000000 40.000000
V 354.499200 1003.536000 134.154999 61.075000
V 286.502400 828.504000 126.620000 65.000000
V 286.502400 740.016000 40.000000 40.000000
V 345.499200 653.997600 100.000000 60.000000
V 286.502400 568.000800 40.000000 40.000000
V 286.502400 916.992000 40.000000 40.000000
V 286.502400 491.997600 40.000000 40.000000
V 235.497600 257.997600 145.174999 43.525000
V 247.500000 414.000000 100.000000 43.525000
V 235.497600 336.002400 40.000000 40.000000
V 235.497600 180.000000 40.000000 40.000000
V 336.499200 94.003200 100.000000 43.525000
V 218.498400 94.003200 100.000000 60.000000
V 218.498400 13.999680 28.000000 28.000000
E 0 1
E 1 2
E 2 3
E 2 5
E 3 4
E 4 11
E 5 8
E 14 6
E 6 16
E 7 9
E 21 7
E 11 10
E 10 17
E 11 12
E 12 17
E 13 14
E 17 13
E 14 15
E 15 16
E 16 18
E 18 20
E 23 18
E 21 19
E 19 22
E 20 21
E 22 23
E 22 24
E 24 25
G 1463495487.json 16 17
V 189.000000 930.024000 30.000000 30.000000
V 185.997600 336.002400 40.000000 40.000000
V 56.000160 220.003200 112.000000 80.000000
V 97.999200 103.996800 40.000000 40.000000
V 181.000800 13.999680 28.000000 28.000000
V 189.000000 740.016000 40.000000 40.000000
V 189.000000 837.504000 100.000000 82.680000
V 148.003200 643.996800 28.000000 28.000000
V 229.996800 643.996800 100.000000 80.000000
V 276.998400 336.002400 100.000000 80.000000
V 185.997600 220.003200 112.000000 80.000000
V 280.000800 220.003200 40.000000 40.000000
V 229.996800 527.997600 100.000000 80.000000
V 229.996800 432.000000 40.000000 40.000000
V 342.000000 103.996800 100.000000 80.000000
V 185.997600 103.996800 100.000000 80.000000
E 0 6
E 1 2
E 1 10
E 13 1
E 2 3
E 3 4
E 10 3
E 11 4
E 6 5
E 5 7
E 5 8
E 8 12
E 9 11
E 13 9
E 10 15
E 11 14
E 12 13
G 1463721962.json 31 36
V 853.488000 1640.016000 30.000000 30.000000
V 909.504000 1145.016000 30.000000 30.000000
V 909.504000 1048.968000 100.000000 80.000000
V 853.488000 1549.008000 100.000000 80.000000
V 944.496000 399.002400 251.000000 50.000000
V 984.528000 867.024000 100.000000 80.000000
V 984.528000 958.032000 30.000000 30.000000
V 984.528000 683.503200 40.000000 40.000000
V 780.480000 399.002400 40.000000 40.000000
V 780.480000 298.000800 28.000000 28.000000
V 823.536000 499.996800 100.000000 80.000000
V 964.512000 499.996800 100.000000 80.000000
V 849.528000 1453.032000 30.000000 30.000000
V 831.528000 1240.992000 100.000000 80.000000
V 831.528000 958.032000 30.000000 30.000000
V 831.528000 1356.984000 40.000000 40.000000
V 749.520000 1240.992000 28.000000 28.000000
V 473.500800 683.503200 947.000000 214.717678
V 973.512000 1453.032000 40.000000 40.000000
V 1033.488000 1240.992000 100.000000 80.000000
V 1033.488000 1145.016000 40.000000 40.000000
V 1033.488000 1048.968000 100.000000 80.000000
V 1103.472000 399.002400 30.000000 30.000000
V 954.504000 298.000800 100.000000 80.000000
V 973.512000 1549.008000 100.000000 80.000000
V 954.504000 201.002400 28.000000 28.000000
V 973.512000 1640.016000 30.000000 30.000000
V 1045.512000 1356.984000 100.000000 80.000000
V 823.536000 201.002400 83.000000 41.500000
V 675.496800 13.999680 28.000000 28.000000
V 675.496800 103.996800 100.000000 80.000000
E 0 3
E 1 2
E 3 1
E 13 1
E 2 6
E 2 14
E 3 12
U 11 4
E 6 5
E 5 7
E 21 6
E 7 10
E 7 11
E 8 9
E 10 8
E 11 8
E 11 22
E 12 15
E 13 14
E 15 13
E 14 17
E 15 16
E 17 30
E 18 19
E 24 18
E 18 27
E 19 20
E 27 19
E 20 21
E 21 22
E 22 23
E 23 25
E 23 28
E 26 24
E 28 30
E 30 29
G 1475462886.json 27 27
V 463.996800 1393.992000 30.000000 30.000000
V 434.001600 1277.496000 100.000000 80.000000
V 335.001600 1393.992000 191.000000 50.000000
V 279.000000 1277.496000 173.636362 110.909090
V 201.002400 1146.024000 100.000000 80.000000
V 355.996800 1146.024000 100.000000 80.000000
V 522.000000 1146.024000 28.000000 28.000000
V 573.998400 1277.496000 28.000000 28.000000
V 522.000000 1277.496000 40.000000 40.000000
V 547.999200 1470.024000 30.000000 30.000000
V 547.999200 1393.992000 40.000000 40.000000
V 86.997600 1277.496000 173.636362 110.909090
V 259.999200 1032.480000 100.000000 74.590906
V 259.999200 939.024000 40.000000 40.000000
V 201.002400 842.976000 100.000000 80.000000
V 259.999200 747.000000 40.000000 40.000000
V 319.003200 842.976000 100.000000 80.000000
V 259.999200 653.500800 100.000000 74.590906
V 259.999200 560.001600 40.000000 40.000000
V 201.002400 463.996800 100.000000 80.000000
V 319.003200 463.996800 100.000000 80.000000
V 141.998400 156.002400 100.000000 80.000000
V 141.998400 40.000320 100.000000 80.000000
V 259.999200 156.002400 100.000000 80.000000
V 259.999200 40.000320 100.000000 80.000000
V 201.002400 252.000000 40.000000 40.000000
V 201.002400 347.997600 100.000000 80.000000
E 0 1
U 2 1
E 1 5
U 3 5
U 11 4
E 4 12
E 8 5
E 5 12
E 8 6
E 10 7
E 10 8
E 9 10
E 12 13
E 13 14
E 13 16
E 14 15
E 16 15
E 15 17
E 17 18
E 18 19
E 18 20
E 19 26
E 21 22
E 25 21
E 23 24
E 25 23
E 26 25
G 1483343463.json 34 37
V 162.000000 2083.968000 30.000000 30.000000
V 162.000000 2008.008000 56.000000 50.000000
V 162.000000 1927.008000 40.000000 40.000000
V 133.999200 1846.008000 56.000000 50.000000
V 162.000000 1522.008000 56.000000 50.000000
V 133.999200 1765.008000 40.000000 40.000000
V 51.999840 1684.008000 72.000000 50.000000
V 133.999200 1684.008000 56.000000 50.000000
V 162.000000 1441.008000 40.000000 40.000000
V 117.000000 1360.008000 72.000000 50.000000
V 51.999840 1603.008000 28.000000 28.000000
V 117.000000 1279.008000 28.000000 28.000000
V 155.001600 713.001600 72.000000 50.000000
V 207.000000 616.996800 40.000000 40.000000
V 162.000000 1603.008000 40.000000 40.000000
V 207.000000 541.000800 40.000000 40.000000
V 160.999200 1183.032000 100.000000 80.000000
V 154.000800 1066.968000 78.000000 80.000000
V 207.000000 970.992000 40.000000 40.000000
V 207.000000 889.992000 78.000000 50.000000
V 207.000000 1360.008000 72.000000 50.000000
V 207.000000 1279.008000 40.000000 40.000000
V 207.000000 808.992000 40.000000 40.000000
V 258.998400 713.001600 100.000000 80.000000
V 261.000000 1066.968000 100.000000 80.000000
V 49.999680 265.996800 100.000000 80.000000
V 167.997600 265.996800 100.000000 67.000000
V 83.001600 169.999200 40.000000 40.000000
V 167.997600 169.999200 28.000000 28.000000
V 193.996800 88.999200 78.000000 50.000000
V 83.001600 88.999200 72.000000 50.000000
V 83.001600 13.999680 28.000000 28.000000
V 167.997600 362.001600 40.000000 40.000000
V 174.002400 451.497600 78.000000 67.000000
E 0 1
E 1 2
E 2 3
E 2 14
E 3 5
E 4 8
E 14 4
E 5 6
E 5 7
E 6 10
E 7 14
E 8 9
E 8 20
E 9 11
E 12 13
E 22 12
E 13 15
E 23 13
E 29 15
E 15 33
E 16 17
E 21 16
E 17 18
E 18 19
E 24 18
E 19 22
E 20 21
E 21 24
E 22 23
E 25 27
E 32 25
E 26 28
E 32 26
E 27 29
E 27 30
E 30 31
E 33 32
G 1485268086.json 15 17
V 167.997600 640.000800 40.000000 40.000000
V 285.998400 544.003200 100.000000 80.000000
V 227.001600 159.998400 100.000000 80.000000
V 182.001600 41.999760 117.000000 84.000000
V 227.001600 275.997600 100.000000 80.000000
V 403.999200 544.003200 100.000000 80.000000
V 285.998400 640.000800 40.000000 40.000000
V 285.998400 447.998400 40.000000 40.000000
V 49.999680 544.003200 100.000000 80.000000
V 167.997600 447.998400 40.000000 40.000000
V 227.001600 372.002400 40.000000 40.000000
V 227.001600 715.996800 40.000000 40.000000
V 227.001600 787.032000 30.000000 30.000000
V 273.002400 41.999760 28.000000 28.000000
V 167.997600 544.003200 100.000000 80.000000
E 0 8
E 11 0
E 0 14
E 6 1
E 1 7
U 2 3
E 4 2
E 2 13
E 10 4
E 6 5
E 5 7
E 11 6
E 7 10
E 8 9
E 9 10
E 14 9
E 12 11
G 1489330663.json 21 25
V 303.998400 1120.032000 100.000000 80.000000
V 303.998400 1210.968000 30.000000 30.000000
V 303.998400 1003.968000 100.000000 80.000000
V 265.003200 887.976000 100.000000 80.000000
V 303.998400 792.000000 40.000000 40.000000
V 303.998400 696.002400 100.000000 80.000000
V 67.999680 792.000000 30.000000 30.000000
V 67.999680 696.002400 100.000000 80.000000
V 83.001600 580.003200 100.000000 80.000000
V 83.001600 463.996800 100.000000 80.000000
V 97.999200 347.997600 100.000000 80.000000
V 97.999200 231.998400 40.000000 40.000000
V 108.000000 115.999200 100.000000 80.000000
V 20.000160 115.999200 40.000000 40.000000
V 185.997600 696.002400 100.000000 80.000000
V 108.000000 20.000160 40.000000 40.000000
V 362.001600 463.996800 100.000000 80.000000
V 362.001600 347.997600 40.000000 40.000000
V 283.996800 231.998400 100.000000 80.000000
V 365.997600 231.998400 28.000000 28.000000
V 293.997600 580.003200 40.000000 40.000000
E 1 0
E 0 2
E 2 3
E 4 2
E 3 4
E 4 5
E 5 20
E 6 7
E 7 8
E 8 9
E 14 8
E 9 10
E 13 9
E 10 11
E 11 12
E 11 13
E 12 15
E 13 15
E 15 14
E 14 20
E 16 17
E 20 16
E 17 18
E 17 19
E 18 20
G 1497265988.json 19 21
V 277.329600 976.032000 30.000000 30.000000
V 277.329600 885.024000 100.000000 80.000000
V 236.325600 760.464000 40.000000 40.000000
V 285.328800 511.502400 100.000000 80.000000
V 295.329600 245.498400 100.000000 80.000000
V 103.327200 112.500000 40.000000 40.000000
V 103.327200 13.999680 28.000000 28.000000
V 295.329600 378.496800 88.000000 97.000000
V 239.328000 112.500000 88.000000 97.000000
V 407.325600 378.496800 100.000000 50.000000
V 351.324000 112.500000 100.000000 50.000000
V 157.327200 635.997600 100.000000 80.000000
V 85.327200 378.496800 100.000000 80.000000
V 318.326400 760.464000 88.000000 97.000000
V 157.327200 511.502400 88.000000 97.000000
V 65.326320 245.498400 88.000000 97.000000
V 177.328800 245.498400 100.000000 50.000000
V 285.328800 635.997600 100.000000 80.000000
V 397.324800 511.502400 88.000000 97.000000
E 0 1
E 1 2
E 1 13
E 2 11
E 2 17
E 3 4
E 3 7
U 3 9
E 17 3
E 4 5
E 7 4
E 4 8
U 4 10
E 5 6
E 12 5
E 11 12
E 11 14
E 14 12
E 12 15
U 12 16
E 17 18
G 1501319438.json 23 26
V 49.999680 1135.008000 30.000000 30.000000
V 49.999680 1044.000000 100.000000 80.000000
V 90.000000 573.998400 30.000000 30.000000
V 25.999920 670.003200 40.000000 40.000000
V 90.000000 478.000800 28.000000 28.000000
V 84.002400 382.003200 30.000000 30.000000
V 84.002400 285.998400 30.000000 30.000000
V 112.003200 78.998400 30.000000 30.000000
V 112.003200 13.999680 28.000000 28.000000
V 88.999200 952.992000 30.000000 30.000000
V 112.003200 861.984000 100.000000 80.000000
V 113.997600 766.008000 40.000000 40.000000
V 231.998400 670.003200 100.000000 80.000000
V 113.997600 670.003200 100.000000 52.000000
V 146.001600 573.998400 40.000000 40.000000
V 146.001600 478.000800 28.000000 28.000000
V 230.997600 573.998400 30.000000 30.000000
V 229.996800 478.000800 100.000000 80.000000
V 229.996800 285.998400 100.000000 80.000000
V 310.996800 169.999200 62.001000 60.173000
V 186.998400 169.999200 150.000000 80.000000
V 229.996800 382.003200 40.000000 40.000000
V 186.998400 78.998400 28.000000 28.000000
E 0 1
E 1 3
E 1 9
E 3 2
E 2 4
E 13 2
E 3 5
E 5 6
E 17 5
E 6 7
E 7 8
E 20 7
E 9 10
E 10 11
E 11 12
E 11 13
E 12 14
E 12 16
E 13 14
E 14 15
E 16 17
E 17 21
U 18 19
E 18 20
E 21 18
E 20 22
G 1505068405.json 17 19
V 284.997600 1194.984000 30.000000 30.000000
V 284.997600 1103.976000 139.000002 80.000000
V 284.997600 1008.000000 40.000000 40.000000
V 221.997600 508.003200 40.000000 40.000000
V 167.997600 583.999200 40.000000 40.000000
V 49.999680 679.996800 100.000000 80.000000
V 167.997600 796.032000 40.000000 40.000000
V 167.997600 912.024000 100.000000 80.000000
V 167.997600 679.996800 100.000000 80.000000
V 316.000800 411.998400 100.000000 80.000000
V 316.000800 295.999200 116.000000 80.000000
V 358.999200 200.001600 40.000000 40.000000
V 401.997600 796.032000 100.000000 80.000000
V 358.999200 103.996800 100.000000 80.000000
V 358.999200 13.999680 28.000000 28.000000
V 324.000000 912.024000 100.000000 50.000000
V 198.000000 411.998400 100.000000 50.000000
E 0 1
E 1 2
E 3 2
E 2 7
E 2 12
U 2 15
E 4 3
E 3 9
U 3 16
E 5 4
E 8 4
E 6 5
E 7 6
E 6 8
E 9 10
E 10 11
E 12 11
E 11 13
E 13 14
G 1511954090.json 25 26
V 213.998400 1532.016000 100.000000 80.000000
V 148.003200 1416.024000 100.000000 80.000000
V 109.000800 1300.032000 100.000000 80.000000
V 109.000800 568.000800 100.000000 80.000000
V 109.000800 452.001600 100.000000 80.000000
V 109.000800 13.999680 28.000000 28.000000
V 49.999680 1108.008000 100.000000 80.000000
V 167.997600 992.016000 100.000000 80.000000
V 49.999680 992.016000 100.000000 80.000000
V 167.997600 1108.008000 100.000000 80.000000
V 109.000800 336.002400 100.000000 80.000000
V 109.000800 220.003200 100.000000 80.000000
V 109.000800 103.996800 100.000000 80.000000
V 109.000800 1203.984000 40.000000 40.000000
V 109.000800 663.998400 40.000000 40.000000
V 100.000800 1532.016000 62.001000 60.173000
V 213.998400 1971.000000 30.000000 30.000000
V 213.998400 1879.992000 100.000000 80.000000
V 213.998400 1764.000000 100.000000 80.000000
V 213.998400 1648.008000 100.000000 80.000000
V 229.996800 1416.024000 28.000000 28.000000
V 167.997600 876.024000 100.000000 80.000000
V 167.997600 760.032000 100.000000 80.000000
V 49.999680 876.024000 100.000000 80.000000
V 49.999680 760.032000 100.000000 80.000000
E 0 1
E 19 0
E 0 20
E 1 2
U 15 1
E 2 13
U 15 2
E 3 4
E 14 3
E 4 10
E 12 5
E 6 8
E 13 6
E 9 7
E 7 21
E 8 23
E 13 9
E 10 11
E 11 12
E 22 14
E 24 14
E 16 17
E 17 18
E 18 19
E 21 22
E 23 24
G 151401569.json 40 41
V 1010.016000 2036.016000 30.000000 30.000000
V 1010.016000 1945.008000 100.000000 80.000000
V 939.024000 1824.480000 28.000000 28.000000
V 1010.016000 1824.480000 78.000000 50.000000
V 939.024000 1729.008000 30.000000 30.000000
V 939.024000 1639.008000 128.000000 78.000000
V 786.024000 1514.016000 120.000000 67.000000
V 939.024000 1514.016000 150.000000 82.000000
V 810.000000 1364.976000 121.000000 85.000000
V 772.992000 1236.024000 28.000000 28.000000
V 848.016000 1236.024000 86.000000 60.000000
V 772.992000 1155.024000 30.000000 30.000000
V 772.992000 1064.016000 127.000000 80.000000
V 283.003200 939.528000 72.000000 97.000000
V 56.000160 772.992000 112.000000 100.000000
V 180.000000 772.992000 100.000000 50.000000
V 772.992000 939.528000 100.000000 80.000000
V 600.998400 772.992000 118.000000 86.000000
V 732.024000 772.992000 108.000000 122.000000
V 897.984000 772.992000 112.000000 56.000000
V 814.032000 615.002400 100.000000 80.000000
V 619.999200 490.996800 192.000000 96.000000
V 642.002400 354.499200 100.000000 80.000000
V 495.000000 217.497600 64.000000 72.000000
V 642.002400 217.497600 28.000000 28.000000
V 642.002400 66.499920 100.000000 50.000000
V 814.032000 490.996800 159.000000 78.000000
V 1146.024000 1824.480000 157.000000 89.000000
V 1193.976000 1514.016000 324.000000 100.000000
V 1068.984000 1364.976000 360.000000 126.000000
V 968.976000 939.528000 256.000000 89.000000
V 385.999200 772.992000 276.000000 164.000000
V 1117.008000 772.992000 291.000000 119.000000
V 1012.032000 490.996800 200.000000 89.000000
V 814.032000 354.499200 164.000000 105.000000
V 859.032000 217.497600 370.000000 97.000000
V 259.999200 66.499920 276.000000 133.000000
V 495.000000 66.499920 157.000000 54.000000
V 871.992000 66.499920 325.000000 70.000000
V 990.000000 615.002400 216.000000 80.000000
E 0 1
E 1 2
E 1 3
U 1 27
E 2 4
E 4 5
U 5 6
E 5 7
U 5 28
E 7 8
U 7 29
E 8 9
E 8 10
E 9 11
E 11 12
E 12 13
E 12 16
U 12 30
U 13 14
U 13 15
U 13 31
U 16 17
U 16 18
E 16 19
E 16 20
U 16 32
E 19 20
U 19 39
E 20 21
E 20 26
U 20 33
E 21 22
E 22 23
E 22 24
E 26 22
U 22 35
U 23 36
U 23 37
U 24 25
U 24 38
U 26 34
G 1515719913.json 23 29
V 49.999680 1211.976000 100.000000 50.000000
V 419.997600 877.032000 100.000000 50.000000
V 324.000000 1102.464000 71.059999 97.000000
V 419.997600 1102.464000 40.000000 40.000000
V 419.997600 1211.976000 40.000000 40.000000
V 419.997600 977.976000 100.000000 80.000000
V 277.999200 250.502400 40.000000 40.000000
V 102.002400 767.520000 71.059999 97.000000
V 396.000000 471.002400 30.000000 30.000000
V 319.996800 374.997600 28.000000 28.000000
V 331.999200 471.002400 40.000000 40.000000
V 331.999200 546.998400 40.000000 40.000000
V 331.999200 643.003200 100.000000 80.000000
V 147.002400 1312.992000 100.000000 80.000000
V 401.997600 374.997600 100.000000 80.000000
V 401.997600 250.502400 71.059999 97.000000
V 444.002400 471.002400 30.000000 30.000000
V 331.999200 877.032000 40.000000 40.000000
V 277.999200 24.999840 100.000000 50.000000
V 277.999200 126.000000 100.000000 80.000000
V 331.999200 767.520000 100.000000 80.000000
V 301.996800 977.976000 100.000000 80.000000
V 244.000800 877.032000 100.000000 50.000000
U 13 0
U 5 1
E 2 5
E 2 21
E 4 3
E 3 5
E 11 3
E 3 21
E 13 4
E 19 4
E 5 17
E 11 6
E 6 13
E 14 6
E 6 19
E 13 7
E 7 19
E 8 14
E 10 9
E 11 10
E 10 14
E 12 11
E 20 12
E 14 15
E 16 14
E 17 20
E 21 17
U 19 18
U 21 22
G 1521212212.json 15 14
V 109.000800 684.000000 30.000000 30.000000
V 109.000800 785.016000 100.000000 50.000000
V 109.000800 568.000800 100.000000 80.000000
V 109.000800 452.001600 100.000000 80.000000
V 109.000800 336.002400 100.000000 80.000000
V 109.000800 220.003200 100.000000 80.000000
V 49.999680 103.996800 100.000000 50.000000
V 167.997600 103.996800 100.000000 80.000000
V 167.997600 13.999680 28.000000 28.000000
V 192.002400 976.968000 30.000000 30.000000
V 192.002400 886.032000 100.000000 80.000000
V 192.002400 684.000000 100.000000 80.000000
V 192.002400 785.016000 30.000000 30.000000
V 310.003200 684.000000 100.000000 50.000000
V 192.002400 568.000800 28.000000 28.000000
U 1 0
E 0 2
E 12 0
E 2 3
E 3 4
E 4 5
U 5 6
E 5 7
E 7 8
E 9 10
E 10 12
E 12 11
E 11 14
U 12 13
G 1526037291.json 16 16
V 80.503200 1209.024000 82.000000 68.000000
V 80.503200 1104.984000 100.000000 68.000000
V 80.503200 297.496800 89.000000 67.000000
V 80.503200 194.500800 82.000000 67.000000
V 80.503200 95.500800 82.000000 59.000000
V 80.503200 1504.008000 30.000000 30.000000
V 80.503200 1417.968000 82.000000 70.000000
V 80.503200 1312.992000 82.000000 68.000000
V 80.503200 1000.008000 82.000000 70.000000
V 46.499760 895.536000 82.000000 67.000000
V 44.500320 790.992000 89.000000 70.000000
V 80.503200 490.996800 40.000000 40.000000
V 80.503200 400.996800 89.000000 68.000000
V 44.500320 686.498400 82.000000 67.000000
V 44.500320 581.997600 89.000000 70.000000
V 80.503200 14.999760 30.000000 30.000000
E 0 1
E 7 0
E 1 8
E 2 3
E 12 2
E 3 4
E 4 15
E 5 6
E 6 7
E 8 9
E 11 8
E 9 10
E 10 13
E 11 12
E 14 11
E 13 14
G 15293895.json 15 15
V 167.997600 927.000000 30.000000 30.000000
V 167.997600 835.992000 100.000000 80.000000
V 167.997600 720.000000 100.000000 80.000000
V 109.000800 604.000800 100.000000 80.000000
V 109.000800 508.003200 40.000000 40.000000
V 49.999680 411.998400 100.000000 80.000000
V 167.997600 411.998400 100.000000 80.000000
V 49.999680 295.999200 100.000000 80.000000
V 49.999680 180.000000 28.000000 28.000000
V 167.997600 295.999200 40.000000 40.000000
V 149.997600 180.000000 100.000000 80.000000
V 267.998400 180.000000 100.000000 80.000000
V 209.001600 84.002400 40.000000 40.000000
V 209.001600 13.999680 28.000000 28.000000
V 227.001600 604.000800 100.000000 50.000000
E 0 1
E 1 2
E 2 3
U 2 14
E 3 4
E 4 5
E 4 6
E 5 7
E 6 9
E 7 8
E 9 10
E 9 11
E 10 12
E 11 12
E 12 13
G 1530552264.json 17 16
V 227.001600 735.984000 100.000000 80.000000
V 227.001600 619.999200 100.000000 80.000000
V 227.001600 388.000800 100.000000 80.000000
V 227.001600 156.002400 100.000000 80.000000
V 227.001600 272.001600 100.000000 80.000000
V 227.001600 40.000320 100.000000 80.000000
V 227.001600 504.000000 100.000000 80.000000
V 109.000800 1019.016000 30.000000 30.000000
V 167.997600 851.976000 100.000000 80.000000
V 49.999680 851.976000 100.000000 80.000000
V 109.000800 948.024000 40.000000 40.000000
V 49.999680 735.984000 28.000000 28.000000
V 345.002400 1019.016000 30.000000 30.000000
V 285.998400 851.976000 100.000000 80.000000
V 403.999200 851.976000 100.000000 80.000000
V 345.002400 948.024000 40.000000 40.000000
V 403.999200 735.984000 28.000000 28.000000
E 0 1
E 8 0
E 13 0
E 1 6
E 2 4
E 6 2
E 4 3
E 3 5
E 7 10
E 10 8
E 10 9
E 9 11
E 12 15
E 15 13
E 15 14
E 14 16
G 1533403626.json 17 20
V 227.001600 886.968000 30.000000 30.000000
V 227.001600 815.976000 40.000000 40.000000
V 49.999680 720.000000 100.000000 80.000000
V 167.997600 720.000000 100.000000 80.000000
V 285.998400 720.000000 100.000000 80.000000
V 290.001600 372.002400 40.000000 40.000000
V 293.997600 84.002400 40.000000 40.000000
V 293.997600 13.999680 28.000000 28.000000
V 167.997600 604.000800 30.000000 30.000000
V 167.997600 488.001600 100.000000 80.000000
V 128.001600 372.002400 100.000000 80.000000
V 172.000800 159.998400 40.000000 40.000000
V 172.000800 84.002400 28.000000 28.000000
V 49.999680 604.000800 100.000000 80.000000
V 128.001600 256.003200 40.000000 40.000000
V 49.999680 488.001600 30.000000 30.000000
V 216.000000 256.003200 100.000000 80.000000
E 0 1
E 1 2
E 1 3
E 1 4
E 6 1
E 2 13
E 3 8
E 4 5
E 5 6
E 6 7
E 11 6
E 8 9
E 9 10
E 14 9
E 10 14
E 11 12
E 14 11
E 15 11
E 16 11
E 13 15
G 1535649265.json 22 27
V 180.000000 1640.016000 100.000000 80.000000
V 180.000000 1524.024000 100.000000 80.000000
V 180.000000 1311.984000 40.000000 40.000000
V 180.000000 1408.032000 100.000000 80.000000
V 187.999200 411.998400 100.000000 80.000000
V 140.997600 1236.024000 40.000000 40.000000
V 49.999680 103.996800 100.000000 80.000000
V 140.997600 1139.976000 100.000000 80.000000
V 140.997600 1044.000000 40.000000 40.000000
V 121.996800 948.024000 100.000000 80.000000
V 121.996800 851.976000 40.000000 40.000000
V 88.999200 508.003200 40.000000 40.000000
V 86.997600 295.999200 100.000000 80.000000
V 49.999680 200.001600 40.000000 40.000000
V 121.996800 756.000000 100.000000 80.000000
V 121.996800 660.002400 40.000000 40.000000
V 88.999200 411.998400 40.000000 40.000000
V 88.999200 583.999200 40.000000 40.000000
V 147.002400 508.003200 40.000000 40.000000
V 180.000000 1731.024000 30.000000 30.000000
V 49.999680 13.999680 28.000000 28.000000
V 187.999200 295.999200 28.000000 28.000000
E 0 1
E 19 0
E 1 3
E 3 2
E 2 4
E 2 5
E 8 4
E 11 4
E 18 4
E 4 21
E 5 7
E 5 13
E 13 6
E 6 20
E 7 8
E 8 9
E 9 10
E 10 14
E 10 17
E 11 16
E 17 11
E 12 13
E 16 12
E 14 15
E 15 17
E 15 18
E 18 16
G 1537041370.json 17 16
V 49.999680 893.016000 100.000000 80.000000
V 167.997600 428.997600 100.000000 80.000000
V 227.001600 777.024000 40.000000 40.000000
V 167.997600 661.003200 100.000000 80.000000
V 127.000800 237.002400 30.000000 30.000000
V 112.996800 112.500000 100.000000 50.000000
V 227.001600 1100.016000 30.000000 30.000000
V 227.001600 1009.008000 100.000000 80.000000
V 49.999680 777.024000 100.000000 80.000000
V 167.997600 544.996800 100.000000 80.000000
V 217.000800 237.002400 100.000000 80.000000
V 167.997600 333.000000 40.000000 40.000000
V 225.000000 13.999680 28.000000 28.000000
V 225.000000 112.500000 88.000000 97.000000
V 227.001600 893.016000 100.000000 80.000000
V 49.999680 661.003200 100.000000 80.000000
V 285.998400 661.003200 100.000000 80.000000
E 0 8
E 9 1
E 1 11
E 2 3
E 14 2
E 2 16
U 4 5
E 11 4
E 6 7
E 7 14
E 8 15
E 15 9
E 16 9
E 11 10
E 10 13
E 13 12
G 1565478566.json 15 15
V 65.000160 1236.024000 28.000000 28.000000
V 154.000800 1236.024000 114.000000 68.000000
V 109.000800 1146.024000 40.000000 40.000000
V 109.000800 564.998400 114.000000 74.000000
V 109.000800 220.003200 100.000000 80.000000
V 109.000800 336.002400 100.000000 80.000000
V 49.999680 974.016000 100.000000 80.000000
V 167.997600 974.016000 100.000000 80.000000
V 109.000800 1069.992000 40.000000 40.000000
V 109.000800 13.999680 28.000000 28.000000
V 109.000800 103.996800 114.000000 80.000000
V 109.000800 452.001600 100.000000 80.000000
V 109.000800 884.016000 28.000000 28.000000
V 109.000800 794.016000 100.000000 80.000000
V 109.000800 678.002400 100.000000 80.000000
E 0 2
E 1 2
E 2 8
E 3 11
E 14 3
E 5 4
E 4 10
E 11 5
E 8 6
E 6 12
E 8 7
E 7 12
E 10 9
E 12 13
E 13 14
G 1580541538.json 19 18
V 109.000800 1267.992000 100.000000 80.000000
V 109.000800 1056.024000 40.000000 40.000000
V 49.999680 959.976000 100.000000 80.000000
V 167.997600 959.976000 100.000000 80.000000
V 109.000800 1152.000000 100.000000 80.000000
V 109.000800 519.998400 100.000000 80.000000
V 109.000800 610.999200 30.000000 30.000000
V 109.000800 1359.000000 30.000000 30.000000
V 109.000800 247.003200 30.000000 30.000000
V 109.000800 156.002400 100.000000 80.000000
V 227.001600 610.999200 30.000000 30.000000
V 227.001600 519.998400 100.000000 80.000000
V 109.000800 40.000320 100.000000 80.000000
V 167.997600 797.976000 40.000000 40.000000
V 109.000800 702.000000 100.000000 80.000000
V 109.000800 428.997600 30.000000 30.000000
V 109.000800 337.996800 100.000000 80.000000
V 167.997600 868.968000 30.000000 30.000000
V 227.001600 702.000000 100.000000 80.000000
E 0 4
E 7 0
E 1 2
E 1 3
E 4 1
E 3 17
E 6 5
E 5 15
E 14 6
E 8 9
E 16 8
E 9 12
E 10 11
E 18 10
E 13 14
E 17 13
E 13 18
E 15 16
G 1584781235.json 15 15
V 76.003200 1019.016000 30.000000 30.000000
V 76.003200 928.008000 100.000000 80.000000
V 61.999920 271.000800 28.000000 28.000000
V 76.003200 812.016000 100.000000 80.000000
V 76.003200 715.996800 40.000000 40.000000
V 123.998400 553.996800 100.000000 80.000000
V 123.998400 437.997600 100.000000 80.000000
V 109.000800 342.000000 40.000000 40.000000
V 105.998400 644.997600 30.000000 30.000000
V 109.000800 271.000800 30.000000 30.000000
V 109.000800 200.001600 40.000000 40.000000
V 49.999680 103.996800 100.000000 80.000000
V 167.997600 103.996800 100.000000 80.000000
V 49.999680 13.999680 28.000000 28.000000
V 167.997600 13.999680 28.000000 28.000000
E 0 1
E 1 3
E 4 2
E 7 2
E 3 4
E 4 8
E 5 6
E 8 5
E 6 7
E 7 9
E 9 10
E 10 11
E 10 12
E 11 13
E 12 14
G 1587972759.json 19 20
V 88.999200 1492.992000 30.000000 30.000000
V 88.999200 1285.992000 100.000000 80.000000
V 88.999200 1401.984000 100.000000 80.000000
V 88.999200 1170.000000 100.000000 80.000000
V 88.999200 1054.008000 100.000000 80.000000
V 148.003200 478.000800 100.000000 80.000000
V 148.003200 387.000000 30.000000 30.000000
V 128.001600 670.003200 100.000000 80.000000
V 128.001600 766.008000 40.000000 40.000000
V 88.999200 938.016000 100.000000 80.000000
V 148.003200 295.999200 100.000000 80.000000
V 148.003200 200.001600 40.000000 40.000000
V 167.997600 13.999680 28.000000 28.000000
V 167.997600 103.996800 100.000000 80.000000
V 49.999680 103.996800 100.000000 80.000000
V 88.999200 841.968000 40.000000 40.000000
V 246.002400 670.003200 100.000000 80.000000
V 148.003200 573.998400 40.000000 40.000000
V 230.997600 295.999200 30.000000 30.000000
E 0 2
E 2 1
E 1 3
E 3 4
E 4 9
E 5 6
E 17 5
E 6 10
E 6 18
E 8 7
E 7 17
E 15 8
E 8 16
E 9 15
E 10 11
E 11 13
E 11 14
E 13 12
E 14 15
E 16 17
G 1592373073.json 20 19
V 187.999200 806.976000 30.000000 30.000000
V 187.999200 735.984000 40.000000 40.000000
V 69.999840 640.000800 100.000000 80.000000
V 187.999200 640.000800 100.000000 80.000000
V 306.000000 640.000800 100.000000 80.000000
V 69.999840 538.999200 40.000000 40.000000
V 301.003200 538.999200 28.000000 28.000000
V 69.999840 457.999200 40.000000 40.000000
V 46.000080 387.000000 30.000000 30.000000
V 94.003200 387.000000 30.000000 30.000000
V 94.003200 316.000800 40.000000 40.000000
V 49.999680 220.003200 100.000000 80.000000
V 138.002400 220.003200 40.000000 40.000000
V 85.996800 103.996800 100.000000 80.000000
V 85.996800 13.999680 28.000000 28.000000
V 190.000800 103.996800 71.000000 63.000000
V 190.000800 13.999680 28.000000 28.000000
V 131.997600 538.999200 28.000000 28.000000
V 213.998400 538.999200 100.000000 50.000000
V 382.996800 538.999200 100.000000 50.000000
E 0 1
E 1 2
E 1 3
E 1 4
E 2 5
E 3 17
U 3 18
E 4 6
U 4 19
E 5 7
E 7 8
E 7 9
E 9 10
E 10 11
E 10 12
E 12 13
E 12 15
E 13 14
E 15 16
G 1592496792.json 19 21
V 190.000800 452.001600 28.000000 28.000000
V 119.001600 1128.024000 100.000000 80.000000
V 190.000800 568.000800 100.000000 80.000000
V 94.003200 925.992000 120.000000 100.000000
V 94.003200 1031.976000 40.000000 40.000000
V 221.997600 1294.992000 30.000000 30.000000
V 297.000000 799.992000 100.000000 80.000000
V 283.003200 452.001600 100.000000 80.000000
V 283.003200 568.000800 40.000000 40.000000
V 283.003200 220.003200 100.000000 80.000000
V 283.003200 103.996800 100.000000 80.000000
V 283.003200 13.999680 28.000000 28.000000
V 221.997600 1224.000000 40.000000 40.000000
V 190.000800 684.000000 100.000000 80.000000
V 141.998400 799.992000 40.000000 40.000000
V 49.999680 684.000000 100.000000 80.000000
V 283.003200 336.002400 100.000000 80.000000
V 300.002400 1128.024000 100.000000 80.000000
V 221.997600 925.992000 100.000000 80.000000
E 2 0
E 1 4
E 12 1
E 13 2
E 4 3
E 3 14
E 15 4
E 5 12
E 6 8
E 17 6
E 8 7
E 7 16
E 13 8
E 9 10
E 16 9
E 10 11
E 12 17
E 12 18
E 14 13
E 14 15
E 18 14
G 1593396733.json 16 15
V 109.000800 941.976000 100.000000 80.000000
V 49.999680 825.984000 100.000000 50.000000
V 167.997600 825.984000 100.000000 80.000000
V 76.996800 1047.024000 63.875000 57.946000
V 167.997600 594.000000 100.000000 80.000000
V 167.997600 502.999200 30.000000 30.000000
V 109.000800 336.002400 100.000000 80.000000
V 167.997600 709.999200 100.000000 80.000000
V 109.000800 220.003200 100.000000 80.000000
V 167.997600 432.000000 40.000000 40.000000
V 227.001600 336.002400 100.000000 80.000000
V 227.001600 103.996800 100.000000 80.000000
V 227.001600 220.003200 30.000000 30.000000
V 227.001600 13.999680 28.000000 28.000000
V 109.000800 103.996800 28.000000 28.000000
V 141.998400 1047.024000 30.000000 30.000000
U 0 1
E 0 2
E 3 0
E 15 0
E 2 7
E 4 5
E 7 4
E 5 9
E 6 8
E 9 6
E 8 14
E 9 10
E 10 12
E 12 11
E 11 13
G 1599467602.json 30 38
V 356.997600 2193.984000 30.000000 30.000000
V 356.997600 2102.976000 100.000000 80.000000
V 396.000000 1714.032000 30.000000 30.000000
V 396.000000 1623.024000 100.000000 80.000000
V 396.000000 1526.976000 40.000000 40.000000
V 473.997600 1315.008000 100.000000 80.000000
V 396.000000 1431.000000 100.000000 80.000000
V 259.999200 439.502400 30.000000 30.000000
V 259.999200 336.002400 100.000000 80.000000
V 320.997600 103.996800 100.000000 80.000000
V 232.999200 220.003200 40.000000 40.000000
V 320.997600 13.999680 28.000000 28.000000
V 318.002400 1986.984000 100.000000 80.000000
V 318.002400 1870.992000 100.000000 80.000000
V 318.002400 1779.984000 30.000000 30.000000
V 318.002400 1315.008000 100.000000 80.000000
V 182.001600 543.002400 100.000000 80.000000
V 268.999200 1006.992000 100.000000 80.000000
V 308.001600 775.008000 100.000000 80.000000
V 318.002400 659.001600 100.000000 80.000000
V 360.000000 439.502400 88.000000 54.650001
V 320.997600 220.003200 100.000000 80.000000
V 268.999200 891.000000 40.000000 40.000000
V 200.001600 659.001600 100.000000 80.000000
V 268.999200 1219.032000 40.000000 40.000000
V 131.997600 1122.984000 100.000000 80.000000
V 268.999200 1122.984000 100.000000 80.000000
V 131.997600 1006.992000 100.000000 80.000000
V 121.996800 891.000000 100.000000 80.000000
V 47.000160 775.008000 94.000000 54.650001
E 0 1
E 1 2
E 1 12
E 2 3
E 14 2
E 3 4
E 4 5
E 4 6
E 5 11
E 6 7
E 6 15
E 7 8
E 16 7
E 23 7
E 8 10
E 8 21
E 10 9
E 9 11
E 20 9
E 21 9
E 10 11
E 12 13
E 13 14
E 14 15
E 15 24
E 19 16
E 28 16
E 17 22
E 26 17
E 18 19
E 22 18
E 19 20
E 22 23
E 24 25
E 24 26
E 25 27
E 27 28
E 28 29
G 1619599863.json 19 22
V 145.000800 803.016000 30.000000 30.000000
V 145.000800 616.003200 40.000000 40.000000
V 145.000800 712.000800 100.000000 80.000000
V 96.998400 544.996800 30.000000 30.000000
V 193.003200 544.996800 30.000000 30.000000
V 162.000000 220.996800 30.000000 30.000000
V 162.000000 155.001600 28.000000 28.000000
V 159.998400 13.999680 28.000000 28.000000
V 14.999760 311.997600 30.000000 30.000000
V 97.999200 155.001600 30.000000 30.000000
V 159.998400 84.002400 40.000000 40.000000
V 112.003200 479.001600 30.000000 30.000000
V 112.003200 408.002400 40.000000 40.000000
V 171.000000 479.001600 30.000000 30.000000
V 97.999200 220.996800 28.000000 28.000000
V 171.000000 408.002400 28.000000 28.000000
V 145.000800 544.996800 30.000000 30.000000
V 97.999200 311.997600 100.000000 80.000000
V 180.000000 311.997600 28.000000 28.000000
E 0 2
E 2 1
E 1 3
E 1 4
E 3 8
E 3 11
E 4 10
E 4 13
E 5 6
E 8 5
E 18 5
E 10 7
E 8 9
E 9 10
E 14 9
E 11 12
E 16 11
E 12 17
E 12 18
E 13 15
E 16 13
E 17 14
G 162334880.json 27 30
V 160.502400 1695.024000 30.000000 30.000000
V 160.502400 1624.032000 40.000000 40.000000
V 162.496800 860.976000 40.000000 40.000000
V 162.496800 782.496000 94.000000 44.850000
V 162.496800 103.996800 100.000000 80.000000
V 162.496800 13.999680 28.000000 28.000000
V 109.497600 1536.480000 79.000000 63.000000
V 109.497600 1449.000000 40.000000 40.000000
V 47.499840 1365.984000 94.500000 54.000000
V 47.499840 1282.968000 28.000000 28.000000
V 123.501600 1195.992000 94.000000 44.850000
V 204.501600 1365.984000 89.000000 43.700001
V 311.500800 1365.984000 89.000000 43.700001
V 211.500000 1536.480000 89.000000 43.700001
V 211.500000 1449.000000 40.000000 40.000000
V 274.500000 1282.968000 40.000000 40.000000
V 274.500000 1195.992000 89.000000 61.850000
V 201.499200 1022.976000 100.000000 59.850000
V 274.500000 1109.016000 40.000000 40.000000
V 201.499200 937.008000 40.000000 40.000000
V 316.497600 1022.976000 94.000000 54.000000
V 162.496800 702.000000 100.000000 43.700001
V 162.496800 624.002400 40.000000 40.000000
V 162.496800 220.003200 100.000000 80.000000
V 162.496800 316.000800 40.000000 40.000000
V 201.499200 527.997600 100.000000 80.000000
V 201.499200 411.998400 100.000000 80.000000
E 0 1
E 1 6
E 1 13
E 2 3
E 10 2
E 19 2
E 3 21
E 4 5
E 23 4
E 6 7
E 7 8
E 7 10
E 8 9
E 14 11
E 11 15
E 14 12
E 12 15
E 13 14
E 15 16
E 16 18
E 18 17
E 17 19
E 18 20
E 20 19
E 21 22
E 22 24
E 22 25
E 24 23
E 26 24
E 25 26
G 1624815366.json 19 19
V 40.000320 464.500800 80.000000 53.000000
V 138.002400 464.500800 80.000000 53.000000
V 88.999200 285.998400 100.000000 80.000000
V 88.999200 382.003200 40.000000 40.000000
V 88.999200 546.998400 40.000000 40.000000
V 88.999200 1597.968000 30.000000 30.000000
V 88.999200 1526.976000 40.000000 40.000000
V 88.999200 1431.000000 100.000000 80.000000
V 88.999200 1335.024000 40.000000 40.000000
V 88.999200 1057.032000 100.000000 80.000000
V 88.999200 940.968000 100.000000 80.000000
V 88.999200 1238.976000 100.000000 80.000000
V 88.999200 1147.968000 30.000000 30.000000
V 88.999200 824.976000 100.000000 80.000000
V 88.999200 733.968000 30.000000 30.000000
V 88.999200 643.003200 100.000000 80.000000
V 88.999200 194.997600 30.000000 30.000000
V 88.999200 103.996800 100.000000 80.000000
V 88.999200 13.999680 28.000000 28.000000
E 0 3
E 4 0
E 1 3
E 4 1
E 3 2
E 2 16
E 15 4
E 5 6
E 6 7
E 7 8
E 8 11
E 9 10
E 12 9
E 10 13
E 11 12
E 13 14
E 14 15
E 16 17
E 17 18
G 163351557.json 18 22
V 90.000000 951.984000 30.000000 30.000000
V 90.000000 860.976000 100.000000 80.000000
V 49.000320 679.003200 30.000000 30.000000
V 49.999680 103.996800 100.000000 80.000000
V 49.999680 13.999680 28.000000 28.000000
V 121.996800 769.968000 30.000000 30.000000
V 149.997600 679.003200 100.000000 80.000000
V 249.998400 578.498400 88.000000 29.000000
V 85.996800 578.498400 88.000000 49.000000
V 214.999200 478.000800 100.000000 80.000000
V 167.997600 578.498400 40.000000 40.000000
V 92.001600 478.000800 100.000000 80.000000
V 58.999680 220.003200 28.000000 28.000000
V 91.000800 316.000800 40.000000 40.000000
V 144.000000 387.000000 30.000000 30.000000
V 142.999200 220.003200 100.000000 80.000000
V 144.000000 316.000800 30.000000 30.000000
V 153.000000 103.996800 28.000000 28.000000
E 0 1
E 1 2
E 1 5
E 2 3
E 3 4
E 12 3
E 5 6
E 6 7
E 6 8
E 6 10
E 7 9
E 8 11
E 10 9
E 9 14
E 17 9
E 10 11
E 11 13
E 13 12
E 14 13
E 14 16
E 16 15
E 15 17
G 1656408578.json 39 50
V 302.997600 1932.984000 30.000000 30.000000
V 302.997600 1841.976000 113.000000 80.000000
V 302.997600 1725.984000 100.000000 80.000000
V 302.997600 1609.992000 100.000000 80.000000
V 302.997600 1494.000000 100.000000 80.000000
V 302.997600 1378.008000 40.000000 40.000000
V 288.000000 1262.016000 100.000000 80.000000
V 338.997600 1146.024000 40.000000 40.000000
V 338.997600 1030.032000 40.000000 40.000000
V 291.002400 933.984000 30.000000 30.000000
V 261.000000 838.008000 100.000000 80.000000
V 291.002400 742.032000 40.000000 40.000000
V 291.002400 645.998400 40.000000 40.000000
V 268.999200 529.999200 30.000000 30.000000
V 227.001600 414.000000 113.000000 80.000000
V 246.002400 318.002400 40.000000 40.000000
V 293.997600 221.997600 40.000000 40.000000
V 156.002400 105.998400 100.000000 80.000000
V 291.002400 105.998400 127.000000 80.000000
V 156.002400 14.999760 28.000000 28.000000
V 291.002400 14.999760 30.000000 30.000000
V 184.996800 1725.984000 30.000000 30.000000
V 184.996800 1609.992000 100.000000 80.000000
V 184.996800 1494.000000 100.000000 80.000000
V 184.996800 1378.008000 127.000000 80.000000
V 212.997600 1146.024000 100.000000 80.000000
V 184.996800 1262.016000 40.000000 40.000000
V 212.997600 1030.032000 100.000000 80.000000
V 139.003200 933.984000 40.000000 40.000000
V 120.002400 318.002400 40.000000 40.000000
V 167.997600 221.997600 100.000000 80.000000
V 49.999680 221.997600 100.000000 80.000000
V 61.999920 105.998400 40.000000 40.000000
V 61.999920 14.999760 28.000000 28.000000
V 139.003200 838.008000 100.000000 80.000000
V 139.003200 742.032000 40.000000 40.000000
V 185.997600 645.998400 100.000000 80.000000
V 185.997600 529.999200 100.000000 80.000000
V 120.002400 414.000000 40.000000 40.000000
E 0 1
E 1 2
E 2 3
E 3 4
E 4 5
E 22 4
E 5 6
E 5 7
E 6 7
E 7 8
E 8 9
E 8 11
E 9 10
E 25 9
E 10 11
E 27 10
E 11 12
E 12 13
E 12 16
E 13 14
E 36 13
E 14 15
E 37 14
E 15 16
E 15 17
E 16 18
E 17 19
E 31 17
E 18 20
E 30 18
E 21 22
E 22 23
E 23 24
E 24 26
E 26 25
E 25 27
E 26 28
E 27 28
E 28 34
E 29 30
E 29 31
E 38 29
E 30 32
E 31 32
E 32 33
E 34 35
E 35 36
E 35 38
E 36 37
E 37 38
G 1664537844.json 17 17
V 58.000320 1143.000000 30.000000 30.000000
V 58.000320 1051.992000 116.000000 80.000000
V 118.000800 936.000000 116.000000 80.000000
V 177.998400 1051.992000 88.000000 50.000000
V 118.000800 840.024000 40.000000 40.000000
V 58.999680 743.976000 100.000000 80.000000
V 176.997600 743.976000 100.000000 80.000000
V 148.003200 198.000000 100.000000 80.000000
V 112.996800 93.002400 63.875000 57.946000
V 183.002400 93.002400 40.000000 40.000000
V 159.998400 13.999680 28.000000 28.000000
V 205.999200 13.999680 28.000000 28.000000
V 148.003200 313.999200 100.000000 80.000000
V 236.001600 553.996800 130.000000 96.000000
V 232.999200 429.998400 100.000000 80.000000
V 211.003200 652.996800 30.000000 30.000000
V 232.999200 313.999200 28.000000 28.000000
E 0 1
E 1 2
E 3 2
E 2 4
E 4 5
E 4 6
E 6 12
E 6 15
U 7 8
E 7 9
E 12 7
E 9 10
E 9 11
E 14 12
E 13 14
E 15 13
E 14 16
G 167550019.json 31 32
V 558.000000 650.001600 92.249999 100.000000
V 743.976000 450.000000 111.249999 100.000000
V 595.000800 450.000000 111.249999 100.000000
V 202.996800 249.998400 92.249999 100.000000
V 617.997600 249.998400 129.249999 100.000000
V 342.000000 450.000000 92.249999 100.000000
V 452.001600 450.000000 92.249999 100.000000
V 231.998400 450.000000 92.249999 100.000000
V 46.000080 49.999680 92.249999 100.000000
V 342.000000 249.998400 92.249999 100.000000
V 93.002400 249.998400 92.249999 100.000000
V 356.997600 550.000800 32.249999 27.930000
V 421.999200 550.000800 32.249999 27.930000
V 276.998400 550.000800 32.249999 27.930000
V 471.002400 249.998400 129.249999 100.000000
V 765.000000 249.998400 129.249999 100.000000
V 595.000800 349.999200 32.249999 27.930000
V 753.984000 349.999200 32.249999 27.930000
V 399.002400 650.001600 150.000000 100.000000
V 535.003200 550.000800 32.249999 27.930000
V 595.000800 550.000800 32.249999 27.930000
V 353.001600 49.999680 150.000000 100.000000
V 202.996800 349.999200 32.249999 27.930000
V 93.002400 149.997600 32.249999 27.930000
V 342.000000 349.999200 32.249999 27.930000
V 348.998400 149.997600 32.249999 27.930000
V 280.000800 149.997600 32.249999 27.930000
V 184.996800 49.999680 150.000000 100.000000
V 189.000000 149.997600 32.249999 27.930000
V 558.000000 850.032000 150.000000 100.000000
V 558.000000 750.024000 32.249999 27.930000
U 0 19
U 0 20
U 30 0
U 1 17
U 20 1
U 2 16
U 20 2
U 22 3
U 3 23
U 3 26
U 3 28
U 16 4
U 11 5
U 5 22
U 5 24
U 12 6
U 13 7
U 23 8
U 24 9
U 9 25
U 22 10
U 10 23
U 18 11
U 18 12
U 18 13
U 16 14
U 17 15
U 18 19
U 25 21
U 26 21
U 28 27
U 29 30
G 1677055815.json 27 33
V 248.500800 1167.984000 30.000000 30.000000
V 248.500800 1096.992000 84.000000 40.000000
V 285.501600 651.002400 100.000000 40.000000
V 280.497600 574.999200 87.000000 40.000000
V 238.500000 423.000000 100.000000 40.000000
V 197.503200 346.996800 87.000000 40.000000
V 202.500000 261.000000 28.000000 28.000000
V 98.503200 878.976000 100.000000 40.000000
V 94.500000 803.016000 100.000000 40.000000
V 92.498400 726.984000 100.000000 40.000000
V 227.498400 1026.000000 30.000000 30.000000
V 211.500000 955.008000 40.000000 40.000000
V 211.500000 878.976000 87.000000 40.000000
V 211.500000 803.016000 28.000000 28.000000
V 65.499840 651.002400 100.000000 40.000000
V 120.499200 423.000000 100.000000 40.000000
V 120.499200 261.000000 100.000000 60.000000
V 119.498400 175.003200 84.000000 40.000000
V 119.498400 91.497600 28.000000 28.000000
V 183.499200 499.003200 87.000000 40.000000
V 175.500000 651.002400 84.000000 40.000000
V 175.500000 574.999200 87.000000 40.000000
V 45.499680 346.996800 87.000000 40.000000
V 37.499760 423.000000 30.000000 30.000000
V 43.500240 91.497600 87.000000 55.000000
V 175.500000 726.984000 30.000000 30.000000
V 43.500240 13.999680 28.000000 28.000000
E 0 1
E 1 2
E 1 10
E 2 3
E 9 2
E 3 4
E 3 19
E 4 5
E 19 4
E 5 6
E 15 5
E 5 16
E 7 8
E 11 7
E 8 9
E 9 14
E 10 11
E 11 12
E 12 13
E 14 15
E 15 16
E 15 22
E 16 17
E 22 16
E 17 18
E 17 24
E 21 19
E 19 23
E 20 21
E 25 20
E 23 22
E 22 24
E 24 26
G 1692122698.json 25 25
V 200.001600 1453.032000 30.000000 30.000000
V 200.001600 1362.024000 100.000000 80.000000
V 200.001600 1246.032000 140.000000 80.000000
V 200.001600 1149.984000 40.000000 40.000000
V 121.003200 1054.008000 140.000000 80.000000
V 121.003200 958.032000 40.000000 40.000000
V 171.000000 745.992000 135.000000 80.000000
V 279.000000 1054.008000 140.000000 80.000000
V 279.000000 958.032000 28.000000 28.000000
V 69.999840 861.984000 140.000000 80.000000
V 69.999840 745.992000 28.000000 28.000000
V 173.001600 861.984000 30.000000 30.000000
V 326.001600 745.992000 139.000000 50.000000
V 171.000000 650.001600 40.000000 40.000000
V 94.003200 553.996800 140.000000 80.000000
V 94.003200 457.999200 28.000000 28.000000
V 247.996800 553.996800 132.000000 78.000000
V 247.996800 457.999200 40.000000 40.000000
V 226.000800 295.999200 100.000000 80.000000
V 268.999200 387.000000 30.000000 30.000000
V 364.003200 295.999200 139.000000 50.000000
V 226.000800 200.001600 40.000000 40.000000
V 175.003200 103.996800 140.000000 80.000000
V 276.998400 103.996800 28.000000 28.000000
V 175.003200 13.999680 28.000000 28.000000
E 0 1
E 1 2
E 2 3
E 3 4
E 3 7
E 4 5
E 5 9
E 5 11
E 11 6
E 6 13
E 7 8
E 9 10
U 11 12
E 13 14
E 13 16
E 14 15
E 16 17
E 17 18
E 17 19
E 19 18
E 18 21
U 19 20
E 21 22
E 21 23
E 22 24
G 1698070163.json 20 21
V 182.001600 919.008000 30.000000 30.000000
V 182.001600 828.000000 100.000000 80.000000
V 157.996800 736.992000 30.000000 30.000000
V 216.000000 736.992000 30.000000 30.000000
V 226.000800 645.998400 100.000000 80.000000
V 226.000800 529.999200 40.000000 40.000000
V 226.000800 414.000000 100.000000 80.000000
V 265.003200 298.000800 40.000000 40.000000
V 265.003200 202.003200 40.000000 40.000000
V 324.000000 14.999760 28.000000 28.000000
V 205.999200 105.998400 100.000000 80.000000
V 324.000000 105.998400 100.000000 80.000000
V 138.002400 645.998400 40.000000 40.000000
V 49.999680 414.000000 100.000000 80.000000
V 52.999920 298.000800 28.000000 28.000000
V 138.002400 529.999200 100.000000 80.000000
V 138.002400 414.000000 40.000000 40.000000
V 138.002400 298.000800 100.000000 80.000000
V 138.002400 202.003200 28.000000 28.000000
V 205.999200 14.999760 30.000000 30.000000
E 0 1
E 1 2
E 1 3
E 2 12
E 3 4
E 4 5
E 5 6
E 5 7
E 6 7
E 7 8
E 8 10
E 8 11
E 11 9
E 10 19
E 12 13
E 12 15
E 13 14
E 16 14
E 15 16
E 16 17
E 17 18
G 1702894584.json 16 21
V 23.999760 40.000320 28.000000 28.000000
V 115.999200 424.000800 40.000000 40.000000
V 115.999200 308.001600 100.000000 80.000000
V 234.000000 308.001600 100.000000 80.000000
V 428.997600 590.997600 30.000000 30.000000
V 390.002400 308.001600 100.000000 80.000000
V 408.002400 136.000800 40.000000 40.000000
V 400.996800 40.000320 100.000000 80.000000
V 115.999200 519.998400 40.000000 40.000000
V 428.997600 519.998400 40.000000 40.000000
V 390.002400 424.000800 100.000000 80.000000
V 48.000240 136.000800 40.000000 40.000000
V 311.997600 40.000320 28.000000 28.000000
V 374.997600 211.996800 40.000000 40.000000
V 311.997600 136.000800 40.000000 40.000000
V 175.003200 211.996800 40.000000 40.000000
E 8 0
E 11 0
E 1 2
E 1 3
E 8 1
E 11 1
E 2 15
E 3 15
E 4 9
E 9 5
E 10 5
E 5 13
E 6 7
E 13 6
E 7 13
E 14 8
E 9 10
E 15 11
E 14 12
E 13 14
E 15 14
G 1704333812.json 18 20
V 105.998400 1387.008000 30.000000 30.000000
V 65.000160 1103.976000 28.000000 28.000000
V 105.998400 1296.000000 100.000000 80.000000
V 105.998400 1200.024000 40.000000 40.000000
V 87.998400 912.024000 100.000000 80.000000
V 205.999200 912.024000 100.000000 80.000000
V 147.002400 1103.976000 100.000000 80.000000
V 147.002400 1008.000000 40.000000 40.000000
V 205.999200 720.000000 100.000000 80.000000
V 87.998400 815.976000 40.000000 40.000000
V 49.999680 720.000000 100.000000 80.000000
V 128.001600 604.000800 100.000000 80.000000
V 166.996800 508.003200 40.000000 40.000000
V 166.996800 411.998400 100.000000 80.000000
V 128.001600 295.999200 100.000000 80.000000
V 128.001600 180.000000 100.000000 80.000000
V 166.996800 84.002400 40.000000 40.000000
V 166.996800 13.999680 28.000000 28.000000
E 0 2
E 3 1
E 2 3
E 3 6
E 7 4
E 4 9
E 7 5
E 5 8
E 6 7
E 8 12
E 9 10
E 9 11
E 10 11
E 11 12
E 12 13
E 13 14
E 16 13
E 14 15
E 15 16
E 16 17
G 1717858062.json 19 27
V 234.496800 779.976000 79.000000 40.000000
V 185.500800 586.000800 79.000000 40.000000
V 282.499200 586.000800 79.000000 40.000000
V 234.496800 682.999200 40.000000 40.000000
V 198.496800 877.032000 88.000000 82.000000
V 234.496800 968.976000 30.000000 30.000000
V 316.497600 682.999200 88.000000 82.000000
V 152.503200 682.999200 88.000000 82.000000
V 233.503200 509.997600 40.000000 40.000000
V 233.503200 414.000000 100.000000 80.000000
V 104.500800 297.000000 88.000000 82.000000
V 274.500000 297.000000 88.000000 82.000000
V 415.497600 297.000000 88.000000 82.000000
V 192.499200 297.000000 40.000000 40.000000
V 79.502400 180.000000 159.000000 80.000000
V 256.500000 180.000000 159.000000 80.000000
V 433.497600 180.000000 159.000000 80.000000
V 256.500000 84.002400 40.000000 40.000000
V 256.500000 13.999680 28.000000 28.000000
E 0 3
E 4 0
E 5 0
E 0 6
E 0 7
E 3 1
E 7 1
E 1 8
E 3 2
E 6 2
E 2 8
E 5 4
E 8 9
E 9 10
E 9 11
E 9 12
E 9 13
E 10 14
E 11 15
E 12 16
E 13 14
E 13 15
E 13 16
E 14 17
E 15 17
E 16 17
E 17 18
G 1723927576.json 22 23
V 142.999200 1929.024000 30.000000 30.000000
V 142.999200 1838.016000 100.000000 80.000000
V 142.999200 1722.024000 100.000000 80.000000
V 142.999200 1606.032000 100.000000 80.000000
V 142.999200 1489.968000 100.000000 80.000000
V 86.997600 1365.480000 88.000000 97.000000
V 199.000800 1365.480000 100.000000 80.000000
V 199.000800 1240.992000 100.000000 80.000000
V 117.000000 1116.504000 88.000000 97.000000
V 199.000800 1116.504000 40.000000 40.000000
V 129.002400 992.016000 100.000000 80.000000
V 247.003200 992.016000 100.000000 80.000000
V 129.002400 876.024000 100.000000 80.000000
V 129.002400 760.032000 100.000000 80.000000
V 90.000000 643.996800 100.000000 80.000000
V 90.000000 527.997600 100.000000 80.000000
V 90.000000 411.998400 100.000000 80.000000
V 49.999680 220.003200 100.000000 80.000000
V 49.999680 103.996800 100.000000 80.000000
V 167.997600 220.003200 100.000000 80.000000
V 49.999680 13.999680 28.000000 28.000000
V 90.000000 316.000800 40.000000 40.000000
E 0 1
E 1 2
E 2 3
E 3 4
E 4 5
E 4 6
E 6 7
E 7 8
E 7 9
E 11 7
E 9 10
E 9 11
E 10 12
E 12 13
E 13 14
E 19 13
E 14 15
E 15 16
E 16 21
E 17 18
E 21 17
E 18 20
E 21 19
G 1728475411.json 16 18
V 218.001600 563.500800 87.000000 42.500000
V 252.000000 247.996800 100.000000 48.000000
V 291.002400 160.999200 90.750000 41.625000
V 73.000800 563.500800 30.000000 30.000000
V 237.002400 409.996800 30.000000 30.000000
V 132.998400 13.999680 28.000000 28.000000
V 174.002400 486.000000 40.000000 40.000000
V 126.000000 409.996800 40.000000 40.000000
V 73.000800 486.000000 40.000000 40.000000
V 20.000160 409.996800 40.000000 40.000000
V 73.000800 334.000800 40.000000 40.000000
V 73.000800 409.996800 30.000000 30.000000
V 92.001600 247.996800 87.000000 60.250000
V 92.001600 160.999200 40.000000 40.000000
V 132.998400 84.002400 40.000000 40.000000
V 237.002400 334.000800 40.000000 40.000000
E 2 0
E 0 6
E 1 2
E 15 1
E 3 8
E 4 15
E 14 5
E 6 7
E 6 14
E 8 7
E 7 15
E 8 9
E 9 10
E 13 9
E 11 10
E 10 12
E 12 13
E 13 14
G 1731579138.json 21 22
V 139.003200 1236.528000 30.000000 30.000000
V 176.997600 1111.968000 100.000000 80.000000
V 216.000000 1236.528000 88.000000 97.000000
V 176.997600 1015.992000 40.000000 40.000000
V 58.999680 920.016000 100.000000 50.000000
V 176.997600 920.016000 100.000000 80.000000
V 258.998400 920.016000 28.000000 28.000000
V 165.002400 306.000000 100.000000 80.000000
V 130.996800 181.497600 100.000000 80.000000
V 93.002400 48.499920 88.000000 97.000000
V 168.998400 48.499920 28.000000 28.000000
V 254.001600 670.996800 100.000000 50.000000
V 121.003200 670.996800 100.000000 80.000000
V 121.003200 554.997600 100.000000 80.000000
V 43.999920 430.502400 88.000000 97.000000
V 203.997600 430.502400 100.000000 80.000000
V 243.000000 181.497600 88.000000 97.000000
V 176.997600 795.528000 88.000000 97.000000
V 121.003200 430.502400 30.000000 30.000000
V 203.997600 554.997600 30.000000 30.000000
V 254.001600 795.528000 30.000000 30.000000
E 0 1
E 2 1
E 1 3
U 3 4
E 3 5
E 3 6
E 5 12
E 5 17
E 5 20
E 7 8
E 15 7
E 7 16
E 8 9
E 8 10
U 20 11
E 12 13
E 17 12
E 13 14
E 13 15
E 13 18
E 15 16
E 19 15
G 1733829694.json 18 17
V 109.000800 478.000800 100.000000 80.000000
V 109.000800 382.003200 40.000000 40.000000
V 49.999680 285.998400 100.000000 80.000000
V 167.997600 285.998400 100.000000 80.000000
V 109.000800 569.001600 30.000000 30.000000
V 167.997600 871.992000 40.000000 40.000000
V 167.997600 967.968000 100.000000 80.000000
V 109.000800 776.016000 100.000000 80.000000
V 227.001600 776.016000 100.000000 80.000000
V 109.000800 660.002400 100.000000 80.000000
V 167.997600 194.997600 30.000000 30.000000
V 167.997600 103.996800 100.000000 80.000000
V 49.999680 194.997600 30.000000 30.000000
V 49.999680 103.996800 100.000000 80.000000
V 49.999680 13.999680 28.000000 28.000000
V 167.997600 13.999680 28.000000 28.000000
V 167.997600 1058.976000 30.000000 30.000000
V 227.001600 660.002400 28.000000 28.000000
E 0 1
E 4 0
E 1 2
E 1 3
E 2 12
E 3 10
E 9 4
E 6 5
E 5 7
E 5 8
E 16 6
E 7 9
E 8 17
E 10 11
E 11 15
E 12 13
E 13 14
G 1746801345.json 17 18
V 135.000000 912.024000 100.000000 80.000000
V 49.999680 604.000800 100.000000 80.000000
V 112.003200 295.999200 100.000000 80.000000
V 112.003200 200.001600 40.000000 40.000000
V 52.999920 103.996800 100.000000 80.000000
V 52.999920 13.999680 28.000000 28.000000
V 193.996800 1008.000000 40.000000 40.000000
V 253.000800 912.024000 100.000000 80.000000
V 171.000000 103.996800 100.000000 80.000000
V 171.000000 13.999680 28.000000 28.000000
V 193.996800 1194.984000 30.000000 30.000000
V 193.996800 1103.976000 100.000000 80.000000
V 174.002400 796.032000 100.000000 80.000000
V 111.002400 699.998400 40.000000 40.000000
V 131.997600 604.000800 28.000000 28.000000
V 73.000800 488.001600 100.000000 80.000000
V 112.003200 391.996800 40.000000 40.000000
E 6 0
E 0 12
E 13 0
E 13 1
E 1 15
E 2 3
E 16 2
E 3 4
E 3 8
E 4 5
E 6 7
E 11 6
E 8 9
E 10 11
E 12 13
E 16 12
E 13 14
E 15 16
G 175550852.json 24 27
V 111.002400 994.032000 30.000000 30.000000
V 111.002400 913.032000 40.000000 40.000000
V 40.999680 825.480000 82.000000 43.000000
V 192.002400 825.480000 40.000000 40.000000
V 192.002400 913.032000 30.000000 30.000000
V 220.003200 739.512000 94.000000 43.500000
V 111.002400 654.998400 40.000000 40.000000
V 166.003200 501.501600 66.000000 43.000000
V 131.997600 193.996800 94.000000 44.000000
V 131.997600 115.999200 40.000000 40.000000
V 132.998400 30.000240 28.000000 28.000000
V 105.998400 424.000800 30.000000 30.000000
V 111.002400 579.002400 40.000000 40.000000
V 40.999680 913.032000 62.001000 60.173000
V 100.000800 501.501600 30.000000 30.000000
V 111.002400 739.512000 88.000000 57.000000
V 57.000240 30.000240 88.000000 44.000000
V 158.997600 424.000800 40.000000 40.000000
V 145.000800 347.997600 40.000000 40.000000
V 240.998400 30.000240 82.000000 60.000000
V 217.000800 115.999200 40.000000 40.000000
V 211.996800 193.996800 30.000000 30.000000
V 145.000800 272.001600 40.000000 40.000000
V 265.003200 193.996800 40.000000 40.000000
E 0 1
E 1 2
E 1 3
E 1 15
E 2 6
U 13 2
E 4 3
E 3 5
E 5 6
E 6 12
E 15 6
E 12 7
E 7 17
E 8 9
E 22 8
E 9 10
E 9 16
E 11 18
E 16 12
E 14 17
E 17 18
E 18 22
E 20 19
E 19 23
E 21 20
E 23 20
E 22 23
G 1757540025.json 24 27
V 427.003200 866.016000 172.150865 80.000000
V 378.000000 750.024000 40.000000 40.000000
V 131.997600 634.003200 100.000000 80.000000
V 131.997600 517.996800 28.000000 28.000000
V 378.000000 634.003200 141.756239 80.000000
V 118.000800 982.008000 100.000000 80.000000
V 118.000800 866.016000 40.000000 40.000000
V 184.003200 750.024000 100.000000 80.000000
V 237.002400 634.003200 40.000000 40.000000
V 378.000000 517.996800 100.000000 80.000000
V 237.002400 517.996800 145.979999 80.000000
V 49.999680 517.996800 100.000000 80.000000
V 49.999680 427.003200 28.000000 28.000000
V 378.000000 427.003200 30.000000 30.000000
V 378.000000 336.002400 141.756239 80.000000
V 378.000000 103.996800 100.000000 80.000000
V 238.003200 427.003200 30.000000 30.000000
V 255.002400 103.996800 100.000000 80.000000
V 255.002400 13.999680 28.000000 28.000000
V 238.003200 336.002400 100.000000 80.000000
V 248.997600 220.003200 40.000000 40.000000
V 137.001600 103.996800 100.000000 80.000000
V 378.000000 220.003200 100.000000 80.000000
V 378.000000 13.999680 28.000000 28.000000
E 0 1
E 20 0
E 1 2
E 1 4
E 2 3
E 2 11
E 4 9
E 5 6
E 6 7
E 6 11
E 7 8
E 8 9
E 8 10
E 9 13
E 9 16
E 10 16
E 11 12
E 11 16
E 13 14
E 14 22
E 22 15
E 15 23
E 16 19
E 17 18
E 20 17
E 19 20
E 20 21
G 1781718230.json 34 37
V 120.002400 997.992000 88.000000 48.500000
V 319.996800 1678.032000 100.000000 80.000000
V 319.996800 1561.968000 100.000000 80.000000
V 288.000000 1783.008000 30.000000 30.000000
V 270.000000 1445.976000 100.000000 80.000000
V 270.000000 1329.984000 100.000000 80.000000
V 213.998400 1213.992000 100.000000 80.000000
V 157.996800 1098.000000 100.000000 80.000000
V 156.002400 583.999200 100.000000 80.000000
V 156.002400 401.997600 100.000000 80.000000
V 73.000800 285.998400 88.000000 48.500000
V 326.001600 1213.992000 88.000000 48.500000
V 370.000800 1445.976000 63.875000 57.946000
V 353.001600 1783.008000 63.875000 57.946000
V 270.000000 1098.000000 88.000000 48.500000
V 196.999200 997.992000 30.000000 30.000000
V 156.002400 675.000000 30.000000 30.000000
V 156.002400 492.998400 30.000000 30.000000
V 184.996800 285.998400 100.000000 80.000000
V 181.000800 169.999200 28.000000 28.000000
V 139.003200 741.024000 30.000000 30.000000
V 49.999680 169.999200 100.000000 80.000000
V 165.002400 922.968000 30.000000 30.000000
V 49.000320 401.997600 30.000000 30.000000
V 148.003200 78.998400 30.000000 30.000000
V 130.003200 832.032000 100.000000 80.000000
V 148.003200 13.999680 28.000000 28.000000
V 243.000000 741.024000 30.000000 30.000000
V 247.996800 832.032000 100.000000 80.000000
V 263.001600 169.999200 100.000000 80.000000
V 229.996800 922.968000 30.000000 30.000000
V 243.000000 401.997600 30.000000 30.000000
V 212.997600 78.998400 30.000000 30.000000
V 212.997600 13.999680 28.000000 28.000000
E 7 0
E 1 2
E 3 1
U 13 1
E 2 4
U 2 12
E 4 5
E 5 6
E 5 11
E 6 7
E 6 14
E 7 15
E 16 8
E 8 17
E 9 10
E 17 9
E 9 18
E 15 22
E 15 30
E 20 16
E 27 16
E 17 23
E 17 31
E 18 19
E 19 24
E 19 32
E 25 20
E 23 21
E 21 24
E 22 25
E 24 26
E 28 27
E 27 31
E 30 28
E 31 29
E 29 32
E 32 33
G 1783359029.json 39 43
V 167.997600 807.984000 100.000000 80.000000
V 167.997600 691.999200 100.000000 80.000000
V 265.996800 424.000800 100.000000 80.000000
V 383.997600 231.998400 100.000000 80.000000
V 265.996800 328.003200 40.000000 40.000000
V 265.996800 231.998400 100.000000 80.000000
V 265.996800 136.000800 40.000000 40.000000
V 306.000000 40.000320 100.000000 80.000000
V 187.999200 40.000320 100.000000 80.000000
V 383.997600 136.000800 28.000000 28.000000
V 227.001600 519.998400 40.000000 40.000000
V 227.001600 596.001600 40.000000 40.000000
V 217.000800 2398.968000 30.000000 30.000000
V 217.000800 2308.032000 100.000000 80.000000
V 157.996800 2116.008000 100.000000 80.000000
V 275.997600 2116.008000 100.000000 80.000000
V 49.999680 1923.984000 100.000000 80.000000
V 167.997600 1923.984000 100.000000 80.000000
V 217.000800 2211.984000 40.000000 40.000000
V 157.996800 2020.032000 40.000000 40.000000
V 109.000800 1807.992000 40.000000 40.000000
V 109.000800 1692.000000 100.000000 80.000000
V 109.000800 1596.024000 40.000000 40.000000
V 187.999200 1499.976000 100.000000 80.000000
V 69.999840 1499.976000 100.000000 80.000000
V 69.999840 1383.984000 100.000000 80.000000
V 275.997600 2020.032000 40.000000 40.000000
V 265.996800 1692.000000 100.000000 80.000000
V 344.001600 1923.984000 100.000000 80.000000
V 344.001600 1807.992000 100.000000 80.000000
V 227.001600 1383.984000 40.000000 40.000000
V 285.998400 691.999200 100.000000 80.000000
V 227.001600 1267.992000 100.000000 80.000000
V 227.001600 1172.016000 40.000000 40.000000
V 167.997600 1075.968000 100.000000 80.000000
V 227.001600 904.032000 40.000000 40.000000
V 285.998400 807.984000 100.000000 80.000000
V 227.001600 979.992000 40.000000 40.000000
V 285.998400 1075.968000 100.000000 80.000000
E 0 1
E 35 0
E 1 11
E 2 4
E 10 2
E 4 3
E 3 9
E 4 5
E 5 6
E 6 7
E 6 8
E 8 10
E 11 10
E 31 11
E 12 13
E 13 18
E 18 14
E 14 19
E 18 15
E 15 26
E 19 16
E 16 20
E 19 17
E 17 20
E 20 21
E 21 22
E 22 23
E 22 24
E 23 30
E 24 25
E 26 27
E 26 28
E 27 30
E 28 29
E 30 32
E 36 31
E 32 33
E 33 34
E 33 38
E 34 37
E 35 36
E 37 35
E 38 37
G 1809161681.json 39 40
V 1497.528000 1795.032000 30.000000 30.000000
V 1442.520000 1696.968000 140.000000 74.000000
V 1325.520000 1564.488000 133.000000 80.000000
V 1388.520000 1795.032000 152.000000 50.000000
V 1229.472000 1366.992000 28.000000 28.000000
V 1497.528000 2016.504000 132.000000 77.000000
V 1428.480000 1899.000000 74.000000 55.000000
V 1497.528000 2106.000000 30.000000 30.000000
V 1497.528000 1899.000000 28.000000 28.000000
V 1229.472000 1113.984000 133.000000 80.000000
V 1229.472000 987.480000 61.000000 83.000000
V 1162.512000 812.016000 100.000000 50.000000
V 1302.480000 812.016000 144.000000 116.000000
V 856.512000 987.480000 100.000000 80.000000
V 683.503200 812.016000 107.000000 46.000000
V 826.488000 1113.984000 118.000000 78.000000
V 971.496000 1113.984000 136.000000 98.000000
V 601.502400 637.999200 100.000000 80.000000
V 515.498400 356.500800 100.000000 80.000000
V 367.502400 193.003200 60.000000 84.000000
V 405.496800 516.002400 202.000000 92.000000
V 515.498400 193.003200 28.000000 28.000000
V 515.498400 53.500320 100.000000 50.000000
V 1229.472000 1213.992000 30.000000 30.000000
V 601.502400 516.002400 153.000000 74.000000
V 1623.528000 1899.000000 188.000000 86.000000
V 1559.520000 1564.488000 300.000000 119.000000
V 1422.504000 1366.992000 321.000000 204.000000
V 1435.536000 987.480000 315.000000 74.000000
V 1497.528000 812.016000 210.000000 196.000000
V 924.480000 812.016000 339.000000 112.000000
V 792.504000 516.002400 193.000000 75.000000
V 287.503200 356.500800 320.000000 155.000000
V 688.500000 356.500800 210.000000 57.000000
V 707.500800 193.003200 319.000000 100.000000
V 134.503200 53.500320 269.000000 107.000000
V 367.502400 53.500320 160.000000 76.000000
V 673.502400 53.500320 180.000000 89.000000
V 793.512000 637.999200 247.000000 59.000000
E 0 1
E 8 0
E 1 2
U 3 1
U 1 26
E 2 4
U 2 27
E 4 23
E 5 6
E 7 5
E 5 8
U 5 25
E 9 10
E 9 13
E 23 9
U 9 28
U 10 11
U 10 12
U 10 29
E 13 14
U 15 13
U 16 13
E 13 17
U 13 30
E 14 17
U 14 38
E 17 20
E 17 24
U 17 31
E 18 19
E 20 18
E 18 21
E 24 18
U 18 34
U 19 35
U 19 36
U 20 32
U 21 22
U 21 37
U 24 33
G 1809629195.json 34 38
V 106.502400 927.504000 92.000000 31.000000
V 291.499200 689.997600 73.000000 40.000000
V 345.499200 300.002400 127.000000 32.000000
V 174.499200 426.002400 100.000000 54.000000
V 72.496800 300.002400 145.000000 54.000000
V 143.503200 203.997600 139.121392 32.000000
V 299.498400 766.008000 30.000000 30.000000
V 184.500000 927.504000 28.000000 28.000000
V 213.501600 300.002400 100.000000 50.000000
V 184.500000 1009.008000 89.000000 60.000000
V 164.498400 535.003200 127.000000 46.000000
V 266.500800 614.001600 40.000000 40.000000
V 266.500800 535.003200 40.000000 40.000000
V 363.499200 426.002400 28.000000 28.000000
V 710.503200 535.003200 30.000000 30.000000
V 690.501600 15.999840 28.000000 28.000000
V 806.472000 203.997600 40.000000 40.000000
V 732.528000 300.002400 100.000000 80.000000
V 814.464000 108.000000 100.000000 80.000000
V 721.512000 203.997600 78.000000 32.000000
V 814.464000 15.999840 92.000000 32.000000
V 732.528000 426.002400 120.000000 100.000000
V 709.502400 108.000000 73.000000 54.000000
V 368.503200 535.003200 127.000000 32.000000
V 412.502400 689.997600 40.000000 40.000000
V 552.499200 535.003200 127.000000 32.000000
V 386.503200 766.008000 40.000000 40.000000
V 360.496800 689.997600 28.000000 28.000000
V 421.502400 927.504000 30.000000 30.000000
V 386.503200 849.024000 89.000000 54.000000
V 557.503200 614.001600 100.000000 40.000000
V 390.499200 614.001600 28.000000 28.000000
V 352.497600 927.504000 71.000000 31.000000
V 562.500000 689.997600 71.000000 31.000000
E 9 0
E 6 1
E 1 11
E 3 2
E 3 4
E 10 3
E 12 3
E 4 5
E 4 7
U 8 5
E 29 6
E 9 7
E 7 29
E 11 9
E 11 12
E 12 13
E 13 29
E 14 21
E 30 14
E 18 15
E 15 30
E 17 16
E 16 18
E 17 19
E 21 17
E 18 20
E 19 22
E 31 23
E 26 24
E 24 30
E 24 31
E 30 25
E 26 27
E 29 26
E 28 29
E 30 29
E 32 29
E 33 30
G 1810908620.json 34 38
V 244.000800 1302.984000 30.000000 30.000000
V 369.000000 517.996800 28.000000 28.000000
V 244.000800 1211.976000 136.765986 80.000000
V 312.998400 1120.968000 30.000000 30.000000
V 607.003200 838.008000 217.127997 80.000000
V 383.997600 1030.032000 122.398117 80.000000
V 383.997600 1120.968000 30.000000 30.000000
V 383.997600 933.984000 40.000000 40.000000
V 372.002400 838.008000 217.127997 80.000000
V 327.002400 634.003200 136.765986 80.000000
V 372.002400 735.984000 40.000000 40.000000
V 165.002400 517.996800 30.000000 30.000000
V 165.002400 13.999680 28.000000 28.000000
V 165.002400 401.997600 122.398117 80.000000
V 165.002400 291.002400 40.000000 40.000000
V 165.002400 200.001600 40.000000 40.000000
V 165.002400 103.996800 151.215985 80.000000
V 717.998400 401.997600 28.000000 28.000000
V 559.000800 735.984000 51.849000 51.897000
V 636.998400 634.003200 136.765986 80.000000
V 481.996800 634.003200 136.765986 80.000000
V 481.996800 517.996800 136.765986 80.000000
V 798.984000 634.003200 151.215985 80.000000
V 703.000800 735.984000 30.000000 30.000000
V 717.998400 517.996800 136.765986 80.000000
V 220.003200 1120.968000 30.000000 30.000000
V 196.999200 1030.032000 214.784996 80.000000
V 367.999200 200.001600 28.000000 28.000000
V 196.999200 933.984000 40.000000 40.000000
V 91.000800 838.008000 181.730504 80.000000
V 165.002400 735.984000 40.000000 40.000000
V 165.002400 634.003200 151.215985 80.000000
V 407.001600 291.002400 151.215985 70.280004
V 437.997600 401.997600 30.000000 30.000000
E 0 2
E 9 1
E 2 3
E 2 25
E 3 5
E 7 4
E 4 10
E 4 23
E 6 5
E 5 7
E 7 8
E 8 10
E 10 9
E 9 33
E 11 13
E 31 11
E 16 12
E 13 14
E 14 15
E 15 16
E 24 17
U 18 19
U 18 20
E 19 21
E 20 21
E 21 33
E 23 22
E 22 24
E 24 33
E 25 26
E 26 28
E 31 27
E 32 27
E 28 29
E 28 30
E 29 30
E 30 31
E 33 32
G 1816059780.json 34 35
V 128.001600 2597.976000 100.000000 80.000000
V 128.001600 2481.984000 100.000000 80.000000
V 128.001600 2380.032000 82.000000 52.000000
V 186.998400 1622.016000 28.000000 28.000000
V 186.998400 1532.016000 100.000000 80.000000
V 186.998400 1435.968000 40.000000 40.000000
V 128.001600 1339.992000 100.000000 80.000000
V 49.999680 604.000800 100.000000 80.000000
V 128.001600 699.998400 40.000000 40.000000
V 128.001600 1248.984000 30.000000 30.000000
V 167.997600 391.996800 40.000000 40.000000
V 49.999680 488.001600 100.000000 80.000000
V 128.001600 886.032000 28.000000 28.000000
V 128.001600 796.032000 100.000000 80.000000
V 246.002400 1339.992000 100.000000 80.000000
V 246.002400 1157.976000 100.000000 80.000000
V 167.997600 604.000800 100.000000 80.000000
V 167.997600 488.001600 100.000000 80.000000
V 207.000000 220.003200 100.000000 80.000000
V 207.000000 316.000800 40.000000 40.000000
V 128.001600 2688.984000 30.000000 30.000000
V 207.000000 103.996800 100.000000 80.000000
V 207.000000 13.999680 28.000000 28.000000
V 128.001600 2304.000000 28.000000 28.000000
V 128.001600 2208.024000 78.000000 92.000000
V 128.001600 2106.000000 40.000000 40.000000
V 68.999760 2010.024000 100.000000 80.000000
V 186.998400 2010.024000 100.000000 80.000000
V 186.998400 1894.032000 100.000000 80.000000
V 186.998400 1687.032000 30.000000 30.000000
V 186.998400 1777.968000 100.000000 80.000000
V 128.001600 1157.976000 28.000000 28.000000
V 128.001600 1041.984000 100.000000 80.000000
V 128.001600 950.976000 30.000000 30.000000
E 0 1
E 20 0
E 1 2
E 2 23
E 3 4
E 29 3
E 4 5
E 5 6
E 5 14
E 6 9
E 8 7
E 7 11
E 13 8
E 8 16
E 9 31
E 11 10
E 17 10
E 10 19
E 12 13
E 33 12
E 14 15
E 15 19
E 16 17
E 19 18
E 18 21
E 21 22
E 23 24
E 24 25
E 25 26
E 25 27
E 27 28
E 28 30
E 30 29
E 31 32
E 32 33
G 1817059208.json 20 23
V 135.496800 1504.008000 40.000000 40.000000
V 76.500000 1408.032000 100.000000 80.000000
V 194.500800 1408.032000 100.000000 80.000000
V 135.496800 1311.984000 40.000000 40.000000
V 135.496800 1208.520000 112.000000 95.000000
V 135.496800 1084.968000 100.000000 80.000000
V 96.501600 352.000800 100.000000 80.000000
V 96.501600 256.003200 40.000000 40.000000
V 26.500320 169.999200 53.000000 60.000000
V 108.496800 13.999680 28.000000 28.000000
V 135.496800 961.488000 100.000000 95.000000
V 135.496800 838.008000 100.000000 80.000000
V 135.496800 742.032000 40.000000 40.000000
V 91.497600 652.996800 64.000000 51.000000
V 179.503200 652.996800 75.500000 66.000000
V 135.496800 563.997600 40.000000 40.000000
V 96.501600 468.000000 100.000000 80.000000
V 164.498400 13.999680 28.000000 28.000000
V 108.496800 169.999200 75.500000 60.000000
V 108.496800 84.002400 40.000000 40.000000
E 0 1
E 0 2
E 1 3
E 2 3
E 3 4
E 4 5
E 5 10
E 6 7
E 16 6
E 7 8
E 7 18
E 8 19
E 19 9
E 10 11
E 11 12
E 12 13
E 12 14
E 13 15
E 14 15
E 15 16
E 15 17
E 19 17
E 18 19
G 183220943.json 37 44
V 240.998400 2362.968000 30.000000 30.000000
V 240.998400 2272.032000 69.000000 80.000000
V 240.998400 2175.984000 40.000000 40.000000
V 193.003200 2080.008000 69.000000 80.000000
V 289.000800 2080.008000 86.000000 80.000000
V 240.998400 1984.032000 40.000000 40.000000
V 240.998400 1908.000000 40.000000 40.000000
V 49.999680 1827.000000 100.000000 50.000000
V 175.996800 1827.000000 116.000000 47.500000
V 306.000000 1827.000000 108.000000 47.500000
V 427.996800 1827.000000 100.000000 50.000000
V 240.998400 1746.000000 40.000000 40.000000
V 240.998400 1650.024000 100.000000 80.000000
V 240.998400 1553.976000 40.000000 40.000000
V 200.001600 1458.000000 28.000000 28.000000
V 282.002400 1458.000000 100.000000 80.000000
V 282.002400 1342.008000 116.000000 80.000000
V 177.998400 1159.992000 86.000000 50.000000
V 282.002400 1246.032000 40.000000 40.000000
V 282.002400 1159.992000 86.000000 60.000000
V 390.002400 1159.992000 93.000000 54.000000
V 282.002400 1074.024000 40.000000 40.000000
V 282.002400 977.976000 100.000000 80.000000
V 282.002400 861.984000 100.000000 80.000000
V 282.002400 745.992000 100.000000 80.000000
V 282.002400 630.000000 100.000000 80.000000
V 221.997600 418.003200 100.000000 80.000000
V 282.002400 524.001600 40.000000 40.000000
V 340.999200 418.003200 100.000000 80.000000
V 191.001600 240.998400 69.000000 50.000000
V 277.999200 240.998400 69.000000 50.000000
V 309.002400 84.002400 40.000000 40.000000
V 309.002400 13.999680 28.000000 28.000000
V 221.997600 321.998400 40.000000 40.000000
V 277.999200 159.998400 40.000000 40.000000
V 219.002400 524.001600 50.000000 60.000000
V 343.000800 524.001600 45.000000 50.000000
E 0 1
E 1 2
E 2 3
E 2 4
E 3 5
E 4 5
E 5 6
E 6 7
E 6 8
E 6 9
E 6 10
E 7 11
E 8 11
E 9 11
E 10 11
E 11 12
E 12 13
E 13 14
E 13 15
E 15 16
E 16 18
E 18 17
E 17 21
E 18 19
E 18 20
E 19 21
E 20 21
E 21 22
E 22 23
E 23 24
E 24 25
E 25 27
E 27 26
E 26 33
E 35 26
E 27 28
E 28 31
E 36 28
E 33 29
E 29 34
E 33 30
E 30 34
E 31 32
E 34 31
G 1840058907.json 15 15
V 40.000320 840.024000 40.000000 40.000000
V 149.997600 655.999200 100.000000 80.000000
V 163.000800 540.000000 100.000000 80.000000
V 205.999200 220.003200 100.000000 80.000000
V 205.999200 103.996800 28.000000 28.000000
V 149.997600 758.016000 51.849000 51.897000
V 175.996800 437.997600 40.000000 40.000000
V 205.999200 336.002400 28.000000 28.000000
V 123.998400 336.002400 100.000000 80.000000
V 82.000800 220.003200 40.000000 40.000000
V 66.000240 758.016000 40.000000 40.000000
V 82.000800 103.996800 100.000000 80.000000
V 82.000800 13.999680 28.000000 28.000000
V 112.003200 437.997600 51.849000 51.897000
V 13.999680 758.016000 28.000000 28.000000
E 0 10
E 0 14
E 1 2
U 5 1
E 10 1
E 2 6
E 3 4
E 7 3
E 6 7
E 6 8
E 8 9
U 13 8
E 9 10
E 9 11
E 11 12
G 1857086375.json 19 21
V 157.996800 1387.008000 30.000000 30.000000
V 109.000800 987.984000 100.000000 80.000000
V 49.999680 563.997600 100.000000 80.000000
V 109.000800 468.000000 40.000000 40.000000
V 157.996800 1296.000000 100.000000 80.000000
V 196.999200 987.984000 40.000000 40.000000
V 196.999200 871.992000 28.000000 28.000000
V 109.000800 776.016000 40.000000 40.000000
V 69.999840 679.996800 100.000000 80.000000
V 167.997600 563.997600 100.000000 80.000000
V 109.000800 871.992000 100.000000 80.000000
V 119.001600 1180.008000 100.000000 80.000000
V 119.001600 1084.032000 40.000000 40.000000
V 109.000800 372.002400 100.000000 80.000000
V 109.000800 275.997600 40.000000 40.000000
V 49.999680 180.000000 100.000000 80.000000
V 109.000800 84.002400 40.000000 40.000000
V 167.997600 180.000000 100.000000 80.000000
V 109.000800 13.999680 28.000000 28.000000
E 0 4
E 1 10
E 12 1
E 2 3
E 8 2
E 9 3
E 3 13
E 5 4
E 4 11
E 5 6
E 12 5
E 7 8
E 7 9
E 10 7
E 11 12
E 13 14
E 14 15
E 14 17
E 15 16
E 17 16
E 16 18
G 1861246593.json 38 43
V 244.000800 1685.016000 30.000000 30.000000
V 244.000800 1606.464000 88.000000 55.000000
V 319.003200 1234.512000 40.000000 40.000000
V 168.998400 1307.016000 30.000000 30.000000
V 168.998400 1234.512000 88.000000 43.000000
V 149.997600 915.984000 30.000000 30.000000
V 172.000800 547.999200 30.000000 30.000000
V 123.998400 699.501600 88.000000 43.000000
V 148.003200 475.502400 88.000000 43.000000
V 297.000000 1307.016000 30.000000 30.000000
V 319.003200 1149.480000 63.000000 55.000000
V 123.998400 771.984000 30.000000 30.000000
V 109.000800 1379.520000 40.000000 40.000000
V 123.998400 620.503200 40.000000 40.000000
V 123.998400 547.999200 30.000000 30.000000
V 63.000000 843.984000 94.000000 42.000000
V 48.000240 915.984000 30.000000 30.000000
V 95.997600 13.999680 28.000000 28.000000
V 200.001600 169.502400 30.000000 30.000000
V 95.997600 85.003200 94.000000 42.000000
V 95.997600 254.498400 88.000000 43.000000
V 200.001600 254.498400 83.500000 43.000000
V 95.997600 169.502400 94.000000 55.000000
V 148.003200 402.998400 30.000000 30.000000
V 148.003200 331.999200 40.000000 40.000000
V 244.000800 1527.984000 30.000000 30.000000
V 244.000800 1456.992000 40.000000 40.000000
V 191.001600 1379.520000 88.000000 43.000000
V 156.002400 1149.480000 30.000000 30.000000
V 149.997600 1066.032000 40.000000 40.000000
V 43.999920 988.488000 88.000000 43.000000
V 149.997600 988.488000 88.000000 43.000000
V 205.999200 699.501600 30.000000 30.000000
V 205.999200 620.503200 88.000000 43.000000
V 297.000000 1379.520000 88.000000 43.000000
V 63.000000 771.984000 30.000000 30.000000
V 319.003200 1066.032000 30.000000 30.000000
V 319.003200 988.488000 28.000000 28.000000
E 0 1
E 2 1
E 1 12
E 1 25
E 9 2
E 2 10
E 3 4
E 12 3
E 27 3
E 4 5
E 4 28
E 5 11
E 31 5
E 6 8
E 13 6
E 33 6
E 11 7
E 7 13
E 14 8
E 8 23
E 12 9
E 34 9
E 10 36
E 15 11
E 13 14
E 16 15
E 15 35
E 30 16
E 19 17
E 21 18
E 22 19
E 20 22
E 24 20
E 24 21
E 23 24
E 25 26
E 26 27
E 26 34
E 28 29
E 29 30
E 29 31
E 32 33
E 36 37
G 1869180188.json 27 34
V 304.999200 1422.000000 100.000000 80.000000
V 304.999200 1537.992000 30.000000 30.000000
V 298.000800 1297.512000 28.000000 28.000000
V 193.996800 1057.032000 100.000000 80.000000
V 115.999200 1297.512000 100.000000 80.000000
V 171.000000 960.984000 40.000000 40.000000
V 39.000240 1710.000000 40.000000 40.000000
V 115.999200 1173.024000 40.000000 40.000000
V 99.000000 1633.968000 40.000000 40.000000
V 171.000000 769.032000 40.000000 40.000000
V 200.001600 671.500800 103.000000 83.000000
V 250.999200 1297.512000 30.000000 30.000000
V 187.999200 573.998400 40.000000 40.000000
V 265.996800 200.001600 40.000000 40.000000
V 265.996800 103.996800 100.000000 80.000000
V 418.003200 103.996800 100.000000 80.000000
V 265.996800 13.999680 28.000000 28.000000
V 418.003200 13.999680 28.000000 28.000000
V 187.999200 362.001600 100.000000 80.000000
V 205.999200 271.000800 30.000000 30.000000
V 187.999200 478.000800 100.000000 80.000000
V 171.000000 865.008000 100.000000 80.000000
V 272.001600 1173.024000 100.000000 80.000000
V 186.998400 1422.000000 100.000000 80.000000
V 99.000000 1422.000000 40.000000 40.000000
V 99.000000 1537.992000 100.000000 80.000000
V 373.996800 1297.512000 88.000000 97.000000
E 1 0
E 0 2
E 0 11
E 15 0
E 0 26
E 3 5
E 7 3
E 22 3
E 23 3
E 4 7
E 24 4
E 6 5
E 7 5
E 5 21
E 5 22
E 6 8
E 8 23
E 8 25
E 9 10
E 9 12
E 21 9
E 10 12
E 11 22
E 12 13
E 12 20
E 24 12
E 13 14
E 13 15
E 19 13
E 14 16
E 15 17
E 18 19
E 20 18
E 25 24
G 1881079986.json 21 23
V 109.000800 544.003200 100.000000 80.000000
V 109.000800 427.996800 100.000000 80.000000
V 109.000800 331.999200 40.000000 40.000000
V 85.003200 261.000000 30.000000 30.000000
V 109.000800 1200.024000 100.000000 80.000000
V 109.000800 1103.976000 40.000000 40.000000
V 67.999680 1008.000000 100.000000 80.000000
V 67.999680 660.002400 100.000000 80.000000
V 109.000800 13.999680 28.000000 28.000000
V 49.999680 169.999200 100.000000 80.000000
V 67.999680 892.008000 30.000000 30.000000
V 150.998400 660.002400 30.000000 30.000000
V 149.997600 261.000000 30.000000 30.000000
V 167.997600 169.999200 100.000000 80.000000
V 149.997600 78.998400 30.000000 30.000000
V 145.000800 1324.512000 88.000000 97.000000
V 85.003200 78.998400 30.000000 30.000000
V 109.000800 1424.016000 30.000000 30.000000
V 150.998400 892.008000 100.000000 80.000000
V 150.998400 1008.000000 30.000000 30.000000
V 150.998400 776.016000 100.000000 80.000000
E 0 1
E 7 0
E 11 0
E 1 2
E 2 3
E 2 12
E 3 9
E 4 5
E 15 4
E 17 4
E 5 6
E 5 19
E 6 10
E 10 7
E 14 8
E 16 8
E 9 16
E 20 11
E 12 13
E 13 14
E 17 15
E 19 18
E 18 20
G 1890426431.json 18 20
V 49.999680 763.992000 30.000000 30.000000
V 49.999680 672.998400 100.000000 80.000000
V 118.000800 48.499920 63.875000 57.946000
V 90.000000 577.000800 40.000000 40.000000
V 90.000000 481.003200 100.000000 80.000000
V 246.002400 481.003200 100.000000 80.000000
V 90.000000 364.996800 28.000000 28.000000
V 331.999200 364.996800 100.000000 80.000000
V 339.998400 481.003200 51.849000 51.897000
V 331.999200 268.999200 40.000000 40.000000
V 328.003200 173.001600 100.000000 80.000000
V 483.998400 173.001600 100.000000 80.000000
V 213.998400 48.499920 28.000000 28.000000
V 483.998400 48.499920 28.000000 28.000000
V 560.001600 48.499920 88.000000 97.000000
V 290.001600 48.499920 88.000000 97.000000
V 172.000800 364.996800 100.000000 50.000000
V 401.997600 48.499920 100.000000 50.000000
E 0 1
U 1 2
E 1 3
U 4 2
U 5 2
U 10 2
E 3 4
E 3 5
E 4 6
U 4 16
E 5 7
U 8 7
E 7 9
E 9 10
E 9 11
E 10 12
E 10 15
U 10 17
E 11 13
E 11 14
G 1895814048.json 40 49
V 985.032000 1712.016000 100.000000 80.000000
V 639.000000 1519.992000 100.000000 80.000000
V 887.976000 1519.992000 100.000000 80.000000
V 887.976000 1404.000000 100.000000 80.000000
V 887.976000 1615.968000 40.000000 40.000000
V 227.001600 1288.008000 100.000000 80.000000
V 403.999200 1288.008000 100.000000 80.000000
V 522.000000 1288.008000 100.000000 80.000000
V 463.003200 1404.000000 40.000000 40.000000
V 167.997600 1192.032000 40.000000 40.000000
V 167.997600 1095.984000 100.000000 80.000000
V 49.999680 1095.984000 100.000000 80.000000
V 403.999200 1192.032000 40.000000 40.000000
V 403.999200 1095.984000 100.000000 80.000000
V 285.998400 1095.984000 100.000000 80.000000
V 522.000000 1192.032000 40.000000 40.000000
V 640.000800 1095.984000 100.000000 80.000000
V 522.000000 1095.984000 100.000000 80.000000
V 345.002400 904.032000 100.000000 80.000000
V 345.002400 1000.008000 40.000000 40.000000
V 833.976000 540.000000 100.000000 80.000000
V 945.000000 231.998400 100.000000 80.000000
V 833.976000 631.000800 30.000000 30.000000
V 833.976000 444.002400 40.000000 40.000000
V 805.032000 347.997600 100.000000 80.000000
V 927.000000 347.997600 100.000000 80.000000
V 949.968000 40.000320 100.000000 80.000000
V 1067.976000 40.000320 100.000000 80.000000
V 949.968000 136.000800 40.000000 40.000000
V 761.976000 231.998400 100.000000 80.000000
V 887.976000 1288.008000 100.000000 80.000000
V 882.000000 813.024000 30.000000 30.000000
V 833.976000 722.016000 100.000000 80.000000
V 843.984000 1095.984000 100.000000 80.000000
V 843.984000 1192.032000 30.000000 30.000000
V 774.000000 631.000800 30.000000 30.000000
V 833.976000 904.032000 100.000000 80.000000
V 951.984000 904.032000 100.000000 80.000000
V 843.984000 1000.008000 40.000000 40.000000
V 833.976000 813.024000 30.000000 30.000000
E 0 4
E 27 0
E 4 1
E 1 8
E 2 3
E 4 2
E 3 30
E 8 5
E 5 9
E 8 6
E 6 12
E 8 7
E 7 15
E 9 10
E 9 11
E 10 19
E 11 19
E 12 13
E 12 14
E 13 19
E 14 19
E 15 16
E 15 17
E 16 19
E 17 19
E 19 18
E 22 20
E 20 23
E 25 21
E 21 28
E 32 22
E 23 24
E 23 25
E 24 29
E 28 26
E 26 30
E 28 27
E 29 30
E 30 34
E 37 30
E 31 32
E 32 35
E 39 32
E 34 33
E 33 38
E 35 34
E 38 36
E 36 39
E 38 37
G 190317640.json 21 24
V 58.000320 1618.992000 30.000000 30.000000
V 58.000320 1527.984000 100.000000 80.000000
V 58.000320 1432.008000 40.000000 40.000000
V 150.998400 1067.976000 100.000000 80.000000
V 150.998400 972.000000 40.000000 40.000000
V 150.998400 876.024000 100.000000 80.000000
V 83.001600 547.999200 40.000000 40.000000
V 83.001600 103.996800 114.000000 80.000000
V 83.001600 13.999680 28.000000 28.000000
V 76.996800 643.996800 28.000000 28.000000
V 83.001600 220.003200 100.000000 80.000000
V 136.000800 1260.000000 100.000000 80.000000
V 261.000000 1260.000000 114.000000 80.000000
V 77.997600 760.032000 100.000000 80.000000
V 166.003200 643.996800 114.000000 80.000000
V 83.001600 452.001600 100.000000 80.000000
V 83.001600 336.002400 114.000000 80.000000
V 63.000000 876.024000 40.000000 40.000000
V 166.003200 760.032000 40.000000 40.000000
V 136.000800 1355.976000 40.000000 40.000000
V 150.998400 1164.024000 40.000000 40.000000
E 0 1
E 1 2
E 2 6
E 2 17
E 2 19
E 3 4
E 20 3
E 4 5
E 4 17
E 4 18
E 5 18
E 14 6
E 6 15
E 7 8
E 10 7
E 13 9
E 16 10
E 19 11
E 11 20
E 19 12
E 12 20
E 17 13
E 18 14
E 15 16
G 1909657433.json 20 21
V 167.997600 1103.976000 100.000000 80.000000
V 109.000800 604.000800 100.000000 80.000000
V 167.997600 720.000000 100.000000 80.000000
V 109.000800 220.003200 100.000000 80.000000
V 109.000800 912.024000 100.000000 80.000000
V 49.999680 411.998400 100.000000 80.000000
V 227.001600 912.024000 100.000000 80.000000
V 49.999680 103.996800 100.000000 80.000000
V 49.999680 13.999680 28.000000 28.000000
V 167.997600 411.998400 100.000000 80.000000
V 227.001600 604.000800 100.000000 50.000000
V 167.997600 103.996800 100.000000 50.000000
V 167.997600 1008.000000 40.000000 40.000000
V 167.997600 815.976000 40.000000 40.000000
V 167.997600 1204.992000 30.000000 30.000000
V 109.000800 316.000800 40.000000 40.000000
V 109.000800 508.003200 40.000000 40.000000
V 209.001600 1397.016000 30.000000 30.000000
V 209.001600 1306.008000 100.000000 80.000000
V 250.999200 1204.992000 100.000000 50.000000
E 0 12
E 14 0
E 2 1
E 1 16
U 2 10
E 13 2
E 3 7
U 3 11
E 15 3
E 12 4
E 4 13
E 5 15
E 16 5
E 12 6
E 6 13
E 7 8
E 9 15
E 16 9
E 18 14
E 17 18
U 18 19
G 1915313449.json 22 23
V 81.000000 715.003200 161.709999 71.591087
V 108.000000 616.500000 40.000000 40.000000
V 190.000800 514.000800 111.000000 80.000000
V 103.003200 193.996800 30.000000 30.000000
V 102.002400 514.000800 28.000000 28.000000
V 301.003200 401.997600 145.355001 71.591087
V 191.001600 36.000000 113.807501 71.591087
V 214.999200 122.997600 30.000000 30.000000
V 301.003200 290.001600 100.000000 80.000000
V 367.999200 514.000800 100.000000 80.000000
V 180.000000 401.997600 30.000000 30.000000
V 424.000800 401.997600 63.875000 57.946000
V 169.999200 290.001600 126.355001 80.000000
V 218.001600 193.996800 40.000000 40.000000
V 320.997600 715.003200 169.147201 53.414861
V 223.999200 616.500000 83.493474 53.440001
V 367.999200 616.500000 169.147201 53.414861
V 263.001600 1006.992000 126.355001 71.591087
V 263.001600 1093.968000 30.000000 30.000000
V 263.001600 806.976000 40.000000 40.000000
V 263.001600 898.992000 111.000000 71.591087
V 204.998400 715.003200 28.000000 28.000000
E 0 1
E 3 0
E 1 2
E 1 4
E 2 10
E 12 3
E 5 8
E 9 5
E 7 6
E 6 12
E 13 7
E 8 13
U 9 11
E 16 9
E 10 12
E 12 13
E 14 15
E 14 16
E 19 14
E 18 17
E 17 20
E 20 19
E 19 21
G 1926751503.json 25 29
V 762.984000 1049.976000 100.000000 80.000000
V 253.000800 550.000800 62.001000 60.173000
V 486.000000 146.001600 62.001000 60.173000
V 463.996800 550.000800 62.001000 60.173000
V 209.001600 444.002400 374.000000 20.000000
V 624.002400 40.000320 100.000000 80.000000
V 228.002400 655.999200 100.000000 80.000000
V 102.002400 550.000800 204.000000 50.000000
V 346.003200 550.000800 40.000000 40.000000
V 463.996800 444.002400 100.000000 80.000000
V 585.000000 347.997600 165.000000 20.000000
V 463.996800 347.997600 40.000000 40.000000
V 469.000800 252.000000 100.000000 80.000000
V 605.001600 252.000000 100.000000 80.000000
V 549.000000 146.001600 28.000000 28.000000
V 228.002400 757.008000 30.000000 30.000000
V 715.003200 146.001600 40.000000 40.000000
V 762.984000 40.000320 141.000000 80.000000
V 739.008000 954.000000 40.000000 40.000000
V 526.003200 858.024000 100.000000 80.000000
V 346.003200 757.008000 40.000000 40.000000
V 346.003200 655.999200 100.000000 80.000000
V 463.996800 655.999200 100.000000 80.000000
V 526.996800 550.000800 28.000000 28.000000
V 526.003200 757.008000 284.000000 50.000000
E 16 0
E 0 18
U 1 4
E 6 1
E 1 9
U 2 5
E 3 9
E 22 3
E 16 5
E 5 18
U 6 7
E 6 8
E 15 6
E 8 9
E 21 8
U 9 10
E 9 11
E 11 12
E 11 13
E 12 14
E 13 16
E 16 17
E 17 18
E 18 19
E 19 20
U 19 24
E 20 21
E 20 22
E 22 23
G 1926754188.json 19 21
V 49.999680 1067.976000 100.000000 80.000000
V 49.999680 835.992000 100.000000 80.000000
V 149.997600 1452.024000 100.000000 80.000000
V 149.997600 1355.976000 40.000000 40.000000
V 109.000800 1260.000000 100.000000 80.000000
V 191.001600 1260.000000 28.000000 28.000000
V 109.000800 1164.024000 40.000000 40.000000
V 167.997600 1067.976000 100.000000 80.000000
V 167.997600 835.992000 40.000000 40.000000
V 128.001600 604.000800 100.000000 80.000000
V 88.999200 508.003200 40.000000 40.000000
V 88.999200 411.998400 100.000000 80.000000
V 49.999680 295.999200 100.000000 80.000000
V 88.999200 84.002400 40.000000 40.000000
V 88.999200 13.999680 28.000000 28.000000
V 149.997600 1543.032000 30.000000 30.000000
V 49.999680 180.000000 100.000000 80.000000
V 167.997600 951.984000 100.000000 80.000000
V 186.998400 720.000000 100.000000 80.000000
E 0 1
E 6 0
E 1 10
E 2 3
E 15 2
E 3 4
E 3 5
E 4 6
E 6 7
E 7 17
E 8 9
E 17 8
E 8 18
E 9 10
E 18 9
E 10 11
E 11 12
E 13 11
E 12 16
E 13 14
E 16 13
G 1927244193.json 18 19
V 77.500800 219.499200 155.000000 79.000000
V 77.500800 104.997600 141.000000 78.000000
V 544.500000 430.999200 30.000000 30.000000
V 77.500800 14.999760 30.000000 30.000000
V 225.496800 104.997600 30.000000 30.000000
V 96.501600 335.001600 40.000000 40.000000
V 373.500000 219.499200 40.000000 40.000000
V 544.500000 335.001600 155.000000 80.000000
V 288.496800 617.997600 30.000000 30.000000
V 288.496800 526.996800 155.000000 80.000000
V 205.502400 335.001600 141.000000 80.000000
V 371.498400 335.001600 155.000000 80.000000
V 288.496800 430.999200 40.000000 40.000000
V 321.501600 219.499200 28.000000 28.000000
V 225.496800 219.499200 28.000000 28.000000
V 475.502400 104.997600 155.000000 78.000000
V 507.499200 219.499200 30.000000 30.000000
V 528.501600 14.999760 30.000000 30.000000
E 0 1
E 5 0
E 1 3
E 2 7
E 4 5
E 6 4
E 14 4
E 5 6
E 7 6
E 7 16
E 17 7
E 8 9
E 9 12
E 12 10
E 10 14
E 12 11
E 11 13
E 16 15
E 15 17
G 1930268276.json 19 21
V 97.502400 1122.984000 100.000000 80.000000
V 97.502400 1006.992000 100.000000 80.000000
V 156.499200 13.999680 28.000000 28.000000
V 156.499200 1431.000000 166.000000 80.000000
V 156.499200 1315.008000 151.000000 80.000000
V 156.499200 1522.008000 30.000000 30.000000
V 156.499200 1219.032000 40.000000 40.000000
V 156.499200 911.016000 40.000000 40.000000
V 156.499200 834.984000 40.000000 40.000000
V 104.500800 739.008000 151.000000 80.000000
V 156.499200 643.003200 40.000000 40.000000
V 156.499200 535.996800 166.000000 102.000000
V 156.499200 428.997600 40.000000 40.000000
V 75.499200 314.503200 151.000000 117.000000
V 238.500000 314.503200 138.000000 117.000000
V 156.499200 200.001600 40.000000 40.000000
V 156.499200 103.996800 100.000000 80.000000
V 215.503200 1122.984000 100.000000 80.000000
V 215.503200 1006.992000 100.000000 80.000000
E 0 1
E 6 0
E 1 7
E 16 2
E 3 4
E 5 3
E 4 6
E 6 17
E 7 8
E 18 7
E 8 9
E 8 10
E 9 10
E 10 11
E 11 12
E 12 13
E 12 14
E 13 15
E 14 15
E 15 16
E 17 18
G 1935584457.json 21 23
V 127.497600 643.996800 100.000000 80.000000
V 127.497600 527.997600 100.000000 80.000000
V 100.497600 411.998400 88.000000 59.000000
V 141.501600 972.000000 30.000000 30.000000
V 175.500000 876.024000 100.000000 80.000000
V 210.499200 972.000000 71.000000 40.000000
V 39.499920 760.032000 79.000000 40.000000
V 214.502400 760.032000 40.000000 40.000000
V 245.498400 643.996800 100.000000 80.000000
V 245.498400 527.997600 28.000000 28.000000
V 136.497600 760.032000 79.000000 40.000000
V 237.499200 103.996800 100.000000 80.000000
V 237.499200 13.999680 28.000000 28.000000
V 212.500800 411.998400 100.000000 80.000000
V 237.499200 200.001600 88.000000 40.000000
V 212.500800 295.999200 100.000000 80.000000
V 319.500000 876.024000 30.000000 30.000000
V 351.496800 411.998400 28.000000 28.000000
V 319.500000 760.032000 100.000000 80.000000
V 328.500000 527.997600 100.000000 80.000000
V 328.500000 643.996800 30.000000 30.000000
E 0 1
E 7 0
E 10 0
E 1 2
E 1 13
E 3 4
E 5 4
E 4 6
E 4 7
E 4 10
E 4 18
E 7 8
E 8 9
E 11 12
E 14 11
E 15 11
E 19 11
E 13 15
E 15 14
E 16 18
E 19 17
E 18 20
E 20 19
G 1951778085.json 18 19
V 257.997600 976.968000 30.000000 30.000000
V 257.997600 886.032000 116.000000 80.000000
V 217.000800 769.968000 100.000000 80.000000
V 135.000000 653.997600 40.000000 40.000000
V 13.999680 529.502400 28.000000 28.000000
V 95.997600 529.502400 100.000000 80.000000
V 178.999200 529.502400 30.000000 30.000000
V 300.002400 653.997600 100.000000 80.000000
V 300.002400 769.968000 30.000000 30.000000
V 300.002400 529.502400 100.000000 80.000000
V 300.002400 405.000000 100.000000 80.000000
V 411.998400 529.502400 88.000000 97.000000
V 131.997600 289.000800 100.000000 80.000000
V 156.002400 164.498400 40.000000 40.000000
V 120.002400 405.000000 30.000000 30.000000
V 156.002400 40.000320 30.000000 30.000000
V 239.997600 40.000320 100.000000 80.000000
V 331.999200 164.498400 88.000000 97.000000
E 0 1
E 1 2
E 1 8
E 2 3
E 16 2
E 3 4
E 3 5
E 3 6
E 5 14
E 8 7
E 7 9
E 9 10
E 11 10
E 10 16
E 12 13
E 14 12
E 13 15
E 13 16
E 17 16
G 195201880.json 24 28
V 91.000800 604.000800 30.000000 30.000000
V 91.000800 488.001600 118.150000 80.000000
V 43.999920 363.499200 88.000000 97.000000
V 138.002400 363.499200 63.875000 57.946000
V 207.000000 850.464000 30.000000 30.000000
V 207.000000 720.000000 100.000000 80.000000
V 309.002400 604.000800 100.000000 50.000000
V 218.001600 488.001600 100.000000 80.000000
V 207.000000 604.000800 66.850000 64.330001
V 504.000000 956.016000 30.000000 30.000000
V 504.000000 850.464000 118.150000 109.040000
V 464.997600 720.000000 40.000000 40.000000
V 464.997600 604.000800 100.000000 80.000000
V 532.000800 488.001600 66.850000 64.330001
V 450.000000 488.001600 40.000000 40.000000
V 310.996800 363.499200 100.000000 80.000000
V 450.000000 363.499200 28.000000 28.000000
V 220.003200 230.500800 88.000000 97.000000
V 397.000800 230.500800 88.000000 97.000000
V 310.996800 230.500800 40.000000 40.000000
V 401.997600 105.998400 200.429998 80.000000
V 202.003200 105.998400 162.919999 80.000000
V 401.997600 14.999760 30.000000 30.000000
V 202.003200 14.999760 30.000000 30.000000
E 0 1
E 1 2
U 1 3
E 1 15
E 4 5
U 5 6
E 5 7
E 5 8
E 8 7
E 7 15
E 9 10
E 10 11
E 10 13
E 11 12
E 11 15
E 12 13
E 12 14
E 14 15
E 14 16
E 15 17
E 15 18
E 15 19
E 17 21
E 18 20
E 19 20
E 19 21
E 20 22
E 21 23
G 1971267976.json 24 25
V 106.999200 1264.968000 30.000000 30.000000
V 106.999200 1174.032000 100.000000 80.000000
V 106.999200 1057.968000 100.000000 80.000000
V 106.999200 941.976000 100.000000 80.000000
V 106.999200 825.984000 100.000000 80.000000
V 159.998400 643.996800 40.000000 40.000000
V 49.999680 527.997600 100.000000 80.000000
V 167.997600 527.997600 100.000000 80.000000
V 49.999680 411.998400 28.000000 28.000000
V 166.003200 411.998400 28.000000 28.000000
V 167.997600 734.976000 30.000000 30.000000
V 283.996800 941.976000 40.000000 40.000000
V 343.000800 825.984000 100.000000 80.000000
V 343.000800 734.976000 28.000000 28.000000
V 225.000000 825.984000 100.000000 80.000000
V 247.996800 643.996800 100.000000 80.000000
V 247.996800 411.998400 100.000000 80.000000
V 247.996800 316.000800 40.000000 40.000000
V 189.000000 220.003200 100.000000 80.000000
V 307.000800 220.003200 100.000000 80.000000
V 307.000800 103.996800 28.000000 28.000000
V 189.000000 103.996800 100.000000 80.000000
V 189.000000 13.999680 28.000000 28.000000
V 106.999200 734.976000 30.000000 30.000000
E 0 1
E 1 2
E 2 3
E 3 4
E 4 10
E 4 23
E 5 6
E 5 7
E 10 5
E 6 8
E 7 9
E 7 16
E 12 10
E 14 10
E 11 12
E 11 14
E 12 13
E 14 15
E 15 16
E 16 17
E 17 18
E 17 19
E 18 21
E 19 20
E 21 22
G 197317215.json 24 24
V 110.001600 1042.992000 30.000000 30.000000
V 262.000800 951.984000 30.000000 30.000000
V 272.001600 833.472000 143.000000 85.000000
V 168.998400 951.984000 100.000000 50.000000
V 131.997600 833.472000 100.000000 80.000000
V 131.997600 715.003200 100.000000 80.000000
V 182.001600 598.996800 100.000000 80.000000
V 50.999760 951.984000 100.000000 80.000000
V 182.001600 502.999200 40.000000 40.000000
V 271.000800 421.999200 40.000000 40.000000
V 100.000800 421.999200 100.000000 50.000000
V 182.001600 421.999200 28.000000 28.000000
V 75.002400 320.997600 100.000000 50.000000
V 201.002400 320.997600 114.520000 77.000000
V 475.999200 320.997600 100.000000 80.000000
V 396.000000 114.998400 28.000000 28.000000
V 475.999200 204.998400 100.000000 80.000000
V 396.000000 32.500080 114.520000 65.000000
V 535.003200 421.999200 30.000000 30.000000
V 594.000000 320.997600 100.000000 50.000000
V 342.000000 320.997600 131.100000 80.000000
V 375.998400 204.998400 63.875000 57.946000
V 31.999680 833.472000 63.875000 57.946000
V 231.998400 715.003200 63.875000 57.946000
U 0 3
E 0 7
U 1 2
E 1 4
E 4 5
E 7 4
E 5 6
E 6 8
U 23 6
U 7 22
E 8 9
U 8 10
E 8 11
U 9 13
E 9 14
E 9 20
U 11 12
E 14 16
E 18 14
E 16 15
U 15 17
E 20 15
U 18 19
U 20 21
G 1976861979.json 30 31
V 174.002400 987.984000 100.000000 80.000000
V 167.997600 488.001600 100.000000 80.000000
V 232.999200 660.002400 40.000000 40.000000
V 167.997600 391.996800 40.000000 40.000000
V 49.999680 295.999200 100.000000 80.000000
V 49.999680 200.001600 28.000000 28.000000
V 167.997600 200.001600 40.000000 40.000000
V 128.001600 103.996800 100.000000 80.000000
V 246.002400 103.996800 100.000000 80.000000
V 232.999200 583.999200 40.000000 40.000000
V 174.002400 756.000000 100.000000 80.000000
V 167.997600 295.999200 100.000000 80.000000
V 128.001600 13.999680 28.000000 28.000000
V 218.001600 1927.008000 30.000000 30.000000
V 218.001600 1836.000000 92.000000 80.000000
V 218.001600 1740.024000 40.000000 40.000000
V 158.997600 1643.976000 100.000000 80.000000
V 276.998400 1643.976000 100.000000 80.000000
V 158.997600 1527.984000 28.000000 28.000000
V 167.997600 583.999200 30.000000 30.000000
V 276.998400 1527.984000 100.000000 80.000000
V 276.998400 1316.016000 40.000000 40.000000
V 232.999200 1219.968000 40.000000 40.000000
V 320.997600 1103.976000 100.000000 80.000000
V 292.003200 987.984000 100.000000 80.000000
V 292.003200 871.992000 100.000000 80.000000
V 232.999200 1103.976000 40.000000 40.000000
V 292.003200 756.000000 100.000000 80.000000
V 276.998400 1411.992000 100.000000 80.000000
V 320.997600 1219.968000 100.000000 80.000000
E 0 10
E 26 0
E 1 3
E 9 1
E 19 1
E 2 9
E 10 2
E 27 2
E 3 4
E 3 11
E 4 5
E 6 7
E 6 8
E 11 6
E 7 12
E 8 9
E 13 14
E 14 15
E 15 16
E 15 17
E 16 18
E 17 20
E 20 28
E 21 22
E 28 21
E 21 29
E 22 26
E 29 23
E 24 25
E 26 24
E 25 27
G 1986186421.json 29 32
V 49.999680 1093.968000 100.000000 80.000000
V 128.001600 553.996800 100.000000 80.000000
V 192.002400 2225.016000 30.000000 30.000000
V 192.002400 2134.008000 100.000000 80.000000
V 192.002400 2018.016000 100.000000 80.000000
V 192.002400 1902.024000 100.000000 80.000000
V 153.000000 1710.000000 100.000000 80.000000
V 192.002400 1537.992000 40.000000 40.000000
V 109.000800 1442.016000 100.000000 80.000000
V 109.000800 1326.024000 40.000000 40.000000
V 157.996800 1210.032000 100.000000 80.000000
V 167.997600 1093.968000 100.000000 80.000000
V 167.997600 861.984000 100.000000 80.000000
V 167.997600 745.992000 100.000000 80.000000
V 216.000000 1326.024000 100.000000 80.000000
V 192.002400 1442.016000 30.000000 30.000000
V 167.997600 650.001600 40.000000 40.000000
V 246.002400 553.996800 100.000000 80.000000
V 128.001600 457.999200 40.000000 40.000000
V 128.001600 265.996800 40.000000 40.000000
V 168.998400 103.996800 100.000000 80.000000
V 168.998400 13.999680 28.000000 28.000000
V 86.997600 103.996800 28.000000 28.000000
V 103.996800 194.997600 30.000000 30.000000
V 159.998400 194.997600 30.000000 30.000000
V 192.002400 1805.976000 40.000000 40.000000
V 192.002400 1614.024000 40.000000 40.000000
V 128.001600 362.001600 100.000000 80.000000
V 167.997600 977.976000 147.000000 80.000000
E 9 0
E 0 18
E 16 1
E 1 18
E 2 3
E 3 4
E 4 5
E 5 25
E 25 6
E 6 26
E 7 8
E 14 7
E 7 15
E 26 7
E 8 9
E 9 10
E 10 11
E 11 28
E 12 13
E 28 12
E 13 16
E 15 14
E 16 17
E 17 18
E 18 27
E 19 23
E 19 24
E 27 19
E 20 21
E 24 20
E 23 22
E 25 26
G 1988450889.json 15 16
V 167.997600 1078.992000 30.000000 30.000000
V 167.997600 987.984000 100.000000 80.000000
V 167.997600 892.008000 40.000000 40.000000
V 90.000000 796.032000 100.000000 80.000000
V 167.997600 563.997600 100.000000 80.000000
V 246.002400 679.996800 100.000000 80.000000
V 167.997600 468.000000 40.000000 40.000000
V 167.997600 372.002400 100.000000 80.000000
V 207.000000 275.997600 40.000000 40.000000
V 207.000000 180.000000 100.000000 80.000000
V 207.000000 84.002400 40.000000 40.000000
V 184.003200 13.999680 28.000000 28.000000
V 229.996800 13.999680 28.000000 28.000000
V 69.999840 679.996800 100.000000 80.000000
V 49.999680 563.997600 100.000000 80.000000
E 0 1
E 1 2
E 2 3
E 2 4
E 2 5
E 3 13
E 4 6
E 5 8
E 6 7
E 14 6
E 7 8
E 8 9
E 9 10
E 10 11
E 10 12
E 13 14
G 1996448114.json 28 30
V 376.999200 1669.968000 100.000000 80.000000
V 294.998400 1170.000000 100.000000 80.000000
V 294.998400 670.003200 100.000000 80.000000
V 294.998400 786.024000 100.000000 80.000000
V 376.999200 1760.976000 30.000000 30.000000
V 376.999200 1573.992000 40.000000 40.000000
V 336.002400 1478.016000 100.000000 80.000000
V 418.003200 1478.016000 28.000000 28.000000
V 336.002400 1362.024000 100.000000 80.000000
V 294.998400 1074.024000 40.000000 40.000000
V 253.000800 553.996800 100.000000 80.000000
V 202.996800 387.000000 30.000000 30.000000
V 267.998400 387.000000 30.000000 30.000000
V 227.001600 457.999200 40.000000 40.000000
V 167.997600 295.999200 100.000000 80.000000
V 285.998400 295.999200 100.000000 80.000000
V 334.000800 997.992000 40.000000 40.000000
V 334.000800 902.016000 100.000000 80.000000
V 416.001600 902.016000 28.000000 28.000000
V 211.996800 670.003200 30.000000 30.000000
V 279.000000 457.999200 28.000000 28.000000
V 167.997600 200.001600 40.000000 40.000000
V 49.999680 103.996800 100.000000 80.000000
V 167.997600 103.996800 100.000000 80.000000
V 167.997600 13.999680 28.000000 28.000000
V 336.002400 1265.976000 40.000000 40.000000
V 376.999200 1170.000000 28.000000 28.000000
V 285.998400 103.996800 100.000000 80.000000
E 4 0
E 0 5
E 1 9
E 25 1
E 3 2
E 2 10
E 9 3
E 17 3
E 5 6
E 5 7
E 6 8
E 8 25
E 9 16
E 10 13
E 19 10
E 10 20
E 13 11
E 11 14
E 13 12
E 12 15
E 14 21
E 16 17
E 16 18
E 21 22
E 21 23
E 21 27
E 22 24
E 23 24
E 27 24
E 25 26
G 1997112753.json 18 18
V 49.999680 452.001600 30.000000 30.000000
V 49.999680 336.002400 100.000000 80.000000
V 151.999200 220.003200 100.000000 80.000000
V 211.996800 103.996800 100.000000 80.000000
V 211.996800 13.999680 28.000000 28.000000
V 129.002400 103.996800 30.000000 30.000000
V 201.002400 780.480000 90.000000 41.000000
V 201.002400 975.528000 88.000000 45.000000
V 283.996800 780.480000 40.000000 40.000000
V 282.002400 220.003200 100.000000 80.000000
V 167.997600 336.002400 100.000000 80.000000
V 293.997600 103.996800 28.000000 28.000000
V 201.002400 877.032000 100.000000 80.000000
V 241.999200 684.000000 100.000000 80.000000
V 185.997600 568.000800 88.000000 62.000000
V 298.000800 568.000800 100.000000 80.000000
V 298.000800 452.001600 100.000000 80.000000
V 330.998400 336.002400 73.000000 62.000000
E 0 1
E 1 2
E 2 3
E 2 5
E 10 2
E 3 4
E 9 3
E 12 6
E 6 13
E 7 12
E 8 13
E 9 11
E 16 9
E 17 9
E 13 14
E 13 15
E 15 16
E 16 17
G 1997741090.json 33 34
V 112.003200 691.999200 100.000000 80.000000
V 112.003200 587.001600 28.000000 28.000000
V 151.999200 249.998400 100.000000 80.000000
V 90.000000 133.999200 100.000000 80.000000
V 190.000800 133.999200 63.875000 57.946000
V 58.000320 29.000160 63.875000 57.946000
V 121.996800 29.000160 28.000000 28.000000
V 265.003200 1750.032000 100.000000 80.000000
V 171.000000 1308.024000 100.000000 80.000000
V 171.000000 1211.976000 40.000000 40.000000
V 171.000000 807.984000 100.000000 80.000000
V 131.997600 1116.000000 100.000000 80.000000
V 171.000000 904.032000 40.000000 40.000000
V 265.003200 1866.024000 100.000000 80.000000
V 265.003200 1633.968000 100.000000 80.000000
V 265.003200 1517.976000 100.000000 80.000000
V 265.003200 1413.000000 40.000000 40.000000
V 171.000000 1413.000000 63.875000 57.946000
V 229.996800 691.999200 100.000000 80.000000
V 273.002400 587.001600 40.000000 40.000000
V 234.000000 481.996800 100.000000 80.000000
V 291.002400 249.998400 100.000000 80.000000
V 202.996800 587.001600 63.875000 57.946000
V 252.000000 365.997600 63.875000 57.946000
V 151.999200 365.997600 100.000000 80.000000
V 291.002400 133.999200 28.000000 28.000000
V 131.997600 1000.008000 100.000000 80.000000
V 31.999680 1000.008000 63.875000 57.946000
V 265.003200 2189.016000 30.000000 30.000000
V 265.003200 2098.008000 100.000000 80.000000
V 265.003200 1982.016000 100.000000 80.000000
V 289.000800 1308.024000 100.000000 80.000000
V 289.000800 1211.976000 28.000000 28.000000
E 0 1
E 10 0
E 2 3
U 2 4
E 24 2
U 3 5
E 3 6
E 13 7
E 7 14
E 8 9
E 16 8
U 17 8
E 9 11
E 9 12
E 12 10
E 10 18
E 11 26
U 11 27
E 26 12
E 30 13
E 14 15
E 15 16
E 16 31
E 18 19
U 18 22
E 19 20
E 19 21
U 20 23
E 20 24
U 23 21
E 21 25
E 28 29
E 29 30
E 31 32
G 2011580783.json 16 16
V 67.999680 1251.000000 30.000000 30.000000
V 67.999680 1159.992000 100.000000 80.000000
V 67.999680 1044.000000 100.000000 80.000000
V 67.999680 948.024000 40.000000 40.000000
V 27.000000 851.976000 28.000000 28.000000
V 109.000800 851.976000 100.000000 80.000000
V 109.000800 735.984000 100.000000 80.000000
V 109.000800 644.997600 30.000000 30.000000
V 109.000800 553.996800 100.000000 80.000000
V 109.000800 463.003200 30.000000 30.000000
V 109.000800 372.002400 100.000000 80.000000
V 109.000800 275.997600 40.000000 40.000000
V 49.999680 180.000000 100.000000 80.000000
V 167.997600 180.000000 100.000000 80.000000
V 109.000800 84.002400 40.000000 40.000000
V 109.000800 13.999680 28.000000 28.000000
E 0 1
E 1 2
E 2 3
E 3 4
E 3 5
E 5 6
E 6 7
E 7 8
E 8 9
E 9 10
E 10 11
E 11 12
E 11 13
E 12 14
E 13 14
E 14 15
G 2013198537.json 21 20
V 167.997600 1623.024000 30.000000 30.000000
V 167.997600 1544.472000 88.000000 55.000000
V 167.997600 1453.536000 100.000000 55.000000
V 167.997600 1362.528000 100.000000 55.000000
V 167.997600 643.500000 105.000000 55.500000
V 167.997600 916.488000 100.000000 55.000000
V 109.000800 461.498400 100.000000 55.000000
V 167.997600 91.497600 88.000000 55.000000
V 167.997600 13.999680 28.000000 28.000000
V 167.997600 552.499200 100.000000 55.000000
V 109.000800 370.497600 97.000000 55.000000
V 109.000800 279.496800 97.000000 55.500000
V 49.999680 185.500800 100.000000 50.000000
V 227.001600 461.498400 100.000000 50.000000
V 167.997600 185.500800 100.000000 60.500000
V 167.997600 1007.496000 100.000000 55.000000
V 167.997600 825.480000 88.000000 55.000000
V 167.997600 734.472000 100.000000 55.000000
V 167.997600 1271.520000 97.000000 55.000000
V 167.997600 1188.000000 40.000000 40.000000
V 167.997600 1101.528000 100.000000 60.500000
E 0 1
E 1 2
E 2 3
E 3 18
E 4 9
E 17 4
E 15 5
E 5 16
E 9 6
E 6 10
E 7 8
E 14 7
U 9 13
E 10 11
U 11 12
E 11 14
E 20 15
E 16 17
E 18 19
E 19 20
G 2024579151.json 19 24
V 308.001600 1045.008000 30.000000 30.000000
V 308.001600 954.000000 100.000000 80.000000
V 286.999200 680.997600 30.000000 30.000000
V 264.002400 534.002400 40.000000 40.000000
V 299.001600 437.997600 28.000000 28.000000
V 217.000800 437.997600 100.000000 80.000000
V 48.000240 180.000000 40.000000 40.000000
V 155.001600 84.002400 30.000000 30.000000
V 48.000240 84.002400 30.000000 30.000000
V 155.001600 13.999680 28.000000 28.000000
V 264.002400 609.998400 40.000000 40.000000
V 346.996800 862.992000 30.000000 30.000000
V 364.996800 771.984000 100.000000 80.000000
V 256.003200 346.996800 30.000000 30.000000
V 256.003200 275.997600 40.000000 40.000000
V 259.999200 180.000000 100.000000 80.000000
V 259.999200 84.002400 28.000000 28.000000
V 139.003200 180.000000 105.537190 80.000000
V 337.996800 84.002400 40.000000 40.000000
E 0 1
E 1 2
E 1 11
E 2 10
E 12 2
E 3 4
E 3 5
E 10 3
E 5 6
E 5 13
E 6 7
E 6 8
E 7 9
E 15 7
E 8 10
E 17 8
E 11 12
E 12 18
E 13 14
E 18 13
E 14 15
E 14 17
E 15 16
E 17 18
G 2028857949.json 17 17
V 162.000000 1374.984000 30.000000 30.000000
V 162.000000 1281.024000 110.000000 86.000000
V 162.000000 1182.024000 40.000000 40.000000
V 119.001600 1083.024000 110.000000 86.000000
V 205.999200 1083.024000 28.000000 28.000000
V 119.001600 868.032000 40.000000 40.000000
V 55.000080 771.984000 110.000000 80.000000
V 183.002400 536.997600 110.000000 86.000000
V 119.001600 964.008000 110.000000 80.000000
V 55.000080 655.999200 110.000000 80.000000
V 183.002400 771.984000 110.000000 80.000000
V 55.000080 536.997600 110.000000 80.000000
V 119.001600 437.997600 40.000000 40.000000
V 119.001600 338.997600 110.000000 86.000000
V 119.001600 220.003200 110.000000 80.000000
V 119.001600 103.996800 110.000000 80.000000
V 119.001600 13.999680 28.000000 28.000000
E 0 1
E 1 2
E 2 3
E 2 4
E 3 8
E 5 6
E 8 5
E 5 10
E 6 9
E 10 7
E 7 12
E 9 11
E 11 12
E 12 13
E 13 14
E 14 15
E 15 16
G 2039715783.json 19 21
V 110.001600 1503.000000 30.000000 30.000000
V 110.001600 1411.992000 100.000000 80.000000
V 110.001600 1316.016000 40.000000 40.000000
V 68.999760 1219.968000 100.000000 80.000000
V 68.999760 1103.976000 100.000000 80.000000
V 150.998400 1219.968000 28.000000 28.000000
V 186.998400 1103.976000 100.000000 80.000000
V 186.998400 912.024000 100.000000 80.000000
V 68.999760 1008.000000 40.000000 40.000000
V 68.999760 912.024000 100.000000 80.000000
V 49.999680 720.000000 100.000000 80.000000
V 109.000800 604.000800 100.000000 80.000000
V 148.003200 411.998400 100.000000 80.000000
V 109.000800 295.999200 100.000000 80.000000
V 109.000800 180.000000 100.000000 80.000000
V 148.003200 13.999680 28.000000 28.000000
V 148.003200 84.002400 40.000000 40.000000
V 68.999760 815.976000 40.000000 40.000000
V 148.003200 508.003200 40.000000 40.000000
E 0 1
E 1 2
E 2 3
E 2 5
E 3 4
E 4 8
E 6 7
E 6 8
E 7 18
E 8 9
E 9 17
E 10 11
E 17 10
E 17 11
E 11 18
E 12 13
E 16 12
E 18 12
E 13 14
E 14 16
E 16 15
G 203985736.json 30 33
V 267.998400 1264.032000 100.000000 80.000000
V 267.998400 1147.968000 28.000000 28.000000
V 209.001600 1455.984000 100.000000 80.000000
V 209.001600 1360.008000 40.000000 40.000000
V 167.997600 1147.968000 100.000000 80.000000
V 205.999200 1031.976000 100.000000 80.000000
V 205.999200 915.984000 40.000000 40.000000
V 168.998400 799.992000 100.000000 80.000000
V 286.999200 799.992000 100.000000 80.000000
V 209.001600 1546.992000 30.000000 30.000000
V 202.003200 684.000000 100.000000 80.000000
V 205.999200 336.002400 100.000000 80.000000
V 205.999200 220.003200 28.000000 28.000000
V 286.999200 684.000000 28.000000 28.000000
V 324.000000 452.001600 100.000000 80.000000
V 210.002400 568.000800 40.000000 40.000000
V 149.997600 1264.032000 100.000000 80.000000
V 205.999200 452.001600 100.000000 80.000000
V 324.000000 336.002400 28.000000 28.000000
V 49.999680 1147.968000 100.000000 80.000000
V 49.999680 1264.032000 30.000000 30.000000
V 49.999680 1031.976000 100.000000 80.000000
V 84.002400 684.000000 100.000000 80.000000
V 84.002400 915.984000 100.000000 80.000000
V 84.002400 568.000800 100.000000 80.000000
V 87.998400 452.001600 100.000000 80.000000
V 87.998400 336.002400 100.000000 80.000000
V 105.998400 13.999680 28.000000 28.000000
V 105.998400 220.003200 100.000000 80.000000
V 105.998400 103.996800 100.000000 80.000000
E 0 1
E 3 0
E 2 3
E 9 2
E 3 16
E 4 5
E 16 4
E 4 23
E 5 6
E 6 7
E 6 8
E 7 10
E 7 22
E 8 13
E 10 15
E 10 25
E 11 12
E 17 11
E 11 28
E 15 14
E 14 18
E 15 17
E 16 19
E 20 19
E 19 21
E 21 23
E 23 22
E 22 24
E 24 25
E 25 26
E 26 28
E 29 27
E 28 29
G 2047613314.json 22 27
V 219.002400 1064.016000 100.000000 80.000000
V 208.000800 892.008000 40.000000 40.000000
V 208.000800 796.032000 100.000000 80.000000
V 90.000000 796.032000 100.000000 80.000000
V 219.002400 967.968000 40.000000 40.000000
V 123.998400 679.996800 40.000000 40.000000
V 167.997600 563.997600 100.000000 80.000000
V 230.997600 1236.024000 85.000000 40.000000
V 219.002400 1159.992000 40.000000 40.000000
V 49.999680 563.997600 100.000000 40.000000
V 246.002400 679.996800 100.000000 80.000000
V 207.000000 468.000000 40.000000 40.000000
V 246.002400 372.002400 100.000000 80.000000
V 246.002400 275.997600 28.000000 28.000000
V 266.997600 1307.016000 30.000000 30.000000
V 288.000000 1489.032000 30.000000 30.000000
V 288.000000 1398.024000 100.000000 80.000000
V 310.996800 275.997600 40.000000 40.000000
V 252.000000 180.000000 100.000000 80.000000
V 370.000800 180.000000 100.000000 80.000000
V 310.996800 84.002400 40.000000 40.000000
V 310.996800 13.999680 28.000000 28.000000
E 0 4
E 8 0
E 1 2
E 1 3
E 4 1
E 2 5
E 3 5
E 4 10
E 5 6
E 5 9
E 6 11
E 7 8
E 14 7
E 8 9
E 9 11
E 10 11
E 11 12
E 12 13
E 12 17
E 16 14
E 15 16
E 16 17
E 17 18
E 17 19
E 18 20
E 19 20
E 20 21
G 2051108417.json 39 47
V 85.500000 1860.480000 59.261540 50.993210
V 162.496800 1860.480000 59.261540 50.993210
V 123.501600 1697.472000 59.261540 50.993210
V 97.502400 1447.488000 59.261540 50.993210
V 34.500240 1534.464000 59.261540 50.993210
V 152.503200 1534.464000 59.261540 50.993210
V 229.500000 1534.464000 59.261540 50.993210
V 204.501600 1208.520000 59.261540 50.993210
V 203.500800 1045.512000 59.261540 50.993210
V 202.500000 404.503200 59.261540 50.993210
V 195.501600 241.502400 59.261540 50.993210
V 165.499200 730.512000 59.261540 50.993210
V 165.499200 643.500000 59.261540 50.993210
V 29.499840 1208.520000 59.261540 50.993210
V 123.501600 2012.976000 30.000000 30.000000
V 165.499200 562.003200 40.000000 40.000000
V 175.500000 486.000000 40.000000 40.000000
V 203.500800 964.008000 40.000000 40.000000
V 172.497600 887.976000 40.000000 40.000000
V 29.499840 1447.488000 40.000000 40.000000
V 29.499840 1365.984000 40.000000 40.000000
V 204.501600 1447.488000 40.000000 40.000000
V 204.501600 1365.984000 40.000000 40.000000
V 123.501600 1941.984000 40.000000 40.000000
V 123.501600 1778.976000 40.000000 40.000000
V 123.501600 1615.968000 40.000000 40.000000
V 116.503200 1365.984000 40.000000 40.000000
V 204.501600 1127.016000 40.000000 40.000000
V 202.500000 322.999200 40.000000 40.000000
V 204.501600 1290.024000 40.000000 40.000000
V 170.503200 812.016000 40.000000 40.000000
V 29.499840 1290.024000 40.000000 40.000000
V 85.500000 1045.512000 40.000000 40.000000
V 187.502400 159.998400 40.000000 40.000000
V 132.501600 404.503200 40.000000 40.000000
V 35.500320 964.008000 40.000000 40.000000
V 108.496800 84.002400 40.000000 40.000000
V 108.496800 13.999680 28.000000 28.000000
V 135.496800 1290.024000 40.000000 40.000000
E 23 0
E 0 24
E 23 1
E 1 24
E 24 2
E 2 25
E 25 3
E 3 26
E 4 19
E 25 4
E 25 5
E 5 26
E 6 21
E 25 6
E 7 27
E 29 7
E 8 17
E 27 8
E 16 9
E 17 9
E 9 28
E 28 10
E 10 33
E 11 12
E 30 11
E 12 15
E 31 13
E 13 35
E 14 23
E 15 16
E 15 34
E 17 18
E 18 30
E 19 20
E 19 26
E 20 31
E 21 22
E 21 26
E 22 29
E 26 32
E 26 38
E 28 27
E 32 36
E 33 36
E 34 36
E 35 36
E 36 37
G 2054762650.json 18 21
V 219.002400 1158.984000 30.000000 30.000000
V 117.000000 760.032000 100.000000 80.000000
V 176.997600 316.000800 40.000000 40.000000
V 176.997600 411.998400 100.000000 80.000000
V 315.000000 643.996800 40.000000 40.000000
V 176.997600 13.999680 28.000000 28.000000
V 219.002400 951.984000 100.000000 80.000000
V 219.002400 1067.976000 100.000000 80.000000
V 157.996800 527.997600 100.000000 80.000000
V 275.997600 527.997600 100.000000 80.000000
V 194.997600 856.008000 40.000000 40.000000
V 220.003200 643.996800 100.000000 80.000000
V 49.999680 411.998400 100.000000 80.000000
V 117.000000 643.996800 40.000000 40.000000
V 200.001600 760.032000 30.000000 30.000000
V 69.999840 527.997600 40.000000 40.000000
V 216.000000 220.003200 100.000000 80.000000
V 216.000000 103.996800 100.000000 80.000000
E 0 7
E 10 1
E 1 13
E 3 2
E 2 5
E 2 16
E 4 3
E 8 3
E 4 9
E 17 5
E 7 6
E 6 10
E 11 6
E 13 8
E 13 9
E 10 14
E 14 11
E 12 13
E 15 12
E 13 15
E 16 17
G 2058911114.json 19 21
V 109.000800 1503.000000 30.000000 30.000000
V 109.000800 1411.992000 100.000000 80.000000
V 109.000800 1316.016000 40.000000 40.000000
V 49.999680 1219.968000 100.000000 80.000000
V 49.999680 1123.992000 28.000000 28.000000
V 167.997600 1219.968000 100.000000 80.000000
V 123.998400 912.024000 100.000000 80.000000
V 167.997600 1123.992000 40.000000 40.000000
V 209.001600 1028.016000 100.000000 80.000000
V 211.996800 912.024000 40.000000 40.000000
V 163.000800 411.998400 100.000000 80.000000
V 163.000800 508.003200 40.000000 40.000000
V 202.003200 699.998400 40.000000 40.000000
V 202.003200 604.000800 100.000000 80.000000
V 123.998400 295.999200 100.000000 80.000000
V 123.998400 180.000000 100.000000 80.000000
V 259.999200 796.032000 100.000000 80.000000
V 163.000800 84.002400 40.000000 40.000000
V 163.000800 13.999680 28.000000 28.000000
E 0 1
E 1 2
E 2 3
E 2 5
E 3 4
E 5 7
E 7 6
E 6 11
E 7 8
E 8 9
E 9 12
E 9 16
E 11 10
E 10 14
E 17 10
E 13 11
E 12 13
E 16 12
E 14 15
E 15 17
E 17 18
G 2065568834.json 22 25
V 337.996800 585.000000 30.000000 30.000000
V 337.003200 493.999200 100.000000 80.000000
V 326.001600 402.998400 30.000000 30.000000
V 324.000000 331.999200 40.000000 40.000000
V 324.000000 261.000000 30.000000 30.000000
V 330.998400 169.999200 100.000000 80.000000
V 372.002400 261.000000 30.000000 30.000000
V 109.000800 1150.992000 30.000000 30.000000
V 109.000800 1059.984000 100.000000 80.000000
V 109.000800 964.008000 40.000000 40.000000
V 167.997600 868.032000 100.000000 80.000000
V 49.999680 868.032000 100.000000 80.000000
V 164.001600 771.984000 40.000000 40.000000
V 217.000800 676.000800 30.000000 30.000000
V 217.000800 585.000000 30.000000 30.000000
V 218.001600 493.999200 100.000000 80.000000
V 259.999200 868.032000 40.000000 40.000000
V 217.000800 771.984000 30.000000 30.000000
V 319.996800 771.984000 30.000000 30.000000
V 337.996800 676.000800 100.000000 80.000000
V 370.000800 78.998400 30.000000 30.000000
V 370.000800 13.999680 28.000000 28.000000
E 0 1
E 19 0
E 1 2
E 6 1
E 2 3
E 3 4
E 3 6
E 4 5
E 5 20
E 7 8
E 8 9
E 9 10
E 9 11
E 10 12
E 11 12
E 12 13
E 13 14
E 17 13
E 14 15
E 15 16
E 16 17
E 16 18
E 18 19
E 19 20
E 20 21
G 2068104488.json 36 40
V 307.497600 1597.032000 30.000000 30.000000
V 307.497600 1437.480000 615.249999 207.000000
V 318.499200 1194.480000 467.100000 207.000000
V 633.499200 2072.016000 63.875000 57.946000
V 698.500800 2072.016000 30.000000 30.000000
V 698.500800 1992.024000 30.000000 30.000000
V 665.503200 2176.992000 100.000000 80.000000
V 665.503200 2268.000000 30.000000 30.000000
V 675.496800 1926.000000 28.000000 28.000000
V 484.502400 898.992000 100.000000 80.000000
V 484.502400 783.000000 100.000000 80.000000
V 484.502400 687.002400 40.000000 40.000000
V 484.502400 1014.984000 30.000000 30.000000
V 525.499200 610.999200 30.000000 30.000000
V 443.498400 610.999200 40.000000 40.000000
V 443.498400 515.001600 100.000000 80.000000
V 325.497600 515.001600 100.000000 80.000000
V 384.501600 413.503200 40.000000 40.000000
V 384.501600 337.003200 28.000000 28.000000
V 525.499200 515.001600 28.000000 28.000000
V 683.503200 1437.480000 100.000000 80.000000
V 722.520000 1926.000000 30.000000 30.000000
V 607.500000 515.001600 100.000000 80.000000
V 674.503200 180.000000 116.500007 80.000000
V 673.502400 271.000800 30.000000 30.000000
V 673.502400 337.003200 30.000000 30.000000
V 673.502400 413.503200 120.000000 51.000000
V 761.472000 1759.032000 100.000000 80.000000
V 717.501600 13.999680 28.000000 28.000000
V 607.500000 1194.480000 30.000000 30.000000
V 761.472000 1668.024000 30.000000 30.000000
V 761.472000 1597.032000 40.000000 40.000000
V 761.472000 1014.984000 113.999982 80.000000
V 683.503200 1194.480000 63.875000 57.946000
V 717.501600 84.002400 40.000000 40.000000
V 722.520000 1855.008000 40.000000 40.000000
E 0 1
E 1 2
E 2 12
U 6 3
E 4 5
E 6 4
E 5 8
E 5 21
E 7 6
E 9 10
E 12 9
E 10 11
E 11 13
E 11 14
E 29 12
E 13 19
E 13 22
E 14 15
E 14 16
E 15 17
E 16 17
E 17 18
E 20 29
E 31 20
U 20 33
E 35 20
E 21 35
E 22 25
E 22 26
E 29 22
E 24 23
E 23 34
E 25 24
E 26 25
E 27 30
E 35 27
E 34 28
E 30 31
E 31 32
E 32 34
G 2069043694.json 16 20
V 276.998400 1180.008000 100.000000 80.000000
V 253.000800 1084.032000 40.000000 40.000000
V 167.997600 987.984000 100.000000 80.000000
V 123.998400 103.996800 100.000000 80.000000
V 147.002400 295.999200 100.000000 80.000000
V 147.002400 200.001600 40.000000 40.000000
V 167.997600 892.008000 40.000000 40.000000
V 301.003200 987.984000 130.000000 80.000000
V 65.000160 527.997600 130.000000 80.000000
V 147.002400 411.998400 130.000000 80.000000
V 129.002400 815.976000 40.000000 40.000000
V 129.002400 720.000000 100.000000 80.000000
V 129.002400 624.002400 40.000000 40.000000
V 193.996800 527.997600 40.000000 40.000000
V 202.003200 13.999680 28.000000 28.000000
V 276.998400 1285.488000 48.000000 59.000000
E 0 1
E 7 0
E 15 0
E 1 2
E 1 7
E 2 6
E 5 3
E 3 14
E 4 5
E 9 4
E 5 14
E 6 10
E 6 13
E 8 10
E 12 8
E 13 9
E 10 11
E 11 12
E 12 13
E 13 14
G 2070870143.json 21 24
V 139.003200 1182.024000 28.000000 28.000000
V 37.000080 1015.992000 74.000000 57.000000
V 139.003200 1015.992000 93.000000 60.000000
V 247.003200 1015.992000 87.000000 80.000000
V 139.003200 823.968000 100.000000 80.000000
V 145.000800 27.499680 81.500000 55.000000
V 139.003200 1111.968000 40.000000 40.000000
V 139.003200 920.016000 40.000000 40.000000
V 139.003200 727.992000 40.000000 40.000000
V 85.003200 632.001600 100.000000 80.000000
V 193.996800 632.001600 81.500000 57.000000
V 195.998400 463.500000 81.500000 57.000000
V 231.998400 542.001600 88.000000 28.500000
V 195.998400 369.000000 81.500000 60.000000
V 145.000800 196.999200 74.000000 40.000000
V 247.003200 196.999200 93.000000 60.000000
V 231.998400 27.499680 28.000000 28.000000
V 145.000800 111.002400 28.000000 28.000000
V 195.998400 283.003200 40.000000 40.000000
V 231.998400 111.002400 40.000000 40.000000
V 85.003200 542.001600 28.000000 28.000000
E 0 6
E 6 1
E 1 7
E 6 2
E 2 7
E 6 3
E 3 7
E 7 4
E 4 8
E 17 5
E 8 9
E 8 10
E 9 20
E 10 11
E 10 12
E 12 11
E 11 13
E 13 18
E 14 17
E 18 14
E 14 19
E 18 15
E 15 19
E 19 16
G 2087277194.json 15 20
V 58.999680 852.984000 30.000000 30.000000
V 124.999200 595.000800 30.000000 30.000000
V 58.999680 761.976000 118.000000 80.000000
V 210.002400 595.000800 30.000000 30.000000
V 247.003200 504.000000 100.000000 80.000000
V 211.003200 412.999200 28.000000 28.000000
V 82.000800 504.000000 118.000000 80.000000
V 103.003200 666.000000 40.000000 40.000000
V 32.999760 666.000000 30.000000 30.000000
V 42.999840 342.000000 40.000000 40.000000
V 168.998400 246.002400 100.000000 80.000000
V 172.000800 78.998400 30.000000 30.000000
V 82.000800 412.999200 30.000000 30.000000
V 130.003200 149.997600 40.000000 40.000000
V 172.000800 13.999680 28.000000 28.000000
E 0 2
E 1 6
E 7 1
E 10 1
E 2 7
E 2 8
E 3 4
E 7 3
E 4 5
E 4 11
E 6 7
E 6 12
E 8 9
E 9 10
E 12 9
E 9 13
E 10 13
E 13 11
E 11 14
E 13 12
G 2093296227.json 27 28
V 49.999680 1255.032000 100.000000 80.000000
V 285.998400 557.503200 132.000000 83.000000
V 293.997600 204.998400 100.000000 80.000000
V 49.999680 675.000000 100.000000 80.000000
V 293.997600 64.499760 103.000000 129.000000
V 378.000000 64.499760 28.000000 28.000000
V 285.998400 320.997600 40.000000 40.000000
V 49.999680 790.992000 100.000000 80.000000
V 167.997600 1255.032000 100.000000 80.000000
V 109.000800 1578.024000 30.000000 30.000000
V 109.000800 1467.000000 176.000000 120.000000
V 109.000800 1351.008000 40.000000 40.000000
V 167.997600 1138.968000 100.000000 80.000000
V 285.998400 675.000000 100.000000 80.000000
V 126.000000 557.503200 40.000000 40.000000
V 198.000000 438.501600 103.000000 83.000000
V 77.997600 438.501600 100.000000 50.000000
V 167.997600 1022.976000 100.000000 80.000000
V 167.997600 790.992000 100.000000 80.000000
V 167.997600 675.000000 100.000000 80.000000
V 49.999680 1138.968000 100.000000 80.000000
V 49.999680 1022.976000 100.000000 80.000000
V 49.999680 906.984000 100.000000 80.000000
V 190.000800 320.997600 100.000000 80.000000
V 174.002400 204.998400 100.000000 80.000000
V 92.001600 64.499760 28.000000 28.000000
V 174.002400 64.499760 100.000000 50.000000
E 11 0
E 0 20
E 1 6
E 13 1
U 2 4
E 2 5
E 6 2
E 7 3
E 3 14
E 15 6
E 22 7
E 11 8
E 8 12
E 9 10
E 10 11
E 12 17
E 13 14
E 18 13
E 14 15
U 14 16
E 15 23
E 17 18
U 18 19
E 20 21
E 21 22
E 23 24
E 24 25
U 24 26
G 2098423345.json 16 15
V 194.997600 411.998400 100.000000 80.000000
V 196.999200 614.001600 130.000000 80.000000
V 294.998400 614.001600 30.000000 30.000000
V 196.999200 513.000000 40.000000 40.000000
V 294.998400 513.000000 100.000000 50.000000
V 86.997600 295.999200 100.000000 80.000000
V 178.999200 295.999200 30.000000 30.000000
V 128.001600 103.996800 100.000000 80.000000
V 128.001600 13.999680 28.000000 28.000000
V 196.999200 730.008000 30.000000 30.000000
V 64.000080 821.016000 30.000000 30.000000
V 128.001600 200.001600 40.000000 40.000000
V 69.999840 411.998400 100.000000 80.000000
V 67.999680 513.000000 30.000000 30.000000
V 64.000080 730.008000 128.000000 80.000000
V 64.000080 614.001600 100.000000 80.000000
E 3 0
E 0 6
E 1 3
E 9 1
E 2 3
U 2 4
E 5 11
E 12 5
E 6 11
E 7 8
E 11 7
E 10 14
E 13 12
E 15 13
E 14 15
G 2117425833.json 29 31
V 663.998400 1325.016000 100.000000 80.000000
V 758.016000 1112.976000 30.000000 30.000000
V 735.984000 1021.968000 40.000000 40.000000
V 599.997600 1112.976000 40.000000 40.000000
V 454.003200 1021.968000 40.000000 40.000000
V 336.002400 911.016000 100.000000 80.000000
V 276.998400 542.001600 40.000000 40.000000
V 218.001600 445.996800 100.000000 80.000000
V 238.003200 329.997600 100.000000 80.000000
V 336.002400 445.996800 100.000000 80.000000
V 336.002400 132.998400 100.000000 80.000000
V 336.002400 231.501600 40.000000 40.000000
V 283.003200 28.499760 28.000000 28.000000
V 218.001600 718.999200 100.000000 80.000000
V 454.003200 911.016000 100.000000 80.000000
V 454.003200 814.968000 28.000000 28.000000
V 625.003200 1209.024000 100.000000 80.000000
V 336.002400 814.968000 40.000000 40.000000
V 336.002400 718.999200 100.000000 80.000000
V 276.998400 620.503200 40.000000 40.000000
V 877.032000 1021.968000 206.000000 45.000000
V 643.003200 911.016000 242.000000 70.000000
V 595.000800 1021.968000 206.000000 70.000000
V 515.001600 718.999200 222.000000 45.000000
V 85.003200 329.997600 170.000000 45.000000
V 194.997600 231.501600 206.000000 45.000000
V 418.003200 620.503200 206.000000 45.000000
V 139.003200 620.503200 199.000000 45.000000
V 389.001600 28.499760 148.000000 57.000000
E 2 0
E 0 16
E 1 2
U 1 20
E 3 2
E 3 4
E 16 3
U 3 22
E 4 5
E 4 14
U 4 21
E 5 17
E 6 7
E 6 9
E 19 6
E 7 8
U 7 24
E 8 11
U 8 25
E 9 11
E 11 10
E 10 12
U 10 28
E 17 13
E 13 19
U 13 27
E 14 15
E 17 18
U 17 23
E 18 19
U 18 26
G 2120313457.json 29 31
V 49.999680 1423.008000 30.000000 30.000000
V 49.999680 1332.000000 100.000000 80.000000
V 49.999680 1216.008000 52.500000 34.000000
V 270.000000 770.976000 30.000000 30.000000
V 270.000000 673.999200 100.000000 80.000000
V 230.997600 576.000000 52.500000 44.000000
V 301.996800 984.024000 30.000000 30.000000
V 301.996800 868.032000 100.000000 80.000000
V 230.997600 478.000800 100.000000 80.000000
V 230.997600 362.001600 100.000000 80.000000
V 230.997600 265.996800 28.000000 28.000000
V 145.000800 1216.008000 100.000000 80.000000
V 145.000800 1332.000000 52.500000 34.000000
V 198.000000 1100.016000 100.000000 80.000000
V 250.999200 1216.008000 76.000000 41.500000
V 198.000000 984.024000 100.000000 80.000000
V 219.002400 868.032000 30.000000 30.000000
V 175.996800 770.976000 52.500000 41.500000
V 354.002400 478.000800 100.000000 80.000000
V 354.002400 362.001600 30.000000 30.000000
V 354.002400 576.000000 30.000000 30.000000
V 230.997600 194.997600 30.000000 30.000000
V 210.002400 103.996800 100.000000 80.000000
V 210.002400 13.999680 28.000000 28.000000
V 354.002400 265.996800 40.000000 40.000000
V 435.002400 194.997600 30.000000 30.000000
V 445.996800 103.996800 100.000000 80.000000
V 321.998400 194.997600 30.000000 30.000000
V 328.003200 103.996800 100.000000 80.000000
E 0 1
E 1 2
E 1 11
E 3 4
E 7 3
E 16 3
E 4 5
E 4 8
E 5 8
E 6 7
E 8 9
E 17 8
E 9 10
E 10 21
E 12 11
E 11 13
E 14 13
E 13 15
E 15 16
E 15 17
E 18 19
E 20 18
E 19 24
E 21 22
E 24 21
E 22 23
E 24 25
E 24 27
E 28 24
E 25 26
E 27 28
G 2126536773.json 16 16
V 258.501600 40.000320 100.000000 80.000000
V 258.501600 130.996800 30.000000 30.000000
V 153.496800 618.998400 40.000000 40.000000
V 193.500000 401.997600 100.000000 80.000000
V 199.497600 285.998400 100.000000 80.000000
V 60.500160 520.502400 121.000000 76.000000
V 60.500160 618.998400 30.000000 30.000000
V 193.500000 520.502400 108.000000 80.000000
V 258.501600 195.998400 28.000000 28.000000
V 320.500800 285.998400 100.000000 80.000000
V 400.500000 520.502400 40.000000 40.000000
V 324.496800 401.997600 126.000000 77.000000
V 493.502400 401.997600 100.000000 80.000000
V 465.501600 285.998400 100.000000 80.000000
V 508.500000 618.998400 30.000000 30.000000
V 508.500000 520.502400 140.000000 85.000000
E 1 0
E 8 1
E 2 5
E 2 7
E 3 4
E 7 3
E 4 8
E 6 5
E 9 8
E 11 9
E 10 11
E 10 12
E 13 10
E 12 13
E 15 12
E 14 15
G 2132820608.json 24 24
V 345.002400 2388.024000 30.000000 30.000000
V 345.002400 2297.016000 100.000000 80.000000
V 236.001600 2149.488000 100.000000 80.000000
V 454.003200 2149.488000 300.000000 143.000000
V 236.001600 2027.016000 30.000000 30.000000
V 236.001600 1936.008000 100.000000 80.000000
V 135.000000 1811.016000 270.146831 97.500000
V 337.996800 1811.016000 100.000000 80.000000
V 138.002400 1471.968000 132.000000 97.500000
V 537.998400 1471.968000 632.264298 507.904172
V 499.003200 1141.992000 100.000000 80.000000
V 313.999200 1026.000000 233.146831 67.000000
V 499.003200 1026.000000 100.000000 80.000000
V 499.003200 910.008000 100.000000 80.000000
V 343.000800 785.016000 176.146831 97.500000
V 499.003200 785.016000 100.000000 80.000000
V 499.003200 387.000000 30.000000 30.000000
V 499.003200 295.999200 100.000000 80.000000
V 537.998400 200.001600 40.000000 40.000000
V 537.998400 103.996800 100.000000 80.000000
V 537.998400 13.999680 28.000000 28.000000
V 499.003200 685.000800 30.000000 30.000000
V 499.003200 594.000000 100.000000 80.000000
V 499.003200 478.000800 100.000000 80.000000
E 0 1
E 1 2
U 1 3
E 2 4
E 4 5
U 5 6
E 5 7
U 7 8
E 7 9
E 9 10
E 18 9
U 10 11
E 10 12
E 12 13
U 13 14
E 13 15
E 15 21
E 16 17
E 23 16
E 17 18
E 18 19
E 19 20
E 21 22
E 22 23
G 2137323844.json 32 32
V 211.500000 481.500000 129.000000 55.000000
V 192.499200 560.001600 30.000000 30.000000
V 204.501600 402.998400 30.000000 30.000000
V 264.499200 722.016000 30.000000 30.000000
V 264.499200 638.503200 129.000000 55.000000
V 264.499200 560.001600 28.000000 28.000000
V 64.499760 481.500000 129.000000 55.000000
V 76.500000 560.001600 30.000000 30.000000
V 113.500800 402.998400 30.000000 30.000000
V 166.500000 1276.992000 129.000000 55.000000
V 166.500000 1177.992000 40.000000 40.000000
V 93.499200 1094.472000 129.000000 55.000000
V 93.499200 987.984000 28.000000 28.000000
V 215.503200 987.984000 129.000000 55.000000
V 215.503200 888.984000 40.000000 40.000000
V 166.500000 805.536000 129.000000 55.000000
V 100.497600 638.503200 30.000000 30.000000
V 162.496800 91.497600 129.000000 55.000000
V 162.496800 13.999680 28.000000 28.000000
V 264.499200 805.536000 30.000000 30.000000
V 166.500000 722.016000 40.000000 40.000000
V 166.500000 638.503200 30.000000 30.000000
V 224.503200 1474.488000 129.000000 55.000000
V 224.503200 1552.968000 30.000000 30.000000
V 224.503200 1383.480000 129.000000 55.000000
V 240.501600 1094.472000 129.000000 55.000000
V 162.496800 182.498400 129.000000 55.000000
V 138.499200 337.003200 30.000000 30.000000
V 283.500000 1276.992000 69.300001 86.318168
V 162.496800 265.996800 40.000000 40.000000
V 357.501600 987.984000 119.497399 86.318168
V 198.496800 337.003200 30.000000 30.000000
E 1 0
E 0 2
E 21 1
E 2 31
E 3 4
E 19 3
E 4 5
E 7 6
E 6 8
E 16 7
E 8 27
E 9 10
E 24 9
E 10 11
E 10 25
E 11 12
E 13 14
E 25 13
E 14 15
E 14 19
E 15 20
E 20 16
E 17 18
E 26 17
E 20 21
E 23 22
E 22 24
E 24 28
E 25 30
E 29 26
E 27 29
E 31 29
G 221138962.json 28 37
V 213.998400 1734.984000 30.000000 30.000000
V 213.998400 1643.976000 100.000000 80.000000
V 306.000000 570.002400 30.000000 30.000000
V 308.001600 454.003200 100.000000 80.000000
V 200.001600 105.998400 100.000000 80.000000
V 274.996800 876.024000 40.000000 40.000000
V 200.001600 14.999760 28.000000 28.000000
V 353.001600 570.002400 28.000000 28.000000
V 313.999200 1462.032000 30.000000 30.000000
V 261.000000 1063.008000 30.000000 30.000000
V 272.001600 972.000000 100.000000 80.000000
V 304.999200 675.000000 40.000000 40.000000
V 274.996800 779.976000 100.000000 80.000000
V 168.998400 1462.032000 115.944049 80.000000
V 172.000800 570.002400 135.936999 80.000000
V 72.000000 675.000000 63.875000 57.946000
V 144.000000 337.996800 155.901999 80.000000
V 135.000000 221.997600 182.279999 80.000000
V 69.999840 105.998400 115.944049 80.000000
V 193.003200 1552.968000 30.000000 30.000000
V 172.000800 454.003200 135.936999 79.000000
V 272.001600 337.996800 63.875000 57.946000
V 168.998400 1365.984000 40.000000 40.000000
V 141.998400 1270.008000 100.000000 80.000000
V 298.000800 1154.016000 28.000000 28.000000
V 69.999840 14.999760 30.000000 30.000000
V 177.998400 1154.016000 100.000000 80.000000
V 259.999200 1270.008000 100.000000 80.000000
E 0 1
E 1 8
E 1 19
E 2 3
E 11 2
E 3 4
E 3 16
E 4 6
E 17 4
E 5 7
E 10 5
E 5 12
E 11 7
E 8 9
E 9 10
E 26 9
E 27 9
E 12 11
U 15 13
E 19 13
E 13 22
U 15 14
E 14 20
E 26 14
U 15 16
U 15 17
U 15 18
U 23 15
E 16 17
E 20 16
E 17 18
E 18 25
U 20 21
E 22 23
E 22 27
E 23 26
E 27 24
G 222096454.json 23 26
V 236.001600 1867.032000 30.000000 30.000000
V 236.001600 1795.968000 40.000000 40.000000
V 176.997600 1699.992000 100.000000 80.000000
V 294.998400 1699.992000 100.000000 80.000000
V 236.001600 1604.016000 40.000000 40.000000
V 236.001600 1411.992000 40.000000 40.000000
V 259.999200 103.996800 100.000000 80.000000
V 236.001600 1507.968000 100.000000 80.000000
V 196.999200 1316.016000 100.000000 80.000000
V 259.999200 200.001600 40.000000 40.000000
V 259.999200 13.999680 28.000000 28.000000
V 186.998400 1219.968000 40.000000 40.000000
V 182.001600 745.992000 100.000000 80.000000
V 49.999680 1121.976000 100.000000 80.000000
V 167.997600 1121.976000 100.000000 84.000000
V 79.999200 1029.024000 30.000000 30.000000
V 139.003200 938.016000 100.000000 80.000000
V 182.001600 841.968000 40.000000 40.000000
V 163.000800 553.996800 100.000000 80.000000
V 163.000800 372.002400 100.000000 80.000000
V 163.000800 463.003200 30.000000 30.000000
V 182.001600 650.001600 40.000000 40.000000
V 236.001600 275.997600 40.000000 40.000000
E 0 1
E 1 2
E 1 3
E 2 4
E 3 4
E 4 7
E 7 5
E 5 8
E 5 9
E 9 6
E 6 10
E 8 11
E 22 9
E 11 13
U 11 14
E 11 17
E 17 12
E 12 21
E 13 15
E 15 16
E 16 17
E 18 20
E 21 18
E 20 19
E 19 22
E 21 22
G 223463879.json 21 22
V 133.999200 336.002400 100.000000 80.000000
V 205.999200 220.003200 100.000000 80.000000
V 68.999760 220.003200 138.000000 80.000000
V 68.999760 103.996800 28.000000 28.000000
V 293.997600 103.996800 100.000000 80.000000
V 293.997600 13.999680 28.000000 28.000000
V 270.000000 527.997600 138.000000 80.000000
V 246.002400 432.000000 40.000000 40.000000
V 246.002400 336.002400 40.000000 40.000000
V 324.000000 220.003200 100.000000 80.000000
V 450.000000 527.997600 138.000000 80.000000
V 498.002400 432.000000 40.000000 40.000000
V 498.002400 336.002400 40.000000 40.000000
V 442.000800 220.003200 100.000000 80.000000
V 560.001600 220.003200 100.000000 80.000000
V 614.001600 336.002400 100.000000 80.000000
V 642.002400 220.003200 28.000000 28.000000
V 471.002400 103.996800 100.000000 80.000000
V 471.002400 13.999680 28.000000 28.000000
V 347.997600 624.002400 40.000000 40.000000
V 347.997600 695.001600 30.000000 30.000000
E 0 2
E 7 0
E 1 4
E 8 1
E 2 3
E 4 5
E 9 4
E 6 7
E 19 6
E 7 8
E 8 9
E 10 11
E 19 10
E 11 12
E 11 15
E 12 13
E 12 14
E 13 17
E 14 17
E 15 16
E 17 18
E 20 19
G 231192484.json 23 25
V 294.998400 1162.008000 30.000000 30.000000
V 294.998400 1000.008000 40.000000 40.000000
V 294.998400 1083.528000 97.000000 55.000000
V 229.996800 906.984000 97.000000 55.000000
V 229.996800 814.032000 40.000000 40.000000
V 361.000800 906.984000 129.000000 74.000000
V 361.000800 814.032000 28.000000 28.000000
V 157.996800 717.501600 142.000000 80.500000
V 157.996800 605.001600 28.000000 28.000000
V 302.997600 405.000000 40.000000 40.000000
V 93.002400 308.498400 112.769561 60.000000
V 238.003200 308.498400 112.769561 60.000000
V 70.999920 185.997600 142.000000 71.500000
V 382.996800 308.498400 112.000000 63.000000
V 540.000000 308.498400 129.000000 80.500000
V 230.997600 185.997600 142.000000 74.000000
V 391.003200 185.997600 142.000000 72.500000
V 310.996800 13.999680 28.000000 28.000000
V 551.001600 185.997600 142.000000 92.000000
V 310.996800 84.002400 40.000000 40.000000
V 302.997600 717.501600 112.000000 72.500000
V 302.997600 605.001600 142.000000 71.500000
V 302.997600 497.001600 97.000000 72.500000
E 0 2
E 2 1
E 1 3
E 1 5
E 3 4
E 4 7
E 4 20
E 5 6
E 7 8
E 9 10
E 9 11
E 9 13
E 9 14
E 22 9
E 10 12
E 11 15
E 12 19
E 13 16
E 14 18
E 15 19
E 16 19
E 19 17
E 18 19
E 20 21
E 21 22
G 232851382.json 16 15
V 187.999200 1131.984000 30.000000 30.000000
V 187.999200 1040.976000 100.000000 80.000000
V 118.000800 843.480000 123.000000 90.500000
V 257.997600 843.480000 121.000000 91.000000
V 187.999200 945.000000 40.000000 40.000000
V 181.000800 635.500800 172.000000 101.000000
V 335.001600 635.500800 100.000000 80.000000
V 109.000800 422.503200 151.000000 101.000000
V 253.000800 422.503200 100.000000 80.000000
V 49.999680 220.003200 100.000000 80.000000
V 167.997600 220.003200 100.000000 80.000000
V 49.999680 103.996800 100.000000 80.000000
V 49.999680 13.999680 28.000000 28.000000
V 257.997600 742.032000 40.000000 40.000000
V 181.000800 528.998400 40.000000 40.000000
V 109.000800 316.000800 40.000000 40.000000
E 0 1
E 1 4
E 4 2
E 4 3
E 3 13
E 13 5
E 5 14
E 13 6
E 14 7
E 7 15
E 14 8
E 9 11
E 15 9
E 15 10
E 11 12
G 235507328.json 24 29
V 325.000800 325.000800 124.000000 80.000000
V 524.001600 325.000800 124.000000 80.000000
V 596.001600 209.001600 124.000000 80.000000
V 768.024000 325.000800 124.000000 80.000000
V 838.008000 209.001600 124.000000 80.000000
V 306.000000 427.996800 51.849000 51.897000
V 635.997600 325.000800 63.875000 57.946000
V 858.024000 427.996800 51.849000 51.897000
V 504.000000 427.996800 51.849000 51.897000
V 928.008000 427.996800 51.849000 51.897000
V 375.998400 427.996800 51.849000 51.897000
V 439.999200 427.996800 40.000000 40.000000
V 596.001600 98.503200 40.000000 40.000000
V 596.001600 13.999680 28.000000 28.000000
V 439.999200 506.001600 30.000000 30.000000
V 979.992000 98.503200 124.000000 54.500000
V 415.000800 209.001600 124.000000 68.500000
V 838.008000 98.503200 124.000000 68.500000
V 496.000800 98.503200 124.000000 68.500000
V 696.002400 98.503200 124.000000 68.500000
V 751.968000 427.996800 124.000000 54.500000
V 609.998400 427.996800 124.000000 54.500000
V 61.999920 427.996800 124.000000 54.500000
V 202.003200 427.996800 118.773500 54.500000
U 5 0
U 10 0
E 11 0
E 0 12
E 0 16
E 22 0
E 23 0
E 1 2
U 8 1
E 11 1
E 20 1
E 21 1
U 6 2
E 2 12
E 2 18
E 2 19
E 3 4
U 7 3
U 9 3
E 11 3
E 20 3
U 7 4
U 9 4
E 4 12
E 4 15
E 4 17
E 4 19
E 14 11
E 12 13
G 239504115.json 16 19
V 88.999200 1075.032000 30.000000 30.000000
V 88.999200 1003.968000 40.000000 40.000000
V 49.999680 756.000000 100.000000 80.000000
V 128.001600 928.008000 40.000000 40.000000
V 128.001600 640.000800 100.000000 80.000000
V 205.999200 851.976000 40.000000 40.000000
V 205.999200 756.000000 100.000000 80.000000
V 249.998400 640.000800 40.000000 40.000000
V 249.998400 544.003200 40.000000 40.000000
V 191.001600 447.998400 100.000000 80.000000
V 309.002400 447.998400 100.000000 80.000000
V 191.001600 352.000800 40.000000 40.000000
V 88.999200 200.001600 40.000000 40.000000
V 88.999200 103.996800 100.000000 80.000000
V 88.999200 13.999680 28.000000 28.000000
V 112.996800 275.997600 40.000000 40.000000
E 0 1
E 1 2
E 1 3
E 2 12
E 3 4
E 3 5
E 4 15
E 5 6
E 5 7
E 6 7
E 7 8
E 8 9
E 8 10
E 9 11
E 10 11
E 11 15
E 12 13
E 15 12
E 13 14
G 240458761.json 19 21
V 127.000800 1383.984000 30.000000 30.000000
V 127.000800 1273.968000 100.000000 80.000000
V 97.999200 1041.984000 100.000000 80.000000
V 97.999200 925.992000 100.000000 80.000000
V 160.999200 371.498400 30.000000 30.000000
V 199.000800 1383.984000 66.038499 67.717999
V 193.996800 247.003200 100.000000 55.000000
V 65.000160 247.003200 100.000000 80.000000
V 65.000160 143.503200 78.038499 55.000000
V 68.999760 1157.976000 100.000000 80.000000
V 97.999200 834.984000 30.000000 30.000000
V 97.999200 756.504000 56.076999 55.000000
V 97.999200 678.002400 30.000000 30.000000
V 127.000800 587.001600 100.000000 80.000000
V 139.003200 483.501600 56.076999 55.000000
V 43.999920 587.001600 30.000000 30.000000
V 43.999920 483.501600 78.038499 55.000000
V 65.000160 40.000320 100.000000 80.000000
V 43.999920 371.498400 88.000000 97.000000
E 0 1
E 1 2
E 5 1
E 1 9
E 2 3
E 9 2
E 3 10
E 4 6
E 14 4
E 5 6
E 7 8
E 16 7
E 18 7
E 8 17
E 10 11
E 11 12
E 12 13
E 12 15
E 13 14
E 15 16
E 16 18
G 243381474.json 21 23
V 112.996800 1524.024000 100.000000 80.000000
V 112.996800 1615.032000 30.000000 30.000000
V 74.001600 1332.000000 100.000000 80.000000
V 54.000000 1216.008000 100.000000 80.000000
V 54.000000 1120.032000 40.000000 40.000000
V 49.999680 1023.984000 100.000000 80.000000
V 123.998400 928.008000 40.000000 40.000000
V 109.000800 679.996800 100.000000 80.000000
V 88.999200 563.997600 100.000000 80.000000
V 207.000000 563.997600 100.000000 80.000000
V 148.003200 776.016000 40.000000 40.000000
V 148.003200 468.000000 40.000000 40.000000
V 88.999200 103.996800 100.000000 80.000000
V 88.999200 295.999200 100.000000 80.000000
V 88.999200 13.999680 28.000000 28.000000
V 172.000800 1216.008000 100.000000 80.000000
V 148.003200 851.976000 40.000000 40.000000
V 112.996800 1427.976000 40.000000 40.000000
V 207.000000 295.999200 100.000000 80.000000
V 148.003200 391.996800 40.000000 40.000000
V 88.999200 200.001600 40.000000 40.000000
E 1 0
E 0 17
E 2 3
E 17 2
E 3 4
E 4 5
E 4 6
E 5 6
E 6 16
E 7 8
E 10 7
E 8 11
E 10 9
E 9 11
E 16 10
E 11 19
E 12 14
E 20 12
E 19 13
E 13 20
E 15 16
E 17 15
E 19 18
G 247202808.json 21 26
V 145.000800 1017.000000 30.000000 30.000000
V 128.001600 946.008000 40.000000 40.000000
V 49.999680 850.032000 100.000000 80.000000
V 122.997600 522.000000 28.000000 28.000000
V 118.000800 733.968000 40.000000 40.000000
V 227.001600 1017.000000 30.000000 30.000000
V 227.001600 946.008000 40.000000 40.000000
V 208.000800 259.999200 28.000000 28.000000
V 208.000800 329.997600 40.000000 40.000000
V 244.000800 426.002400 100.000000 80.000000
V 244.000800 522.000000 40.000000 40.000000
V 244.000800 850.032000 40.000000 40.000000
V 244.000800 733.968000 100.000000 80.000000
V 244.000800 617.997600 100.000000 80.000000
V 362.001600 733.968000 100.000000 80.000000
V 227.001600 1199.016000 30.000000 30.000000
V 227.001600 1108.008000 100.000000 80.000000
V 208.000800 194.997600 30.000000 30.000000
V 208.000800 103.996800 100.000000 80.000000
V 208.000800 13.999680 28.000000 28.000000
V 400.003200 617.997600 100.000000 80.000000
E 0 1
E 16 0
E 1 2
E 1 4
E 2 4
E 4 3
E 3 17
E 5 6
E 16 5
E 6 8
E 6 11
E 8 7
E 7 17
E 9 8
E 10 9
E 13 10
E 14 10
E 11 12
E 11 14
E 12 13
E 14 20
E 15 16
E 16 20
E 17 18
E 20 17
E 18 19
G 249481809.json 21 26
V 167.997600 1540.008000 100.000000 80.000000
V 343.000800 848.016000 100.000000 80.000000
V 343.000800 751.968000 40.000000 40.000000
V 337.003200 655.999200 100.000000 80.000000
V 207.000000 1854.000000 30.000000 30.000000
V 207.000000 1783.008000 40.000000 40.000000
V 376.999200 156.002400 100.000000 80.000000
V 280.000800 40.000320 100.000000 80.000000
V 167.997600 1671.480000 100.000000 80.000000
V 337.003200 540.000000 100.000000 80.000000
V 337.003200 444.002400 40.000000 40.000000
V 207.000000 1347.984000 100.000000 80.000000
V 230.997600 1252.008000 40.000000 40.000000
V 324.000000 1156.032000 100.000000 80.000000
V 343.000800 1059.984000 40.000000 40.000000
V 343.000800 964.008000 149.609999 80.000000
V 207.000000 1444.032000 40.000000 40.000000
V 49.999680 1671.480000 100.000000 111.492201
V 294.998400 156.002400 28.000000 28.000000
V 299.001600 347.997600 100.000000 80.000000
V 299.001600 252.000000 40.000000 40.000000
E 8 0
E 0 16
U 17 0
E 1 2
E 15 1
E 2 3
E 2 6
E 3 9
E 4 5
E 5 8
E 5 16
E 6 7
E 10 6
E 12 6
E 14 6
E 20 6
E 7 11
E 9 10
E 10 19
E 11 12
E 16 11
E 12 13
E 13 14
E 14 15
E 20 18
E 19 20
G 250261302.json 28 30
V 56.000160 711.496800 88.000000 97.000000
V 31.999680 940.968000 63.875000 57.946000
V 31.999680 1036.008000 62.001000 60.173000
V 131.997600 940.968000 100.000000 50.000000
V 403.999200 578.498400 88.000000 97.000000
V 406.000800 454.003200 62.001000 60.173000
V 45.000000 578.498400 62.001000 60.173000
V 379.000800 105.998400 62.001000 60.173000
V 221.997600 14.999760 30.000000 30.000000
V 335.001600 14.999760 28.000000 28.000000
V 289.000800 14.999760 28.000000 28.000000
V 310.003200 105.998400 40.000000 40.000000
V 310.003200 221.997600 100.000000 80.000000
V 221.997600 105.998400 100.000000 80.000000
V 133.999200 221.997600 30.000000 30.000000
V 307.000800 454.003200 100.000000 80.000000
V 367.999200 711.496800 30.000000 30.000000
V 307.000800 337.996800 40.000000 40.000000
V 221.997600 221.997600 40.000000 40.000000
V 277.999200 578.498400 51.849000 51.897000
V 144.000000 578.498400 100.000000 80.000000
V 133.999200 337.996800 100.000000 80.000000
V 144.000000 454.003200 40.000000 40.000000
V 131.997600 835.992000 100.000000 80.000000
V 208.000800 711.496800 40.000000 40.000000
V 221.997600 337.996800 40.000000 40.000000
V 144.000000 711.496800 51.849000 51.897000
V 214.999200 940.968000 30.000000 30.000000
E 0 6
E 0 20
E 23 0
U 2 1
U 1 23
U 3 23
E 4 5
E 4 15
E 16 4
E 12 7
E 13 8
E 11 9
E 11 10
E 12 11
E 17 12
E 18 13
E 21 14
E 16 15
E 15 17
U 19 15
E 17 18
E 25 18
E 20 22
E 24 20
U 26 20
E 22 21
E 22 25
E 23 24
E 27 23
E 24 25
G 254092609.json 25 34
V 49.999680 1679.976000 100.000000 80.000000
V 141.998400 1488.024000 100.000000 80.000000
V 49.999680 604.000800 100.000000 80.000000
V 141.998400 1391.976000 40.000000 40.000000
V 259.999200 1296.000000 100.000000 80.000000
V 141.998400 1296.000000 100.000000 80.000000
V 180.000000 1103.976000 100.000000 80.000000
V 180.000000 1008.000000 40.000000 40.000000
V 298.000800 912.024000 100.000000 80.000000
V 180.000000 912.024000 100.000000 80.000000
V 112.003200 815.976000 40.000000 40.000000
V 268.999200 720.000000 100.000000 80.000000
V 74.001600 720.000000 40.000000 40.000000
V 160.999200 1200.024000 40.000000 40.000000
V 108.000000 1584.000000 40.000000 40.000000
V 336.002400 295.999200 28.000000 28.000000
V 268.999200 604.000800 40.000000 40.000000
V 279.000000 815.976000 40.000000 40.000000
V 192.002400 488.001600 100.000000 80.000000
V 261.000000 391.996800 40.000000 40.000000
V 193.996800 295.999200 100.000000 80.000000
V 193.996800 200.001600 40.000000 40.000000
V 154.000800 103.996800 100.000000 80.000000
V 154.000800 13.999680 28.000000 28.000000
V 272.001600 103.996800 100.000000 80.000000
E 2 0
E 0 14
E 1 3
E 14 1
E 12 2
E 3 4
E 3 5
E 4 13
E 5 13
E 6 7
E 13 6
E 7 8
E 7 9
E 8 17
E 9 10
E 10 12
E 10 13
E 11 16
E 17 11
E 14 12
E 14 15
E 16 15
E 17 15
E 19 15
E 16 17
E 16 18
E 19 16
E 18 19
E 19 20
E 24 19
E 20 21
E 21 22
E 21 24
E 22 23
G 260762541.json 20 22
V 284.997600 1320.984000 30.000000 30.000000
V 284.997600 1229.976000 113.000000 80.000000
V 284.997600 1129.032000 40.000000 40.000000
V 265.003200 1028.016000 113.000000 80.000000
V 392.997600 1028.016000 106.000000 80.000000
V 380.001600 912.024000 100.000000 80.000000
V 328.996800 624.002400 40.000000 40.000000
V 167.997600 220.003200 100.000000 80.000000
V 109.000800 103.996800 113.000000 80.000000
V 109.000800 13.999680 28.000000 28.000000
V 285.998400 432.000000 40.000000 40.000000
V 328.996800 720.000000 100.000000 80.000000
V 328.996800 815.976000 40.000000 40.000000
V 407.001600 527.997600 100.000000 50.000000
V 285.998400 220.003200 100.000000 50.000000
V 285.998400 336.002400 100.000000 80.000000
V 167.997600 336.002400 100.000000 50.000000
V 382.996800 1129.032000 100.000000 50.000000
V 49.999680 220.003200 100.000000 50.000000
V 244.000800 527.997600 113.000000 80.000000
E 0 1
E 1 2
E 2 3
E 2 4
E 3 12
U 17 3
E 4 5
U 17 4
E 5 12
E 6 10
E 11 6
U 6 13
E 6 19
E 7 8
E 15 7
U 16 7
E 8 9
U 18 8
E 10 15
E 19 10
E 12 11
U 15 14
G 263465032.json 39 42
V 429.501600 1964.016000 30.000000 30.000000
V 325.497600 1805.472000 100.000000 83.000000
V 382.500000 1679.472000 88.000000 97.000000
V 141.501600 1679.472000 30.000000 30.000000
V 238.500000 128.498400 30.000000 30.000000
V 197.503200 24.999840 28.000000 28.000000
V 279.496800 24.999840 100.000000 50.000000
V 268.502400 1679.472000 104.000000 52.000000
V 429.501600 1897.992000 30.000000 30.000000
V 297.496800 1555.992000 104.000000 58.000000
V 56.499840 1555.992000 113.000000 53.000000
V 382.500000 1555.992000 30.000000 30.000000
V 327.499200 1232.496000 110.000000 68.000000
V 498.499200 352.000800 30.000000 30.000000
V 475.502400 961.992000 110.000000 74.000000
V 498.499200 248.997600 111.000000 84.000000
V 605.498400 128.498400 28.000000 28.000000
V 341.503200 128.498400 140.000000 80.000000
V 403.502400 1441.008000 100.000000 80.000000
V 403.502400 1339.992000 40.000000 40.000000
V 591.501600 1232.496000 30.000000 30.000000
V 491.500800 1339.992000 100.000000 50.000000
V 475.502400 1092.528000 40.000000 40.000000
V 267.501600 760.032000 112.000000 61.000000
V 226.497600 1092.528000 114.000000 115.000000
V 536.500800 862.488000 30.000000 30.000000
V 553.500000 760.032000 100.000000 80.000000
V 636.501600 437.997600 30.000000 30.000000
V 690.501600 352.000800 28.000000 28.000000
V 553.500000 538.999200 100.000000 80.000000
V 649.497600 649.497600 126.000000 69.000000
V 553.500000 437.997600 100.000000 50.000000
V 608.500800 352.000800 100.000000 50.000000
V 553.500000 649.497600 30.000000 30.000000
V 489.499200 1555.992000 147.000000 78.000000
V 501.501600 128.498400 144.000000 85.000000
V 392.500800 862.488000 110.000000 53.000000
V 369.496800 1092.528000 136.000000 76.000000
V 479.498400 1232.496000 157.000000 93.000000
E 0 8
E 1 2
E 1 3
U 1 7
E 8 1
U 2 9
E 2 11
U 2 34
E 3 4
U 3 10
E 4 5
U 4 6
E 15 4
E 23 4
E 20 8
E 11 18
E 19 12
E 12 22
U 12 24
U 12 37
E 14 13
E 13 15
E 27 13
E 22 14
E 14 25
U 14 36
E 15 16
U 15 17
U 15 35
E 18 19
U 18 21
E 19 20
U 19 38
E 22 23
E 25 26
U 26 30
E 26 33
E 27 28
E 29 27
U 27 32
U 29 31
E 33 29
G 270418889.json 34 36
V 315.000000 1777.968000 100.000000 80.000000
V 315.000000 1894.032000 100.000000 80.000000
V 315.000000 1984.968000 30.000000 30.000000
V 268.999200 1354.032000 120.000000 80.000000
V 180.000000 1071.000000 132.000000 138.000000
V 281.001600 1227.024000 40.000000 40.000000
V 159.998400 1227.024000 165.597302 102.500000
V 222.998400 453.002400 149.000000 80.000000
V 315.000000 1450.008000 40.000000 40.000000
V 315.000000 1661.976000 100.000000 80.000000
V 199.000800 103.996800 120.000000 80.000000
V 289.000800 1071.000000 30.000000 30.000000
V 362.001600 1354.032000 30.000000 30.000000
V 315.000000 1545.984000 100.000000 80.000000
V 217.000800 556.502400 30.000000 30.000000
V 180.000000 946.008000 30.000000 30.000000
V 298.000800 850.032000 100.000000 80.000000
V 298.000800 946.008000 40.000000 40.000000
V 298.000800 743.976000 28.000000 28.000000
V 199.000800 13.999680 28.000000 28.000000
V 222.998400 349.502400 30.000000 30.000000
V 199.000800 194.997600 30.000000 30.000000
V 246.002400 194.997600 28.000000 28.000000
V 222.998400 265.996800 40.000000 40.000000
V 49.999680 349.502400 100.000000 55.000000
V 49.999680 265.996800 28.000000 28.000000
V 132.998400 556.502400 94.000000 55.000000
V 111.002400 453.002400 40.000000 40.000000
V 131.997600 349.502400 28.000000 28.000000
V 168.998400 850.032000 30.000000 30.000000
V 141.998400 743.976000 94.000000 55.000000
V 49.999680 649.000800 63.875000 57.946000
V 46.000080 743.976000 62.001000 60.173000
V 141.998400 649.000800 30.000000 30.000000
E 1 0
E 0 9
E 2 1
E 3 5
E 8 3
E 5 4
E 6 4
E 4 15
E 5 11
E 14 7
E 7 20
E 8 12
E 13 8
E 9 13
E 10 19
E 21 10
E 11 17
E 12 17
E 15 14
E 33 14
E 15 29
E 17 16
E 16 18
E 20 23
E 23 21
E 23 22
E 24 25
E 27 24
U 31 24
E 26 27
E 33 26
E 27 28
E 29 30
U 30 31
E 30 33
U 32 31
G 275796140.json 15 18
V 184.500000 650.001600 28.000000 28.000000
V 184.500000 580.003200 40.000000 40.000000
V 117.496800 499.003200 40.000000 40.000000
V 34.500240 412.999200 69.000000 50.000000
V 121.500000 327.002400 40.000000 40.000000
V 121.500000 412.999200 69.000000 50.000000
V 160.502400 84.002400 40.000000 40.000000
V 207.496800 165.002400 69.000000 50.000000
V 215.503200 246.002400 40.000000 40.000000
V 184.500000 499.003200 57.000000 50.000000
V 247.500000 327.002400 69.000000 50.000000
V 259.502400 412.999200 40.000000 40.000000
V 259.502400 499.003200 57.000000 45.000000
V 334.497600 327.002400 69.000000 50.000000
V 160.502400 13.999680 28.000000 28.000000
E 0 1
E 1 2
E 1 9
E 1 12
E 2 3
E 2 5
E 3 4
E 5 4
E 4 6
E 7 6
E 6 14
E 8 7
E 9 8
E 10 8
E 13 8
E 11 10
E 12 11
E 11 13
G 280579461.json 16 18
V 131.997600 1310.976000 30.000000 30.000000
V 131.997600 1219.968000 100.000000 80.000000
V 131.997600 1028.016000 100.000000 80.000000
V 77.997600 796.032000 100.000000 80.000000
V 195.998400 796.032000 100.000000 80.000000
V 85.003200 624.002400 40.000000 40.000000
V 151.999200 411.998400 100.000000 80.000000
V 131.997600 1123.992000 40.000000 40.000000
V 181.000800 295.999200 100.000000 80.000000
V 247.003200 912.024000 100.000000 80.000000
V 220.003200 200.001600 40.000000 40.000000
V 220.003200 103.996800 100.000000 80.000000
V 220.003200 13.999680 28.000000 28.000000
V 131.997600 912.024000 40.000000 40.000000
V 85.003200 699.998400 40.000000 40.000000
V 93.002400 527.997600 100.000000 80.000000
E 0 1
E 1 7
E 7 2
E 2 13
E 13 3
E 3 14
E 13 4
E 4 14
E 5 7
E 14 5
E 5 15
E 6 8
E 15 6
E 7 9
E 8 10
E 9 10
E 10 11
E 11 12
G 28586549.json 24 28
V 166.003200 1775.016000 100.000000 80.000000
V 166.003200 1535.976000 100.000000 80.000000
V 130.003200 1894.464000 30.000000 30.000000
V 202.003200 1894.464000 78.000039 86.508833
V 200.001600 1655.496000 78.000039 86.508833
V 166.003200 1440.000000 40.000000 40.000000
V 124.999200 1344.024000 28.000000 28.000000
V 207.000000 1344.024000 100.000000 80.000000
V 173.001600 1224.504000 78.000039 86.508833
V 49.999680 340.502400 78.000039 75.172601
V 205.999200 1104.984000 100.000000 80.000000
V 201.002400 903.024000 100.000000 80.000000
V 127.000800 797.976000 40.000000 40.000000
V 127.000800 693.000000 100.000000 80.000000
V 162.000000 1003.968000 40.000000 40.000000
V 201.002400 797.976000 63.875000 57.946000
V 94.003200 573.501600 78.000039 86.508833
V 127.000800 454.003200 100.000000 80.000000
V 127.000800 340.502400 40.000000 40.000000
V 49.999680 227.001600 100.000000 80.000000
V 127.000800 107.503200 40.000000 40.000000
V 127.000800 13.999680 28.000000 28.000000
V 49.999680 107.503200 78.000039 86.508833
V 249.998400 1003.968000 100.000000 50.000000
E 0 1
E 2 0
E 3 0
E 0 4
E 4 1
E 1 5
E 5 6
E 5 7
E 7 8
E 7 10
E 8 10
E 9 19
E 10 14
U 10 23
E 11 12
E 14 11
U 11 15
E 12 13
E 14 12
E 13 16
E 13 17
E 16 17
E 17 18
E 18 19
E 18 20
E 19 20
E 19 22
E 20 21
G 295941315.json 17 18
V 126.000000 347.997600 40.000000 40.000000
V 49.999680 231.998400 100.000000 80.000000
V 88.999200 115.999200 40.000000 40.000000
V 140.997600 560.001600 30.000000 30.000000
V 126.000000 463.996800 100.000000 80.000000
V 88.999200 20.000160 40.000000 40.000000
V 166.996800 747.000000 30.000000 30.000000
V 166.996800 655.999200 100.000000 80.000000
V 209.001600 560.001600 40.000000 40.000000
V 209.001600 463.996800 30.000000 30.000000
V 207.000000 231.998400 100.000000 80.000000
V 210.002400 115.999200 28.000000 28.000000
V 273.002400 463.996800 30.000000 30.000000
V 290.001600 347.997600 100.000000 80.000000
V 294.998400 231.998400 40.000000 40.000000
V 294.998400 115.999200 100.000000 80.000000
V 294.998400 20.000160 28.000000 28.000000
E 0 1
E 0 2
E 4 0
E 1 2
E 2 5
E 3 4
E 7 3
E 6 7
E 7 8
E 8 9
E 8 12
E 9 10
E 10 11
E 14 11
E 12 13
E 13 14
E 14 15
E 15 16
G 296774052.json 16 16
V 109.000800 1546.992000 30.000000 30.000000
V 109.000800 1455.984000 100.000000 80.000000
V 109.000800 1339.992000 100.000000 80.000000
V 109.000800 1224.000000 100.000000 80.000000
V 109.000800 1108.008000 100.000000 80.000000
V 49.999680 915.984000 100.000000 80.000000
V 109.000800 799.992000 100.000000 80.000000
V 109.000800 684.000000 100.000000 80.000000
V 109.000800 568.000800 100.000000 80.000000
V 109.000800 452.001600 100.000000 80.000000
V 109.000800 336.002400 100.000000 80.000000
V 109.000800 220.003200 100.000000 80.000000
V 109.000800 103.996800 118.150000 80.000000
V 109.000800 13.999680 28.000000 28.000000
V 167.997600 915.984000 100.000000 80.000000
V 109.000800 1012.032000 40.000000 40.000000
E 0 1
E 1 2
E 2 3
E 3 4
E 4 15
E 5 6
E 15 5
E 6 7
E 14 6
E 7 8
E 8 9
E 9 10
E 10 11
E 11 12
E 12 13
E 15 14
G 329073750.json 31 33
V 115.999200 1702.512000 149.944863 145.299845
V 168.998400 1180.008000 30.000000 30.000000
V 166.003200 948.024000 100.000000 80.000000
V 209.001600 401.997600 100.000000 60.000000
V 211.996800 180.000000 100.000000 80.000000
V 168.998400 13.999680 28.000000 28.000000
V 51.999840 1064.016000 100.000000 80.000000
V 58.000320 1296.000000 30.000000 30.000000
V 121.996800 295.999200 114.000000 80.000000
V 168.998400 84.002400 40.000000 40.000000
V 311.997600 857.016000 30.000000 30.000000
V 54.000000 1180.008000 100.000000 80.000000
V 169.999200 1064.016000 100.000000 80.000000
V 115.999200 1825.992000 30.000000 30.000000
V 234.000000 482.997600 28.000000 28.000000
V 121.996800 482.997600 30.000000 30.000000
V 181.000800 482.997600 30.000000 30.000000
V 217.000800 295.999200 40.000000 40.000000
V 121.996800 573.998400 40.000000 40.000000
V 115.999200 1579.032000 30.000000 30.000000
V 65.000160 1411.992000 129.815740 80.000000
V 157.996800 857.016000 30.000000 30.000000
V 167.997600 1411.992000 40.000000 40.000000
V 167.997600 1296.000000 129.815740 80.000000
V 115.999200 689.997600 100.000000 80.000000
V 66.000240 948.024000 30.000000 30.000000
V 311.997600 1296.000000 122.177545 80.000000
V 115.999200 1507.968000 40.000000 40.000000
V 132.998400 786.024000 40.000000 40.000000
V 234.000000 573.998400 100.000000 80.000000
V 234.000000 689.997600 100.000000 80.000000
E 13 0
E 0 19
E 1 12
E 23 1
E 12 2
E 2 21
E 16 3
E 3 17
E 4 9
E 17 4
E 9 5
E 11 6
E 6 25
E 7 11
E 20 7
E 8 9
E 15 8
E 10 17
E 26 10
E 29 14
E 18 15
E 18 16
E 24 18
E 19 27
E 27 20
E 21 28
E 22 23
E 22 26
E 27 22
E 28 24
E 25 28
E 28 30
E 30 29
G 333336872.json 21 21
V 119.001600 1191.024000 30.000000 30.000000
V 150.998400 1085.976000 93.437500 80.000000
V 106.999200 969.984000 40.000000 40.000000
V 49.999680 853.992000 100.000000 80.000000
V 49.999680 738.000000 28.000000 28.000000
V 186.998400 545.997600 100.000000 80.000000
V 186.998400 441.000000 40.000000 40.000000
V 163.000800 336.002400 100.000000 80.000000
V 163.000800 220.003200 28.000000 28.000000
V 184.003200 1191.024000 63.875000 57.946000
V 181.000800 103.996800 100.000000 80.000000
V 181.000800 13.999680 28.000000 28.000000
V 281.001600 336.002400 100.000000 80.000000
V 281.001600 441.000000 63.875000 57.946000
V 165.002400 853.992000 93.437500 67.000000
V 148.003200 738.000000 100.000000 80.000000
V 186.998400 642.002400 40.000000 40.000000
V 281.001600 220.003200 100.000000 80.000000
V 281.001600 103.996800 63.875000 57.946000
V 194.997600 969.984000 100.000000 80.000000
V 381.002400 103.996800 100.000000 80.000000
E 0 1
E 1 2
U 9 1
E 1 19
E 2 3
E 2 14
E 3 4
E 5 6
E 16 5
E 6 7
E 6 12
E 7 8
E 10 11
E 17 10
U 13 12
E 12 17
E 14 15
E 16 14
E 15 16
U 17 18
E 17 20
G 334184275.json 26 28
V 72.000000 1168.488000 69.000000 55.000000
V 72.000000 1084.968000 40.000000 40.000000
V 117.000000 1001.520000 69.000000 55.000000
V 20.000160 443.001600 28.000000 28.000000
V 36.000000 910.512000 69.000000 55.000000
V 130.996800 910.512000 40.000000 40.000000
V 130.996800 822.024000 83.000000 50.000000
V 225.000000 822.024000 69.000000 40.000000
V 181.000800 731.016000 40.000000 40.000000
V 20.000160 528.998400 40.000000 40.000000
V 182.001600 625.003200 100.000000 80.000000
V 72.000000 1246.968000 30.000000 30.000000
V 78.998400 625.003200 69.000000 55.000000
V 87.998400 443.001600 69.000000 59.500000
V 181.000800 443.001600 69.000000 40.500000
V 79.999200 528.998400 40.000000 40.000000
V 83.001600 731.016000 83.000000 55.000000
V 181.000800 356.997600 40.000000 40.000000
V 184.003200 271.000800 89.500000 60.000000
V 184.003200 177.501600 28.000000 28.000000
V 56.000160 822.024000 30.000000 30.000000
V 261.000000 731.016000 83.000000 60.000000
V 261.000000 177.501600 85.000000 55.000000
V 261.000000 88.999200 69.000000 50.000000
V 261.000000 13.999680 28.000000 28.000000
V 292.996800 822.024000 30.000000 30.000000
E 0 1
E 11 0
E 1 2
E 1 4
E 2 5
E 9 3
E 4 9
E 5 6
E 5 7
E 6 8
E 6 16
E 7 8
E 7 21
E 8 10
E 10 9
E 12 15
E 16 12
E 15 13
E 13 17
E 14 17
E 20 16
E 17 18
E 18 19
E 18 22
E 21 22
E 25 21
E 22 23
E 23 24
G 338187203.json 28 33
V 150.998400 995.976000 28.000000 28.000000
V 150.998400 900.000000 100.000000 80.000000
V 150.998400 804.024000 40.000000 40.000000
V 112.003200 707.997600 100.000000 80.000000
V 49.999680 295.999200 100.000000 80.000000
V 112.003200 200.001600 40.000000 40.000000
V 112.003200 103.996800 100.000000 80.000000
V 112.003200 13.999680 28.000000 28.000000
V 505.000800 995.976000 28.000000 28.000000
V 505.000800 900.000000 100.000000 80.000000
V 505.000800 804.024000 28.000000 28.000000
V 112.003200 617.997600 28.000000 28.000000
V 112.003200 527.997600 100.000000 80.000000
V 112.003200 411.998400 100.000000 80.000000
V 131.997600 295.999200 28.000000 28.000000
V 328.003200 1642.032000 28.000000 28.000000
V 328.003200 1571.976000 40.000000 40.000000
V 328.003200 1380.024000 40.000000 40.000000
V 268.999200 1476.000000 100.000000 80.000000
V 387.000000 1476.000000 100.000000 80.000000
V 328.003200 1283.976000 100.000000 80.000000
V 328.003200 1188.000000 40.000000 40.000000
V 328.003200 995.976000 40.000000 40.000000
V 268.999200 1092.024000 100.000000 80.000000
V 505.000800 1092.024000 100.000000 80.000000
V 387.000000 1092.024000 100.000000 80.000000
V 150.998400 1092.024000 100.000000 80.000000
V 328.003200 900.000000 28.000000 28.000000
E 0 1
E 26 0
E 1 2
E 2 3
E 5 2
E 3 4
E 3 11
E 4 5
E 13 4
E 5 6
E 6 7
E 8 9
E 24 8
E 9 10
E 11 12
E 12 13
E 13 14
E 15 16
E 16 18
E 16 19
E 18 17
E 19 17
E 17 20
E 20 21
E 21 23
E 21 24
E 21 25
E 21 26
E 23 22
E 24 22
E 25 22
E 26 22
E 22 27
G 34624651.json 15 14
V 167.997600 734.976000 30.000000 30.000000
V 167.997600 643.996800 100.000000 80.000000
V 49.999680 452.001600 100.000000 80.000000
V 49.999680 336.002400 100.000000 80.000000
V 49.999680 220.003200 28.000000 28.000000
V 167.997600 547.999200 40.000000 40.000000
V 167.997600 452.001600 100.000000 80.000000
V 285.998400 452.001600 100.000000 80.000000
V 285.998400 336.002400 100.000000 80.000000
V 285.998400 220.003200 100.000000 80.000000
V 285.998400 103.996800 28.000000 28.000000
V 167.997600 336.002400 100.000000 80.000000
V 167.997600 220.003200 100.000000 80.000000
V 167.997600 103.996800 100.000000 80.000000
V 167.997600 13.999680 28.000000 28.000000
E 0 1
E 1 5
E 2 3
E 5 2
E 3 4
E 5 6
E 5 7
E 6 11
E 7 8
E 8 9
E 9 10
E 11 12
E 12 13
E 13 14
G 354634502.json 21 23
V 256.003200 1119.024000 30.000000 30.000000
V 246.002400 1028.016000 100.000000 80.000000
V 167.997600 912.024000 40.000000 40.000000
V 49.999680 796.032000 100.000000 80.000000
V 167.997600 796.032000 100.000000 80.000000
V 167.997600 699.998400 40.000000 40.000000
V 167.997600 604.000800 100.000000 80.000000
V 246.002400 508.003200 40.000000 40.000000
V 246.002400 411.998400 100.000000 80.000000
V 310.996800 1119.024000 30.000000 30.000000
V 324.000000 912.024000 100.000000 80.000000
V 284.997600 316.000800 40.000000 40.000000
V 284.997600 220.003200 100.000000 80.000000
V 312.998400 1472.976000 30.000000 30.000000
V 312.998400 1381.968000 100.000000 80.000000
V 312.998400 1285.992000 40.000000 40.000000
V 261.000000 1200.024000 86.000000 60.000000
V 364.996800 1200.024000 86.000000 60.000000
V 364.996800 1119.024000 28.000000 28.000000
V 284.997600 103.996800 100.000000 80.000000
V 284.997600 13.999680 28.000000 28.000000
E 0 1
E 16 0
E 1 2
E 7 1
E 2 3
E 2 4
E 3 5
E 4 5
E 5 6
E 6 7
E 7 8
E 8 11
E 9 10
E 16 9
E 10 11
E 11 12
E 12 19
E 13 14
E 14 15
E 15 16
E 15 17
E 17 18
E 19 20
G 355997559.json 30 38
V 128.001600 1280.016000 30.000000 30.000000
V 128.001600 1183.968000 40.000000 40.000000
V 49.999680 951.984000 100.000000 80.000000
V 128.001600 835.992000 100.000000 80.000000
V 265.003200 1067.976000 100.000000 80.000000
V 265.003200 951.984000 100.000000 80.000000
V 265.003200 835.992000 100.000000 80.000000
V 283.996800 643.996800 100.000000 80.000000
V 283.996800 527.997600 100.000000 80.000000
V 283.996800 411.998400 100.000000 80.000000
V 244.000800 295.999200 100.000000 80.000000
V 117.000000 180.000000 40.000000 40.000000
V 117.000000 84.002400 30.000000 30.000000
V 265.003200 740.016000 40.000000 40.000000
V 166.003200 643.996800 100.000000 80.000000
V 517.996800 1891.008000 30.000000 30.000000
V 517.996800 1820.016000 40.000000 40.000000
V 517.996800 1607.976000 100.000000 80.000000
V 596.001600 1491.984000 100.000000 80.000000
V 419.997600 1723.968000 100.000000 80.000000
V 400.003200 1607.976000 100.000000 80.000000
V 400.003200 1491.984000 100.000000 80.000000
V 400.003200 1375.992000 100.000000 80.000000
V 362.001600 1183.968000 100.000000 80.000000
V 362.001600 295.999200 100.000000 80.000000
V 498.002400 13.999680 28.000000 28.000000
V 362.001600 180.000000 100.000000 80.000000
V 498.002400 84.002400 40.000000 40.000000
V 400.003200 1280.016000 40.000000 40.000000
V 439.999200 527.997600 100.000000 80.000000
E 0 1
E 1 2
E 1 3
E 1 4
E 2 11
E 3 11
E 4 5
E 23 4
E 5 6
E 6 13
E 7 8
E 13 7
E 8 9
E 9 10
E 9 24
E 10 11
E 10 26
E 11 12
E 14 11
E 13 14
E 14 29
E 15 16
E 16 17
E 16 18
E 16 19
E 17 27
E 18 27
E 19 20
E 20 21
E 21 22
E 22 28
E 23 24
E 28 23
E 24 26
E 27 25
E 26 27
E 29 27
E 28 29
G 35629460.json 26 30
V 375.998400 1669.032000 30.000000 30.000000
V 375.998400 1584.504000 77.000000 67.000000
V 298.000800 1418.976000 40.000000 40.000000
V 298.000800 1495.008000 100.000000 40.000000
V 298.000800 1323.000000 100.000000 67.000000
V 298.000800 1213.488000 100.000000 67.000000
V 298.000800 1103.976000 100.000000 67.000000
V 298.000800 1008.000000 40.000000 40.000000
V 248.997600 912.024000 77.000000 47.000000
V 248.997600 815.976000 40.000000 40.000000
V 205.999200 720.000000 112.000000 67.000000
V 343.000800 720.000000 125.000000 80.000000
V 227.001600 624.002400 40.000000 40.000000
V 227.001600 527.997600 100.000000 80.000000
V 238.003200 432.000000 40.000000 40.000000
V 238.003200 336.002400 149.000000 80.000000
V 238.003200 220.003200 100.000000 80.000000
V 238.003200 103.996800 100.000000 80.000000
V 238.003200 13.999680 28.000000 28.000000
V 180.000000 1323.000000 100.000000 80.000000
V 180.000000 1213.488000 40.000000 40.000000
V 180.000000 1103.976000 100.000000 80.000000
V 56.000160 1103.976000 112.000000 80.000000
V 121.996800 1008.000000 40.000000 40.000000
V 423.000000 336.002400 100.000000 80.000000
V 355.996800 912.024000 100.000000 80.000000
E 0 1
E 1 3
E 24 1
E 25 1
E 3 2
E 2 4
E 2 19
E 4 5
E 5 6
E 6 7
E 7 8
E 7 25
E 8 9
E 9 10
E 9 11
E 10 12
E 11 12
E 12 13
E 13 14
E 23 13
E 14 15
E 14 24
E 15 16
E 16 17
E 17 18
E 19 20
E 20 21
E 20 22
E 21 23
E 22 23
G 360764905.json 22 21
V 167.997600 1317.024000 30.000000 30.000000
V 167.997600 1159.992000 100.000000 80.000000
V 167.997600 1044.000000 100.000000 80.000000
V 49.999680 851.976000 100.000000 80.000000
V 167.997600 1251.000000 30.000000 30.000000
V 167.997600 948.024000 40.000000 40.000000
V 167.997600 851.976000 100.000000 80.000000
V 285.998400 851.976000 100.000000 80.000000
V 268.999200 660.002400 30.000000 30.000000
V 285.998400 756.000000 40.000000 40.000000
V 352.000800 660.002400 100.000000 80.000000
V 167.997600 756.000000 30.000000 30.000000
V 167.997600 660.002400 100.000000 80.000000
V 268.999200 569.001600 30.000000 30.000000
V 352.000800 569.001600 30.000000 30.000000
V 352.000800 478.000800 100.000000 80.000000
V 352.000800 362.001600 100.000000 80.000000
V 352.000800 265.996800 40.000000 40.000000
V 328.003200 194.997600 30.000000 30.000000
V 375.998400 194.997600 30.000000 30.000000
V 328.003200 103.996800 100.000000 80.000000
V 328.003200 13.999680 28.000000 28.000000
E 0 4
E 1 2
E 4 1
E 2 5
E 5 3
E 5 6
E 5 7
E 6 11
E 7 9
E 9 8
E 8 13
E 9 10
E 10 14
E 11 12
E 14 15
E 15 16
E 16 17
E 17 18
E 17 19
E 18 20
E 20 21
G 361777308.json 16 20
V 311.500800 587.001600 100.000000 50.000000
V 207.496800 506.001600 40.000000 40.000000
V 29.499840 338.997600 59.000000 41.000000
V 207.496800 425.001600 60.000000 41.000000
V 97.502400 89.503200 100.000000 51.000000
V 207.496800 338.997600 100.000000 50.000000
V 311.500800 662.997600 30.000000 30.000000
V 121.500000 425.001600 59.000000 41.000000
V 97.502400 175.996800 100.000000 50.000000
V 207.496800 257.500800 40.000000 40.000000
V 238.500000 175.996800 145.000000 41.000000
V 238.500000 13.999680 28.000000 28.000000
V 322.502400 425.001600 100.000000 50.000000
V 327.499200 89.503200 100.000000 51.000000
V 446.500800 257.500800 157.000000 41.000000
V 339.501600 338.997600 40.000000 40.000000
E 0 1
E 6 0
E 14 0
E 1 2
E 1 3
E 1 7
E 1 12
E 2 4
E 3 5
E 8 4
E 4 11
E 5 9
E 7 8
E 9 8
E 9 10
E 10 11
E 13 11
E 12 15
E 15 13
E 15 14
G 368338767.json 18 21
V 327.002400 1023.984000 40.000000 40.000000
V 49.999680 928.008000 100.000000 80.000000
V 167.997600 928.008000 100.000000 80.000000
V 285.998400 928.008000 100.000000 80.000000
V 167.997600 812.016000 100.000000 80.000000
V 273.002400 696.002400 100.000000 80.000000
V 273.002400 580.003200 100.000000 80.000000
V 285.998400 812.016000 100.000000 80.000000
V 273.002400 463.996800 100.000000 80.000000
V 499.003200 156.002400 30.000000 30.000000
V 378.000000 40.000320 100.000000 80.000000
V 273.002400 367.999200 40.000000 40.000000
V 259.999200 272.001600 100.000000 80.000000
V 378.000000 272.001600 100.000000 80.000000
V 378.000000 156.002400 100.000000 80.000000
V 105.998400 696.002400 100.000000 80.000000
V 367.999200 928.008000 28.000000 28.000000
V 414.000000 928.008000 28.000000 28.000000
E 0 1
E 0 2
E 0 3
E 10 0
E 0 16
E 0 17
E 1 15
E 2 4
E 3 7
E 4 5
E 5 6
E 7 5
E 6 8
E 8 11
E 9 10
E 12 10
E 14 10
E 15 10
E 11 12
E 11 13
E 13 14
G 36998838.json 28 33
V 317.001600 2272.032000 100.000000 80.000000
V 172.000800 156.002400 100.000000 80.000000
V 137.001600 40.000320 100.000000 80.000000
V 277.999200 2039.976000 100.000000 80.000000
V 77.997600 1388.016000 100.000000 80.000000
V 77.997600 1272.024000 100.000000 80.000000
V 172.000800 964.008000 100.000000 80.000000
V 175.996800 1867.968000 40.000000 40.000000
V 274.003200 1944.000000 40.000000 40.000000
V 274.003200 463.996800 100.000000 80.000000
V 239.997600 272.001600 100.000000 80.000000
V 317.001600 2155.968000 100.000000 80.000000
V 274.003200 367.999200 40.000000 40.000000
V 135.000000 463.996800 28.000000 28.000000
V 175.996800 1771.992000 100.000000 80.000000
V 127.000800 1656.000000 100.000000 80.000000
V 166.003200 1560.024000 40.000000 40.000000
V 195.998400 1388.016000 100.000000 80.000000
V 166.003200 1483.992000 40.000000 40.000000
V 317.001600 560.001600 30.000000 30.000000
V 172.000800 1175.976000 40.000000 40.000000
V 172.000800 1080.000000 100.000000 80.000000
V 172.000800 848.016000 100.000000 80.000000
V 148.003200 751.968000 40.000000 40.000000
V 135.000000 560.001600 40.000000 40.000000
V 195.998400 1272.024000 100.000000 80.000000
V 77.997600 655.999200 100.000000 80.000000
V 195.998400 655.999200 100.000000 80.000000
E 0 11
E 1 2
E 10 1
E 2 7
E 3 8
E 11 3
E 4 5
E 18 4
E 5 20
E 21 6
E 6 22
E 8 7
E 7 14
E 8 9
E 9 12
E 19 9
E 24 9
E 12 10
E 12 11
E 24 13
E 14 15
E 16 14
E 15 16
E 16 18
E 18 17
E 17 25
E 20 21
E 25 20
E 22 23
E 27 22
E 23 26
E 23 27
E 26 24
G 375287558.json 37 38
V 346.996800 2001.024000 125.768160 80.000000
V 346.996800 2125.512000 62.001000 60.173000
V 321.998400 1374.984000 62.001000 60.173000
V 321.998400 1163.016000 62.001000 60.173000
V 321.998400 1057.536000 125.768160 78.827000
V 321.998400 961.992000 40.000000 40.000000
V 315.000000 163.000800 62.001000 60.173000
V 315.000000 268.999200 100.000000 80.000000
V 280.000800 48.499920 28.000000 28.000000
V 345.002400 1894.968000 40.000000 40.000000
V 321.998400 1577.016000 40.000000 40.000000
V 343.000800 1788.984000 100.000000 50.000000
V 248.997600 741.528000 88.000000 97.000000
V 275.997600 500.997600 100.000000 80.000000
V 315.000000 384.998400 100.000000 80.000000
V 349.999200 48.499920 75.001000 97.000000
V 388.000800 616.996800 100.000000 80.000000
V 346.996800 2251.008000 100.000000 80.000000
V 321.998400 1480.968000 100.000000 80.000000
V 263.001600 866.016000 100.000000 80.000000
V 383.997600 866.016000 100.000000 80.000000
V 221.997600 1894.968000 62.001000 60.173000
V 225.000000 1788.984000 100.000000 80.000000
V 244.000800 1672.992000 176.768160 80.000000
V 76.003200 2576.016000 30.000000 30.000000
V 76.003200 2368.512000 129.300187 81.000000
V 31.999680 2251.008000 63.875000 57.946000
V 123.998400 2125.512000 62.001000 60.173000
V 220.003200 2125.512000 88.000000 97.000000
V 120.002400 2251.008000 75.001000 82.000000
V 216.000000 2001.024000 100.000000 80.000000
V 76.003200 2485.008000 100.000000 80.000000
V 226.000800 2251.008000 100.000000 80.000000
V 321.998400 1269.000000 100.000000 80.000000
V 241.999200 616.996800 155.592240 80.000000
V 410.997600 1672.992000 100.000000 80.000000
V 346.996800 2368.512000 100.000000 80.000000
U 1 0
E 0 9
U 17 1
U 18 2
U 2 33
U 3 4
U 33 3
E 4 5
E 5 19
E 5 20
U 7 6
U 6 8
U 6 15
E 14 7
U 9 11
E 9 22
E 9 35
E 10 18
E 23 10
E 35 10
E 19 12
E 12 34
E 13 14
E 34 13
E 16 14
E 20 16
E 36 17
U 21 22
U 30 21
E 22 23
E 24 31
U 25 26
E 25 29
E 31 25
U 29 27
U 27 30
E 28 30
E 32 28
G 386296993.json 21 25
V 149.997600 1291.032000 30.000000 30.000000
V 149.997600 1200.024000 100.000000 80.000000
V 149.997600 1084.032000 100.000000 80.000000
V 196.999200 468.000000 100.000000 80.000000
V 212.997600 103.996800 100.000000 80.000000
V 212.997600 194.997600 30.000000 30.000000
V 212.997600 13.999680 28.000000 28.000000
V 87.998400 912.024000 30.000000 30.000000
V 199.000800 583.999200 30.000000 30.000000
V 78.998400 815.976000 100.000000 80.000000
V 105.998400 987.984000 40.000000 40.000000
V 38.000160 468.000000 30.000000 30.000000
V 194.997600 987.984000 30.000000 30.000000
V 113.997600 699.998400 30.000000 30.000000
V 115.999200 583.999200 100.000000 80.000000
V 204.998400 912.024000 40.000000 40.000000
V 273.002400 815.976000 100.000000 80.000000
V 273.002400 699.998400 100.000000 80.000000
V 236.001600 285.998400 100.000000 80.000000
V 236.001600 376.999200 30.000000 30.000000
V 259.999200 194.997600 28.000000 28.000000
E 0 1
E 1 2
E 2 10
E 2 12
E 8 3
E 3 19
E 5 4
E 4 6
E 18 5
E 7 9
E 10 7
E 10 8
E 17 8
E 9 11
E 9 13
E 11 10
E 14 11
E 12 15
E 13 14
E 15 13
E 15 16
E 16 17
E 17 19
E 19 18
E 18 20
G 389616855.json 27 32
V 119.001600 1939.032000 30.000000 30.000000
V 119.001600 1848.024000 100.000000 80.000000
V 119.001600 1751.976000 40.000000 40.000000
V 139.996800 1579.968000 100.000000 80.000000
V 51.999840 1579.968000 40.000000 40.000000
V 51.999840 1463.976000 100.000000 80.000000
V 51.999840 1347.984000 28.000000 28.000000
V 178.999200 1463.976000 40.000000 40.000000
V 178.999200 1347.984000 100.000000 80.000000
V 178.999200 1252.008000 40.000000 40.000000
V 120.002400 1156.032000 100.000000 80.000000
V 238.003200 1156.032000 100.000000 80.000000
V 178.999200 1059.984000 40.000000 40.000000
V 178.999200 964.008000 100.000000 80.000000
V 101.001600 252.000000 40.000000 40.000000
V 49.999680 156.002400 100.000000 80.000000
V 178.999200 848.016000 100.000000 80.000000
V 101.001600 463.996800 100.000000 80.000000
V 155.001600 751.968000 40.000000 40.000000
V 82.000800 655.999200 100.000000 80.000000
V 101.001600 560.001600 40.000000 40.000000
V 49.999680 40.000320 28.000000 28.000000
V 101.001600 347.997600 100.000000 80.000000
V 138.002400 156.002400 40.000000 40.000000
V 202.996800 40.000320 100.000000 80.000000
V 121.003200 40.000320 28.000000 28.000000
V 138.002400 1676.016000 40.000000 40.000000
E 0 1
E 1 2
E 4 1
E 7 1
E 2 4
E 2 26
E 3 7
E 26 3
E 4 5
E 26 4
E 5 6
E 7 8
E 8 9
E 9 10
E 9 11
E 10 12
E 11 12
E 12 13
E 13 16
E 14 15
E 22 14
E 14 23
E 15 21
E 16 18
E 24 16
E 20 17
E 17 22
E 18 19
E 18 20
E 19 20
E 23 24
E 23 25
G 400258533.json 17 17
V 217.000800 819.000000 30.000000 30.000000
V 217.000800 717.998400 150.000000 100.000000
V 243.000000 612.000000 40.000000 40.000000
V 410.997600 486.000000 150.000000 140.000000
V 75.002400 486.000000 150.000000 140.000000
V 410.997600 310.003200 150.000000 140.000000
V 327.002400 133.999200 150.000000 140.000000
V 191.001600 612.000000 28.375000 20.500000
V 51.999840 310.003200 28.375000 20.500000
V 434.001600 133.999200 28.375000 20.500000
V 327.002400 13.999680 28.375000 20.500000
V 243.000000 486.000000 150.000000 140.000000
V 136.000800 310.003200 28.375000 20.500000
V 243.000000 310.003200 150.000000 140.000000
V 219.002400 133.999200 30.000000 30.000000
V 410.997600 612.000000 30.000000 30.000000
V 199.000800 13.999680 28.000000 28.000000
E 0 1
E 1 2
U 1 7
E 2 3
E 2 4
E 2 11
E 3 5
E 15 3
U 4 8
E 4 16
E 5 6
U 5 9
U 6 10
E 6 16
U 11 12
E 11 13
E 13 14
G 410143838.json 26 27
V 246.002400 1020.024000 30.000000 30.000000
V 246.002400 929.016000 100.000000 80.000000
V 311.997600 207.000000 30.000000 30.000000
V 388.000800 438.998400 40.000000 40.000000
V 420.998400 322.999200 30.000000 30.000000
V 311.997600 97.502400 60.000000 67.000000
V 311.997600 13.999680 28.000000 28.000000
V 335.001600 322.999200 30.000000 30.000000
V 128.001600 554.997600 100.000000 80.000000
V 128.001600 438.998400 40.000000 40.000000
V 246.002400 838.008000 30.000000 30.000000
V 246.002400 747.000000 120.000000 80.000000
V 246.002400 651.002400 40.000000 40.000000
V 246.002400 554.997600 100.000000 80.000000
V 335.001600 438.998400 30.000000 30.000000
V 288.000000 438.998400 28.000000 28.000000
V 49.999680 322.999200 100.000000 80.000000
V 364.003200 554.997600 100.000000 67.000000
V 49.999680 207.000000 100.000000 80.000000
V 19.000080 97.502400 28.000000 28.000000
V 82.000800 97.502400 62.001000 60.173000
V 475.999200 651.002400 30.000000 30.000000
V 475.999200 554.997600 30.000000 30.000000
V 475.999200 438.998400 100.000000 80.000000
V 167.997600 322.999200 100.000000 80.000000
V 472.003200 322.999200 30.000000 30.000000
E 0 1
E 1 10
E 3 2
E 2 5
E 13 2
E 16 2
E 25 2
E 3 4
E 3 7
E 5 6
E 14 7
E 8 9
E 12 8
E 9 16
E 9 24
E 10 11
E 11 12
E 12 13
E 12 17
E 13 15
E 17 14
E 16 18
E 18 19
E 18 20
E 21 22
E 22 23
E 23 25
G 411509680.json 23 24
V 265.003200 1917.000000 30.000000 30.000000
V 265.003200 1825.992000 100.000000 80.000000
V 265.003200 1730.016000 40.000000 40.000000
V 223.999200 1633.968000 100.000000 80.000000
V 223.999200 1422.000000 40.000000 40.000000
V 223.999200 1517.976000 100.000000 80.000000
V 306.000000 1633.968000 28.000000 28.000000
V 145.000800 825.984000 100.000000 80.000000
V 145.000800 336.002400 100.000000 80.000000
V 145.000800 220.003200 100.000000 80.000000
V 145.000800 103.996800 100.000000 80.000000
V 145.000800 941.976000 100.000000 80.000000
V 145.000800 13.999680 28.000000 28.000000
V 263.001600 1134.000000 100.000000 80.000000
V 184.996800 1326.024000 100.000000 80.000000
V 184.996800 1229.976000 40.000000 40.000000
V 145.000800 1134.000000 100.000000 80.000000
V 145.000800 1038.024000 40.000000 40.000000
V 67.999680 452.001600 135.589992 80.000000
V 221.997600 452.001600 135.589992 80.000000
V 145.000800 643.996800 100.000000 80.000000
V 145.000800 734.976000 30.000000 30.000000
V 145.000800 547.999200 40.000000 40.000000
E 0 1
E 1 2
E 2 3
E 2 6
E 3 5
E 5 4
E 13 4
E 4 14
E 11 7
E 7 21
E 8 9
E 18 8
E 19 8
E 9 10
E 10 12
E 17 11
E 15 13
E 14 15
E 15 16
E 16 17
E 22 18
E 22 19
E 21 20
E 20 22
G 412370342.json 19 20
V 380.001600 657.000000 100.000000 80.000000
V 312.998400 547.502400 40.000000 40.000000
V 211.003200 437.997600 100.000000 80.000000
V 144.000000 328.500000 58.000000 67.000000
V 211.003200 328.500000 40.000000 40.000000
V 119.001600 219.002400 100.000000 80.000000
V 249.998400 219.002400 100.000000 80.000000
V 443.001600 437.997600 100.000000 80.000000
V 472.003200 328.500000 58.000000 67.000000
V 29.000160 109.497600 58.000000 67.000000
V 346.996800 109.497600 79.000000 67.000000
V 172.000800 109.497600 40.000000 40.000000
V 292.996800 20.000160 40.000000 40.000000
V 380.001600 547.502400 58.000000 67.000000
V 455.997600 547.502400 58.000000 67.000000
V 104.997600 109.497600 58.000000 67.000000
V 249.998400 109.497600 79.000000 67.000000
V 289.000800 328.500000 79.000000 67.000000
V 547.999200 328.500000 58.000000 67.000000
E 0 1
E 0 13
E 0 14
E 1 2
E 1 7
E 2 3
E 2 4
E 4 5
E 4 6
E 5 9
E 5 11
E 5 15
E 6 10
E 6 11
E 6 16
E 17 6
E 7 8
E 7 12
E 7 18
E 11 12
G 423649003.json 16 15
V 94.003200 1417.032000 30.000000 30.000000
V 94.003200 1326.024000 100.000000 80.000000
V 94.003200 1210.032000 100.000000 80.000000
V 94.003200 1113.984000 40.000000 40.000000
V 94.003200 951.984000 100.000000 80.000000
V 94.003200 835.992000 100.000000 80.000000
V 94.003200 720.000000 100.000000 80.000000
V 94.003200 604.000800 100.000000 80.000000
V 49.999680 336.002400 100.000000 80.000000
V 49.999680 502.999200 40.000000 40.000000
V 49.999680 220.003200 100.000000 80.000000
V 49.999680 103.996800 100.000000 80.000000
V 138.002400 502.999200 100.000000 50.000000
V 49.999680 13.999680 28.000000 28.000000
V 94.003200 1042.992000 30.000000 30.000000
V 49.999680 427.003200 30.000000 30.000000
E 0 1
E 1 2
E 2 3
E 3 14
E 4 5
E 14 4
E 5 6
E 6 7
E 7 9
U 7 12
E 8 10
E 15 8
E 9 15
E 10 11
E 11 13
G 4313804.json 24 26
V 102.002400 1123.992000 100.000000 50.000000
V 202.003200 1215.000000 30.000000 30.000000
V 302.997600 1123.992000 100.000000 80.000000
V 403.999200 1008.000000 100.000000 80.000000
V 463.003200 1123.992000 30.000000 30.000000
V 358.999200 892.008000 100.000000 80.000000
V 522.000000 1008.000000 100.000000 50.000000
V 211.003200 594.000000 100.000000 80.000000
V 270.000000 685.000800 30.000000 30.000000
V 312.998400 776.016000 30.000000 30.000000
V 328.996800 594.000000 100.000000 50.000000
V 211.003200 498.002400 40.000000 40.000000
V 172.000800 427.003200 30.000000 30.000000
V 172.000800 336.002400 100.000000 50.000000
V 54.000000 336.002400 100.000000 80.000000
V 151.999200 220.003200 100.000000 80.000000
V 151.999200 103.996800 100.000000 80.000000
V 151.999200 13.999680 28.000000 28.000000
V 184.996800 1123.992000 30.000000 30.000000
V 49.999680 1008.000000 100.000000 80.000000
V 167.997600 1008.000000 100.000000 80.000000
V 285.998400 1008.000000 100.000000 80.000000
V 227.001600 892.008000 40.000000 40.000000
V 229.003200 776.016000 100.000000 80.000000
U 1 0
E 1 2
E 2 3
E 4 3
E 3 5
U 4 6
E 5 9
E 8 7
E 7 11
E 9 8
U 8 10
E 23 8
E 11 12
E 11 15
U 12 13
E 12 14
E 14 15
E 15 16
E 16 17
E 18 19
E 18 20
E 18 21
E 19 22
E 20 22
E 21 22
E 22 23
G 432307468.json 16 15
V 49.999680 1612.008000 100.000000 80.000000
V 49.999680 1496.016000 100.000000 80.000000
V 49.999680 1380.024000 100.000000 80.000000
V 49.999680 1264.032000 100.000000 80.000000
V 49.999680 1147.968000 100.000000 80.000000
V 49.999680 1031.976000 100.000000 80.000000
V 49.999680 915.984000 100.000000 80.000000
V 49.999680 799.992000 100.000000 80.000000
V 49.999680 684.000000 100.000000 80.000000
V 49.999680 568.000800 100.000000 80.000000
V 49.999680 452.001600 100.000000 80.000000
V 49.999680 336.002400 100.000000 80.000000
V 49.999680 220.003200 100.000000 80.000000
V 49.999680 103.996800 100.000000 80.000000
V 49.999680 13.999680 28.000000 28.000000
V 49.999680 1703.016000 30.000000 30.000000
E 0 1
E 15 0
E 1 2
E 2 3
E 3 4
E 4 5
E 5 6
E 6 7
E 7 8
E 8 9
E 9 10
E 10 11
E 11 12
E 12 13
E 13 14
G 44578543.json 15 16
V 278.503200 826.992000 30.000000 30.000000
V 68.500080 583.999200 137.000000 80.000000
V 224.503200 583.999200 139.000000 80.000000
V 278.503200 756.000000 40.000000 40.000000
V 249.501600 13.999680 28.000000 28.000000
V 249.501600 103.996800 100.000000 80.000000
V 224.503200 679.996800 40.000000 40.000000
V 224.503200 488.001600 40.000000 40.000000
V 278.503200 679.996800 28.000000 28.000000
V 230.500800 285.998400 62.001000 60.173000
V 308.498400 285.998400 40.000000 40.000000
V 230.500800 391.996800 118.000000 80.000000
V 367.502400 103.996800 100.000000 80.000000
V 367.502400 13.999680 28.000000 28.000000
V 308.498400 200.001600 40.000000 40.000000
E 0 3
E 6 1
E 1 7
E 6 2
E 2 7
E 3 6
E 3 8
E 10 3
E 5 4
E 14 5
E 7 11
U 11 9
E 11 10
E 10 14
E 12 13
E 14 12
G 45372622.json 21 26
V 184.996800 1582.992000 30.000000 30.000000
V 184.996800 1491.984000 100.000000 80.000000
V 146.001600 1375.992000 100.000000 80.000000
V 87.998400 1260.000000 100.000000 80.000000
V 146.001600 1164.024000 40.000000 40.000000
V 146.001600 1067.976000 100.000000 80.000000
V 184.996800 972.000000 40.000000 40.000000
V 184.996800 895.968000 40.000000 40.000000
V 49.999680 568.000800 100.000000 80.000000
V 297.000000 799.992000 100.000000 80.000000
V 324.000000 452.001600 100.000000 80.000000
V 184.996800 799.992000 40.000000 40.000000
V 139.003200 684.000000 100.000000 80.000000
V 231.998400 684.000000 40.000000 40.000000
V 231.998400 568.000800 40.000000 40.000000
V 205.999200 452.001600 100.000000 80.000000
V 324.000000 336.002400 100.000000 80.000000
V 324.000000 220.003200 100.000000 80.000000
V 324.000000 103.996800 100.000000 80.000000
V 324.000000 13.999680 28.000000 28.000000
V 128.001600 336.002400 28.000000 28.000000
E 0 1
E 1 2
E 6 1
E 2 3
E 4 2
E 3 4
E 4 5
E 5 6
E 6 7
E 7 8
E 7 9
E 7 11
E 8 20
E 9 10
E 13 10
E 14 10
E 10 16
E 11 12
E 11 13
E 12 20
E 13 14
E 14 15
E 15 20
E 16 17
E 17 18
E 18 19
G 458661799.json 28 28
V 180.000000 1086.984000 30.000000 30.000000
V 180.000000 1006.992000 83.000000 58.000000
V 180.000000 902.016000 30.000000 30.000000
V 180.000000 793.008000 80.000000 66.000000
V 389.001600 1086.984000 30.000000 30.000000
V 389.001600 1006.992000 30.000000 30.000000
V 389.001600 902.016000 115.000000 40.000000
V 346.003200 793.008000 98.000000 41.000000
V 346.003200 684.000000 30.000000 30.000000
V 333.000000 568.000800 100.000000 80.000000
V 326.001600 452.001600 94.000000 80.000000
V 319.003200 336.002400 30.000000 30.000000
V 36.000000 1086.984000 30.000000 30.000000
V 84.002400 1086.984000 30.000000 30.000000
V 59.999760 1006.992000 120.000000 50.000000
V 88.999200 902.016000 30.000000 30.000000
V 88.999200 793.008000 65.000000 48.000000
V 180.000000 684.000000 30.000000 30.000000
V 204.998400 568.000800 96.000000 41.000000
V 209.001600 452.001600 30.000000 30.000000
V 211.003200 336.002400 149.000000 80.000000
V 264.002400 103.996800 100.000000 80.000000
V 264.002400 13.999680 28.000000 28.000000
V 264.002400 220.003200 130.000000 80.000000
V 263.001600 1006.992000 30.000000 30.000000
V 263.001600 902.016000 100.000000 80.000000
V 263.001600 793.008000 30.000000 30.000000
V 263.001600 684.000000 100.000000 80.000000
E 0 1
E 1 2
E 1 15
E 2 3
E 3 17
E 4 5
E 5 6
E 6 7
E 7 8
E 7 27
E 8 9
E 9 10
E 10 11
E 11 23
E 12 14
E 13 14
E 14 15
E 15 16
E 16 17
E 17 18
E 18 19
E 19 20
E 20 23
E 21 22
E 23 21
E 24 25
E 25 26
E 26 27
G 463407778.json 16 17
V 108.000000 929.016000 30.000000 30.000000
V 108.000000 838.008000 100.000000 80.000000
V 135.000000 347.997600 100.000000 80.000000
V 67.000320 747.000000 30.000000 30.000000
V 49.999680 463.996800 40.000000 40.000000
V 49.999680 655.999200 100.000000 80.000000
V 114.998400 231.998400 100.000000 80.000000
V 149.997600 747.000000 30.000000 30.000000
V 167.997600 655.999200 100.000000 80.000000
V 167.997600 560.001600 40.000000 40.000000
V 138.002400 463.996800 100.000000 80.000000
V 256.003200 463.996800 100.000000 80.000000
V 254.001600 347.997600 100.000000 80.000000
V 254.001600 231.998400 30.000000 30.000000
V 254.001600 115.999200 100.000000 80.000000
V 254.001600 20.000160 40.000000 40.000000
E 0 1
E 1 3
E 1 7
E 4 2
E 10 2
E 3 5
E 5 4
E 4 6
E 12 6
E 7 8
E 8 9
E 9 10
E 9 11
E 11 12
E 12 13
E 13 14
E 14 15
G 463851614.json 31 32
V 105.998400 353.001600 100.000000 80.000000
V 105.998400 237.002400 100.000000 80.000000
V 49.999680 112.500000 100.000000 80.000000
V 49.999680 13.999680 28.000000 28.000000
V 162.000000 112.500000 88.000000 97.000000
V 527.997600 1260.000000 100.000000 80.000000
V 527.997600 1144.008000 100.000000 80.000000
V 527.997600 1028.016000 30.000000 30.000000
V 527.997600 912.024000 114.000000 80.000000
V 167.997600 593.503200 100.000000 80.000000
V 227.001600 717.998400 100.000000 80.000000
V 105.998400 469.000800 114.000000 80.000000
V 230.997600 469.000800 100.000000 65.000000
V 527.997600 1355.976000 30.000000 30.000000
V 373.003200 814.968000 40.000000 40.000000
V 285.998400 593.503200 100.000000 97.000000
V 275.997600 1028.016000 100.000000 80.000000
V 284.997600 912.024000 100.000000 80.000000
V 402.998400 912.024000 100.000000 24.000000
V 258.998400 1144.008000 30.000000 30.000000
V 284.997600 814.968000 100.000000 42.000000
V 81.000000 1260.000000 100.000000 80.000000
V 81.000000 1144.008000 100.000000 80.000000
V 81.000000 1028.016000 28.000000 28.000000
V 139.996800 1426.968000 30.000000 30.000000
V 139.996800 1355.976000 40.000000 40.000000
V 199.000800 1260.000000 100.000000 80.000000
V 175.003200 1028.016000 30.000000 30.000000
V 166.996800 912.024000 100.000000 80.000000
V 139.996800 814.968000 62.000000 36.000000
V 202.996800 814.968000 28.000000 28.000000
E 0 1
E 11 0
E 1 2
E 1 4
E 2 3
E 5 6
E 13 5
E 6 7
E 7 8
E 8 14
E 10 9
E 9 11
U 9 12
E 14 10
E 10 15
E 23 10
E 17 14
E 16 17
U 16 18
E 19 16
E 16 28
U 17 20
E 26 19
E 21 22
E 25 21
E 22 23
E 24 25
E 25 26
E 26 27
E 27 28
U 28 29
E 28 30
G 470346025.json 19 20
V 165.182400 1467.000000 30.000000 30.000000
V 165.182400 1375.992000 100.000000 80.000000
V 165.182400 1280.016000 40.000000 40.000000
V 106.185600 1183.968000 100.000000 80.000000
V 224.186400 1183.968000 100.000000 80.000000
V 224.186400 1067.976000 28.000000 28.000000
V 106.185600 1067.976000 100.000000 80.000000
V 106.185600 972.000000 40.000000 40.000000
V 150.184800 643.996800 100.000000 80.000000
V 62.185680 876.024000 40.000000 40.000000
V 62.185680 643.996800 40.000000 40.000000
V 67.186080 760.032000 100.000000 80.000000
V 150.184800 876.024000 100.000000 80.000000
V 106.185600 547.999200 40.000000 40.000000
V 106.185600 452.001600 100.000000 80.000000
V 106.185600 336.002400 100.000000 80.000000
V 106.185600 220.003200 100.000000 80.000000
V 106.185600 103.996800 100.000000 80.000000
V 106.185600 13.999680 28.000000 28.000000
E 0 1
E 1 2
E 2 3
E 2 4
E 3 6
E 4 5
E 6 7
E 7 9
E 7 12
E 12 8
E 8 13
E 9 10
E 9 11
E 11 10
E 10 13
E 13 14
E 14 15
E 15 16
E 16 17
E 17 18
G 486541708.json 16 18
V 67.999680 892.008000 100.000000 80.000000
V 67.999680 983.016000 30.000000 30.000000
V 101.001600 13.999680 28.000000 28.000000
V 101.001600 78.998400 30.000000 30.000000
V 20.000160 401.997600 40.000000 40.000000
V 67.999680 776.016000 100.000000 80.000000
V 67.999680 285.998400 30.000000 30.000000
V 128.001600 685.000800 30.000000 30.000000
V 146.001600 594.000000 100.000000 80.000000
V 146.001600 498.002400 40.000000 40.000000
V 264.002400 401.997600 100.000000 80.000000
V 246.002400 285.998400 100.000000 80.000000
V 163.000800 169.999200 100.000000 80.000000
V 163.000800 78.998400 28.000000 28.000000
V 146.001600 401.997600 100.000000 80.000000
V 146.001600 285.998400 28.000000 28.000000
E 1 0
E 0 5
E 3 2
E 4 3
E 12 3
E 5 4
E 4 6
E 6 5
E 5 7
E 14 6
E 7 8
E 8 9
E 9 10
E 9 14
E 10 11
E 11 12
E 12 13
E 14 15
G 502950220.json 26 27
V 49.999680 1569.024000 30.000000 30.000000
V 49.999680 1478.016000 100.000000 80.000000
V 49.999680 1246.032000 100.000000 80.000000
V 49.999680 1362.024000 100.000000 80.000000
V 109.000800 1149.984000 40.000000 40.000000
V 109.000800 1054.008000 100.000000 80.000000
V 167.997600 1478.016000 30.000000 30.000000
V 167.997600 1362.024000 100.000000 80.000000
V 167.997600 1246.032000 100.000000 80.000000
V 148.003200 670.003200 100.000000 80.000000
V 265.996800 670.003200 100.000000 80.000000
V 167.997600 573.998400 40.000000 40.000000
V 167.997600 478.000800 100.000000 80.000000
V 167.997600 387.000000 30.000000 30.000000
V 148.003200 766.008000 40.000000 40.000000
V 109.000800 938.016000 100.000000 80.000000
V 167.997600 295.999200 100.000000 80.000000
V 167.997600 200.001600 40.000000 40.000000
V 187.999200 13.999680 28.000000 28.000000
V 187.999200 103.996800 100.000000 80.000000
V 69.999840 103.996800 100.000000 80.000000
V 109.000800 841.968000 40.000000 40.000000
V 250.999200 295.999200 30.000000 30.000000
V 167.997600 1750.968000 30.000000 30.000000
V 167.997600 1660.032000 100.000000 80.000000
V 167.997600 1569.024000 30.000000 30.000000
E 0 1
E 1 3
E 3 2
E 2 4
E 4 5
E 8 4
E 5 15
E 6 7
E 25 6
E 7 8
E 9 11
E 14 9
E 10 11
E 14 10
E 11 12
E 12 13
E 13 16
E 13 22
E 21 14
E 15 21
E 16 17
E 17 19
E 17 20
E 19 18
E 20 21
E 23 24
E 24 25
G 505814126.json 16 19
V 87.998400 1018.008000 100.000000 80.000000
V 90.000000 902.016000 100.000000 80.000000
V 49.999680 527.997600 100.000000 80.000000
V 49.999680 624.002400 40.000000 40.000000
V 124.999200 1109.016000 30.000000 30.000000
V 128.001600 411.998400 100.000000 80.000000
V 108.000000 295.999200 28.000000 28.000000
V 111.002400 811.008000 30.000000 30.000000
V 128.001600 720.000000 100.000000 80.000000
V 112.003200 103.996800 100.000000 80.000000
V 146.001600 1200.024000 100.000000 80.000000
V 205.999200 1018.008000 100.000000 80.000000
V 146.001600 1291.032000 30.000000 30.000000
V 112.003200 200.001600 40.000000 40.000000
V 112.003200 13.999680 28.000000 28.000000
V 190.000800 295.999200 100.000000 80.000000
E 0 1
E 3 0
E 4 0
E 1 3
E 1 7
E 3 2
E 2 5
E 13 2
E 8 3
E 10 4
E 5 6
E 5 15
E 7 8
E 13 9
E 9 14
E 10 11
E 12 10
E 11 15
E 15 13
G 507925414.json 15 15
V 75.002400 1429.992000 150.000000 100.000000
V 22.000320 1293.984000 28.375000 20.500000
V 75.002400 1531.008000 30.000000 30.000000
V 129.002400 1157.976000 150.000000 100.000000
V 129.002400 537.998400 150.000000 100.000000
V 129.002400 401.997600 150.000000 100.000000
V 76.003200 265.996800 28.375000 20.500000
V 129.002400 915.984000 40.000000 40.000000
V 181.000800 810.000000 150.000000 100.000000
V 129.002400 1293.984000 150.000000 100.000000
V 181.000800 673.999200 150.000000 100.000000
V 183.002400 265.996800 150.000000 100.000000
V 183.002400 13.999680 28.000000 28.000000
V 183.002400 121.996800 168.634001 115.972001
V 129.002400 1021.968000 150.000000 100.000000
U 0 1
E 2 0
E 0 9
E 9 3
E 3 14
E 4 5
E 7 4
E 10 4
U 5 6
E 5 11
E 7 8
E 14 7
E 8 10
E 11 13
E 13 12
G 51455438.json 23 25
V 141.998400 219.499200 137.000000 79.000000
V 181.000800 13.999680 28.000000 28.000000
V 279.000000 335.001600 100.000000 80.000000
V 279.000000 219.499200 40.000000 40.000000
V 309.002400 450.496800 114.000000 79.000000
V 220.003200 103.996800 100.000000 80.000000
V 379.000800 335.001600 63.500000 64.000000
V 266.997600 1384.992000 30.000000 30.000000
V 266.997600 1285.488000 100.000000 97.000000
V 266.997600 1181.016000 40.000000 40.000000
V 208.000800 1084.968000 100.000000 80.000000
V 328.996800 1084.968000 100.000000 80.000000
V 333.000000 967.968000 114.000000 80.000000
V 118.000800 850.968000 114.000000 79.500000
V 201.002400 967.968000 114.000000 80.000000
V 225.000000 754.992000 40.000000 40.000000
V 141.998400 574.502400 159.500000 97.000000
V 225.000000 679.003200 40.000000 40.000000
V 309.002400 574.502400 137.000000 78.500000
V 248.997600 850.968000 111.500000 50.000000
V 337.996800 103.996800 100.000000 80.000000
V 337.996800 13.999680 28.000000 28.000000
V 63.000000 967.968000 125.750000 82.000000
E 0 1
E 16 0
E 5 1
E 2 3
E 4 2
E 3 5
E 3 20
E 4 6
E 18 4
E 7 8
E 8 9
E 9 10
E 9 11
E 10 14
E 11 12
E 12 15
E 12 19
E 14 13
E 13 15
E 22 13
E 14 19
E 15 17
E 17 16
E 17 18
E 20 21
G 520015709.json 15 14
V 109.000800 850.968000 30.000000 30.000000
V 109.000800 663.998400 40.000000 40.000000
V 49.999680 568.000800 100.000000 80.000000
V 167.997600 568.000800 100.000000 80.000000
V 109.000800 760.032000 100.000000 80.000000
V 49.999680 452.001600 100.000000 80.000000
V 49.999680 336.002400 100.000000 80.000000
V 49.999680 220.003200 100.000000 80.000000
V 49.999680 103.996800 100.000000 80.000000
V 49.999680 13.999680 28.000000 28.000000
V 167.997600 452.001600 100.000000 80.000000
V 167.997600 336.002400 100.000000 80.000000
V 167.997600 220.003200 100.000000 80.000000
V 167.997600 103.996800 100.000000 80.000000
V 167.997600 13.999680 28.000000 28.000000
E 0 4
E 1 2
E 1 3
E 4 1
E 2 5
E 3 10
E 5 6
E 6 7
E 7 8
E 8 9
E 10 11
E 11 12
E 12 13
E 13 14
G 539235988.json 29 30
V 311.997600 2022.984000 30.000000 30.000000
V 253.000800 1931.976000 100.000000 80.000000
V 371.001600 1931.976000 100.000000 35.359000
V 187.999200 811.008000 30.000000 30.000000
V 204.998400 720.000000 100.000000 80.000000
V 213.998400 624.002400 40.000000 40.000000
V 213.998400 527.997600 100.000000 80.000000
V 157.003200 108.000000 30.000000 30.000000
V 82.000800 28.499760 163.887998 57.373001
V 231.998400 28.499760 100.000000 26.890744
V 193.996800 1750.032000 100.000000 80.000000
V 253.000800 1840.968000 30.000000 30.000000
V 311.997600 1750.032000 100.000000 50.000000
V 193.996800 1653.984000 40.000000 40.000000
V 115.999200 1558.008000 100.000000 20.000000
V 232.999200 1462.032000 40.000000 40.000000
V 81.000000 1134.000000 114.968500 80.000000
V 272.001600 1558.008000 100.000000 80.000000
V 232.999200 1249.992000 100.000000 80.000000
V 84.002400 1018.008000 100.000000 80.000000
V 232.999200 1365.984000 100.000000 80.000000
V 232.999200 1134.000000 153.450011 61.059781
V 153.000000 902.016000 100.000000 80.000000
V 336.002400 527.997600 100.000000 80.000000
V 213.998400 436.996800 30.000000 30.000000
V 157.003200 281.498400 163.887998 57.373001
V 157.003200 187.999200 163.887998 57.686500
V 213.998400 365.997600 40.000000 40.000000
V 272.001600 281.498400 30.000000 30.000000
E 0 1
U 0 2
E 1 11
E 3 4
E 22 3
E 4 5
E 5 6
E 5 23
E 6 24
E 7 8
U 7 9
E 26 7
E 11 10
E 10 13
U 11 12
U 13 14
E 13 15
E 13 17
E 17 15
E 15 20
E 18 16
E 16 19
E 20 18
U 18 21
E 23 18
E 19 22
E 24 27
E 25 26
E 27 25
E 27 28
G 540263013.json 19 27
V 119.001600 1168.992000 30.000000 30.000000
V 119.001600 1072.008000 100.000000 80.000000
V 119.001600 976.032000 40.000000 40.000000
V 196.999200 879.984000 100.000000 80.000000
V 114.998400 879.984000 28.000000 28.000000
V 160.999200 686.001600 100.000000 80.000000
V 121.003200 589.003200 40.000000 40.000000
V 142.999200 491.997600 100.000000 80.000000
V 94.003200 298.000800 100.000000 80.000000
V 235.000800 103.996800 100.000000 80.000000
V 235.000800 13.999680 28.000000 28.000000
V 195.998400 1168.992000 88.000000 42.000000
V 232.999200 783.000000 88.000000 42.000000
V 202.996800 589.003200 88.000000 42.000000
V 199.000800 201.002400 88.000000 42.000000
V 61.999920 201.002400 88.000000 42.000000
V 110.001600 394.999200 88.000000 42.000000
V 239.997600 298.000800 100.000000 80.000000
V 192.002400 394.999200 40.000000 40.000000
E 0 1
E 1 2
E 11 1
E 2 3
E 2 4
E 3 5
E 11 3
E 3 12
E 5 6
E 12 5
E 5 13
E 15 5
E 6 7
E 8 6
E 13 7
E 7 16
E 7 18
E 8 15
E 16 8
E 18 8
E 9 10
E 14 9
E 17 9
E 12 17
E 13 17
E 17 14
E 18 17
G 542879015.json 15 18
V 177.998400 1191.024000 30.000000 30.000000
V 119.001600 1023.984000 100.000000 80.000000
V 177.998400 1120.032000 40.000000 40.000000
V 237.002400 1023.984000 100.000000 80.000000
V 237.002400 907.488000 28.000000 28.000000
V 119.001600 907.488000 130.000000 81.000000
V 88.999200 802.008000 63.875000 57.946000
V 119.001600 697.003200 133.000000 80.000000
V 119.001600 600.998400 40.000000 40.000000
V 69.999840 314.503200 140.000000 77.000000
V 157.996800 505.000800 100.000000 80.000000
V 79.999200 409.003200 40.000000 40.000000
V 100.000800 105.998400 100.000000 80.000000
V 130.003200 211.003200 63.875000 57.946000
V 100.000800 14.999760 30.000000 30.000000
E 0 2
E 2 1
E 1 5
E 2 3
E 3 4
E 5 6
E 5 7
E 6 7
E 7 8
E 8 10
E 8 11
E 11 9
E 9 12
E 9 13
E 10 11
E 10 13
E 13 12
E 12 14
G 552532016.json 15 15
V 131.997600 1228.968000 30.000000 30.000000
V 131.997600 1138.032000 100.000000 80.000000
V 131.997600 1021.968000 100.000000 80.000000
V 131.997600 905.976000 100.000000 80.000000
V 82.000800 789.984000 100.000000 80.000000
V 82.000800 673.999200 100.000000 80.000000
V 131.997600 442.000800 100.000000 80.000000
V 131.997600 133.999200 100.000000 80.000000
V 100.000800 29.000160 28.000000 28.000000
V 131.997600 229.996800 40.000000 40.000000
V 182.001600 789.984000 63.875000 57.946000
V 31.999680 558.000000 63.875000 57.946000
V 164.001600 29.000160 63.875000 57.946000
V 171.000000 326.001600 100.000000 80.000000
V 131.997600 558.000000 100.000000 80.000000
E 0 1
E 1 2
E 2 3
E 3 4
U 3 10
E 4 5
U 5 11
E 5 14
E 6 9
E 6 13
E 14 6
E 7 8
E 9 7
U 7 12
E 13 9
G 555098217.json 25 30
V 174.816000 1643.976000 100.000000 80.000000
V 292.809600 1643.976000 100.000000 80.000000
V 233.812800 1811.016000 30.000000 30.000000
V 233.812800 1740.024000 40.000000 40.000000
V 233.812800 1548.000000 40.000000 40.000000
V 74.815200 180.000000 100.000000 80.000000
V 192.816000 13.999680 28.000000 28.000000
V 192.816000 84.002400 40.000000 40.000000
V 233.812800 1452.024000 100.000000 80.000000
V 233.812800 1336.032000 100.000000 80.000000
V 192.816000 1219.968000 100.000000 80.000000
V 274.809600 1219.968000 28.000000 28.000000
V 153.813600 679.996800 100.000000 80.000000
V 192.816000 776.016000 40.000000 40.000000
V 192.816000 180.000000 100.000000 80.000000
V 192.816000 1103.976000 100.000000 80.000000
V 192.816000 987.984000 100.000000 80.000000
V 192.816000 871.992000 100.000000 80.000000
V 133.812000 563.997600 100.000000 80.000000
V 192.816000 468.000000 40.000000 40.000000
V 310.809600 180.000000 100.000000 80.000000
V 192.816000 372.002400 100.000000 80.000000
V 251.812800 563.997600 100.000000 80.000000
V 192.816000 275.997600 40.000000 40.000000
V 428.810400 180.000000 100.000000 80.000000
E 3 0
E 0 4
E 3 1
E 1 4
E 2 3
E 4 8
E 5 7
E 23 5
E 7 6
E 14 7
E 20 7
E 7 23
E 24 7
E 8 9
E 9 10
E 9 11
E 10 15
E 13 12
E 12 18
E 17 13
E 13 22
E 23 14
E 15 16
E 16 17
E 18 19
E 19 21
E 22 19
E 23 20
E 21 23
E 23 24
G 555220957.json 26 27
V 390.002400 1047.024000 30.000000 30.000000
V 334.000800 947.520000 100.000000 80.000000
V 292.996800 814.464000 40.000000 40.000000
V 175.003200 689.997600 100.000000 80.000000
V 292.996800 689.997600 100.000000 80.000000
V 231.998400 565.502400 40.000000 40.000000
V 168.998400 374.997600 100.000000 80.000000
V 168.998400 465.998400 30.000000 30.000000
V 91.000800 250.502400 40.000000 40.000000
V 49.999680 126.000000 28.000000 28.000000
V 49.999680 24.999840 100.000000 50.000000
V 410.997600 689.997600 100.000000 80.000000
V 131.997600 126.000000 100.000000 80.000000
V 410.997600 565.502400 28.000000 28.000000
V 131.997600 24.999840 28.000000 28.000000
V 445.996800 947.520000 88.000000 97.000000
V 374.997600 814.464000 88.000000 97.000000
V 313.999200 565.502400 88.000000 97.000000
V 173.001600 250.502400 88.000000 97.000000
V 295.999200 374.997600 118.000000 80.000000
V 295.999200 465.998400 30.000000 30.000000
V 338.997600 250.502400 40.000000 40.000000
V 298.000800 126.000000 100.000000 80.000000
V 380.001600 24.999840 100.000000 50.000000
V 380.001600 126.000000 28.000000 28.000000
V 298.000800 24.999840 28.000000 28.000000
E 0 1
E 0 15
E 1 2
E 1 16
E 2 3
E 2 4
E 2 11
E 4 5
E 4 17
E 5 7
E 5 20
E 7 6
E 6 8
E 6 18
E 8 7
E 8 9
E 8 12
U 9 10
E 11 13
E 12 14
E 20 19
E 19 21
E 21 20
E 21 22
E 21 24
E 22 25
U 24 23
G 565701118.json 17 18
V 120.002400 1096.992000 30.000000 30.000000
V 55.000080 864.000000 100.000000 80.000000
V 94.003200 959.976000 40.000000 40.000000
V 94.003200 768.024000 40.000000 40.000000
V 94.003200 671.997600 100.000000 80.000000
V 49.999680 364.003200 100.000000 80.000000
V 135.000000 480.002400 100.000000 80.000000
V 94.003200 576.000000 40.000000 40.000000
V 138.002400 364.003200 40.000000 40.000000
V 138.002400 267.998400 28.000000 28.000000
V 67.999680 267.998400 40.000000 40.000000
V 67.999680 172.000800 100.000000 80.000000
V 120.002400 1030.968000 30.000000 30.000000
V 147.002400 959.976000 30.000000 30.000000
V 45.000000 14.999760 28.000000 28.000000
V 67.999680 81.000000 30.000000 30.000000
V 92.001600 14.999760 30.000000 30.000000
E 0 12
E 2 1
E 1 3
E 2 3
E 12 2
E 3 4
E 4 7
E 7 5
E 5 10
E 7 6
E 6 8
E 8 9
E 8 10
E 10 11
E 11 15
E 12 13
E 15 14
E 15 16
G 581256267.json 35 36
V 608.500800 1550.016000 30.000000 30.000000
V 455.500800 1361.016000 100.000000 80.000000
V 455.500800 1468.008000 56.000000 62.000000
V 301.500000 1245.024000 172.000000 37.000000
V 608.500800 1468.008000 40.000000 40.000000
V 455.500800 1245.024000 100.000000 80.000000
V 417.499200 1129.032000 100.000000 80.000000
V 296.503200 1021.968000 40.000000 40.000000
V 428.500800 914.976000 100.000000 80.000000
V 362.498400 1021.968000 56.000000 62.000000
V 494.503200 1021.968000 172.000000 47.500000
V 455.500800 819.000000 40.000000 40.000000
V 455.500800 749.016000 28.000000 28.000000
V 646.502400 236.498400 30.000000 30.000000
V 296.503200 1129.032000 30.000000 30.000000
V 455.500800 668.001600 30.000000 30.000000
V 455.500800 561.002400 100.000000 80.000000
V 516.499200 668.001600 56.000000 62.000000
V 352.497600 668.001600 140.000000 52.500000
V 455.500800 464.997600 40.000000 40.000000
V 482.500800 369.000000 100.000000 80.000000
V 321.501600 369.000000 100.000000 80.000000
V 321.501600 236.498400 28.000000 28.000000
V 525.499200 236.498400 28.000000 28.000000
V 547.502400 1812.024000 30.000000 30.000000
V 608.500800 1705.032000 100.000000 80.000000
V 608.500800 1812.024000 56.000000 62.000000
V 747.504000 1812.024000 185.000000 47.500000
V 608.500800 1615.032000 28.000000 28.000000
V 423.496800 236.498400 140.000000 37.000000
V 274.500000 236.498400 30.000000 30.000000
V 274.500000 103.996800 100.000000 80.000000
V 274.500000 13.999680 28.000000 28.000000
V 585.496800 236.498400 56.000000 62.000000
V 120.499200 236.498400 241.000000 113.229999
E 0 4
E 28 0
E 2 1
U 1 3
E 4 1
E 1 5
E 11 4
E 13 4
E 5 6
E 6 7
E 7 8
E 14 7
E 9 8
U 10 8
E 8 11
E 11 12
E 12 15
E 20 13
E 15 16
E 17 16
U 18 16
E 16 19
E 19 20
E 19 21
E 20 23
U 20 29
E 21 22
E 21 30
E 24 25
E 26 25
U 27 25
E 25 28
E 30 31
E 31 32
E 33 31
U 34 31
G 594859447.json 17 19
V 109.000800 1271.016000 30.000000 30.000000
V 109.000800 1180.008000 100.000000 80.000000
V 49.999680 295.999200 100.000000 80.000000
V 109.000800 1084.032000 40.000000 40.000000
V 49.999680 987.984000 100.000000 80.000000
V 109.000800 796.032000 100.000000 80.000000
V 109.000800 699.998400 40.000000 40.000000
V 65.000160 604.000800 100.000000 80.000000
V 109.000800 488.001600 100.000000 80.000000
V 109.000800 391.996800 40.000000 40.000000
V 109.000800 892.008000 40.000000 40.000000
V 153.000000 604.000800 40.000000 40.000000
V 167.997600 987.984000 100.000000 80.000000
V 167.997600 295.999200 100.000000 80.000000
V 109.000800 13.999680 28.000000 28.000000
V 109.000800 103.996800 100.000000 80.000000
V 109.000800 200.001600 40.000000 40.000000
E 0 1
E 1 3
E 9 2
E 2 16
E 3 4
E 3 12
E 4 10
E 5 6
E 10 5
E 6 7
E 6 11
E 7 8
E 8 9
E 11 8
E 9 13
E 12 10
E 13 16
E 15 14
E 16 15
G 599339404.json 40 52
V 381.499200 2297.016000 30.000000 30.000000
V 381.499200 2226.024000 40.000000 40.000000
V 311.500800 2137.032000 130.000000 66.000000
V 454.500000 2137.032000 115.000000 66.000000
V 307.497600 2028.024000 163.000000 66.000000
V 202.500000 642.002400 137.000000 73.000000
V 307.497600 1912.032000 163.000000 66.000000
V 199.497600 948.024000 100.000000 80.000000
V 301.500000 1255.968000 100.000000 80.000000
V 199.497600 851.976000 40.000000 40.000000
V 311.500800 756.000000 100.000000 80.000000
V 174.499200 756.000000 137.000000 73.000000
V 95.500800 642.002400 40.000000 40.000000
V 57.499920 309.002400 40.000000 40.000000
V 372.499200 1488.024000 100.000000 80.000000
V 372.499200 1372.032000 100.000000 80.000000
V 423.496800 642.002400 137.000000 76.077102
V 417.499200 527.997600 40.000000 40.000000
V 57.499920 216.496800 115.000000 73.000000
V 116.503200 408.499200 115.000000 87.261411
V 223.502400 1139.976000 100.000000 80.000000
V 223.502400 1044.000000 40.000000 40.000000
V 307.497600 1795.968000 100.000000 80.000000
V 307.497600 1699.992000 40.000000 40.000000
V 224.503200 1604.016000 130.000000 80.000000
V 372.499200 1604.016000 130.000000 80.000000
V 435.499200 408.499200 118.000000 80.000000
V 57.499920 103.996800 100.000000 80.000000
V 57.499920 13.999680 28.000000 28.000000
V 457.502400 2028.024000 100.000000 80.000000
V 463.500000 1912.032000 100.000000 80.000000
V 316.497600 642.002400 40.000000 40.000000
V 285.501600 408.499200 100.000000 80.000000
V 288.496800 527.997600 100.000000 80.000000
V 162.496800 527.997600 40.000000 40.000000
V 195.501600 309.002400 40.000000 40.000000
V 195.501600 216.496800 40.000000 40.000000
V 315.496800 103.996800 118.000000 76.077102
V 188.503200 103.996800 100.000000 80.000000
V 251.503200 13.999680 28.000000 28.000000
E 0 1
E 1 2
E 1 3
E 2 4
E 3 29
E 4 6
E 11 5
E 32 5
E 5 34
E 6 22
E 24 6
E 7 9
E 12 7
E 13 7
E 16 7
E 21 7
E 15 8
E 8 20
E 21 8
E 9 10
E 9 11
E 10 16
E 11 12
E 12 19
E 13 18
E 19 13
E 14 15
E 25 14
E 15 16
E 16 17
E 26 16
E 17 26
E 18 27
E 34 19
E 19 35
E 20 21
E 22 23
E 23 24
E 23 25
E 27 28
E 29 30
E 30 31
E 31 32
E 31 33
E 33 32
E 34 32
E 35 34
E 35 36
E 36 37
E 36 38
E 37 39
E 38 39
G 599657600.json 31 33
V 238.996800 1498.032000 62.001000 60.173000
V 282.002400 401.997600 62.001000 60.173000
V 273.002400 1695.024000 30.000000 30.000000
V 273.002400 1604.016000 100.000000 80.000000
V 308.001600 1498.032000 40.000000 40.000000
V 248.997600 1391.976000 100.000000 80.000000
V 168.998400 1296.000000 40.000000 40.000000
V 117.000000 1219.968000 28.000000 28.000000
V 168.998400 1219.968000 40.000000 40.000000
V 50.999760 1123.992000 100.000000 80.000000
V 50.999760 1008.000000 40.000000 40.000000
V 49.999680 892.008000 100.000000 80.000000
V 168.998400 1123.992000 100.000000 80.000000
V 168.998400 1008.000000 100.000000 80.000000
V 168.998400 892.008000 40.000000 40.000000
V 91.000800 508.003200 100.000000 80.000000
V 168.998400 796.032000 40.000000 40.000000
V 209.001600 508.003200 100.000000 80.000000
V 209.001600 401.997600 40.000000 40.000000
V 167.997600 295.999200 28.000000 28.000000
V 249.998400 295.999200 100.000000 80.000000
V 249.998400 200.001600 40.000000 40.000000
V 209.001600 103.996800 100.000000 80.000000
V 291.002400 103.996800 28.000000 28.000000
V 168.998400 699.998400 100.000000 80.000000
V 168.998400 604.000800 40.000000 40.000000
V 91.000800 401.997600 28.000000 28.000000
V 49.000320 796.032000 28.000000 28.000000
V 366.998400 1391.976000 100.000000 80.000000
V 366.998400 1296.000000 28.000000 28.000000
V 209.001600 13.999680 28.000000 28.000000
U 3 0
U 5 1
U 17 1
E 2 3
E 3 4
E 4 5
E 4 28
E 5 6
E 6 7
E 6 8
E 8 9
E 8 12
E 9 10
E 10 11
E 11 27
E 12 13
E 13 14
E 14 15
E 14 16
E 25 15
E 15 26
E 16 17
E 16 24
E 17 18
E 25 17
E 18 19
E 18 20
E 20 21
E 21 22
E 21 23
E 22 30
E 24 25
E 28 29
G 601674399.json 19 23
V 594.496800 663.998400 40.000000 40.000000
V 594.496800 734.976000 30.000000 30.000000
V 308.498400 13.999680 28.000000 28.000000
V 377.503200 568.000800 121.000000 80.000000
V 308.498400 103.996800 121.000000 80.000000
V 75.499200 336.002400 121.000000 80.000000
V 60.500160 220.003200 121.000000 80.000000
V 427.500000 452.001600 121.000000 80.000000
V 397.497600 336.002400 121.000000 80.000000
V 135.496800 452.001600 40.000000 40.000000
V 209.498400 103.996800 40.000000 40.000000
V 545.500800 568.000800 40.000000 40.000000
V 546.501600 220.003200 40.000000 40.000000
V 644.500800 568.000800 121.000000 80.000000
V 644.500800 452.001600 121.000000 80.000000
V 733.536000 220.003200 119.500000 80.000000
V 546.501600 336.002400 141.000000 80.000000
V 209.498400 220.003200 141.000000 80.000000
V 595.497600 103.996800 121.000000 80.000000
E 1 0
E 0 3
E 0 11
E 0 13
E 0 15
E 4 2
E 10 2
E 18 2
E 3 4
E 5 6
E 9 5
E 6 10
E 7 8
E 11 7
E 8 12
E 9 17
E 17 10
E 11 16
E 16 12
E 12 18
E 13 14
E 14 18
E 15 18
G 607142759.json 17 18
V 78.998400 1309.032000 30.000000 30.000000
V 69.999840 893.016000 140.000000 71.000000
V 139.003200 1084.968000 120.000000 80.000000
V 199.000800 1209.528000 104.000000 97.000000
V 97.999200 777.024000 100.000000 80.000000
V 97.999200 661.003200 100.000000 80.000000
V 97.999200 544.996800 100.000000 80.000000
V 97.999200 428.997600 100.000000 80.000000
V 81.000000 333.000000 40.000000 40.000000
V 81.000000 237.002400 120.000000 80.000000
V 175.996800 13.999680 28.000000 28.000000
V 75.002400 112.500000 126.000000 96.500000
V 175.996800 112.500000 40.000000 40.000000
V 78.998400 1209.528000 100.000000 80.000000
V 139.003200 988.992000 40.000000 40.000000
V 208.000800 893.016000 100.000000 80.000000
V 208.000800 777.024000 28.000000 28.000000
E 0 13
E 1 4
E 8 1
E 14 1
E 3 2
E 13 2
E 2 14
E 4 5
E 5 6
E 6 7
E 12 6
E 7 8
E 8 9
E 9 11
E 9 12
E 12 10
E 14 15
E 15 16
G 621001155.json 20 23
V 118.000800 1428.984000 30.000000 30.000000
V 118.000800 1337.976000 100.000000 80.000000
V 118.000800 1221.984000 100.000000 80.000000
V 118.000800 1126.008000 40.000000 40.000000
V 118.000800 1030.032000 100.000000 80.000000
V 49.999680 838.008000 100.000000 80.000000
V 186.998400 838.008000 100.000000 80.000000
V 118.000800 933.984000 40.000000 40.000000
V 49.999680 722.016000 28.000000 28.000000
V 186.998400 722.016000 100.000000 80.000000
V 186.998400 606.002400 100.000000 80.000000
V 186.998400 509.997600 40.000000 40.000000
V 186.998400 438.998400 30.000000 30.000000
V 100.000800 347.997600 30.000000 30.000000
V 186.998400 347.997600 100.000000 80.000000
V 186.998400 252.000000 40.000000 40.000000
V 85.996800 156.002400 100.000000 80.000000
V 85.996800 40.000320 28.000000 28.000000
V 203.997600 156.002400 100.000000 80.000000
V 243.000000 40.000320 100.000000 80.000000
E 0 1
E 1 2
E 2 3
E 3 4
E 3 5
E 3 6
E 4 7
E 7 5
E 5 8
E 7 6
E 6 9
E 9 10
E 10 11
E 11 12
E 11 13
E 19 11
E 12 14
E 13 16
E 14 15
E 15 16
E 15 18
E 16 17
E 18 19
G 626521575.json 28 37
V 361.000800 1654.992000 30.000000 30.000000
V 361.000800 1584.000000 40.000000 40.000000
V 317.001600 1488.024000 100.000000 80.000000
V 361.000800 1064.016000 100.000000 80.000000
V 400.003200 1372.032000 100.000000 80.000000
V 49.999680 527.997600 100.000000 80.000000
V 128.001600 624.002400 40.000000 40.000000
V 138.002400 411.998400 100.000000 80.000000
V 256.003200 527.997600 40.000000 40.000000
V 256.003200 411.998400 100.000000 80.000000
V 334.000800 624.002400 40.000000 40.000000
V 256.003200 295.999200 40.000000 40.000000
V 326.001600 180.000000 40.000000 40.000000
V 361.000800 699.998400 40.000000 40.000000
V 49.999680 411.998400 40.000000 40.000000
V 349.999200 13.999680 28.000000 28.000000
V 349.999200 84.002400 40.000000 40.000000
V 361.000800 1159.992000 40.000000 40.000000
V 361.000800 967.968000 40.000000 40.000000
V 243.000000 871.992000 100.000000 80.000000
V 361.000800 871.992000 100.000000 80.000000
V 479.001600 871.992000 100.000000 80.000000
V 361.000800 776.016000 40.000000 40.000000
V 403.999200 295.999200 100.000000 80.000000
V 405.000000 1488.024000 40.000000 40.000000
V 405.000000 1255.968000 40.000000 40.000000
V 473.997600 180.000000 100.000000 80.000000
V 317.001600 1255.968000 100.000000 80.000000
E 0 1
E 1 2
E 1 24
E 2 27
E 17 3
E 3 18
E 24 4
E 4 25
E 6 5
E 5 14
E 13 6
E 6 14
E 8 7
E 7 11
E 8 9
E 10 8
E 9 11
E 10 12
E 13 10
E 11 12
E 12 16
E 22 13
E 13 23
E 13 26
E 14 16
E 16 15
E 23 16
E 26 16
E 25 17
E 27 17
E 18 19
E 18 20
E 18 21
E 19 22
E 20 22
E 21 22
E 24 25
G 627529073.json 17 20
V 139.003200 483.998400 100.000000 80.000000
V 133.999200 367.999200 40.000000 40.000000
V 13.999680 252.000000 28.000000 28.000000
V 238.003200 676.000800 100.000000 80.000000
V 238.003200 580.003200 40.000000 40.000000
V 335.001600 483.998400 40.000000 40.000000
V 133.999200 252.000000 40.000000 40.000000
V 238.003200 767.016000 30.000000 30.000000
V 453.002400 367.999200 100.000000 80.000000
V 133.999200 136.000800 100.000000 80.000000
V 94.996800 30.000240 40.000000 40.000000
V 335.001600 252.000000 40.000000 40.000000
V 335.001600 367.999200 100.000000 80.000000
V 252.000000 136.000800 100.000000 80.000000
V 221.997600 252.000000 100.000000 80.000000
V 352.000800 136.000800 63.875000 57.946000
V 352.000800 30.000240 62.001000 60.173000
E 0 1
E 4 0
E 1 2
E 1 6
E 10 1
E 1 14
E 3 4
E 7 3
E 4 5
E 11 4
E 4 14
E 5 8
E 5 12
E 6 9
E 6 13
E 8 11
E 9 10
E 12 11
U 14 15
E 15 16
G 638877105.json 29 34
V 148.003200 861.984000 51.849000 51.897000
V 210.002400 411.998400 51.849000 51.897000
V 207.000000 769.968000 120.440941 60.000000
V 29.000160 601.999200 30.000000 30.000000
V 69.999840 411.998400 100.000000 80.000000
V 182.001600 306.000000 107.924500 60.000000
V 94.003200 601.999200 30.000000 30.000000
V 182.001600 514.000800 107.924500 40.000000
V 230.997600 1014.984000 30.000000 30.000000
V 207.000000 861.984000 30.000000 30.000000
V 230.997600 943.992000 40.000000 40.000000
V 255.002400 861.984000 30.000000 30.000000
V 150.998400 601.999200 30.000000 30.000000
V 207.000000 684.000000 40.000000 40.000000
V 20.000160 514.000800 40.000000 40.000000
V 84.002400 514.000800 51.849000 51.897000
V 295.999200 213.998400 40.000000 40.000000
V 311.997600 601.999200 40.000000 40.000000
V 307.000800 514.000800 30.000000 30.000000
V 354.002400 411.998400 120.440941 60.000000
V 210.002400 601.999200 51.849000 51.897000
V 495.000000 122.997600 143.520402 57.885582
V 454.003200 29.000160 63.875000 57.946000
V 535.996800 29.000160 63.875000 57.946000
V 355.003200 514.000800 30.000000 30.000000
V 414.000000 514.000800 51.849000 51.897000
V 522.000000 213.998400 51.849000 51.897000
V 591.998400 213.998400 51.849000 51.897000
V 151.999200 411.998400 28.000000 28.000000
U 0 2
U 1 5
E 9 2
E 11 2
E 2 13
E 13 3
E 3 14
E 4 5
E 14 4
U 15 4
E 5 16
E 13 6
E 6 14
E 12 7
U 20 7
E 7 28
E 8 10
E 10 9
E 10 11
E 13 12
E 13 16
E 13 17
E 21 13
E 19 16
E 16 21
E 17 18
E 17 24
E 18 19
E 24 19
U 25 19
U 21 22
U 21 23
U 26 21
U 27 21
G 640366429.json 31 30
V 354.002400 964.008000 30.000000 30.000000
V 354.002400 893.016000 40.000000 40.000000
V 338.997600 721.008000 100.000000 80.000000
V 328.003200 816.984000 28.000000 28.000000
V 338.997600 630.000000 30.000000 30.000000
V 153.000000 532.497600 306.000000 93.000000
V 338.997600 532.497600 30.000000 30.000000
V 262.000800 320.997600 40.000000 40.000000
V 223.999200 13.999680 28.000000 28.000000
V 157.003200 224.503200 132.000000 74.000000
V 118.000800 105.998400 40.000000 40.000000
V 94.996800 13.999680 28.000000 28.000000
V 140.997600 13.999680 28.000000 28.000000
V 310.996800 413.503200 135.000000 73.000000
V 380.001600 816.984000 40.000000 40.000000
V 420.998400 721.008000 28.000000 28.000000
V 262.000800 224.503200 40.000000 40.000000
V 223.999200 105.998400 136.000000 80.000000
V 380.001600 105.998400 140.000000 81.000000
V 380.001600 13.999680 28.000000 28.000000
V 442.000800 532.497600 30.000000 30.000000
V 470.001600 413.503200 40.000000 40.000000
V 470.001600 320.997600 30.000000 30.000000
V 481.996800 105.998400 28.000000 28.000000
V 470.001600 224.503200 116.000000 81.000000
V 560.001600 320.997600 40.000000 40.000000
V 560.001600 224.503200 28.000000 28.000000
V 612.000000 224.503200 40.000000 40.000000
V 600.998400 105.998400 130.000000 84.000000
V 600.998400 13.999680 28.000000 28.000000
V 697.996800 105.998400 28.000000 28.000000
E 0 1
E 1 3
E 1 14
E 2 4
E 14 2
E 4 5
E 4 6
E 4 20
E 6 13
E 7 9
E 13 7
E 7 16
E 17 8
E 9 10
E 10 11
E 10 12
E 14 15
E 16 17
E 16 18
E 18 19
E 20 21
E 21 22
E 21 25
E 22 24
E 24 23
E 25 26
E 25 27
E 27 28
E 27 30
E 28 29
G 653765035.json 20 21
V 202.003200 1219.968000 100.000000 80.000000
V 202.003200 1123.992000 40.000000 40.000000
V 163.000800 1028.016000 100.000000 80.000000
V 240.998400 835.992000 100.000000 80.000000
V 163.000800 931.968000 40.000000 40.000000
V 122.997600 835.992000 100.000000 80.000000
V 122.997600 720.000000 114.000000 80.000000
V 122.997600 624.002400 40.000000 40.000000
V 57.000240 527.997600 114.000000 80.000000
V 57.000240 411.998400 114.000000 80.000000
V 122.997600 316.000800 40.000000 40.000000
V 122.997600 220.003200 114.000000 80.000000
V 122.997600 103.996800 114.000000 80.000000
V 122.997600 13.999680 28.000000 28.000000
V 243.000000 1503.000000 30.000000 30.000000
V 243.000000 1411.992000 100.000000 80.000000
V 243.000000 1316.016000 40.000000 40.000000
V 283.996800 1219.968000 28.000000 28.000000
V 189.000000 527.997600 114.000000 80.000000
V 189.000000 411.998400 114.000000 80.000000
E 0 1
E 16 0
E 1 2
E 3 1
E 2 4
E 4 3
E 4 5
E 5 6
E 6 7
E 7 8
E 7 18
E 8 9
E 9 10
E 10 11
E 19 10
E 11 12
E 12 13
E 14 15
E 15 16
E 16 17
E 18 19
G 6583415.json 18 19
V 314.503200 1021.968000 138.000000 80.000000
V 246.499200 905.976000 40.000000 40.000000
V 292.500000 714.002400 100.000000 80.000000
V 343.497600 481.996800 100.000000 80.000000
V 204.501600 249.998400 100.000000 80.000000
V 97.502400 119.001600 195.000000 110.000000
V 312.501600 119.001600 198.000000 93.000000
V 312.501600 13.999680 28.000000 28.000000
V 314.503200 1112.976000 30.000000 30.000000
V 126.496800 481.996800 100.000000 80.000000
V 126.496800 598.003200 100.000000 80.000000
V 126.496800 714.002400 30.000000 30.000000
V 382.500000 905.976000 195.000000 80.000000
V 288.496800 598.003200 111.000000 80.000000
V 343.497600 365.997600 125.000000 80.000000
V 204.501600 365.997600 40.000000 40.000000
V 292.500000 810.000000 40.000000 40.000000
V 382.500000 598.003200 40.000000 40.000000
E 0 1
E 8 0
U 0 12
E 1 15
E 1 16
U 2 13
E 16 2
E 2 17
U 3 14
E 3 15
E 17 3
U 4 5
E 4 6
E 15 4
E 6 7
E 10 9
E 9 15
E 11 10
E 16 17
G 660814312.json 23 29
V 268.999200 1603.008000 30.000000 30.000000
V 268.999200 1512.000000 100.000000 80.000000
V 229.996800 1420.992000 30.000000 30.000000
V 265.996800 155.001600 30.000000 30.000000
V 286.999200 84.002400 40.000000 40.000000
V 286.999200 13.999680 28.000000 28.000000
V 229.996800 1354.968000 30.000000 30.000000
V 229.996800 1264.032000 100.000000 80.000000
V 229.996800 1167.984000 40.000000 40.000000
V 192.002400 1096.992000 30.000000 30.000000
V 228.002400 284.997600 30.000000 30.000000
V 247.003200 220.003200 28.000000 28.000000
V 291.002400 1030.968000 28.000000 28.000000
V 192.002400 1030.968000 30.000000 30.000000
V 192.002400 940.032000 100.000000 80.000000
V 178.999200 748.008000 100.000000 80.000000
V 162.000000 652.003200 40.000000 40.000000
V 146.001600 439.999200 100.000000 80.000000
V 166.003200 349.999200 28.000000 28.000000
V 192.002400 843.984000 40.000000 40.000000
V 228.002400 439.999200 28.000000 28.000000
V 264.002400 652.003200 28.000000 28.000000
V 154.000800 555.998400 100.000000 80.000000
E 0 1
E 1 2
E 4 1
E 2 3
E 2 6
E 3 4
E 11 3
E 12 3
E 4 5
E 6 7
E 7 8
E 8 9
E 8 12
E 9 10
E 9 13
E 10 11
E 18 10
E 20 10
E 21 10
E 13 14
E 14 19
E 15 16
E 19 15
E 16 17
E 16 20
E 16 22
E 17 18
E 22 17
E 19 21
G 662661620.json 28 32
V 210.002400 1086.984000 30.000000 30.000000
V 229.003200 982.008000 100.000000 80.000000
V 229.003200 866.016000 100.000000 80.000000
V 229.003200 750.024000 100.000000 80.000000
V 187.999200 634.003200 100.000000 80.000000
V 187.999200 537.998400 40.000000 40.000000
V 139.996800 462.002400 40.000000 40.000000
V 194.997600 133.999200 100.000000 80.000000
V 49.999680 365.997600 100.000000 80.000000
V 167.997600 365.997600 100.000000 80.000000
V 127.000800 249.998400 30.000000 30.000000
V 190.000800 29.000160 28.000000 28.000000
V 254.001600 29.000160 63.875000 57.946000
V 274.996800 1086.984000 63.875000 57.946000
V 288.000000 634.003200 63.875000 57.946000
V 365.997600 1086.984000 30.000000 30.000000
V 365.997600 982.008000 100.000000 80.000000
V 365.997600 866.016000 100.000000 80.000000
V 365.997600 750.024000 100.000000 80.000000
V 315.000000 133.999200 100.000000 80.000000
V 388.000800 537.998400 40.000000 40.000000
V 388.000800 462.002400 40.000000 40.000000
V 374.997600 365.997600 100.000000 80.000000
V 532.000800 249.998400 100.000000 80.000000
V 388.000800 634.003200 100.000000 80.000000
V 492.998400 365.997600 100.000000 80.000000
V 357.998400 249.998400 30.000000 30.000000
V 318.002400 29.000160 28.000000 28.000000
E 0 1
E 1 2
E 13 1
E 2 3
E 3 4
U 3 14
E 4 5
E 5 6
E 5 7
E 9 5
E 6 8
E 6 9
E 10 7
E 7 11
U 7 12
E 8 10
E 19 12
U 18 14
E 15 16
E 16 17
E 17 18
E 18 24
E 20 19
E 26 19
E 19 27
E 20 21
E 23 20
E 24 20
E 21 22
E 21 25
E 22 26
E 25 23
G 66587859.json 18 17
V 92.001600 1056.024000 30.000000 30.000000
V 92.001600 965.016000 100.000000 80.000000
V 202.996800 133.999200 136.000000 80.000000
V 171.000000 29.000160 63.875000 57.946000
V 192.002400 616.996800 100.000000 80.000000
V 72.000000 500.997600 144.000000 50.000000
V 193.996800 378.496800 166.000000 93.000000
V 126.000000 253.000800 100.000000 50.000000
V 262.000800 253.000800 136.000000 86.000000
V 320.997600 133.999200 63.875000 57.946000
V 193.996800 500.997600 63.875000 57.946000
V 235.000800 29.000160 28.000000 28.000000
V 92.001600 849.024000 100.000000 80.000000
V 92.001600 733.032000 63.875000 57.946000
V 192.002400 733.032000 100.000000 80.000000
V 192.002400 849.024000 63.875000 57.946000
V 311.997600 500.997600 136.000000 80.000000
V 327.002400 378.496800 63.875000 57.946000
E 0 1
E 1 12
U 2 3
E 8 2
E 2 11
U 4 5
E 14 4
E 4 16
U 6 7
E 6 8
U 10 6
E 16 6
U 8 9
U 12 13
E 12 14
U 15 14
U 16 17
G 668312651.json 21 23
V 94.003200 1230.984000 30.000000 30.000000
V 94.003200 928.008000 40.000000 40.000000
V 49.999680 832.032000 100.000000 80.000000
V 211.003200 735.984000 40.000000 40.000000
V 78.998400 735.984000 40.000000 40.000000
V 226.000800 832.032000 100.000000 80.000000
V 211.003200 544.003200 40.000000 40.000000
V 193.996800 200.001600 40.000000 40.000000
V 193.996800 103.996800 100.000000 80.000000
V 193.996800 13.999680 28.000000 28.000000
V 226.000800 928.008000 30.000000 30.000000
V 253.000800 295.999200 100.000000 80.000000
V 211.003200 640.000800 100.000000 80.000000
V 135.000000 295.999200 100.000000 80.000000
V 94.003200 1139.976000 100.000000 80.000000
V 94.003200 1023.984000 114.000000 80.000000
V 78.998400 640.000800 100.000000 80.000000
V 138.002400 832.032000 40.000000 40.000000
V 78.998400 544.003200 28.000000 28.000000
V 186.998400 468.000000 40.000000 40.000000
V 235.000800 391.996800 40.000000 40.000000
E 0 14
E 1 2
E 15 1
E 1 17
E 2 4
E 5 3
E 3 12
E 17 3
E 4 16
E 17 4
E 10 5
E 12 6
E 6 19
E 6 20
E 7 8
E 11 7
E 13 7
E 8 9
E 20 11
E 19 13
E 14 15
E 16 18
E 19 20
G 685739361.json 21 23
V 257.666400 1108.008000 30.000000 30.000000
V 281.664000 1017.000000 123.000000 80.000000
V 281.664000 921.024000 40.000000 40.000000
V 260.668800 850.032000 30.000000 30.000000
V 329.666400 769.032000 30.000000 30.000000
V 234.662400 769.032000 123.000000 60.000000
V 63.665280 597.002400 88.000000 60.000000
V 246.664800 597.002400 30.000000 30.000000
V 246.664800 682.999200 40.000000 40.000000
V 286.668000 490.996800 30.000000 30.000000
V 286.668000 13.999680 28.000000 28.000000
V 169.668000 597.002400 88.000000 60.000000
V 169.668000 490.996800 100.000000 80.000000
V 169.668000 394.999200 40.000000 40.000000
V 185.666400 239.500800 123.000000 67.000000
V 173.664000 324.000000 30.000000 30.000000
V 191.664000 78.998400 30.000000 30.000000
V 191.664000 149.997600 40.000000 40.000000
V 242.668800 78.998400 30.000000 30.000000
V 191.664000 13.999680 28.000000 28.000000
V 305.668800 1108.008000 30.000000 30.000000
E 0 1
E 1 2
E 20 1
E 2 3
E 2 4
E 3 5
E 4 10
E 5 8
E 13 5
E 6 12
E 8 7
E 7 12
E 8 9
E 9 10
E 18 10
E 11 12
E 12 13
E 13 15
E 15 14
E 14 17
E 17 16
E 16 19
E 17 18
G 703235638.json 17 18
V 167.997600 735.984000 40.000000 40.000000
V 49.999680 640.000800 100.000000 80.000000
V 167.997600 640.000800 100.000000 80.000000
V 285.998400 640.000800 100.000000 80.000000
V 227.001600 447.998400 100.000000 80.000000
V 135.000000 180.000000 100.000000 80.000000
V 201.002400 275.997600 28.000000 28.000000
V 49.999680 544.003200 28.000000 28.000000
V 253.000800 180.000000 100.000000 80.000000
V 311.997600 13.999680 28.000000 28.000000
V 371.001600 180.000000 100.000000 80.000000
V 311.997600 84.002400 40.000000 40.000000
V 253.000800 275.997600 40.000000 40.000000
V 227.001600 544.003200 40.000000 40.000000
V 227.001600 352.000800 40.000000 40.000000
V 135.000000 84.002400 28.000000 28.000000
V 167.997600 806.976000 30.000000 30.000000
E 0 1
E 0 2
E 0 3
E 16 0
E 1 7
E 2 13
E 3 13
E 13 4
E 4 14
E 12 5
E 5 15
E 14 6
E 8 11
E 12 8
E 11 9
E 10 11
E 12 10
E 14 12
G 705022951.json 20 25
V 204.501600 1156.032000 30.000000 30.000000
V 52.500240 990.000000 105.000000 55.000000
V 204.501600 1084.968000 40.000000 40.000000
V 248.500800 14.999760 30.000000 30.000000
V 171.496800 639.000000 30.000000 30.000000
V 179.503200 823.968000 30.000000 30.000000
V 308.498400 823.968000 30.000000 30.000000
V 249.501600 823.968000 30.000000 30.000000
V 312.501600 733.968000 30.000000 30.000000
V 171.496800 733.968000 139.000000 77.538499
V 97.502400 104.997600 74.000000 77.538499
V 170.503200 555.501600 100.000000 55.000000
V 117.496800 399.002400 74.000000 54.500000
V 128.498400 477.000000 30.000000 30.000000
V 170.503200 316.000800 40.000000 40.000000
V 277.502400 639.000000 40.000000 40.000000
V 170.503200 220.003200 100.000000 80.000000
V 170.503200 104.997600 28.000000 28.000000
V 226.497600 895.032000 40.000000 40.000000
V 226.497600 990.000000 206.000000 77.538499
E 0 2
E 2 1
E 10 1
E 1 18
E 2 3
E 3 4
E 10 3
E 9 4
E 4 11
E 5 9
E 18 5
E 6 8
E 18 6
E 7 15
E 18 7
E 10 12
E 16 10
E 11 13
E 14 11
E 13 12
E 12 14
E 14 16
E 15 16
E 16 17
U 19 18
G 720816269.json 18 18
V 229.003200 793.008000 100.000000 80.000000
V 229.003200 884.016000 30.000000 30.000000
V 229.003200 677.498400 118.000000 79.000000
V 205.999200 587.001600 28.000000 28.000000
V 253.000800 587.001600 30.000000 30.000000
V 253.000800 516.002400 40.000000 40.000000
V 191.001600 419.997600 111.000000 46.000000
V 315.000000 419.997600 100.000000 80.000000
V 315.000000 328.996800 28.000000 28.000000
V 191.001600 328.996800 28.000000 28.000000
V 96.998400 516.002400 30.000000 30.000000
V 96.998400 419.997600 40.000000 40.000000
V 121.003200 328.996800 30.000000 30.000000
V 121.003200 257.997600 40.000000 40.000000
V 78.998400 176.997600 111.000000 50.000000
V 58.999680 90.000000 118.000000 52.000000
V 121.003200 13.999680 28.000000 28.000000
V 183.002400 90.000000 94.000000 48.000000
E 1 0
E 0 2
E 2 3
E 2 4
E 4 5
E 5 6
E 5 7
E 6 9
E 6 12
E 7 8
E 10 11
E 11 12
E 12 13
E 13 14
E 13 17
E 14 15
E 15 16
E 17 16
G 721737389.json 16 22
V 20.000160 313.999200 40.000000 40.000000
V 20.000160 238.003200 40.000000 40.000000
V 136.000800 313.999200 40.000000 40.000000
V 106.999200 536.997600 30.000000 30.000000
V 106.999200 85.996800 40.000000 40.000000
V 77.997600 313.999200 40.000000 40.000000
V 77.997600 390.002400 40.000000 40.000000
V 77.997600 162.000000 40.000000 40.000000
V 136.000800 238.003200 40.000000 40.000000
V 193.996800 238.003200 40.000000 40.000000
V 77.997600 238.003200 40.000000 40.000000
V 136.000800 162.000000 40.000000 40.000000
V 106.999200 465.998400 40.000000 40.000000
V 193.996800 313.999200 40.000000 40.000000
V 106.999200 14.999760 30.000000 30.000000
V 136.000800 390.002400 40.000000 40.000000
E 0 1
E 6 0
E 0 10
E 5 1
E 1 7
E 2 8
E 2 9
E 15 2
E 3 12
E 7 4
E 11 4
E 4 14
E 6 5
E 5 10
E 12 6
E 10 7
E 8 11
E 13 8
E 9 11
E 13 9
E 12 15
E 15 13
G 722326052.json 18 19
V 50.999760 1148.472000 30.000000 30.000000
V 88.999200 640.000800 100.000000 80.000000
V 88.999200 544.003200 40.000000 40.000000
V 82.000800 295.999200 100.000000 80.000000
V 200.001600 295.999200 100.000000 80.000000
V 140.997600 200.001600 40.000000 40.000000
V 88.999200 1023.984000 100.000000 80.000000
V 128.001600 1148.472000 88.000000 97.000000
V 88.999200 928.008000 40.000000 40.000000
V 49.999680 832.032000 100.000000 80.000000
V 88.999200 735.984000 40.000000 40.000000
V 63.000000 468.000000 28.000000 28.000000
V 88.999200 391.996800 28.000000 28.000000
V 114.998400 468.000000 40.000000 40.000000
V 140.997600 391.996800 40.000000 40.000000
V 100.000800 103.996800 28.000000 28.000000
V 182.001600 103.996800 100.000000 80.000000
V 182.001600 13.999680 28.000000 28.000000
E 0 6
E 1 2
E 10 1
E 2 11
E 2 13
E 3 5
E 14 3
E 4 5
E 14 4
E 5 15
E 5 16
E 7 6
E 6 8
E 8 9
E 8 10
E 9 10
E 13 12
E 13 14
E 16 17
G 722872751.json 39 46
V 166.996800 2351.016000 30.000000 30.000000
V 166.996800 2260.008000 100.000000 80.000000
V 166.996800 2164.032000 40.000000 40.000000
V 108.000000 2067.984000 100.000000 80.000000
V 226.000800 2067.984000 100.000000 80.000000
V 226.000800 1951.992000 100.000000 80.000000
V 108.000000 1951.992000 100.000000 80.000000
V 166.996800 1856.016000 40.000000 40.000000
V 166.996800 1759.968000 100.000000 80.000000
V 166.996800 1643.976000 100.000000 80.000000
V 166.996800 1548.000000 40.000000 40.000000
V 49.999680 1452.024000 100.000000 80.000000
V 258.998400 1260.000000 100.000000 80.000000
V 258.998400 1144.008000 40.000000 40.000000
V 205.999200 1028.016000 100.000000 80.000000
V 128.001600 931.968000 28.000000 28.000000
V 324.000000 1028.016000 100.000000 80.000000
V 49.999680 1144.008000 100.000000 80.000000
V 205.999200 1452.024000 100.000000 80.000000
V 258.998400 1355.976000 40.000000 40.000000
V 363.002400 931.968000 40.000000 40.000000
V 363.002400 835.992000 100.000000 80.000000
V 363.002400 740.016000 40.000000 40.000000
V 205.999200 643.996800 100.000000 80.000000
V 236.001600 180.000000 100.000000 80.000000
V 324.000000 643.996800 100.000000 80.000000
V 324.000000 527.997600 100.000000 80.000000
V 363.002400 84.002400 40.000000 40.000000
V 363.002400 13.999680 28.000000 28.000000
V 401.997600 295.999200 100.000000 80.000000
V 480.002400 643.996800 100.000000 80.000000
V 480.002400 527.997600 40.000000 40.000000
V 480.002400 411.998400 100.000000 80.000000
V 598.003200 411.998400 100.000000 80.000000
V 519.998400 295.999200 100.000000 80.000000
V 519.998400 180.000000 40.000000 40.000000
V 128.001600 1260.000000 100.000000 80.000000
V 324.000000 1452.024000 100.000000 80.000000
V 324.000000 1355.976000 28.000000 28.000000
E 0 1
E 1 2
E 2 3
E 2 4
E 3 6
E 4 5
E 5 7
E 6 7
E 7 8
E 8 9
E 9 10
E 10 11
E 10 18
E 10 36
E 10 37
E 11 17
E 12 13
E 19 12
E 13 14
E 13 16
E 14 15
E 17 15
E 36 15
E 16 20
E 18 19
E 19 20
E 20 21
E 21 22
E 22 23
E 22 25
E 22 29
E 22 30
E 23 24
E 24 27
E 25 26
E 26 27
E 27 28
E 29 27
E 35 27
E 30 31
E 31 32
E 31 33
E 32 34
E 33 35
E 34 35
E 37 38
G 724015086.json 16 18
V 49.999680 488.001600 100.000000 80.000000
V 284.997600 1078.992000 30.000000 30.000000
V 284.997600 1008.000000 40.000000 40.000000
V 246.002400 912.024000 100.000000 80.000000
V 240.998400 796.032000 40.000000 40.000000
V 132.998400 679.996800 100.000000 80.000000
V 132.998400 583.999200 40.000000 40.000000
V 250.999200 679.996800 100.000000 80.000000
V 167.997600 488.001600 100.000000 80.000000
V 163.000800 372.002400 40.000000 40.000000
V 250.999200 372.002400 100.000000 80.000000
V 250.999200 275.997600 40.000000 40.000000
V 328.996800 796.032000 100.000000 80.000000
V 290.001600 200.001600 40.000000 40.000000
V 290.001600 103.996800 100.000000 80.000000
V 290.001600 13.999680 28.000000 28.000000
E 6 0
E 0 9
E 1 2
E 2 3
E 2 12
E 3 4
E 4 5
E 4 7
E 5 6
E 6 8
E 7 10
E 8 9
E 9 11
E 10 11
E 11 13
E 12 13
E 13 14
E 14 15
G 742653708.json 15 16
V 49.999680 13.999680 28.000000 28.000000
V 49.999680 103.996800 100.000000 80.000000
V 293.997600 527.997600 100.000000 80.000000
V 268.999200 411.998400 100.000000 80.000000
V 333.000000 643.996800 100.000000 80.000000
V 333.000000 734.976000 30.000000 30.000000
V 268.999200 295.999200 100.000000 80.000000
V 387.000000 411.998400 100.000000 80.000000
V 268.999200 200.001600 40.000000 40.000000
V 250.999200 103.996800 100.000000 80.000000
V 112.996800 295.999200 100.000000 80.000000
V 112.996800 411.998400 100.000000 80.000000
V 191.001600 527.997600 40.000000 40.000000
V 112.996800 200.001600 40.000000 40.000000
V 131.997600 103.996800 28.000000 28.000000
E 1 0
E 13 1
E 2 3
E 4 2
E 3 6
E 12 3
E 5 4
E 4 7
E 6 8
E 7 8
E 8 9
E 9 12
E 11 10
E 10 13
E 12 11
E 13 14
G 743199284.json 19 19
V 204.501600 1116.000000 30.000000 30.000000
V 163.497600 900.504000 40.000000 40.000000
V 98.503200 699.998400 100.000000 80.000000
V 201.499200 352.000800 63.875000 57.946000
V 315.496800 261.000000 30.000000 30.000000
V 315.496800 352.000800 127.994590 80.000000
V 95.500800 583.999200 30.000000 30.000000
V 204.501600 1024.992000 100.000000 80.000000
V 197.503200 583.999200 121.000000 80.000000
V 201.499200 468.000000 100.000000 80.000000
V 245.498400 900.504000 88.000000 97.000000
V 139.500000 796.032000 40.000000 40.000000
V 187.502400 699.998400 40.000000 40.000000
V 315.496800 13.999680 28.000000 28.000000
V 315.496800 103.996800 135.494590 80.000000
V 315.496800 194.997600 30.000000 30.000000
V 75.499200 352.000800 150.884080 80.000000
V 75.499200 261.000000 28.000000 28.000000
V 79.502400 468.000000 30.000000 30.000000
E 0 7
E 7 1
E 1 11
E 1 12
E 2 6
E 11 2
U 9 3
E 5 4
E 4 15
E 9 5
E 6 18
E 7 10
E 8 9
E 12 8
E 11 12
E 14 13
E 15 14
E 16 17
E 18 16
G 758491839.json 37 37
V 167.997600 2368.512000 30.000000 30.000000
V 193.996800 2272.032000 112.000000 80.000000
V 193.996800 2181.024000 30.000000 30.000000
V 193.996800 2115.000000 30.000000 30.000000
V 193.996800 2023.992000 100.000000 80.000000
V 153.000000 1715.976000 100.000000 80.000000
V 153.000000 1624.968000 30.000000 30.000000
V 153.000000 1559.016000 30.000000 30.000000
V 153.000000 1468.008000 100.000000 80.000000
V 153.000000 1285.992000 141.000000 80.000000
V 49.999680 786.024000 100.000000 80.000000
V 49.999680 689.997600 28.000000 28.000000
V 167.997600 786.024000 100.000000 80.000000
V 167.997600 689.997600 40.000000 40.000000
V 119.001600 594.000000 100.000000 80.000000
V 153.000000 1377.000000 30.000000 30.000000
V 227.001600 478.000800 100.000000 80.000000
V 193.996800 1908.000000 100.000000 80.000000
V 193.996800 1812.024000 40.000000 40.000000
V 235.000800 1715.976000 28.000000 28.000000
V 220.003200 2368.512000 38.000000 41.000000
V 109.000800 1068.984000 40.000000 40.000000
V 85.003200 993.024000 30.000000 30.000000
V 167.997600 902.016000 100.000000 80.000000
V 149.997600 993.024000 30.000000 30.000000
V 49.999680 902.016000 100.000000 80.000000
V 196.999200 1068.984000 100.000000 50.000000
V 153.000000 1170.000000 100.000000 80.000000
V 109.000800 478.000800 100.000000 80.000000
V 167.997600 382.003200 40.000000 40.000000
V 167.997600 285.998400 100.000000 80.000000
V 49.999680 169.999200 100.000000 50.000000
V 167.997600 169.999200 100.000000 80.000000
V 250.999200 169.999200 30.000000 30.000000
V 250.999200 78.998400 28.000000 28.000000
V 167.997600 78.998400 30.000000 30.000000
V 167.997600 13.999680 28.000000 28.000000
E 0 1
E 1 2
E 20 1
E 2 3
E 3 4
E 4 17
E 5 6
E 18 5
E 6 7
E 7 8
E 8 15
E 15 9
E 9 27
E 10 11
E 25 10
E 12 13
E 23 12
E 13 14
E 13 16
E 14 28
E 16 29
E 17 18
E 18 19
E 21 22
E 21 24
E 27 21
E 22 25
E 24 23
U 27 26
E 28 29
E 29 30
U 30 31
E 30 32
E 30 33
E 32 35
E 33 34
E 35 36
G 766952849.json 35 49
V 127.000800 2416.968000 30.000000 30.000000
V 127.000800 2345.976000 40.000000 40.000000
V 87.998400 2250.000000 100.000000 80.000000
V 128.001600 1941.984000 100.000000 80.000000
V 49.999680 2134.008000 100.000000 80.000000
V 49.999680 2038.032000 40.000000 40.000000
V 88.999200 1825.992000 100.000000 80.000000
V 67.999680 452.001600 100.000000 80.000000
V 106.999200 220.003200 100.000000 80.000000
V 124.999200 103.996800 100.000000 80.000000
V 124.999200 13.999680 28.000000 28.000000
V 166.996800 1643.976000 100.000000 80.000000
V 148.003200 1734.984000 30.000000 30.000000
V 184.996800 1548.000000 40.000000 40.000000
V 184.996800 1471.968000 100.788252 40.000000
V 264.002400 1396.008000 40.000000 40.000000
V 382.003200 1300.032000 100.000000 80.000000
V 499.996800 1300.032000 100.000000 80.000000
V 146.001600 1300.032000 100.000000 80.000000
V 264.002400 1300.032000 100.000000 80.000000
V 267.998400 1203.984000 40.000000 40.000000
V 267.998400 1108.008000 100.000000 80.000000
V 147.002400 992.016000 100.000000 80.000000
V 383.997600 876.024000 100.000000 80.000000
V 273.002400 992.016000 40.000000 40.000000
V 265.996800 876.024000 100.000000 80.000000
V 148.003200 876.024000 100.000000 80.000000
V 148.003200 779.976000 40.000000 40.000000
V 147.002400 684.000000 100.000000 80.000000
V 151.999200 568.000800 100.000000 80.000000
V 156.002400 452.001600 40.000000 40.000000
V 106.999200 336.002400 100.000000 80.000000
V 225.000000 336.002400 100.000000 80.000000
V 225.000000 220.003200 100.000000 80.000000
V 225.000000 103.996800 28.000000 28.000000
E 0 1
E 1 2
E 1 3
E 3 2
E 2 4
E 5 3
E 3 6
E 4 5
E 5 6
E 6 7
E 6 12
E 7 8
E 29 7
E 7 31
E 8 9
E 31 8
E 9 10
E 33 9
E 12 11
E 11 13
E 13 14
E 13 15
E 14 15
E 15 16
E 15 17
E 15 18
E 15 19
E 16 20
E 17 20
E 18 20
E 19 20
E 20 21
E 20 22
E 20 23
E 21 24
E 21 26
E 22 26
E 24 23
E 24 25
E 24 26
E 26 27
E 27 28
E 27 29
E 28 29
E 29 30
E 30 31
E 30 32
E 32 33
E 33 34
G 771591553.json 21 22
V 91.000800 1660.968000 30.000000 30.000000
V 91.000800 1570.032000 100.000000 80.000000
V 91.000800 1453.968000 100.000000 80.000000
V 76.003200 1049.976000 40.000000 40.000000
V 43.999920 954.000000 88.000000 80.000000
V 139.996800 686.001600 100.000000 80.000000
V 76.003200 1146.024000 100.000000 80.000000
V 139.996800 781.992000 40.000000 40.000000
V 115.999200 858.024000 40.000000 40.000000
V 139.996800 570.002400 100.000000 80.000000
V 81.000000 337.996800 100.000000 80.000000
V 91.000800 1337.976000 100.000000 80.000000
V 91.000800 1242.000000 40.000000 40.000000
V 139.996800 454.003200 100.000000 80.000000
V 81.000000 221.997600 100.000000 80.000000
V 81.000000 105.998400 100.000000 80.000000
V 81.000000 14.999760 30.000000 30.000000
V 193.996800 1146.024000 100.000000 80.000000
V 193.996800 954.000000 100.000000 80.000000
V 193.996800 1242.000000 100.000000 40.000000
V 199.000800 337.996800 100.000000 40.000000
E 0 1
E 1 2
E 2 11
E 3 4
E 6 3
E 3 8
E 4 8
E 7 5
E 5 9
E 12 6
E 8 7
E 18 7
E 9 13
E 13 10
E 10 14
E 11 12
E 12 17
U 13 20
E 14 15
E 15 16
E 17 18
U 19 17
G 777733716.json 17 20
V 239.997600 452.001600 100.000000 80.000000
V 239.997600 336.002400 100.000000 80.000000
V 239.997600 220.003200 100.000000 80.000000
V 239.997600 103.996800 100.000000 80.000000
V 239.997600 13.999680 28.000000 28.000000
V 25.999920 984.024000 30.000000 30.000000
V 74.001600 984.024000 30.000000 30.000000
V 167.997600 913.032000 30.000000 30.000000
V 49.999680 816.984000 100.000000 80.000000
V 167.997600 816.984000 100.000000 80.000000
V 49.999680 913.032000 40.000000 40.000000
V 84.002400 692.503200 40.000000 40.000000
V 279.000000 568.000800 100.000000 80.000000
V 285.998400 692.503200 88.000000 97.000000
V 122.997600 568.000800 100.000000 80.000000
V 285.998400 816.984000 100.000000 80.000000
V 192.002400 692.503200 63.875000 57.946000
E 0 1
E 12 0
E 16 0
E 1 2
E 2 3
E 3 4
E 5 10
E 6 10
E 7 9
E 10 8
E 8 11
E 9 11
E 9 16
E 11 14
E 15 12
E 16 12
E 15 13
E 14 15
E 16 14
E 15 16
G 786932389.json 35 39
V 346.996800 718.502400 30.000000 30.000000
V 326.001600 819.000000 30.000000 30.000000
V 178.999200 391.996800 100.000000 80.000000
V 178.999200 295.999200 40.000000 40.000000
V 162.000000 482.997600 30.000000 30.000000
V 142.999200 200.001600 28.000000 28.000000
V 225.000000 200.001600 100.000000 80.000000
V 257.997600 1245.528000 100.000000 80.000000
V 257.997600 995.472000 161.709999 99.360000
V 257.997600 718.502400 111.000000 99.360000
V 257.997600 819.000000 30.000000 30.000000
V 126.000000 583.502400 146.320001 99.360000
V 163.000800 94.003200 30.000000 30.000000
V 257.997600 1120.968000 100.000000 80.000000
V 257.997600 889.992000 40.000000 40.000000
V 151.999200 718.502400 63.875000 57.946000
V 31.999680 718.502400 63.875000 57.946000
V 223.999200 1370.016000 161.709999 80.000000
V 346.996800 583.502400 161.709999 80.000000
V 355.996800 94.003200 63.875000 57.946000
V 298.000800 1768.968000 30.000000 30.000000
V 298.000800 1678.032000 100.000000 80.000000
V 436.003200 200.001600 100.000000 80.000000
V 436.003200 295.999200 40.000000 40.000000
V 553.996800 200.001600 100.000000 80.000000
V 436.996800 94.003200 62.001000 60.173000
V 529.999200 13.999680 28.000000 28.000000
V 529.999200 94.003200 40.000000 40.000000
V 146.001600 1245.528000 88.000000 97.000000
V 298.000800 1561.968000 100.000000 80.000000
V 298.000800 1465.992000 40.000000 40.000000
V 373.003200 1370.016000 100.000000 80.000000
V 373.003200 1245.528000 28.000000 28.000000
V 372.002400 482.997600 30.000000 30.000000
V 398.001600 391.996800 100.000000 80.000000
E 1 0
E 0 18
E 14 1
E 2 3
E 4 2
E 3 5
E 3 6
E 11 4
E 6 12
E 7 13
E 17 7
E 13 8
E 8 14
E 10 9
E 9 11
E 14 10
E 12 11
E 11 14
U 15 11
U 16 11
E 17 28
E 30 17
U 18 19
E 18 33
U 22 19
U 34 19
E 20 21
E 21 29
E 23 22
U 22 25
E 22 27
E 23 24
E 34 23
E 24 27
E 27 26
E 29 30
E 30 31
E 31 32
E 33 34
G 788960599.json 35 46
V 255.002400 2172.024000 100.000000 80.000000
V 216.000000 1509.984000 100.000000 80.000000
V 255.002400 1414.008000 40.000000 40.000000
V 255.002400 1318.032000 100.000000 80.000000
V 320.997600 496.000800 100.000000 80.000000
V 216.000000 2081.016000 30.000000 30.000000
V 216.000000 1600.992000 30.000000 30.000000
V 255.002400 1227.024000 30.000000 30.000000
V 347.997600 612.000000 30.000000 30.000000
V 255.002400 2263.032000 30.000000 30.000000
V 308.001600 380.001600 100.000000 80.000000
V 283.003200 290.001600 28.000000 28.000000
V 156.002400 2003.976000 30.000000 30.000000
V 138.002400 1902.024000 100.000000 80.000000
V 59.999760 1680.984000 63.875000 57.946000
V 138.002400 1786.032000 100.000000 80.000000
V 154.000800 1048.032000 100.000000 80.000000
V 138.002400 1680.984000 30.000000 30.000000
V 154.000800 1149.984000 30.000000 30.000000
V 59.999760 2003.976000 51.849000 51.897000
V 81.000000 843.984000 100.000000 80.000000
V 121.996800 727.992000 100.000000 80.000000
V 154.000800 946.008000 40.000000 40.000000
V 216.000000 612.000000 100.000000 80.000000
V 347.997600 843.984000 100.000000 80.000000
V 347.997600 727.992000 28.000000 28.000000
V 216.000000 843.984000 51.849000 51.897000
V 362.001600 946.008000 51.849000 51.897000
V 94.003200 1149.984000 51.849000 51.897000
V 250.999200 1149.984000 51.849000 51.897000
V 216.000000 727.992000 51.849000 51.897000
V 216.000000 225.000000 30.000000 30.000000
V 108.000000 133.999200 100.000000 80.000000
V 76.003200 29.000160 63.875000 57.946000
V 139.996800 29.000160 28.000000 28.000000
E 2 0
E 0 5
E 9 0
E 1 2
E 6 1
E 2 3
E 3 7
E 8 4
E 4 10
E 5 6
E 5 12
E 17 6
E 7 8
E 7 18
E 25 8
E 10 11
E 11 31
E 12 13
U 13 14
E 13 15
U 19 13
U 14 20
E 15 17
U 19 15
E 18 16
E 16 22
U 28 16
U 29 16
E 17 18
U 19 32
E 20 21
E 22 20
U 28 20
E 21 23
U 26 21
U 29 21
E 22 24
U 29 23
U 30 23
E 23 31
E 24 25
U 27 24
U 29 24
E 31 32
U 32 33
E 32 34
G 79495846.json 20 25
V 358.999200 711.000000 30.000000 30.000000
V 358.999200 630.000000 83.000000 60.000000
V 254.001600 447.998400 83.000000 60.000000
V 254.001600 356.997600 40.000000 40.000000
V 324.000000 538.999200 83.000000 40.000000
V 84.002400 265.996800 83.000000 60.000000
V 84.002400 169.999200 83.000000 60.000000
V 84.002400 84.002400 98.000000 40.000000
V 247.003200 265.996800 83.000000 60.000000
V 347.997600 265.996800 83.000000 55.000000
V 406.000800 447.998400 83.000000 40.000000
V 340.999200 356.997600 98.000000 40.000000
V 347.997600 169.999200 83.000000 55.000000
V 483.998400 538.999200 124.000000 50.000000
V 166.003200 356.997600 100.000000 50.000000
V 193.003200 169.999200 98.000000 40.000000
V 352.000800 84.002400 98.000000 40.000000
V 265.003200 84.002400 40.000000 40.000000
V 265.003200 13.999680 28.000000 28.000000
V 49.000320 356.997600 98.000000 40.000000
E 0 1
E 1 2
E 1 4
E 1 10
U 1 13
E 2 3
E 4 2
E 2 11
U 2 14
E 2 19
E 3 5
E 3 8
E 3 9
E 5 6
E 19 5
E 6 7
E 6 17
E 8 15
E 8 17
E 10 9
E 11 9
E 9 12
E 12 16
E 12 17
E 17 18
G 807976605.json 23 25
V 109.000800 1618.992000 123.606137 62.355140
V 109.000800 1532.016000 40.000000 40.000000
V 67.000320 882.504000 134.214182 67.322328
V 67.000320 793.008000 40.000000 40.000000
V 67.000320 1108.512000 98.921937 80.516406
V 67.000320 992.016000 111.202046 80.000000
V 114.998400 470.001600 111.202046 80.000000
V 67.000320 1326.024000 122.404091 68.035032
V 67.000320 1220.472000 100.000000 70.956737
V 114.998400 582.998400 111.202046 73.843408
V 95.997600 1983.024000 98.166989 62.355140
V 154.000800 1705.968000 40.000000 40.000000
V 157.003200 178.502400 123.212274 55.500000
V 157.003200 13.999680 28.000000 28.000000
V 157.003200 89.503200 122.808183 51.250000
V 154.000800 1882.512000 123.606137 67.322328
V 157.003200 266.500800 104.365743 49.250000
V 157.003200 360.496800 111.202046 67.322328
V 154.000800 1787.472000 123.606137 51.250000
V 95.997600 2065.032000 30.000000 30.000000
V 112.003200 1435.968000 111.202046 79.644655
V 114.998400 696.499200 111.202046 80.516406
V 212.997600 1983.024000 100.000000 40.000000
E 0 1
E 11 0
E 1 7
E 1 20
E 2 3
E 5 2
E 3 9
E 3 21
E 4 5
E 8 4
E 9 6
E 6 17
E 7 8
E 20 7
E 21 9
E 10 15
E 19 10
E 11 17
E 18 11
E 12 14
E 16 12
E 14 13
E 15 18
E 22 15
E 17 16
G 809091267.json 19 20
V 671.500800 5891.976000 30.000000 30.000000
V 650.498400 1263.024000 30.000000 30.000000
V 647.503200 1192.032000 40.000000 40.000000
V 326.498400 732.024000 100.000000 80.000000
V 326.498400 635.997600 40.000000 40.000000
V 287.503200 540.000000 100.000000 80.000000
V 235.497600 220.003200 100.000000 80.000000
V 353.498400 220.003200 100.000000 80.000000
V 671.500800 3635.496000 1342.532438 4410.841214
V 294.501600 321.998400 40.000000 40.000000
V 235.497600 103.996800 100.000000 80.000000
V 647.503200 972.000000 40.000000 40.000000
V 613.497600 732.024000 28.000000 28.000000
V 671.500800 1354.032000 100.000000 80.000000
V 695.498400 732.024000 100.000000 80.000000
V 326.498400 972.000000 565.499507 328.299995
V 235.497600 13.999680 28.000000 28.000000
V 326.498400 424.000800 100.000000 80.000000
V 358.502400 321.998400 51.849000 51.897000
E 0 8
E 1 2
E 13 1
E 2 11
E 2 15
E 3 4
E 15 3
E 4 5
E 4 17
E 5 17
E 9 6
E 6 10
E 9 7
E 8 13
E 17 9
E 10 16
E 11 12
E 11 14
E 14 13
U 17 18
G 815284502.json 29 32
V 380.001600 693.000000 100.000000 80.000000
V 340.999200 585.496800 30.000000 30.000000
V 380.001600 793.008000 30.000000 30.000000
V 275.997600 194.997600 30.000000 30.000000
V 275.997600 103.996800 100.000000 80.000000
V 275.997600 13.999680 28.000000 28.000000
V 301.996800 265.996800 40.000000 40.000000
V 326.001600 194.997600 30.000000 30.000000
V 407.001600 103.996800 100.000000 55.000000
V 340.999200 478.000800 30.000000 30.000000
V 340.999200 362.001600 100.000000 80.000000
V 70.999920 1438.992000 30.000000 30.000000
V 70.999920 1347.984000 100.000000 80.000000
V 70.999920 1231.992000 56.000000 24.000000
V 131.997600 793.008000 30.000000 30.000000
V 131.997600 693.000000 100.000000 80.000000
V 119.001600 585.496800 75.000000 63.500000
V 33.999840 1000.008000 30.000000 30.000000
V 49.999680 888.480000 100.000000 70.500009
V 166.996800 1231.992000 100.000000 80.000000
V 166.996800 1347.984000 56.000000 49.000000
V 166.996800 1116.000000 100.000000 80.000000
V 111.002400 1000.008000 88.000000 48.500000
V 222.998400 1000.008000 100.000000 80.000000
V 164.001600 888.480000 30.000000 30.000000
V 222.998400 793.008000 75.000000 48.500000
V 184.996800 478.000800 100.000000 80.000000
V 184.996800 362.001600 100.000000 80.000000
V 237.002400 265.996800 28.000000 28.000000
E 0 1
E 2 0
E 8 0
E 1 6
E 1 9
E 3 4
E 6 3
E 28 3
E 4 5
E 6 7
E 10 6
E 7 8
E 9 10
E 11 12
E 12 13
E 12 19
E 14 15
E 18 14
E 24 14
E 15 16
E 15 26
E 16 26
E 17 18
E 20 19
E 19 21
E 21 22
E 21 23
E 23 24
E 23 25
E 25 26
E 26 27
E 27 28
G 821368239.json 31 37
V 285.998400 1729.008000 30.000000 30.000000
V 285.998400 1542.024000 40.000000 40.000000
V 285.998400 1638.000000 100.000000 80.000000
V 227.001600 1222.992000 30.000000 30.000000
V 265.003200 1471.032000 30.000000 30.000000
V 184.003200 402.998400 30.000000 30.000000
V 184.003200 311.997600 28.000000 28.000000
V 247.996800 13.999680 28.000000 28.000000
V 227.001600 469.000800 30.000000 30.000000
V 227.001600 155.001600 30.000000 30.000000
V 247.996800 84.002400 40.000000 40.000000
V 87.998400 909.000000 30.000000 30.000000
V 87.998400 838.008000 40.000000 40.000000
V 131.997600 742.032000 28.000000 28.000000
V 73.000800 1156.968000 30.000000 30.000000
V 57.000240 560.001600 28.000000 28.000000
V 72.000000 1066.032000 28.000000 28.000000
V 51.999840 1222.992000 30.000000 30.000000
V 49.999680 742.032000 100.000000 80.000000
V 210.002400 1405.008000 30.000000 30.000000
V 180.000000 1314.000000 100.000000 80.000000
V 166.996800 1222.992000 30.000000 30.000000
V 166.996800 1156.968000 30.000000 30.000000
V 154.000800 1066.032000 100.000000 80.000000
V 148.996800 560.001600 100.000000 80.000000
V 148.996800 469.000800 30.000000 30.000000
V 154.000800 975.024000 30.000000 30.000000
V 148.996800 651.002400 30.000000 30.000000
V 102.002400 402.998400 30.000000 30.000000
V 102.002400 311.997600 100.000000 80.000000
V 142.999200 220.996800 30.000000 30.000000
E 0 2
E 2 1
E 1 3
E 1 4
E 3 8
E 3 22
E 4 10
E 4 19
E 5 6
E 8 5
E 25 5
E 10 7
E 8 9
E 9 10
E 30 9
E 11 12
E 17 11
E 26 11
E 12 13
E 12 18
E 13 27
E 14 16
E 17 14
E 21 14
E 18 15
E 15 28
E 19 20
E 20 21
E 21 22
E 22 23
E 23 26
E 24 25
E 27 24
E 25 28
E 26 27
E 28 29
E 29 30
G 822599874.json 19 21
V 205.999200 1145.016000 30.000000 30.000000
V 205.999200 1054.008000 100.000000 80.000000
V 171.000000 949.032000 40.000000 40.000000
V 112.003200 843.984000 100.000000 80.000000
V 229.996800 843.984000 100.000000 80.000000
V 212.997600 739.008000 40.000000 40.000000
V 226.000800 634.003200 100.000000 80.000000
V 148.003200 517.996800 100.000000 80.000000
V 109.000800 421.999200 40.000000 40.000000
V 49.999680 249.998400 100.000000 80.000000
V 109.000800 346.003200 40.000000 40.000000
V 167.997600 249.998400 100.000000 80.000000
V 109.000800 133.999200 100.000000 80.000000
V 76.996800 29.000160 63.875000 57.946000
V 140.997600 29.000160 28.000000 28.000000
V 240.998400 949.032000 63.875000 57.946000
V 283.003200 739.008000 63.875000 57.946000
V 247.996800 517.996800 63.875000 57.946000
V 130.003200 739.008000 63.875000 57.946000
E 0 1
E 1 2
U 1 15
E 2 3
E 2 4
E 3 8
U 3 18
E 4 5
U 4 16
E 5 6
E 5 7
E 6 7
U 6 17
E 7 8
E 8 10
E 10 9
E 9 12
E 10 11
E 11 12
U 12 13
E 12 14
G 8230345.json 17 16
V 119.001600 226.000800 100.000000 80.000000
V 49.999680 804.024000 100.000000 80.000000
V 85.003200 713.001600 30.000000 30.000000
V 167.997600 804.024000 100.000000 80.000000
V 149.997600 713.001600 30.000000 30.000000
V 109.000800 642.002400 40.000000 40.000000
V 72.000000 118.497600 125.687500 63.000000
V 110.001600 342.000000 125.687500 63.000000
V 135.000000 560.001600 40.000000 40.000000
V 184.996800 457.999200 100.000000 80.000000
V 162.000000 642.002400 30.000000 30.000000
V 166.996800 118.497600 28.000000 28.000000
V 236.001600 560.001600 125.687500 52.000000
V 240.998400 342.000000 100.000000 80.000000
V 297.000000 457.999200 88.000000 52.000000
V 240.998400 226.000800 88.000000 52.000000
V 166.996800 25.500240 132.000000 51.000000
E 0 6
E 7 0
E 0 11
E 13 0
E 1 2
E 2 5
E 3 4
E 4 5
E 5 8
E 8 9
E 10 8
E 12 9
E 9 13
U 11 16
E 14 13
E 13 15
G 846039425.json 16 18
V 49.999680 604.000800 100.000000 80.000000
V 246.002400 391.996800 40.000000 40.000000
V 246.002400 295.999200 100.000000 80.000000
V 195.998400 1235.016000 30.000000 30.000000
V 195.998400 1144.008000 100.000000 80.000000
V 157.003200 951.984000 100.000000 80.000000
V 195.998400 1048.032000 40.000000 40.000000
V 284.997600 13.999680 28.000000 28.000000
V 282.002400 835.992000 100.000000 80.000000
V 284.997600 84.002400 40.000000 40.000000
V 246.002400 180.000000 100.000000 80.000000
V 151.999200 835.992000 40.000000 40.000000
V 151.999200 720.000000 100.000000 80.000000
V 175.996800 604.000800 40.000000 40.000000
V 128.001600 488.001600 100.000000 80.000000
V 246.002400 488.001600 100.000000 80.000000
E 0 1
E 11 0
E 1 2
E 15 1
E 2 10
E 3 4
E 4 6
E 6 5
E 5 11
E 6 8
E 9 7
E 8 9
E 10 9
E 11 12
E 12 13
E 14 12
E 13 14
E 13 15
G 849864629.json 19 19
V 164.001600 1239.984000 100.000000 80.000000
V 122.997600 1123.992000 100.000000 80.000000
V 105.998400 660.002400 100.000000 80.000000
V 164.001600 1330.992000 30.000000 30.000000
V 49.999680 271.000800 30.000000 30.000000
V 88.999200 84.002400 40.000000 40.000000
V 88.999200 13.999680 28.000000 28.000000
V 49.999680 180.000000 100.000000 80.000000
V 164.001600 1422.000000 100.000000 80.000000
V 37.000080 569.001600 30.000000 30.000000
V 49.999680 362.001600 100.000000 80.000000
V 164.001600 1513.008000 30.000000 30.000000
V 85.003200 569.001600 30.000000 30.000000
V 223.999200 1008.000000 100.000000 80.000000
V 214.999200 1123.992000 30.000000 30.000000
V 49.999680 478.000800 100.000000 80.000000
V 105.998400 1008.000000 100.000000 80.000000
V 105.998400 892.008000 100.000000 80.000000
V 105.998400 776.016000 100.000000 80.000000
E 0 1
E 3 0
E 0 14
E 1 16
E 2 5
E 2 12
E 18 2
E 8 3
E 4 7
E 10 4
E 5 6
E 7 5
E 11 8
E 9 15
E 15 10
E 12 15
E 14 13
E 16 17
E 17 18
G 865501821.json 18 18
V 246.002400 1687.032000 30.000000 30.000000
V 246.002400 1596.024000 100.000000 80.000000
V 246.002400 1480.032000 100.000000 80.000000
V 246.002400 1389.024000 30.000000 30.000000
V 246.002400 1298.016000 100.000000 80.000000
V 246.002400 606.002400 100.000000 80.000000
V 246.002400 490.003200 100.000000 80.000000
V 246.002400 373.996800 100.000000 80.000000
V 246.002400 277.999200 40.000000 40.000000
V 186.998400 182.001600 100.000000 80.000000
V 304.999200 182.001600 100.000000 80.000000
V 246.002400 85.996800 40.000000 40.000000
V 246.002400 14.999760 30.000000 30.000000
V 246.002400 1140.984000 30.000000 30.000000
V 246.002400 1207.008000 30.000000 30.000000
V 246.002400 933.984000 100.000000 80.000000
V 246.002400 769.968000 491.528615 175.625512
V 246.002400 1049.976000 100.000000 80.000000
E 0 1
E 1 2
E 2 3
E 3 4
E 4 14
E 5 6
E 16 5
E 6 7
E 7 8
E 8 9
E 8 10
E 9 11
E 10 11
E 11 12
E 14 13
E 13 17
E 15 16
E 17 15
G 869117038.json 17 19
V 154.000800 625.003200 40.000000 40.000000
V 154.000800 528.998400 40.000000 40.000000
V 310.003200 528.998400 108.000000 64.000000
V 310.003200 420.998400 40.000000 40.000000
V 367.999200 420.998400 40.000000 40.000000
V 357.998400 312.501600 148.000000 64.000000
V 221.997600 312.501600 88.000000 65.000000
V 357.998400 218.001600 28.000000 28.000000
V 111.002400 40.000320 100.000000 80.000000
V 91.000800 420.998400 126.000000 79.000000
V 91.000800 312.501600 28.000000 28.000000
V 221.997600 420.998400 100.000000 80.000000
V 221.997600 218.001600 116.000000 52.000000
V 310.003200 625.003200 100.663442 56.000000
V 310.003200 704.001600 30.000000 30.000000
V 221.997600 136.000800 40.000000 40.000000
V 345.002400 40.000320 100.000000 80.000000
E 0 1
E 8 0
E 16 0
E 1 9
E 1 11
E 2 3
E 13 2
E 3 5
E 3 6
E 4 5
E 4 6
E 5 7
E 11 6
E 6 12
E 15 8
E 9 10
E 12 15
E 14 13
E 15 16
G 873614780.json 17 18
V 130.003200 1180.008000 100.000000 80.000000
V 130.003200 1271.016000 30.000000 30.000000
V 88.999200 987.984000 100.000000 80.000000
V 49.999680 604.000800 100.000000 80.000000
V 130.003200 1084.032000 40.000000 40.000000
V 171.000000 987.984000 28.000000 28.000000
V 88.999200 892.008000 40.000000 40.000000
V 128.001600 796.032000 100.000000 80.000000
V 128.001600 699.998400 40.000000 40.000000
V 167.997600 604.000800 100.000000 80.000000
V 167.997600 103.996800 100.000000 80.000000
V 167.997600 488.001600 100.000000 80.000000
V 109.000800 295.999200 100.000000 80.000000
V 167.997600 391.996800 40.000000 40.000000
V 167.997600 200.001600 40.000000 40.000000
V 167.997600 13.999680 28.000000 28.000000
V 227.001600 295.999200 100.000000 80.000000
E 1 0
E 0 4
E 4 2
E 2 6
E 3 6
E 8 3
E 4 5
E 6 7
E 7 8
E 8 9
E 9 11
E 14 10
E 10 15
E 11 13
E 13 12
E 12 14
E 13 16
E 16 14
G 88061095.json 37 40
V 367.999200 931.968000 130.613002 80.000000
V 437.997600 807.984000 40.000000 40.000000
V 639.000000 684.000000 100.000000 80.000000
V 505.000800 684.000000 130.613002 80.000000
V 371.001600 684.000000 100.000000 80.000000
V 472.996800 568.000800 40.000000 40.000000
V 507.002400 452.001600 100.000000 80.000000
V 572.997600 336.002400 40.000000 40.000000
V 572.997600 220.003200 100.000000 80.000000
V 49.999680 684.000000 30.000000 30.000000
V 49.999680 568.000800 100.000000 80.000000
V 572.997600 103.996800 100.000000 80.000000
V 572.997600 13.999680 28.000000 28.000000
V 118.000800 220.003200 30.000000 30.000000
V 677.001600 1446.984000 30.000000 30.000000
V 677.001600 1355.976000 100.000000 80.000000
V 717.998400 1164.024000 28.000000 28.000000
V 677.001600 1260.000000 40.000000 40.000000
V 135.000000 807.984000 100.000000 80.000000
V 135.000000 684.000000 100.000000 80.000000
V 526.003200 568.000800 30.000000 30.000000
V 362.001600 1164.024000 100.000000 80.000000
V 362.001600 1048.032000 100.000000 80.000000
V 261.000000 807.984000 115.972001 95.972001
V 253.000800 684.000000 100.000000 80.000000
V 596.001600 568.000800 30.000000 30.000000
V 261.000000 931.968000 40.000000 40.000000
V 138.002400 568.000800 40.000000 40.000000
V 94.003200 452.001600 100.000000 80.000000
V 94.003200 336.002400 100.000000 80.000000
V 70.999920 220.003200 28.000000 28.000000
V 513.000000 931.968000 100.000000 80.000000
V 362.001600 1260.000000 30.000000 30.000000
V 439.999200 1260.000000 40.000000 40.000000
V 635.997600 1164.024000 100.000000 80.000000
V 517.996800 1048.032000 40.000000 40.000000
V 517.996800 1164.024000 100.000000 80.000000
E 0 1
E 22 0
E 1 2
E 1 3
E 1 4
E 2 7
E 2 25
E 3 5
E 3 20
E 4 5
E 5 6
E 6 7
E 7 8
E 8 11
E 9 10
E 10 28
E 11 12
E 29 13
E 14 15
E 15 17
E 17 16
E 17 34
E 18 19
E 26 18
E 19 27
E 21 22
E 32 21
E 33 21
E 22 26
E 23 24
E 26 23
E 24 27
E 27 28
E 28 29
E 29 30
E 31 33
E 35 31
E 33 36
E 34 35
E 36 35
G 888203688.json 20 19
V 199.000800 1062.000000 30.000000 30.000000
V 135.000000 970.992000 119.000000 80.000000
V 135.000000 855.000000 100.000000 80.000000
V 78.998400 645.501600 28.000000 28.000000
V 205.999200 645.501600 161.000000 114.500000
V 263.001600 970.992000 100.000000 72.000000
V 135.000000 759.024000 40.000000 40.000000
V 49.999680 503.503200 100.000000 50.000000
V 220.996800 503.503200 206.000000 97.000000
V 176.997600 393.998400 100.000000 50.000000
V 265.003200 393.998400 40.000000 40.000000
V 199.000800 284.500800 28.000000 28.000000
V 199.000800 175.003200 100.000000 50.000000
V 330.998400 284.500800 200.000000 97.000000
V 324.000000 175.003200 100.000000 50.000000
V 411.998400 175.003200 40.000000 40.000000
V 380.001600 100.000800 28.000000 28.000000
V 344.001600 24.999840 100.000000 50.000000
V 444.002400 100.000800 28.000000 28.000000
V 462.002400 24.999840 100.000000 50.000000
E 0 1
U 0 5
E 1 2
E 2 6
E 6 3
U 3 7
E 6 4
E 4 8
U 8 9
E 8 10
E 10 11
E 10 13
U 11 12
U 13 14
E 13 15
E 15 16
E 15 18
U 16 17
U 18 19
G 899272074.json 20 19
V 122.997600 817.992000 100.000000 80.000000
V 82.000800 716.997600 30.000000 30.000000
V 31.999680 616.003200 63.875000 57.946000
V 165.002400 716.997600 100.000000 50.000000
V 90.000000 1119.024000 30.000000 30.000000
V 90.000000 1028.016000 100.000000 80.000000
V 90.000000 1199.016000 176.000000 58.000000
V 58.000320 922.968000 63.875000 57.946000
V 122.997600 922.968000 30.000000 30.000000
V 173.001600 231.998400 100.000000 80.000000
V 140.997600 127.000800 28.000000 28.000000
V 140.997600 31.000320 196.000000 62.000000
V 131.997600 616.003200 100.000000 80.000000
V 90.000000 515.001600 100.000000 50.000000
V 173.001600 515.001600 30.000000 30.000000
V 122.997600 414.000000 63.875000 57.946000
V 204.998400 127.000800 63.875000 57.946000
V 222.998400 414.000000 100.000000 80.000000
V 222.998400 322.999200 30.000000 30.000000
V 273.002400 231.998400 63.875000 57.946000
E 0 1
U 0 3
E 8 0
E 1 2
E 1 12
E 4 5
U 6 4
E 5 7
E 5 8
E 9 10
E 9 16
E 18 9
U 10 11
U 12 13
E 12 14
E 14 15
E 14 17
E 17 18
E 18 19
G 903207311.json 27 31
V 193.996800 1740.528000 67.000000 55.000000
V 153.000000 1561.032000 100.000000 80.000000
V 153.000000 1464.984000 40.000000 40.000000
V 119.001600 1379.016000 80.000000 60.000000
V 193.996800 1657.008000 40.000000 40.000000
V 235.000800 1561.032000 28.000000 28.000000
V 193.996800 1819.008000 30.000000 30.000000
V 153.000000 1285.488000 67.000000 55.000000
V 117.000000 1027.512000 67.000000 55.000000
V 153.000000 1201.968000 40.000000 40.000000
V 185.997600 1118.520000 68.000000 55.000000
V 189.000000 1027.512000 40.000000 40.000000
V 153.000000 933.984000 67.000000 60.000000
V 153.000000 848.016000 40.000000 40.000000
V 109.000800 764.496000 80.000000 55.000000
V 70.999920 13.999680 28.000000 28.000000
V 198.000000 764.496000 60.500000 40.000000
V 153.000000 597.499200 68.000000 55.000000
V 121.996800 429.501600 67.000000 57.000000
V 118.000800 345.002400 40.000000 40.000000
V 40.000320 167.500800 80.000000 55.000000
V 118.000800 259.999200 82.000000 58.000000
V 118.000800 167.500800 40.000000 40.000000
V 102.002400 84.002400 67.000000 40.000000
V 153.000000 514.000800 40.000000 40.000000
V 187.999200 84.002400 68.000000 40.000000
V 153.000000 680.997600 40.000000 40.000000
E 0 4
E 6 0
E 1 2
E 4 1
E 2 3
E 2 7
E 3 7
E 4 5
E 7 9
E 9 8
E 8 12
E 9 10
E 10 11
E 11 12
E 12 13
E 13 14
E 13 16
E 14 26
E 20 15
E 23 15
E 16 26
E 17 24
E 26 17
E 18 19
E 24 18
E 19 20
E 19 21
E 21 22
E 22 23
E 22 25
E 25 24
G 905154864.json 39 40
V 346.996800 2001.024000 125.768160 80.000000
V 346.996800 2125.512000 62.001000 60.173000
V 321.998400 1374.984000 62.001000 60.173000
V 321.998400 1163.016000 62.001000 60.173000
V 321.998400 1057.536000 125.768160 78.827000
V 321.998400 961.992000 40.000000 40.000000
V 283.996800 163.000800 62.001000 60.173000
V 315.000000 268.999200 100.000000 80.000000
V 346.996800 163.000800 28.000000 28.000000
V 345.002400 1894.968000 40.000000 40.000000
V 321.998400 1577.016000 40.000000 40.000000
V 343.000800 1788.984000 100.000000 50.000000
V 248.997600 741.528000 88.000000 97.000000
V 275.997600 500.997600 100.000000 80.000000
V 315.000000 384.998400 100.000000 80.000000
V 283.996800 48.499920 75.001000 97.000000
V 388.000800 616.996800 100.000000 80.000000
V 346.996800 2251.008000 100.000000 80.000000
V 321.998400 1480.968000 100.000000 80.000000
V 263.001600 866.016000 100.000000 80.000000
V 383.997600 866.016000 100.000000 80.000000
V 221.997600 1894.968000 62.001000 60.173000
V 225.000000 1788.984000 100.000000 80.000000
V 244.000800 1672.992000 176.768160 80.000000
V 76.003200 2576.016000 30.000000 30.000000
V 76.003200 2368.512000 129.300187 81.000000
V 31.999680 2251.008000 63.875000 57.946000
V 123.998400 2125.512000 62.001000 60.173000
V 220.003200 2125.512000 88.000000 97.000000
V 120.002400 2251.008000 75.001000 82.000000
V 216.000000 2001.024000 100.000000 80.000000
V 76.003200 2485.008000 100.000000 80.000000
V 226.000800 2251.008000 100.000000 80.000000
V 321.998400 1269.000000 100.000000 80.000000
V 241.999200 616.996800 155.592240 80.000000
V 410.997600 1672.992000 100.000000 80.000000
V 406.000800 2485.008000 100.000000 80.000000
V 406.000800 2368.512000 40.000000 40.000000
V 464.997600 2251.008000 100.000000 80.000000
U 1 0
E 0 9
U 17 1
U 18 2
U 2 33
U 3 4
U 33 3
E 4 5
E 5 19
E 5 20
U 7 6
U 6 15
E 7 8
E 14 7
U 9 11
E 9 22
E 9 35
E 10 18
E 23 10
E 35 10
E 19 12
E 12 34
E 13 14
E 34 13
E 16 14
E 20 16
E 37 17
U 21 22
U 30 21
E 22 23
E 24 31
U 25 26
E 25 29
E 31 25
U 29 27
U 27 30
E 28 30
E 32 28
E 36 37
E 37 38
G 908868599.json 16 15
V 122.997600 1164.024000 100.000000 80.000000
V 122.997600 1048.032000 100.000000 80.000000
V 122.997600 957.024000 30.000000 30.000000
V 25.999920 452.001600 51.849000 51.897000
V 122.997600 866.016000 100.000000 80.000000
V 73.000800 684.000000 100.000000 80.000000
V 122.997600 775.008000 30.000000 30.000000
V 173.001600 684.000000 63.875000 57.946000
V 120.002400 452.001600 100.000000 80.000000
V 120.002400 336.002400 100.000000 80.000000
V 120.002400 220.003200 100.000000 80.000000
V 120.002400 13.999680 28.000000 28.000000
V 120.002400 103.996800 100.000000 80.000000
V 73.000800 568.000800 100.000000 80.000000
V 122.997600 1371.024000 30.000000 30.000000
V 122.997600 1280.016000 100.000000 80.000000
E 0 1
E 15 0
E 1 2
E 2 4
U 13 3
E 4 6
E 6 5
E 5 13
U 6 7
E 8 9
E 13 8
E 9 10
E 10 12
E 12 11
E 14 15
G 916173722.json 26 30
V 49.999680 1414.008000 30.000000 30.000000
V 49.999680 1323.000000 100.000000 80.000000
V 29.000160 918.000000 30.000000 30.000000
V 55.000080 630.000000 40.000000 40.000000
V 144.000000 559.000800 30.000000 30.000000
V 59.999760 559.000800 30.000000 30.000000
V 59.999760 468.000000 28.000000 28.000000
V 144.000000 468.000000 100.000000 80.000000
V 144.000000 310.996800 30.000000 30.000000
V 142.999200 220.003200 95.000000 80.000000
V 141.998400 103.996800 28.000000 28.000000
V 49.999680 1231.992000 30.000000 30.000000
V 144.000000 376.999200 30.000000 30.000000
V 85.003200 1165.968000 30.000000 30.000000
V 99.000000 1087.488000 84.000000 55.000000
V 112.003200 918.000000 100.000000 80.000000
V 112.003200 822.024000 40.000000 40.000000
V 225.000000 725.976000 100.000000 80.000000
V 106.999200 725.976000 100.000000 80.000000
V 106.999200 630.000000 28.000000 28.000000
V 222.998400 310.996800 30.000000 30.000000
V 223.999200 220.003200 30.000000 30.000000
V 223.999200 103.996800 100.000000 80.000000
V 223.999200 13.999680 28.000000 28.000000
V 99.000000 1009.008000 30.000000 30.000000
V 222.998400 630.000000 30.000000 30.000000
E 0 1
E 1 11
E 2 3
E 11 2
E 24 2
E 3 4
E 3 5
E 4 7
E 25 4
E 5 6
E 19 5
E 7 12
E 8 9
E 12 8
E 9 10
E 9 22
E 11 13
E 12 20
E 13 14
E 14 24
E 15 16
E 24 15
E 16 17
E 16 18
E 17 25
E 18 19
E 20 21
E 25 20
E 21 22
E 22 23
G 921425403.json 26 27
V 342.496800 1587.024000 30.000000 30.000000
V 342.496800 1496.016000 100.000000 80.000000
V 342.496800 1399.968000 40.000000 40.000000
V 283.500000 1303.992000 100.000000 80.000000
V 401.500800 1303.992000 100.000000 80.000000
V 342.496800 1208.016000 40.000000 40.000000
V 342.496800 1111.968000 100.000000 80.000000
V 342.496800 1015.992000 40.000000 40.000000
V 283.500000 920.016000 100.000000 80.000000
V 401.500800 920.016000 100.000000 80.000000
V 342.496800 823.968000 40.000000 40.000000
V 342.496800 727.992000 100.000000 80.000000
V 342.496800 1768.968000 30.000000 30.000000
V 342.496800 1678.032000 100.000000 80.000000
V 342.496800 636.998400 30.000000 30.000000
V 342.496800 545.997600 100.000000 80.000000
V 342.496800 441.000000 40.000000 40.000000
V 225.496800 336.002400 100.000000 80.000000
V 343.497600 336.002400 100.000000 80.000000
V 343.497600 220.003200 100.000000 80.000000
V 343.497600 103.996800 121.788130 80.000000
V 343.497600 13.999680 28.000000 28.000000
V 152.503200 220.003200 100.000000 80.000000
V 225.496800 441.000000 157.190072 57.788130
V 152.503200 103.996800 28.000000 28.000000
V 78.501600 336.002400 157.190072 71.788130
E 0 1
E 13 0
E 1 2
E 2 3
E 2 4
E 3 5
E 4 5
E 5 6
E 6 7
E 7 8
E 7 9
E 8 10
E 9 10
E 10 11
E 11 14
E 12 13
E 14 15
E 15 16
E 16 17
E 16 18
E 17 22
U 23 17
E 18 19
E 19 20
E 20 21
E 22 24
U 25 22
G 928268826.json 32 38
V 157.917600 2079.000000 30.000000 30.000000
V 157.917600 1987.992000 100.000000 80.000000
V 79.912800 1872.000000 100.000000 80.000000
V 79.912800 1756.008000 100.000000 80.000000
V 79.912800 1640.016000 100.000000 80.000000
V 54.915120 13.999680 28.000000 28.000000
V 54.915120 103.996800 100.000000 80.000000
V 200.916000 1640.016000 30.000000 30.000000
V 192.916800 1366.992000 28.000000 28.000000
V 161.913600 1524.024000 100.000000 80.000000
V 183.916800 1433.016000 30.000000 30.000000
V 135.914400 1433.016000 30.000000 30.000000
V 235.915200 850.968000 28.000000 28.000000
V 235.915200 916.992000 30.000000 30.000000
V 145.915200 1366.992000 30.000000 30.000000
V 165.916800 1180.008000 40.000000 40.000000
V 243.914400 1084.032000 100.000000 80.000000
V 235.915200 987.984000 40.000000 40.000000
V 159.912000 1275.984000 100.000000 80.000000
V 187.912800 916.992000 30.000000 30.000000
V 180.914400 684.000000 100.000000 80.000000
V 188.913600 779.976000 40.000000 40.000000
V 298.915200 684.000000 100.000000 80.000000
V 235.915200 568.000800 40.000000 40.000000
V 235.915200 452.001600 28.000000 28.000000
V 188.913600 850.968000 30.000000 30.000000
V 97.912800 684.000000 30.000000 30.000000
V 132.912000 452.001600 100.000000 80.000000
V 134.913600 220.003200 100.000000 80.000000
V 136.915200 103.996800 28.000000 28.000000
V 132.912000 568.000800 100.000000 80.000000
V 134.913600 336.002400 100.000000 80.000000
E 0 1
E 1 2
E 1 9
E 16 1
E 2 3
E 27 2
E 3 4
E 4 6
E 4 9
E 6 5
E 28 6
E 7 9
E 10 8
E 9 10
E 10 14
E 11 14
E 13 12
E 17 13
E 13 25
E 14 18
E 15 16
E 15 17
E 18 15
E 16 17
E 19 25
E 21 20
E 20 23
E 20 30
E 21 22
E 25 21
E 22 23
E 22 31
E 23 24
E 26 30
E 30 27
E 27 31
E 28 29
E 31 28
G 942937745.json 30 37
V 162.496800 1185.984000 30.000000 30.000000
V 148.500000 1114.992000 40.000000 40.000000
V 43.500240 1028.016000 87.000000 62.000000
V 162.496800 852.984000 30.000000 30.000000
V 148.500000 1028.016000 86.000000 47.000000
V 148.500000 934.992000 40.000000 40.000000
V 239.500800 1393.992000 30.000000 30.000000
V 239.500800 1323.000000 40.000000 40.000000
V 215.503200 1252.008000 30.000000 30.000000
V 263.498400 1252.008000 30.000000 30.000000
V 216.496800 768.024000 30.000000 30.000000
V 237.499200 200.001600 40.000000 40.000000
V 237.499200 103.996800 100.000000 80.000000
V 259.502400 271.000800 30.000000 30.000000
V 237.499200 13.999680 28.000000 28.000000
V 376.502400 1185.984000 30.000000 30.000000
V 477.496800 1114.992000 40.000000 40.000000
V 477.496800 1028.016000 81.000000 62.000000
V 630.496800 677.498400 70.000000 51.000000
V 477.496800 934.992000 64.000000 52.000000
V 477.496800 852.984000 40.000000 40.000000
V 400.500000 768.024000 97.000000 58.000000
V 488.498400 587.001600 90.000000 58.000000
V 541.497600 677.498400 71.000000 48.000000
V 490.500000 408.002400 40.000000 40.000000
V 400.500000 677.498400 82.000000 51.000000
V 400.500000 587.001600 40.000000 40.000000
V 339.501600 492.998400 104.000000 58.000000
V 454.500000 492.998400 90.000000 52.000000
V 378.496800 337.003200 30.000000 30.000000
E 0 1
E 8 0
E 1 2
E 1 4
E 2 5
E 5 3
E 3 10
E 4 5
E 6 7
E 7 8
E 7 9
E 8 10
E 9 13
E 9 15
E 10 11
E 11 12
E 13 11
E 12 14
E 29 13
E 15 16
E 16 17
E 16 18
E 17 19
E 18 24
E 19 20
E 20 21
E 20 22
E 20 23
E 21 25
E 22 24
E 23 24
E 27 24
E 28 24
E 24 29
E 25 26
E 26 27
E 26 28
G 945092631.json 23 27
V 79.999200 769.032000 62.001000 60.173000
V 202.003200 1204.992000 30.000000 30.000000
V 131.997600 441.000000 40.000000 40.000000
V 73.000800 335.001600 100.000000 80.000000
V 140.997600 662.997600 100.000000 80.000000
V 131.997600 219.499200 40.000000 40.000000
V 114.998400 546.998400 100.000000 80.000000
V 94.003200 875.016000 100.000000 80.000000
V 202.003200 1110.528000 40.000000 40.000000
V 148.996800 769.032000 40.000000 40.000000
V 103.003200 991.008000 100.000000 80.000000
V 103.003200 1110.528000 85.655000 86.623001
V 191.001600 335.001600 100.000000 80.000000
V 63.000000 441.000000 62.001000 60.173000
V 205.999200 219.499200 71.310001 78.500000
V 231.998400 103.996800 63.875000 57.946000
V 211.996800 875.016000 100.000000 80.000000
V 219.002400 441.000000 63.875000 57.946000
V 131.997600 103.996800 100.000000 80.000000
V 131.997600 13.999680 28.000000 28.000000
V 58.000320 219.499200 71.310001 78.500000
V 31.999680 103.996800 63.875000 57.946000
V 219.002400 546.998400 71.310001 78.500000
U 7 0
E 1 8
E 2 3
E 6 2
E 2 12
E 3 5
E 3 20
E 4 6
E 9 4
E 4 22
E 12 5
E 5 18
U 6 13
E 7 9
E 10 7
E 8 10
E 8 16
E 16 9
E 11 10
E 12 14
U 14 15
E 14 18
E 16 22
U 22 17
E 18 19
E 20 18
U 20 21
G 945523551.json 39 43
V 103.996800 1922.976000 30.000000 30.000000
V 103.996800 1831.968000 100.000000 80.000000
V 63.000000 1665.000000 30.000000 30.000000
V 128.001600 1573.992000 100.000000 80.000000
V 128.001600 1478.016000 40.000000 40.000000
V 49.999680 1381.968000 100.000000 80.000000
V 167.997600 1381.968000 100.000000 80.000000
V 167.997600 1285.992000 40.000000 40.000000
V 124.999200 1190.016000 30.000000 30.000000
V 169.999200 1099.008000 30.000000 30.000000
V 168.998400 1008.000000 100.000000 80.000000
V 163.000800 892.008000 100.000000 80.000000
V 160.999200 776.016000 40.000000 40.000000
V 141.998400 685.000800 30.000000 30.000000
V 231.998400 594.000000 30.000000 30.000000
V 132.998400 594.000000 100.000000 80.000000
V 231.998400 478.000800 100.000000 80.000000
V 113.997600 478.000800 100.000000 80.000000
V 231.998400 382.003200 40.000000 40.000000
V 185.997600 285.998400 100.000000 80.000000
V 185.997600 194.997600 28.000000 28.000000
V 46.000080 1573.992000 28.000000 28.000000
V 122.997600 1099.008000 28.000000 28.000000
V 103.996800 1735.992000 40.000000 40.000000
V 113.997600 382.003200 28.000000 28.000000
V 267.998400 285.998400 28.000000 28.000000
V 128.001600 1665.000000 30.000000 30.000000
V 246.002400 1573.992000 100.000000 80.000000
V 246.002400 1190.016000 100.000000 80.000000
V 246.002400 1285.992000 30.000000 30.000000
V 247.003200 892.008000 30.000000 30.000000
V 248.997600 776.016000 100.000000 80.000000
V 248.997600 685.000800 30.000000 30.000000
V 310.003200 594.000000 40.000000 40.000000
V 271.000800 194.997600 30.000000 30.000000
V 271.000800 103.996800 100.000000 80.000000
V 271.000800 13.999680 28.000000 28.000000
V 352.000800 478.000800 28.000000 28.000000
V 246.002400 1665.000000 30.000000 30.000000
E 0 1
E 1 23
E 2 21
E 23 2
E 3 4
E 26 3
E 4 5
E 4 6
E 6 7
E 6 29
E 7 8
E 7 9
E 8 22
E 9 10
E 28 9
E 10 11
E 10 30
E 11 12
E 12 13
E 12 14
E 13 15
E 14 16
E 32 14
E 15 17
E 16 18
E 17 24
E 18 19
E 18 25
E 19 20
E 19 34
E 23 26
E 26 27
E 27 29
E 38 27
E 29 28
E 28 30
E 30 31
E 31 32
E 32 33
E 33 34
E 33 37
E 34 35
E 35 36
G 945649030.json 15 17
V 185.997600 760.032000 100.000000 80.000000
V 128.001600 462.002400 100.000000 80.000000
V 185.997600 669.002400 30.000000 30.000000
V 147.002400 578.001600 40.000000 40.000000
V 49.999680 346.003200 100.000000 80.000000
V 246.002400 462.002400 100.000000 80.000000
V 185.997600 876.024000 30.000000 30.000000
V 135.000000 346.003200 30.000000 30.000000
V 135.000000 229.996800 100.000000 80.000000
V 138.002400 135.000000 44.000000 38.000000
V 87.998400 40.000320 100.000000 80.000000
V 306.000000 760.032000 100.000000 80.000000
V 320.997600 578.001600 100.000000 80.000000
V 306.000000 876.024000 100.000000 80.000000
V 306.000000 967.032000 30.000000 30.000000
E 0 2
E 6 0
E 3 1
E 1 7
E 2 3
E 11 2
E 3 4
E 3 5
E 4 10
E 7 8
E 12 7
E 8 9
E 8 10
E 9 10
E 11 12
E 13 11
E 14 13
G 946004421.json 24 28
V 114.998400 1470.024000 100.000000 80.000000
V 88.999200 1364.976000 40.000000 40.000000
V 49.999680 1144.008000 100.000000 80.000000
V 189.000000 13.999680 28.000000 28.000000
V 128.001600 1586.016000 100.000000 80.000000
V 135.000000 1702.008000 100.000000 80.000000
V 135.000000 1806.984000 30.000000 30.000000
V 147.002400 740.016000 40.000000 40.000000
V 147.002400 663.998400 40.000000 40.000000
V 105.998400 568.000800 30.000000 30.000000
V 158.997600 1364.976000 63.875000 57.946000
V 205.999200 1028.016000 100.000000 40.000000
V 189.000000 336.002400 100.000000 80.000000
V 265.003200 1144.008000 100.000000 80.000000
V 205.999200 1260.000000 100.000000 80.000000
V 324.000000 1028.016000 100.000000 80.000000
V 244.000800 931.968000 40.000000 40.000000
V 244.000800 835.992000 100.000000 80.000000
V 189.000000 452.001600 100.000000 80.000000
V 280.000800 1806.984000 63.875000 57.946000
V 342.000000 1702.008000 190.000000 45.000000
V 189.000000 568.000800 100.000000 80.000000
V 189.000000 220.003200 100.000000 80.000000
V 189.000000 103.996800 100.000000 80.000000
E 0 1
E 4 0
E 1 2
E 1 7
E 1 14
E 2 7
E 23 3
E 5 4
E 6 5
U 19 5
E 7 8
E 16 7
E 17 7
E 8 9
E 8 21
U 10 14
U 13 11
E 18 12
E 12 22
E 14 13
E 13 15
U 19 13
U 19 14
E 15 16
E 16 17
E 21 18
U 19 20
E 22 23
G 947880430.json 24 23
V 698.997600 504.000000 100.000000 80.000000
V 698.997600 388.000800 100.000000 80.000000
V 345.002400 272.001600 100.000000 80.000000
V 167.997600 156.002400 100.000000 80.000000
V 345.002400 156.002400 100.000000 80.000000
V 49.999680 40.000320 100.000000 80.000000
V 167.997600 40.000320 100.000000 80.000000
V 285.998400 40.000320 100.000000 80.000000
V 403.999200 40.000320 100.000000 80.000000
V 640.000800 272.001600 100.000000 80.000000
V 522.000000 156.002400 100.000000 80.000000
V 640.000800 156.002400 100.000000 80.000000
V 522.000000 40.000320 100.000000 80.000000
V 640.000800 40.000320 100.000000 80.000000
V 758.016000 40.000320 100.000000 80.000000
V 758.016000 272.001600 100.000000 80.000000
V 758.016000 156.002400 100.000000 80.000000
V 876.024000 156.002400 100.000000 80.000000
V 994.032000 272.001600 100.000000 80.000000
V 994.032000 156.002400 100.000000 80.000000
V 1111.968000 156.002400 100.000000 80.000000
V 876.024000 40.000320 100.000000 80.000000
V 994.032000 40.000320 100.000000 80.000000
V 1111.968000 40.000320 100.000000 80.000000
E 0 1
E 1 2
E 1 9
E 1 15
E 1 18
E 2 3
E 2 4
E 3 5
E 3 6
E 4 7
E 4 8
E 9 10
E 9 11
E 10 12
E 11 13
E 11 14
E 15 16
E 15 17
E 18 19
E 18 20
E 19 21
E 19 22
E 20 23
G 954583680.json 18 17
V 109.000800 1468.008000 100.000000 80.000000
V 109.000800 1372.032000 40.000000 40.000000
V 49.999680 1275.984000 100.000000 80.000000
V 167.997600 1275.984000 100.000000 80.000000
V 167.997600 1159.992000 100.000000 80.000000
V 167.997600 1044.000000 100.000000 80.000000
V 227.001600 504.000000 100.000000 80.000000
V 227.001600 272.001600 100.000000 80.000000
V 109.000800 735.984000 100.000000 80.000000
V 227.001600 156.002400 100.000000 80.000000
V 227.001600 40.000320 100.000000 80.000000
V 157.996800 1584.000000 100.000000 80.000000
V 167.997600 928.008000 100.000000 80.000000
V 167.997600 832.032000 40.000000 40.000000
V 227.001600 735.984000 100.000000 80.000000
V 227.001600 619.999200 100.000000 80.000000
V 227.001600 388.000800 100.000000 80.000000
V 208.000800 1468.008000 62.001000 60.173000
E 0 1
E 11 0
E 1 2
E 1 3
E 3 4
E 4 5
E 5 12
E 15 6
E 6 16
E 7 9
E 16 7
E 13 8
E 9 10
U 11 17
E 12 13
E 13 14
E 14 15
G 955792959.json 16 20
V 39.000240 1296.000000 30.000000 30.000000
V 39.000240 1225.008000 40.000000 40.000000
V 39.000240 84.002400 40.000000 40.000000
V 77.997600 1129.032000 100.000000 80.000000
V 39.000240 13.999680 28.000000 28.000000
V 85.003200 447.998400 100.000000 80.000000
V 77.997600 256.003200 100.000000 80.000000
V 85.003200 352.000800 40.000000 40.000000
V 77.997600 159.998400 40.000000 40.000000
V 148.003200 879.984000 100.000000 80.000000
V 132.998400 788.976000 30.000000 30.000000
V 129.002400 697.996800 100.000000 80.000000
V 127.000800 572.997600 28.000000 28.000000
V 227.001600 1004.472000 30.000000 30.000000
V 149.997600 1004.472000 88.000000 97.000000
V 205.999200 572.997600 93.000000 98.000000
E 0 1
E 1 2
E 1 3
E 2 4
E 8 2
E 3 5
E 3 9
E 3 14
E 5 7
E 11 5
E 15 5
E 7 6
E 6 8
E 7 8
E 9 10
E 13 9
E 14 9
E 10 11
E 11 12
E 11 15
G 957446470.json 20 22
V 13.999680 1103.976000 28.000000 28.000000
V 95.997600 1103.976000 100.000000 80.000000
V 213.998400 987.984000 100.000000 80.000000
V 370.000800 987.984000 100.000000 80.000000
V 253.000800 1219.968000 100.000000 80.000000
V 213.998400 1103.976000 100.000000 80.000000
V 370.000800 892.008000 40.000000 40.000000
V 310.996800 796.032000 100.000000 80.000000
V 428.997600 796.032000 100.000000 80.000000
V 55.000080 1219.968000 40.000000 40.000000
V 292.003200 892.008000 40.000000 40.000000
V 310.996800 527.997600 100.000000 80.000000
V 428.997600 527.997600 100.000000 80.000000
V 370.000800 699.998400 40.000000 40.000000
V 370.000800 624.002400 40.000000 40.000000
V 370.000800 432.000000 40.000000 40.000000
V 370.000800 336.002400 100.000000 80.000000
V 370.000800 220.003200 100.000000 80.000000
V 370.000800 103.996800 100.000000 80.000000
V 370.000800 13.999680 28.000000 28.000000
E 9 0
E 1 2
E 9 1
E 5 2
E 2 10
E 3 6
E 3 10
E 4 5
E 4 10
E 6 7
E 6 8
E 7 13
E 8 13
E 14 11
E 11 15
E 14 12
E 12 15
E 13 14
E 15 16
E 16 17
E 17 18
E 18 19
G 96164751.json 25 27
V 205.999200 1267.992000 30.000000 30.000000
V 205.999200 1152.000000 100.000000 80.000000
V 205.999200 1056.024000 40.000000 40.000000
V 257.997600 876.024000 70.000000 54.000000
V 175.003200 969.480000 70.000000 61.000000
V 155.001600 876.024000 100.000000 54.000000
V 148.996800 779.472000 70.000000 67.000000
V 202.996800 594.000000 100.000000 80.000000
V 202.996800 689.997600 40.000000 40.000000
V 216.000000 779.472000 28.000000 28.000000
V 136.000800 194.997600 30.000000 30.000000
V 136.000800 103.996800 100.000000 80.000000
V 136.000800 13.999680 28.000000 28.000000
V 48.000240 1615.968000 30.000000 30.000000
V 49.999680 1499.976000 100.000000 80.000000
V 97.999200 1383.984000 40.000000 40.000000
V 74.001600 1267.992000 100.000000 80.000000
V 130.996800 1615.968000 100.000000 80.000000
V 205.999200 1499.976000 100.000000 80.000000
V 205.999200 1383.984000 100.000000 80.000000
V 202.996800 478.000800 100.000000 80.000000
V 120.002400 478.000800 30.000000 30.000000
V 136.000800 382.003200 40.000000 40.000000
V 136.000800 285.998400 100.000000 80.000000
V 202.996800 382.003200 28.000000 28.000000
E 0 1
E 19 0
E 1 2
E 2 3
E 2 4
E 3 8
E 4 5
E 5 6
E 5 9
E 6 8
E 8 7
E 7 20
E 10 11
E 23 10
E 11 12
E 13 14
E 14 15
E 16 14
E 17 14
E 15 16
E 15 17
E 17 18
E 18 19
E 20 22
E 20 24
E 21 22
E 22 23
G 970916773.json 16 20
V 255.002400 1282.968000 30.000000 30.000000
V 66.000240 38.000160 28.000000 28.000000
V 255.002400 1075.968000 100.000000 80.000000
V 255.002400 979.992000 40.000000 40.000000
V 216.000000 768.024000 100.000000 80.000000
V 293.997600 884.016000 100.000000 80.000000
V 246.002400 151.999200 62.700001 76.100001
V 216.000000 671.997600 40.000000 40.000000
V 157.996800 460.000800 100.000000 80.000000
V 216.000000 576.000000 100.000000 80.000000
V 157.996800 364.003200 40.000000 40.000000
V 97.999200 151.999200 100.000000 80.000000
V 167.997600 267.998400 100.000000 80.000000
V 130.003200 38.000160 62.700001 76.100001
V 255.002400 1192.032000 100.000000 80.000000
V 49.999680 267.998400 100.000000 80.000000
E 0 14
E 11 1
E 2 3
E 14 2
E 3 4
E 3 5
E 5 4
E 4 7
E 5 6
E 9 6
E 12 6
E 7 8
E 7 9
E 9 8
E 8 10
E 10 12
E 10 15
E 12 11
E 11 13
E 15 11
G 981180780.json 17 16
V 49.999680 1819.008000 30.000000 30.000000
V 49.999680 1728.000000 100.000000 80.000000
V 49.999680 1612.008000 100.000000 80.000000
V 49.999680 103.996800 100.000000 80.000000
V 49.999680 13.999680 28.000000 28.000000
V 49.999680 1147.968000 100.000000 80.000000
V 49.999680 915.984000 100.000000 80.000000
V 49.999680 1031.976000 100.000000 80.000000
V 49.999680 799.992000 100.000000 80.000000
V 49.999680 684.000000 100.000000 80.000000
V 49.999680 568.000800 100.000000 80.000000
V 49.999680 452.001600 100.000000 80.000000
V 49.999680 336.002400 100.000000 80.000000
V 49.999680 220.003200 100.000000 80.000000
V 49.999680 1496.016000 100.000000 80.000000
V 49.999680 1380.024000 100.000000 80.000000
V 49.999680 1264.032000 100.000000 80.000000
E 0 1
E 1 2
E 2 14
E 3 4
E 13 3
E 5 7
E 16 5
E 7 6
E 6 8
E 8 9
E 9 10
E 10 11
E 11 12
E 12 13
E 14 15
E 15 16
G 987285524.json 21 22
V 299.498400 1537.992000 40.000000 40.000000
V 252.496800 1441.512000 131.095274 80.807016
V 252.496800 1345.032000 40.000000 40.000000
V 214.502400 787.536000 131.095274 80.807016
V 134.503200 363.002400 131.095274 80.000000
V 214.502400 1249.992000 131.095274 78.385968
V 299.498400 84.002400 40.000000 40.000000
V 278.503200 155.001600 30.000000 30.000000
V 299.498400 13.999680 28.000000 28.000000
V 214.502400 1135.008000 131.095274 80.000000
V 258.501600 363.002400 30.000000 30.000000
V 299.498400 1608.984000 30.000000 30.000000
V 184.500000 246.499200 131.095274 80.807016
V 299.498400 1791.000000 30.000000 30.000000
V 299.498400 1699.992000 131.095274 80.000000
V 214.502400 670.996800 131.095274 80.000000
V 65.499840 479.001600 131.095274 80.000000
V 214.502400 1020.024000 131.095274 78.385968
V 214.502400 904.464000 131.095274 80.807016
V 214.502400 574.999200 40.000000 40.000000
V 214.502400 479.001600 131.095274 78.385968
E 0 1
E 6 0
E 11 0
E 1 2
E 2 5
E 10 2
E 3 15
E 18 3
E 4 12
E 16 4
E 5 9
E 7 6
E 6 8
E 12 7
E 9 17
E 20 10
E 14 11
E 13 14
E 15 19
E 19 16
E 17 18
E 19 20
G 988718031.json 25 28
V 148.003200 1621.008000 30.000000 30.000000
V 148.003200 1554.984000 30.000000 30.000000
V 148.003200 1463.976000 100.000000 80.000000
V 112.996800 1243.008000 63.875000 57.946000
V 186.998400 1347.984000 100.000000 80.000000
V 186.998400 1243.008000 40.000000 40.000000
V 128.001600 1138.032000 100.000000 80.000000
V 246.002400 1138.032000 100.000000 80.000000
V 49.999680 928.008000 100.000000 80.000000
V 49.999680 837.000000 30.000000 30.000000
V 86.997600 1032.984000 40.000000 40.000000
V 167.997600 928.008000 100.000000 80.000000
V 207.000000 837.000000 30.000000 30.000000
V 207.000000 745.992000 100.000000 80.000000
V 180.000000 643.996800 51.849000 51.897000
V 207.000000 542.001600 100.000000 80.000000
V 207.000000 439.999200 40.000000 40.000000
V 180.000000 337.996800 100.000000 80.000000
V 298.000800 337.996800 100.000000 80.000000
V 298.000800 439.999200 51.849000 51.897000
V 189.000000 221.997600 63.875000 57.946000
V 298.000800 221.997600 100.000000 80.000000
V 298.000800 105.998400 100.000000 80.000000
V 298.000800 14.999760 30.000000 30.000000
V 157.003200 1032.984000 63.875000 57.946000
E 0 1
E 1 2
U 2 3
E 2 4
U 4 3
E 4 5
E 5 6
E 5 7
E 6 10
U 6 24
E 7 12
E 8 9
E 10 8
E 10 11
E 11 12
E 12 13
U 13 14
E 13 15
U 14 15
E 15 16
E 16 17
E 16 18
U 17 20
U 19 18
U 18 20
E 18 21
E 21 22
E 22 23
G 996272950.json 16 17
V 335.001600 375.998400 100.000000 80.000000
V 131.997600 280.000800 40.000000 40.000000
V 85.996800 205.999200 28.000000 28.000000
V 131.997600 205.999200 28.000000 28.000000
V 484.999200 18.000000 30.000000 30.000000
V 153.000000 112.003200 73.000000 36.000000
V 49.000320 112.003200 98.000000 36.000000
V 270.000000 18.000000 28.000000 28.000000
V 270.000000 112.003200 83.000000 80.000000
V 178.999200 205.999200 30.000000 30.000000
V 351.000000 18.000000 98.000000 36.000000
V 463.996800 112.003200 91.000000 36.000008
V 189.000000 18.000000 98.000000 36.000000
V 270.000000 205.999200 115.000000 36.000000
V 382.003200 205.999200 73.000000 36.000000
V 472.996800 205.999200 73.000000 36.000000
E 0 1
E 4 0
E 1 2
E 1 3
E 2 6
E 2 8
E 3 5
E 3 8
E 8 4
E 8 7
E 9 8
E 8 10
E 8 12
E 13 8
E 14 8
E 15 8
U 15 11
G 998735764.json 23 24
V 275.997600 1117.008000 40.000000 40.000000
V 275.997600 1212.984000 100.000000 80.000000
V 187.999200 904.968000 100.000000 80.000000
V 275.997600 1021.032000 100.000000 80.000000
V 187.999200 788.976000 100.000000 80.000000
V 187.999200 672.998400 100.000000 80.000000
V 112.996800 279.000000 100.000000 80.000000
V 230.997600 279.000000 100.000000 80.000000
V 69.999840 672.998400 100.000000 80.000000
V 13.999680 63.499680 28.000000 28.000000
V 275.997600 904.968000 28.000000 28.000000
V 275.997600 1303.992000 30.000000 30.000000
V 69.999840 788.976000 30.000000 30.000000
V 184.003200 455.997600 40.000000 40.000000
V 174.002400 63.499680 254.888056 127.152798
V 132.998400 183.002400 40.000000 40.000000
V 184.003200 374.997600 40.000000 40.000000
V 85.003200 556.999200 40.000000 40.000000
V 92.001600 455.997600 100.000000 50.000000
V 187.999200 1021.032000 40.000000 40.000000
V 187.999200 1117.008000 30.000000 30.000000
V 393.998400 1021.032000 100.000000 50.000000
V 185.997600 556.999200 100.000000 80.000000
E 1 0
E 0 3
E 0 19
U 0 21
E 11 1
E 2 4
E 19 2
E 3 10
E 4 5
E 5 22
E 6 15
E 16 6
E 7 15
E 16 7
E 12 8
E 8 17
E 15 9
E 17 9
E 13 16
E 17 13
E 22 13
U 15 14
U 17 18
E 20 19
