# 300 graphs of 15 to 40 nodes from ../parsed/bpmn
G 1000193243.json 23 26
V 105.063111 1108.147076 30.000000 30.000000
V 189.414705 1108.147076 100.000000 80.000000
V 351.095544 1108.147076 100.000000 80.000000
V 470.000000 1108.147076 40.000000 40.000000
V 470.000000 1210.000000 100.000000 80.000000
V 470.000000 1000.000000 100.000000 80.000000
V 830.000000 1310.147076 100.000000 80.000000
V 640.500000 1308.147076 141.000000 144.000000
V 620.000000 908.147076 100.000000 80.000000
V 800.000000 908.147076 100.000000 80.000000
V 1225.798188 850.526062 100.000000 80.000000
V 1121.770797 908.147076 40.000000 40.000000
V 1225.798188 973.905049 100.000000 80.000000
V 1460.000000 908.147076 100.000000 80.000000
V 1793.341524 1126.635629 100.000000 80.000000
V 1713.989930 973.905049 100.000000 80.000000
V 2066.741630 1126.635629 100.000000 80.000000
V 2249.624508 1126.635629 28.000000 28.000000
V 1713.989930 1126.635629 40.000000 40.000000
V 1620.610944 1126.635629 100.000000 80.000000
V 1713.989930 1270.014615 100.000000 80.000000
V 1340.000000 908.147076 40.000000 40.000000
V 1927.186380 1126.635629 40.000000 40.000000
E 0 1 105.063111 1108.147076 140.414705 1108.147076
E 1 2 238.414705 1108.147076 302.095544 1108.147076
E 2 3 351.095544 1108.147076 470.000000 1108.147076
E 3 4 470.500000 1108.647076 470.000000 1210.000000
E 3 5 470.500000 1108.647076 470.000000 1039.000000
E 4 7 470.000000 1249.000000 470.000000 1308.147076 640.000000 1308.147076
E 5 8 470.000000 961.000000 470.000000 908.147076 620.000000 908.147076
E 7 6 640.500000 1310.147076 830.000000 1310.147076
E 6 19 830.000000 1310.147076 1620.610944 1310.147076 1620.610944 1126.635629
E 8 9 620.000000 908.147076 800.000000 908.147076
E 9 11 800.000000 908.147076 1122.270797 908.647076
E 11 10 1122.270797 908.647076 1122.270797 850.526062 1225.798188 850.526062
E 10 21 1225.798188 850.526062 1340.500000 850.526062 1340.500000 908.647076
E 11 12 1122.270797 908.647076 1122.270797 973.905049 1225.798188 973.905049
E 12 21 1274.798188 973.905049 1340.500000 973.905049 1340.500000 908.647076
E 13 19 1460.000000 908.147076 1620.610944 908.147076 1620.610944 1126.635629
E 21 13 1340.500000 908.647076 1460.000000 908.147076
E 18 14 1714.489930 1127.135629 1793.341524 1126.635629
E 14 22 1793.341524 1126.635629 1927.686380 1127.135629
E 18 15 1714.489930 1127.135629 1713.989930 973.905049
E 15 22 1713.989930 973.905049 1927.686380 973.905049 1927.686380 1127.135629
E 16 17 2066.741630 1126.635629 2249.624508 1126.635629
E 22 16 1927.686380 1127.135629 2066.741630 1126.635629
E 19 18 1620.610944 1126.635629 1714.489930 1127.135629
E 19 20 1620.610944 1126.635629 1713.989930 1126.635629 1713.989930 1270.014615
E 20 22 1713.989930 1270.014615 1927.686380 1270.014615 1927.686380 1127.135629
G 1000300408.json 22 25
V 800.000000 280.000000 100.000000 80.000000
V 716.000000 374.000000 40.000000 40.000000
V 800.000000 490.000000 100.000000 80.000000
V 605.000000 374.000000 100.000000 80.000000
V 495.000000 374.000000 30.000000 30.000000
V 885.000000 490.000000 28.000000 28.000000
V 1115.000000 280.000000 100.000000 80.000000
V 1215.000000 280.000000 30.000000 30.000000
V 995.000500 374.086500 62.001000 60.173000
V 150.000000 770.000000 30.000000 30.000000
V 245.000000 770.000000 40.000000 40.000000
V 440.000000 880.000000 100.000000 80.000000
V 335.000000 685.000000 100.000000 80.000000
V 569.000000 880.000000 28.000000 28.000000
V 885.000000 880.000000 30.000000 30.000000
V 1215.000000 685.000000 30.000000 30.000000
V 995.000000 770.000000 100.000000 80.000000
V 995.000000 880.000000 40.000000 40.000000
V 495.000000 685.000000 28.000000 28.000000
V 1355.000000 685.000000 100.000000 80.000000
V 1529.000000 685.000000 28.000000 28.000000
V 800.000000 685.000000 30.000000 30.000000
E 1 0 716.500000 374.500000 716.500000 280.000000 800.000000 280.000000
U 0 8 800.000000 280.000000 994.575500 280.000000 994.575500 373.924500
E 1 2 716.500000 374.500000 716.500000 490.000000 800.000000 490.000000
E 3 1 605.000000 374.000000 716.500000 374.500000
E 2 5 800.000000 490.000000 885.000000 490.000000
E 4 3 495.000000 374.000000 605.000000 374.000000
U 3 8 605.000000 374.000000 605.000000 429.000000 994.575500 429.000000 994.575500 373.924500
E 18 4 495.000000 685.000000 495.000000 374.000000
E 5 14 885.000000 490.000000 885.000000 887.000000
E 6 7 1115.000000 280.000000 1215.000000 280.000000
U 8 6 994.575500 373.924500 994.575500 280.000000 1115.000000 280.000000
E 7 15 1215.000000 280.000000 1215.000000 685.000000
U 16 8 995.000000 770.000000 994.575500 373.924500
E 9 10 150.000000 770.000000 245.500000 770.500000
E 10 11 245.500000 770.500000 245.500000 880.000000 440.000000 880.000000
E 10 12 245.500000 770.500000 245.500000 685.000000 335.000000 685.000000
E 11 13 440.000000 880.000000 569.000000 880.000000
E 16 11 995.000000 770.000000 440.000000 770.000000 440.000000 880.000000
E 17 11 995.500000 880.500000 995.500000 932.000000 440.000000 932.000000 440.000000 880.000000
E 12 18 335.000000 685.000000 495.000000 685.000000
E 14 17 885.000000 880.000000 995.500000 880.500000
E 15 19 1215.000000 685.000000 1355.000000 685.000000
E 21 15 800.000000 685.000000 1215.000000 685.000000
E 17 16 995.500000 880.500000 995.000000 770.000000
E 19 20 1355.000000 685.000000 1529.000000 685.000000
G 1000419154.json 21 23
V 120.000000 118.000000 30.000000 30.000000
V 230.000000 118.000000 100.000000 80.000000
V 365.000000 118.000000 100.000000 80.000000
V 521.000000 118.000000 100.000000 80.000000
V 674.000000 118.000000 28.000000 28.000000
V 320.000000 456.000000 100.000000 80.000000
V 509.000000 333.500000 88.000000 97.000000
V 509.000000 455.500000 88.000000 97.000000
V 180.000000 465.000000 30.000000 30.000000
V 320.000000 590.000000 40.000000 40.000000
V 509.000000 565.000000 100.000000 80.000000
V 755.000000 490.000000 100.000000 80.000000
V 755.000000 590.000000 100.000000 80.000000
V 884.000000 590.000000 28.000000 28.000000
V 290.000000 1090.000000 100.000000 80.000000
V 479.000000 1090.000000 100.000000 80.000000
V 643.000000 1089.500000 116.000000 97.000000
V 800.000000 1090.000000 100.000000 80.000000
V 800.000000 1184.000000 28.000000 28.000000
V 350.000000 805.000000 100.000000 80.000000
V 479.000000 948.500000 88.000000 97.000000
E 0 1 120.000000 118.000000 230.000000 118.000000
E 1 2 230.000000 118.000000 365.000000 118.000000
E 2 3 365.000000 118.000000 521.000000 118.000000
E 2 8 365.000000 118.000000 365.000000 287.000000 180.000000 287.000000 180.000000 465.000000
E 3 4 521.000000 118.000000 674.000000 118.000000
E 12 4 755.000000 590.000000 674.000000 590.000000 674.000000 118.000000
E 5 6 320.000000 456.000000 509.000000 333.500000
E 7 5 509.000000 455.500000 320.000000 456.000000
E 8 5 180.000000 465.000000 232.500000 465.000000 232.500000 456.000000 320.000000 456.000000
E 9 5 320.500000 590.500000 320.000000 456.000000
E 10 5 509.000000 565.000000 320.000000 456.000000
E 9 10 320.500000 590.500000 399.500000 590.500000 399.500000 565.000000 509.000000 565.000000
E 19 9 350.000000 805.000000 350.000000 687.500000 320.500000 687.500000 320.500000 590.500000
E 10 11 509.000000 565.000000 579.500000 565.000000 579.500000 490.000000 755.000000 490.000000
E 12 13 755.000000 590.000000 884.000000 590.000000
E 16 12 643.000000 1089.500000 755.000000 590.000000
E 12 17 755.000000 590.000000 755.000000 840.000000 800.000000 840.000000 800.000000 1090.000000
E 14 15 290.000000 1090.000000 479.000000 1090.000000
E 19 14 350.000000 805.000000 290.000000 805.000000 290.000000 1090.000000
E 20 14 479.000000 948.500000 290.000000 1090.000000
E 15 16 479.000000 1090.000000 643.000000 1089.500000
E 17 18 800.000000 1090.000000 800.000000 1184.000000
E 19 20 350.000000 805.000000 479.000000 948.500000
G 1000531133.json 16 16
V 120.000000 410.000000 30.000000 30.000000
V 275.000000 410.000000 100.000000 80.000000
V 390.000000 410.000000 40.000000 40.000000
V 530.000000 495.000000 100.000000 80.000000
V 530.000000 315.000000 100.000000 80.000000
V 680.000000 410.000000 40.000000 40.000000
V 1025.000000 410.000000 100.000000 80.000000
V 1400.000000 345.000000 100.000000 80.000000
V 1400.000000 480.000000 100.000000 80.000000
V 1155.000000 420.000000 40.000000 40.000000
V 1529.000000 345.000000 28.000000 28.000000
V 1529.000000 480.000000 28.000000 28.000000
V 1255.500000 345.000000 100.000000 80.000000
V 1255.500000 479.000000 100.000000 80.000000
V 845.000000 410.000000 40.000000 40.000000
V 924.000000 510.000000 28.000000 28.000000
E 0 1 120.000000 410.000000 275.000000 410.000000
E 1 2 275.000000 410.000000 390.500000 410.500000
E 2 3 390.500000 410.500000 390.500000 495.000000 530.000000 495.000000
E 2 4 390.500000 410.500000 390.500000 315.000000 530.000000 315.000000
E 3 5 530.000000 495.000000 680.500000 495.000000 680.500000 410.500000
E 4 5 530.000000 315.000000 680.500000 315.000000 680.500000 410.500000
E 5 14 680.000000 410.000000 845.500000 410.500000
E 6 9 1073.000000 420.500000 1155.500000 420.500000
E 14 6 845.500000 410.500000 1025.000000 410.000000
E 7 10 1400.000000 345.000000 1529.000000 345.000000
E 12 7 1255.500000 345.000000 1400.000000 345.000000
E 8 11 1400.000000 480.000000 1529.000000 480.000000
E 13 8 1255.500000 479.000000 1400.000000 479.000000
E 9 12 1155.500000 420.500000 1155.500000 345.000000 1206.500000 345.000000
E 9 13 1155.500000 420.500000 1155.500000 479.000000 1255.500000 479.000000
E 14 15 845.500000 410.500000 845.500000 510.000000 924.000000 510.000000
G 1000677292.json 16 17
V 180.000000 195.000000 150.000000 100.000000
V 45.000000 80.000000 30.000000 30.000000
V 393.000000 196.000000 40.000000 40.000000
V 393.000000 65.000000 150.000000 100.000000
V 615.000000 195.000000 150.000000 100.000000
V 144.691718 398.458590 150.000000 100.000000
V 180.000000 80.000000 40.000000 40.000000
V 124.537577 607.150308 40.000000 40.000000
V 318.921013 533.400308 150.000000 100.000000
V 318.921013 683.400308 150.000000 100.000000
V 503.921013 607.400308 40.000000 40.000000
V 660.000000 607.150308 150.000000 100.000000
V 689.000000 408.458590 150.000000 120.000000
V 846.126170 273.208590 150.000000 100.000000
V 585.000000 65.000000 28.000000 28.000000
V 981.126170 273.208590 28.000000 28.000000
E 0 2 180.000000 195.000000 314.000000 195.000000 314.000000 196.000000 393.000000 196.000000
E 6 0 180.500000 80.500000 180.000000 195.000000
E 1 6 45.000000 80.000000 180.000000 80.000000
E 2 3 393.500000 196.500000 393.000000 65.000000
E 2 4 393.500000 196.500000 615.000000 196.500000
E 2 5 393.500000 196.500000 393.500000 250.500000 144.691718 398.458590
E 3 6 319.000000 80.000000 180.000000 80.000000
E 4 14 615.000000 195.000000 615.000000 112.500000 585.000000 112.500000 585.000000 65.000000
E 5 7 144.691718 398.458590 144.691718 517.804449 124.537577 517.804449 124.537577 607.150308
E 7 8 125.037577 607.650308 194.229295 607.650308 194.229295 533.400308 318.921013 533.400308
E 7 9 125.037577 607.650308 125.037577 683.400308 318.921013 683.400308
E 8 10 318.921013 533.400308 503.921013 533.400308 503.921013 607.400308
E 9 10 318.921013 683.400308 503.921013 683.400308 503.921013 607.400308
E 10 11 504.421013 607.900308 660.000000 607.150308
E 11 12 660.000000 607.150308 660.000000 450.000000
E 12 13 689.000000 398.458590 846.126170 398.458590 846.126170 273.208590
E 13 15 846.126170 273.208590 981.126170 273.208590
G 1000796620.json 15 14
V 105.000000 135.000000 30.000000 30.000000
V 245.000000 135.000000 100.000000 80.000000
V 390.000000 135.000000 100.000000 80.000000
V 535.000000 135.000000 100.000000 80.000000
V 680.000000 135.000000 100.000000 80.000000
V 825.000000 135.000000 100.000000 80.000000
V 970.000000 135.000000 100.000000 80.000000
V 970.000000 280.000000 100.000000 80.000000
V 825.000000 280.000000 100.000000 80.000000
V 680.000000 280.000000 100.000000 80.000000
V 450.000000 280.000000 30.000000 30.000000
V 245.000000 280.000000 100.000000 80.000000
V 105.000000 280.000000 100.000000 80.000000
V 105.000000 430.000000 100.000000 80.000000
V 269.000000 430.000000 28.000000 28.000000
E 0 1 105.000000 135.000000 245.000000 135.000000
E 1 2 245.000000 135.000000 390.000000 135.000000
E 2 3 390.000000 135.000000 535.000000 135.000000
E 3 4 535.000000 135.000000 680.000000 135.000000
E 4 5 680.000000 135.000000 825.000000 135.000000
E 5 6 825.000000 135.000000 970.000000 135.000000
E 6 7 970.000000 135.000000 970.000000 280.000000
E 7 8 970.000000 280.000000 825.000000 280.000000
E 8 9 825.000000 280.000000 680.000000 280.000000
E 9 10 680.000000 280.000000 450.000000 280.000000
E 10 11 450.000000 280.000000 245.000000 280.000000
E 11 12 245.000000 280.000000 105.000000 280.000000
E 12 13 105.000000 280.000000 105.000000 430.000000
E 13 14 105.000000 430.000000 269.000000 430.000000
G 1001469544.json 20 20
V 819.595965 1630.644783 30.000000 30.000000
V 960.889626 1630.644783 100.000000 80.000000
V 1116.903532 1630.644783 40.000000 40.000000
V 1249.742560 1630.644783 100.000000 80.000000
V 1423.512529 1630.644783 40.000000 40.000000
V 1249.742560 1790.644783 28.000000 28.000000
V 1508.512529 1727.950094 100.000000 80.000000
V 1508.512529 1564.600085 100.000000 80.000000
V 1701.518665 1564.600085 40.000000 40.000000
V 1859.422601 1564.600085 100.000000 80.000000
V 2004.422601 1564.600085 100.000000 80.000000
V 2119.518682 1565.077735 40.000000 40.000000
V 2234.518682 1673.500091 100.000000 80.000000
V 2379.518682 1673.500091 100.000000 80.000000
V 2506.550138 1564.600085 40.000000 40.000000
V 2621.550138 1564.600085 100.000000 80.000000
V 2766.550138 1564.600085 100.000000 80.000000
V 2875.550138 1564.600085 28.000000 28.000000
V 2234.518682 1401.250075 100.000000 80.000000
V 2379.518682 1401.250075 100.000000 80.000000
E 0 1 819.595965 1630.644783 960.889626 1630.644783
E 1 2 960.889626 1630.644783 1117.403532 1631.144783
E 2 3 1117.403532 1631.144783 1249.742560 1630.644783
E 2 5 1116.390682 1645.761332 1116.390682 1790.644783 1249.742560 1790.644783
E 3 4 1249.742560 1630.644783 1424.012529 1631.144783
E 6 4 1459.512529 1727.950094 1424.012529 1727.950094 1424.012529 1631.144783
E 4 7 1424.012529 1631.144783 1424.012529 1564.600085 1508.512529 1564.600085
E 8 6 1702.018665 1565.100085 1702.018665 1727.950094 1557.512529 1727.950094
E 8 9 1702.018665 1565.100085 1859.422601 1564.600085
E 9 10 1859.422601 1564.600085 2004.422601 1564.600085
E 10 11 2004.422601 1564.600085 2120.117640 1566.079306
E 11 12 2120.018682 1565.577735 2120.018682 1673.500091 2234.518682 1673.500091
E 11 18 2120.018682 1565.577735 2120.018682 1401.250075 2234.518682 1401.250075
E 12 13 2234.518682 1673.500091 2379.518682 1673.500091
E 13 14 2428.518682 1673.500091 2507.050138 1673.500091 2507.050138 1565.100085
E 14 15 2507.050138 1565.100085 2621.550138 1564.600085
E 19 14 2379.518682 1401.250075 2507.050138 1401.250075 2507.050138 1565.100085
E 15 16 2621.550138 1564.600085 2766.550138 1564.600085
E 16 17 2766.550138 1564.600085 2875.550138 1564.600085
E 18 19 2234.518682 1401.250075 2379.518682 1401.250075
G 100193728.json 16 19
V 530.000000 965.000000 100.000000 80.000000
V 890.000000 965.000000 100.000000 80.000000
V 135.000000 465.000000 30.000000 30.000000
V 290.000000 465.000000 100.000000 80.000000
V 410.000000 465.000000 40.000000 40.000000
V 530.000000 465.000000 100.000000 80.000000
V 710.000000 465.000000 100.000000 80.000000
V 815.000000 465.000000 40.000000 40.000000
V 1520.463665 465.000000 100.000000 80.000000
V 1685.463665 465.000000 100.000000 80.000000
V 1805.463665 465.000000 40.000000 40.000000
V 1874.139078 465.000000 28.000000 28.000000
V 890.000000 215.000000 100.000000 80.000000
V 1010.463665 686.010820 40.000000 40.000000
V 1160.463665 686.010820 100.000000 80.000000
V 1340.463665 686.010820 100.000000 80.000000
E 4 0 410.500000 465.500000 410.500000 965.000000 530.000000 965.000000
E 0 6 530.000000 965.000000 620.000000 965.000000 620.000000 465.000000 710.000000 465.000000
E 7 1 815.500000 465.500000 815.500000 965.000000 890.000000 965.000000
E 1 13 890.000000 965.000000 963.085011 965.000000 963.085011 686.510820 1010.963665 686.510820
E 2 3 135.000000 465.000000 290.000000 465.000000
E 3 4 290.000000 465.000000 410.500000 465.500000
E 4 5 410.500000 465.500000 530.000000 465.000000
E 5 6 530.000000 465.000000 710.000000 465.000000
E 6 7 710.000000 465.000000 815.500000 465.500000
E 7 12 815.500000 465.500000 815.500000 215.000000 890.000000 215.000000
E 8 9 1520.463665 465.000000 1685.463665 465.000000
E 10 8 1805.963665 465.500000 1805.963665 369.000000 1520.463665 369.000000 1520.463665 465.000000
E 15 8 1340.463665 686.010820 1430.463665 686.010820 1430.463665 465.000000 1520.463665 465.000000
E 9 10 1685.463665 465.000000 1805.963665 465.500000
E 10 11 1805.963665 465.500000 1874.139078 465.000000
E 12 13 890.000000 215.000000 963.084968 215.000000 963.084968 686.510820 1010.963665 686.510820
E 13 14 1010.963665 686.510820 1160.463665 686.010820
E 13 15 1010.963665 686.510820 1010.963665 789.010820 1340.463665 789.010820 1340.463665 686.010820
E 14 15 1160.463665 686.010820 1340.463665 686.010820
G 1002498967.json 20 20
V 190.000000 459.000000 30.000000 30.000000
V 275.000000 459.000000 100.000000 80.000000
V 389.000000 460.000000 100.000000 80.000000
V 505.000000 460.000000 100.000000 80.000000
V 665.000000 400.000000 100.000000 80.000000
V 665.000000 505.000000 100.000000 80.000000
V 585.000000 459.000000 40.000000 40.000000
V 1139.000000 464.000000 28.000000 28.000000
V 920.000000 464.000000 40.000000 40.000000
V 146.000000 170.000000 30.000000 30.000000
V 236.000000 170.000000 100.000000 80.000000
V 370.000000 170.000000 100.000000 80.000000
V 525.000000 171.000000 30.000000 30.000000
V 621.000000 171.000000 100.000000 80.000000
V 800.000000 112.000000 100.000000 80.000000
V 920.000000 112.000000 100.000000 80.000000
V 1040.000000 112.000000 100.000000 80.000000
V 1139.000000 172.000000 28.000000 28.000000
V 800.000000 250.000000 100.000000 80.000000
V 710.000000 172.000000 40.000000 40.000000
E 0 1 190.000000 459.000000 275.000000 459.000000
E 11 0 370.000000 170.000000 370.000000 327.000000 190.000000 327.000000 190.000000 459.000000
E 1 2 275.000000 459.000000 389.000000 460.000000
E 2 3 389.000000 460.000000 505.000000 460.000000
E 3 6 505.000000 460.000000 585.500000 459.500000
E 6 4 585.500000 459.500000 665.000000 400.000000
E 4 8 714.000000 400.000000 920.500000 464.500000
E 4 12 665.000000 400.000000 665.000000 273.000000 525.000000 273.000000 525.000000 171.000000
E 6 5 585.500000 459.500000 665.000000 505.000000
E 5 8 665.000000 505.000000 920.500000 464.500000
E 8 7 920.500000 464.500000 1139.000000 464.000000
E 9 10 146.000000 170.000000 285.000000 170.000000
E 10 11 236.000000 170.000000 383.000000 170.000000
E 12 13 525.000000 171.000000 621.000000 171.000000
E 13 19 621.000000 171.000000 710.500000 172.500000
E 14 15 800.000000 112.000000 920.000000 112.000000
E 19 14 710.500000 172.500000 800.000000 112.000000
E 15 16 920.000000 112.000000 1040.000000 112.000000
E 16 17 1040.000000 112.000000 1139.000000 172.000000
E 19 18 710.500000 172.500000 800.000000 211.000000
G 1002500217.json 22 26
V 165.000000 185.000000 30.000000 30.000000
V 275.000000 185.000000 100.000000 80.000000
V 389.000000 185.000000 30.000000 30.000000
V 530.000000 185.000000 30.000000 30.000000
V 665.000000 275.000000 30.000000 30.000000
V 635.000000 205.000000 40.000000 40.000000
V 780.000000 165.000000 30.000000 30.000000
V 930.000000 165.000000 100.000000 80.000000
V 1095.000000 165.000000 30.000000 30.000000
V 739.000000 275.000000 28.000000 28.000000
V 1245.000000 165.000000 100.000000 80.000000
V 1354.000000 165.000000 28.000000 28.000000
V 330.000000 485.000000 100.000000 80.000000
V 204.000000 485.000000 30.000000 30.000000
V 450.000000 485.000000 30.000000 30.000000
V 450.000000 565.000000 100.000000 80.000000
V 565.000000 565.000000 40.000000 40.000000
V 635.000000 485.000000 30.000000 30.000000
V 730.000000 565.000000 100.000000 80.000000
V 930.000000 565.000000 30.000000 30.000000
V 1080.000000 565.000000 100.000000 80.000000
V 1189.000000 565.000000 28.000000 28.000000
E 0 1 165.000000 185.000000 275.000000 185.000000
E 1 2 275.000000 185.000000 389.000000 185.000000
E 2 3 389.000000 185.000000 530.000000 185.000000
E 2 13 389.000000 185.000000 389.000000 335.000000 204.000000 335.000000 204.000000 485.000000
E 3 5 530.000000 185.000000 590.000000 185.000000 590.000000 205.500000 635.500000 205.500000
E 14 3 450.000000 485.000000 530.000000 485.000000 530.000000 185.000000
E 5 4 635.500000 205.500000 665.000000 205.500000 665.000000 275.000000
E 4 9 665.000000 275.000000 739.000000 275.000000
E 17 4 635.000000 485.000000 635.000000 370.000000 665.000000 370.000000 665.000000 275.000000
E 5 6 635.500000 205.500000 635.500000 174.000000 705.000000 174.000000 780.000000 165.000000
E 6 7 780.000000 165.000000 930.000000 165.000000
E 18 6 730.000000 565.000000 837.000000 346.000000 780.000000 210.000000 780.000000 165.000000
E 7 8 930.000000 165.000000 1095.000000 165.000000
E 8 10 1095.000000 165.000000 1245.000000 165.000000
E 8 19 1095.000000 165.000000 1095.000000 263.000000 930.000000 263.000000 930.000000 565.000000
E 10 11 1245.000000 165.000000 1354.000000 165.000000
E 10 20 1245.000000 165.000000 1215.000000 408.000000 1080.000000 565.000000
E 13 12 204.000000 485.000000 330.000000 485.000000
E 12 14 330.000000 485.000000 450.000000 485.000000
E 14 15 450.000000 485.000000 450.000000 565.000000
E 15 16 450.000000 565.000000 565.500000 565.500000
E 16 17 565.500000 565.500000 565.500000 485.000000 635.000000 485.000000
E 16 18 565.500000 565.500000 730.000000 565.000000
E 18 19 730.000000 565.000000 930.000000 565.000000
E 19 20 930.000000 565.000000 1080.000000 565.000000
E 20 21 1080.000000 565.000000 1189.000000 565.000000
G 1002807019.json 27 30
V 215.000000 145.000000 30.000000 30.000000
V 351.000000 145.000000 102.000000 80.000000
V 483.000000 181.000000 40.000000 40.000000
V 914.000000 145.000000 28.000000 28.000000
V 604.000000 242.000000 30.000000 30.000000
V 595.000000 105.000000 30.000000 30.000000
V 483.000000 242.000000 30.000000 30.000000
V 785.000000 145.000000 100.000000 80.000000
V 240.000000 424.000000 30.000000 30.000000
V 365.000000 424.000000 100.000000 80.000000
V 483.000000 424.000000 40.000000 40.000000
V 606.000000 407.000000 102.000000 64.000000
V 575.000000 505.000000 100.000000 80.000000
V 720.000000 450.000000 30.000000 30.000000
V 749.000000 387.000000 28.000000 28.000000
V 845.000000 466.000000 100.000000 80.000000
V 995.000000 466.000000 100.000000 80.000000
V 1093.999500 466.000000 28.000000 28.000000
V 860.000000 557.000000 100.000000 64.000000
V 1063.000000 558.000000 30.000000 30.000000
V 975.000000 537.000000 30.000000 30.000000
V 1190.000000 558.000000 100.000000 80.000000
V 1190.000500 408.500000 62.001000 60.173000
V 1319.000000 548.000000 28.000000 28.000000
V 275.000000 672.000000 100.000000 80.000000
V 665.000000 672.000000 40.000000 40.000000
V 1094.000000 273.500000 62.001000 60.173000
E 0 1 215.000000 145.000000 301.000000 145.000000
E 1 2 351.000000 145.000000 432.500000 145.000000 432.500000 181.500000 483.500000 181.500000
E 1 8 351.000000 129.500000 351.000000 258.000000 240.000000 258.000000 240.000000 424.000000
E 2 4 483.500000 181.500000 604.000000 181.500000 604.000000 242.000000
E 2 5 483.500000 181.500000 483.500000 105.000000 595.000000 105.000000
E 2 6 483.500000 181.500000 483.000000 242.000000
E 7 3 785.000000 145.000000 914.000000 145.000000
E 13 4 708.000000 450.000000 708.000000 242.000000 604.000000 242.000000
E 5 7 595.000000 105.000000 654.500000 105.000000 654.500000 145.000000 785.000000 145.000000
E 11 5 606.000000 407.000000 531.000000 316.000000 531.000000 149.000000 595.000000 105.000000
E 15 5 845.000000 466.000000 777.000000 254.000000 595.000000 105.000000
E 23 5 1319.000000 548.000000 1319.000000 41.000000 595.000000 41.000000 595.000000 105.000000
E 20 6 975.000000 537.000000 919.000000 506.000000 919.000000 351.000000 483.000000 351.000000 483.000000 242.000000
E 8 9 240.000000 424.000000 365.000000 424.000000
E 9 10 365.000000 424.000000 483.500000 424.500000
E 10 11 483.500000 424.500000 530.000000 424.500000 530.000000 407.000000 606.000000 407.000000
E 10 12 483.500000 424.500000 483.500000 505.000000 575.000000 505.000000
E 11 14 606.000000 407.000000 696.000000 407.000000 696.000000 387.000000 749.000000 387.000000
E 12 13 575.000000 505.000000 665.000000 505.000000 665.000000 450.000000 720.000000 450.000000
E 12 24 575.000000 505.000000 575.000000 654.000000 324.000000 652.000000
E 15 16 845.000000 466.000000 995.000000 466.000000
E 25 15 665.500000 672.500000 689.000000 536.000000 854.000000 466.000000
E 16 17 995.000000 466.000000 1093.999500 466.000000
E 16 26 995.000000 466.000000 1094.000000 273.500000
E 18 20 860.000000 557.000000 935.000000 557.000000 935.000000 537.000000 975.000000 537.000000
E 20 19 975.000000 537.000000 1020.000000 537.000000 1020.000000 558.000000 1063.000000 558.000000
E 19 21 1063.000000 558.000000 1190.000000 558.000000
E 21 22 1190.000000 558.000000 1190.000500 408.500000
E 21 23 1190.000000 547.000000 1272.500000 547.000000 1272.500000 548.000000 1319.000000 548.000000
E 24 25 275.000000 672.000000 665.500000 672.500000
G 1003089711.json 16 22
V 390.159060 445.115865 40.000000 40.000000
V 528.402543 563.521890 114.582024 80.000000
V 260.000000 445.115865 100.000000 80.000000
V 793.968944 563.521890 40.000000 40.000000
V 672.540238 563.521890 100.000000 80.000000
V 875.000000 445.115865 100.000000 80.000000
V 890.000000 563.521890 100.000000 80.000000
V 330.000000 347.513087 30.000000 30.000000
V 150.000000 445.115865 30.000000 30.000000
V 734.000000 362.576710 88.000000 97.000000
V 1084.267950 563.835529 28.000000 28.000000
V 1005.669875 564.305988 40.000000 40.000000
V 150.000000 347.513087 30.000000 30.000000
V 313.206589 706.625184 88.000000 97.000000
V 876.464100 681.299772 100.000000 80.000000
V 490.159060 385.115865 100.000000 80.000000
E 0 1 390.659060 445.615865 390.659060 563.521890 528.402543 563.521890
E 2 0 260.000000 445.115865 390.159060 445.115865
E 0 7 390.659060 445.615865 390.659060 347.513087 330.000000 347.513087
U 0 15 390.659060 445.615865 441.159060 383.515865
E 1 4 528.402543 563.521890 672.540238 563.521890
E 13 1 313.206589 706.625184 528.402543 706.625184 528.402543 563.521890
E 7 2 330.000000 347.513087 260.000000 347.513087 260.000000 445.115865
E 8 2 150.000000 445.115865 260.000000 445.115865
E 13 2 313.206589 706.625184 239.983451 706.625184 239.983451 408.578027
E 4 3 672.540238 563.521890 794.468944 564.041976
E 3 5 794.468944 564.021890 794.468944 445.115865 875.000000 445.115865
E 3 6 794.468944 564.021890 890.000000 563.521890
E 3 14 794.468944 564.021890 794.468944 681.299772 876.464100 681.299772
E 4 9 672.540238 563.521890 734.000000 362.576710
E 9 5 734.000000 362.576710 875.000000 445.115865
E 5 11 875.000000 445.115865 1005.267950 445.115865 1006.080043 564.787781
E 9 6 734.000000 362.576710 890.000000 563.521890
E 6 11 890.000000 563.521890 1006.874384 565.634296
E 12 8 150.000000 347.513087 150.000000 445.115865
E 9 14 734.000000 362.576710 876.464100 681.299772
E 11 10 1006.590297 565.299826 1084.267950 563.835529
E 14 11 876.464100 681.299772 1005.267950 681.299772 1006.080043 564.787781
G 100343055.json 18 22
V 94.000000 420.000000 28.000000 28.000000
V 161.000000 420.000000 40.000000 40.000000
V 234.000000 420.000000 28.000000 28.000000
V 327.500000 420.000000 83.000000 68.000000
V 293.500000 555.000000 83.000000 68.000000
V 505.500000 663.000000 83.000000 68.000000
V 644.500000 663.000000 83.000000 68.000000
V 738.000000 663.000000 28.000000 28.000000
V 81.000000 111.000000 28.000000 28.000000
V 186.500000 111.000000 83.000000 68.000000
V 306.500000 111.000000 83.000000 68.000000
V 399.000000 111.000000 40.000000 40.000000
V 663.000000 111.000000 28.000000 28.000000
V 464.000000 200.000000 28.000000 28.000000
V 558.500000 200.000000 83.000000 68.000000
V 767.500000 111.000000 83.000000 68.000000
V 875.500000 111.000000 83.000000 68.000000
V 972.000000 111.000000 28.000000 28.000000
E 0 1 94.000000 420.000000 161.000000 420.000000
E 10 0 306.000000 145.000000 306.000000 252.000000 94.000000 252.000000 94.000000 420.000000
E 1 2 161.000000 420.000000 200.000000 420.000000 234.000000 420.000000
E 1 4 161.000000 420.000000 161.000000 556.000000 252.000000 555.000000
E 2 3 234.000000 420.000000 268.000000 420.000000 286.000000 420.000000
E 14 2 545.000000 234.000000 545.000000 324.000000 234.000000 324.000000 234.000000 420.000000
E 3 14 328.000000 386.000000 328.000000 348.000000 572.000000 348.000000 572.000000 234.000000
E 4 5 335.000000 555.000000 353.000000 555.000000 353.000000 663.000000 464.000000 663.000000
E 5 6 548.000000 663.000000 603.000000 663.000000
E 5 12 506.000000 629.000000 506.000000 384.000000 663.000000 384.000000 663.000000 111.000000
E 6 7 686.000000 663.000000 704.000000 663.000000 738.000000 663.000000
E 6 15 658.000000 629.000000 658.000000 432.000000 782.000000 432.000000 782.000000 145.000000
E 8 9 81.000000 111.000000 114.000000 111.000000 145.000000 111.000000
E 9 10 228.000000 111.000000 265.000000 111.000000
E 10 11 348.000000 111.000000 366.000000 111.000000 399.000000 111.000000
E 11 12 399.000000 111.000000 438.000000 111.000000 663.000000 111.000000
E 11 13 399.000000 111.000000 399.000000 200.000000 464.000000 200.000000
E 14 11 600.000000 200.000000 618.000000 200.000000 618.000000 252.000000 576.000000 252.000000 549.000000 252.000000 360.000000 252.000000 360.000000 111.000000 399.000000 111.000000
E 12 15 663.000000 111.000000 726.000000 111.000000
E 13 14 464.000000 200.000000 498.000000 200.000000 517.000000 200.000000
E 15 16 810.000000 111.000000 834.000000 111.000000
E 16 17 918.000000 111.000000 936.000000 111.000000 972.000000 111.000000
G 1004168502.json 22 25
V 275.000000 86.000000 100.000000 80.000000
V 470.000000 40.000000 250.000000 50.000000
V 1040.000000 86.000000 100.000000 80.000000
V 1154.000000 86.000000 28.000000 28.000000
V 90.000000 273.000000 30.000000 30.000000
V 155.000000 273.000000 40.000000 40.000000
V 275.000000 273.000000 100.000000 80.000000
V 545.000000 273.000000 100.000000 80.000000
V 755.000000 273.000000 100.000000 80.000000
V 860.000000 273.000000 40.000000 40.000000
V 650.000000 273.000000 30.000000 30.000000
V 1040.000000 273.000000 100.000000 80.000000
V 1175.000000 273.000000 100.000000 80.000000
V 1610.000000 273.000000 100.000000 80.000000
V 1325.000000 273.000000 100.000000 80.000000
V 1610.000000 183.000000 40.000000 40.000000
V 1679.000000 183.000000 28.000000 28.000000
V 545.000000 465.000000 30.000000 30.000000
V 650.000000 465.000000 100.000000 80.000000
V 1230.500000 617.000000 121.000000 64.500000
V 1410.500000 613.000000 121.000000 64.500000
V 1050.500000 617.250000 121.000000 64.500000
U 0 1 275.000000 86.000000 347.500000 39.000000
E 5 0 155.500000 273.500000 155.500000 86.000000 275.000000 86.000000
E 0 9 275.000000 86.000000 860.500000 86.000000 860.500000 273.500000
E 2 3 1040.000000 86.000000 1154.000000 86.000000
E 9 2 865.500000 256.724609 935.500000 86.000000 1040.000000 86.000000
E 4 5 90.000000 273.000000 155.500000 273.500000
E 5 6 155.500000 273.500000 275.000000 273.000000
E 6 7 275.000000 273.000000 545.000000 273.000000
E 8 7 755.000000 273.000000 755.000000 207.000000 545.000000 207.000000 545.000000 273.000000
E 7 10 545.000000 273.000000 650.000000 273.000000
E 7 17 545.000000 273.000000 545.000000 472.000000
U 7 21 545.000000 273.000000 991.210000 615.960000
E 8 9 755.000000 273.000000 860.500000 273.500000
E 10 8 650.000000 273.000000 755.000000 273.000000
E 9 11 860.500000 273.500000 991.000000 273.000000
E 18 10 650.000000 465.000000 650.000000 273.000000
E 11 12 1040.000000 273.000000 1175.000000 273.000000
U 11 19 1040.000000 273.000000 1171.210000 615.710000
E 12 14 1175.000000 273.000000 1325.000000 273.000000
U 12 20 1175.000000 273.000000 1351.210000 611.710000
E 14 13 1325.000000 273.000000 1610.000000 273.000000
E 13 15 1610.000000 273.000000 1610.500000 183.500000
E 14 15 1325.000000 273.000000 1325.000000 183.500000 1610.500000 183.500000
E 15 16 1610.500000 183.500000 1679.000000 183.000000
E 17 18 545.000000 465.000000 650.000000 465.000000
G 1004323525.json 40 43
V 410.000000 339.500000 100.000000 59.000000
V 674.000000 309.500000 118.000000 59.000000
V 515.000000 340.000000 40.000000 40.000000
V 1115.000000 479.500000 100.000000 59.000000
V 800.000000 309.500000 40.000000 40.000000
V 830.000000 479.500000 100.000000 59.000000
V 944.000000 480.000000 28.000000 28.000000
V 990.000000 309.000000 120.000000 69.000000
V 1115.000000 309.000000 40.000000 40.000000
V 1281.500000 309.500000 103.000000 59.000000
V 1436.000000 309.000000 28.000000 28.000000
V 360.000000 777.000000 30.000000 30.000000
V 1115.000000 777.000000 100.000000 80.000000
V 1319.000000 766.500000 118.000000 59.000000
V 1745.000000 777.000000 100.000000 80.000000
V 1625.000000 777.000000 40.000000 40.000000
V 2195.000000 809.000000 100.000000 80.000000
V 2304.000000 809.000000 28.000000 28.000000
V 1115.000000 937.000000 100.000000 80.000000
V 1115.000000 1022.000000 40.000000 40.000000
V 1222.000000 1083.000000 40.000000 40.000000
V 1490.000000 1083.000000 40.000000 40.000000
V 1565.000000 977.000000 40.000000 40.000000
V 1325.000000 936.500000 100.000000 59.000000
V 704.000000 618.500000 118.000000 59.000000
V 1030.000000 619.000000 40.000000 40.000000
V 1745.000000 655.000000 100.000000 80.000000
V 1850.000000 655.000000 40.000000 40.000000
V 1940.000000 655.000000 100.000000 80.000000
V 2195.000000 619.000000 100.000000 80.000000
V 2090.000000 655.000000 40.000000 40.000000
V 2429.000000 608.500000 118.000000 59.000000
V 2304.000000 609.000000 40.000000 40.000000
V 2030.000000 655.000000 40.000000 40.000000
V 2429.000000 689.500000 118.000000 59.000000
V 905.000000 689.500000 100.000000 59.000000
V 1030.000000 689.500000 28.000000 28.000000
V 828.000000 618.500000 40.000000 40.000000
V 2547.000000 689.500000 28.000000 28.000000
V 1319.000000 1157.500000 100.000000 59.000000
E 0 2 410.000000 339.500000 515.500000 340.500000
E 11 0 360.000000 777.000000 410.000000 777.000000 410.000000 339.500000
E 2 1 515.500000 340.500000 515.500000 309.500000 674.000000 309.500000
E 1 4 674.000000 309.500000 800.500000 310.000000
E 2 24 515.500000 340.500000 515.500000 618.500000 704.000000 618.500000
E 8 3 1115.500000 309.500000 1115.000000 479.500000
E 3 25 1115.000000 479.500000 1030.500000 479.500000 1030.500000 619.500000
E 4 5 793.333333 309.500000 793.333333 479.500000
E 4 7 800.500000 310.000000 990.000000 309.000000
E 5 6 830.000000 479.500000 944.000000 480.000000
E 7 8 990.000000 309.000000 1115.500000 309.500000
E 8 9 1115.500000 309.500000 1281.500000 309.500000
E 9 10 1281.500000 309.500000 1436.000000 309.000000
E 12 18 1115.000000 777.000000 1115.000000 937.000000
E 25 12 1030.500000 619.500000 1115.000000 619.500000 1115.000000 777.000000
E 19 13 1115.500000 1022.500000 1197.500000 1022.500000 1197.500000 766.500000 1319.000000 766.500000
E 13 22 1319.000000 766.500000 1565.500000 766.500000 1565.500000 977.500000
E 15 14 1625.500000 777.500000 1745.000000 777.000000
E 14 27 1745.000000 777.000000 1850.500000 777.000000 1850.500000 655.500000
E 22 15 1565.500000 977.500000 1625.500000 977.500000 1625.500000 777.500000
E 15 26 1625.500000 777.500000 1625.500000 655.000000 1745.000000 655.000000
E 16 17 2195.000000 809.000000 2304.000000 809.000000
E 30 16 2090.500000 655.500000 2090.500000 809.000000 2195.000000 809.000000
E 18 19 1115.000000 937.000000 1115.500000 1022.500000
E 19 20 1115.500000 1022.500000 1115.500000 1083.500000 1222.500000 1083.500000
E 20 23 1222.500000 1083.500000 1222.500000 936.500000 1325.000000 936.500000
E 20 39 1222.500000 1083.500000 1222.500000 1157.500000 1319.000000 1157.500000
E 21 22 1490.500000 1083.500000 1565.500000 1083.500000 1565.500000 977.500000
E 23 21 1325.000000 936.500000 1490.500000 936.500000 1490.500000 1083.500000
E 39 21 1319.000000 1157.500000 1490.500000 1157.500000 1490.500000 1083.500000
E 24 37 704.000000 618.500000 828.500000 619.000000
E 37 25 828.500000 619.000000 1030.500000 619.500000
E 26 27 1745.000000 655.000000 1850.500000 655.500000
E 27 28 1850.500000 655.500000 1940.000000 655.000000
E 28 33 1940.000000 655.000000 2030.500000 655.500000
E 30 29 2090.500000 655.500000 2090.500000 619.000000 2195.000000 619.000000
E 33 30 2030.500000 655.500000 2090.500000 655.500000
E 32 31 2304.500000 609.500000 2429.000000 608.500000
E 31 33 2429.000000 580.000000 2429.000000 505.000000 2030.500000 505.000000 2030.500000 655.500000
E 32 34 2304.500000 609.500000 2304.500000 689.500000 2429.000000 689.500000
E 34 38 2429.000000 689.500000 2547.000000 689.500000
E 35 36 905.000000 689.500000 1030.000000 689.500000
E 37 35 828.500000 619.000000 828.500000 689.500000 905.000000 689.500000
G 1004444520.json 23 30
V 170.000000 85.000000 100.000000 80.000000
V 530.000000 85.000000 100.000000 80.000000
V 710.000000 85.000000 100.000000 80.000000
V 890.000000 85.000000 100.000000 80.000000
V 1045.000000 85.000000 100.000000 80.000000
V 1165.000000 85.000000 100.000000 80.000000
V 350.000000 85.000000 100.000000 80.000000
V 170.000000 220.000000 100.000000 80.000000
V 350.000000 220.000000 100.000000 80.000000
V 530.000000 220.000000 100.000000 80.000000
V 710.000000 220.000000 100.000000 80.000000
V 890.000000 220.000000 100.000000 80.000000
V 170.000000 355.000000 100.000000 80.000000
V 530.000000 355.000000 100.000000 80.000000
V 530.000000 475.000000 100.000000 80.000000
V 25.000000 85.000000 30.000000 30.000000
V 90.000000 85.000000 40.000000 40.000000
V 1254.000000 85.000000 28.000000 28.000000
V 965.000000 85.000000 40.000000 40.000000
V 260.000000 85.000000 40.000000 40.000000
V 440.000000 85.000000 40.000000 40.000000
V 795.499977 85.000000 40.000000 40.000000
V 613.999982 85.000000 40.000000 40.000000
E 16 0 90.500000 85.500000 170.000000 85.000000
E 0 19 170.000000 85.000000 260.500000 85.500000
E 20 1 440.500000 85.500000 530.000000 85.000000
E 1 22 530.000000 85.000000 614.499982 85.500000
E 2 21 710.000000 85.000000 795.999977 85.500000
E 22 2 614.499982 85.500000 710.000000 85.000000
E 3 18 890.000000 85.000000 965.500000 85.500000
E 21 3 795.999977 85.500000 890.000000 85.000000
E 4 5 1045.000000 85.000000 1165.000000 85.000000
E 18 4 965.500000 85.500000 1045.000000 85.000000
E 5 17 1165.000000 85.000000 1254.000000 85.000000
E 19 6 260.500000 85.500000 350.000000 85.000000
E 6 20 350.000000 85.000000 440.500000 85.500000
E 16 7 90.500000 85.500000 90.500000 220.000000 170.000000 220.000000
E 7 19 170.000000 220.000000 260.500000 220.000000 260.500000 85.500000
E 19 8 260.500000 85.500000 260.500000 220.000000 350.000000 220.000000
E 8 20 350.000000 220.000000 440.500000 220.000000 440.500000 85.500000
E 20 9 440.500000 85.500000 440.500000 220.000000 530.000000 220.000000
E 9 22 530.000000 220.000000 614.499982 220.000000 614.499982 85.500000
E 10 21 710.000000 220.000000 795.999977 220.000000 795.999977 85.500000
E 22 10 614.499982 85.500000 614.499982 220.000000 710.000000 220.000000
E 11 18 890.000000 220.000000 965.500000 220.000000 965.500000 85.500000
E 21 11 795.999977 85.500000 795.999977 220.000000 890.000000 220.000000
E 16 12 90.500000 85.500000 90.500000 355.000000 170.000000 355.000000
E 12 19 170.000000 355.000000 260.500000 355.000000 260.500000 85.500000
E 20 13 440.500000 85.500000 440.500000 355.000000 530.000000 355.000000
E 13 22 530.000000 355.000000 614.499982 355.000000 614.499982 85.500000
E 20 14 440.500000 85.500000 440.500000 475.000000 530.000000 475.000000
E 14 22 530.000000 475.000000 614.499982 475.000000 614.499982 85.500000
E 15 16 25.000000 85.000000 90.500000 85.500000
G 1004966509.json 20 23
V 140.000000 325.000000 100.000000 80.000000
V 303.000000 325.000000 100.000000 80.000000
V 470.000000 325.000000 100.000000 80.000000
V 605.000000 325.000000 100.000000 80.000000
V 755.000000 325.000000 100.000000 80.000000
V 365.000000 580.000000 100.000000 80.000000
V 500.500000 680.000000 100.000000 80.000000
V 365.000000 820.000000 100.000000 80.000000
V 120.000000 85.000000 30.000000 30.000000
V 500.000000 205.000000 125.000000 80.000000
V 322.500000 85.000000 139.000000 80.000000
V 500.000000 85.000000 100.000000 80.000000
V 303.000000 205.000000 114.500000 80.000000
V 140.000000 440.000000 40.000000 40.000000
V 323.000000 440.000000 40.000000 40.000000
V 500.000000 440.000000 40.000000 40.000000
V 770.000000 440.000000 40.000000 40.000000
V 365.000000 680.000000 40.000000 40.000000
V 365.000000 914.000000 28.000000 28.000000
V 635.000000 440.000000 40.000000 40.000000
E 9 0 500.000000 244.000000 500.000000 266.000000 165.000000 266.000000 165.000000 286.000000
E 0 13 140.000000 364.000000 140.500000 440.500000
E 13 1 140.500000 440.500000 278.000000 440.500000 278.000000 364.000000
E 1 14 328.000000 364.000000 323.500000 440.500000
E 14 2 323.500000 440.500000 445.000000 440.500000 445.000000 364.000000
E 2 15 495.000000 364.000000 500.500000 440.500000
E 15 3 500.500000 440.500000 580.000000 440.500000 580.000000 364.000000
E 3 19 630.000000 364.000000 635.500000 440.500000
E 4 16 770.500000 363.000000 770.500000 440.500000
E 19 4 635.500000 440.500000 730.000000 440.500000 730.000000 364.000000
E 16 5 770.500000 440.500000 825.500000 440.500000 825.500000 526.000000 365.000000 526.000000 365.000000 541.000000
E 5 17 365.000000 619.000000 365.500000 680.500000
E 6 7 500.500000 719.000000 500.500000 820.000000 414.000000 820.000000
E 17 6 365.500000 680.500000 451.500000 680.000000
E 17 7 365.500000 680.500000 365.000000 781.000000
E 7 18 365.000000 859.000000 365.000000 914.000000
E 8 10 120.000000 85.000000 254.000000 85.000000
E 11 9 500.000000 124.000000 500.000000 166.000000
E 10 11 391.000000 85.000000 451.000000 85.000000
E 13 12 140.500000 440.500000 140.500000 499.000000 14.000000 499.000000 14.000000 205.000000 246.750000 205.000000
E 15 12 500.500000 440.500000 500.500000 495.000000 39.000000 495.000000 39.000000 185.000000 246.750000 185.000000
E 16 12 770.500000 440.500000 770.500000 497.000000 33.000000 497.000000 33.000000 144.000000 274.375000 144.000000 274.375000 166.000000
E 19 12 635.500000 440.500000 635.500000 499.000000 54.000000 499.000000 54.000000 166.000000 274.375000 166.000000
G 1005251135.json 31 32
V 120.000000 185.000000 30.000000 30.000000
V 245.000000 185.000000 100.000000 80.000000
V 403.500000 185.000000 113.000000 80.000000
V 575.000000 185.000000 100.000000 80.000000
V 755.000000 185.000000 100.000000 80.000000
V 932.000000 185.000000 100.000000 80.000000
V 1065.000000 185.000000 28.000000 28.000000
V 835.000000 503.000000 30.000000 30.000000
V 960.000000 503.000000 100.000000 80.000000
V 1231.000000 503.000000 100.000000 80.000000
V 1090.000000 503.000000 30.000000 30.000000
V 1334.000000 503.000000 28.000000 28.000000
V 150.000000 773.000000 30.000000 30.000000
V 345.000000 715.000000 100.000000 80.000000
V 345.000500 810.086500 62.001000 60.173000
V 584.000000 773.000000 28.000000 28.000000
V 825.000000 733.000000 30.000000 30.000000
V 902.000000 715.000000 30.000000 30.000000
V 1050.000000 733.000000 100.000000 80.000000
V 1334.000000 733.000000 28.000000 28.000000
V 1160.000000 733.000000 40.000000 40.000000
V 1160.000000 803.000000 30.000000 30.000000
V 173.000000 1073.000000 30.000000 30.000000
V 311.500000 1072.500000 113.000000 93.000000
V 485.000000 1073.000000 100.000000 80.000000
V 614.000000 1073.000000 28.000000 28.000000
V 827.000000 1081.000000 30.000000 30.000000
V 934.000000 1081.000000 100.000000 80.000000
V 1052.000000 1081.000000 30.000000 30.000000
V 1183.500000 1081.000000 113.000000 80.000000
V 1334.000000 1081.000000 28.000000 28.000000
E 0 1 120.000000 185.000000 196.000000 185.000000
E 1 2 294.000000 185.000000 348.000000 185.000000
E 2 3 459.000000 185.000000 526.000000 185.000000
E 2 12 403.500000 224.000000 403.500000 496.000000 150.000000 496.000000 150.000000 773.000000
E 3 4 624.000000 185.000000 706.000000 185.000000
E 3 7 575.000000 146.000000 575.000000 36.000000 1161.000000 36.000000 1161.000000 329.000000 989.000000 329.000000 989.000000 363.000000 835.000000 363.000000 835.000000 503.000000
E 4 5 804.000000 185.000000 883.000000 185.000000
E 4 10 755.000000 146.000000 755.000000 50.000000 1241.000000 50.000000 1241.000000 353.000000 1090.000000 353.000000 1090.000000 503.000000
E 5 6 981.000000 185.000000 1065.000000 185.000000
E 5 16 932.000000 224.000000 932.000000 339.000000 804.000000 339.000000 804.000000 375.000000 742.000000 375.000000 742.000000 620.000000 825.000000 620.000000 825.000000 733.000000
E 7 8 835.000000 503.000000 911.000000 503.000000
E 8 10 1009.000000 503.000000 1090.000000 503.000000
E 10 9 1090.000000 503.000000 1182.000000 503.000000
E 9 11 1280.000000 503.000000 1334.000000 503.000000
E 12 13 150.000000 773.000000 296.000000 715.000000
E 13 14 345.000000 754.000000 344.575500 809.924500
E 13 15 394.000000 715.000000 584.000000 773.000000
E 23 14 311.500000 1027.000000 311.500000 950.000000 344.575500 950.000000 344.575500 809.924500
E 16 17 825.000000 733.000000 902.000000 715.000000
E 17 18 902.000000 715.000000 1001.000000 733.000000
E 18 20 1050.000000 733.000000 1160.500000 733.500000
E 21 18 1160.000000 803.000000 1075.000000 803.000000 1075.000000 772.000000
E 20 19 1160.500000 733.500000 1334.000000 733.000000
E 20 21 1160.500000 733.500000 1160.000000 803.000000
E 22 23 173.000000 1073.000000 256.000000 1072.500000
E 23 24 367.000000 1072.500000 436.000000 1073.000000
E 24 25 534.000000 1073.000000 614.000000 1073.000000
E 25 28 614.000000 1073.000000 707.000000 1073.000000 707.000000 1216.000000 1052.000000 1216.000000 1052.000000 1081.000000
E 26 27 827.000000 1081.000000 885.000000 1081.000000
E 27 28 983.000000 1081.000000 1052.000000 1081.000000
E 28 29 1052.000000 1081.000000 1128.000000 1081.000000
E 29 30 1239.000000 1081.000000 1334.000000 1081.000000
G 1005631758.json 29 34
V 130.735210 317.889384 30.000000 30.000000
V 250.735210 317.889384 120.497400 80.000000
V 674.329100 317.889384 503.963797 80.000000
V 1223.772676 317.889384 274.227904 80.000000
V 1499.173690 317.889384 127.348009 80.000000
V 2410.547139 317.889384 1351.144920 67.194476
V 960.138547 114.255963 1205.418295 67.194476
V 2344.761121 114.061486 1482.716954 60.000000
V 323.616698 117.658724 30.000000 30.000000
V 937.894367 1174.692598 1565.167228 40.000000
V 935.804044 986.598422 1568.390999 40.000000
V 937.287153 1117.976647 1565.424780 40.000000
V 937.379263 1239.533230 1565.105176 40.000000
V 937.189403 1060.356401 1565.620280 40.000000
V 171.847695 556.966212 30.000000 30.000000
V 346.735211 571.974547 255.194604 230.016671
V 507.154704 556.966212 30.000000 30.000000
V 629.364905 622.236782 164.420402 199.121771
V 808.536606 616.307540 143.923001 193.263288
V 1164.983706 622.236782 30.000000 30.000000
V 1039.903062 622.223268 158.809910 165.972973
V 921.983706 619.675896 30.000000 30.000000
V 1287.092165 619.456339 158.809910 199.560886
V 1397.768723 622.236782 30.000000 30.000000
V 1495.720156 629.952698 120.440941 165.972973
V 1599.345229 536.236782 30.000000 30.000000
V 1722.968204 562.785833 167.978932 237.746101
V 1055.095623 469.293384 1008.785923 80.000000
V 181.216786 212.388903 130.963152 70.570000
E 0 1 130.735210 317.889384 250.735210 317.889384
E 0 9 130.735210 317.889384 128.657777 1174.692598 937.894367 1174.692598
E 0 10 130.735210 317.889384 128.657777 986.598422 935.804044 986.598422
E 0 11 130.735210 317.889384 128.657777 1117.976647 937.287153 1117.976647
E 0 12 130.735210 317.889384 128.657777 1239.533230 937.379263 1239.533230
E 0 13 130.735210 317.889384 128.657777 1060.356401 937.189403 1060.356401
U 0 28 130.735210 317.889384 117.044842 210.977503
E 1 2 250.735210 317.889384 575.283639 317.889384
E 15 1 265.060910 458.244390 265.060910 317.889384
E 2 3 674.329100 317.889384 1223.772676 317.889384
E 3 4 1223.772676 317.889384 1499.173690 317.889384
E 4 5 1499.173690 317.889384 2410.547139 317.889384
E 6 7 960.138547 114.255963 2344.761121 114.061486
E 8 6 323.616698 117.658724 960.138547 114.255963
E 20 6 1039.903062 558.254737 1039.903062 135.619900
E 26 7 1722.968204 540.544426 1722.968204 130.758562
E 15 8 323.616698 465.682441 323.616698 129.912624
E 26 9 1658.425963 653.707884 1658.425963 1189.045344
E 27 9 734.711985 465.335384 734.711985 1179.339670
E 18 12 808.536606 619.236782 808.536606 1245.140719
E 12 21 921.983706 1220.840107 921.983706 619.675896
E 22 12 1224.535167 680.637783 1224.535167 1244.340652
E 12 23 1397.768723 1250.042706 1397.768723 622.236782
E 12 25 1599.345229 1232.688604 1599.345229 536.236782
E 13 14 171.847695 1040.356401 171.847695 556.966212
E 17 13 629.364905 622.236782 629.364905 1054.418941
E 22 13 1230.144310 675.313783 1230.144310 1062.326264
E 14 15 171.847695 556.966212 219.162691 569.406876
E 16 17 507.154704 556.966212 629.364905 622.236782
E 16 27 507.154704 556.966212 507.154704 469.293384 551.702662 469.293384
E 17 18 629.364905 622.236782 808.536606 616.307540
E 19 22 1164.983706 622.236782 1287.092165 619.456339
E 21 20 921.983706 619.675896 1039.903062 622.223268
E 23 24 1397.768723 622.236782 1495.720156 629.952698
G 1005636596.json 32 42
V 240.000000 271.282051 30.000000 30.000000
V 395.000000 271.282051 100.000000 80.000000
V 510.000000 271.282051 40.000000 40.000000
V 625.000000 271.282051 100.000000 80.000000
V 625.000000 161.282051 100.000000 80.000000
V 740.000000 271.282051 40.000000 40.000000
V 625.000000 386.282051 100.000000 80.000000
V 855.000000 271.282051 100.000000 80.000000
V 1085.000000 206.282051 100.000000 80.000000
V 1395.000000 206.282051 100.000000 80.000000
V 1640.000000 206.282051 100.000000 80.000000
V 1640.000000 341.282051 100.000000 80.000000
V 1640.000000 461.282051 100.000000 80.000000
V 1775.000000 271.282051 40.000000 40.000000
V 2210.000000 86.282051 100.000000 80.000000
V 2210.000000 235.000000 100.000000 80.000000
V 1085.000000 86.282051 100.000000 80.000000
V 1640.000000 86.282051 100.000000 80.000000
V 1510.000000 206.589743 40.000000 40.000000
V 1895.000000 35.000000 40.000000 40.000000
V 1895.000000 161.282051 100.000000 80.000000
V 1085.000000 445.000000 100.000000 80.000000
V 2040.000000 161.282051 100.000000 80.000000
V 2135.000000 162.051281 40.000000 40.000000
V 2300.000000 161.282051 40.000000 40.000000
V 2435.000000 161.282051 100.000000 80.000000
V 1895.000000 271.282051 40.000000 40.000000
V 1307.000000 271.589743 40.000000 40.000000
V 970.000000 271.282051 40.000000 40.000000
V 1200.000000 161.589743 40.000000 40.000000
V 2600.000000 161.282051 100.000000 80.000000
V 2820.000000 161.282051 30.000000 30.000000
E 0 1 240.000000 271.282051 395.000000 271.282051
E 1 2 395.000000 271.282051 510.500000 271.782051
E 2 3 510.500000 271.782051 625.000000 271.282051
E 2 4 510.500000 271.782051 510.500000 161.282051 625.000000 161.282051
E 2 6 510.500000 271.782051 510.500000 386.282051 625.000000 386.282051
E 3 5 625.000000 271.282051 740.500000 271.782051
E 4 5 625.000000 161.282051 740.000000 161.282051 740.000000 271.282051
E 6 5 625.000000 386.282051 740.000000 386.282051 740.000000 271.282051
E 5 7 740.500000 271.782051 855.000000 271.282051
E 19 7 1895.500000 35.500000 855.000000 35.500000 855.000000 271.282051
E 7 28 855.000000 271.282051 970.000000 271.594551
E 28 8 970.500000 272.102364 970.500000 206.282051 1085.000000 206.282051
E 8 29 1085.000000 206.282051 1200.000000 206.282051 1200.000000 161.902243
E 9 18 1395.000000 206.282051 1510.500000 207.410056
E 19 9 1895.500000 35.500000 1395.000000 35.500000 1395.000000 206.282051
E 27 9 1307.500000 272.410056 1395.000000 271.782051 1395.000000 206.282051
E 10 13 1640.000000 206.282051 1775.000000 206.282051 1775.000000 271.282051
E 18 10 1510.500000 207.410056 1640.000000 206.282051
E 11 13 1640.000000 341.282051 1775.000000 341.282051 1775.000000 271.282051
E 18 11 1510.500000 207.410056 1510.500000 341.282051 1640.000000 341.282051
E 12 13 1640.000000 461.282051 1775.000000 461.282051 1775.000000 271.282051
E 18 12 1510.500000 207.410056 1510.500000 461.282051 1640.000000 461.282051
E 17 13 1640.000000 86.282051 1775.000000 86.282051 1775.000000 271.282051
E 13 20 1775.500000 271.782051 1820.000000 271.782051 1820.000000 161.282051 1895.000000 161.282051
E 23 14 2135.500000 162.551281 2135.500000 86.282051 2210.000000 86.282051
E 14 24 2210.000000 86.282051 2300.000000 86.282051 2300.000000 162.102364
E 23 15 2135.500000 162.551281 2135.500000 235.000000 2210.000000 235.000000
E 15 24 2210.000000 235.000000 2300.500000 235.000000 2300.500000 162.427681
E 28 16 970.500000 272.102364 970.500000 86.282051 1085.000000 86.282051
E 16 29 1085.000000 86.282051 1200.000000 86.282051 1200.000000 161.902243
E 18 17 1510.500000 207.410056 1510.500000 86.282051 1640.000000 86.282051
E 26 19 1895.500000 271.782051 1959.000000 271.782051 1959.000000 35.000000 1895.500000 35.000000
E 20 26 1895.500000 161.282051 1895.500000 271.782051
E 21 27 1085.000000 445.000000 1307.000000 445.000000 1307.000000 271.902243
E 28 21 970.500000 271.782051 970.500000 445.000000 1085.000000 445.000000
E 22 23 2040.000000 161.282051 2135.500000 163.363412
E 26 22 1895.500000 271.782051 2040.000000 271.782051 2040.000000 161.282051
E 24 25 2300.500000 161.782051 2435.000000 161.282051
E 26 25 1895.000000 271.782051 1895.000000 403.000000 2435.000000 403.000000 2435.000000 161.282051
E 25 30 2435.000000 161.282051 2600.000000 161.282051
E 29 27 1200.500000 162.410056 1307.500000 161.782051 1307.500000 272.410056
E 30 31 2600.000000 161.282051 2820.000000 161.282051
G 1005740445.json 23 26
V 135.000000 185.000000 30.000000 30.000000
V 225.000000 185.000000 30.000000 30.000000
V 225.000000 457.666667 30.000000 30.000000
V 380.000000 565.000000 100.000000 80.000000
V 455.000000 457.666667 40.000000 40.000000
V 605.000000 565.000000 100.000000 80.000000
V 815.000000 457.666667 40.000000 40.000000
V 950.000000 457.666667 100.000000 80.000000
V 530.000000 500.000000 40.000000 40.000000
V 290.000000 458.000000 40.000000 40.000000
V 949.500000 1150.000000 533.000000 80.000000
V 380.000000 1150.000000 30.000000 30.000000
V 913.500000 984.666667 391.000000 80.000000
V 605.000000 984.666667 30.000000 30.000000
V 1100.000000 720.333333 100.000000 80.000000
V 1235.000000 720.333333 40.000000 40.000000
V 1490.000000 720.333333 40.000000 40.000000
V 1305.000000 772.333333 40.000000 40.000000
V 1590.000000 720.333333 40.000000 40.000000
V 1715.000000 720.333333 100.000000 80.000000
V 1880.000000 720.333333 100.000000 80.000000
V 1994.000000 720.333333 28.000000 28.000000
V 950.000000 720.333333 30.000000 30.000000
E 0 1 135.000000 185.000000 225.000000 185.000000
E 1 2 225.000000 185.000000 225.000000 466.666667
E 2 9 225.000000 457.666667 290.500000 458.847458
E 9 3 290.500000 458.500000 290.500000 565.000000 380.000000 565.000000
E 3 11 380.000000 565.000000 380.000000 1161.147135
E 4 6 455.500000 458.166667 455.500000 408.000000 815.500000 408.000000 815.500000 458.166667
E 4 8 455.500000 458.166667 455.500000 500.500000 530.500000 500.500000
E 9 4 290.500000 458.500000 455.500000 458.166667
E 8 5 530.500000 500.500000 530.500000 565.000000 605.000000 565.000000
E 5 13 605.000000 589.000000 605.000000 984.666667
E 6 7 815.500000 458.166667 950.000000 457.666667
E 8 6 530.500000 500.500000 530.500000 458.166667 815.500000 458.166667
E 7 22 950.000000 457.666667 950.000000 720.333333
E 11 10 380.000000 1150.000000 949.500000 1150.000000
E 10 18 949.500000 1150.000000 1590.000000 1150.000000 1590.000000 720.333333
E 13 12 605.000000 984.666667 913.500000 984.000000
E 12 17 913.500000 984.666667 1305.000000 984.666667 1305.000000 772.333333
E 14 15 1100.000000 720.333333 1235.500000 720.833333
E 22 14 950.000000 720.333333 1100.000000 720.333333
E 15 16 1235.500000 720.833333 1490.500000 720.833333
E 15 17 1235.500000 720.833333 1235.500000 772.674242 1305.500000 772.833333
E 17 16 1305.500000 772.833333 1490.500000 772.833333 1490.500000 720.833333
E 16 18 1490.500000 720.833333 1590.500000 720.833333
E 18 19 1590.500000 720.833333 1715.000000 720.333333
E 19 20 1715.000000 720.333333 1880.000000 720.333333
E 20 21 1880.000000 720.333333 1994.000000 720.333333
G 1005845225.json 16 15
V 1063.637210 104.606178 200.000000 60.000000
V 151.803089 480.462983 100.000000 80.000000
V 644.303089 302.962983 194.000000 55.000000
V 644.303089 527.962983 194.000000 55.000000
V 1063.637210 162.106178 194.000000 55.000000
V 1066.637210 224.606178 200.000000 60.000000
V 1071.175091 347.257985 200.000000 60.000000
V 1071.175091 472.905212 200.000000 60.000000
V 1077.389716 769.576190 200.000000 60.000000
V 1071.175091 578.104955 200.000000 60.000000
V 1077.389716 715.851677 200.000000 60.000000
V 1072.792031 414.012076 194.000000 55.000000
V 1070.485010 522.939676 189.385958 42.008231
V 1072.792031 644.859046 194.000000 55.000000
V 1074.389716 827.963970 194.000000 55.000000
V 1076.118499 883.387318 194.000000 55.000000
E 2 0 644.303089 302.962983 852.470150 302.962983 852.470150 104.606178 1063.637210 104.606178
E 1 2 151.803089 480.462983 374.553089 480.462983 374.553089 302.962983 644.303089 302.962983
E 1 3 151.803089 480.462983 374.553089 480.462983 374.553089 527.962983 644.303089 527.962983
E 2 4 644.303089 302.962983 853.970150 302.962983 853.970150 162.106178 1063.637210 162.106178
E 2 5 644.303089 302.962983 853.970150 302.962983 853.970150 224.606178 1066.637210 224.606178
E 3 6 644.303089 527.962983 856.239090 527.962983 856.239090 347.257985 1071.175091 347.257985
E 3 7 644.303089 527.962983 856.239090 527.962983 856.239090 472.905212 1071.175091 472.905212
E 3 8 644.303089 527.962983 859.346403 527.962983 859.346403 769.576190 1077.389716 769.576190
E 3 9 644.303089 527.962983 856.239090 527.962983 856.239090 578.104955 1071.175091 578.104955
E 3 10 644.303089 527.962983 859.346403 527.962983 859.346403 715.851677 1077.389716 715.851677
E 3 11 644.303089 527.962983 858.547560 527.962983 858.547560 414.012076 1072.792031 414.012076
E 3 12 644.303089 527.962983 858.547560 527.962983 858.547560 522.939676 1070.485010 522.939676
E 3 13 644.303089 527.962983 858.547560 527.962983 858.547560 644.859046 1072.792031 644.859046
E 3 14 644.303089 527.962983 859.346403 527.962983 859.346403 827.963970 1074.389716 827.963970
E 3 15 644.303089 527.962983 860.210794 527.962983 860.210794 883.387318 1076.118499 883.387318
G 1005931207.json 17 17
V 230.000000 405.000000 30.000000 30.000000
V 335.000000 405.000000 100.000000 80.000000
V 815.000000 405.000000 40.000000 40.000000
V 470.000000 405.000000 100.000000 80.000000
V 1055.000000 405.000000 100.000000 80.000000
V 712.000000 405.000000 100.000000 80.000000
V 555.000000 405.000000 30.000000 30.000000
V 903.000000 325.000000 100.000000 80.000000
V 1055.000000 325.000000 28.000000 28.000000
V 830.000000 490.000000 100.000000 50.000000
V 617.000000 405.000000 30.000000 30.000000
V 230.000000 150.000000 100.000000 80.000000
V 617.000000 155.000000 100.000000 80.000000
V 765.000000 150.000000 100.000000 80.000000
V 1055.000000 155.000000 100.000000 80.000000
V 1055.000000 675.000000 30.000000 30.000000
V 1274.000000 674.000000 28.000000 28.000000
E 0 1 230.000000 405.000000 309.000000 405.000000
E 11 0 230.000000 189.000000 232.000000 394.000000
E 1 3 384.000000 405.000000 421.000000 405.000000
E 2 4 826.000000 404.000000 1006.000000 405.000000
E 5 2 761.000000 405.000000 815.500000 405.500000
E 2 7 815.500000 405.500000 815.500000 325.000000 854.000000 325.000000
U 9 2 781.000000 489.000000 781.000000 434.000000 815.500000 405.500000
E 3 6 519.000000 405.000000 555.000000 405.000000
E 3 12 470.000000 366.000000 470.000000 240.000000 618.000000 240.000000 618.000000 194.000000
E 4 15 1055.000000 444.000000 1055.000000 675.000000
E 10 5 617.000000 405.000000 663.000000 405.000000
E 6 10 566.062500 405.000000 617.000000 405.000000
E 7 8 952.000000 325.000000 1045.000000 324.000000
E 16 7 1272.000000 665.000000 1272.000000 578.000000 912.394649 578.000000 912.394649 358.000000
E 8 14 1057.000000 316.000000 1055.000000 194.000000
E 13 10 765.000000 189.000000 765.000000 325.000000 617.000000 325.000000 617.000000 405.000000
E 12 13 657.000000 152.000000 716.000000 150.000000
G 1006305221.json 21 26
V 395.000000 505.000000 100.000000 80.000000
V 304.812500 505.000000 30.000000 30.000000
V 530.000000 505.000000 100.000000 80.000000
V 695.000000 505.000000 100.000000 80.000000
V 1008.000000 505.000000 126.000000 80.000000
V 845.000000 505.000000 100.000000 80.000000
V 1175.000000 505.000000 100.000000 80.000000
V 1325.000000 505.000000 100.000000 80.000000
V 1430.000000 505.000000 40.000000 40.000000
V 1520.000000 445.000000 100.000000 80.000000
V 1520.000000 550.000000 100.000000 80.000000
V 1676.062500 445.000000 112.000000 80.000000
V 1760.000000 505.000000 40.000000 40.000000
V 1829.000000 505.000000 28.000000 28.000000
V 195.000000 738.000000 30.000000 30.000000
V 305.000000 738.000000 100.000000 80.000000
V 701.000000 739.000000 100.000000 80.000000
V 1008.000000 738.000000 112.000000 79.000000
V 1175.000000 739.000000 100.000000 80.000000
V 1325.000000 738.000000 100.000000 80.000000
V 1430.000000 739.000000 28.000000 28.000000
E 1 0 304.812500 505.000000 395.000000 505.000000
E 0 2 395.000000 505.000000 530.000000 505.000000
E 15 1 304.812500 725.211243 304.812500 515.000000
E 2 3 530.000000 505.000000 695.000000 505.000000
E 3 5 732.000000 504.500000 796.000000 505.000000
E 3 16 698.000000 522.000000 698.000000 734.000000
E 5 4 845.000000 505.000000 1008.000000 505.000000
E 4 6 1008.000000 505.000000 1175.000000 505.000000
E 17 4 1008.000000 708.500000 1008.000000 505.000000
E 16 5 713.666667 725.666667 839.666667 725.666667 839.666667 531.000000
E 6 7 1175.000000 505.000000 1325.000000 505.000000
E 6 18 1175.000000 513.000000 1175.000000 736.000000
E 7 8 1325.000000 505.000000 1430.500000 505.500000
E 19 7 1325.000000 735.000000 1325.000000 541.000000
E 8 9 1430.500000 505.500000 1430.500000 445.000000 1520.000000 445.000000
E 8 10 1430.500000 505.500000 1430.500000 550.000000 1520.000000 550.000000
E 9 11 1520.000000 445.000000 1676.062500 445.000000
E 10 12 1520.000000 550.000000 1760.500000 550.000000 1760.500000 505.500000
E 11 12 1676.062500 445.000000 1760.500000 445.000000 1760.500000 505.500000
E 12 13 1760.500000 505.500000 1829.000000 505.000000
E 14 15 195.000000 738.000000 305.000000 738.000000
E 15 16 305.000000 738.000000 701.000000 739.000000
E 16 17 701.000000 739.000000 1008.000000 738.000000
E 17 18 1018.000000 739.000000 1153.000000 740.000000
E 18 19 1175.000000 739.000000 1325.000000 738.000000
E 19 20 1325.000000 738.000000 1430.000000 739.000000
G 1006453108.json 27 32
V 167.000000 709.000000 30.000000 30.000000
V 340.000000 709.000000 100.000000 80.000000
V 485.000000 709.000000 100.000000 80.000000
V 597.000000 709.000000 28.000000 28.000000
V 76.000000 325.000000 30.000000 30.000000
V 185.000000 324.000000 100.000000 80.000000
V 330.000000 324.000000 100.000000 80.000000
V 329.937500 407.973000 63.875000 57.946000
V 455.000000 324.000000 40.000000 40.000000
V 623.000000 324.000000 110.000000 80.000000
V 725.000000 324.000000 40.000000 40.000000
V 830.000000 241.500000 100.000000 65.000000
V 902.000000 324.500000 100.000000 55.000000
V 1130.000000 242.000000 40.000000 40.000000
V 1239.000000 241.500000 100.000000 65.000000
V 1426.937500 167.973000 63.875000 57.946000
V 1175.000000 334.000000 40.000000 40.000000
V 1175.000000 412.473000 100.000000 48.946000
V 628.000000 441.000000 120.000000 80.000000
V 902.000000 511.000000 30.000000 30.000000
V 134.000000 438.500000 88.000000 97.000000
V 944.000000 93.500000 88.000000 97.000000
V 1024.500000 371.000000 61.000000 54.000000
V 1175.000000 478.000000 28.000000 28.000000
V 1025.000000 242.000000 100.000000 80.000000
V 1078.500000 106.500000 87.000000 33.000000
V 1239.000000 168.000000 40.000000 40.000000
E 0 1 167.000000 709.000000 290.000000 709.000000
E 18 0 569.000000 441.000000 482.000000 441.000000 482.000000 617.000000 167.000000 617.000000 167.000000 700.000000
E 1 2 390.000000 709.000000 435.000000 709.000000
E 2 3 535.000000 709.000000 597.000000 709.000000
E 3 19 597.000000 709.000000 902.000000 709.000000 902.000000 511.000000
E 4 5 76.000000 325.000000 135.000000 324.000000
E 5 6 235.000000 324.000000 280.000000 324.000000
E 8 5 455.000000 324.000000 455.000000 210.000000 185.000000 210.000000 185.000000 284.000000
E 5 20 166.000000 364.000000 157.000000 390.000000
U 6 7 330.000000 364.000000 329.000000 379.000000
E 6 8 380.000000 324.000000 455.000000 324.000000
E 8 9 455.000000 324.000000 568.000000 324.000000
E 9 10 678.000000 324.000000 725.000000 324.000000
E 26 9 1239.500000 168.500000 623.000000 168.500000 623.000000 324.000000
E 10 11 725.000000 324.000000 725.000000 241.500000 780.000000 241.000000
E 10 12 725.500000 324.500000 852.000000 324.000000
E 10 16 745.000000 324.000000 745.000000 413.000000 1076.000000 413.000000 1076.000000 334.000000 1175.000000 334.000000
E 10 18 725.000000 324.000000 725.000000 441.000000 688.000000 441.000000
E 11 21 880.000000 214.000000 900.000000 117.000000
E 11 24 880.000000 241.000000 976.000000 242.000000
E 12 13 952.000000 324.000000 1130.000000 324.000000 1130.000000 242.000000
E 12 22 951.000000 338.250000 1044.000000 398.000000
E 13 14 1130.500000 242.500000 1239.000000 241.500000
E 24 13 1025.000000 242.000000 1130.500000 242.500000
U 14 15 1239.000000 274.000000 1426.937500 167.973000
E 14 26 1239.000000 210.000000 1239.500000 168.500000
E 16 17 1175.000000 334.000000 1175.000000 388.000000
E 19 16 902.000000 511.000000 1063.000000 510.000000 1351.000000 513.000000 1351.000000 334.500000 1175.000000 334.000000
E 26 16 1239.500000 168.500000 1348.000000 168.500000 1348.000000 290.000000 1176.000000 290.000000 1176.000000 315.000000
E 17 23 1175.000000 436.946000 1175.000000 478.000000
E 18 19 628.000000 480.000000 628.000000 511.000000 902.000000 511.000000
U 24 25 1025.000000 242.000000 1035.870000 105.840000
G 1006741644.json 16 28
V 472.000000 205.000000 100.000000 80.000000
V 622.000000 205.000000 100.000000 80.000000
V 772.000000 205.000000 100.000000 80.000000
V 337.000000 70.000000 100.000000 80.000000
V 622.000000 70.000000 100.000000 80.000000
V 907.000000 70.000000 100.000000 80.000000
V 624.000000 520.000000 100.000000 80.000000
V 472.000000 520.000000 100.000000 80.000000
V 772.000000 520.000000 100.000000 80.000000
V 337.000000 520.000000 100.000000 80.000000
V 907.000000 520.000000 100.000000 80.000000
V 330.000000 355.000000 100.000000 80.000000
V 465.000000 355.000000 100.000000 80.000000
V 617.000000 355.000000 100.000000 80.000000
V 765.000000 355.000000 100.000000 80.000000
V 900.000000 355.000000 100.000000 80.000000
E 3 0 312.000000 109.000000 447.000000 166.000000
E 4 0 597.000000 109.000000 472.000000 166.000000
E 5 0 882.000000 109.000000 497.000000 166.000000
E 0 11 423.000000 225.000000 305.000000 316.000000
E 0 12 447.000000 244.000000 440.000000 316.000000
E 0 13 472.000000 244.000000 592.000000 316.000000
E 0 14 497.000000 244.000000 740.000000 316.000000
E 0 15 521.000000 225.000000 875.000000 316.000000
E 3 1 337.000000 109.000000 597.000000 166.000000
E 4 1 622.000000 109.000000 622.000000 166.000000
E 5 1 907.000000 109.000000 647.000000 166.000000
E 1 11 573.000000 225.000000 330.000000 316.000000
E 1 12 597.000000 244.000000 465.000000 316.000000
E 1 13 622.000000 244.000000 617.000000 316.000000
E 1 14 647.000000 244.000000 765.000000 316.000000
E 1 15 671.000000 225.000000 900.000000 316.000000
E 3 2 362.000000 109.000000 747.000000 166.000000
E 4 2 647.000000 109.000000 772.000000 166.000000
E 2 11 723.000000 225.000000 355.000000 316.000000
E 2 12 747.000000 244.000000 490.000000 316.000000
E 2 13 772.000000 244.000000 642.000000 316.000000
E 2 14 797.000000 244.000000 790.000000 316.000000
E 2 15 821.000000 225.000000 925.000000 316.000000
E 13 6 617.000000 394.000000 624.000000 481.000000
E 12 7 465.000000 394.000000 472.000000 481.000000
E 14 8 765.000000 394.000000 772.000000 481.000000
E 11 9 330.000000 394.000000 337.000000 481.000000
E 15 10 900.000000 394.000000 907.000000 481.000000
G 1006854202.json 19 23
V 60.000000 244.000000 30.000000 30.000000
V 163.500000 244.000000 83.000000 60.000000
V 308.500000 244.000000 83.000000 60.000000
V 440.000000 244.000000 40.000000 40.000000
V 237.000000 112.500000 83.000000 40.000000
V 521.500000 244.000000 83.000000 60.000000
V 652.250000 244.000000 83.000000 60.000000
V 884.000000 185.000000 98.000000 40.000000
V 586.500000 345.000000 83.000000 60.000000
V 522.000000 132.500000 83.000000 55.000000
V 236.500000 50.000000 83.000000 40.000000
V 371.500000 112.500000 83.000000 40.000000
V 652.750000 132.000000 83.000000 55.000000
V 164.000000 328.000000 124.000000 50.000000
V 309.000000 328.000000 100.000000 50.000000
V 884.000000 305.000000 98.000000 40.000000
V 884.000000 50.000000 98.000000 40.000000
V 745.000000 244.000000 40.000000 40.000000
V 804.000000 244.000000 28.000000 28.000000
E 0 1 60.000000 244.000000 163.500000 244.000000
E 1 2 163.500000 244.000000 308.500000 244.000000
E 1 4 163.500000 244.000000 237.000000 112.500000
E 1 10 163.500000 244.000000 163.500000 50.000000 236.500000 50.000000
U 1 13 163.500000 244.000000 103.000000 327.000000
E 2 3 308.500000 244.000000 440.500000 244.500000
E 4 2 237.000000 112.500000 308.500000 244.000000
E 2 11 308.500000 244.000000 371.500000 112.500000
U 2 14 308.500000 244.000000 260.000000 327.000000
E 3 5 440.500000 244.500000 521.500000 244.000000
E 3 8 440.500000 244.500000 440.500000 345.000000 586.500000 345.000000
E 3 9 440.500000 244.500000 440.500000 132.500000 522.000000 132.500000
E 5 6 521.500000 244.000000 652.250000 244.000000
E 6 7 652.250000 244.000000 652.250000 185.000000 884.000000 185.000000
E 6 17 652.250000 244.000000 745.500000 244.500000
E 8 15 586.500000 345.000000 586.500000 305.000000 884.000000 305.000000
E 8 17 586.500000 345.000000 745.500000 345.000000 745.500000 244.500000
E 10 9 236.500000 50.000000 522.000000 50.000000 522.000000 132.500000
E 11 9 371.500000 112.500000 481.575394 113.000000
E 9 12 522.000000 132.500000 652.750000 132.000000
E 12 16 652.750000 132.000000 652.750000 50.000000 884.000000 50.000000
E 12 17 652.750000 132.000000 745.500000 132.000000 745.500000 244.500000
E 17 18 745.500000 244.500000 804.000000 244.000000
G 1007265822.json 17 17
V 60.000000 135.000000 30.000000 30.000000
V 170.000000 135.000000 100.000000 80.000000
V 305.000000 305.000000 100.000000 80.000000
V 305.000000 490.000000 100.000000 80.000000
V 305.000000 719.000000 40.000000 40.000000
V 305.000000 820.000000 100.000000 80.000000
V 545.000000 500.000000 100.000000 80.000000
V 530.000000 305.000000 100.000000 80.000000
V 410.000000 135.000000 100.000000 80.000000
V 290.000000 135.000000 40.000000 40.000000
V 410.000000 215.000000 40.000000 40.000000
V 740.000000 500.000000 40.000000 40.000000
V 855.000000 500.000000 100.000000 80.000000
V 970.000000 500.000000 40.000000 40.000000
V 1085.000000 500.000000 100.000000 80.000000
V 1229.000000 500.000000 28.000000 28.000000
V 305.000000 400.000000 40.000000 40.000000
E 0 1 60.000000 135.000000 170.000000 135.000000
E 1 9 170.000000 135.000000 290.500000 135.500000
E 10 2 410.500000 215.500000 305.000000 215.500000 305.000000 305.000000
E 2 16 305.000000 305.000000 305.500000 400.500000
E 3 4 305.000000 490.000000 305.500000 719.500000
E 16 3 305.500000 400.500000 305.000000 490.000000
E 4 5 305.500000 719.500000 305.000000 820.000000
E 4 6 305.500000 719.500000 410.000000 719.500000 410.000000 500.000000 545.000000 500.000000
E 5 11 305.000000 820.000000 740.500000 820.000000 740.500000 500.500000
E 6 11 545.000000 500.000000 740.500000 500.500000
E 7 11 530.000000 305.000000 740.500000 305.000000 740.500000 500.500000
E 9 8 290.500000 135.500000 410.000000 135.000000
E 8 10 410.000000 135.000000 410.500000 215.500000
E 11 12 740.500000 500.500000 855.000000 500.000000
E 12 13 855.000000 500.000000 970.500000 500.500000
E 13 14 970.500000 500.500000 1085.000000 500.000000
E 14 15 1085.000000 500.000000 1229.000000 500.000000
G 1007624702.json 15 16
V 250.000000 265.000000 100.000000 80.000000
V 425.000000 265.000000 100.000000 80.000000
V 160.000000 265.000000 30.000000 30.000000
V 605.000000 265.000000 100.000000 80.000000
V 515.000000 265.000000 40.000000 40.000000
V 730.000000 265.000000 100.000000 80.000000
V 825.000000 265.000000 40.000000 40.000000
V 918.333357 265.000000 100.000000 80.000000
V 338.333343 265.000000 30.000000 30.000000
V 1063.333357 265.000000 100.000000 80.000000
V 1172.333357 265.000000 28.000000 28.000000
V 338.333343 552.771615 30.000000 30.000000
V 448.333343 552.771615 100.000000 80.000000
V 593.333343 552.771615 100.000000 80.000000
V 702.333343 552.771615 28.000000 28.000000
E 2 0 160.000000 265.000000 250.000000 265.000000
E 0 8 250.000000 265.000000 338.333343 265.000000
E 1 4 425.000000 265.000000 515.500000 265.500000
E 8 1 338.333343 265.000000 425.000000 265.000000
E 4 3 515.500000 265.500000 605.000000 265.000000
E 3 5 605.000000 265.000000 730.000000 265.000000
E 6 4 825.500000 265.500000 825.500000 202.000000 515.000000 202.000000 515.000000 265.000000
E 5 6 730.000000 265.000000 825.500000 265.500000
E 6 7 825.500000 265.500000 918.333357 265.000000
E 7 9 918.333357 265.000000 1063.333357 265.000000
E 7 12 918.333357 265.000000 918.333357 375.555582 448.333343 375.555582 448.333343 552.771615
E 9 10 1063.333357 265.000000 1172.333357 265.000000
E 13 9 593.333343 552.771615 593.333343 394.444461 1063.333357 394.444461 1063.333357 265.000000
E 11 12 338.333343 552.771615 448.333343 552.771615
E 12 13 448.333343 552.771615 593.333343 552.771615
E 13 14 593.333343 552.771615 702.333343 552.771615
G 1007769308.json 19 22
V 180.000000 138.000000 30.000000 30.000000
V 269.000000 137.500000 88.000000 55.000000
V 335.000000 295.000000 100.000000 80.000000
V 410.000000 150.000000 100.000000 80.000000
V 560.000000 150.000000 40.000000 40.000000
V 635.000000 400.000000 100.000000 80.000000
V 635.000000 500.000000 40.000000 40.000000
V 635.000000 620.000000 40.000000 40.000000
V 700.000000 620.000000 50.000000 40.000000
V 790.000000 620.000000 50.000000 40.000000
V 790.000000 545.000000 50.000000 40.000000
V 503.000000 620.000000 50.000000 40.000000
V 635.000000 710.000000 40.000000 40.000000
V 790.000000 710.000000 40.000000 40.000000
V 860.000000 620.000000 40.000000 40.000000
V 925.000000 620.000000 50.000000 40.000000
V 518.000000 710.000000 50.000000 40.000000
V 518.000000 794.000000 28.000000 28.000000
V 725.000000 307.500000 100.000000 55.000000
E 0 1 180.000000 138.000000 269.000000 137.500000
E 1 2 269.000000 137.500000 269.000000 295.000000 335.000000 295.000000
E 6 1 635.500000 500.500000 197.000000 500.500000 197.000000 151.250000 226.000000 151.250000
E 2 3 335.000000 295.000000 335.000000 224.000000 410.000000 224.000000 410.000000 150.000000
E 3 4 410.000000 150.000000 560.500000 150.500000
E 4 5 560.500000 150.500000 635.000000 150.500000 635.000000 400.000000
E 5 6 635.000000 400.000000 635.500000 500.500000
E 6 7 635.500000 500.500000 635.500000 620.500000
E 7 8 635.500000 620.500000 700.000000 620.000000
E 7 11 635.500000 620.500000 503.000000 620.000000
E 7 12 635.500000 620.500000 635.500000 710.500000
E 8 9 700.000000 620.000000 790.000000 620.000000
E 8 18 700.000000 620.000000 700.000000 467.500000 725.000000 467.500000 725.000000 307.500000
E 9 10 790.000000 620.000000 790.000000 545.000000
E 13 9 790.500000 710.500000 790.000000 620.000000
E 9 14 790.000000 620.000000 860.500000 620.500000
E 12 13 635.500000 710.500000 790.500000 710.500000
E 12 16 635.500000 710.500000 518.000000 710.000000
E 13 14 790.500000 710.500000 860.500000 710.500000 860.500000 620.500000
E 14 15 860.500000 620.500000 925.000000 620.000000
E 15 17 925.000000 620.000000 925.000000 794.000000 518.000000 794.000000
E 16 17 518.000000 710.000000 518.000000 794.000000
G 1008414191.json 15 15
V 279.584991 250.921986 116.500000 80.000000
V 1128.109974 263.422001 100.000000 80.000000
V 447.054987 453.301004 40.000000 40.000000
V 1204.894999 380.800982 40.000000 40.000000
V 1288.894999 380.800982 28.000000 28.000000
V 279.334991 453.301004 100.000000 80.000000
V 768.739983 487.215989 100.000000 80.000000
V 951.086978 487.215989 145.253999 80.000000
V 1128.109974 487.215989 100.000000 80.000000
V 164.894999 104.965000 30.000000 30.000000
V 447.304987 104.965000 116.500000 80.000000
V 279.334991 104.965000 100.000000 80.000000
V 1050.911976 882.758006 145.253999 80.000000
V 840.965981 882.758006 124.662000 80.000000
V 591.513984 668.301004 124.662000 80.000000
E 0 5 279.584991 250.921986 279.334991 453.301004
E 10 0 447.304987 104.965000 447.304987 250.921986 279.584991 250.921986
E 1 3 1128.109974 263.422001 1205.394999 263.422001 1205.394999 381.300982
E 8 1 1128.109974 487.215989 1128.109974 263.422001
E 2 3 447.554987 453.801004 447.554987 377.301006 1205.394999 381.300982
E 5 2 279.334991 453.301004 447.554987 453.801004
E 2 14 448.054987 453.801004 448.054987 668.301004 530.182984 668.301004
E 3 4 1205.394999 381.300982 1288.894999 380.800982
E 6 7 768.739983 487.215989 951.086978 487.215989
E 12 6 1050.911976 843.758006 1050.911976 708.912787 768.739983 708.912787 768.739983 487.215989
E 7 8 951.086978 487.215989 1128.109974 487.215989
E 9 11 164.894999 104.965000 279.334991 104.965000
E 11 10 279.334991 104.965000 447.304987 104.965000
E 13 12 840.965981 882.758006 1050.911976 882.758006
E 14 13 591.513984 668.301004 716.239983 668.301004 716.239983 882.758006 840.965981 882.758006
G 1008690213.json 24 24
V 207.799990 222.965000 30.000000 30.000000
V 497.799990 222.965000 100.000000 80.000000
V 250.074990 136.372494 74.690000 23.795002
V 626.799990 222.965000 28.000000 28.000000
V 287.799990 222.965000 40.000000 40.000000
V 366.799990 298.159989 28.000000 28.000000
V 650.799990 136.474993 146.000000 66.000000
V 107.939992 739.271014 30.000000 30.000000
V 207.799990 739.271014 30.000000 30.000000
V 130.284993 693.007475 74.690000 23.795002
V 506.799990 819.271014 100.000000 80.000000
V 695.224969 879.271014 30.000000 30.000000
V 812.025166 879.271014 100.000000 80.000000
V 961.025166 879.271014 28.000000 28.000000
V 695.224969 736.266951 30.000000 30.000000
V 812.025166 736.266951 100.000000 80.000000
V 961.025166 736.266951 28.000000 28.000000
V 622.025166 819.271014 40.000000 40.000000
V 386.799990 819.271014 30.000000 30.000000
V 386.799990 656.266951 30.000000 30.000000
V 293.600187 739.271014 40.000000 40.000000
V 461.799990 748.039973 100.000000 50.000000
V 520.799990 656.266951 28.000000 28.000000
V 770.000000 819.271014 100.000000 50.000000
E 0 2 207.799990 222.965000 250.074990 136.372494
E 0 4 207.799990 222.965000 288.299990 223.465000
E 8 0 207.799990 739.271014 207.799990 222.965000
E 2 1 250.074990 136.372494 460.331995 203.038961
E 1 3 497.799990 222.965000 626.799990 222.965000
E 4 1 288.299990 223.465000 497.799990 222.965000
U 1 6 497.799990 222.965000 579.259990 135.154993
E 4 5 288.299990 223.465000 288.299990 298.159989 366.799990 298.159989
E 7 8 107.939992 739.271014 207.799990 739.271014
E 9 8 130.284993 693.007475 207.799990 739.271014
E 8 20 207.799990 739.271014 294.100187 739.771014
E 10 17 506.799990 819.271014 622.758598 819.771014
E 18 10 386.799990 819.271014 506.799990 819.271014
E 11 12 695.224969 879.271014 812.025166 879.271014
E 17 11 622.758598 819.771014 622.758598 879.271014 695.224969 879.271014
U 23 11 721.000000 818.271014 695.224969 879.271014
E 12 13 812.025166 879.271014 961.025166 879.271014
E 14 15 695.224969 736.266951 812.025166 736.266951
E 17 14 622.758598 819.771014 622.299990 736.606443 695.453576 736.606443
E 15 16 812.025166 736.266951 961.025166 736.266951
E 20 18 294.333620 739.771014 294.333620 819.271014 386.799990 819.271014
U 18 21 386.799990 819.271014 412.799990 747.039973
E 20 19 294.333620 739.771014 294.333620 656.606443 387.028597 656.606443
E 19 22 386.799990 656.266951 520.799990 656.266951
G 1008939313.json 26 30
V 1084.229024 445.000000 28.000000 28.000000
V 183.500000 445.000000 30.000000 30.000000
V 482.571800 445.000000 100.000000 80.000000
V 183.500000 710.000000 30.000000 30.000000
V 398.500000 710.000000 40.000000 40.000000
V 920.000000 710.000000 40.000000 40.000000
V 1109.000000 710.000000 28.000000 28.000000
V 559.194989 605.000000 99.000000 72.500000
V 762.000000 604.500000 99.000000 49.000000
V 840.000000 710.000000 40.000000 40.000000
V 459.194989 710.000000 40.000000 40.000000
V 562.076012 820.000000 100.000000 80.000000
V 697.000000 710.000000 114.000000 80.000000
V 285.500000 710.000000 114.000000 80.000000
V 1010.000000 710.000000 100.000000 80.000000
V 155.000000 170.000000 30.000000 30.000000
V 370.000000 170.000000 40.000000 40.000000
V 880.000000 170.000000 40.000000 40.000000
V 980.000000 170.000000 100.000000 80.000000
V 1084.229024 170.000000 28.000000 28.000000
V 687.000000 250.000000 77.000000 49.000000
V 768.845016 170.000000 100.000000 80.000000
V 617.076012 170.000000 100.000000 80.000000
V 257.000000 170.000000 114.000000 80.000000
V 944.037020 250.500000 99.000000 49.000000
V 479.194989 170.000000 100.000000 80.000000
E 2 0 482.571800 445.000000 1084.229024 445.000000
E 1 2 183.500000 445.000000 482.571800 445.000000
E 2 25 496.987259 406.000000 496.987259 191.048898
E 3 13 183.500000 710.000000 285.500000 710.000000
E 5 4 920.500000 710.500000 920.500000 886.000000 399.000000 886.000000 399.000000 710.500000
E 4 10 398.500000 710.000000 459.194989 710.000000
E 13 4 285.500000 710.000000 378.500000 710.000000
E 9 5 853.075375 711.366967 920.500000 710.500000
E 5 14 920.500000 710.500000 1010.000000 710.000000
E 14 6 1010.000000 710.000000 1109.000000 710.000000
E 7 22 569.730104 584.175892 617.076012 170.000000
E 12 8 697.000000 710.000000 762.000000 604.500000
E 8 21 762.000000 580.000000 793.845016 209.000000
E 11 9 562.076012 820.000000 840.000000 820.000000 840.000000 710.000000
E 12 9 697.000000 710.000000 840.500000 710.500000
E 10 11 459.694989 710.500000 459.694989 820.000000 513.076012 820.000000
E 10 12 459.194989 710.000000 697.000000 710.000000
E 24 11 957.688475 256.217485 757.134910 803.790923 595.558416 803.790923
E 20 12 687.000000 250.000000 659.000000 671.000000
E 15 23 155.000000 170.000000 257.000000 170.000000
E 17 16 880.500000 170.500000 880.500000 98.000000 370.500000 98.000000 370.500000 170.500000
E 23 16 257.000000 170.000000 350.000000 170.000000
E 16 25 370.500000 170.500000 430.194989 170.000000
E 17 18 880.500000 170.500000 980.000000 170.000000
E 21 17 768.845016 170.000000 880.500000 170.500000
E 18 19 980.000000 170.000000 1084.229024 170.000000
E 18 24 980.000000 170.000000 944.037020 250.500000
E 21 20 768.845016 170.000000 687.000000 250.000000
E 22 21 617.076012 170.000000 768.845016 170.000000
E 25 22 479.194989 170.000000 617.076012 170.000000
G 1009034808.json 32 32
V 73.273151 80.000000 30.000000 30.000000
V 248.273151 80.000000 100.000000 80.000000
V 373.273151 80.000000 100.000000 80.000000
V 768.018242 80.000000 100.000000 80.000000
V 893.018242 80.000000 100.000000 80.000000
V 1018.018242 80.000000 100.000000 80.000000
V 1891.047854 60.000000 100.000000 80.000000
V 2190.502251 80.000000 28.000000 28.000000
V 2005.000000 113.146830 100.000000 80.000000
V 2096.782005 80.000000 40.000000 40.000000
V 116.273151 245.000000 100.000000 80.000000
V 251.273151 245.000000 100.000000 80.000000
V 373.273151 410.000000 100.000000 80.000000
V 493.273151 410.000000 100.000000 80.000000
V 618.273151 410.000000 100.000000 80.000000
V 373.773151 507.294473 63.875000 57.946000
V 615.433615 507.821473 63.875000 57.946000
V 767.482209 410.000000 100.000000 80.000000
V 1018.018242 685.000000 100.000000 80.000000
V 1143.018242 685.000000 100.000000 80.000000
V 1272.377097 685.000000 100.000000 80.000000
V 1525.881653 860.465220 100.000000 80.000000
V 1650.881653 860.465220 100.000000 80.000000
V 1747.881653 860.465220 40.000000 40.000000
V 1833.215706 810.629039 100.000000 80.000000
V 1934.229720 900.000000 100.000000 80.000000
V 116.773151 328.973000 63.875000 57.946000
V 1143.018242 587.014718 63.875000 57.946000
V 1651.381653 746.455209 63.875000 57.946000
V 1272.377097 80.000000 100.000000 80.000000
V 1397.377097 80.000000 100.000000 80.000000
V 1522.377097 80.000000 100.000000 80.000000
E 0 10 73.273151 80.000000 116.273151 80.000000 116.273151 245.000000
E 1 2 248.273151 80.000000 373.273151 80.000000
E 11 1 249.773151 245.000000 249.773151 80.000000
E 2 12 373.273151 80.000000 373.273151 410.000000
E 3 4 768.018242 80.000000 893.018242 80.000000
E 17 3 767.750226 410.000000 767.750226 120.000000
E 4 5 893.018242 80.000000 1018.018242 80.000000
E 5 18 1018.018242 80.000000 1018.018242 685.000000
E 6 9 1891.047854 40.000000 2097.282005 40.000000 2097.282005 80.500000
E 24 6 1833.215706 810.629039 1891.047854 810.629039 1891.047854 60.000000
E 9 7 2097.282005 80.500000 2190.502251 80.000000
E 8 9 2005.000000 133.146830 2097.282005 133.146830 2097.282005 80.500000
E 25 8 1934.229720 900.000000 2005.000000 900.000000 2005.000000 113.146830
E 10 11 116.273151 245.000000 251.273151 245.000000
U 26 10 116.773151 328.973000 116.273151 245.000000
E 12 13 373.273151 410.000000 493.273151 410.000000
U 15 12 373.773151 507.294473 373.273151 410.000000
E 13 14 493.273151 410.000000 618.273151 410.000000
U 16 14 615.433615 507.821473 618.273151 410.000000
E 14 17 618.273151 410.000000 767.482209 410.000000
E 18 19 1018.018242 685.000000 1143.018242 685.000000
E 19 20 1143.018242 685.000000 1272.377097 685.000000
U 27 19 1143.018242 587.014718 1143.018242 685.000000
E 20 29 1272.377097 685.000000 1272.377097 80.000000
E 21 22 1525.881653 860.465220 1650.881653 860.465220
E 31 21 1524.129375 80.000000 1524.129375 860.465220
E 22 23 1650.881653 860.465220 1747.881653 860.465220
U 28 22 1651.381653 746.455209 1650.881653 860.465220
E 23 24 1748.381653 860.965220 1748.381653 810.629039 1833.215706 810.629039
E 23 25 1748.381653 860.965220 1748.381653 900.000000 1934.229720 900.000000
E 29 30 1272.377097 80.000000 1397.377097 80.000000
E 30 31 1397.377097 80.000000 1522.377097 80.000000
G 1009212273.json 15 18
V 475.000000 337.608106 100.000000 80.000000
V 720.000000 458.686195 100.000000 80.000000
V 180.000000 337.608106 40.000000 40.000000
V 180.000000 458.725239 30.000000 30.000000
V 435.000000 458.725239 100.000000 80.000000
V 835.000000 458.725239 40.000000 40.000000
V 580.000000 458.725239 100.000000 80.000000
V 835.000000 337.608106 40.000000 40.000000
V 295.000000 458.686195 100.000000 80.000000
V 100.000000 337.608106 30.000000 30.000000
V 945.000000 337.608106 30.000000 30.000000
V 435.000000 685.000000 100.000000 80.000000
V 295.000000 685.000000 58.000000 67.000000
V 435.000000 573.500000 58.000000 67.000000
V 571.000000 618.500000 58.000000 67.000000
E 2 0 180.000000 337.608106 475.000000 337.608106
E 0 7 475.000000 337.608106 835.000000 337.608106
E 1 5 720.000000 458.686195 835.000000 458.725239
E 6 1 580.000000 458.725239 720.000000 458.686195
E 2 3 180.500000 338.108106 180.000000 458.764386
E 9 2 100.000000 337.608106 180.500000 338.108106
E 5 3 835.500000 459.225239 835.500000 524.578089 180.000000 524.578089 180.000000 458.725239
E 3 8 180.000000 458.725239 295.000000 458.686195
E 4 6 435.000000 458.725239 580.000000 458.725239
E 8 4 295.000000 458.686195 435.000000 458.725239
E 4 13 435.000000 458.725239 435.000000 573.500000
E 5 7 835.500000 459.225239 835.000000 337.608106
E 14 6 571.000000 618.500000 580.000000 458.725239
E 7 10 835.500000 338.108106 945.000000 337.608106
E 12 8 295.000000 685.000000 295.000000 497.686195
E 11 12 435.000000 685.000000 324.000000 685.000000
E 13 11 435.000000 573.500000 435.000000 685.000000
E 11 14 435.000000 685.000000 571.000000 685.000000 571.000000 618.500000
G 1009232864.json 22 24
V 350.000000 179.000000 30.000000 30.000000
V 505.000000 179.000000 100.000000 80.000000
V 1178.000000 240.000000 100.000000 80.000000
V 1278.000000 240.000000 30.000000 30.000000
V 1322.000000 164.000000 28.000000 28.000000
V 1175.000000 120.000000 100.000000 80.000000
V 836.500000 178.500000 503.000000 229.000000
V 662.500000 165.000000 125.000000 80.000000
V 851.000000 100.000000 30.000000 30.000000
V 890.000000 235.000000 30.000000 30.000000
V 1019.000000 235.000000 30.000000 30.000000
V 772.000000 235.000000 30.000000 30.000000
V 772.000000 165.000000 40.000000 40.000000
V 1019.000000 165.000000 40.000000 40.000000
V 380.000000 457.000000 30.000000 30.000000
V 460.000000 457.000000 40.000000 40.000000
V 576.000000 394.000000 100.000000 80.000000
V 575.000000 520.000000 100.000000 80.000000
V 690.000000 394.000000 28.000000 28.000000
V 690.000000 520.000000 30.000000 30.000000
V 829.000000 520.000000 30.000000 30.000000
V 851.000000 419.000000 28.000000 28.000000
E 0 1 350.000000 179.000000 505.000000 179.000000
E 1 6 505.000000 179.000000 586.000000 178.500000
E 2 3 1178.000000 240.000000 1278.000000 240.000000
E 5 2 1175.000000 120.000000 1178.000000 240.000000
E 3 4 1278.000000 240.000000 1322.000000 240.000000 1322.000000 164.000000
E 6 5 1088.000000 120.000000 1175.000000 120.000000
E 13 5 1019.500000 165.500000 1082.000000 165.500000 1082.000000 120.000000 1175.000000 120.000000
E 7 12 662.500000 165.000000 759.000000 165.000000
E 7 14 656.500000 165.000000 656.500000 329.000000 380.000000 329.000000 380.000000 457.000000
E 12 8 772.500000 165.500000 772.500000 100.000000 840.273438 100.000000
E 8 13 851.000000 100.000000 1019.500000 100.000000 1019.500000 165.500000
E 21 8 851.000000 409.000000 851.000000 109.000000
E 9 10 890.000000 235.000000 1019.000000 235.000000
E 11 9 783.419724 235.000000 890.000000 235.000000
E 10 13 1019.000000 235.000000 1019.500000 165.500000
E 12 11 772.500000 165.500000 772.000000 235.000000
E 18 11 690.000000 394.000000 690.000000 324.000000 772.000000 324.000000 772.000000 235.000000
E 14 15 380.000000 457.000000 460.500000 457.500000
E 15 16 460.500000 457.500000 460.500000 394.000000 576.000000 394.000000
E 15 17 460.500000 457.500000 460.500000 520.000000 575.000000 520.000000
E 16 18 576.000000 394.000000 690.000000 394.000000
E 17 19 575.000000 520.000000 690.000000 520.000000
E 19 20 690.000000 520.000000 829.000000 520.000000
E 20 21 829.000000 520.000000 829.000000 483.000000 768.000000 483.000000 768.000000 419.000000 851.000000 419.000000
G 1009926561.json 27 28
V 120.000000 506.407332 30.000000 30.000000
V 230.000000 506.407332 100.000000 80.000000
V 395.000000 648.538697 100.000000 80.000000
V 230.000000 648.538697 100.000000 80.000000
V 545.000000 648.538697 40.000000 40.000000
V 755.000000 648.538697 100.000000 80.000000
V 300.000000 368.802444 30.000000 30.000000
V 410.000000 368.802444 100.000000 80.000000
V 545.000000 369.000000 100.000000 80.000000
V 699.000000 1268.419552 100.000000 80.000000
V 814.000000 1120.814664 100.000000 80.000000
V 929.000000 1120.814664 40.000000 40.000000
V 929.000000 795.138493 100.000000 80.000000
V 1050.000000 795.138493 30.000000 30.000000
V 755.000000 1025.000000 40.000000 40.000000
V 755.000000 775.000000 100.000000 80.000000
V 1160.000000 795.138493 100.000000 80.000000
V 1275.000000 795.138493 40.000000 40.000000
V 1275.000000 1004.000000 28.000000 28.000000
V 1275.231044 925.000000 100.000000 80.000000
V 1415.000000 795.138493 100.000000 80.000000
V 755.000000 860.000000 40.000000 40.000000
V 755.000000 940.000000 100.000000 80.000000
V 1050.000000 206.000000 30.000000 30.000000
V 90.000000 206.000000 30.000000 30.000000
V 200.000000 206.000000 100.000000 80.000000
V 300.000000 206.000000 30.000000 30.000000
E 0 1 120.000000 506.407332 230.000000 506.407332
E 1 3 230.000000 506.407332 230.000000 648.538697
E 3 2 230.000000 648.538697 395.000000 648.538697
E 2 4 395.000000 648.538697 545.500000 649.038697
E 4 5 545.000000 648.538697 755.000000 648.538697
E 8 4 545.000000 369.000000 545.500000 649.038697
E 5 15 755.000000 648.538697 755.000000 775.000000
E 6 7 300.000000 368.802444 410.000000 368.802444
E 26 6 300.000000 206.000000 300.000000 368.802444
E 7 8 424.000000 368.802444 545.000000 369.000000
E 9 11 699.000000 1268.419552 929.500000 1268.419552 929.500000 1121.314664
E 14 9 755.000000 1025.000000 699.000000 1025.000000 699.000000 1268.419552
E 10 11 814.000000 1120.814664 929.500000 1121.314664
E 14 10 755.500000 1025.500000 814.000000 1025.500000 814.000000 1120.814664
E 11 12 929.500000 1121.314664 929.000000 795.138493
E 12 13 929.000000 795.138493 1050.000000 795.138493
E 13 16 1050.000000 795.138493 1160.000000 795.138493
E 13 23 1050.000000 795.138493 1050.000000 206.000000
E 22 14 755.000000 940.000000 755.000000 1025.000000
E 15 21 755.000000 775.000000 755.000000 860.000000
E 16 17 1160.000000 795.138493 1275.500000 795.638493
E 17 19 1275.500000 795.638493 1275.231044 925.000000
E 17 20 1275.500000 795.638493 1415.000000 795.138493
E 19 18 1275.231044 925.000000 1275.000000 1004.000000
E 20 21 1415.000000 795.138493 1415.000000 1035.000000 1025.000000 1035.000000 1025.000000 860.500000 755.500000 860.500000
E 21 22 755.000000 860.000000 755.000000 940.000000
E 24 25 90.000000 206.000000 200.000000 206.000000
E 25 26 200.000000 206.000000 300.000000 206.000000
G 1010632691.json 20 22
V 105.000000 295.000000 30.000000 30.000000
V 200.000000 295.000000 100.000000 80.000000
V 241.000000 431.500000 84.000000 101.000000
V 200.000000 178.973000 63.875000 57.946000
V 380.000000 295.000000 40.000000 40.000000
V 590.000000 295.000000 100.000000 80.000000
V 753.000000 295.000000 40.000000 40.000000
V 1214.000000 295.000000 28.000000 28.000000
V 470.000000 409.000000 100.000000 80.000000
V 890.000000 409.000000 40.000000 40.000000
V 1070.000000 409.000000 100.000000 80.000000
V 1006.000000 533.500000 88.000000 97.000000
V 657.000000 409.000000 40.000000 40.000000
V 1109.937500 513.973000 63.875000 57.946000
V 770.000000 409.000000 100.000000 80.000000
V 672.000000 535.500000 88.000000 97.000000
V 770.000000 534.500000 88.000000 97.000000
V 869.000000 535.000000 88.000000 97.000000
V 149.000000 431.000000 88.000000 97.000000
V 1070.000000 295.000000 100.000000 80.000000
E 0 1 105.000000 295.000000 200.000000 295.000000
E 1 2 200.000000 295.000000 241.000000 431.500000
U 1 3 200.000000 295.000000 200.000000 178.973000
E 1 4 200.000000 295.000000 380.500000 295.500000
E 1 18 200.000000 295.000000 149.000000 431.000000
E 4 5 380.500000 295.500000 590.000000 295.000000
E 4 8 380.500000 295.500000 380.500000 409.000000 470.000000 409.000000
E 5 6 590.000000 295.000000 753.500000 295.500000
E 6 12 753.500000 295.500000 753.500000 345.000000 657.500000 345.000000 657.500000 409.500000
E 6 19 753.500000 295.500000 1070.000000 295.000000
E 10 7 1070.000000 409.000000 1214.000000 409.000000 1214.000000 295.000000
E 19 7 1070.000000 295.000000 1214.000000 295.000000
E 8 12 470.000000 409.000000 657.500000 409.500000
E 9 10 890.500000 409.500000 1070.000000 409.000000
E 14 9 770.000000 409.000000 890.500000 409.500000
E 9 19 890.500000 409.500000 890.500000 295.000000 1042.000000 295.000000
E 10 11 1070.000000 409.000000 1006.000000 533.500000
U 10 13 1070.000000 409.000000 1109.937500 513.973000
E 12 14 657.500000 409.500000 770.000000 409.000000
E 14 15 770.000000 409.000000 672.000000 535.500000
E 14 16 770.000000 409.000000 770.000000 534.500000
E 14 17 770.000000 409.000000 869.000000 535.000000
G 101085585.json 15 14
V 146.999996 394.871001 30.000000 30.000000
V 240.299994 394.871001 84.600000 60.000000
V 355.799991 394.871001 84.600000 60.000000
V 470.999999 394.871001 72.500001 60.000000
V 564.499984 394.871001 40.000000 40.000000
V 564.499984 288.483222 84.600000 55.000000
V 669.299982 394.871001 84.600000 55.000000
V 776.599982 394.871001 40.000000 40.000000
V 776.599982 288.983222 100.000000 55.000000
V 877.849982 394.871001 72.500001 55.000000
V 995.349983 394.871001 72.500001 60.000000
V 1118.899984 394.871001 84.600000 60.000000
V 1118.599983 684.599981 100.000000 80.000000
V 1118.599983 868.999999 100.000000 80.000000
V 1263.599983 868.999999 100.000000 80.000000
E 0 1 146.999996 394.871001 240.299994 394.871001
E 1 2 240.299994 394.871001 355.799991 394.871001
E 2 3 355.799991 394.871001 470.999999 394.871001
E 3 4 470.999999 394.871001 564.999984 395.371001
E 4 5 564.999984 395.371001 564.499984 288.483222
E 4 6 564.999984 395.371001 669.299982 394.871001
E 6 7 669.299982 394.871001 777.099982 395.371001
E 7 8 777.099982 395.371001 776.599982 288.983222
E 7 9 777.099982 393.600002 877.849982 393.997189
E 9 10 877.849982 394.871001 995.349983 394.871001
E 10 11 995.349983 394.871001 1118.899984 394.871001
E 11 12 1118.899984 394.871001 1118.599983 684.599981
E 12 13 1118.599983 684.599981 1118.599983 868.999999
E 13 14 1118.599983 868.999999 1263.599983 868.999999
G 1011361322.json 23 24
V 1211.599981 605.889352 100.000000 50.178724
V 1013.249983 904.292653 30.000000 30.000000
V 1211.599981 904.292653 100.000000 80.000000
V 1303.649978 904.292653 30.000000 30.000000
V 1430.699976 904.292653 30.000000 30.000000
V 1360.978903 904.292653 40.000000 40.000000
V 1883.449969 904.501530 28.000000 28.000000
V 1013.249983 761.616390 30.000000 30.000000
V 1013.249983 841.874900 30.000000 30.000000
V 1079.549983 1168.072649 30.000000 30.000000
V 1715.799960 1168.072649 40.000000 40.000000
V 1937.899968 1168.072649 28.000000 28.000000
V 1823.399959 1168.072649 100.000000 80.000000
V 1360.978903 1049.492651 30.000000 30.000000
V 1079.824974 1285.802645 30.000000 30.000000
V 1211.599981 1285.802645 100.000000 80.000000
V 1326.599981 1285.802645 40.000000 40.000000
V 1612.199973 1285.802645 30.000000 30.000000
V 1538.299975 1401.542667 30.000000 30.000000
V 1447.549977 1285.802645 100.000000 80.000000
V 1326.599981 1401.542667 100.000000 80.000000
V 1757.399971 1401.542667 30.000000 30.000000
V 1635.349973 1401.542667 40.000000 40.000000
U 1 0 1013.249983 904.292653 1162.599981 796.180017 1162.599981 604.885778
E 1 2 1013.249983 904.292653 1211.599981 904.292653
E 8 1 1013.249983 841.874900 1013.249983 904.292653
E 22 1 1635.849973 1402.042667 1635.849973 1451.542667 1013.249983 1451.542667 1013.249983 904.292653
E 2 3 1211.599981 904.292653 1303.649978 904.292653
E 3 5 1303.649978 904.292653 1361.478903 904.792653
E 5 4 1369.975725 904.292653 1430.699976 904.292653
E 4 6 1430.699976 904.292653 1883.449969 904.501530
E 5 13 1360.978903 910.860707 1360.978903 1043.442651
E 21 6 1757.399971 1401.542667 2016.000000 1401.542667 2016.000000 904.501530 1883.449969 904.501530
E 7 8 1013.249983 761.616390 1013.249983 841.874900
E 9 10 1079.549983 1168.072649 1716.299960 1168.572649
E 10 12 1716.299960 1168.572649 1823.399959 1168.072649
E 13 10 1360.978903 1054.492651 1716.299960 1168.572649
E 12 11 1823.399959 1168.072649 1937.899968 1168.072649
E 17 11 1612.199973 1285.802645 1937.899968 1285.802645 1937.899968 1168.072649
E 14 15 1079.824974 1285.802645 1211.599981 1285.802645
E 15 16 1211.599981 1285.802645 1327.099981 1286.302645
E 16 19 1327.099981 1286.302645 1447.549977 1285.802645
E 16 20 1327.099981 1286.302645 1327.099981 1380.597048
E 19 17 1447.549977 1285.802645 1612.199973 1285.802645
E 20 18 1326.599981 1401.542667 1538.299975 1401.542667
E 18 22 1538.299975 1401.542667 1635.849973 1402.042667
E 22 21 1635.849973 1402.042667 1757.399971 1401.542667
G 1011518868.json 27 34
V 120.000000 247.000000 30.000000 30.000000
V 200.000000 247.000000 40.000000 40.000000
V 395.000000 247.000000 100.000000 80.000000
V 265.000000 247.000000 30.000000 30.000000
V 305.000000 385.000000 100.000000 80.000000
V 200.000000 385.000000 30.000000 30.000000
V 521.000000 247.000000 40.000000 40.000000
V 710.000000 247.000000 100.000000 80.000000
V 710.000000 330.000000 40.000000 40.000000
V 845.000000 330.000000 40.000000 40.000000
V 924.000000 330.000000 28.000000 28.000000
V 120.000000 672.000000 30.000000 30.000000
V 395.000000 552.000000 100.000000 80.000000
V 315.000000 672.000000 100.000000 80.000000
V 630.000000 625.000000 40.000000 40.000000
V 795.000000 625.000000 100.000000 80.000000
V 630.000000 692.000000 40.000000 40.000000
V 630.000000 755.000000 40.000000 40.000000
V 800.000000 755.000000 100.000000 80.000000
V 535.000000 632.000000 100.000000 80.000000
V 355.000000 790.000000 100.000000 80.000000
V 245.000000 790.000000 30.000000 30.000000
V 435.000000 632.000000 40.000000 40.000000
V 630.000000 830.000000 40.000000 40.000000
V 905.000000 959.000000 28.000000 28.000000
V 905.000000 875.000000 40.000000 40.000000
V 200.000000 672.000000 40.000000 40.000000
E 0 1 120.000000 247.000000 200.500000 247.500000
E 1 3 200.500000 247.500000 265.000000 247.000000
E 1 5 200.500000 247.500000 200.000000 385.000000
E 3 2 265.000000 247.000000 395.000000 247.000000
E 2 6 395.000000 247.000000 521.500000 247.500000
E 2 12 395.000000 286.000000 395.000000 513.000000
E 5 4 200.000000 385.000000 305.000000 385.000000
E 4 9 305.000000 385.000000 845.000000 385.000000 845.000000 330.000000
E 4 13 305.000000 424.000000 290.000000 633.000000
E 6 7 521.500000 247.500000 710.000000 247.000000
E 6 8 521.500000 247.500000 521.500000 330.000000 710.000000 330.000000
E 7 8 710.000000 247.000000 710.500000 330.500000
E 8 9 710.500000 330.500000 845.500000 330.500000
E 9 10 845.500000 330.500000 924.000000 330.000000
E 11 26 120.000000 672.000000 200.000000 672.000000
E 12 25 395.000000 552.000000 905.500000 552.000000 905.500000 875.500000
E 26 12 200.500000 672.500000 200.500000 552.000000 395.000000 552.000000
E 13 22 315.000000 672.000000 390.000000 672.000000 390.000000 632.500000 435.500000 632.500000
E 26 13 200.500000 672.500000 315.000000 672.000000
E 14 15 630.500000 625.500000 795.000000 625.000000
E 14 16 630.500000 625.500000 630.000000 692.000000
E 19 14 535.000000 632.000000 630.000000 625.000000
E 15 16 795.000000 625.000000 795.000000 692.500000 630.500000 692.500000
E 16 17 630.500000 692.500000 630.500000 755.500000
E 17 18 630.500000 755.500000 751.000000 755.000000
E 17 23 630.500000 755.500000 630.000000 830.000000
E 18 23 800.000000 755.000000 800.000000 830.500000 630.500000 830.500000
E 22 19 435.500000 632.500000 535.000000 632.000000
E 21 20 245.000000 790.000000 355.000000 790.000000
E 20 22 355.000000 790.000000 435.000000 790.000000 435.000000 632.000000
E 26 21 200.500000 672.500000 200.500000 790.000000 245.000000 790.000000
E 23 25 630.500000 830.500000 630.500000 875.000000 905.000000 875.000000
E 25 24 905.500000 875.500000 905.000000 959.000000
E 26 25 200.500000 672.500000 200.500000 875.000000 905.000000 875.000000
G 1011606688.json 19 25
V 690.000000 110.000000 150.000000 100.000000
V 165.000000 110.000000 150.000000 100.000000
V 430.000000 110.000000 40.000000 40.000000
V 65.000000 380.000000 40.000000 40.000000
V 810.000000 665.000000 150.000000 100.000000
V 810.000000 515.000000 150.000000 100.000000
V 630.000000 515.000000 40.000000 40.000000
V 630.000000 665.000000 40.000000 40.000000
V 524.000000 590.000000 28.000000 28.000000
V 430.000000 40.000000 30.000000 30.000000
V 854.000000 380.000000 150.000000 100.000000
V 451.000000 380.000000 40.000000 40.000000
V 584.000000 380.000000 150.000000 100.000000
V 724.000000 380.000000 40.000000 40.000000
V 286.000000 380.000000 150.000000 100.000000
V 994.000000 575.000000 40.000000 40.000000
V 630.000000 590.000000 40.000000 40.000000
V 430.000000 185.000000 40.000000 40.000000
V 994.000000 380.000000 40.000000 40.000000
E 2 0 430.500000 110.500000 690.000000 110.000000
E 0 17 690.000000 110.000000 690.000000 185.500000 430.500000 185.500000
E 2 1 430.500000 110.500000 165.000000 110.000000
E 1 17 165.000000 110.000000 165.000000 189.000000 421.000000 189.000000
E 9 2 430.000000 40.000000 430.000000 110.000000
E 6 3 630.500000 515.500000 241.000000 515.500000 65.500000 380.500000
E 7 3 630.500000 665.500000 65.500000 665.500000 65.500000 380.500000
E 11 3 451.500000 380.500000 359.000000 295.000000 211.000000 295.000000 65.000000 380.000000
E 3 14 65.500000 380.500000 286.000000 380.000000
E 17 3 430.500000 185.500000 430.500000 246.000000 65.000000 246.000000 65.000000 380.000000
E 4 7 810.000000 665.000000 630.500000 665.500000
E 15 4 994.500000 575.500000 994.500000 665.000000 810.000000 665.000000
E 5 6 810.000000 515.000000 630.500000 515.500000
E 15 5 994.500000 575.500000 994.500000 515.000000 810.000000 515.000000
E 6 16 630.500000 515.500000 630.500000 590.500000
E 7 16 630.500000 665.500000 630.500000 590.500000
E 16 8 630.500000 590.500000 524.000000 590.000000
E 13 10 724.500000 380.500000 854.000000 380.000000
E 10 18 854.000000 380.000000 994.500000 380.500000
E 11 12 451.500000 380.500000 584.000000 380.000000
E 13 11 724.500000 380.500000 658.000000 295.000000 509.000000 295.000000 451.000000 380.000000
E 14 11 286.000000 380.000000 451.000000 380.000000
E 12 13 584.000000 380.000000 724.500000 380.500000
E 18 13 994.500000 380.500000 926.000000 298.000000 781.000000 298.000000 724.000000 380.000000
E 18 15 994.500000 380.500000 1105.000000 380.500000 1105.000000 575.500000 994.500000 575.500000
G 1011817112.json 16 15
V 918.500000 387.000000 147.000000 177.000000
V 1035.000000 387.500000 30.000000 30.000000
V 748.000000 386.000000 126.000000 100.000000
V 748.000000 515.086500 62.001000 60.173000
V 890.000000 562.750000 30.000000 30.000000
V 965.000000 562.750000 30.000000 30.000000
V 351.000000 387.250000 108.000000 170.000000
V 442.000000 450.000000 30.000000 30.000000
V 442.000000 388.500000 30.000000 30.000000
V 351.000000 522.750000 30.000000 30.000000
V 536.000000 386.625000 108.000000 173.250000
V 645.000000 450.000000 30.000000 30.000000
V 536.000000 522.750000 30.000000 30.000000
V 645.000000 315.000000 30.000000 30.000000
V 442.000000 315.000000 30.000000 30.000000
V 645.000000 387.000000 30.000000 30.000000
E 0 1 918.500000 387.000000 1035.000000 387.500000
E 2 0 748.000000 386.000000 918.500000 387.000000
E 0 4 907.079772 475.500000 890.000000 562.750000
E 5 0 965.000000 562.750000 965.000000 475.500000
U 2 3 748.000000 386.000000 747.575000 514.924500
E 15 2 645.000000 387.000000 748.000000 386.000000
E 6 7 405.000000 419.088295 435.000000 437.000000
E 6 8 351.000000 387.250000 442.000000 388.500000
E 9 6 351.000000 522.750000 351.000000 387.250000
E 6 14 351.000000 387.250000 442.000000 315.000000
E 8 10 442.000000 388.500000 536.000000 386.625000
E 10 11 590.000000 427.000000 645.000000 450.000000
E 12 10 536.000000 522.750000 536.000000 386.625000
E 10 13 536.000000 386.625000 645.000000 315.000000
E 10 15 536.000000 386.625000 645.000000 387.000000
G 101213990.json 23 25
V 207.587321 690.307567 30.000000 30.000000
V 297.587321 690.307567 100.000000 80.000000
V 788.669982 690.307567 30.000000 30.000000
V 908.389978 690.307567 100.000000 80.000000
V 1068.179975 690.307567 100.000000 80.000000
V 1347.689969 846.605164 30.000000 30.000000
V 1467.479966 846.605164 100.000000 80.000000
V 1627.199962 846.605164 100.000000 80.000000
V 1736.199962 846.605164 28.000000 28.000000
V 297.587321 235.000000 30.000000 30.000000
V 372.867076 235.000000 30.000000 30.000000
V 481.748057 235.000000 100.000000 80.000000
V 628.949986 384.245558 100.000000 80.000000
V 788.669982 384.245558 100.000000 80.000000
V 897.669982 384.245558 28.000000 28.000000
V 1068.179975 1153.074974 30.000000 30.000000
V 1187.969972 1153.074974 100.000000 80.000000
V 1347.689969 1153.074974 100.000000 80.000000
V 1456.689969 1153.074974 28.000000 28.000000
V 682.844984 530.795158 88.000000 63.340341
V 1142.039973 997.885146 88.000000 63.340341
V 1549.242463 998.187976 63.875000 57.946000
V 1441.514966 997.885146 88.000000 63.340341
E 0 1 207.587321 690.307567 297.587321 690.307567
E 1 2 297.587321 690.307567 788.669982 690.307567
E 1 9 297.587321 690.307567 297.587321 235.000000
E 2 3 788.669982 690.307567 908.389978 690.307567
E 13 2 788.669982 384.245558 788.669982 690.307567
E 3 4 908.389978 690.307567 1068.179975 690.307567
E 4 5 1068.179975 690.307567 1225.434972 690.307567 1225.434972 846.605164 1347.689969 846.605164
E 4 15 1068.179975 690.307567 1068.179975 1138.074974
E 5 6 1347.689969 846.605164 1467.479966 846.605164
E 17 5 1347.689969 1153.074974 1347.689969 846.605164
E 6 7 1467.479966 846.605164 1627.199962 846.605164
E 22 6 1441.514966 997.885146 1467.479966 846.605164
E 7 8 1627.199962 846.605164 1736.199962 846.605164
E 9 10 297.587321 235.000000 372.867076 235.000000
E 10 11 372.867076 235.000000 481.748057 235.000000
E 11 12 481.748057 235.000000 555.349022 235.000000 555.349022 384.245558 628.949986 384.245558
E 12 13 628.949986 384.245558 788.669982 384.245558
E 12 19 628.949986 384.245558 682.844984 530.795158
E 13 14 788.669982 384.245558 897.669982 384.245558
E 15 16 1068.179975 1153.074974 1187.969972 1153.074974
E 16 17 1187.969972 1153.074974 1347.689969 1153.074974
E 20 16 1142.039973 997.885146 1187.969972 1153.074974
E 17 18 1347.689969 1153.074974 1456.689969 1153.074974
E 17 22 1347.689969 1153.074974 1441.514966 997.885146
U 21 22 1549.242463 998.187976 1441.514966 997.885146
G 1012220286.json 35 41
V 60.000000 140.000000 30.000000 30.000000
V 170.000000 140.000000 100.000000 80.000000
V 270.000000 140.000000 30.000000 30.000000
V 485.000000 140.000000 30.000000 30.000000
V 575.000000 140.000000 100.000000 80.000000
V 667.000000 140.000000 30.000000 30.000000
V 930.000000 140.000000 30.000000 30.000000
V 1100.000000 175.000000 100.000000 80.000000
V 1267.250055 203.350009 30.000000 30.000000
V 380.000000 140.000000 100.000000 80.000000
V 752.000000 140.000000 100.000000 80.000000
V 1341.250055 203.350009 28.000000 28.000000
V 1005.000000 225.000000 30.000000 30.000000
V 200.000000 425.000000 100.000000 80.000000
V 90.000000 425.000000 30.000000 30.000000
V 315.000000 425.000000 30.000000 30.000000
V 615.000000 425.000000 30.000000 30.000000
V 752.000000 425.000000 100.000000 80.000000
V 485.000000 425.000000 100.000000 80.000000
V 140.000000 925.000000 100.000000 80.000000
V 285.000000 925.000000 100.000000 80.000000
V 410.000000 925.000000 30.000000 30.000000
V 720.000000 990.000000 30.000000 30.000000
V 615.000000 990.000000 100.000000 80.000000
V 520.000000 1005.000000 30.000000 30.000000
V 520.000000 895.000000 100.000000 80.000000
V 689.000000 895.000000 40.000000 40.000000
V 779.000000 895.000000 28.000000 28.000000
V 140.000000 675.000000 100.000000 80.000000
V 290.000000 675.000000 100.000000 80.000000
V 525.000000 674.000000 40.000000 40.000000
V 607.000000 610.000000 100.000000 80.000000
V 607.000000 729.000000 100.000000 80.000000
V 435.000000 675.000000 100.000000 80.000000
V 752.000000 729.000000 100.000000 80.000000
E 0 1 60.000000 140.000000 170.000000 140.000000
E 1 2 170.000000 140.000000 270.000000 140.000000
E 2 9 270.000000 140.000000 380.000000 140.000000
E 2 14 270.000000 140.000000 270.000000 222.000000 90.000000 222.000000 90.000000 425.000000
E 3 4 485.000000 140.000000 575.000000 140.000000
E 9 3 380.000000 140.000000 485.000000 140.000000
E 15 3 315.000000 425.000000 315.000000 282.500000 485.000000 282.500000 485.000000 140.000000
E 4 5 575.000000 140.000000 667.000000 140.000000
E 5 10 667.000000 140.000000 752.000000 140.000000
E 5 16 667.000000 140.000000 667.000000 227.000000 615.000000 227.000000 615.000000 425.000000
E 6 7 930.000000 140.000000 1029.500000 140.000000 1029.500000 175.000000 1100.000000 175.000000
E 10 6 752.000000 140.000000 930.000000 140.000000
E 21 6 410.000000 925.000000 410.000000 844.000000 552.000000 844.000000 552.000000 250.000000 930.000000 250.000000 930.000000 140.000000
E 7 8 1100.000000 175.000000 1201.125028 175.000000 1201.125028 203.350009 1267.250055 203.350009
E 12 7 1005.000000 225.000000 1005.000000 195.000000 1051.000000 195.000000
E 8 11 1267.250055 203.350009 1341.250055 203.350009
E 8 25 1267.250055 203.350009 1267.250055 875.000000 569.000000 875.000000
E 24 12 530.162514 1006.106557 551.000000 1006.106557 551.000000 1067.000000 1108.605506 1067.000000 1108.605506 225.000000 1005.000000 225.000000
E 14 13 90.000000 425.000000 200.000000 425.000000
E 13 15 200.000000 425.000000 315.000000 425.000000
E 15 18 315.000000 425.000000 485.000000 425.000000
E 16 17 615.000000 425.000000 752.000000 425.000000
E 18 16 485.000000 425.000000 615.000000 425.000000
E 17 28 752.000000 425.000000 752.000000 524.000000 140.000000 524.000000 140.000000 675.000000
E 19 20 140.000000 925.000000 285.000000 925.000000
E 34 19 752.000000 729.000000 752.000000 836.000000 140.000000 836.000000 140.000000 925.000000
E 20 21 285.000000 925.000000 410.000000 925.000000
E 21 25 410.000000 925.000000 447.500000 925.000000 447.500000 895.000000 520.000000 895.000000
E 22 23 720.000000 990.000000 615.000000 990.000000
E 26 22 689.500000 895.500000 689.500000 945.000000 720.000000 945.000000 720.000000 990.000000
E 23 24 615.000000 990.000000 615.000000 1046.000000 520.000000 1046.000000 520.000000 1005.000000
E 24 25 520.000000 1005.000000 491.000000 1005.000000 491.000000 947.000000 479.000000 895.000000
E 25 26 520.000000 895.000000 689.500000 895.500000
E 26 27 689.500000 895.500000 779.000000 895.000000
E 28 29 140.000000 675.000000 290.000000 675.000000
E 29 33 290.000000 675.000000 435.000000 675.000000
E 30 31 525.500000 674.500000 525.500000 610.000000 607.000000 610.000000
E 30 32 525.500000 674.500000 525.500000 729.000000 607.000000 729.000000
E 33 30 435.000000 675.000000 525.500000 674.500000
E 31 32 607.000000 610.000000 607.000000 729.000000
E 32 34 607.000000 729.000000 752.000000 729.000000
G 1013254127.json 34 40
V 708.844984 479.229990 100.000000 80.000000
V 1161.251917 479.229990 100.000000 80.000000
V 1354.513120 479.229990 100.000000 80.000000
V 1475.452057 624.411889 40.000000 40.000000
V 1620.247274 498.995357 100.000000 80.000000
V 1765.193176 498.995357 100.000000 80.000000
V 502.995357 579.968308 88.000000 97.000000
V 395.000000 730.000000 100.000000 80.000000
V 395.000000 845.000000 40.000000 40.000000
V 579.019987 730.000000 100.000000 80.000000
V 935.000000 795.000000 100.000000 80.000000
V 1083.404924 795.000000 40.000000 40.000000
V 341.139099 860.903362 54.179289 79.086500
V 151.788752 870.360112 62.001000 60.173000
V 395.000000 985.000000 100.000000 80.000000
V 579.019987 985.000000 40.000000 40.000000
V 1185.409567 1013.249976 100.000000 80.000000
V 1378.670770 1013.249976 100.000000 80.000000
V 708.844984 985.000000 40.000000 40.000000
V 120.000000 1335.000000 30.000000 30.000000
V 245.000000 1335.000000 100.000000 80.000000
V 434.000000 1394.000000 28.000000 28.000000
V 950.000000 135.788252 30.000000 30.000000
V 1034.621315 135.788252 40.000000 40.000000
V 1161.251917 233.261203 100.000000 80.000000
V 1185.409567 70.000000 100.000000 80.000000
V 1330.355469 70.000000 100.000000 80.000000
V 1330.355469 233.261203 40.000000 40.000000
V 1475.301371 233.261203 100.000000 80.000000
V 1668.562574 233.261203 100.000000 80.000000
V 1706.035525 280.734154 30.000000 30.000000
V 1861.823777 280.734154 100.000000 80.000000
V 1861.823777 135.788252 40.000000 40.000000
V 1970.769679 70.000000 28.000000 28.000000
E 0 10 708.844984 440.229990 708.844984 428.581981 935.000000 428.581981 935.000000 795.000000
E 18 0 708.844984 985.000000 708.844984 479.229990
E 1 2 1161.251917 479.229990 1354.513120 479.229990
E 11 1 1083.904924 795.500000 1083.904924 479.229990 1161.251917 479.229990
E 24 1 1161.251917 233.261203 1161.251917 479.229990
E 2 3 1354.513120 479.229990 1475.952057 479.229990 1475.952057 624.911889
E 3 4 1475.952057 624.911889 1620.247274 624.911889 1620.247274 498.995357
E 17 3 1378.670770 1013.249976 1475.801371 1013.249976 1476.107682 625.405909
E 4 5 1620.247274 498.995357 1765.193176 498.995357
E 5 29 1765.193176 498.995357 1765.193176 233.261203 1668.562574 233.261203
E 6 9 502.995357 579.968308 579.019987 730.000000
E 7 8 395.000000 730.000000 395.500000 845.500000
E 7 12 395.000000 730.000000 341.139099 860.903362
E 20 7 245.000000 1335.000000 313.000000 1335.000000 313.000000 730.000000 346.000000 730.000000
E 9 8 530.019987 730.000000 503.117980 730.000000 503.117980 845.500000 395.500000 845.500000
E 8 14 395.500000 845.500000 395.000000 985.000000
E 15 9 579.519987 985.500000 579.019987 730.000000
E 10 11 935.000000 795.000000 1084.396449 795.500000
E 10 22 950.000000 756.000000 950.000000 135.788252
E 11 16 1083.904924 795.500000 1083.904924 1013.249976 1185.409567 1013.249976
U 12 13 341.139099 860.903362 151.363752 870.198112
E 12 14 341.139099 860.903362 395.000000 985.000000
E 14 15 395.000000 985.000000 579.519987 985.500000
E 15 18 579.519987 985.500000 708.844984 985.000000
E 16 17 1185.409567 1013.249976 1378.670770 1013.249976
E 25 16 1185.409567 99.622877 1185.409567 974.249976
E 19 20 120.000000 1335.000000 245.000000 1335.000000
E 20 21 245.000000 1374.000000 245.000000 1394.000000 434.000000 1394.000000
E 22 23 950.000000 135.788252 1035.121315 136.288252
E 23 24 1035.121315 136.288252 1035.121315 233.261203 1161.251917 233.261203
E 23 25 1035.121315 136.288252 1035.121315 70.000000 1185.409567 70.000000
E 24 27 1161.251917 233.261203 1330.855469 233.761203
E 25 26 1185.409567 70.000000 1330.355469 70.000000
E 26 27 1330.355469 70.000000 1330.855469 233.761203
E 27 28 1330.855469 233.761203 1475.301371 233.261203
E 28 29 1475.301371 233.261203 1668.562574 233.261203
E 29 32 1668.562574 233.261203 1668.562574 136.288252 1862.323777 136.288252
E 30 31 1706.035525 280.734154 1861.823777 280.734154
E 31 32 1861.823777 280.734154 1862.323777 136.288252
E 32 33 1862.323777 136.288252 1862.323777 70.000000 1970.769679 70.000000
G 1013385050.json 16 17
V 60.000000 125.000000 30.000000 30.000000
V 170.000000 125.000000 100.000000 80.000000
V 970.000000 125.000000 100.000000 80.000000
V 1085.000000 125.000000 40.000000 40.000000
V 1205.000000 190.000000 100.000000 80.000000
V 1205.000000 55.000000 100.000000 80.000000
V 60.000000 395.000000 30.000000 30.000000
V 170.000000 395.000000 100.000000 80.000000
V 595.000000 395.000000 100.000000 80.000000
V 710.000000 395.000000 40.000000 40.000000
V 825.000000 340.000000 100.000000 80.000000
V 455.000000 395.000000 100.000000 80.000000
V 825.000000 460.000000 100.000000 80.000000
V 970.000000 395.000000 100.000000 80.000000
V 1079.000000 395.000000 28.000000 28.000000
V 315.000000 395.000000 100.000000 80.000000
E 0 1 60.000000 125.000000 170.000000 125.000000
E 1 2 170.000000 125.000000 970.000000 125.000000
E 1 7 170.000000 164.000000 170.000000 356.000000
E 2 3 970.000000 125.000000 1085.500000 125.500000
E 13 2 970.000000 356.000000 970.000000 164.000000
E 3 4 1085.500000 125.500000 1085.500000 190.000000 1205.000000 190.000000
E 3 5 1085.500000 125.500000 1085.500000 55.000000 1205.000000 55.000000
E 6 7 60.000000 395.000000 170.000000 395.000000
E 7 15 170.000000 395.000000 315.000000 395.000000
E 8 9 595.000000 395.000000 710.500000 395.500000
E 11 8 455.000000 395.000000 595.000000 395.000000
E 9 10 710.500000 395.500000 710.500000 340.000000 825.000000 340.000000
E 9 12 710.500000 395.500000 710.500000 460.000000 825.000000 460.000000
E 10 13 825.000000 340.000000 897.500000 340.000000 897.500000 395.000000 970.000000 395.000000
E 15 11 315.000000 395.000000 455.000000 395.000000
E 12 13 825.000000 460.000000 897.500000 460.000000 897.500000 395.000000 970.000000 395.000000
E 13 14 970.000000 395.000000 1079.000000 395.000000
G 1013472006.json 18 17
V 134.000000 132.000000 30.000000 30.000000
V 244.000000 132.000000 100.000000 80.000000
V 920.000000 132.000000 100.000000 80.000000
V 1034.000000 132.000000 28.000000 28.000000
V 246.500000 374.500000 99.000000 57.000000
V 394.500000 372.500000 99.000000 57.000000
V 532.500000 375.000000 99.000000 56.000000
V 650.000000 375.000000 40.000000 40.000000
V 764.000000 312.000000 28.000000 28.000000
V 757.000000 460.000000 86.000000 80.000000
V 920.000000 415.000000 100.000000 80.000000
V 150.000000 375.000000 30.000000 30.000000
V 1034.000000 415.000000 28.000000 28.000000
V 751.000000 649.000000 98.000000 80.000000
V 845.000000 650.000000 40.000000 40.000000
V 899.000000 569.000000 28.000000 28.000000
V 615.000000 649.000000 30.000000 30.000000
V 944.000000 719.000000 28.000000 28.000000
E 0 1 134.000000 132.000000 244.000000 132.000000
E 1 4 245.500000 131.000000 245.500000 383.000000
E 2 3 896.000000 131.000000 995.000000 131.000000 995.000000 132.000000 1034.000000 132.000000
E 10 2 920.000000 415.000000 920.000000 93.000000
E 4 5 223.730000 373.000000 345.990000 372.500000
E 11 4 150.000000 375.000000 220.000000 375.000000
E 5 6 360.840000 371.787500 532.500000 375.000000
E 6 7 544.380000 375.000000 650.500000 375.500000
E 7 8 650.500000 375.500000 650.500000 312.000000 764.000000 312.000000
E 7 9 650.500000 375.500000 650.500000 461.000000 714.860000 460.000000
E 9 16 751.000000 460.000000 751.000000 567.000000 615.000000 567.000000 615.000000 649.000000
E 10 12 969.000000 415.000000 1034.000000 415.000000
E 17 10 944.000000 706.000000 944.000000 454.000000
E 13 14 751.000000 649.000000 845.500000 650.500000
E 16 13 615.000000 649.000000 751.000000 649.000000
E 14 15 845.000000 650.500000 845.000000 571.000000 889.000000 571.000000
E 14 17 845.500000 650.500000 847.000000 721.000000 934.000000 721.000000
G 1013962777.json 27 29
V 485.000000 983.000000 100.000000 80.000000
V 680.000000 895.000000 100.000000 80.000000
V 950.421521 983.000000 100.000000 80.000000
V 590.000000 983.000000 40.000000 40.000000
V 1447.899971 983.000000 100.000000 80.000000
V 1074.152025 1060.000000 40.000000 40.000000
V 680.000000 1060.000000 100.000000 80.000000
V 810.614019 1060.000000 40.000000 40.000000
V 950.421521 1116.113526 100.000000 80.000000
V 1271.805530 983.000000 40.000000 40.000000
V 1191.998027 1060.000000 100.000000 80.000000
V 230.000000 567.000000 100.000000 80.000000
V 230.000000 705.000000 40.000000 40.000000
V 335.000000 567.000000 40.000000 40.000000
V 951.575519 703.923001 100.000000 80.000000
V 951.575519 601.154984 100.000000 80.000000
V 1247.899971 640.000000 100.000000 80.000000
V 1352.899971 640.000000 40.000000 40.000000
V 1687.129961 640.000000 28.000000 28.000000
V 1449.484938 539.124988 100.000000 80.000000
V 1557.304963 539.124988 40.000000 40.000000
V 1687.129961 539.124988 100.000000 80.000000
V 832.575519 640.000000 40.000000 40.000000
V 1138.039973 640.000000 40.000000 40.000000
V 1521.420535 640.000000 100.000000 80.000000
V 1074.152025 641.076999 40.000000 40.000000
V 1271.805530 476.497986 100.000000 80.000000
E 0 3 485.000000 983.000000 590.500000 983.500000
E 13 0 335.000000 567.000000 335.000000 983.000000 485.000000 983.000000
E 3 1 590.500000 983.500000 590.500000 895.000000 680.000000 895.000000
E 1 9 680.000000 895.000000 1269.569896 895.000000 1269.569896 970.698288
E 2 5 950.421521 983.000000 1074.652025 983.000000 1074.652025 1060.500000
E 7 2 811.114019 1060.500000 811.114019 983.000000 901.421521 983.000000
E 3 6 590.500000 983.500000 590.500000 1060.000000 680.000000 1060.000000
E 9 4 1272.305530 983.500000 1447.899971 983.000000
E 4 22 1447.899971 983.000000 1447.899971 811.500000 774.997894 811.500000 774.997894 640.500000 833.075519 640.500000
E 8 5 999.421521 1116.113526 1074.652025 1116.113526 1074.652025 1060.500000
E 6 7 680.000000 1060.000000 811.114019 1060.500000
E 7 8 811.114019 1060.500000 811.114019 1116.113526 901.421521 1116.113526
E 10 9 1240.998027 1060.000000 1269.569896 1060.500000 1269.569896 998.516188
E 12 11 230.500000 705.500000 230.000000 567.000000
E 11 13 230.000000 567.000000 335.500000 567.500000
E 22 14 833.075519 640.500000 833.075519 703.423001 951.575519 703.923001
E 14 25 951.575519 703.923001 1074.652025 704.500000 1074.652025 641.576999
E 22 15 833.075519 640.500000 833.575519 601.154984 902.575519 601.154984
E 15 25 951.575519 601.154984 1074.652025 600.654984 1074.652025 641.576999
E 16 17 1247.899971 640.000000 1353.399971 640.500000
E 23 16 1138.539973 640.500000 1247.899971 640.000000
E 17 19 1353.399971 640.500000 1353.399971 539.124988 1449.484938 539.124988
E 17 24 1353.399971 640.500000 1472.420535 640.000000
E 24 18 1521.420535 640.000000 1687.129961 640.000000
E 19 20 1449.484938 539.124988 1557.804963 539.624988
E 20 21 1557.804963 539.624988 1687.129961 539.624988
E 20 26 1557.804963 539.624988 1557.804963 476.497986 1271.805530 476.497986
E 25 23 1074.652025 641.576999 1130.480380 641.576999
E 26 23 1271.805530 476.497986 1138.039973 476.497986 1138.039973 640.000000
G 1014071243.json 24 25
V 90.000000 225.000000 30.000000 30.000000
V 200.000000 225.000000 100.000000 80.000000
V 335.000000 245.000000 40.000000 40.000000
V 425.000000 175.000000 100.000000 80.000000
V 425.000000 280.000000 100.000000 80.000000
V 620.000000 295.000000 100.000000 80.000000
V 525.000000 175.000000 30.000000 30.000000
V 995.000000 280.000000 40.000000 40.000000
V 590.000000 105.000000 100.000000 50.000000
V 1116.000000 295.000000 100.000000 80.000000
V 635.000000 175.000000 100.000000 80.000000
V 755.000000 175.000000 100.000000 80.000000
V 935.000000 175.000000 100.000000 80.000000
V 840.000000 175.000000 30.000000 30.000000
V 1310.000000 430.000000 100.000000 80.000000
V 935.000000 105.000000 100.000000 50.000000
V 1231.000000 293.000000 40.000000 40.000000
V 1310.000000 175.000000 100.000000 80.000000
V 1310.000000 295.000000 100.000000 80.000000
V 1420.000000 175.000000 30.000000 30.000000
V 1435.000000 405.000000 30.000000 30.000000
V 1530.000000 370.000000 100.000000 50.000000
V 1500.000000 175.000000 40.000000 40.000000
V 1615.000000 175.000000 100.000000 80.000000
E 0 1 90.000000 225.000000 200.000000 225.000000
E 1 2 200.000000 225.000000 282.500000 225.000000 282.500000 245.500000 335.500000 245.500000
E 2 3 335.500000 245.500000 425.000000 175.000000
E 2 4 335.500000 245.500000 335.500000 280.000000 425.000000 280.000000
E 3 6 425.000000 175.000000 525.000000 175.000000
E 4 5 425.000000 280.000000 527.500000 280.000000 527.500000 295.000000 620.000000 295.000000
E 5 7 657.000000 280.500000 995.500000 280.500000
U 6 8 525.000000 175.000000 541.000000 104.000000
E 6 10 525.000000 175.000000 635.000000 175.000000
E 7 9 995.500000 280.500000 1040.000000 280.500000 1040.000000 295.000000 1116.000000 295.000000
E 12 7 935.000000 175.000000 995.500000 175.000000 995.500000 280.500000
E 9 16 1160.000000 295.500000 1188.500000 295.500000 1188.500000 293.500000 1231.500000 293.500000
E 10 11 635.000000 175.000000 755.000000 175.000000
E 11 13 755.000000 175.000000 840.000000 175.000000
E 13 12 840.000000 175.000000 935.000000 175.000000
U 13 15 840.000000 175.000000 886.000000 104.000000
E 16 14 1231.500000 293.500000 1231.500000 430.000000 1310.000000 430.000000
E 14 20 1310.000000 430.000000 1397.500000 430.000000 1397.500000 405.000000 1435.000000 405.000000
E 16 17 1231.500000 293.500000 1231.500000 175.000000 1310.000000 175.000000
E 16 18 1231.500000 293.500000 1231.500000 295.000000 1310.000000 295.000000
E 17 19 1310.000000 175.000000 1420.000000 175.000000
E 18 22 1310.000000 295.000000 1500.500000 295.000000 1500.500000 175.500000
E 19 22 1420.000000 175.000000 1500.500000 175.500000
U 20 21 1435.000000 405.000000 1481.000000 369.000000
E 22 23 1500.500000 175.500000 1615.000000 175.000000
G 101435818.json 23 27
V 117.000000 155.000000 30.000000 30.000000
V 212.000000 155.000000 100.000000 80.000000
V 602.000000 155.000000 40.000000 40.000000
V 672.000000 155.000000 30.000000 30.000000
V 760.000000 155.000000 40.000000 40.000000
V 862.000000 90.000000 30.000000 30.000000
V 832.000000 210.000000 30.000000 30.000000
V 302.000000 155.000000 40.000000 40.000000
V 407.000000 222.500000 100.000000 55.000000
V 529.500000 222.500000 87.000000 55.000000
V 906.000000 210.000000 28.000000 28.000000
V 135.000000 419.000000 30.000000 30.000000
V 245.000000 419.000000 100.000000 80.000000
V 380.000000 419.000000 40.000000 40.000000
V 498.000000 465.000000 30.000000 30.000000
V 572.000000 465.000000 28.000000 28.000000
V 558.000000 360.000000 28.000000 28.000000
V 135.000000 705.000000 30.000000 30.000000
V 275.000000 705.000000 40.000000 40.000000
V 533.000000 653.000000 100.000000 80.000000
V 531.000000 776.000000 100.000000 80.000000
V 764.000000 705.000000 28.000000 28.000000
V 648.000000 705.000000 40.000000 40.000000
E 0 1 117.000000 155.000000 212.000000 155.000000
E 1 7 212.000000 155.000000 302.500000 155.500000
E 2 3 602.500000 155.500000 672.000000 155.000000
E 7 2 302.500000 155.500000 602.500000 155.500000
E 9 2 572.000000 222.500000 602.500000 222.500000 602.500000 155.500000
E 3 4 672.000000 155.000000 760.500000 155.500000
E 3 11 672.000000 155.000000 672.000000 286.953125 135.000000 286.953125 135.000000 419.000000
E 4 5 760.500000 155.500000 760.500000 90.000000 862.000000 90.000000
E 4 6 760.500000 155.500000 760.500000 210.000000 832.000000 210.000000
E 5 7 862.000000 90.000000 862.000000 52.000000 302.500000 52.000000 302.500000 155.500000
E 16 5 558.000000 360.000000 558.000000 301.000000 862.000000 301.000000 862.000000 90.000000
E 6 10 832.000000 210.000000 906.000000 210.000000
E 21 6 764.000000 705.000000 832.000000 705.000000 832.000000 210.000000
E 7 8 302.500000 155.500000 302.500000 222.500000 407.000000 222.500000
E 8 9 407.000000 222.500000 529.500000 222.500000
E 11 12 135.000000 419.000000 245.000000 419.000000
E 12 13 294.000000 419.000000 380.500000 419.500000
E 13 14 380.500000 419.500000 380.500000 465.000000 498.000000 465.000000
E 13 16 380.000000 419.000000 380.000000 360.000000 558.000000 360.000000
E 14 15 498.000000 465.000000 572.000000 465.000000
E 14 17 498.000000 465.000000 498.000000 581.000000 135.000000 581.000000 135.000000 705.000000
E 17 18 135.000000 705.000000 275.000000 705.000000
E 18 19 275.500000 705.500000 275.500000 653.000000 533.000000 653.000000
E 18 20 275.500000 705.500000 275.500000 776.000000 531.000000 776.000000
E 19 22 533.000000 653.000000 648.500000 653.000000 648.500000 705.500000
E 20 22 531.000000 776.000000 646.500000 776.000000 646.500000 720.000000
E 22 21 648.500000 705.500000 764.000000 705.000000
G 1014461262.json 15 23
V 75.000000 315.000000 30.000000 30.000000
V 335.000000 315.000000 100.000000 80.000000
V 485.000000 315.000000 100.000000 80.000000
V 890.000000 315.000000 100.000000 80.000000
V 185.000000 315.000000 100.000000 80.000000
V 767.000000 315.000000 40.000000 40.000000
V 1010.000000 315.000000 40.000000 40.000000
V 890.000000 414.000000 125.000000 80.000000
V 890.000000 120.000000 100.000000 80.000000
V 1127.500000 315.000000 125.000000 80.000000
V 1249.000000 315.000000 28.000000 28.000000
V 890.000000 520.086500 62.001000 60.173000
V 965.000500 194.827000 62.001000 60.173000
V 811.000500 194.913500 62.001000 60.173000
V 638.500000 315.000000 125.000000 80.000000
E 0 4 75.000000 315.000000 203.000000 315.000000
E 1 2 335.000000 315.000000 485.000000 315.000000
E 4 1 185.000000 315.000000 335.000000 315.000000
U 1 11 334.000000 315.000000 334.000000 519.924500 889.000000 519.924500
U 2 11 485.000000 315.000000 485.000000 519.924500 889.575000 519.924500
E 2 14 485.000000 315.000000 638.500000 315.000000
E 5 3 767.500000 315.500000 890.000000 315.000000
E 3 6 890.000000 315.000000 1010.500000 315.500000
E 3 12 915.000000 315.000000 915.000000 204.000000 964.575500 204.000000
E 13 3 810.575500 194.751500 865.000000 194.751500 865.000000 315.000000
U 4 11 185.000000 315.000000 185.000000 519.924500 889.575000 519.924500
E 5 6 767.500000 315.500000 767.500000 71.000000 1010.500000 71.000000 1010.500000 315.500000
E 5 7 767.500000 315.500000 767.500000 414.000000 890.000000 414.000000
E 5 8 767.500000 315.500000 767.500000 120.000000 890.000000 120.000000
E 14 5 638.500000 315.000000 767.500000 315.500000
E 7 6 890.000000 414.000000 1010.500000 414.000000 1010.500000 315.500000
E 8 6 890.000000 120.000000 1010.500000 120.000000 1010.500000 315.500000
E 6 9 1010.500000 315.500000 1127.500000 315.000000
E 7 11 890.000000 414.000000 889.575000 519.924500
U 8 12 915.000000 120.000000 915.000000 186.000000 964.575500 186.000000
E 9 10 1127.500000 315.000000 1249.000000 315.000000
U 9 11 1127.500000 315.000000 1127.500000 519.924500 889.575000 519.924500
U 14 11 638.500000 315.000000 638.500000 519.924500 889.575000 519.924500
G 1014610976.json 24 24
V 1823.731770 99.494005 100.000000 80.000000
V 1927.451779 99.494005 28.000000 28.000000
V 251.076696 375.273223 30.000000 30.000000
V 361.076696 375.273223 100.000000 80.000000
V 496.076696 375.273223 100.000000 80.000000
V 646.076696 375.273223 100.000000 80.000000
V 894.239702 254.729220 100.000000 80.000000
V 1823.731770 335.651443 100.000000 80.000000
V 1885.494276 254.702220 63.875000 57.946000
V 1927.451779 335.651443 28.000000 28.000000
V 767.076696 375.273223 40.000000 40.000000
V 894.302202 459.300022 100.000000 80.000000
V 1507.445081 459.300022 100.000000 80.000000
V 1713.836598 335.508057 40.000000 40.000000
V 894.239702 335.508057 63.875000 57.946000
V 1073.076696 254.729220 100.000000 80.000000
V 1232.574412 254.729220 100.000000 80.000000
V 1507.445081 254.729220 100.000000 80.000000
V 1046.076696 701.998964 100.000000 80.000000
V 1264.246908 701.998964 100.000000 80.000000
V 1113.887553 609.754648 63.875000 57.946000
V 1823.731770 701.998964 100.000000 80.000000
V 1347.280904 615.314965 63.875000 57.946000
V 1927.451779 701.998964 28.000000 28.000000
E 0 1 1823.731770 99.494005 1927.451779 99.494005
E 7 0 1823.731770 335.651443 1823.731770 95.139996
E 2 3 251.076696 375.273223 361.076696 375.273223
E 3 4 361.076696 375.273223 496.076696 375.273223
E 4 5 496.076696 375.273223 646.076696 375.273223
E 5 10 646.076696 375.273223 767.076696 375.273223
E 10 6 767.576696 375.773223 767.576696 254.729220 894.239702 254.729220
E 6 15 894.239702 254.729220 1073.076696 254.729220
U 8 7 1885.494276 254.702220 1823.731770 335.651443
E 7 9 1823.731770 335.651443 1927.451779 335.651443
E 13 7 1714.336598 336.008057 1823.731770 335.651443
E 7 21 1823.731770 335.651443 1823.731770 714.767033
E 10 11 767.576696 375.773223 767.576696 459.300022 894.302202 459.300022
U 11 14 894.302202 459.300022 894.239702 335.508057
E 11 18 894.302202 459.300022 894.302202 580.649493 1046.076696 580.649493 1046.076696 701.998964
E 12 13 1507.445081 459.300022 1714.336598 459.300022 1714.336598 336.008057
E 19 12 1280.913574 701.998964 1280.913574 459.300022 1507.445081 459.300022
E 17 13 1507.445081 254.729220 1714.336598 254.729220 1714.336598 336.008057
E 15 16 1073.076696 254.729220 1232.574412 254.729220
E 16 17 1232.574412 254.729220 1507.445081 254.729220
E 18 19 1046.076696 701.998964 1264.246908 701.998964
U 20 18 1113.887553 609.754648 1046.076696 701.998964
U 22 19 1336.635070 615.314965 1270.750575 701.998964
E 21 23 1823.731770 701.998964 1927.451779 701.998964
G 1014684167.json 23 24
V 1021.524485 453.100007 40.000000 40.000000
V 1021.524485 354.405019 30.000000 30.000000
V 489.755008 573.784496 100.000000 80.000000
V 823.836026 573.784496 100.000000 80.000000
V 1188.005063 573.784496 100.000000 80.000000
V 1587.305085 573.784496 100.000000 80.000000
V 1021.524485 573.784496 40.000000 40.000000
V 404.571003 756.568993 100.000000 80.000000
V 589.055030 756.568993 100.000000 80.000000
V 1467.515079 756.568993 100.000000 80.000000
V 489.755008 756.568993 40.000000 40.000000
V 1587.305085 756.568993 40.000000 40.000000
V 1707.095092 756.568993 100.000000 80.000000
V 823.836026 756.568993 100.000000 80.000000
V 1188.005063 756.568993 100.000000 80.000000
V 489.755008 952.260034 100.000000 80.000000
V 823.836026 952.260034 100.000000 80.000000
V 1188.005063 952.260034 100.000000 80.000000
V 1587.305085 952.260034 100.000000 80.000000
V 489.755008 1122.137985 100.000000 80.000000
V 823.836026 1122.137985 100.000000 80.000000
V 1188.005063 1122.137985 100.000000 80.000000
V 1587.305085 1122.137985 100.000000 80.000000
E 1 0 1021.524485 354.405019 1022.024485 453.600007
E 0 2 1022.024485 453.600007 489.755008 453.600007 489.755008 573.784496
E 0 5 1022.024485 453.600007 1587.305085 453.600007 1587.305085 573.784496
E 0 6 1022.024485 453.600007 1022.024485 574.284496
E 2 10 489.755008 573.784496 490.255008 757.068993
E 6 3 1022.024485 574.284496 811.279023 574.284496
E 3 13 823.836026 573.784496 823.836026 756.568993
E 6 4 1022.024485 574.284496 1188.005063 573.784496
E 4 14 1188.005063 573.784496 1188.005063 756.568993
E 5 11 1587.305085 573.784496 1587.805085 757.068993
E 10 7 490.255008 757.068993 404.571003 756.568993
E 7 15 404.571003 756.568993 404.571003 952.260034 489.755008 952.260034
E 10 8 490.255008 757.068993 589.055030 756.568993
E 8 15 589.055030 756.568993 589.055030 952.260034 489.755008 952.260034
E 11 9 1587.805085 757.068993 1467.515079 756.568993
E 9 18 1467.515079 756.568993 1467.515079 952.260034 1587.305085 952.260034
E 11 12 1587.805085 757.068993 1707.095092 756.568993
E 12 18 1707.095092 756.568993 1707.095092 952.260034 1587.305085 952.260034
E 13 16 823.836026 756.568993 823.836026 952.260034
E 14 17 1188.005063 756.568993 1188.005063 952.260034
E 15 19 489.755008 952.260034 489.755008 1122.137985
E 16 20 823.836026 952.260034 823.836026 1122.137985
E 17 21 1188.005063 952.260034 1188.005063 1122.137985
E 18 22 1587.305085 952.260034 1587.305085 1122.137985
G 1014787172.json 21 24
V 169.790000 787.364491 100.000000 80.000000
V 134.790000 886.591158 30.000000 30.000000
V 435.990001 822.093804 100.000000 80.000000
V 558.153612 822.093804 40.000000 40.000000
V 952.927302 787.364491 28.000000 28.000000
V 169.790000 610.884865 100.000000 80.000000
V 435.990001 624.615113 100.000000 80.000000
V 169.790000 266.588554 100.000000 80.000000
V 302.890001 266.588554 100.000000 80.000000
V 435.990001 266.588554 100.000000 80.000000
V 435.990001 393.033562 100.000000 80.000000
V 435.990001 495.520564 100.000000 80.000000
V 558.153612 495.520564 63.875000 57.946000
V 539.152501 266.588554 40.000000 40.000000
V 776.339988 358.880970 100.000000 80.000000
V 676.069638 266.588554 76.615395 46.759609
V 851.948346 495.520564 28.000000 28.000000
V 758.624379 495.520564 100.000000 80.000000
V 244.524814 393.033562 63.875000 57.946000
V 616.615113 358.880970 100.000000 80.000000
V 882.633645 158.000000 100.000000 80.000000
E 1 0 134.790000 886.591158 166.107908 886.591158 166.107908 803.181824
E 0 5 169.790000 748.364491 169.790000 649.884865
E 2 3 484.990001 822.093804 558.653612 822.593804
E 6 2 435.990001 624.615113 435.990001 822.093804
E 3 14 558.653612 822.593804 625.951539 497.218120 776.339988 358.880970
E 3 17 558.653612 822.593804 758.624379 822.593804 758.624379 495.520564
E 20 4 882.633645 158.000000 882.633645 350.769080 952.927302 350.769080 952.927302 787.364491
E 5 7 169.790000 571.884865 169.790000 305.588554
E 5 18 218.790000 610.884865 244.524814 610.884865 244.524814 393.033562
U 6 12 435.990001 624.615113 558.153612 495.520564
E 7 8 218.790000 266.588554 253.890001 266.588554
E 8 9 351.890001 266.588554 435.990001 266.588554
E 8 18 302.827501 278.225972 302.827501 333.053467 244.524814 333.053467 244.524814 393.033562
E 9 13 435.990001 266.588554 539.652501 267.088554
E 9 18 438.342665 294.197960 244.524814 393.033562
E 10 11 439.230022 421.358239 439.230022 452.592371 435.990001 495.520564
E 13 10 538.477003 286.588554 538.477003 397.932649 489.009405 397.932649 435.990001 393.033562
E 18 10 248.018525 393.033562 435.990001 393.033562
U 12 19 558.153612 495.520564 616.615113 358.880970
E 13 15 539.652501 267.088554 676.069638 266.588554
E 19 14 616.615113 358.880970 727.339988 358.880970
E 14 20 776.339988 325.000655 776.339988 158.000000 882.633645 158.000000
E 15 19 676.069638 266.588554 616.615113 358.880970
E 17 16 758.624379 495.520564 851.948346 495.520564
G 1015232874.json 15 15
V 345.000000 150.000000 30.000000 30.000000
V 469.000000 150.000000 100.000000 80.000000
V 603.000000 150.000000 100.000000 80.000000
V 785.000000 150.000000 40.000000 40.000000
V 1214.000000 74.000000 28.000000 28.000000
V 967.000000 150.000000 86.000000 55.000000
V 967.000000 287.000000 40.000000 40.000000
V 1100.000000 150.000000 40.000000 40.000000
V 785.000000 287.000000 86.000000 60.000000
V 1214.000000 150.500000 28.000000 28.000000
V 967.000000 380.000000 40.000000 40.000000
V 1130.000000 380.000000 28.000000 28.000000
V 1130.000000 489.000000 28.000000 28.000000
V 1130.000000 287.000000 28.000000 28.000000
V 967.000000 489.000000 116.000000 80.000000
E 0 1 345.000000 150.000000 469.000000 150.000000
E 1 2 469.000000 150.000000 603.000000 150.000000
E 2 3 603.000000 150.000000 785.500000 150.500000
E 3 4 785.500000 150.500000 785.500000 74.000000 1214.000000 74.000000
E 3 5 785.500000 150.500000 967.000000 150.500000
E 3 8 785.500000 150.500000 785.000000 287.000000
E 5 7 967.000000 150.000000 1100.500000 150.500000
E 8 6 785.000000 287.000000 967.500000 287.500000
E 6 10 967.500000 287.500000 967.500000 380.500000
E 6 13 967.500000 287.500000 1130.000000 287.000000
E 7 8 1100.500000 150.500000 1100.500000 227.500000 822.000000 227.500000 822.000000 287.000000
E 7 9 1100.500000 150.500000 1214.000000 150.500000
E 10 11 967.500000 380.500000 1130.000000 380.000000
E 10 14 967.500000 380.500000 967.000000 489.000000
E 14 12 967.000000 489.000000 1130.000000 489.000000
G 1015236059.json 18 21
V 379.373731 282.851774 88.000000 67.000000
V 1006.682345 283.851774 88.467000 71.440631
V 1131.099705 284.131458 40.000000 40.000000
V 1601.814229 284.131458 88.000000 67.000000
V 1306.898106 196.793355 118.634000 71.440631
V 1307.215106 371.315375 118.634000 71.440631
V 242.420687 282.351774 88.467000 67.000000
V 494.024591 283.351774 40.000000 40.000000
V 858.031485 283.351774 88.467000 67.000000
V 494.024591 365.315375 40.000000 40.000000
V 717.653277 365.315375 118.634000 67.000000
V 717.970277 458.906135 118.634000 67.000000
V 857.797985 365.315375 30.000000 30.000000
V 1626.304153 454.889299 55.066001 72.750000
V 1724.814229 284.131458 28.000000 28.000000
V 137.925416 283.351774 30.000000 30.000000
V 857.797985 458.906135 28.000000 28.000000
V 1471.396148 197.073040 106.634000 71.440631
E 6 0 242.420687 282.351774 379.373731 282.851774
E 0 7 379.373731 282.851774 494.024591 283.351774
E 1 2 1006.682345 283.851774 1131.599705 284.631458
E 8 1 858.031485 283.351774 1006.682345 283.851774
E 2 3 1131.599705 284.631458 1601.814229 284.131458
E 2 4 1131.599705 284.631458 1131.599705 196.793355 1306.898106 196.793355
E 2 5 1131.599705 284.631458 1131.599705 371.315375 1307.215106 371.315375
E 5 3 1307.215106 371.315375 1601.814229 371.315375 1601.814229 284.131458
E 3 13 1623.814229 316.631458 1626.304153 454.889299
E 3 14 1601.814229 284.131458 1724.814229 284.131458
E 17 3 1471.396148 197.073040 1601.814229 197.073040 1601.814229 284.131458
E 4 17 1306.898106 196.793355 1471.396148 197.073040
E 15 6 137.925416 283.351774 242.420687 282.351774
E 7 8 494.024591 283.351774 858.031485 283.351774
E 7 9 494.524591 283.851774 494.524591 365.815375
E 12 8 857.797985 365.315375 858.031485 283.351774
E 9 10 494.524591 365.815375 717.653277 365.315375
E 9 11 494.524591 365.815375 494.524591 458.906135 717.970277 458.906135
E 10 12 717.653277 365.315375 858.141704 365.315375
E 11 13 717.970277 458.906135 717.970277 516.438247 1626.304153 516.438247 1626.304153 454.889299
E 11 16 717.970277 458.906135 857.797985 458.906135
G 1015776274.json 35 37
V 347.728622 612.000000 40.000000 40.000000
V 532.925500 580.864500 158.149001 84.271000
V 450.500000 743.473063 144.417928 87.769118
V 724.500000 560.500000 69.000000 55.000000
V 797.000000 560.500000 64.000000 51.000000
V 797.000000 780.500000 103.000000 59.000000
V 810.000000 694.000000 114.000000 68.000000
V 654.500000 791.816901 79.000000 61.000000
V 149.947080 560.500000 30.000000 30.000000
V 854.000000 612.000000 28.000000 28.000000
V 214.765698 612.000000 40.000000 40.000000
V 184.947080 714.735398 100.000000 80.000000
V 435.500000 381.500000 134.000000 47.000000
V 689.000000 398.500000 28.000000 28.000000
V 149.947080 398.500000 30.000000 30.000000
V 251.337851 381.500000 40.000000 40.000000
V 435.500000 458.397548 117.958490 63.780828
V 1218.000000 381.500000 126.000000 80.000000
V 1394.000000 362.500000 28.000000 28.000000
V 996.502094 362.500000 30.000000 30.000000
V 1056.020329 417.500000 30.000000 30.000000
V 840.000000 945.000000 28.000000 28.000000
V 435.500000 995.500000 30.000000 30.000000
V 532.925500 945.000000 30.000000 30.000000
V 654.500000 1028.342382 100.000000 80.000000
V 450.500000 230.761325 100.000000 50.000000
V 683.360168 251.333008 209.720335 91.143366
V 996.502094 560.500000 100.000000 50.000000
V 214.765698 908.242359 157.455723 90.340680
V 1021.002094 742.973063 149.000000 49.000000
V 1297.766465 780.500000 291.006093 132.331362
V 1196.559807 912.458547 142.880386 115.082906
V 1006.945330 1028.342382 128.113527 126.331094
V 1243.923724 230.761325 100.000000 50.000000
V 839.000000 478.000000 100.000000 50.000000
E 0 1 358.728622 604.000000 382.000000 569.000000 455.049098 580.864500
E 0 2 351.728622 622.000000 351.728622 743.473063 379.653469 743.473063
E 10 0 215.265698 612.500000 348.228622 612.500000
E 3 1 690.000000 560.500000 610.801902 580.864500
E 4 1 797.000000 586.000000 765.000000 614.000000 610.801902 580.864500
E 1 9 602.415212 604.724361 678.000000 632.000000 854.000000 612.000000
E 1 14 504.000000 564.000000 221.056170 487.094650 155.430774 394.352409
U 1 26 532.925500 580.864500 580.597203 249.510140
E 5 2 797.000000 751.000000 502.272465 746.215848
E 6 2 753.000000 694.000000 485.923265 730.216269
E 7 2 654.500000 761.316901 499.810769 766.775533
E 2 9 521.346531 718.787998 843.000000 609.000000
E 2 22 402.814835 784.614837 435.500000 995.500000
U 2 28 450.500000 743.473063 137.612393 906.435546
U 3 34 724.500000 560.500000 790.000000 477.000000
U 4 27 797.000000 560.500000 947.502094 559.500000
U 5 30 797.000000 780.500000 1155.173479 777.853373
U 6 29 810.000000 694.000000 947.992094 741.993063
U 7 31 654.500000 791.816901 1126.548418 910.156889
E 8 10 149.947080 560.500000 215.265698 560.500000 215.265698 612.500000
E 10 11 215.265698 612.500000 184.947080 658.027637 184.947080 675.735398
E 12 13 484.000000 373.000000 588.750000 373.000000 588.750000 390.000000 679.000000 390.000000
E 15 12 253.186409 367.570122 375.281389 365.992648
U 12 25 435.500000 381.500000 401.500000 229.761325
E 16 13 493.479245 458.397548 689.000000 398.500000
E 13 19 698.216783 404.252396 876.500000 404.252396 991.173025 365.345071
E 14 15 159.642338 394.751752 241.725737 387.400699
E 15 16 251.837851 382.000000 251.837851 458.397548 377.520755 458.397548
E 17 18 1280.000000 381.500000 1394.000000 362.500000
E 19 17 996.502094 362.500000 1164.000000 367.000000
E 20 17 1056.020329 417.500000 1219.000000 407.000000
U 17 33 1218.000000 381.500000 1194.923724 229.761325
E 21 20 847.424008 943.753305 1083.559380 899.023230 1058.586348 425.176806
E 24 21 703.500000 1028.342382 827.000000 950.000000
E 22 23 435.500000 995.500000 532.925500 945.000000
E 23 24 541.073516 943.344326 634.893853 1023.027378
U 24 32 654.500000 1028.342382 944.169702 1025.815761
G 101642429.json 25 29
V 572.000000 625.000000 30.000000 30.000000
V 602.000000 715.000000 100.000000 40.000000
V 737.000000 715.000000 40.000000 40.000000
V 812.000000 625.000000 100.000000 40.000000
V 927.000000 625.000000 30.000000 30.000000
V 812.000000 784.000000 100.000000 58.000000
V 912.000000 784.000000 30.000000 30.000000
V 1061.000000 625.000000 28.000000 28.000000
V 612.000000 815.000000 30.000000 30.000000
V 1022.000000 784.000000 100.000000 80.000000
V 1166.000000 784.000000 28.000000 28.000000
V 1352.000000 784.000000 100.000000 80.000000
V 1317.000000 680.000000 30.000000 30.000000
V 1183.000500 635.086500 62.001000 60.173000
V 1532.000000 760.000000 100.000000 80.000000
V 497.000000 968.000000 100.000000 40.000000
V 673.000000 968.000000 40.000000 40.000000
V 572.000000 425.000000 100.000000 40.000000
V 447.000000 425.000000 30.000000 30.000000
V 692.000000 425.000000 40.000000 40.000000
V 762.000000 485.000000 30.000000 30.000000
V 832.000000 345.000000 30.000000 30.000000
V 1070.000000 380.000000 100.000000 40.000000
V 1199.000000 485.000000 28.000000 28.000000
V 947.000000 455.000000 100.000000 40.000000
E 0 1 572.000000 625.000000 602.000000 625.000000 602.000000 715.000000
E 17 0 572.000000 425.000000 572.000000 625.000000
E 1 2 602.000000 715.000000 737.500000 715.500000
E 2 3 737.500000 715.500000 812.000000 715.500000 812.000000 625.000000
E 2 8 737.500000 715.500000 737.500000 803.961985 624.879048 803.961985
E 3 4 812.000000 625.000000 927.000000 625.000000
E 4 7 927.000000 625.000000 1061.000000 625.000000
E 4 20 927.000000 625.000000 927.000000 500.000000 762.000000 500.000000
E 5 6 812.000000 784.000000 912.000000 784.000000
E 16 5 673.500000 968.500000 673.500000 1095.000000 812.000000 1095.000000 812.000000 784.000000
E 6 9 912.000000 784.000000 1022.000000 784.000000
E 6 20 912.000000 784.000000 912.000000 673.000000 702.000000 673.000000 702.000000 549.000000 762.000000 549.000000 762.000000 485.000000
E 8 15 607.284661 828.000000 455.000000 828.000000 455.000000 884.000000 497.000000 884.000000 497.000000 968.000000
E 8 21 612.000000 815.000000 418.000000 815.000000 418.000000 345.000000 832.000000 345.000000
E 9 10 1022.000000 784.000000 1166.000000 784.000000
E 9 13 1022.000000 784.000000 1034.000000 727.000000 1183.000500 727.000000 1183.000500 635.086500
E 11 12 1352.000000 784.000000 1244.000000 784.000000 1244.000000 680.000000 1317.000000 680.000000
E 16 11 673.500000 968.500000 1335.333333 968.500000 1335.333333 784.000000
E 12 14 1317.000000 680.000000 1532.000000 680.000000 1532.000000 760.000000
E 12 21 1317.000000 680.000000 1317.000000 340.000000 832.000000 340.000000
E 15 16 497.000000 968.000000 673.500000 968.500000
E 18 17 447.000000 425.000000 572.000000 425.000000
E 17 19 572.000000 425.000000 692.500000 425.500000
E 19 20 692.500000 425.500000 692.500000 485.000000 762.000000 485.000000
E 19 21 692.500000 425.500000 692.500000 360.000000 832.000000 360.000000
E 20 24 762.000000 485.000000 762.000000 455.000000 947.000000 455.000000
E 21 24 832.000000 350.000000 947.000000 350.000000 947.000000 455.000000
E 22 23 1070.000000 380.000000 1199.000000 380.000000 1199.000000 485.000000
E 24 22 996.000000 455.000000 1070.000000 455.000000 1070.000000 380.000000
G 1016751564.json 35 39
V 205.000000 265.000000 100.000000 80.000000
V 110.000000 275.000000 30.000000 30.000000
V 320.000000 265.000000 40.000000 40.000000
V 420.000000 265.000000 100.000000 80.000000
V 1110.000000 220.000000 100.000000 80.000000
V 364.000000 184.000000 28.000000 28.000000
V 612.500000 265.000000 100.000000 80.000000
V 710.000000 225.000000 40.000000 40.000000
V 765.000000 159.000000 30.000000 30.000000
V 765.000000 275.000000 30.000000 30.000000
V 855.000000 275.000000 100.000000 80.000000
V 945.000000 225.000000 40.000000 40.000000
V 515.000000 265.000000 40.000000 40.000000
V 1010.000000 224.000000 40.000000 40.000000
V 1255.000000 220.000000 100.000000 80.000000
V 165.000000 385.000000 100.000000 80.000000
V 710.000000 504.000000 100.000000 80.000000
V 360.000000 466.000000 30.000000 30.000000
V 425.000000 504.000000 40.000000 40.000000
V 360.000000 549.000000 30.000000 30.000000
V 245.000000 504.000000 40.000000 40.000000
V 1240.000000 659.000000 100.000000 80.000000
V 890.000000 780.000000 100.000000 80.000000
V 794.000000 780.000000 28.000000 28.000000
V 1190.000000 782.000000 40.000000 40.000000
V 1105.000000 735.000000 30.000000 30.000000
V 1105.000000 782.000000 30.000000 30.000000
V 1105.000000 840.000000 30.000000 30.000000
V 980.000000 782.000000 40.000000 40.000000
V 91.500000 63.000000 30.000000 30.000000
V 201.500000 63.000000 100.000000 80.000000
V 320.000000 64.000000 28.000000 28.000000
V 835.000000 952.000000 30.000000 30.000000
V 945.000000 952.000000 100.000000 80.000000
V 1054.000000 952.000000 28.000000 28.000000
E 1 0 110.000000 275.000000 199.699997 275.100006
E 0 2 205.000000 265.000000 320.500000 265.500000
E 31 1 320.000000 64.000000 320.000000 149.000000 110.000000 149.000000 110.000000 284.700001
E 2 3 320.000000 265.000000 420.000000 265.000000
E 2 5 320.500000 265.500000 320.500000 188.700001 369.699997 188.700001
E 3 12 420.000000 265.000000 515.500000 265.500000
E 13 4 1010.500000 224.500000 1067.214884 224.500000
E 4 14 1110.000000 220.000000 1255.000000 220.000000
E 6 7 612.500000 265.000000 668.750000 265.000000 668.750000 225.500000 710.500000 225.500000
E 12 6 515.500000 265.500000 575.134208 265.500000
E 7 8 710.500000 225.500000 710.500000 159.000000 765.000000 159.000000
E 7 9 710.500000 225.500000 710.500000 275.000000 765.000000 275.000000
E 8 11 765.000000 159.000000 945.500000 159.000000 945.500000 225.500000
E 9 10 765.000000 275.000000 825.099976 275.000000
E 10 11 855.000000 275.000000 945.500000 275.000000 945.500000 225.500000
E 10 32 835.000000 275.000000 835.000000 952.000000
E 11 13 945.500000 225.500000 1010.500000 224.500000
E 12 15 515.500000 265.500000 515.500000 385.000000 165.000000 385.000000
E 16 13 710.000000 504.000000 1010.500000 504.000000 1010.500000 224.500000
E 14 21 1238.333333 220.000000 1238.333333 544.200012 1240.000000 544.200012 1240.000000 659.000000
E 15 20 165.000000 385.000000 165.000000 504.500000 245.500000 504.500000
E 18 16 425.500000 504.500000 661.000000 504.000000
E 17 18 360.000000 466.000000 430.699997 466.000000 430.699997 513.100006
E 20 17 245.500000 504.500000 245.500000 470.400002 367.699997 470.400002
E 19 18 360.000000 549.000000 429.699997 549.000000 429.699997 516.000000
E 20 19 245.500000 504.500000 245.500000 556.400002 369.699997 556.400002
E 21 24 1240.000000 659.000000 1240.000000 782.500000 1190.500000 782.500000
E 22 23 890.000000 780.000000 794.000000 780.000000
E 28 22 980.500000 782.500000 907.899994 781.399994
E 24 25 1190.500000 782.500000 1190.500000 735.000000 1105.000000 735.000000
E 24 26 1190.500000 782.500000 1105.000000 782.000000
E 24 27 1190.500000 782.500000 1190.500000 840.000000 1105.000000 840.000000
E 25 28 1105.000000 735.000000 980.500000 735.000000 980.500000 782.500000
E 26 28 1105.000000 782.000000 980.500000 782.500000
E 27 28 1105.000000 840.000000 980.500000 840.000000 980.500000 782.500000
E 29 30 91.500000 63.000000 201.500000 63.000000
E 30 31 201.500000 63.000000 320.000000 64.000000
E 32 33 835.000000 952.000000 945.000000 952.000000
E 33 34 945.000000 952.000000 1054.000000 952.000000
G 1017507635.json 16 19
V 450.000000 445.000000 100.000000 80.000000
V 590.000000 445.000000 100.000000 80.000000
V 755.000000 445.000000 100.000000 80.000000
V 357.000000 300.000000 114.000000 80.000000
V 255.000000 300.000000 30.000000 30.000000
V 1068.214976 300.000000 100.000000 80.000000
V 1171.969972 300.000000 28.000000 28.000000
V 829.500000 299.500000 131.000000 95.000000
V 590.000000 612.040276 100.000000 80.000000
V 710.000000 612.040276 40.000000 40.000000
V 830.000000 612.040276 100.000000 60.000000
V 1025.000000 618.500000 100.000000 80.000000
V 710.000000 562.000000 100.000000 50.000000
V 845.000000 801.250000 100.000000 80.000000
V 755.000000 801.940449 40.000000 40.000000
V 1025.000000 801.940449 100.000000 60.000000
E 0 1 450.000000 445.000000 590.000000 445.000000
E 3 0 357.000000 300.000000 357.000000 445.000000 450.000000 445.000000
E 1 2 590.000000 445.000000 755.000000 445.000000
E 1 8 590.000000 445.000000 590.000000 612.040276
E 2 7 755.000000 445.000000 829.500000 445.000000 829.500000 346.000000
E 14 2 755.500000 802.440449 755.500000 869.000000 1087.000000 869.000000 1087.000000 508.000000 755.500000 508.000000 755.000000 484.000000
E 4 3 255.000000 300.000000 357.000000 300.000000
E 3 7 357.000000 300.000000 777.632187 299.500000
E 5 6 1068.214976 300.000000 1171.969972 300.000000
E 7 5 829.500000 299.500000 1068.214976 300.000000
E 8 9 590.000000 612.040276 710.500000 612.540276
E 9 10 710.500000 612.540276 830.000000 612.040276
U 12 9 666.481750 586.243525 710.500000 612.540276
E 9 15 710.500000 612.540276 710.500000 746.000000 561.000000 746.000000 561.000000 879.000000 1025.000000 879.000000 1025.000000 830.940449
E 10 13 879.000000 612.040276 890.000000 612.040276 890.000000 730.000000 845.000000 730.000000 845.000000 801.250000
E 14 10 755.500000 802.440449 755.500000 744.000000 830.000000 744.000000 830.000000 612.040276
E 11 13 1025.000000 618.500000 920.000000 618.500000 920.000000 801.250000 845.000000 801.250000
E 15 11 1025.000000 801.940449 1025.000000 618.500000
E 13 14 845.000000 801.250000 755.500000 802.440449
G 1017657322.json 28 29
V 993.000000 711.400004 100.000000 80.000000
V 856.499975 711.400004 30.000000 30.000000
V 1155.499967 711.400004 100.000000 80.000000
V 1320.500070 711.400004 100.000000 80.000000
V 1435.700078 711.400004 40.000000 40.000000
V 1538.300082 650.499982 100.000000 80.000000
V 1538.300082 782.499978 100.000000 80.000000
V 1636.922700 711.400004 40.000000 40.000000
V 1751.922700 711.400004 100.000000 80.000000
V 1883.450104 711.400004 28.000000 28.000000
V 993.000000 1178.959426 30.000000 30.000000
V 1191.997927 1115.490078 100.000000 80.000000
V 1074.151933 1115.490078 40.000000 40.000000
V 787.960462 1115.490078 100.000000 80.000000
V 1370.000000 1115.490078 100.000000 80.000000
V 1538.300082 1115.490078 100.000000 80.000000
V 1653.300082 1115.490078 40.000000 40.000000
V 1751.922700 1028.267437 100.000000 80.000000
V 1751.922700 1199.567217 100.000000 80.000000
V 1866.922700 1115.490078 40.000000 40.000000
V 1981.922700 1115.490078 100.000000 80.000000
V 2115.715581 1115.490078 28.000000 28.000000
V 124.807493 1399.487478 30.000000 30.000000
V 291.576485 1399.487478 100.000000 80.000000
V 445.306975 1399.487478 100.000000 80.000000
V 608.999982 1399.487478 100.000000 80.000000
V 787.960462 1399.487478 100.000000 80.000000
V 936.382941 1399.487478 28.000000 28.000000
E 1 0 856.499975 711.400004 993.000000 711.400004
E 0 2 993.000000 711.400004 1155.499967 711.400004
E 1 11 856.499975 711.400004 856.499975 935.706337 1191.997927 935.706337 1191.997927 1115.490078
E 2 3 1155.499967 711.400004 1320.500070 711.400004
E 3 4 1320.500070 711.400004 1436.200078 711.900004
E 3 15 1320.500070 711.400004 1320.500070 945.369434 1538.300082 945.369434 1538.300082 1115.490078
E 4 5 1436.200078 711.900004 1436.200078 650.499982 1538.300082 650.499982
E 4 6 1436.200078 711.900004 1436.200078 782.499978 1538.300082 782.499978
E 6 7 1538.300082 782.499978 1637.422700 782.499978 1637.422700 711.900004
E 7 8 1637.422700 711.900004 1751.922700 711.400004
E 8 9 1751.922700 711.400004 1883.450104 711.400004
E 10 12 993.000000 1178.959426 1074.651933 1178.959426 1074.651933 1115.990078
E 10 23 993.000000 1178.959426 993.000000 1299.681599 291.576485 1299.681599 291.576485 1399.487478
E 12 11 1074.651933 1115.990078 1191.997927 1115.490078
E 11 14 1191.997927 1115.490078 1370.000000 1115.490078
E 13 22 792.238799 1139.891580 792.238799 1223.000000 124.807493 1223.000000 124.807493 1399.487478
E 14 15 1370.000000 1115.490078 1538.300082 1115.490078
E 15 16 1538.300082 1115.490078 1653.800082 1115.990078
E 16 17 1653.800082 1115.990078 1653.800082 1028.267437 1751.922700 1028.267437
E 16 18 1653.800082 1115.990078 1653.800082 1199.567217 1751.922700 1199.567217
E 17 19 1751.922700 1028.267437 1867.422700 1028.267437 1867.422700 1115.990078
E 18 19 1751.922700 1199.567217 1867.422700 1199.567217 1867.422700 1115.990078
E 19 20 1867.422700 1115.990078 1981.922700 1115.490078
E 20 21 1981.922700 1115.490078 2115.715581 1115.490078
E 22 23 124.807493 1399.487478 291.576485 1399.487478
E 23 24 291.576485 1399.487478 445.306975 1399.487478
E 24 25 445.306975 1399.487478 608.999982 1399.487478
E 25 26 608.999982 1399.487478 787.960462 1399.487478
E 26 27 787.960462 1399.487478 936.382941 1399.487478
G 1018291356.json 18 19
V 215.000000 706.000000 100.000000 80.000000
V 320.000000 706.000000 40.000000 40.000000
V 425.000000 653.000000 100.000000 80.000000
V 425.000000 758.000000 100.000000 80.000000
V 517.500000 415.000000 100.000000 80.000000
V 662.500000 269.000000 100.000000 80.000000
V 785.000000 269.000000 40.000000 40.000000
V 785.000000 364.000000 100.000000 80.000000
V 900.000000 520.000000 100.000000 80.000000
V 1229.000000 269.000000 28.000000 28.000000
V 900.000000 364.000000 40.000000 40.000000
V 1015.000000 364.000000 100.000000 80.000000
V 1130.000000 269.000000 100.000000 80.000000
V 1015.000000 269.000000 40.000000 40.000000
V 662.000000 415.000000 40.000000 40.000000
V 120.500000 980.000000 30.000000 30.000000
V 900.000000 980.000000 100.000000 80.000000
V 425.500000 980.000000 100.000000 80.000000
E 0 1 215.000000 706.000000 320.500000 706.500000
E 15 0 120.500000 980.000000 215.500000 980.000000 215.000000 706.000000
E 1 2 320.500000 706.500000 320.500000 653.000000 425.000000 653.000000
E 1 3 320.500000 706.500000 320.500000 758.000000 425.000000 758.000000
E 2 4 425.000000 653.000000 517.500000 653.000000 517.500000 415.000000
E 3 17 425.250000 758.000000 425.250000 980.000000
E 4 14 517.500000 415.000000 662.500000 415.500000
E 5 6 711.500000 269.000000 785.500000 269.500000
E 14 5 662.500000 415.500000 662.500000 269.000000
E 6 7 785.500000 269.500000 785.000000 364.000000
E 6 13 785.500000 269.500000 1015.500000 269.500000
E 7 10 785.000000 364.000000 900.500000 364.500000
E 10 8 900.500000 364.500000 900.000000 520.000000
E 8 14 900.000000 520.000000 662.000000 520.000000 662.000000 415.000000
E 8 16 900.000000 520.000000 900.000000 980.000000
E 12 9 1130.000000 269.000000 1229.000000 269.000000
E 10 11 900.500000 364.500000 1015.000000 364.000000
E 11 13 1015.000000 364.000000 1015.500000 269.500000
E 13 12 1015.500000 269.500000 1130.000000 269.000000
G 1018819034.json 20 22
V 185.000000 810.135935 100.000000 80.000000
V 292.000000 926.550689 74.000000 42.000000
V 260.000000 579.611669 100.000000 80.000000
V 360.000000 511.607010 30.000000 42.000000
V 185.000000 684.500210 88.000000 42.000000
V 292.000000 484.520409 74.000000 55.000000
V 425.000000 579.611669 40.000000 40.000000
V 540.000000 533.506816 100.000000 80.000000
V 748.774983 625.257832 100.000000 80.077666
V 135.000000 579.534003 30.000000 30.000000
V 650.000000 533.506816 28.000000 28.000000
V 185.000000 1086.765054 100.000000 80.000000
V 330.000000 1086.765054 100.000000 80.000000
V 469.729990 1045.448988 61.000000 42.000000
V 135.000000 264.867076 30.000000 30.000000
V 997.216360 264.867076 28.000000 28.000000
V 245.000000 264.867076 100.000000 80.000000
V 360.000000 264.867076 30.000000 30.000000
V 650.000000 264.867076 30.000000 30.000000
V 794.149988 264.867076 100.000000 80.000000
E 0 1 185.000000 810.135935 292.000000 926.550689
E 4 0 185.000000 684.500210 185.000000 810.135935
E 6 0 425.500000 580.111669 425.500000 810.135935 185.000000 810.135935
E 0 11 185.000000 810.135935 185.000000 1086.765054
E 3 2 360.000000 511.607010 260.000000 579.611669
E 2 4 260.000000 579.611669 185.000000 684.500210
E 5 2 292.000000 484.520409 260.000000 579.611669
E 2 6 260.000000 579.611669 425.500000 580.111669
E 9 2 135.000000 579.534003 260.000000 579.611669
E 6 7 425.500000 580.111669 425.500000 533.506816 540.000000 533.506816
E 7 10 540.000000 533.506816 650.000000 533.506816
E 12 8 330.000000 1086.765054 748.774983 1086.765054 748.774983 625.257832
E 13 8 469.729990 1045.448988 748.774983 625.257832
E 17 9 360.000000 264.867076 360.000000 422.200539 135.000000 422.200539 135.000000 566.280036
E 10 18 650.000000 533.506816 650.000000 278.459566
E 11 12 185.000000 1086.765054 330.000000 1086.765054
E 12 13 330.000000 1086.765054 469.729990 1045.448988
E 14 16 135.000000 264.867076 245.000000 264.867076
E 19 15 794.149988 264.867076 997.216360 264.867076
E 16 17 245.000000 264.867076 360.000000 264.867076
E 17 18 360.000000 264.867076 650.000000 264.867076
E 18 19 650.000000 264.867076 794.149988 264.867076
G 1019257616.json 20 24
V 75.000000 170.000000 30.000000 30.000000
V 187.076921 170.000000 100.000000 80.000000
V 285.000000 170.000000 40.000000 40.000000
V 445.307009 100.000000 100.000000 80.000000
V 884.537020 230.000000 100.000000 80.000000
V 577.076012 100.000000 100.000000 80.000000
V 766.691018 100.000000 40.000000 40.000000
V 634.922015 230.000000 40.000000 40.000000
V 1016.306023 100.000000 100.000000 80.000000
V 1140.000000 100.000000 100.000000 80.000000
V 1255.000000 100.000000 40.000000 40.000000
V 1370.000000 100.000000 100.000000 80.000000
V 1454.000000 230.000000 28.000000 28.000000
V 1370.000000 230.000000 40.000000 40.000000
V 235.000000 475.000000 100.000000 80.000000
V 115.000000 475.000000 30.000000 30.000000
V 395.000000 475.000000 30.000000 30.000000
V 235.000000 745.000000 100.000000 80.000000
V 115.000000 745.000000 30.000000 30.000000
V 395.000000 745.000000 30.000000 30.000000
E 0 1 75.000000 170.000000 187.076921 170.000000
E 1 2 187.076921 170.000000 285.500000 170.500000
E 2 3 285.500000 170.500000 285.500000 100.000000 445.307009 100.000000
E 2 7 285.500000 170.500000 285.500000 235.000000 620.544085 238.000000
E 3 5 445.307009 100.000000 577.076012 100.000000
E 3 15 439.340310 138.535900 439.340310 370.417312 115.000000 370.417312 115.000000 467.523089
E 7 4 635.422015 230.500000 884.537020 230.000000
E 4 13 884.537020 230.000000 1370.500000 230.500000
E 5 6 577.076012 100.000000 767.191018 100.500000
E 16 5 395.000000 475.000000 577.076012 475.000000 577.076012 100.000000
E 6 7 767.191018 100.500000 767.191018 175.000000 636.766040 175.000000 636.766040 220.508443
E 6 8 767.191018 100.500000 1016.306023 100.000000
E 10 7 1255.500000 100.500000 1255.500000 285.000000 635.422015 285.000000 635.422015 230.500000
E 8 9 1016.306023 100.000000 1140.000000 100.000000
E 8 18 1016.306023 100.000000 1016.306023 620.778402 115.000000 620.778402 115.000000 745.000000
E 9 10 1140.000000 100.000000 1255.500000 100.500000
E 19 9 395.000000 745.000000 1140.000000 745.000000 1140.000000 100.000000
E 10 11 1255.500000 100.500000 1370.000000 100.000000
E 11 13 1370.000000 100.000000 1370.500000 230.500000
E 13 12 1370.500000 230.500000 1454.000000 230.000000
E 15 14 115.000000 475.000000 235.000000 475.000000
E 14 16 235.000000 475.000000 395.000000 475.000000
E 18 17 115.000000 745.000000 235.000000 745.000000
E 17 19 235.000000 745.000000 395.000000 745.000000
G 101967997.json 26 35
V 290.000000 440.000000 100.000000 80.000000
V 290.000000 530.000000 100.000000 80.000000
V 290.000000 620.000000 100.000000 80.000000
V 190.000000 440.000000 40.000000 40.000000
V 290.000000 710.000000 100.000000 80.000000
V 400.000000 440.000000 40.000000 40.000000
V 550.000000 440.000000 40.000000 40.000000
V 665.000000 440.000000 100.000000 80.000000
V 665.000000 530.000000 100.000000 80.000000
V 665.000000 620.000000 100.000000 80.000000
V 665.000000 710.000000 100.000000 80.000000
V 665.000000 800.000000 100.000000 80.000000
V 783.000000 440.000000 40.000000 40.000000
V 1090.000000 440.000000 40.000000 40.000000
V 1325.000000 440.000000 100.000000 80.000000
V 925.000000 440.000000 100.000000 80.000000
V 1444.000000 440.000000 28.000000 28.000000
V 1325.000000 100.000000 100.000000 80.000000
V 1325.000000 268.549995 40.000000 40.000000
V 116.499997 440.000000 30.000000 30.000000
V 1025.849982 440.000000 30.000000 30.000000
V 1227.349979 440.000000 30.000000 30.000000
V 1325.000000 196.499997 30.000000 30.000000
V 1325.000000 341.699995 30.000000 30.000000
V 1227.349979 100.000000 30.000000 30.000000
V 290.000000 800.000000 100.000000 80.000000
E 3 0 190.500000 440.500000 241.000000 440.000000
E 0 5 339.000000 440.000000 400.500000 440.500000
E 3 1 190.500000 440.500000 190.500000 530.000000 241.000000 530.000000
E 1 5 339.000000 530.000000 400.500000 530.000000 400.500000 440.500000
E 3 2 190.500000 440.500000 190.500000 620.000000 241.000000 620.000000
E 2 5 339.000000 620.000000 400.500000 620.000000 400.500000 440.500000
E 3 4 190.500000 440.500000 190.500000 710.000000 241.000000 710.000000
E 19 3 116.499997 440.000000 190.500000 440.500000
E 3 25 190.500000 440.500000 190.500000 800.000000 241.000000 800.000000
E 4 5 339.000000 710.000000 400.500000 710.000000 400.500000 440.500000
E 5 6 400.500000 440.500000 550.500000 440.500000
E 25 5 339.000000 800.000000 400.500000 800.000000 400.500000 440.500000
E 6 7 550.500000 440.500000 616.000000 440.000000
E 6 8 550.500000 440.500000 550.500000 530.000000 616.000000 530.000000
E 6 9 550.500000 440.500000 550.500000 620.000000 616.000000 620.000000
E 6 10 550.500000 440.500000 550.500000 710.000000 616.000000 710.000000
E 6 11 550.500000 440.500000 550.500000 800.000000 616.000000 800.000000
E 7 12 714.000000 440.000000 783.500000 440.500000
E 8 12 714.000000 530.000000 783.500000 530.000000 783.500000 440.500000
E 9 12 714.000000 620.000000 783.500000 620.000000 783.500000 440.500000
E 10 12 714.000000 710.000000 783.500000 710.000000 783.500000 440.500000
E 11 12 714.000000 800.000000 783.500000 800.000000 783.500000 440.500000
E 12 15 783.500000 440.500000 876.000000 440.000000
E 20 13 1025.849982 440.000000 1090.500000 440.500000
E 13 21 1090.500000 440.500000 1227.349979 440.000000
E 13 24 1090.500000 440.500000 1090.500000 100.000000 1227.349979 100.000000
E 14 16 1374.000000 440.000000 1444.000000 440.000000
E 21 14 1227.349979 440.000000 1276.000000 440.000000
E 23 14 1325.000000 341.699995 1325.000000 401.000000
E 15 20 974.000000 440.000000 1025.849982 440.000000
E 17 22 1325.000000 139.000000 1325.000000 196.499997
E 24 17 1227.349979 100.000000 1276.000000 100.000000
E 22 18 1325.000000 196.499997 1325.500000 269.049995
E 18 23 1325.500000 269.049995 1325.000000 341.699995
E 18 24 1325.500000 269.049995 1152.515572 269.049995 1152.515572 100.000000 1227.349979 100.000000
G 1019751893.json 39 43
V 384.000000 301.000000 30.000000 30.000000
V 464.000000 301.000000 40.000000 40.000000
V 579.000000 145.000000 100.000000 80.000000
V 579.000000 465.000000 100.000000 80.000000
V 724.000000 145.000000 100.000000 40.000000
V 839.000000 145.000000 40.000000 40.000000
V 954.000000 80.000000 100.000000 40.000000
V 954.000000 215.000000 100.000000 40.000000
V 1069.000000 215.000000 40.000000 40.000000
V 1324.000000 215.000000 100.000000 40.000000
V 1439.000000 215.000000 40.000000 40.000000
V 1524.000000 80.000000 40.000000 40.000000
V 1639.000000 80.000000 100.000000 80.000000
V 1639.000000 301.000000 28.000000 28.000000
V 724.000000 465.000000 100.000000 40.000000
V 839.000000 465.000000 40.000000 40.000000
V 954.000000 465.000000 100.000000 40.000000
V 1124.000000 399.499989 30.000000 30.000000
V 1259.000000 399.499989 100.000000 40.000000
V 1124.000000 526.499985 30.000000 30.000000
V 839.000000 545.000000 30.000000 30.000000
V 949.000000 545.000000 100.000000 40.000000
V 1454.000000 465.000000 100.000000 40.000000
V 1604.000000 465.000000 100.000000 40.000000
V 1754.000000 465.000000 100.000000 40.000000
V 1179.000000 215.000000 100.000000 40.000000
V 1069.000000 465.000000 40.000000 40.000000
V 1369.909091 399.499989 30.000000 30.000000
V 1214.999973 840.000000 30.000000 30.000000
V 1464.000000 840.000000 28.000000 28.000000
V 1349.000000 840.000000 100.000000 40.000000
V 939.500001 690.000000 30.000000 30.000000
V 1059.000000 690.000000 100.000000 40.000000
V 1206.000000 690.000000 100.000000 40.000000
V 1349.000000 690.000000 100.000000 40.000000
V 1464.000000 690.000000 40.000000 40.000000
V 1574.000000 690.000000 100.000000 40.000000
V 1709.000000 690.000000 100.000000 40.000000
V 1818.000000 690.000000 28.000000 28.000000
E 0 1 384.000000 301.000000 464.500000 301.500000
E 1 2 464.500000 301.500000 464.500000 145.000000 579.000000 145.000000
E 1 3 464.500000 301.500000 464.500000 465.000000 579.000000 465.000000
E 2 4 579.000000 145.000000 724.000000 145.000000
E 3 14 579.000000 465.000000 724.000000 465.000000
E 4 5 724.000000 145.000000 839.500000 145.500000
E 5 6 839.500000 145.500000 839.500000 80.000000 954.000000 80.000000
E 5 7 839.500000 145.500000 839.500000 215.000000 954.000000 215.000000
E 6 11 954.000000 80.000000 1524.000000 80.000000
E 7 8 954.000000 215.000000 1069.500000 215.500000
E 8 25 1069.500000 215.500000 1179.000000 215.000000
E 9 10 1324.000000 215.000000 1439.500000 215.500000
E 25 9 1179.000000 215.000000 1324.000000 215.000000
E 10 11 1439.500000 215.500000 1524.500000 215.500000 1524.500000 80.500000
E 11 12 1524.500000 80.500000 1639.000000 80.000000
E 12 13 1639.000000 80.000000 1639.000000 301.000000
E 24 13 1754.000000 465.000000 1754.000000 301.000000 1639.000000 301.000000
E 14 15 724.000000 465.000000 839.500000 465.500000
E 15 16 839.500000 465.500000 954.000000 465.000000
E 15 20 839.500000 465.500000 839.000000 545.000000
E 16 26 954.000000 465.000000 1069.500000 465.500000
E 17 18 1124.000000 399.499989 1259.000000 399.499989
E 26 17 1069.500000 465.500000 1069.500000 399.499989 1124.000000 399.499989
E 18 27 1259.000000 399.499989 1369.909091 399.499989
E 18 28 1234.000000 399.499989 1234.000000 622.249994 1271.000000 622.249994 1271.000000 802.000000 1214.999973 802.000000 1214.999973 840.000000
E 19 22 1124.000000 526.499985 1271.500000 526.499985 1271.500000 465.000000 1454.000000 465.000000
E 26 19 1069.500000 465.500000 1069.500000 526.499985 1124.000000 526.499985
E 27 19 1369.909091 399.499989 1369.909091 437.000000 1124.000000 437.000000 1124.000000 526.499985
E 36 19 1574.000000 690.000000 1572.900024 653.400024 1574.000000 605.763666 1124.000000 605.763666 1124.000000 526.499985
E 20 21 839.000000 545.000000 949.000000 545.000000
E 21 31 939.500001 545.000000 939.500001 690.000000
E 22 37 1454.000000 465.000000 1454.000000 593.000000 1636.000000 593.000000 1636.000000 690.000000 1709.000000 690.000000
E 23 24 1604.000000 465.000000 1754.000000 465.000000
E 37 23 1709.000000 671.000000 1709.000000 584.000000 1604.000000 584.000000 1604.000000 465.000000
E 29 27 1464.000000 840.000000 1495.900001 840.000000 1495.900001 541.199989 1525.000000 541.199989 1525.000000 399.499989 1369.909091 399.499989
E 28 30 1214.999973 840.000000 1349.000000 840.000000
E 30 29 1349.000000 840.000000 1464.000000 840.000000
E 31 32 939.500001 690.000000 1059.000000 690.000000
E 32 33 1059.000000 690.000000 1206.000000 690.000000
E 33 34 1206.000000 690.000000 1349.000000 690.000000
E 34 35 1349.000000 690.000000 1464.500000 690.500000
E 35 36 1464.500000 690.500000 1574.000000 690.000000
E 37 38 1709.000000 690.000000 1818.000000 690.000000
G 1020655397.json 17 19
V 995.000000 105.000000 100.000000 80.000000
V 626.500000 105.000000 113.000000 80.000000
V 363.000000 351.000000 100.000000 40.000000
V 485.000000 351.000000 40.000000 40.000000
V 605.000000 351.000000 100.000000 54.000000
V 1199.000000 351.000000 28.000000 28.000000
V 210.000000 225.000000 30.000000 30.000000
V 288.000000 225.000000 40.000000 40.000000
V 455.000000 225.000000 125.000000 40.000000
V 1040.000000 225.000000 100.000000 40.000000
V 1199.000000 225.000000 125.000000 60.000000
V 303.000000 486.000000 100.000000 80.000000
V 920.000000 486.000000 100.000000 66.000000
V 575.000000 486.000000 100.000000 66.000000
V 748.000000 486.000000 100.000000 66.000000
V 1040.000000 648.000000 100.000000 80.000000
V 302.500000 648.000000 125.000000 66.000000
E 1 0 626.500000 105.000000 995.000000 105.000000
E 0 13 995.000000 105.000000 697.531836 384.214564 586.000000 484.000000
E 4 1 626.500000 356.000000 626.500000 105.000000
E 2 3 363.000000 351.000000 485.500000 351.500000
E 7 2 288.500000 225.500000 363.000000 351.000000
E 3 4 485.500000 351.500000 555.884956 351.000000
E 8 3 455.000000 238.000000 455.000000 288.000000 485.500000 288.000000 485.500000 350.000000
E 11 3 303.000000 486.000000 485.500000 351.500000
E 16 3 302.500000 648.000000 485.500000 351.500000
E 10 5 1199.000000 225.000000 1199.000000 351.000000
E 6 7 210.000000 225.000000 288.500000 225.500000
E 7 8 288.500000 225.500000 455.000000 225.000000
E 7 11 288.500000 225.500000 288.500000 345.500000 303.000000 345.500000 303.000000 447.000000
E 7 16 288.500000 225.500000 199.000000 426.500000 302.500000 648.000000
E 9 10 1040.000000 225.000000 1199.000000 225.000000
E 15 9 1040.000000 648.000000 1040.000000 548.000000 1026.000000 233.000000
E 14 12 748.000000 486.000000 920.000000 486.000000
E 12 15 920.000000 486.000000 1040.000000 648.000000
E 13 14 575.000000 486.000000 748.000000 486.000000
G 1020904348.json 31 34
V 35.000000 365.000000 30.000000 30.000000
V 375.000000 365.000000 150.000000 140.000000
V 640.000000 575.000000 150.000000 140.000000
V 375.000000 255.000000 28.375000 20.500000
V 375.000000 480.250000 28.375000 20.500000
V 640.000000 465.000000 28.375000 20.500000
V 640.000000 680.250000 28.375000 20.500000
V 750.000000 365.000000 40.000000 40.000000
V 525.000000 365.000000 40.000000 40.000000
V 1010.000000 714.750000 150.000000 140.000000
V 860.000000 565.000000 40.000000 40.000000
V 1010.000000 404.500000 150.000000 140.000000
V 1010.000000 300.000000 28.375000 20.500000
V 1010.000000 600.000000 28.375000 20.500000
V 1150.000000 404.750000 40.000000 40.000000
V 1269.812500 529.750000 150.000000 140.000000
V 1270.000000 404.750000 28.375000 20.500000
V 1485.000000 529.750000 150.000000 140.000000
V 1485.000000 424.750000 28.375000 20.500000
V 1484.812500 640.000000 28.375000 20.500000
V 1620.000000 529.750000 40.000000 40.000000
V 1010.000000 834.750000 28.375000 20.500000
V 1710.000000 529.750000 40.000000 40.000000
V 2055.000000 529.750000 150.000000 140.000000
V 2055.000000 415.000000 28.375000 20.500000
V 2189.000000 529.750000 28.000000 28.000000
V 175.000000 365.000000 150.000000 140.000000
V 175.000000 254.750000 28.375000 20.500000
V 1009.812500 514.750000 28.375000 20.500000
V 1854.812500 529.750000 150.000000 140.000000
V 1854.812500 414.750000 28.375000 20.500000
E 0 26 35.000000 365.000000 108.963659 365.000000
U 3 1 373.962500 254.000000 375.000000 365.000000
U 4 1 373.962500 479.250000 375.000000 365.000000
E 1 8 375.000000 365.000000 525.500000 365.500000
E 26 1 225.000000 365.000000 375.000000 365.000000
U 5 2 638.962500 464.000000 640.000000 575.000000
U 6 2 638.962500 679.250000 640.000000 575.000000
E 2 7 640.000000 575.000000 750.500000 575.000000 750.500000 365.500000
E 8 2 525.500000 365.500000 525.500000 575.000000 640.000000 575.000000
E 8 7 525.500000 365.500000 750.500000 365.500000
E 7 10 761.000000 365.500000 805.000000 365.500000 805.000000 565.500000 860.500000 565.500000
E 7 22 750.500000 365.500000 750.500000 218.000000 1710.500000 218.000000 1710.500000 530.250000
E 10 9 860.500000 565.500000 860.500000 714.750000 936.000000 714.750000
U 9 13 1010.000000 714.750000 1008.962500 599.000000
U 9 21 1010.000000 714.750000 1008.962500 833.750000
E 9 22 1010.000000 714.750000 1710.500000 714.750000 1710.500000 530.250000
E 10 11 860.500000 565.500000 860.500000 404.500000 1010.000000 404.500000
U 11 12 1010.000000 404.500000 1008.962500 299.000000
E 11 14 1010.000000 404.500000 1150.500000 405.250000
U 11 28 1010.000000 404.500000 1008.775000 513.750000
E 14 15 1150.500000 405.250000 1150.500000 529.750000 1269.812500 529.750000
E 14 20 1150.500000 405.250000 1150.500000 300.000000 1620.500000 300.000000 1620.500000 530.250000
U 15 16 1269.812500 529.750000 1268.962500 403.750000
E 15 17 1269.812500 529.750000 1485.000000 529.750000
U 17 18 1485.000000 529.750000 1483.962500 423.750000
U 17 19 1485.000000 529.750000 1483.775000 639.000000
E 17 20 1485.000000 529.750000 1620.500000 530.250000
E 20 22 1620.500000 530.250000 1710.500000 530.250000
E 22 29 1710.500000 530.250000 1837.000000 530.250000
U 23 24 2055.000000 529.750000 2053.962500 414.000000
E 23 25 2055.000000 529.750000 2189.000000 529.750000
E 29 23 1854.812500 529.750000 2055.000000 529.750000
U 27 26 173.962500 253.750000 175.000000 365.000000
U 29 30 1854.812500 529.750000 1853.775000 413.750000
G 1021091398.json 29 36
V 65.000000 88.000000 30.000000 30.000000
V 597.500000 113.973000 63.875000 57.946000
V 283.500000 88.000000 197.000000 80.000000
V 680.924500 65.948500 51.849000 51.897000
V 283.000000 170.000000 40.000000 40.000000
V 282.500000 421.000000 115.000000 80.000000
V 695.000000 421.000000 100.000000 80.000000
V 497.000000 421.000000 100.000000 80.000000
V 824.000000 421.000000 88.000000 97.000000
V 497.000000 296.948500 51.849000 51.897000
V 482.500000 647.500000 100.000000 80.000000
V 283.000000 647.500000 100.000000 80.000000
V 164.000000 647.500000 88.000000 97.000000
V 223.500000 814.500000 141.000000 80.000000
V 535.924500 786.948500 51.849000 51.897000
V 873.500000 814.551500 127.000000 80.000000
V 673.500000 1069.051500 127.000000 80.000000
V 223.000000 1069.000000 100.000000 80.000000
V 447.000000 936.948500 51.849000 51.897000
V 440.000000 1066.000000 40.000000 40.000000
V 800.000000 979.250000 87.924500 68.500000
V 223.000000 1276.000000 51.849000 51.897000
V 447.000000 1256.000000 264.000000 80.000000
V 480.000000 1491.948500 51.849000 51.897000
V 800.000000 1406.051500 100.000000 80.000000
V 482.000000 1406.051500 100.000000 80.000000
V 245.000000 1406.051500 100.000000 80.000000
V 74.000000 1406.051500 28.000000 28.000000
V 245.000000 1502.801500 87.924500 74.397000
E 0 2 65.000000 88.000000 283.500000 88.000000
U 2 1 283.500000 88.000000 597.500000 113.973000
U 2 3 283.500000 88.000000 680.924500 65.948500
E 2 4 283.500000 88.000000 283.500000 170.500000
E 4 5 283.500000 170.500000 283.500000 421.000000
E 4 22 283.500000 170.500000 68.000000 170.500000 68.000000 1236.000000 447.000000 1236.000000
E 5 7 282.500000 421.000000 458.000000 421.000000
U 5 9 282.500000 421.000000 497.000000 296.948500
E 7 6 497.000000 421.000000 695.000000 421.000000
E 6 8 695.000000 421.000000 824.000000 421.000000
U 9 6 497.000000 296.948500 695.000000 421.000000
E 6 11 695.000000 421.000000 695.000000 511.000000 283.000000 511.000000 283.000000 647.500000
U 9 7 497.000000 296.948500 497.000000 421.000000
E 11 10 283.000000 648.000000 482.500000 648.000000
E 10 13 482.500000 647.500000 482.500000 737.000000 203.000000 737.000000 203.000000 814.500000
E 11 12 283.000000 647.500000 164.000000 647.500000
U 13 14 223.500000 814.500000 535.924500 786.948500
E 13 17 223.000000 814.500000 223.000000 1069.000000
U 14 15 535.924500 786.948500 602.000000 787.333333 811.270000 787.333333
E 16 15 673.500000 1069.051500 673.500000 827.884833 860.000000 827.884833
E 15 24 873.500000 814.551500 873.500000 1406.051500 800.000000 1406.051500
U 18 16 447.000000 936.948500 673.500000 1069.051500
E 19 16 440.500000 1066.500000 673.500000 1066.500000
E 16 20 673.500000 1069.051500 800.000000 979.250000
E 22 16 447.000000 1256.000000 673.500000 1256.000000 673.500000 1069.051500
U 18 17 447.000000 936.948500 223.000000 1069.000000
E 17 19 223.000000 1066.500000 440.500000 1066.500000
E 19 22 440.500000 1066.500000 440.500000 1256.000000
U 22 21 447.000000 1256.000000 223.000000 1276.000000
U 24 23 800.000000 1406.051500 480.000000 1491.948500
U 25 23 482.000000 1406.051500 480.000000 1491.948500
U 26 23 245.000000 1406.051500 480.000000 1491.948500
E 24 25 800.000000 1406.051500 482.000000 1406.051500
E 25 26 482.000000 1406.051500 245.000000 1406.051500
E 26 27 245.000000 1406.051500 74.000000 1406.051500
E 26 28 245.000000 1406.051500 245.000000 1502.801500
G 102147676.json 15 15
V 75.000000 125.000000 30.000000 30.000000
V 185.000000 125.000000 100.000000 80.000000
V 294.000000 125.000000 28.000000 28.000000
V 185.000000 380.000000 30.000000 30.000000
V 295.000000 380.000000 100.000000 80.000000
V 295.000000 600.000000 30.000000 30.000000
V 375.000000 600.000000 30.000000 30.000000
V 485.000000 600.000000 100.000000 80.000000
V 485.000500 705.086500 62.001000 60.173000
V 595.000000 600.000000 30.000000 30.000000
V 705.000000 600.000000 100.000000 80.000000
V 845.000000 600.000000 30.000000 30.000000
V 919.000000 600.000000 28.000000 28.000000
V 705.000000 880.000000 30.000000 30.000000
V 845.000000 880.000000 100.000000 80.000000
E 0 1 75.000000 125.000000 185.000000 125.000000
E 1 2 185.000000 125.000000 294.000000 125.000000
E 1 3 185.000000 125.000000 185.000000 385.000000
E 3 4 185.000000 380.000000 295.000000 380.000000
E 4 5 295.000000 380.000000 295.000000 600.000000
E 5 6 295.000000 600.000000 375.000000 600.000000
E 6 7 375.000000 600.000000 485.000000 600.000000
U 7 8 485.000000 600.000000 484.575500 704.924500
E 7 9 485.000000 600.000000 595.000000 600.000000
E 9 10 595.000000 600.000000 705.000000 600.000000
E 10 11 705.000000 600.000000 845.000000 600.000000
E 10 13 705.000000 600.000000 705.000000 880.000000
E 11 12 845.000000 600.000000 919.000000 600.000000
E 14 11 845.000000 880.000000 845.000000 600.000000
E 13 14 705.000000 880.000000 845.000000 880.000000
G 1021525987.json 39 43
V 1232.500000 922.000000 100.000000 80.000000
V 1116.500000 477.500000 100.000000 80.000000
V 1350.000000 477.500000 100.000000 80.000000
V 1470.000000 477.500000 100.000000 80.000000
V 1056.500000 554.250000 88.000000 48.500000
V 1470.000000 374.250000 88.000000 48.500000
V 207.000000 477.500000 100.000000 80.000000
V 117.000000 477.500000 30.000000 30.000000
V 330.000000 477.500000 100.000000 80.000000
V 509.000000 477.500000 100.000000 80.000000
V 632.500000 477.500000 100.000000 80.000000
V 759.000000 477.500000 100.000000 80.000000
V 950.257748 477.500000 100.000000 80.000000
V 1232.500000 477.500000 100.000000 80.000000
V 825.000000 553.750000 88.000000 48.500000
V 632.500000 553.500000 88.000000 48.500000
V 509.000000 554.000000 88.000000 48.500000
V 330.000000 553.250000 88.000000 48.500000
V 209.000000 554.000000 88.000000 48.500000
V 1296.500000 553.750000 88.000000 48.500000
V 421.020661 477.750000 30.000000 30.000000
V 1030.386622 477.750000 30.000000 30.000000
V 1555.289966 477.750000 30.000000 30.000000
V 1650.000000 477.750000 100.000000 80.000000
V 1739.000000 478.125000 28.000000 28.000000
V 760.000000 710.000000 100.000000 80.000000
V 875.515496 710.000000 30.000000 30.000000
V 116.694215 150.165289 30.000000 30.000000
V 206.694215 150.165289 100.000000 80.000000
V 331.694215 150.165289 100.000000 80.000000
V 421.020661 150.497934 30.000000 30.000000
V 511.020661 150.497934 100.000000 80.000000
V 875.515496 150.996901 30.000000 30.000000
V 950.257748 150.996901 100.000000 80.000000
V 1030.386622 151.245351 30.000000 30.000000
V 1300.386622 151.245351 100.000000 80.000000
V 1555.289966 151.618027 30.000000 30.000000
V 1645.289966 151.618027 100.000000 80.000000
V 1734.289966 151.618027 28.000000 28.000000
E 0 2 1232.500000 922.000000 1350.000000 922.000000 1350.000000 477.500000
E 13 0 1232.500000 477.500000 1232.500000 922.000000
E 4 1 1056.500000 554.250000 1116.500000 477.500000
E 1 13 1116.500000 477.500000 1232.500000 477.500000
E 21 1 1030.386622 477.750000 1116.500000 477.500000
E 2 3 1350.000000 477.500000 1470.000000 477.500000
E 2 19 1350.000000 477.500000 1296.500000 553.750000
E 3 5 1471.000000 491.556604 1470.000000 374.250000
E 3 22 1470.000000 477.500000 1555.289966 478.004237
E 7 6 117.000000 477.500000 207.000000 477.500000
E 6 8 207.000000 477.500000 330.000000 477.500000
E 6 18 207.000000 477.500000 209.000000 554.000000
E 17 8 330.000000 553.250000 330.000000 477.500000
E 8 20 330.000000 477.500000 421.020661 478.004237
E 9 10 509.000000 477.500000 632.500000 477.500000
E 9 16 509.000000 477.500000 509.000000 554.000000
E 20 9 421.020661 477.750000 509.000000 477.500000
E 10 11 632.500000 477.500000 759.000000 477.500000
E 10 15 632.500000 477.500000 632.500000 553.500000
E 11 14 759.000000 477.500000 825.000000 553.750000
E 11 25 759.000000 477.500000 759.000000 593.750000 760.000000 593.750000 760.000000 710.000000
E 12 21 950.257748 477.500000 1030.386622 478.004237
E 26 12 875.515496 710.000000 950.257748 710.000000 950.257748 477.500000
E 13 19 1232.500000 477.500000 1296.500000 553.750000
E 14 25 825.000000 553.750000 760.000000 710.000000
E 30 20 421.020661 150.497934 421.020661 477.750000
E 34 21 1030.386622 151.245351 1030.386622 477.750000
E 22 23 1555.289966 477.750000 1650.000000 477.750000
E 22 36 1555.289966 477.750000 1555.289966 151.618027
E 23 24 1650.000000 477.750000 1739.000000 478.510321
E 25 26 760.000000 710.000000 875.515496 710.000000
E 26 32 875.515496 710.000000 875.515496 150.996901
E 27 28 116.694215 150.165289 206.694215 150.165289
E 28 29 206.694215 150.165289 331.694215 150.165289
E 29 30 331.694215 150.165289 421.375991 150.838123
E 30 31 421.020661 150.497934 511.020661 150.497934
E 31 32 511.020661 150.497934 593.525826 150.497934 593.525826 151.513037 875.525834 151.513037
E 32 33 875.515496 150.996901 950.257748 150.996901
E 33 34 950.257748 150.996901 1030.648876 151.497986
E 34 35 1030.386622 151.245351 1300.386622 151.245351
E 35 36 1300.386622 151.245351 1555.485801 152.000198
E 36 37 1555.289966 151.618027 1645.289966 151.618027
E 37 38 1645.289966 151.618027 1734.289966 151.618027
G 1021591858.json 15 16
V 135.000000 215.000000 30.000000 30.000000
V 215.000000 215.000000 40.000000 40.000000
V 330.000000 145.000000 100.000000 80.000000
V 330.000000 280.000000 100.000000 80.000000
V 640.000000 215.000000 40.000000 40.000000
V 719.000000 215.000000 28.000000 28.000000
V 330.000000 515.000000 30.000000 30.000000
V 410.000000 515.000000 40.000000 40.000000
V 525.000000 445.000000 100.000000 80.000000
V 525.000000 565.000000 100.000000 80.000000
V 649.000000 669.000000 88.000000 68.000000
V 640.000000 515.000000 40.000000 40.000000
V 719.000000 515.000000 28.000000 28.000000
V 449.000000 669.000000 88.000000 68.000000
V 554.000000 669.000000 88.000000 68.000000
E 0 1 135.000000 215.000000 215.500000 215.500000
E 1 2 215.500000 215.500000 215.500000 145.000000 330.000000 145.000000
E 1 3 215.500000 215.500000 215.500000 280.000000 330.000000 280.000000
E 2 4 330.000000 145.000000 640.500000 145.000000 640.500000 215.500000
E 3 4 330.000000 280.000000 640.500000 280.000000 640.500000 215.500000
E 3 6 330.000000 280.000000 330.000000 523.000000
E 4 5 640.500000 215.500000 719.000000 215.000000
E 6 7 330.000000 515.000000 410.500000 515.500000
E 7 8 410.500000 515.500000 410.500000 445.000000 525.000000 445.000000
E 7 9 410.500000 515.500000 410.500000 565.000000 525.000000 565.000000
E 8 11 525.000000 445.000000 640.500000 445.000000 640.500000 515.500000
E 9 10 525.000000 565.000000 649.000000 669.000000
E 9 11 525.000000 565.000000 640.500000 565.000000 640.500000 515.500000
E 9 13 525.000000 565.000000 449.000000 669.000000
E 9 14 525.000000 565.000000 554.000000 669.000000
E 11 12 640.500000 515.500000 719.000000 515.000000
G 1021648949.json 36 40
V 170.000000 150.000000 30.000000 30.000000
V 395.000000 150.000000 100.000000 80.000000
V 555.000000 150.000000 40.000000 40.000000
V 757.000000 220.000000 100.000000 80.000000
V 650.000000 115.000000 100.000000 80.000000
V 795.000000 115.000000 28.000000 28.000000
V 935.000000 220.000000 100.000000 80.000000
V 1055.000000 220.000000 40.000000 40.000000
V 1055.000000 115.000000 100.000000 80.000000
V 1184.000000 115.000000 28.000000 28.000000
V 1220.000000 220.000000 100.000000 80.000000
V 230.000000 431.000000 100.000000 80.000000
V 425.000000 431.000000 100.000000 80.000000
V 555.000000 431.000000 30.000000 30.000000
V 680.000000 431.000000 100.000000 80.000000
V 90.000000 431.000000 30.000000 30.000000
V 795.000000 431.000000 40.000000 40.000000
V 910.000000 490.000000 100.000000 80.000000
V 910.000000 370.000000 100.000000 80.000000
V 1325.000000 490.000000 100.000000 80.000000
V 1049.000000 370.000000 28.000000 28.000000
V 1110.000000 490.000000 100.000000 80.000000
V 1220.000000 490.000000 30.000000 30.000000
V 1020.000000 490.000000 30.000000 30.000000
V 170.000000 695.000000 100.000000 80.000000
V 320.000000 695.000000 100.000000 80.000000
V 75.000000 695.000000 30.000000 30.000000
V 465.000000 695.000000 100.000000 80.000000
V 610.000000 695.000000 100.000000 80.000000
V 725.000000 695.000000 40.000000 40.000000
V 840.000000 695.000000 100.000000 80.000000
V 1049.000000 695.000000 100.000000 80.000000
V 1250.000000 695.000000 100.000000 80.000000
V 1364.000000 695.000000 28.000000 28.000000
V 1155.000000 695.000000 30.000000 30.000000
V 935.000000 695.000000 30.000000 30.000000
E 0 1 170.000000 150.000000 395.000000 150.000000
E 21 0 1111.500000 460.000000 1093.500000 335.000000 618.500000 246.000000 170.000000 165.000000
E 1 2 395.000000 150.000000 555.500000 150.500000
E 2 3 555.500000 150.500000 555.500000 220.000000 757.000000 220.000000
E 2 4 555.500000 150.500000 555.500000 115.000000 650.000000 115.000000
E 3 6 757.000000 220.000000 935.000000 220.000000
E 4 5 650.000000 115.000000 795.000000 115.000000
E 6 7 935.000000 220.000000 1055.500000 220.500000
E 7 8 1055.500000 220.500000 1055.000000 115.000000
E 7 10 1055.500000 220.500000 1220.000000 220.000000
E 8 9 1055.000000 115.000000 1184.000000 115.000000
E 10 22 1234.500000 199.000000 1220.000000 490.000000
E 11 12 230.000000 431.000000 425.000000 431.000000
E 12 13 425.000000 431.000000 555.000000 431.000000
E 13 14 555.000000 431.000000 680.000000 431.000000
E 30 13 845.500000 668.000000 845.500000 550.500000 555.000000 550.500000 555.000000 431.000000
E 14 16 680.000000 431.000000 795.500000 431.500000
E 28 15 602.500000 695.000000 196.500000 529.000000 95.500000 431.000000
E 16 17 795.500000 431.500000 795.500000 490.000000 910.000000 490.000000
E 16 18 795.500000 431.500000 795.500000 370.000000 910.000000 370.000000
E 17 23 910.000000 490.000000 1020.000000 490.000000
E 17 35 921.500000 509.000000 935.000000 695.000000
E 18 20 910.000000 370.000000 1049.000000 370.000000
E 22 19 1220.000000 490.000000 1325.000000 490.000000
E 19 34 1354.500000 515.000000 1354.500000 605.000000 1155.000000 605.000000 1155.000000 695.000000
E 21 22 1110.000000 490.000000 1220.000000 490.000000
E 23 21 1020.000000 490.000000 1110.000000 490.000000
E 31 23 1045.500000 672.000000 1020.000000 490.000000
E 24 25 170.000000 695.000000 320.000000 695.000000
E 26 24 75.000000 695.000000 170.000000 695.000000
E 25 27 320.000000 695.000000 465.000000 695.000000
E 29 25 725.500000 695.500000 548.500000 855.000000 320.000000 695.000000
E 27 28 465.000000 695.000000 610.000000 695.000000
E 28 29 610.000000 695.000000 725.500000 695.500000
E 29 30 725.500000 695.500000 840.000000 695.000000
E 30 35 840.000000 695.000000 935.000000 695.000000
E 31 34 1049.000000 695.000000 1155.000000 695.000000
E 35 31 935.000000 695.000000 1049.000000 695.000000
E 32 33 1250.000000 695.000000 1364.000000 695.000000
E 34 32 1155.000000 695.000000 1250.000000 695.000000
G 1022728001.json 26 28
V 1049.000000 650.973460 100.000000 80.000000
V 1155.409567 650.973460 40.000000 40.000000
V 1306.197819 739.322101 100.000000 80.000000
V 1405.000000 736.022363 40.000000 40.000000
V 1508.052550 806.331093 116.105100 80.000000
V 1647.947450 806.331093 100.000000 80.000000
V 2224.346183 736.022363 40.000000 40.000000
V 1270.197819 569.625958 28.000000 28.000000
V 210.000000 650.973460 30.000000 30.000000
V 315.734154 650.973460 100.000000 80.000000
V 655.000000 865.110999 30.000000 30.000000
V 777.692082 865.110999 100.000000 80.000000
V 953.076613 865.110999 100.000000 80.000000
V 655.000000 650.973460 40.000000 40.000000
V 953.076613 650.973460 40.000000 40.000000
V 484.837707 650.973460 100.000000 80.000000
V 2340.000000 736.022363 30.000000 30.000000
V 1648.000000 1090.694901 116.105100 80.000000
V 1755.000000 1090.694901 40.000000 40.000000
V 1996.004573 1132.922680 115.990855 80.000000
V 1996.000000 1029.121144 115.990855 80.000000
V 2105.873232 1090.694901 40.000000 40.000000
V 2224.451283 1090.694901 132.210201 80.000000
V 1869.304530 1029.121144 30.000000 30.000000
V 1869.304530 1132.922680 30.000000 30.000000
V 1647.947450 960.000000 30.000000 30.000000
E 0 1 1049.000000 650.973460 1155.909567 651.473460
E 14 0 953.576613 651.473460 1049.000000 650.973460
E 1 2 1155.909567 651.473460 1155.909567 739.322101 1306.197819 739.322101
E 1 7 1155.409567 650.973460 1155.409567 569.625958 1270.197819 569.625958
E 2 3 1306.197819 739.322101 1380.598909 739.322101 1405.500000 736.522363
E 3 4 1405.500000 736.522363 1405.500000 806.331093 1508.052550 806.331093
E 3 6 1405.500000 736.522363 2224.346183 736.022363
E 4 5 1508.052550 806.331093 1647.947450 806.331093
E 5 25 1647.947450 806.331093 1647.947450 960.000000
E 6 16 2224.846183 736.522363 2340.000000 736.022363
E 22 6 2224.451283 1090.694901 2224.346183 736.022363
E 8 9 210.000000 650.973460 315.734154 650.973460
E 9 15 315.734154 650.973460 484.837707 650.973460
E 10 11 655.000000 865.110999 777.692082 865.110999
E 13 10 655.500000 651.473460 655.000000 865.110999
E 11 12 777.692082 865.110999 953.076613 865.110999
E 12 14 953.076613 865.110999 953.576613 651.473460
E 13 14 655.500000 651.473460 953.076613 650.973460
E 15 13 484.837707 650.973460 655.000000 650.973460
E 17 18 1648.000000 1090.694901 1755.500000 1091.194901
E 25 17 1647.947450 960.000000 1648.000000 1090.694901
E 18 23 1755.500000 1091.194901 1755.500000 1029.121144 1869.304530 1029.121144
E 18 24 1755.500000 1091.194901 1755.500000 1132.922680 1869.304530 1132.922680
E 19 21 1996.004573 1132.922680 2105.873232 1132.922680 2105.873232 1090.694901
E 24 19 1869.304530 1132.922680 1996.004573 1132.922680
E 20 21 1996.000000 1029.121144 2106.373232 1029.121144 2106.373232 1091.194901
E 23 20 1869.304530 1029.121144 1996.000000 1029.121144
E 21 22 2106.373232 1091.194901 2224.451283 1090.694901
G 102300656.json 26 34
V 115.000000 300.000000 30.000000 30.000000
V 495.000000 300.000000 100.000000 80.000000
V 595.000000 300.000000 40.000000 40.000000
V 785.000000 300.000000 100.000000 80.000000
V 785.000000 429.000000 100.000000 80.000000
V 1520.000000 420.000000 100.000000 80.000000
V 1670.000000 420.000000 100.000000 80.000000
V 1805.000000 420.000000 40.000000 40.000000
V 1900.000000 480.000000 100.000000 80.000000
V 2054.000000 280.000000 28.000000 28.000000
V 1914.000000 570.000000 100.000000 50.000000
V 224.937500 428.973000 63.875000 57.946000
V 235.000500 540.500000 214.001000 71.000000
V 1080.000000 295.000000 100.000000 80.000000
V 1289.000000 295.000000 28.000000 28.000000
V 930.000000 300.000000 100.000000 80.000000
V 225.000000 300.000000 100.000000 80.000000
V 1914.000000 280.000000 100.000000 80.000000
V 375.000000 300.000000 100.000000 80.000000
V 765.000000 725.000000 100.000000 80.000000
V 1520.000000 725.000000 100.000000 80.000000
V 1135.000000 725.000000 100.000000 80.000000
V 1320.000000 725.000000 100.000000 80.000000
V 1831.937500 724.973000 63.875000 57.946000
V 1575.000000 117.000000 100.000000 44.000000
V 1719.000000 128.000000 100.000000 44.000000
E 0 16 115.000000 300.000000 225.000000 300.000000
E 1 2 495.000000 300.000000 583.000000 300.000000
U 11 1 224.937500 428.973000 481.000000 433.000000 495.000000 339.000000
E 18 1 424.000000 300.000000 452.000000 300.000000
E 2 3 595.500000 301.000000 785.000000 301.000000
E 2 4 595.000000 300.000000 595.000000 429.000000 785.000000 429.000000
U 11 3 224.937500 428.973000 785.000000 300.000000
E 3 15 834.000000 300.000000 893.000000 300.000000
U 11 4 224.937500 428.973000 767.000000 448.973000
E 4 19 766.000000 461.000000 766.000000 577.000000 765.000000 577.000000 765.000000 725.000000
E 5 6 1520.000000 420.000000 1670.000000 420.000000
E 20 5 1520.000000 703.372360 1520.000000 459.000000
E 5 24 1547.500000 381.000000 1547.500000 135.000000
E 6 7 1670.000000 420.000000 1805.500000 420.500000
E 25 6 1694.500000 144.000000 1694.500000 382.896536
E 7 8 1805.500000 420.500000 1805.500000 560.000000 1900.000000 480.000000
E 7 17 1805.000000 420.000000 1805.000000 360.000000 1865.000000 280.000000
U 8 10 1900.000000 480.000000 1865.000000 569.000000
E 8 19 1900.000000 519.000000 1900.000000 787.000000 803.000000 787.000000 803.000000 762.000000
E 17 9 1914.000000 280.000000 2054.000000 280.000000
U 11 12 224.937500 428.973000 130.140010 539.080000
U 11 13 224.937500 428.973000 404.000000 540.000000 1080.000000 540.000000 1080.000000 334.000000
U 11 16 222.000000 409.000000 225.000000 339.000000
U 11 18 224.937500 428.973000 375.000000 300.000000
E 13 14 1080.000000 295.000000 1289.000000 295.000000
E 15 13 979.000000 300.000000 1040.000000 299.000000
E 16 18 274.000000 300.000000 326.000000 300.000000
U 17 23 1957.000000 317.000000 1957.000000 804.973000 1831.937500 724.973000
E 19 21 765.000000 725.000000 1135.000000 725.000000
U 19 23 765.000000 725.000000 765.000000 815.000000 1831.937500 815.000000 1831.937500 724.973000
E 22 20 1369.000000 725.000000 1471.000000 725.000000
U 20 23 1569.000000 725.000000 1831.937500 724.973000
E 21 22 1135.000000 725.000000 1320.000000 725.000000
E 24 25 1624.000000 117.000000 1680.000000 117.000000
G 1023113524.json 20 20
V 388.065499 562.909193 241.383532 100.000000
V 289.747472 570.282828 30.000000 30.000000
V 392.424238 571.292929 100.000000 42.658697
V 487.000000 571.292929 28.000000 28.000000
V 552.000000 562.909193 28.000000 28.000000
V 1014.000000 517.000000 101.000000 44.000000
V 638.792878 273.282880 1011.605958 210.505153
V 799.424235 423.000000 114.000000 38.000000
V 120.000000 764.449292 30.000000 30.000000
V 214.000000 764.449292 98.000000 54.000000
V 587.000000 847.282625 86.000000 34.000000
V 481.500000 764.615958 387.000000 100.000000
V 318.000000 764.449292 30.000000 30.000000
V 638.989899 764.449292 28.000000 28.000000
V 479.989899 764.615958 175.000000 40.000000
V 463.000000 880.333333 92.000000 52.000000
V 552.000000 651.333333 101.000000 44.000000
V 317.000000 1002.282625 474.000000 141.000000
V 419.974798 1104.929336 104.030202 35.858688
V 460.404036 907.282625 106.070703 28.787981
E 0 4 388.065499 562.909193 552.000000 562.909193
E 6 0 1104.050506 354.605255 1104.050506 478.787870 218.181817 478.787870 218.181817 562.909193 388.065499 562.909193
U 0 19 388.065499 562.909193 408.429392 906.706865
E 1 2 289.747472 570.282828 392.424238 571.292929
E 2 3 392.424238 571.292929 487.000000 571.292929
E 5 2 1014.000000 517.000000 392.424238 517.000000 392.424238 571.292929
E 6 5 1013.000000 367.670286 1014.000000 517.000000
U 6 7 638.792878 273.282880 743.564235 422.240000
E 17 6 117.636401 1019.521242 97.000000 765.854575 146.636401 369.140885
E 8 9 120.000000 764.449292 214.000000 764.449292
E 9 11 214.000000 764.449292 481.500000 764.615958
E 9 15 214.000000 764.449292 214.000000 1106.000000 463.000000 880.333333
U 10 11 544.843137 846.602625 481.500000 764.615958
E 11 17 481.500000 764.615958 707.000000 990.282625 707.000000 931.282625 347.000000 931.282625 317.000000 1002.282625
E 12 14 318.000000 764.449292 479.989899 764.615958
E 14 13 479.989899 764.615958 638.989899 764.449292
E 15 14 463.000000 880.333333 479.989899 1106.000000 479.989899 764.615958
E 14 16 479.989899 764.615958 479.989899 877.000000 552.000000 651.333333
E 16 17 552.000000 651.333333 522.000000 1042.844701
U 17 18 317.000000 1002.282625 368.999999 1104.212162
G 102313104.json 34 36
V 495.499987 973.000001 100.000000 80.000000
V 363.499991 973.000001 100.000000 80.000000
V 240.000000 973.000001 30.000000 30.000000
V 495.499987 354.999985 120.000000 80.000000
V 990.000000 317.999987 132.000000 138.000000
V 675.000000 354.999985 40.000000 40.000000
V 834.898647 171.250000 165.597302 102.500000
V 1410.999960 317.999987 149.000000 80.000000
V 495.499987 560.000000 40.000000 40.000000
V 495.499987 790.000000 100.000000 80.000000
V 1808.999948 318.499981 120.000000 80.000000
V 675.000000 494.999980 30.000000 30.000000
V 675.000000 560.000000 30.000000 30.000000
V 495.499987 655.000000 100.000000 80.000000
V 1273.999963 317.999987 30.000000 30.000000
V 1153.499966 317.999987 30.000000 30.000000
V 907.999974 494.999980 100.000000 80.000000
V 801.000000 494.999980 40.000000 40.000000
V 1003.999970 494.999980 28.000000 28.000000
V 1927.999943 317.999987 28.000000 28.000000
V 1532.999955 317.999987 30.000000 30.000000
V 1681.749926 318.499981 30.000000 30.000000
V 1681.749926 412.499983 28.000000 28.000000
V 1610.000000 317.999987 40.000000 40.000000
V 1385.499959 1680.500000 100.000000 55.000000
V 1495.000000 1681.000000 28.000000 28.000000
V 1170.999967 1523.500000 94.000000 55.000000
V 1275.999963 1523.500000 40.000000 40.000000
V 1385.499959 1524.000000 28.000000 28.000000
V 837.099996 1523.500000 30.000000 30.000000
V 975.000000 1523.500000 94.000000 55.000000
V 974.937500 1650.772981 63.875000 57.946000
V 803.000500 1650.799981 62.001000 60.173000
V 1087.000000 1523.500000 30.000000 30.000000
E 1 0 363.499991 973.000001 495.499987 973.000001
E 0 9 495.499987 973.000001 495.499987 790.000000
E 2 1 240.000000 973.000001 363.499991 973.000001
E 3 5 495.499987 354.999985 675.500000 355.499985
E 8 3 495.499987 560.000000 495.499987 354.999985
E 5 4 675.500000 355.499985 675.500000 317.999987 990.000000 317.999987
E 6 4 834.898647 171.250000 990.000000 317.999987
E 4 15 990.000000 317.999987 1153.499966 317.999987
E 5 11 675.500000 355.499985 675.000000 494.999980
E 14 7 1273.999963 317.999987 1410.999960 317.999987
E 7 20 1410.999960 317.999987 1530.406986 317.999987
E 8 12 495.499987 560.000000 660.000000 560.000000
E 13 8 495.499987 655.000000 495.999987 560.500000
E 9 13 495.499987 790.000000 495.499987 655.000000
E 10 19 1808.999948 318.499981 1927.999943 317.999987
E 21 10 1682.004137 319.017215 1808.999948 318.499981
E 11 17 675.000000 494.999980 801.500000 495.499980
E 12 17 675.000000 560.000000 801.500000 560.000000 801.500000 495.499980
E 15 14 1153.499966 317.999987 1273.999963 317.999987
E 33 14 1087.000000 1508.500000 1087.000000 1374.000000 1273.499963 1374.000000 1273.499963 330.999987
E 15 29 1153.499966 317.999987 1153.499966 1200.750000 837.099996 1200.750000 837.099996 1523.500000
E 17 16 801.500000 495.499980 907.999974 494.999980
E 16 18 907.999974 494.999980 1003.999970 494.999980
E 20 23 1532.999955 317.999987 1610.500000 318.499987
E 23 21 1610.500000 318.499987 1681.749926 318.499981
E 23 22 1610.500000 318.499987 1681.749926 412.499983
E 24 25 1385.499959 1680.500000 1495.000000 1681.000000
E 27 24 1275.999963 1523.500000 1275.999963 1680.500000 1385.499959 1680.500000
U 31 24 974.937500 1650.772981 974.937500 1740.000000 1385.499959 1740.000000 1385.499959 1680.500000
E 26 27 1170.999967 1523.500000 1276.499963 1523.500000
E 33 26 1087.000000 1523.500000 1170.999967 1523.500000
E 27 28 1276.499963 1524.000000 1385.499959 1524.000000
E 29 30 837.099996 1523.500000 975.000000 1523.500000
U 30 31 975.000000 1523.500000 974.937500 1650.772981
E 30 33 975.000000 1523.500000 1087.000000 1523.500000
U 32 31 802.575500 1650.637981 974.937500 1650.772981
G 1024215554.json 35 41
V 195.000000 264.000000 30.000000 30.000000
V 275.000000 264.000000 40.000000 40.000000
V 275.000000 165.000000 100.000000 80.000000
V 1060.000000 680.000000 100.000000 80.000000
V 410.000000 165.000000 40.000000 40.000000
V 520.000000 332.000000 100.000000 80.000000
V 520.000000 120.000000 100.000000 80.000000
V 625.000000 120.000000 40.000000 40.000000
V 735.000000 120.000000 100.000000 80.000000
V 735.000000 210.000000 100.000000 80.000000
V 195.000000 680.000000 100.000000 74.000000
V 840.000000 210.000000 40.000000 40.000000
V 949.000000 209.000000 100.000000 80.000000
V 650.000000 332.000000 100.000000 80.000000
V 800.000000 332.000000 100.000000 80.000000
V 909.000000 332.000000 40.000000 40.000000
V 1060.000000 332.000000 100.000000 80.000000
V 1160.000000 332.000000 40.000000 40.000000
V 1272.000000 332.000000 100.000000 80.000000
V 1270.000000 422.000000 100.000000 80.000000
V 1375.000000 422.000000 40.000000 40.000000
V 1473.000000 422.000000 100.000000 80.000000
V 1984.000000 419.000000 28.000000 28.000000
V 372.000000 590.000000 100.000000 80.000000
V 481.000000 590.000000 40.000000 40.000000
V 632.000000 590.000000 100.000000 80.000000
V 732.000000 590.000000 40.000000 40.000000
V 844.000000 590.000000 100.000000 80.000000
V 842.000000 680.000000 100.000000 80.000000
V 947.000000 680.000000 40.000000 40.000000
V 1750.000000 422.000000 100.000000 80.000000
V 1615.000000 422.000000 100.000000 80.000000
V 1882.000000 422.000000 100.000000 80.000000
V 1614.500000 612.000000 123.000000 120.000000
V 1749.500000 612.000000 123.000000 120.000000
E 0 1 195.000000 264.000000 275.500000 264.500000
U 10 0 146.000000 678.520000 195.000000 264.000000
E 1 2 275.500000 264.500000 275.000000 165.000000
E 1 23 275.000000 264.000000 275.000000 590.000000 372.000000 590.000000
E 2 4 275.000000 165.000000 410.500000 165.500000
E 3 21 1060.000000 680.000000 1473.000000 680.000000 1473.000000 422.000000
E 24 3 481.500000 590.500000 481.500000 755.000000 1060.000000 755.000000 1060.000000 680.000000
E 29 3 947.500000 680.500000 1060.000000 680.000000
E 4 5 410.500000 165.500000 410.500000 332.000000 520.000000 332.000000
E 4 6 410.500000 165.500000 410.500000 120.000000 520.000000 120.000000
E 5 13 520.000000 332.000000 650.000000 332.000000
E 6 7 520.000000 120.000000 625.500000 120.500000
E 7 8 625.500000 120.500000 735.000000 120.000000
E 7 9 625.500000 120.500000 625.500000 210.000000 735.000000 210.000000
E 8 11 735.000000 120.000000 840.500000 120.000000 840.500000 210.500000
E 9 11 735.000000 210.000000 840.500000 210.500000
E 11 12 840.500000 210.500000 949.000000 209.000000
E 12 21 949.000000 209.000000 1473.000000 209.000000 1473.000000 422.000000
E 13 14 650.000000 332.000000 800.000000 332.000000
E 14 15 800.000000 332.000000 909.500000 332.500000
E 15 16 909.500000 332.500000 1060.000000 332.000000
E 15 21 909.500000 332.500000 909.500000 488.000000 1473.000000 488.000000 1473.000000 422.000000
E 16 17 1060.000000 332.000000 1160.500000 332.500000
E 17 18 1160.500000 332.500000 1272.000000 332.000000
E 17 19 1160.500000 332.500000 1160.500000 422.000000 1270.000000 422.000000
E 18 20 1272.000000 332.000000 1373.500000 332.000000 1375.500000 422.500000
E 19 20 1270.000000 422.000000 1375.500000 422.500000
E 20 21 1375.500000 422.500000 1473.000000 422.500000
E 21 31 1473.000000 422.000000 1615.000000 422.000000
U 21 33 1473.000000 422.000000 1554.230000 609.600000
E 32 22 1882.000000 422.000000 1984.000000 419.000000
E 23 24 372.000000 590.000000 481.500000 590.500000
E 24 25 481.500000 590.500000 632.000000 590.000000
E 25 26 632.000000 590.000000 732.500000 590.500000
E 26 27 732.500000 590.500000 844.000000 590.000000
E 26 28 732.500000 590.500000 732.500000 680.000000 842.000000 680.000000
E 27 29 844.000000 590.000000 945.500000 590.000000 947.500000 680.500000
E 28 29 842.000000 680.000000 947.500000 680.500000
E 31 30 1615.000000 422.000000 1750.000000 422.000000
E 30 32 1750.000000 422.000000 1882.000000 422.000000
U 30 34 1750.000000 422.000000 1689.230000 609.600000
G 102453938.json 19 23
V 170.000000 510.000000 30.000000 30.000000
V 302.000000 509.000000 164.000000 68.000000
V 485.500000 509.000000 129.000000 68.000000
V 662.960514 509.000000 103.923001 65.071800
V 810.801519 509.000000 40.000000 40.000000
V 928.460021 575.000000 100.000000 80.000000
V 1104.152025 509.000000 100.000000 80.000000
V 1516.296185 509.253980 592.904311 211.492040
V 1916.727544 509.000000 100.000000 80.000000
V 2101.342549 509.000000 30.000000 30.000000
V 2238.111553 509.000000 40.000000 40.000000
V 2415.803557 510.000000 164.000000 80.000000
V 2641.457061 510.000000 100.000000 80.000000
V 2781.149066 509.507960 28.000000 28.000000
V 302.000000 234.615005 30.000000 30.000000
V 685.124910 234.615005 219.635801 80.000000
V 486.000000 785.000000 30.000000 30.000000
V 662.960514 790.000000 100.000000 80.000000
V 1118.652025 790.000000 129.000000 80.000000
E 0 1 170.000000 510.000000 221.000000 509.000000
E 1 2 383.000000 509.000000 422.000000 509.000000
E 1 14 302.000000 509.000000 302.000000 245.968806
E 2 3 485.500000 509.000000 662.960514 509.000000
E 2 16 486.000000 542.000000 486.000000 772.000000
E 3 4 662.960514 509.000000 811.301519 509.500000
E 17 3 662.960514 790.000000 662.960514 647.132202 646.293847 646.500000 646.293847 510.464100
E 4 5 811.301519 509.500000 811.301519 575.000000 928.460021 575.000000
E 4 6 810.801519 509.000000 1104.152025 509.000000
E 5 17 928.460021 614.000000 928.460021 790.000000 711.960514 790.000000
E 6 7 1104.152025 509.000000 1516.296185 509.253980
E 15 6 685.124910 234.615005 1104.152025 234.615005 1104.152025 509.000000
E 6 18 1104.152025 509.000000 1104.152025 790.000000
E 7 8 1516.296185 509.253980 1916.727544 509.000000
E 8 9 1916.727544 509.000000 2101.342549 509.000000
E 9 10 2101.342549 509.000000 2238.611553 509.500000
E 10 11 2238.611553 509.500000 2415.803557 510.000000
E 10 12 2238.611553 509.500000 2238.611553 562.214396 2566.567336 562.214396 2566.567336 528.540084 2592.457061 530.000000
E 11 12 2415.803557 510.000000 2641.457061 510.000000
E 12 13 2641.457061 510.000000 2781.149066 509.507960
E 14 15 302.000000 234.615005 685.124910 234.615005
E 16 17 496.329924 789.149873 613.960514 790.000000
E 17 18 711.960514 810.000000 1055.152025 810.000000
G 1024626727.json 25 32
V 120.000000 155.000000 30.000000 30.000000
V 217.500000 154.500000 75.000000 55.000000
V 305.000000 155.000000 40.000000 40.000000
V 305.000000 225.000000 30.000000 30.000000
V 500.000000 155.000000 100.000000 80.000000
V 665.000000 155.000000 100.000000 80.000000
V 390.000000 155.000000 30.000000 30.000000
V 815.000000 155.000000 100.000000 80.000000
V 950.000000 155.000000 40.000000 40.000000
V 1085.000000 155.000000 30.000000 30.000000
V 885.000000 75.000000 30.000000 30.000000
V 1244.000000 155.000000 28.000000 28.000000
V 120.000000 425.000000 30.000000 30.000000
V 230.000000 425.000000 100.000000 80.000000
V 345.000000 425.000000 40.000000 40.000000
V 425.000000 342.500000 100.000000 55.000000
V 545.000000 425.000000 100.000000 80.000000
V 845.000000 425.000000 100.000000 80.000000
V 735.000000 425.000000 30.000000 30.000000
V 950.000000 425.000000 40.000000 40.000000
V 1085.000000 475.000000 100.000000 80.000000
V 1055.000000 355.000000 100.000000 80.000000
V 1154.000000 355.000000 28.000000 28.000000
V 1274.000000 425.000000 28.000000 28.000000
V 665.000000 425.000000 30.000000 30.000000
E 0 1 120.000000 155.000000 217.500000 154.500000
E 1 2 217.500000 154.500000 305.500000 155.500000
E 3 1 305.000000 225.000000 217.500000 225.000000 217.500000 154.500000
E 2 3 305.500000 155.500000 305.000000 225.000000
E 2 6 305.500000 155.500000 390.000000 155.000000
E 15 3 424.000000 332.000000 424.000000 225.000000 305.000000 225.000000
E 4 5 500.000000 155.000000 665.000000 155.000000
E 6 4 390.000000 155.000000 465.000000 155.500000
E 4 24 530.000000 160.000000 607.000000 295.000000 665.000000 425.000000
E 5 7 665.000000 155.000000 815.000000 155.000000
E 10 5 885.000000 75.000000 651.000000 75.000000 651.000000 140.625000
E 5 18 700.807229 185.000000 735.000000 425.000000
E 16 6 545.000000 425.000000 518.000000 313.000000 390.000000 155.000000
E 7 8 815.000000 155.000000 950.500000 155.500000
E 7 17 845.000000 191.000000 845.000000 425.000000
E 8 9 950.500000 155.500000 1085.000000 155.000000
E 8 10 950.500000 155.500000 950.500000 75.000000 885.000000 75.000000
E 9 11 1085.000000 155.000000 1244.000000 155.000000
E 20 9 1074.000000 447.000000 1115.000000 411.000000 1115.000000 262.000000 1085.000000 155.000000
E 21 10 1039.000000 332.000000 885.000000 249.000000 885.000000 75.000000
E 12 13 120.000000 425.000000 230.000000 425.000000
E 13 14 230.000000 425.000000 345.500000 425.500000
E 14 15 345.500000 425.500000 345.500000 342.500000 425.000000 342.500000
E 14 16 345.500000 425.500000 545.000000 425.000000
E 16 24 545.000000 425.000000 665.000000 425.000000
E 18 17 735.000000 425.000000 845.000000 425.000000
E 17 19 845.000000 425.000000 950.500000 425.500000
E 24 18 665.000000 425.000000 735.000000 425.000000
E 19 20 950.500000 425.500000 950.500000 475.000000 1085.000000 475.000000
E 19 21 950.500000 425.500000 950.500000 355.000000 1055.000000 355.000000
E 20 23 1085.000000 475.000000 1197.500000 475.000000 1197.500000 425.000000 1274.000000 425.000000
E 21 22 1055.000000 355.000000 1154.000000 355.000000
G 1024943999.json 38 52
V 424.562871 700.506045 50.000000 40.000000
V 527.170548 700.506045 40.000000 40.000000
V 528.626124 602.003787 114.867094 80.000000
V 517.877724 804.300577 114.867094 80.000000
V 675.926292 804.672978 114.867094 80.000000
V 827.359839 805.672978 100.000000 80.000000
V 651.059671 602.003787 40.000000 40.000000
V 762.433547 602.003787 114.867094 80.000000
V 651.059671 503.752367 100.000000 80.000000
V 651.059671 398.251420 40.000000 40.000000
V 651.059671 300.598669 100.000000 80.000000
V 1057.359839 805.672978 100.000000 80.000000
V 942.359839 805.672978 40.000000 40.000000
V 942.359839 715.000000 100.000000 80.000000
V 942.359839 900.000000 100.000000 80.000000
V 884.867094 602.003787 40.000000 40.000000
V 999.867094 602.003787 100.000000 80.000000
V 879.508293 501.966100 100.000000 80.000000
V 1114.867094 602.003787 40.000000 40.000000
V 1249.867094 602.003787 100.000000 80.000000
V 1114.867094 503.752367 100.000000 80.000000
V 1249.867094 700.506045 40.000000 40.000000
V 1205.000000 900.000000 100.000000 80.000000
V 1385.867094 800.000000 100.000000 80.000000
V 1493.867094 900.000000 40.000000 40.000000
V 1588.867094 780.000000 100.000000 80.000000
V 1588.867094 900.000000 100.000000 80.000000
V 1588.867094 655.000000 100.000000 80.000000
V 1588.867094 504.000000 40.000000 40.000000
V 1723.867094 570.258402 100.000000 80.000000
V 1588.867094 393.886356 100.000000 80.000000
V 1588.867094 300.598669 28.000000 28.000000
V 1425.901789 298.251420 28.000000 28.000000
V 1425.901789 503.752367 100.000000 80.000000
V 1839.609962 504.000000 100.000000 80.000000
V 1723.867094 393.886356 100.000000 80.000000
V 1853.568386 393.886356 100.000000 80.000000
V 345.685515 625.496336 30.000000 30.000000
E 0 1 424.562871 700.506045 508.626109 700.506045
E 37 0 345.685515 625.496336 424.562871 625.496336 424.562871 700.506045
E 1 2 527.548609 681.880899 528.626124 640.593120
E 1 3 528.374259 718.478280 528.374259 742.403311 517.877724 765.300577
E 2 6 528.626124 602.003787 651.559671 602.503787
E 9 2 633.175772 398.629490 528.626124 398.629490 528.626124 563.003787
E 10 2 602.059671 300.598669 501.446123 300.598669 499.909351 563.003787
E 3 4 574.311271 804.300577 619.492745 804.672978
E 4 5 675.926292 804.672978 827.359839 805.672978
E 5 12 827.359839 805.672978 942.859839 806.172978
E 6 7 651.559671 602.503787 762.433547 602.003787
E 6 8 651.559671 602.503787 651.059671 503.752367
E 7 15 762.433547 602.003787 885.367094 602.503787
E 8 9 651.059671 503.752367 651.559671 398.751420
E 9 10 651.559671 398.751420 651.559671 327.906626
E 12 11 942.859839 806.172978 1057.359839 805.672978
E 21 11 1236.993559 699.266244 1106.359839 805.672978
E 11 22 1057.359839 844.672978 1057.359839 880.000000 1156.000000 880.000000
E 12 13 942.859839 806.172978 942.359839 715.000000
E 12 14 942.859839 806.172978 942.359839 900.000000
E 21 13 1241.000000 695.000000 991.359839 695.000000
E 13 22 991.359839 735.000000 1180.000000 735.000000 1180.000000 861.000000
E 14 22 991.359839 900.000000 1156.000000 900.000000
E 15 16 885.367094 602.503787 999.867094 602.003787
E 15 17 885.367094 602.503787 885.367094 561.984943 879.508293 561.984943 879.508293 501.966100
E 16 18 999.867094 602.003787 1115.367094 602.503787
E 17 19 904.508293 462.966100 904.508293 434.000000 1249.867094 434.000000 1249.867094 563.003787
E 18 19 1115.367094 602.503787 1249.867094 602.003787
E 18 20 1115.367094 602.503787 1114.867094 503.752367
E 20 19 1163.867094 523.752367 1224.867094 523.752367 1224.867094 571.061131
E 19 21 1249.867094 602.003787 1250.367094 701.006045
E 21 23 1250.367094 701.006045 1250.367094 780.000000 1336.867094 780.000000
E 21 33 1250.367094 701.006045 1400.901789 633.114251 1400.901789 542.752367
E 23 22 1360.867094 839.000000 1360.867094 880.000000 1254.000000 880.000000
E 22 24 1205.000000 900.000000 1494.367094 900.500000
E 24 25 1494.367094 900.500000 1494.367094 780.000000 1588.867094 780.000000
E 24 26 1494.367094 900.500000 1588.867094 900.000000
E 26 25 1588.867094 900.000000 1588.867094 780.000000
E 25 27 1588.867094 780.000000 1588.867094 655.000000
E 27 28 1588.867094 655.000000 1589.367094 504.500000
E 29 27 1723.867094 570.258402 1613.867094 570.258402 1613.867094 616.000000
E 34 27 1839.609962 504.000000 1839.609962 635.000000 1637.867094 635.000000
E 35 27 1748.867094 354.886356 1748.867094 319.049695 1954.120016 319.049695 1954.120016 675.000000 1637.867094 675.000000
E 36 27 1902.568386 413.886356 1924.209034 413.886356 1924.209034 655.000000 1637.867094 655.000000
E 28 29 1589.367094 504.500000 1674.867094 550.258402
E 28 30 1589.367094 504.500000 1588.867094 393.886356
E 28 33 1589.367094 504.500000 1476.887990 504.500000
E 28 34 1589.367094 504.500000 1839.609962 504.000000
E 28 35 1589.367094 504.500000 1698.867094 432.886356
E 28 36 1589.367094 504.500000 1828.568386 432.886356
E 30 31 1588.867094 393.886356 1588.867094 300.598669
E 33 32 1425.901789 464.752367 1425.901789 298.251420
G 1025211006.json 29 30
V 195.000000 684.000000 30.000000 30.000000
V 305.000000 684.000000 100.000000 80.000000
V 421.937500 684.000000 63.875000 57.946000
V 305.000000 569.000000 40.000000 40.000000
V 425.000000 569.000000 100.000000 80.000000
V 200.000000 569.000000 100.000000 80.000000
V 74.000000 569.000000 28.000000 28.000000
V 570.000000 569.000000 100.000000 80.000000
V 570.000000 684.000000 63.875000 57.946000
V 740.000000 569.000000 100.000000 80.000000
V 740.000000 684.000000 63.875000 57.946000
V 890.000000 569.000000 100.000000 80.000000
V 890.000000 684.027000 63.875000 57.946000
V 890.000000 434.000000 40.000000 40.000000
V 1012.062500 434.000000 100.000000 80.000000
V 770.000000 434.000000 100.000000 80.000000
V 539.000000 434.000000 28.000000 28.000000
V 635.000000 434.000000 40.000000 40.000000
V 1175.000000 434.000000 100.000000 80.000000
V 1310.000000 434.000000 100.000000 80.000000
V 1430.000000 434.000000 40.000000 40.000000
V 1430.000000 229.000000 100.000000 80.000000
V 1175.000000 563.000000 63.875000 57.946000
V 1310.000000 334.000000 51.849000 51.897000
V 635.000000 334.000000 100.000000 80.000000
V 1430.000000 334.000000 40.000000 40.000000
V 1529.000000 334.000000 28.000000 28.000000
V 1430.000000 563.027000 28.000000 28.000000
V 1310.000000 563.500000 63.875000 57.946000
E 0 1 195.000000 684.000000 305.000000 684.000000
U 1 2 305.000000 684.000000 421.937500 684.000000
E 1 3 305.000000 684.000000 305.500000 569.500000
E 3 4 305.500000 569.500000 338.000000 567.000000 425.000000 569.000000
E 3 5 305.500000 569.500000 200.000000 569.000000
E 4 7 425.000000 569.000000 570.000000 569.000000
E 5 6 200.000000 569.000000 74.000000 569.000000
U 7 8 570.000000 569.000000 570.000000 684.000000
E 7 9 570.000000 569.000000 740.000000 569.000000
E 10 8 740.000000 684.000000 570.000000 684.000000
U 9 10 740.000000 569.000000 740.000000 684.000000
E 9 11 740.000000 569.000000 890.000000 569.000000
U 11 12 890.000000 569.000000 890.000000 684.027000
E 11 13 890.000000 569.000000 890.500000 434.500000
E 13 14 890.500000 434.500000 1012.062500 434.000000
E 13 15 890.500000 434.500000 770.000000 434.000000
E 14 18 1012.062500 434.000000 1175.000000 434.000000
E 15 17 770.000000 434.000000 635.500000 434.500000
E 17 16 635.500000 434.500000 539.000000 434.000000
E 17 24 635.500000 434.500000 635.000000 334.000000
E 18 19 1175.000000 434.000000 1310.000000 434.000000
E 21 18 1430.000000 229.000000 1175.000000 229.000000 1175.000000 434.000000
U 18 22 1175.000000 434.000000 1175.000000 563.000000
E 19 20 1310.000000 434.000000 1430.500000 434.500000
U 19 23 1310.000000 434.000000 1310.000000 334.000000
E 20 25 1430.500000 434.500000 1430.500000 334.500000
E 20 27 1430.500000 434.500000 1430.000000 563.027000
E 25 21 1430.500000 334.500000 1430.000000 229.000000
E 22 28 1175.000000 563.000000 1310.000000 563.500000
E 25 26 1430.500000 334.500000 1529.000000 334.000000
G 1025894190.json 24 56
V 262.000000 237.500000 100.000000 80.000000
V 425.000000 237.500000 100.000000 80.000000
V 685.000000 237.500000 100.000000 80.000000
V 815.000000 308.000000 100.000000 80.000000
V 1030.000000 237.500000 100.000000 80.000000
V 1220.000000 237.500000 100.000000 80.000000
V 1415.000000 237.500000 100.000000 80.000000
V 155.000000 237.500000 30.000000 30.000000
V 540.000000 237.500000 40.000000 40.000000
V 305.000000 577.000000 100.000000 80.000000
V 560.000000 577.000000 100.000000 80.000000
V 770.000000 577.000000 100.000000 80.000000
V 995.000000 577.000000 100.000000 80.000000
V 1393.000000 597.000000 100.000000 80.000000
V 1595.000000 600.000000 100.000000 80.000000
V 1128.273438 550.000000 100.000000 50.000000
V 685.000000 965.000000 100.000000 80.000000
V 305.000000 965.000000 100.000000 80.000000
V 485.000000 965.000000 100.000000 80.000000
V 885.500000 965.000000 100.000000 80.000000
V 1068.273438 965.000000 100.000000 80.000000
V 560.000000 1291.000000 100.000000 80.000000
V 350.000000 1291.000000 100.000000 80.000000
V 1305.000000 1291.000000 100.000000 80.000000
E 0 1 262.000000 237.500000 425.000000 237.500000
E 2 0 685.000000 237.500000 685.000000 72.000000 262.000000 72.000000 262.000000 237.500000
E 0 5 248.000000 237.500000 248.000000 58.000000 1220.000000 58.000000 1220.000000 237.500000
E 0 6 230.000000 237.500000 230.000000 41.000000 1415.000000 41.000000 1415.000000 237.500000
E 7 0 155.000000 237.500000 262.000000 237.500000
E 9 0 262.000000 557.000000 262.000000 237.500000
E 10 0 535.000000 577.000000 535.000000 464.000000 262.000000 464.000000 262.000000 237.500000
E 11 0 770.000000 577.000000 770.000000 450.000000 262.000000 450.000000 262.000000 237.500000
E 12 0 995.000000 577.000000 995.000000 441.000000 262.000000 441.000000 262.000000 237.500000
E 13 0 1363.000000 597.000000 1363.000000 432.000000 262.000000 432.000000 262.000000 237.500000
E 23 0 1305.000000 1291.000000 1305.000000 1490.000000 120.000000 1490.000000 120.000000 264.000000 262.000000 264.000000
E 2 1 660.000000 237.500000 660.000000 121.000000 425.000000 121.000000 425.000000 237.500000
E 1 8 425.000000 237.500000 540.500000 238.000000
E 12 1 1010.000000 577.000000 1010.000000 420.000000 508.000000 420.000000 508.000000 257.500000 425.000000 257.500000
E 13 1 1387.000000 597.000000 1387.000000 397.000000 425.000000 397.000000 425.000000 237.500000
E 2 4 685.000000 237.500000 1030.000000 237.500000
E 2 5 710.000000 237.500000 710.000000 129.000000 1195.000000 129.000000 1195.000000 237.500000
E 8 2 540.500000 238.000000 685.000000 237.500000
E 11 2 770.000000 557.000000 673.000000 557.000000 673.000000 237.500000
E 2 13 685.000000 237.500000 685.000000 410.000000 1378.000000 410.000000 1378.000000 597.000000
E 3 5 815.000000 308.000000 1220.000000 308.000000 1220.000000 237.500000
E 8 3 540.500000 238.000000 540.500000 328.000000 815.000000 328.000000
E 3 23 815.000000 328.000000 1210.000000 328.000000 1210.000000 1311.000000 1305.000000 1311.000000
E 5 4 1220.000000 237.500000 1030.000000 237.500000
E 6 5 1415.000000 217.500000 1220.000000 217.500000
E 13 5 1398.000000 597.000000 1398.000000 377.250000 1245.000000 377.250000 1245.000000 237.500000
E 5 23 1231.000000 237.500000 1231.000000 1291.000000 1305.000000 1291.000000
E 6 13 1415.000000 237.500000 1500.000000 237.500000 1500.000000 577.000000 1393.000000 577.000000
E 9 10 305.000000 577.000000 560.000000 577.000000
E 9 11 305.000000 577.000000 305.000000 675.000000 745.000000 675.000000 745.000000 577.000000
E 9 17 280.000000 577.000000 280.000000 965.000000
E 19 9 885.500000 965.000000 885.500000 1156.000000 135.000000 1156.000000 135.000000 597.000000 305.000000 597.000000
E 10 11 560.000000 577.000000 770.000000 577.000000
E 10 12 574.000000 577.000000 574.000000 661.000000 995.000000 661.000000 995.000000 577.000000
E 14 10 1583.000000 600.000000 1583.000000 754.000000 567.000000 754.000000 567.000000 577.000000
E 10 17 560.000000 577.000000 560.000000 732.000000 305.000000 732.000000 305.000000 965.000000
E 11 12 770.000000 586.000000 995.000000 586.000000
E 11 13 801.000000 577.000000 801.000000 724.000000 1393.000000 724.000000 1393.000000 597.000000
E 11 14 795.000000 577.000000 795.000000 739.000000 1570.000000 739.000000 1570.000000 600.000000
E 11 17 756.000000 577.000000 756.000000 822.000000 325.000000 822.000000 325.000000 965.000000
E 11 18 770.000000 577.000000 770.000000 834.000000 485.000000 834.000000 485.000000 965.000000
E 19 11 921.000000 965.000000 921.000000 577.000000 770.000000 577.000000
E 11 21 795.000000 577.000000 795.000000 1211.000000 560.000000 1211.000000 560.000000 1291.000000
E 11 22 787.000000 577.000000 787.000000 1191.000000 350.000000 1191.000000 350.000000 1291.000000
U 12 15 995.000000 577.000000 1079.273438 549.000000
E 13 18 1418.000000 597.000000 1418.000000 1048.000000 468.000000 1048.000000 468.000000 965.000000
E 14 17 1615.000000 600.000000 1615.000000 1134.000000 305.000000 1134.000000 305.000000 965.000000
E 14 21 1595.000000 600.000000 1595.000000 1374.000000 560.000000 1374.000000 560.000000 1291.000000
E 17 16 346.000000 965.000000 346.000000 902.000000 685.000000 902.000000 685.000000 965.000000
E 16 18 685.000000 945.000000 485.000000 945.000000
E 16 19 685.000000 965.000000 885.500000 965.000000
E 17 18 305.000000 965.000000 485.000000 965.000000
E 17 20 337.000000 965.000000 337.000000 894.000000 1068.273438 894.000000 1068.273438 965.000000
E 21 17 535.000000 1291.000000 535.000000 1387.000000 280.000000 1387.000000 280.000000 965.000000
E 18 20 485.000000 965.000000 485.000000 1027.000000 1068.273438 1027.000000 1068.273438 965.000000
E 19 20 885.500000 965.000000 1068.273438 965.000000
G 1026287908.json 17 17
V 449.000000 850.000000 100.000000 80.000000
V 564.000000 850.000000 40.000000 40.000000
V 975.000000 850.000000 100.000000 80.000000
V 1074.000000 850.000000 28.000000 28.000000
V 719.000000 850.000000 100.000000 80.000000
V 1175.000000 938.666667 40.000000 40.000000
V 1400.000000 938.666667 100.000000 80.000000
V 1515.000000 938.666667 40.000000 40.000000
V 1630.000000 1030.000000 100.000000 80.000000
V 1599.000000 850.000000 28.000000 28.000000
V 140.000000 606.000000 30.000000 30.000000
V 335.000000 486.000000 40.000000 40.000000
V 609.000000 486.000000 28.000000 28.000000
V 449.000000 586.000000 100.000000 80.000000
V 250.000000 606.000000 100.000000 80.000000
V 510.000000 486.000000 100.000000 80.000000
V 719.000000 1180.000000 100.000000 80.000000
E 0 1 449.000000 850.000000 564.500000 850.500000
E 13 0 449.000000 586.000000 449.000000 850.000000
E 1 4 564.500000 850.500000 719.000000 850.000000
E 1 16 564.500000 850.500000 564.500000 1180.000000 719.000000 1180.000000
E 2 3 975.000000 850.000000 1074.000000 850.000000
E 4 2 719.000000 850.000000 975.000000 850.000000
E 4 16 719.000000 850.000000 719.000000 1180.000000
E 5 6 1175.500000 939.166667 1175.500000 862.666667 1400.000000 862.666667 1400.000000 938.666667
E 16 5 719.000000 1180.000000 1126.000000 1180.000000 1126.000000 938.666667 1162.360180 938.666667
E 6 7 1400.000000 938.666667 1515.500000 939.166667
E 7 8 1515.500000 939.166667 1515.500000 1030.000000 1630.000000 1030.000000
E 7 9 1515.000000 938.666667 1515.000000 850.000000 1599.000000 850.000000
E 10 14 140.000000 606.000000 250.000000 606.000000
E 11 13 335.500000 486.500000 335.500000 586.000000 449.000000 586.000000
E 14 11 250.000000 606.000000 250.000000 486.500000 335.500000 486.500000
E 11 15 335.500000 486.500000 510.000000 486.000000
E 15 12 510.000000 486.000000 609.000000 486.000000
G 1026674280.json 16 15
V 605.000000 115.000000 100.000000 80.000000
V 605.000000 295.000000 100.000000 80.000000
V 1004.000000 449.000000 28.000000 28.000000
V 755.000000 115.000000 40.000000 40.000000
V 890.000000 80.000000 100.000000 80.000000
V 935.000000 295.000000 100.000000 80.000000
V 1145.000000 55.000000 100.000000 80.000000
V 1145.000000 175.000000 100.000000 80.000000
V 1004.000000 95.000000 40.000000 40.000000
V 1265.000000 175.000000 40.000000 40.000000
V 1370.000000 115.000000 100.000000 80.000000
V 1370.000000 250.000000 100.000000 80.000000
V 1115.000000 355.000000 100.000000 80.000000
V 180.000000 210.000000 30.000000 30.000000
V 350.000000 210.000000 100.000000 80.000000
V 465.000000 210.000000 40.000000 40.000000
E 0 3 625.000000 114.000000 747.000000 114.000000
E 15 0 474.000000 213.000000 620.000000 117.000000
E 1 2 642.000000 294.000000 822.500000 294.000000 822.500000 449.000000 1004.000000 449.000000
E 15 1 472.000000 219.000000 589.000000 285.000000
E 3 4 764.000000 118.000000 875.000000 89.000000
E 3 5 755.500000 115.500000 923.000000 301.000000
E 4 8 908.000000 89.000000 1004.500000 95.500000
E 5 12 984.000000 295.000000 1025.000000 295.000000 1025.000000 354.000000 1098.000000 354.000000
E 8 6 1004.500000 95.500000 1111.195312 56.500000
E 8 7 1014.000000 100.000000 1105.000000 182.000000
E 7 9 1164.000000 182.000000 1265.500000 175.500000
E 9 10 1265.500000 175.500000 1321.000000 115.000000
E 9 11 1265.500000 175.500000 1340.000000 254.000000
E 13 14 191.000000 209.000000 330.000000 209.000000
E 14 15 350.000000 210.000000 465.500000 210.500000
G 1027037016.json 15 15
V 350.000000 305.000000 100.000000 80.000000
V 465.000000 305.000000 40.000000 40.000000
V 580.000000 235.000000 100.000000 80.000000
V 580.000000 370.000000 100.000000 80.000000
V 710.000000 370.000000 100.000000 80.000000
V 1100.000000 370.000000 100.000000 80.000000
V 1205.000000 370.000000 40.000000 40.000000
V 1355.000000 370.000000 100.000000 80.000000
V 1449.000000 370.000000 28.000000 28.000000
V 825.000000 370.000000 40.000000 40.000000
V 1010.000000 490.000000 100.000000 80.000000
V 669.000000 235.000000 28.000000 28.000000
V 200.000000 305.000000 100.000000 80.000000
V 75.000000 305.000000 30.000000 30.000000
V 935.000000 370.000000 100.000000 80.000000
E 0 1 350.000000 305.000000 465.500000 305.500000
E 12 0 200.000000 305.000000 350.000000 305.000000
E 1 2 465.500000 305.500000 465.500000 235.000000 580.000000 235.000000
E 1 3 465.500000 305.500000 465.500000 370.000000 580.000000 370.000000
E 2 11 580.000000 235.000000 669.000000 235.000000
E 3 4 580.000000 370.000000 710.000000 370.000000
E 4 9 710.000000 370.000000 825.500000 370.500000
E 5 6 1100.000000 370.000000 1192.648447 370.000000
E 14 5 935.000000 370.000000 1100.000000 370.000000
E 6 7 1205.500000 370.000000 1355.000000 370.000000
E 6 10 1205.500000 370.500000 1205.500000 490.000000 1010.000000 490.000000
E 7 8 1355.000000 370.000000 1449.000000 370.000000
E 10 9 1010.000000 490.000000 825.500000 490.000000 825.500000 370.500000
E 9 14 825.000000 370.000000 935.000000 370.000000
E 13 12 75.000000 305.000000 200.000000 305.000000
G 1027972696.json 27 33
V 95.000000 600.571860 30.000000 30.000000
V 211.442040 600.571860 112.884080 80.000000
V 330.000000 600.571860 40.000000 40.000000
V 546.799845 285.000000 143.599690 80.000000
V 852.500000 899.000000 135.000000 80.000000
V 705.000000 285.000000 30.000000 30.000000
V 546.799845 499.230010 143.599690 80.000000
V 546.799845 899.000000 143.599690 80.000000
V 1201.991885 285.000000 133.983771 80.000000
V 852.500000 285.000000 135.000000 80.000000
V 402.364755 285.000000 40.000000 40.000000
V 1029.000000 285.000000 40.000000 40.000000
V 1029.000000 215.000000 30.000000 30.000000
V 1325.301371 600.571860 40.000000 40.000000
V 546.799845 389.422508 143.599690 80.000000
V 1415.931973 600.571860 28.000000 28.000000
V 546.799845 600.571860 143.599690 80.000000
V 546.799845 801.360112 143.599690 80.000000
V 783.887161 801.360112 30.000000 30.000000
V 973.000000 801.360112 30.000000 30.000000
V 1202.731832 801.360112 132.503876 80.000000
V 546.799845 700.806516 143.599690 80.000000
V 852.750000 700.806516 135.500000 80.000000
V 853.000000 1093.554762 135.000000 80.000000
V 852.500000 90.000000 135.000000 80.000000
V 705.000000 90.000000 30.000000 30.000000
V 1029.000000 90.000000 28.000000 28.000000
E 0 1 95.000000 600.571860 211.442040 600.571860
E 1 2 211.442040 600.571860 330.500000 601.071860
E 2 6 330.500000 601.071860 330.500000 499.230010 546.799845 499.230010
E 2 7 330.500000 601.071860 330.500000 899.000000 546.799845 899.000000
E 2 10 330.500000 601.071860 330.500000 285.000000 402.364755 285.000000
E 2 14 330.000000 600.571860 330.000000 389.422508 546.799845 389.422508
E 2 16 330.500000 601.071860 546.799845 600.571860
E 2 17 330.500000 601.071860 330.500000 801.360112 546.799845 801.360112
E 2 21 330.500000 601.071860 330.500000 700.806516 546.799845 700.806516
E 3 5 546.799845 285.000000 705.000000 285.000000
E 10 3 402.364755 285.000000 546.799845 285.000000
E 7 4 546.799845 899.000000 852.500000 899.000000
E 4 23 852.500000 899.000000 853.000000 1093.554762
E 5 25 705.000000 285.000000 705.000000 90.000000
E 6 13 546.799845 499.230010 1325.301371 499.230010 1325.301371 600.571860
E 11 8 1029.500000 285.500000 1201.991885 285.500000
E 8 13 1201.991885 285.000000 1325.301371 285.000000 1325.301371 600.571860
E 9 10 852.500000 285.000000 852.500000 225.996889 402.364755 225.996889 402.364755 285.000000
E 11 9 1029.500000 285.500000 852.500000 285.000000
E 12 11 1029.000000 215.000000 1029.500000 285.500000
E 26 12 1029.000000 90.000000 1029.000000 215.000000
E 14 13 546.799845 389.422508 1325.301371 389.422508 1325.301371 600.571860
E 13 15 1325.801371 601.071860 1415.931973 600.571860
E 16 13 546.799845 600.571860 1325.301371 600.571860
E 20 13 1202.731832 801.360112 1325.301371 801.360112 1325.301371 600.571860
E 22 13 876.801250 700.806516 1325.301371 700.806516 1325.301371 600.571860
E 23 13 853.000000 1093.554762 1021.063354 1093.554762 1021.063354 899.000000 1325.801371 899.000000 1325.801371 601.071860
E 17 18 546.799845 801.360112 783.887161 801.360112
E 18 19 783.887161 801.360112 973.000000 801.360112
E 19 20 973.000000 801.360112 1202.731832 801.360112
E 21 22 546.799845 700.806516 876.801250 700.806516
E 25 24 705.000000 90.000000 852.500000 90.000000
E 24 26 852.500000 90.000000 1029.000000 90.000000
G 1028391225.json 17 19
V 215.000000 535.000000 100.000000 80.000000
V 440.000000 535.000000 100.000000 80.000000
V 670.000000 535.000000 100.000000 80.000000
V 913.000000 535.000000 126.000000 80.000000
V 105.000000 535.000000 30.000000 30.000000
V 1109.000000 535.000000 28.000000 28.000000
V 528.500000 387.000000 513.000000 44.000000
V 335.000000 535.000000 40.000000 40.000000
V 542.000000 535.000000 40.000000 40.000000
V 780.000000 535.000000 40.000000 40.000000
V 1030.000000 535.000000 40.000000 40.000000
V 543.000000 455.000000 40.000000 40.000000
V 105.000000 155.000000 100.000000 80.000000
V 529.000000 155.000000 513.000000 66.000000
V 105.000000 60.000000 30.000000 30.000000
V 543.000000 180.000000 30.000000 30.000000
V 1109.000000 195.000000 30.000000 30.000000
E 4 0 105.000000 535.000000 215.000000 535.000000
E 0 7 215.000000 535.000000 335.500000 535.500000
E 7 1 335.500000 535.500000 440.000000 535.000000
E 1 8 440.000000 535.000000 542.500000 535.500000
E 8 2 542.500000 535.500000 670.000000 535.000000
E 2 9 670.000000 535.000000 780.500000 535.500000
E 9 3 780.500000 535.500000 913.000000 535.000000
E 3 10 913.000000 535.000000 1030.500000 535.500000
E 12 4 105.000000 155.000000 105.000000 535.000000
E 10 5 1030.500000 535.500000 1109.000000 535.000000
E 5 16 1109.000000 535.000000 1109.000000 210.000000
E 11 6 543.500000 455.500000 543.500000 409.000000
E 6 15 543.000000 405.000000 543.000000 180.000000
E 7 11 335.500000 535.500000 335.500000 455.500000 543.500000 455.500000
E 8 11 542.500000 535.500000 543.500000 455.500000
E 9 11 780.500000 535.500000 780.500000 455.500000 543.500000 455.500000
E 10 11 1030.500000 535.500000 1030.500000 455.500000 543.500000 455.500000
E 13 12 529.000000 155.000000 105.000000 155.000000
E 14 12 105.000000 60.000000 105.000000 155.000000
G 1028878750.json 26 27
V 295.000000 645.000000 30.000000 30.000000
V 295.000000 485.000000 100.000000 80.000000
V 440.000000 485.000000 100.000000 80.000000
V 1105.000000 505.000000 100.000000 80.000000
V 1105.000000 380.000000 40.000000 40.000000
V 950.000000 380.000000 100.000000 80.000000
V 1205.000000 380.000000 100.000000 80.000000
V 765.000000 380.000000 100.000000 80.000000
V 480.000000 380.000000 100.000000 80.000000
V 339.000000 380.000000 28.000000 28.000000
V 610.000000 380.000000 30.000000 30.000000
V 185.000000 870.000000 30.000000 30.000000
V 295.000000 870.000000 100.000000 80.000000
V 440.000000 880.000000 100.000000 80.000000
V 555.000000 880.000000 40.000000 40.000000
V 670.000000 990.000000 100.000000 80.000000
V 670.000000 880.000000 100.000000 80.000000
V 870.000000 990.000000 40.000000 40.000000
V 990.000000 990.000000 100.000000 80.000000
V 870.000000 1150.000000 100.000000 80.000000
V 990.000000 880.000000 40.000000 40.000000
V 1105.000000 880.000000 100.000000 80.000000
V 979.000000 1150.000000 28.000000 28.000000
V 765.000000 990.000000 30.000000 30.000000
V 1205.000000 1050.000000 30.000000 30.000000
V 440.000000 780.000000 30.000000 30.000000
E 0 1 295.000000 645.000000 295.000000 485.000000
E 12 0 295.000000 831.000000 295.000000 645.000000
E 1 2 295.000000 485.000000 440.000000 485.000000
E 2 25 440.000000 485.000000 440.000000 780.000000
E 3 4 1105.000000 505.000000 1105.500000 380.500000
E 21 3 1105.000000 880.000000 1105.000000 505.000000
E 4 5 1105.500000 380.500000 950.000000 380.000000
E 4 6 1105.500000 380.500000 1205.000000 380.000000
E 5 7 950.000000 380.000000 765.000000 380.000000
E 6 24 1205.000000 380.000000 1205.000000 1050.000000
E 7 10 765.000000 380.000000 610.000000 380.000000
E 8 9 480.000000 380.000000 339.000000 380.000000
E 10 8 610.000000 380.000000 480.000000 380.000000
E 11 12 185.000000 870.000000 295.000000 870.000000
E 13 14 440.000000 880.000000 555.500000 880.500000
E 25 13 440.000000 780.000000 440.000000 880.000000
E 14 15 555.500000 880.500000 555.500000 990.000000 670.000000 990.000000
E 14 16 555.500000 880.500000 670.000000 880.000000
E 15 23 670.000000 990.000000 765.000000 990.000000
E 16 20 670.000000 880.000000 990.500000 880.500000
E 17 18 870.500000 990.500000 990.000000 990.000000
E 17 19 870.500000 990.500000 870.000000 1150.000000
E 23 17 765.000000 990.000000 870.500000 990.500000
E 18 20 990.000000 990.000000 990.500000 880.500000
E 19 22 870.000000 1150.000000 979.000000 1150.000000
E 24 19 1205.000000 1050.000000 870.000000 1050.000000 870.000000 1150.000000
E 20 21 990.500000 880.500000 1105.000000 880.000000
G 1029013936.json 18 21
V 105.000000 399.000000 30.000000 30.000000
V 185.000000 399.000000 40.000000 40.000000
V 285.000000 325.000000 100.000000 80.000000
V 875.000000 399.000000 40.000000 40.000000
V 990.000000 339.000000 100.000000 80.000000
V 990.000000 453.000000 100.000000 80.000000
V 1250.000000 399.000000 40.000000 40.000000
V 485.000000 399.000000 100.000000 80.000000
V 1325.000000 399.000000 40.000000 40.000000
V 1440.000000 475.000000 100.000000 80.000000
V 380.000000 399.000000 40.000000 40.000000
V 1135.000000 339.000000 100.000000 80.000000
V 1555.000000 399.000000 40.000000 40.000000
V 1634.000000 399.000000 28.000000 28.000000
V 1135.000000 453.000000 30.000000 30.000000
V 600.000000 399.000000 40.000000 40.000000
V 695.000000 499.000000 100.000000 80.000000
V 796.000000 399.000000 40.000000 40.000000
E 0 1 105.000000 399.000000 185.500000 399.500000
E 1 2 185.500000 399.500000 185.500000 325.000000 285.000000 325.000000
E 1 10 185.500000 399.500000 380.500000 399.500000
E 2 10 285.000000 325.000000 380.500000 325.000000 380.500000 399.500000
E 3 4 875.500000 399.500000 875.500000 339.000000 990.000000 339.000000
E 3 5 875.500000 399.500000 875.500000 453.000000 990.000000 453.000000
E 17 3 796.500000 399.500000 875.500000 399.500000
E 4 11 990.000000 339.000000 1135.000000 339.000000
E 5 14 990.000000 453.000000 1135.000000 453.000000
E 6 8 1250.500000 399.500000 1325.500000 399.500000
E 11 6 1135.000000 339.000000 1250.500000 339.000000 1250.500000 399.500000
E 14 6 1135.000000 453.000000 1250.500000 453.000000 1250.500000 399.500000
E 10 7 380.500000 399.500000 485.000000 399.000000
E 7 15 485.000000 399.000000 600.500000 399.500000
E 8 9 1325.500000 399.500000 1325.500000 475.000000 1440.000000 475.000000
E 8 12 1325.500000 399.500000 1555.500000 399.500000
E 9 12 1440.000000 475.000000 1555.500000 475.000000 1555.500000 399.500000
E 12 13 1555.500000 399.500000 1634.000000 399.000000
E 15 16 600.500000 399.500000 600.500000 499.000000 695.000000 499.000000
E 15 17 600.500000 399.500000 796.500000 399.500000
E 16 17 695.000000 499.000000 796.500000 499.000000 796.500000 399.500000
G 1029021536.json 17 16
V 530.000000 285.000000 100.000000 80.000000
V 424.000000 285.000000 30.000000 30.000000
V 665.000000 285.000000 40.000000 40.000000
V 770.000000 285.000000 100.000000 80.000000
V 820.000000 389.000000 28.000000 28.000000
V 665.000000 535.000000 100.000000 80.000000
V 774.000000 535.000000 28.000000 28.000000
V 661.000000 647.000000 28.000000 28.000000
V 434.000000 494.000000 28.000000 28.000000
V 841.000500 615.086500 62.001000 60.173000
V 495.000000 765.000000 30.000000 30.000000
V 605.000000 765.000000 100.000000 80.000000
V 720.000000 765.000000 40.000000 40.000000
V 509.000000 903.500000 88.000000 97.000000
V 805.000000 824.000000 100.000000 80.000000
V 935.000000 745.000000 100.000000 50.000000
V 820.000000 928.000000 28.000000 28.000000
E 1 0 424.000000 285.000000 530.000000 285.000000
E 0 2 530.000000 285.000000 665.500000 285.500000
E 2 3 665.500000 285.500000 770.000000 285.000000
E 2 5 665.500000 285.500000 665.000000 535.000000
E 3 4 770.000000 285.000000 770.000000 389.000000 820.000000 389.000000
E 5 6 665.000000 535.000000 774.000000 535.000000
E 5 7 665.000000 535.000000 665.000000 604.000000 661.000000 604.000000 661.000000 647.000000
E 5 8 665.000000 535.000000 531.500000 535.000000 531.500000 494.000000 434.000000 494.000000
U 9 5 840.575500 614.924500 665.000000 535.000000
E 5 10 665.000000 535.000000 495.000000 535.000000 495.000000 765.000000
E 10 11 495.000000 765.000000 605.000000 765.000000
E 11 12 605.000000 765.000000 720.500000 765.500000
E 11 13 605.000000 765.000000 509.000000 903.500000
E 12 14 720.500000 765.500000 720.500000 824.000000 805.000000 824.000000
U 14 15 805.000000 824.000000 886.000000 744.000000
E 14 16 805.000000 824.000000 820.000000 928.000000
G 1029758987.json 19 20
V 240.000000 350.000000 150.000000 100.000000
V 45.000000 350.000000 30.000000 30.000000
V 542.500000 265.000000 125.000000 110.000000
V 380.000000 350.000000 40.000000 40.000000
V 380.000000 515.000000 137.000000 100.000000
V 572.500000 515.000000 125.000000 110.000000
V 752.500000 515.000000 125.000000 110.000000
V 573.000000 640.250000 28.375000 20.500000
V 543.000000 130.250000 28.375000 20.500000
V 780.000000 265.000000 150.000000 100.000000
V 1005.000000 265.000000 150.000000 110.000000
V 1208.500000 265.000000 137.000000 125.000000
V 1005.000000 130.000000 28.375000 20.500000
V 1005.000000 515.000000 125.000000 100.000000
V 1370.000000 265.000000 40.000000 40.000000
V 1178.500000 515.000000 137.000000 100.000000
V 1384.500000 515.000000 125.000000 110.000000
V 1005.500000 640.000000 28.375000 20.500000
V 1385.000000 640.000000 28.000000 28.000000
E 1 0 45.000000 350.000000 240.000000 350.000000
E 0 3 240.000000 350.000000 380.500000 350.500000
E 3 2 380.500000 350.500000 380.500000 265.000000 542.500000 265.000000
E 6 2 752.500000 515.000000 752.500000 395.000000 542.500000 395.000000 542.500000 265.000000
U 2 8 542.500000 265.000000 541.962500 129.250000
E 2 9 542.500000 265.000000 780.000000 265.000000
E 3 4 380.500000 350.500000 380.000000 515.000000
E 4 5 380.000000 515.000000 572.500000 515.000000
E 5 6 572.500000 515.000000 752.500000 515.000000
U 5 7 572.500000 515.000000 571.962500 639.250000
E 9 10 780.000000 265.000000 1005.000000 265.000000
E 14 9 1370.500000 265.500000 1370.500000 70.000000 780.000000 70.000000 780.000000 265.000000
E 10 11 1005.000000 265.000000 1208.500000 265.000000
U 10 12 1005.000000 265.000000 1003.962500 129.000000
E 11 14 1208.500000 265.000000 1370.500000 265.500000
E 14 13 1370.500000 265.500000 1370.500000 378.000000 1005.000000 378.000000 1005.000000 515.000000
E 13 15 1005.000000 515.000000 1178.500000 515.000000
U 13 17 1005.000000 515.000000 1004.462500 639.000000
E 15 16 1178.500000 515.000000 1384.500000 515.000000
E 16 18 1384.500000 515.000000 1385.000000 640.000000
G 1030199890.json 20 19
V 1590.000000 296.000000 30.000000 30.000000
V 1700.000000 296.000000 100.000000 80.000000
V 1830.000000 296.000000 30.000000 30.000000
V 2070.000000 296.000000 30.000000 30.000000
V 2210.000000 296.000000 100.000000 80.000000
V 1370.000000 905.749340 100.000000 80.000000
V 750.000000 770.562005 30.000000 30.000000
V 870.000000 770.562005 30.000000 30.000000
V 1115.000000 743.562005 100.000000 80.000000
V 870.000000 489.000000 30.000000 30.000000
V 980.000000 489.000000 100.000000 80.000000
V 1115.000000 489.000000 40.000000 40.000000
V 1259.000000 489.000000 28.000000 28.000000
V 980.000500 596.086500 62.001000 60.173000
V 1295.000000 94.000000 100.000000 80.000000
V 1475.000000 94.000000 100.000000 80.000000
V 1590.000000 94.000000 30.000000 30.000000
V 1830.000000 94.000000 30.000000 30.000000
V 1940.000000 94.000000 100.000000 80.000000
V 2070.000000 94.000000 30.000000 30.000000
E 0 1 1590.000000 296.000000 1700.000000 296.000000
E 16 0 1590.000000 94.000000 1590.000000 296.000000
E 1 2 1700.000000 296.000000 1830.000000 296.000000
E 2 17 1830.000000 296.000000 1830.000000 94.000000
E 3 4 2070.000000 296.000000 2210.000000 296.000000
E 19 3 2070.000000 94.000000 2070.000000 296.000000
E 14 5 1295.000000 94.000000 1370.000000 105.000000 1370.000000 905.749340
E 5 15 1370.000000 905.749340 1475.000000 905.749340 1475.000000 94.000000
E 6 7 750.000000 770.562005 870.000000 770.562005
E 7 9 870.000000 770.562005 870.000000 489.000000
E 11 8 1115.500000 489.500000 1115.000000 743.562005
E 8 14 1115.000000 743.562005 1295.000000 743.562005 1295.000000 94.000000
E 9 10 870.000000 489.000000 980.000000 489.000000
E 10 11 980.000000 489.000000 1115.500000 489.500000
U 10 13 980.000000 489.000000 979.575500 595.924500
E 11 12 1115.500000 489.500000 1259.000000 489.000000
E 15 16 1475.000000 94.000000 1590.000000 94.000000
E 17 18 1830.000000 94.000000 1940.000000 94.000000
E 18 19 1940.000000 94.000000 2070.000000 94.000000
G 103042800.json 19 22
V 135.000000 515.000000 30.000000 30.000000
V 245.000000 515.000000 100.000000 80.000000
V 420.000000 515.000000 30.000000 30.000000
V 690.000000 515.000000 40.000000 40.000000
V 775.000000 515.000000 30.000000 30.000000
V 885.000000 515.000000 100.000000 80.000000
V 1070.000000 515.000000 100.000000 80.000000
V 1223.499976 515.000000 40.000000 40.000000
V 1335.000000 515.000000 30.000000 30.000000
V 1460.000000 515.000000 40.000000 40.000000
V 1575.000000 434.000000 30.000000 30.000000
V 1580.000000 580.000000 100.000000 80.000000
V 1689.000000 580.000000 28.000000 28.000000
V 1223.499976 434.000000 30.000000 30.000000
V 395.000000 560.000000 30.000000 30.000000
V 353.000000 515.000000 40.000000 40.000000
V 690.000000 434.000000 30.000000 30.000000
V 1689.000000 453.500000 88.000000 97.000000
V 553.000000 515.000000 100.000000 80.000000
E 0 1 135.000000 515.000000 245.000000 515.000000
E 10 1 1575.000000 434.000000 1575.000000 401.000000 245.000000 401.000000 245.000000 515.000000
E 13 1 1223.499976 434.000000 1153.000000 434.000000 1153.000000 401.000000 245.000000 401.000000 245.000000 515.000000
E 14 1 395.000000 560.000000 395.000000 612.000000 270.000000 612.000000 270.000000 515.000000
E 1 15 245.000000 515.000000 353.500000 515.500000
E 15 2 353.500000 515.500000 420.000000 515.000000
E 2 18 420.000000 515.000000 553.000000 515.000000
E 3 4 690.500000 515.500000 775.000000 515.000000
E 3 16 690.500000 515.500000 690.000000 434.000000
E 18 3 553.000000 515.000000 690.500000 515.500000
E 4 5 775.000000 515.000000 885.000000 515.000000
E 5 6 885.000000 515.000000 1070.000000 515.000000
E 6 7 1070.000000 515.000000 1223.999976 515.500000
E 7 8 1223.499976 515.000000 1335.000000 515.000000
E 7 13 1223.999976 515.500000 1223.499976 434.000000
E 8 9 1335.000000 515.000000 1460.000000 515.000000
E 9 10 1460.500000 515.500000 1460.500000 434.000000 1575.000000 434.000000
E 9 11 1460.500000 515.500000 1460.500000 580.000000 1580.000000 580.000000
E 11 12 1580.000000 580.000000 1689.000000 580.000000
U 17 11 1689.000000 453.500000 1580.000000 580.000000
E 15 14 353.500000 515.500000 353.500000 560.000000 395.000000 560.000000
E 16 15 690.000000 434.000000 353.500000 434.000000 353.500000 515.500000
G 1030489511.json 17 19
V 45.000000 270.000000 30.000000 30.000000
V 230.000000 270.000000 40.000000 40.000000
V 345.000000 145.000000 100.000000 80.000000
V 485.000000 270.000000 40.000000 40.000000
V 600.000000 270.000000 100.000000 80.000000
V 715.000000 270.000000 40.000000 40.000000
V 844.000000 144.500000 128.000000 79.000000
V 830.000000 430.000000 100.000000 80.000000
V 980.000000 430.000000 40.000000 40.000000
V 1095.000000 310.000000 100.000000 80.000000
V 1095.000000 580.000000 100.000000 80.000000
V 1289.000000 580.000000 28.000000 28.000000
V 180.000000 55.000000 30.000000 30.000000
V 275.000000 55.000000 100.000000 80.000000
V 125.000000 270.000000 40.000000 40.000000
V 125.000000 390.000000 30.000000 30.000000
V 275.000000 390.000000 100.000000 80.000000
E 0 14 45.000000 270.000000 125.500000 270.500000
E 1 2 230.500000 270.500000 230.500000 145.000000 345.000000 145.000000
E 1 3 230.500000 270.500000 485.500000 270.500000
E 14 1 125.500000 270.500000 230.500000 270.500000
E 2 3 345.000000 145.000000 485.000000 145.000000 485.000000 270.000000
E 3 4 485.500000 270.500000 600.000000 270.000000
E 4 5 600.000000 270.000000 715.500000 270.500000
E 5 6 715.500000 270.500000 715.500000 144.500000 844.000000 144.500000
E 5 7 715.500000 270.500000 715.500000 430.000000 830.000000 430.000000
E 7 8 830.000000 430.000000 980.500000 430.500000
E 8 9 980.500000 430.500000 980.500000 310.000000 1095.000000 310.000000
E 8 10 980.500000 430.500000 980.500000 580.000000 1095.000000 580.000000
E 9 11 1095.000000 310.000000 1167.500000 310.000000 1167.500000 580.000000 1289.000000 580.000000
E 10 11 1095.000000 580.000000 1289.000000 580.000000
E 16 11 275.000000 390.000000 275.000000 697.000000 1289.000000 697.000000 1289.000000 580.000000
E 12 13 180.000000 55.000000 275.000000 55.000000
E 14 12 125.500000 270.500000 125.500000 55.254237 180.000000 55.254237
E 14 15 125.500000 270.500000 125.000000 390.000000
E 15 16 125.000000 390.000000 275.000000 390.000000
G 1030705906.json 15 18
V 665.000000 670.000000 100.000000 80.000000
V 75.000000 670.000000 28.000000 28.000000
V 575.000000 670.000000 40.000000 40.000000
V 755.000000 670.000000 40.000000 40.000000
V 840.000000 670.000000 40.000000 40.000000
V 1454.000000 670.000000 28.000000 28.000000
V 665.000000 455.000000 100.000000 80.000000
V 955.000000 455.000000 100.000000 80.000000
V 1205.000000 455.000000 100.000000 80.000000
V 1085.000000 455.000000 40.000000 40.000000
V 170.000000 285.000000 100.000000 80.000000
V 380.000000 235.000000 100.000000 80.000000
V 380.000000 340.000000 100.000000 80.000000
V 285.000000 285.000000 40.000000 40.000000
V 470.000000 285.000000 40.000000 40.000000
E 2 0 575.000000 670.000000 615.000000 670.000000
E 0 3 715.000000 670.000000 755.000000 670.000000
E 1 10 75.000000 670.000000 97.500000 670.000000 97.500000 285.000000 120.000000 285.000000
E 2 6 575.000000 670.000000 575.500000 455.000000 615.000000 455.000000
E 14 2 470.000000 285.000000 522.500000 285.500000 522.500000 670.500000 575.000000 670.000000
E 3 4 755.000000 670.000000 840.000000 670.000000
E 6 3 715.000000 455.000000 755.500000 455.000000 755.000000 670.000000
E 4 5 840.000000 670.000000 1454.000000 670.000000
E 4 7 840.000000 670.000000 840.500000 455.000000 905.000000 455.000000
E 8 5 1255.000000 455.000000 1454.000000 455.000000 1454.000000 670.000000
E 9 5 1085.000000 455.000000 1085.500000 646.000000 1426.000000 646.000000 1454.000000 670.000000
E 7 9 1005.000000 455.000000 1085.000000 455.000000
E 9 8 1085.000000 455.000000 1155.000000 455.000000
E 10 13 220.000000 285.000000 285.000000 285.000000
E 13 11 285.000000 285.000000 285.500000 235.000000 330.000000 235.000000
E 11 14 430.000000 235.000000 470.500000 235.000000 470.000000 285.000000
E 13 12 285.000000 285.000000 285.500000 340.000000 330.000000 340.000000
E 12 14 430.000000 340.000000 470.500000 340.000000 470.000000 285.000000
G 103078634.json 16 19
V 237.418853 208.000000 40.000000 40.000000
V 339.891804 143.000000 100.000000 80.000000
V 339.891804 278.000000 100.000000 80.000000
V 430.680056 208.000000 40.000000 40.000000
V 541.205557 208.000000 116.105100 100.000000
V 713.842350 208.000000 100.000000 80.000000
V 943.833063 414.897406 100.000000 55.250000
V 339.891804 498.500000 100.000000 95.000000
V 484.837707 499.000000 100.000000 80.000000
V 599.783609 499.000000 40.000000 40.000000
V 1342.670770 499.000000 28.000000 28.000000
V 678.098909 414.522406 100.000000 55.250000
V 793.044812 414.897406 40.000000 40.000000
V 1252.040168 499.000000 40.000000 40.000000
V 1058.778966 414.897406 40.000000 40.000000
V 1161.251917 208.000000 100.000000 80.000000
E 0 1 245.418853 197.000000 245.418853 143.000000 290.891804 143.000000
E 0 2 237.918853 208.500000 237.918853 278.000000 339.891804 278.000000
E 1 3 339.891804 143.000000 431.180056 143.000000 431.180056 208.500000
E 2 3 339.891804 278.000000 431.180056 278.000000 431.180056 208.500000
E 3 4 431.180056 208.500000 541.205557 208.000000
E 4 5 599.258107 207.375000 664.842350 207.500000
E 5 7 713.842350 208.000000 713.842350 334.000000 239.000000 334.000000 239.000000 498.500000 339.891804 498.500000
E 12 6 793.044812 414.897406 943.833063 414.897406
E 6 14 943.833063 414.897406 1059.278966 415.397406
E 7 8 339.891804 498.500000 484.837707 499.000000
E 8 9 484.837707 499.000000 615.214816 499.000000
E 9 11 599.783609 499.000000 599.783609 414.522406 678.098909 414.522406
E 9 13 600.283609 499.500000 600.283609 580.000000 1252.540168 580.000000 1252.540168 499.500000
E 13 10 1252.540168 499.500000 1342.670770 499.000000
E 11 12 678.098909 414.522406 793.544812 414.897406
E 12 13 793.961394 434.897406 793.961394 499.500000 1252.540168 499.500000
E 14 13 1059.278966 415.397406 1191.777463 415.397406 1252.540168 499.500000
E 15 13 1161.251917 208.000000 1252.540168 208.000000 1252.540168 499.500000
E 14 15 1059.278966 415.397406 1059.278966 208.000000 1161.251917 208.000000
G 1030935923.json 18 20
V 15.000000 852.000000 30.000000 30.000000
V 149.000000 852.000000 118.000000 80.000000
V 280.000000 1036.000000 28.000000 28.000000
V 280.000000 852.000000 40.000000 40.000000
V 551.000000 858.000000 118.000000 80.000000
V 777.000000 858.000000 118.000000 80.000000
V 936.000000 998.000000 100.000000 80.000000
V 1081.000000 858.000000 100.000000 80.000000
V 1825.000000 858.000000 100.000000 80.000000
V 1996.000000 858.000000 100.000000 80.000000
V 2116.000000 858.000000 28.000000 28.000000
V 936.000000 858.000000 40.000000 40.000000
V 1430.000000 854.000000 40.000000 40.000000
V 1280.000000 858.000000 100.000000 80.000000
V 1565.000000 717.000000 100.000000 80.000000
V 1565.000000 858.000000 100.000000 80.000000
V 1700.000000 852.000000 40.000000 40.000000
V 1825.000000 998.000000 40.000000 40.000000
E 0 1 15.000000 852.000000 149.000000 852.000000
E 1 3 149.000000 852.000000 280.500000 852.500000
E 3 2 284.000000 861.000000 284.000000 1025.000000
E 3 4 297.000000 858.000000 493.000000 858.000000
E 11 3 937.000000 840.000000 937.000000 740.000000 285.000000 740.000000 285.000000 840.000000
E 4 5 609.000000 858.000000 719.000000 858.000000
E 5 11 835.000000 858.000000 921.000000 858.000000
E 11 6 937.000000 872.000000 936.000000 959.000000
E 6 17 985.000000 998.000000 1811.000000 998.000000
E 11 7 936.500000 858.500000 1032.000000 858.000000
E 7 13 1130.000000 858.000000 1231.000000 858.000000
E 8 9 1874.000000 858.000000 1947.000000 858.000000
E 16 8 1714.000000 852.000000 1784.000000 852.000000
E 17 8 1830.000000 984.000000 1830.000000 898.000000
E 9 10 2045.000000 860.000000 2104.000000 860.000000
E 13 12 1329.000000 858.000000 1415.000000 858.000000
E 12 14 1429.000000 842.000000 1429.000000 717.000000 1516.000000 717.000000
E 12 15 1441.000000 858.000000 1516.000000 858.000000
E 14 16 1614.000000 717.000000 1700.000000 717.000000 1700.000000 843.000000
E 15 16 1614.000000 858.000000 1691.000000 858.000000
G 1031337985.json 16 17
V 299.000000 433.000000 100.000000 80.000000
V 429.000000 433.000000 40.000000 40.000000
V 229.500000 328.000000 247.000000 116.000000
V 167.000000 339.000000 100.000000 80.000000
V 299.000000 339.000000 30.000000 30.000000
V 514.500000 279.000000 141.000000 48.000000
V 534.000000 590.000000 100.000000 50.000000
V 167.000000 567.500000 88.000000 97.000000
V 534.000000 433.000000 30.000000 30.000000
V 299.000000 532.000000 100.000000 80.000000
V 712.500000 532.000000 135.000000 34.000000
V 465.000000 1025.000000 30.000000 30.000000
V 258.000000 977.500000 184.000000 125.000000
V 230.000000 986.000000 100.000000 80.000000
V 230.000000 1090.000000 100.000000 80.000000
V 399.000000 1025.000000 40.000000 40.000000
E 0 1 299.000000 433.000000 429.500000 433.500000
E 13 0 230.000000 947.000000 230.000000 489.000000 274.000000 472.000000
E 2 1 229.500000 328.000000 429.500000 328.000000 429.500000 433.500000
E 1 8 429.500000 433.500000 534.000000 433.000000
E 9 1 299.000000 532.000000 429.500000 532.000000 429.500000 433.500000
U 5 2 445.000000 278.040000 229.500000 328.000000
U 2 7 167.000000 384.000000 167.000000 567.500000
E 3 4 167.000000 339.000000 299.000000 339.000000
U 4 5 299.000000 339.000000 445.410000 278.040000
U 6 7 485.000000 589.000000 200.000000 589.000000
U 8 6 534.000000 433.000000 485.000000 451.000000 485.000000 589.000000
U 9 6 299.000000 532.000000 485.000000 589.000000
U 11 7 465.000000 1025.000000 465.000000 843.000000 167.000000 843.000000 167.000000 567.500000
U 9 10 299.000000 532.000000 646.350000 531.320000
E 15 11 399.500000 1025.500000 465.000000 1025.000000
E 12 15 258.000000 977.500000 399.500000 977.500000 399.500000 1025.500000
E 14 15 230.000000 1090.000000 399.500000 1090.000000 399.500000 1025.500000
G 1031360578.json 32 32
V 166.018518 177.518518 40.000000 40.000000
V 251.018518 177.518518 40.000000 40.000000
V 319.641215 84.518518 30.000000 30.000000
V 366.851851 177.518518 30.000000 30.000000
V 408.018518 84.518518 28.000000 28.000000
V 466.666666 177.518518 100.000000 80.000000
V 78.518518 177.518518 30.000000 30.000000
V 570.555554 177.518518 30.000000 30.000000
V 632.037035 177.518518 40.000000 40.000000
V 711.037035 32.518518 28.000000 28.000000
V 755.740739 126.111111 30.000000 30.000000
V 166.018518 255.740740 30.000000 30.000000
V 845.000000 206.740740 100.000000 80.000000
V 961.685182 206.740740 40.000000 40.000000
V 1052.037034 168.752330 30.000000 30.000000
V 1112.393732 237.222222 30.000000 30.000000
V 1172.839503 261.608749 40.000000 40.000000
V 1325.000000 261.608749 100.000000 80.000000
V 1440.010778 262.033230 40.000000 40.000000
V 1520.389432 193.021641 30.000000 30.000000
V 1611.838909 305.809330 30.000000 30.000000
V 1594.594926 193.152567 28.000000 28.000000
V 1701.522649 305.809330 30.000000 30.000000
V 1215.000000 168.956915 30.000000 30.000000
V 1290.388887 169.132274 30.000000 30.000000
V 366.851851 350.000000 30.000000 30.000000
V 515.000000 350.000000 100.000000 80.000000
V 632.037035 350.000000 40.000000 40.000000
V 800.000000 350.000000 100.000000 80.000000
V 910.240741 350.000000 30.000000 30.000000
V 995.000000 375.240741 100.000000 80.000000
V 1149.926530 375.601852 28.000000 28.000000
E 0 1 166.518518 178.018518 251.518518 178.018518
E 6 0 78.518518 177.518518 166.518518 178.018518
E 11 0 166.018518 255.740740 166.018518 177.518518
E 1 2 251.518518 178.018518 251.518518 84.518518 319.641215 84.518518
E 1 3 251.518518 178.018518 366.851851 177.518518
E 1 25 251.518518 178.018518 251.518518 350.000000 366.851851 350.000000
E 2 4 319.641215 84.518518 408.018518 84.518518
E 3 5 366.851851 177.518518 466.666666 177.518518
E 5 7 466.666666 177.518518 570.555554 177.518518
E 7 8 570.555554 177.518518 632.537035 178.018518
E 8 9 632.537035 178.018518 632.537035 32.518518 711.037035 32.518518
E 8 10 632.537035 178.018518 697.530855 126.111111 755.740739 126.111111
E 8 12 632.537035 178.018518 691.358013 206.740740 845.000000 206.740740
E 8 16 632.537035 178.018518 632.537035 288.000000 1137.000000 288.000000 1173.339503 262.108749
E 12 13 845.000000 206.740740 962.185182 207.240740
E 13 14 962.185182 207.240740 962.185182 168.752330 1052.037034 168.752330
E 13 15 962.185182 207.240740 962.185182 237.222222 1103.490371 237.222222
E 14 23 1052.037034 168.752330 1215.263818 169.074739
E 15 16 1123.304467 237.222222 1140.000000 237.222222 1172.839503 261.608749
E 16 17 1173.339503 262.108749 1325.000000 261.608749
E 17 18 1325.000000 261.608749 1440.510778 262.533230
E 18 19 1440.510778 262.533230 1440.510778 193.021641 1520.389432 193.021641
E 18 20 1440.510778 262.533230 1440.510778 305.809330 1611.838909 305.809330
E 19 21 1520.389432 193.021641 1594.594926 193.152567
E 20 22 1611.838909 305.809330 1701.522649 305.809330
E 23 24 1215.000000 168.956915 1290.788124 169.309707
E 25 26 366.851851 350.000000 515.000000 350.000000
E 26 27 515.000000 350.000000 632.537035 350.500000
E 27 28 632.537035 350.500000 800.000000 350.000000
E 27 30 632.537035 350.500000 698.000000 434.000000 908.000000 434.000000 995.000000 375.240741
E 28 29 800.000000 350.000000 910.485408 350.244668
E 30 31 995.000000 375.240741 1150.171483 375.972524
G 1031414416.json 15 14
V 901.249989 189.635804 62.001000 60.173000
V 1048.049986 189.635804 30.000000 30.000000
V 160.199998 730.680776 30.000000 30.000000
V 619.694991 730.680776 731.189991 160.000000
V 340.399995 730.680776 100.000000 80.000000
V 512.109992 730.680776 153.019999 80.000000
V 721.249489 730.680776 172.830491 80.000000
V 902.664735 730.680776 100.000000 80.000000
V 2219.000000 829.714921 28.000000 28.000000
V 1548.915000 829.714921 127.830000 80.000000
V 1729.395221 829.714921 172.830491 80.000000
V 1947.225712 829.714921 172.830491 80.000000
V 1187.714984 1253.962817 127.830000 80.000000
V 1048.049986 1253.962817 30.000000 30.000000
V 1326.799978 1253.962817 40.000000 40.000000
U 0 1 900.824989 189.473804 1048.049986 189.635804
E 7 0 902.664735 730.680776 900.824989 189.473804
E 1 13 1048.049986 189.635804 1048.049986 1253.962817
E 2 4 160.199998 730.680776 340.399995 730.680776
E 14 3 1327.299978 1268.994874 1327.299978 1430.908123 619.694991 1430.908123 619.694991 809.680776
E 4 5 340.399995 730.680776 512.109992 730.680776
E 5 6 512.109992 730.680776 721.249489 730.680776
E 6 7 721.249489 730.680776 902.664735 730.680776
E 11 8 1947.225712 829.714921 2219.000000 829.714921
E 9 10 1548.915000 829.714921 1729.395221 829.714921
E 14 9 1327.299978 1254.462817 1327.299978 829.714921 1548.915000 829.714921
E 10 11 1729.395221 829.714921 1947.225712 829.714921
E 13 12 1048.049986 1253.962817 1187.714984 1253.962817
E 12 14 1187.714984 1253.962817 1327.299978 1254.462817
G 1031449026.json 21 22
V 150.000000 115.000000 30.000000 30.000000
V 335.000000 385.000000 100.000000 80.000000
V 530.000000 385.000000 100.000000 80.000000
V 335.000000 115.000000 100.000000 80.000000
V 530.000000 115.000000 40.000000 40.000000
V 710.000000 115.000000 100.000000 80.000000
V 1349.000000 265.000000 28.000000 28.000000
V 335.000000 610.000000 100.000000 80.000000
V 335.000000 760.000000 100.000000 80.000000
V 530.000000 760.000000 40.000000 40.000000
V 710.000000 610.000000 100.000000 80.000000
V 890.000000 610.000000 100.000000 80.000000
V 1040.000000 610.000000 100.000000 80.000000
V 1160.000000 610.000000 40.000000 40.000000
V 1160.000000 925.000000 100.000000 80.000000
V 1349.000000 925.000000 28.000000 28.000000
V 335.000000 925.000000 100.000000 80.000000
V 530.000000 925.000000 100.000000 80.000000
V 710.000000 925.000000 100.000000 80.000000
V 710.000000 760.000000 100.000000 80.000000
V 150.000000 925.000000 100.000000 80.000000
E 0 3 150.000000 115.000000 286.000000 115.000000
E 2 1 481.000000 385.000000 384.000000 385.000000
E 4 1 530.500000 115.500000 530.500000 186.250000 310.000000 186.250000 310.000000 346.000000
E 5 1 710.000000 115.000000 710.000000 215.250000 360.000000 215.250000 360.000000 346.000000
E 1 7 335.000000 424.000000 335.000000 571.000000
E 9 2 530.500000 760.500000 530.000000 424.000000
E 3 4 335.000000 115.000000 530.500000 115.500000
E 4 5 530.500000 115.500000 710.000000 115.000000
E 13 6 1160.500000 610.500000 1160.500000 265.000000 1349.000000 265.000000
E 7 8 335.000000 610.000000 335.000000 760.000000
E 8 9 384.000000 760.000000 530.500000 760.500000
E 9 20 530.500000 760.500000 530.500000 832.500000 150.000000 832.500000 150.000000 886.000000
E 10 11 710.000000 610.000000 890.000000 610.000000
E 19 10 710.000000 760.000000 710.000000 610.000000
E 11 12 890.000000 610.000000 1040.000000 610.000000
E 12 13 1040.000000 610.000000 1160.500000 610.500000
E 13 14 1160.500000 610.500000 1160.000000 925.000000
E 14 15 1160.000000 925.000000 1349.000000 925.000000
E 16 17 335.000000 925.000000 530.000000 925.000000
E 20 16 150.000000 925.000000 335.000000 925.000000
E 17 18 530.000000 925.000000 710.000000 925.000000
E 18 19 710.000000 925.000000 710.000000 799.000000
G 1031585442.json 39 49
V 119.231127 145.077353 30.000000 30.000000
V 457.770735 145.077353 40.000000 40.000000
V 311.654706 145.077353 123.000000 80.000000
V 3425.499069 485.150913 123.000000 80.000000
V 3649.000000 485.150913 28.000000 28.000000
V 3550.768873 485.150913 40.000000 40.000000
V 195.923578 616.304688 100.000000 80.000000
V 966.500000 95.000000 40.000000 40.000000
V 195.923578 833.304688 28.000000 28.000000
V 1496.146323 485.150913 100.000000 80.000000
V 2499.836911 519.463186 100.000000 80.000000
V 2670.336911 485.150913 119.000000 80.000000
V 2820.836911 485.150913 100.000000 80.000000
V 2965.836911 375.150913 40.000000 40.000000
V 2490.836911 375.150913 40.000000 40.000000
V 675.000000 145.077353 100.000000 80.000000
V 1141.760489 375.150913 100.000000 80.000000
V 1308.530293 249.308480 40.000000 40.000000
V 3224.911002 485.150913 100.000000 80.000000
V 2965.336911 485.150913 119.000000 80.000000
V 1141.760489 485.150913 40.000000 40.000000
V 3224.911002 375.150913 40.000000 40.000000
V 1308.530293 375.150913 100.000000 80.000000
V 3084.959734 485.150913 100.000000 80.000000
V 2180.836911 651.463186 100.000000 80.000000
V 1983.836911 867.963186 88.000000 97.000000
V 1963.836911 651.463186 100.000000 80.000000
V 2313.836911 651.463186 100.000000 80.000000
V 1620.836911 651.463186 100.000000 80.000000
V 2499.336911 651.463186 147.000000 80.000000
V 1725.836911 651.463186 40.000000 40.000000
V 1830.836911 651.463186 100.000000 80.000000
V 2075.836911 651.463186 40.000000 40.000000
V 1620.836911 485.150913 100.000000 80.000000
V 1395.850883 582.848088 40.000000 40.000000
V 2313.836911 416.079725 40.000000 40.000000
V 312.154706 20.000000 40.000000 40.000000
V 1141.760489 249.308480 40.000000 40.000000
V 675.000000 61.692451 40.000000 40.000000
E 0 36 119.231127 145.077353 119.231127 20.500000 312.654706 20.500000
E 2 1 311.654706 145.077353 458.270735 145.577353
E 1 6 458.270735 145.577353 458.270735 616.304688 195.923578 616.304688
E 1 38 458.270735 145.577353 576.745573 145.577353 576.745573 63.000000 669.369226 63.000000
E 36 2 311.654706 20.500000 311.654706 145.077353
E 3 5 3425.499069 485.150913 3551.268873 485.650913
E 18 3 3224.911002 485.150913 3425.499069 485.150913
E 5 4 3551.268873 485.650913 3649.000000 485.150913
E 5 7 3551.268873 497.150913 3551.268873 95.500000 967.000000 95.500000
E 6 8 195.923578 616.304688 195.923578 833.304688
E 7 36 967.000000 95.500000 967.000000 20.500000 312.654706 20.500000
E 7 38 967.000000 95.500000 835.750000 95.500000 835.750000 63.000000 681.917801 63.000000
E 9 33 1496.146323 485.150913 1620.836911 485.150913
E 34 9 1396.350883 583.348088 1496.146323 583.348088 1496.146323 485.150913
E 10 29 2499.836911 519.463186 2499.336911 651.463186
E 35 10 2314.336911 416.579725 2499.836911 519.463186
E 11 12 2670.336911 485.150913 2820.836911 485.150913
E 29 11 2499.336911 651.463186 2670.336911 651.463186 2670.336911 485.150913
E 12 19 2820.836911 485.150913 2907.026911 485.150913
E 13 14 2966.336911 375.650913 2491.336911 375.650913
E 19 13 2965.336911 485.150913 2966.336911 375.650913
E 13 23 2966.336911 375.650913 3084.959734 375.650913 3084.959734 446.150913
E 14 34 2491.336911 375.650913 1396.350883 375.650913 1396.350883 583.348088
E 14 35 2491.336911 375.650913 2491.336911 416.579725 2314.336911 416.579725
E 15 37 675.000000 145.077353 675.000000 249.808480 1142.260489 249.808480
E 38 15 675.500000 62.192451 675.000000 145.077353
E 16 20 1141.760489 375.150913 1142.260489 485.650913
E 37 16 1142.260489 249.808480 1141.760489 375.150913
E 17 21 1309.030293 249.808480 3225.411002 249.808480 3225.411002 375.650913
E 22 17 1308.530293 375.150913 1308.530293 249.308480
E 17 37 1309.030293 249.808480 1142.260489 249.808480
E 21 18 3225.411002 375.650913 3224.911002 485.150913
E 20 22 1142.260489 485.650913 1308.530293 485.650913 1308.530293 375.150913
E 20 34 1142.260489 485.650913 1142.260489 581.522656 1385.317913 581.522656
E 23 21 3084.959734 485.150913 3159.935368 485.150913 3159.935368 375.650913 3225.411002 375.650913
E 25 24 1983.836911 867.963186 2180.836911 651.463186
E 24 27 2180.836911 651.463186 2313.836911 651.463186
E 32 24 2076.336911 651.963186 2180.836911 651.463186
E 25 26 1983.836911 867.963186 1963.836911 651.463186
E 25 27 1983.836911 867.963186 2313.836911 651.463186
E 28 25 1620.836911 651.463186 1983.836911 867.963186
E 25 31 1983.836911 867.963186 1830.836911 651.463186
E 30 26 1726.336911 651.963186 1726.336911 569.463186 1963.836911 569.463186 1963.836911 651.463186
E 26 32 1963.836911 651.463186 2076.336911 651.963186
E 27 35 2313.836911 651.463186 2314.336911 416.579725
E 28 30 1620.836911 651.463186 1726.336911 651.963186
E 33 28 1620.836911 485.150913 1620.836911 651.463186
E 30 31 1726.336911 651.963186 1830.836911 651.463186
E 31 32 1830.836911 651.463186 1830.836911 730.463186 2076.336911 730.463186 2076.336911 651.963186
G 1031642567.json 38 45
V 75.000000 510.000000 30.000000 30.000000
V 200.000000 510.000000 100.000000 80.000000
V 350.000000 510.000000 100.000000 80.000000
V 470.000000 510.000000 40.000000 40.000000
V 350.000000 355.000000 100.000000 80.000000
V 350.000000 625.000000 100.000000 80.000000
V 680.000000 510.000000 100.000000 80.000000
V 75.000000 841.350029 30.000000 30.000000
V 200.000000 841.350029 100.000000 80.000000
V 350.000000 841.350029 100.000000 80.000000
V 521.900026 841.350029 100.000000 80.000000
V 200.000000 1022.850039 100.000000 80.000000
V 350.000000 1022.850039 100.000000 80.000000
V 470.000000 1022.850039 40.000000 40.000000
V 739.700038 1022.850039 100.000000 80.000000
V 594.500030 1174.900046 100.000000 80.000000
V 739.700038 1174.900046 100.000000 80.000000
V 848.600044 841.350029 100.000000 80.000000
V 739.700038 841.350029 40.000000 40.000000
V 993.800052 841.350029 100.000000 80.000000
V 1139.000060 841.350029 100.000000 80.000000
V 1707.950094 841.350029 40.000000 40.000000
V 1937.600105 841.350029 100.000000 80.000000
V 1707.950094 703.000020 100.000000 80.000000
V 1447.550077 841.350029 100.000000 80.000000
V 1284.200068 841.350029 100.000000 80.000000
V 2064.950114 841.350029 28.000000 28.000000
V 848.600044 510.000000 100.000000 80.000000
V 993.800052 510.000000 40.000000 40.000000
V 993.800052 376.300002 100.000000 80.000000
V 1139.000060 510.000000 100.000000 80.000000
V 1447.850079 510.000000 28.000000 28.000000
V 1284.200068 510.000000 100.000000 80.000000
V 993.800052 237.800012 40.000000 40.000000
V 848.600044 237.800012 100.000000 80.000000
V 848.600044 147.050007 40.000000 40.000000
V 1284.200068 330.400016 100.000000 80.000000
V 1447.850079 147.050007 100.000000 80.000000
E 0 1 75.000000 510.000000 200.000000 510.000000
E 1 2 200.000000 510.000000 350.000000 510.000000
E 2 3 350.000000 510.000000 470.500000 510.500000
E 4 2 350.000000 355.000000 350.000000 510.000000
E 3 4 470.500000 510.500000 470.500000 355.000000 350.000000 355.000000
E 3 5 470.500000 510.500000 472.000000 624.000000 350.000000 625.000000
E 3 6 470.500000 510.500000 631.000000 510.000000
E 6 8 680.000000 510.000000 680.000000 694.000000 200.000000 694.000000 200.000000 841.350029
E 6 27 680.000000 510.000000 848.600044 510.000000
E 7 8 75.000000 841.350029 200.000000 841.350029
E 8 9 200.000000 841.350029 350.000000 841.350029
E 9 10 350.000000 841.350029 521.900026 841.350029
E 10 11 521.900026 841.350029 521.900026 929.200029 200.000000 929.200029 200.000000 1022.850039
E 10 18 521.900026 841.350029 740.200038 841.850029
E 11 12 200.000000 1022.850039 350.000000 1022.850039
E 12 13 350.000000 1022.850039 470.500000 1023.350039
E 13 14 470.500000 1023.350039 739.700038 1022.850039
E 13 15 470.500000 1023.350039 470.500000 1174.900046 594.500030 1174.900046
E 16 14 739.700038 1174.900046 739.700038 1022.850039
E 14 18 739.700038 1022.850039 740.200038 841.850029
E 15 16 594.500030 1174.900046 739.700038 1174.900046
E 18 17 740.200038 841.850029 848.600044 841.350029
E 17 19 848.600044 841.350029 993.800052 841.350029
E 19 20 993.800052 841.350029 1139.000060 841.350029
E 21 20 1708.450094 841.850029 1708.450094 924.360040 1140.568193 924.360040 1140.568193 878.965424
E 20 25 1139.000060 841.350029 1284.200068 841.350029
E 21 22 1708.450094 841.850029 1937.600105 841.350029
E 21 23 1708.450094 841.850029 1707.950094 703.000020
E 24 21 1447.550077 841.350029 1708.450094 841.850029
E 22 26 1937.600105 841.350029 2064.950114 841.350029
E 22 30 1937.600105 841.350029 1937.600105 640.090056 1139.000060 640.090056 1139.000060 510.000000
E 23 24 1707.950094 703.000020 1447.550077 703.000020 1447.550077 841.350029
E 25 24 1284.200068 841.350029 1447.550077 841.350029
E 27 28 848.600044 510.000000 994.300052 510.500000
E 28 29 994.300052 510.500000 993.800052 376.300002
E 28 30 994.300052 510.500000 1139.000060 510.000000
E 29 33 993.800052 376.300002 994.300052 238.300012
E 30 32 1139.000060 510.000000 1284.200068 510.000000
E 35 30 849.100044 147.550007 849.100044 66.549997 1139.000060 66.549997 1139.000060 510.000000
E 32 31 1284.200068 510.000000 1447.850079 510.000000
E 37 31 1447.850079 147.050007 1447.850079 510.000000
E 36 32 1284.200068 330.400016 1284.200068 510.000000
E 33 34 994.300052 238.300012 848.600044 237.800012
E 34 35 848.600044 237.800012 849.100044 147.550007
E 35 37 849.100044 147.550007 1447.850079 147.050007
G 1031711789.json 20 21
V 45.000000 240.000000 30.000000 30.000000
V 480.000000 240.000000 30.000000 30.000000
V 750.000000 380.000000 30.000000 30.000000
V 127.500000 240.000000 85.000000 40.000000
V 225.000000 240.000000 30.000000 30.000000
V 312.500000 240.000000 85.000000 40.000000
V 600.000000 240.000000 85.000000 40.000000
V 837.500000 380.000000 85.000000 40.000000
V 680.000000 380.000000 40.000000 40.000000
V 600.500000 380.000000 30.000000 30.000000
V 410.000000 380.000000 85.000000 40.000000
V 838.000000 240.000000 30.000000 30.000000
V 838.000000 80.000000 85.000000 40.000000
V 410.000000 240.000000 40.000000 40.000000
V 600.500000 80.000000 30.000000 30.000000
V 410.000000 80.000000 40.000000 40.000000
V 45.000000 80.000000 28.000000 28.000000
V 510.000000 130.000000 100.000000 50.000000
V 275.000000 334.000000 100.000000 98.000000
V 680.000000 445.000000 100.000000 50.000000
E 0 3 45.000000 240.000000 127.500000 240.000000
E 1 6 480.000000 240.000000 600.000000 240.000000
E 13 1 410.500000 240.500000 480.000000 240.000000
E 2 7 750.000000 380.000000 837.500000 380.000000
E 8 2 680.500000 380.500000 750.000000 380.000000
E 3 4 127.500000 240.000000 225.000000 240.000000
E 4 5 225.000000 240.000000 312.500000 240.000000
E 5 13 312.500000 240.000000 401.000000 240.000000
E 6 8 600.000000 240.000000 680.500000 240.000000 680.500000 380.500000
E 7 11 837.500000 380.000000 838.000000 240.000000
E 8 9 680.500000 380.500000 600.500000 380.000000
U 8 19 680.500000 380.500000 631.000000 444.000000
E 9 10 600.500000 380.000000 410.000000 380.000000
E 10 13 410.000000 380.000000 410.500000 240.500000
E 11 12 838.000000 240.000000 838.000000 80.000000
E 12 14 838.000000 80.000000 600.500000 80.000000
E 15 13 410.500000 80.500000 410.500000 240.500000
U 18 13 226.000000 332.040000 226.000000 292.000000 351.000000 292.000000 410.500000 240.500000
E 14 15 600.500000 80.000000 410.500000 80.500000
E 15 16 410.500000 80.500000 45.000000 80.000000
U 15 17 410.500000 80.500000 461.000000 129.000000
G 1032099534.json 24 29
V 673.000000 686.000000 202.000000 83.000000
V 352.500000 685.500000 40.000000 40.000000
V 278.075012 685.500000 30.000000 30.000000
V 787.500000 821.500000 205.000000 80.000000
V 658.000000 1003.000000 100.000000 80.000000
V 943.000000 1003.000000 100.000000 80.000000
V 787.500000 950.000000 100.000000 50.000000
V 1048.000000 950.000000 100.000000 50.000000
V 1708.075012 728.000000 40.000000 40.000000
V 1787.075012 728.000000 28.000000 28.000000
V 658.000000 498.000000 100.000000 80.000000
V 1050.399986 498.000000 100.000000 80.000000
V 1170.000000 498.000000 40.000000 40.000000
V 1257.500000 440.000000 100.000000 80.000000
V 1256.500000 553.000000 100.000000 80.000000
V 1402.500000 440.000000 100.000000 80.000000
V 1547.500000 440.000000 100.000000 80.000000
V 1547.500000 553.000000 100.000000 80.000000
V 915.500000 498.000000 30.000000 30.000000
V 425.500000 498.000000 40.000000 40.000000
V 789.500000 498.000000 40.000000 40.000000
V 1619.349976 492.000000 40.000000 40.000000
V 750.000000 420.000000 30.000000 30.000000
V 800.000000 1175.000000 100.000000 80.000000
E 1 0 353.000000 686.000000 673.000000 686.000000
E 0 8 673.000000 686.000000 1708.575012 686.000000 1708.575012 728.500000
E 2 1 278.075012 685.500000 353.000000 686.000000
E 1 3 353.000000 686.000000 353.000000 821.500000 787.500000 821.500000
E 1 4 353.000000 686.000000 353.000000 1003.000000 658.000000 1003.000000
E 1 19 353.000000 686.000000 353.000000 498.500000 426.000000 498.500000
E 3 8 787.500000 821.500000 1708.575012 821.500000 1708.575012 728.500000
U 4 6 658.000000 1003.000000 738.500000 949.000000
E 4 23 658.000000 1003.000000 658.000000 1175.000000 800.000000 1175.000000
U 5 7 943.000000 1003.000000 999.000000 949.000000
E 5 8 943.000000 1003.000000 1708.575012 1003.000000 1708.575012 728.500000
E 23 5 825.000000 1175.000000 943.000000 1175.000000 943.000000 1003.000000
E 8 9 1708.575012 728.500000 1787.075012 728.000000
E 21 8 1619.849976 492.500000 1708.575012 492.500000 1708.575012 728.500000
E 19 10 426.000000 498.500000 658.000000 498.000000
E 10 20 658.000000 498.000000 790.000000 498.500000
E 11 12 1050.399986 498.000000 1170.500000 498.500000
E 18 11 930.500000 498.000000 1050.399986 498.000000
E 12 13 1170.500000 498.500000 1170.500000 440.000000 1257.500000 440.000000
E 12 14 1170.500000 498.500000 1170.500000 553.000000 1256.500000 553.000000
E 13 15 1257.500000 440.000000 1402.500000 440.000000
E 14 17 1256.500000 553.000000 1547.500000 553.000000
E 15 16 1402.500000 440.000000 1547.500000 440.000000
E 16 21 1547.500000 440.000000 1619.849976 440.000000 1619.849976 492.500000
E 17 21 1547.500000 553.000000 1619.849976 553.000000 1619.849976 492.500000
E 20 18 790.000000 498.500000 915.500000 498.000000
E 19 20 426.000000 498.500000 426.000000 586.000000 790.000000 586.000000 790.000000 498.500000
E 19 22 426.000000 498.500000 426.000000 420.000000 750.000000 420.000000
E 22 20 750.000000 420.000000 790.000000 420.000000 790.000000 498.500000
G 1032482829.json 15 15
V 133.315301 345.000000 30.000000 30.000000
V 183.315301 500.000000 88.000000 97.000000
V 243.315301 345.000000 100.000000 80.000000
V 508.315301 345.000000 100.000000 80.000000
V 383.315301 345.000000 40.000000 40.000000
V 508.315301 230.000000 100.000000 80.000000
V 617.315301 230.000000 28.000000 28.000000
V 617.315301 345.000000 28.000000 28.000000
V 332.315301 499.500000 88.000000 97.000000
V 467.315301 500.000000 88.000000 97.000000
V 587.315301 500.500000 88.000000 97.000000
V 447.315301 78.500000 88.000000 97.000000
V 593.815301 79.000000 101.000000 97.000000
V 183.315301 179.000000 88.000000 97.000000
V 304.815301 179.500000 101.000000 97.000000
E 0 2 133.315301 345.000000 243.315301 345.000000
E 1 2 183.315301 500.000000 243.315301 345.000000
E 2 4 243.315301 345.000000 383.315301 345.000000
E 2 8 243.315301 345.000000 332.315301 499.500000
E 2 13 243.315301 345.000000 183.315301 179.000000
E 2 14 243.315301 345.000000 304.815301 179.500000
E 4 3 383.815301 345.500000 508.315301 345.000000
E 3 7 508.315301 345.000000 617.315301 345.000000
E 8 3 332.315301 499.500000 508.315301 345.000000
E 9 3 467.315301 500.000000 508.315301 345.000000
E 3 10 521.037965 345.777385 587.315301 500.500000
E 4 5 383.815301 345.500000 383.815301 230.000000 508.315301 230.000000
E 5 6 508.315301 230.000000 617.315301 230.000000
E 11 5 447.315301 78.500000 508.315301 230.000000
E 5 12 508.315301 230.000000 593.815301 79.000000
G 1032995931.json 40 44
V 165.000000 399.500000 30.000000 30.000000
V 310.000000 399.750000 140.000000 92.500000
V 445.000000 399.000000 40.000000 40.000000
V 575.000000 399.000000 100.000000 80.000000
V 690.000000 399.000000 40.000000 40.000000
V 819.000000 399.500000 40.000000 40.000000
V 819.000000 299.000000 100.000000 80.000000
V 1034.000000 399.500000 40.000000 40.000000
V 1258.500000 399.250000 117.000000 79.500000
V 919.000000 299.000000 28.000000 28.000000
V 1455.000000 399.000000 30.000000 30.000000
V 445.000000 580.000000 100.000000 80.000000
V 584.000000 580.000000 100.000000 80.000000
V 707.000000 580.000000 40.000000 40.000000
V 882.500000 579.750000 117.000000 79.500000
V 795.000000 685.000000 100.000000 80.000000
V 1034.000000 580.000000 100.000000 80.000000
V 1199.000000 580.000000 140.000000 80.000000
V 1370.000000 580.000000 40.000000 40.000000
V 1369.500000 684.750000 117.000000 79.500000
V 1535.000000 499.300002 100.000000 80.000000
V 1788.749998 497.300002 100.000000 80.000000
V 1933.749998 497.300002 100.000000 80.000000
V 2078.749998 497.300002 100.000000 80.000000
V 2223.749998 497.300002 100.000000 80.000000
V 2368.749998 497.300002 100.000000 80.000000
V 2483.749998 497.300002 40.000000 40.000000
V 2829.674974 398.750000 139.000000 80.000000
V 2706.674974 636.854990 117.000000 80.000000
V 1665.000000 499.450004 30.000000 30.000000
V 2566.349993 636.854990 30.000000 30.000000
V 2830.174974 636.854990 40.000000 40.000000
V 2997.000000 636.354990 178.000000 85.000000
V 2829.674974 535.000000 117.000000 80.000000
V 3024.674974 398.500000 139.000000 79.500000
V 3193.674974 399.000000 117.000000 79.500000
V 3355.674974 399.000000 117.000000 80.000000
V 3145.000000 636.354990 28.000000 28.000000
V 3516.674974 398.375000 117.000000 79.250000
V 3674.000000 398.750000 28.000000 28.000000
E 0 1 165.000000 399.500000 310.000000 399.750000
E 1 2 310.000000 399.750000 445.500000 399.500000
E 2 3 445.500000 399.500000 575.000000 399.000000
E 2 11 445.500000 399.500000 445.000000 580.000000
E 3 4 570.000000 399.500000 690.500000 399.500000
E 4 5 688.277336 400.000000 817.000000 400.000000
E 5 6 819.500000 400.000000 819.000000 299.000000
E 5 7 819.500000 400.000000 1034.500000 400.000000
E 6 9 819.000000 299.000000 919.000000 299.000000
E 7 8 1035.749994 399.250000 1258.500000 399.250000
E 7 20 1034.500000 400.000000 1034.500000 479.300002 1510.000000 479.300002
E 8 10 1258.500000 399.250000 1455.000000 399.000000
E 10 20 1455.000000 399.000000 1535.000000 399.000000 1535.000000 460.300002
E 11 12 445.000000 580.000000 584.000000 580.000000
E 12 13 633.000000 580.000000 707.500000 580.500000
E 13 14 706.640616 579.750000 882.500000 579.750000
E 13 15 707.500000 580.500000 707.500000 685.000000 795.000000 685.000000
E 15 14 795.000000 685.000000 882.500000 685.000000 882.500000 579.750000
E 14 16 882.500000 579.750000 1034.000000 580.000000
E 16 17 1034.000000 580.000000 1199.000000 580.000000
E 17 18 1201.000000 580.500000 1370.500000 580.500000
E 18 19 1370.500000 580.500000 1369.500000 684.750000
E 18 20 1369.000000 580.500000 1369.000000 519.300002 1534.521489 519.300002
E 19 20 1369.500000 684.750000 1535.000000 684.750000 1535.000000 499.300002
E 20 29 1535.000000 499.300002 1665.000000 499.601520
E 21 22 1838.450005 497.300002 1883.749998 497.300002
E 29 21 1665.000000 499.601520 1738.749998 497.300002
E 22 23 1983.450005 497.300002 2028.749998 497.300002
E 23 24 2128.450005 497.300002 2173.749998 497.300002
E 24 25 2273.450005 497.300002 2318.749998 497.300002
E 25 26 2418.450005 497.300002 2483.749998 497.300002
E 26 27 2483.749998 497.300002 2483.749998 398.550002 2760.174974 398.550002
E 26 30 2483.749998 497.300002 2484.249998 637.295025 2566.813908 637.295025
E 33 27 2829.674974 535.000000 2829.674974 398.750000
E 27 34 2829.674974 398.750000 3024.674974 398.500000
E 30 28 2566.813908 637.295025 2648.174974 636.300002
E 28 31 2706.674974 636.854990 2830.674974 637.354990
E 31 32 2830.674974 637.354990 2997.000000 636.354990
E 31 33 2830.674974 637.354990 2829.674974 535.000000
E 32 37 2997.000000 636.354990 3145.000000 636.354990
E 34 35 3024.674974 398.750000 3193.674974 398.750000
E 35 36 3193.674974 399.000000 3355.674974 399.000000
E 36 38 3355.674974 399.000000 3516.674974 398.375000
E 38 39 3516.674974 398.375000 3674.000000 398.750000
G 1033239968.json 26 29
V 315.000000 75.000000 30.000000 30.000000
V 380.000000 75.000000 40.000000 40.000000
V 476.500000 55.000000 81.000000 40.000000
V 477.000000 110.000000 81.000000 40.000000
V 605.000000 140.000000 40.000000 40.000000
V 477.500000 165.000000 81.000000 40.000000
V 485.000000 221.000000 100.000000 52.000000
V 685.000000 140.000000 30.000000 30.000000
V 750.000000 140.000000 30.000000 30.000000
V 860.000000 140.000000 100.000000 80.000000
V 1049.000000 140.000000 28.000000 28.000000
V 460.000000 360.000000 40.000000 40.000000
V 380.000000 360.000000 30.000000 30.000000
V 605.000000 360.000000 100.000000 80.000000
V 605.000000 434.000000 28.000000 28.000000
V 715.000000 360.000000 30.000000 30.000000
V 360.000000 600.000000 30.000000 30.000000
V 477.000000 600.000000 40.000000 40.000000
V 671.000000 674.000000 28.000000 28.000000
V 732.000000 600.000000 30.000000 30.000000
V 622.000000 600.000000 100.000000 80.000000
V 360.000000 855.000000 30.000000 30.000000
V 460.000000 855.000000 40.000000 40.000000
V 671.000000 929.000000 28.000000 28.000000
V 715.000000 855.000000 30.000000 30.000000
V 605.000000 855.000000 100.000000 80.000000
E 0 1 315.000000 75.000000 380.500000 75.759494
E 1 2 380.500000 75.500000 476.500000 55.000000
E 1 3 380.500000 75.500000 380.500000 110.000000 477.000000 110.000000
E 1 5 380.500000 75.500000 380.500000 165.000000 477.500000 165.000000
E 1 6 380.500000 75.500000 380.500000 221.000000 485.000000 221.000000
E 2 4 516.000000 55.000000 605.500000 140.500000
E 3 4 516.500000 110.000000 605.500000 140.500000
E 5 4 517.000000 165.000000 605.500000 140.500000
E 6 4 533.795181 221.000000 605.500000 221.000000 605.500000 140.500000
E 4 7 605.500000 140.500000 685.000000 140.000000
E 7 12 685.000000 140.000000 685.000000 285.000000 380.000000 285.000000 380.000000 360.000000
E 7 16 685.000000 140.000000 685.000000 312.000000 338.000000 312.000000 338.000000 600.000000 360.000000 600.000000
E 7 21 685.000000 140.000000 685.000000 285.000000 306.000000 285.000000 306.000000 789.000000 360.000000 855.000000
E 8 9 750.000000 140.000000 860.000000 140.000000
E 15 8 715.000000 360.000000 750.000000 360.000000 750.000000 140.000000
E 24 8 715.000000 855.000000 749.000000 851.000000 750.000000 140.000000
E 9 10 860.000000 140.000000 1049.000000 140.000000
E 12 11 380.000000 360.000000 460.500000 360.500000
E 11 13 472.000000 360.000000 556.000000 360.000000
E 11 14 460.500000 360.500000 460.500000 434.000000 605.000000 434.000000
E 13 15 605.000000 360.000000 715.000000 360.000000
E 16 17 374.000000 604.000000 458.000000 604.000000
E 17 18 477.500000 600.500000 477.500000 674.000000 671.000000 674.000000
E 17 20 489.000000 600.000000 573.000000 600.000000
E 20 19 622.000000 600.000000 732.000000 600.000000
E 21 22 373.000000 860.000000 460.500000 855.500000
E 22 23 460.500000 855.500000 460.500000 929.000000 671.000000 929.000000
E 22 25 472.000000 855.000000 556.000000 855.000000
E 25 24 605.000000 855.000000 715.000000 855.000000
G 1033711844.json 37 39
V 150.000000 165.000000 30.000000 30.000000
V 260.000000 130.000000 100.000000 80.000000
V 545.000000 179.000000 100.000000 80.000000
V 710.000000 179.000000 40.000000 40.000000
V 1065.000000 585.000000 30.000000 30.000000
V 1205.000000 585.000000 100.000000 80.000000
V 1350.000000 585.000000 30.000000 30.000000
V 260.000000 369.000000 100.000000 80.000000
V 260.000000 449.000000 30.000000 30.000000
V 385.500000 449.000000 30.000000 30.000000
V 330.000000 495.000000 30.000000 30.000000
V 845.000000 333.500000 100.000000 80.000000
V 845.000000 429.000000 30.000000 30.000000
V 1265.000000 395.000000 40.000000 40.000000
V 1475.000000 333.500000 100.000000 80.000000
V 1475.000000 449.000000 30.000000 30.000000
V 1605.000000 449.000000 30.000000 30.000000
V 1679.000000 344.000000 28.000000 28.000000
V 192.500000 1300.000000 30.000000 30.000000
V 305.000000 1300.000000 100.000000 80.000000
V 417.500000 1300.000000 30.000000 30.000000
V 305.000000 1230.000000 30.000000 30.000000
V 570.000000 1300.000000 30.000000 30.000000
V 710.000000 1300.000000 100.000000 80.000000
V 795.000000 1300.000000 30.000000 30.000000
V 955.000000 1300.000000 100.000000 80.000000
V 1100.000000 1385.000000 40.000000 40.000000
V 1205.000000 1245.000000 30.000000 30.000000
V 855.000000 1300.000000 30.000000 30.000000
V 1290.000000 1385.000000 30.000000 30.000000
V 1350.000000 1385.000000 30.000000 30.000000
V 1475.000000 1300.000000 100.000000 80.000000
V 1640.000000 1300.000000 40.000000 40.000000
V 1640.000000 1385.000000 30.000000 30.000000
V 1805.000000 1300.000000 40.000000 40.000000
V 1710.000000 1230.000000 30.000000 30.000000
V 1805.000000 1385.000000 30.000000 30.000000
E 0 1 150.000000 165.000000 187.500000 165.000000 187.500000 130.000000 260.000000 130.000000
E 1 7 260.000000 130.000000 260.000000 369.000000
E 2 3 545.000000 179.000000 710.500000 179.500000
E 9 2 385.500000 449.000000 432.750000 449.000000 432.750000 179.000000 545.000000 179.000000
E 3 10 710.500000 179.500000 710.500000 495.000000 330.000000 495.000000
E 3 11 710.500000 179.500000 845.000000 179.500000 845.000000 333.500000
E 4 5 1065.000000 585.000000 1205.000000 585.000000
E 12 4 845.000000 429.000000 955.000000 429.000000 955.000000 585.000000 1065.000000 585.000000
E 5 13 1205.000000 585.000000 1265.500000 585.000000 1265.500000 395.500000
E 13 6 1265.500000 395.500000 1310.000000 395.500000 1310.000000 585.000000 1350.000000 585.000000
E 7 8 260.000000 369.000000 260.000000 449.000000
E 8 9 260.000000 449.000000 385.500000 449.000000
E 8 18 260.000000 449.000000 192.500000 449.000000 192.500000 1300.000000
E 10 9 330.000000 495.000000 330.000000 449.000000 385.500000 449.000000
E 20 9 417.500000 1300.000000 385.500000 449.000000
E 10 21 330.000000 495.000000 305.000000 495.000000 305.000000 1230.000000
E 11 12 845.000000 333.500000 845.000000 429.000000
E 13 14 1265.500000 395.500000 1265.500000 333.500000 1475.000000 333.500000
E 14 15 1475.000000 333.500000 1475.000000 449.000000
E 15 16 1475.000000 449.000000 1605.000000 449.000000
E 16 17 1605.000000 449.000000 1642.500000 449.000000 1642.500000 344.000000 1679.000000 344.000000
E 18 19 192.500000 1300.000000 305.000000 1300.000000
E 19 20 305.000000 1300.000000 417.500000 1300.000000
E 21 19 305.000000 1230.000000 305.000000 1300.000000
E 20 22 417.500000 1300.000000 570.000000 1300.000000
E 22 23 570.000000 1300.000000 710.000000 1300.000000
E 23 24 710.000000 1300.000000 795.000000 1300.000000
E 24 28 795.000000 1300.000000 855.000000 1300.000000
E 25 26 955.000000 1300.000000 1035.000000 1300.000000 1035.000000 1385.500000 1100.500000 1385.500000
E 28 25 855.000000 1300.000000 955.000000 1300.000000
E 26 27 1100.500000 1385.500000 1100.500000 1245.000000 1205.000000 1245.000000
E 26 29 1100.500000 1385.500000 1290.000000 1385.000000
E 29 30 1290.000000 1385.000000 1350.000000 1385.000000
E 30 31 1350.000000 1385.000000 1395.000000 1385.000000 1395.000000 1300.000000 1475.000000 1300.000000
E 31 32 1475.000000 1300.000000 1640.500000 1300.500000
E 32 33 1640.500000 1300.500000 1640.000000 1385.000000
E 32 34 1640.500000 1300.500000 1805.500000 1300.500000
E 34 35 1805.500000 1300.500000 1805.500000 1230.000000 1710.000000 1230.000000
E 34 36 1805.500000 1300.500000 1805.000000 1385.000000
G 1033978385.json 17 16
V 305.000000 462.833333 100.000000 55.000000
V 450.000000 462.833333 100.000000 55.000000
V 595.000000 462.833333 100.000000 55.000000
V 740.000000 462.833333 100.000000 55.000000
V 898.500000 463.333333 28.000000 28.000000
V 305.000000 376.500000 100.000000 55.000000
V 450.000000 376.500000 100.000000 55.000000
V 595.000000 376.500000 100.000000 55.000000
V 740.000000 376.500000 100.000000 55.000000
V 305.000000 291.500000 100.000000 55.000000
V 450.000000 291.500000 100.000000 55.000000
V 595.000000 291.500000 100.000000 55.000000
V 305.000000 203.833333 100.000000 55.000000
V 450.000000 203.833333 100.000000 55.000000
V 595.000000 203.833333 100.000000 55.000000
V 740.000000 203.833333 100.000000 55.000000
V 195.000000 204.333333 30.000000 30.000000
E 0 1 305.000000 462.833333 450.000000 462.833333
E 8 0 740.000000 376.500000 740.000000 412.000000 305.000000 412.000000 305.000000 462.833333
E 1 2 450.000000 462.833333 595.000000 462.833333
E 2 3 595.000000 462.833333 740.000000 462.833333
E 3 4 740.000000 462.833333 898.500000 463.333333
E 5 6 305.000000 376.500000 450.000000 376.500000
E 11 5 595.000000 291.500000 595.000000 327.000000 305.000000 327.000000 305.000000 376.500000
E 6 7 450.000000 376.500000 595.000000 376.500000
E 7 8 595.000000 376.500000 740.000000 376.500000
E 9 10 305.000000 291.500000 450.000000 291.500000
E 15 9 740.000000 203.833333 740.000000 238.000000 305.000000 238.000000 305.000000 291.500000
E 10 11 450.000000 291.500000 595.000000 291.500000
E 12 13 305.000000 203.833333 450.000000 203.833333
E 16 12 195.000000 204.333333 305.000000 203.833333
E 13 14 450.000000 203.833333 595.000000 203.833333
E 14 15 595.000000 203.833333 740.000000 203.833333
G 1034187908.json 18 18
V 195.250000 531.000000 30.000000 30.000000
V 481.750000 531.000000 40.000000 40.000000
V 650.000000 440.000000 40.000000 40.000000
V 746.750000 769.000000 40.000000 40.000000
V 556.750000 769.000000 30.000000 30.000000
V 669.750000 769.000000 30.000000 30.000000
V 1050.000000 705.000000 30.000000 30.000000
V 1159.250000 705.000000 30.000000 30.000000
V 910.750000 769.000000 40.000000 40.000000
V 1265.000000 705.000000 40.000000 40.000000
V 875.000000 440.000000 100.000000 55.000000
V 995.000000 507.500000 100.000000 55.000000
V 1490.000000 705.000000 100.000000 55.000000
V 1550.000000 822.500000 100.000000 55.000000
V 1664.000000 823.000000 28.000000 28.000000
V 1619.000000 705.500000 28.000000 28.000000
V 1094.000000 508.000000 28.000000 28.000000
V 995.000000 440.000000 28.000000 28.000000
E 0 1 195.250000 531.000000 481.750000 531.000000
E 1 2 482.250000 531.500000 482.250000 440.000000 650.000000 440.000000
E 1 4 482.250000 531.500000 482.250000 769.000000 556.750000 769.000000
E 2 10 650.500000 440.500000 843.236331 440.500000
E 2 11 650.500000 440.500000 650.500000 509.000000 946.000000 507.500000
E 5 3 669.750000 769.000000 746.750000 769.000000
E 3 8 747.250000 769.500000 910.750000 769.000000
E 3 10 747.250000 769.500000 747.250000 588.000000 837.750000 588.000000 837.750000 454.875000
E 4 5 559.875000 769.000000 669.750000 769.000000
E 6 7 1050.000000 705.000000 1159.250000 705.000000
E 8 6 911.250000 769.500000 911.250000 705.000000 1050.000000 705.000000
E 7 9 1159.250000 705.000000 1265.000000 705.000000
E 8 13 911.250000 769.500000 911.250000 822.500000 1501.000000 822.500000
E 9 12 1265.500000 705.500000 1441.000000 705.000000
E 10 17 875.000000 440.000000 995.000000 440.000000
E 11 16 995.000000 507.500000 1094.000000 508.000000
E 12 15 1490.000000 705.000000 1619.000000 705.500000
E 13 14 1550.000000 822.500000 1664.000000 823.000000
G 1034715661.json 15 15
V 831.340004 144.094266 100.000000 80.000000
V 1218.293972 420.486272 30.000000 30.000000
V 1729.349973 420.486272 28.000000 28.000000
V 1328.293972 420.486272 100.000000 80.000000
V 1327.173971 731.767678 100.000000 80.000000
V 1327.173971 577.108586 100.000000 80.000000
V 1618.039965 581.101586 28.000000 28.000000
V 712.062004 280.830269 40.000000 40.000000
V 959.564978 280.422269 40.000000 40.000000
V 832.550004 280.190269 100.000000 80.000000
V 1073.354978 281.062269 100.000000 80.000000
V 1218.354978 281.062269 100.000000 80.000000
V 1327.173971 901.969972 100.000000 80.000000
V 1481.534967 901.969972 113.310000 80.000000
V 1617.909974 901.969972 40.000000 40.000000
E 7 0 712.562004 281.330269 712.562004 144.094266 831.340004 144.094266
E 0 8 831.340004 144.094266 960.064978 144.094266 960.064978 280.922269
E 1 3 1218.293972 420.486272 1328.293972 420.486272
E 11 1 1218.354978 281.062269 1218.293972 420.486272
E 14 2 1618.409974 902.469972 1729.349973 902.469972 1729.349973 420.486272
E 3 5 1328.293972 420.486272 1328.293972 498.797429 1327.173971 498.797429 1327.173971 577.108586
E 5 4 1327.173971 577.108586 1327.173971 731.767678
E 4 12 1327.173971 731.767678 1327.173971 901.969972
E 14 6 1618.409974 902.469972 1618.039965 581.101586
E 7 9 712.562004 281.330269 756.701004 281.330269 756.701004 280.190269 832.550004 280.190269
E 9 8 832.550004 280.190269 960.064978 280.922269
E 8 10 960.064978 280.922269 1073.354978 281.062269
E 10 11 1073.354978 281.062269 1218.354978 281.062269
E 12 13 1327.173971 901.969972 1481.534967 901.969972
E 13 14 1481.534967 901.969972 1618.409974 902.469972
G 1034897705.json 33 37
V 168.937500 75.973000 63.875000 57.946000
V 107.000000 157.000000 30.000000 30.000000
V 244.000000 157.000000 40.000000 40.000000
V 317.000000 92.000000 30.000000 30.000000
V 317.000000 212.000000 30.000000 30.000000
V 442.000000 92.000000 100.000000 80.000000
V 442.000000 212.000000 100.000000 80.000000
V 107.000000 407.000000 30.000000 30.000000
V 244.000000 407.000000 100.000000 80.000000
V 366.924500 462.948500 51.849000 51.897000
V 487.000000 407.000000 100.000000 80.000000
V 688.000000 407.000000 100.000000 80.000000
V 767.000000 407.000000 30.000000 30.000000
V 892.000000 407.000000 100.000000 80.000000
V 1012.000000 407.000000 40.000000 40.000000
V 1147.000000 407.000000 100.000000 80.000000
V 1218.937500 315.973000 63.875000 57.946000
V 1292.000000 477.000000 100.000000 80.000000
V 1292.000000 316.000000 30.000000 30.000000
V 457.000000 882.000000 100.000000 80.000000
V 366.924500 932.948500 51.849000 51.897000
V 262.000000 882.000000 100.000000 80.000000
V 122.000000 882.000000 30.000000 30.000000
V 122.000000 657.000000 30.000000 30.000000
V 262.000000 657.000000 100.000000 80.000000
V 442.000000 657.000000 100.000000 80.000000
V 557.000000 657.000000 30.000000 30.000000
V 1012.000000 657.000000 30.000000 30.000000
V 892.000000 657.000000 100.000000 80.000000
V 1291.924500 627.948500 51.849000 51.897000
V 892.000000 562.000000 40.000000 40.000000
V 767.000000 707.000000 30.000000 30.000000
V 688.000000 707.000000 100.000000 50.000000
U 0 1 168.937500 75.973000 107.000000 157.000000
E 1 2 107.000000 157.000000 244.500000 157.500000
E 2 3 244.500000 157.500000 244.500000 92.000000 317.000000 92.000000
E 2 4 244.500000 157.500000 244.500000 212.000000 317.000000 212.000000
E 3 5 317.000000 92.000000 442.000000 92.000000
E 4 6 317.000000 212.000000 442.000000 212.000000
E 5 7 442.000000 92.000000 531.000000 92.000000 531.000000 325.000000 107.000000 325.000000 107.000000 407.000000
E 6 22 442.000000 232.000000 49.000000 230.000000 49.000000 880.000000 122.000000 882.000000
E 7 8 107.000000 407.000000 244.000000 407.000000
U 8 9 244.000000 407.000000 366.924500 462.948500
E 8 10 244.000000 407.000000 487.000000 407.000000
U 9 10 366.924500 462.948500 487.000000 407.000000
E 10 11 487.000000 407.000000 688.000000 407.000000
E 11 23 688.000000 407.000000 688.000000 553.000000 122.000000 553.000000 122.000000 657.000000
E 12 13 767.000000 407.000000 892.000000 407.000000
E 26 12 557.000000 657.000000 765.000000 657.000000 767.000000 407.000000
E 13 14 892.000000 407.000000 1012.500000 407.500000
E 30 13 892.500000 562.500000 892.000000 407.000000
E 14 15 1012.500000 407.500000 1147.000000 407.000000
E 14 27 1012.500000 407.500000 1012.000000 657.000000
U 15 16 1147.000000 407.000000 1147.000000 315.973000 1218.937500 315.973000
U 16 18 1218.937500 315.973000 1292.000000 316.000000
E 18 17 1292.000000 316.000000 1292.000000 477.000000
E 17 27 1292.000000 477.000000 1128.000000 477.000000 1128.000000 657.000000 1012.000000 657.000000
U 17 29 1292.000000 477.000000 1291.924500 627.948500
U 19 20 457.000000 882.000000 366.924500 932.948500
E 21 19 262.000000 882.000000 457.000000 882.000000
E 19 23 457.000000 882.000000 457.000000 769.500000 122.000000 769.500000 122.000000 657.000000
U 21 20 262.000000 882.000000 366.924500 932.948500
E 22 21 122.000000 882.000000 262.000000 882.000000
E 23 24 122.000000 657.000000 262.000000 657.000000
E 24 25 262.000000 657.000000 442.000000 657.000000
E 25 26 442.000000 657.000000 557.000000 657.000000
E 27 28 1012.000000 657.000000 892.000000 657.000000
E 28 30 892.000000 657.000000 892.500000 562.500000
E 30 31 892.500000 562.500000 827.000000 562.500000 827.000000 707.000000 767.000000 707.000000
U 31 32 767.000000 707.000000 639.000000 706.000000
G 1034919934.json 40 44
V 1751.699964 1499.340000 40.000000 40.000000
V 1854.314146 1658.459022 100.000000 80.000000
V 2073.000000 1499.926500 100.000000 80.000000
V 2494.650545 1657.959022 88.000000 97.000000
V 2941.842056 1499.926500 100.000000 80.000000
V 3115.572560 1499.340000 100.000000 80.000000
V 3115.573060 1365.586447 62.001000 60.173000
V 3263.303063 1364.999947 88.000000 97.000000
V 3263.303063 1499.340000 28.000000 28.000000
V 2193.195127 1499.340000 40.000000 40.000000
V 1532.148364 1499.340000 100.000000 80.000000
V 1938.670770 1499.926500 100.000000 80.000000
V 2323.350826 1365.499947 100.000000 80.000000
V 2654.381049 1365.499947 100.000000 80.000000
V 2654.381049 1658.459022 100.000000 80.000000
V 2323.350826 1658.459022 100.000000 80.000000
V 2771.699964 1499.926500 40.000000 40.000000
V 1188.651794 491.764261 30.000000 30.000000
V 1297.651794 490.764261 100.000000 80.000000
V 1412.651794 490.764261 40.000000 40.000000
V 1828.963106 492.764261 100.000000 80.000000
V 2586.769679 1931.607386 100.000000 80.000000
V 1854.314146 1924.845399 100.000000 80.000000
V 814.579994 416.214257 88.000000 97.000000
V 664.390920 552.264255 88.000000 97.000000
V 664.390920 416.714257 100.000000 80.000000
V 1412.651794 880.681375 100.000000 80.000000
V 374.019987 917.431385 30.000000 30.000000
V 674.000000 917.931385 88.000000 97.000000
V 1081.000500 918.517885 62.001000 60.173000
V 959.000000 1004.931385 88.000000 97.000000
V 959.000000 838.931385 88.000000 97.000000
V 1232.419156 848.500000 88.000000 97.000000
V 1232.419156 1004.931385 88.000000 97.000000
V 1751.699964 858.931385 88.000000 97.000000
V 1878.749962 858.931385 88.000000 97.000000
V 1634.071800 858.931385 88.000000 97.000000
V 508.844984 918.431385 100.000000 80.000000
V 1751.699964 994.431385 100.000000 80.000000
V 814.579994 918.431385 100.000000 80.000000
E 0 1 1751.699964 1499.340000 1751.699964 1658.459022 1904.314146 1658.459022
E 0 11 1751.699964 1499.340000 1889.670770 1499.926500
E 38 0 1751.699964 994.431385 1752.199964 1499.840000
E 1 22 1854.314146 1658.459022 1854.314146 1924.845399
E 2 9 2122.420006 1499.086500 2193.195127 1499.340000
E 11 2 1938.670770 1499.926500 2073.000000 1499.926500
E 15 3 2323.350826 1658.459022 2494.650545 1657.959022
E 3 21 2494.650545 1657.959022 2494.650545 1931.607386 2586.769679 1931.607386
E 4 5 2991.162103 1499.086500 3065.572560 1498.500000
E 16 4 2772.199964 1500.426500 2941.842056 1499.926500
U 5 6 3114.992566 1459.340000 3115.573060 1365.586447
E 5 8 3164.992566 1498.500000 3263.303063 1499.340000
U 6 7 3115.573060 1365.586447 3306.783125 1364.659947
E 9 12 2193.195127 1499.340000 2193.195127 1367.266585 2274.350826 1365.499947
E 9 15 2193.195127 1499.340000 2193.195127 1658.459022 2323.350826 1658.459022
E 26 10 1412.651794 880.681375 1412.651794 1499.340000 1532.148364 1499.340000
E 10 38 1532.148364 1499.340000 1671.924164 1499.340000 1671.924164 994.431385 1751.699964 994.431385
E 22 11 1896.492458 1924.845399 1938.670770 1924.845399 1938.670770 1499.926500
E 12 13 2323.350826 1365.499947 2654.381049 1365.499947
E 13 16 2654.381049 1365.499947 2772.199964 1365.499947 2772.199964 1500.426500
E 14 16 2654.381049 1658.459022 2772.199964 1658.459022 2772.199964 1500.426500
E 21 14 2586.769679 1931.607386 2654.381049 1931.607386 2654.381049 1658.459022
E 17 18 1188.651794 491.764261 1247.651794 490.764261
E 18 19 1347.071800 490.764261 1412.651794 490.764261
E 19 20 1412.651794 490.764261 1557.152294 491.264261 1557.152294 492.764261 1778.963106 492.764261
E 19 26 1412.651794 490.764261 1412.071800 840.681375
E 25 23 664.390920 416.714257 814.579994 416.214257
E 23 39 814.579994 416.214257 814.579994 918.431385
E 25 24 664.390920 416.714257 664.390920 552.264255
E 24 39 664.390920 552.264255 814.579994 552.264255 814.579994 918.431385
E 32 26 1232.419156 848.500000 1412.651794 880.681375
E 33 26 1232.419156 1004.931385 1412.651794 880.681375
E 27 37 374.019987 917.431385 423.932485 917.431385 423.932485 918.431385 508.844984 918.431385
E 37 28 508.844984 918.431385 674.000000 917.931385
E 28 39 674.000000 917.931385 814.579994 918.431385
U 30 29 1003.000000 980.431385 1081.000500 918.517885
U 31 29 1003.000000 860.431385 1081.000500 918.517885
U 29 32 1081.000500 918.517885 1232.419156 848.500000
U 29 33 1081.000500 918.517885 1232.419156 1004.931385
E 39 30 814.579994 918.431385 959.000000 1004.931385
E 39 31 814.579994 918.431385 959.000000 838.931385
E 34 38 1751.699964 858.931385 1751.699964 994.431385
E 35 38 1878.749962 858.931385 1751.699964 994.431385
E 36 38 1634.071800 858.931385 1751.699964 994.431385
G 1035058931.json 38 43
V 160.000000 180.000000 30.000000 30.000000
V 325.000000 180.000000 100.000000 80.000000
V 454.999985 180.000000 40.000000 40.000000
V 568.999982 99.999995 30.000000 30.000000
V 568.999982 263.999992 100.000000 80.000000
V 700.999978 263.999992 30.000000 30.000000
V 780.162000 99.999995 30.000000 30.000000
V 871.999976 99.999995 40.000000 40.000000
V 1057.999972 99.999995 28.000000 28.000000
V 913.564980 263.999992 30.000000 30.000000
V 1473.669982 263.999992 30.000000 30.000000
V 1643.669982 263.999992 100.000000 80.000000
V 1791.759969 263.999992 28.000000 28.000000
V 1134.344522 264.676363 30.000000 30.000000
V 1288.424979 264.261203 100.000000 80.000000
V 625.188548 619.369991 28.000000 28.000000
V 1288.424979 754.124988 100.000000 80.000000
V 1019.175392 754.124988 30.000000 30.000000
V 1141.876976 754.124988 30.000000 30.000000
V 1433.144975 754.124988 30.000000 30.000000
V 600.229990 754.124988 100.000000 80.000000
V 727.999979 754.124988 30.000000 30.000000
V 913.564980 754.124988 30.000000 30.000000
V 1712.409965 754.124988 30.000000 30.000000
V 2043.242630 754.124988 28.000000 28.000000
V 1572.199973 754.124988 30.000000 30.000000
V 190.692004 754.124988 30.000000 30.000000
V 190.692004 619.369991 30.000000 30.000000
V 124.807503 697.401001 30.000000 30.000000
V 423.345509 619.369991 100.000000 80.000000
V 423.345509 754.124988 100.000000 80.000000
V 1874.730955 754.124988 115.972000 80.000000
V 2028.216955 652.247490 131.000000 63.754997
V 1207.969972 1349.384164 100.000000 80.000000
V 1433.144975 1349.384164 30.000000 30.000000
V 1028.300595 1349.384164 30.000000 30.000000
V 1643.669982 1349.384164 100.000000 80.000000
V 1791.759969 1349.384164 28.000000 28.000000
E 0 1 160.000000 180.000000 325.000000 180.000000
E 1 2 325.000000 180.000000 455.499985 180.500000
E 2 3 455.499985 180.500000 455.499985 99.999995 568.999982 99.999995
E 2 4 455.499985 180.500000 455.499985 263.999992 568.999982 263.999992
E 3 6 568.999982 99.999995 780.162000 99.999995
E 3 27 568.999982 99.999995 367.196282 314.049466 190.692004 314.049466 190.692004 626.004896
E 4 5 568.999982 263.999992 700.999978 263.999992
E 7 4 872.499976 100.499995 872.499976 171.999994 568.999982 171.999994 568.999982 263.999992
E 5 9 700.999978 263.999992 913.564980 263.999992
E 5 26 700.999978 263.999992 700.999978 352.000000 338.207117 352.000000 190.692004 754.124988
E 6 7 780.162000 99.999995 872.499976 100.499995
E 15 6 625.188548 619.369991 659.020713 619.369991 780.162000 99.999995
E 7 8 872.499976 100.499995 1057.999972 99.999995
E 9 13 913.564980 263.999992 1134.344522 264.676363
E 22 9 913.564980 754.124988 913.564980 263.999992
E 10 11 1473.669982 263.999992 1643.669982 263.999992
E 14 10 1288.424979 264.261203 1473.669982 263.999992
E 23 10 1712.409965 754.124988 1473.669982 316.245619 1473.669982 263.999992
E 11 12 1643.669982 263.999992 1791.759969 263.999992
E 13 14 1134.344522 264.676363 1239.424979 264.261203
E 18 13 1138.110749 754.124988 1138.110749 264.676363
E 29 15 472.345509 619.369991 625.188548 619.369991
E 18 16 1141.876976 754.124988 1288.424979 754.124988
E 16 19 1288.424979 754.124988 1433.144975 754.124988
E 17 18 1019.175392 754.124988 1141.876976 754.124988
E 22 17 913.564980 754.124988 1019.175392 754.124988
E 19 25 1433.144975 754.124988 1572.199973 754.124988
E 34 19 1433.144975 1349.384164 1433.144975 754.124988
E 20 21 600.229990 754.124988 727.999979 754.124988
E 30 20 423.345509 754.124988 600.229990 754.124988
E 21 22 727.999979 754.124988 913.564980 754.124988
E 25 23 1572.199973 754.124988 1712.409965 754.124988
E 23 31 1712.409965 754.124988 1874.730955 754.124988
E 31 24 1874.730955 754.124988 2043.242630 754.124988
E 28 26 124.807503 697.401001 140.114375 754.124988 190.692004 754.124988
E 26 30 190.692004 754.124988 423.345509 754.124988
E 28 27 124.807503 697.401001 143.335390 619.369991 190.692004 619.369991
E 27 29 190.692004 619.369991 374.345509 619.369991
U 31 32 1874.730955 754.124988 1964.026955 650.972390
E 33 34 1207.969972 1349.384164 1433.144975 1349.384164
E 35 33 1028.300595 1349.384164 1207.969972 1349.384164
E 34 36 1433.144975 1349.384164 1643.669982 1349.384164
E 36 37 1643.669982 1349.384164 1791.759969 1349.384164
G 1035193139.json 22 23
V 245.000000 520.000000 100.000000 80.000000
V 135.000000 520.000000 30.000000 30.000000
V 388.207105 520.000000 100.000000 80.000000
V 530.000000 435.000000 100.000000 50.000000
V 498.153007 520.000000 30.000000 30.000000
V 605.000000 520.000000 100.000000 80.000000
V 809.635481 449.911498 62.001000 60.173000
V 1346.197819 486.000000 100.000000 80.000000
V 1452.549967 486.000000 30.000000 30.000000
V 1112.936616 486.000000 100.000000 80.000000
V 1432.951057 415.000000 58.802181 20.000000
V 605.000000 699.119002 100.000000 80.000000
V 720.000000 699.119002 40.000000 40.000000
V 830.000000 702.119002 100.000000 80.000000
V 927.499985 702.119002 40.000000 40.000000
V 1048.249976 702.619002 100.000000 80.000000
V 720.000000 835.238003 100.000000 80.000000
V 1189.567217 835.238003 100.000000 80.000000
V 927.499985 835.238003 100.000000 80.000000
V 1257.882518 754.238003 100.000000 50.000000
V 1330.355469 835.238003 100.000000 80.000000
V 605.000000 870.517763 100.000000 50.000000
E 1 0 135.000000 520.000000 245.000000 520.000000
E 0 2 294.000000 520.000000 339.207105 520.000000
U 2 3 388.207105 520.000000 481.000000 434.000000
E 2 4 437.207105 520.000000 498.153007 520.000000
E 4 5 498.153007 520.000000 605.000000 520.000000
U 6 5 809.210481 449.749498 605.000000 520.000000
E 5 11 605.000000 520.000000 605.000000 699.119002
E 7 8 1346.197819 486.000000 1452.549967 486.000000
U 7 10 1346.197819 486.000000 1404.137988 414.600000
E 20 7 1331.197819 835.238003 1331.197819 486.000000
E 15 9 1048.249976 702.619002 1112.936616 702.619002 1112.936616 486.000000
E 9 17 1112.936616 486.000000 1189.567217 566.000000 1189.567217 835.238003
E 11 12 605.000000 699.119002 720.500000 699.619002
E 12 13 720.500000 699.619002 830.000000 702.119002
E 12 16 720.500000 699.619002 720.000000 835.238003
E 13 14 830.000000 702.119002 927.999985 702.619002
E 16 13 720.000000 835.238003 830.000000 835.238003 830.000000 702.119002
E 14 15 927.999985 702.619002 1048.249976 702.619002
E 14 18 927.999985 702.619002 927.499985 835.238003
E 18 15 927.499985 835.238003 1048.249976 835.238003 1048.249976 702.619002
U 16 21 720.000000 835.238003 556.000000 869.517763
U 17 19 1189.567217 835.238003 1208.882518 753.238003
E 17 20 1189.567217 835.238003 1330.355469 835.238003
G 1035274499.json 39 49
V 560.000000 420.989938 100.000000 80.000000
V 336.397541 335.989938 100.000000 80.000000
V 1310.000000 335.989938 100.000000 80.000000
V 880.000000 420.989938 40.000000 40.000000
V 1000.000000 420.989938 30.000000 30.000000
V 1510.000000 335.989938 30.000000 30.000000
V 695.000000 420.989938 40.000000 40.000000
V 695.000000 320.989938 100.000000 80.000000
V 1510.000000 420.989938 104.689720 63.500000
V 1003.302455 1119.573659 100.000000 80.000000
V 1140.152904 1119.573659 100.000000 80.000000
V 1375.000000 1099.573659 63.875000 57.946000
V 1503.322963 1090.146314 136.645926 60.292628
V 1310.000000 1267.872230 100.000000 80.000000
V 336.397541 614.132514 100.000000 80.000000
V 880.000000 699.132514 100.000000 80.000000
V 1310.000000 699.132514 100.000000 80.000000
V 560.000000 699.132514 100.000000 80.000000
V 467.344860 602.924461 104.689720 67.208052
V 1387.344860 602.528487 104.689720 67.208052
V 160.352698 699.132514 30.000000 30.000000
V 336.397541 699.132514 40.000000 40.000000
V 1042.344860 602.528487 104.689720 63.500000
V 1217.344860 602.778487 104.689720 67.208052
V 642.344860 603.320435 104.689720 67.208052
V 160.352698 634.132514 30.000000 30.000000
V 880.000000 832.275089 40.000000 40.000000
V 1003.647315 832.275089 100.000000 80.000000
V 1140.497764 832.275089 104.689720 63.500000
V 402.344860 832.775089 104.689720 67.208052
V 152.344860 833.171063 104.689720 67.208052
V 560.000000 971.275089 100.000000 80.000000
V 1162.344860 971.275089 104.689720 63.500000
V 695.000000 61.989938 100.000000 80.000000
V 1510.000000 61.989938 28.000000 28.000000
V 336.397541 187.989938 100.000000 80.000000
V 478.996238 188.635912 104.689720 63.500000
V 230.000000 187.989938 30.000000 30.000000
V 140.352698 188.635912 30.000000 30.000000
E 0 6 560.000000 420.989938 695.000000 420.989938
E 17 0 560.000000 699.132514 560.000000 420.989938
E 1 14 336.397541 335.989938 336.397541 614.132514
E 35 1 336.397541 187.989938 336.397541 335.989938
E 2 5 1310.000000 335.989938 1510.000000 335.989938
E 16 2 1310.000000 699.132514 1310.000000 335.989938
E 3 4 880.500000 421.489938 1000.000000 420.989938
E 6 3 695.000000 420.989938 880.500000 421.489938
E 3 15 880.500000 421.489938 880.000000 699.132514
E 5 8 1510.000000 335.989938 1510.000000 420.989938
E 6 7 695.500000 421.489938 695.000000 320.989938
E 7 33 695.000000 320.989938 695.000000 61.989938
E 9 10 1003.302455 1119.573659 1140.152904 1119.573659
E 26 9 880.500000 832.775089 880.500000 1119.573659 1003.302455 1119.573659
E 9 32 1003.302455 1119.573659 1162.344860 971.275089
U 11 10 1375.000000 1099.573659 1140.152904 1119.573659
E 10 16 1140.152904 1119.573659 1225.248882 1119.573659 1225.248882 699.132514 1310.000000 699.132514
E 10 32 1140.152904 1119.573659 1162.344860 971.275089
U 11 12 1375.000000 1099.573659 1435.728465 1088.940462
U 11 13 1375.000000 1099.573659 1310.000000 1267.872230
E 13 16 1310.000000 1228.872230 1310.000000 727.395243
E 26 13 880.500000 832.775089 880.500000 1267.872230 1310.000000 1267.872230
E 13 32 1310.000000 1267.872230 1162.344860 971.275089
E 14 21 336.397541 614.132514 336.897541 699.632514
E 15 16 880.000000 699.132514 1310.000000 699.132514
E 17 15 560.000000 699.132514 880.000000 699.132514
E 15 22 880.000000 699.132514 1042.344860 602.528487
E 15 26 880.000000 699.132514 880.500000 832.775089
E 16 19 1310.000000 699.132514 1387.344860 602.528487
E 22 16 1042.344860 602.528487 1310.000000 699.132514
E 23 16 1217.344860 602.778487 1291.992174 684.200876
E 32 16 1162.344860 971.275089 1310.000000 699.132514
E 18 17 467.344860 602.924461 560.000000 699.132514
E 21 17 336.897541 699.632514 560.000000 699.132514
E 17 24 560.000000 699.132514 642.344860 603.320435
E 29 17 402.344860 832.775089 560.000000 699.132514
E 17 31 560.000000 699.132514 560.000000 971.275089
E 20 21 160.352698 699.132514 336.897541 699.632514
E 30 20 152.344860 833.171063 160.352698 699.132514
E 25 21 160.352698 634.132514 217.000000 634.132514 217.000000 699.632514 336.897541 699.632514
E 26 27 880.500000 832.775089 1003.647315 832.275089
E 27 28 1003.647315 832.275089 1140.497764 832.275089
E 28 32 1140.497764 832.275089 1162.344860 971.275089
E 30 29 152.344860 833.171063 402.344860 832.775089
E 29 31 402.344860 832.775089 560.000000 971.275089
E 33 34 695.000000 61.989938 1510.000000 61.989938
E 35 36 336.397541 187.989938 478.996238 188.635912
E 37 35 230.000000 187.989938 336.397541 187.989938
E 38 37 140.352698 188.635912 230.000000 187.989938
G 1035394039.json 26 26
V 55.000000 210.000000 100.000000 80.000000
V 205.000000 210.000000 100.000000 80.000000
V 482.425029 555.000000 100.000000 80.000000
V 482.425029 715.000000 100.000000 80.000000
V 310.000000 210.000000 40.000000 40.000000
V 385.000000 155.000000 100.000000 80.000000
V 385.000000 275.000000 100.000000 80.000000
V 530.000000 155.000000 100.000000 80.000000
V 655.000000 155.000000 100.000000 80.000000
V 865.000000 155.000000 100.000000 80.000000
V 770.000000 155.000000 40.000000 40.000000
V 482.425029 435.000000 100.000000 80.000000
V 385.000000 360.000000 40.000000 40.000000
V 1067.425029 435.000000 100.000000 80.000000
V 627.425029 555.000000 100.000000 80.000000
V 1072.425029 555.000000 100.000000 80.000000
V 627.425029 715.000000 100.000000 80.000000
V 772.425029 715.000000 100.000000 80.000000
V 917.425029 715.000000 100.000000 80.000000
V 1062.425029 715.000000 100.000000 80.000000
V 1207.425029 715.000000 100.000000 80.000000
V 1207.425029 820.000000 40.000000 40.000000
V 1320.425029 820.000000 100.000000 80.000000
V 1095.000000 820.000000 100.000000 80.000000
V 1320.425029 930.000000 100.000000 80.000000
V 482.425029 840.000000 100.000000 80.000000
E 0 1 55.000000 210.000000 205.000000 210.000000
E 1 4 205.000000 210.000000 310.000000 210.000000
E 10 1 770.500000 155.500000 770.500000 61.000000 205.000000 61.000000 205.000000 210.000000
E 12 2 385.500000 360.500000 385.500000 555.000000 482.425029 555.000000
E 2 14 482.425029 555.000000 627.425029 555.000000
E 12 3 385.500000 360.500000 385.500000 715.000000 482.425029 715.000000
E 3 16 482.425029 715.000000 627.425029 715.000000
E 3 25 482.425029 715.000000 482.425029 840.000000
E 4 5 310.500000 210.500000 310.500000 155.000000 385.000000 155.000000
E 4 6 310.500000 210.500000 310.500000 275.000000 385.000000 275.000000
E 5 7 385.000000 155.000000 530.000000 155.000000
E 6 12 385.000000 275.000000 385.500000 360.500000
E 7 8 530.000000 155.000000 655.000000 155.000000
E 8 10 655.000000 155.000000 770.500000 155.500000
E 10 9 770.500000 155.500000 865.000000 155.000000
E 12 11 385.500000 360.500000 385.500000 435.000000 482.425029 435.000000
E 11 13 482.425029 435.000000 1067.425029 435.000000
E 14 15 627.425029 555.000000 1072.425029 555.000000
E 16 17 627.425029 715.000000 772.425029 715.000000
E 17 18 772.425029 715.000000 917.425029 715.000000
E 18 19 917.425029 715.000000 1062.425029 715.000000
E 19 20 1062.425029 715.000000 1207.425029 715.000000
E 20 21 1207.425029 715.000000 1207.925029 820.500000
E 21 22 1207.925029 820.500000 1320.425029 820.000000
E 21 23 1207.925029 820.500000 1095.000000 820.000000
E 22 24 1320.425029 820.000000 1320.425029 930.000000
G 103548326.json 34 38
V 85.000000 185.000000 30.000000 30.000000
V 185.000000 185.000000 100.000000 80.000000
V 320.000000 185.000000 100.000000 80.000000
V 450.000000 185.000000 100.000000 80.000000
V 725.000000 85.000000 100.000000 80.000000
V 650.000000 295.000000 100.000000 80.000000
V 855.000000 85.000000 30.000000 30.000000
V 570.000000 205.000000 40.000000 40.000000
V 695.000000 185.000000 100.000000 80.000000
V 750.000000 295.000000 30.000000 30.000000
V 875.000000 295.000000 100.000000 80.000000
V 875.000000 185.000000 40.000000 40.000000
V 1025.000000 100.000000 100.000000 80.000000
V 1025.000000 295.000000 100.000000 80.000000
V 1100.000000 205.000000 40.000000 40.000000
V 1205.000000 205.000000 100.000000 80.000000
V 1205.000000 310.000000 100.000000 80.000000
V 1205.000000 390.000000 30.000000 30.000000
V 1205.000000 505.000000 100.000000 80.000000
V 995.000000 415.000000 100.000000 80.000000
V 905.000000 415.000000 30.000000 30.000000
V 1100.000000 505.000000 40.000000 40.000000
V 995.000000 500.000000 100.000000 80.000000
V 995.000000 595.000000 100.000000 80.000000
V 800.000000 500.000000 40.000000 40.000000
V 695.000000 505.000000 100.000000 80.000000
V 585.000000 505.000000 30.000000 30.000000
V 485.000000 505.000000 100.000000 80.000000
V 390.000000 505.000000 30.000000 30.000000
V 290.000000 505.000000 100.000000 80.000000
V 145.000000 507.000000 100.000000 80.000000
V 145.000000 367.000000 100.000000 80.000000
V 320.000000 367.000000 100.000000 80.000000
V 450.000000 367.000000 28.000000 28.000000
E 0 1 81.375000 185.000000 185.000000 185.000000
E 1 2 185.000000 185.000000 320.000000 185.000000
E 2 3 320.000000 185.000000 450.000000 185.000000
E 3 7 450.000000 185.000000 525.000000 185.000000 525.000000 205.500000 570.500000 205.500000
E 4 6 725.000000 85.000000 855.000000 85.000000
E 7 4 570.500000 205.500000 570.500000 85.000000 725.000000 85.000000
E 4 11 725.000000 85.000000 875.500000 85.000000 875.500000 185.500000
E 7 5 570.500000 205.500000 570.500000 255.000000 650.000000 295.000000
E 5 9 699.000000 295.000000 750.000000 295.000000
E 7 8 570.500000 205.500000 617.500000 205.500000 617.500000 185.000000 695.000000 185.000000
E 8 11 695.000000 185.000000 815.000000 185.000000 862.000000 187.000000
E 9 10 750.000000 295.000000 875.000000 295.000000
E 10 11 875.000000 295.000000 875.500000 185.500000
E 11 12 884.000000 179.750000 950.000000 100.000000 1025.000000 100.000000
E 11 13 881.000000 195.000000 950.000000 295.000000 1025.000000 295.000000
E 12 14 1025.000000 100.000000 1100.500000 100.000000 1100.500000 205.500000
E 13 14 1025.000000 295.000000 1100.500000 295.000000 1100.500000 205.500000
E 14 15 1100.500000 205.500000 1205.000000 205.000000
E 15 16 1205.000000 205.000000 1205.000000 310.000000
E 16 17 1205.000000 310.000000 1205.000000 390.000000
E 17 18 1205.000000 390.000000 1205.000000 505.000000
E 18 21 1205.000000 505.000000 1100.500000 505.500000
E 19 20 995.000000 415.000000 905.000000 415.000000
E 21 19 1100.500000 505.500000 1100.500000 415.000000 995.000000 415.000000
E 20 24 905.000000 415.000000 800.500000 415.000000 800.500000 500.500000
E 21 22 1100.500000 505.500000 995.000000 500.000000
E 21 23 1100.500000 505.500000 1100.500000 595.000000 995.000000 595.000000
E 22 24 995.000000 500.000000 800.500000 500.500000
E 23 24 995.000000 595.000000 800.500000 595.000000 800.500000 500.500000
E 24 25 800.500000 500.500000 695.000000 505.000000
E 25 26 695.000000 505.000000 585.000000 505.000000
E 26 27 585.000000 505.000000 485.000000 505.000000
E 27 28 485.000000 505.000000 390.000000 505.000000
E 28 29 390.000000 505.000000 290.000000 505.000000
E 29 30 290.000000 505.000000 217.500000 505.000000 217.500000 507.000000 145.000000 507.000000
E 30 31 145.000000 507.000000 145.000000 367.000000
E 31 32 145.000000 367.000000 320.000000 367.000000
E 32 33 320.000000 367.000000 450.000000 367.000000
G 1035605564.json 21 25
V 345.000000 265.000000 100.000000 80.000000
V 615.000000 265.000000 100.000000 80.000000
V 929.000000 265.000000 100.000000 80.000000
V 105.000000 100.000000 30.000000 30.000000
V 200.000000 100.000000 100.000000 80.000000
V 440.000000 100.000000 100.000000 80.000000
V 680.000000 100.000000 100.000000 80.000000
V 1010.000000 100.000000 100.000000 80.000000
V 1109.000000 100.000000 28.000000 28.000000
V 285.000000 100.000000 30.000000 30.000000
V 525.000000 100.000000 30.000000 30.000000
V 795.000000 100.000000 30.000000 30.000000
V 230.000000 787.000000 100.000000 80.000000
V 795.000000 787.000000 100.000000 80.000000
V 345.000000 787.000000 30.000000 30.000000
V 615.000000 787.000000 30.000000 30.000000
V 929.000000 787.000000 28.000000 28.000000
V 525.000000 787.000000 100.000000 80.000000
V 135.000000 581.000000 30.000000 30.000000
V 525.000000 592.000000 100.000000 80.000000
V 795.000000 581.000000 100.000000 80.000000
E 0 5 394.000000 265.000000 440.000000 265.000000 440.000000 100.000000
E 9 0 285.000000 100.000000 345.000000 100.000000 345.000000 226.000000
E 14 0 345.000000 787.000000 345.000000 304.000000
E 1 6 664.000000 265.000000 680.000000 265.000000 680.000000 100.000000
E 10 1 525.000000 100.000000 548.000000 100.000000 548.000000 265.000000 615.000000 265.000000
E 15 1 615.000000 787.000000 615.000000 304.000000
E 2 7 978.000000 265.000000 1010.000000 265.000000 1010.000000 100.000000
E 11 2 795.000000 100.000000 844.500000 100.000000 844.500000 265.000000 880.000000 265.000000
E 16 2 929.000000 787.000000 929.000000 304.000000
E 3 4 105.000000 100.000000 200.000000 94.000000
E 4 9 200.000000 100.000000 285.000000 100.000000
E 5 10 440.000000 100.000000 525.000000 100.000000
E 6 11 680.000000 100.000000 795.000000 100.000000
E 7 8 1010.000000 100.000000 1109.000000 100.000000
E 9 18 285.000000 100.000000 285.000000 408.000000 135.000000 408.000000 135.000000 581.000000
E 10 19 525.000000 100.000000 525.000000 592.000000
E 11 20 795.000000 100.000000 795.000000 542.000000
E 12 14 230.000000 787.000000 345.000000 787.000000
E 18 12 135.000000 581.000000 135.000000 787.000000 230.000000 787.000000
E 13 16 795.000000 787.000000 929.000000 787.000000
E 20 13 795.000000 620.000000 795.000000 787.000000
E 14 19 345.000000 787.000000 427.500000 787.000000 427.500000 592.000000 476.000000 592.000000
E 17 15 525.000000 787.000000 615.000000 787.000000
E 15 20 615.000000 787.000000 700.500000 787.000000 700.500000 581.000000 746.000000 581.000000
E 19 17 525.000000 631.000000 525.000000 787.000000
G 1036372461.json 28 32
V 230.000000 623.100000 100.000000 80.000000
V 380.000000 623.100000 40.000000 40.000000
V 180.000000 457.200000 30.000000 30.000000
V 274.000000 405.060000 128.000000 40.000000
V 380.000000 405.060000 40.000000 40.000000
V 500.000000 348.180000 100.000000 40.000000
V 293.105888 480.513383 30.000000 30.000000
V 540.000000 476.160000 100.000000 40.000000
V 660.000000 480.794074 30.000000 30.000000
V 610.000000 348.180000 30.000000 30.000000
V 719.000000 348.180000 28.000000 28.000000
V 772.000000 476.160000 100.000000 80.000000
V 884.000000 470.472000 28.000000 28.000000
V 1003.000000 481.234074 116.000000 96.880000
V 1035.000000 375.000000 30.000000 30.000000
V 1295.000000 375.000000 100.000000 80.000000
V 1409.000000 352.920000 28.000000 28.000000
V 1155.750436 398.603993 87.000000 52.912013
V 811.000500 375.086500 62.001000 60.173000
V 165.000000 170.000000 30.000000 30.000000
V 298.000000 150.000000 116.000000 40.000000
V 455.000000 150.000000 40.000000 40.000000
V 480.000000 225.000000 30.000000 30.000000
V 510.000000 105.000000 30.000000 30.000000
V 718.500000 153.956007 87.000000 47.912013
V 811.000000 154.000000 28.000000 28.000000
V 597.500000 150.000000 87.000000 40.000000
V 1321.000500 225.086500 62.001000 60.173000
E 0 1 230.000000 623.100000 380.500000 623.600000
E 6 0 293.105888 480.513383 253.649994 514.364388 230.000000 552.284388 230.000000 623.100000
E 1 7 380.500000 623.600000 380.500000 476.160000 540.000000 476.160000
E 1 13 380.500000 623.600000 650.883331 623.600000 1003.000000 481.234074
E 2 3 180.000000 457.200000 274.000000 457.200000 274.000000 405.060000
E 20 2 298.000000 150.000000 180.000000 341.200012 180.000000 457.200000
E 3 4 274.000000 405.060000 380.500000 405.560000
E 4 5 380.500000 405.560000 425.000000 405.534000 425.000000 348.180000 500.000000 348.180000
E 4 6 380.500000 405.560000 293.105888 480.513383
E 5 9 500.000000 348.180000 610.000000 348.180000
E 6 23 293.105888 480.513383 34.650024 557.649994 34.650024 69.650002 510.000000 69.650002 510.000000 105.000000
E 7 8 540.000000 476.160000 617.500000 476.160000 617.500000 480.513383 660.000000 481.096124
E 8 11 660.000000 480.794074 772.000000 476.160000
E 8 22 660.000000 480.794074 468.266663 403.649994 348.266663 332.649994 480.000000 225.000000
E 9 10 610.000000 348.180000 719.000000 348.180000
E 9 22 610.000000 348.180000 480.000000 225.000000
E 11 12 772.000000 476.160000 845.000000 476.160000 845.000000 470.472000 884.000000 470.472000
U 11 18 772.000000 476.160000 811.000500 375.086500
E 14 17 1035.000000 375.000000 1081.125218 375.000000 1081.125218 398.603993 1155.750436 398.603993
E 14 23 1035.000000 375.000000 1035.000000 105.000000 510.000000 105.000000
E 15 16 1295.000000 375.000000 1370.000000 375.000000 1370.000000 352.920000 1409.000000 352.920000
E 17 15 1150.095436 389.645994 1222.125218 389.645994 1222.125218 375.000000 1295.000000 375.000000
U 15 27 1295.000000 375.000000 1321.000500 225.086500
E 17 22 1148.750436 396.103993 1148.750436 225.000000 480.000000 225.000000
E 19 20 165.000000 170.000000 210.000000 170.000000 210.000000 150.000000 298.000000 150.000000
E 20 21 298.000000 150.000000 455.500000 150.500000
E 21 22 455.500000 150.500000 480.000000 225.000000
E 21 23 455.500000 150.500000 455.500000 105.000000 510.000000 105.000000
E 22 26 480.000000 225.000000 555.000000 160.000000
E 23 26 510.000000 105.000000 510.000000 150.000000 597.500000 150.000000
E 24 25 718.500000 153.956007 811.000000 154.000000
E 26 24 597.500000 150.000000 718.500000 153.956007
G 1036482855.json 39 44
V 1013.500000 768.113529 89.000000 60.000000
V 1014.000000 870.000000 86.000000 60.000000
V 1128.500000 869.500000 97.000000 65.000000
V 1258.000000 866.000000 86.000000 72.000000
V 1126.000000 952.500000 48.000000 45.000000
V 474.000000 469.203193 78.000000 60.000000
V 585.000000 469.203193 40.000000 40.000000
V 787.106558 469.277876 40.000000 40.000000
V 954.000000 469.277876 78.000000 60.000000
V 684.000000 469.277876 78.000000 55.000000
V 1088.000000 469.777876 100.000000 60.000000
V 1179.000000 469.277876 40.000000 40.000000
V 932.549781 268.138817 40.000000 40.000000
V 1088.000000 173.316118 78.000000 55.000000
V 1179.000000 331.353950 78.000000 60.000000
V 1088.000500 90.086500 62.001000 60.173000
V 1178.937500 243.971098 63.875000 57.946000
V 1265.000000 268.138817 40.000000 40.000000
V 1013.500000 663.113529 89.000000 60.000000
V 1010.000000 572.720821 86.000000 60.000000
V 855.778139 268.789641 30.000000 30.000000
V 855.778139 469.777876 30.000000 30.000000
V 855.778139 572.942293 30.000000 30.000000
V 278.500000 469.203193 89.000000 60.000000
V 585.000000 600.000000 100.000000 60.000000
V 380.000000 469.203193 40.000000 40.000000
V 1378.000000 356.164347 40.000000 40.000000
V 1257.500000 660.113529 89.000000 60.000000
V 1378.000000 512.500000 86.000000 55.000000
V 1378.000000 432.500000 86.000000 60.000000
V 1378.000000 600.000000 86.000000 60.000000
V 909.000000 659.613529 48.000000 45.000000
V 180.000000 1085.000000 30.000000 30.000000
V 278.500000 1085.000000 89.000000 60.000000
V 278.937500 1183.973000 63.875000 57.946000
V 584.500000 1085.000000 89.000000 70.000000
V 380.000000 1084.500000 86.000000 65.000000
V 1377.500000 1080.000000 89.000000 70.000000
V 1378.000000 1154.000000 28.000000 28.000000
E 0 1 1013.500000 768.113529 1014.000000 870.000000
E 18 0 1013.500000 663.113529 1013.500000 768.113529
E 1 2 1014.000000 870.000000 1128.500000 869.500000
E 31 1 909.000000 659.613529 909.000000 870.000000 1014.000000 870.000000
E 2 3 1128.500000 869.500000 1258.000000 866.000000
E 2 4 1128.500000 869.500000 1126.000000 952.500000
E 3 27 1258.000000 866.000000 1257.500000 660.113529
E 5 6 474.000000 469.203193 585.500000 469.703193
E 25 5 380.500000 469.703193 436.000000 469.203193
E 6 9 585.500000 469.703193 684.000000 469.277876
E 6 24 585.500000 469.703193 585.000000 600.000000
E 9 7 684.000000 469.277876 787.606558 469.777876
E 7 20 787.606558 469.777876 787.606558 268.138817 856.588083 269.396934
E 7 21 787.606558 469.777876 856.588083 470.739736
E 7 22 787.606558 469.777876 787.606558 573.214816 856.588083 573.603323
E 8 10 954.000000 469.277876 1088.000000 469.777876
E 21 8 856.588083 470.739736 954.000000 469.277876
E 10 11 1088.000000 469.777876 1179.500000 469.777876
E 11 14 1179.500000 469.777876 1179.000000 360.353950
E 11 19 1179.500000 469.777876 1179.500000 572.720821 1051.897436 572.720821
E 12 13 933.049781 268.638817 933.049781 173.316118 1088.000000 173.316118
E 12 14 933.049781 268.638817 933.049781 331.353950 1179.000000 331.353950
E 20 12 856.588083 269.396934 932.549781 268.138817
U 13 15 1088.000000 173.316118 1088.030898 90.524100
E 13 17 1088.000000 173.316118 1265.500000 173.316118 1265.500000 268.638817
U 14 16 1179.000000 331.353950 1178.937500 243.971098
E 14 17 1179.000000 331.353950 1265.500000 331.353950 1265.500000 286.138817
E 17 26 1265.500000 268.638817 1378.500000 268.638817 1378.500000 356.664347
E 19 18 1010.000000 572.720821 1013.500000 663.113529
E 22 19 856.588083 573.603323 1010.000000 572.720821
E 19 31 1010.000000 572.720821 909.000000 605.000000 909.000000 659.613529
E 23 25 278.500000 469.203193 380.500000 469.703193
E 33 23 278.500000 1085.000000 278.500000 498.203193
E 24 35 585.000000 600.000000 584.500000 1085.000000
E 36 25 380.000000 1084.500000 380.500000 469.703193
E 27 26 1257.500000 660.113529 1257.500000 356.664347 1378.500000 356.664347
E 26 29 1378.500000 356.664347 1378.000000 403.500000
E 29 28 1378.000000 432.500000 1378.000000 486.000000
E 28 30 1378.000000 512.500000 1378.000000 617.351562
E 30 37 1378.000000 600.000000 1377.500000 1080.000000
E 32 33 180.000000 1085.000000 278.500000 1085.000000
U 33 34 278.500000 1085.000000 278.937500 1183.973000
E 35 36 584.500000 1085.000000 380.000000 1084.500000
E 37 38 1377.500000 1080.000000 1378.000000 1154.000000
G 1036681871.json 26 27
V 714.930002 770.000000 150.000000 100.000000
V 959.335021 770.000000 40.000000 40.000000
V 1194.090029 569.615012 150.000000 140.000000
V 1194.090029 947.866211 28.000000 28.000000
V 1447.645543 579.615012 177.951002 94.710999
V 1638.215056 569.615012 40.000000 40.000000
V 1874.231066 689.405019 192.592002 140.000000
V 1692.110060 473.720009 28.000000 28.000000
V 2391.570108 699.405019 150.000000 120.000000
V 2596.115123 689.405019 40.000000 40.000000
V 2736.290117 947.866211 150.000000 120.000000
V 2132.305085 699.405019 150.000000 80.000000
V 2736.102617 473.720009 40.000000 40.000000
V 2911.080124 379.860004 150.000000 120.000000
V 2911.080124 639.615012 150.000000 120.000000
V 2911.080124 169.970009 28.375000 20.500000
V 3391.571151 489.365012 192.592002 100.000000
V 3391.275149 780.000000 150.000000 120.000000
V 3155.555141 629.615012 40.000000 40.000000
V 3634.715167 629.405019 40.000000 40.000000
V 3863.410677 639.615012 177.951002 100.000000
V 4073.945191 629.615012 40.000000 40.000000
V 4518.543746 509.365012 212.557003 120.314990
V 5081.172311 379.347513 261.804006 140.000000
V 4770.620297 509.207517 40.000000 40.000000
V 5510.375304 770.000000 40.000000 40.000000
E 0 1 714.930002 770.000000 959.835021 770.500000
E 1 2 959.835021 770.500000 959.835021 569.615012 1194.090029 569.615012
E 1 3 959.835021 770.500000 959.835021 947.866211 1194.090029 947.866211
E 2 4 1194.090029 569.615012 1447.645543 569.615012
E 4 5 1447.645543 569.615012 1638.715056 570.115012
E 5 6 1638.715056 570.115012 1638.715056 689.405019 1874.231066 689.405019
E 5 7 1638.715056 570.115012 1638.715056 473.720009 1692.110060 473.720009
E 6 11 1874.231066 689.405019 2132.305085 689.405019
E 8 9 2391.570108 689.405019 2596.615123 689.905019
E 11 8 2132.305085 689.405019 2391.570108 689.405019
E 9 10 2596.615123 689.905019 2596.615123 937.866211 2736.290117 937.866211
E 9 12 2596.615123 689.905019 2596.615123 474.220009 2736.602617 474.220009
E 12 13 2736.602617 474.220009 2736.602617 389.860004 2911.080124 389.860004
E 12 14 2736.602617 474.220009 2736.602617 629.615012 2911.080124 629.615012
U 13 15 2911.080124 389.860004 2910.042624 168.970009
E 14 18 2911.080124 629.615012 3168.830226 629.615012
E 18 16 3156.055141 618.915058 3156.055141 497.698346 3391.571151 497.698346
E 16 19 3391.571151 499.365012 3635.215167 499.365012 3635.215167 629.905019
E 18 17 3156.055141 638.880034 3156.055141 770.000000 3391.275149 770.000000
E 17 19 3391.275149 770.000000 3635.215167 770.000000 3635.215167 629.905019
E 19 20 3635.215167 629.905019 3714.575172 629.905019 3714.575172 631.281679 3863.410677 631.281679
E 20 21 3863.410677 629.615012 4074.445191 630.115012
E 21 22 4074.445191 630.115012 4074.445191 509.365012 4518.543746 509.365012
E 21 25 4074.445191 630.115012 4074.445191 770.500000 5510.875304 770.500000
E 22 24 4518.543746 509.365012 4771.120297 509.707517
E 24 23 4771.120297 509.707517 4771.120297 379.347513 5081.172311 379.347513
E 24 25 4771.120297 509.707517 4771.120297 770.500000 5510.875304 770.500000
G 1037263320.json 40 42
V 1616.000000 436.946057 138.000000 80.000000
V 826.200008 437.196054 1082.400017 368.499994
V 978.499981 443.846041 100.000000 80.000000
V 827.500016 443.846041 100.000000 80.000000
V 450.499997 443.846041 100.000000 80.000000
V 1096.999976 443.846041 40.000000 40.000000
V 591.799972 443.846041 100.000000 80.000000
V 706.799972 443.846041 40.000000 40.000000
V 1096.999976 323.346039 100.000000 80.000000
V 1228.199973 443.846041 100.000000 80.000000
V 1337.199973 443.846041 28.000000 28.000000
V 335.125037 444.471021 30.000000 30.000000
V 1471.699976 436.946057 30.000000 30.000000
V 210.000000 443.846041 30.000000 30.000000
V 1201.230205 621.446051 30.000000 30.000000
V 1321.349979 675.249989 138.000000 80.000000
V 1471.699976 675.249989 28.000000 28.000000
V 1789.350826 436.946057 100.000000 80.000000
V 539.248158 675.222989 63.875000 57.946000
V 337.500000 949.000000 125.000000 80.000000
V 210.000000 949.000000 30.000000 30.000000
V 505.000000 949.000000 100.000000 80.000000
V 635.000000 949.000000 30.000000 30.000000
V 1471.699976 949.000000 112.000000 80.000000
V 1022.500000 948.500000 649.000000 227.000000
V 806.000000 949.000000 30.000000 30.000000
V 735.000000 949.000000 30.000000 30.000000
V 915.000000 949.000000 100.000000 80.000000
V 1055.000000 949.000000 100.000000 80.000000
V 1190.000000 949.000000 100.000000 80.000000
V 1289.000000 949.000000 28.000000 28.000000
V 1190.000000 1031.000000 154.000000 52.000000
V 458.500000 1278.000000 125.000000 80.000000
V 314.000000 1278.000000 30.000000 30.000000
V 844.000000 1278.000000 100.000000 80.000000
V 1095.999976 1352.000000 28.000000 28.000000
V 705.799972 1278.000000 30.000000 30.000000
V 599.000000 1278.000000 30.000000 30.000000
V 977.499981 1278.000000 40.000000 40.000000
V 1095.999976 1278.000000 30.000000 30.000000
E 12 0 1471.699976 436.946057 1616.000000 436.946057
E 0 17 1616.000000 436.946057 1789.350826 436.946057
E 1 12 826.200008 437.196054 1471.699976 436.946057
E 13 1 210.000000 443.846041 826.200008 443.846041
U 18 1 539.248158 675.222989 826.200008 437.196054
E 3 2 827.500016 443.846041 978.499981 443.846041
E 2 5 978.499981 443.846041 1097.499976 444.346041
E 7 3 707.299972 444.346041 827.500016 443.846041
E 4 6 450.499997 443.846041 591.799972 443.846041
E 11 4 335.770430 445.117459 450.499997 443.846041
E 5 8 1097.499976 444.346041 1096.999976 323.346039
E 5 9 1097.499976 444.346041 1228.199973 443.846041
E 6 7 591.799972 443.846041 707.299972 444.346041
E 7 8 707.299972 444.346041 707.299972 323.346039 1096.999976 323.346039
E 8 9 1096.999976 323.346039 1228.199973 323.346039 1228.199973 443.846041
E 9 10 1228.199973 443.846041 1337.199973 443.846041
E 23 11 1438.000000 949.000000 1438.000000 758.000000 336.000000 758.000000 335.125037 444.471021
E 30 13 1289.000000 949.000000 1289.000000 799.000000 210.000000 799.000000 210.000000 443.846041
E 14 15 1201.230205 621.446051 1201.230205 675.249989 1321.349979 675.249989
E 15 16 1321.349979 675.249989 1471.699976 675.249989
E 16 23 1471.699976 675.249989 1471.699976 909.000000
E 20 19 210.000000 949.000000 337.500000 949.000000
E 19 21 337.500000 949.000000 505.000000 949.000000
E 21 22 505.000000 949.000000 635.000000 949.000000
E 22 24 635.000000 949.000000 1022.500000 948.500000
E 24 23 1022.500000 948.500000 1471.699976 949.000000
E 39 23 1095.999976 1278.000000 1471.699976 1278.000000 1471.699976 974.000000
E 26 25 735.000000 949.000000 806.000000 949.000000
E 25 27 806.000000 949.000000 915.000000 949.000000
E 37 25 599.000000 1278.000000 599.000000 1141.000000 806.000000 1141.000000 806.000000 949.000000
E 27 28 915.000000 949.000000 1055.000000 949.000000
E 28 29 1055.000000 949.000000 1190.000000 949.000000
E 28 31 1055.000000 949.000000 1190.000000 1031.000000
E 29 30 1190.000000 949.000000 1289.000000 949.000000
E 33 32 314.000000 1278.000000 458.500000 1278.000000
E 32 37 458.500000 1278.000000 599.000000 1278.000000
E 36 34 705.799972 1278.000000 844.000000 1278.000000
E 34 38 844.000000 1278.000000 977.999981 1278.500000
E 39 34 1095.999976 1278.000000 1095.999976 1191.000000 844.000000 1191.000000 844.000000 1278.000000
E 38 35 977.999981 1278.500000 977.999981 1352.000000 1095.999976 1352.000000
E 37 36 599.000000 1278.000000 705.799972 1278.000000
E 38 39 977.999981 1278.500000 1095.999976 1278.000000
G 1037531241.json 15 14
V 2665.415145 978.355052 100.000000 80.000000
V 249.650011 978.355052 100.000000 80.000000
V 563.405808 1550.904973 63.875000 57.946000
V 209.834496 1378.639859 30.000000 30.000000
V 700.969133 1378.166294 842.154658 231.052871
V 707.414710 1550.931973 62.001000 60.173000
V 1386.023231 1378.166294 457.953538 231.052871
V 1931.917088 1551.162878 433.447825 231.052871
V 3089.672205 1501.866820 28.000000 28.000000
V 1932.193176 1367.953320 62.001000 60.173000
V 2028.437513 1368.366820 63.875000 57.946000
V 2964.890162 1501.866820 100.000000 80.000000
V 2540.781005 1495.623067 628.035762 342.132494
V 2541.263123 1246.838068 63.875000 57.946000
V 2406.835632 1246.865068 62.001000 60.173000
E 8 0 3089.672205 1501.866820 3089.672205 1253.110936 2665.415145 1253.110936 2665.415145 978.355052
E 1 3 249.650011 978.355052 249.650011 1190.997455 209.834496 1190.997455 209.834496 1378.639859
U 2 4 563.405808 1550.904973 700.969133 1378.166294
U 5 2 706.989710 1550.769973 563.405808 1550.904973
E 3 4 209.834496 1378.639859 700.969133 1378.166294
E 4 6 700.969133 1378.166294 1386.023231 1378.166294
E 6 7 1386.023231 1378.166294 1665.096588 1378.166294 1665.096588 1551.162878 1931.917088 1551.162878
U 10 7 2028.437513 1368.366820 1931.917088 1551.162878
E 7 12 1931.917088 1551.162878 2187.702062 1551.162878 2187.702062 1495.623067 2540.781005 1495.623067
E 11 8 2964.890162 1501.866820 3089.672205 1501.866820
U 9 10 1931.768176 1367.791320 2042.371430 1367.791320
E 12 11 2540.781005 1495.623067 2964.890162 1501.866820
U 13 12 2541.263123 1246.838068 2540.781005 1495.623067
U 14 13 2406.410632 1246.703068 2541.263123 1246.838068
G 1037559497.json 15 16
V 279.499500 156.000000 100.000000 80.000000
V 745.000000 260.000000 100.000000 80.000000
V 180.000000 156.000000 30.000000 30.000000
V 745.000000 156.000000 28.000000 28.000000
V 276.500000 300.086500 62.001000 60.173000
V 547.999500 280.000000 100.000000 80.000000
V 745.000000 374.000000 100.000000 80.000000
V 410.000000 158.000000 100.000000 80.000000
V 547.999500 156.000000 100.000000 80.000000
V 745.000000 503.000000 100.000000 80.000000
V 423.000000 495.000000 508.000000 310.000000
V 279.500000 775.000000 100.000000 80.000000
V 279.500000 870.086500 62.001000 60.173000
V 180.500000 775.000000 30.000000 30.000000
V 374.000000 775.000000 28.000000 28.000000
E 2 0 180.000000 156.000000 279.499500 156.000000
E 0 7 328.499500 156.000000 410.000000 158.000000
E 0 11 254.499500 195.000000 254.499500 215.000000 149.000000 215.000000 149.000000 691.000000 254.500000 691.000000 254.500000 736.000000
E 1 3 745.000000 260.000000 745.000000 156.000000
E 6 1 745.000000 335.000000 745.000000 299.000000
U 6 4 696.000000 374.000000 683.000000 374.000000 683.000000 329.000000 276.075000 329.000000
U 7 4 410.000000 158.000000 276.075000 299.924500
U 8 4 547.999500 156.000000 276.075000 299.924500
E 8 5 547.999500 156.000000 547.999500 280.000000
E 5 10 547.999500 280.000000 346.800000 280.000000 346.800000 495.000000
E 9 6 745.000000 503.000000 745.000000 374.000000
E 7 8 410.000000 158.000000 547.999500 156.000000
E 10 9 423.000000 495.000000 745.000000 503.000000
U 11 12 279.500000 775.000000 279.075000 869.924500
E 13 11 180.500000 775.000000 279.500000 775.000000
E 11 14 279.500000 775.000000 374.000000 775.000000
G 1037584453.json 26 32
V 721.692004 521.191511 40.000000 40.000000
V 783.000000 521.191511 40.000000 40.000000
V 835.422508 455.307009 40.000000 40.000000
V 842.508358 581.614512 66.325699 47.000000
V 835.422508 388.000000 30.000000 30.000000
V 891.114512 521.191511 40.000000 40.000000
V 1171.000000 455.307009 40.000000 40.000000
V 959.345509 521.191511 50.000000 47.000000
V 1032.691018 521.191511 40.000000 40.000000
V 1112.508358 521.691511 63.942677 60.000000
V 1119.699869 611.729517 78.325699 45.384008
V 1235.036527 452.057009 50.000000 53.500000
V 1305.000000 452.307009 40.000000 40.000000
V 1386.728531 452.307009 50.000000 47.000000
V 1171.000000 388.000000 30.000000 30.000000
V 1462.498520 452.307009 40.000000 40.000000
V 1546.000000 399.750000 96.000000 53.500000
V 1546.000000 513.131655 96.000000 47.119711
V 1618.190524 452.307009 40.000000 40.000000
V 1699.228037 453.307009 66.325699 47.000000
V 1769.959528 455.307009 40.000000 40.000000
V 1921.613032 456.307009 28.000000 28.000000
V 1849.399179 457.057009 78.325699 43.500000
V 661.000000 521.691511 30.000000 30.000000
V 1546.000000 565.674367 100.000000 47.119711
V 1546.000000 615.597369 100.000000 47.119711
E 0 1 722.192004 521.691511 783.500000 521.691511
E 20 0 1770.459528 455.807009 1770.459528 643.000000 722.192004 643.000000 722.192004 521.691511
E 23 0 661.000000 521.691511 722.192004 521.691511
E 1 2 783.500000 521.691511 783.500000 455.807009 835.922508 455.807009
E 1 3 783.500000 521.691511 783.500000 581.614512 842.508358 581.614512
E 4 2 835.422508 388.000000 835.922508 455.807009
E 2 5 835.922508 455.807009 835.922508 521.691511 891.614512 521.691511
E 2 6 835.922508 455.807009 1171.500000 455.807009
E 3 5 842.508358 581.614512 891.614512 581.614512 891.614512 521.691511
E 5 7 891.614512 521.691511 959.345509 521.191511
E 9 6 1112.508358 521.691511 1171.500000 521.691511 1171.500000 455.807009
E 6 11 1171.500000 455.807009 1235.036527 452.057009
E 14 6 1171.000000 388.000000 1171.500000 455.807009
E 7 8 959.345509 521.191511 1033.191018 521.691511
E 8 9 1033.191018 521.691511 1112.508358 521.691511
E 8 10 1033.191018 521.691511 1033.191018 611.729517 1119.699869 611.729517
E 10 12 1119.699869 611.729517 1305.500000 611.729517 1305.500000 452.807009
E 11 12 1235.036527 452.057009 1305.500000 452.807009
E 12 13 1305.500000 452.807009 1386.728531 452.307009
E 13 15 1386.728531 452.307009 1462.998520 452.807009
E 15 16 1462.998520 452.807009 1462.998520 399.750000 1499.501345 399.750000
E 15 17 1462.998520 452.807009 1462.998520 513.131655 1546.000000 513.131655
E 15 24 1462.998520 452.807009 1462.998520 565.674367 1546.000000 565.674367
E 15 25 1462.998520 452.807009 1462.998520 615.597369 1546.000000 615.597369
E 16 18 1546.000000 399.750000 1618.690524 399.750000 1618.690524 452.807009
E 17 18 1546.000000 513.131655 1618.690524 513.131655 1618.690524 452.807009
E 18 19 1618.690524 452.807009 1699.228037 453.307009
E 24 18 1546.000000 565.674367 1618.690524 565.674367 1618.690524 452.807009
E 25 18 1546.000000 615.597369 1618.690524 615.597369 1618.690524 452.807009
E 19 20 1699.228037 453.307009 1770.459528 455.807009
E 20 22 1770.459528 455.807009 1849.399179 457.057009
E 22 21 1849.399179 457.057009 1921.613032 456.307009
G 1038050553.json 28 31
V 230.000000 455.000000 100.000000 80.000000
V 375.000000 455.000000 100.000000 80.000000
V 490.000000 455.000000 40.000000 40.000000
V 665.000000 455.000000 100.000000 80.000000
V 875.000000 455.000000 100.000000 80.000000
V 989.000000 455.000000 28.000000 28.000000
V 490.000000 595.000000 100.000000 80.000000
V 635.000000 812.000000 100.000000 80.000000
V 780.000000 812.000000 100.000000 80.000000
V 1040.000000 812.000000 100.000000 80.000000
V 1190.000000 812.000000 40.000000 40.000000
V 1325.000000 812.000000 100.000000 80.000000
V 1745.000000 812.000000 100.000000 80.000000
V 1584.000000 812.000000 100.000000 80.000000
V 1859.000000 812.000000 28.000000 28.000000
V 1460.000000 812.000000 100.000000 80.000000
V 1325.000000 918.460049 100.000000 80.000000
V 120.000000 155.000000 30.000000 30.000000
V 230.000000 155.000000 100.000000 80.000000
V 875.000000 155.000000 100.000000 80.000000
V 989.000000 155.000000 28.000000 28.000000
V 744.000000 155.000000 40.000000 40.000000
V 1460.000000 155.000000 40.000000 40.000000
V 1584.000000 155.000000 100.000000 80.000000
V 1745.000000 155.000000 28.000000 28.000000
V 490.000000 1075.000000 100.000000 80.000000
V 635.000000 1075.000000 100.000000 80.000000
V 744.000000 1075.000000 28.000000 28.000000
E 0 1 230.000000 455.000000 375.000000 455.000000
E 18 0 230.000000 155.000000 230.000000 455.000000
E 1 2 375.000000 455.000000 490.500000 455.500000
E 2 3 490.500000 455.500000 665.000000 455.000000
E 2 6 490.500000 455.500000 490.000000 595.000000
E 3 21 665.000000 416.000000 665.000000 155.500000 744.500000 155.500000
E 4 5 875.000000 455.000000 989.000000 455.000000
E 6 4 490.000000 595.000000 875.000000 595.000000 875.000000 455.000000
E 19 4 875.000000 155.000000 875.000000 455.000000
E 21 6 744.500000 155.500000 744.500000 575.000000 539.000000 575.000000
E 6 25 490.000000 595.000000 490.000000 1075.000000
E 7 8 635.000000 812.000000 780.000000 812.000000
E 26 7 635.000000 1075.000000 635.000000 812.000000
E 8 9 780.000000 812.000000 1040.000000 812.000000
E 9 10 1040.000000 812.000000 1190.500000 812.500000
E 10 11 1190.500000 812.500000 1325.000000 812.000000
E 10 16 1190.500000 812.500000 1190.500000 918.460049 1325.000000 918.460049
E 11 22 1325.000000 773.000000 1325.000000 155.500000 1460.500000 155.500000
E 13 12 1584.000000 812.000000 1745.000000 812.000000
E 12 14 1745.000000 812.000000 1859.000000 812.000000
E 15 12 1460.000000 851.000000 1460.000000 898.425055 1745.000000 898.425055 1745.000000 812.000000
E 23 13 1584.000000 155.000000 1584.000000 813.220703
E 22 15 1460.500000 155.500000 1460.000000 812.000000
E 15 25 1435.000000 851.000000 1435.000000 1200.562082 490.000000 1200.562082 490.000000 1075.000000
E 17 18 120.000000 155.000000 230.000000 155.000000
E 19 20 875.000000 155.000000 989.000000 155.000000
E 21 19 744.500000 155.500000 875.000000 155.000000
E 22 23 1460.500000 155.500000 1584.000000 155.000000
E 23 24 1584.000000 155.000000 1745.000000 155.000000
E 25 26 490.000000 1075.000000 635.000000 1075.000000
E 26 27 635.000000 1075.000000 744.000000 1075.000000
G 1038278203.json 23 24
V 2325.000000 395.000000 100.000000 80.000000
V 2595.000000 395.000000 100.000000 80.000000
V 2865.000000 455.000000 40.000000 40.000000
V 2880.000000 325.000000 100.000000 80.000000
V 3285.000000 1002.000000 100.000000 80.000000
V 1565.000000 987.000000 100.000000 80.000000
V 605.000000 1002.000000 100.000000 80.000000
V 1950.000000 595.000000 40.000000 40.000000
V 2085.000000 595.000000 100.000000 80.000000
V 2325.000000 595.000000 100.000000 80.000000
V 2865.000000 699.000000 100.000000 80.000000
V 3105.000000 699.000000 100.000000 80.000000
V 3809.000000 659.000000 28.000000 28.000000
V 815.000000 580.000000 100.000000 80.000000
V 995.000000 580.000000 40.000000 40.000000
V 1250.000000 580.000000 100.000000 80.000000
V 1145.000000 790.000000 100.000000 80.000000
V 1415.000000 580.000000 100.000000 80.000000
V 1565.000000 580.000000 40.000000 40.000000
V 1730.000000 580.000000 100.000000 80.000000
V 605.000000 580.000000 100.000000 80.000000
V 330.000000 580.000000 30.000000 30.000000
V 3590.000000 125.000000 100.000000 80.000000
E 0 1 2325.000000 395.000000 2595.000000 395.000000
E 9 0 2325.000000 595.000000 2325.000000 395.000000
E 2 1 2865.500000 455.500000 2682.000000 480.000000 2595.000000 434.000000
E 1 3 2644.000000 395.000000 2880.000000 325.000000
E 3 2 2880.000000 364.000000 2865.500000 455.500000
E 2 10 2865.500000 455.500000 2865.000000 699.000000
E 11 4 3105.000000 699.000000 3495.000000 699.000000 3495.000000 1002.000000 3285.000000 1002.000000
E 4 22 3285.000000 1002.000000 3285.000000 571.000000 3590.000000 571.000000 3590.000000 125.000000
E 5 7 1565.000000 987.000000 1950.500000 987.000000 1950.500000 595.500000
E 18 5 1565.500000 580.500000 1565.000000 987.000000
E 6 13 605.000000 1002.000000 815.000000 1002.000000 815.000000 580.000000
E 20 6 605.000000 580.000000 605.000000 1002.000000
E 7 8 1950.500000 595.500000 2085.000000 595.000000
E 19 7 1779.000000 580.000000 1950.500000 595.500000
E 8 9 2085.000000 595.000000 2325.000000 595.000000
E 10 11 2865.000000 699.000000 3105.000000 699.000000
E 22 12 3590.000000 125.000000 3665.000000 125.000000 3660.000000 659.000000 3809.000000 659.000000
E 13 14 815.000000 580.000000 995.500000 580.500000
E 14 15 995.500000 580.500000 1250.000000 580.000000
E 14 16 995.500000 580.500000 995.500000 790.000000 1145.000000 790.000000
E 15 17 1250.000000 580.000000 1415.000000 580.000000
E 17 18 1415.000000 580.000000 1565.500000 580.500000
E 18 19 1565.500000 580.500000 1730.000000 580.000000
E 21 20 330.000000 580.000000 603.596688 580.000000
G 1038331594.json 24 25
V 90.000000 425.000000 30.000000 30.000000
V 200.000000 425.000000 100.000000 80.000000
V 320.000000 425.000000 40.000000 40.000000
V 440.000000 425.000000 100.000000 80.000000
V 575.000000 425.000000 100.000000 80.000000
V 665.000000 425.000000 40.000000 40.000000
V 1504.456878 385.000000 100.000000 80.000000
V 1619.000000 385.000000 28.000000 28.000000
V 440.500000 343.973000 63.875000 57.946000
V 1400.000000 385.000000 40.000000 40.000000
V 1504.956878 478.973000 63.875000 57.946000
V 1619.000000 320.000000 100.000000 50.000000
V 320.000000 670.000000 100.000000 80.000000
V 950.000000 670.000000 100.000000 80.000000
V 1280.000000 670.000000 100.000000 80.000000
V 860.000000 670.000000 40.000000 40.000000
V 755.000000 670.000000 100.000000 80.000000
V 320.500000 748.973000 63.875000 57.946000
V 1100.000000 670.000000 100.000000 80.000000
V 1100.500000 749.500000 63.875000 57.946000
V 755.000000 933.000000 100.000000 80.000000
V 1824.000000 920.000000 28.000000 28.000000
V 1715.000000 920.000000 100.000000 80.000000
V 1504.456878 920.000000 100.000000 80.000000
E 0 1 90.000000 425.000000 200.000000 425.000000
E 1 2 200.000000 425.000000 320.500000 425.500000
E 2 3 320.500000 425.500000 440.000000 425.000000
E 2 12 320.500000 425.500000 320.000000 670.000000
E 3 4 440.000000 425.000000 575.000000 425.000000
U 8 3 440.500000 343.973000 440.000000 425.000000
E 4 5 575.000000 425.000000 665.500000 425.500000
E 4 16 591.666667 438.333333 591.666667 650.000000 706.000000 650.000000
E 5 16 665.500000 425.500000 755.000000 425.500000 755.000000 670.000000
E 5 20 665.500000 425.500000 665.500000 933.000000 755.000000 933.000000
E 6 7 1504.456878 385.000000 1619.000000 385.000000
E 9 6 1400.500000 385.500000 1504.456878 385.000000
U 10 6 1504.956878 478.973000 1504.456878 385.000000
U 11 6 1570.000000 319.000000 1504.456878 385.000000
E 14 9 1280.000000 670.000000 1355.000000 670.000000 1355.000000 385.500000 1400.500000 385.500000
E 9 23 1400.500000 385.500000 1400.500000 920.000000 1504.456878 920.000000
U 17 12 320.500000 748.973000 320.000000 670.000000
E 15 13 860.500000 670.500000 950.000000 670.000000
E 13 18 950.000000 670.000000 1051.000000 670.000000
E 18 14 1100.000000 670.000000 1280.000000 670.000000
E 16 15 755.000000 670.000000 860.500000 670.500000
E 20 15 755.000000 933.000000 860.500000 933.000000 860.500000 670.500000
U 19 18 1100.500000 749.500000 1100.000000 670.000000
E 22 21 1715.000000 920.000000 1824.000000 920.000000
E 23 22 1504.456878 920.000000 1715.000000 920.000000
G 1038896099.json 26 31
V 380.000000 220.000000 100.000000 80.000000
V 777.000000 168.223763 100.000000 80.000000
V 205.000000 168.223763 30.000000 30.000000
V 575.000000 220.000000 100.000000 80.000000
V 471.000000 123.000000 100.000000 80.000000
V 920.000000 168.223763 100.000000 80.000000
V 1055.000000 168.223763 100.000000 80.000000
V 1295.000000 183.223763 100.000000 80.000000
V 1394.000000 183.223763 28.000000 28.000000
V 1430.000000 255.000000 100.000000 30.000000
V 275.000000 168.223763 40.000000 40.000000
V 1294.937500 43.973000 63.875000 57.946000
V 665.000000 168.223763 40.000000 40.000000
V 1175.000000 168.223763 40.000000 40.000000
V 920.000000 506.000000 100.000000 80.000000
V 575.000000 506.804171 30.000000 30.000000
V 1040.000000 506.804171 28.000000 28.000000
V 777.000000 506.000000 100.000000 80.000000
V 205.000000 657.674595 100.000000 80.000000
V 95.000000 657.674595 30.000000 30.000000
V 125.000000 699.922395 100.000000 30.000000
V 329.000000 657.674595 28.000000 28.000000
V 380.000000 361.000000 30.000000 30.000000
V 471.000000 361.000000 100.000000 80.000000
V 599.000000 361.000000 28.000000 28.000000
V 776.937500 283.973000 63.875000 57.946000
E 0 3 380.000000 220.000000 575.000000 220.000000
E 10 0 275.500000 168.723763 275.500000 220.000000 380.000000 220.000000
E 0 22 380.000000 220.000000 380.000000 365.000000
E 1 5 777.000000 168.223763 920.000000 168.223763
E 12 1 665.500000 168.723763 777.000000 168.223763
U 1 25 777.000000 168.223763 777.000000 283.973000
E 2 10 205.000000 168.223763 275.500000 168.723763
E 18 2 205.000000 657.674595 205.000000 168.223763
E 3 12 575.000000 220.000000 665.500000 220.000000 665.500000 168.723763
E 3 15 575.000000 220.000000 575.000000 510.580408
E 10 4 275.500000 168.723763 275.500000 123.000000 471.000000 123.000000
E 4 12 471.000000 123.000000 665.500000 123.000000 665.500000 168.723763
E 23 4 471.000000 361.000000 471.000000 123.000000
E 5 6 920.000000 168.223763 1055.000000 168.223763
E 13 5 1175.500000 168.723763 1175.500000 82.000000 840.000000 82.000000 840.000000 168.223763 920.000000 168.223763
E 14 5 920.000000 506.000000 920.000000 168.223763
E 6 13 1055.000000 168.223763 1175.500000 168.723763
E 14 6 920.000000 506.000000 1055.000000 168.223763
E 7 8 1295.000000 183.223763 1394.000000 183.223763
U 7 11 1295.000000 183.223763 1294.937500 43.973000
E 13 7 1175.500000 168.000000 1295.000000 168.000000
U 8 9 1394.000000 183.223763 1381.000000 254.400000
E 14 16 920.000000 506.000000 1040.000000 506.804171
E 17 14 777.000000 506.000000 920.000000 506.000000
E 15 17 575.000000 506.804171 777.000000 506.000000
U 17 25 777.000000 506.000000 776.937500 283.973000
E 19 18 95.000000 657.674595 205.000000 657.674595
E 18 21 205.000000 657.674595 329.000000 657.674595
U 19 20 95.000000 657.674595 76.000000 699.322395
E 22 23 380.000000 361.000000 471.000000 361.000000
E 23 24 471.000000 361.000000 599.000000 361.000000
G 1039155719.json 30 36
V 372.000000 636.750000 30.000000 30.000000
V 515.000000 636.500000 100.000000 80.000000
V 626.392057 636.750000 28.000000 28.000000
V 857.000000 762.997505 100.000000 80.000000
V 986.000000 762.997505 28.000000 28.000000
V 735.000000 762.747505 30.000000 30.000000
V 1573.896748 755.568838 100.000000 80.000000
V 1467.000000 755.568838 40.000000 40.000000
V 1423.892057 795.343537 30.000000 30.000000
V 1188.892057 632.351130 30.000000 30.000000
V 1643.892057 632.351130 30.000000 30.000000
V 1717.892057 632.351130 28.000000 28.000000
V 1373.000000 632.351130 100.000000 80.000000
V 1467.000000 632.000000 40.000000 40.000000
V 1177.119039 940.547049 30.000000 30.000000
V 1298.122611 940.074700 100.000000 80.000000
V 1528.557590 1049.712197 28.000000 28.000000
V 1423.892057 1049.712197 100.000000 80.000000
V 195.000000 286.907631 30.000000 30.000000
V 335.000000 286.907631 100.000000 80.000000
V 515.000000 286.907631 100.000000 80.000000
V 653.000000 286.907631 40.000000 40.000000
V 1784.922960 286.907631 108.000000 80.000000
V 1653.892057 286.907631 40.000000 40.000000
V 1921.949171 287.090992 28.000000 28.000000
V 758.000000 458.815261 100.000000 80.000000
V 1085.000000 457.815261 40.000000 40.000000
V 1298.122611 490.000000 100.000000 80.000000
V 1490.218431 490.000000 30.000000 30.000000
V 1573.896748 457.815261 40.000000 40.000000
E 0 1 372.000000 636.750000 515.000000 636.500000
E 20 0 490.000000 325.907631 490.000000 581.000000 372.000000 581.000000 372.000000 636.750000
E 1 2 515.000000 636.500000 626.392057 636.750000
E 1 20 515.000000 636.500000 515.000000 286.907631
E 3 4 857.000000 762.997505 986.000000 762.997505
E 5 3 735.000000 762.747505 857.000000 762.997505
E 3 25 857.000000 723.997505 857.000000 591.000000 783.000000 591.000000 783.000000 497.815261
E 25 5 733.000000 497.815261 733.000000 700.200046 735.000000 762.747505
E 7 6 1467.500000 756.068838 1573.896748 755.568838
E 6 10 1573.896748 755.568838 1643.892057 755.568838 1643.892057 632.351130
E 6 28 1573.896748 755.568838 1573.896748 610.284419 1490.218431 610.284419 1490.218431 490.000000
E 8 7 1423.892057 795.343537 1467.000000 795.343537 1467.000000 755.568838
E 13 7 1467.500000 632.500000 1467.000000 755.568838
E 17 8 1423.892057 1049.712197 1423.892057 795.343537
E 9 12 1188.892057 632.351130 1373.000000 632.351130
E 27 9 1298.122611 490.000000 1298.122611 584.500000 1188.892057 584.500000 1188.892057 632.351130
E 10 11 1643.892057 632.351130 1717.892057 632.351130
E 13 10 1467.278244 632.177120 1643.892057 632.351130
E 12 13 1373.000000 632.351130 1467.278244 632.177120
E 12 14 1348.000000 671.351130 1348.000000 846.483053 1177.119039 846.483053 1177.119039 940.547049
E 14 15 1177.119039 940.547049 1298.122611 940.074700
E 15 17 1298.122611 940.074700 1298.122611 1049.712197 1423.892057 1049.712197
E 17 16 1423.892057 1049.712197 1528.557590 1049.712197
E 18 19 195.000000 286.907631 335.000000 286.907631
E 19 20 335.000000 286.907631 515.000000 286.907631
E 20 21 515.000000 286.907631 653.500000 287.407631
E 21 23 653.500000 287.407631 1653.892057 286.907631
E 21 25 653.500000 287.407631 653.500000 458.815261 758.000000 458.815261
E 23 22 1653.892057 286.907631 1784.922960 286.907631
E 22 24 1784.922960 286.907631 1921.949171 287.090992
E 29 23 1574.396748 458.315261 1653.892057 458.315261 1653.892057 286.907631
E 25 26 758.000000 458.815261 1085.500000 458.315261
E 26 27 1085.500000 458.315261 1085.500000 490.000000 1298.122611 490.000000
E 26 29 1085.500000 458.315261 1085.500000 400.000000 1574.396748 400.000000 1574.396748 458.315261
E 27 28 1298.122611 490.000000 1490.218431 490.000000
E 28 29 1490.218431 490.000000 1529.557590 490.000000 1529.557590 457.815261 1573.896748 457.815261
G 1039199550.json 15 18
V 150.000000 151.000000 30.000000 30.000000
V 334.000000 216.000000 100.000000 80.000000
V 230.000000 151.000000 40.000000 40.000000
V 335.000000 96.000000 100.000000 80.000000
V 444.000000 96.000000 28.000000 28.000000
V 495.000000 216.500000 130.000000 81.000000
V 376.937500 327.973000 63.875000 57.946000
V 495.000000 357.000000 133.000000 80.000000
V 611.500000 357.000000 40.000000 40.000000
V 940.000000 357.170454 140.000000 77.000000
V 711.000000 422.000000 100.000000 80.000000
V 815.000277 357.170454 40.000000 40.000000
V 940.000000 567.000000 100.000000 80.000000
V 815.000277 542.973013 63.875000 57.946000
V 1081.666695 567.000000 30.000000 30.000000
E 0 2 150.000000 151.000000 230.500000 151.500000
E 2 1 230.500000 151.500000 230.500000 216.000000 334.000000 216.000000
E 1 5 334.000000 216.000000 495.000000 216.500000
E 2 3 230.500000 151.500000 230.500000 96.000000 335.000000 96.000000
E 3 4 335.000000 96.000000 444.000000 96.000000
E 5 6 495.000000 216.500000 376.937500 327.973000
E 5 7 495.000000 216.500000 495.000000 357.000000
E 6 7 376.937500 327.973000 495.000000 357.000000
E 7 8 495.000000 357.000000 612.000000 357.500000
E 8 10 612.000000 357.500000 612.000000 422.000000 711.000000 422.000000
E 8 11 612.000000 357.500000 815.000277 357.170454
E 11 9 815.000277 357.170454 940.000000 357.170454
E 9 12 940.000000 357.170454 940.000000 567.000000
E 9 13 940.000000 357.170454 815.000277 542.973013
E 10 11 711.000000 422.000000 815.000277 422.000000 815.000277 357.170454
E 10 13 711.000000 422.000000 815.000277 542.973013
E 13 12 815.000277 542.973013 940.000000 567.000000
E 12 14 940.000000 567.000000 1081.666695 567.000000
G 1041215828.json 19 23
V 160.000000 100.000000 100.000000 80.000000
V 285.000000 100.000000 100.000000 80.000000
V 470.000000 100.000000 100.000000 80.000000
V 595.000000 100.000000 100.000000 80.000000
V 720.000000 100.000000 100.000000 80.000000
V 925.000000 100.000000 100.000000 80.000000
V 1050.000000 100.000000 100.000000 80.000000
V 160.000000 280.000000 100.000000 80.000000
V 160.000000 475.000000 100.000000 80.000000
V 450.000000 280.000000 100.000000 80.000000
V 595.562500 280.000000 100.000000 80.000000
V 740.000000 280.000000 100.000000 80.000000
V 450.562500 475.000000 100.000000 80.000000
V 450.000000 670.000000 100.000000 80.000000
V 35.000000 100.000000 30.000000 30.000000
V 85.000000 100.000000 40.000000 40.000000
V 385.000000 100.000000 40.000000 40.000000
V 820.000000 100.000000 40.000000 40.000000
V 1139.000000 100.000000 28.000000 28.000000
E 0 1 160.000000 100.000000 285.000000 100.000000
E 15 0 85.500000 100.500000 160.000000 100.000000
E 1 16 285.000000 100.000000 385.500000 100.500000
E 2 3 470.000000 100.000000 595.000000 100.000000
E 16 2 385.500000 100.500000 470.000000 100.000000
E 3 4 595.000000 100.000000 720.000000 100.000000
E 4 17 720.000000 100.000000 820.500000 100.500000
E 5 6 925.000000 100.000000 1050.000000 100.000000
E 17 5 820.500000 100.500000 925.000000 100.000000
E 6 18 1050.000000 100.000000 1139.000000 100.000000
E 15 7 85.500000 100.500000 85.500000 280.000000 160.000000 280.000000
E 7 17 209.000000 280.000000 234.999984 735.000000 820.500000 735.000000 820.500000 100.500000
E 15 8 85.500000 100.500000 85.500000 475.000000 160.000000 475.000000
E 8 17 207.000003 513.000000 207.000003 736.000000 820.500000 736.000000 820.500000 100.500000
E 9 10 450.000000 280.000000 595.562500 280.000000
E 16 9 385.500000 100.500000 385.500000 280.000000 450.000000 280.000000
E 10 11 595.562500 280.000000 740.000000 280.000000
E 11 17 740.000000 280.000000 820.500000 280.000000 820.500000 100.500000
E 16 12 385.500000 100.500000 385.500000 475.000000 450.562500 475.000000
E 12 17 450.562500 475.000000 820.500000 475.000000 820.500000 100.500000
E 16 13 385.500000 100.500000 385.500000 670.000000 450.000000 670.000000
E 13 17 450.000000 670.000000 820.500000 670.000000 820.500000 100.500000
E 14 15 35.000000 100.000000 85.500000 100.500000
G 1042142536.json 15 16
V 120.000000 235.000000 30.000000 30.000000
V 245.000000 235.000000 100.000000 80.000000
V 380.000000 235.000000 100.000000 80.000000
V 1349.000000 415.000000 28.000000 28.000000
V 525.000000 235.000000 30.000000 30.000000
V 642.000000 235.000000 40.000000 40.000000
V 755.000000 145.000000 100.000000 80.000000
V 755.000000 359.191124 100.000000 80.000000
V 1115.000000 335.000000 40.000000 40.000000
V 1220.000000 265.000000 100.000000 80.000000
V 1220.000000 415.000000 100.000000 80.000000
V 1220.000000 145.000000 28.000000 28.000000
V 859.999348 359.191124 40.000000 40.000000
V 995.000000 295.000000 100.000000 80.000000
V 995.000000 415.000000 100.000000 80.000000
E 0 1 132.000000 234.000000 196.000000 235.000000
E 1 2 294.000000 235.000000 331.000000 235.000000
E 2 4 429.000000 235.000000 513.000000 235.000000
E 10 3 1269.000000 415.000000 1349.000000 415.000000
E 4 5 525.000000 235.000000 642.500000 235.500000
E 5 6 642.500000 235.500000 706.000000 145.000000
E 5 7 642.500000 235.500000 706.000000 359.191124
E 6 11 804.000000 145.000000 1220.000000 145.000000
E 7 12 804.000000 359.191124 860.499348 359.691124
E 8 9 1115.500000 335.500000 1171.000000 265.000000
E 8 10 1115.500000 335.500000 1171.000000 415.000000
E 14 8 1044.000000 415.000000 1115.500000 335.500000
E 9 11 1220.000000 226.000000 1220.000000 145.000000
E 13 11 995.000000 256.000000 1220.000000 145.000000
E 12 13 860.499348 359.691124 946.000000 295.000000
E 12 14 860.499348 359.691124 946.000000 415.000000
G 1042317506.json 35 45
V 124.000000 130.000000 100.000000 80.000000
V 310.000000 130.000000 100.000000 80.000000
V 310.000000 205.000000 100.000000 80.000000
V 310.000000 280.000000 100.000000 80.000000
V 310.000000 355.000000 100.000000 80.000000
V 530.000000 130.000000 100.000000 80.000000
V 530.000000 205.000000 100.000000 80.000000
V 748.000000 130.000000 100.000000 80.000000
V 748.000000 205.000000 100.000000 80.000000
V 600.000000 300.000000 100.000000 80.000000
V 965.000000 130.000000 100.000000 80.000000
V 965.000000 205.000000 100.000000 80.000000
V 965.000000 280.000000 100.000000 80.000000
V 1177.000000 130.000000 100.000000 80.000000
V 1177.000000 205.000000 100.000000 80.000000
V 1396.000000 130.000000 100.000000 80.000000
V 1558.000000 130.000000 100.000000 80.000000
V 1396.000000 205.000000 100.000000 80.000000
V 1396.000000 280.000000 100.000000 80.000000
V 1683.000000 130.000000 100.000000 80.000000
V 1803.000000 130.000000 100.000000 80.000000
V 24.000000 130.000000 30.000000 30.000000
V 1891.000000 130.000000 28.000000 28.000000
V 216.000000 130.000000 40.000000 40.000000
V 400.000000 130.000000 40.000000 40.000000
V 445.001207 130.343855 40.000000 40.000000
V 612.000000 130.000000 40.000000 40.000000
V 672.001035 130.280439 40.000000 40.000000
V 822.000000 130.000000 40.000000 40.000000
V 881.999867 130.303631 40.000000 40.000000
V 1038.000000 130.000000 40.000000 40.000000
V 1087.999851 130.299664 40.000000 40.000000
V 1253.000000 130.000000 40.000000 40.000000
V 1312.999917 130.316923 40.000000 40.000000
V 1475.000000 130.000000 40.000000 40.000000
E 21 0 24.000000 130.000000 124.000000 130.000000
E 0 23 124.000000 130.000000 216.500000 130.500000
E 23 1 216.500000 130.500000 310.000000 130.000000
E 1 24 310.000000 130.000000 400.500000 130.500000
E 23 2 216.500000 130.500000 216.500000 205.000000 310.000000 205.000000
E 2 24 310.000000 205.000000 400.500000 205.000000 400.500000 130.500000
E 23 3 216.500000 130.500000 216.500000 280.000000 310.000000 280.000000
E 3 24 310.000000 280.000000 400.500000 280.000000 400.500000 130.500000
E 23 4 216.500000 130.500000 216.500000 355.000000 310.000000 355.000000
E 4 24 310.000000 355.000000 400.500000 355.000000 400.500000 130.500000
E 25 5 445.501207 130.843855 530.000000 130.000000
E 5 26 530.000000 130.000000 612.500000 130.500000
E 25 6 445.501207 130.843855 445.501207 205.000000 530.000000 205.000000
E 6 26 530.000000 205.000000 612.500000 205.000000 612.500000 130.500000
E 27 7 672.501035 130.780439 748.000000 130.000000
E 7 28 748.000000 130.000000 822.500000 130.500000
E 27 8 672.501035 130.780439 672.501035 205.000000 748.000000 205.000000
E 8 28 748.000000 205.000000 822.500000 205.000000 822.500000 130.500000
E 25 9 445.501207 130.843855 445.501207 300.000000 600.000000 300.000000
E 9 26 612.500000 300.000000 612.500000 130.500000
E 29 10 882.499867 130.803631 965.000000 130.000000
E 10 30 965.000000 130.000000 1038.500000 130.500000
E 29 11 882.499867 130.803631 882.499867 205.000000 965.000000 205.000000
E 11 30 965.000000 205.000000 1038.500000 205.000000 1038.500000 130.500000
E 29 12 882.499867 130.803631 882.499867 280.000000 965.000000 280.000000
E 12 30 965.000000 280.000000 1038.500000 280.000000 1038.500000 130.500000
E 31 13 1088.499851 130.799664 1177.000000 130.000000
E 13 32 1177.000000 130.000000 1253.500000 130.500000
E 31 14 1088.499851 130.799664 1088.499851 205.000000 1177.000000 205.000000
E 14 32 1177.000000 205.000000 1253.500000 205.000000 1253.500000 130.500000
E 33 15 1313.499917 130.816923 1396.000000 130.000000
E 15 34 1396.000000 130.000000 1475.500000 130.500000
E 16 19 1558.000000 130.000000 1683.000000 130.000000
E 34 16 1475.500000 130.500000 1558.000000 130.000000
E 33 17 1313.499917 130.816923 1313.499917 205.000000 1396.000000 205.000000
E 17 34 1396.000000 205.000000 1475.500000 205.000000 1475.500000 130.500000
E 33 18 1313.499917 130.816923 1313.499917 280.000000 1396.000000 280.000000
E 18 34 1396.000000 280.000000 1475.500000 280.000000 1475.500000 130.500000
E 19 20 1683.000000 130.000000 1803.000000 130.000000
E 20 22 1803.000000 130.000000 1891.000000 130.000000
E 24 25 400.500000 130.500000 445.501207 130.843855
E 26 27 612.500000 130.500000 672.501035 130.780439
E 28 29 822.500000 130.500000 882.499867 130.803631
E 30 31 1038.500000 130.500000 1088.499851 130.799664
E 32 33 1253.500000 130.500000 1313.499917 130.816923
G 1043130788.json 28 31
V 1075.924979 626.702990 100.000000 80.000000
V 613.774983 679.610986 63.875000 57.946000
V 699.877989 604.628486 113.310000 77.911000
V 948.354978 626.702990 100.000000 80.000000
V 808.669982 626.702990 100.000000 80.000000
V 948.354978 806.392982 100.000000 80.000000
V 509.410806 289.034996 100.000000 80.000000
V 1376.435970 196.372996 129.281999 80.000000
V 657.298804 479.872996 28.000000 28.000000
V 644.280986 374.557991 88.000000 97.000000
V 698.774983 196.372996 40.000000 40.000000
V 1222.645972 196.372996 129.281999 80.000000
V 808.669982 479.872996 100.000000 80.000000
V 1396.794970 459.872996 62.001000 60.173000
V 1572.699962 289.534996 63.875000 57.946000
V 948.354978 289.034996 63.875000 57.946000
V 295.000000 289.034996 100.000000 80.000000
V 405.000000 289.034996 40.000000 40.000000
V 1075.924979 196.372996 100.000000 80.000000
V 471.354805 479.872996 163.887998 80.000000
V 195.000000 195.672997 30.000000 30.000000
V 195.000000 375.057991 30.000000 30.000000
V 195.000000 479.872996 30.000000 30.000000
V 1567.299943 195.672997 30.000000 30.000000
V 1520.281043 416.196270 62.001000 60.173000
V 1208.004973 927.114778 100.000000 80.000000
V 1581.269963 65.000000 88.000000 97.000000
V 509.410806 61.007000 100.000000 80.000000
E 3 0 948.354978 626.702990 1075.924979 626.702990
E 0 18 1075.924979 626.702990 1075.924979 215.076996
U 1 2 613.774983 679.610986 644.356089 603.070266
U 1 3 613.774983 679.610986 948.354978 626.702990
U 1 4 613.774983 679.610986 808.669982 626.702990
E 4 3 808.669982 626.702990 948.354978 626.702990
E 3 5 931.688311 665.702990 931.688311 767.392982
E 12 4 808.669982 479.872996 808.669982 626.702990
E 6 9 509.410806 289.034996 644.280986 374.557991
E 6 10 509.410806 289.034996 699.274983 289.034996 699.274983 196.872996
E 17 6 405.500000 289.534996 509.410806 289.034996
E 6 27 526.077473 250.034996 526.077473 100.007000
E 11 7 1222.645972 196.372996 1376.435970 196.372996
U 13 7 1388.840556 456.844847 1344.115470 196.372996
U 14 7 1572.699962 289.534996 1376.435970 196.372996
E 7 23 1439.784149 196.372996 1567.400595 195.773669
U 24 7 1519.856043 416.034270 1376.435970 196.372996
E 7 26 1387.641080 176.665060 1581.269963 65.000000
E 19 8 471.354805 479.872996 657.298804 479.872996
E 19 9 538.287732 460.870811 644.280986 374.557991
E 17 10 405.500000 289.534996 405.500000 196.872996 699.274983 196.872996
E 10 18 699.274983 196.872996 1075.924979 196.372996
U 11 13 1222.645972 196.372996 1396.369970 459.710996
E 18 11 1075.924979 196.372996 1222.645972 196.372996
E 11 25 1191.338306 235.372996 1191.338306 888.114778
U 15 18 948.354978 289.034996 1075.924979 196.372996
E 16 17 295.000000 289.034996 405.500000 289.534996
E 20 16 195.000000 195.773669 195.000000 289.034996 295.000000 289.034996
E 21 16 195.000000 375.057991 195.000000 289.034996 295.000000 289.034996
E 17 19 405.500000 289.534996 405.500000 408.723001 471.354805 408.723001 471.354805 479.872996
E 22 19 195.000000 479.872996 471.354805 479.872996
G 1043134396.json 16 18
V 135.000000 303.000000 30.000000 30.000000
V 245.000000 303.000000 100.000000 80.000000
V 619.000000 303.000000 490.000000 273.000000
V 576.000000 479.000000 100.000000 50.000000
V 1252.500000 302.500000 615.000000 264.000000
V 991.000000 344.000000 30.000000 30.000000
V 1101.000000 344.000000 100.000000 80.000000
V 1216.000000 343.000000 40.000000 40.000000
V 1341.000000 220.000000 100.000000 80.000000
V 1456.000000 344.000000 40.000000 40.000000
V 1535.000000 344.000000 28.000000 28.000000
V 1216.000000 491.000000 100.000000 50.000000
V 1634.000000 302.500000 28.000000 28.000000
V 227.000000 440.000000 124.000000 70.000000
V 393.000000 498.500000 96.000000 69.000000
V 619.000000 46.086500 62.001000 60.173000
E 0 1 135.000000 303.000000 245.000000 303.000000
E 1 2 245.000000 303.000000 619.000000 303.000000
E 13 1 227.000000 440.000000 245.000000 303.000000
E 1 15 256.518038 283.621593 256.518038 45.924500 618.575000 45.924500
U 2 3 622.640742 430.926367 527.000000 478.000000
E 2 4 619.000000 303.000000 1252.500000 302.500000
E 14 2 393.000000 498.500000 619.000000 303.000000
E 2 15 619.000000 303.000000 619.000000 46.086500
U 4 11 1252.500000 433.496198 1173.682872 476.519938
E 4 12 1252.500000 302.500000 1634.000000 302.500000
E 5 6 991.000000 344.000000 1101.000000 344.000000
E 6 7 1101.000000 344.000000 1216.500000 343.500000
E 15 6 618.575000 45.924500 1101.000000 344.000000
E 7 8 1216.500000 343.500000 1216.500000 220.000000 1341.000000 220.000000
E 7 9 1216.500000 343.500000 1456.000000 344.000000
E 8 9 1341.000000 220.000000 1456.500000 220.000000 1456.500000 344.500000
E 8 15 1321.198017 203.585641 1321.198017 46.086500 619.000000 46.086500
E 9 10 1456.500000 344.500000 1535.000000 344.000000
G 1043256737.json 22 27
V 120.000000 180.000000 30.000000 30.000000
V 245.000000 180.000000 100.000000 80.000000
V 355.000000 180.000000 30.000000 30.000000
V 495.000000 180.000000 30.000000 30.000000
V 560.000000 180.000000 40.000000 40.000000
V 660.000000 120.000000 30.000000 30.000000
V 660.000000 225.000000 30.000000 30.000000
V 834.000000 225.000000 30.000000 30.000000
V 834.000000 120.000000 30.000000 30.000000
V 920.000000 180.000000 40.000000 40.000000
V 1004.000000 180.000000 28.000000 28.000000
V 245.000000 440.000000 100.000000 80.000000
V 380.000000 440.000000 40.000000 40.000000
V 495.000000 440.000000 30.000000 30.000000
V 120.000000 440.000000 30.000000 30.000000
V 725.000000 495.000000 100.000000 80.000000
V 570.000000 440.000000 30.000000 30.000000
V 615.000000 386.000000 30.000000 30.000000
V 615.000000 495.000000 30.000000 30.000000
V 834.000000 495.000000 28.000000 28.000000
V 725.000000 386.000000 100.000000 80.000000
V 869.000000 386.000000 28.000000 28.000000
E 0 1 120.000000 180.000000 245.000000 180.000000
E 1 2 245.000000 180.000000 355.000000 180.000000
E 2 3 355.000000 180.000000 495.000000 180.000000
E 2 14 355.000000 180.000000 355.000000 305.000000 120.000000 305.000000 120.000000 440.000000
E 3 4 495.000000 180.000000 560.500000 180.500000
E 13 3 495.000000 440.000000 495.000000 180.000000
E 4 5 560.500000 180.500000 560.500000 120.000000 660.000000 120.000000
E 4 6 560.500000 180.500000 560.500000 225.000000 660.000000 225.000000
E 5 8 660.000000 120.000000 834.000000 120.000000
E 5 17 660.000000 120.000000 660.000000 159.000000 615.000000 159.000000 615.000000 386.000000
E 6 7 660.000000 225.000000 834.000000 225.000000
E 6 18 660.000000 225.000000 660.000000 288.000000 640.000000 288.000000 640.000000 458.000000 615.000000 458.000000 615.000000 495.000000
E 7 9 834.000000 225.000000 920.500000 225.000000 920.500000 180.500000
E 19 7 834.000000 495.000000 834.000000 240.000000
E 8 9 834.000000 120.000000 920.500000 120.000000 920.500000 180.500000
E 21 8 869.000000 386.000000 869.000000 162.000000 834.000000 162.000000 834.000000 120.000000
E 9 10 920.500000 180.500000 1004.000000 180.000000
E 11 12 245.000000 440.000000 380.500000 440.500000
E 14 11 120.000000 440.000000 245.000000 440.000000
E 12 13 380.500000 440.500000 495.000000 440.000000
E 13 16 495.000000 440.000000 570.000000 440.000000
E 18 15 615.000000 495.000000 725.000000 495.000000
E 15 19 725.000000 495.000000 834.000000 495.000000
E 16 17 570.000000 440.000000 570.000000 386.000000 615.000000 386.000000
E 16 18 570.000000 440.000000 570.000000 495.000000 615.000000 495.000000
E 17 20 615.000000 386.000000 725.000000 386.000000
E 20 21 725.000000 386.000000 869.000000 386.000000
G 1043375091.json 19 21
V 1055.000000 441.000000 40.000000 40.000000
V 1175.000000 441.000000 100.000000 80.000000
V 1283.000000 441.000000 40.000000 40.000000
V 1490.000000 441.000000 100.000000 80.000000
V 1659.499969 441.000000 40.000000 40.000000
V 1745.000000 520.000000 100.000000 40.000000
V 1490.000000 541.000000 30.000000 30.000000
V 1865.000000 520.000000 40.000000 40.000000
V 1955.000000 395.500000 100.000000 55.000000
V 1955.000000 458.500000 100.000000 45.000000
V 1955.000000 520.000000 100.000000 45.000000
V 2060.000000 459.000000 40.000000 40.000000
V 915.000500 674.000000 62.001000 60.173000
V 815.000000 673.913500 100.000000 50.000000
V 1190.000000 625.000000 100.000000 80.000000
V 1355.000000 625.000000 40.000000 40.000000
V 1625.000000 625.000000 100.000000 80.000000
V 1745.000000 635.000000 40.000000 40.000000
V 1490.000000 625.000000 100.000000 40.000000
E 0 1 1055.000000 441.000000 1125.000000 441.000000
E 1 2 1225.000000 441.000000 1283.000000 441.000000
U 12 1 914.575500 643.913500 1126.000000 643.913500 1126.000000 461.000000
E 2 3 1283.000000 441.000000 1440.000000 441.000000
E 2 14 1283.000000 441.000000 1283.000000 585.000000 1177.000000 585.000000
E 3 6 1490.000000 441.000000 1490.000000 531.000000
E 3 15 1465.000000 480.000000 1355.000000 481.000000 1355.000000 625.000000
E 5 4 1745.000000 501.000000 1745.000000 445.000000 1672.000000 445.000000
E 5 7 1794.000000 520.000000 1856.000000 520.000000
E 17 5 1746.000000 616.000000 1745.000000 539.000000
E 6 18 1491.000000 555.000000 1491.000000 572.500000 1490.000000 572.500000 1490.000000 606.000000
E 7 8 1860.000000 511.000000 1860.000000 395.500000 1906.000000 395.500000
E 7 10 1863.000000 532.000000 1906.000000 531.250000
E 8 11 2004.000000 395.500000 2060.000000 395.500000 2060.000000 447.000000
E 9 11 2004.000000 458.500000 2060.500000 459.500000
E 10 11 2004.000000 520.000000 2064.000000 520.000000 2064.000000 472.000000
U 12 13 914.575500 673.838000 766.000000 672.913500
E 14 15 1240.000000 625.000000 1355.000000 625.000000
E 15 18 1355.000000 625.000000 1440.000000 625.000000
E 16 17 1664.000000 635.000000 1727.000000 635.000000
E 17 18 1746.000000 653.000000 1746.000000 735.000000 1502.000000 735.000000 1502.000000 643.000000
G 1043553918.json 25 30
V 105.000000 200.000000 30.000000 30.000000
V 200.000000 200.000000 100.000000 80.000000
V 300.000000 200.000000 30.000000 30.000000
V 510.000000 200.000000 30.000000 30.000000
V 890.000000 200.000000 40.000000 40.000000
V 933.000000 150.000000 30.000000 30.000000
V 990.000000 255.000000 30.000000 30.000000
V 1529.000000 200.000000 28.000000 28.000000
V 1040.000000 150.000000 100.000000 80.000000
V 1185.000000 150.000000 30.000000 30.000000
V 1320.000000 150.000000 30.000000 30.000000
V 1430.000000 150.000000 100.000000 80.000000
V 395.000000 520.000000 100.000000 80.000000
V 635.000000 520.000000 100.000000 80.000000
V 725.000000 520.000000 40.000000 40.000000
V 833.000000 401.000000 100.000000 80.000000
V 833.000000 656.000000 100.000000 80.000000
V 300.000000 520.000000 30.000000 30.000000
V 510.000000 520.000000 30.000000 30.000000
V 933.000000 401.000000 30.000000 30.000000
V 990.000000 656.000000 30.000000 30.000000
V 1185.000000 401.000000 30.000000 30.000000
V 1529.000000 539.000000 28.000000 28.000000
V 1320.000000 401.000000 30.000000 30.000000
V 1430.000000 401.000000 100.000000 80.000000
E 0 1 105.000000 200.000000 200.000000 200.000000
E 1 2 200.000000 200.000000 300.000000 200.000000
E 2 3 300.000000 200.000000 510.000000 200.000000
E 2 17 300.000000 200.000000 300.000000 520.000000
E 3 4 510.000000 200.000000 890.500000 200.500000
E 18 3 510.000000 520.000000 510.000000 200.000000
E 4 5 890.500000 200.500000 890.500000 150.000000 933.000000 150.000000
E 4 6 890.500000 200.500000 890.500000 255.000000 990.000000 255.000000
E 5 8 933.000000 150.000000 1040.000000 150.000000
E 19 5 933.000000 401.000000 933.000000 150.000000
E 6 7 990.000000 255.000000 1529.000000 255.000000 1529.000000 200.000000
E 20 6 990.000000 656.000000 990.000000 255.000000
E 11 7 1430.000000 150.000000 1529.000000 150.000000 1529.000000 200.000000
E 8 9 1040.000000 150.000000 1185.000000 150.000000
E 9 10 1185.000000 150.000000 1320.000000 150.000000
E 9 21 1185.000000 150.000000 1185.000000 401.000000
E 10 11 1320.000000 150.000000 1430.000000 150.000000
E 17 12 300.000000 520.000000 395.000000 520.000000
E 12 18 395.000000 520.000000 510.000000 520.000000
E 13 14 635.000000 520.000000 725.500000 520.500000
E 18 13 510.000000 520.000000 635.000000 520.000000
E 14 15 725.500000 520.500000 725.500000 401.000000 833.000000 401.000000
E 14 16 725.500000 520.500000 725.500000 656.000000 833.000000 656.000000
E 15 19 833.000000 401.000000 933.000000 401.000000
E 16 20 833.000000 656.000000 990.000000 656.000000
E 19 21 933.000000 401.000000 1185.000000 401.000000
E 20 22 990.000000 656.000000 1529.000000 656.000000 1529.000000 539.000000
E 21 23 1185.000000 401.000000 1320.000000 401.000000
E 24 22 1430.000000 401.000000 1529.000000 401.000000 1529.000000 539.000000
E 23 24 1320.000000 401.000000 1430.000000 401.000000
G 1043673241.json 15 15
V 127.535638 134.343360 30.000000 30.000000
V 532.535638 255.436107 40.000000 40.000000
V 127.535638 255.436107 30.000000 30.000000
V 786.545451 255.436107 40.000000 40.000000
V 310.535648 134.343360 153.000000 80.000000
V 677.035668 255.436107 100.000000 80.000000
V 311.035648 255.436107 153.000000 80.000000
V 979.356053 255.436107 172.360001 115.090002
V 157.535638 317.894369 153.000000 80.000000
V 290.919493 399.235164 100.000000 80.000000
V 476.269792 399.235164 100.000000 80.000000
V 677.035668 399.235164 139.930002 80.000000
V 127.535638 399.235164 30.000000 30.000000
V 886.949848 399.235164 100.000000 50.000000
V 1169.589736 255.436107 28.000000 28.000000
E 0 4 127.535638 134.343360 310.535648 134.343360
E 4 1 310.535648 134.343360 533.035638 134.343360 533.035638 255.936107
E 1 5 533.035638 255.936107 677.035668 255.436107
E 6 1 311.035648 255.436107 533.035638 255.936107
E 2 6 127.535638 255.436107 311.035648 255.436107
E 5 3 677.035668 255.436107 787.045451 255.936107
E 3 7 787.045451 255.936107 979.356053 255.436107
E 11 3 677.035668 399.235164 787.045451 399.235164 787.045451 255.936107
U 6 8 311.035648 255.436107 82.565638 316.294369
U 7 13 979.356053 255.436107 837.949848 398.235164
E 7 14 979.356053 255.436107 1169.589736 255.436107
U 8 11 82.035638 316.294369 677.035668 399.235164
E 9 10 290.919493 399.235164 476.269792 399.235164
E 12 9 127.535638 399.235164 290.919493 399.235164
E 10 11 476.269792 399.235164 677.035668 399.235164
G 1043716184.json 28 32
V 121.000000 360.086500 62.001000 60.173000
V 150.000000 195.000000 30.000000 30.000000
V 305.000000 195.000000 100.000000 80.000000
V 425.000000 195.000000 40.000000 40.000000
V 530.000000 100.000000 100.000000 80.000000
V 530.000000 295.000000 100.000000 80.000000
V 740.000000 100.000000 100.000000 80.000000
V 920.000000 100.000000 100.000000 80.000000
V 1085.000000 100.000000 100.000000 80.000000
V 1250.000000 100.000000 28.000000 28.000000
V 121.000500 540.086500 62.001000 60.173000
V 121.000000 630.000000 30.000000 30.000000
V 245.000000 630.000000 100.000000 80.000000
V 245.000000 725.000000 40.000000 40.000000
V 425.000000 775.000000 100.000000 80.000000
V 425.000000 580.000000 100.000000 80.000000
V 335.000000 658.000000 40.000000 40.000000
V 620.000000 580.000000 100.000000 80.000000
V 740.000000 580.000000 100.000000 80.000000
V 920.000000 580.000000 100.000000 80.000000
V 1085.000000 580.000000 100.000000 80.000000
V 1250.000000 580.000000 100.000000 80.000000
V 1250.000000 691.000000 100.000000 80.000000
V 1085.000000 691.000000 100.000000 80.000000
V 920.000000 691.000000 100.000000 80.000000
V 500.000000 658.000000 40.000000 40.000000
V 659.000000 691.000000 28.000000 28.000000
V 920.000000 794.000000 28.000000 28.000000
U 0 2 120.575000 359.924500 305.000000 195.000000
U 15 0 425.000000 580.000000 120.575000 359.924500
E 1 2 150.000000 195.000000 305.000000 195.000000
E 2 3 305.000000 195.000000 425.500000 195.500000
E 3 4 425.500000 195.500000 425.500000 100.000000 530.000000 100.000000
E 3 5 425.500000 195.500000 425.500000 295.000000 530.000000 295.000000
E 4 6 530.000000 100.000000 740.000000 100.000000
E 5 17 530.000000 295.000000 530.000000 437.500000 620.000000 437.500000 620.000000 580.000000
E 6 7 740.000000 100.000000 920.000000 100.000000
E 6 18 740.000000 100.000000 740.000000 580.000000
E 7 8 920.000000 100.000000 1085.000000 100.000000
E 19 7 920.000000 580.000000 920.000000 100.000000
E 8 9 1085.000000 100.000000 1250.000000 100.000000
E 8 20 1085.000000 100.000000 1085.000000 580.000000
U 10 12 120.575500 539.924500 245.000000 630.000000
E 11 12 121.000000 630.000000 245.000000 630.000000
E 12 13 245.000000 630.000000 245.500000 725.500000
E 13 14 245.500000 725.500000 245.500000 775.000000 425.000000 775.000000
E 13 16 245.500000 725.500000 335.500000 725.500000 335.500000 658.500000
E 14 16 425.000000 775.000000 425.000000 658.500000 335.500000 658.500000
E 16 15 335.500000 658.500000 335.500000 580.000000 425.000000 580.000000
E 15 25 425.000000 580.000000 500.500000 580.000000 500.500000 658.500000
E 25 17 500.500000 658.500000 545.000000 658.500000 545.000000 580.000000 620.000000 580.000000
E 17 26 620.000000 580.000000 659.000000 691.000000
E 18 19 740.000000 580.000000 920.000000 580.000000
E 25 18 500.500000 658.500000 500.500000 746.000000 740.000000 746.000000 740.000000 580.000000
E 19 20 920.000000 580.000000 1085.000000 580.000000
E 20 21 1085.000000 580.000000 1250.000000 580.000000
E 21 22 1250.000000 580.000000 1250.000000 691.000000
E 22 23 1250.000000 691.000000 1085.000000 691.000000
E 23 24 1085.000000 691.000000 920.000000 691.000000
E 24 27 920.000000 691.000000 920.000000 794.000000
G 1043844309.json 15 17
V 150.000000 342.500000 122.000000 53.000000
V 70.000000 250.000000 30.000000 30.000000
V 276.000000 341.750000 40.000000 40.000000
V 648.000000 343.000000 30.000000 30.000000
V 360.000000 420.000000 30.000000 30.000000
V 545.000000 420.000000 100.000000 80.000000
V 768.000000 420.000000 30.000000 30.000000
V 927.500000 352.500000 101.000000 55.000000
V 1073.500000 351.500000 101.000000 53.000000
V 150.000000 250.000000 40.000000 40.000000
V 150.000000 722.000000 30.000000 30.000000
V 351.000000 721.500000 122.000000 55.000000
V 647.500000 721.500000 125.000000 53.000000
V 941.000000 721.500000 122.000000 53.000000
V 1061.000000 721.500000 28.000000 28.000000
E 0 2 150.000000 342.500000 276.500000 342.509494
E 9 0 150.500000 250.500000 150.000000 342.500000
E 0 10 150.000000 368.000000 150.000000 712.585938
E 1 9 70.000000 250.000000 150.500000 250.500000
E 2 3 276.500000 342.250000 648.000000 343.000000
E 2 4 276.500000 342.250000 276.500000 420.000000 360.000000 420.000000
E 3 7 648.000000 343.000000 884.000000 342.000000
E 12 3 647.500000 696.000000 647.500000 343.000000
E 4 5 360.000000 420.000000 545.000000 420.000000
E 5 6 594.000000 420.000000 768.000000 420.000000
E 6 7 768.000000 420.000000 825.000000 420.000000 825.000000 352.500000 927.500000 352.500000
E 7 8 927.500000 352.500000 1000.500000 352.500000 1000.500000 351.500000 1073.500000 351.500000
E 7 13 953.105802 377.000000 953.105802 701.376765
E 10 11 150.000000 722.000000 351.000000 721.500000
E 11 12 351.000000 721.500000 647.500000 721.500000
E 12 13 647.500000 721.500000 941.000000 721.500000
E 13 14 941.000000 721.500000 1061.000000 721.500000
G 1044157575.json 20 23
V 105.000000 150.000000 30.000000 30.000000
V 273.000000 150.000000 100.000000 80.000000
V 273.000000 318.500000 88.000000 97.000000
V 418.000000 150.000000 100.000000 80.000000
V 418.000000 318.500000 88.000000 97.000000
V 563.000000 150.000000 100.000000 80.000000
V 708.000000 150.000000 100.000000 80.000000
V 708.000000 318.500000 88.000000 97.000000
V 853.000000 150.000000 100.000000 80.000000
V 1340.000000 150.000000 100.000000 80.000000
V 914.000000 408.500000 88.000000 97.000000
V 913.937500 548.973000 63.875000 57.946000
V 1340.000000 370.000000 100.000000 80.000000
V 755.000000 745.000000 100.000000 80.000000
V 620.000000 745.000000 100.000000 80.000000
V 418.000000 745.000000 100.000000 80.000000
V 273.000000 745.000000 100.000000 80.000000
V 105.000000 644.000000 28.000000 28.000000
V 105.000000 794.000000 28.000000 28.000000
V 755.000000 548.500000 88.000000 97.000000
E 0 1 105.000000 150.000000 273.000000 150.000000
E 1 2 273.000000 150.000000 273.000000 270.000000
E 1 3 273.000000 150.000000 418.000000 150.000000
E 3 4 418.000000 150.000000 418.000000 293.000000
E 3 5 418.000000 150.000000 563.000000 150.000000
E 5 6 563.000000 150.000000 708.000000 150.000000
E 6 7 708.000000 150.000000 708.000000 318.500000
E 6 8 708.000000 150.000000 853.000000 150.000000
E 7 8 708.000000 318.500000 853.000000 150.000000
E 8 9 853.000000 150.000000 1340.000000 150.000000
E 8 10 871.439072 186.000000 914.000000 408.500000
E 19 8 755.000000 548.500000 853.000000 150.000000
E 9 12 1340.000000 150.000000 1340.000000 370.000000
E 9 19 1340.000000 150.000000 783.000000 520.000000
U 10 11 914.000000 408.500000 913.937500 548.973000
E 12 13 1340.000000 370.000000 1340.000000 745.000000 755.000000 745.000000
E 13 14 755.000000 745.000000 620.000000 745.000000
E 13 19 755.000000 745.000000 755.000000 597.000000
E 14 15 620.000000 745.000000 418.000000 745.000000
E 15 16 418.000000 745.000000 273.000000 745.000000
E 15 19 418.000000 745.000000 725.474952 553.084961
E 16 17 273.000000 745.000000 105.000000 644.000000
E 16 18 273.000000 745.000000 105.000000 794.000000
G 1044333950.json 34 47
V 135.000000 105.500000 30.000000 30.000000
V 230.000000 198.000000 40.000000 40.000000
V 135.000000 294.500000 30.000000 30.000000
V 440.000000 76.500000 100.000000 63.000000
V 440.000000 166.500000 100.000000 63.000000
V 440.000000 256.500000 100.000000 63.000000
V 440.000000 361.500000 100.000000 63.000000
V 575.000000 198.000000 40.000000 40.000000
V 1055.000000 198.500000 100.000000 63.000000
V 1310.000000 382.500000 100.000000 75.000000
V 1310.000000 77.000000 100.000000 63.000000
V 1190.000000 198.000000 40.000000 40.000000
V 1740.000000 105.000000 100.000000 63.000000
V 1460.000000 198.000000 40.000000 40.000000
V 1980.000000 198.000000 40.000000 40.000000
V 2090.000000 105.000000 30.000000 30.000000
V 2090.000000 270.000000 30.000000 30.000000
V 680.000000 198.500000 40.000000 40.000000
V 905.000000 198.000000 40.000000 40.000000
V 793.000000 293.500000 86.000000 63.000000
V 1595.000000 198.000000 40.000000 40.000000
V 1740.000000 294.000000 100.000000 63.000000
V 1865.000000 198.000000 40.000000 40.000000
V 1310.000000 167.000000 100.000000 63.000000
V 440.000000 451.500000 100.000000 63.000000
V 1310.000000 270.000000 100.000000 63.000000
V 2090.000000 362.500000 30.000000 30.000000
V 630.000000 600.000000 30.000000 30.000000
V 795.000000 600.000000 100.000000 80.000000
V 995.000000 600.000000 100.000000 80.000000
V 1160.000000 600.000000 40.000000 40.000000
V 1430.000000 600.000000 40.000000 40.000000
V 1310.000000 685.000000 100.000000 80.000000
V 1559.000000 600.000000 28.000000 28.000000
E 0 1 135.000000 105.500000 179.000000 105.500000 179.000000 198.500000 230.500000 198.500000
E 2 1 135.000000 294.500000 179.000000 294.500000 179.000000 198.500000 230.500000 198.500000
E 1 3 230.500000 198.500000 230.500000 76.500000 440.000000 76.500000
E 1 4 230.500000 198.500000 230.500000 166.500000 440.000000 166.500000
E 1 5 230.500000 198.500000 230.500000 256.500000 440.000000 256.500000
E 1 6 230.500000 198.500000 230.500000 361.500000 440.000000 361.500000
E 1 24 230.500000 198.500000 230.500000 451.500000 440.000000 451.500000
E 3 7 440.000000 76.500000 575.500000 76.500000 575.500000 198.500000
E 4 7 440.000000 166.500000 575.500000 166.500000 575.500000 198.500000
E 5 7 440.000000 256.500000 575.500000 256.500000 575.500000 198.500000
E 6 7 440.000000 361.500000 575.500000 361.500000 575.500000 198.500000
E 7 17 575.500000 198.500000 680.500000 199.000000
E 24 7 440.000000 451.500000 575.500000 451.500000 575.500000 198.500000
E 8 11 1055.000000 198.500000 1190.500000 198.500000
E 18 8 905.500000 198.500000 1055.000000 198.500000
E 8 28 1055.000000 229.000000 1055.000000 366.000000 809.735509 366.000000 809.735509 572.362186
E 11 9 1190.500000 198.500000 1190.500000 382.500000 1310.000000 382.500000
E 9 13 1310.000000 382.500000 1460.500000 382.500000 1460.500000 198.500000
E 29 9 978.000000 577.600037 978.000000 399.000000 1281.000000 399.000000
E 11 10 1190.500000 198.500000 1190.500000 77.000000 1310.000000 77.000000
E 10 13 1310.000000 77.000000 1460.500000 77.000000 1460.500000 198.500000
E 11 23 1190.500000 198.500000 1190.500000 167.000000 1310.000000 167.000000
E 11 25 1190.500000 198.500000 1190.500000 270.000000 1310.000000 270.000000
E 20 12 1595.500000 198.500000 1595.500000 105.000000 1740.000000 105.000000
E 12 22 1740.000000 105.000000 1865.500000 105.000000 1865.500000 198.500000
E 13 20 1460.500000 198.500000 1595.500000 198.500000
E 23 13 1310.000000 167.000000 1460.500000 167.000000 1460.500000 198.500000
E 25 13 1310.000000 270.000000 1460.500000 270.000000 1460.500000 198.500000
E 14 15 1980.500000 198.500000 1980.500000 105.000000 2090.000000 105.000000
E 14 16 1980.500000 198.500000 1980.500000 270.000000 2090.000000 270.000000
E 22 14 1865.500000 198.500000 1980.500000 198.500000
E 14 26 1980.500000 198.500000 1980.500000 362.500000 2090.000000 362.500000
E 17 18 680.500000 199.000000 905.500000 198.500000
E 17 19 680.500000 199.000000 680.500000 293.000000 793.000000 293.000000
E 19 18 793.000000 293.500000 905.500000 293.500000 905.500000 198.500000
E 20 21 1595.500000 198.500000 1595.500000 294.000000 1740.000000 294.000000
E 20 22 1595.500000 198.500000 1865.500000 198.500000
E 21 22 1740.000000 294.000000 1865.500000 294.000000 1865.500000 198.500000
E 29 21 995.000000 600.000000 995.000000 430.000000 1751.000000 430.000000 1751.000000 290.000000
E 32 21 1303.000000 694.000000 1303.000000 455.000000 1764.000000 455.000000 1764.000000 298.000000
E 27 28 630.000000 600.000000 795.000000 600.000000
E 28 29 795.000000 600.000000 995.000000 600.000000
E 29 30 995.000000 600.000000 1160.500000 600.500000
E 30 31 1160.500000 600.500000 1430.500000 600.500000
E 30 32 1160.500000 600.500000 1160.500000 685.000000 1310.000000 685.000000
E 32 31 1310.000000 685.000000 1430.500000 685.000000 1430.500000 600.500000
E 31 33 1430.500000 600.500000 1559.000000 600.000000
G 1045043582.json 22 23
V 115.000000 219.000000 30.000000 30.000000
V 429.000000 375.000000 30.000000 30.000000
V 115.000000 315.000000 80.000000 60.000000
V 526.000000 375.000000 30.000000 30.000000
V 312.000000 255.000000 30.000000 30.000000
V 312.000000 375.000000 30.000000 30.000000
V 200.000000 315.000000 40.000000 40.000000
V 429.000000 189.000000 28.000000 28.000000
V 605.000000 375.000000 40.000000 40.000000
V 719.000000 375.000000 30.000000 30.000000
V 955.000000 375.000000 30.000000 30.000000
V 1109.000000 288.000000 28.000000 28.000000
V 719.000000 288.000000 30.000000 30.000000
V 1042.000000 288.000000 40.000000 40.000000
V 321.000000 605.000000 30.000000 30.000000
V 429.000000 605.000000 100.000000 80.000000
V 526.000000 605.000000 28.000000 28.000000
V 719.000000 547.000000 30.000000 30.000000
V 814.000000 622.000000 100.000000 80.000000
V 955.000000 622.000000 100.000000 55.000000
V 1086.500000 622.000000 105.000000 30.000000
V 955.000000 547.000000 28.000000 28.000000
E 0 2 115.000000 219.000000 115.000000 315.000000
E 1 3 429.000000 375.000000 526.000000 375.000000
E 5 1 312.000000 375.000000 429.000000 375.000000
E 1 14 429.000000 390.000000 429.000000 428.000000 321.000000 428.000000 321.000000 609.000000
E 2 6 115.000000 315.000000 200.500000 315.500000
E 3 8 526.000000 375.000000 605.500000 375.500000
E 16 3 526.000000 596.000000 526.000000 390.000000
E 6 4 200.500000 315.500000 252.000000 255.000000 312.000000 255.000000
E 4 7 312.000000 255.000000 378.000000 255.000000 429.000000 189.000000
E 6 5 200.500000 315.500000 255.000000 375.000000 302.750000 375.000000
E 8 9 619.285147 375.000000 719.000000 375.000000
E 8 12 605.500000 375.500000 667.000000 288.000000 719.000000 288.000000
E 9 10 719.000000 375.000000 955.000000 375.000000
E 9 17 719.000000 375.000000 719.000000 538.000000
E 10 13 955.000000 375.000000 980.000000 375.000000 1042.500000 288.500000
E 21 10 955.000000 547.000000 955.000000 390.000000
E 13 11 1042.500000 288.500000 1109.000000 288.000000
E 12 13 719.000000 288.000000 1042.500000 288.500000
E 14 15 321.000000 605.000000 429.000000 605.000000
E 15 16 429.000000 605.000000 517.000000 605.000000
E 18 19 814.000000 622.000000 919.000000 622.000000
E 20 19 1086.500000 622.000000 906.000000 622.000000
E 19 21 955.000000 622.000000 955.000000 547.000000
G 1045182326.json 24 24
V 175.000000 375.250000 150.000000 100.000000
V 175.000000 275.500000 28.375000 20.500000
V 385.000000 375.250000 150.000000 100.000000
V 699.000000 690.000000 150.000000 100.000000
V 908.125000 689.500000 148.312500 110.000000
V 907.968750 783.750000 28.375000 20.500000
V 937.956234 375.250000 148.312500 117.500000
V 1568.849976 566.899992 150.000000 100.000000
V 1568.849976 649.500000 28.375000 20.500000
V 1874.249968 375.000000 137.000000 110.000000
V 1874.562468 481.649992 28.375000 20.500000
V 35.000000 375.250000 30.000000 30.000000
V 540.799990 375.250000 40.000000 40.000000
V 2027.999952 375.000000 28.000000 28.000000
V 1108.249980 690.000000 137.000000 125.000000
V 1108.749980 790.699987 28.375000 20.500000
V 1208.649978 375.250000 40.000000 40.000000
V 1680.549971 375.000000 40.000000 40.000000
V 1275.749980 690.000000 28.000000 28.000000
V 1208.649978 470.250000 30.000000 30.000000
V 1208.649978 566.899992 30.000000 30.000000
V 1348.649978 566.899992 40.000000 40.000000
V 1528.849976 830.449987 137.000000 100.000000
V 1647.999976 830.449987 28.000000 28.000000
U 0 1 175.000000 375.250000 173.962500 274.500000
E 0 2 175.000000 375.250000 385.000000 375.250000
E 11 0 50.000000 375.250000 175.000000 375.250000
E 2 12 385.000000 375.250000 541.299990 375.750000
E 3 4 699.000000 690.000000 908.125000 689.500000
E 12 3 541.299990 375.750000 541.299990 690.000000 699.000000 690.000000
U 4 5 906.931250 722.720000 906.931250 773.500000
E 4 14 908.125000 689.500000 1108.249980 690.000000
E 12 6 541.299990 375.750000 937.956234 375.250000
E 6 16 937.956234 375.250000 1209.149978 375.750000
U 8 7 1567.812476 648.500000 1568.849976 546.899992
E 7 17 1568.849976 566.899992 1681.049971 566.899992 1681.049971 375.500000
E 21 7 1349.149978 567.399992 1494.849976 566.899992
U 10 9 1873.524968 480.649992 1874.249968 375.000000
E 9 13 1874.249968 375.000000 2027.999952 375.000000
E 17 9 1681.049971 375.500000 1874.249968 375.000000
U 14 15 1108.249980 690.000000 1107.712480 789.699987
E 14 18 1108.249980 690.000000 1275.749980 690.000000
E 16 17 1209.149978 375.750000 1681.049971 375.500000
E 16 19 1209.149978 375.750000 1208.649978 470.250000
E 19 20 1208.649978 470.250000 1208.649978 566.899992
E 20 21 1208.649978 566.899992 1349.149978 567.399992
E 21 22 1349.149978 567.399992 1349.149978 830.449987 1528.849976 830.449987
E 22 23 1528.849976 830.449987 1647.999976 830.449987
G 1045183252.json 24 26
V 615.000000 702.060002 100.000000 80.000000
V 730.000000 702.060002 40.000000 40.000000
V 830.000000 817.060002 100.000000 80.000000
V 975.000000 817.060002 100.000000 80.000000
V 1070.000000 702.060002 40.000000 40.000000
V 1180.000000 702.060002 100.000000 80.000000
V 741.500000 602.060002 187.000000 50.000000
V 210.000000 292.729996 100.000000 50.000000
V 445.160000 294.099996 100.000000 80.000000
V 240.000000 382.729996 100.000000 80.000000
V 350.000000 382.729996 40.000000 40.000000
V 459.680000 462.729996 119.360000 80.000000
V 615.000000 462.729996 100.000000 80.000000
V 561.175000 372.729996 142.349999 50.000000
V 1355.000000 447.729996 100.000000 80.000000
V 1180.160000 374.099996 40.000000 40.000000
V 125.199998 382.729996 30.000000 30.000000
V 1354.399977 292.799996 100.000000 80.000000
V 1256.049980 374.099996 40.000000 40.000000
V 1435.699976 374.099996 40.000000 40.000000
V 1504.149975 374.099996 28.000000 28.000000
V 266.000000 501.000000 212.000000 62.000000
V 637.580000 250.000000 224.840000 50.000000
V 1387.500000 530.500000 255.000000 50.000000
E 0 1 615.000000 702.060002 730.500000 702.560002
U 0 6 615.000000 702.060002 649.870000 601.060002
E 12 0 615.000000 462.729996 615.000000 702.060002
E 1 2 730.500000 702.560002 730.500000 817.060002 830.000000 817.060002
E 1 4 730.500000 702.560002 730.500000 640.060002 1070.500000 640.060002 1070.500000 702.560002
E 2 3 830.000000 817.060002 975.000000 817.060002
E 3 4 975.000000 817.060002 1070.500000 817.060002 1070.500000 702.560002
E 4 5 1070.500000 702.560002 1180.000000 702.060002
E 5 15 1180.000000 702.060002 1180.660000 374.599996
U 7 16 161.000000 291.729996 125.199998 382.729996
E 10 8 350.500000 383.229996 350.500000 294.099996 445.160000 294.099996
E 8 15 445.160000 294.099996 1180.660000 294.099996 1180.660000 374.599996
U 8 22 445.160000 294.099996 527.408400 249.000000
E 9 10 240.000000 382.729996 350.500000 383.229996
E 16 9 125.199998 382.729996 240.000000 382.729996
U 9 21 240.000000 382.729996 162.120000 499.760000
E 10 11 350.500000 383.229996 350.500000 462.729996 459.680000 462.729996
E 11 12 459.680000 462.729996 615.000000 462.729996
U 13 11 491.423500 371.729996 459.680000 462.729996
E 18 14 1256.549980 374.599996 1256.549980 447.729996 1355.000000 447.729996
E 14 19 1355.000000 447.729996 1436.199976 447.729996 1436.199976 374.599996
U 14 23 1355.000000 447.729996 1262.550000 529.500000
E 15 18 1180.660000 374.599996 1256.549980 374.599996
E 18 17 1256.549980 374.599996 1256.549980 292.799996 1354.399977 292.799996
E 17 19 1354.399977 292.799996 1436.199976 292.799996 1436.199976 374.599996
E 19 20 1436.199976 374.599996 1504.149975 374.099996
G 1045697922.json 30 31
V 335.000000 370.000000 100.000000 80.000000
V 260.500000 320.000000 119.000000 50.000000
V 420.000000 240.000000 30.000000 30.000000
V 420.000000 305.000000 40.000000 40.000000
V 515.000000 370.000000 100.000000 80.000000
V 639.000000 305.000000 100.000000 50.000000
V 659.000000 455.000000 28.000000 28.000000
V 420.000000 725.000000 100.000000 80.000000
V 420.000000 815.000000 40.000000 40.000000
V 569.000000 815.000000 28.000000 28.000000
V 420.000000 910.000000 100.000000 80.000000
V 420.000000 995.000000 40.000000 40.000000
V 569.000000 995.000000 28.000000 28.000000
V 420.000000 1070.000000 40.000000 40.000000
V 335.000000 1150.000000 100.000000 80.000000
V 515.000000 1150.000000 100.000000 80.000000
V 420.000000 1215.000000 40.000000 40.000000
V 420.000000 1310.000000 100.000000 80.000000
V 420.000000 1404.000000 28.000000 28.000000
V 515.000000 455.000000 40.000000 40.000000
V 515.000000 555.000000 100.000000 80.000000
V 335.000000 455.000000 40.000000 40.000000
V 194.000000 455.000000 28.000000 28.000000
V 335.000000 555.000000 100.000000 80.000000
V 420.000000 630.000000 40.000000 40.000000
V 235.000000 535.000000 100.000000 50.000000
V 565.000000 700.000000 100.000000 50.000000
V 569.000000 890.000000 100.000000 50.000000
V 255.000000 1110.000000 100.000000 50.000000
V 639.000000 1120.000000 100.000000 50.000000
U 1 0 202.190000 319.000000 286.000000 370.000000
E 3 0 420.500000 305.500000 335.000000 305.500000 335.000000 331.000000
E 0 21 335.000000 370.000000 335.500000 455.500000
E 2 3 420.000000 240.000000 420.500000 305.500000
E 3 4 420.500000 305.500000 515.000000 305.500000 515.000000 370.000000
U 5 4 599.000000 300.000000 553.000000 354.000000
E 4 19 515.000000 370.000000 515.500000 455.500000
E 19 6 515.500000 455.500000 659.000000 455.000000
E 7 8 420.000000 725.000000 420.500000 815.500000
E 24 7 420.500000 630.500000 420.000000 725.000000
U 7 26 469.000000 725.000000 516.000000 699.000000
E 8 9 420.500000 815.500000 569.000000 815.000000
E 8 10 420.500000 815.500000 420.000000 910.000000
E 10 11 420.000000 910.000000 420.500000 995.500000
U 10 27 469.000000 930.000000 531.000000 888.000000
E 11 12 420.500000 995.500000 569.000000 995.000000
E 11 13 420.500000 995.500000 420.500000 1070.500000
E 13 14 420.500000 1070.500000 335.000000 1070.500000 335.000000 1150.000000
E 13 15 420.500000 1070.500000 515.000000 1070.500000 515.000000 1150.000000
E 14 16 335.000000 1150.000000 335.000000 1215.500000 420.500000 1215.500000
U 28 14 206.000000 1109.000000 286.000000 1170.000000
E 15 16 515.000000 1150.000000 515.000000 1215.500000 420.500000 1215.500000
U 15 29 564.000000 1170.000000 590.000000 1119.000000
E 16 17 420.500000 1215.500000 420.000000 1310.000000
E 17 18 420.000000 1310.000000 420.000000 1404.000000
E 19 20 515.500000 455.500000 515.000000 555.000000
E 20 24 515.000000 555.000000 515.000000 630.500000 420.500000 630.500000
E 21 22 335.500000 455.500000 194.000000 455.000000
E 21 23 334.000000 455.500000 334.000000 555.000000
E 23 24 335.000000 555.000000 335.000000 630.500000 420.500000 630.500000
U 25 23 186.000000 534.000000 286.000000 575.000000
G 104593713.json 21 25
V 105.749998 1007.609852 30.000000 30.000000
V 292.249995 1007.609852 40.000000 40.000000
V 854.899986 1007.609852 40.000000 40.000000
V 957.499985 1007.609852 100.000000 80.000000
V 1429.699976 1007.609852 28.000000 28.000000
V 1274.349979 934.079985 40.000000 40.000000
V 455.000000 1007.609852 100.000000 80.000000
V 798.887161 934.079985 40.000000 40.000000
V 200.000000 1007.609852 40.000000 40.000000
V 957.499985 1284.955852 100.000000 80.000000
V 1157.149982 1285.384000 100.000000 80.000000
V 1054.549983 1285.384000 40.000000 40.000000
V 1274.349979 1285.384000 40.000000 40.000000
V 292.249995 693.263853 100.000000 80.000000
V 455.000000 693.692000 40.000000 40.000000
V 455.000000 376.346000 40.000000 40.000000
V 594.499991 309.588757 100.000000 80.000000
V 798.887161 445.000000 100.000000 80.000000
V 696.414210 309.588757 40.000000 40.000000
V 455.000000 475.000000 100.000000 80.000000
V 798.887161 309.588757 40.000000 40.000000
E 0 8 105.749998 1007.609852 200.500000 1008.109852
E 1 6 292.749995 1008.109852 455.000000 1007.609852
E 8 1 200.500000 1008.109852 292.749995 1008.109852
E 1 13 292.749995 1008.109852 292.249995 693.263853
E 2 3 855.399986 1008.109852 957.499985 1007.609852
E 7 2 799.387161 934.579985 798.887161 1008.109852 855.399986 1008.109852
E 2 9 855.399986 1008.109852 855.399986 1284.955852 957.499985 1284.955852
E 3 11 957.499985 1007.609852 1055.049983 1007.609852 1055.049983 1285.884000
E 12 4 1274.349979 1285.384000 1429.699976 1285.384000 1429.699976 1007.609852
E 5 7 1274.849979 934.579985 809.399986 934.579985
E 12 5 1274.849979 1285.884000 1274.849979 934.579985
E 5 20 1274.849979 934.579985 1274.849979 310.088757 799.387161 310.088757
E 6 14 455.000000 1007.609852 455.500000 694.192000
E 17 7 798.887161 484.000000 799.387161 934.579985
E 9 11 957.499985 1284.955852 1055.049983 1285.884000
E 11 10 1055.049983 1285.884000 1157.149982 1285.384000
E 10 12 1157.149982 1285.384000 1274.849979 1285.884000
E 13 14 292.249995 693.263853 455.500000 694.192000
E 14 19 455.500000 694.192000 455.000000 475.000000
E 15 16 455.500000 376.846000 455.500000 309.588757 594.499991 309.588757
E 15 18 455.500000 376.846000 696.914210 376.846000 696.914210 310.088757
E 19 15 455.000000 475.000000 455.500000 376.846000
E 16 18 594.499991 309.588757 684.725834 309.588757
E 20 17 799.387161 310.088757 798.887161 445.000000
E 18 20 696.914210 310.088757 799.387161 310.088757
G 1046048235.json 23 25
V 170.000000 220.000000 100.000000 80.000000
V 34.500000 350.000000 39.000000 69.000000
V 305.000000 220.000000 40.000000 40.000000
V 440.000000 220.000000 100.000000 80.000000
V 605.000000 220.000000 100.000000 80.000000
V 785.000000 220.000000 100.000000 80.000000
V 965.000000 220.000000 100.000000 101.000000
V 1160.000000 220.000000 100.000000 80.000000
V 1160.000000 565.000000 100.000000 80.000000
V 860.000000 565.000000 100.000000 80.000000
V 414.000000 520.000000 100.000000 80.000000
V 215.000000 460.000000 100.000000 80.000000
V 305.000000 340.000000 39.000000 50.000000
V 680.000000 520.000000 40.000000 40.000000
V 414.000000 625.000000 100.000000 80.000000
V 995.000000 370.000000 100.000000 80.000000
V 59.000000 460.000000 28.000000 28.000000
V 45.000000 220.000000 30.000000 30.000000
V 1160.000000 364.500000 40.000000 40.000000
V 860.000000 370.000000 40.000000 40.000000
V 605.000000 109.000000 39.000000 50.000000
V 605.500000 520.362534 40.000000 40.000000
V 1264.500000 220.000000 39.000000 69.000000
E 1 0 34.500000 350.000000 170.000000 220.000000
E 0 2 170.000000 220.000000 305.500000 220.500000
E 0 12 170.000000 220.000000 305.000000 340.000000
E 17 0 45.000000 220.000000 170.000000 220.000000
E 2 3 305.500000 220.500000 440.000000 220.000000
E 3 4 440.000000 220.000000 605.000000 220.000000
E 12 3 305.000000 340.000000 440.000000 220.000000
E 19 3 860.500000 370.500000 860.500000 324.000000 440.000000 324.000000 440.000000 220.000000
E 4 5 605.000000 220.000000 785.000000 220.000000
E 20 4 605.000000 109.000000 605.000000 220.000000
E 5 6 785.000000 220.000000 965.000000 220.000000
E 6 7 965.000000 220.000000 1160.000000 220.000000
E 7 18 1160.000000 220.000000 1160.500000 365.000000
E 7 22 1160.000000 220.000000 1264.500000 220.000000
E 8 9 1160.000000 565.000000 860.000000 565.000000
E 9 13 860.000000 565.000000 732.500000 565.000000 732.500000 520.500000 680.500000 520.500000
E 19 9 860.500000 370.500000 860.000000 565.000000
E 10 11 414.000000 520.000000 215.000000 520.000000 215.000000 460.000000
E 21 10 606.000000 520.862534 414.000000 520.000000
E 13 11 680.500000 520.500000 680.500000 460.000000 215.000000 460.000000
E 14 11 414.000000 625.000000 189.000000 625.000000 189.000000 510.000000 215.000000 460.000000
E 11 16 215.000000 460.000000 59.000000 460.000000
E 13 21 680.500000 520.500000 606.000000 520.862534
E 18 15 1160.500000 365.000000 995.000000 370.000000
E 15 19 995.000000 370.000000 860.500000 370.500000
G 1046629921.json 18 23
V 105.000000 145.000000 30.000000 30.000000
V 200.000000 145.000000 100.000000 80.000000
V 330.000000 145.000000 30.000000 30.000000
V 435.000000 145.000000 30.000000 30.000000
V 530.000000 145.000000 100.000000 80.000000
V 635.000000 145.000000 40.000000 40.000000
V 690.000000 195.000000 30.000000 30.000000
V 720.000000 105.000000 30.000000 30.000000
V 780.000000 195.000000 30.000000 30.000000
V 830.000000 105.000000 100.000000 80.000000
V 105.000000 426.000000 30.000000 30.000000
V 200.000000 426.000000 100.000000 80.000000
V 330.000000 426.000000 100.000000 80.000000
V 435.000000 426.000000 30.000000 30.000000
V 495.000000 426.000000 40.000000 40.000000
V 555.000000 375.000000 30.000000 30.000000
V 585.000000 465.000000 30.000000 30.000000
V 660.000000 375.000000 30.000000 30.000000
E 0 1 105.000000 145.000000 200.000000 145.000000
E 1 2 200.000000 145.000000 330.000000 145.000000
E 2 3 330.000000 145.000000 435.000000 145.000000
E 2 10 330.000000 145.000000 330.000000 249.000000 105.000000 249.000000 105.000000 426.000000
E 3 4 435.000000 145.000000 530.000000 145.000000
E 9 3 879.000000 105.000000 918.000000 105.000000 918.000000 43.000000 435.000000 43.000000 435.000000 145.000000
E 13 3 435.000000 426.000000 435.000000 145.000000
E 4 5 530.000000 145.000000 635.500000 145.500000
E 5 6 635.500000 145.500000 635.500000 195.000000 690.000000 195.000000
E 5 7 635.500000 145.500000 635.500000 105.000000 720.000000 105.000000
E 6 8 690.000000 195.000000 780.000000 195.000000
E 6 15 690.000000 195.000000 690.000000 284.000000 555.000000 284.000000 555.000000 375.000000
E 7 9 720.000000 105.000000 830.000000 105.000000
E 7 16 720.000000 105.000000 720.000000 413.000000 585.000000 413.000000 585.000000 465.000000
E 17 8 657.375000 362.000000 657.375000 308.000000 780.625000 308.000000 780.625000 208.000000
E 10 11 105.000000 426.000000 200.000000 426.000000
E 11 12 200.000000 426.000000 330.000000 426.000000
E 12 13 330.000000 426.000000 435.000000 426.000000
E 16 12 585.000000 465.000000 643.000000 465.000000 643.000000 490.000000 330.000000 490.000000 330.000000 465.000000
E 13 14 435.000000 426.000000 495.500000 426.500000
E 14 15 495.500000 426.500000 495.500000 375.000000 555.000000 375.000000
E 14 16 495.500000 426.500000 495.500000 465.000000 585.000000 465.000000
E 15 17 555.000000 375.000000 660.000000 375.000000
G 1046700825.json 24 26
V 740.000000 1263.000000 100.000000 80.000000
V 849.000000 1263.000000 28.000000 28.000000
V 905.000000 805.000000 100.000000 80.000000
V 785.000000 805.000000 40.000000 40.000000
V 1010.000000 805.000000 40.000000 40.000000
V 1010.000000 920.000000 100.000000 80.000000
V 1145.000000 805.000000 28.000000 28.000000
V 1027.000000 545.000000 30.000000 30.000000
V 1145.000000 545.000000 100.000000 80.000000
V 1260.000000 545.000000 30.000000 30.000000
V 1389.000000 545.000000 30.000000 30.000000
V 1505.000000 545.000000 30.000000 30.000000
V 1445.000000 603.000000 40.000000 40.000000
V 1625.000000 630.000000 100.000000 80.000000
V 1770.000000 630.000000 100.000000 80.000000
V 1879.000000 630.000000 28.000000 28.000000
V 195.000000 1059.000000 30.000000 30.000000
V 350.000000 1059.000000 100.000000 80.000000
V 470.000000 1059.000000 40.000000 40.000000
V 614.000000 1059.000000 28.000000 28.000000
V 1260.000000 236.000000 30.000000 30.000000
V 1505.000000 314.000000 30.000000 30.000000
V 1389.000000 314.000000 28.000000 28.000000
V 1445.000000 236.000000 40.000000 40.000000
E 0 1 740.000000 1263.000000 849.000000 1263.000000
E 0 3 740.000000 1263.000000 740.000000 805.500000 785.500000 805.500000
E 18 0 470.500000 1059.500000 470.500000 1263.000000 740.000000 1263.000000
E 3 2 785.500000 805.500000 905.000000 805.000000
E 2 4 905.000000 805.000000 1010.500000 805.500000
E 5 3 1010.000000 920.000000 785.500000 920.000000 785.500000 818.000000
E 4 5 1010.500000 805.500000 1010.000000 920.000000
E 4 6 1010.500000 805.500000 1145.000000 805.000000
E 6 8 1145.000000 805.000000 1145.000000 565.000000
E 7 8 1027.000000 545.000000 1145.000000 545.000000
E 8 9 1145.000000 545.000000 1260.000000 545.000000
E 9 10 1260.000000 545.000000 1389.000000 545.000000
E 9 20 1260.000000 545.000000 1260.000000 236.000000
E 10 12 1389.000000 545.000000 1389.000000 603.500000 1445.000000 603.500000
E 22 10 1389.000000 314.000000 1389.000000 545.000000
E 11 12 1505.000000 545.000000 1505.000000 603.500000 1445.500000 603.500000
E 21 11 1505.000000 314.000000 1505.000000 547.000000
E 12 13 1445.500000 603.500000 1445.500000 630.500000 1625.000000 630.500000
E 13 14 1625.000000 630.000000 1770.000000 630.000000
E 14 15 1770.000000 630.000000 1879.000000 630.000000
E 16 17 195.000000 1059.000000 350.000000 1059.000000
E 17 18 371.000000 1059.000000 451.472656 1059.000000
E 18 19 470.500000 1059.500000 614.000000 1059.000000
E 20 23 1260.000000 236.000000 1260.000000 174.000000 1445.500000 174.000000 1445.500000 236.500000
E 23 21 1445.500000 236.500000 1505.000000 236.500000 1505.000000 314.000000
E 23 22 1445.500000 236.500000 1389.000000 236.500000 1389.000000 314.000000
G 1046734786.json 27 28
V 647.500000 632.000000 100.000000 80.000000
V 794.500000 632.000000 100.000000 80.000000
V 1455.500000 603.000000 100.000000 80.000000
V 534.500000 632.000000 30.000000 30.000000
V 563.000000 685.000000 85.000000 20.000000
V 648.437500 733.973000 63.875000 57.946000
V 990.500000 603.000000 100.000000 80.000000
V 1080.500000 603.000000 40.000000 40.000000
V 1167.500000 520.000000 100.000000 80.000000
V 1275.500000 520.000000 40.000000 40.000000
V 1565.500000 603.000000 28.000000 28.000000
V 881.500000 633.000000 40.000000 40.000000
V 1173.500000 685.000000 112.000000 80.000000
V 990.500000 519.500000 100.000000 67.000000
V 1335.500000 603.000000 40.000000 40.000000
V 1395.437500 733.973000 63.875000 57.946000
V 1545.437500 733.973000 63.875000 57.946000
V 797.437500 733.973000 63.875000 57.946000
V 1395.500000 349.000000 100.000000 80.000000
V 1664.000000 349.000000 28.000000 28.000000
V 1545.500000 349.000000 112.000000 80.000000
V 1455.500000 213.500000 148.000000 67.000000
V 1737.500000 849.000000 28.000000 28.000000
V 1623.500000 849.000000 100.000000 80.000000
V 1760.000000 805.000000 100.000000 20.000000
V 1475.000000 849.000000 100.000000 80.000000
V 1370.000000 849.000000 30.000000 30.000000
E 0 1 647.500000 632.000000 794.500000 632.000000
E 3 0 534.500000 632.000000 647.500000 632.000000
U 0 5 647.500000 632.000000 647.500000 760.402047
E 1 11 794.500000 632.000000 882.000000 633.500000
U 1 17 794.500000 632.000000 797.437500 733.973000
E 2 10 1455.500000 603.000000 1565.500000 603.000000
E 14 2 1336.000000 603.500000 1455.500000 603.000000
U 2 15 1455.500000 603.000000 1395.437500 733.973000
U 3 4 534.500000 632.000000 521.350000 684.600000
E 6 7 990.500000 603.000000 1081.000000 603.500000
E 11 6 882.000000 633.500000 882.000000 603.000000 990.500000 603.000000
U 6 13 990.500000 603.000000 941.500000 518.160000
E 7 8 1081.000000 603.500000 1081.000000 520.000000 1167.500000 520.000000
E 7 14 1081.000000 603.500000 1336.000000 603.500000
E 8 9 1167.500000 520.000000 1276.000000 520.500000
E 9 14 1276.000000 520.500000 1276.000000 603.500000 1336.000000 603.500000
E 9 18 1276.000000 520.500000 1276.000000 349.000000 1395.500000 349.000000
E 11 12 882.000000 633.500000 882.000000 685.000000 1173.500000 685.000000
E 12 14 1173.500000 685.000000 1336.000000 685.000000 1336.000000 603.500000
U 15 25 1395.437500 733.973000 1475.000000 849.000000
U 23 16 1623.500000 849.000000 1545.437500 733.973000
E 18 20 1395.500000 349.000000 1545.500000 349.000000
U 18 21 1395.500000 349.000000 1382.980000 212.160000
E 20 19 1545.500000 349.000000 1664.000000 349.000000
E 23 22 1623.500000 849.000000 1737.500000 849.000000
U 22 24 1737.500000 849.000000 1711.000000 804.600000
E 25 23 1475.000000 849.000000 1623.500000 849.000000
E 26 25 1370.000000 849.000000 1475.000000 849.000000
G 1047510341.json 21 26
V 117.500000 344.000000 30.000000 30.000000
V 212.500000 344.000000 100.000000 80.000000
V 327.500000 344.000000 40.000000 40.000000
V 464.000000 565.000000 143.000000 80.000000
V 655.500000 493.973000 63.875000 57.946000
V 655.000000 280.000000 115.000000 80.000000
V 800.000000 280.000000 115.000000 80.000000
V 959.000000 280.000000 143.000000 80.000000
V 410.000000 280.000000 100.000000 80.000000
V 1169.000000 440.000000 28.000000 28.000000
V 117.500000 900.000000 30.000000 30.000000
V 800.500000 675.086500 62.001000 60.173000
V 227.500000 900.000000 100.000000 80.000000
V 410.000000 900.000000 40.000000 40.000000
V 725.000000 1030.000000 100.000000 80.000000
V 989.000000 965.000000 28.000000 28.000000
V 546.500000 900.000000 143.000000 80.000000
V 800.500000 900.000000 81.001000 55.000000
V 890.000000 965.000000 40.000000 40.000000
V 1089.500000 440.000000 40.000000 40.000000
V 959.500000 838.973000 63.875000 57.946000
E 0 1 117.500000 344.000000 212.500000 344.000000
E 1 2 212.500000 344.000000 328.000000 344.500000
E 2 3 328.000000 344.500000 328.000000 565.000000 464.000000 565.000000
E 2 8 327.500000 344.000000 327.500000 280.000000 410.000000 280.000000
E 3 19 464.000000 565.000000 1090.000000 565.000000 1090.000000 440.500000
U 20 3 959.500000 838.973000 464.000000 565.000000
U 5 4 655.000000 280.000000 655.500000 493.973000
E 5 6 655.000000 280.000000 800.000000 280.000000
E 8 5 410.000000 280.000000 655.000000 280.000000
E 6 7 800.000000 280.000000 959.000000 280.000000
U 6 11 800.000000 280.000000 800.075000 674.924500
E 7 19 959.000000 280.000000 1090.000000 280.000000 1090.000000 440.500000
U 20 7 959.500000 838.973000 959.000000 280.000000
E 19 9 1090.000000 440.500000 1169.000000 440.000000
E 10 12 117.500000 900.000000 227.500000 900.000000
U 11 12 800.075000 674.924500 227.500000 900.000000
U 17 11 800.500000 900.000000 800.075000 674.924500
E 12 13 227.500000 900.000000 410.500000 900.500000
E 13 14 410.500000 900.500000 410.500000 1030.000000 725.000000 1030.000000
E 13 16 410.500000 900.500000 546.500000 900.000000
E 14 18 725.000000 1030.000000 890.500000 1030.000000 890.500000 965.500000
U 20 14 959.500000 838.973000 725.000000 1030.000000
E 18 15 890.500000 965.500000 989.000000 965.000000
E 16 17 546.500000 900.000000 800.500000 900.000000
U 20 16 959.500000 838.973000 546.500000 900.000000
E 17 18 800.500000 900.000000 890.500000 900.000000 890.500000 965.500000
G 1047642669.json 16 15
V 165.000000 180.000000 30.000000 30.000000
V 380.000000 180.000000 100.000000 80.000000
V 545.000000 180.000000 100.000000 80.000000
V 310.924500 263.000000 51.849000 51.897000
V 455.015407 263.000000 51.849000 51.897000
V 1136.999967 377.999989 30.000000 30.000000
V 1136.999967 180.000000 30.000000 30.000000
V 695.000000 295.999993 88.000000 97.000000
V 695.000000 180.000000 100.000000 80.000000
V 858.499976 180.000000 100.000000 80.000000
V 380.000000 377.999989 100.000000 80.000000
V 165.000000 377.999989 30.000000 30.000000
V 268.000000 180.000000 30.000000 30.000000
V 976.999971 180.000000 40.000000 40.000000
V 811.000500 296.499993 62.001000 60.173000
V 825.000000 85.000000 100.000000 50.000000
E 0 12 165.000000 180.000000 268.000000 180.000000
E 1 2 380.000000 180.000000 545.000000 180.000000
E 12 1 268.000000 180.000000 380.000000 180.000000
E 2 8 545.000000 180.000000 695.000000 180.000000
U 3 10 310.924500 263.000000 380.000000 377.999989
U 4 10 455.015407 263.000000 380.000000 377.999989
E 10 5 380.000000 377.999989 1136.999967 377.999989
E 13 5 977.499971 180.500000 977.499971 302.000000 1136.999967 302.000000 1136.999967 377.999989
E 13 6 977.499971 180.500000 1136.999967 180.000000
E 8 7 695.000000 169.400002 695.000000 295.999993
U 7 14 695.000000 295.999993 811.000500 296.499993
E 8 9 695.000000 180.000000 858.499976 180.000000
U 8 15 695.000000 180.000000 776.000000 84.000000
E 9 13 858.499976 180.000000 976.999971 180.000000
E 11 10 165.000000 377.999989 380.000000 377.999989
G 1047829738.json 22 25
V 350.000000 185.000000 100.000000 80.000000
V 465.000000 185.000000 40.000000 40.000000
V 185.000000 185.000000 100.000000 80.000000
V 515.000000 435.000000 100.000000 80.000000
V 1265.000000 435.000000 100.000000 80.000000
V 1410.000000 435.000000 100.000000 80.000000
V 1545.000000 435.000000 30.000000 30.000000
V 1130.000500 360.086500 62.001000 60.173000
V 1130.000000 499.195025 100.000000 80.000000
V 105.000000 795.000000 30.000000 30.000000
V 215.000000 795.000000 100.000000 80.000000
V 350.000000 795.000000 40.000000 40.000000
V 350.000000 685.000000 100.000000 80.000000
V 515.000000 795.000000 100.000000 80.000000
V 740.000000 795.000000 100.000000 80.000000
V 885.000000 795.000000 100.000000 80.000000
V 1130.000000 771.000000 40.000000 40.000000
V 1545.000000 795.000000 30.000000 30.000000
V 1619.000000 795.000000 28.000000 28.000000
V 1130.000000 900.000000 100.000000 80.000000
V 1266.000000 772.000000 100.000000 80.000000
V 1130.000000 685.000000 100.000000 80.000000
E 0 1 350.000000 185.000000 465.500000 185.500000
E 12 0 350.000000 685.000000 350.000000 185.000000
E 1 2 465.500000 185.500000 465.500000 82.000000 185.000000 82.000000 185.000000 185.000000
E 1 4 465.500000 185.500000 1265.000000 185.500000 1265.000000 435.000000
E 2 12 185.000000 185.000000 185.000000 685.000000 350.000000 685.000000
U 7 3 1129.575500 359.924500 515.000000 359.924500 515.000000 435.000000
E 13 3 515.000000 795.000000 515.000000 435.000000
E 3 14 515.000000 435.000000 740.000000 435.000000 740.000000 795.000000
E 19 3 1130.000000 928.000000 592.000000 928.000000 592.000000 484.000000 515.000000 475.000000
E 4 5 1265.000000 435.000000 1410.000000 435.000000
U 7 4 1129.575500 359.924500 1265.000000 435.000000
E 20 4 1265.500000 772.000000 1265.500000 435.000000
E 5 6 1410.000000 435.000000 1545.000000 435.000000
E 6 17 1545.000000 435.000000 1545.000000 795.000000
E 15 8 885.000000 795.000000 885.000000 499.195025 1130.000000 499.195025
E 8 21 1130.000000 499.195025 1130.000000 646.000000
E 9 10 105.000000 795.000000 215.000000 795.000000
E 10 11 215.000000 795.000000 350.500000 795.500000
E 11 12 350.500000 795.500000 350.000000 685.000000
E 11 13 350.500000 795.500000 515.000000 795.000000
E 14 15 740.000000 795.000000 885.000000 795.000000
E 16 19 1130.500000 771.500000 1130.000000 900.000000
E 16 20 1130.500000 771.500000 1266.000000 772.000000
E 21 16 1130.000000 685.000000 1130.500000 771.500000
E 17 18 1545.000000 795.000000 1619.000000 795.000000
G 1047880972.json 18 27
V 266.486063 615.000000 30.000000 30.000000
V 485.000000 615.000000 40.000000 40.000000
V 601.500000 307.489722 103.000000 80.000000
V 600.000000 410.370384 100.000000 80.000000
V 600.000000 513.251047 100.000000 80.000000
V 600.000000 615.000000 100.000000 80.000000
V 602.000000 809.006914 100.000000 80.000000
V 600.000000 705.087061 100.000000 80.000000
V 1055.000000 615.000000 40.000000 40.000000
V 1169.000000 615.000000 28.000000 28.000000
V 715.000000 513.251047 40.000000 40.000000
V 830.000000 472.098782 100.000000 80.000000
V 945.000000 513.251047 40.000000 40.000000
V 602.000000 921.426767 103.000000 97.000000
V 602.000000 200.036586 100.000000 80.000000
V 602.000000 1016.846620 100.000000 80.000000
V 602.500000 1120.766474 100.000000 80.000000
V 370.073172 615.000000 100.000000 80.000000
E 0 17 266.486063 615.000000 370.073172 615.000000
E 1 2 485.500000 615.500000 485.500000 307.489722 601.500000 307.489722
E 1 3 485.500000 615.500000 485.500000 410.370384 600.000000 410.370384
E 1 4 485.500000 615.500000 485.500000 513.251047 600.000000 513.251047
E 1 5 485.500000 615.500000 600.000000 615.000000
E 1 6 485.500000 615.500000 485.500000 809.006914 602.000000 809.006914
E 1 7 485.500000 615.500000 485.500000 705.087061 600.000000 705.087061
E 1 13 485.500000 615.500000 485.500000 934.462584 581.000000 934.462584
E 1 14 485.500000 615.500000 485.500000 200.036586 602.000000 200.036586
E 1 15 485.500000 615.500000 485.500000 1016.846620 602.000000 1016.846620
E 1 16 485.500000 615.500000 485.500000 1120.766474 602.500000 1120.766474
E 17 1 370.073172 615.000000 485.000000 615.000000
E 2 8 601.500000 307.489722 1055.000000 307.489722 1055.000000 615.000000
E 3 8 600.000000 410.370384 1055.000000 410.370384 1055.000000 615.000000
E 4 10 600.000000 513.251047 715.500000 513.751047
E 5 8 600.000000 615.000000 1055.000000 615.000000
E 6 8 602.000000 809.006914 1055.000000 809.006914 1055.000000 615.000000
E 7 8 600.000000 705.087061 1055.000000 705.087061 1055.000000 615.000000
E 8 9 1055.500000 615.500000 1169.000000 615.000000
E 12 8 945.500000 513.751047 1055.000000 513.751047 1055.000000 615.000000
E 13 8 623.000000 934.462584 1055.000000 934.462584 1055.000000 615.000000
E 14 8 602.000000 200.036586 1055.000000 200.036586 1055.000000 615.000000
E 15 8 602.000000 1016.846620 1055.000000 1016.846620 1055.000000 615.000000
E 16 8 602.500000 1120.766474 1055.000000 1120.766474 1055.000000 615.000000
E 10 11 715.500000 513.751047 715.500000 472.098782 830.000000 472.098782
E 10 12 715.500000 513.751047 715.500000 556.000000 945.000000 556.000000 945.000000 513.751047
E 11 12 830.000000 472.098782 945.500000 472.098782 945.500000 513.751047
G 1048036019.json 27 27
V 375.000000 99.000000 30.000000 30.000000
V 716.502630 99.000000 100.000000 80.000000
V 945.500000 99.000000 191.000000 50.000000
V 865.000000 512.809095 173.636362 110.909090
V 946.000000 389.909091 100.000000 80.000000
V 716.502630 395.909091 100.000000 80.000000
V 495.000000 512.354550 28.000000 28.000000
V 375.000000 512.809095 28.000000 28.000000
V 560.000000 340.000000 40.000000 40.000000
V 375.000000 340.000000 30.000000 30.000000
V 448.000000 340.000000 40.000000 40.000000
V 1081.224635 512.809095 173.636362 110.909090
V 716.502630 815.090906 100.000000 74.590906
V 831.502630 814.795453 40.000000 40.000000
V 946.000000 761.500000 100.000000 80.000000
V 1061.000000 761.500000 40.000000 40.000000
V 946.000000 860.000000 100.000000 80.000000
V 1331.524035 821.943179 100.000000 74.590906
V 1446.524035 821.943179 40.000000 40.000000
V 1563.524035 860.000000 100.000000 80.000000
V 1561.524035 761.500000 100.000000 80.000000
V 715.502630 1648.090906 100.000000 80.000000
V 715.502630 1813.090906 100.000000 80.000000
V 945.000000 1645.000000 100.000000 80.000000
V 945.000000 1813.090906 100.000000 80.000000
V 817.679189 1645.000000 40.000000 40.000000
V 817.679189 1526.090906 100.000000 80.000000
E 0 1 375.000000 99.000000 716.502630 99.000000
U 2 1 851.000000 98.000000 765.502630 79.000000
E 1 5 716.502630 136.211650 716.502630 395.909091
U 3 5 779.181819 510.590913 733.169296 434.909091
U 11 4 996.142818 510.590913 971.000000 428.909091
E 4 12 946.000000 389.909091 946.000000 642.250000 733.169296 802.659088
E 8 5 560.500000 340.500000 645.000000 340.000000 645.000000 395.909091 667.502630 395.909091
E 5 12 716.502630 434.909091 713.351108 817.795453
E 8 6 560.500000 340.500000 560.500000 512.354550 495.000000 512.354550
E 10 7 448.500000 340.500000 448.500000 512.809095 375.000000 512.809095
E 10 8 448.500000 340.500000 560.500000 340.500000
E 9 10 375.000000 340.000000 448.500000 340.500000
E 12 13 716.502630 815.090906 832.002630 815.295453
E 13 14 832.002630 815.295453 832.002630 761.500000 946.000000 761.500000
E 13 16 832.002630 815.295453 832.002630 860.000000 946.000000 860.000000
E 14 15 946.000000 761.500000 1061.500000 762.000000
E 16 15 946.000000 860.000000 1061.500000 860.000000 1061.500000 762.000000
E 15 17 1061.500000 762.000000 1331.524035 762.000000 1331.524035 821.943179
E 17 18 1331.524035 821.943179 1447.024035 822.443179
E 18 19 1447.024035 822.443179 1447.024035 860.000000 1563.524035 860.000000
E 18 20 1447.024035 822.443179 1447.024035 761.500000 1561.524035 761.500000
E 19 26 1563.524035 860.000000 1718.000000 860.000000 1718.000000 1423.000000 817.679189 1423.000000 817.679189 1526.090906
E 21 22 715.502630 1648.090906 715.502630 1813.090906
E 25 21 818.179189 1645.500000 715.502630 1648.590906
E 23 24 945.000000 1645.000000 945.000000 1813.090906
E 25 23 818.179189 1645.500000 945.000000 1645.000000
E 26 25 817.679189 1526.090906 818.179189 1645.500000
G 1048687201.json 35 35
V 320.000000 846.000000 100.000000 80.000000
V 650.000000 846.000000 100.000000 80.000000
V 828.634981 846.000000 40.000000 40.000000
V 980.000000 846.000000 100.000000 80.000000
V 828.634981 746.000000 100.000000 80.000000
V 159.000000 679.834991 88.000000 97.000000
V 320.000000 679.834991 88.000000 97.000000
V 590.000000 679.834991 88.000000 97.000000
V 704.000000 679.834991 88.000000 97.000000
V 320.000000 941.000000 100.000000 80.000000
V 980.000000 679.834991 88.000000 97.000000
V 159.000000 846.000000 30.000000 30.000000
V 320.000000 561.000000 100.000000 80.000000
V 158.937500 404.973000 63.875000 57.946000
V 494.000000 404.500000 88.000000 97.000000
V 319.937500 404.973000 63.875000 57.946000
V 159.000000 561.000000 30.000000 30.000000
V 320.000000 1242.000000 100.000000 80.000000
V 650.000000 1242.000000 100.000000 80.000000
V 869.000000 1242.000000 28.000000 28.000000
V 320.000000 1064.500000 88.000000 97.000000
V 569.000000 1064.500000 88.000000 97.000000
V 764.000000 1064.500000 88.000000 97.000000
V 159.000000 1242.000000 30.000000 30.000000
V 1064.000000 1604.000000 28.000000 28.000000
V 1291.937500 1394.973000 63.875000 57.946000
V 1346.365019 1514.000000 100.000000 80.000000
V 1619.000000 1514.000000 28.000000 28.000000
V 980.000000 1514.000000 40.000000 40.000000
V 1196.365019 1514.000000 100.000000 80.000000
V 1439.000000 1394.500000 88.000000 97.000000
V 1196.365019 1611.000000 100.000000 50.000000
V 1505.000000 1514.000000 100.000000 80.000000
V 828.634981 205.000000 100.000000 80.000000
V 980.000000 205.000000 28.000000 28.000000
E 0 1 320.000000 846.000000 650.000000 846.000000
E 0 6 320.000000 846.000000 320.000000 679.834991
U 0 9 320.000000 846.000000 271.000000 939.400000
E 11 0 159.000000 846.000000 320.000000 846.000000
E 1 2 650.000000 846.000000 829.134981 846.500000
E 7 1 590.000000 679.834991 650.000000 846.000000
E 12 1 320.000000 561.000000 494.000000 561.000000 494.000000 826.000000 650.000000 826.000000
E 17 1 320.000000 1242.000000 494.000000 1242.000000 494.000000 866.000000 650.000000 866.000000
E 18 1 650.000000 1242.000000 650.000000 846.000000
E 2 3 829.134981 846.500000 980.000000 846.000000
E 2 4 829.134981 846.500000 828.634981 746.000000
E 10 3 980.000000 679.834991 980.000000 846.000000
E 3 28 980.000000 846.000000 980.500000 1514.500000
E 8 4 704.000000 679.834991 828.634981 746.000000
E 4 33 828.634981 746.000000 828.634981 205.000000
E 5 11 159.000000 679.834991 159.000000 846.000000
E 12 14 345.000000 522.000000 494.000000 404.500000
U 12 15 320.000000 561.000000 319.937500 404.973000
E 16 12 159.000000 561.000000 320.000000 561.000000
U 13 16 158.937500 404.973000 159.000000 561.000000
E 17 18 320.000000 1262.000000 650.000000 1262.000000
E 20 17 320.000000 1064.500000 320.000000 1242.000000
E 23 17 159.000000 1242.000000 320.000000 1242.000000
E 18 19 650.000000 1242.000000 869.000000 1242.000000
E 21 18 569.000000 1064.500000 650.000000 1242.000000
E 18 22 650.000000 1242.000000 764.000000 1064.500000
E 28 24 981.000000 1533.000000 981.000000 1604.000000 1064.000000 1604.000000
U 26 25 1346.365019 1514.000000 1291.937500 1394.973000
E 29 26 1196.365019 1514.000000 1346.365019 1514.000000
E 26 30 1346.365019 1514.000000 1439.000000 1394.500000
E 26 32 1346.365019 1514.000000 1505.000000 1514.000000
E 32 27 1505.000000 1514.000000 1619.000000 1514.000000
E 28 29 980.500000 1514.500000 1196.365019 1514.500000
U 29 31 1196.365019 1514.000000 1147.365019 1610.000000
E 33 34 828.634981 205.000000 980.000000 205.000000
G 1048832532.json 25 25
V 225.000000 96.000000 30.000000 30.000000
V 320.000000 96.000000 100.000000 80.000000
V 435.500000 54.500000 61.000000 49.000000
V 565.000000 96.000000 100.000000 80.000000
V 740.000000 96.000000 100.000000 80.000000
V 884.000000 96.000000 28.000000 28.000000
V 320.000000 317.000000 100.000000 80.000000
V 225.000000 317.000000 30.000000 30.000000
V 436.000000 317.000000 40.000000 40.000000
V 565.000000 265.000000 100.000000 80.000000
V 290.000000 530.000000 100.000000 80.000000
V 436.000000 530.000000 40.000000 40.000000
V 565.000000 475.000000 100.000000 80.000000
V 680.000000 475.000000 40.000000 40.000000
V 830.000000 490.000000 100.000000 80.000000
V 922.500000 450.500000 45.000000 49.000000
V 710.000000 580.000000 100.000000 80.000000
V 829.500000 609.500000 75.000000 49.000000
V 923.000000 580.000000 28.000000 28.000000
V 290.000000 743.000000 100.000000 80.000000
V 436.000000 743.000000 40.000000 40.000000
V 565.000000 685.000000 100.000000 80.000000
V 572.000000 790.000000 100.000000 80.000000
V 710.000000 691.000000 88.000000 62.000000
V 710.000000 790.000000 28.000000 28.000000
E 0 1 225.000000 96.000000 320.000000 96.000000
E 1 2 320.000000 96.000000 435.500000 54.500000
E 1 3 320.000000 82.666667 565.000000 82.666667
E 1 6 320.000000 96.000000 320.000000 317.000000
E 3 4 565.000000 96.000000 740.000000 96.000000
E 9 3 565.000000 265.000000 565.000000 96.000000
E 4 5 740.000000 96.000000 884.000000 96.000000
E 7 6 225.000000 317.000000 320.000000 317.000000
E 6 8 320.000000 317.000000 436.500000 317.500000
E 8 9 436.500000 317.500000 565.000000 265.000000
E 8 10 436.500000 317.500000 290.000000 435.000000 290.000000 530.000000
E 10 11 290.000000 530.000000 436.500000 530.500000
E 11 12 436.500000 530.500000 436.500000 475.000000 565.000000 475.000000
E 11 19 436.500000 530.500000 290.000000 651.000000 290.000000 743.000000
E 12 13 565.000000 475.000000 680.500000 475.500000
E 13 14 680.500000 475.500000 725.000000 475.500000 725.000000 490.000000 830.000000 490.000000
E 13 16 680.500000 475.500000 710.000000 475.500000 710.000000 580.000000
E 14 15 830.000000 490.000000 922.500000 450.500000
E 16 17 710.000000 580.000000 829.500000 609.500000
E 16 18 710.000000 580.000000 923.000000 580.000000
E 19 20 290.000000 743.000000 436.500000 743.500000
E 20 21 436.500000 743.500000 436.500000 685.000000 565.000000 685.000000
E 20 22 436.500000 743.500000 436.500000 790.000000 572.000000 790.000000
E 22 23 572.000000 790.000000 710.000000 691.000000
E 22 24 572.000000 790.000000 710.000000 790.000000
G 1049305314.json 24 28
V 395.000000 865.000000 100.000000 40.000000
V 635.000000 865.000000 40.000000 40.000000
V 638.250000 975.000000 300.000000 40.000000
V 384.500000 930.000000 259.000000 40.000000
V 118.000000 360.000000 30.000000 30.000000
V 470.000000 290.000000 100.000000 40.000000
V 470.000000 360.000000 40.000000 40.000000
V 800.000000 480.000000 40.000000 40.000000
V 955.000000 480.000000 140.000000 40.000000
V 961.000000 390.000000 152.000000 40.000000
V 1115.000000 480.000000 40.000000 40.000000
V 1190.000000 480.000000 40.000000 40.000000
V 1394.000000 390.000000 28.000000 28.000000
V 1310.000000 480.000000 100.000000 40.000000
V 1310.000000 390.000000 40.000000 40.000000
V 117.500000 519.500000 115.000000 59.000000
V 230.000000 425.000000 40.000000 40.000000
V 385.000000 425.000000 100.000000 40.000000
V 305.000000 645.000000 100.000000 59.000000
V 425.000000 645.000000 40.000000 40.000000
V 395.000000 751.000000 100.000000 40.000000
V 185.000000 751.000000 40.000000 40.000000
V 530.000000 751.000000 40.000000 40.000000
V 635.000000 645.500000 93.500000 44.500000
E 21 0 185.500000 751.500000 185.500000 865.000000 346.000000 865.000000
E 1 2 635.500000 865.500000 638.250000 923.000000 638.250000 956.000000
E 1 3 635.500000 865.500000 561.000000 865.500000 561.000000 930.000000 512.873913 930.000000
E 22 1 530.500000 751.500000 635.500000 751.500000 635.500000 865.500000
E 2 7 787.250000 975.000000 800.500000 975.000000 800.500000 480.500000
E 16 2 230.500000 425.500000 53.000000 425.500000 53.000000 975.000000 489.250000 975.000000
E 3 15 256.126087 930.000000 117.500000 930.000000 117.500000 548.000000
E 4 6 118.000000 360.000000 470.500000 360.500000
E 6 5 470.500000 360.500000 470.000000 309.000000
E 5 19 519.000000 290.000000 566.000000 290.000000 566.000000 591.000000 425.500000 591.000000 425.500000 645.500000
E 6 18 470.500000 360.500000 470.500000 550.000000 330.000000 550.000000 330.000000 616.975000
E 7 8 800.500000 480.500000 886.000000 480.000000
E 7 9 800.500000 480.500000 800.500000 390.000000 886.085714 390.000000
E 11 7 1190.500000 480.500000 1190.500000 346.000000 800.500000 346.000000 800.500000 480.500000
E 14 7 1310.500000 390.500000 1203.000000 390.500000 1203.000000 333.000000 800.500000 333.000000 800.500000 480.500000
E 8 10 1024.000000 480.000000 1115.500000 480.500000
E 9 10 1035.914286 390.000000 1115.500000 390.000000 1115.500000 480.500000
E 10 11 1115.500000 480.500000 1190.500000 480.500000
E 11 13 1190.500000 480.500000 1261.000000 480.000000
E 14 12 1310.500000 390.500000 1394.000000 390.000000
E 13 14 1310.000000 461.000000 1310.500000 390.500000
E 15 16 117.500000 519.500000 230.500000 519.500000 230.500000 425.500000
E 16 17 230.500000 425.500000 336.000000 425.000000
E 17 21 385.000000 444.000000 385.000000 488.000000 309.666667 488.000000 309.666667 597.000000 185.500000 597.000000 185.500000 751.500000
E 18 19 354.000000 645.000000 425.500000 645.500000
E 19 21 425.500000 645.500000 425.500000 693.000000 185.500000 693.000000 185.500000 751.500000
E 23 19 589.250000 645.500000 425.500000 645.500000
E 20 22 444.000000 751.000000 530.500000 751.500000
G 1049410711.json 18 20
V 165.000000 240.000000 100.000000 80.000000
V 295.000000 240.000000 100.000000 80.000000
V 395.000000 240.000000 40.000000 40.000000
V 475.000000 315.000000 100.000000 80.000000
V 795.000000 105.000000 100.000000 80.000000
V 935.000000 105.000000 100.000000 80.000000
V 1015.000000 145.000000 40.000000 40.000000
V 570.000000 315.000000 40.000000 40.000000
V 660.000000 270.000000 100.000000 80.000000
V 75.000000 240.000000 30.000000 30.000000
V 805.000000 270.000000 100.000000 80.000000
V 950.000000 270.000000 100.000000 80.000000
V 1015.000000 315.000000 40.000000 40.000000
V 1060.000000 240.000000 40.000000 40.000000
V 1124.000000 240.000000 28.000000 28.000000
V 475.000000 165.000000 100.000000 80.000000
V 570.000000 165.000000 40.000000 40.000000
V 660.000000 105.000000 100.000000 80.000000
E 0 1 165.000000 240.000000 295.000000 240.000000
E 9 0 75.000000 240.000000 165.000000 240.000000
E 1 2 295.000000 240.000000 395.500000 240.500000
E 2 3 395.500000 240.500000 395.500000 315.000000 475.000000 315.000000
E 2 15 395.500000 240.500000 395.500000 165.000000 475.000000 165.000000
E 3 7 475.000000 315.000000 570.500000 315.500000
E 4 5 795.000000 105.000000 935.000000 105.000000
E 17 4 660.000000 105.000000 795.000000 105.000000
E 5 6 935.000000 105.000000 1015.500000 105.000000 1015.500000 145.500000
E 6 13 1015.500000 145.500000 1060.500000 145.500000 1060.500000 240.500000
E 16 6 570.500000 165.500000 570.500000 210.000000 1015.500000 210.000000 1015.500000 145.500000
E 7 8 570.500000 315.500000 570.500000 270.000000 660.000000 270.000000
E 7 12 570.500000 315.500000 570.500000 361.000000 1015.500000 361.000000 1015.500000 315.500000
E 8 10 660.000000 270.000000 805.000000 270.000000
E 10 11 805.000000 270.000000 950.000000 270.000000
E 11 12 950.000000 270.000000 1015.500000 270.000000 1015.500000 315.500000
E 12 13 1015.500000 315.500000 1060.500000 315.500000 1060.500000 240.500000
E 13 14 1060.500000 240.500000 1124.000000 240.000000
E 15 16 475.000000 165.000000 570.500000 165.500000
E 16 17 570.500000 165.500000 570.500000 105.000000 660.000000 105.000000
G 1049446143.json 35 48
V 102.845994 622.269248 30.000000 30.000000
V 212.845994 622.269248 100.000000 80.000000
V 212.845994 757.268473 100.000000 80.000000
V 634.921961 757.268473 100.000000 80.000000
V 357.460980 757.268473 100.000000 80.000000
V 782.652451 757.268473 28.000000 28.000000
V 1230.265883 757.268473 100.000000 80.000000
V 1489.651415 752.825958 100.000000 80.000000
V 1368.034874 757.489731 40.000000 40.000000
V 1369.651415 845.114468 100.000000 80.000000
V 1721.630610 845.258723 40.000000 40.000000
V 487.268473 974.654502 100.000000 80.000000
V 634.921961 974.209229 40.000000 40.000000
V 964.151933 974.209229 100.000000 80.000000
V 1230.265883 972.728663 40.000000 40.000000
V 1367.689916 972.728663 100.000000 80.000000
V 1721.420406 1222.626733 100.000000 80.000000
V 1721.420406 1122.626733 100.000000 80.000000
V 1845.148824 1122.626733 40.000000 40.000000
V 1960.975568 1438.658904 40.000000 40.000000
V 2112.419370 1338.658904 100.000000 80.000000
V 2112.419370 1438.658904 100.000000 80.000000
V 2278.519274 1428.837511 40.000000 40.000000
V 2397.292085 1428.837511 28.000000 28.000000
V 1392.613413 1794.045926 62.001000 60.173000
V 660.036409 343.022455 63.875000 57.946000
V 2097.022480 343.022455 63.875000 57.946000
V 1810.000500 1794.045926 62.001000 60.173000
V 1010.306514 1794.045926 62.001000 60.173000
V 950.306014 1616.331493 88.000000 97.000000
V 1082.778966 1616.331493 88.000000 97.000000
V 1328.000000 1616.331493 88.000000 97.000000
V 1455.576485 1616.331493 88.000000 97.000000
V 1738.125154 1616.331493 88.000000 97.000000
V 1884.139060 1616.331493 88.000000 97.000000
E 0 1 102.845994 622.269248 212.845994 622.269248
E 1 2 212.845994 622.269248 212.845994 757.268473
E 2 4 212.845994 757.268473 357.460980 757.268473
E 3 5 634.921961 757.268473 782.652451 757.268473
E 12 3 635.421961 974.709229 634.921961 757.268473
E 4 11 357.460980 757.268473 357.460980 974.654502 487.268473 974.654502
E 6 8 1230.265883 757.268473 1368.894662 758.219057
E 14 6 1230.765883 973.228663 1230.265883 757.268473
E 8 7 1368.534874 757.989731 1413.843145 757.989731 1413.843145 752.825958 1489.651415 752.825958
E 7 10 1489.651415 752.825958 1721.630610 752.825958 1721.630610 845.258723
E 7 30 1489.651415 752.825958 1082.778966 1616.331493
E 8 9 1368.534874 757.989731 1369.651415 845.114468
E 9 10 1369.651415 845.114468 1722.348357 845.907658
U 32 9 1455.576485 1616.331493 1369.651415 845.114468
E 10 17 1722.348357 845.907658 1721.420406 1122.626733
E 11 12 487.268473 974.654502 635.421961 974.709229
U 11 25 487.268473 974.654502 660.036409 343.022455
E 12 13 635.421961 974.709229 964.151933 974.209229
E 13 14 964.151933 974.209229 1231.207714 973.754304
E 14 15 1230.765883 973.228663 1367.689916 972.728663
E 15 16 1367.689916 972.728663 1444.555161 972.728663 1444.555161 1222.626733 1721.420406 1222.626733
E 15 29 1367.689916 972.728663 950.306014 1567.831493
E 16 18 1721.420406 1222.626733 1845.648824 1222.626733 1845.648824 1123.126733
E 29 16 950.306014 1616.331493 1672.420406 1202.626733
U 16 31 1672.420406 1242.626733 1328.000000 1616.331493
E 17 18 1721.420406 1122.626733 1846.049001 1123.126733
U 17 32 1672.420406 1122.626733 1455.576485 1616.331493
E 18 19 1845.148824 1122.626733 1960.975568 1122.626733 1960.975568 1438.658904
E 19 20 1961.475568 1439.158904 2021.697469 1439.158904 2021.697469 1338.658904 2112.419370 1338.658904
E 19 21 1961.475568 1439.158904 2112.419370 1438.658904
E 20 22 2112.419370 1338.658904 2279.198242 1338.658904 2279.198242 1429.398717
U 20 26 2095.752704 1338.658904 2097.022480 343.022455
E 29 20 950.306014 1616.331493 2112.419370 1338.658904
E 31 20 1328.000000 1616.331493 2112.419370 1338.658904
U 34 20 1884.139060 1616.331493 2063.419370 1358.658904
E 21 22 2112.419370 1438.658904 2279.019274 1429.337511
E 30 21 1082.778966 1616.331493 2112.419370 1438.658904
E 32 21 1455.576485 1616.331493 2112.419370 1438.658904
U 21 33 2112.419370 1438.658904 1738.125154 1616.331493
E 22 23 2279.019274 1429.337511 2397.292085 1428.837511
U 31 24 1328.000000 1616.331493 1392.188413 1793.883926
U 32 24 1455.576485 1616.331493 1392.747189 1794.219137
E 25 29 660.036409 343.022455 950.306014 1567.831493
E 25 31 660.036409 343.022455 1328.000000 1567.831493
U 33 27 1738.125154 1616.331493 1809.575500 1793.883926
U 27 34 1809.575500 1793.883926 1884.139060 1616.331493
U 29 28 950.306014 1616.331493 1009.881514 1793.883926
U 28 30 1009.881514 1793.883926 1082.778966 1616.331493
G 105070660.json 28 29
V 90.000000 185.000000 30.000000 30.000000
V 215.000000 185.000000 100.000000 80.000000
V 331.937500 103.973000 63.875000 57.946000
V 332.000000 185.000000 30.000000 30.000000
V 90.000000 435.000000 30.000000 30.000000
V 215.000000 435.000000 100.000000 80.000000
V 365.000000 435.000000 100.000000 80.000000
V 470.000000 435.000000 40.000000 40.000000
V 525.000000 375.000000 30.000000 30.000000
V 650.000000 375.000000 100.000000 80.000000
V 770.000000 375.000000 40.000000 40.000000
V 890.000000 375.000000 100.000000 80.000000
V 770.000000 450.000000 30.000000 30.000000
V 575.000000 505.000000 100.000000 80.000000
V 575.000000 610.000000 100.000000 80.000000
V 736.000000 610.000000 100.000000 80.000000
V 575.000000 730.000000 100.000000 80.000000
V 736.000000 730.000000 100.000000 80.000000
V 735.937500 823.973000 63.875000 57.946000
V 905.000000 730.000000 100.000000 80.000000
V 1055.000000 730.000000 100.000000 80.000000
V 1145.000000 730.000000 40.000000 40.000000
V 1250.000000 670.000000 100.000000 80.000000
V 1250.000000 790.000000 100.000000 80.000000
V 1385.000000 790.000000 100.000000 80.000000
V 1384.937500 609.973000 63.875000 57.946000
V 1385.000000 940.000000 100.000000 80.000000
V 1186.937500 940.973000 63.875000 57.946000
E 0 1 90.000000 185.000000 215.000000 185.000000
U 1 2 215.000000 185.000000 331.937500 103.973000
E 1 3 215.000000 185.000000 332.000000 185.000000
E 3 4 332.000000 185.000000 332.000000 348.000000 90.000000 348.000000 90.000000 435.000000
E 4 5 90.000000 435.000000 215.000000 435.000000
E 5 6 215.000000 435.000000 365.000000 435.000000
E 6 7 365.000000 435.000000 470.500000 435.500000
E 7 8 470.500000 435.500000 470.500000 375.000000 525.000000 375.000000
E 7 13 470.500000 435.500000 575.000000 435.500000 575.000000 505.000000
E 7 14 470.500000 435.500000 470.500000 610.000000 575.000000 610.000000
E 7 16 470.500000 435.500000 470.500000 730.000000 575.000000 730.000000
E 8 9 525.000000 375.000000 650.000000 375.000000
E 9 10 650.000000 375.000000 770.500000 375.500000
E 12 9 770.000000 450.000000 650.000000 450.000000 650.000000 375.000000
E 10 11 770.500000 375.500000 890.000000 375.000000
E 10 12 770.500000 375.500000 770.000000 450.000000
E 14 15 575.000000 610.000000 736.000000 610.000000
E 16 17 575.000000 730.000000 736.000000 730.000000
U 17 18 736.000000 730.000000 735.937500 823.973000
E 17 19 736.000000 730.000000 905.000000 730.000000
E 19 20 905.000000 730.000000 1055.000000 730.000000
E 20 21 1055.000000 730.000000 1145.500000 730.500000
E 21 22 1145.500000 730.500000 1145.500000 670.000000 1250.000000 670.000000
E 21 23 1145.500000 730.500000 1145.500000 790.000000 1250.000000 790.000000
E 22 23 1250.000000 670.000000 1250.000000 790.000000
E 23 24 1250.000000 790.000000 1385.000000 790.000000
U 24 25 1385.000000 790.000000 1384.937500 609.973000
E 24 26 1385.000000 790.000000 1385.000000 940.000000
U 26 27 1385.000000 940.000000 1186.937500 940.973000
G 1051312831.json 17 17
V 262.000000 654.000000 100.000000 80.000000
V 407.000000 654.000000 100.000000 80.000000
V 522.000000 654.000000 40.000000 40.000000
V 659.000000 595.000000 100.000000 80.000000
V 830.000000 730.000000 100.000000 80.000000
V 830.000000 595.000000 100.000000 80.000000
V 165.000000 335.000000 30.000000 30.000000
V 260.000000 265.000000 100.000000 50.000000
V 305.000000 335.000000 100.000000 80.000000
V 450.000000 335.000000 100.000000 80.000000
V 565.000000 335.000000 40.000000 40.000000
V 659.000000 265.000000 28.000000 28.000000
V 770.000000 335.000000 100.000000 80.000000
V 165.000000 455.000000 40.000000 40.000000
V 262.000000 904.000000 100.000000 80.000000
V 590.000000 904.000000 100.000000 80.000000
V 377.000000 904.000000 40.000000 40.000000
E 0 1 262.000000 654.000000 407.000000 654.000000
E 13 0 175.000000 457.000000 175.000000 654.000000 213.000000 654.000000
E 1 2 407.000000 654.000000 522.500000 654.500000
E 2 3 522.500000 654.500000 522.500000 595.000000 659.000000 595.000000
E 2 4 522.500000 654.500000 522.500000 730.000000 830.000000 730.000000
E 5 3 781.000000 595.000000 708.000000 595.000000
E 3 16 659.000000 634.000000 659.000000 809.000000 377.500000 809.000000 377.500000 890.000000
U 6 7 165.000000 335.000000 211.000000 264.000000
E 6 8 165.000000 335.000000 305.000000 335.000000
E 8 9 305.000000 335.000000 450.000000 335.000000
E 9 10 450.000000 335.000000 565.500000 335.500000
E 10 11 566.255491 319.000000 566.255491 265.000000 659.000000 265.000000
E 10 13 565.500000 335.500000 565.500000 455.500000 165.500000 455.500000
E 15 12 639.000000 904.000000 912.000000 904.000000 912.000000 335.000000 819.000000 335.000000
E 13 14 154.000000 457.383789 154.000000 904.000000 213.000000 904.000000
E 14 16 262.000000 904.000000 377.500000 904.500000
E 16 15 392.000000 905.000000 541.000000 904.000000
G 1051883408.json 15 17
V 97.000000 184.500000 30.000000 30.000000
V 157.000000 184.500000 30.000000 30.000000
V 397.000000 114.500000 100.000000 80.000000
V 222.000000 184.500000 40.000000 40.000000
V 297.000000 244.500000 40.000000 40.000000
V 492.000000 244.500000 40.000000 40.000000
V 397.000000 285.000000 30.000000 30.000000
V 397.000000 185.500000 30.000000 30.000000
V 567.000000 184.500000 40.000000 40.000000
V 734.000000 184.500000 28.000000 28.000000
V 60.000000 466.000000 30.000000 30.000000
V 165.000000 466.000000 30.000000 30.000000
V 275.000000 466.000000 100.000000 80.000000
V 734.000000 466.000000 28.000000 28.000000
V 397.000000 466.000000 30.000000 30.000000
E 0 1 97.000000 184.500000 157.000000 184.500000
E 1 3 157.000000 184.500000 222.500000 185.000000
E 1 11 157.000000 184.500000 165.000000 466.000000
E 3 2 222.500000 185.000000 397.000000 114.500000
E 2 8 407.000000 125.000000 567.500000 185.000000
E 3 4 222.500000 185.000000 297.500000 245.000000
E 4 6 297.500000 245.000000 397.000000 285.000000
E 4 7 297.500000 245.000000 397.000000 185.500000
E 6 5 397.000000 285.000000 492.500000 245.000000
E 7 5 397.000000 185.500000 492.500000 245.000000
E 5 8 492.500000 245.000000 567.500000 185.000000
E 14 6 397.000000 466.000000 397.000000 285.000000
E 8 9 567.500000 185.000000 734.000000 184.500000
E 10 11 60.000000 466.000000 165.000000 466.000000
E 11 12 165.000000 466.000000 289.000000 466.000000
E 12 14 275.000000 466.000000 397.000000 466.000000
E 14 13 397.000000 466.000000 734.000000 466.000000
G 1052297546.json 15 15
V 165.499997 405.000000 100.000000 80.000000
V 412.999989 405.000000 100.000000 80.000000
V 280.999993 405.000000 100.000000 80.000000
V 130.499997 295.499992 30.000000 30.000000
V 493.499986 412.601227 30.000000 30.000000
V 280.999993 622.499993 100.000000 80.000000
V 683.010500 621.749993 112.021037 65.500000
V 577.999984 622.499993 30.000000 30.000000
V 839.999975 621.999993 30.000000 30.000000
V 970.999971 622.499993 28.000000 28.000000
V 493.499986 56.500000 100.000000 80.000000
V 493.499986 163.499996 30.000000 30.000000
V 577.999984 56.500000 30.000000 30.000000
V 839.999975 56.500000 30.000000 30.000000
V 1020.499970 56.500000 28.000000 28.000000
E 0 2 165.499997 405.000000 280.999993 405.000000
E 3 0 130.499997 295.499992 165.499997 295.499992 165.499997 405.000000
E 1 4 412.999989 405.000000 481.171081 405.000000
E 5 1 280.999993 622.499993 412.999989 622.499993 412.999989 405.000000
E 2 5 280.999993 405.000000 280.999993 622.499993
E 4 11 493.499986 412.601227 493.499986 156.000000
E 7 6 577.999984 622.499993 683.010500 621.749993
E 6 8 683.010500 621.749993 839.999975 621.999993
E 12 7 577.999984 56.500000 577.999984 622.499993
E 8 9 839.999975 621.999993 970.999971 622.499993
E 8 13 839.999975 621.999993 839.999975 56.500000
E 11 10 493.499986 163.499996 493.499986 56.500000
E 10 12 493.499986 56.500000 577.999984 56.500000
E 12 13 577.999984 56.500000 839.999975 56.500000
E 13 14 839.999975 56.500000 1020.499970 56.500000
G 1054290907.json 21 27
V 1030.997446 713.310459 100.177754 68.038905
V 378.208444 549.853160 40.000000 40.000000
V 469.649838 641.520213 30.000000 30.000000
V 150.000000 550.251872 30.000000 30.000000
V 267.188801 549.853160 114.966455 40.000000
V 824.114910 641.520213 40.000000 40.000000
V 1028.651533 571.197607 95.839859 70.000000
V 1028.651533 641.520213 100.457453 66.202576
V 1245.332604 641.520213 40.000000 40.000000
V 1320.414910 641.520213 40.000000 40.000000
V 749.114910 641.520213 40.000000 40.000000
V 556.149838 641.520213 89.000000 40.000000
V 1374.649838 600.322607 40.000000 40.000000
V 665.083798 641.520213 81.000000 48.000000
V 525.000000 484.986066 30.000000 30.000000
V 624.649838 484.986066 40.000000 40.000000
V 863.517464 424.958198 167.034928 60.000000
V 875.649838 484.986066 182.000000 40.000000
V 1065.149838 484.986066 40.000000 40.000000
V 463.899838 785.000000 30.000000 30.000000
V 1030.997446 785.000000 166.000000 60.000000
E 5 0 824.614910 642.020213 824.614910 713.310459 1030.997446 713.310459
E 0 8 1030.997446 713.310459 1245.832604 713.310459 1245.832604 642.020213
E 1 2 378.708444 550.353160 469.649838 550.353160 469.649838 641.520213
E 4 1 267.188801 549.853160 378.208444 549.853160
E 12 1 1375.149838 600.822607 1420.149838 600.822607 1420.149838 887.250000 319.149838 887.250000 319.149838 600.822607 378.208444 549.853160
E 1 14 378.708444 550.353160 437.250000 484.986066 525.000000 484.986066
E 1 19 378.708444 550.353160 405.899838 578.250000 405.899838 731.250000 463.899838 785.000000
E 2 11 469.649838 641.520213 556.149838 641.520213
E 3 4 150.000000 550.251872 267.188801 549.853160
E 5 6 824.614910 642.020213 824.614910 571.197607 1028.651533 571.197607
E 5 7 824.614910 642.020213 1028.651533 641.520213
E 10 5 749.614910 642.020213 824.114910 641.520213
E 6 8 1028.651533 571.197607 1245.332604 571.197607 1245.332604 641.520213
E 7 8 1028.651533 641.520213 1245.332604 641.520213
E 8 9 1245.832604 642.020213 1320.914910 642.020213
E 9 10 1320.914910 642.020213 1320.914910 754.447607 749.614910 754.447607 749.614910 642.020213
E 9 12 1320.914910 642.020213 1320.914910 600.322607 1374.649838 600.322607
E 13 10 665.083798 641.520213 749.114910 641.520213
E 11 13 556.149838 641.520213 665.083798 641.520213
E 18 12 1065.649838 485.486066 1261.250000 485.486066 1374.649838 600.322607
E 20 12 1030.997446 785.000000 1405.149838 785.000000 1405.149838 630.250000 1374.649838 600.322607
E 14 15 525.000000 484.986066 625.149838 485.486066
E 15 16 625.149838 485.486066 625.149838 424.958198 863.517464 424.958198
E 15 17 625.149838 485.486066 875.649838 484.986066
E 16 18 863.517464 424.958198 1065.149838 424.958198 1065.149838 484.986066
E 17 18 875.649838 484.986066 1065.649838 485.486066
E 19 20 463.899838 785.000000 1030.997446 785.000000
G 1055289148.json 22 21
V 2000.000000 40.000000 100.000000 80.000000
V 2174.000000 40.000000 28.000000 28.000000
V 1499.458908 866.000000 100.000000 80.000000
V 185.000000 242.369792 100.000000 80.000000
V 75.000000 242.369792 30.000000 30.000000
V 605.000000 242.369792 100.000000 80.000000
V 536.750000 385.000000 83.500000 68.000000
V 656.750000 384.500000 83.500000 67.000000
V 800.000000 242.369792 100.000000 80.000000
V 810.000000 355.000000 67.000000 67.000000
V 1010.000000 242.369792 40.000000 40.000000
V 1355.000000 242.369792 100.000000 80.000000
V 380.000000 242.369792 100.000000 80.000000
V 1640.000000 328.000000 100.000000 80.000000
V 2174.000000 328.000000 28.000000 28.000000
V 1160.000000 385.000000 120.000000 100.000000
V 1805.000000 328.000000 100.000000 80.000000
V 2000.000000 328.000000 100.000000 80.000000
V 248.419353 385.000000 62.001000 60.173000
V 1355.312500 643.941259 100.000000 80.000000
V 1499.458908 643.941259 100.000000 80.000000
V 1499.958908 512.126007 63.875000 57.946000
E 0 1 2000.000000 40.000000 2174.000000 40.000000
E 17 0 2000.000000 328.000000 2000.000000 40.000000
E 2 13 1499.458908 866.000000 1569.729454 866.000000 1569.729454 328.000000 1640.000000 328.000000
E 20 2 1499.458908 643.941259 1499.458908 866.000000
E 4 3 75.000000 242.369792 185.000000 242.369792
E 3 12 185.000000 242.369792 380.000000 242.369792
U 18 3 247.994353 384.838000 185.000000 242.369792
E 6 5 536.750000 385.000000 605.000000 242.369792
E 7 5 656.750000 384.500000 605.000000 242.369792
E 5 8 605.000000 242.369792 800.000000 242.369792
E 12 5 380.000000 242.369792 605.000000 242.369792
E 9 8 810.000000 355.000000 800.000000 242.369792
E 8 10 800.000000 242.369792 1010.500000 242.869792
E 10 11 1010.500000 242.869792 1355.000000 242.369792
E 10 15 1010.500000 242.869792 1010.500000 385.000000 1160.000000 385.000000
E 11 19 1355.000000 242.369792 1355.312500 643.941259
E 13 16 1640.000000 328.000000 1805.000000 328.000000
E 17 14 2000.000000 328.000000 2174.000000 328.000000
E 16 17 1805.000000 328.000000 2000.000000 328.000000
E 19 20 1355.312500 643.941259 1499.458908 643.941259
U 21 20 1499.958908 512.126007 1499.458908 643.941259
G 105551917.json 32 32
V 1222.469972 878.064980 129.000000 55.000000
V 1093.109974 878.564980 30.000000 30.000000
V 1360.654968 878.564980 30.000000 30.000000
V 869.000000 878.564980 30.000000 30.000000
V 868.500000 967.999972 129.000000 55.000000
V 735.307665 968.499972 28.000000 28.000000
V 1222.469972 1138.609974 129.000000 55.000000
V 1093.109974 1139.109974 30.000000 30.000000
V 1352.654968 1139.109974 30.000000 30.000000
V 409.349994 320.527812 129.000000 55.000000
V 547.349991 320.027812 40.000000 40.000000
V 1423.807665 320.527812 129.000000 55.000000
V 1558.000000 321.027812 28.000000 28.000000
V 734.807665 413.500000 129.000000 55.000000
V 869.000000 413.000000 40.000000 40.000000
V 1092.609974 413.234151 129.000000 55.000000
V 1013.250055 522.159989 30.000000 30.000000
V 1425.500000 412.500000 129.000000 55.000000
V 1558.000000 412.500000 28.000000 28.000000
V 869.000000 522.159989 30.000000 30.000000
V 1093.109974 484.600024 40.000000 40.000000
V 1180.300062 522.159989 30.000000 30.000000
V 309.500000 140.234151 129.000000 55.000000
V 180.000000 140.734151 30.000000 30.000000
V 310.500000 678.334150 129.000000 55.000000
V 547.849991 624.999983 129.000000 55.000000
V 1425.500000 604.999983 129.000000 55.000000
V 1489.000000 735.874982 30.000000 30.000000
V 179.650000 678.993234 69.300001 86.318168
V 1425.000000 678.834150 40.000000 40.000000
V 547.098691 731.034066 119.497399 86.318168
V 1359.654968 735.874982 30.000000 30.000000
E 1 0 1093.109974 878.564980 1222.469972 878.064980
E 0 2 1222.469972 878.064980 1360.654968 878.564980
E 21 1 1180.300062 522.159989 1180.300062 700.362484 1093.109974 700.362484 1093.109974 878.564980
E 2 31 1360.154968 878.564980 1360.154968 735.874982
E 3 4 869.000000 878.564980 868.500000 967.999972
E 19 3 869.000000 522.159989 869.000000 878.564980
E 4 5 868.500000 967.999972 735.307665 968.499972
E 7 6 1093.109974 1139.109974 1222.469972 1138.609974
E 6 8 1222.469972 1138.609974 1352.654968 1139.109974
E 16 7 1013.250055 533.499986 1013.250055 1139.109974 1093.109974 1139.109974
E 8 27 1352.654968 1139.109974 1489.000000 1139.109974 1489.000000 735.874982
E 9 10 409.349994 320.527812 547.849991 320.527812
E 24 9 310.500000 678.334150 409.349994 678.334150 409.349994 320.527812
E 10 11 547.849991 320.527812 1423.807665 320.527812
E 10 25 547.849991 320.527812 547.849991 624.999983
E 11 12 1423.807665 320.527812 1558.000000 321.027812
E 13 14 734.807665 413.500000 869.500000 413.500000
E 25 13 547.849991 624.999983 734.807665 624.999983 734.807665 413.500000
E 14 15 869.500000 413.500000 1029.109974 413.234151
E 14 19 869.500000 413.500000 869.000000 522.159989
E 15 20 1092.609974 413.234151 1093.109974 484.600024
E 20 16 1093.109974 484.600024 1013.250055 484.600024 1013.250055 522.159989
E 17 18 1425.500000 412.500000 1558.000000 412.500000
E 26 17 1425.500000 604.999983 1425.500000 412.500000
E 20 21 1093.609974 485.100024 1180.300062 485.100024 1180.300062 522.159989
E 23 22 180.000000 140.734151 309.500000 140.234151
E 22 24 309.500000 140.234151 310.500000 678.334150
E 24 28 310.500000 678.334150 179.650000 678.993234
E 25 30 547.849991 624.999983 547.098691 731.034066
E 29 26 1425.500000 679.334150 1425.500000 604.999983
E 27 29 1489.000000 735.874982 1489.000000 679.334150 1425.500000 679.334150
E 31 29 1359.654968 735.874982 1359.654968 679.334150 1425.500000 679.334150
G 1055555072.json 15 21
V 160.000000 433.500000 100.000000 80.000000
V 264.000000 433.500000 40.000000 40.000000
V 340.000000 535.000000 100.000000 80.000000
V 340.000000 265.000000 100.000000 80.000000
V 560.000000 535.000000 40.000000 40.000000
V 685.000000 380.000000 40.000000 40.000000
V 925.000000 380.000000 100.000000 80.000000
V 70.000000 433.500000 30.000000 30.000000
V 1039.000000 380.000000 28.000000 28.000000
V 494.000000 265.000000 30.000000 30.000000
V 685.000000 535.000000 30.000000 30.000000
V 775.000000 380.000000 40.000000 40.000000
V 160.000000 77.000000 88.000000 97.000000
V 494.000000 77.500000 219.000000 72.000000
V 925.000000 76.500000 182.000000 66.000000
E 0 1 160.000000 433.500000 264.500000 434.000000
E 7 0 70.000000 433.500000 160.000000 433.500000
E 12 0 160.000000 77.000000 160.000000 433.500000
E 1 2 264.500000 434.000000 264.500000 535.000000 340.000000 535.000000
E 1 3 264.500000 434.000000 264.500000 265.000000 340.000000 265.000000
E 2 4 340.000000 535.000000 560.500000 535.500000
E 12 2 160.000000 77.000000 340.000000 535.000000
E 2 13 340.000000 535.000000 494.000000 77.500000
E 3 9 340.000000 265.000000 494.000000 265.000000
E 12 3 160.000000 77.000000 315.000000 226.000000
E 4 5 560.500000 535.500000 560.500000 380.000000 686.000000 380.000000
E 4 10 560.500000 535.500000 685.000000 535.000000
E 10 5 685.000000 535.000000 685.000000 380.000000
E 5 11 702.000000 380.500000 775.500000 380.500000
E 6 8 925.000000 380.000000 1039.000000 380.000000
E 11 6 775.500000 380.500000 925.000000 380.000000
E 6 14 925.000000 380.000000 925.000000 76.500000
E 9 11 494.000000 265.000000 775.500000 265.000000 775.500000 380.500000
E 9 13 494.000000 265.000000 494.000000 77.500000
E 12 13 160.000000 77.000000 494.000000 77.500000
E 13 14 494.000000 77.500000 925.000000 76.500000
G 1055698191.json 23 30
V 574.692559 483.118831 40.000000 40.000000
V 664.692559 549.867987 100.000000 80.000000
V 759.692559 483.118831 40.000000 40.000000
V 834.692559 483.118831 40.000000 40.000000
V 469.692559 483.118831 100.000000 80.000000
V 229.692559 483.118831 100.000000 80.000000
V 349.692559 483.118831 100.000000 80.000000
V 616.630059 300.963247 63.875000 57.946000
V 759.693059 270.086500 62.001000 60.173000
V 1398.692559 483.118831 28.000000 28.000000
V 229.692559 605.651209 88.000000 97.000000
V 1254.692559 549.867987 100.000000 80.000000
V 999.692559 483.118831 100.000000 80.000000
V 1099.692559 483.118831 40.000000 40.000000
V 1164.692559 483.118831 40.000000 40.000000
V 1329.692559 483.118831 40.000000 40.000000
V 1254.692559 662.864771 88.000000 97.000000
V 471.692559 602.500000 88.000000 97.000000
V 111.923020 483.118831 30.000000 30.000000
V 834.692559 687.500000 130.000000 85.000000
V 999.692559 300.990247 100.000000 80.000000
V 630.000000 855.272695 30.000000 30.000000
V 690.000000 855.272695 30.000000 30.000000
E 0 1 575.192559 483.618831 575.192559 549.867987 664.692559 549.867987
E 0 2 575.192559 483.618831 760.192559 483.618831
E 4 0 469.692559 483.118831 575.192559 483.118831
E 1 2 664.692559 549.867987 760.192559 549.867987 760.192559 483.618831
U 7 1 616.630059 300.963247 664.692559 549.867987
U 1 19 664.692559 549.867987 770.992559 685.800000
E 1 21 630.000000 549.867987 630.000000 855.272695
E 22 1 690.000000 855.272695 690.000000 549.867987
E 2 3 760.192559 483.618831 835.192559 483.618831
E 3 12 834.692559 483.118831 999.692559 483.118831
E 3 13 835.192559 483.618831 835.192559 549.867987 1100.192559 549.867987 1100.192559 483.618831
E 6 4 349.692559 483.118831 469.692559 483.118831
U 7 4 616.630059 300.963247 469.692559 483.118831
E 17 4 471.692559 602.500000 469.692559 483.118831
E 5 6 229.692559 483.118831 349.692559 483.118831
U 7 5 616.630059 300.963247 229.692559 483.118831
E 10 5 229.692559 605.651209 229.692559 483.118831
E 18 5 111.923020 483.118831 229.692559 483.118831
U 6 7 349.692559 483.118831 616.630059 300.963247
U 8 7 759.268059 269.924500 616.630059 300.963247
U 11 7 1254.692559 549.867987 1254.692559 404.764742 616.630059 300.963247
U 7 12 616.630059 300.963247 878.153398 391.970450 999.692559 483.118831
E 15 9 1330.192559 483.618831 1398.692559 483.118831
E 14 11 1165.192559 483.618831 1165.192559 549.867987 1254.692559 549.867987
E 11 15 1254.692559 549.867987 1330.192559 549.867987 1330.192559 483.618831
E 16 11 1254.692559 662.864771 1254.692559 549.867987
E 12 13 999.692559 483.118831 1100.192559 483.618831
E 12 20 999.692559 483.118831 999.692559 300.990247
E 13 14 1100.192559 483.618831 1165.192559 483.618831
E 14 15 1165.192559 483.618831 1330.192559 483.618831
G 1055713863.json 15 15
V 165.000000 153.000000 30.000000 30.000000
V 275.000000 153.000000 100.000000 80.000000
V 420.000000 153.000000 100.000000 80.000000
V 565.000000 153.000000 100.000000 80.000000
V 725.000000 153.000000 100.000000 80.000000
V 825.000000 153.000000 40.000000 40.000000
V 825.000000 253.000000 100.000000 80.000000
V 645.000000 153.000000 30.000000 30.000000
V 914.000000 253.000000 28.000000 28.000000
V 165.000000 637.000000 30.000000 30.000000
V 275.000000 637.000000 100.000000 80.000000
V 397.000000 637.000000 100.000000 80.000000
V 599.000000 599.000000 28.000000 28.000000
V 515.000000 637.000000 100.000000 80.000000
V 565.000000 40.000000 100.000000 80.000000
E 0 1 165.000000 153.000000 275.000000 153.000000
E 1 2 275.000000 153.000000 420.000000 153.000000
E 2 3 420.000000 153.000000 565.000000 153.000000
E 3 7 565.000000 153.000000 645.000000 153.000000
E 3 9 565.000000 192.000000 165.000000 486.000000 165.000000 637.000000
E 14 3 565.000000 40.000000 565.000000 153.000000
E 4 5 725.000000 153.000000 825.500000 153.500000
E 7 4 645.000000 153.000000 725.000000 153.000000
E 5 6 825.500000 153.500000 825.500000 236.000000
E 5 14 825.500000 153.500000 825.500000 40.000000 565.000000 40.000000
E 6 8 825.000000 253.000000 914.000000 253.000000
E 13 7 515.000000 628.343750 515.000000 540.000000 645.000000 153.000000
E 10 11 301.000000 637.000000 397.000000 637.000000
E 11 13 397.000000 637.000000 515.000000 637.000000
E 13 12 515.000000 637.000000 591.000000 609.000000
G 1055984555.json 36 41
V 791.000000 225.500000 92.000000 31.000000
V 171.500000 124.500000 73.000000 40.000000
V 634.507222 55.000000 127.000000 32.000000
V 635.007222 124.500000 100.000000 54.000000
V 807.507222 124.500000 145.000000 54.000000
V 807.567918 55.000000 139.121392 32.000000
V 105.000000 210.000000 30.000000 30.000000
V 1012.007222 124.500000 28.000000 28.000000
V 1105.007222 70.000000 100.000000 50.000000
V 634.507222 210.000000 89.000000 60.000000
V 260.000000 124.889612 40.000000 40.000000
V 105.000000 124.500000 40.000000 40.000000
V 105.000000 70.000000 30.000000 30.000000
V 483.500000 62.000000 127.000000 46.000000
V 365.000000 124.500000 40.000000 40.000000
V 484.000000 164.250000 28.000000 28.000000
V 937.976366 124.889612 40.000000 40.000000
V 134.007222 702.000000 30.000000 30.000000
V 1032.007222 639.000000 28.000000 28.000000
V 545.007250 702.000000 40.000000 40.000000
V 987.007222 759.000000 28.000000 28.000000
V 389.007222 702.000000 100.000000 80.000000
V 828.007222 639.000000 100.000000 80.000000
V 828.007222 759.000000 100.000000 80.000000
V 1128.561010 639.000000 106.000000 32.000000
V 315.007222 614.000000 78.000000 32.000000
V 246.007222 702.000000 100.000000 80.000000
V 937.976366 702.000000 78.000000 32.000000
V 988.507222 361.000000 127.000000 32.000000
V 620.007222 417.000000 40.000000 40.000000
V 824.007222 481.000000 28.000000 28.000000
V 989.007222 481.000000 106.000000 32.000000
V 315.007222 417.000000 40.000000 40.000000
V 315.007222 332.500000 28.000000 28.000000
V 134.007222 417.000000 30.000000 30.000000
V 824.007222 361.250000 28.000000 28.000000
E 9 0 634.507222 210.000000 791.000000 225.500000
E 1 10 171.500000 124.500000 260.500000 125.389612
E 11 1 105.500000 125.000000 171.500000 124.500000
E 3 2 635.007222 124.500000 634.507222 55.000000
E 3 4 635.007222 124.500000 807.507222 124.500000
E 13 3 483.500000 62.000000 635.007222 124.500000
E 14 3 365.500000 125.000000 635.007222 124.500000
E 4 5 807.507222 124.500000 807.567918 55.000000
E 4 16 807.507222 124.500000 938.476366 125.389612
U 8 5 1056.007222 69.000000 807.567918 55.000000
E 6 11 105.000000 210.000000 105.500000 125.000000
E 18 6 1032.007222 639.000000 1032.007222 552.000000 105.000000 552.000000 105.000000 205.000000
E 20 6 987.007222 759.000000 987.007222 552.000000 105.000000 552.000000 105.000000 205.000000
E 16 7 938.476366 125.389612 1012.007222 124.500000
E 7 34 1012.007222 124.500000 1012.007222 279.000000 134.007222 279.000000 134.007222 417.000000
E 10 9 260.500000 125.389612 260.500000 210.000000 634.507222 210.000000
E 9 16 634.507222 210.000000 938.476366 210.000000 938.476366 125.389612
E 10 14 260.500000 125.389612 365.500000 125.000000
E 12 11 105.000000 70.000000 105.500000 125.000000
E 14 15 365.500000 125.000000 365.500000 164.504545 484.514636 164.504545
E 15 34 484.000000 164.250000 484.000000 279.000000 134.007222 279.000000 134.007222 417.000000
E 17 26 134.007222 702.000000 246.007222 702.000000
E 30 17 824.007222 495.000000 824.007222 560.000000 134.007222 560.000000 134.007222 702.000000
E 22 18 828.007222 639.000000 1032.007222 639.000000
E 18 24 1032.007222 639.000000 1128.561010 639.000000
E 21 19 389.007222 702.000000 545.007250 702.000000
E 19 22 545.507250 702.500000 545.507250 639.000000 828.007222 639.000000
E 19 23 545.507250 702.500000 545.507250 759.000000 828.007222 759.000000
E 23 20 828.007222 759.000000 987.007222 759.000000
E 21 25 389.007222 702.000000 315.007222 614.000000
E 26 21 246.007222 702.000000 389.007222 702.000000
E 22 27 828.007222 639.000000 937.976366 686.000000
E 23 27 828.007222 759.000000 937.976366 718.000000
E 25 26 315.007222 614.000000 246.007222 702.000000
E 35 28 824.007222 361.763719 988.507222 361.000000
E 29 30 620.507222 417.500000 620.507222 481.000000 824.007222 481.000000
E 32 29 315.507222 417.500000 620.507222 417.500000
E 29 35 620.007222 417.000000 620.007222 361.763719 824.007222 361.763719
E 30 31 824.007222 481.000000 989.007222 481.000000
E 32 33 315.507222 417.500000 315.007222 332.500000
E 34 32 134.007222 417.000000 315.507222 417.500000
G 1056008012.json 20 19
V 90.000000 197.000000 30.000000 30.000000
V 185.000000 197.000000 40.000000 40.000000
V 335.000000 100.000000 100.000000 80.000000
V 284.000000 299.000000 28.000000 28.000000
V 480.000000 100.000000 30.000000 30.000000
V 723.000000 98.000000 306.000000 93.000000
V 555.000000 197.000000 30.000000 30.000000
V 680.000000 299.000000 40.000000 40.000000
V 1049.000000 179.000000 28.000000 28.000000
V 786.000000 382.000000 132.000000 74.000000
V 929.000000 337.000000 40.000000 40.000000
V 1049.000000 260.000000 28.000000 28.000000
V 989.000000 404.000000 28.000000 28.000000
V 692.000000 197.000000 124.000000 70.000000
V 136.500000 605.000000 30.000000 30.000000
V 285.500000 605.000000 40.000000 40.000000
V 479.000000 539.000000 28.000000 28.000000
V 331.500000 690.000000 30.000000 30.000000
V 660.500000 690.000000 28.000000 28.000000
V 495.000000 690.000000 100.000000 80.000000
E 0 1 90.000000 197.000000 185.500000 197.500000
E 1 2 185.500000 197.500000 185.500000 100.000000 335.000000 100.000000
E 1 3 185.500000 197.500000 185.500000 299.000000 284.000000 299.000000
E 2 4 335.000000 100.000000 480.000000 100.000000
E 4 5 480.000000 100.000000 723.000000 98.000000
E 4 6 490.625000 108.000000 555.000000 108.000000 555.000000 197.000000
E 4 14 480.000000 100.000000 480.000000 397.000000 136.500000 397.000000 136.500000 605.000000
E 6 13 555.000000 197.000000 692.000000 197.000000
E 7 8 680.500000 299.500000 828.000000 299.500000 828.000000 179.000000 1049.000000 179.000000
E 7 9 680.500000 299.500000 680.500000 382.000000 786.000000 382.000000
E 13 7 680.000000 223.000000 680.000000 299.000000
E 9 10 786.000000 382.000000 880.500000 382.000000 880.500000 337.500000 929.500000 337.500000
E 10 11 929.500000 337.500000 929.500000 260.000000 1049.000000 260.000000
E 10 12 929.500000 337.500000 929.500000 404.000000 989.000000 404.000000
E 14 15 136.500000 605.000000 286.000000 605.500000
E 15 16 286.000000 605.500000 286.000000 539.000000 479.000000 539.000000
E 15 17 286.000000 605.500000 286.000000 690.000000 331.500000 690.000000
E 17 19 331.500000 690.000000 495.000000 690.000000
E 19 18 495.000000 690.000000 660.500000 690.000000
G 1056081001.json 17 19
V 120.000000 135.000000 30.000000 30.000000
V 215.000000 135.000000 100.000000 80.000000
V 360.000000 135.000000 100.000000 80.000000
V 500.000000 135.000000 100.000000 80.000000
V 605.000000 135.000000 40.000000 40.000000
V 740.000000 135.000000 100.000000 80.000000
V 855.000000 135.000000 40.000000 40.000000
V 1439.000000 135.000000 28.000000 28.000000
V 1000.000000 250.000000 100.000000 80.000000
V 855.000000 250.000000 100.000000 80.000000
V 1290.000000 265.000000 100.000000 80.000000
V 1000.000000 621.000000 100.000000 80.000000
V 1145.000000 621.000000 40.000000 40.000000
V 360.000000 443.000000 100.000000 80.000000
V 1000.000000 443.000000 100.000000 80.000000
V 1145.000000 443.000000 100.000000 80.000000
V 1290.000000 443.000000 100.000000 80.000000
E 0 1 120.000000 135.000000 215.000000 135.000000
E 1 2 215.000000 135.000000 360.000000 135.000000
E 4 1 605.500000 135.500000 605.500000 47.000000 215.000000 47.000000 215.000000 135.000000
E 2 13 360.000000 135.000000 360.000000 443.000000
E 3 4 500.000000 135.000000 605.500000 135.500000
E 13 3 360.000000 443.000000 500.000000 443.000000 500.000000 135.000000
E 4 5 605.500000 135.500000 740.000000 135.000000
E 5 6 740.000000 135.000000 855.500000 135.500000
E 6 7 855.500000 135.500000 1439.000000 135.000000
E 6 9 855.500000 135.500000 855.000000 211.000000
E 10 7 1290.000000 265.000000 1290.000000 135.000000 1439.000000 135.000000
E 12 7 1145.500000 621.500000 1398.000000 621.500000 1398.000000 135.000000 1439.000000 135.000000
E 9 8 885.000000 252.000000 1000.000000 250.000000
E 8 14 1000.000000 250.000000 1000.000000 443.000000
E 16 10 1290.000000 443.000000 1290.000000 265.000000
E 11 12 1000.000000 621.000000 1145.500000 621.500000
E 14 11 1000.000000 443.000000 1000.000000 621.000000
E 12 15 1145.500000 621.500000 1145.000000 443.000000
E 15 16 1145.000000 443.000000 1290.000000 443.000000
G 1056886605.json 30 39
V 75.000000 125.000000 30.000000 30.000000
V 185.000000 125.000000 100.000000 80.000000
V 695.000000 180.000000 30.000000 30.000000
V 555.000000 125.000000 40.000000 40.000000
V 695.000000 60.000000 30.000000 30.000000
V 800.000000 125.000000 40.000000 40.000000
V 905.000000 125.000000 100.000000 80.000000
V 1085.000000 125.000000 30.000000 30.000000
V 1154.000000 125.000000 28.000000 28.000000
V 295.000000 380.000000 100.000000 80.000000
V 405.000000 380.000000 30.000000 30.000000
V 485.000000 380.000000 40.000000 40.000000
V 105.000000 380.000000 30.000000 30.000000
V 695.000000 310.000000 100.000000 80.000000
V 185.000000 380.000000 30.000000 30.000000
V 605.000000 310.000000 40.000000 40.000000
V 525.000000 310.000000 30.000000 30.000000
V 695.000000 430.000000 100.000000 80.000000
V 785.000000 380.000000 40.000000 40.000000
V 905.000000 380.000000 30.000000 30.000000
V 1085.000000 325.000000 100.000000 80.000000
V 980.000000 380.000000 40.000000 40.000000
V 1085.000000 430.000000 100.000000 80.000000
V 1195.000000 380.000000 30.000000 30.000000
V 1269.000000 380.000000 28.000000 28.000000
V 295.000000 630.000000 30.000000 30.000000
V 405.000000 630.000000 100.000000 80.000000
V 1085.000000 630.000000 30.000000 30.000000
V 1195.000000 630.000000 100.000000 80.000000
V 1304.000000 630.000000 28.000000 28.000000
E 0 1 75.000000 125.000000 185.000000 125.000000
E 1 3 185.000000 125.000000 555.500000 125.500000
E 1 14 185.000000 125.000000 185.000000 380.000000
E 3 2 555.500000 125.500000 555.500000 180.000000 695.000000 180.000000
E 2 5 695.000000 180.000000 800.500000 180.000000 800.500000 125.500000
E 13 2 695.000000 310.000000 695.000000 180.000000
E 3 4 555.500000 125.500000 555.500000 60.000000 695.000000 60.000000
E 4 5 695.000000 60.000000 800.500000 60.000000 800.500000 125.500000
E 17 4 695.000000 391.000000 695.000000 376.000000 757.000000 376.000000 757.000000 102.000000 695.000000 102.000000 695.000000 60.000000
E 5 6 800.500000 125.500000 905.000000 125.000000
E 6 7 905.000000 125.000000 1085.000000 125.000000
E 6 19 905.000000 125.000000 905.000000 380.000000
E 7 8 1085.000000 125.000000 1154.000000 125.000000
E 20 7 1085.000000 325.000000 1085.000000 125.000000
E 9 10 295.000000 380.000000 405.000000 380.000000
E 14 9 185.000000 380.000000 295.000000 380.000000
E 9 25 295.000000 380.000000 295.000000 630.000000
E 10 11 405.000000 380.000000 485.500000 380.500000
E 26 10 405.000000 630.000000 405.000000 380.000000
E 11 16 485.500000 380.500000 485.500000 310.000000 525.000000 310.000000
E 12 14 105.000000 380.000000 185.000000 380.000000
E 15 13 605.500000 310.500000 695.000000 310.000000
E 13 18 695.000000 310.000000 785.500000 310.000000 785.500000 380.500000
E 16 15 525.000000 310.000000 605.500000 310.500000
E 15 17 605.500000 310.500000 605.500000 430.000000 695.000000 430.000000
E 17 18 695.000000 430.000000 785.500000 430.000000 785.500000 380.500000
E 18 19 785.500000 380.500000 905.000000 380.000000
E 19 21 905.000000 380.000000 980.500000 380.500000
E 21 20 980.500000 380.500000 980.500000 325.000000 1085.000000 325.000000
E 20 23 1085.000000 325.000000 1195.000000 325.000000 1195.000000 380.000000
E 21 22 980.500000 380.500000 980.500000 430.000000 1085.000000 430.000000
E 22 23 1085.000000 430.000000 1157.500000 430.000000 1157.500000 380.000000 1195.000000 380.000000
E 22 27 1085.000000 430.000000 1085.000000 630.000000
E 23 24 1195.000000 380.000000 1269.000000 380.000000
E 28 23 1195.000000 630.000000 1195.000000 380.000000
E 25 26 295.000000 630.000000 405.000000 630.000000
E 26 27 405.000000 630.000000 1085.000000 630.000000
E 27 28 1085.000000 630.000000 1195.000000 630.000000
E 28 29 1195.000000 630.000000 1304.000000 630.000000
G 1058369279.json 40 49
V 180.000000 170.000000 30.000000 30.000000
V 290.000000 170.000000 100.000000 80.000000
V 405.000000 170.000000 40.000000 40.000000
V 485.000000 90.000000 30.000000 30.000000
V 595.000000 90.000000 100.000000 80.000000
V 555.000000 225.000000 30.000000 30.000000
V 665.000000 225.000000 100.000000 80.000000
V 780.000000 225.000000 40.000000 40.000000
V 895.000000 115.000000 100.000000 80.000000
V 1010.000000 225.000000 40.000000 40.000000
V 1090.000000 225.000000 30.000000 30.000000
V 1200.000000 225.000000 100.000000 80.000000
V 1315.000000 225.000000 40.000000 40.000000
V 1430.000000 115.000000 100.000000 80.000000
V 1430.000000 225.000000 100.000000 80.000000
V 895.000000 225.000000 100.000000 80.000000
V 225.000000 469.860000 30.000000 30.000000
V 335.000000 469.860000 100.000000 80.000000
V 450.000000 469.860000 40.000000 40.000000
V 530.000000 469.860000 30.000000 30.000000
V 530.000000 469.860000 30.000000 30.000000
V 860.000000 469.860000 100.000000 80.000000
V 530.000000 548.910000 30.000000 30.000000
V 695.000000 470.290000 40.000000 40.000000
V 1010.000000 548.910000 30.000000 30.000000
V 1120.000000 548.910000 100.000000 80.000000
V 605.000000 770.250000 100.000000 80.000000
V 720.000000 770.250000 40.000000 40.000000
V 720.000000 690.000000 30.000000 30.000000
V 800.000000 770.250000 30.000000 30.000000
V 880.000000 770.625000 40.000000 40.000000
V 960.000000 690.000000 30.000000 30.000000
V 960.000000 870.000000 30.000000 30.000000
V 960.000000 770.625000 30.000000 30.000000
V 1070.000000 690.000000 100.000000 80.000000
V 1070.000000 790.000000 100.000000 80.000000
V 1070.000000 880.000000 100.000000 80.000000
V 1139.000000 993.500000 88.000000 97.000000
V 1310.000000 792.000000 100.000000 80.000000
V 1185.000000 790.000000 40.000000 40.000000
E 0 1 180.000000 170.000000 290.000000 170.000000
E 1 2 290.000000 170.000000 405.500000 170.500000
E 1 16 290.000000 170.000000 290.000000 330.000000 225.000000 330.000000 225.000000 469.860000
E 2 3 405.500000 170.500000 405.500000 90.000000 485.000000 90.000000
E 4 2 595.000000 90.000000 544.000000 60.000000 369.000000 60.000000 405.500000 170.500000
E 2 5 405.500000 170.500000 405.500000 225.000000 555.000000 225.000000
E 3 4 485.000000 90.000000 595.000000 90.000000
E 34 3 1070.000000 690.000000 1070.000000 377.500000 485.000000 377.500000 485.000000 90.000000
E 5 6 555.000000 225.000000 665.000000 225.000000
E 38 5 1310.000000 792.000000 1310.000000 496.000000 555.000000 496.000000 555.000000 225.000000
E 6 7 665.000000 225.000000 780.500000 225.500000
E 7 8 780.500000 225.500000 780.500000 115.000000 895.000000 115.000000
E 7 15 780.500000 225.500000 895.000000 225.000000
E 8 9 895.000000 115.000000 1010.500000 115.000000 1010.500000 225.500000
E 9 10 1010.500000 225.500000 1090.000000 225.000000
E 15 9 895.000000 225.000000 1010.500000 225.500000
E 10 11 1090.000000 225.000000 1200.000000 225.000000
E 25 10 1120.000000 548.910000 1120.000000 374.455000 1090.000000 374.455000 1090.000000 225.000000
E 11 12 1200.000000 225.000000 1315.500000 225.500000
E 12 13 1315.500000 225.500000 1315.500000 115.000000 1430.000000 115.000000
E 12 14 1315.500000 225.500000 1430.000000 225.000000
E 16 17 225.000000 469.860000 335.000000 469.860000
E 17 18 335.000000 469.860000 450.500000 470.360000
E 18 19 450.500000 470.360000 530.000000 469.860000
E 18 20 450.500000 470.360000 530.000000 469.860000
E 18 22 450.500000 470.360000 450.500000 548.910000 530.000000 548.910000
E 20 23 530.000000 469.860000 695.500000 471.240434
E 23 21 695.500000 470.790000 860.000000 469.860000
E 22 26 530.000000 548.910000 605.000000 548.910000 605.000000 770.250000
E 28 23 720.000000 690.000000 695.500000 690.000000 695.500000 470.790000
E 24 25 1010.000000 548.910000 1120.000000 548.910000
E 38 24 1310.000000 792.000000 1310.000000 657.955000 1015.000000 657.955000 1015.000000 556.000000
E 26 27 605.000000 770.250000 720.500000 770.750000
E 27 28 720.500000 770.750000 720.000000 690.000000
E 27 29 720.500000 770.750000 800.000000 770.250000
E 29 30 800.000000 770.250000 880.500000 771.516720
E 30 31 880.500000 771.125000 880.500000 690.000000 960.000000 690.000000
E 30 32 880.500000 771.125000 880.500000 870.000000 960.000000 870.000000
E 30 33 880.500000 771.125000 960.000000 770.625000
E 31 34 960.000000 690.000000 1070.000000 690.000000
E 32 36 960.000000 870.000000 997.500000 870.000000 997.500000 880.000000 1070.000000 880.000000
E 33 35 960.000000 770.625000 997.500000 770.625000 997.500000 790.000000 1070.000000 790.000000
E 34 37 1070.000000 690.000000 1139.000000 993.500000
E 34 39 1070.000000 690.000000 1185.500000 690.000000 1185.500000 790.759494
E 35 37 1070.000000 790.000000 1139.000000 993.500000
E 35 39 1070.000000 790.000000 1185.500000 790.500000
E 36 37 1070.000000 880.000000 1139.000000 993.500000
E 36 39 1070.000000 880.000000 1185.500000 880.000000 1185.500000 790.500000
E 39 38 1185.500000 790.500000 1232.500000 790.500000 1232.500000 792.000000 1310.000000 792.000000
G 1058400286.json 18 23
V 75.000000 125.000000 30.000000 30.000000
V 200.000000 125.000000 100.000000 80.000000
V 345.000000 125.000000 100.000000 80.000000
V 515.000000 125.000000 100.000000 80.000000
V 674.000000 125.000000 28.000000 28.000000
V 90.000000 425.000000 30.000000 30.000000
V 200.000000 425.000000 100.000000 80.000000
V 125.000000 514.500000 80.000000 39.000000
V 353.000000 424.500000 84.000000 39.000000
V 410.000000 500.000000 40.000000 40.000000
V 515.000000 370.000000 100.000000 80.000000
V 620.000000 475.000000 100.000000 80.000000
V 749.000000 475.000000 28.000000 28.000000
V 125.000000 666.000000 100.000000 80.000000
V 252.000000 732.000000 84.000000 54.000000
V 125.000000 916.000000 100.000000 80.000000
V 260.000000 916.000000 100.000000 80.000000
V 387.000000 844.500000 84.000000 39.000000
E 0 1 75.000000 125.000000 200.000000 125.000000
E 1 2 200.000000 125.000000 345.000000 125.000000
E 2 3 345.000000 125.000000 515.000000 125.000000
E 2 5 345.000000 125.000000 345.000000 287.500000 90.000000 287.500000 90.000000 425.000000
E 10 2 515.000000 370.000000 409.000000 249.000000 345.000000 125.000000
E 3 4 515.000000 125.000000 674.000000 125.000000
E 11 3 620.000000 475.000000 620.000000 317.000000 589.000000 247.000000 688.000000 220.000000 515.000000 125.000000
E 5 6 90.000000 425.000000 200.000000 425.000000
E 6 7 200.000000 425.000000 125.000000 514.500000
E 8 6 353.000000 424.500000 200.000000 425.000000
E 6 9 200.000000 425.000000 200.000000 500.500000 410.500000 500.500000
E 10 6 515.000000 370.000000 298.000000 373.000000 200.000000 425.000000
E 7 13 125.000000 514.500000 125.000000 666.000000
E 9 10 410.500000 500.500000 410.500000 370.000000 515.000000 370.000000
E 9 13 410.500000 500.500000 410.500000 666.000000 125.000000 666.000000
E 11 12 620.000000 475.000000 749.000000 475.000000
E 16 11 260.000000 916.000000 402.500000 916.000000 475.000000 857.000000 515.000000 722.000000 620.000000 579.000000 620.000000 475.000000
E 17 11 387.000000 844.500000 620.000000 475.000000
E 13 14 125.000000 666.000000 252.000000 732.000000
E 13 15 125.000000 666.000000 125.000000 916.000000
E 14 15 252.000000 732.000000 125.000000 916.000000
E 15 16 125.000000 916.000000 260.000000 916.000000
E 16 17 260.000000 916.000000 387.000000 844.500000
G 1058793673.json 18 20
V 590.000000 115.000000 100.000000 80.000000
V 705.000000 115.000000 40.000000 40.000000
V 820.000000 115.000000 100.000000 80.000000
V 1070.000000 157.064579 100.000000 80.000000
V 1330.000000 157.064579 100.000000 80.000000
V 1490.000000 157.064579 40.000000 40.000000
V 260.000000 473.171559 100.000000 80.000000
V 1070.000000 473.171559 100.000000 80.000000
V 1215.000000 473.171559 100.000000 80.000000
V 150.000000 308.485323 30.000000 30.000000
V 260.000000 308.485323 100.000000 80.000000
V 425.000000 308.485323 100.000000 80.000000
V 820.000000 263.835616 86.000000 60.000000
V 820.000000 330.000000 40.000000 40.000000
V 928.000000 330.000000 86.000000 60.000000
V 1069.000000 330.000000 40.000000 40.000000
V 1215.000000 330.000000 40.000000 40.000000
V 1330.000000 330.000000 100.000000 80.000000
E 0 1 590.000000 115.000000 705.500000 115.500000
E 11 0 425.000000 308.485323 590.000000 308.485323 590.000000 115.000000
E 1 2 705.500000 115.500000 820.000000 115.000000
E 1 13 705.500000 115.500000 705.500000 330.500000 820.500000 330.500000
E 2 12 820.000000 115.000000 820.000000 263.835616
E 15 3 1069.500000 330.500000 1070.000000 157.064579
E 3 16 1070.000000 157.064579 1215.500000 157.064579 1215.500000 330.500000
E 4 5 1330.000000 157.064579 1490.500000 157.564579
E 17 4 1330.000000 330.000000 1330.000000 157.064579
E 5 17 1490.500000 157.564579 1490.500000 330.000000 1330.000000 330.000000
E 10 6 260.000000 308.485323 260.000000 473.171559
E 6 11 260.000000 473.171559 425.000000 473.171559 425.000000 308.485323
E 7 8 1070.000000 473.171559 1215.000000 473.171559
E 15 7 1069.500000 330.500000 1070.000000 473.171559
E 8 16 1215.000000 473.171559 1215.500000 330.500000
E 9 10 150.000000 308.485323 260.000000 308.485323
E 12 13 820.000000 263.835616 820.500000 330.500000
E 13 14 820.500000 330.500000 928.000000 330.000000
E 14 15 928.000000 330.000000 1069.500000 330.500000
E 16 17 1215.500000 330.500000 1330.000000 330.000000
G 105881262.json 22 25
V 436.000000 154.000000 30.000000 30.000000
V 1056.000000 154.500000 40.000000 40.000000
V 965.000000 154.000000 97.000000 49.000000
V 1165.000000 100.000000 155.000000 60.000000
V 1341.000000 154.500000 40.000000 40.000000
V 709.000000 75.000000 76.000000 60.000000
V 636.000000 154.000000 40.000000 40.000000
V 735.500000 207.500000 77.000000 55.000000
V 866.000000 154.000000 40.000000 40.000000
V 546.000000 154.000000 100.000000 80.000000
V 1183.500000 205.000000 184.000000 60.000000
V 1545.000000 154.000000 28.000000 28.000000
V 1451.500000 154.500000 100.000000 80.000000
V 805.000000 77.000000 58.000000 60.000000
V 560.000000 410.000000 100.000000 80.000000
V 715.000000 410.000000 76.000000 55.000000
V 820.000000 409.000000 40.000000 40.000000
V 915.000000 354.500000 64.000000 49.000000
V 915.000000 414.500000 58.000000 49.000000
V 923.000000 476.500000 76.000000 55.000000
V 1039.000000 410.750000 40.000000 40.000000
V 1118.000000 410.750000 28.000000 28.000000
E 0 9 436.000000 154.000000 546.000000 154.000000
E 2 1 965.000000 154.000000 1056.000000 154.500000
E 1 3 1056.500000 155.000000 1165.000000 100.000000
E 1 10 1056.500000 155.000000 1183.500000 205.000000
E 8 2 866.500000 154.500000 965.000000 154.000000
E 3 4 1241.500000 100.000000 1341.500000 100.000000 1341.500000 155.000000
E 10 4 1183.500000 205.000000 1341.500000 205.000000 1341.500000 155.259494
E 4 12 1341.500000 155.000000 1451.500000 154.500000
E 6 5 636.500000 154.500000 636.500000 75.000000 709.000000 75.000000
E 5 13 709.000000 75.000000 805.000000 77.000000
E 6 7 636.500000 154.500000 636.500000 207.500000 735.500000 207.500000
E 9 6 546.000000 154.000000 636.000000 154.000000
E 7 8 735.500000 207.500000 866.500000 207.500000 866.500000 154.000000
E 13 8 805.000000 77.000000 866.000000 77.000000 866.000000 154.000000
E 12 11 1500.500000 154.500000 1545.000000 154.000000
E 12 14 1451.500000 154.500000 1248.000000 281.000000 799.000000 281.000000 568.000000 383.000000
E 14 15 560.000000 410.000000 715.000000 410.000000
E 15 16 715.000000 410.000000 820.500000 409.500000
E 16 17 820.500000 409.500000 915.000000 354.500000
E 16 18 820.500000 409.500000 915.000000 414.500000
E 16 19 820.500000 409.500000 923.000000 476.500000
E 17 20 915.000000 354.500000 1039.500000 354.500000 1039.500000 411.509494
E 18 20 915.000000 410.750000 1039.000000 410.750000
E 19 20 923.000000 476.500000 1039.000000 476.500000 1039.000000 410.750000
E 20 21 1039.500000 411.250000 1118.000000 410.750000
G 1058939766.json 16 18
V 1251.000000 160.000000 132.000000 80.000000
V 419.500000 370.000000 119.000000 80.000000
V 629.500000 481.000000 119.000000 80.000000
V 785.000000 481.000000 100.000000 80.000000
V 1116.000000 370.000000 132.000000 80.000000
V 905.000000 481.000000 40.000000 40.000000
V 1116.000000 481.000000 132.000000 80.000000
V 135.000000 481.000000 30.000000 30.000000
V 420.000000 580.000000 100.000000 80.000000
V 230.000000 481.000000 100.000000 80.000000
V 335.000000 481.000000 40.000000 40.000000
V 500.000000 481.000000 40.000000 40.000000
V 1118.250000 580.000000 127.500000 80.000000
V 1235.000000 481.000000 40.000000 40.000000
V 1386.000000 481.000000 132.000000 80.000000
V 1386.000000 629.000000 28.000000 28.000000
E 13 0 1235.500000 481.500000 1269.000000 481.500000 1269.000000 160.000000
E 0 14 1251.000000 160.000000 1386.000000 160.000000 1386.000000 481.000000
E 10 1 335.500000 481.500000 335.500000 370.000000 419.500000 370.000000
E 1 11 419.500000 370.000000 500.500000 370.000000 500.500000 481.500000
E 2 3 629.500000 481.000000 785.000000 481.000000
E 11 2 500.500000 481.500000 629.500000 481.000000
E 3 5 785.000000 481.000000 905.500000 481.500000
E 5 4 905.500000 481.000000 905.500000 370.000000 1116.000000 370.000000
E 4 13 1116.000000 370.000000 1235.500000 370.000000 1235.500000 481.500000
E 5 6 905.500000 481.500000 1116.000000 481.000000
E 5 12 905.500000 481.500000 905.500000 580.000000 1055.500000 580.000000
E 6 13 1116.000000 481.000000 1235.500000 481.500000
E 7 9 135.000000 481.000000 230.000000 481.000000
E 10 8 335.500000 481.500000 335.500000 580.000000 420.000000 580.000000
E 8 11 420.000000 580.000000 500.500000 580.000000 500.500000 481.500000
E 9 10 246.000000 481.000000 335.500000 481.500000
E 12 13 1118.250000 580.000000 1235.500000 580.000000 1235.500000 481.500000
E 14 15 1386.000000 481.000000 1386.000000 629.000000
G 1059642594.json 17 18
V 212.845994 447.589946 30.000000 30.000000
V 322.845994 447.589946 100.000000 80.000000
V 433.628739 448.166282 30.000000 30.000000
V 510.998964 446.630755 40.000000 40.000000
V 553.000000 338.768931 100.000000 80.000000
V 794.729454 489.883785 100.000000 80.000000
V 665.000000 489.883785 100.000000 80.000000
V 915.000000 470.902910 30.000000 30.000000
V 1010.000000 470.902910 100.000000 80.000000
V 513.000000 575.000000 100.000000 80.000000
V 1154.000000 469.000000 28.000000 28.000000
V 102.845994 154.094842 30.000000 30.000000
V 553.000000 214.000000 28.000000 28.000000
V 212.845994 154.094842 100.000000 80.000000
V 794.729454 217.824570 30.000000 30.000000
V 795.000000 134.094842 40.000000 40.000000
V 915.000000 134.554985 100.000000 80.000000
E 0 1 212.845994 447.589946 322.845994 447.589946
E 13 0 212.845994 154.094842 212.845994 447.589946
E 1 2 322.845994 447.589946 433.628739 448.166282
E 2 3 433.628739 448.166282 469.813851 448.166282 469.813851 447.130755 511.498964 447.130755
E 15 2 779.240030 135.520006 431.970020 135.520006 431.970020 439.230023
E 3 4 511.184778 427.263451 511.184778 402.699843 553.000000 402.699843 553.000000 338.768931
E 3 6 528.574300 447.710829 616.000000 489.883785
E 3 9 512.260072 462.347512 513.000000 536.000000
E 4 12 553.000000 299.768931 553.000000 214.000000
E 6 5 714.000000 489.883785 745.729454 489.883785
E 5 14 794.729454 450.883785 794.729454 217.824570
E 9 6 562.000000 575.000000 616.000000 489.883785
E 7 8 915.000000 470.902910 961.000000 470.902910
E 16 7 915.000000 173.554985 915.000000 470.902910
E 8 10 1059.000000 470.902910 1154.000000 469.000000
E 11 13 102.845994 154.094842 212.845994 154.094842
E 14 15 794.729454 217.824570 795.500000 134.594842
E 15 16 795.500000 134.594842 915.000000 134.554985
G 1059654633.json 24 28
V 408.146830 416.543661 150.000000 140.000000
V 193.146830 416.543661 150.000000 140.000000
V 763.216360 416.543661 40.000000 40.000000
V 2315.457872 169.895003 150.000000 140.000000
V 973.216360 531.293661 150.000000 140.000000
V 614.020031 416.543661 150.000000 140.000000
V 614.020031 531.293661 28.375000 20.500000
V 1128.565045 276.418661 40.000000 40.000000
V 1281.270046 169.895003 175.410001 140.000000
V 1281.565045 576.543661 150.000000 140.000000
V 1601.565045 736.793661 150.000000 140.000000
V 1601.565045 576.543661 150.000000 140.000000
V 1601.565045 410.250000 150.000000 140.000000
V 48.146830 416.543661 30.000000 30.000000
V 1929.000000 576.543661 28.000000 28.000000
V 2095.457872 169.895003 150.000000 140.000000
V 2479.687844 330.000000 40.000000 40.000000
V 2619.687844 169.895003 150.000000 140.000000
V 2619.687844 489.895003 150.000000 140.000000
V 2619.687844 329.895003 150.000000 140.000000
V 2831.071821 329.895003 40.000000 40.000000
V 2937.075694 330.000000 28.000000 28.000000
V 1430.000000 576.543661 40.000000 40.000000
V 1835.000000 576.543661 40.000000 40.000000
E 1 0 267.146830 416.543661 334.146830 416.543661
E 4 0 973.216360 600.293661 973.216360 618.985037 293.000000 618.985037 293.000000 437.543661 408.146830 437.543661
E 0 5 408.146830 416.543661 614.020031 416.543661
E 13 1 48.146830 416.543661 193.146830 416.543661
E 2 4 763.716360 417.043661 763.716360 531.293661 973.216360 531.293661
E 5 2 614.020031 416.543661 763.716360 417.043661
E 2 7 763.716360 417.043661 763.716360 276.918661 1129.065045 276.918661
E 15 3 2095.457872 169.895003 2315.457872 169.895003
E 3 16 2315.457872 169.895003 2419.000000 169.895003 2419.000000 330.500000 2480.187844 330.500000
U 5 6 614.020031 416.543661 612.982531 530.293661
E 7 8 1129.065045 276.918661 1129.065045 169.895003 1281.270046 169.895003
E 7 9 1129.065045 276.918661 1129.065045 576.543661 1281.565045 576.543661
E 8 15 1281.270046 169.895003 2095.457872 169.895003
E 9 22 1281.565045 576.543661 1430.500000 577.043661
E 22 10 1430.500000 577.043661 1430.500000 736.793661 1601.565045 736.793661
E 10 23 1601.565045 736.793661 1835.500000 736.793661 1835.500000 577.043661
E 22 11 1430.500000 577.043661 1601.565045 576.543661
E 11 23 1601.565045 576.543661 1835.500000 577.043661
E 22 12 1430.500000 577.043661 1430.500000 410.250000 1601.565045 410.250000
E 12 23 1601.565045 410.250000 1835.500000 410.250000 1835.500000 577.043661
E 23 14 1835.500000 577.043661 1929.000000 576.543661
E 16 17 2480.187844 330.500000 2511.000000 330.500000 2511.000000 169.895003 2619.687844 169.895003
E 16 18 2480.187844 330.500000 2511.000000 330.500000 2511.000000 489.895003 2619.687844 489.895003
E 16 19 2480.187844 330.500000 2619.687844 329.895003
E 17 20 2619.687844 169.895003 2831.571821 169.895003 2831.571821 330.395003
E 18 20 2619.687844 489.895003 2831.571821 489.895003 2831.571821 330.395003
E 19 20 2619.687844 329.895003 2831.571821 330.395003
E 20 21 2831.571821 330.395003 2937.075694 330.000000
G 1059942549.json 15 14
V 150.000000 193.000000 30.000000 30.000000
V 225.000000 192.500000 60.000000 55.000000
V 405.000000 120.000000 60.000000 55.000000
V 599.000000 209.000000 40.000000 40.000000
V 710.000000 120.000000 100.000000 80.000000
V 839.000000 85.000000 28.000000 28.000000
V 185.000000 67.750000 70.000000 62.500000
V 787.000000 209.000000 44.000000 28.000000
V 265.000000 120.000000 30.000000 30.000000
V 315.000000 120.000000 30.000000 30.000000
V 185.000000 390.000000 30.000000 30.000000
V 269.500000 390.000000 59.000000 40.000000
V 225.000000 329.000000 44.000000 28.000000
V 270.000000 455.000000 40.000000 40.000000
V 599.000000 390.000000 28.000000 28.000000
E 0 1 150.000000 193.000000 225.000000 192.500000
E 3 1 599.500000 209.500000 405.000000 209.500000 405.000000 192.500000 225.000000 192.500000
E 6 1 185.000000 67.750000 225.000000 192.500000
E 1 8 225.000000 192.500000 225.000000 120.000000 265.000000 120.000000
E 9 2 315.000000 120.000000 405.000000 120.000000
E 3 4 599.500000 209.500000 535.000000 209.500000 599.500000 178.000000 710.000000 120.000000
E 4 5 710.000000 120.000000 839.000000 120.000000 839.000000 85.000000
E 4 7 710.000000 159.000000 787.000000 195.000000
E 8 9 265.000000 120.000000 315.000000 120.000000
E 8 10 265.000000 120.000000 265.000000 255.000000 185.000000 255.000000 185.000000 390.000000
E 9 14 315.000000 120.000000 365.000000 216.000000 599.000000 358.000000 599.000000 390.000000
E 10 11 185.000000 390.000000 269.500000 390.000000
E 10 13 185.000000 390.000000 270.500000 390.000000 270.500000 455.500000
E 12 11 225.000000 329.000000 269.500000 390.000000
G 106014777.json 40 49
V 1498.467268 132.547140 30.000000 30.000000
V 1638.562574 132.547140 40.000000 40.000000
V 2103.400281 204.272022 100.000000 41.347759
V 1955.749968 132.547140 100.000000 41.347759
V 2103.400281 80.378670 100.000000 41.347759
V 2218.346183 132.873261 40.000000 40.000000
V 2435.000000 85.000000 100.000000 80.000000
V 2572.849958 85.000000 30.000000 30.000000
V 2703.927331 85.000000 28.000000 28.000000
V 2300.000000 85.000000 100.000000 80.000000
V 2300.000000 204.598143 75.750000 80.000000
V 111.630601 405.076796 30.000000 30.000000
V 1247.899980 439.299993 100.000000 80.000000
V 1955.749968 490.153626 100.000000 80.000000
V 194.945902 405.076796 100.000000 80.000000
V 315.734154 405.076796 100.000000 80.000000
V 630.799990 340.000000 100.000000 80.000000
V 1756.099972 457.449993 100.000000 80.000000
V 539.000000 490.153626 88.000000 97.000000
V 1323.267281 765.999988 40.000000 40.000000
V 1642.308917 716.414210 40.000000 40.000000
V 2266.661484 716.414210 40.000000 40.000000
V 1871.299969 716.414210 40.000000 40.000000
V 794.149988 716.414210 100.000000 80.000000
V 1000.099984 716.414210 40.000000 40.000000
V 1120.849982 765.999988 100.000000 80.000000
V 1120.849982 618.768948 100.000000 80.000000
V 2369.134435 716.414210 100.000000 80.000000
V 1498.467268 594.783609 30.000000 30.000000
V 1259.000000 689.374217 88.000000 97.000000
V 2079.242630 973.671639 100.000000 80.000000
V 2200.030882 973.671639 100.000000 80.000000
V 2572.849958 973.671639 100.000000 80.000000
V 1498.467268 973.671639 100.000000 80.000000
V 1756.099972 1030.000000 100.000000 80.000000
V 1711.000500 870.086500 62.001000 60.173000
V 315.734154 1257.969060 100.000000 80.000000
V 478.995357 1257.969060 40.000000 40.000000
V 921.499985 1346.799978 28.000000 28.000000
V 724.617395 1346.799978 100.000000 80.000000
E 0 1 1498.467268 132.547140 1639.062574 133.047140
E 28 0 1498.467268 594.783609 1498.467268 132.547140
E 1 2 1639.062574 133.047140 1639.062574 204.272022 2103.400281 204.272022
E 1 3 1639.062574 133.047140 1955.749968 132.547140
E 1 4 1639.062574 133.047140 1639.062574 80.378670 2103.400281 80.378670
E 2 5 2103.400281 204.272022 2218.846183 204.272022 2218.846183 133.373261
E 2 30 2091.321456 204.272022 2091.321456 934.671639
E 3 5 1955.749968 132.547140 2218.846183 133.373261
E 3 13 1955.749968 151.873261 1955.749968 490.153626
E 4 5 2103.400281 80.378670 2218.846183 80.378670 2218.846183 133.373261
E 5 9 2218.846183 133.373261 2300.000000 85.000000
E 6 7 2435.000000 85.000000 2572.849958 85.000000
E 9 6 2300.000000 85.000000 2435.000000 85.000000
E 7 8 2572.849958 85.000000 2703.927331 85.000000
E 32 7 2572.849958 984.940000 2572.849958 83.734853
E 9 10 2300.000000 85.000000 2300.000000 204.598143
E 11 14 111.630601 405.076796 194.945902 405.076796
E 12 23 1247.899980 439.299993 794.149988 439.299993 794.149988 716.414210
E 26 12 1120.849982 618.768948 1247.899980 618.768948 1247.899980 439.299993
E 13 21 1955.749968 490.153626 2267.161484 490.153626 2267.161484 716.914210
E 22 13 1871.799969 716.914210 1871.799969 490.153626 1955.749968 490.153626
E 14 15 194.945902 405.076796 325.322996 405.076796
E 15 36 315.734154 405.076796 315.734154 1257.969060
E 16 18 630.799990 340.000000 539.000000 377.000000 539.000000 490.153626
E 16 23 630.799990 340.000000 630.799990 716.414210 794.149988 716.414210
E 37 16 479.495357 1258.469060 479.495357 340.000000 630.799990 340.000000
E 20 17 1642.808917 716.914210 1668.590005 457.449993 1756.099972 457.449993
E 17 22 1756.099972 457.449993 1819.673662 457.449993 1819.673662 716.914210 1871.799969 716.914210
E 18 23 539.000000 490.153626 539.000000 667.000000 794.149988 716.414210
E 25 19 1120.849982 765.999988 1323.767281 766.499988
E 19 28 1323.267281 765.999988 1323.267281 602.000000 1498.467268 594.783609
E 19 33 1323.767281 766.499988 1323.767281 973.671639 1498.467268 973.671639
E 28 20 1498.467268 594.783609 1567.888093 594.783609 1567.888093 716.914210 1642.308917 716.914210
E 33 20 1498.467268 973.671639 1642.808917 973.671639 1642.808917 716.914210
E 21 27 2266.661484 716.414210 2369.134435 716.414210
E 31 21 2200.030882 973.671639 2267.161484 973.671639 2267.161484 716.914210
E 22 30 1871.799969 716.914210 1871.799969 973.671639 2079.242630 973.671639
E 23 24 794.149988 716.414210 1000.599984 716.914210
E 24 25 1000.599984 716.914210 1000.599984 765.999988 1120.849982 765.999988
E 24 26 1000.599984 716.914210 1000.599984 618.768948 1120.849982 618.768948
E 25 29 1120.849982 765.999988 1120.849982 689.374217 1259.000000 689.374217
E 27 32 2369.134435 716.414210 2482.099959 716.414210 2482.099959 973.671639 2572.849958 973.671639
E 29 28 1259.000000 689.374217 1259.000000 594.783609 1498.467268 594.783609
E 30 31 2079.242630 973.671639 2200.030882 973.671639
E 31 34 2200.030882 973.671639 1756.099972 1030.000000
U 35 34 1710.575500 869.924500 1756.099972 1030.000000
E 36 37 315.734154 1257.969060 479.495357 1258.469060
E 37 39 479.495357 1258.469060 479.495357 1346.799978 724.617395 1346.799978
E 39 38 724.617395 1346.799978 921.499985 1346.799978
G 1060358077.json 17 16
V 114.929999 245.144999 150.000000 100.000000
V 114.929999 145.394999 28.375000 20.500000
V 324.929999 245.144999 150.000000 100.000000
V 938.389978 245.144999 40.000000 40.000000
V 1117.389978 559.894999 150.000000 100.000000
V 1116.889978 349.894999 137.000000 100.000000
V 1108.389978 109.894999 150.000000 100.000000
V 1108.389978 224.894999 28.375000 20.500000
V 1244.389978 349.894999 28.000000 28.000000
V 1317.202478 109.894999 137.000000 90.000000
V 1317.389978 224.644999 28.375000 20.500000
V 1444.702478 109.894999 28.000000 28.000000
V 1311.546228 559.894999 148.312500 110.000000
V 1504.514978 559.894999 148.312500 117.500000
V 1698.389978 559.894999 150.000000 100.000000
V 1832.389978 559.894999 28.000000 28.000000
V 574.124823 245.347939 150.000000 100.000000
U 0 1 114.929999 245.144999 113.892499 144.394999
E 0 2 114.929999 245.144999 324.929999 245.144999
E 2 16 324.929999 245.144999 574.124823 245.347939
E 3 4 938.889978 245.644999 938.889978 559.894999 1117.389978 559.894999
E 3 5 938.889978 245.644999 938.889978 349.894999 1116.889978 349.894999
E 3 6 938.889978 245.644999 938.889978 109.894999 1108.389978 109.894999
E 16 3 574.124823 245.347939 938.889978 245.644999
E 4 12 1117.389978 559.894999 1311.546228 559.894999
E 5 8 1116.889978 349.894999 1244.389978 349.894999
U 6 7 1108.389978 95.609284 1107.352478 223.894999
E 6 9 1108.389978 109.894999 1317.202478 109.894999
U 9 10 1317.202478 100.711325 1316.352478 223.644999
E 9 11 1317.202478 109.894999 1444.702478 109.894999
E 12 13 1311.546228 559.894999 1504.514978 559.894999
E 13 14 1504.514978 559.894999 1698.389978 559.894999
E 14 15 1698.389978 559.894999 1832.389978 559.894999
G 1060378605.json 16 15
V 365.000000 574.000000 100.000000 80.000000
V 596.000000 574.000000 100.000000 80.000000
V 480.000000 574.000000 30.000000 30.000000
V 700.924500 655.948500 51.849000 51.897000
V 365.000000 670.000000 100.000000 50.000000
V 410.000000 310.000000 100.000000 80.000000
V 685.000000 310.000000 100.000000 80.000000
V 210.000000 435.000000 30.000000 30.000000
V 525.000000 310.000000 30.000000 30.000000
V 839.000000 310.000000 28.000000 28.000000
V 410.000000 435.000000 51.849000 51.897000
V 525.000000 455.051500 100.000000 50.000000
V 690.924500 435.051500 51.849000 51.897000
V 820.000000 435.000000 100.000000 50.000000
V 583.000000 390.000000 100.000000 50.000000
V 365.000000 400.000000 100.000000 50.000000
E 0 2 365.000000 574.000000 480.000000 574.000000
U 0 4 365.000000 574.000000 316.000000 669.000000
E 7 0 210.000000 435.000000 292.500000 435.000000 292.500000 574.000000 365.000000 574.000000
E 2 1 480.000000 574.000000 596.000000 574.000000
U 3 1 700.924500 655.948500 596.000000 574.000000
E 7 5 210.000000 435.000000 292.500000 435.000000 292.500000 310.000000 410.000000 310.000000
E 5 8 410.000000 310.000000 525.000000 310.000000
U 10 5 410.000000 435.000000 410.000000 310.000000
E 8 6 525.000000 310.000000 685.000000 310.000000
E 6 9 685.000000 310.000000 839.000000 310.000000
U 12 6 690.924500 435.051500 685.000000 310.000000
U 8 14 525.000000 310.000000 534.000000 389.000000
U 10 11 410.000000 435.000000 476.000000 454.051500
U 10 15 410.000000 435.000000 316.000000 399.000000
U 12 13 690.924500 435.051500 771.000000 434.000000
G 1060715040.json 23 25
V 163.000000 502.099548 30.000000 30.000000
V 498.000000 502.099548 100.000000 80.000000
V 703.000000 502.099548 100.000000 80.000000
V 1184.500000 502.099548 133.000000 80.000000
V 988.000000 502.099548 100.000000 80.000000
V 1612.000000 502.099548 28.000000 28.000000
V 238.000000 502.099548 40.000000 40.000000
V 839.500000 855.000000 133.000000 80.000000
V 1290.000000 738.219191 100.000000 80.000000
V 498.000000 735.000000 100.000000 80.000000
V 703.000000 735.000000 40.000000 40.000000
V 1507.500000 738.219191 115.000000 80.000000
V 585.000000 735.000000 30.000000 30.000000
V 645.000000 735.000000 30.000000 30.000000
V 966.000000 855.000000 30.000000 30.000000
V 1185.000000 855.000000 30.000000 30.000000
V 1400.000000 738.219191 30.000000 30.000000
V 1612.000000 738.219191 30.000000 30.000000
V 1080.000000 502.099548 30.000000 30.000000
V 818.000000 435.000000 30.000000 30.000000
V 890.000000 435.000000 30.000000 30.000000
V 816.000000 502.149321 40.000000 40.000000
V 1290.000000 502.149321 30.000000 30.000000
E 0 6 163.000000 502.099548 238.500000 502.599548
E 6 1 238.500000 502.599548 498.000000 502.099548
E 1 9 498.000000 502.099548 498.000000 735.000000
E 10 2 703.500000 735.500000 703.000000 502.099548
E 2 21 703.000000 502.099548 816.500000 502.700467
E 15 3 1185.000000 855.000000 1184.500000 502.099548
E 18 3 1080.000000 502.099548 1184.500000 502.099548
E 3 22 1184.500000 502.099548 1290.000000 502.149321
E 4 18 988.000000 502.099548 1080.000000 502.099548
E 20 4 890.000000 435.000000 988.000000 435.000000 988.000000 502.099548
E 21 4 816.500000 502.649321 988.000000 502.099548
E 17 5 1612.000000 738.219191 1612.000000 502.099548
E 6 9 238.500000 502.599548 238.500000 735.000000 498.000000 735.000000
E 10 7 703.500000 753.484782 703.500000 855.000000 839.500000 855.000000
E 7 14 839.500000 855.000000 966.000000 855.000000
E 8 16 1290.000000 738.219191 1400.000000 738.219191
E 22 8 1290.000000 502.149321 1290.000000 738.219191
E 9 12 498.000000 735.000000 585.000000 735.000000
E 13 10 645.000000 735.000000 703.500000 735.500000
E 16 11 1400.000000 738.219191 1507.500000 738.219191
E 11 17 1507.500000 738.219191 1612.000000 738.219191
E 12 13 585.000000 735.000000 645.000000 735.000000
E 14 15 966.000000 855.000000 1185.000000 855.000000
E 19 20 818.000000 435.000000 890.000000 435.000000
E 21 19 816.500000 502.649321 818.000000 435.000000
G 1060796505.json 35 42
V 410.000000 275.382131 100.000000 80.000000
V 1168.704982 275.382131 100.000000 80.000000
V 2300.795496 275.382131 100.000000 80.000000
V 2975.000000 266.229278 100.000000 80.000000
V 260.795496 266.229278 30.000000 30.000000
V 410.000000 595.764261 100.000000 80.000000
V 1168.704982 595.764261 100.000000 80.000000
V 1367.409965 595.764261 100.000000 80.000000
V 1575.795496 595.764261 100.000000 80.000000
V 2300.795496 604.917113 100.000000 80.000000
V 2975.000000 604.917113 100.000000 80.000000
V 260.795496 595.764261 30.000000 30.000000
V 3168.120550 604.917113 28.000000 28.000000
V 445.795496 1100.000000 100.000000 80.000000
V 610.795496 1100.000000 40.000000 40.000000
V 745.795496 995.000000 100.000000 80.000000
V 745.795496 1100.000000 100.000000 80.000000
V 745.795496 1200.000000 100.000000 80.000000
V 875.795496 1100.000000 40.000000 40.000000
V 1015.795496 1100.000000 40.000000 40.000000
V 1150.795496 1005.000000 100.000000 80.000000
V 1360.795496 1100.000000 100.000000 80.000000
V 1575.795496 1100.000000 100.000000 80.000000
V 1720.795496 1100.000000 40.000000 40.000000
V 1825.795496 1005.000000 100.000000 80.000000
V 1940.795496 1100.000000 40.000000 40.000000
V 2160.795496 1100.000000 40.000000 40.000000
V 2300.795496 1185.000000 100.000000 80.000000
V 2515.795496 1100.000000 100.000000 80.000000
V 2740.795496 1100.000000 100.000000 80.000000
V 2890.795496 1100.000000 40.000000 40.000000
V 3010.795496 1185.000000 28.000000 28.000000
V 3120.000000 1025.000000 30.000000 30.000000
V 300.000000 1100.000000 30.000000 30.000000
V 2975.000000 1025.000000 100.000000 80.000000
E 0 1 421.000000 275.382131 1187.000000 275.382131
E 4 0 260.795496 266.229278 360.000000 266.229278
E 0 5 410.000000 314.382131 410.000000 556.764261
E 6 1 1168.704982 556.764261 1168.704982 303.383276
E 2 3 2349.795496 275.382131 2942.000000 274.882131
E 2 9 2300.795496 314.382131 2300.795496 565.917113
E 10 3 2975.000000 565.917113 2975.000000 305.229278
E 11 5 260.795496 595.764261 361.000000 595.764261
E 5 13 410.000000 634.764261 413.371286 1140.000000
E 6 7 1189.000000 598.655204 1343.000000 598.655204
E 20 6 1158.835106 983.509230 1158.835106 618.948299
E 7 8 1416.409965 595.764261 1547.000000 595.764261
E 21 7 1360.795496 1061.000000 1360.795496 626.764261
E 9 10 2349.636703 604.417113 2948.000000 604.417113
E 9 27 2300.795496 643.917113 2300.795496 1146.000000
E 10 12 2962.000000 609.136477 3161.000000 609.136477
E 34 10 2975.000000 986.000000 2975.000000 643.917113
E 13 14 445.795496 1100.000000 611.295496 1100.500000
E 27 13 2300.795496 1146.000000 2300.795496 1305.000000 445.795496 1305.000000 445.795496 1139.000000
E 33 13 300.000000 1100.000000 445.795496 1100.000000
E 14 15 611.295496 1100.500000 611.295496 995.000000 745.795496 995.000000
E 14 16 611.295496 1100.500000 745.795496 1100.000000
E 14 17 611.295496 1100.500000 611.295496 1200.000000 745.795496 1200.000000
E 15 18 745.795496 995.000000 876.295496 995.000000 876.295496 1100.500000
E 16 18 745.795496 1100.000000 876.295496 1100.500000
E 17 18 745.795496 1200.000000 876.295496 1200.000000 876.295496 1100.500000
E 18 19 876.295496 1100.500000 1016.295496 1100.500000
E 19 20 1016.295496 1100.500000 1016.295496 1005.000000 1150.795496 1005.000000
E 19 21 1016.295496 1100.500000 1360.795496 1100.000000
E 21 22 1360.795496 1100.000000 1575.795496 1100.000000
E 22 23 1575.795496 1100.000000 1721.295496 1100.500000
E 23 24 1721.295496 1100.500000 1721.295496 1005.000000 1825.795496 1005.000000
E 23 25 1721.295496 1100.500000 1941.295496 1100.500000
E 24 25 1825.795496 1005.000000 1941.295496 1005.000000 1941.295496 1100.500000
E 25 26 1940.795496 1100.000000 2160.795496 1100.000000
E 26 27 2161.295496 1100.500000 2161.295496 1185.000000 2300.795496 1185.000000
E 26 28 2161.295496 1100.500000 2515.795496 1100.000000
E 28 29 2515.795496 1100.000000 2740.795496 1100.000000
E 29 30 2740.795496 1100.000000 2891.295496 1100.500000
E 30 31 2891.295496 1100.500000 2891.295496 1185.000000 3010.795496 1185.000000
E 30 34 2891.295496 1100.500000 2891.295496 1025.000000 2975.000000 1025.000000
E 34 32 2975.000000 1025.000000 3120.000000 1025.000000
G 106084705.json 16 17
V 106.000000 135.000000 30.000000 30.000000
V 215.000000 134.000000 100.000000 80.000000
V 440.000000 134.000000 100.000000 80.000000
V 1055.000000 175.000000 100.000000 80.000000
V 1265.000000 175.000000 100.000000 80.000000
V 1364.000000 175.000000 28.000000 28.000000
V 215.000000 340.000000 100.000000 80.000000
V 335.000000 340.000000 40.000000 40.000000
V 440.000000 340.000000 100.000000 80.000000
V 560.000000 340.000000 40.000000 40.000000
V 680.000000 340.000000 100.000000 80.000000
V 830.000000 340.000000 100.000000 80.000000
V 950.000000 340.000000 40.000000 40.000000
V 1055.000000 340.000000 100.000000 80.000000
V 1160.000000 340.000000 40.000000 40.000000
V 1265.000000 340.000000 100.000000 80.000000
E 0 1 106.000000 135.000000 165.000000 134.000000
E 1 6 215.000000 174.000000 215.000000 300.000000
E 7 2 335.000000 340.000000 335.500000 134.000000 390.000000 134.000000
E 2 9 490.000000 134.000000 560.500000 134.000000 560.000000 340.000000
E 12 3 950.000000 340.000000 950.500000 175.000000 1005.000000 175.000000
E 3 14 1105.000000 175.000000 1160.500000 175.000000 1160.000000 340.000000
E 4 5 1315.000000 175.000000 1364.000000 175.000000
E 15 4 1265.000000 300.000000 1265.000000 215.000000
E 6 7 265.000000 340.000000 335.000000 340.000000
E 7 8 335.000000 340.000000 390.000000 340.000000
E 8 9 490.000000 340.000000 560.000000 340.000000
E 9 10 560.000000 340.000000 630.000000 340.000000
E 10 11 730.000000 340.000000 780.000000 340.000000
E 11 12 880.000000 340.000000 950.000000 340.000000
E 12 13 950.000000 340.000000 1005.000000 340.000000
E 13 14 1105.000000 340.000000 1160.000000 340.000000
E 14 15 1160.000000 340.000000 1215.000000 340.000000
G 1060852109.json 16 15
V 204.307661 153.461413 88.000000 97.000000
V 100.000000 297.908431 30.000000 30.000000
V 204.307661 297.908431 100.000000 80.000000
V 319.307661 297.908431 40.000000 40.000000
V 540.807661 148.432942 153.000000 112.000000
V 600.807661 297.908431 153.000000 80.000000
V 795.000000 297.908431 30.000000 30.000000
V 949.999500 297.908431 100.000000 80.000000
V 874.307661 148.432942 28.000000 28.000000
V 734.307661 148.432942 100.000000 80.000000
V 950.000000 439.000000 62.001000 60.173000
V 1115.000000 297.908431 100.000000 80.000000
V 1295.000000 297.908431 100.000000 80.000000
V 1425.413177 297.908431 30.000000 30.000000
V 1499.413177 297.908431 28.000000 28.000000
V 1425.913177 701.280368 63.875000 57.946000
E 0 2 204.307661 153.461413 204.307661 297.908431
E 1 2 110.862440 297.908431 204.307661 297.908431
E 2 3 204.307661 297.908431 319.807661 298.408431
E 3 4 319.807661 298.408431 319.807661 148.432942 540.807661 148.432942
E 3 5 319.807661 298.408431 600.807661 297.908431
E 4 9 616.307661 148.432942 734.307661 148.432942
E 5 6 600.807661 297.908431 795.000000 297.908431
E 6 7 795.000000 297.908431 949.999500 297.908431
U 10 7 949.575000 438.838000 949.999500 297.908431
E 7 11 949.999500 297.908431 1115.000000 297.908431
E 9 8 734.307661 148.432942 874.307661 148.432942
E 11 12 1115.000000 297.908431 1295.000000 297.908431
E 12 13 1295.000000 297.908431 1425.413177 297.908431
E 13 14 1425.413177 297.908431 1499.413177 297.908431
U 15 13 1425.913177 701.280368 1425.413177 297.908431
G 1060873887.json 27 31
V 200.000000 140.000000 100.000000 80.000000
V 90.000000 140.000000 30.000000 30.000000
V 315.000000 140.000000 40.000000 40.000000
V 1440.000000 70.000000 28.000000 28.000000
V 440.000000 70.000000 100.000000 80.000000
V 440.000000 190.000000 100.000000 80.000000
V 555.000000 190.000000 30.000000 30.000000
V 630.000000 190.000000 30.000000 30.000000
V 740.000000 190.000000 100.000000 80.000000
V 855.000000 190.000000 30.000000 30.000000
V 930.000000 190.000000 30.000000 30.000000
V 1040.000000 190.000000 100.000000 80.000000
V 1155.000000 190.000000 30.000000 30.000000
V 1230.000000 190.000000 30.000000 30.000000
V 1340.000000 190.000000 100.000000 80.000000
V 1440.000000 190.000000 30.000000 30.000000
V 125.000000 410.000000 30.000000 30.000000
V 235.000000 410.000000 100.000000 80.000000
V 350.000000 410.000000 30.000000 30.000000
V 420.000000 410.000000 30.000000 30.000000
V 530.000000 410.000000 100.000000 80.000000
V 125.000000 641.000000 30.000000 30.000000
V 235.000000 641.000000 100.000000 80.000000
V 350.000000 641.000000 30.000000 30.000000
V 235.000000 871.000000 100.000000 80.000000
V 125.000000 871.000000 30.000000 30.000000
V 350.000000 871.000000 30.000000 30.000000
E 1 0 90.000000 140.000000 200.000000 140.000000
E 0 2 200.000000 140.000000 315.500000 140.500000
E 2 4 315.500000 140.500000 315.500000 70.000000 440.000000 70.000000
E 2 5 315.500000 140.500000 366.000000 140.500000 366.000000 190.000000 440.000000 190.000000
E 4 3 440.000000 70.000000 1440.000000 70.000000
E 20 3 530.000000 410.000000 1476.000000 410.000000 1476.000000 127.000000 1389.000000 127.000000 1389.000000 70.000000 1440.000000 70.000000
E 5 6 440.000000 190.000000 555.000000 190.000000
E 6 7 555.000000 190.000000 630.000000 190.000000
E 6 16 555.000000 190.000000 516.000000 212.000000 516.000000 242.000000 125.000000 242.000000 125.000000 410.000000
E 7 8 630.000000 190.000000 740.000000 190.000000
E 18 7 350.000000 410.000000 350.000000 252.000000 593.000000 252.000000 593.000000 212.000000 630.000000 190.000000
E 8 9 740.000000 190.000000 855.000000 190.000000
E 9 10 855.000000 190.000000 930.000000 190.000000
E 9 21 855.000000 190.000000 809.000000 216.000000 809.000000 564.000000 125.000000 564.000000 125.000000 641.000000
E 10 11 930.000000 190.000000 1040.000000 190.000000
E 23 10 350.000000 641.000000 350.000000 587.000000 975.000000 587.000000 975.000000 209.000000 930.000000 190.000000
E 11 12 1040.000000 190.000000 1155.000000 190.000000
E 12 13 1155.000000 190.000000 1230.000000 190.000000
E 12 25 1155.000000 190.000000 1119.000000 217.000000 1119.000000 773.000000 125.000000 773.000000 125.000000 871.000000
E 13 14 1230.000000 190.000000 1340.000000 190.000000
E 26 13 350.000000 871.000000 350.000000 785.000000 1281.000000 785.000000 1281.000000 215.000000 1230.000000 190.000000
E 14 15 1340.000000 190.000000 1440.000000 190.000000
E 15 19 1440.000000 190.000000 1398.000000 208.000000 1398.000000 314.000000 420.000000 314.000000 420.000000 410.000000
E 16 17 125.000000 410.000000 235.000000 410.000000
E 17 18 235.000000 410.000000 350.000000 410.000000
E 18 19 350.000000 410.000000 420.000000 410.000000
E 19 20 420.000000 410.000000 530.000000 410.000000
E 21 22 125.000000 641.000000 235.000000 641.000000
E 22 23 235.000000 641.000000 350.000000 641.000000
E 25 24 125.000000 871.000000 235.000000 871.000000
E 24 26 235.000000 871.000000 350.000000 871.000000
G 1061245591.json 24 28
V 120.000000 120.000000 30.000000 30.000000
V 215.000000 120.000000 100.000000 80.000000
V 800.000000 120.000000 40.000000 40.000000
V 930.000000 120.000000 100.000000 80.000000
V 800.000000 197.000000 28.000000 28.000000
V 645.000000 120.000000 30.000000 30.000000
V 305.000000 120.000000 30.000000 30.000000
V 930.000000 197.000000 30.000000 30.000000
V 710.000000 120.199333 40.000000 40.000000
V 1230.000000 235.000000 40.000000 40.000000
V 1230.000000 625.000000 100.000000 80.000000
V 1395.000000 625.000000 100.000000 80.000000
V 1484.000000 625.000000 28.000000 28.000000
V 1025.000000 349.000000 100.000000 80.000000
V 800.000000 349.317218 40.000000 40.000000
V 930.000000 349.000000 30.000000 30.000000
V 305.000000 349.000000 30.000000 30.000000
V 645.000000 349.317218 30.000000 30.000000
V 395.000000 349.000000 100.000000 80.000000
V 530.000000 349.000000 100.000000 80.000000
V 800.000000 290.000000 30.000000 30.000000
V 710.000000 349.000000 40.000000 40.000000
V 1230.000000 349.000000 40.000000 40.000000
V 1230.000000 476.999556 100.000000 80.000000
E 0 1 120.000000 120.000000 215.000000 120.000000
E 1 6 215.000000 120.000000 305.000000 120.000000
E 2 3 800.500000 120.500000 930.000000 120.000000
E 2 4 800.500000 120.500000 800.000000 197.000000
E 8 2 710.000000 120.199333 800.500000 120.500000
E 3 7 930.000000 120.000000 930.000000 197.000000
E 20 4 800.000000 290.000000 800.000000 197.000000
E 6 5 305.000000 120.000000 645.000000 120.000000
E 5 8 645.000000 120.000000 710.000000 120.199333
E 17 5 645.000000 349.317218 645.000000 120.000000
E 6 16 305.000000 120.000000 305.000000 349.000000
E 7 15 930.000000 197.000000 930.000000 349.000000
E 8 9 710.500000 120.699333 710.500000 47.000000 1230.500000 47.000000 1230.500000 235.500000
E 21 9 710.500000 349.500000 710.500000 235.500000 1230.500000 235.500000
E 9 22 1231.025124 235.663874 1230.500000 349.500000
E 10 11 1230.000000 625.000000 1395.000000 625.000000
E 23 10 1229.000000 476.999556 1229.000000 604.542969
E 11 12 1395.000000 625.000000 1484.000000 625.000000
E 15 13 930.000000 349.000000 1025.000000 349.000000
E 13 22 1025.000000 349.000000 1230.500000 349.500000
E 14 15 800.000000 349.817218 930.000000 349.000000
E 14 20 800.500000 349.817218 800.000000 290.000000
E 21 14 710.000000 349.000000 800.500000 349.817218
E 16 18 305.000000 349.000000 395.000000 349.000000
E 19 17 530.000000 349.000000 645.000000 349.317218
E 17 21 645.000000 349.317218 710.500000 349.500000
E 18 19 395.000000 349.000000 530.000000 349.000000
E 22 23 1230.500000 349.500000 1230.000000 476.999556
G 106213502.json 24 26
V 1310.000000 400.000000 100.000000 80.000000
V 1435.000000 188.500000 200.000000 107.000000
V 1010.000000 400.000000 100.000000 80.000000
V 720.000000 400.000000 100.000000 80.000000
V 1580.000000 400.000000 100.000000 80.000000
V 2405.000000 415.000000 100.000000 80.000000
V 2615.000000 415.000000 100.000000 80.000000
V 2090.000000 400.000000 100.000000 80.000000
V 480.000000 758.500000 150.000000 107.000000
V 670.500000 758.500000 175.000000 107.000000
V 479.500000 1146.000000 125.000000 80.000000
V 670.500000 1145.500000 162.000000 131.000000
V 670.500000 1343.500000 162.000000 107.000000
V 1010.000000 1510.000000 100.000000 80.000000
V 2465.000000 550.000000 100.000000 80.000000
V 1310.000000 954.000000 100.000000 80.000000
V 1697.500000 850.000000 125.000000 80.000000
V 2090.000000 639.000000 100.000000 50.000000
V 1698.000000 1146.000000 100.000000 80.000000
V 2090.000000 574.000000 40.000000 40.000000
V 2225.000000 574.000000 100.000000 80.000000
V 1940.000000 574.000000 100.000000 80.000000
V 2090.000000 759.000000 100.000000 80.000000
V 1580.000000 1491.500000 200.000000 107.000000
E 1 0 1435.000000 188.500000 1310.000000 188.500000 1310.000000 400.000000
E 0 15 1310.000000 400.000000 1310.000000 954.000000
E 1 2 1435.000000 188.500000 1010.000000 188.500000 1010.000000 400.000000
E 1 3 1533.000000 188.500000 720.000000 188.500000 720.000000 361.000000
E 1 4 1435.000000 188.500000 1580.000000 267.000000 1580.000000 400.000000
E 1 5 1435.000000 188.500000 2168.000000 188.500000 2405.000000 304.000000 2405.000000 415.000000
E 1 6 1435.000000 188.500000 2615.000000 188.500000 2615.000000 415.000000
E 1 7 1435.000000 188.500000 1787.500000 188.500000 2090.000000 303.000000 2090.000000 400.000000
E 2 13 1010.000000 400.000000 1010.000000 1510.000000
E 3 8 720.000000 400.000000 480.000000 400.000000 480.000000 758.500000
E 3 9 726.000000 421.000000 726.000000 554.000000 670.500000 554.000000 670.500000 758.500000
E 4 23 1580.000000 400.000000 1580.000000 1491.500000
E 5 14 2405.000000 415.000000 2465.000000 415.000000 2465.000000 550.000000
E 7 16 2090.000000 400.000000 1697.500000 539.000000 1697.500000 850.000000
E 7 19 2090.000000 400.000000 2090.500000 574.500000
E 8 10 480.000000 758.500000 479.500000 1146.000000
E 9 11 670.500000 758.500000 670.500000 1145.500000
E 10 13 479.500000 1146.000000 479.500000 1510.000000 1010.000000 1510.000000
E 11 12 670.500000 1145.500000 670.500000 1343.500000
E 12 13 670.500000 1343.500000 1010.000000 1343.500000 1010.000000 1510.000000
E 15 13 1310.000000 954.000000 1310.000000 1510.000000 1010.000000 1510.000000
E 16 18 1697.500000 850.000000 1698.000000 1146.000000
U 17 19 2041.000000 638.000000 2090.500000 574.500000
E 19 20 2090.500000 574.500000 2225.000000 574.000000
E 19 21 2090.500000 574.500000 1940.000000 574.000000
E 21 22 1940.000000 574.000000 2015.000000 699.000000 2090.000000 759.000000
G 1062329509.json 39 44
V 1115.000000 79.145414 40.000000 40.000000
V 983.863077 80.880485 100.000000 80.000000
V 1199.000000 79.145414 28.000000 28.000000
V 245.000000 310.651449 100.000000 67.000000
V 135.000000 311.151449 30.000000 30.000000
V 983.863077 311.151449 30.000000 30.000000
V 1115.000000 311.151449 100.000000 80.000000
V 1744.532851 311.151449 30.000000 30.000000
V 195.000000 1050.000000 30.000000 30.000000
V 497.500000 1050.000000 125.000000 80.000000
V 857.500000 1075.000000 125.000000 80.000000
V 1001.863077 977.543250 59.000000 65.086500
V 305.457720 1050.000000 100.000000 80.000000
V 1115.000000 1075.000000 100.000000 80.000000
V 703.457720 1375.000000 100.000000 80.000000
V 305.457720 1270.000000 40.000000 40.000000
V 390.457720 1270.000000 40.000000 40.000000
V 983.863077 495.663099 125.000000 80.000000
V 1115.000000 495.663099 100.000000 80.000000
V 1744.532851 495.663099 125.000000 80.000000
V 195.000000 495.663099 100.000000 80.000000
V 498.000000 826.490629 125.000000 80.000000
V 858.000000 826.490629 100.000000 80.000000
V 703.457720 832.119826 100.000000 80.000000
V 983.863077 826.490629 30.000000 30.000000
V 1115.000000 826.490629 100.000000 80.000000
V 1265.000000 832.119826 100.000000 80.000000
V 195.000000 826.490629 100.000000 80.000000
V 703.457720 660.663099 40.000000 40.000000
V 1115.000000 661.048737 30.000000 30.000000
V 1340.000000 617.048737 40.000000 40.000000
V 1475.000000 617.048737 100.000000 80.000000
V 1475.000000 700.000000 100.000000 80.000000
V 1625.000000 660.663099 40.000000 40.000000
V 1744.532851 661.048737 100.000000 80.000000
V 1848.761526 661.048737 28.000000 28.000000
V 1859.500000 737.543250 89.000000 65.086500
V 195.000000 661.048737 30.000000 30.000000
V 1625.000000 738.000000 62.001000 60.173000
E 1 0 983.863077 80.880485 1097.721594 80.880485
E 0 2 1103.721594 79.145414 1199.000000 79.145414
E 0 6 1114.721594 94.000000 1115.000000 272.151449
E 5 1 983.863077 311.151449 983.863077 80.880485
E 4 3 135.000000 311.151449 196.000000 310.651449
E 3 5 245.000000 310.651449 983.863077 311.151449
E 3 20 245.000000 343.151449 245.000000 399.907274 195.000000 399.907274 195.000000 456.663099
E 5 6 983.863077 311.151449 1115.000000 311.151449
E 17 5 982.784231 472.000000 982.784231 390.907274 983.863077 390.907274 983.863077 311.151449
E 6 7 1115.000000 311.151449 1744.532851 311.151449
E 6 18 1115.000000 350.151449 1115.000000 473.261719
E 19 7 1745.116787 471.000000 1745.000000 321.151449
E 8 12 195.000000 1050.000000 256.457720 1050.000000
E 27 8 195.000000 865.490629 197.000000 1036.000000
E 16 9 390.957720 1270.500000 390.957720 1050.000000 497.500000 1050.000000
E 9 21 497.500000 1011.000000 498.000000 865.490629
E 16 10 390.957720 1270.500000 858.709887 1270.500000 857.500000 1114.000000
E 10 22 857.500000 1036.000000 858.000000 865.490629
E 11 13 1001.863077 977.543250 1090.000000 977.543250 1090.000000 1036.000000
E 12 15 305.457720 1050.000000 305.457720 1270.000000
E 25 13 1115.000000 865.490629 1115.000000 1036.000000
E 13 26 1164.000000 1075.000000 1265.000000 1075.000000 1265.000000 871.119826
E 14 15 703.457720 1375.000000 703.457720 1453.000000 218.000000 1453.000000 218.000000 1270.500000 305.957720 1270.500000
E 23 14 703.457720 871.119826 703.457720 1336.000000
E 15 16 305.957720 1270.500000 390.457720 1270.000000
E 24 17 986.000000 812.119826 983.863077 534.663099
E 18 29 1115.000000 534.663099 1115.000000 661.048737
E 34 19 1744.532851 661.048737 1744.532851 495.663099
E 20 37 195.000000 495.663099 195.000000 661.048737
E 21 28 498.000000 826.490629 634.915441 826.490629 634.915441 661.560570 693.457720 661.560570
E 22 24 858.000000 826.490629 983.863077 826.490629
E 28 22 719.457720 664.663099 858.000000 664.663099 858.000000 787.490629
E 28 23 703.542280 676.614362 703.457720 793.119826
E 29 25 1113.721594 674.046875 1115.000000 787.490629
E 26 30 1265.000000 793.119826 1265.000000 618.385638 1321.000000 618.385638
E 37 27 195.000000 661.048737 195.000000 826.490629
E 30 31 1340.500000 617.548737 1475.000000 617.048737
E 30 32 1340.500000 617.548737 1340.500000 700.000000 1475.000000 700.000000
E 31 33 1475.000000 617.048737 1625.000000 617.048737 1625.000000 660.663099
E 31 38 1524.000000 637.048737 1566.000000 637.048737 1566.000000 721.000000 1595.000000 721.000000
E 32 33 1475.000000 700.000000 1625.000000 700.000000 1625.000000 660.663099
E 33 34 1625.500000 661.163099 1744.532851 661.048737
E 34 35 1744.532851 661.048737 1848.761526 661.048737
E 34 36 1769.532851 700.048737 1769.532851 734.947381 1845.866882 734.947381
G 1062366166.json 27 27
V 120.000000 341.000000 30.000000 30.000000
V 245.000000 341.000000 40.000000 40.000000
V 397.000000 239.790007 100.000000 80.000000
V 592.000000 239.790007 100.000000 80.000000
V 731.000000 239.790007 30.000000 30.000000
V 397.000000 495.000000 100.000000 80.000000
V 592.000000 495.000000 100.000000 80.000000
V 690.000000 520.114468 30.000000 30.000000
V 882.306975 402.364727 183.386050 101.961499
V 882.613950 495.000000 30.000000 30.000000
V 489.229972 401.972427 100.000000 63.176899
V 120.000000 1346.997927 30.000000 30.000000
V 253.052549 1346.978677 116.105099 101.961499
V 366.383978 1346.997927 30.000000 30.000000
V 729.000000 730.000000 30.000000 30.000000
V 839.000000 730.000000 100.000000 80.000000
V 954.000000 730.000000 40.000000 40.000000
V 1112.075061 792.775039 28.000000 28.000000
V 1112.075061 679.020031 100.000000 80.000000
V 1243.843922 679.020031 28.000000 28.000000
V 278.537983 907.575448 30.000000 30.000000
V 278.537983 981.305939 30.000000 30.000000
V 397.000000 936.382941 28.000000 28.000000
V 168.730490 1919.035393 30.000000 30.000000
V 305.057234 1919.532791 152.653487 120.994797
V 454.229972 1919.035393 30.000000 30.000000
V 542.075966 1749.958390 30.000000 30.000000
E 0 1 120.000000 341.000000 245.500000 341.500000
E 1 2 245.500000 341.500000 245.500000 319.790007 397.000000 239.790007
E 1 5 245.500000 341.500000 245.500000 495.000000 397.000000 495.000000
E 2 3 397.000000 239.790007 592.000000 239.790007
E 3 4 592.000000 239.790007 731.000000 239.790007
E 4 14 730.000000 239.790007 730.000000 730.000000
E 5 6 397.000000 495.000000 592.000000 495.000000
U 5 10 397.000000 495.000000 440.229972 400.708889
E 6 7 592.000000 495.000000 690.000000 520.114468
E 6 8 592.000000 495.000000 716.306975 495.000000 716.306975 402.364727 882.306975 402.364727
E 7 11 705.000000 520.397502 705.000000 585.114456 120.000000 585.114456 120.000000 1346.997927
E 7 20 690.000000 529.095744 690.000000 585.114467 278.537983 585.114467 278.537983 907.575448
E 8 9 882.306975 402.364727 882.613950 495.000000
E 9 26 882.613950 495.000000 882.613950 598.816920 542.075966 598.816920 542.075966 1749.958390
E 11 12 120.000000 1346.997927 253.052549 1346.978677
E 12 13 253.052549 1346.978677 366.383978 1346.997927
E 13 23 366.383978 1346.997927 366.383978 1663.217464 168.730490 1663.217464 168.730490 1919.035393
E 14 15 729.000000 730.000000 839.000000 730.000000
E 15 16 839.000000 730.000000 954.500000 730.500000
E 16 17 954.500000 730.500000 954.500000 792.775039 1112.075061 792.775039
E 16 18 954.500000 730.500000 954.500000 679.020031 1112.075061 679.020031
E 18 19 1112.075061 679.020031 1243.843922 679.020031
E 20 22 278.537983 907.575448 338.268992 907.575448 338.268992 936.382941 397.000000 936.382941
E 21 22 278.537983 981.305939 338.268992 981.305939 338.268992 936.382941 397.000000 936.382941
E 25 21 454.229972 1919.035393 454.229972 1166.887638 278.537983 1166.887638 278.537983 981.305939
E 23 24 168.730490 1919.035393 305.057234 1919.532791
E 24 25 305.057234 1919.532791 454.229972 1919.035393
G 1062740929.json 26 32
V 183.333334 318.000000 100.000000 80.000000
V 88.333334 318.000000 30.000000 30.000000
V 333.333334 318.000000 30.000000 30.000000
V 677.333334 318.000000 40.000000 40.000000
V 844.833334 166.500000 120.000000 80.000000
V 844.833334 318.000000 133.000000 83.000000
V 1826.569780 318.500000 100.000000 80.000000
V 1083.333334 318.500000 100.000000 80.000000
V 1288.719992 409.492828 100.000000 80.000000
V 1198.333334 318.500000 40.000000 40.000000
V 466.666676 318.500000 40.000000 40.000000
V 971.833334 318.000000 40.000000 40.000000
V 1466.666696 318.500000 100.000000 80.000000
V 1366.666695 318.500000 40.000000 40.000000
V 1581.666696 318.000000 40.000000 40.000000
V 564.833334 318.500000 100.000000 80.000000
V 1935.569780 318.500000 28.000000 28.000000
V 1702.820087 318.500000 40.000000 40.000000
V 1755.303081 806.046855 100.000000 80.000000
V 183.333334 727.000000 30.000000 30.000000
V 333.333334 727.000000 100.000000 80.000000
V 1531.023919 727.000000 100.000000 80.000000
V 1393.884339 727.000000 30.000000 30.000000
V 1646.023919 727.000000 40.000000 40.000000
V 1846.569780 727.000000 40.000000 40.000000
V 1925.569780 727.000000 28.000000 28.000000
E 1 0 88.333334 318.000000 183.333334 318.000000
E 0 2 183.333334 318.000000 333.333334 318.000000
E 0 19 183.333334 318.000000 183.333334 727.000000
E 2 10 333.333334 318.000000 466.666676 318.500000
E 20 2 334.000000 727.000000 334.000000 318.000000
E 3 4 677.333334 318.000000 677.333334 166.500000 844.833334 166.500000
E 3 5 677.333334 318.000000 844.833334 318.000000
E 15 3 564.833334 318.500000 677.333334 318.000000
E 3 17 677.833334 318.500000 677.833334 476.000000 1702.820087 476.000000 1702.820087 319.000000
E 4 11 844.833334 166.500000 971.833334 166.500000 971.833334 318.000000
E 5 11 844.833334 318.000000 972.333334 318.500000
E 6 16 1826.569780 318.500000 1935.569780 318.500000
E 17 6 1703.320087 319.000000 1826.569780 318.500000
E 6 22 1826.569780 318.500000 1826.569780 527.000000 1393.884339 527.000000 1393.884339 727.000000
E 7 9 1083.333334 318.500000 1198.333334 318.500000
E 11 7 972.333334 318.500000 1083.333334 318.500000
E 9 8 1198.833334 319.000000 1198.833334 409.492828 1288.719992 409.492828
E 8 13 1288.719992 409.492828 1367.166695 409.492828 1367.166695 319.000000
E 9 13 1198.833334 319.000000 1366.666695 318.500000
E 14 10 1582.166696 318.500000 1582.166696 95.000000 466.666676 95.000000 466.666676 319.000000
E 10 15 467.166676 319.000000 564.833334 318.500000
E 13 12 1367.166695 319.000000 1466.666696 318.500000
E 12 14 1466.666696 318.500000 1582.166696 318.500000
E 14 17 1582.166696 318.500000 1703.320087 319.000000
E 23 18 1646.523919 727.500000 1646.523919 806.046855 1755.303081 806.046855
E 18 24 1755.303081 806.046855 1847.069780 806.046855 1847.069780 727.500000
E 19 20 183.333334 727.000000 333.333334 727.000000
E 20 22 333.333334 727.000000 1393.884339 727.000000
E 22 21 1393.884339 727.000000 1531.023919 727.000000
E 21 23 1531.023919 727.000000 1646.523919 727.500000
E 23 24 1646.523919 727.500000 1846.569780 727.000000
E 24 25 1847.069780 727.500000 1925.569780 727.000000
G 1062864348.json 37 38
V 15.000000 295.000000 30.000000 30.000000
V 110.000000 295.000000 100.000000 80.000000
V 215.000000 295.000000 40.000000 40.000000
V 330.000000 90.000000 30.000000 30.000000
V 330.000000 295.000000 30.000000 30.000000
V 455.000000 90.000000 100.000000 55.000000
V 455.000000 295.000000 100.000000 80.000000
V 620.000000 295.000000 40.000000 40.000000
V 750.000000 235.000000 30.000000 30.000000
V 765.000000 340.000000 30.000000 30.000000
V 900.000000 339.000000 28.000000 28.000000
V 900.000000 235.000000 30.000000 30.000000
V 1155.000000 235.000000 100.000000 80.000000
V 1155.000000 339.000000 40.000000 40.000000
V 1245.000000 385.000000 30.000000 30.000000
V 1050.000000 385.000000 30.000000 30.000000
V 1245.000000 475.000000 30.000000 30.000000
V 1245.000000 558.000000 100.000000 46.000000
V 1050.000000 453.000000 100.000000 46.000000
V 1050.000000 545.000000 100.000000 80.000000
V 1050.000000 635.000000 40.000000 40.000000
V 975.000000 675.000000 30.000000 30.000000
V 1155.000000 675.000000 30.000000 30.000000
V 975.000000 747.500000 116.000000 55.000000
V 1050.000000 90.500000 30.000000 30.000000
V 590.000000 90.500000 40.000000 40.000000
V 690.000000 135.000000 30.000000 30.000000
V 690.000000 60.500000 30.000000 30.000000
V 822.000000 60.500000 100.000000 55.000000
V 822.000000 135.000000 116.000000 55.000000
V 750.000000 885.000000 100.000000 46.000000
V 860.000000 945.000000 28.000000 28.000000
V 860.000000 885.000000 30.000000 30.000000
V 1050.000000 810.000000 30.000000 30.000000
V 1050.000000 885.000000 40.000000 40.000000
V 944.000000 885.000000 30.000000 30.000000
V 944.000000 945.000000 30.000000 30.000000
E 0 1 15.000000 295.000000 61.000000 295.000000
E 1 2 159.000000 295.000000 201.000000 295.000000
E 24 1 1050.000000 91.000000 1131.000000 91.000000 1131.000000 16.000000 110.000000 16.000000 110.000000 256.000000
E 2 3 215.500000 295.500000 215.500000 90.000000 330.000000 90.000000
E 2 4 215.500000 295.500000 330.000000 295.000000
E 3 5 330.000000 90.000000 455.000000 90.000000
E 4 6 330.000000 295.000000 455.000000 295.000000
E 5 25 504.000000 90.000000 573.000000 90.000000
E 6 7 504.000000 295.000000 601.000000 295.000000
E 7 8 620.500000 295.500000 620.500000 235.000000 750.000000 235.000000
E 7 9 620.500000 295.500000 620.500000 340.000000 765.000000 340.000000
E 8 11 750.000000 235.000000 900.000000 235.000000
E 9 10 765.000000 340.000000 900.000000 339.000000
E 11 12 900.000000 235.000000 1106.000000 235.000000
E 17 11 1294.000000 558.000000 1413.000000 558.000000 1413.000000 190.000000 897.000000 190.000000 897.000000 221.000000
E 12 13 1155.000000 274.000000 1155.000000 321.000000
E 13 14 1173.000000 340.000000 1247.000000 340.000000 1247.000000 375.000000
E 13 15 1136.000000 340.000000 1050.000000 340.000000 1050.000000 385.000000
E 14 16 1245.000000 385.000000 1245.000000 465.000000
E 15 18 1050.000000 385.000000 1050.000000 431.000000
E 16 17 1246.000000 488.000000 1245.000000 536.000000
E 18 19 1050.000000 475.000000 1050.000000 506.000000
E 19 20 1050.000000 584.000000 1050.500000 635.500000
E 20 21 1050.500000 635.500000 975.000000 635.500000 975.000000 675.000000
E 20 22 1050.500000 635.500000 1152.000000 635.500000 1152.000000 663.000000
E 21 23 975.000000 675.000000 975.000000 721.000000
E 22 33 1155.000000 688.000000 1155.000000 810.000000 1064.000000 810.000000
E 23 33 975.000000 774.000000 975.000000 810.000000 1050.000000 810.000000
E 28 24 871.000000 60.500000 953.500000 60.500000 953.500000 90.500000 1050.000000 90.500000
E 25 26 589.000000 108.718750 589.000000 135.000000 690.000000 135.000000
E 26 29 700.000000 136.000000 765.000000 135.000000
E 27 28 701.000000 60.000000 773.000000 60.500000
E 32 30 860.000000 885.000000 799.000000 885.000000
E 36 31 944.000000 945.000000 860.000000 945.000000
E 35 32 944.000000 885.000000 869.000000 885.000000
E 33 34 1050.000000 810.000000 1050.000000 872.000000
E 34 35 1032.000000 884.000000 954.000000 884.000000
E 34 36 1052.000000 901.000000 1052.000000 951.000000 958.399080 951.000000
G 1063000783.json 23 24
V 165.000000 200.169275 30.000000 30.000000
V 415.307009 200.169275 40.000000 40.000000
V 533.153011 127.846002 100.000000 80.000000
V 725.000000 200.169275 160.000000 80.000000
V 949.302370 200.169275 139.530701 80.000000
V 289.380356 200.169275 139.530701 80.000000
V 245.000000 675.281690 160.000000 80.000000
V 443.110859 675.281690 139.530701 80.000000
V 751.000000 675.281690 40.000000 40.000000
V 884.537020 675.281690 100.000000 80.000000
V 1068.267523 675.281690 160.000000 80.000000
V 618.802863 675.281690 139.530701 80.000000
V 207.500000 450.453770 115.000000 80.000000
V 357.500000 450.453770 115.000000 80.000000
V 470.000000 450.453770 40.000000 40.000000
V 575.000000 396.044097 100.000000 80.000000
V 695.000000 396.044097 40.000000 40.000000
V 962.134322 396.044097 164.420402 80.000000
V 695.000000 510.304410 100.000000 80.000000
V 929.924121 510.304410 190.774202 80.000000
V 1132.768525 433.340846 113.310000 155.599999
V 1286.499029 433.592471 113.310000 155.096748
V 1409.000000 433.340846 28.000000 28.000000
E 0 5 165.000000 200.169275 289.380356 200.169275
E 1 2 415.807009 200.669275 415.807009 127.846002 533.153011 127.846002
E 1 3 415.807009 200.669275 415.807009 275.372812 725.000000 275.372812 725.000000 200.169275
E 5 1 289.380356 200.169275 415.807009 200.669275
E 2 3 533.153011 127.846002 725.000000 127.846002 725.000000 200.169275
E 3 4 725.000000 200.169275 949.302370 200.169275
E 4 12 949.302370 200.169275 949.302370 322.224006 207.500000 322.224006 207.500000 450.453770
E 6 7 245.000000 675.281690 443.110859 675.281690
E 19 6 929.924121 510.304410 929.924121 587.226133 245.000000 587.226133 245.000000 675.281690
E 7 11 443.110859 675.281690 618.802863 675.281690
E 8 9 751.500000 675.781690 884.537020 675.281690
E 8 11 751.500000 675.781690 751.500000 612.115818 619.309572 612.115818 619.309572 674.179865
E 9 10 884.537020 675.281690 1068.267523 675.281690
E 10 20 1068.267523 675.281690 1068.267523 604.795295 1132.768525 604.795295 1132.768525 433.340846
E 12 13 207.500000 450.453770 357.500000 450.453770
E 13 14 357.500000 450.453770 470.500000 450.953770
E 14 15 470.500000 450.953770 470.500000 396.044097 575.000000 396.044097
E 14 18 470.000000 450.453770 470.000000 510.304410 695.000000 510.304410
E 15 16 575.000000 396.044097 695.500000 396.544097
E 16 17 695.500000 396.044097 962.134322 396.044097
E 16 18 695.500000 396.544097 695.000000 471.304410
E 18 19 695.000000 510.304410 929.924121 510.304410
E 20 21 1132.768525 433.340846 1286.499029 433.592471
E 21 22 1286.499029 433.592471 1409.000000 433.340846
G 1063123371.json 25 27
V 15.375000 160.750000 30.000000 30.000000
V 150.375000 160.750000 150.000000 140.000000
V 381.759008 160.750000 150.000000 140.000000
V 623.335514 160.750000 150.000000 140.000000
V 623.148014 468.018510 40.000000 40.000000
V 381.759008 468.018510 150.000000 140.000000
V 865.333541 468.018510 150.000000 140.000000
V 864.912020 160.750000 150.000000 140.000000
V 1004.912020 160.750000 40.000000 40.000000
V 1144.912020 160.750000 150.000000 140.000000
V 1144.912020 687.633515 150.000000 140.000000
V 1004.912020 468.018510 40.000000 40.000000
V 1144.912020 468.018510 150.000000 140.000000
V 1339.912020 687.633515 150.000000 140.000000
V 1293.065031 468.018510 40.000000 40.000000
V 1339.912020 160.750000 150.000000 140.000000
V 150.375000 51.000000 28.375000 20.500000
V 381.759008 50.750000 28.375000 20.500000
V 1144.912020 270.615005 28.375000 20.500000
V 1339.162020 578.076012 28.375000 20.500000
V 1534.912020 160.750000 150.000000 140.000000
V 1534.912020 50.750000 28.375000 20.500000
V 1729.912020 160.750000 150.000000 140.000000
V 1924.912020 160.750000 150.000000 140.000000
V 2058.912020 160.750000 28.000000 28.000000
E 0 1 15.375000 160.750000 150.375000 160.750000
E 1 2 150.375000 160.750000 381.759008 160.750000
U 1 16 150.375000 160.750000 149.337500 50.000000
E 2 3 381.759008 126.865498 623.335514 126.865498
U 2 17 381.759008 160.750000 380.721508 49.750000
E 3 4 623.335514 160.750000 623.648014 468.518510
E 5 3 444.646653 404.925698 488.307425 404.925698 488.307425 194.602513 577.617515 194.602513
E 4 5 623.648014 468.518510 381.759008 468.018510
E 4 6 623.648014 468.518510 865.333541 468.018510
E 6 7 865.333541 468.018510 864.912020 160.750000
E 7 8 864.912020 160.750000 1005.412020 161.250000
E 9 7 1144.912020 160.750000 1144.912020 47.750000 913.912020 47.750000 913.912020 160.750000
E 8 9 1005.412020 161.250000 1144.912020 160.750000
E 8 11 1005.412020 161.250000 1005.412020 468.518510
U 9 18 1144.912020 160.750000 1143.874520 269.615005
E 11 10 1005.412020 468.518510 1005.412020 687.633515 1144.912020 687.633515
E 10 13 1144.912020 687.633515 1339.912020 687.633515
E 11 12 1005.412020 468.518510 1144.912020 468.018510
E 12 14 1144.912020 468.018510 1293.565031 468.818290
E 13 14 1293.565031 687.633515 1293.565031 468.518510
U 13 19 1339.912020 687.633515 1338.124520 587.326012
E 14 15 1293.565031 468.518510 1293.565031 160.750000
E 15 20 1339.912020 160.750000 1534.912020 160.750000
U 20 21 1534.912020 160.750000 1533.874520 49.750000
E 20 22 1534.912020 160.750000 1729.912020 160.750000
E 22 23 1729.912020 160.750000 1924.912020 160.750000
E 23 24 1924.912020 160.750000 2058.912020 160.750000
G 1064316989.json 28 32
V 330.000000 200.000000 30.000000 30.000000
V 489.000000 145.000000 100.000000 80.000000
V 489.000000 265.000000 100.000000 80.000000
V 605.000000 115.000000 100.000000 80.000000
V 785.000000 220.000000 100.000000 80.000000
V 785.000000 115.000000 28.000000 28.000000
V 330.000000 265.000000 30.000000 30.000000
V 605.000000 275.000000 40.000000 40.000000
V 605.000000 210.000000 30.000000 30.000000
V 390.000000 470.000000 30.000000 30.000000
V 515.000000 470.000000 100.000000 80.000000
V 375.500000 385.500000 59.000000 51.000000
V 376.000000 560.000000 77.000000 35.000000
V 515.000000 560.000000 40.000000 40.000000
V 488.500000 386.000000 77.000000 51.000000
V 710.000000 535.000000 100.000000 80.000000
V 669.000000 400.000000 100.000000 80.000000
V 809.000000 400.000000 28.000000 28.000000
V 809.000000 470.000000 45.000000 63.500000
V 599.500000 539.750000 89.000000 70.500000
V 515.000000 760.000000 100.000000 80.000000
V 629.000000 675.000000 30.000000 30.000000
V 440.000000 970.000000 100.000000 80.000000
V 605.000000 970.000000 100.000000 80.000000
V 668.500000 1060.500000 77.000000 51.000000
V 442.000000 1220.000000 100.000000 80.000000
V 605.000000 1220.000000 100.000000 80.000000
V 749.500000 1132.500000 59.000000 51.000000
E 0 1 330.000000 200.000000 330.000000 145.000000 489.000000 145.000000
E 1 2 489.000000 145.000000 489.000000 265.000000
E 2 6 489.000000 265.000000 330.000000 265.000000
E 3 7 654.000000 115.000000 668.000000 115.000000 668.000000 275.500000 605.500000 275.500000
E 8 3 605.000000 210.000000 605.000000 115.000000
E 4 5 785.000000 220.000000 785.000000 115.000000
E 7 4 605.500000 274.000000 605.500000 318.000000 690.000000 318.000000 690.000000 219.000000 785.000000 219.000000
E 6 7 330.000000 265.000000 389.000000 317.000000 545.000000 317.000000 605.500000 275.500000
E 6 9 330.000000 265.000000 330.000000 470.000000 390.000000 470.000000
E 7 8 605.500000 275.500000 605.000000 210.000000
E 21 8 629.000000 675.000000 650.000000 675.000000 650.000000 476.000000 557.000000 410.000000 557.000000 210.000000 605.000000 210.000000
E 9 10 390.000000 470.000000 515.000000 470.000000
E 11 10 375.500000 385.500000 515.000000 470.000000
E 10 12 515.000000 470.000000 376.000000 560.000000
E 10 13 515.000000 470.000000 515.500000 560.500000
E 14 10 488.500000 386.000000 515.000000 470.000000
E 12 22 376.000000 560.000000 376.000000 970.000000 440.000000 970.000000
E 13 20 515.000000 560.500000 515.000000 760.000000
E 13 22 515.500000 560.500000 440.000000 560.500000 440.000000 970.000000
E 15 16 710.000000 535.000000 710.000000 467.500000 669.000000 400.000000
E 26 15 605.000000 1220.000000 833.000000 1220.000000 833.000000 535.000000 710.000000 535.000000
E 27 15 749.500000 1132.500000 749.500000 869.000000 710.000000 869.000000 710.000000 574.000000
E 16 17 669.000000 400.000000 809.000000 400.000000
E 16 18 669.000000 400.000000 809.000000 470.000000
E 21 19 629.000000 675.000000 599.500000 675.000000 599.500000 539.750000
E 20 21 515.000000 760.000000 629.000000 760.000000 629.000000 675.000000
E 22 23 440.000000 970.000000 605.000000 970.000000
E 23 24 605.000000 970.000000 668.500000 1060.500000
E 23 25 605.000000 1009.000000 605.000000 1054.000000 442.000000 1054.000000 442.000000 1220.000000
E 24 25 668.500000 1060.500000 442.000000 1220.000000
E 25 26 442.000000 1220.000000 605.000000 1220.000000
E 26 27 605.000000 1220.000000 749.500000 1132.500000
G 1064354518.json 20 21
V 90.000000 163.000000 30.000000 30.000000
V 200.000000 163.000000 100.000000 80.000000
V 305.000000 163.000000 30.000000 30.000000
V 385.000000 163.000000 40.000000 40.000000
V 510.000000 246.000000 100.000000 62.000000
V 854.000000 163.000000 28.000000 28.000000
V 755.000000 105.000000 30.000000 30.000000
V 646.000000 95.500000 72.000000 37.000000
V 860.500000 70.000000 101.000000 50.000000
V 513.500000 96.000000 107.000000 62.000000
V 125.000000 455.000000 30.000000 30.000000
V 165.000000 390.000000 30.000000 30.000000
V 305.000000 455.000000 100.000000 80.000000
V 470.000000 495.000000 100.000000 80.000000
V 620.000000 550.000000 100.000000 80.000000
V 665.500000 420.000000 101.000000 50.000000
V 825.000000 420.000000 30.000000 30.000000
V 245.000000 762.000000 100.000000 80.000000
V 390.000000 762.000000 100.000000 80.000000
V 516.500000 689.000000 101.000000 50.000000
E 0 1 90.000000 163.000000 200.000000 163.000000
E 1 2 200.000000 163.000000 305.000000 163.000000
E 2 3 305.000000 163.000000 385.500000 163.500000
E 11 2 165.000000 390.000000 305.000000 390.000000 305.000000 163.000000
E 3 4 385.500000 163.500000 385.500000 246.000000 510.000000 246.000000
E 3 9 385.500000 163.500000 385.500000 96.000000 513.500000 96.000000
E 4 5 510.000000 246.000000 854.000000 246.000000 854.000000 163.000000
E 6 5 755.000000 105.000000 805.000000 105.000000 805.000000 163.000000 854.000000 163.000000
E 6 7 755.000000 105.000000 646.000000 95.500000
E 6 8 755.000000 105.000000 860.500000 70.000000
E 16 6 825.000000 420.000000 825.000000 262.500000 755.000000 262.500000 755.000000 105.000000
E 9 12 513.500000 96.000000 598.000000 96.000000 598.000000 421.000000 305.000000 421.000000
E 10 11 125.000000 455.000000 125.000000 390.000000 165.000000 390.000000
E 12 13 305.000000 455.000000 387.500000 455.000000 387.500000 495.000000 470.000000 495.000000
E 12 17 305.000000 455.000000 245.000000 455.000000 245.000000 762.000000
E 13 14 470.000000 495.000000 545.000000 495.000000 545.000000 550.000000 620.000000 550.000000
E 14 15 620.000000 550.000000 665.500000 420.000000
E 14 16 620.000000 550.000000 740.000000 550.000000 740.000000 420.000000 825.000000 420.000000
E 18 16 390.000000 762.000000 825.000000 762.000000 825.000000 420.000000
E 17 18 245.000000 762.000000 390.000000 762.000000
E 18 19 390.000000 762.000000 516.500000 689.000000
G 1064609557.json 24 27
V 90.000000 143.000000 30.000000 30.000000
V 344.500000 143.000000 100.000000 80.000000
V 501.500000 289.832884 100.000000 80.000000
V 717.500000 289.832884 40.000000 40.000000
V 344.500000 290.174061 40.000000 40.000000
V 619.499371 290.174061 40.000000 40.000000
V 983.500000 289.832884 28.000000 28.000000
V 124.500000 550.000000 100.000000 80.000000
V 501.500000 421.288026 100.000000 80.000000
V 874.500000 289.832884 100.000000 80.000000
V 344.500000 550.000000 100.000000 80.000000
V 454.500000 550.000000 40.000000 40.000000
V 1145.000000 550.000000 40.000000 40.000000
V 589.500000 550.000000 100.000000 80.000000
V 454.500000 620.000000 40.000000 40.000000
V 501.500000 725.000000 40.000000 40.000000
V 1379.000000 550.000000 28.000000 28.000000
V 770.000000 725.000000 40.000000 40.000000
V 770.000000 660.000000 30.000000 30.000000
V 1280.000149 550.000000 100.000000 80.000000
V 1145.000000 620.000000 40.000000 40.000000
V 619.499371 725.000000 100.000000 80.000000
V 945.000000 837.675914 30.000000 30.000000
V 1055.000000 837.675914 100.000000 80.000000
E 0 1 90.000000 143.000000 344.500000 143.000000
E 1 4 344.500000 143.000000 345.000000 290.674061
E 4 2 345.000000 290.674061 501.500000 289.832884
E 2 5 501.500000 289.832884 619.499371 290.174061
E 5 3 619.499371 290.174061 718.000000 290.332884
E 3 7 717.500000 289.832884 717.500000 487.000000 124.500000 487.000000 124.500000 550.000000
E 3 9 718.000000 290.332884 874.500000 289.832884
E 4 8 345.000000 290.674061 345.000000 421.288026 501.500000 421.288026
E 8 5 501.500000 421.288026 619.999371 421.288026 619.999371 290.674061
E 9 6 874.500000 289.832884 983.500000 289.832884
E 7 10 124.500000 550.000000 332.263564 549.775771
E 10 11 344.500000 550.000000 455.000000 550.500000
E 11 13 455.000000 550.500000 589.500000 550.000000
E 11 14 455.000000 550.500000 454.500000 620.000000
E 13 12 589.500000 550.000000 1145.500000 550.500000
E 12 19 1145.500000 550.500000 1292.500000 550.621557
E 20 12 1145.500000 620.500000 1145.500000 550.500000
E 14 15 454.500000 620.000000 454.500000 725.000000 501.500000 725.000000
E 14 20 455.000000 620.500000 1145.500000 620.500000
E 18 15 770.000000 660.000000 502.000000 660.000000 502.000000 725.500000
E 15 21 501.500000 725.000000 619.499371 725.000000
E 19 16 1280.000149 550.000000 1379.000000 550.000000
E 17 18 770.500000 725.500000 770.000000 660.000000
E 21 17 619.499371 725.000000 770.000000 725.000000
E 17 22 770.500000 725.500000 770.500000 837.675914 945.000000 837.675914
E 23 20 1055.000000 837.675914 1145.500000 837.675914 1145.500000 620.500000
E 22 23 945.000000 837.675914 1055.000000 837.675914
G 1064982122.json 18 18
V 256.984113 165.426033 40.000000 40.000000
V 377.591006 165.022525 151.213786 79.192984
V 1258.013741 165.733049 151.213786 81.000000
V 1473.436476 165.733049 161.761423 81.000000
V 604.850011 165.426033 145.731795 78.385968
V 1789.480949 165.426033 40.000000 40.000000
V 1654.184669 165.426033 30.000000 30.000000
V 1848.480949 165.426033 28.000000 28.000000
V 848.222690 165.233049 131.095274 80.000000
V 195.888839 165.426033 30.000000 30.000000
V 1709.732306 625.882873 131.095274 80.807016
V 225.888839 625.479365 30.000000 30.000000
V 372.317188 625.882873 161.761423 80.807016
V 1263.495732 441.349413 151.213786 80.000000
V 1473.576192 441.156429 138.279432 80.000000
V 848.103402 441.349413 161.761423 78.385968
V 1082.864825 441.752921 161.761423 80.807016
V 604.850011 441.542397 145.731795 78.385968
E 0 1 257.484113 165.926033 377.591006 165.022525
E 5 0 1789.480949 165.926033 1789.480949 48.000000 256.984113 48.000000 256.984113 165.926033
E 9 0 195.888839 165.426033 257.484113 165.926033
E 1 4 377.591006 165.022525 604.850011 165.426033
E 2 13 1236.466104 165.233049 1236.466104 441.349413
E 16 2 1051.984113 441.349413 1051.984113 165.233049 1232.406848 165.233049
E 3 10 1458.103402 165.233049 1618.000000 165.233049 1618.000000 625.479365 1694.184669 625.479365
E 14 3 1473.576192 441.156429 1473.576192 165.233049
E 4 17 604.850011 165.426033 604.850011 441.542397
E 6 5 1654.184669 165.426033 1789.980949 165.926033
E 5 7 1789.980949 165.926033 1848.480949 165.426033
E 10 6 1709.732306 625.882873 1817.372233 625.882873 1817.372233 279.982614 1656.684669 279.982614 1656.684669 165.426033
E 8 15 848.222690 165.233049 848.222690 441.349413
E 17 8 604.850011 441.542397 700.794859 441.542397 700.794859 165.233049 848.222690 165.233049
E 12 9 356.984113 625.479365 356.984113 287.000000 195.888839 287.000000 195.888839 165.426033
E 11 12 225.888839 625.479365 372.317188 625.882873
E 13 14 1263.495732 441.349413 1473.576192 441.156429
E 15 16 848.103402 441.349413 1082.864825 441.752921
G 1065028844.json 28 28
V 390.000000 510.000000 30.000000 30.000000
V 207.000000 510.000000 30.000000 30.000000
V 207.000000 630.000000 30.000000 30.000000
V 521.500000 510.000000 59.000000 51.000000
V 630.000000 510.000000 30.000000 30.000000
V 600.000000 603.500000 90.000000 67.000000
V 765.000000 510.000000 30.000000 30.000000
V 900.000000 510.000000 30.000000 30.000000
V 1184.000000 662.000000 86.000000 74.000000
V 975.000000 672.000000 30.000000 30.000000
V 1085.000000 710.000000 40.000000 40.000000
V 1184.000000 785.000000 28.000000 28.000000
V 1235.000000 550.000000 100.000000 80.000000
V 1430.000000 710.000000 40.000000 40.000000
V 1430.000000 785.000000 40.000000 40.000000
V 1365.000000 550.000000 30.000000 30.000000
V 1512.000000 629.000000 114.000000 78.000000
V 1512.000000 550.000000 30.000000 30.000000
V 1620.000000 785.000000 30.000000 30.000000
V 1815.000000 785.000000 30.000000 30.000000
V 1970.000000 785.000000 100.000000 80.000000
V 1970.000000 662.000000 100.000000 80.000000
V 1025.000000 603.500000 30.000000 30.000000
V 2085.000000 570.000000 30.000000 30.000000
V 2240.000000 730.000000 100.000000 80.000000
V 2310.000000 570.000000 30.000000 30.000000
V 1025.000000 510.000000 100.000000 80.000000
V 2454.000000 570.000000 28.000000 28.000000
E 1 0 207.000000 510.000000 390.000000 510.000000
E 2 0 207.000000 630.000000 275.000000 630.000000 390.000000 510.000000
E 0 3 390.000000 510.000000 521.500000 510.000000
E 3 5 521.500000 510.000000 521.500000 603.500000 556.000000 603.500000
E 5 4 600.000000 603.500000 600.000000 547.500000 630.000000 547.500000 630.000000 510.000000
E 4 6 630.000000 510.000000 765.000000 510.000000
E 6 7 765.000000 510.000000 900.000000 510.000000
E 7 26 900.000000 510.000000 1025.000000 510.000000
E 10 8 1085.500000 710.500000 1085.500000 662.000000 1184.000000 662.000000
E 8 12 1184.000000 662.000000 1235.000000 662.000000 1235.000000 550.000000
E 9 10 975.000000 672.000000 975.000000 710.500000 1085.500000 710.500000
E 22 9 1025.000000 603.500000 975.000000 603.500000 975.000000 672.000000
E 10 11 1085.500000 710.500000 1085.500000 785.000000 1184.000000 785.000000
E 12 15 1235.000000 550.000000 1365.000000 550.000000
E 13 14 1430.500000 710.500000 1430.000000 785.000000
E 13 15 1430.500000 710.500000 1649.000000 710.500000 1649.000000 464.000000 1365.000000 464.000000 1365.000000 550.000000
E 16 13 1512.000000 629.000000 1430.000000 629.000000 1430.000000 710.000000
E 14 18 1430.500000 785.500000 1620.000000 785.000000
E 15 17 1365.000000 550.000000 1512.000000 550.000000
E 17 16 1512.000000 550.000000 1512.000000 629.000000
E 18 19 1620.000000 785.000000 1815.000000 785.000000
E 19 20 1815.000000 785.000000 1970.000000 785.000000
E 20 21 1970.000000 785.000000 1970.000000 662.000000
E 21 23 1970.000000 662.000000 1970.000000 570.000000 2085.000000 570.000000
E 26 22 1025.000000 510.000000 1025.000000 603.754237
E 23 24 2085.000000 570.000000 2145.000000 570.000000 2145.000000 730.000000 2240.000000 730.000000
E 24 25 2240.000000 730.000000 2310.000000 730.000000 2310.000000 570.000000
E 25 27 2310.000000 570.000000 2454.000000 570.000000
G 1065048918.json 28 27
V 830.000000 595.000000 100.000000 80.000000
V 680.000000 445.000000 100.000000 80.000000
V 658.550017 848.200028 100.000000 80.000000
V 858.050027 793.750025 136.000000 80.000000
V 495.200008 848.200028 100.000000 80.000000
V 1074.700038 793.250025 170.000000 135.000000
V 1100.000000 595.000000 100.000000 80.000000
V 530.000000 445.000000 100.000000 80.000000
V 368.150001 394.450003 100.000000 80.000000
V 1250.000000 595.000000 100.000000 80.000000
V 368.150001 503.350009 100.000000 80.000000
V 658.625018 595.000000 118.150001 80.000000
V 530.000000 356.500000 100.000000 80.000000
V 495.200008 595.000000 100.000000 80.000000
V 858.050027 394.450003 136.000000 80.000000
V 1003.400036 394.450003 100.000000 80.000000
V 368.150001 793.750025 100.000000 80.000000
V 368.150001 893.000000 100.000000 80.000000
V 449.300022 998.320053 100.000000 80.000000
V 189.755008 793.750025 100.000000 80.000000
V 189.755008 898.495048 100.000000 80.000000
V 189.755008 998.320053 100.000000 80.000000
V 589.055030 998.320053 100.000000 80.000000
V 495.200008 718.810038 100.000000 80.000000
V 1250.000000 718.810038 100.000000 80.000000
V 1190.000000 445.000000 100.000000 80.000000
V 755.000000 250.000000 100.000000 80.000000
V 290.000000 145.000000 100.000000 80.000000
E 0 1 830.000000 595.000000 755.000000 595.000000 755.000000 445.000000 680.000000 445.000000
E 0 2 830.000000 595.000000 755.000000 595.000000 755.000000 848.200028 658.550017 848.200028
E 0 3 830.000000 595.000000 830.000000 793.750025
E 0 6 830.000000 595.000000 1100.000000 595.000000
E 0 11 830.000000 595.000000 658.625018 595.000000
E 0 14 830.000000 595.000000 830.000000 394.450003
E 0 25 830.000000 595.000000 1010.000000 595.000000 1010.000000 445.000000 1190.000000 445.000000
E 0 26 830.000000 595.000000 755.000000 595.000000 755.000000 250.000000
E 0 27 830.000000 595.000000 560.000000 595.000000 560.000000 145.000000 290.000000 145.000000
E 1 7 680.000000 445.000000 530.000000 445.000000
E 1 12 680.000000 445.000000 605.000000 445.000000 605.000000 356.500000 530.000000 356.500000
E 2 4 658.550017 848.200028 495.200008 848.200028
E 3 5 858.050027 793.750025 1074.700038 793.250025
E 4 16 495.200008 848.200028 495.200008 793.750025 368.150001 793.750025
E 4 17 495.200008 848.200028 368.150001 893.000000
E 4 18 495.200008 848.200028 495.200008 923.260041 449.300022 923.260041 449.300022 998.320053
E 4 22 495.200008 876.000000 589.055030 876.000000 589.055030 998.320053
E 4 23 495.200008 848.200028 495.200008 718.810038
E 6 9 1100.000000 595.000000 1250.000000 595.000000
E 6 24 1100.000000 595.000000 1175.000000 595.000000 1175.000000 718.810038 1250.000000 718.810038
E 7 8 530.000000 445.000000 449.075001 445.000000 449.075001 394.450003 368.150001 394.450003
E 7 10 530.000000 445.000000 368.150001 503.350009
E 11 13 658.625018 595.000000 495.200008 595.000000
E 14 15 858.050027 394.450003 1003.400036 394.450003
E 17 19 368.150001 893.000000 278.952504 893.000000 278.952504 793.750025 189.755008 793.750025
E 17 20 368.150001 893.000000 189.755008 893.000000
E 17 21 368.150001 893.000000 278.952504 893.000000 278.952504 998.320053 189.755008 998.320053
G 1065790096.json 17 18
V 404.000000 155.000000 30.000000 30.000000
V 514.000000 155.000000 100.000000 80.000000
V 514.000000 405.000000 100.000000 80.000000
V 629.000000 405.000000 40.000000 40.000000
V 744.000000 405.000000 100.000000 80.000000
V 859.000000 405.000000 40.000000 40.000000
V 974.000000 405.000000 100.000000 80.000000
V 1089.000000 405.000000 40.000000 40.000000
V 1204.000000 405.000000 100.000000 80.000000
V 1349.000000 405.000000 100.000000 80.000000
V 1486.000000 405.000000 30.000000 30.000000
V 630.000000 655.000000 100.000000 80.000000
V 1485.000000 905.000000 100.000000 96.000000
V 1600.000000 905.000000 40.000000 40.000000
V 1728.000000 905.000000 100.000000 80.000000
V 1837.000000 905.000000 28.000000 28.000000
V 1600.000000 1155.000000 100.000000 96.000000
E 0 1 404.000000 155.000000 514.000000 155.000000
E 1 2 514.000000 155.000000 514.000000 405.000000
E 2 3 514.000000 405.000000 629.500000 405.500000
E 3 4 629.500000 405.500000 744.000000 405.000000
E 3 11 629.500000 405.500000 630.000000 655.000000
E 4 5 744.000000 405.000000 859.500000 405.500000
E 11 4 630.000000 655.000000 744.000000 655.000000 744.000000 405.000000
E 5 6 859.500000 405.500000 974.000000 405.000000
E 6 7 974.000000 405.000000 1089.500000 405.500000
E 7 8 1089.500000 405.500000 1204.000000 405.000000
E 8 9 1204.000000 405.000000 1349.000000 405.000000
E 9 10 1349.000000 405.000000 1486.000000 405.000000
E 10 12 1486.000000 405.000000 1485.000000 905.000000
E 12 13 1485.000000 905.000000 1600.500000 905.500000
E 13 14 1600.500000 905.500000 1728.000000 905.500000
E 13 16 1600.500000 905.500000 1600.000000 1155.000000
E 14 15 1728.000000 905.000000 1837.000000 905.000000
E 16 14 1600.000000 1155.000000 1728.000000 1155.000000 1728.000000 905.000000
G 106587872.json 15 18
V 210.000000 230.000000 30.000000 30.000000
V 320.000000 230.000000 100.000000 80.000000
V 545.000000 230.000000 100.000000 80.000000
V 660.000000 230.000000 40.000000 40.000000
V 775.000000 160.000000 100.000000 80.000000
V 890.000000 230.000000 40.000000 40.000000
V 1005.000000 230.000000 100.000000 80.000000
V 376.000000 500.000000 30.000000 30.000000
V 486.000000 500.000000 100.000000 80.000000
V 600.000000 500.000000 30.000000 30.000000
V 815.000000 430.000000 100.000000 80.000000
V 1034.000000 500.000000 28.000000 28.000000
V 680.000000 500.000000 40.000000 40.000000
V 815.000000 565.000000 100.000000 80.000000
V 935.000000 500.000000 40.000000 40.000000
E 0 1 210.000000 230.000000 320.000000 230.000000
E 1 2 320.000000 230.000000 545.000000 230.000000
E 1 7 320.000000 230.000000 320.000000 350.000000 376.000000 350.000000 376.000000 500.000000
E 2 3 545.000000 230.000000 660.500000 230.500000
E 8 2 486.000000 500.000000 486.000000 350.000000 545.000000 350.000000 545.000000 254.000000
E 3 4 660.500000 230.500000 660.500000 160.000000 775.000000 160.000000
E 3 5 660.500000 230.500000 890.000000 230.000000
E 4 5 775.000000 160.000000 890.500000 160.000000 890.500000 230.500000
E 5 6 890.500000 230.500000 1005.000000 230.000000
E 6 9 1005.000000 230.000000 1005.000000 351.000000 600.000000 351.000000 600.000000 500.000000
E 7 8 376.000000 500.000000 486.000000 500.000000
E 8 9 486.000000 500.000000 600.000000 500.000000
E 9 12 600.000000 500.000000 680.500000 500.500000
E 12 10 680.500000 500.500000 680.500000 430.000000 815.000000 430.000000
E 10 14 815.000000 430.000000 935.000000 430.000000 935.000000 500.000000
E 14 11 935.500000 500.500000 1034.000000 500.000000
E 12 13 680.500000 500.500000 680.500000 565.000000 815.000000 565.000000
E 13 14 815.000000 565.000000 935.500000 565.000000 935.500000 500.500000
G 1065979309.json 27 29
V 135.000000 246.000000 30.000000 30.000000
V 230.000000 246.000000 100.000000 80.000000
V 470.000000 205.000000 100.000000 80.000000
V 395.000000 325.000000 100.000000 80.000000
V 542.000000 304.000000 64.000000 78.000000
V 590.000000 205.000000 28.000000 28.000000
V 320.000000 246.000000 40.000000 40.000000
V 735.000000 220.000000 100.000000 80.000000
V 860.000000 220.000000 100.000000 80.000000
V 981.000000 219.000000 100.000000 80.000000
V 985.000000 340.000000 88.000000 97.000000
V 859.000000 339.000000 88.000000 97.000000
V 455.000000 481.333333 100.000000 80.000000
V 575.000000 481.833333 100.000000 80.000000
V 570.000000 584.740500 100.000000 80.000000
V 860.000000 481.333333 88.000000 97.000000
V 858.999500 584.827000 62.001000 60.173000
V 1045.000000 535.333333 40.000000 40.000000
V 1135.000000 535.000000 100.000000 80.000000
V 663.000000 583.827000 40.000000 40.000000
V 1225.000000 536.000000 40.000000 40.000000
V 1326.000000 460.000000 100.000000 80.000000
V 1424.000000 460.000000 28.000000 28.000000
V 1424.000000 610.000000 28.000000 28.000000
V 1300.000000 610.000000 100.000000 80.000000
V 755.000000 725.000000 100.000000 80.000000
V 755.000000 844.000000 88.000000 97.000000
E 0 1 135.000000 246.000000 230.000000 246.000000
E 1 6 230.000000 246.000000 320.000000 246.000000
E 2 5 470.000000 205.000000 590.000000 205.000000
E 6 2 320.500000 246.500000 320.500000 205.000000 470.000000 205.000000
E 3 4 444.000000 305.000000 542.000000 304.000000
E 6 3 320.500000 246.500000 320.500000 325.000000 395.000000 325.000000
E 3 12 395.000000 325.000000 455.000000 325.000000 455.000000 481.333333
E 7 8 735.000000 220.000000 860.000000 220.000000
E 19 7 663.500000 584.327000 663.500000 220.000000 735.000000 220.000000
E 8 9 860.000000 220.000000 981.000000 219.000000
E 8 11 860.000000 220.000000 859.000000 339.000000
E 9 10 981.000000 219.000000 985.000000 340.000000
E 9 17 981.000000 219.000000 1045.000000 219.000000 1045.000000 535.333333
E 12 13 455.000000 481.333333 575.000000 481.833333
E 13 14 575.000000 481.833333 570.000000 584.740500
U 16 13 858.574500 584.665000 575.000000 481.833333
E 14 15 570.000000 584.740500 860.000000 481.333333
E 14 19 570.000000 584.740500 663.000000 583.827000
E 24 16 1251.000000 630.000000 885.999000 606.580167
U 16 25 858.574500 584.665000 755.000000 725.000000
E 17 18 1045.500000 535.833333 1135.000000 535.000000
E 25 17 755.000000 725.000000 1045.000000 725.000000 1045.000000 535.333333
E 18 20 1135.000000 535.000000 1225.000000 536.000000
E 19 25 663.500000 584.327000 663.500000 725.000000 755.000000 725.000000
E 20 21 1225.500000 536.500000 1225.500000 460.000000 1326.000000 460.000000
E 20 24 1225.500000 536.500000 1225.500000 610.000000 1300.000000 610.000000
E 21 22 1326.000000 460.000000 1424.000000 460.000000
E 24 23 1300.000000 610.000000 1424.000000 610.000000
E 25 26 755.000000 725.000000 755.000000 844.000000
G 1066443049.json 19 21
V 75.000000 360.000000 30.000000 30.000000
V 165.000000 360.000000 100.000000 80.000000
V 280.000000 360.000000 40.000000 40.000000
V 399.000000 360.000000 28.000000 28.000000
V 280.000000 480.000000 100.000000 80.000000
V 585.000000 480.000000 100.000000 80.000000
V 790.000000 480.000000 100.000000 80.000000
V 375.000000 480.000000 40.000000 40.000000
V 465.000000 640.000000 100.000000 80.000000
V 590.000000 640.000000 100.000000 80.000000
V 705.000000 640.000000 40.000000 40.000000
V 845.000000 640.000000 100.000000 80.000000
V 1014.000000 478.000000 100.000000 80.000000
V 910.000000 480.000000 40.000000 40.000000
V 1139.000000 478.000000 100.000000 80.000000
V 1266.000000 478.000000 100.000000 80.000000
V 1370.000000 480.000000 40.000000 40.000000
V 1370.000000 614.000000 28.000000 28.000000
V 705.000000 782.000000 100.000000 80.000000
E 0 1 75.000000 360.000000 165.000000 360.000000
E 1 2 165.000000 360.000000 280.500000 360.500000
E 2 3 280.500000 360.500000 399.000000 360.000000
E 2 4 280.500000 360.500000 280.000000 480.000000
E 4 7 280.000000 480.000000 375.000000 480.000000
E 5 6 585.000000 480.000000 790.000000 480.000000
E 7 5 375.500000 480.500000 585.000000 480.000000
E 6 13 790.000000 480.000000 910.000000 480.000000
E 7 8 375.500000 480.500000 375.500000 645.625000 476.384129 645.625000
E 8 9 465.000000 640.000000 590.000000 640.000000
E 9 10 590.000000 640.000000 705.500000 640.500000
E 10 11 705.500000 640.500000 845.000000 640.500000
E 10 18 705.500000 640.500000 705.000000 782.000000
E 11 13 845.000000 640.000000 910.000000 640.000000 910.000000 480.000000
E 18 11 705.000000 782.000000 765.000000 782.000000 765.000000 640.000000 845.000000 640.000000
E 13 12 910.500000 480.500000 1014.000000 478.000000
E 12 14 1014.000000 478.000000 1139.000000 478.000000
E 16 12 1370.500000 480.500000 1370.500000 388.000000 1014.000000 388.000000 1014.000000 478.000000
E 14 15 1139.000000 478.000000 1266.000000 478.000000
E 15 16 1266.000000 478.000000 1370.000000 480.000000
E 16 17 1370.500000 480.500000 1370.000000 614.000000
G 1066896743.json 16 20
V 236.963392 160.445087 30.000000 30.000000
V 510.000000 155.000000 30.000000 30.000000
V 236.963392 385.000000 100.000000 80.000000
V 395.000000 380.000000 40.000000 40.000000
V 505.000000 345.000000 30.000000 30.000000
V 630.000000 345.000000 30.000000 30.000000
V 770.000000 385.000000 100.000000 80.000000
V 630.000000 465.000000 30.000000 30.000000
V 360.000000 483.500000 88.000000 97.000000
V 115.000000 465.000000 30.000000 30.000000
V 120.000000 720.000000 30.000000 30.000000
V 236.963392 689.910879 100.000000 80.000000
V 472.500000 670.000000 100.000000 80.000000
V 585.000000 670.000000 30.000000 30.000000
V 360.000000 764.000000 28.000000 28.000000
V 630.000000 740.000000 40.000000 40.000000
E 4 0 505.000000 333.944030 236.963392 160.445087
E 1 5 510.000000 155.000000 630.000000 345.000000
E 2 3 236.963392 385.000000 330.981696 385.000000 330.981696 380.500000 395.500000 380.500000
E 8 2 317.000000 500.000000 236.963392 424.000000
E 9 2 115.000000 465.000000 187.963392 385.000000
E 3 4 395.500000 380.500000 395.500000 345.000000 505.000000 345.000000
E 3 7 395.000000 392.000000 620.000000 468.000000
E 4 5 505.000000 345.000000 630.000000 345.000000
E 5 6 630.000000 345.000000 682.500000 345.000000 682.500000 385.000000 770.000000 385.000000
E 6 7 770.000000 385.000000 770.000000 465.000000 630.000000 465.000000
E 6 8 819.000000 385.000000 404.000000 483.500000
E 7 13 630.000000 465.000000 585.000000 670.000000
E 12 9 479.000000 642.000000 115.000000 465.000000
E 10 11 120.000000 720.000000 160.981696 720.000000 160.981696 689.910879 236.963392 689.910879
E 11 12 236.963392 689.910879 305.000000 689.910879 305.000000 670.000000 472.500000 670.000000
E 11 14 236.963392 689.910879 360.000000 764.000000
E 15 11 630.500000 740.500000 630.500000 834.000000 236.963392 834.000000 236.963392 689.910879
E 12 13 521.500000 670.000000 571.000000 670.000000
E 15 12 630.500000 740.500000 472.500000 740.500000 472.500000 709.000000
E 13 15 585.000000 670.000000 585.000000 740.500000 630.500000 740.500000
G 1066917310.json 17 16
V 455.000000 905.352326 100.000000 80.000000
V 665.000000 905.352326 100.000000 80.000000
V 1100.000000 905.352326 100.000000 80.000000
V 845.000000 905.352326 100.000000 80.000000
V 1355.000000 905.352326 40.000000 40.000000
V 1440.000000 905.352326 30.000000 30.000000
V 335.000000 905.352326 40.000000 40.000000
V 455.000000 665.896872 100.000000 80.000000
V 599.000000 665.896872 28.000000 28.000000
V 1100.000000 781.963716 100.000000 80.000000
V 1259.000000 781.963716 28.000000 28.000000
V 845.000000 782.059291 40.000000 40.000000
V 1355.000000 782.059291 30.000000 30.000000
V 750.000000 782.059291 30.000000 30.000000
V 200.000000 1052.676163 100.000000 80.000000
V 335.000000 1052.676163 100.000000 80.000000
V 105.000000 1052.676163 30.000000 30.000000
E 0 1 455.000000 905.352326 665.000000 905.352326
E 6 0 335.500000 905.852326 455.000000 905.352326
E 1 3 665.000000 905.352326 845.000000 905.352326
E 2 4 1100.000000 905.352326 1347.000000 905.352326
E 11 2 845.500000 782.559291 1065.392321 914.934761
E 3 11 845.000000 866.352326 845.500000 782.559291
E 4 5 1355.500000 905.852326 1440.000000 905.352326
E 4 12 1355.500000 905.852326 1355.000000 782.059291
E 6 7 335.500000 905.852326 335.500000 665.896872 455.000000 665.896872
E 15 6 335.000000 1052.676163 335.500000 905.852326
E 7 8 455.000000 665.896872 599.000000 665.896872
E 9 10 1100.000000 781.963716 1259.000000 781.963716
E 11 9 845.500000 782.559291 1100.000000 781.963716
E 11 13 845.500000 782.559291 750.000000 782.059291
E 14 15 200.000000 1052.676163 335.000000 1052.676163
E 16 14 105.000000 1052.676163 200.000000 1052.676163
G 1067168783.json 17 19
V 82.000000 235.755582 64.000000 49.863835
V 209.349997 235.106227 100.000000 80.000000
V 684.400001 235.687500 100.000000 49.863835
V 579.400001 171.656250 40.000000 40.000000
V 506.400001 126.656250 64.000000 40.000000
V 506.400001 235.106227 100.000000 60.000000
V 433.400001 171.656250 40.000000 40.000000
V 306.949996 151.131250 78.000000 40.000000
V 209.349997 151.131250 28.000000 28.000000
V 343.900001 235.823665 101.000000 57.000000
V 789.400001 382.018750 100.000000 60.000000
V 209.349997 382.018750 100.000000 40.000000
V 789.400001 484.681250 28.000000 28.000000
V 448.400001 382.018750 100.000000 60.000000
V 603.400001 382.018750 40.000000 40.000000
V 804.400001 70.000000 100.000000 40.000000
V 654.400001 70.000000 100.000000 40.000000
E 0 1 82.000000 235.755582 209.349997 235.106227
E 1 9 209.349997 235.106227 343.900001 235.823665
E 1 11 209.349997 274.106227 209.349997 363.018750
E 14 2 603.900001 382.518750 603.900001 235.687500 684.400001 235.687500
E 2 15 684.400001 235.687500 804.400001 235.687500 804.400001 70.000000
E 3 4 579.900001 172.156250 579.900001 126.656250 506.400001 126.656250
E 3 5 579.900001 172.156250 579.900001 235.106227 506.400001 235.106227
E 16 3 654.400001 89.000000 654.400001 172.156250 579.900001 172.156250
E 4 6 506.400001 126.656250 433.900001 126.656250 433.900001 172.156250
E 5 6 457.400001 235.106227 433.900001 235.106227 433.900001 172.156250
E 6 7 433.900001 172.156250 379.674999 172.156250 306.949996 151.131250
E 7 8 306.949996 151.131250 209.349997 151.131250
E 9 11 343.900001 235.823665 184.349997 401.018750
E 9 13 343.900001 235.823665 423.400001 411.018750
E 10 12 789.400001 411.018750 789.400001 484.681250
E 14 10 603.900001 382.518750 789.400001 382.018750
E 11 13 209.349997 382.018750 448.400001 382.018750
E 13 14 448.400001 382.018750 603.900001 382.518750
E 15 16 804.400001 70.000000 703.400001 70.000000
G 1067335701.json 21 22
V 256.984113 165.426033 40.000000 40.000000
V 367.531750 165.829541 131.095274 80.807016
V 486.984113 165.426033 40.000000 40.000000
V 1072.531750 165.829541 131.095274 80.807016
V 1502.531750 165.426033 131.095274 80.000000
V 597.531750 165.426033 131.095274 78.385968
V 1789.480949 165.426033 40.000000 40.000000
V 1654.184669 165.426033 30.000000 30.000000
V 1848.480949 165.426033 28.000000 28.000000
V 762.984113 166.233049 131.095274 80.000000
V 1386.984113 165.233049 30.000000 30.000000
V 195.888839 165.426033 30.000000 30.000000
V 1689.732306 625.882873 131.095274 80.807016
V 145.888839 625.479365 30.000000 30.000000
V 256.984113 625.479365 131.095274 80.000000
V 1092.531750 401.349413 131.095274 80.000000
V 1502.531750 441.349413 131.095274 80.000000
V 763.436476 401.349413 131.095274 78.385968
V 927.531750 401.752921 131.095274 80.807016
V 1211.984113 400.349413 40.000000 40.000000
V 1402.531750 335.822522 131.095274 78.385968
E 0 1 257.484113 165.926033 367.531750 165.829541
E 6 0 1789.480949 165.926033 1789.480949 58.000000 256.984113 58.000000 256.984113 165.926033
E 11 0 195.888839 165.426033 257.484113 165.926033
E 1 2 367.531750 165.829541 487.484113 165.926033
E 2 5 487.484113 165.926033 597.531750 165.426033
E 10 2 1386.984113 165.233049 1386.984113 97.000000 487.484113 97.000000 487.484113 165.926033
E 3 15 1082.531750 165.426033 1082.531750 401.349413
E 18 3 911.984113 401.349413 911.984113 165.426033 1056.984113 165.426033
E 4 12 1502.531750 165.426033 1585.742220 165.426033 1585.742220 625.479365 1674.184669 625.479365
E 16 4 1502.531750 441.349413 1502.531750 165.426033
E 5 9 597.531750 165.426033 762.984113 166.233049
E 7 6 1654.184669 165.426033 1789.980949 165.926033
E 6 8 1789.980949 165.926033 1848.480949 165.426033
E 12 7 1654.184669 625.479365 1654.184669 165.426033
E 9 17 763.210295 166.233049 763.210295 402.156429
E 20 10 1386.984113 336.629538 1386.984113 165.233049
E 14 11 256.984113 625.479365 198.388839 583.436846 198.388839 165.426033
E 13 14 145.888839 625.479365 256.984113 625.479365
E 15 19 1092.531750 401.349413 1212.484113 400.849413
E 19 16 1212.484113 400.849413 1212.484113 441.349413 1502.531750 441.349413
E 17 18 763.436476 401.349413 927.531750 401.752921
E 19 20 1212.484113 400.849413 1212.484113 335.822522 1402.531750 335.822522
G 1067845084.json 24 29
V 105.000000 192.000000 30.000000 30.000000
V 225.000000 292.000000 100.000000 80.000000
V 445.000000 292.000000 30.000000 30.000000
V 555.000000 292.000000 40.000000 40.000000
V 1020.000000 410.000000 100.000000 80.000000
V 885.000000 200.000000 100.000000 80.000000
V 885.000000 292.000000 100.000000 80.000000
V 660.000000 230.000000 100.000000 80.000000
V 660.000000 410.000000 100.000000 80.000000
V 763.000000 230.000000 40.000000 40.000000
V 345.000000 292.000000 40.000000 40.000000
V 1020.000000 292.000000 40.000000 40.000000
V 1185.000000 292.000000 100.000000 80.000000
V 1090.000000 292.000000 30.000000 30.000000
V 1345.000000 200.000000 30.000000 30.000000
V 1410.000000 198.460000 40.000000 40.000000
V 1149.000000 474.000000 28.000000 28.000000
V 905.000000 89.000000 28.000000 28.000000
V 320.000000 674.000000 30.000000 30.000000
V 544.000000 674.000000 100.000000 80.000000
V 905.000000 674.000000 100.000000 80.000000
V 695.000000 674.000000 40.000000 40.000000
V 793.000000 674.000000 30.000000 30.000000
V 1250.000000 672.000000 100.000000 80.000000
E 0 1 105.000000 192.000000 147.500000 192.000000 147.500000 292.000000 225.000000 292.000000
E 1 10 225.000000 292.000000 345.500000 292.500000
E 1 18 275.000000 292.000000 335.000000 292.000000 335.000000 689.000000
E 2 3 445.000000 292.000000 555.500000 292.500000
E 10 2 345.500000 292.500000 445.000000 292.000000
E 19 2 544.000000 674.000000 544.000000 442.000000 445.000000 442.000000 445.000000 292.000000
E 3 7 555.500000 292.500000 555.500000 230.000000 660.000000 230.000000
E 3 8 555.500000 292.500000 555.500000 410.000000 660.000000 410.000000
E 8 4 660.000000 410.000000 1020.000000 410.000000
E 12 4 1185.000000 292.000000 1185.000000 410.000000 1020.000000 410.000000
E 15 4 1410.500000 198.960000 1440.000000 198.460000 1440.000000 431.000000 1069.000000 430.000000
E 4 16 1020.000000 410.000000 1020.000000 474.000000 1149.000000 474.000000
E 9 5 763.500000 230.500000 763.500000 200.000000 885.000000 200.000000
E 15 5 1410.500000 198.960000 1410.500000 161.000000 1159.000000 161.000000 885.000000 175.000000
E 5 17 885.000000 200.000000 885.000000 131.500000 905.000000 131.500000 905.000000 89.000000
E 9 6 763.500000 230.500000 763.500000 292.000000 885.000000 292.000000
E 6 11 885.000000 292.000000 1020.500000 292.500000
E 6 20 895.000000 292.000000 895.000000 656.937500
E 7 9 660.000000 230.000000 763.500000 230.500000
E 11 13 1020.500000 292.500000 1090.000000 292.000000
E 11 14 1020.500000 292.500000 1020.500000 200.000000 1345.000000 200.000000
E 13 12 1090.000000 292.000000 1185.000000 253.000000
E 14 15 1357.946753 198.460000 1410.500000 198.960000
E 23 14 1210.000000 672.000000 1345.000000 672.000000 1345.000000 200.000000
E 18 19 320.000000 674.000000 544.000000 674.000000
E 19 21 544.000000 674.000000 695.500000 674.500000
E 22 20 793.000000 674.000000 905.000000 674.000000
E 20 23 905.000000 674.000000 1077.500000 674.000000 1077.500000 672.000000 1250.000000 672.000000
E 21 22 695.500000 674.500000 793.000000 674.000000
G 1067934650.json 34 43
V 338.000000 139.000000 106.000000 80.000000
V 481.000000 139.000000 92.000000 80.000000
V 691.000000 139.000000 92.000000 81.000000
V 150.000000 139.000000 30.000000 30.000000
V 230.000000 139.000000 40.000000 40.000000
V 590.000000 139.000000 40.000000 40.000000
V 811.000000 139.000000 92.000000 80.000000
V 905.000000 139.000000 40.000000 40.000000
V 1006.000000 139.000000 92.000000 80.000000
V 719.000000 29.000000 28.000000 28.000000
V 1006.000000 265.500000 92.000000 81.000000
V 1117.000000 200.000000 40.000000 40.000000
V 1216.000000 200.000000 92.000000 81.000000
V 1310.000000 200.000000 40.000000 40.000000
V 1411.000000 200.500000 92.000000 81.000000
V 1522.000000 200.500000 40.000000 40.000000
V 1522.000000 402.500000 92.000000 81.000000
V 1291.000000 403.500000 92.000000 81.000000
V 1066.000000 403.000000 92.000000 81.000000
V 841.000000 403.000000 92.000000 81.000000
V 601.000000 404.000000 92.000000 81.000000
V 719.000000 403.000000 40.000000 40.000000
V 950.000000 403.000000 40.000000 40.000000
V 1175.000000 403.000000 40.000000 40.000000
V 1410.995587 402.980539 40.000000 40.000000
V 451.000000 404.000000 92.000000 81.000000
V 350.000000 403.000000 40.000000 40.000000
V 256.000000 404.500000 92.000000 81.000000
V 256.000000 550.500000 92.000000 81.000000
V 150.000000 470.000000 40.000000 40.000000
V 150.000000 685.500000 92.000000 81.000000
V 271.000000 686.000000 92.000000 81.000000
V 406.000000 685.500000 92.000000 81.000000
V 511.000000 685.500000 28.000000 28.000000
E 0 1 338.000000 139.000000 481.000000 139.000000
E 4 0 230.500000 139.500000 338.000000 139.000000
E 1 5 481.000000 139.000000 590.500000 139.500000
E 5 2 590.500000 139.500000 691.000000 139.000000
E 2 6 691.000000 139.000000 811.000000 139.000000
E 3 4 150.000000 139.000000 230.500000 139.500000
E 5 4 590.500000 139.500000 590.500000 214.000000 230.500000 214.000000 230.500000 139.500000
E 5 9 590.500000 139.500000 590.500000 70.000000 719.000000 70.000000 719.000000 29.000000
E 6 7 811.000000 139.000000 905.500000 139.500000
E 7 8 905.500000 139.500000 1006.000000 139.000000
E 7 9 905.500000 139.500000 905.500000 70.000000 719.000000 70.000000 719.000000 29.000000
E 7 10 905.500000 139.500000 905.500000 265.500000 1006.000000 265.500000
E 8 11 1006.000000 139.000000 1117.500000 139.000000 1117.500000 200.500000
E 13 9 1310.500000 200.500000 1310.500000 70.000000 719.000000 70.000000 719.000000 29.000000
E 15 9 1522.500000 201.000000 1522.500000 70.000000 719.000000 70.000000 719.000000 29.000000
E 21 9 719.500000 403.500000 719.500000 519.000000 1586.000000 519.000000 1586.000000 70.000000 719.000000 70.000000 719.000000 29.000000
E 22 9 950.500000 403.500000 950.500000 519.000000 1586.000000 519.000000 1586.000000 70.000000 719.000000 70.000000 719.000000 29.000000
E 23 9 1175.500000 403.500000 1175.500000 519.000000 1586.000000 519.000000 1586.000000 70.000000 719.000000 70.000000 719.000000 29.000000
E 24 9 1411.495587 403.480539 1411.495587 519.000000 1586.000000 519.000000 1586.000000 70.000000 719.000000 70.000000 719.000000 29.000000
E 10 11 1006.000000 265.500000 1117.500000 265.500000 1117.500000 200.500000
E 11 12 1117.500000 200.500000 1216.000000 200.000000
E 12 13 1216.000000 200.000000 1310.500000 200.500000
E 13 14 1310.500000 200.500000 1411.000000 200.500000
E 14 15 1411.000000 200.500000 1522.500000 201.000000
E 15 16 1522.500000 201.000000 1522.000000 402.500000
E 16 24 1522.000000 402.500000 1411.495587 403.480539
E 17 23 1291.000000 403.500000 1175.500000 403.500000
E 24 17 1411.495587 403.480539 1291.000000 403.500000
E 18 22 1066.000000 403.000000 950.500000 403.500000
E 23 18 1175.500000 403.500000 1066.000000 403.000000
E 19 21 841.000000 403.000000 719.500000 403.500000
E 22 19 950.500000 403.500000 841.000000 403.000000
E 21 20 719.500000 403.500000 601.000000 404.000000
E 20 25 601.000000 404.000000 451.000000 404.000000
E 25 26 451.000000 404.000000 350.500000 403.500000
E 26 27 350.500000 403.500000 256.000000 404.500000
E 26 28 350.500000 403.500000 350.500000 550.500000 256.000000 550.500000
E 27 29 256.000000 404.500000 150.500000 404.500000 150.500000 470.500000
E 28 29 256.000000 550.500000 150.500000 550.500000 150.500000 470.500000
E 29 30 150.500000 470.500000 66.000000 470.500000 66.000000 685.500000 150.000000 685.500000
E 30 31 150.000000 685.500000 271.000000 686.000000
E 31 32 271.000000 686.000000 406.000000 685.500000
E 32 33 406.000000 685.500000 511.000000 685.500000
G 1068470140.json 19 19
V 75.000000 400.000000 30.000000 30.000000
V 185.000000 400.000000 100.000000 80.000000
V 300.000000 400.000000 40.000000 40.000000
V 414.000000 210.500000 112.000000 101.000000
V 425.000000 640.000000 100.000000 80.000000
V 543.000000 211.000000 40.000000 40.000000
V 710.000000 211.000000 100.000000 80.000000
V 540.000000 323.000000 40.000000 40.000000
V 711.000000 321.000000 100.000000 80.000000
V 941.000000 218.000000 100.000000 80.000000
V 826.000000 319.000000 40.000000 40.000000
V 941.000000 400.000000 100.000000 80.000000
V 543.000000 640.000000 40.000000 40.000000
V 711.000000 640.000000 100.000000 80.000000
V 1079.000000 400.000000 28.000000 28.000000
V 1079.000000 218.000000 28.000000 28.000000
V 1079.000000 640.000000 28.000000 28.000000
V 738.500000 775.000000 157.000000 80.000000
V 1079.000000 775.000000 28.000000 28.000000
E 0 1 75.000000 400.000000 185.000000 400.000000
E 1 2 185.000000 400.000000 300.500000 400.500000
E 2 3 300.500000 400.500000 300.500000 210.500000 359.000000 210.500000
E 2 4 300.500000 400.500000 300.500000 640.000000 425.000000 640.000000
E 3 5 414.000000 210.500000 543.500000 211.500000
E 4 12 425.000000 640.000000 543.500000 640.500000
E 5 6 543.500000 211.500000 710.000000 211.000000
E 5 7 543.500000 211.500000 543.399963 261.799988 540.500000 323.500000
E 7 8 540.500000 323.500000 711.000000 321.000000
E 12 7 545.000000 640.500000 545.000000 323.500000
E 8 10 711.000000 321.000000 783.500000 321.000000 783.500000 319.500000 826.500000 319.500000
E 10 9 826.500000 319.500000 826.500000 218.000000 941.000000 218.000000
E 9 15 941.000000 218.000000 1079.000000 218.000000
E 10 11 826.500000 319.500000 826.500000 400.000000 941.000000 400.000000
E 11 14 941.000000 400.000000 1079.000000 400.000000
E 12 13 543.500000 640.500000 711.000000 640.000000
E 12 17 543.500000 640.500000 543.500000 775.000000 738.500000 775.000000
E 13 16 711.000000 640.000000 1079.000000 640.000000
E 17 18 738.500000 775.000000 1079.000000 775.000000
G 1069107590.json 19 26
V 196.000000 126.000000 30.000000 30.000000
V 815.000000 125.000000 100.000000 80.000000
V 930.000000 228.500000 88.000000 97.000000
V 455.000000 125.000000 40.000000 40.000000
V 610.000000 125.000000 100.000000 80.000000
V 930.000000 125.000000 40.000000 40.000000
V 1045.000000 125.000000 100.000000 80.000000
V 1154.000000 125.000000 28.000000 28.000000
V 1157.000000 243.500000 112.000000 97.000000
V 305.000000 125.000000 100.000000 80.000000
V 407.000000 127.000000 30.000000 30.000000
V 76.000000 381.000000 30.000000 30.000000
V 185.000000 380.000000 100.000000 80.000000
V 307.000000 382.000000 30.000000 30.000000
V 405.000000 380.000000 100.000000 80.000000
V 612.000000 382.000000 30.000000 30.000000
V 815.000000 325.000000 100.000000 80.000000
V 540.000000 380.000000 40.000000 40.000000
V 1045.000000 424.000000 28.000000 28.000000
E 0 9 196.000000 126.000000 255.000000 125.000000
E 12 0 196.000000 340.000000 196.000000 126.000000
E 2 1 886.000000 193.000000 851.000000 165.000000
E 4 1 660.000000 125.000000 765.000000 125.000000
E 1 5 865.000000 125.000000 930.000000 125.000000
E 16 1 815.000000 285.000000 815.000000 165.000000
E 16 2 862.000000 285.000000 886.000000 265.000000
E 3 4 455.000000 125.000000 560.000000 125.000000
E 5 3 930.000000 125.000000 930.500000 37.000000 455.500000 37.000000 455.000000 125.000000
E 10 3 407.000000 127.000000 455.000000 125.000000
E 4 15 612.000000 165.000000 612.000000 382.000000
E 5 6 930.000000 125.000000 995.000000 125.000000
E 6 7 1095.000000 125.000000 1154.000000 125.000000
E 6 8 1082.000000 165.000000 1111.000000 195.000000
E 6 18 1045.000000 165.000000 1045.000000 424.000000
E 8 18 1127.000000 292.000000 1045.000000 424.000000
E 9 10 355.000000 125.000000 407.000000 127.000000
E 9 13 307.000000 165.000000 307.000000 382.000000
E 14 10 407.000000 340.000000 407.000000 127.000000
E 11 12 76.000000 381.000000 135.000000 380.000000
E 12 13 235.000000 380.000000 307.000000 382.000000
E 13 14 307.000000 382.000000 355.000000 380.000000
E 14 17 455.000000 380.000000 540.000000 380.000000
E 15 16 612.000000 382.000000 657.500000 380.000000 657.500000 325.000000 765.000000 325.000000
E 17 15 540.000000 380.000000 612.000000 382.000000
E 16 18 865.000000 325.000000 904.000000 325.000000 904.000000 424.000000 1045.000000 424.000000
G 106933957.json 35 42
V 429.499989 340.000000 100.000000 80.000000
V 278.999992 341.000000 30.000000 30.000000
V 609.240675 340.000000 100.000000 80.000000
V 845.000000 341.000000 100.000000 80.000000
V 1205.000000 339.000000 40.000000 40.000000
V 1320.000000 339.000000 100.000000 80.000000
V 560.000000 580.000000 100.000000 80.000000
V 674.000000 580.000000 28.000000 28.000000
V 1450.000000 339.000000 40.000000 40.000000
V 1585.000000 340.000000 100.000000 80.000000
V 1701.999962 610.000000 100.000000 80.000000
V 1701.999962 340.000000 40.000000 40.000000
V 1795.999959 339.000000 100.000000 80.000000
V 1910.000000 340.000000 40.000000 40.000000
V 2032.999950 341.000000 100.000000 80.000000
V 2332.499970 337.500000 105.000059 133.000000
V 2150.000000 339.000000 40.000000 40.000000
V 1701.999962 734.000000 28.000000 28.000000
V 1701.999962 485.000000 40.000000 40.000000
V 725.000000 341.000000 40.000000 40.000000
V 300.000000 580.000000 30.000000 30.000000
V 965.000000 341.000000 40.000000 40.000000
V 1085.000000 341.000000 100.000000 80.000000
V 2332.999941 505.000000 100.000000 80.000000
V 2332.999941 610.000000 40.000000 40.000000
V 2150.000000 655.000000 100.000000 80.000000
V 2150.000000 850.000000 100.000000 80.000000
V 2332.999941 910.000000 100.000000 80.000000
V 2150.000000 965.000000 40.000000 40.000000
V 1505.000000 850.000000 100.000000 80.000000
V 1505.000000 1010.000000 40.000000 40.000000
V 1585.000000 1115.000000 100.000000 80.000000
V 1585.000000 1217.899980 40.000000 40.000000
V 1883.149969 1217.899980 100.000000 80.000000
V 2032.999950 1217.899980 28.000000 28.000000
E 1 0 278.999992 341.000000 379.499989 340.000000
E 0 2 479.499989 340.000000 559.240675 340.000000
E 2 19 609.240675 340.000000 682.120337 340.000000 682.120337 341.500000 725.500000 341.500000
E 19 3 725.500000 341.500000 845.000000 341.000000
E 3 21 845.000000 341.000000 965.500000 341.500000
E 4 5 1205.500000 339.000000 1320.000000 339.000000
E 4 18 1205.500000 339.500000 1205.500000 390.000000 1691.000000 477.000000
E 22 4 1085.000000 341.000000 1160.000000 341.000000 1160.000000 339.500000 1205.500000 339.500000
E 5 8 1320.000000 339.000000 1450.500000 339.500000
E 6 7 560.000000 580.000000 674.000000 580.000000
E 20 6 300.000000 580.000000 560.000000 580.000000
E 8 9 1450.500000 339.500000 1585.000000 340.000000
E 8 18 1450.500000 339.500000 1526.000000 397.000000 1699.000000 471.000000
E 9 11 1585.000000 340.000000 1702.499962 340.500000
E 10 17 1701.999962 610.000000 1701.999962 734.000000
E 18 10 1702.499962 485.500000 1701.999962 610.000000
E 30 10 1505.500000 1010.500000 1320.110024 1010.500000 1320.110024 645.089999 1655.401962 645.089999
E 32 10 1585.500000 1218.399980 1214.839997 1218.399980 1214.839997 610.000000 1701.999962 610.000000
E 11 12 1702.499962 340.500000 1795.999959 339.000000
E 11 18 1702.499962 340.500000 1702.499962 485.500000
E 12 13 1795.999959 339.000000 1867.999979 339.000000 1867.999979 340.500000 1910.500000 340.500000
E 13 14 1910.500000 340.500000 2032.999950 341.000000
E 13 18 1910.500000 340.500000 1702.499962 485.500000
E 14 16 2032.999950 341.000000 2106.499975 341.000000 2106.499975 339.500000 2150.500000 339.500000
E 16 15 2150.500000 339.500000 2224.999970 339.500000 2224.999970 337.500000 2332.499970 337.500000
E 15 23 2332.499970 337.500000 2332.999941 505.000000
E 16 18 2150.500000 339.500000 2029.000000 485.500000 1702.499962 485.500000
E 21 18 965.500000 341.500000 965.500000 485.500000 1702.499962 485.500000
E 19 20 725.500000 341.500000 725.500000 463.000000 300.000000 463.000000 300.000000 580.000000
E 21 22 965.500000 341.500000 1085.000000 341.000000
E 23 24 2332.999941 505.000000 2333.499941 610.500000
E 24 25 2333.499941 610.500000 2256.499970 655.000000 2150.000000 655.000000
E 24 27 2333.499941 610.500000 2332.999941 910.000000
E 25 26 2150.000000 655.000000 2150.000000 850.000000
E 26 28 2150.000000 850.000000 2150.500000 965.500000
E 27 28 2332.999941 910.000000 2332.999941 965.500000 2150.500000 965.500000
E 28 29 2150.500000 965.500000 1842.500000 965.500000 1842.500000 850.000000 1505.000000 850.000000
E 29 30 1505.000000 850.000000 1505.500000 1010.500000
E 30 31 1505.500000 1010.500000 1585.000000 1010.500000 1585.000000 1115.000000
E 31 32 1585.000000 1115.000000 1585.500000 1218.399980
E 32 33 1585.500000 1218.399980 1883.149969 1217.899980
E 33 34 1883.149969 1217.899980 2032.999950 1217.899980
G 1069691092.json 34 35
V 120.000000 155.000000 30.000000 30.000000
V 230.000000 155.000000 100.000000 80.000000
V 570.000000 905.000000 100.000000 80.000000
V 715.000000 905.000000 100.000000 80.000000
V 830.000000 905.000000 40.000000 40.000000
V 830.000000 984.000000 28.000000 28.000000
V 1141.999750 850.000000 183.999500 50.000000
V 462.027812 695.000000 100.000000 80.000000
V 575.701954 649.000000 62.001000 60.173000
V 690.000000 695.000000 100.000000 80.000000
V 915.000000 695.000000 100.000000 80.000000
V 830.000000 575.086500 62.001000 60.173000
V 995.000000 575.000000 62.001000 60.173000
V 1145.000000 695.000000 40.000000 40.000000
V 1260.000000 630.000000 30.000000 30.000000
V 230.000000 695.000000 100.000000 80.000000
V 339.550495 570.486495 62.001000 60.173000
V 723.188298 628.913500 183.999500 50.000000
V 1205.000000 575.000000 266.979997 50.000000
V 347.307567 695.000000 30.000000 30.000000
V 1260.000000 744.000000 30.000000 30.000000
V 1060.000000 695.000000 100.000000 80.000000
V 531.035019 570.399995 229.050034 79.443257
V 230.000000 405.000000 100.000000 80.000000
V 361.000500 405.000000 62.001000 60.173000
V 510.000000 405.000000 151.243501 50.000000
V 742.713565 410.000000 229.050034 70.000000
V 370.000000 1161.097342 100.000000 80.000000
V 502.027812 1161.097342 100.000000 80.000000
V 361.000500 1265.061456 62.001000 60.173000
V 601.000500 1264.974956 62.001000 60.173000
V 841.864758 1264.974956 303.729516 50.000000
V 230.000000 1161.097342 100.000000 80.000000
V 230.000000 2000.000000 100.000000 80.000000
E 0 1 120.000000 155.000000 230.000000 155.000000
E 1 23 230.000000 155.000000 230.000000 405.000000
E 2 3 570.000000 905.000000 715.000000 905.000000
E 7 2 462.027812 695.000000 570.000000 695.000000 570.000000 905.000000
E 3 4 715.000000 905.000000 830.000000 905.000000
E 4 5 830.500000 905.500000 830.000000 984.000000
E 4 9 830.500000 905.500000 830.500000 810.000000 690.000000 810.000000 690.000000 695.000000
E 4 10 830.500000 905.500000 915.000000 905.500000 915.000000 695.000000
U 21 6 1052.000000 712.315167 1051.839995 849.000000
E 8 7 575.276954 648.838000 462.027812 695.000000
E 19 7 347.307567 695.000000 462.027812 695.000000
E 28 7 482.027812 1161.097342 482.027812 695.000000
U 8 17 575.276954 648.838000 633.028543 627.913500
E 9 10 690.000000 695.000000 915.000000 695.000000
E 9 11 690.000000 695.000000 830.000000 575.086500
E 12 10 994.575000 574.838000 915.000000 695.000000
E 10 21 915.000000 695.000000 1060.000000 695.000000
U 12 18 994.575000 574.838000 1074.179801 574.000000
E 13 14 1145.500000 695.500000 1145.500000 630.000000 1260.000000 630.000000
E 13 20 1145.500000 695.500000 1145.500000 744.000000 1260.000000 744.000000
E 21 13 1060.000000 695.000000 1145.500000 695.500000
E 15 16 230.000000 695.000000 339.550495 570.486495
E 15 19 230.000000 695.000000 347.307567 695.000000
E 15 32 230.000000 695.000000 230.000000 1161.097342
E 33 15 230.000000 2000.000000 146.000000 1239.000000 102.000000 942.000000 230.000000 695.000000
U 16 22 339.125495 570.324495 418.800502 568.811130
U 16 26 339.125495 570.324495 630.479049 408.600000
E 23 24 230.000000 405.000000 361.000500 405.000000
E 23 33 213.333333 405.000000 106.000000 641.000000 123.000000 944.000000 230.000000 2000.000000
U 24 25 360.575500 404.838000 435.890684 404.000000
E 27 28 370.000000 1161.097342 502.027812 1161.097342
E 27 29 370.000000 1161.097342 361.277959 1265.283325
E 32 27 230.000000 1161.097342 396.000000 1161.097342
E 28 30 502.027812 1161.097342 601.236433 1265.159620
U 30 31 600.575500 1264.812956 693.037295 1263.974956
G 1070302721.json 24 27
V 220.000000 345.000000 100.000000 80.000000
V 335.000000 345.000000 40.000000 40.000000
V 471.000000 427.500000 100.000000 95.000000
V 656.000000 427.500000 100.000000 95.000000
V 857.500000 427.500000 133.000000 95.000000
V 985.000000 345.000000 40.000000 40.000000
V 1070.000000 345.000000 40.000000 40.000000
V 1155.000000 345.000000 40.000000 40.000000
V 1235.000000 305.000000 30.000000 30.000000
V 1233.000000 406.000000 30.000000 30.000000
V 1350.000000 304.500000 116.000000 95.000000
V 1235.000000 468.000000 30.000000 30.000000
V 1580.000000 325.000000 40.000000 40.000000
V 1690.000000 262.000000 100.000000 80.000000
V 1691.000000 393.000000 100.000000 80.000000
V 1925.000000 325.000000 40.000000 40.000000
V 1834.000000 393.000000 100.000000 80.000000
V 1994.000000 325.000000 28.000000 28.000000
V 806.000000 282.000000 116.000000 80.000000
V 1475.000000 304.500000 40.000000 40.000000
V 1395.000000 540.000000 30.000000 30.000000
V 1835.000000 262.000000 100.000000 80.000000
V 110.000000 345.000000 30.000000 30.000000
V 515.000000 282.000000 100.000000 80.000000
E 0 1 220.000000 345.000000 335.500000 345.500000
E 22 0 110.000000 345.000000 220.000000 345.000000
E 1 2 335.500000 345.500000 335.500000 427.500000 471.000000 427.500000
E 1 23 335.000000 345.000000 335.000000 282.000000 466.000000 282.000000
E 2 3 471.000000 427.500000 656.000000 427.500000
E 3 4 656.000000 427.500000 857.500000 427.500000
E 4 5 857.500000 427.500000 985.000000 427.500000 985.000000 345.000000
E 5 6 985.500000 345.500000 1070.500000 345.500000
E 18 5 806.000000 282.000000 985.500000 282.000000 985.500000 345.500000
E 6 7 1070.500000 345.500000 1155.500000 345.500000
E 11 6 1235.000000 468.000000 1060.000000 468.000000 1060.000000 345.500000
E 20 6 1395.000000 540.000000 1081.000000 540.000000 1081.000000 345.500000
E 7 8 1155.500000 345.500000 1155.500000 305.000000 1235.000000 305.000000
E 7 9 1155.500000 345.500000 1155.500000 406.000000 1233.000000 406.000000
E 8 10 1235.000000 305.000000 1350.000000 304.500000
E 9 11 1233.000000 406.000000 1235.000000 468.000000
E 10 19 1350.000000 304.500000 1475.500000 305.000000
E 12 13 1580.500000 325.500000 1580.500000 262.000000 1690.000000 262.000000
E 12 14 1580.500000 325.500000 1580.500000 393.000000 1691.000000 393.000000
E 19 12 1475.000000 304.500000 1527.500000 304.500000 1527.500000 325.000000 1580.000000 325.000000
E 13 21 1690.000000 262.000000 1835.000000 262.000000
E 14 16 1691.000000 393.000000 1834.000000 393.000000
E 16 15 1834.000000 393.000000 1925.500000 393.000000 1925.500000 325.500000
E 15 17 1925.500000 325.500000 1994.000000 325.000000
E 21 15 1835.000000 262.000000 1925.500000 262.000000 1925.500000 325.500000
E 23 18 515.000000 282.000000 806.000000 282.000000
E 19 20 1475.500000 305.000000 1475.500000 540.000000 1406.000000 540.000000
G 1070402056.json 19 26
V 165.000000 225.000000 30.000000 30.000000
V 325.500000 224.500000 81.000000 55.000000
V 183.000000 107.500000 66.000000 65.000000
V 401.000000 77.500000 66.000000 65.000000
V 472.000000 225.000000 40.000000 40.000000
V 542.500000 132.000000 81.000000 54.000000
V 542.500000 298.000000 81.000000 54.000000
V 400.500000 392.500000 77.000000 65.000000
V 620.000000 225.000000 40.000000 40.000000
V 730.500000 225.000000 81.000000 60.000000
V 877.000000 225.000000 40.000000 40.000000
V 1025.000000 85.000000 100.000000 80.000000
V 1025.000000 225.000000 100.000000 80.000000
V 1025.000000 355.000000 100.000000 80.000000
V 759.000000 39.500000 66.000000 49.000000
V 758.500000 392.500000 77.000000 65.000000
V 653.500000 482.500000 77.000000 65.000000
V 1160.000000 225.000000 40.000000 40.000000
V 1259.000000 269.000000 28.000000 28.000000
E 0 1 165.000000 225.000000 325.500000 224.500000
E 0 2 163.000000 215.000000 183.000000 107.500000
E 2 1 183.000000 107.500000 325.500000 224.500000
E 1 3 325.500000 224.500000 401.000000 77.500000
E 1 4 325.500000 224.500000 472.500000 225.500000
E 1 7 325.500000 224.500000 400.500000 392.500000
E 3 5 401.000000 77.500000 542.500000 132.000000
E 4 5 472.500000 225.500000 472.500000 132.000000 542.500000 132.000000
E 4 6 472.500000 225.500000 472.500000 298.000000 542.500000 298.000000
E 5 8 542.500000 132.000000 620.500000 132.000000 620.500000 225.500000
E 7 6 400.500000 392.500000 542.500000 298.000000
E 6 8 542.500000 298.000000 620.500000 298.000000 620.500000 225.500000
E 8 9 620.500000 225.500000 730.500000 225.000000
E 9 10 730.500000 225.000000 877.500000 225.500000
E 9 14 730.500000 225.000000 759.000000 39.500000
E 9 15 745.000000 239.000000 745.000000 372.000000
E 10 11 877.500000 225.500000 877.500000 85.000000 1025.000000 85.000000
E 10 12 877.500000 225.500000 1025.000000 225.000000
E 10 13 877.500000 225.500000 877.500000 355.000000 1025.000000 355.000000
E 14 11 759.000000 39.500000 1025.000000 85.000000
E 11 17 1025.000000 85.000000 1160.500000 85.000000 1160.500000 225.500000
E 15 12 758.500000 392.500000 1025.000000 225.000000
E 12 17 1025.000000 225.000000 1160.500000 225.500000
E 16 13 653.500000 482.500000 1025.000000 355.000000
E 13 17 1025.000000 355.000000 1160.500000 355.000000 1160.500000 225.500000
E 17 18 1160.500000 225.500000 1212.500000 225.500000 1212.500000 269.000000 1259.000000 269.000000
G 1070635668.json 25 33
V 165.000000 255.000000 30.000000 30.000000
V 230.000000 255.000000 40.000000 40.000000
V 320.000000 85.000000 100.000000 80.000000
V 320.000000 255.000000 100.000000 80.000000
V 320.000000 475.000000 100.000000 80.000000
V 545.000000 475.000000 40.000000 40.000000
V 710.000000 565.000000 100.000000 80.000000
V 620.000000 371.000000 40.000000 40.000000
V 710.000000 371.000000 100.000000 80.000000
V 440.000000 255.000000 100.000000 80.000000
V 620.000000 255.000000 100.000000 80.000000
V 440.000000 475.000000 100.000000 80.000000
V 845.000000 371.000000 100.000000 80.000000
V 845.000000 565.000000 100.000000 80.000000
V 620.000000 85.000000 100.000000 80.000000
V 920.000000 255.000000 40.000000 40.000000
V 1025.000000 255.000000 100.000000 80.000000
V 1124.000000 255.000000 28.000000 28.000000
V 320.000000 371.000000 88.000000 51.000000
V 440.000000 371.000000 94.000000 51.000000
V 845.000000 475.500000 94.000000 51.000000
V 710.000000 475.500000 113.000000 38.000000
V 1025.000000 341.500000 88.000000 38.000000
V 320.000000 169.000000 88.000000 38.000000
V 620.000000 169.000000 88.000000 38.000000
E 0 1 165.000000 255.000000 230.500000 255.500000
E 1 2 230.500000 255.500000 230.500000 85.000000 320.000000 85.000000
E 1 3 230.500000 255.500000 320.000000 255.000000
E 1 4 230.500000 255.500000 230.500000 475.000000 320.000000 475.000000
E 2 14 320.000000 85.000000 620.000000 85.000000
E 2 23 320.000000 85.000000 320.000000 169.000000
E 3 9 320.000000 255.000000 440.000000 255.000000
E 3 18 320.000000 255.000000 320.000000 371.000000
E 4 11 320.000000 475.000000 440.000000 475.000000
E 4 18 320.000000 475.000000 320.000000 371.000000
E 5 7 545.000000 475.000000 620.000000 475.000000 620.000000 371.000000
E 9 5 440.000000 255.000000 440.000000 322.500000 545.500000 322.500000 545.500000 475.500000
E 11 5 440.000000 475.000000 545.500000 475.500000
E 7 6 620.500000 371.500000 620.500000 565.000000 710.000000 565.000000
E 6 13 710.000000 565.000000 845.000000 565.000000
E 6 21 710.000000 565.000000 710.000000 475.500000
E 7 8 620.500000 371.500000 710.000000 371.000000
E 8 12 710.000000 371.000000 845.000000 371.000000
E 8 21 710.000000 371.000000 710.000000 475.500000
E 9 10 440.000000 255.000000 620.000000 255.000000
E 9 19 440.000000 255.000000 436.000000 379.500000
E 10 15 620.000000 255.000000 920.500000 255.500000
E 10 24 620.000000 255.000000 620.000000 169.000000
E 11 19 440.000000 475.000000 440.000000 371.000000
E 12 15 845.000000 371.000000 920.500000 371.000000 920.500000 255.500000
E 12 20 845.000000 371.000000 845.000000 475.500000
E 13 15 845.000000 565.000000 920.500000 565.000000 920.500000 255.500000
E 13 20 845.000000 565.000000 845.000000 475.500000
E 14 15 620.000000 85.000000 920.500000 85.000000 920.500000 255.500000
E 14 24 620.000000 85.000000 620.000000 169.000000
E 15 16 920.500000 255.500000 1025.000000 255.000000
E 16 17 1025.000000 255.000000 1124.000000 255.000000
E 22 16 1025.000000 341.500000 1025.000000 255.000000
G 1071121375.json 25 31
V 90.000000 230.000000 28.000000 28.000000
V 216.000000 229.000000 100.000000 80.000000
V 360.000000 229.000000 100.000000 80.000000
V 365.000000 378.500000 88.000000 97.000000
V 365.500000 523.973000 63.875000 57.946000
V 508.000000 229.000000 100.000000 80.000000
V 691.937500 379.000000 63.875000 57.946000
V 513.000000 379.000000 88.000000 97.000000
V 640.000000 229.000000 40.000000 40.000000
V 740.000000 159.000000 100.000000 80.000000
V 740.000000 295.000000 100.000000 80.000000
V 880.000000 453.500000 88.000000 97.000000
V 880.000000 295.000000 100.000000 80.000000
V 1203.000000 295.500000 100.000000 80.000000
V 1154.000000 161.500000 88.000000 97.000000
V 1259.000000 160.500000 88.000000 97.000000
V 1340.000000 295.500000 40.000000 40.000000
V 1473.000000 295.500000 100.000000 80.000000
V 1471.000000 430.500000 100.000000 80.000000
V 1213.000000 522.000000 104.000000 97.000000
V 1640.000000 430.500000 100.000000 80.000000
V 1754.000000 430.500000 28.000000 28.000000
V 1473.000000 159.000000 88.000000 97.000000
V 1040.000000 295.000000 100.000000 80.000000
V 1040.000000 162.000000 88.000000 97.000000
E 0 1 90.000000 230.000000 166.000000 229.000000
E 1 2 266.000000 229.000000 310.000000 229.000000
E 2 3 361.000000 269.000000 364.000000 330.000000
E 2 5 410.000000 229.000000 458.000000 229.000000
E 9 2 740.000000 119.000000 740.000000 86.000000 360.000000 86.000000 360.000000 189.000000
E 22 2 1473.000000 110.000000 1473.000000 69.000000 335.000000 69.000000 335.000000 189.000000
E 24 2 1040.000000 113.000000 1040.000000 68.000000 335.000000 68.000000 335.000000 189.000000
U 3 4 365.000000 427.000000 365.000000 495.000000
U 7 4 469.000000 422.000000 393.000000 495.000000
U 11 4 836.000000 458.000000 397.000000 519.000000
U 19 4 1161.000000 522.000000 397.000000 523.000000
E 5 7 509.000000 269.000000 512.000000 330.000000
E 5 8 558.000000 229.000000 640.000000 229.000000
U 6 7 660.000000 379.000000 557.000000 379.000000
U 6 23 723.000000 379.000000 1040.000000 379.000000 1040.000000 335.000000
E 8 9 640.000000 229.000000 640.500000 159.000000 690.000000 159.000000
E 8 10 640.000000 229.000000 640.500000 295.000000 690.000000 295.000000
E 10 12 790.000000 295.000000 830.000000 295.000000
E 12 11 880.000000 335.000000 880.000000 405.000000
E 12 23 930.000000 295.000000 990.000000 295.000000
E 14 13 1171.000000 210.000000 1188.000000 255.000000
E 15 13 1239.000000 209.000000 1219.000000 255.000000
E 13 16 1253.000000 295.000000 1340.000000 295.500000
E 13 19 1204.000000 335.000000 1211.000000 473.000000
E 23 13 1090.000000 295.000000 1153.000000 295.000000
E 16 17 1340.000000 295.500000 1423.000000 295.000000
E 16 18 1340.000000 295.500000 1340.500000 430.500000 1421.000000 430.000000
E 17 22 1473.000000 255.000000 1473.000000 207.000000
E 18 20 1521.000000 430.000000 1590.000000 430.000000
E 20 21 1690.000000 430.000000 1754.000000 430.500000
E 23 24 1040.000000 255.000000 1040.000000 210.000000
G 1071361509.json 32 35
V 1152.500000 120.000000 100.000000 80.000000
V 1294.000000 120.000000 100.000000 80.000000
V 1495.000000 120.000000 100.000000 80.000000
V 1400.000000 120.000000 30.000000 30.000000
V 1589.000000 120.000000 28.000000 28.000000
V 412.500000 379.000000 100.000000 80.000000
V 527.000000 379.000000 40.000000 40.000000
V 615.000000 284.000000 100.000000 80.000000
V 729.000000 284.000000 28.000000 28.000000
V 800.000000 369.000000 100.000000 80.000000
V 900.000000 369.000000 40.000000 40.000000
V 1005.000000 460.000000 100.000000 80.000000
V 615.000000 444.000000 100.000000 80.000000
V 1005.000000 284.000000 100.000000 80.000000
V 1005.000000 372.000000 100.000000 80.000000
V 1115.000000 369.000000 40.000000 40.000000
V 1114.000000 284.000000 28.000000 28.000000
V 312.500000 379.000000 30.000000 30.000000
V 729.000000 444.000000 30.000000 30.000000
V 177.500000 645.000000 100.000000 80.000000
V 82.500000 645.000000 30.000000 30.000000
V 1400.000000 590.000000 100.000000 80.000000
V 1312.500000 695.000000 100.000000 80.000000
V 312.500000 645.000000 100.000000 80.000000
V 1097.500000 645.000000 30.000000 30.000000
V 1192.500000 645.000000 40.000000 40.000000
V 1265.000000 590.000000 100.000000 80.000000
V 1579.000000 645.000000 28.000000 28.000000
V 1500.000000 645.000000 40.000000 40.000000
V 729.000000 905.000000 100.000000 80.000000
V 615.000000 905.000000 30.000000 30.000000
V 833.000000 905.000000 28.000000 28.000000
E 0 1 1152.500000 120.000000 1294.000000 120.000000
E 15 0 1115.500000 369.500000 1152.500000 369.500000 1152.500000 120.000000
E 1 3 1294.000000 120.000000 1400.000000 120.000000
E 3 2 1400.000000 120.000000 1495.000000 120.000000
E 2 4 1495.000000 120.000000 1589.000000 120.000000
E 21 3 1400.000000 590.000000 1400.000000 120.000000
E 5 6 438.500000 377.000000 527.500000 379.500000
E 17 5 312.500000 379.000000 412.500000 379.000000
E 6 7 527.500000 379.500000 615.000000 284.000000
E 6 12 539.500000 386.000000 615.000000 444.000000
E 7 8 615.000000 284.000000 729.000000 284.000000
E 9 10 800.000000 369.000000 900.500000 369.500000
E 18 9 729.000000 444.000000 800.000000 444.000000 800.000000 369.000000
E 10 11 900.500000 369.500000 900.500000 460.000000 1005.000000 460.000000
E 10 13 900.500000 369.500000 900.500000 284.000000 1005.000000 284.000000
E 10 14 900.500000 371.000000 1005.000000 371.000000
E 11 15 1005.000000 460.000000 1115.500000 460.000000 1115.500000 369.500000
E 12 18 615.000000 444.000000 729.000000 444.000000
E 12 30 615.000000 444.000000 615.000000 912.000000
E 13 16 1005.000000 284.000000 1114.000000 284.000000
E 14 15 1005.000000 372.000000 1115.500000 369.500000
E 23 17 312.500000 645.000000 312.500000 379.000000
E 29 18 729.000000 881.802838 729.000000 459.000000
E 20 19 82.500000 645.000000 142.500000 645.000000
E 19 23 177.500000 645.000000 312.500000 645.000000
E 26 21 1265.000000 590.000000 1400.000000 590.000000
E 21 28 1400.000000 590.000000 1500.500000 590.000000 1500.500000 645.500000
E 25 22 1193.000000 645.500000 1193.000000 695.000000 1312.500000 695.000000
E 22 28 1312.500000 695.000000 1500.500000 695.000000 1500.500000 645.500000
E 23 24 312.500000 645.000000 1097.500000 645.000000
E 24 25 1097.500000 645.000000 1193.000000 645.500000
E 25 26 1193.000000 645.500000 1193.000000 590.000000 1265.000000 590.000000
E 28 27 1500.500000 645.500000 1579.000000 645.000000
E 30 29 615.000000 905.000000 680.000000 905.000000
E 29 31 729.000000 905.000000 833.000000 905.000000
G 107168023.json 16 18
V 1011.000000 85.000000 120.000000 60.000000
V 153.000000 284.000000 28.000000 28.000000
V 274.500000 288.500000 40.000000 40.000000
V 892.000000 303.000000 120.000000 60.000000
V 457.000000 289.000000 140.000000 70.000000
V 601.500000 297.500000 40.000000 40.000000
V 1267.500000 302.500000 40.000000 40.000000
V 853.500000 222.500000 40.000000 40.000000
V 722.000000 219.000000 120.000000 60.000000
V 1011.000000 224.000000 120.000000 60.000000
V 1207.500000 218.500000 40.000000 40.000000
V 1051.000000 303.000000 120.000000 60.000000
V 1267.500000 504.500000 40.000000 40.000000
V 446.000000 508.000000 100.000000 50.000000
V 1428.000000 505.000000 140.000000 70.000000
V 1591.000000 505.000000 28.000000 28.000000
E 7 0 853.500000 222.500000 858.000000 85.000000 951.000000 85.000000
E 0 10 1071.000000 89.000000 1218.000000 89.000000 1207.500000 218.500000
E 1 2 153.000000 284.000000 274.500000 288.500000
E 2 4 274.500000 288.500000 387.000000 291.000000
E 2 13 274.500000 288.500000 274.000000 510.000000 396.000000 510.000000
E 5 3 601.500000 297.500000 832.000000 297.000000
E 3 11 952.000000 303.000000 991.000000 303.000000
E 4 5 527.000000 295.000000 601.500000 297.500000
E 5 8 601.500000 297.500000 608.000000 213.000000 662.000000 213.000000
E 10 6 1207.500000 218.500000 1267.000000 220.000000 1267.500000 302.500000
E 11 6 1111.000000 305.000000 1267.500000 302.500000
E 6 12 1267.500000 302.500000 1267.500000 504.500000
E 8 7 782.000000 222.000000 853.500000 222.500000
E 7 9 853.500000 222.500000 951.000000 227.000000
E 9 10 1071.000000 219.000000 1207.500000 218.500000
E 13 12 496.000000 507.000000 1267.500000 504.500000
E 12 14 1267.500000 504.500000 1358.000000 504.000000
E 14 15 1498.000000 504.000000 1591.000000 505.000000
G 1071898239.json 22 23
V 79.304996 337.030036 30.000000 30.000000
V 200.585210 337.030036 100.000000 80.000000
V 721.304996 344.917833 722.072871 219.295588
V 683.918622 343.030043 40.000000 40.000000
V 471.668607 343.030043 40.000000 40.000000
V 397.368585 343.030043 30.000000 30.000000
V 570.868585 290.430039 100.000000 80.000000
V 570.868585 395.630047 100.000000 80.000000
V 798.918622 343.030043 100.000000 80.000000
V 943.918622 343.030043 100.000000 80.000000
V 1052.918622 343.030043 28.000000 28.000000
V 1155.000000 345.270039 30.000000 30.000000
V 1297.789709 613.594119 28.000000 28.000000
V 835.859806 613.594119 40.000000 40.000000
V 321.170420 337.030036 40.000000 40.000000
V 1188.575058 490.950818 100.000000 80.000000
V 998.175060 613.594119 100.000000 80.000000
V 1188.575058 613.594119 40.000000 40.000000
V 978.175060 695.104577 28.000000 28.000000
V 630.828668 71.000000 100.000000 80.000000
V 758.175060 71.000000 28.000000 28.000000
V 488.749207 71.000000 30.000000 30.000000
E 0 1 79.304996 337.030036 200.585210 337.030036
E 1 14 200.585210 337.030036 321.670420 337.530036
E 2 11 721.304996 344.917833 1155.090564 345.330269
E 14 2 321.170420 337.030036 721.304996 337.030036
E 6 3 570.868585 290.430039 684.418622 290.430039 684.418622 343.530043
E 7 3 570.868585 395.630047 684.418622 395.630047 684.418622 343.530043
E 3 8 684.418622 343.530043 798.918622 343.030043
E 5 4 397.368585 343.030043 472.168607 343.530043
E 4 6 472.168607 343.530043 472.168607 290.430039 570.868585 290.430039
E 4 7 472.168607 343.530043 472.168607 395.630047 570.868585 395.630047
E 8 9 798.918622 343.030043 943.918622 343.030043
E 9 10 943.918622 343.030043 1052.918622 343.030043
E 9 21 943.918622 343.030043 943.918622 216.000000 488.749207 216.000000 488.749207 71.000000
E 11 15 1155.000000 345.270039 1188.575058 345.270039 1188.575058 490.950818
E 19 11 630.828668 71.000000 630.828668 151.000000 1155.000000 151.000000 1155.000000 345.270039
E 17 12 1189.075058 614.094119 1297.789709 613.594119
E 13 14 836.359806 614.094119 836.359806 523.000000 321.670420 523.000000 321.670420 337.530036
E 16 13 998.175060 613.594119 836.359806 614.094119
E 13 18 835.859806 613.594119 835.859806 695.104577 978.175060 695.104577
E 15 17 1188.575058 490.950818 1189.075058 613.774133
E 17 16 1189.075058 614.094119 998.175060 613.594119
E 19 20 630.828668 71.000000 758.175060 71.000000
E 21 19 489.246573 71.000000 630.828668 71.000000
G 1072036927.json 20 21
V 365.000000 185.000000 100.000000 80.000000
V 225.000000 185.000000 30.000000 30.000000
V 575.000000 185.000000 28.000000 28.000000
V 710.000000 185.000000 30.000000 30.000000
V 845.000000 185.000000 100.000000 80.000000
V 965.000000 185.000000 40.000000 40.000000
V 1125.000000 185.000000 30.000000 30.000000
V 1265.000000 185.000000 100.000000 80.000000
V 1200.000000 185.000000 30.000000 30.000000
V 1394.000000 185.000000 28.000000 28.000000
V 365.000000 470.000000 100.000000 80.000000
V 470.000000 470.527000 40.000000 40.000000
V 575.000000 470.527000 40.000000 40.000000
V 710.000000 470.527000 40.000000 40.000000
V 965.000000 404.000000 28.000000 28.000000
V 1265.000000 404.000000 30.000000 30.000000
V 1265.000000 490.000000 100.000000 80.000000
V 365.000000 604.527000 88.000000 97.000000
V 1394.000000 490.000000 100.000000 80.000000
V 526.937500 604.500000 63.875000 57.946000
E 1 0 225.000000 185.000000 365.000000 185.000000
E 0 10 348.333333 185.000000 348.333333 470.000000
E 11 2 470.500000 471.027000 470.500000 185.000000 575.000000 185.000000
E 3 4 720.000000 185.000000 845.000000 185.000000
E 13 3 710.500000 471.027000 710.000000 185.000000
E 4 5 845.000000 185.000000 965.500000 185.500000
E 5 6 965.500000 185.500000 1125.000000 185.000000
E 5 14 965.500000 185.500000 965.000000 404.000000
E 6 8 1125.000000 185.000000 1200.000000 185.000000
E 13 6 710.500000 471.027000 1125.000000 471.027000 1125.000000 185.000000
E 6 16 1125.000000 185.000000 1177.500000 185.000000 1177.500000 490.000000 1265.000000 490.000000
E 7 9 1265.000000 185.000000 1394.000000 185.000000
E 7 15 1265.000000 185.000000 1265.000000 404.000000
E 18 9 1394.000000 490.000000 1394.000000 185.000000
E 10 11 365.000000 470.000000 470.500000 470.000000
E 10 17 365.000000 470.000000 365.000000 604.527000
E 11 12 470.500000 471.027000 575.500000 471.027000
E 12 13 575.500000 471.027000 710.500000 471.027000
E 16 15 1265.000000 490.000000 1265.000000 404.000000
E 16 18 1265.000000 490.000000 1394.000000 490.000000
U 17 19 365.000000 604.527000 526.937500 604.500000
G 1072611003.json 35 39
V 137.692265 156.923020 100.000000 80.000000
V 546.153940 156.923020 30.000000 30.000000
V 416.153940 156.923020 100.000000 80.000000
V 281.153940 156.923020 40.000000 40.000000
V 137.692265 271.923020 40.000000 40.000000
V 682.153585 156.923020 100.000000 80.000000
V 682.153585 271.923020 40.000000 40.000000
V 902.153585 156.923020 28.000000 28.000000
V 817.153585 156.923020 40.000000 40.000000
V 392.769093 541.923020 100.000000 80.000000
V 234.153763 541.923020 40.000000 40.000000
V 392.769093 826.923020 100.000000 80.000000
V 682.153585 426.923020 100.000000 80.000000
V 682.153585 541.923020 40.000000 40.000000
V 902.153585 426.923020 28.000000 28.000000
V 817.153585 426.923020 40.000000 40.000000
V 682.153585 711.923020 100.000000 80.000000
V 902.153585 711.923020 28.000000 28.000000
V 817.153585 711.923020 40.000000 40.000000
V 682.153585 826.923020 40.000000 40.000000
V 523.538255 826.923020 40.000000 40.000000
V 392.769093 996.923020 100.000000 80.000000
V 523.538255 996.923020 40.000000 40.000000
V 234.153763 996.923020 28.000000 28.000000
V 602.538255 996.923020 28.000000 28.000000
V 682.153585 996.923020 100.000000 80.000000
V 902.153585 1056.923020 28.000000 28.000000
V 817.153585 996.923020 40.000000 40.000000
V 682.153585 1111.923020 40.000000 40.000000
V 234.153763 1281.923020 28.000000 28.000000
V 392.769093 1281.923020 100.000000 80.000000
V 902.153585 1281.923020 28.000000 28.000000
V 817.153585 1281.923020 40.000000 40.000000
V 682.153585 1396.923020 40.000000 40.000000
V 682.153585 1281.923020 100.000000 80.000000
E 3 0 269.153940 156.923020 137.692265 156.923020
E 0 4 137.692265 156.923020 138.192265 272.423020
E 1 2 546.153940 156.923020 427.179600 156.923020
E 2 3 416.153940 156.923020 281.653940 157.423020
E 4 6 138.192265 272.423020 671.153585 272.423020
E 4 10 138.192265 272.423020 138.192265 543.923020 217.653727 543.923020
E 4 28 138.192265 272.423020 138.192265 1111.923020 668.362570 1111.923020
E 4 33 138.192265 272.423020 138.192265 1397.423020 682.653585 1397.423020
E 6 5 682.653585 272.423020 682.153585 156.923020
E 5 8 682.153585 156.923020 817.653585 157.423020
E 6 7 693.653585 272.923020 902.153585 272.923020 902.153585 156.923020
E 8 7 817.653585 157.423020 902.153585 156.923020
E 10 9 234.653763 542.423020 392.769093 541.923020
E 9 13 392.769093 541.923020 682.653585 542.423020
E 10 11 234.653763 542.423020 234.653763 826.923020 411.769093 826.923020
E 11 20 392.769093 826.923020 524.038255 827.423020
E 13 12 682.653585 542.423020 682.153585 426.923020
E 12 15 682.153585 426.923020 817.653585 427.423020
E 13 14 693.653585 542.923020 902.153585 542.923020 902.153585 426.923020
E 15 14 817.653585 427.423020 902.153585 426.923020
E 16 18 682.153585 711.923020 817.653585 712.423020
E 19 16 682.653585 827.423020 682.153585 711.923020
E 18 17 817.653585 712.423020 902.153585 711.923020
E 19 17 693.653585 827.923020 902.153585 827.923020 902.153585 711.923020
E 20 19 524.038255 827.423020 682.653585 827.423020
E 20 22 524.038255 827.423020 524.038255 997.423020
E 22 21 524.038255 997.423020 392.769093 996.923020
E 21 23 392.769093 996.923020 234.153763 996.923020
E 22 24 524.038255 997.423020 602.538255 996.923020
E 22 30 524.038255 998.923020 524.038255 1281.923020 392.769093 1281.923020
E 25 27 682.153585 996.923020 817.653585 997.423020
E 28 25 682.653585 1112.423020 682.153585 996.923020
E 27 26 817.653585 997.423020 817.653585 1056.923020 902.153585 1056.923020
E 28 26 693.653585 1112.923020 902.153585 1112.923020 902.153585 1056.923020
E 30 29 392.769093 1281.923020 233.446018 1281.923020
E 32 31 817.653585 1282.423020 902.153585 1281.923020
E 33 31 693.653585 1397.923020 902.153585 1397.923020 902.153585 1281.923020
E 32 34 817.653585 1282.423020 817.653585 1184.923020 682.153585 1184.923020 682.153585 1281.923020
E 33 34 682.653585 1397.423020 682.153585 1281.923020
G 1072736347.json 33 34
V 1108.975936 131.994822 30.000000 30.000000
V 1211.975936 129.994822 100.000000 80.000000
V 1324.434970 129.994822 40.000000 40.000000
V 1425.537792 188.615330 100.000000 80.000000
V 1425.537792 72.153832 100.000000 80.000000
V 1530.616672 190.615330 30.000000 30.000000
V 1530.616672 74.153832 30.000000 30.000000
V 1649.236454 67.453678 206.293662 80.599690
V 114.859998 432.287178 30.000000 30.000000
V 560.282191 432.287178 100.000000 80.000000
V 662.400522 432.287178 40.000000 40.000000
V 808.135975 529.287178 154.171701 67.000000
V 808.135975 432.287178 154.257552 67.000000
V 810.446600 343.358978 154.171701 67.000000
V 1108.975936 342.358978 30.000000 30.000000
V 999.611223 343.858978 119.033300 73.000000
V 1530.616672 341.259345 30.000000 30.000000
V 250.282191 432.287178 100.000000 80.000000
V 405.250804 432.287178 119.033300 80.000000
V 1629.089623 340.358978 100.000000 80.000000
V 1761.035525 340.358978 100.000000 80.000000
V 1940.139078 432.287178 40.000000 40.000000
V 2050.400281 342.358978 30.000000 30.000000
V 2050.900281 526.287178 145.000000 73.000000
V 1366.197819 432.287178 100.000000 80.000000
V 1106.975936 529.787178 100.000000 80.000000
V 2199.873232 525.787178 28.000000 28.000000
V 1761.035525 432.287178 100.000000 80.000000
V 1761.035525 529.787178 100.000000 80.000000
V 1860.418815 434.287178 40.000000 40.000000
V 1106.975936 745.000000 100.000000 80.000000
V 1366.197819 745.000000 100.000000 80.000000
V 1629.089623 745.000000 100.000000 80.000000
E 0 1 1108.975936 131.994822 1161.975936 129.000000
E 14 0 1108.975936 342.358978 1108.975936 131.994822
E 1 2 1261.000000 129.000000 1324.434970 129.994822
E 2 3 1324.434970 129.994822 1324.934970 188.615330 1375.537792 188.000000
E 2 4 1324.434970 129.994822 1324.934970 72.153832 1375.537792 72.000000
E 3 5 1475.000000 188.000000 1530.616672 190.615330
E 3 16 1475.000000 188.000000 1530.616672 188.000000 1530.616672 341.259345
E 4 6 1475.000000 72.000000 1530.616672 74.153832
U 6 7 1530.616672 74.153832 1546.089623 65.000000
E 8 17 114.859998 432.287178 200.282191 432.000000
E 9 10 610.000000 432.000000 662.400522 432.287178
E 18 9 464.000000 432.000000 510.282191 432.000000
E 10 11 662.400522 432.287178 662.900522 529.287178 731.050124 529.000000
E 10 12 662.400522 432.287178 731.007199 432.000000
E 10 13 662.400522 432.287178 662.900522 343.358978 733.360749 343.000000
E 11 25 885.000000 529.000000 1056.975936 529.000000
E 12 24 885.000000 432.000000 1316.197819 432.000000
E 13 15 887.000000 343.000000 940.094573 343.000000
E 15 14 1059.000000 342.000000 1108.975936 342.358978
E 16 19 1530.616672 341.259345 1579.089623 340.000000
E 17 18 300.000000 432.000000 345.734154 432.000000
E 19 20 1679.000000 340.000000 1711.035525 340.000000
E 19 32 1612.422956 380.000000 1612.422956 705.000000
E 20 29 1811.000000 340.000000 1860.918815 340.358978 1860.418815 434.287178
E 21 22 1940.139078 432.287178 1940.639078 340.358978 2050.400281 342.358978
E 21 23 1940.139078 432.287178 1940.139078 526.287178 1978.400281 526.000000
E 29 21 1860.418815 434.287178 1940.139078 432.287178
E 23 26 2123.000000 526.000000 2199.873232 525.787178
E 24 27 1416.000000 432.000000 1711.035525 432.000000
E 24 31 1349.531152 472.000000 1349.531152 705.000000
E 25 28 1156.000000 529.000000 1711.035525 529.000000
E 25 30 1090.309269 569.000000 1090.309269 705.000000
E 27 29 1811.000000 433.000000 1860.418815 434.287178
E 28 29 1811.000000 529.000000 1860.918815 529.787178 1860.418815 434.287178
G 1072844002.json 17 18
V 15.000000 225.000000 30.000000 30.000000
V 125.000000 225.000000 100.000000 80.000000
V 410.000000 225.000000 40.000000 40.000000
V 494.000000 225.000000 40.000000 40.000000
V 610.000000 225.000000 100.000000 80.000000
V 610.000000 325.000000 100.000000 80.000000
V 275.000000 225.000000 100.000000 80.000000
V 610.000000 445.000000 100.000000 80.000000
V 755.000000 445.000000 100.000000 80.000000
V 725.000000 225.000000 40.000000 40.000000
V 875.000000 225.000000 40.000000 40.000000
V 990.000000 225.000000 100.000000 80.000000
V 1105.000000 225.000000 40.000000 40.000000
V 1265.000000 225.000000 100.000000 80.000000
V 1265.000000 325.000000 100.000000 80.000000
V 1374.000000 225.000000 28.000000 28.000000
V 1374.000000 325.000000 28.000000 28.000000
E 0 1 15.000000 225.000000 125.000000 225.000000
E 1 6 125.000000 224.000000 226.000000 225.000000
E 2 3 410.500000 224.000000 494.500000 224.000000
E 6 2 275.000000 225.000000 410.500000 225.500000
E 2 7 410.500000 225.500000 410.500000 445.000000 610.000000 445.000000
E 3 4 494.500000 225.500000 610.000000 225.000000
E 3 5 494.500000 225.500000 494.500000 325.000000 610.000000 325.000000
E 4 9 610.000000 225.000000 725.500000 225.500000
E 5 9 610.000000 325.000000 725.500000 325.000000 725.500000 225.500000
E 7 8 610.000000 445.000000 755.000000 445.000000
E 8 10 755.000000 445.000000 875.500000 445.000000 875.500000 225.500000
E 9 10 725.500000 225.500000 875.500000 225.500000
E 10 11 875.500000 225.500000 990.000000 225.000000
E 11 12 990.000000 225.000000 1105.500000 225.500000
E 12 13 1105.500000 225.500000 1265.000000 225.000000
E 12 14 1105.500000 225.500000 1105.500000 325.000000 1265.000000 325.000000
E 13 15 1265.000000 225.000000 1374.000000 225.000000
E 14 16 1265.000000 325.000000 1374.000000 325.000000
G 1072937185.json 19 21
V 45.000000 270.000000 30.000000 30.000000
V 155.000000 270.000000 100.000000 80.000000
V 300.000000 270.000000 100.000000 80.000000
V 415.000000 270.000000 40.000000 40.000000
V 530.000000 160.000000 100.000000 80.000000
V 755.000000 270.000000 100.000000 80.000000
V 415.000000 160.000000 30.000000 30.000000
V 635.000000 160.000000 40.000000 40.000000
V 635.000000 270.000000 30.000000 30.000000
V 755.000000 430.000000 100.000000 80.000000
V 905.000000 270.000000 100.000000 80.000000
V 905.000000 430.000000 100.000000 80.000000
V 1005.000000 430.000000 30.000000 30.000000
V 1220.000000 430.000000 100.000000 80.000000
V 1100.000000 430.000000 40.000000 40.000000
V 1220.000000 270.000000 100.000000 80.000000
V 1379.000000 270.000000 100.000000 80.000000
V 785.000000 580.000000 100.000000 50.000000
V 1379.000000 430.000000 28.000000 28.000000
E 0 1 45.000000 270.000000 155.000000 270.000000
E 1 2 155.000000 270.000000 300.000000 270.000000
E 2 3 300.000000 270.000000 415.500000 270.500000
E 3 6 415.500000 270.500000 415.000000 160.000000
E 3 8 415.500000 270.500000 635.000000 270.000000
E 6 4 415.000000 160.000000 530.000000 160.000000
E 4 7 530.000000 160.000000 635.500000 160.500000
E 8 5 635.000000 270.000000 755.000000 270.000000
E 5 9 755.000000 270.000000 755.000000 430.000000
E 7 6 635.500000 160.500000 635.500000 54.000000 415.000000 54.000000 415.000000 160.000000
E 7 8 635.500000 160.500000 635.000000 270.000000
E 9 10 755.000000 430.000000 830.000000 430.000000 830.000000 270.000000 905.000000 270.000000
E 10 11 905.000000 270.000000 905.000000 430.000000
E 11 12 905.000000 430.000000 1005.000000 430.000000
E 14 11 1100.500000 430.500000 1100.500000 579.734375 905.000000 579.734375 905.000000 469.000000
U 11 17 905.000000 430.000000 736.000000 579.000000
E 12 14 1005.000000 430.000000 1100.500000 430.500000
E 14 13 1100.500000 430.500000 1220.000000 430.000000
E 13 15 1220.000000 430.000000 1220.000000 270.000000
E 15 16 1220.000000 270.000000 1379.000000 270.000000
E 16 18 1379.000000 270.000000 1379.000000 430.000000
G 1073171981.json 39 46
V 1095.000000 1739.000000 100.000000 80.000000
V 1210.000000 1739.000000 40.000000 40.000000
V 1380.000000 1650.000000 100.000000 80.000000
V 1580.000000 1739.000000 40.000000 40.000000
V 1695.000000 1739.000000 100.000000 80.000000
V 1492.500000 1563.000000 63.000000 66.000000
V 830.000000 738.000000 100.000000 80.000000
V 995.000000 738.000000 100.000000 80.000000
V 1036.500000 645.000000 63.000000 66.000000
V 1208.000000 738.000000 116.000000 80.000000
V 1208.000000 835.000000 40.000000 40.000000
V 360.000000 455.000000 100.000000 80.000000
V 475.000000 455.000000 40.000000 40.000000
V 645.000000 390.000000 100.000000 80.000000
V 645.000000 510.000000 100.000000 80.000000
V 830.000000 510.000000 100.000000 80.000000
V 474.500000 303.000000 63.000000 66.000000
V 894.500000 390.000000 63.000000 66.000000
V 105.000000 165.000000 30.000000 30.000000
V 215.000000 165.000000 100.000000 80.000000
V 360.000000 165.000000 100.000000 80.000000
V 286.500000 63.000000 63.000000 66.000000
V 645.000000 125.000000 28.000000 28.000000
V 2030.000000 125.000000 40.000000 40.000000
V 2265.000000 125.000000 100.000000 80.000000
V 2394.000000 125.000000 28.000000 28.000000
V 2161.500000 63.000000 63.000000 66.000000
V 1340.000000 1081.000000 100.000000 80.000000
V 1455.000000 1081.000000 40.000000 40.000000
V 1625.000000 1000.000000 100.000000 80.000000
V 1790.000000 1081.000000 40.000000 40.000000
V 1905.000000 1081.000000 100.000000 80.000000
V 1726.500000 918.000000 63.000000 66.000000
V 1208.000000 1385.000000 100.000000 80.000000
V 1323.000000 1385.000000 40.000000 40.000000
V 1493.000000 1290.000000 100.000000 80.000000
V 1727.000000 1385.000000 40.000000 40.000000
V 1842.000000 1385.000000 100.000000 80.000000
V 1624.500000 1220.000000 63.000000 66.000000
E 0 1 1095.000000 1739.000000 1210.500000 1739.500000
E 5 0 1492.500000 1563.000000 1226.000000 1563.000000 1095.000000 1739.000000
E 10 0 1193.500000 835.000000 1095.000000 835.000000 1095.000000 1700.000000
E 1 2 1210.500000 1739.500000 1210.500000 1650.000000 1380.000000 1650.000000
E 1 3 1210.500000 1739.500000 1580.500000 1739.500000
E 2 3 1380.000000 1650.000000 1580.500000 1650.000000 1580.500000 1739.500000
E 2 5 1380.000000 1650.000000 1492.500000 1563.000000
E 3 4 1580.500000 1739.500000 1695.000000 1739.000000
E 4 23 1695.000000 1739.000000 2151.000000 1739.000000 2151.000000 197.000000 2030.500000 125.500000
E 6 7 830.000000 738.000000 995.000000 738.000000
E 6 8 830.000000 738.000000 1036.500000 645.000000
E 15 6 830.000000 510.000000 830.000000 738.000000
E 7 8 995.000000 738.000000 1036.500000 645.000000
E 7 9 995.000000 738.000000 1208.000000 738.000000
E 9 10 1208.000000 738.000000 1208.500000 835.500000
E 10 27 1208.500000 835.500000 1340.000000 835.500000 1340.000000 1081.000000
E 10 33 1208.500000 835.500000 1208.000000 1385.000000
E 11 12 360.000000 455.000000 475.500000 455.500000
E 16 11 474.500000 303.000000 360.000000 455.000000
E 20 11 360.000000 165.000000 360.000000 455.000000
E 12 13 475.500000 455.500000 475.500000 390.000000 645.000000 390.000000
E 12 14 475.500000 455.500000 475.500000 510.000000 645.000000 510.000000
E 13 22 645.000000 390.000000 645.000000 125.000000
E 14 15 645.000000 510.000000 830.000000 510.000000
E 14 17 645.000000 510.000000 894.500000 390.000000
E 18 19 105.000000 165.000000 215.000000 165.000000
E 19 20 215.000000 165.000000 360.000000 165.000000
E 19 21 215.000000 165.000000 286.500000 63.000000
E 23 24 2030.500000 125.500000 2265.000000 125.000000
E 31 23 1905.000000 1081.000000 1905.000000 126.379394 2015.490231 126.379394
E 37 23 1842.000000 1385.000000 2030.500000 1385.000000 2030.500000 125.500000
E 24 25 2265.000000 125.000000 2394.000000 125.000000
E 26 24 2161.500000 63.000000 2265.000000 125.000000
E 27 28 1340.000000 1081.000000 1455.500000 1081.500000
E 32 27 1726.500000 918.000000 1508.000000 918.000000 1340.000000 1081.000000
E 28 29 1455.500000 1081.500000 1455.500000 1000.000000 1625.000000 1000.000000
E 29 30 1625.000000 1000.000000 1790.500000 1000.000000 1790.500000 1081.500000
E 29 32 1625.000000 1000.000000 1726.500000 918.000000
E 30 31 1790.500000 1081.500000 1905.000000 1081.000000
E 33 34 1208.000000 1385.000000 1323.500000 1385.500000
E 38 33 1624.500000 1220.000000 1374.000000 1220.000000 1208.000000 1385.000000
E 34 35 1323.500000 1385.500000 1323.500000 1290.000000 1493.000000 1290.000000
E 34 36 1323.500000 1385.500000 1727.500000 1385.500000
E 35 36 1493.000000 1290.000000 1727.500000 1290.000000 1727.500000 1385.500000
E 35 38 1493.000000 1290.000000 1624.500000 1220.000000
E 36 37 1727.500000 1385.500000 1842.000000 1385.000000
G 1073694213.json 18 18
V 1173.206012 86.330994 100.000000 80.000000
V 1040.206012 86.330994 100.000000 80.000000
V 1342.666033 86.452933 28.000000 28.000000
V 1280.255992 86.280996 40.000000 40.000000
V 217.706009 221.834417 100.000000 80.000000
V 123.899998 220.503417 30.000000 30.000000
V 346.206012 222.161988 100.000000 80.000000
V 346.206012 302.969570 30.000000 30.000000
V 1176.206012 256.334417 100.000000 80.000000
V 837.206012 255.834417 30.000000 30.000000
V 1039.456068 255.334417 40.000000 40.000000
V 933.473450 255.834417 100.000000 80.000000
V 610.661226 465.695755 100.000000 80.000000
V 344.161223 465.695755 100.000000 80.000000
V 741.661226 465.695755 100.000000 80.000000
V 835.661226 465.695755 30.000000 30.000000
V 344.161223 389.695755 30.000000 30.000000
V 477.856251 465.695755 100.000000 80.000000
E 1 0 1040.206012 86.330994 1173.206012 86.330994
E 0 3 1173.206012 86.330994 1280.755992 86.780996
E 10 1 1039.956068 255.834417 1040.206012 86.330994
E 3 2 1280.755992 86.780996 1342.666033 86.452933
E 8 3 1176.206012 256.334417 1280.755992 256.334417 1280.755992 86.780996
E 5 4 123.899998 220.503417 217.706009 221.834417
E 4 6 217.706009 221.834417 346.206012 222.161988
E 6 7 346.206012 222.161988 346.206012 302.969570
E 7 16 345.183617 302.969570 345.183617 389.695755
E 10 8 1039.956068 255.834417 1176.206012 256.334417
E 9 11 837.206012 255.834417 933.473450 255.834417
E 15 9 836.433619 465.695755 836.433619 255.834417
E 11 10 933.473450 255.834417 1039.956068 255.834417
E 12 14 610.661226 465.695755 741.661226 465.695755
E 17 12 477.856251 465.695755 610.661226 465.695755
E 16 13 344.161223 389.695755 344.161223 465.695755
E 13 17 344.161223 465.695755 477.856251 465.695755
E 14 15 741.661226 465.695755 835.661226 465.695755
G 1073757691.json 23 26
V 275.000000 941.657046 100.000000 80.000000
V 480.644490 941.657046 100.000000 80.000000
V 371.522406 1068.828523 100.000000 80.000000
V 523.477594 1068.828523 100.000000 80.000000
V 633.477594 1068.828523 30.000000 30.000000
V 743.477594 1068.828523 100.000000 80.000000
V 275.000000 1178.636025 100.000000 80.000000
V 420.000000 1178.636025 100.000000 80.000000
V 696.053113 1178.636025 100.000000 80.000000
V 841.053113 1178.636025 100.000000 80.000000
V 563.014614 1178.636025 30.000000 30.000000
V 85.000000 1068.828523 30.000000 30.000000
V 155.000000 1068.828523 40.000000 40.000000
V 371.522406 535.000000 100.000000 80.000000
V 120.000000 1550.000000 30.000000 30.000000
V 200.000000 1550.000000 40.000000 40.000000
V 275.000000 1500.000000 30.000000 30.000000
V 275.000000 1620.000000 30.000000 30.000000
V 385.000000 1620.000000 100.000000 80.000000
V 524.000000 1621.000000 100.000000 80.000000
V 385.000000 1500.000000 100.000000 80.000000
V 633.477594 1520.000000 40.000000 40.000000
V 712.477594 1520.000000 28.000000 28.000000
E 12 0 155.500000 1069.328523 155.500000 941.000000 275.000000 941.000000
E 0 13 275.000000 941.657046 275.000000 535.000000 371.522406 535.000000
E 13 1 371.522406 535.000000 480.644490 535.000000 480.644490 941.657046
E 2 3 371.522406 1068.828523 523.477594 1068.828523
E 12 2 155.500000 1069.328523 371.522406 1068.828523
E 3 4 523.477594 1068.828523 633.477594 1068.828523
E 3 16 523.477594 1068.828523 523.477594 1296.914261 275.000000 1296.914261 275.000000 1500.000000
E 4 5 633.477594 1068.828523 743.477594 1068.828523
E 20 4 385.000000 1500.000000 526.738797 1500.000000 526.738797 1068.828523 633.477594 1068.828523
E 6 7 275.000000 1178.636025 420.000000 1178.636025
E 12 6 155.500000 1069.328523 155.500000 1178.636025 275.000000 1178.636025
E 7 10 420.000000 1178.636025 563.014614 1178.636025
E 7 17 420.000000 1178.636025 420.000000 1411.818013 275.000000 1411.818013 275.000000 1620.000000
E 8 9 696.053113 1178.636025 841.053113 1178.636025
E 10 8 563.014614 1178.636025 696.053113 1178.636025
E 18 10 385.000000 1620.000000 491.507307 1620.000000 491.507307 1178.636025 563.014614 1178.636025
E 11 12 85.000000 1068.828523 155.500000 1069.328523
E 14 15 120.000000 1550.000000 200.500000 1550.500000
E 15 16 200.500000 1550.500000 200.500000 1500.000000 275.000000 1500.000000
E 15 17 200.500000 1550.500000 200.500000 1620.000000 275.000000 1620.000000
E 16 20 275.000000 1500.000000 385.000000 1500.000000
E 17 18 275.000000 1620.000000 385.000000 1620.000000
E 18 19 385.000000 1620.000000 524.000000 1621.000000
E 19 21 524.000000 1621.000000 633.977594 1621.000000 633.977594 1520.500000
E 20 21 385.000000 1500.000000 524.238797 1500.000000 524.238797 1520.500000 633.977594 1520.500000
E 21 22 633.977594 1520.500000 712.477594 1520.000000
G 1073798553.json 30 33
V 165.000000 155.000000 30.000000 30.000000
V 275.000000 155.000000 40.000000 40.000000
V 365.000000 85.000000 100.000000 80.000000
V 365.000000 235.000000 100.000000 80.000000
V 470.000000 155.000000 40.000000 40.000000
V 1650.499952 155.000000 100.000000 80.000000
V 1762.999948 155.000000 28.000000 28.000000
V 110.000000 405.000000 40.000000 40.000000
V 245.000000 370.000000 100.000000 80.000000
V 245.000000 595.000000 100.000000 80.000000
V 395.000000 370.000000 100.000000 80.000000
V 395.000000 595.000000 100.000000 80.000000
V 550.000000 370.000000 100.000000 80.000000
V 550.000000 595.000000 100.000000 80.000000
V 749.000000 348.500000 88.000000 97.000000
V 635.000000 484.000000 40.000000 40.000000
V 749.000000 484.000000 100.000000 80.000000
V 935.000000 484.000000 40.000000 40.000000
V 935.000000 349.000000 100.000000 80.000000
V 1202.999965 405.000000 30.000000 30.000000
V 1040.000000 484.000000 40.000000 40.000000
V 1125.000000 484.000000 30.000000 30.000000
V 1202.999965 595.000000 30.000000 30.000000
V 1316.099962 595.000000 124.199999 108.599999
V 1315.999963 405.000000 28.000000 28.000000
V 290.000000 904.000000 100.000000 80.000000
V 1353.499961 877.000000 100.000000 80.000000
V 1518.499956 877.000000 100.000000 80.000000
V 1402.999960 1100.000000 100.000000 80.000000
V 1518.749934 1100.000000 40.000000 40.000000
E 0 1 165.000000 155.000000 275.500000 155.500000
E 1 2 275.500000 155.500000 275.500000 85.000000 365.000000 85.000000
E 1 3 275.500000 155.500000 275.500000 235.000000 365.000000 235.000000
E 2 4 365.000000 85.000000 470.500000 85.000000 470.500000 155.500000
E 3 4 365.000000 235.000000 470.500000 235.000000 470.500000 155.500000
E 4 7 470.500000 155.500000 502.000000 155.500000 502.000000 307.000000 110.500000 307.000000 110.500000 405.500000
E 5 6 1650.499952 155.000000 1762.999948 155.000000
E 29 5 1519.249934 1100.500000 1645.000000 1100.500000 1645.000000 155.000000
E 7 8 110.500000 405.500000 148.000000 405.500000 148.000000 370.000000 196.000000 370.000000
E 7 9 110.500000 405.500000 110.500000 595.000000 245.000000 595.000000
E 8 10 245.000000 370.000000 395.000000 370.000000
E 9 11 245.000000 595.000000 395.000000 595.000000
E 10 12 395.000000 370.000000 550.000000 370.000000
E 11 13 395.000000 595.000000 550.000000 595.000000
E 12 15 550.000000 370.000000 635.500000 370.000000 635.500000 484.500000
E 13 15 550.000000 595.000000 635.500000 595.000000 635.500000 484.500000
E 14 16 749.000000 348.500000 749.000000 484.000000
E 14 18 749.000000 348.500000 935.000000 349.000000
E 15 16 635.500000 484.500000 749.000000 484.000000
E 16 17 749.000000 484.000000 935.500000 484.500000
E 17 18 935.500000 484.500000 935.000000 349.000000
E 17 25 935.500000 484.500000 935.500000 771.000000 290.000000 771.000000 290.000000 904.000000
E 18 20 935.000000 349.000000 1040.500000 349.000000 1040.500000 484.500000
E 21 19 1125.000000 484.000000 1163.999982 484.000000 1163.999982 405.000000 1202.999965 405.000000
E 19 24 1202.999965 405.000000 1315.999963 405.000000
E 20 21 1040.500000 484.500000 1125.000000 484.000000
E 25 20 315.000000 865.000000 315.000000 798.000000 1040.500000 798.000000 1040.500000 484.500000
E 21 22 1125.000000 484.000000 1163.999982 484.000000 1163.999982 595.000000 1202.999965 595.000000
E 22 23 1202.999965 595.000000 1316.099962 595.000000
E 23 26 1316.099962 595.000000 1316.099962 743.150000 1353.499961 743.150000 1353.499961 877.000000
E 26 28 1353.499961 877.000000 1353.499961 988.500000 1402.999960 988.500000 1402.999960 1100.000000
E 29 27 1519.509405 1100.500000 1519.509405 998.500000 1518.499956 998.500000 1518.499956 877.000000
E 28 29 1402.999960 1100.000000 1519.509405 1100.500000
G 1073905366.json 27 27
V 440.000000 763.000000 100.000000 80.000000
V 1490.000000 763.000000 100.000000 80.000000
V 1489.500000 634.500000 103.000000 129.000000
V 1604.000000 763.000000 28.000000 28.000000
V 905.000000 763.000000 100.000000 80.000000
V 1070.000000 763.000000 100.000000 80.000000
V 1224.500000 702.000000 49.000000 80.000000
V 605.000000 1040.000000 100.000000 80.000000
V 105.000000 1290.000000 30.000000 30.000000
V 268.000000 1290.000000 176.000000 120.000000
V 440.000000 1290.000000 40.000000 40.000000
V 605.000000 1290.000000 100.000000 80.000000
V 1070.000000 1255.000000 100.000000 80.000000
V 1272.000000 1318.000000 40.000000 40.000000
V 1408.500000 1317.500000 103.000000 83.000000
V 1355.000000 1210.000000 100.000000 50.000000
V 1070.000000 1405.000000 100.000000 80.000000
V 605.000000 1595.000000 100.000000 80.000000
V 768.729517 1563.843536 88.000000 97.000000
V 440.000000 463.000000 100.000000 80.000000
V 616.000000 463.000000 100.000000 80.000000
V 766.000000 463.000000 100.000000 80.000000
V 1385.000000 435.000000 100.000000 80.000000
V 1574.000000 435.000000 28.000000 28.000000
V 1490.000000 115.000000 100.000000 50.000000
V 1574.000000 185.000000 28.000000 28.000000
V 1385.000000 185.000000 100.000000 80.000000
E 10 0 440.500000 1270.055582 440.000000 763.000000
E 0 19 440.000000 763.000000 440.000000 463.000000
U 1 2 1490.000000 763.000000 1439.030000 631.920000
E 1 3 1502.000000 763.000000 1604.000000 763.000000
E 5 1 1070.000000 763.000000 1490.000000 763.000000
E 4 16 905.000000 763.000000 905.000000 1405.000000 1070.000000 1405.000000
E 18 4 768.729517 1563.843536 768.729517 763.000000 905.000000 763.000000
E 5 12 1070.000000 763.000000 1070.000000 1255.000000
E 21 5 766.000000 463.000000 1070.000000 463.000000 1070.000000 763.000000
E 6 12 1224.500000 702.000000 1070.000000 1255.000000
E 10 7 458.000000 1291.000000 486.000000 1291.000000 486.000000 1040.000000 605.000000 1040.000000
E 7 11 605.000000 1040.000000 605.000000 1290.000000
E 8 9 105.000000 1290.000000 268.000000 1290.000000
E 9 10 268.000000 1290.000000 440.500000 1290.500000
E 11 17 605.000000 1290.000000 605.000000 1595.000000
E 12 13 1070.000000 1255.000000 1272.500000 1255.000000 1272.500000 1318.500000
E 13 14 1272.500000 1318.500000 1324.500000 1318.500000 1324.500000 1317.500000 1408.500000 1317.500000
U 13 15 1272.500000 1318.500000 1306.000000 1209.000000
E 16 13 1070.000000 1405.000000 1272.500000 1405.000000 1272.500000 1318.500000
E 14 22 1385.000000 1317.500000 1385.000000 435.000000
E 17 18 605.000000 1595.000000 768.729517 1563.843536
E 19 20 440.000000 463.000000 616.000000 463.000000
E 20 21 616.000000 463.000000 766.000000 463.000000
E 22 23 1385.000000 435.000000 1574.000000 435.000000
E 22 26 1385.000000 435.000000 1385.000000 185.000000
U 25 24 1574.000000 185.000000 1472.000000 123.000000 1441.000000 114.000000
E 26 25 1385.000000 185.000000 1574.000000 185.000000
G 1073989552.json 17 17
V 75.000000 165.000000 30.000000 30.000000
V 185.000000 165.000000 100.000000 80.000000
V 330.000000 165.000000 100.000000 80.000000
V 445.000000 165.000000 40.000000 40.000000
V 560.000000 165.000000 100.000000 80.000000
V 669.000000 165.000000 28.000000 28.000000
V 560.000000 265.000000 100.000000 80.000000
V 675.000000 265.000000 40.000000 40.000000
V 790.000000 265.000000 100.000000 80.000000
V 790.000000 370.000000 100.000000 80.000000
V 905.000000 265.000000 40.000000 40.000000
V 1020.000000 265.000000 100.000000 80.000000
V 1135.000000 265.000000 40.000000 40.000000
V 1250.000000 265.000000 100.000000 80.000000
V 1250.000000 370.000000 100.000000 80.000000
V 1359.000000 370.000000 28.000000 28.000000
V 1359.000000 265.000000 28.000000 28.000000
E 0 1 75.000000 165.000000 185.000000 165.000000
E 1 2 185.000000 165.000000 330.000000 165.000000
E 2 3 330.000000 165.000000 445.500000 165.500000
E 3 4 445.500000 165.500000 560.000000 165.000000
E 3 6 445.500000 165.500000 445.500000 265.000000 560.000000 265.000000
E 4 5 560.000000 165.000000 669.000000 165.000000
E 6 7 560.000000 265.000000 675.500000 265.500000
E 7 8 675.500000 265.500000 790.000000 265.000000
E 7 9 675.500000 265.500000 675.500000 370.000000 790.000000 370.000000
E 8 10 790.000000 265.000000 905.500000 265.500000
E 9 10 790.000000 370.000000 905.500000 370.000000 905.500000 265.500000
E 10 11 905.500000 265.500000 1020.000000 265.000000
E 11 12 1020.000000 265.000000 1135.500000 265.500000
E 12 13 1135.500000 265.500000 1250.000000 265.000000
E 12 14 1135.500000 265.500000 1135.500000 370.000000 1250.000000 370.000000
E 13 16 1250.000000 265.000000 1359.000000 265.000000
E 14 15 1250.000000 370.000000 1359.000000 370.000000
G 1074015617.json 24 27
V 870.278462 205.080538 157.127079 78.638134
V 870.278462 331.654137 118.064555 80.000000
V 516.406580 205.080538 157.127079 78.638134
V 870.278462 440.739729 40.000000 40.000000
V 1344.318432 331.654137 118.064555 80.000000
V 2266.500795 78.333312 28.000000 28.000000
V 2096.346168 322.589815 157.127079 76.905330
V 2266.500795 322.589815 28.000000 28.000000
V 254.127148 78.333312 131.000000 76.905330
V 516.406580 78.333312 40.000000 40.000000
V 1344.318432 511.677902 40.000000 40.000000
V 2266.500795 205.831313 28.000000 28.000000
V 1537.774322 331.654137 40.000000 40.000000
V 1857.426161 205.831313 40.000000 40.000000
V 121.000000 79.333312 28.000000 28.000000
V 1112.987906 511.677902 28.000000 28.000000
V 1113.020183 685.106888 118.064555 77.000000
V 870.278462 685.106888 40.000000 40.000000
V 1113.020183 873.276352 118.064555 78.638134
V 1113.020183 1168.929840 118.064555 76.905330
V 1693.166007 1170.498854 120.000000 77.000000
V 1857.426161 1170.498854 40.000000 40.000000
V 2096.346168 1170.498854 131.000000 77.000000
V 1686.183904 321.601111 190.377123 100.106053
E 0 1 869.000000 244.000000 869.000000 291.000000
E 2 0 594.000000 204.000000 791.000000 204.000000
E 1 3 869.000000 371.000000 870.278462 440.739729
E 9 2 516.406580 78.333312 516.000000 165.000000
E 3 4 870.278462 440.739729 1117.782308 440.739729 1117.782308 331.190455 1285.000000 331.000000
E 3 17 870.278462 440.739729 870.278462 685.106888
E 10 4 1344.318432 511.677902 1344.000000 371.000000
E 4 12 1403.000000 331.000000 1537.774322 331.654137
E 9 5 516.406580 78.333312 2266.500795 78.333312
E 6 7 2174.000000 322.000000 2266.500795 322.589815
E 22 6 2095.000000 1131.000000 2095.000000 361.000000
E 8 9 319.000000 78.000000 516.406580 78.333312
E 14 8 121.000000 79.333312 188.000000 78.000000
E 15 10 1112.987906 511.677902 1344.318432 511.677902
E 18 10 1172.000000 872.000000 1344.318432 872.998110 1344.318432 511.677902
E 19 10 1172.000000 1168.000000 1344.318432 1168.239797 1344.318432 511.677902
E 13 11 1857.426161 205.831313 2266.500795 205.831313
E 12 13 1537.774322 331.654137 1538.274322 206.331313 1857.426161 205.831313
E 12 20 1537.774322 331.654137 1538.274322 1170.498854 1633.000000 1170.000000
U 23 12 1590.000000 319.000000 1537.774322 331.654137
E 21 13 1857.426161 1170.498854 1857.426161 205.831313
E 16 15 1113.000000 646.000000 1112.987906 511.677902
E 17 16 870.278462 685.106888 1053.000000 684.000000
E 17 18 870.278462 685.106888 870.278462 872.998110 1053.000000 872.000000
E 17 19 870.278462 685.106888 870.278462 1168.239797 1053.000000 1168.000000
E 20 21 1753.000000 1169.000000 1857.426161 1170.498854
E 21 22 1857.426161 1170.498854 2030.000000 1169.000000
G 1074041906.json 17 18
V 180.000000 711.000000 30.000000 30.000000
V 290.000000 711.000000 40.000000 40.000000
V 405.000000 650.000000 100.000000 80.000000
V 405.000000 771.000000 100.000000 80.000000
V 530.000000 711.000000 40.000000 40.000000
V 405.000000 498.500000 88.000000 97.000000
V 405.000000 903.500000 88.000000 97.000000
V 640.000000 711.000000 30.000000 30.000000
V 845.000000 711.000000 40.000000 40.000000
V 975.000000 650.000000 30.000000 30.000000
V 1170.000000 771.000000 30.000000 30.000000
V 1325.000000 711.000000 40.000000 40.000000
V 1530.000000 711.000000 30.000000 30.000000
V 1729.000000 711.000000 28.000000 28.000000
V 655.000000 610.000000 100.000000 50.000000
V 735.000000 711.000000 30.000000 30.000000
V 975.000000 771.000000 30.000000 30.000000
E 0 1 180.000000 711.000000 290.500000 711.500000
E 1 2 290.500000 711.500000 290.500000 650.000000 405.000000 650.000000
E 1 3 290.500000 711.500000 290.500000 771.000000 405.000000 771.000000
E 2 4 454.000000 650.000000 530.500000 650.000000 530.500000 711.500000
E 5 2 405.000000 498.500000 405.000000 650.000000
E 3 4 405.000000 771.000000 530.500000 771.000000 530.500000 711.500000
E 6 3 405.000000 903.500000 405.000000 771.000000
E 4 7 530.500000 711.500000 640.000000 711.000000
U 14 7 606.000000 609.000000 640.000000 711.000000
E 7 15 640.000000 711.000000 735.000000 711.000000
E 8 9 845.500000 711.500000 845.500000 650.000000 975.000000 650.000000
E 15 8 735.000000 711.000000 845.500000 711.500000
E 8 16 845.500000 711.500000 845.500000 771.000000 975.000000 771.000000
E 9 11 975.000000 650.000000 1325.500000 650.000000 1325.500000 711.500000
E 10 11 1170.000000 771.000000 1325.500000 771.000000 1325.500000 711.500000
E 16 10 975.000000 771.000000 1170.000000 771.000000
E 11 12 1325.500000 711.500000 1530.000000 711.000000
E 12 13 1530.000000 711.000000 1729.000000 711.000000
G 107405250.json 17 23
V 100.000000 400.000000 150.000000 100.000000
V 100.000000 615.000000 150.000000 100.000000
V 100.000000 510.000000 40.000000 40.000000
V 220.000000 510.000000 40.000000 40.000000
V 1175.000000 400.000000 150.000000 100.000000
V 1175.000000 595.000000 150.000000 100.000000
V 1315.000000 595.000000 40.000000 40.000000
V 1315.000000 400.000000 40.000000 40.000000
V 1375.000000 510.000000 28.000000 28.000000
V 31.000000 510.000000 30.000000 30.000000
V 920.000000 510.000000 150.000000 100.000000
V 510.000000 510.000000 40.000000 40.000000
V 650.000000 510.000000 150.000000 100.000000
V 790.000000 510.000000 40.000000 40.000000
V 360.000000 510.000000 150.000000 100.000000
V 1060.000000 510.000000 40.000000 40.000000
V 1315.000000 510.000000 40.000000 40.000000
E 2 0 100.500000 510.500000 100.000000 400.000000
E 0 3 100.000000 400.000000 220.500000 510.500000
E 2 1 100.500000 510.500000 100.000000 615.000000
E 1 3 100.000000 615.000000 220.000000 510.000000
E 9 2 31.000000 510.000000 100.000000 510.000000
E 6 3 1315.500000 595.500000 1315.500000 702.000000 222.000000 702.000000 222.000000 517.952724
E 7 3 1315.500000 400.500000 1315.500000 319.000000 220.500000 319.000000 220.500000 510.500000
E 11 3 510.500000 510.500000 434.000000 431.000000 284.000000 431.000000 220.000000 510.000000
E 3 14 220.500000 510.500000 360.000000 510.000000
E 4 7 1175.000000 400.000000 1315.500000 400.500000
E 15 4 1060.500000 510.500000 1060.500000 392.950355 1136.890812 392.950355
E 5 6 1175.000000 595.000000 1315.500000 595.500000
E 15 5 1060.500000 510.500000 1060.500000 595.000000 1175.000000 595.000000
E 6 16 1315.500000 595.500000 1315.500000 517.578125
E 7 16 1315.500000 400.500000 1315.500000 510.500000
E 16 8 1315.500000 510.500000 1375.000000 510.000000
E 13 10 790.500000 510.500000 920.000000 510.000000
E 10 15 920.000000 510.000000 1060.500000 510.500000
E 11 12 510.500000 510.500000 650.000000 510.000000
E 13 11 790.500000 510.500000 720.000000 429.000000 578.000000 429.000000 510.000000 510.000000
E 14 11 360.000000 510.000000 510.000000 510.000000
E 12 13 650.000000 510.000000 790.500000 510.500000
E 15 13 1060.500000 510.500000 994.000000 432.000000 845.000000 432.000000 790.000000 510.000000
G 1074184432.json 31 38
V 240.000000 465.000000 30.000000 30.000000
V 365.000000 465.000000 100.000000 80.000000
V 515.000000 465.000000 100.000000 80.000000
V 680.000000 465.000000 100.000000 80.000000
V 1010.740053 465.000000 100.000000 80.000000
V 830.000000 465.000000 100.000000 80.000000
V 1145.300062 310.000000 40.000000 40.000000
V 1484.000000 465.000000 28.000000 28.000000
V 1484.000000 310.000000 28.000000 28.000000
V 1145.300062 465.000000 40.000000 40.000000
V 1145.300062 396.150021 30.000000 30.000000
V 1230.000000 465.000000 30.000000 30.000000
V 940.650051 310.000000 30.000000 30.000000
V 1305.000000 310.000000 30.000000 30.000000
V 240.000000 1152.350049 30.000000 30.000000
V 365.000000 1152.350049 100.000000 80.000000
V 515.000000 1152.350049 100.000000 80.000000
V 830.000000 1152.350049 100.000000 80.000000
V 1130.000000 1152.350049 40.000000 40.000000
V 980.000000 1152.350049 100.000000 80.000000
V 1250.000000 1199.350049 100.000000 80.000000
V 1415.000000 1199.350049 100.000000 80.000000
V 1130.000000 947.500050 100.000000 80.000000
V 1305.000000 1044.350049 40.000000 40.000000
V 1529.000000 1199.350049 28.000000 28.000000
V 1305.000000 1113.350049 28.000000 28.000000
V 1010.740053 854.900046 30.000000 30.000000
V 1415.000000 813.600044 30.000000 30.000000
V 1130.000000 854.900046 40.000000 40.000000
V 1305.000000 854.900046 40.000000 40.000000
V 1193.450063 727.850039 100.000000 80.000000
E 0 1 240.000000 465.000000 365.000000 465.000000
E 1 2 365.000000 465.000000 515.000000 465.000000
E 12 1 940.650051 310.000000 365.000000 310.000000 365.000000 465.000000
E 1 15 365.000000 465.000000 365.000000 1152.350049
E 2 3 515.000000 465.000000 680.000000 465.000000
E 16 2 515.000000 1152.350049 515.000000 465.000000
E 3 5 680.000000 465.000000 830.000000 465.000000
E 5 4 830.000000 465.000000 1010.740053 465.000000
E 4 9 1010.740053 465.000000 1145.800062 465.500000
E 26 4 1010.740053 854.900046 1010.740053 465.000000
E 27 4 1415.000000 813.600044 1415.000000 631.620046 1010.740053 505.000000
E 5 17 830.000000 465.000000 830.000000 1152.350049
E 10 6 1145.300062 396.150021 1145.800062 310.500000
E 6 12 1145.800062 310.500000 940.650051 310.000000
E 6 13 1145.800062 310.500000 1305.000000 310.000000
E 11 7 1230.000000 465.000000 1484.000000 465.000000
E 13 8 1305.000000 310.000000 1484.000000 310.000000
E 9 10 1145.800062 465.500000 1145.300062 396.150021
E 9 11 1145.800062 465.500000 1230.000000 465.000000
E 12 30 940.650051 310.000000 940.650051 727.850039 1193.450063 727.850039
E 13 30 1305.000000 310.000000 1305.000000 631.620039 1193.450063 727.850039
E 14 15 240.000000 1152.350049 365.000000 1152.350049
E 15 16 365.000000 1152.350049 515.000000 1152.350049
E 23 15 1305.500000 1044.850049 446.490027 1044.850049 365.000000 1152.350049
E 16 17 515.000000 1152.350049 830.000000 1152.350049
E 17 19 830.000000 1152.350049 980.000000 1152.350049
E 19 18 980.000000 1152.350049 1130.500000 1152.850049
E 18 20 1130.500000 1152.850049 1130.500000 1199.350049 1250.000000 1199.350049
E 18 22 1130.500000 1152.850049 1130.000000 947.500050
E 20 21 1250.000000 1199.350049 1415.000000 1199.350049
E 21 24 1415.000000 1199.350049 1529.000000 1199.350049
E 21 27 1415.000000 1199.350049 1415.000000 813.600044
E 22 28 1130.000000 947.500050 1130.500000 855.400046
E 23 25 1305.500000 1044.850049 1305.000000 1113.350049
E 29 23 1305.000000 854.900046 1305.000000 1044.350049
E 28 26 1130.500000 855.400046 1010.740053 854.900046
E 28 29 1130.500000 855.400046 1305.500000 855.400046
E 30 29 1193.450063 727.850039 1305.500000 727.850039 1305.500000 855.400046
G 1074286493.json 21 25
V 360.000000 15.000000 30.000000 30.000000
V 360.000000 100.000000 100.000000 80.000000
V 673.600002 190.000000 100.000000 80.000000
V 861.499985 261.499995 100.000000 80.000000
V 861.499985 129.499999 100.000000 80.000000
V 1029.499979 190.000000 40.000000 40.000000
V 1173.600002 190.000000 100.000000 80.000000
V 530.999998 190.000000 40.000000 40.000000
V 1430.000000 190.000000 100.000000 80.000000
V 653.600002 310.999993 100.000000 80.000000
V 1295.000000 190.000000 40.000000 40.000000
V 1647.724969 190.000000 100.000000 80.000000
V 1796.499963 190.000000 28.000000 28.000000
V 765.499987 190.000000 40.000000 40.000000
V 946.999981 190.000000 40.000000 40.000000
V 1550.000000 190.000000 40.000000 40.000000
V 1745.000000 190.000000 40.000000 40.000000
V 360.000000 190.000000 40.000000 40.000000
V 360.000000 290.999993 100.000000 80.000000
V 455.000000 190.000000 40.000000 40.000000
V 360.000000 420.000000 100.000000 80.000000
E 0 1 360.000000 15.000000 360.000000 100.000000
E 1 17 360.000000 100.000000 360.500000 190.500000
E 7 2 531.499998 190.500000 673.600002 190.000000
E 2 13 673.600002 190.000000 765.999987 190.500000
E 13 3 765.999987 190.500000 765.999987 261.499995 861.499985 261.499995
E 3 14 861.499985 261.499995 948.025612 261.499995 948.025612 190.500000
E 13 4 765.999987 190.500000 765.999987 129.499999 861.499985 129.499999
E 4 14 861.499985 129.499999 948.025612 129.499999 948.025612 190.500000
E 5 6 1029.999979 190.500000 1173.600002 190.000000
E 5 7 1029.999979 190.500000 1029.999979 60.900008 531.499998 60.900008 531.499998 190.500000
E 14 5 947.499981 190.500000 1029.999979 190.500000
E 6 10 1173.600002 190.000000 1295.500000 190.500000
E 7 9 531.499998 190.500000 531.499998 310.999993 653.600002 310.999993
E 19 7 455.500000 190.500000 531.499998 190.500000
E 10 8 1295.500000 190.500000 1430.000000 190.000000
E 8 15 1430.000000 190.000000 1550.500000 190.500000
E 9 10 653.600002 310.999993 1295.500000 310.999993 1295.500000 190.500000
E 15 11 1550.500000 190.500000 1647.724969 190.000000
E 11 16 1647.724969 190.000000 1745.500000 190.500000
E 16 12 1745.500000 190.500000 1796.499963 190.000000
E 15 16 1550.500000 190.500000 1550.500000 268.000000 1744.695312 268.000000 1744.695312 190.500000
E 17 18 360.500000 190.500000 360.000000 290.999993
E 17 19 360.500000 190.500000 455.500000 190.500000
E 18 20 360.000000 290.999993 360.000000 420.000000
E 20 19 360.000000 420.000000 455.500000 420.000000 455.500000 190.500000
G 1074775346.json 22 24
V 120.000000 225.000000 30.000000 30.000000
V 230.000000 225.000000 40.000000 40.000000
V 230.000000 119.000000 28.000000 28.000000
V 380.000000 225.000000 100.000000 80.000000
V 515.000000 225.000000 100.000000 80.000000
V 635.000000 225.000000 40.000000 40.000000
V 182.000000 559.000000 100.000000 80.000000
V 302.000000 559.000000 40.000000 40.000000
V 417.000000 499.000000 100.000000 80.000000
V 417.000000 619.000000 100.000000 80.000000
V 542.000000 559.000000 40.000000 40.000000
V 657.000000 499.000000 100.000000 80.000000
V 657.000000 619.000000 100.000000 80.000000
V 752.000000 559.000000 40.000000 40.000000
V 867.000000 499.000000 100.000000 80.000000
V 867.000000 619.000000 100.000000 80.000000
V 962.000000 559.000000 40.000000 40.000000
V 1077.000000 559.000000 100.000000 80.000000
V 1222.000000 559.000000 100.000000 80.000000
V 1331.000000 559.000000 28.000000 28.000000
V 750.000000 225.000000 100.000000 80.000000
V 895.000000 225.000000 100.000000 80.000000
E 0 1 120.000000 225.000000 230.500000 225.500000
E 1 2 230.500000 225.500000 230.000000 119.000000
E 1 3 230.500000 225.500000 380.000000 225.000000
E 3 4 380.000000 225.000000 515.000000 225.000000
E 4 5 515.000000 225.000000 635.500000 225.500000
E 5 6 633.000000 239.000000 633.000000 420.000000 182.000000 420.000000 182.000000 520.000000
E 5 20 635.500000 225.500000 750.000000 225.000000
E 6 7 231.000000 559.000000 288.000000 559.000000
E 7 8 302.500000 559.500000 302.500000 499.000000 417.000000 499.000000
E 7 9 302.500000 559.500000 302.500000 619.000000 417.000000 619.000000
E 8 10 466.000000 499.000000 540.000000 499.000000 540.000000 545.000000
E 9 10 466.000000 619.000000 541.000000 619.000000 541.000000 569.000000
E 10 11 542.500000 559.500000 584.500000 559.500000 584.500000 499.000000 657.000000 499.000000
E 10 12 542.500000 559.500000 584.500000 559.500000 584.500000 619.000000 657.000000 619.000000
E 11 13 706.000000 499.000000 753.000000 499.000000 753.000000 542.000000
E 12 13 706.000000 619.000000 753.000000 619.000000 753.000000 574.000000
E 13 14 752.500000 559.500000 794.500000 559.500000 794.500000 499.000000 867.000000 499.000000
E 13 15 752.500000 559.500000 794.500000 559.500000 794.500000 619.000000 867.000000 619.000000
E 14 16 916.000000 499.000000 964.000000 499.000000 964.000000 542.000000
E 15 16 916.000000 619.000000 963.000000 619.000000 963.000000 573.000000
E 16 17 962.500000 559.500000 1077.000000 559.000000
E 17 18 1077.000000 559.000000 1222.000000 559.000000
E 18 19 1222.000000 559.000000 1331.000000 559.000000
E 20 21 750.000000 225.000000 895.000000 225.000000
G 1075021130.json 30 33
V 210.000000 150.000000 30.000000 30.000000
V 366.000000 149.500000 102.000000 67.000000
V 555.000000 150.000000 30.000000 30.000000
V 721.000000 150.000000 28.000000 28.000000
V 562.500000 72.500000 315.000000 55.000000
V 618.000000 519.500000 88.000000 53.000000
V 935.000000 520.000000 40.000000 40.000000
V 1025.000000 468.500000 100.000000 67.000000
V 1130.000000 510.000000 40.000000 40.000000
V 1025.000000 576.500000 102.000000 53.000000
V 245.000000 520.000000 40.000000 40.000000
V 180.000000 520.000000 30.000000 30.000000
V 300.000000 429.000000 30.000000 30.000000
V 300.000000 615.000000 30.000000 30.000000
V 1499.000000 510.000000 28.000000 28.000000
V 782.500000 519.500000 115.000000 67.000000
V 761.000500 400.086500 62.001000 60.173000
V 1313.500000 510.000000 127.000000 76.000000
V 1479.000000 425.000000 100.000000 50.000000
V 1025.000500 675.086500 62.001000 60.173000
V 405.000000 614.500000 100.000000 55.000000
V 1025.000500 360.086500 62.001000 60.173000
V 597.500000 672.500000 245.000000 55.000000
V 405.000000 428.500000 100.000000 55.000000
V 580.000000 360.000000 200.000000 50.000000
V 210.000000 925.000000 30.000000 30.000000
V 366.000000 924.500000 102.000000 67.000000
V 555.000000 925.000000 30.000000 30.000000
V 721.000000 925.000000 28.000000 28.000000
V 555.000000 802.500000 250.000000 65.000000
E 0 1 210.000000 150.000000 366.000000 149.500000
E 1 2 366.000000 149.500000 555.000000 150.000000
U 1 4 385.162932 117.689329 408.150000 71.400000
E 1 12 366.000000 182.000000 366.000000 298.500000 300.000000 298.500000 300.000000 423.449219
E 2 3 555.000000 150.000000 721.000000 150.000000
E 17 2 1313.500000 510.000000 1282.000000 382.000000 555.000000 165.000000
E 5 15 618.000000 519.500000 782.500000 519.500000
E 20 5 405.000000 614.500000 501.000000 614.500000 575.000000 532.750000
E 23 5 405.000000 428.500000 500.500000 428.500000 575.000000 506.250000
E 6 7 935.500000 520.500000 935.500000 468.500000 1025.000000 468.500000
E 6 9 935.000000 520.500000 935.000000 576.500000 1025.000000 576.500000
E 15 6 782.500000 519.500000 935.500000 520.500000
E 7 8 1025.000000 468.500000 1130.500000 468.500000 1130.500000 510.500000
E 7 21 1025.000000 468.500000 1025.000500 360.086500
E 9 8 1025.000000 576.500000 1130.500000 576.500000 1130.500000 510.500000
E 8 17 1130.500000 510.500000 1313.500000 510.000000
E 9 19 1025.000000 576.500000 1025.000500 675.086500
E 11 10 180.000000 520.000000 245.500000 520.500000
E 10 12 245.500000 520.500000 245.500000 429.000000 300.000000 429.000000
E 10 13 245.500000 520.500000 245.500000 615.000000 300.000000 615.000000
E 12 23 300.000000 429.000000 405.000000 428.500000
E 13 20 300.000000 615.000000 405.000000 614.500000
E 26 13 366.000000 892.000000 366.000000 760.500000 300.000000 760.500000 300.000000 615.000000
E 17 14 1313.500000 510.000000 1499.000000 510.000000
E 15 16 782.500000 519.500000 761.000500 400.086500
U 17 18 1313.500000 510.000000 1430.000000 424.000000
E 17 27 1313.500000 510.000000 1287.000000 640.000000 555.000000 925.000000
U 20 22 405.000000 614.500000 477.450000 671.400000
U 23 24 405.000000 428.500000 482.000000 359.000000
E 25 26 210.000000 925.000000 366.000000 924.500000
E 26 27 366.000000 924.500000 555.000000 925.000000
U 26 29 366.000000 924.500000 432.500000 801.200000
E 27 28 555.000000 925.000000 721.000000 925.000000
G 1075086604.json 26 28
V 1645.000000 775.333333 100.000000 80.000000
V 1754.000000 775.333333 28.000000 28.000000
V 1240.000000 775.333333 100.000000 80.000000
V 1395.000000 775.333333 107.000000 76.000000
V 132.000000 275.000000 30.000000 30.000000
V 387.000000 275.000000 100.000000 80.000000
V 643.000000 204.000000 171.000000 48.000000
V 890.000000 275.000000 100.000000 80.000000
V 1022.000000 275.000000 100.000000 80.000000
V 1645.000000 275.000000 100.000000 80.000000
V 500.000000 275.000000 40.000000 40.000000
V 642.000000 275.000000 174.000000 49.000000
V 642.000000 353.000000 173.000000 46.000000
V 785.000000 275.000000 40.000000 40.000000
V 242.000000 275.000000 103.000000 83.000000
V 857.500000 183.500000 115.000000 37.000000
V 1240.000000 275.000000 100.000000 80.000000
V 1097.500000 149.500000 65.000000 89.000000
V 1120.000000 275.000000 40.000000 40.000000
V 1506.100006 275.000000 40.000000 40.000000
V 1240.000000 533.666667 100.000000 80.000000
V 1395.000000 533.666667 100.000000 80.000000
V 785.000000 447.666667 113.000000 40.000000
V 1362.000000 652.166667 84.000000 97.000000
V 1235.500000 652.166667 71.000000 95.000000
V 795.500000 110.500000 121.000000 41.000000
E 0 1 1645.000000 775.333333 1754.000000 775.333333
E 9 0 1645.000000 275.000000 1645.000000 775.333333
E 2 3 1240.000000 775.333333 1395.000000 775.333333
E 18 2 1120.500000 275.500000 1120.500000 775.333333 1240.000000 775.333333
E 3 19 1395.000000 775.333333 1506.100006 775.333333 1506.100006 275.000000
E 4 14 132.000000 275.000000 242.000000 275.000000
E 5 10 387.000000 275.000000 500.000000 275.000000
E 14 5 242.000000 275.000000 387.000000 275.000000
E 10 6 500.500000 275.500000 500.500000 204.000000 643.000000 204.000000
E 6 13 643.000000 204.000000 785.000000 204.000000 785.000000 275.000000
U 25 6 735.983740 109.680000 643.000000 204.000000
E 7 8 890.000000 275.000000 1022.000000 275.000000
E 13 7 785.500000 275.500000 890.000000 275.000000
E 17 8 1097.500000 149.500000 1022.000000 275.000000
E 8 18 1022.000000 275.000000 1120.000000 275.000000
E 19 9 1506.600006 275.500000 1645.000000 275.000000
E 10 11 500.500000 275.500000 642.000000 275.000000
E 10 12 500.500000 275.500000 500.500000 353.000000 642.000000 353.000000
E 11 13 642.000000 275.000000 785.000000 275.000000
U 15 11 801.000000 182.760000 642.000000 275.000000
E 12 13 642.000000 353.000000 785.000000 353.000000 785.000000 275.000000
U 22 12 729.576190 446.866667 642.000000 353.000000
E 18 16 1120.500000 275.500000 1240.000000 275.000000
E 16 20 1240.000000 275.000000 1240.000000 533.666667
E 21 19 1395.000000 533.666667 1395.000000 275.000000 1506.100006 275.000000
E 20 21 1240.000000 533.666667 1395.000000 533.666667
E 23 20 1362.000000 652.166667 1240.000000 533.666667
E 24 20 1235.500000 652.166667 1240.000000 533.666667
G 1075479164.json 30 34
V 113.923001 230.000000 30.000000 30.000000
V 223.923001 230.000000 100.000000 80.000000
V 368.923001 230.000000 100.000000 80.000000
V 513.923001 230.000000 100.000000 80.000000
V 763.923001 230.000000 40.000000 40.000000
V 888.923001 230.000000 100.000000 80.000000
V 763.923001 475.000000 100.000000 80.000000
V 1033.923001 230.000000 100.000000 80.000000
V 1258.923001 130.000000 100.000000 80.000000
V 1258.923001 230.000000 100.000000 80.000000
V 1258.923001 318.000000 100.000000 80.000000
V 888.923001 475.000000 100.000000 80.000000
V 1258.923001 415.000000 100.000000 80.000000
V 1258.923001 520.000000 100.000000 80.000000
V 1138.923001 230.000000 40.000000 40.000000
V 1033.923001 475.000000 40.000000 40.000000
V 658.923001 230.000000 100.000000 80.000000
V 1388.923001 230.000000 40.000000 40.000000
V 1483.923001 230.000000 100.000000 80.000000
V 1598.923001 230.000000 40.000000 40.000000
V 1698.923001 145.000000 100.000000 80.000000
V 1803.923001 230.000000 40.000000 40.000000
V 2133.923001 230.000000 40.000000 40.000000
V 1898.923001 230.000000 100.000000 80.000000
V 2218.923001 145.000000 100.000000 80.000000
V 2218.923001 295.000000 100.000000 80.000000
V 2332.923001 230.000000 28.000000 28.000000
V 1388.923001 475.000000 28.000000 28.000000
V 1698.923001 318.000000 100.000000 80.000000
V 2038.923001 230.000000 100.000000 80.000000
E 0 1 113.923001 230.000000 223.923001 230.000000
E 1 2 223.923001 230.000000 368.923001 230.000000
E 2 3 368.923001 230.000000 513.923001 230.000000
E 3 16 513.923001 230.000000 658.923001 230.000000
E 4 5 764.423001 230.500000 888.923001 230.000000
E 4 6 764.423001 230.500000 763.923001 475.000000
E 16 4 658.923001 230.000000 764.423001 230.500000
E 5 7 888.923001 230.000000 1033.923001 230.000000
E 6 11 763.923001 475.000000 888.923001 475.000000
E 7 14 1033.923001 230.000000 1139.423001 230.500000
E 14 8 1139.423001 230.500000 1139.423001 130.000000 1258.923001 130.000000
E 8 17 1258.923001 130.000000 1389.423001 130.000000 1389.423001 230.500000
E 14 9 1139.423001 230.500000 1258.923001 230.000000
E 9 17 1258.923001 230.000000 1389.423001 230.500000
E 14 10 1139.423001 230.500000 1139.423001 318.000000 1258.923001 318.000000
E 10 17 1258.923001 318.000000 1389.423001 318.000000 1389.423001 230.500000
E 11 15 888.923001 475.000000 1034.423001 475.500000
E 15 12 1034.423001 475.500000 1034.423001 415.000000 1258.923001 415.000000
E 12 27 1258.923001 415.000000 1387.923001 415.000000 1387.923001 475.000000
E 15 13 1034.423001 475.500000 1034.423001 529.000000 1258.923001 529.000000
E 13 27 1258.923001 520.000000 1387.923001 520.000000 1387.923001 475.000000
E 17 18 1389.423001 230.500000 1483.923001 230.000000
E 18 19 1483.923001 230.000000 1599.423001 230.500000
E 19 20 1599.423001 230.500000 1599.423001 145.000000 1698.923001 145.000000
E 19 28 1599.423001 230.500000 1599.423001 318.000000 1698.923001 318.000000
E 20 21 1698.923001 145.000000 1804.423001 145.000000 1804.423001 230.500000
E 21 23 1804.423001 230.500000 1898.923001 230.000000
E 28 21 1698.923001 318.000000 1804.423001 318.000000 1804.423001 230.500000
E 22 24 2134.423001 230.500000 2134.423001 145.000000 2218.923001 145.000000
E 22 25 2134.423001 230.500000 2134.423001 295.000000 2218.923001 295.000000
E 29 22 2038.923001 230.000000 2134.423001 230.500000
E 23 29 1898.923001 230.000000 2038.923001 230.000000
E 24 26 2218.923001 145.000000 2332.923001 145.000000 2332.923001 230.000000
E 25 26 2218.923001 295.000000 2332.923001 295.000000 2332.923001 230.000000
G 1075720640.json 32 34
V 160.000000 315.000000 100.000000 80.000000
V 285.000000 315.000000 100.000000 80.000000
V 400.000000 315.000000 40.000000 40.000000
V 606.000000 315.000000 100.000000 80.000000
V 400.000000 445.000000 100.000000 80.000000
V 965.000000 445.000000 100.000000 80.000000
V 54.929999 315.000000 30.000000 30.000000
V 1092.109974 315.000000 28.000000 28.000000
V 400.000000 585.000000 100.000000 80.000000
V 715.000000 780.000000 100.000000 80.000000
V 400.000000 780.000000 40.000000 40.000000
V 848.599981 679.000000 100.000000 80.000000
V 400.000000 679.000000 40.000000 40.000000
V 400.000000 912.162998 100.000000 80.000000
V 400.000000 1018.179975 100.000000 80.000000
V 559.054987 1078.039973 40.000000 40.000000
V 559.054987 1138.039973 40.000000 40.000000
V 848.599981 1268.162998 100.000000 80.000000
V 1080.000000 1268.162998 100.000000 80.000000
V 965.000000 1268.162998 40.000000 40.000000
V 1205.000000 1268.162998 40.000000 40.000000
V 1205.000000 1417.584967 100.000000 80.000000
V 1205.000000 1505.162998 40.000000 40.000000
V 1395.000000 1505.162998 100.000000 80.000000
V 1540.000000 1505.162998 100.000000 80.000000
V 1711.024959 1505.162998 28.000000 28.000000
V 1205.000000 1776.919958 40.000000 40.000000
V 1647.199962 1776.919958 100.000000 80.000000
V 1205.000000 1670.901999 100.000000 80.000000
V 1205.000000 1936.674955 100.000000 80.000000
V 1205.000000 2037.681955 100.000000 80.000000
V 1205.000000 2130.254949 28.000000 28.000000
E 0 1 160.000000 315.000000 285.000000 315.000000
E 6 0 54.929999 315.000000 160.000000 315.000000
E 1 2 285.000000 315.000000 400.500000 315.500000
E 2 3 400.500000 315.500000 606.000000 315.000000
E 2 4 400.500000 315.500000 400.000000 445.000000
E 3 7 606.000000 315.000000 1092.109974 315.000000
E 4 8 400.000000 445.000000 400.000000 585.000000
E 19 5 965.500000 1268.662998 965.000000 445.000000
E 8 12 400.000000 585.000000 400.500000 679.500000
E 10 9 400.500000 780.500000 715.000000 780.000000
E 9 15 715.000000 780.000000 715.000000 1078.539973 559.554987 1078.539973
E 12 10 400.500000 679.500000 400.500000 780.500000
E 10 13 400.500000 780.500000 400.000000 912.162998
E 12 11 400.500000 679.500000 848.599981 679.000000
E 11 16 848.599981 679.000000 848.599981 1138.539973 559.554987 1138.539973
E 13 14 400.000000 912.162998 400.000000 1018.179975
E 14 15 400.000000 1018.179975 400.000000 1078.539973 559.554987 1078.539973
E 15 16 559.554987 1078.539973 559.554987 1138.539973
E 16 17 559.554987 1138.539973 559.554987 1268.162998 848.599981 1268.162998
E 17 19 848.599981 1268.162998 965.500000 1268.662998
E 19 18 965.500000 1268.662998 1080.000000 1268.162998
E 18 20 1080.000000 1268.162998 1205.500000 1268.662998
E 20 21 1205.500000 1268.662998 1205.000000 1417.584967
E 27 20 1630.533295 1776.919958 1630.533295 1268.662998 1205.500000 1268.662998
E 21 22 1205.000000 1417.584967 1205.500000 1505.662998
E 22 23 1205.500000 1505.662998 1395.000000 1505.162998
E 22 28 1205.500000 1505.662998 1205.000000 1670.901999
E 23 24 1395.000000 1505.162998 1540.000000 1505.162998
E 24 25 1540.000000 1505.162998 1711.024959 1505.162998
E 26 27 1205.500000 1777.419958 1647.699962 1776.919958
E 28 26 1205.000000 1670.901999 1205.500000 1777.419958
E 26 29 1205.500000 1777.419958 1205.000000 1936.674955
E 29 30 1205.000000 1936.674955 1205.000000 2037.681955
E 30 31 1205.000000 2037.681955 1205.000000 2130.254949
G 1075776148.json 23 25
V 119.952414 465.000000 30.000000 30.000000
V 424.952414 465.000000 100.000000 80.000000
V 260.362920 465.000000 100.000000 80.000000
V 605.362920 433.000000 100.000000 80.000000
V 1865.362920 388.000000 100.000000 80.000000
V 2045.362920 388.000000 100.000000 80.000000
V 710.952414 675.000000 40.000000 40.000000
V 605.362920 675.000000 100.000000 80.000000
V 1160.362920 598.000000 100.000000 80.000000
V 500.362920 675.990714 40.000000 40.000000
V 1025.362920 675.990714 40.000000 40.000000
V 1295.362920 675.000000 40.000000 40.000000
V 1670.362920 675.990714 40.000000 40.000000
V 2135.362920 675.000000 40.000000 40.000000
V 1160.362920 869.000000 112.000000 92.000000
V 2345.362920 898.000000 100.000000 80.000000
V 1790.362920 898.000000 100.000000 80.000000
V 2015.362920 898.000000 100.000000 80.000000
V 2490.362920 896.000000 100.000000 80.000000
V 2699.362920 896.000000 28.000000 28.000000
V 424.952414 1153.000000 40.000000 40.000000
V 569.000000 1153.000000 28.000000 28.000000
V 260.362920 1153.000000 100.000000 80.000000
E 0 2 119.952414 465.000000 260.362920 465.000000
E 1 9 449.952414 504.000000 449.952414 676.490714 500.862920 676.490714
E 20 1 425.452414 1153.500000 424.952414 504.000000
E 2 22 260.362920 465.000000 260.362920 1153.000000
E 6 3 713.952414 661.000000 713.952414 433.000000 605.362920 433.000000
E 3 9 605.362920 433.000000 502.362920 433.000000 502.362920 659.000000
E 4 5 1914.362920 388.000000 1996.362920 388.000000
E 12 4 1671.299521 661.758820 1671.299521 388.000000 1816.362920 388.000000
E 5 13 2045.362920 388.000000 2135.362920 388.000000 2135.362920 662.000000
E 7 6 654.362920 675.000000 696.952414 677.000000
E 6 10 711.452414 675.500000 1025.862920 676.490714
E 9 7 500.862920 676.490714 605.362920 675.000000
E 10 8 1025.862920 676.490714 1025.862920 595.745923 1131.837636 595.745923
E 8 11 1160.362920 598.000000 1295.862920 598.000000 1295.862920 675.500000
E 10 14 1025.862920 676.490714 1025.862920 869.000000 1160.362920 869.000000
E 11 12 1295.862920 675.500000 1670.862920 676.490714
E 14 11 1197.862920 869.000000 1295.862920 869.000000 1295.862920 675.500000
E 12 16 1672.909993 676.490714 1672.909993 892.000000 1741.362920 892.000000
E 13 15 2153.920246 672.715580 2345.362920 672.715580 2345.362920 937.000000
E 17 13 2015.362920 898.000000 2135.862920 898.000000 2135.862920 675.500000
E 15 18 2345.362920 898.000000 2490.362920 896.000000
E 16 17 1839.362920 898.000000 1966.362920 898.000000
E 18 19 2539.362920 896.000000 2699.362920 896.000000
E 20 21 442.362920 1156.000000 569.000000 1153.000000
E 22 20 260.362920 1153.000000 425.452414 1153.500000
G 1076353098.json 28 28
V 295.000000 259.000000 100.000000 80.000000
V 880.000000 365.000000 100.000000 80.000000
V 870.000000 259.000000 40.000000 40.000000
V 995.000000 259.000000 40.000000 40.000000
V 740.000000 259.000000 100.000000 80.000000
V 1090.000000 259.000000 100.000000 80.000000
V 1355.000000 419.000000 100.000000 80.000000
V 1580.000000 350.000000 100.000000 80.000000
V 1580.000000 490.000000 100.000000 80.000000
V 1580.000000 585.000000 30.000000 30.000000
V 1814.000000 415.000000 28.000000 28.000000
V 1355.000000 215.000000 100.000000 80.000000
V 1200.000000 259.000000 40.000000 40.000000
V 1500.000000 215.000000 100.000000 80.000000
V 1645.000000 215.000000 100.000000 80.000000
V 1790.000000 215.000000 100.000000 80.000000
V 1710.000000 310.000000 100.000000 50.000000
V 1591.931973 120.000000 100.000000 50.000000
V 440.000000 259.000000 100.000000 80.000000
V 583.999982 259.000000 100.000000 80.000000
V 1460.000000 419.000000 40.000000 40.000000
V 1710.000000 415.000000 40.000000 40.000000
V 1905.000000 215.000000 30.000000 30.000000
V 195.000000 259.000000 30.000000 30.000000
V 1745.000000 535.000000 100.000000 50.000000
V 182.000000 727.711201 30.000000 30.000000
V 290.000000 727.711201 100.000000 80.000000
V 419.000000 727.711201 28.000000 28.000000
E 0 18 295.000000 259.000000 440.000000 259.000000
E 23 0 195.000000 259.000000 295.000000 259.000000
E 1 3 880.000000 365.000000 995.500000 365.000000 995.500000 259.500000
E 2 3 870.500000 259.500000 995.500000 259.500000
E 4 2 740.000000 259.000000 870.500000 259.500000
E 3 5 995.000000 259.000000 1090.000000 259.000000
E 19 4 583.999982 259.000000 740.000000 259.000000
E 5 12 1090.000000 259.000000 1200.500000 259.500000
E 12 6 1200.500000 259.500000 1200.500000 419.000000 1355.000000 419.000000
E 6 20 1355.000000 419.000000 1460.500000 419.500000
U 7 16 1580.000000 350.000000 1661.000000 309.000000
E 20 7 1460.500000 419.500000 1460.500000 350.000000 1580.000000 350.000000
E 7 21 1580.000000 350.000000 1710.500000 350.000000 1710.500000 415.500000
E 8 9 1580.000000 529.000000 1580.000000 570.187500
E 20 8 1460.500000 419.500000 1460.500000 490.000000 1580.000000 490.000000
E 8 21 1580.000000 490.000000 1710.500000 490.000000 1710.500000 415.500000
U 8 24 1580.000000 490.000000 1696.000000 534.000000
E 9 25 1580.000000 585.000000 1580.000000 632.711201 182.000000 632.711201 182.000000 727.711201
E 21 10 1710.500000 415.500000 1814.000000 415.000000
E 12 11 1200.500000 259.500000 1200.500000 215.000000 1355.000000 215.000000
E 11 13 1355.000000 215.000000 1500.000000 215.000000
E 13 14 1500.000000 215.000000 1645.000000 215.000000
U 13 17 1500.000000 215.000000 1542.931973 119.000000
E 14 15 1645.000000 215.000000 1790.000000 215.000000
E 15 22 1790.000000 215.000000 1905.000000 215.000000
E 18 19 440.000000 259.000000 583.999982 259.000000
E 25 26 182.000000 727.711201 290.000000 727.711201
E 26 27 290.000000 727.711201 419.000000 727.711201
G 1076439938.json 32 39
V 45.000000 315.000000 30.000000 30.000000
V 155.000000 190.000000 100.000000 80.000000
V 150.500000 380.000000 91.000000 40.000000
V 255.000000 380.000000 28.000000 28.000000
V 380.000000 130.000000 100.000000 80.000000
V 300.000000 250.000000 100.000000 80.000000
V 380.000000 355.000000 100.000000 80.000000
V 528.000000 229.500000 94.000000 61.000000
V 670.000000 229.500000 100.000000 80.000000
V 670.000000 355.000000 100.000000 80.000000
V 670.000000 130.000000 100.000000 80.000000
V 779.000000 355.000000 28.000000 28.000000
V 815.000000 190.000000 100.000000 80.000000
V 960.000000 145.000000 100.000000 80.000000
V 965.000000 280.000000 100.000000 80.000000
V 1105.000000 85.000000 100.000000 80.000000
V 1105.000000 190.000000 100.000000 80.000000
V 1280.000000 229.500000 100.000000 80.000000
V 1425.000000 315.000000 100.000000 80.000000
V 1425.000000 145.000000 100.000000 80.000000
V 1580.000000 100.000000 100.000000 80.000000
V 1580.000000 229.500000 100.000000 80.000000
V 1640.000000 460.000000 100.000000 80.000000
V 1721.500000 42.000000 93.000000 54.000000
V 1721.500000 141.000000 93.000000 42.000000
V 1723.500000 212.500000 97.000000 46.000000
V 1725.000000 280.000000 98.000000 45.000000
V 1725.000000 355.000000 97.000000 46.000000
V 2000.000000 229.500000 100.000000 80.000000
V 1535.000000 595.000000 100.000000 80.000000
V 1760.000000 595.000000 100.000000 80.000000
V 1655.000000 730.000000 100.000000 80.000000
E 0 1 45.000000 315.000000 82.500000 315.000000 82.500000 190.000000 155.000000 190.000000
E 0 2 45.000000 315.000000 82.500000 315.000000 82.500000 380.000000 150.500000 380.000000
E 1 4 155.000000 190.000000 227.500000 190.000000 227.500000 130.000000 380.000000 130.000000
E 1 5 155.000000 190.000000 227.500000 190.000000 227.500000 250.000000 300.000000 250.000000
E 2 3 150.500000 380.000000 255.000000 380.000000
E 4 7 380.000000 130.000000 452.500000 130.000000 452.500000 229.500000 528.000000 229.500000
E 5 6 300.000000 250.000000 380.000000 250.000000 380.000000 355.000000
E 6 7 428.000000 319.000000 482.880000 259.237500
E 7 8 528.000000 229.500000 670.000000 229.500000
E 7 9 528.000000 229.500000 597.500000 229.500000 597.500000 355.000000 670.000000 355.000000
E 7 10 528.000000 229.500000 597.500000 229.500000 597.500000 130.000000 670.000000 130.000000
E 8 12 719.000000 229.500000 768.000000 229.500000
E 9 11 670.000000 355.000000 779.000000 355.000000
E 10 12 670.000000 130.000000 742.500000 130.000000 742.500000 190.000000 815.000000 190.000000
E 12 13 815.000000 190.000000 887.500000 190.000000 887.500000 145.000000 960.000000 145.000000
E 12 14 815.000000 190.000000 890.000000 190.000000 890.000000 280.000000 965.000000 280.000000
E 13 15 960.000000 145.000000 1032.500000 145.000000 1032.500000 85.000000 1105.000000 85.000000
E 13 16 960.000000 145.000000 1032.500000 145.000000 1032.500000 190.000000 1105.000000 190.000000
E 14 17 1014.000000 280.000000 1231.000000 249.500000
E 15 17 1154.000000 105.000000 1237.000000 192.000000
E 16 17 1105.000000 190.000000 1192.500000 190.000000 1192.500000 229.500000 1280.000000 229.500000
E 17 18 1280.000000 229.500000 1352.500000 229.500000 1352.500000 315.000000 1425.000000 315.000000
E 17 19 1280.000000 229.500000 1352.500000 229.500000 1352.500000 145.000000 1425.000000 145.000000
E 18 22 1425.000000 315.000000 1532.500000 315.000000 1532.500000 460.000000 1640.000000 460.000000
E 19 20 1425.000000 145.000000 1502.500000 145.000000 1502.500000 100.000000 1580.000000 100.000000
E 19 21 1425.000000 145.000000 1502.500000 145.000000 1502.500000 229.500000 1580.000000 229.500000
E 20 23 1580.000000 100.000000 1652.500000 100.000000 1652.500000 42.000000 1721.500000 42.000000
E 20 24 1580.000000 100.000000 1652.500000 100.000000 1652.500000 141.000000 1721.500000 141.000000
E 21 25 1580.000000 229.500000 1723.500000 212.500000
E 21 26 1580.000000 229.500000 1652.500000 229.500000 1652.500000 280.000000 1725.000000 280.000000
E 28 22 2025.000000 268.500000 1689.000000 440.000000
E 22 29 1640.000000 460.000000 1640.000000 595.000000 1535.000000 595.000000
E 22 30 1665.000000 499.000000 1665.000000 595.000000 1760.000000 595.000000
E 23 28 1767.000000 55.500000 1975.000000 190.500000
E 24 28 1744.750000 161.000000 1951.000000 209.500000
E 25 28 1723.500000 212.500000 1861.000000 212.500000 1861.000000 229.500000 2000.000000 229.500000
E 26 27 1725.000000 280.000000 1725.000000 355.000000
E 27 28 1772.500000 343.500000 1975.000000 268.500000
E 29 31 1535.000000 595.000000 1586.000000 668.000000 1655.000000 730.000000
G 1076568181.json 19 26
V 577.000000 185.000000 100.000000 80.000000
V 577.000000 300.000000 100.000000 80.000000
V 577.000000 625.000000 100.000000 80.000000
V 900.000000 185.000000 100.000000 80.000000
V 900.000000 300.000000 100.000000 80.000000
V 900.000000 505.000000 100.000000 80.000000
V 900.000000 395.000000 40.000000 40.000000
V 900.000000 625.000000 100.000000 80.000000
V 900.000000 730.000000 100.000000 80.000000
V 900.000000 865.000000 100.000000 80.000000
V 900.000000 990.000000 100.000000 80.000000
V 1223.000500 855.086500 62.001000 60.173000
V 176.000000 300.000000 100.000000 80.000000
V 176.000000 185.000000 100.000000 80.000000
V 176.000000 100.000000 30.000000 30.000000
V 176.000000 645.000000 100.000000 80.000000
V 176.000000 805.000000 100.000000 80.000000
V 176.000000 925.000000 100.000000 80.000000
V 176.000000 1010.000000 28.000000 28.000000
E 3 0 900.000000 185.000000 577.000000 185.000000
E 0 12 528.000000 185.000000 226.000000 280.000000
E 1 4 577.000000 300.000000 851.000000 300.000000
E 12 1 225.000000 300.000000 540.793988 300.000000
E 7 2 900.000000 625.000000 577.000000 625.000000
E 2 15 577.000000 635.000000 176.000000 635.000000
E 3 4 900.000000 185.000000 900.000000 300.000000
E 4 6 900.000000 300.000000 900.500000 395.500000
E 6 5 900.500000 395.500000 900.000000 505.000000
E 5 7 900.000000 505.000000 900.000000 625.000000
E 6 12 900.500000 395.500000 201.000000 395.500000 201.000000 339.000000
E 7 8 900.000000 625.000000 900.000000 730.000000
E 8 9 900.000000 769.000000 900.000000 865.000000
U 8 11 949.000000 730.000000 1222.575500 854.924500
E 15 8 201.000000 684.000000 201.000000 710.000000 851.000000 710.000000
E 8 16 851.000000 750.000000 176.000000 805.000000
E 9 10 900.000000 865.000000 900.000000 990.000000
E 9 17 851.000000 895.000000 225.000000 895.000000
U 10 11 949.000000 990.000000 1222.575500 854.924500
E 17 10 225.000000 957.500000 851.000000 957.500000
E 13 12 176.000000 185.000000 176.000000 300.000000
E 12 15 176.000000 300.000000 176.000000 645.000000
E 14 13 176.000000 100.000000 176.000000 185.000000
E 15 16 176.000000 645.000000 176.000000 805.000000
E 16 17 176.000000 805.000000 176.000000 925.000000
E 17 18 176.000000 925.000000 176.000000 1010.000000
G 1077258635.json 23 27
V 401.107644 205.000000 40.000000 40.000000
V 545.000000 205.000000 40.000000 40.000000
V 163.499996 205.000000 30.000000 30.000000
V 545.000000 510.000000 100.000000 80.000000
V 757.650031 205.000000 40.000000 40.000000
V 993.600044 205.000000 40.000000 40.000000
V 757.650031 410.000000 40.000000 40.000000
V 971.690953 410.000000 100.000000 80.000000
V 1313.861151 205.000000 100.000000 80.000000
V 1695.150081 205.000000 100.000000 80.000000
V 1510.000000 205.000000 100.000000 80.000000
V 2020.000000 415.000000 40.000000 40.000000
V 2135.000000 621.075966 28.000000 28.000000
V 2135.000000 415.000000 100.000000 80.000000
V 1429.400066 410.000000 113.000000 80.000000
V 1540.630557 410.000000 28.000000 28.000000
V 395.000000 441.000000 100.000000 80.000000
V 1157.150051 205.000000 113.000000 80.000000
V 885.000000 205.000000 40.000000 40.000000
V 1957.115096 205.000000 152.030003 80.000000
V 280.999993 205.000000 100.000000 68.000000
V 504.000000 441.000000 28.000000 28.000000
V 881.511208 51.779542 149.540536 61.454265
E 0 1 401.607644 205.500000 545.000000 205.000000
E 0 16 401.607644 205.500000 401.607644 405.396779
E 20 0 280.999993 205.000000 401.607644 205.500000
E 1 3 545.500000 205.500000 545.000000 510.000000
E 1 4 545.000000 205.000000 757.650031 205.000000
E 2 20 163.499996 205.000000 280.999993 205.000000
E 5 3 994.100044 205.500000 994.100044 277.000000 570.000000 277.000000 570.000000 471.000000
E 6 3 758.150031 410.500000 758.150031 518.832579 595.000000 518.832579
E 3 8 592.000000 532.000000 1313.861151 532.000000 1313.861151 205.000000
E 4 6 758.150031 205.500000 758.150031 410.500000
E 4 18 758.150031 205.500000 885.500000 205.500000
U 4 22 758.150031 205.500000 808.236346 50.550457
E 5 17 994.100044 205.500000 1157.150051 205.000000
E 18 5 885.500000 205.500000 994.100044 205.500000
E 6 7 758.150031 410.500000 971.690953 410.000000
E 7 14 971.690953 410.000000 1429.400066 410.000000
E 8 10 1313.861151 205.000000 1510.000000 205.000000
E 17 8 1157.150051 205.000000 1313.861151 205.000000
E 10 9 1510.000000 205.000000 1669.350073 205.000000
E 9 19 1695.150081 205.000000 1957.115096 205.000000
E 11 13 2020.500000 415.500000 2135.000000 415.000000
E 11 16 2020.500000 415.500000 2020.500000 721.361760 395.692148 721.361760 395.692148 463.897243
E 19 11 1957.115096 205.000000 1957.115096 415.500000 2020.500000 415.500000
E 13 12 2135.000000 415.000000 2135.000000 621.075966
E 14 15 1429.400066 410.000000 1540.630557 410.000000
E 16 21 395.000000 441.000000 504.000000 441.000000
E 18 17 885.500000 205.500000 885.500000 332.890008 1157.150051 332.890008 1157.150051 244.000000
G 1077733223.json 18 22
V 30.000000 300.000000 30.000000 30.000000
V 142.000000 300.000000 100.000000 80.000000
V 260.000000 300.000000 40.000000 40.000000
V 508.995357 501.191511 100.000000 80.000000
V 357.461007 171.769003 100.000000 80.000000
V 473.925107 171.769003 40.000000 40.000000
V 568.925107 96.769003 100.000000 80.000000
V 568.925107 237.653505 100.000000 80.000000
V 678.845016 171.769003 40.000000 40.000000
V 788.652518 325.499507 40.000000 40.000000
V 903.652518 325.499507 100.000000 80.000000
V 1018.652518 325.499507 40.000000 40.000000
V 1104.152025 389.422508 100.000000 80.000000
V 1104.152025 257.653505 100.000000 80.000000
V 1183.959528 325.499507 40.000000 40.000000
V 1301.805530 325.499507 100.000000 80.000000
V 1419.536033 325.499507 28.000000 28.000000
V 648.098909 501.191511 40.000000 40.000000
E 0 1 30.000000 300.000000 142.000000 300.000000
E 1 2 142.000000 300.000000 260.500000 300.500000
E 2 3 260.500000 300.500000 260.500000 501.191511 508.995357 501.191511
E 2 4 260.500000 300.500000 260.500000 171.769003 357.461007 171.769003
E 11 3 1019.152518 325.999507 1019.152518 347.843310 750.497619 888.974696 88.578032 650.619179 480.890080 510.673312
E 3 17 508.995357 501.191511 648.598909 501.691511
E 4 5 357.461007 171.769003 474.425107 172.269003
E 11 4 1019.152518 325.999507 1019.152518 258.634255 642.593493 27.351822 106.293633 27.351822 308.461007 151.769003
E 5 6 474.425107 172.269003 474.425107 96.769003 568.925107 96.769003
E 5 7 474.425107 172.269003 474.425107 237.653505 568.925107 237.653505
E 6 8 568.925107 96.769003 679.705388 96.769003 679.705388 172.269003
E 7 8 568.925107 237.653505 679.345016 237.653505 679.345016 172.269003
E 8 9 679.345016 172.269003 789.152518 172.269003 789.152518 325.999507
E 9 10 789.152518 325.999507 903.652518 325.499507
E 17 9 648.598909 501.691511 789.152518 501.691511 789.152518 325.999507
E 10 11 903.652518 325.499507 1019.152518 325.999507
E 11 12 1019.152518 325.999507 1019.152518 389.422508 1104.152025 389.422508
E 11 13 1019.152518 325.999507 1019.152518 257.653505 1104.152025 257.653505
E 12 14 1104.152025 389.422508 1184.459528 389.422508 1184.459528 325.999507
E 13 14 1104.152025 257.653505 1184.459528 257.653505 1184.459528 325.999507
E 14 15 1184.459528 325.999507 1301.805530 325.499507
E 15 16 1301.805530 325.499507 1419.536033 325.499507
G 1078062603.json 24 24
V 126.000000 336.500000 132.000000 60.500000
V 285.000000 336.500000 30.000000 30.000000
V 126.000000 494.500000 107.000000 159.000000
V 430.000000 435.086500 62.001000 60.173000
V 429.500000 336.500000 105.000000 97.000000
V 581.000000 337.000000 118.000000 47.000000
V 740.000000 336.500000 100.000000 63.000000
V 800.000000 221.500000 100.000000 73.000000
V 920.000000 336.500000 40.000000 40.000000
V 920.000000 445.000000 100.000000 80.000000
V 920.000000 671.500000 201.000000 203.000000
V 1141.000000 822.500000 152.000000 205.000000
V 1066.000000 475.000000 152.000000 50.000000
V 920.500000 865.000000 118.000000 80.000000
V 665.000000 865.000000 100.000000 80.000000
V 702.500000 756.500000 175.000000 73.000000
V 716.500000 955.000000 203.000000 50.000000
V 472.849000 865.000000 201.000000 80.000000
V 497.674250 966.000000 193.349500 92.000000
V 1024.000000 299.000000 28.000000 28.000000
V 1024.000000 359.000000 28.000000 28.000000
V 409.999500 558.500000 137.000000 97.000000
V 239.000000 865.000000 28.000000 28.000000
V 341.000000 770.000000 147.000000 80.000000
E 0 1 126.000000 336.500000 285.000000 336.500000
U 2 0 73.500000 491.320000 93.000000 365.462766
E 1 4 285.000000 336.500000 429.500000 336.500000
U 4 3 429.500000 336.500000 430.000000 435.086500
U 3 21 429.575000 434.924500 427.071727 521.407632
U 22 3 239.000000 865.000000 239.000000 499.000000 430.000000 435.086500
E 4 5 429.500000 336.500000 581.000000 337.000000
E 5 6 581.000000 337.000000 740.000000 336.500000
U 6 7 740.000000 336.500000 740.000000 272.000000 751.000000 220.040000
E 6 8 740.000000 336.500000 920.500000 337.000000
E 8 9 920.500000 337.000000 920.000000 445.000000
E 8 19 920.500000 337.000000 963.729891 298.988593 1024.000000 299.000000
E 8 20 920.500000 337.000000 975.000000 359.000000 1024.000000 359.000000
E 9 10 920.000000 445.000000 920.000000 671.500000
U 9 12 920.000000 445.000000 991.520000 474.000000
E 10 13 920.000000 671.500000 920.500000 865.000000
U 13 11 978.500000 865.000000 1066.520000 818.400000
E 13 14 920.500000 865.000000 665.000000 865.000000
U 14 15 665.000000 865.000000 616.750000 755.040000
U 14 16 665.000000 865.000000 617.030000 954.000000
E 14 17 665.000000 865.000000 472.849000 865.000000
U 17 18 422.599000 904.000000 401.999500 964.160000
E 17 22 472.849000 865.000000 239.000000 865.000000
E 17 23 472.849000 865.000000 341.000000 865.000000 341.000000 770.000000
G 107821297.json 21 23
V 165.000000 245.000000 30.000000 30.000000
V 645.000000 505.000000 40.000000 40.000000
V 760.000000 230.000000 100.000000 80.000000
V 1424.000000 505.000000 28.000000 28.000000
V 1365.000000 505.000000 40.000000 40.000000
V 405.000000 245.000000 40.000000 40.000000
V 840.000000 150.000000 100.000000 50.000000
V 275.000000 245.000000 100.000000 80.000000
V 905.000000 715.000000 100.000000 50.000000
V 965.000000 230.000000 40.000000 40.000000
V 1068.388405 163.760326 30.000000 30.000000
V 1088.388405 275.330570 30.000000 30.000000
V 1198.388405 275.330570 100.000000 80.000000
V 1166.561955 163.760326 28.000000 28.000000
V 875.000000 230.000000 40.000000 40.000000
V 965.000000 355.000000 100.000000 80.000000
V 1111.000000 400.000000 100.000000 50.000000
V 520.000000 505.000000 100.000000 80.000000
V 780.000000 770.000000 100.000000 80.000000
V 900.000000 505.000000 100.000000 80.000000
V 1034.000000 505.000000 100.000000 80.000000
E 0 7 165.000000 245.000000 275.000000 245.000000
E 1 2 645.500000 505.500000 645.500000 230.000000 760.000000 230.000000
E 17 1 520.000000 505.000000 645.500000 505.500000
E 1 18 645.500000 505.500000 645.500000 770.000000 780.000000 770.000000
E 1 19 645.500000 505.500000 900.000000 505.000000
U 2 6 760.000000 230.000000 791.000000 149.000000
E 2 14 760.000000 230.000000 875.500000 230.500000
E 4 3 1365.500000 505.500000 1424.000000 505.000000
E 5 4 405.500000 245.500000 405.500000 112.000000 1365.500000 112.000000 1365.500000 505.500000
E 18 4 780.000000 770.000000 1365.500000 770.000000 1365.500000 505.500000
E 20 4 1034.000000 505.000000 1365.500000 505.500000
E 7 5 275.000000 245.000000 405.500000 245.500000
E 5 17 405.500000 245.500000 405.500000 505.000000 520.000000 505.000000
U 18 8 780.000000 770.000000 856.000000 714.000000
E 9 10 965.500000 230.500000 965.500000 163.760326 1068.388405 163.760326
E 9 11 965.500000 230.500000 965.500000 275.330570 1088.388405 275.330570
E 14 9 875.500000 230.500000 965.500000 230.500000
E 10 13 1068.388405 163.760326 1166.561955 163.760326
E 11 12 1088.388405 275.330570 1198.388405 275.330570
E 12 15 1198.388405 275.330570 1198.388405 355.000000 965.000000 355.000000
E 15 14 965.000000 355.000000 875.500000 355.000000 875.500000 230.500000
U 15 16 965.000000 355.000000 1062.000000 399.000000
E 19 20 900.000000 505.000000 1034.000000 505.000000
G 1078245406.json 27 32
V 105.000000 322.000000 30.000000 30.000000
V 230.000000 320.000000 130.000000 40.000000
V 605.000000 322.000000 30.000000 30.000000
V 345.008653 321.069848 40.000000 40.000000
V 345.012979 402.000000 30.000000 30.000000
V 752.767955 347.460980 100.000000 80.000000
V 914.421443 347.460980 28.000000 28.000000
V 498.229454 432.402710 30.000000 30.000000
V 190.000000 865.000000 100.000000 40.000000
V 330.000000 865.000000 40.000000 40.000000
V 120.000000 615.000000 30.000000 30.000000
V 235.000000 575.000000 100.000000 40.000000
V 325.000000 595.000000 40.000000 40.000000
V 455.000000 575.000000 130.000000 40.000000
V 584.000000 595.000000 28.000000 28.000000
V 170.000000 675.000000 30.000000 30.000000
V 445.000000 710.000000 100.000000 40.000000
V 605.000000 690.000000 100.000000 40.000000
V 704.000000 690.000000 28.000000 28.000000
V 694.000000 594.500000 62.001000 60.173000
V 795.000000 742.500000 100.000000 55.000000
V 900.000000 743.000000 30.000000 30.000000
V 990.000000 743.000000 30.000000 30.000000
V 982.190434 623.000000 100.000000 40.000000
V 1119.999750 648.522196 100.000000 40.000000
V 1119.999750 723.000000 28.000000 28.000000
V 1168.999750 553.022196 62.001000 60.173000
E 0 1 105.000000 322.000000 142.500000 322.000000 142.500000 320.000000 230.000000 320.000000
E 1 3 230.000000 320.000000 345.508653 321.569848
E 1 10 215.000000 320.000000 120.000000 402.000000 120.000000 615.000000
E 3 2 345.508653 321.569848 605.000000 322.000000
E 2 5 605.000000 322.000000 661.383978 322.000000 661.383978 347.460980 752.767955 347.460980
E 13 2 455.000000 575.000000 455.000000 358.704480 605.000000 337.000000
E 3 4 345.508653 321.569848 345.017306 402.000000
E 4 7 345.012979 402.000000 345.012979 432.268473 498.306331 432.538159
E 15 4 170.000000 675.000000 138.000000 587.000000 138.000000 402.000000 345.012979 402.000000
E 21 4 900.000000 743.000000 587.000000 402.000000 345.012979 402.000000
E 5 6 752.767955 347.460980 914.421443 347.460980
E 7 5 498.229454 432.402710 752.767955 432.402710 752.767955 347.460980
E 16 7 445.000000 710.000000 581.247658 522.683643 498.229454 447.402710
E 23 7 982.190434 623.000000 843.321526 481.688870 614.921986 481.688870 498.229454 432.402710
E 8 9 190.000000 865.000000 330.500000 865.500000
E 15 8 170.000000 675.000000 107.000000 675.000000 107.000000 865.000000 190.000000 865.000000
E 9 16 330.500000 865.500000 330.500000 710.000000 445.000000 710.000000
E 9 20 330.500000 865.500000 561.000000 865.500000 795.000000 742.500000
E 10 11 120.000000 615.000000 160.000000 615.000000 160.000000 575.000000 235.000000 575.000000
E 11 12 235.000000 575.000000 325.500000 595.500000
E 12 13 325.500000 595.500000 363.000000 595.500000 363.000000 575.000000 455.000000 575.000000
E 12 15 325.500000 595.500000 170.000000 675.000000
E 13 14 455.000000 575.000000 545.000000 575.000000 545.000000 595.000000 584.000000 595.000000
E 16 17 445.000000 710.000000 525.000000 710.000000 525.000000 690.000000 605.000000 690.000000
E 17 18 605.000000 690.000000 704.000000 690.000000
E 17 19 605.000000 690.000000 694.000000 594.500000
E 20 21 795.000000 742.500000 900.000000 743.000000
E 21 22 900.000000 743.000000 990.000000 743.000000
E 22 23 990.000000 743.000000 990.000000 632.751301
E 23 24 982.190434 623.000000 1081.969827 591.496333 1119.999750 648.522196
E 24 25 1119.999750 648.522196 1119.999750 723.000000
U 24 26 1119.999750 648.522196 1168.574750 552.860196
G 1078910042.json 20 21
V 200.000000 85.000000 100.000000 80.000000
V 105.000000 85.000000 30.000000 30.000000
V 330.000000 85.000000 100.000000 80.000000
V 478.000000 85.000000 100.000000 80.000000
V 1161.251917 85.000000 100.000000 80.000000
V 1233.724868 209.103553 100.000000 80.000000
V 615.000000 85.000000 100.000000 80.000000
V 1034.621315 85.000000 40.000000 40.000000
V 819.000000 85.000000 40.000000 40.000000
V 927.382941 85.000000 100.000000 80.000000
V 927.382941 209.103553 100.000000 80.000000
V 350.000000 445.000000 100.000000 80.000000
V 498.000000 445.000000 100.000000 80.000000
V 606.960462 445.000000 28.000000 28.000000
V 635.000000 742.767955 100.000000 80.000000
V 840.613950 874.536947 100.000000 80.000000
V 958.344440 874.536947 28.000000 28.000000
V 787.653487 1357.689916 100.000000 80.000000
V 927.382941 1489.458908 100.000000 80.000000
V 759.000000 1630.000000 100.000000 80.000000
E 1 0 105.000000 85.000000 200.000000 85.000000
E 0 2 200.000000 85.000000 330.000000 85.000000
E 10 0 927.382941 209.103553 200.000000 209.103553 200.000000 85.000000
E 2 3 330.000000 85.000000 478.000000 85.000000
E 2 11 340.000000 85.000000 340.000000 445.000000
E 3 6 478.000000 85.000000 615.000000 85.000000
E 7 4 1035.121315 85.500000 1161.251917 85.000000
E 4 14 1161.251917 85.000000 1161.251917 742.767955 635.000000 742.767955
E 7 5 1035.121315 85.500000 1035.121315 209.103553 1233.724868 209.103553
E 5 14 1233.724868 209.103553 1233.724868 742.767955 635.000000 742.767955
E 6 8 615.000000 85.000000 819.500000 85.500000
E 9 7 927.382941 85.000000 1035.121315 85.500000
E 8 9 819.500000 85.500000 927.382941 85.000000
E 8 10 819.500000 85.500000 867.028221 143.385667 927.382941 209.103553
E 11 12 350.000000 445.000000 498.000000 445.000000
E 12 13 498.000000 445.000000 606.960462 445.000000
E 14 17 635.000000 742.767955 635.000000 1357.689916 787.653487 1357.689916
E 15 16 840.613950 874.536947 958.344440 874.536947
E 18 15 927.382941 1489.458908 840.613950 1489.458908 840.613950 874.536947
E 17 19 773.326744 1357.689916 773.326744 1630.000000
E 19 18 766.864727 1630.000000 919.518214 1630.000000 919.518214 1513.353809
G 1079170847.json 17 21
V 90.000000 135.000000 30.000000 30.000000
V 200.000000 135.000000 100.000000 80.000000
V 315.000000 135.000000 40.000000 40.000000
V 650.000000 135.000000 100.000000 80.000000
V 500.000000 135.000000 100.000000 80.000000
V 800.000000 135.000000 40.000000 40.000000
V 395.000000 135.000000 30.000000 30.000000
V 1000.000000 135.000000 30.000000 30.000000
V 1110.000000 135.000000 100.000000 80.000000
V 1219.000000 135.000000 28.000000 28.000000
V 202.000000 380.000000 30.000000 30.000000
V 282.000000 380.000000 40.000000 40.000000
V 430.000000 380.000000 100.000000 80.000000
V 650.000000 380.000000 30.000000 30.000000
V 770.000000 380.000000 100.000000 80.000000
V 885.000000 380.000000 40.000000 40.000000
V 1000.000000 380.000000 100.000000 80.000000
E 0 1 90.000000 135.000000 200.000000 135.000000
E 1 2 200.000000 135.000000 315.500000 135.500000
E 1 10 202.000000 135.000000 202.000000 382.000000
E 2 5 315.500000 135.500000 315.500000 56.000000 800.500000 56.000000 800.500000 135.500000
E 2 6 315.500000 135.500000 395.000000 135.000000
E 4 3 500.000000 135.000000 650.000000 135.000000
E 3 5 650.000000 135.000000 800.500000 135.500000
E 3 13 650.000000 135.000000 650.000000 380.000000
E 6 4 395.000000 135.000000 500.000000 135.000000
E 5 7 800.500000 135.500000 1000.000000 135.000000
E 12 6 430.000000 380.000000 430.000000 235.000000 395.000000 235.000000 395.000000 135.000000
E 7 8 1000.000000 135.000000 1110.000000 135.000000
E 16 7 1000.000000 380.000000 1000.000000 135.000000
E 8 9 1110.000000 135.000000 1219.000000 135.000000
E 10 11 202.000000 380.000000 282.500000 380.500000
E 11 12 282.500000 380.500000 430.000000 380.000000
E 11 15 282.500000 380.500000 282.500000 462.000000 885.500000 462.000000 885.500000 380.500000
E 12 13 430.000000 380.000000 650.000000 380.000000
E 13 14 650.000000 380.000000 770.000000 380.000000
E 14 15 770.000000 380.000000 885.500000 380.500000
E 15 16 885.500000 380.500000 1000.000000 380.000000
G 1079308883.json 19 20
V 713.000000 430.000000 30.000000 30.000000
V 823.000000 430.000000 100.000000 80.000000
V 1048.000000 430.000000 100.000000 80.000000
V 1163.000000 430.000000 30.000000 30.000000
V 1296.500000 395.000000 40.000000 40.000000
V 948.125000 430.000000 30.000000 30.000000
V 1296.500000 516.000000 133.000000 49.000000
V 101.500000 79.000000 30.000000 30.000000
V 189.000000 77.500000 85.000000 56.000000
V 318.500000 79.000000 104.000000 58.000000
V 516.000000 85.500000 102.000000 71.000000
V 135.000000 158.500000 30.000000 30.000000
V 420.000000 79.000000 30.000000 30.000000
V 643.000000 85.500000 30.000000 30.000000
V 735.000000 85.500000 30.000000 30.000000
V 855.250000 85.750000 30.000000 30.000000
V 990.000000 86.125000 30.000000 30.000000
V 1135.000000 86.125000 110.000000 42.000000
V 1175.000000 200.000000 40.000000 40.000000
E 0 1 713.000000 430.000000 823.000000 430.000000
E 1 5 823.000000 430.000000 948.125000 430.000000
E 2 3 1048.000000 430.000000 1163.000000 430.000000
E 4 2 1295.000000 382.166656 1048.000000 391.000000
E 5 2 948.125000 430.000000 1048.000000 430.000000
E 2 16 1008.890267 410.406905 990.000000 86.125000
E 3 4 1163.000000 430.000000 1242.500000 430.000000 1280.554717 395.000000
E 4 6 1299.000000 410.166656 1296.500000 492.359649
E 7 8 101.500000 79.000000 189.000000 77.500000
E 8 9 189.000000 77.500000 318.500000 79.000000
E 9 11 318.500000 79.000000 135.000000 158.500000
E 9 12 318.500000 79.000000 409.000000 79.000000
E 12 10 420.000000 79.000000 516.000000 85.500000
E 10 13 516.000000 85.500000 643.645372 85.500000
E 13 14 643.000000 85.500000 735.254237 85.500000
E 14 15 735.000000 85.500000 855.504237 86.004237
E 15 16 855.250000 85.750000 990.000000 86.509615
E 16 17 990.000000 86.125000 1135.000000 86.125000
E 18 16 1175.500000 200.500000 981.000000 87.166672
E 17 18 1084.583333 73.025001 1178.740395 186.044075
G 1080396160.json 34 42
V 1459.000000 354.500000 100.000000 80.000000
V 1812.000000 354.500000 100.000000 80.000000
V 1953.000000 354.500000 100.000000 80.000000
V 1569.000000 254.500000 30.000000 30.000000
V 2063.000000 354.500000 30.000000 30.000000
V 835.000000 374.500000 40.000000 40.000000
V 605.000000 374.500000 100.000000 80.000000
V 935.000000 374.500000 100.000000 80.000000
V 1167.000000 374.500000 100.000000 80.000000
V 1045.000000 374.500000 40.000000 40.000000
V 766.000000 374.820663 40.000000 40.000000
V 719.000000 314.500000 30.000000 30.000000
V 1276.000000 374.500000 28.000000 28.000000
V 495.000000 374.500000 30.000000 30.000000
V 1682.000000 354.500000 40.000000 40.000000
V 2206.000000 354.500000 30.000000 30.000000
V 2316.000000 354.500000 100.000000 80.000000
V 2425.000000 354.500000 28.000000 28.000000
V 1567.000000 744.500000 100.000000 80.000000
V 1567.000000 634.500000 40.000000 40.000000
V 2063.000000 634.500000 100.000000 80.000000
V 438.000000 693.500000 30.000000 30.000000
V 935.000000 693.500000 30.000000 30.000000
V 1459.000000 693.500000 30.000000 30.000000
V 1953.000000 634.500000 30.000000 30.000000
V 663.000000 693.500000 40.000000 40.000000
V 717.000000 583.500000 28.000000 28.000000
V 764.000000 693.500000 30.000000 30.000000
V 1680.000000 634.500000 30.000000 30.000000
V 1043.000000 693.500000 30.000000 30.000000
V 1567.000000 574.500000 30.000000 30.000000
V 548.000000 693.500000 100.000000 80.000000
V 2206.000000 634.500000 100.000000 80.000000
V 2425.000000 634.500000 28.000000 28.000000
E 3 0 1569.000000 254.500000 1459.000000 254.500000 1459.000000 354.500000
E 0 14 1459.000000 354.500000 1682.500000 355.000000
E 0 23 1459.000000 354.500000 1459.000000 693.500000
E 1 2 1812.000000 354.500000 1953.000000 354.500000
E 14 1 1682.500000 355.000000 1812.000000 354.500000
E 2 4 1953.000000 354.500000 2063.000000 354.500000
E 2 24 1953.000000 354.500000 1953.000000 634.500000
E 14 3 1682.500000 355.000000 1682.500000 254.500000 1569.000000 254.500000
E 30 3 1567.000000 574.500000 1567.000000 414.500000 1569.000000 414.500000 1569.000000 254.500000
E 4 15 2063.000000 354.500000 2206.000000 354.500000
E 20 4 2063.000000 634.500000 2063.000000 354.500000
E 5 6 835.500000 375.000000 835.500000 282.500000 605.000000 282.500000 605.000000 374.500000
E 5 7 835.500000 375.000000 935.000000 374.500000
E 10 5 766.500000 375.320663 835.500000 375.000000
E 9 6 1045.500000 375.000000 1045.500000 249.500000 580.000000 249.500000 580.000000 335.500000
E 6 10 605.000000 374.500000 766.500000 375.320663
E 13 6 495.000000 374.500000 605.000000 374.500000
E 6 21 605.000000 374.500000 605.000000 546.500000 438.000000 546.500000 438.000000 693.500000
E 7 9 935.000000 374.500000 1045.500000 375.000000
E 7 22 935.000000 374.500000 935.000000 693.500000
E 9 8 1045.500000 375.000000 1167.000000 374.500000
E 8 12 1167.000000 374.500000 1276.000000 374.500000
E 10 11 766.500000 375.320663 766.500000 314.500000 719.000000 314.500000
E 26 11 717.500000 583.500000 717.500000 317.000000
E 15 16 2206.000000 354.500000 2316.000000 354.500000
E 32 15 2206.000000 634.500000 2206.000000 354.500000
E 16 17 2316.000000 354.500000 2425.000000 354.500000
E 18 19 1567.000000 744.500000 1567.500000 635.000000
E 23 18 1459.000000 693.500000 1459.000000 744.500000 1567.000000 744.500000
E 19 28 1567.000000 634.500000 1680.000000 634.500000
E 19 30 1567.500000 635.000000 1567.000000 574.500000
E 24 20 1953.000000 634.500000 2063.000000 634.500000
E 20 32 2063.000000 634.500000 2206.000000 634.500000
E 21 31 438.000000 693.500000 499.000000 693.500000
E 27 22 764.000000 693.500000 935.000000 693.500000
E 22 29 935.000000 693.500000 1043.000000 693.500000
E 29 23 1043.000000 693.500000 1459.000000 693.500000
E 28 24 1680.000000 634.500000 1953.000000 634.500000
E 25 26 663.500000 694.000000 663.500000 583.500000 717.000000 583.500000
E 25 27 663.500000 694.000000 764.000000 693.500000
E 31 25 548.000000 693.500000 663.500000 694.000000
E 32 33 2206.000000 634.500000 2425.000000 634.500000
G 1080546118.json 20 20
V 135.000000 402.000000 30.000000 30.000000
V 257.333287 402.000000 100.000000 80.000000
V 383.333342 402.000000 100.000000 80.000000
V 762.333337 629.840009 100.000000 80.000000
V 895.666674 643.493344 40.000000 40.000000
V 1012.888896 642.382232 100.000000 80.000000
V 1287.333349 703.493344 100.000000 80.000000
V 1394.000021 698.493344 30.000000 30.000000
V 1144.000015 698.493344 30.000000 30.000000
V 1504.000021 698.493344 100.000000 80.000000
V 1613.000021 698.493344 28.000000 28.000000
V 773.999991 710.159991 100.000000 80.000000
V 383.333342 685.000000 100.000000 80.000000
V 135.000000 685.000000 30.000000 30.000000
V 548.999992 685.000000 100.000000 80.000000
V 663.999992 692.373345 40.000000 40.000000
V 666.666683 942.166667 100.000000 80.000000
V 1020.000023 942.166667 100.000000 80.000000
V 1634.000000 957.833334 28.000000 28.000000
V 135.000000 942.166667 30.000000 30.000000
E 0 1 135.000000 402.000000 208.333287 402.000000
E 1 2 257.333287 402.000000 383.333342 402.000000
E 2 12 383.333342 402.000000 383.333342 685.000000
E 3 4 762.333337 629.840009 895.666674 580.160008 895.666674 643.493344
E 15 3 664.499992 692.873345 664.499992 629.840009 762.333337 629.840009
E 4 5 896.166674 643.993344 939.277785 643.993344 939.277785 642.382232 1012.888896 642.382232
E 11 4 773.999991 710.159991 888.999991 727.159991 896.166674 643.993344
E 5 8 1012.888896 642.382232 1095.944455 642.382232 1095.944455 698.493344 1144.000015 698.493344
E 6 7 1287.333349 703.493344 1394.000021 698.493344
E 8 6 1144.000015 698.493344 1198.166682 698.493344 1198.166682 703.493344 1287.333349 703.493344
E 7 9 1394.000021 698.493344 1504.000021 698.493344
E 9 10 1504.000021 698.493344 1613.000021 698.493344
E 15 11 664.499992 692.873345 664.499992 850.640013 773.999991 710.159991
E 11 16 773.999991 710.159991 773.999991 826.163329 666.666683 826.163329 666.666683 942.166667
E 13 12 135.000000 685.000000 383.333342 685.000000
E 12 14 383.333342 685.000000 548.999992 685.000000
E 14 15 548.999992 685.000000 621.499992 685.000000 621.499992 692.873345 664.499992 692.873345
E 16 17 666.666683 942.166667 1020.000023 942.166667
E 19 16 135.000000 942.166667 666.666683 942.166667
E 17 18 1020.000023 942.166667 777.166678 942.166667 777.166678 957.833334 1634.000000 957.833334
G 1081364078.json 21 21
V 401.500000 719.000000 119.000000 80.000000
V 755.000000 719.000000 100.000000 80.000000
V 200.000000 719.000000 30.000000 30.000000
V 318.000000 640.000000 126.000000 104.000000
V 1385.000000 719.000000 100.000000 80.000000
V 1034.000000 719.000000 100.000000 80.000000
V 1550.000000 719.000000 100.000000 80.000000
V 1805.000000 719.000000 100.000000 80.000000
V 1919.000000 719.000000 28.000000 28.000000
V 199.500000 260.000000 119.000000 80.000000
V 1205.000000 253.000000 100.000000 80.000000
V 294.500000 315.000000 30.000000 30.000000
V 415.000000 232.000000 126.000000 104.000000
V 200.000000 496.000000 100.000000 80.000000
V 401.500000 496.000000 143.000000 80.000000
V 644.500000 496.000000 119.000000 80.000000
V 890.000000 496.000000 100.000000 80.000000
V 1205.000000 496.000000 100.000000 80.000000
V 1385.000000 496.000000 100.000000 80.000000
V 1655.000000 496.000000 40.000000 40.000000
V 1805.000000 496.000000 100.000000 80.000000
E 14 0 401.500000 496.000000 401.500000 719.000000
E 0 15 401.500000 719.000000 530.500000 719.000000 530.500000 496.000000 644.500000 496.000000
E 15 1 644.500000 496.000000 755.000000 496.000000 755.000000 719.000000
E 1 16 755.000000 719.000000 890.000000 719.000000 890.000000 496.000000
E 2 13 200.000000 719.000000 200.000000 496.000000
U 13 3 200.000000 496.000000 256.260000 637.920000
E 4 6 1385.000000 719.000000 1550.000000 719.000000
E 18 4 1385.000000 496.000000 1385.000000 719.000000
E 16 5 890.000000 496.000000 962.000000 496.000000 962.000000 719.000000 1034.000000 719.000000
E 5 17 1034.000000 719.000000 1119.500000 719.000000 1119.500000 496.000000 1205.000000 496.000000
E 19 5 1655.500000 496.500000 1655.500000 168.000000 1034.000000 168.000000 1034.000000 719.000000
E 6 19 1550.000000 719.000000 1655.500000 719.000000 1655.500000 496.500000
E 7 8 1805.000000 719.000000 1919.000000 719.000000
E 20 7 1805.000000 496.000000 1805.000000 719.000000
E 9 11 199.500000 260.000000 294.500000 260.000000 294.500000 315.000000
E 13 9 200.000000 496.000000 199.500000 260.000000
E 17 10 1205.000000 496.000000 1205.000000 253.000000
E 10 18 1205.000000 253.000000 1295.000000 253.000000 1295.000000 496.000000 1385.000000 496.000000
U 11 12 294.500000 315.000000 353.260000 229.920000
E 11 14 294.500000 315.000000 294.500000 496.000000 401.500000 496.000000
E 19 20 1655.500000 496.500000 1805.000000 496.000000
G 1081511532.json 19 19
V 350.000000 235.000000 100.000000 80.000000
V 575.000000 340.000000 100.000000 80.000000
V 230.000000 340.000000 40.000000 40.000000
V 470.000000 340.000000 40.000000 40.000000
V 350.000000 340.000000 100.000000 80.000000
V 687.000000 340.000000 30.000000 30.000000
V 750.000000 340.000000 30.000000 30.000000
V 845.000000 340.000000 100.000000 80.000000
V 135.000000 493.000000 30.000000 30.000000
V 230.000000 493.000000 100.000000 80.000000
V 845.000000 493.000000 100.000000 80.000000
V 945.000000 493.000000 30.000000 30.000000
V 1005.000000 493.000000 30.000000 30.000000
V 1175.000000 440.000000 100.000000 80.000000
V 1070.000000 493.000000 40.000000 40.000000
V 1175.000000 535.000000 100.000000 80.000000
V 1274.000000 535.000000 28.000000 28.000000
V 1310.000000 440.000000 100.000000 80.000000
V 1349.000000 535.000000 28.000000 28.000000
E 2 0 230.500000 340.500000 230.500000 235.000000 350.000000 235.000000
E 0 3 350.000000 235.000000 470.500000 235.000000 470.500000 340.500000
E 3 1 470.500000 340.500000 575.000000 340.000000
E 1 5 575.000000 340.000000 687.000000 340.000000
E 2 4 230.500000 340.500000 350.000000 340.000000
E 9 2 230.000000 493.000000 230.000000 340.500000
E 4 3 350.000000 340.000000 470.500000 340.500000
E 5 6 687.000000 340.000000 750.000000 340.000000
E 6 7 750.000000 340.000000 845.000000 340.000000
E 7 10 845.000000 340.000000 845.000000 493.000000
E 8 9 135.000000 493.000000 230.000000 493.000000
E 10 11 845.000000 493.000000 945.000000 493.000000
E 11 12 945.000000 493.000000 1005.000000 493.000000
E 12 14 1005.000000 493.000000 1070.500000 493.500000
E 14 13 1070.500000 493.500000 1070.500000 440.000000 1175.000000 440.000000
E 13 17 1175.000000 440.000000 1310.000000 440.000000
E 14 15 1070.500000 493.500000 1070.500000 535.000000 1175.000000 535.000000
E 15 16 1175.000000 535.000000 1274.000000 535.000000
E 17 18 1310.000000 440.000000 1349.000000 535.000000
G 1081659524.json 19 20
V 335.000000 265.000000 100.000000 80.000000
V 150.000000 105.000000 30.000000 30.000000
V 215.000000 105.000000 40.000000 40.000000
V 850.449931 105.000000 100.000000 80.000000
V 850.449931 257.799981 100.000000 80.000000
V 765.999936 321.799981 40.000000 40.000000
V 850.449931 376.799981 100.000000 80.000000
V 717.000000 175.549989 88.000000 97.000000
V 1029.799927 105.000000 100.000000 80.000000
V 1029.799927 257.799981 40.000000 40.000000
V 1153.799927 429.649966 88.000000 97.000000
V 850.449931 485.949963 88.000000 97.000000
V 714.700014 665.349953 100.000000 80.000000
V 714.700014 878.699939 100.000000 80.000000
V 604.700014 665.349953 40.000000 40.000000
V 499.700014 665.349953 100.000000 80.000000
V 499.700014 878.199939 88.000000 97.000000
V 1029.799927 665.349953 100.000000 80.000000
V 717.000000 769.699939 100.000000 80.000000
E 2 0 215.500000 105.500000 260.000000 105.500000 260.000000 265.000000 335.000000 265.000000
E 0 15 335.000000 265.000000 499.700014 265.000000 499.700014 626.349953
E 1 2 150.000000 105.000000 215.500000 105.500000
E 2 3 215.500000 105.500000 801.449931 105.000000
E 7 3 717.000000 175.549989 850.449931 105.000000
E 3 8 850.449931 105.000000 1029.799927 105.000000
E 5 4 766.499936 322.299981 765.429937 257.799981 850.449931 257.799981
E 4 9 850.449931 257.799981 1030.299927 258.299981
E 5 6 766.499936 322.299981 766.499936 376.799981 850.449931 376.799981
E 12 5 714.700014 665.349953 715.000000 322.299981 766.499936 322.299981
E 8 9 1029.799927 105.000000 1030.299927 258.299981
E 9 17 1030.299927 258.299981 1029.799927 665.349953
E 17 10 1029.799927 665.349953 1153.799927 665.349953 1153.799927 429.649966
E 18 11 717.000000 769.699939 850.449931 769.699939 850.449931 485.949963
E 14 12 605.200014 665.849953 714.700014 665.349953
E 13 16 714.700014 878.699939 499.700014 878.199939
E 17 13 1029.799927 665.349953 1029.799927 878.699939 714.700014 878.699939
E 15 14 499.700014 665.349953 605.200014 665.849953
E 14 18 605.200014 665.849953 605.200014 769.699939 717.000000 769.699939
E 15 16 499.700014 665.349953 499.700014 878.199939
G 1082065623.json 17 21
V 236.984113 165.426033 40.000000 40.000000
V 351.984113 165.426033 100.000000 80.000000
V 496.984113 165.426033 100.000000 80.000000
V 611.984113 165.426033 40.000000 40.000000
V 726.984113 165.426033 100.000000 80.000000
V 871.984113 165.426033 100.000000 80.000000
V 1016.984113 165.426033 100.000000 80.000000
V 1131.984113 165.426033 40.000000 40.000000
V 726.984113 357.426033 100.000000 80.000000
V 871.984113 357.426033 100.000000 80.000000
V 1016.984113 357.426033 100.000000 80.000000
V 1236.984113 247.426033 100.000000 80.000000
V 1391.984113 247.426033 40.000000 40.000000
V 1450.984113 247.426033 28.000000 28.000000
V 1131.984113 357.426033 40.000000 40.000000
V 570.018027 357.426033 40.000000 40.000000
V 156.984113 165.748840 30.000000 30.000000
E 0 1 237.484113 165.926033 351.984113 165.426033
E 12 0 1392.484113 247.926033 1392.484113 52.780421 237.484113 52.780421 237.484113 156.136971
E 16 0 156.984113 166.078746 237.484113 165.926033
E 1 2 351.984113 165.426033 496.984113 165.426033
E 2 3 496.984113 165.426033 612.484113 165.926033
E 3 4 612.484113 165.926033 726.984113 165.426033
E 7 3 1132.484113 165.926033 1132.484113 99.780421 612.484113 99.780421 612.484113 165.926033
E 14 3 1132.484113 357.926033 1132.484113 296.780421 612.484113 296.780421 612.484113 165.926033
E 4 5 726.984113 165.426033 871.984113 165.426033
E 5 6 871.984113 165.426033 1016.984113 165.426033
E 6 7 1016.984113 165.426033 1132.484113 165.926033
E 7 11 1132.484113 165.926033 1236.984113 165.926033 1236.984113 247.426033
E 7 15 1132.484113 165.926033 1132.484113 247.426033 570.518027 247.426033 570.518027 357.926033
E 8 9 726.984113 357.426033 871.984113 357.426033
E 15 8 570.518027 357.926033 726.984113 357.426033
E 9 10 871.984113 357.426033 1016.984113 357.426033
E 10 14 1016.984113 357.426033 1132.484113 357.926033
E 11 12 1236.984113 247.426033 1392.484113 247.926033
E 14 11 1132.484113 357.926033 1236.984113 357.926033 1236.984113 247.426033
E 12 13 1392.484113 247.926033 1450.984113 247.426033
E 14 15 1132.484113 357.926033 1132.484113 434.612056 570.518027 434.612056 570.518027 357.926033
G 1082217097.json 19 20
V 120.000000 278.524272 30.000000 30.000000
V 215.000000 278.524272 100.000000 80.000000
V 360.000000 278.524272 100.000000 80.000000
V 505.000000 278.524272 100.000000 80.000000
V 650.000000 278.524272 100.000000 80.000000
V 795.000000 278.524272 100.000000 80.000000
V 940.000000 278.524272 100.000000 80.000000
V 1085.000000 278.524272 100.000000 80.000000
V 1230.000000 278.524272 100.000000 80.000000
V 1375.000000 278.524272 100.000000 80.000000
V 1490.000000 278.524272 40.000000 40.000000
V 1605.000000 278.524272 100.000000 80.000000
V 1605.000000 151.650485 100.000000 80.000000
V 1720.000000 278.524272 40.000000 40.000000
V 1835.000000 278.524272 100.000000 80.000000
V 1950.000000 278.524272 40.000000 40.000000
V 2030.000000 151.650485 100.000000 80.000000
V 2120.000000 278.000000 40.000000 40.000000
V 2199.000000 278.000000 28.000000 28.000000
E 0 1 120.000000 278.524272 215.000000 278.524272
E 1 2 215.000000 278.524272 360.000000 278.524272
E 2 3 360.000000 278.524272 505.000000 278.524272
E 3 4 505.000000 278.524272 650.000000 278.524272
E 4 5 650.000000 278.524272 795.000000 278.524272
E 5 6 795.000000 278.524272 940.000000 278.524272
E 6 7 940.000000 278.524272 1085.000000 278.524272
E 7 8 1085.000000 278.524272 1230.000000 278.524272
E 8 9 1230.000000 278.524272 1375.000000 278.524272
E 9 10 1375.000000 278.524272 1490.500000 279.024272
E 10 11 1490.500000 279.024272 1605.000000 278.524272
E 10 12 1490.500000 279.024272 1490.500000 151.650485 1605.000000 151.650485
E 11 13 1605.000000 278.524272 1720.500000 279.024272
E 12 13 1605.000000 151.650485 1720.500000 151.650485 1720.500000 279.024272
E 13 14 1720.500000 279.024272 1835.000000 278.524272
E 14 15 1835.000000 278.524272 1950.500000 279.024272
E 15 16 1950.500000 279.024272 1950.500000 151.650485 2030.000000 151.650485
E 15 17 1950.500000 279.024272 2120.500000 278.500000
E 16 17 2030.000000 151.650485 2120.500000 151.650485 2120.500000 278.500000
E 17 18 2120.500000 278.500000 2199.000000 278.000000
G 108256378.json 18 17
V 180.000000 249.000000 30.000000 30.000000
V 334.000000 249.000000 100.000000 80.000000
V 334.000000 249.000000 100.000000 80.000000
V 1181.000000 249.000000 100.000000 80.000000
V 1004.000000 249.000000 28.000000 28.000000
V 367.000000 533.000000 100.000000 80.000000
V 512.000000 533.000000 100.000000 80.000000
V 950.000000 460.000000 100.000000 80.000000
V 627.000000 533.000000 40.000000 40.000000
V 815.000000 598.000000 100.000000 80.000000
V 224.000000 533.000000 100.000000 80.000000
V 982.000000 834.000000 100.000000 80.000000
V 1181.000000 834.000000 100.000000 80.000000
V 222.000000 1115.000000 100.000000 80.000000
V 671.000000 1115.000000 100.000000 80.000000
V 224.000000 1020.000000 30.000000 30.000000
V 367.000000 1348.000000 100.000000 80.000000
V 512.000000 1348.000000 100.000000 80.000000
E 0 1 180.000000 249.000000 295.156250 249.000000
E 0 2 180.000000 249.000000 334.000000 249.000000
E 2 10 334.000000 249.000000 334.000000 417.000000 224.000000 417.000000 224.000000 533.000000
E 3 4 1181.000000 249.000000 1004.000000 249.000000
E 12 3 1181.000000 834.000000 1181.000000 249.000000
E 5 6 367.000000 533.000000 512.000000 533.000000
E 10 5 224.000000 533.000000 367.000000 533.000000
E 6 8 512.000000 533.000000 627.500000 533.500000
E 8 7 627.500000 533.500000 627.500000 460.000000 950.000000 460.000000
E 8 9 627.500000 533.500000 627.500000 598.000000 815.000000 598.000000
E 9 11 854.000000 598.000000 982.000000 598.000000 982.000000 813.359375
E 14 9 711.000000 1115.000000 815.000000 1115.000000 815.000000 619.000000
E 11 12 982.000000 834.000000 1181.000000 834.000000
E 15 13 224.000000 1020.000000 224.000000 1093.000000
E 13 16 222.000000 1115.000000 294.500000 1115.000000 294.500000 1348.000000 367.000000 1348.000000
E 17 14 561.000000 1348.000000 586.000000 1348.000000 586.000000 1115.000000 622.000000 1115.000000
E 16 17 367.000000 1348.000000 512.000000 1348.000000
G 1082695978.json 23 25
V 225.000000 60.000000 30.000000 30.000000
V 225.000000 155.000000 100.000000 80.000000
V 330.000000 180.000000 30.000000 30.000000
V 506.000000 180.000000 100.000000 80.000000
V 635.000000 180.000000 40.000000 40.000000
V 839.000000 89.000000 28.000000 28.000000
V 705.000000 255.000000 30.000000 30.000000
V 839.000000 180.000000 100.000000 80.000000
V 245.000000 690.000000 100.000000 80.000000
V 410.000000 690.000000 100.000000 80.000000
V 541.000000 690.000000 40.000000 40.000000
V 680.000000 625.000000 100.000000 80.000000
V 892.000000 630.500000 76.000000 65.000000
V 800.000000 750.000000 100.000000 80.000000
V 473.000000 602.500000 76.000000 65.000000
V 225.000000 375.000000 30.000000 30.000000
V 390.000000 385.000000 100.000000 80.000000
V 505.500000 375.000000 51.000000 54.000000
V 635.000000 385.000000 100.000000 80.000000
V 541.000000 490.000000 100.000000 80.000000
V 680.000000 490.000000 40.000000 40.000000
V 905.000000 505.000000 100.000000 80.000000
V 770.000000 385.000000 100.000000 80.000000
E 0 1 225.000000 60.000000 225.000000 155.000000
E 1 2 225.000000 155.000000 330.000000 180.000000
E 2 15 330.000000 180.000000 225.000000 375.000000
E 3 4 506.000000 180.000000 635.500000 180.500000
E 17 3 505.500000 375.000000 506.000000 180.000000
E 4 5 635.500000 180.500000 635.500000 89.000000 839.000000 89.000000
E 4 6 635.500000 180.500000 635.500000 255.000000 705.000000 255.000000
E 7 5 839.000000 180.000000 839.000000 89.000000
E 22 5 770.000000 385.000000 770.000000 143.000000 839.000000 89.000000
E 6 18 705.000000 255.000000 705.000000 307.500000 635.000000 307.500000 635.000000 385.000000
E 13 7 800.000000 750.000000 800.000000 465.000000 839.000000 465.000000 839.000000 180.000000
E 21 7 905.000000 505.000000 905.000000 342.500000 839.000000 342.500000 839.000000 180.000000
E 8 9 245.000000 690.000000 410.000000 690.000000
E 18 8 635.000000 385.000000 474.000000 442.000000 245.000000 533.000000 245.000000 690.000000
E 9 10 410.000000 690.000000 541.500000 690.500000
E 10 11 541.500000 690.500000 541.500000 625.000000 680.000000 625.000000
E 10 13 541.500000 690.500000 541.500000 754.000000 781.000000 754.000000
E 11 14 680.000000 625.000000 473.000000 602.500000
E 11 19 680.000000 625.000000 556.000000 589.000000 541.000000 490.000000
E 13 12 800.000000 750.000000 892.000000 630.500000
E 15 16 225.000000 375.000000 341.648160 375.000000
E 16 17 390.000000 385.000000 505.500000 375.000000
E 19 20 541.000000 490.000000 680.500000 490.500000
E 20 21 680.500000 490.500000 721.000000 505.000000 905.000000 505.000000
E 20 22 680.500000 490.500000 701.000000 456.000000 770.000000 385.000000
G 1082877129.json 35 41
V 200.660453 417.662521 88.689335 60.000000
V 120.000000 412.662521 30.000000 30.000000
V 760.455221 417.662521 88.689335 70.000000
V 1255.655332 417.662521 88.689335 70.000000
V 641.186758 417.662521 88.689335 70.000000
V 418.020088 187.136202 88.689335 70.000000
V 275.000000 187.136202 88.689335 70.000000
V 275.000000 282.662521 40.000000 40.000000
V 588.421038 187.224710 40.000000 40.000000
V 871.023769 224.662521 88.689335 54.250000
V 1317.134109 227.662521 76.373546 60.000000
V 1370.000000 282.662521 40.000000 40.000000
V 1499.000000 227.662521 28.000000 28.000000
V 1445.000000 227.662521 40.000000 40.000000
V 975.273629 227.662521 40.000000 40.000000
V 1167.404931 227.662521 88.689335 60.000000
V 509.266168 187.224710 40.000000 40.000000
V 509.266168 282.662521 30.000000 30.000000
V 1048.756215 227.662521 40.000000 40.000000
V 1255.310665 282.662521 40.000000 40.000000
V 760.110554 227.662521 80.000000 60.000000
V 975.273629 148.594527 40.000000 40.000000
V 538.229511 753.662521 100.000000 70.000000
V 425.680056 753.662521 30.000000 30.000000
V 120.000000 601.662521 30.000000 30.000000
V 332.007668 601.662521 88.689335 60.000000
V 640.842090 601.662521 100.000000 60.000000
V 1048.756215 611.662521 80.000000 60.000000
V 1147.094266 611.662521 80.000000 60.000000
V 1316.947336 606.662521 88.689335 70.000000
V 1445.000000 606.662521 100.000000 70.000000
V 760.799889 601.662521 88.689335 60.000000
V 200.315786 601.662521 88.689335 60.000000
V 509.266168 601.662521 100.000000 55.000000
V 1232.462682 611.662521 40.000000 40.000000
E 1 0 120.000000 412.662521 170.526297 412.662521
E 0 7 200.660453 388.662521 200.660453 283.162521 275.500000 283.162521
E 2 20 760.455221 417.662521 760.110554 227.662521
E 31 2 760.799889 601.662521 760.455221 417.662521
E 33 2 509.266168 601.662521 509.266168 659.662521 879.000000 659.662521 879.000000 417.662521 760.455221 417.662521
E 3 19 1255.655332 417.662521 1255.810665 283.162521
E 29 3 1316.947336 606.662521 1316.947336 512.162521 1255.655332 512.162521 1255.655332 417.662521
E 8 4 602.302160 187.939686 641.186758 187.939686 641.186758 417.662521
E 4 26 641.186758 417.662521 640.842090 601.662521
E 5 16 418.020088 187.136202 509.766168 187.724710
E 25 5 375.465442 607.662521 418.020088 607.662521 418.020088 187.136202
E 7 6 275.500000 283.162521 275.500000 221.188834
E 13 6 1445.500000 228.162521 1445.500000 80.000000 275.000000 80.000000 275.000000 187.136202
E 21 6 975.773629 149.094527 975.773629 105.000000 297.172334 105.000000 297.172334 187.136202
E 6 25 297.172334 187.136202 332.007668 187.136202 332.007668 575.361980
E 32 7 200.315786 601.662521 275.500000 601.662521 275.500000 283.162521
E 16 8 509.766168 187.724710 588.921038 187.724710
E 8 33 588.921038 187.724710 588.921038 365.000000 509.266168 365.000000 509.266168 601.662521
E 9 14 871.023769 224.662521 975.773629 228.162521
E 20 9 760.110554 227.662521 871.023769 224.662521
E 34 9 1232.962682 612.162521 1232.962682 475.187383 889.394416 475.187383 889.394416 361.289368 871.023769 361.289368 871.023769 250.787521
E 10 11 1317.134109 227.662521 1370.500000 227.662521 1370.500000 283.162521
E 19 10 1255.810665 283.162521 1317.134109 283.162521 1317.134109 227.662521
E 11 13 1370.500000 283.162521 1445.500000 283.162521 1445.500000 228.162521
E 11 30 1370.500000 283.162521 1370.500000 471.513247 1445.000000 471.513247 1445.000000 606.662521
E 13 12 1445.500000 228.162521 1499.000000 227.662521
E 21 12 975.773629 149.094527 1499.000000 149.094527 1499.000000 227.662521
E 14 18 975.773629 228.162521 1049.256215 228.162521
E 14 21 975.773629 228.162521 975.773629 149.094527
E 18 15 1049.256215 228.162521 1167.404931 227.662521
E 15 19 1167.404931 227.662521 1255.810665 227.662521 1255.810665 283.162521
E 16 17 509.766168 187.724710 509.266168 282.662521
E 17 23 509.266168 282.662521 509.266168 352.701689 425.680056 352.701689 425.680056 753.662521
E 18 27 1049.256215 228.162521 1048.756215 611.662521
E 23 22 425.680056 753.662521 538.229511 753.662521
E 24 32 120.000000 601.662521 200.315786 601.662521
E 26 31 640.842090 601.662521 760.799889 601.662521
E 27 28 1048.756215 611.662521 1147.094266 611.662521
E 30 28 1445.000000 606.662521 1445.000000 667.000000 1147.094266 667.000000 1147.094266 611.662521
E 28 34 1147.094266 611.662521 1232.962682 612.162521
E 34 29 1232.962682 612.162521 1316.947336 606.662521
G 1083025710.json 29 34
V 105.000000 100.000000 30.000000 30.000000
V 140.000000 186.000000 40.000000 40.000000
V 410.000000 100.000000 100.000000 80.000000
V 455.000000 310.000000 100.000000 80.000000
V 215.000000 100.000000 100.000000 80.000000
V 215.000000 280.000000 100.000000 80.000000
V 275.000000 186.000000 40.000000 40.000000
V 335.000000 186.000000 40.000000 40.000000
V 605.000000 100.000000 100.000000 80.000000
V 605.000000 186.000000 100.000000 80.000000
V 605.000000 310.000000 100.000000 80.000000
V 515.000000 100.000000 40.000000 40.000000
V 739.000000 100.000000 100.000000 80.000000
V 739.000000 186.000000 100.000000 80.000000
V 845.000000 100.000000 40.000000 40.000000
V 1055.000000 100.000000 100.000000 80.000000
V 1055.000000 310.000000 100.000000 80.000000
V 920.000000 100.000000 40.000000 40.000000
V 739.000000 310.000000 40.000000 40.000000
V 1370.000000 310.000000 40.000000 40.000000
V 920.000000 445.000000 100.000000 80.000000
V 1010.000000 568.000000 40.000000 40.000000
V 1115.000000 568.000000 40.000000 40.000000
V 1205.000000 445.000000 100.000000 80.000000
V 1205.000000 670.000000 100.000000 80.000000
V 1295.000000 568.000000 40.000000 40.000000
V 920.000000 670.000000 100.000000 80.000000
V 1400.000000 445.000000 100.000000 80.000000
V 1490.000000 404.000000 28.000000 28.000000
E 0 1 105.000000 100.000000 105.000000 186.000000 140.000000 186.000000
E 1 4 140.500000 186.500000 140.500000 100.000000 215.000000 100.000000
E 1 5 140.500000 186.500000 140.500000 280.000000 215.000000 280.000000
E 7 2 335.000000 186.000000 335.000000 100.000000 410.000000 100.000000
E 2 11 410.000000 100.000000 515.500000 100.500000
E 7 3 335.500000 186.500000 335.500000 310.000000 455.000000 310.000000
E 3 10 455.000000 310.000000 605.000000 310.000000
E 4 6 215.000000 100.000000 275.500000 100.000000 275.500000 186.500000
E 5 6 215.000000 280.000000 275.500000 280.000000 275.500000 186.500000
E 6 7 275.500000 186.500000 335.500000 186.500000
E 11 8 515.500000 100.500000 605.000000 100.000000
E 8 12 605.000000 100.000000 739.000000 100.000000
E 11 9 515.500000 100.500000 515.500000 186.000000 605.000000 186.000000
E 9 13 605.000000 186.000000 739.000000 186.000000
E 10 18 605.000000 310.000000 739.500000 310.500000
E 12 14 739.000000 100.000000 845.500000 100.500000
E 13 14 739.000000 186.000000 845.500000 186.000000 845.500000 100.500000
E 14 17 845.500000 100.500000 920.500000 100.500000
E 17 15 920.500000 100.500000 1055.000000 100.000000
E 15 19 1055.000000 100.000000 1370.500000 100.000000 1370.500000 310.500000
E 18 16 739.500000 310.500000 1055.000000 310.000000
E 16 19 1055.000000 310.000000 1370.500000 310.500000
E 17 20 920.500000 100.500000 920.000000 445.000000
E 18 26 739.500000 310.500000 739.500000 670.000000 920.000000 670.000000
E 19 28 1370.500000 310.500000 1490.000000 310.500000 1490.000000 404.000000
E 20 21 920.000000 445.000000 1010.500000 445.000000 1010.500000 568.500000
E 21 22 1010.500000 568.500000 1097.593667 568.500000
E 26 21 920.000000 670.000000 1010.000000 670.000000 1010.000000 568.000000
E 22 23 1115.500000 568.500000 1115.500000 445.000000 1205.000000 445.000000
E 22 24 1115.500000 568.500000 1115.500000 670.000000 1205.000000 670.000000
E 23 25 1205.000000 445.000000 1295.500000 445.000000 1295.500000 568.500000
E 24 25 1205.000000 670.000000 1295.500000 670.000000 1295.500000 568.500000
E 25 27 1295.500000 568.500000 1400.000000 568.500000 1400.000000 445.000000
E 27 28 1400.000000 445.000000 1490.000000 445.000000 1490.000000 404.000000
G 1083590871.json 20 28
V 105.000000 377.000000 30.000000 30.000000
V 226.000000 377.000000 100.000000 80.000000
V 398.500000 377.000000 107.000000 80.000000
V 562.500000 377.000000 107.000000 80.000000
V 920.000000 377.000000 100.000000 80.000000
V 398.500000 260.000000 171.000000 70.000000
V 695.000000 377.000000 40.000000 40.000000
V 695.000000 482.000000 100.000000 80.000000
V 399.000000 491.500000 138.000000 53.000000
V 695.000000 695.000000 100.000000 80.000000
V 890.000000 695.000000 100.000000 80.000000
V 1094.000000 791.500000 88.000000 53.000000
V 1170.000000 695.000000 40.000000 40.000000
V 1045.000000 695.000000 100.000000 80.000000
V 1334.000000 695.000000 148.000000 80.000000
V 1334.000000 792.000000 88.000000 54.000000
V 1479.454514 695.000000 28.000000 28.000000
V 695.000000 966.148710 100.000000 80.000000
V 885.000000 997.148710 88.000000 70.000000
V 630.500000 240.000000 121.000000 70.000000
E 0 1 105.000000 377.000000 226.000000 377.000000
E 1 2 226.000000 377.000000 398.500000 377.000000
E 1 5 226.000000 377.000000 398.500000 260.000000
E 2 3 398.500000 377.000000 562.500000 377.000000
E 2 5 398.500000 377.000000 398.500000 260.000000
E 2 8 398.500000 377.000000 399.000000 491.500000
E 2 19 398.500000 377.000000 630.500000 240.000000
E 3 6 562.500000 377.000000 695.500000 377.500000
E 3 19 562.500000 377.000000 630.500000 240.000000
E 4 5 920.000000 377.000000 398.500000 260.000000
E 6 4 695.500000 377.500000 920.000000 377.000000
E 4 12 920.000000 377.000000 1170.500000 377.000000 1170.500000 695.500000
E 4 19 920.000000 377.000000 630.500000 240.000000
E 14 5 1334.000000 695.000000 674.803675 334.986073 398.500000 260.000000
E 6 7 695.500000 377.500000 695.000000 482.000000
E 7 9 695.000000 482.000000 695.000000 695.000000
E 7 19 695.000000 482.000000 630.500000 240.000000
E 9 17 695.000000 695.000000 695.000000 966.148710
E 10 11 890.000000 695.000000 1094.000000 791.500000
E 10 13 890.000000 695.000000 1045.000000 695.000000
E 17 10 695.000000 966.148710 792.500000 966.148710 792.500000 695.000000 890.000000 695.000000
E 10 18 890.000000 695.000000 885.000000 997.148710
E 14 11 1334.000000 695.000000 1094.000000 791.500000
E 13 12 1045.000000 695.000000 1170.500000 695.500000
E 12 14 1170.500000 695.500000 1334.000000 695.000000
E 14 15 1334.000000 695.000000 1334.000000 792.000000
E 14 16 1334.000000 695.000000 1479.454514 695.000000
E 17 18 695.000000 966.148710 885.000000 997.148710
G 1083726025.json 18 18
V 580.000019 342.500000 58.000000 55.000000
V 580.000019 533.000000 58.000000 55.000000
V 1273.199996 342.569999 84.000000 54.500000
V 698.000019 533.500000 84.000000 67.000000
V 1521.800003 341.819999 84.000000 54.500000
V 1394.750005 342.069999 84.000000 54.500000
V 1521.465003 605.799990 28.000000 28.000000
V 528.199992 433.000000 40.000000 40.000000
V 828.000000 533.500000 84.000000 67.000000
V 1086.200010 531.819999 84.000000 68.000000
V 1273.199996 531.819999 100.000000 68.000000
V 1086.200010 432.319999 28.000000 28.000000
V 828.000000 142.219997 116.669999 70.000000
V 1521.800003 144.819999 116.669999 70.000000
V 955.700007 144.319999 84.000000 67.000000
V 1086.200010 142.219997 84.000000 68.000000
V 607.049986 433.000000 100.000000 50.000000
V 1184.950009 432.319999 100.000000 59.500000
E 0 2 609.000000 342.000000 1231.000000 342.000000
E 7 0 528.199992 433.000000 528.199992 342.500000 551.000000 342.000000
E 1 3 609.000000 533.000000 656.000000 533.000000
E 7 1 528.199992 433.000000 528.699992 533.000000 551.000000 533.000000
E 2 5 1315.000000 342.000000 1352.000000 342.000000
E 10 2 1273.000000 497.000000 1273.000000 369.000000
E 3 8 740.000000 533.000000 786.000000 533.000000
E 5 4 1436.000000 342.000000 1479.000000 341.000000
E 4 6 1521.000000 369.000000 1521.465003 605.799990
E 4 13 1521.000000 314.000000 1521.000000 179.000000
U 7 16 528.199992 433.000000 557.000000 432.000000
E 8 12 827.000000 500.000000 828.000000 177.000000
E 9 10 1128.000000 531.000000 1223.000000 531.000000
E 11 9 1086.200010 432.319999 1086.000000 497.000000
E 15 11 1086.000000 176.000000 1086.200010 432.319999
U 11 17 1086.200010 432.319999 1134.000000 431.000000
E 12 14 886.000000 142.000000 913.000000 144.000000
E 14 15 997.000000 144.000000 1044.000000 144.000000
G 1084807158.json 40 46
V 551.000000 32.500000 123.000000 35.000000
V 695.000000 130.000000 100.000000 80.000000
V 551.000000 130.000000 100.000000 80.000000
V 419.500000 130.000000 30.000000 30.000000
V 570.000000 225.000000 30.000000 30.000000
V 905.000000 130.000000 100.000000 80.000000
V 765.000000 270.000000 30.000000 30.000000
V 515.000000 385.000000 100.000000 80.000000
V 932.500000 385.000000 95.000000 76.000000
V 815.000000 511.500000 100.000000 80.000000
V 515.000000 511.750000 30.000000 30.000000
V 551.000000 646.000000 100.000000 80.000000
V 630.000000 385.000000 40.000000 40.000000
V 815.000000 385.000000 40.000000 40.000000
V 441.000000 646.000000 30.000000 30.000000
V 680.000000 680.000000 40.000000 40.000000
V 783.500000 680.000000 40.000000 40.000000
V 980.000000 680.000000 100.000000 80.000000
V 863.750000 600.000000 30.000000 30.000000
V 680.000000 790.000000 100.000000 80.000000
V 795.000000 790.000000 40.000000 40.000000
V 910.000000 790.000000 100.000000 80.000000
V 1049.000000 790.000000 28.000000 28.000000
V 635.000000 925.000000 100.000000 80.000000
V 770.000000 925.000000 100.000000 80.000000
V 770.000000 1016.000000 40.000000 40.000000
V 480.000000 1050.000000 30.000000 30.000000
V 720.000000 1050.000000 30.000000 30.000000
V 830.000000 1050.000000 30.000000 30.000000
V 1066.000000 1050.000000 30.000000 30.000000
V 480.000000 1150.000000 100.000000 80.000000
V 720.000000 1150.000000 100.000000 80.000000
V 832.000000 1150.000000 104.000000 80.000000
V 1066.000000 1150.000000 100.000000 80.000000
V 771.000000 1247.000000 40.000000 40.000000
V 771.000000 1352.000000 116.000000 94.000000
V 894.000000 1352.000000 40.000000 40.000000
V 1025.000000 1300.000000 100.000000 80.000000
V 1025.000000 1420.000000 100.000000 80.000000
V 1154.000000 1454.000000 28.000000 28.000000
E 0 2 551.000000 32.500000 551.000000 130.000000
E 2 1 551.000000 130.000000 695.000000 130.000000
E 1 4 695.000000 130.000000 695.000000 225.000000 570.000000 225.000000
E 3 2 419.500000 130.000000 502.000000 130.000000
E 4 7 570.000000 225.000000 515.000000 225.000000 515.000000 346.000000
E 6 5 765.000000 270.000000 765.000000 130.000000 905.000000 130.000000
E 5 13 905.000000 130.000000 905.000000 278.000000 815.500000 278.000000 815.500000 385.500000
E 12 6 630.500000 385.500000 630.500000 270.000000 765.000000 270.000000
E 7 12 515.000000 385.000000 630.500000 385.500000
E 8 9 932.500000 385.000000 932.500000 511.500000 815.000000 511.500000
E 13 8 815.500000 385.500000 932.500000 385.000000
E 9 10 815.000000 511.500000 515.000000 511.750000
E 10 14 515.000000 511.750000 441.000000 511.750000 441.000000 646.000000
E 14 11 441.000000 646.000000 551.000000 646.000000
E 11 15 551.000000 646.000000 630.500000 646.000000 630.500000 680.500000 680.500000 680.500000
E 12 13 630.500000 385.500000 815.500000 385.500000
E 15 16 680.500000 680.500000 784.000000 680.500000
E 15 19 680.500000 680.500000 680.000000 790.000000
E 16 17 784.000000 680.500000 980.000000 680.000000
E 16 18 784.000000 680.500000 784.000000 600.000000 863.750000 600.000000
E 18 17 863.750000 600.000000 980.000000 600.000000 980.000000 680.000000
E 17 20 980.000000 680.000000 980.000000 745.000000 795.000000 745.000000 795.000000 790.000000
E 19 20 680.000000 790.000000 795.500000 790.500000
E 20 21 795.500000 790.500000 910.000000 790.000000
E 20 23 795.500000 790.500000 635.000000 925.000000
E 21 22 910.000000 790.000000 1049.000000 790.000000
E 37 22 1025.000000 1300.000000 1181.000000 1300.000000 1181.000000 790.000000 1049.000000 790.000000
E 23 24 635.000000 925.000000 770.000000 925.000000
E 24 25 770.000000 925.000000 770.000000 1016.000000
E 25 26 770.500000 1016.500000 480.000000 1016.500000 480.000000 1050.000000
E 25 27 770.500000 1016.500000 720.000000 1050.000000
E 25 28 770.500000 1016.500000 830.000000 1050.000000
E 25 29 770.500000 1016.500000 1066.000000 1016.500000 1066.000000 1050.000000
E 26 30 480.000000 1050.000000 480.000000 1150.000000
E 27 31 720.000000 1050.000000 720.000000 1150.000000
E 28 32 830.000000 1050.000000 830.000000 1087.500000 832.000000 1087.500000 832.000000 1150.000000
E 29 33 1066.000000 1050.000000 1066.000000 1150.000000
E 30 34 480.000000 1150.000000 480.000000 1247.000000 771.000000 1247.000000
E 31 34 720.000000 1150.000000 760.114421 1231.432066 771.000000 1247.000000
E 32 34 832.000000 1150.000000 832.000000 1212.000000 771.000000 1247.000000
E 33 34 1066.000000 1150.000000 1066.000000 1247.000000 771.000000 1247.000000
E 34 35 771.500000 1247.500000 771.000000 1352.000000
E 35 36 771.000000 1352.000000 894.500000 1352.500000
E 36 37 894.500000 1352.500000 894.500000 1300.000000 1025.000000 1300.000000
E 36 38 894.500000 1352.500000 894.500000 1420.000000 1025.000000 1420.000000
E 38 39 1025.000000 1420.000000 1107.500000 1420.000000 1107.500000 1454.000000 1154.000000 1454.000000
G 1085164812.json 32 32
V 90.000000 85.500000 30.000000 30.000000
V 335.000000 85.500000 100.000000 80.000000
V 215.000000 85.000000 100.000000 80.000000
V 455.000000 85.000000 100.000000 80.000000
V 575.000000 85.000000 100.000000 80.000000
V 695.000000 85.000000 100.000000 80.000000
V 830.000000 85.500000 100.000000 80.000000
V 965.000000 85.500000 100.000000 80.000000
V 965.000000 190.000000 100.000000 80.000000
V 830.000000 190.000000 100.000000 80.000000
V 695.000000 190.000000 100.000000 80.000000
V 575.000000 190.000000 100.000000 80.000000
V 455.000000 190.000000 100.000000 80.000000
V 215.000000 190.000000 100.000000 80.000000
V 215.000000 295.000000 100.000000 80.000000
V 215.000000 400.000000 100.000000 80.000000
V 335.000000 295.000000 100.000000 80.000000
V 335.000000 190.000000 40.000000 40.000000
V 455.000000 295.000000 100.000000 80.000000
V 575.000000 400.000000 100.000000 80.000000
V 830.000000 520.000000 100.000000 80.000000
V 830.000000 400.000000 100.000000 80.000000
V 980.000000 400.000000 100.000000 80.000000
V 980.000000 295.000000 28.000000 28.000000
V 335.000000 400.000000 100.000000 80.000000
V 455.000000 400.000000 30.000000 30.000000
V 455.000000 520.000000 100.000000 80.000000
V 575.000000 520.000000 100.000000 80.000000
V 710.000000 520.000000 40.000000 40.000000
V 575.000000 295.000000 40.000000 40.000000
V 695.000000 295.000000 100.000000 80.000000
V 854.000000 295.000000 28.000000 28.000000
E 0 2 90.000000 85.500000 215.000000 85.000000
E 2 1 215.000000 85.000000 335.000000 85.500000
E 1 3 335.000000 85.500000 455.000000 85.000000
E 3 4 455.000000 85.000000 575.000000 85.000000
E 4 5 575.000000 85.000000 695.000000 85.000000
E 5 6 695.000000 85.000000 830.000000 85.500000
E 6 7 830.000000 85.500000 965.000000 85.500000
E 7 8 965.000000 85.500000 965.000000 190.000000
E 8 9 965.000000 190.000000 830.000000 190.000000
E 9 10 830.000000 190.000000 695.000000 190.000000
E 10 11 695.000000 190.000000 575.000000 190.000000
E 11 12 575.000000 190.000000 455.000000 190.000000
E 12 17 455.000000 190.000000 335.500000 190.500000
E 13 14 215.000000 190.000000 215.000000 295.000000
E 17 13 335.500000 190.500000 215.000000 190.000000
E 14 15 215.000000 295.000000 215.000000 400.000000
E 15 24 215.000000 400.000000 335.000000 400.000000
E 17 16 335.500000 190.500000 335.000000 295.000000
E 16 18 335.000000 295.000000 455.000000 295.000000
E 18 29 455.000000 295.000000 575.500000 295.500000
E 19 28 575.000000 400.000000 710.500000 520.500000
E 29 19 575.500000 295.500000 575.000000 400.000000
E 20 21 830.000000 520.000000 830.000000 400.000000
E 28 20 730.000000 520.000000 830.000000 520.000000
E 21 22 830.000000 400.000000 980.000000 400.000000
E 22 23 980.000000 400.000000 980.000000 295.000000
E 24 25 335.000000 400.000000 455.000000 400.000000
E 25 26 455.000000 400.000000 455.000000 520.000000
E 26 27 455.000000 520.000000 575.000000 520.000000
E 27 28 575.000000 520.000000 710.500000 520.500000
E 29 30 575.500000 295.500000 695.000000 295.000000
E 30 31 695.000000 295.000000 854.000000 295.000000
G 1085228161.json 19 23
V 230.000000 158.000000 100.000000 80.000000
V 810.000000 217.000000 100.000000 80.000000
V 810.000000 95.000000 40.000000 40.000000
V 1107.000000 131.000000 100.000000 80.000000
V 1205.000000 131.000000 40.000000 40.000000
V 105.000000 366.000000 28.000000 28.000000
V 230.000000 366.000000 100.000000 80.000000
V 545.000000 366.000000 100.000000 80.000000
V 350.000000 275.000000 40.000000 40.000000
V 810.000000 366.000000 100.000000 80.000000
V 1349.000000 325.000000 28.000000 28.000000
V 999.000000 364.000000 100.000000 80.000000
V 1205.000000 325.000000 100.000000 80.000000
V 1349.000000 400.000000 100.000000 80.000000
V 545.000000 588.000000 100.000000 80.000000
V 665.000000 588.000000 40.000000 40.000000
V 810.000000 535.000000 100.000000 80.000000
V 810.000000 640.000000 100.000000 80.000000
V 995.000000 640.000000 40.000000 40.000000
E 2 0 810.000000 95.000000 230.000000 95.500000 230.000000 118.000000
E 6 0 230.000000 326.000000 230.000000 198.000000
E 0 8 280.000000 158.000000 350.500000 158.000000 350.000000 275.000000
E 1 2 810.000000 177.000000 810.000000 95.000000
E 9 1 810.000000 326.000000 810.000000 257.000000
E 2 11 810.000000 95.000000 999.000000 95.500000 999.000000 324.000000
E 3 4 1157.000000 131.000000 1205.000000 131.000000
E 11 3 1049.000000 364.000000 1107.000000 364.000000 1107.000000 171.000000
E 4 10 1205.000000 131.000000 1349.000000 131.500000 1349.000000 325.000000
E 4 12 1205.000000 131.000000 1205.000000 285.000000
E 5 6 105.000000 366.000000 180.000000 366.000000
E 8 6 350.000000 275.000000 335.000000 366.000000 280.000000 366.000000
E 8 7 350.000000 275.000000 368.000000 366.000000 495.000000 366.000000
E 7 14 545.000000 406.000000 545.000000 548.000000
E 16 9 810.000000 495.000000 810.000000 406.000000
E 12 10 1255.000000 325.000000 1349.000000 325.000000
E 13 10 1349.000000 360.000000 1349.000000 325.000000
E 18 13 995.000000 640.000000 1349.000000 640.500000 1349.000000 440.000000
E 14 15 595.000000 588.000000 665.000000 588.000000
E 15 16 665.000000 588.000000 665.500000 535.000000 760.000000 535.000000
E 15 17 665.000000 588.000000 665.500000 640.000000 760.000000 640.000000
E 18 16 995.000000 640.000000 995.500000 535.000000 860.000000 535.000000
E 17 18 860.000000 640.000000 995.000000 640.000000
G 1085275397.json 19 21
V 200.000000 252.000000 100.000000 80.000000
V 1050.000000 252.000000 30.000000 30.000000
V 1220.000000 265.000000 100.000000 80.000000
V 1350.000000 170.000000 100.000000 50.000000
V 1329.000000 265.000000 28.000000 28.000000
V 830.000000 494.000000 100.000000 80.000000
V 855.000000 399.000000 100.000000 50.000000
V 720.000000 494.000000 30.000000 30.000000
V 940.000000 494.000000 30.000000 30.000000
V 1160.000000 475.000000 100.000000 80.000000
V 330.000000 970.000000 100.000000 80.000000
V 165.000000 970.000000 30.000000 30.000000
V 575.000000 795.000000 100.000000 80.000000
V 733.000000 795.000000 100.000000 80.000000
V 575.000000 1015.000000 100.000000 80.000000
V 1085.000000 1015.000000 100.000000 80.000000
V 1205.000000 890.000000 40.000000 40.000000
V 1284.000000 890.000000 28.000000 28.000000
V 440.000000 970.000000 40.000000 40.000000
E 0 7 200.000000 252.000000 477.500000 252.000000 477.500000 494.000000 720.000000 494.000000
E 0 11 165.000000 252.000000 165.000000 978.900002
E 8 1 940.000000 494.000000 995.000000 494.000000 995.000000 252.000000 1050.000000 252.000000
E 1 9 1050.000000 252.000000 1087.500000 252.000000 1087.500000 475.000000 1160.000000 475.000000
E 15 1 1085.000000 1015.000000 1085.000000 621.000000 1050.000000 621.000000 1050.000000 252.000000
U 2 3 1220.000000 265.000000 1301.000000 169.000000
E 2 4 1220.000000 265.000000 1329.000000 265.000000
E 9 2 1160.000000 475.000000 1220.000000 475.000000 1220.000000 265.000000
U 5 6 830.000000 494.000000 806.000000 398.000000
E 7 5 720.000000 494.000000 830.000000 494.000000
E 5 8 830.000000 494.000000 940.000000 494.000000
E 13 7 720.000000 795.000000 720.000000 494.000000
E 11 10 165.000000 970.000000 330.000000 970.000000
E 10 18 330.000000 970.000000 440.500000 970.500000
E 12 13 575.000000 795.000000 733.000000 795.000000
E 18 12 440.500000 970.500000 440.500000 795.000000 575.000000 795.000000
E 13 16 733.000000 795.000000 1205.000000 795.000000 1205.000000 890.000000
E 14 15 575.000000 1015.000000 1085.000000 1015.000000
E 18 14 440.500000 970.500000 440.500000 1015.000000 575.000000 1015.000000
E 15 16 1085.000000 1015.000000 1205.500000 1015.000000 1205.500000 890.500000
E 16 17 1205.500000 890.500000 1284.000000 890.000000
G 108550595.json 16 17
V 305.000000 245.000000 100.000000 80.000000
V 515.000000 245.000000 40.000000 40.000000
V 725.000000 245.000000 100.000000 80.000000
V 514.500000 400.000000 133.000000 80.000000
V 860.000000 245.000000 40.000000 40.000000
V 1086.500000 183.000000 133.000000 96.000000
V 875.000000 400.000000 100.000000 80.000000
V 1055.000000 400.000000 40.000000 40.000000
V 1236.500000 400.000000 133.000000 96.000000
V 200.000000 335.000000 40.000000 40.000000
V 199.500000 543.000000 133.000000 96.000000
V 200.000000 420.000000 30.000000 30.000000
V 530.000000 543.000000 100.000000 80.000000
V 375.000000 543.000000 30.000000 30.000000
V 1345.500000 191.000000 171.000000 96.000000
V 1394.000000 543.000000 28.000000 28.000000
E 0 1 354.000000 245.000000 502.000000 245.000000
E 9 0 200.500000 335.500000 200.500000 245.000000 305.000000 245.000000
E 1 2 515.500000 245.500000 689.312500 245.000000
E 3 2 559.720000 390.000000 696.218750 390.000000 696.218750 260.000000
E 2 4 774.000000 245.000000 843.000000 245.000000
E 4 5 860.500000 245.500000 860.500000 183.000000 1086.500000 183.000000
E 4 6 860.500000 245.500000 860.500000 360.157302
E 5 14 1086.500000 183.000000 1176.500000 183.000000 1176.500000 191.000000 1345.500000 191.000000
E 6 7 924.000000 400.000000 1038.000000 400.000000
E 7 8 1055.500000 400.500000 1171.330000 400.000000
E 8 15 1283.000000 435.000000 1394.000000 543.000000
E 9 11 200.500000 335.500000 200.000000 420.000000
E 11 10 200.000000 420.000000 200.000000 523.000000
E 10 13 265.000000 543.000000 375.000000 543.000000
E 13 12 375.000000 543.000000 497.000000 542.370837
E 12 15 566.000000 543.000000 1394.000000 543.000000
E 14 15 1378.000000 218.000000 1394.000000 543.000000
G 1086277850.json 19 22
V 106.000000 463.000000 30.000000 30.000000
V 230.000000 462.000000 100.000000 80.000000
V 547.240254 473.000000 100.000000 80.000000
V 835.860381 473.000000 40.000000 40.000000
V 1576.306800 487.516228 100.000000 80.000000
V 1705.146056 487.516228 30.000000 30.000000
V 1804.512965 488.242271 30.000000 30.000000
V 1914.099003 488.242271 100.000000 80.000000
V 2027.823028 488.242271 28.000000 28.000000
V 1162.790571 421.430190 88.000000 97.000000
V 1411.996736 488.742271 88.000000 97.000000
V 398.068178 201.000000 100.000000 80.000000
V 547.240254 201.000000 40.000000 40.000000
V 835.860381 201.000000 100.000000 80.000000
V 964.756482 201.000000 40.000000 40.000000
V 1103.928558 201.000000 100.000000 80.000000
V 1257.962647 201.000000 100.000000 80.000000
V 1411.996736 201.000000 100.000000 80.000000
V 1576.306800 201.000000 100.000000 80.000000
E 0 1 106.000000 463.000000 180.000000 462.000000
E 1 11 230.000000 462.000000 314.034089 462.000000 314.034089 201.000000 398.068178 201.000000
E 2 3 547.240254 473.000000 836.360381 473.500000
E 12 2 547.740254 201.500000 547.240254 473.000000
E 3 11 836.360381 473.500000 836.360381 575.000000 398.068178 575.000000 398.068178 201.000000
E 3 13 836.360381 473.500000 835.860381 201.000000
E 4 5 1576.306800 487.516228 1705.227533 488.183250
E 4 10 1576.306800 487.516228 1411.996736 488.742271
E 18 4 1576.306800 201.000000 1576.306800 487.516228
E 5 6 1705.194900 487.913658 1804.813709 488.723046
E 6 7 1804.512965 488.242271 1914.099003 488.242271
E 7 8 1914.099003 488.242271 2027.823028 488.242271
E 15 9 1103.928558 201.000000 1162.790571 421.430190
E 9 16 1162.790571 421.430190 1257.962647 201.000000
E 11 12 398.068178 201.000000 547.740254 201.500000
E 14 11 965.256482 201.500000 965.256482 96.000000 398.068178 96.000000 398.068178 201.000000
E 12 13 547.740254 201.500000 835.860381 201.000000
E 13 14 835.860381 201.000000 965.256482 201.500000
E 14 15 965.256482 201.500000 1103.928558 201.000000
E 15 16 1103.928558 201.000000 1257.962647 201.000000
E 16 17 1257.962647 201.000000 1411.996736 201.000000
E 17 18 1411.996736 201.000000 1576.306800 201.000000
G 1086493814.json 25 26
V 120.000000 75.000000 30.000000 30.000000
V 353.000000 90.000000 40.000000 40.000000
V 213.000000 77.500000 86.000000 55.000000
V 437.727264 75.000000 30.000000 30.000000
V 593.000000 45.000000 28.000000 28.000000
V 213.000000 210.000000 30.000000 30.000000
V 404.000000 210.000000 30.000000 30.000000
V 120.000000 371.653759 30.000000 30.000000
V 245.000000 371.653759 100.000000 80.000000
V 372.000000 383.954442 40.000000 40.000000
V 500.000000 383.954442 100.000000 80.000000
V 614.000000 470.059226 28.000000 28.000000
V 255.000000 487.000000 30.000000 30.000000
V 470.000000 487.000000 100.000000 74.000000
V 755.000000 371.653759 100.000000 80.000000
V 755.000000 470.059226 100.000000 80.000000
V 920.000000 371.653759 100.000000 80.000000
V 1016.942118 487.000000 100.000000 80.000000
V 1064.000000 371.653759 28.000000 28.000000
V 848.351857 470.059226 30.000000 30.000000
V 920.000000 523.199992 30.000000 30.000000
V 1121.149982 487.000000 28.000000 28.000000
V 165.000000 715.753986 100.000000 80.000000
V 305.000000 715.753986 40.000000 40.000000
V 920.000500 229.736497 62.001000 60.173000
E 0 2 120.000000 75.000000 213.000000 77.500000
E 1 3 353.500000 90.500000 397.863632 90.500000 397.863632 74.000000 424.727264 74.000000
E 1 6 353.500000 90.500000 409.000000 201.000000
E 2 7 195.000000 105.000000 120.000000 105.000000 120.000000 359.653759
E 3 4 437.727264 75.000000 582.000000 44.000000
E 10 3 500.000000 383.954442 500.000000 168.189996 421.818163 168.189996 437.727264 75.000000
E 14 3 755.000000 371.653759 755.000000 153.669997 441.649980 153.669997 442.727264 75.000000
E 21 3 1121.149982 487.000000 1121.149982 96.799996 597.739973 96.799996 437.727264 70.000000
E 19 5 848.351857 470.059226 828.849987 266.199991 284.349990 266.199991 284.349990 210.000000 213.000000 210.000000
E 12 6 255.000000 487.000000 318.230008 463.429990 318.230008 210.000000 404.000000 210.000000
E 7 8 120.000000 371.653759 245.000000 371.653759
E 8 9 294.000000 382.153759 372.500000 384.454442
E 9 10 372.500000 384.454442 500.000000 383.954442
E 10 11 500.000000 383.954442 575.000000 383.954442 575.000000 470.059226 614.000000 470.059226
E 13 12 470.000000 487.000000 255.000000 487.000000
E 13 22 470.000000 487.000000 165.000000 715.753986
E 14 16 755.000000 371.653759 920.000000 371.653759
E 23 14 305.828777 696.569005 305.828777 665.499961 668.000000 665.499961 668.000000 371.653759 755.000000 371.653759
E 15 19 755.000000 470.059226 848.351857 470.059226
E 23 15 306.664292 735.340519 306.664292 757.459997 730.000000 757.459997 730.000000 509.059226
E 16 18 920.000000 371.653759 1064.000000 371.653759
E 16 24 920.000000 371.653759 919.575500 229.574497
E 20 17 920.000000 523.199992 1016.942118 487.000000
E 17 21 1016.942118 487.000000 1121.149982 487.000000
E 19 20 848.351857 470.059226 920.000000 523.199992
E 22 23 165.000000 715.753986 305.500000 716.253986
G 1086518477.json 17 19
V 145.750005 776.005677 30.000000 30.000000
V 269.649995 776.005677 100.000000 80.000000
V 1327.759969 776.005677 100.000000 80.000000
V 379.369991 776.005677 40.000000 40.000000
V 376.700018 577.868605 100.000000 80.000000
V 648.950033 148.851471 100.000000 80.000000
V 782.300042 148.851471 40.000000 40.000000
V 884.900046 99.317203 100.000000 80.000000
V 1108.250055 196.909781 100.000000 80.000000
V 1207.969972 196.909781 40.000000 40.000000
V 503.750025 148.851471 40.000000 40.000000
V 984.900046 196.909781 40.000000 40.000000
V 503.750025 357.063309 100.000000 80.000000
V 1207.969972 993.452717 100.000000 80.000000
V 1574.000000 993.452717 28.000000 28.000000
V 1464.748080 993.452717 100.000000 80.000000
V 1327.759969 993.452717 40.000000 40.000000
E 0 1 145.750005 776.005677 269.649995 776.005677
E 1 3 269.649995 776.005677 379.869991 776.505677
E 9 2 1208.469972 197.409781 1327.759969 197.329563 1327.759969 776.005677
E 2 16 1327.759969 776.005677 1328.259969 993.952717
E 3 4 379.869991 776.505677 376.700018 616.868605
E 3 12 398.484504 776.892497 503.750025 776.750219 503.750025 357.063309
E 4 10 376.700018 577.868605 376.700018 149.271253 504.250025 149.351471
E 5 6 648.950033 148.851471 782.800042 149.351471
E 10 5 504.250025 149.351471 648.950033 148.851471
E 6 7 782.800042 149.351471 782.800042 99.317203 884.900046 99.317203
E 6 11 782.800042 149.351471 782.800042 197.409781 985.400046 197.409781
E 7 11 884.900046 99.317203 985.400046 99.317203 985.400046 197.409781
E 8 9 1108.250055 196.909781 1208.469972 197.409781
E 11 8 985.400046 197.409781 1108.250055 196.909781
E 9 13 1208.469972 197.409781 1208.469972 993.452717
E 12 10 503.750025 357.063309 504.250025 149.351471
E 13 16 1207.969972 993.452717 1328.259969 993.952717
E 15 14 1464.748080 993.452717 1574.000000 993.452717
E 16 15 1328.259969 993.952717 1464.748080 993.452717
G 1086686710.json 24 25
V 891.483372 170.000000 30.000000 30.000000
V 1116.483372 170.000000 100.000000 80.000000
V 1251.483372 170.000000 40.000000 40.000000
V 1386.483372 105.000000 100.000000 80.000000
V 1386.483372 245.000000 100.000000 80.000000
V 996.483372 170.000000 40.000000 40.000000
V 996.483372 256.576504 30.000000 30.000000
V 1536.483372 105.000000 100.000000 80.000000
V 515.000000 505.000000 100.000000 80.000000
V 345.000000 505.000000 100.000000 80.000000
V 195.000000 505.000000 30.000000 30.000000
V 660.000000 505.000000 100.000000 80.000000
V 775.000000 505.000000 40.000000 40.000000
V 890.000000 445.000000 100.000000 80.000000
V 995.000000 565.000000 100.000000 80.000000
V 1385.000000 445.000000 30.000000 30.000000
V 1385.000000 565.000000 100.000000 80.000000
V 1385.000000 707.000000 30.000000 30.000000
V 1475.000000 762.000000 100.000000 80.000000
V 1580.000000 762.000000 40.000000 40.000000
V 1680.000000 687.000000 100.000000 80.000000
V 1680.000000 837.000000 100.000000 80.000000
V 1859.000000 769.000000 28.000000 28.000000
V 1783.508476 769.000000 40.000000 40.000000
E 0 5 891.483372 170.000000 996.983372 170.500000
E 13 0 891.483372 445.000000 891.483372 170.000000
E 1 2 1116.483372 170.000000 1251.983372 170.500000
E 5 1 996.983372 170.500000 1116.483372 170.000000
E 2 3 1251.983372 170.500000 1251.983372 105.000000 1386.483372 105.000000
E 2 4 1251.983372 170.500000 1251.983372 245.000000 1386.483372 245.000000
E 3 7 1386.483372 105.000000 1536.483372 105.000000
E 4 15 1385.000000 245.000000 1385.000000 445.000000
E 6 5 996.483372 256.576504 996.983372 170.500000
E 14 6 996.483372 565.000000 996.483372 256.576504
E 9 8 345.000000 505.000000 515.000000 505.000000
E 8 11 515.000000 505.000000 660.000000 505.000000
E 10 9 195.000000 505.000000 345.000000 505.000000
E 11 12 660.000000 505.000000 775.500000 505.500000
E 12 13 775.500000 505.500000 775.500000 445.000000 890.000000 445.000000
E 12 14 775.500000 505.500000 775.500000 565.000000 995.000000 565.000000
E 15 16 1385.000000 445.000000 1385.000000 565.000000
E 16 17 1385.000000 565.000000 1385.000000 707.000000
E 17 18 1385.000000 707.000000 1385.000000 762.000000 1475.000000 762.000000
E 18 19 1475.000000 762.000000 1580.500000 762.500000
E 19 20 1580.500000 762.500000 1580.500000 687.000000 1680.000000 687.000000
E 19 21 1580.500000 762.500000 1580.500000 837.000000 1680.000000 837.000000
E 20 23 1680.000000 687.000000 1784.008476 687.000000 1784.008476 769.500000
E 21 23 1680.000000 837.000000 1784.008476 837.000000 1784.008476 769.500000
E 23 22 1784.008476 769.500000 1859.000000 769.000000
G 1086913116.json 26 27
V 105.000000 180.000000 30.000000 30.000000
V 395.000000 180.000000 100.000000 80.000000
V 260.000000 180.000000 100.000000 80.000000
V 1565.000000 128.723703 100.000000 80.000000
V 1460.000000 128.723703 40.000000 40.000000
V 168.000000 179.000000 40.000000 40.000000
V 500.000000 180.000000 40.000000 40.000000
V 570.000000 179.000000 30.000000 30.000000
V 1700.000000 128.723703 100.000000 80.000000
V 1835.000000 128.723703 40.000000 40.000000
V 1904.000000 128.723703 28.000000 28.000000
V 1985.000000 205.000000 100.000000 50.000000
V 1370.000000 128.723703 100.000000 80.000000
V 260.000000 386.474623 100.000000 80.000000
V 395.000000 386.474623 100.000000 80.000000
V 1565.000000 372.054870 100.000000 80.000000
V 1700.000000 372.054870 100.000000 80.000000
V 650.000000 495.939643 100.000000 80.000000
V 899.000000 496.127572 40.000000 40.000000
V 995.000000 496.127572 100.000000 80.000000
V 1085.000000 495.939643 40.000000 40.000000
V 1280.000000 495.939643 40.000000 40.000000
V 785.000000 495.939643 100.000000 80.000000
V 1175.000000 495.939643 100.000000 80.000000
V 1370.000000 707.375857 100.000000 80.000000
V 995.000000 601.563786 100.000000 80.000000
E 0 5 119.000000 179.000000 154.000000 179.000000
E 2 1 260.000000 180.000000 395.000000 180.000000
E 1 6 444.000000 180.000000 482.000000 180.000000
E 4 3 1478.000000 128.723703 1516.000000 128.723703
E 3 8 1565.000000 128.723703 1700.000000 128.723703
E 12 4 1419.000000 128.723703 1447.009190 128.723703
E 4 15 1459.000000 144.000000 1459.000000 372.054870 1516.000000 372.054870
E 5 13 167.000000 197.000000 167.000000 385.000000 211.000000 386.474623
E 6 7 517.000000 181.000000 561.000000 181.000000
E 14 6 444.000000 386.474623 502.000000 386.474623 502.000000 195.000000
E 7 17 569.000000 190.000000 569.000000 495.939643 601.000000 495.939643
E 8 9 1749.000000 128.723703 1820.000000 128.723703
E 9 10 1852.000000 130.000000 1904.000000 128.723703
E 16 9 1749.000000 372.054870 1837.000000 372.054870 1837.000000 144.000000
U 10 11 1904.000000 128.723703 1936.000000 204.000000
E 21 12 1280.000000 476.796644 1280.000000 129.000000 1321.000000 128.723703
E 13 14 260.000000 386.474623 395.000000 386.474623
E 15 16 1614.000000 372.054870 1651.000000 372.054870
E 17 22 650.000000 495.939643 785.000000 495.939643
E 18 19 917.000000 496.127572 946.000000 496.127572
E 22 18 834.000000 495.939643 881.000000 495.127572
E 18 25 899.000000 514.127572 899.000000 601.563786 946.000000 601.563786
E 19 20 1044.000000 496.127572 1070.000000 495.939643
E 20 23 1085.500000 496.439643 1175.000000 495.939643
E 25 20 1044.000000 601.563786 1086.000000 601.563786 1086.000000 514.939643
E 23 21 1224.000000 495.939643 1268.000000 496.696845
E 21 24 1281.000000 513.696845 1281.000000 707.375857 1321.000000 707.375857
G 1087139970.json 25 30
V 75.000000 131.000000 30.000000 30.000000
V 185.000000 131.000000 100.000000 80.000000
V 395.000000 131.000000 40.000000 40.000000
V 560.000000 201.000000 100.000000 80.000000
V 1145.000000 85.000000 100.000000 80.000000
V 759.000000 201.000000 100.000000 80.000000
V 950.000000 201.000000 100.000000 80.000000
V 1295.000000 131.000000 40.000000 40.000000
V 1379.000000 131.000000 28.000000 28.000000
V 659.000000 85.000000 88.000000 67.000000
V 1222.882423 201.000000 30.000000 30.000000
V 350.000000 246.000000 100.000000 50.000000
V 834.613950 92.422997 88.000000 97.000000
V 1091.113432 201.000000 30.000000 30.000000
V 455.500000 486.383978 100.000000 80.000000
V 605.500000 486.383978 40.000000 40.000000
V 737.500000 407.383978 100.000000 80.000000
V 867.500190 376.383978 100.000000 50.000000
V 988.344440 486.520278 100.000000 80.000000
V 867.500190 486.520278 40.000000 40.000000
V 1180.251301 486.520278 120.497399 97.000000
V 1419.535911 486.383978 28.000000 28.000000
V 165.500000 486.383978 30.000000 30.000000
V 1332.689916 487.020278 30.000000 30.000000
V 988.344440 619.498964 88.000000 97.000000
E 0 1 75.000000 131.000000 185.000000 131.000000
E 1 2 185.000000 131.000000 395.000000 131.000000
U 1 11 185.000000 131.000000 304.850279 223.975976
E 2 3 395.500000 131.500000 395.500000 201.000000 560.000000 201.000000
E 2 4 395.500000 131.500000 395.500000 85.000000 1145.000000 85.000000
E 3 5 560.000000 201.000000 759.000000 201.000000
E 3 9 560.000000 201.000000 659.000000 85.000000
E 4 7 1145.000000 85.000000 1295.000000 85.000000 1295.000000 131.000000
E 5 6 759.000000 201.000000 950.000000 201.000000
E 9 5 659.000000 85.000000 759.000000 201.000000
E 5 12 759.000000 201.000000 834.613950 92.422997
E 12 6 834.613950 92.422997 950.000000 201.000000
E 6 13 950.000000 201.000000 1091.113432 201.000000
E 7 8 1295.500000 131.500000 1379.000000 131.000000
E 10 7 1222.882423 201.000000 1295.000000 201.000000 1295.000000 131.000000
E 23 10 1332.689916 487.020278 1332.689916 298.676382 1222.882423 298.676382 1222.882423 201.000000
E 13 22 1091.113432 201.000000 1091.113432 295.748178 165.500000 295.748178 165.500000 486.383978
E 14 15 455.500000 486.383978 605.500000 486.383978
E 22 14 165.500000 486.383978 455.500000 486.383978
E 15 16 606.000000 486.883978 606.000000 407.383978 737.500000 407.383978
E 15 19 606.000000 486.883978 867.500190 486.520278
U 16 17 737.500000 407.383978 818.500190 375.383978
E 16 19 737.500000 407.383978 867.500190 407.383978 867.500190 486.520278
E 24 16 988.344440 619.498964 737.500000 407.383978
E 19 18 867.500190 486.520278 988.344440 486.520278
E 18 20 988.344440 486.520278 1180.251301 486.520278
E 24 18 988.344440 619.498964 988.344440 486.520278
E 20 23 1180.251301 486.520278 1332.689916 487.020278
E 24 20 988.344440 619.498964 1180.251301 486.520278
E 23 21 1332.689916 487.020278 1419.535911 486.383978
G 1088129127.json 18 19
V 210.000000 325.500000 30.000000 30.000000
V 292.000000 325.500000 84.000000 40.000000
V 527.000000 325.500000 84.000000 40.000000
V 655.500000 325.500000 97.000000 40.000000
V 359.500000 275.500000 99.000000 30.000000
V 600.000000 275.500000 100.000000 30.000000
V 408.000000 325.500000 84.000000 40.000000
V 760.000000 325.500000 40.000000 40.000000
V 860.000000 325.500000 84.000000 40.000000
V 860.000000 385.500000 84.000000 40.000000
V 975.000000 325.500000 40.000000 40.000000
V 1068.500000 325.500000 97.000000 40.000000
V 1159.000000 325.500000 28.000000 28.000000
V 734.500000 275.500000 99.000000 30.000000
V 959.500000 363.000000 99.000000 30.000000
V 821.500000 363.000000 99.000000 30.000000
V 860.000000 263.000000 84.000000 40.000000
V 1129.500000 275.500000 99.000000 30.000000
E 0 1 210.000000 325.500000 292.000000 325.500000
U 1 4 292.000000 325.500000 310.990000 274.900000
E 1 6 292.000000 325.500000 408.000000 325.500000
E 2 3 527.000000 325.500000 655.500000 325.500000
U 2 5 527.000000 325.500000 551.000000 274.900000
E 6 2 408.000000 325.500000 527.000000 325.500000
E 3 7 655.500000 325.500000 760.500000 326.000000
U 3 13 655.500000 325.500000 685.990000 274.900000
E 7 8 760.500000 326.000000 860.000000 325.500000
E 7 9 760.500000 326.000000 760.500000 385.500000 860.000000 385.500000
E 7 16 760.500000 326.000000 760.500000 263.000000 860.000000 263.000000
E 8 10 860.000000 325.500000 975.500000 326.000000
U 8 14 860.000000 325.500000 910.990000 362.400000
E 9 10 860.000000 385.500000 975.500000 385.500000 975.500000 326.000000
U 9 15 860.000000 385.500000 772.990000 362.400000
E 10 11 975.500000 326.000000 1068.500000 325.500000
E 16 10 860.000000 263.000000 975.500000 263.000000 975.500000 326.000000
E 11 12 1068.500000 325.500000 1159.000000 325.500000
U 11 17 1068.500000 325.500000 1080.990000 274.900000
G 108818346.json 18 22
V 95.000000 421.000000 30.000000 30.000000
V 161.000000 420.000000 40.000000 40.000000
V 236.000000 422.000000 30.000000 30.000000
V 327.500000 420.000000 83.000000 68.000000
V 293.500000 555.000000 83.000000 68.000000
V 505.500000 663.000000 83.000000 68.000000
V 644.500000 663.000000 83.000000 68.000000
V 738.000000 663.000000 28.000000 28.000000
V 82.000000 112.000000 30.000000 30.000000
V 186.500000 111.000000 83.000000 68.000000
V 306.500000 111.000000 83.000000 68.000000
V 399.000000 111.000000 40.000000 40.000000
V 665.000000 113.000000 30.000000 30.000000
V 466.000000 202.000000 30.000000 30.000000
V 558.500000 200.000000 83.000000 68.000000
V 767.500000 111.000000 83.000000 68.000000
V 875.500000 111.000000 83.000000 68.000000
V 972.000000 111.000000 28.000000 28.000000
E 0 1 95.000000 421.000000 161.000000 420.000000
E 10 0 306.000000 145.000000 306.000000 252.000000 94.000000 252.000000 95.000000 421.000000
E 1 2 161.000000 420.000000 200.000000 420.000000 236.000000 422.000000
E 1 4 161.000000 420.000000 161.000000 556.000000 252.000000 555.000000
E 2 3 236.000000 422.000000 268.000000 420.000000 286.000000 420.000000
E 14 2 545.000000 234.000000 545.000000 324.000000 234.000000 324.000000 236.000000 422.000000
E 3 14 328.000000 386.000000 328.000000 348.000000 572.000000 348.000000 572.000000 234.000000
E 4 5 335.000000 555.000000 353.000000 555.000000 353.000000 663.000000 464.000000 663.000000
E 5 6 547.000000 663.000000 603.000000 663.000000
E 5 12 506.000000 629.000000 506.000000 384.000000 663.000000 384.000000 665.000000 113.000000
E 6 7 686.000000 663.000000 704.000000 663.000000 738.000000 663.000000
E 6 15 658.000000 629.000000 658.000000 432.000000 782.000000 432.000000 782.000000 145.000000
E 8 9 82.000000 112.000000 114.000000 111.000000 145.000000 111.000000
E 9 10 228.000000 111.000000 265.000000 111.000000
E 10 11 348.000000 111.000000 366.000000 111.000000 399.000000 111.000000
E 11 12 399.000000 111.000000 438.000000 111.000000 665.000000 113.000000
E 11 13 399.000000 111.000000 399.000000 200.000000 466.000000 202.000000
E 14 11 600.000000 200.000000 618.000000 200.000000 618.000000 252.000000 576.000000 252.000000 549.000000 252.000000 360.000000 252.000000 360.000000 111.000000 399.000000 111.000000
E 12 15 665.000000 113.000000 726.000000 111.000000
E 13 14 466.000000 202.000000 498.000000 200.000000 517.000000 200.000000
E 15 16 809.000000 111.000000 834.000000 111.000000
E 16 17 917.000000 111.000000 936.000000 111.000000 972.000000 111.000000
G 1088210012.json 17 18
V 75.873149 114.463498 30.000000 30.000000
V 176.597987 113.963498 122.808183 55.000000
V 891.900046 620.205881 133.277240 85.410001
V 478.450023 620.810881 122.808183 55.000000
V 678.706171 620.810881 123.212274 55.000000
V 306.217933 620.310881 40.000000 40.000000
V 1068.789019 620.310881 123.212274 55.000000
V 478.045932 473.187504 123.606137 48.852503
V 176.193895 473.562504 122.404091 49.250000
V 306.217933 473.562504 40.000000 40.000000
V 891.506183 473.562504 123.212274 55.500000
V 678.695943 473.187504 123.606137 49.250000
V 1172.234318 473.562504 28.000000 28.000000
V 1069.182882 473.937504 122.808183 51.250000
V 307.026116 775.527277 122.808183 55.000000
V 478.045932 775.277277 122.808183 55.500000
V 679.100034 775.027277 122.808183 55.500000
E 0 1 75.873149 114.463498 176.597987 113.963498
E 1 8 176.597987 140.463498 176.193895 449.553129
E 4 2 678.706171 620.810881 826.343114 620.205881
E 2 6 955.038666 620.205881 1008.182882 620.310881
E 3 4 478.450023 620.810881 678.706171 620.810881
E 5 3 321.588958 621.654069 418.045932 620.810881
E 16 4 679.100034 748.277277 678.706171 647.310881
E 9 5 306.717933 474.062504 306.717933 620.810881
E 5 14 307.881804 633.683139 307.026116 749.027277
E 6 10 1068.789019 593.810881 1068.789019 562.989389 891.506183 562.989389 891.506183 500.312504
E 9 7 317.734936 473.562504 417.249361 473.187504
E 7 11 478.045932 473.187504 617.896071 473.187504
E 8 9 176.193895 473.562504 306.717933 474.062504
E 11 10 739.499011 473.187504 830.900046 473.562504
E 10 13 952.112321 473.562504 1008.778790 473.937504
E 13 12 1129.586973 473.937504 1162.477070 474.082503
E 14 15 307.026116 775.527277 478.045932 775.277277
E 15 16 478.045932 775.277277 679.100034 775.027277
G 1088753578.json 15 17
V 348.519586 334.000000 100.000000 80.000000
V 235.087302 334.000000 30.000000 30.000000
V 720.539155 334.000000 100.000000 80.000000
V 545.000000 334.000000 100.000000 80.000000
V 878.039155 334.000000 100.000000 80.000000
V 720.539155 255.500000 56.000000 46.000000
V 1023.039155 334.000000 100.000000 80.000000
V 1168.039155 334.000000 100.000000 80.000000
V 1309.519586 334.000000 30.000000 30.000000
V 354.678462 526.000000 117.682249 92.000000
V 1389.519586 334.000000 40.000000 40.000000
V 473.519586 526.000000 28.000000 28.000000
V 545.000000 239.000000 100.000000 50.000000
V 965.000000 239.000000 100.000000 50.000000
V 1298.039155 239.000000 100.000000 50.000000
E 1 0 235.087302 334.000000 348.519586 334.000000
E 0 3 348.519586 334.000000 545.000000 334.000000
E 3 2 545.000000 334.000000 720.539155 334.000000
E 2 4 720.539155 334.000000 878.039155 334.000000
U 2 5 720.539155 334.000000 720.539155 255.500000
U 3 5 570.000000 295.000000 720.539155 255.500000
U 3 12 545.000000 334.000000 496.000000 238.000000
U 4 5 878.039155 334.000000 720.539155 255.500000
E 4 6 878.039155 334.000000 1023.039155 334.000000
U 4 13 878.039155 334.000000 916.000000 238.000000
E 6 7 1023.039155 334.000000 1168.039155 334.000000
E 7 8 1168.039155 334.000000 1309.519586 334.000000
U 7 14 1168.039155 334.000000 1249.039155 238.000000
E 8 10 1309.519586 334.000000 1390.019586 334.500000
E 10 9 1390.019586 334.500000 1390.019586 407.000000 354.678462 407.000000 354.678462 526.000000
E 9 11 354.678462 526.000000 473.519586 526.000000
E 10 11 1390.019586 334.500000 1466.000000 334.500000 1466.000000 458.000000 473.519586 458.000000 473.519586 526.000000
G 1089311660.json 28 30
V 105.000000 405.000000 30.000000 30.000000
V 215.000000 405.000000 100.000000 80.000000
V 360.000000 405.000000 100.000000 80.000000
V 480.000000 405.000000 30.000000 30.000000
V 560.000000 405.000000 40.000000 40.000000
V 710.000000 250.000000 100.000000 80.000000
V 710.000000 405.000000 100.000000 80.000000
V 710.000000 510.000000 100.000000 80.000000
V 605.000000 470.000000 40.000000 40.000000
V 915.000000 250.000000 30.000000 30.000000
V 1010.000000 250.000000 100.000000 80.000000
V 825.000000 250.000000 30.000000 30.000000
V 1155.000000 250.000000 100.000000 80.000000
V 135.000000 695.000000 120.000000 99.000000
V 360.000000 595.000000 100.000000 80.000000
V 260.000000 695.000000 40.000000 40.000000
V 360.000000 700.000000 100.000000 80.000000
V 360.000000 790.000000 100.000000 80.000000
V 455.000000 700.000000 40.000000 40.000000
V 570.000000 700.000000 100.000000 80.000000
V 755.000000 625.000000 100.000000 80.000000
V 665.000000 700.000000 40.000000 40.000000
V 755.000000 760.000000 100.000000 80.000000
V 845.000000 695.000000 40.000000 40.000000
V 960.000000 695.000000 100.000000 80.000000
V 1080.000000 695.000000 30.000000 30.000000
V 1190.000000 695.000000 100.000000 80.000000
V 135.000000 955.000000 100.000000 80.000000
E 0 1 105.000000 405.000000 215.000000 405.000000
E 1 2 215.000000 405.000000 360.000000 405.000000
E 2 3 360.000000 405.000000 480.000000 405.000000
E 3 4 480.000000 405.000000 560.500000 405.500000
E 4 5 560.500000 405.500000 560.500000 250.000000 710.000000 250.000000
E 4 8 560.500000 405.500000 560.500000 470.500000 605.500000 470.500000
E 5 11 710.000000 250.000000 825.000000 250.000000
E 8 6 605.500000 470.500000 605.500000 405.000000 710.000000 405.000000
E 8 7 605.500000 470.500000 605.500000 510.000000 710.000000 510.000000
E 9 10 915.000000 250.000000 1010.000000 250.000000
E 11 9 825.000000 250.000000 915.000000 250.000000
E 10 12 1010.000000 250.000000 1155.000000 250.000000
E 12 13 1155.000000 250.000000 1155.000000 134.000000 48.000000 134.000000 48.000000 695.000000 135.000000 695.000000
E 13 15 135.000000 695.000000 260.500000 695.759494
E 15 14 260.500000 695.759494 260.500000 595.000000 360.000000 595.000000
E 14 18 360.000000 595.000000 455.500000 595.000000 455.500000 700.500000
E 15 16 260.500000 695.500000 360.000000 700.000000
E 15 17 260.500000 695.500000 260.500000 790.000000 360.000000 790.000000
E 16 18 360.000000 700.000000 455.500000 700.500000
E 17 18 360.000000 790.000000 455.500000 790.000000 455.500000 700.500000
E 18 19 455.500000 700.500000 570.000000 700.000000
E 19 21 570.000000 700.000000 665.500000 700.500000
E 21 20 665.500000 700.500000 665.500000 625.000000 755.000000 625.000000
E 20 23 755.000000 625.000000 845.500000 625.000000 845.500000 695.500000
E 21 22 665.500000 700.500000 665.500000 760.000000 755.000000 760.000000
E 22 23 755.000000 760.000000 845.500000 760.000000 845.500000 695.500000
E 23 24 845.500000 695.500000 960.000000 695.000000
E 24 25 960.000000 695.000000 1080.000000 695.000000
E 25 26 1080.000000 695.000000 1190.000000 695.000000
E 26 27 1190.000000 695.000000 1190.000000 955.000000 135.000000 955.000000
G 1089733368.json 20 19
V 360.000000 43.000000 30.000000 30.000000
V 454.000000 45.000000 100.000000 80.000000
V 790.000000 49.000000 30.000000 30.000000
V 935.000000 49.000000 30.000000 30.000000
V 1045.000000 49.000000 100.000000 80.000000
V 864.000000 49.000000 28.000000 28.000000
V 1160.000000 49.000000 40.000000 40.000000
V 1275.000000 49.000000 100.000000 80.000000
V 1384.000000 49.000000 28.000000 28.000000
V 1275.000000 145.000000 100.000000 80.000000
V 1420.000000 145.000000 100.000000 80.000000
V 790.000000 574.846041 100.000000 80.000000
V 935.000000 574.846041 100.000000 80.000000
V 790.000000 303.076796 100.000000 80.000000
V 560.000000 390.769061 100.000000 80.000000
V 675.000000 390.769061 40.000000 40.000000
V 454.000000 390.769061 30.000000 30.000000
V 1420.000000 761.538123 30.000000 30.000000
V 1530.000000 761.538123 100.000000 80.000000
V 1639.000000 761.538123 28.000000 28.000000
E 0 1 360.000000 43.000000 454.000000 45.000000
E 1 16 454.000000 45.000000 454.000000 402.769061
E 2 5 790.000000 49.000000 864.000000 49.000000
E 13 2 790.000000 303.076796 790.000000 61.000000
E 3 4 935.000000 49.000000 1045.000000 49.000000
E 12 3 935.000000 574.846041 935.000000 63.000000
E 4 6 1045.000000 49.000000 1160.500000 49.500000
E 6 7 1160.500000 49.500000 1275.000000 49.000000
E 6 9 1160.500000 49.500000 1160.500000 145.000000 1275.000000 145.000000
E 7 8 1275.000000 49.000000 1384.000000 49.000000
E 9 10 1275.000000 145.000000 1420.000000 145.000000
E 10 17 1420.000000 145.000000 1420.000000 769.538123
E 11 12 790.000000 574.846041 935.000000 574.846041
E 15 11 675.500000 391.269061 675.500000 574.846041 790.000000 574.846041
E 15 13 675.500000 391.269061 675.500000 303.076796 790.000000 303.076796
E 14 15 560.000000 390.769061 675.500000 391.269061
E 16 14 454.000000 390.769061 560.000000 390.769061
E 17 18 1420.000000 761.538123 1530.000000 761.538123
E 18 19 1530.000000 761.538123 1639.000000 761.538123
G 1090152102.json 16 27
V 95.000000 240.000000 30.000000 30.000000
V 203.000000 240.000000 100.000000 80.000000
V 430.000000 240.000000 100.000000 80.000000
V 430.000000 130.000000 100.000000 80.000000
V 310.000000 240.000000 40.000000 40.000000
V 545.000000 240.000000 40.000000 40.000000
V 730.000000 240.000000 100.000000 80.000000
V 430.000000 345.000000 118.000000 80.000000
V 730.000000 130.000000 100.000000 80.000000
V 730.000000 345.000000 118.000000 80.000000
V 1034.000000 240.000000 28.000000 28.000000
V 576.000500 449.473000 62.001000 60.173000
V 730.000000 449.386500 62.001000 60.173000
V 935.000598 240.000000 100.000000 80.000000
V 628.000000 240.000000 40.000000 40.000000
V 830.000000 240.000000 40.000000 40.000000
E 0 1 95.000000 240.000000 203.000000 240.000000
E 1 4 203.000000 240.000000 310.500000 240.500000
E 1 11 203.000000 240.000000 203.000000 449.311000 575.575500 449.311000
E 4 2 310.500000 240.500000 430.000000 240.000000
E 2 5 430.000000 240.000000 545.500000 240.500000
E 2 11 430.000000 279.000000 432.000000 292.000000 557.000000 292.000000 557.000000 449.311000
E 4 3 310.500000 240.500000 310.500000 130.000000 430.000000 130.000000
E 3 5 430.000000 130.000000 545.500000 130.000000 545.500000 240.500000
E 3 11 479.000000 150.000000 575.575500 150.000000 575.575500 449.311000
E 4 7 310.500000 240.500000 310.500000 345.000000 430.000000 345.000000
E 7 5 430.000000 345.000000 545.500000 345.000000 545.500000 240.500000
E 5 14 545.500000 240.500000 628.500000 240.500000
E 6 11 730.000000 279.000000 730.000000 292.000000 593.000000 292.000000 593.000000 449.311000
E 14 6 628.500000 240.500000 730.000000 240.000000
E 6 15 730.000000 240.000000 830.500000 240.500000
E 7 11 430.000000 345.000000 430.000000 449.311000 575.575500 449.311000
E 8 11 681.000000 150.000000 575.575500 150.000000 575.575500 449.311000
E 14 8 628.500000 240.500000 628.500000 130.000000 730.000000 130.000000
E 8 15 730.000000 130.000000 830.500000 130.000000 830.500000 240.500000
E 9 11 730.000000 365.000000 593.000000 365.000000 593.000000 449.311000
E 12 9 729.575000 449.224500 730.000000 345.000000
E 14 9 628.500000 240.500000 628.500000 345.000000 730.000000 345.000000
E 9 15 730.000000 345.000000 830.500000 345.000000 830.500000 240.500000
E 13 10 935.000598 240.000000 1034.000000 240.000000
U 13 11 935.000598 240.000000 935.000598 519.000000 649.000000 519.000000 649.000000 449.311000 575.575500 449.311000
E 15 13 830.500000 240.500000 935.000598 240.000000
E 14 15 628.500000 240.500000 628.500000 81.000000 830.500000 81.000000 830.500000 240.500000
G 1090644633.json 17 21
V 165.000000 492.000000 30.000000 30.000000
V 230.000000 492.000000 40.000000 40.000000
V 295.000000 425.000000 30.000000 30.000000
V 693.124928 492.000000 40.000000 40.000000
V 858.124928 492.000000 40.000000 40.000000
V 960.999964 580.000000 40.000000 40.000000
V 1248.062440 518.000000 444.124952 80.000000
V 1248.062440 635.149984 444.124952 94.300000
V 1726.612046 492.000000 28.000000 28.000000
V 1535.187374 580.000000 40.000000 40.000000
V 1644.766044 492.000000 40.000000 40.000000
V 375.000000 425.000000 40.000000 40.000000
V 505.000000 380.000000 100.000000 80.000000
V 505.000000 480.000000 100.000000 80.000000
V 635.000000 425.000000 40.000000 40.000000
V 417.500000 580.000000 275.000000 80.000000
V 1248.062440 425.000000 444.124952 80.000000
E 0 1 165.000000 492.000000 230.500000 492.500000
E 1 2 230.500000 492.500000 230.500000 425.000000 295.000000 425.000000
E 1 15 230.500000 492.500000 230.500000 580.000000 417.500000 580.000000
E 2 11 295.000000 425.000000 375.500000 425.500000
E 3 4 693.624928 492.500000 858.624928 492.500000
E 14 3 635.500000 425.500000 693.624928 425.500000 693.624928 492.500000
E 15 3 417.500000 580.000000 693.624928 580.000000 693.624928 492.500000
E 4 5 858.124928 492.000000 858.124928 580.000000 960.999964 580.000000
E 4 10 858.124928 492.500000 858.124928 370.000000 1644.766044 370.000000 1644.766044 492.500000
E 5 6 961.499964 580.500000 961.499964 518.000000 1248.062440 518.000000
E 5 7 961.499964 580.500000 961.499964 635.149984 1248.062440 635.149984
E 5 16 961.499964 580.500000 961.499964 425.000000 1248.062440 425.000000
E 6 9 1248.062440 518.000000 1535.751594 518.000000 1535.751594 580.500000
E 7 9 1248.062440 635.149984 1535.687374 635.149984 1535.687374 580.500000
E 10 8 1645.266044 492.500000 1726.612046 492.000000
E 9 10 1535.687374 580.500000 1645.266044 580.500000 1645.266044 492.500000
E 16 9 1248.062440 425.000000 1535.687374 425.000000 1535.687374 580.500000
E 11 12 375.500000 425.500000 417.500000 425.500000 417.500000 380.000000 505.000000 380.000000
E 11 13 375.500000 425.500000 417.500000 425.500000 417.500000 480.000000 505.000000 480.000000
E 12 14 505.000000 380.000000 635.500000 380.000000 635.500000 425.500000
E 13 14 505.000000 480.000000 635.500000 480.000000 635.500000 425.500000
G 1090872425.json 21 22
V 150.000000 196.000000 30.000000 30.000000
V 287.000000 196.000000 154.000000 80.000000
V 744.030028 196.000000 138.000000 80.000000
V 989.772038 196.000000 169.943999 80.000000
V 1194.155016 196.000000 40.000000 40.000000
V 526.611174 196.000000 138.000000 80.000000
V 1360.411042 318.984986 154.000000 80.000000
V 1616.392005 318.984986 169.943999 80.000000
V 1759.350826 196.000000 40.000000 40.000000
V 2552.659941 196.000000 154.000000 80.000000
V 2780.246935 196.000000 169.943999 80.000000
V 3024.043932 196.000000 28.000000 28.000000
V 2049.242630 196.000000 40.000000 40.000000
V 2221.227051 318.984986 138.000000 80.000000
V 2363.292085 196.000000 40.000000 40.000000
V 1915.296728 196.000000 154.000000 80.000000
V 1915.297228 489.281489 62.001000 60.173000
V 2779.943936 684.019987 30.000000 30.000000
V 2924.628931 684.019987 100.000000 80.000000
V 3033.628931 684.019987 28.000000 28.000000
V 744.030528 489.281489 62.001000 60.173000
E 0 1 150.000000 196.000000 287.000000 196.000000
E 1 5 287.000000 196.000000 526.611174 196.000000
E 2 3 744.030028 196.000000 989.772038 196.000000
E 5 2 526.611174 196.000000 744.030028 196.000000
U 2 20 744.030028 196.000000 743.605528 489.119489
E 3 4 989.772038 196.000000 1194.655016 196.500000
E 4 6 1194.155016 196.000000 1194.155016 318.984986 1360.411042 318.984986
E 4 8 1194.655016 196.500000 1759.850826 196.500000
E 6 7 1360.411042 318.984986 1616.392005 318.984986
E 7 8 1616.392005 318.984986 1759.850826 318.984986 1759.850826 196.500000
E 8 15 1759.850826 196.500000 1915.296728 196.000000
E 9 10 2552.659941 196.000000 2780.246935 196.000000
E 14 9 2363.792085 196.500000 2552.659941 196.000000
E 10 11 2780.246935 196.000000 3024.043932 196.000000
E 10 17 2779.943936 196.000000 2779.943936 669.019987
E 12 13 2049.742630 196.500000 2049.742630 318.984986 2221.227051 318.984986
E 12 14 2049.742630 196.500000 2363.792085 196.500000
E 15 12 1915.296728 196.000000 2049.742630 196.500000
E 13 14 2221.227051 318.984986 2363.792085 318.984986 2363.792085 196.500000
U 15 16 1915.296728 196.000000 1914.872228 489.119489
E 17 18 2779.943936 684.019987 2924.628931 684.019987
E 18 19 2924.628931 684.019987 3033.628931 684.019987
G 1091178985.json 32 42
V 1396.332856 107.219763 61.035013 52.344039
V 88.000000 107.141783 61.035013 51.844039
V 240.496239 107.219763 60.992478 52.344039
V 162.197631 107.022715 60.992478 52.344039
V 335.000000 105.818578 60.992478 52.688078
V 433.000000 107.297744 55.000000 52.688078
V 570.000000 107.219763 55.000000 52.688078
V 889.749642 107.141783 61.035013 52.688078
V 778.000000 105.302520 61.035013 52.688078
V 1055.000000 106.162617 60.992478 52.688078
V 1245.805118 107.219763 55.000000 51.844039
V 755.000000 534.337373 100.000000 80.000000
V 334.503761 534.337373 100.000000 80.000000
V 190.992478 388.860790 100.000000 80.000000
V 88.000000 388.860790 30.000000 30.000000
V 570.000000 388.860790 100.000000 80.000000
V 1130.000000 388.860790 40.000000 40.000000
V 1396.332856 388.860790 100.000000 80.000000
V 1496.469470 388.860790 28.000000 28.000000
V 889.749642 388.860790 100.000000 80.000000
V 755.000000 388.860790 40.000000 40.000000
V 433.000000 732.895804 100.000000 80.000000
V 570.000000 732.895804 40.000000 40.000000
V 570.000000 834.201355 100.000000 80.000000
V 676.805118 834.201355 40.000000 40.000000
V 755.000000 732.895804 100.000000 80.000000
V 830.000000 834.201355 40.000000 40.000000
V 1245.805118 764.221904 100.000000 80.000000
V 1130.000000 764.221904 40.000000 40.000000
V 930.849354 834.201355 100.000000 80.000000
V 335.000000 259.384206 100.000000 80.000000
V 1055.000000 1000.400519 100.000000 80.000000
E 0 13 1396.332856 107.219763 190.992478 388.860790
E 17 0 1396.332856 388.860790 1396.332856 107.219763
E 1 13 88.000000 107.141783 190.992478 388.860790
E 2 13 240.496239 107.219763 190.992478 388.860790
E 3 13 162.197631 107.022715 190.992478 388.860790
E 4 12 359.503761 105.818578 359.503761 534.337373
E 13 4 190.992478 388.860790 335.000000 105.818578
E 27 4 1245.805118 764.221904 335.000000 105.818578
E 4 30 335.000000 105.818578 335.000000 259.384206
E 5 21 433.000000 107.297744 433.000000 732.895804
E 15 6 570.000000 388.860790 570.000000 107.219763
E 6 19 570.000000 107.219763 889.749642 388.860790
E 19 7 889.749642 388.860790 889.749642 107.141783
E 7 27 889.749642 107.141783 1245.805118 764.221904
E 25 8 780.000000 732.895804 778.000000 131.646559
E 9 27 1055.000000 106.162617 1245.805118 764.221904
E 31 9 1055.000000 1000.400519 1055.000000 106.162617
E 10 13 1245.805118 107.219763 190.992478 388.860790
E 27 10 1245.805118 764.221904 1245.805118 107.219763
E 11 19 755.000000 534.337373 889.749642 534.337373 889.749642 388.860790
E 20 11 755.500000 389.360790 755.000000 534.337373
E 12 21 334.503761 534.337373 334.503761 732.895804 433.000000 732.895804
E 30 12 335.000000 259.384206 334.503761 534.337373
E 14 13 88.000000 388.860790 190.992478 388.860790
E 13 30 190.992478 388.860790 262.996239 388.860790 262.996239 259.384206 335.000000 259.384206
E 15 20 570.000000 388.860790 755.500000 389.360790
E 22 15 570.500000 733.395804 570.000000 388.860790
E 19 16 889.749642 388.860790 1130.500000 389.360790
E 16 20 1130.281638 371.467448 1130.281638 339.000000 755.500000 339.000000 755.500000 389.360790
E 16 28 1130.500000 389.360790 1130.500000 764.721904
E 17 18 1396.332856 388.860790 1496.469470 388.860790
E 27 17 1245.805118 764.221904 1396.332856 764.221904 1396.332856 388.860790
E 21 22 433.000000 732.895804 570.500000 733.395804
E 22 23 570.500000 733.395804 570.000000 834.201355
E 23 24 570.000000 834.201355 677.305118 834.701355
E 24 25 677.305118 834.701355 677.305118 732.895804 755.000000 732.895804
E 24 26 677.305118 834.701355 830.500000 834.701355
E 25 26 755.000000 732.895804 830.500000 732.895804 830.500000 834.701355
E 26 29 830.500000 834.701355 930.849354 834.201355
E 28 27 1130.500000 764.721904 1245.805118 764.221904
E 31 28 1055.000000 1000.400519 1130.500000 1000.400519 1130.500000 764.721904
E 29 31 930.849354 873.201355 930.849354 1000.400519 1006.000000 1000.400519
G 1091314634.json 15 18
V 1029.801250 235.977732 209.602501 113.514801
V 300.000000 236.220331 30.000000 30.000000
V 1364.000000 236.220331 28.000000 28.000000
V 890.297045 925.263081 243.747101 113.514801
V 385.000000 925.505681 40.000000 40.000000
V 256.576506 925.505681 30.000000 30.000000
V 890.423494 764.037253 40.000000 40.000000
V 1214.000000 689.000000 28.000000 28.000000
V 1304.000000 764.037253 28.000000 28.000000
V 1030.051250 473.399156 200.102501 113.514801
V 1214.000000 473.641755 40.000000 40.000000
V 339.398507 1190.406732 63.875000 57.946000
V 616.937500 1190.406732 63.875000 57.946000
V 511.000500 1426.704465 62.001000 60.173000
V 339.398507 1426.590965 63.875000 57.946000
E 1 0 300.000000 236.220331 1008.000000 236.220331
E 0 2 1133.602501 235.977732 1364.000000 236.220331
E 0 9 1029.801250 235.977732 1030.051250 473.399156
E 4 3 385.000000 925.505681 890.297045 925.263081
E 3 6 890.297045 925.263081 890.923494 764.537253
U 11 3 339.398507 1190.406732 776.085676 977.020482
U 12 3 616.937500 1190.406732 890.297045 925.263081
E 5 4 256.576506 925.505681 365.000000 926.005681
E 4 7 385.500000 925.505681 385.500000 689.000000 1226.000000 689.000000
U 5 11 256.576506 925.505681 256.576506 1182.433732 324.988056 1182.433732
E 6 8 890.423494 764.037253 1304.000000 764.417298
E 6 9 890.423494 764.037253 890.423494 473.399156 1030.051250 473.399156
E 10 7 1214.500000 474.141755 1214.000000 689.000000
E 10 8 1214.500000 474.141755 1304.000000 474.141755 1304.000000 764.037253
E 9 10 1124.102501 474.141755 1214.500000 474.141755
U 11 12 350.664796 1190.433732 616.937500 1190.406732
U 14 11 339.398507 1426.590965 339.398507 1190.406732
U 13 14 510.575500 1426.542465 339.398507 1426.590965
