# the graphs of bpmn.txt laid out by ELK layered 0.12.0, same box sizes
G 1000193243.json 23 26
V 27.000000 65.333333 30.000000 30.000000
V 112.000000 65.333333 100.000000 80.000000
V 232.000000 65.333333 100.000000 80.000000
V 322.000000 65.333333 40.000000 40.000000
V 412.000000 202.000000 100.000000 80.000000
V 412.000000 58.666667 100.000000 80.000000
V 813.000000 202.000000 100.000000 80.000000
V 552.500000 202.000000 141.000000 144.000000
V 552.500000 58.666667 100.000000 80.000000
V 693.000000 58.666667 100.000000 80.000000
V 933.000000 152.000000 100.000000 80.000000
V 823.000000 58.666667 40.000000 40.000000
V 933.000000 52.000000 100.000000 80.000000
V 1113.000000 58.666667 100.000000 80.000000
V 1473.000000 232.000000 100.000000 80.000000
V 1473.000000 132.000000 100.000000 80.000000
V 1653.000000 132.000000 100.000000 80.000000
V 1737.000000 132.000000 28.000000 28.000000
V 1363.000000 138.666667 40.000000 40.000000
V 1233.000000 72.000000 100.000000 80.000000
V 1353.000000 58.666667 100.000000 80.000000
V 1023.000000 58.666667 40.000000 40.000000
V 1563.000000 132.000000 40.000000 40.000000
E 0 1
E 1 2
E 2 3
E 3 4
E 3 5
E 4 7
E 5 8
E 7 6
E 6 19
E 8 9
E 9 11
E 11 10
E 10 21
E 11 12
E 12 21
E 13 19
E 21 13
E 18 14
E 14 22
E 18 15
E 15 22
E 16 17
E 22 16
E 19 18
E 19 20
E 20 22
G 1000300408.json 22 25
V 690.000000 170.666667 100.000000 80.000000
V 480.000000 83.000000 40.000000 40.000000
V 570.000000 76.333333 100.000000 80.000000
V 390.000000 96.333333 100.000000 80.000000
V 305.000000 96.333333 30.000000 30.000000
V 690.000000 76.333333 28.000000 28.000000
V 1160.000000 170.666667 100.000000 80.000000
V 1245.000000 170.666667 30.000000 30.000000
V 1030.500250 170.666667 62.001000 60.173000
V 27.000000 32.000000 30.000000 30.000000
V 82.000000 32.000000 40.000000 40.000000
V 1040.000000 69.666667 100.000000 80.000000
V 172.000000 96.333333 100.000000 80.000000
V 1124.000000 69.666667 28.000000 28.000000
V 775.000000 76.333333 30.000000 30.000000
V 1295.000000 125.666667 30.000000 30.000000
V 920.000000 120.666667 100.000000 80.000000
V 830.000000 76.333333 40.000000 40.000000
V 256.000000 96.333333 28.000000 28.000000
V 1380.000000 125.666667 100.000000 80.000000
V 1464.000000 125.666667 28.000000 28.000000
V 1245.000000 120.666667 30.000000 30.000000
E 1 0
U 0 8
E 1 2
E 3 1
E 2 5
E 4 3
U 3 8
E 18 4
E 5 14
E 6 7
U 8 6
E 7 15
U 16 8
E 9 10
E 10 11
E 10 12
E 11 13
E 16 11
E 17 11
E 12 18
E 14 17
E 15 19
E 21 15
E 17 16
E 19 20
G 1000419154.json 21 23
V 27.000000 65.333333 30.000000 30.000000
V 112.000000 65.333333 100.000000 80.000000
V 242.000000 65.333333 100.000000 80.000000
V 748.000000 52.000000 100.000000 80.000000
V 842.000000 56.666667 28.000000 28.000000
V 492.000000 155.166667 100.000000 80.000000
V 606.000000 155.166667 88.000000 97.000000
V 368.000000 163.166667 88.000000 97.000000
V 362.000000 78.666667 30.000000 30.000000
V 252.000000 265.000000 40.000000 40.000000
V 362.000000 271.666667 100.000000 80.000000
V 492.000000 285.000000 100.000000 80.000000
V 748.000000 398.666667 100.000000 80.000000
V 842.000000 418.666667 28.000000 28.000000
V 362.000000 398.666667 100.000000 80.000000
V 492.000000 398.666667 100.000000 80.000000
V 620.000000 398.666667 116.000000 97.000000
V 878.000000 344.666667 100.000000 80.000000
V 962.000000 344.666667 28.000000 28.000000
V 112.000000 392.000000 100.000000 80.000000
V 242.000000 353.500000 88.000000 97.000000
E 0 1
E 1 2
E 2 3
E 2 8
E 3 4
E 12 4
E 5 6
E 7 5
E 8 5
E 9 5
E 10 5
E 9 10
E 19 9
E 10 11
E 12 13
E 16 12
E 12 17
E 14 15
E 19 14
E 20 14
E 15 16
E 17 18
E 19 20
G 1000531133.json 16 16
V 27.000000 65.333333 30.000000 30.000000
V 112.000000 65.333333 100.000000 80.000000
V 202.000000 65.333333 40.000000 40.000000
V 292.000000 158.666667 100.000000 80.000000
V 292.000000 58.666667 100.000000 80.000000
V 382.000000 65.333333 40.000000 40.000000
V 532.000000 58.666667 100.000000 80.000000
V 832.000000 52.000000 100.000000 80.000000
V 832.000000 152.000000 100.000000 80.000000
V 622.000000 58.666667 40.000000 40.000000
V 916.000000 52.000000 28.000000 28.000000
V 916.000000 152.000000 28.000000 28.000000
V 712.000000 52.000000 100.000000 80.000000
V 712.000000 152.000000 100.000000 80.000000
V 442.000000 65.333333 40.000000 40.000000
V 496.000000 132.666667 28.000000 28.000000
E 0 1
E 1 2
E 2 3
E 2 4
E 3 5
E 4 5
E 5 14
E 6 9
E 14 6
E 7 10
E 12 7
E 8 11
E 13 8
E 9 12
E 9 13
E 14 15
G 1000677292.json 16 17
V 317.000000 182.000000 150.000000 100.000000
V 147.000000 188.666667 30.000000 30.000000
V 432.000000 175.333333 40.000000 40.000000
V 87.000000 103.666667 150.000000 100.000000
V 547.000000 62.000000 150.000000 100.000000
V 547.000000 182.000000 150.000000 100.000000
V 202.000000 182.000000 40.000000 40.000000
V 662.000000 182.000000 40.000000 40.000000
V 777.000000 188.666667 150.000000 100.000000
V 777.000000 68.666667 150.000000 100.000000
V 892.000000 182.000000 40.000000 40.000000
V 1007.000000 182.000000 150.000000 100.000000
V 1177.000000 182.000000 150.000000 120.000000
V 1347.000000 182.000000 150.000000 100.000000
V 656.000000 62.000000 28.000000 28.000000
V 1456.000000 182.000000 28.000000 28.000000
E 0 2
E 6 0
E 1 6
E 2 3
E 2 4
E 2 5
E 3 6
E 4 14
E 5 7
E 7 8
E 7 9
E 8 10
E 9 10
E 10 11
E 11 12
E 12 13
E 13 15
G 1000796620.json 15 14
V 27.000000 52.000000 30.000000 30.000000
V 112.000000 52.000000 100.000000 80.000000
V 232.000000 52.000000 100.000000 80.000000
V 352.000000 52.000000 100.000000 80.000000
V 472.000000 52.000000 100.000000 80.000000
V 592.000000 52.000000 100.000000 80.000000
V 712.000000 52.000000 100.000000 80.000000
V 832.000000 52.000000 100.000000 80.000000
V 952.000000 52.000000 100.000000 80.000000
V 1072.000000 52.000000 100.000000 80.000000
V 1157.000000 52.000000 30.000000 30.000000
V 1242.000000 52.000000 100.000000 80.000000
V 1362.000000 52.000000 100.000000 80.000000
V 1482.000000 52.000000 100.000000 80.000000
V 1566.000000 52.000000 28.000000 28.000000
E 0 1
E 1 2
E 2 3
E 3 4
E 4 5
E 5 6
E 6 7
E 7 8
E 8 9
E 9 10
E 10 11
E 11 12
E 12 13
E 13 14
G 1001469544.json 20 20
V 27.000000 239.333333 30.000000 30.000000
V 112.000000 239.333333 100.000000 80.000000
V 202.000000 239.333333 40.000000 40.000000
V 292.000000 306.666667 100.000000 80.000000
V 402.000000 165.333333 40.000000 40.000000
V 256.000000 232.666667 28.000000 28.000000
V 292.000000 158.666667 100.000000 80.000000
V 532.000000 165.333333 100.000000 80.000000
V 202.000000 65.333333 40.000000 40.000000
V 292.000000 58.666667 100.000000 80.000000
V 412.000000 58.666667 100.000000 80.000000
V 542.000000 58.666667 40.000000 40.000000
V 652.000000 152.000000 100.000000 80.000000
V 772.000000 152.000000 100.000000 80.000000
V 862.000000 58.666667 40.000000 40.000000
V 952.000000 58.666667 100.000000 80.000000
V 1072.000000 58.666667 100.000000 80.000000
V 1156.000000 58.666667 28.000000 28.000000
V 652.000000 52.000000 100.000000 80.000000
V 772.000000 52.000000 100.000000 80.000000
E 0 1
E 1 2
E 2 3
E 2 5
E 3 4
E 6 4
E 4 7
E 8 6
E 8 9
E 9 10
E 10 11
E 11 12
E 11 18
E 12 13
E 13 14
E 14 15
E 19 14
E 15 16
E 16 17
E 18 19
G 100193728.json 16 19
V 292.000000 158.666667 100.000000 80.000000
V 592.000000 152.000000 100.000000 80.000000
V 27.000000 152.000000 30.000000 30.000000
V 112.000000 152.000000 100.000000 80.000000
V 202.000000 152.000000 40.000000 40.000000
V 292.000000 58.666667 100.000000 80.000000
V 412.000000 145.333333 100.000000 80.000000
V 502.000000 145.333333 40.000000 40.000000
V 1012.000000 138.666667 100.000000 80.000000
V 1132.000000 102.000000 100.000000 80.000000
V 1222.000000 145.333333 40.000000 40.000000
V 1276.000000 145.333333 28.000000 28.000000
V 592.000000 52.000000 100.000000 80.000000
V 682.000000 145.333333 40.000000 40.000000
V 772.000000 102.000000 100.000000 80.000000
V 892.000000 138.666667 100.000000 80.000000
E 4 0
E 0 6
E 7 1
E 1 13
E 2 3
E 3 4
E 4 5
E 5 6
E 6 7
E 7 12
E 8 9
E 10 8
E 15 8
E 9 10
E 10 11
E 12 13
E 13 14
E 13 15
E 14 15
G 1002498967.json 20 20
V 317.000000 145.333333 30.000000 30.000000
V 402.000000 145.333333 100.000000 80.000000
V 522.000000 145.333333 100.000000 80.000000
V 642.000000 145.333333 100.000000 80.000000
V 822.000000 152.000000 100.000000 80.000000
V 822.000000 52.000000 100.000000 80.000000
V 732.000000 145.333333 40.000000 40.000000
V 966.000000 58.666667 28.000000 28.000000
V 912.000000 58.666667 40.000000 40.000000
V 27.000000 145.333333 30.000000 30.000000
V 112.000000 145.333333 100.000000 80.000000
V 232.000000 145.333333 100.000000 80.000000
V 912.000000 165.333333 30.000000 30.000000
V 1002.000000 165.333333 100.000000 80.000000
V 1182.000000 72.000000 100.000000 80.000000
V 1302.000000 72.000000 100.000000 80.000000
V 1422.000000 72.000000 100.000000 80.000000
V 1506.000000 72.000000 28.000000 28.000000
V 1182.000000 172.000000 100.000000 80.000000
V 1092.000000 165.333333 40.000000 40.000000
E 0 1
E 11 0
E 1 2
E 2 3
E 3 6
E 6 4
E 4 8
E 4 12
E 6 5
E 5 8
E 8 7
E 9 10
E 10 11
E 12 13
E 13 19
E 14 15
E 19 14
E 15 16
E 16 17
E 19 18
G 1002500217.json 22 26
V 27.000000 71.333333 30.000000 30.000000
V 112.000000 71.333333 100.000000 80.000000
V 197.000000 71.333333 30.000000 30.000000
V 490.333333 209.666667 30.000000 30.000000
V 787.000000 59.666667 30.000000 30.000000
V 692.000000 209.666667 40.000000 40.000000
V 787.000000 148.000000 30.000000 30.000000
V 872.000000 148.000000 100.000000 80.000000
V 957.000000 148.000000 30.000000 30.000000
V 836.000000 59.666667 28.000000 28.000000
V 1042.000000 153.000000 100.000000 80.000000
V 1126.000000 166.333333 28.000000 28.000000
V 332.000000 66.333333 100.000000 80.000000
V 247.000000 66.333333 30.000000 30.000000
V 417.000000 66.333333 30.000000 30.000000
V 502.000000 61.333333 100.000000 80.000000
V 592.000000 61.333333 40.000000 40.000000
V 682.000000 54.666667 30.000000 30.000000
V 682.000000 129.666667 100.000000 80.000000
V 1030.333333 38.666667 30.000000 30.000000
V 1162.000000 52.000000 100.000000 80.000000
V 1246.000000 52.000000 28.000000 28.000000
E 0 1
E 1 2
E 2 3
E 2 13
E 3 5
E 14 3
E 5 4
E 4 9
E 17 4
E 5 6
E 6 7
E 18 6
E 7 8
E 8 10
E 8 19
E 10 11
E 10 20
E 13 12
E 12 14
E 14 15
E 15 16
E 16 17
E 16 18
E 18 19
E 19 20
E 20 21
G 1002807019.json 27 30
V 27.000000 102.086500 30.000000 30.000000
V 113.000000 102.086500 102.000000 80.000000
V 540.500000 259.839667 40.000000 40.000000
V 1230.000000 180.173000 28.000000 28.000000
V 741.000000 233.839667 30.000000 30.000000
V 1005.000000 180.173000 30.000000 30.000000
V 621.000000 264.839667 30.000000 30.000000
V 1146.000000 180.173000 100.000000 80.000000
V 199.000000 88.753167 30.000000 30.000000
V 284.000000 88.753167 100.000000 80.000000
V 414.000000 88.753167 40.000000 40.000000
V 525.000000 187.839667 102.000000 64.000000
V 525.333333 82.086500 100.000000 80.000000
V 656.000000 143.753167 30.000000 30.000000
V 620.000000 202.173000 28.000000 28.000000
V 896.000000 68.753167 100.000000 80.000000
V 1026.000000 55.419833 100.000000 80.000000
V 1110.000000 106.173000 28.000000 28.000000
V 404.000000 339.259500 100.000000 64.000000
V 656.000000 344.259500 30.000000 30.000000
V 537.000000 339.259500 30.000000 30.000000
V 776.000000 344.259500 100.000000 80.000000
V 877.000500 330.926167 62.001000 60.173000
V 896.000000 395.012667 28.000000 28.000000
V 656.000000 68.753167 100.000000 80.000000
V 776.000000 68.753167 40.000000 40.000000
V 1127.000500 42.086500 62.001000 60.173000
E 0 1
E 1 2
E 1 8
E 2 4
E 2 5
E 2 6
E 7 3
E 13 4
E 5 7
E 11 5
E 15 5
E 23 5
E 20 6
E 8 9
E 9 10
E 10 11
E 10 12
E 11 14
E 12 13
E 12 24
E 15 16
E 25 15
E 16 17
E 16 26
E 18 20
E 20 19
E 19 21
E 21 22
E 21 23
E 24 25
G 1003089711.json 16 22
V 80.000000 227.666667 40.000000 40.000000
V 197.291012 253.000000 114.582024 80.000000
V 324.582024 70.000000 100.000000 80.000000
V 450.582024 266.333333 40.000000 40.000000
V 324.582024 253.000000 100.000000 80.000000
V 572.582024 263.000000 100.000000 80.000000
V 572.582024 163.000000 100.000000 80.000000
V 197.291012 78.000000 30.000000 30.000000
V 197.291012 27.000000 30.000000 30.000000
V 438.582024 149.666667 88.000000 97.000000
V 716.582024 163.000000 28.000000 28.000000
V 662.582024 163.000000 40.000000 40.000000
V 85.000000 27.000000 30.000000 30.000000
V 56.000000 316.166667 88.000000 97.000000
V 572.582024 63.000000 100.000000 80.000000
V 190.000000 153.000000 100.000000 80.000000
E 0 1
E 2 0
E 0 7
U 0 15
E 1 4
E 13 1
E 7 2
E 8 2
E 13 2
E 4 3
E 3 5
E 3 6
E 3 14
E 4 9
E 9 5
E 5 11
E 9 6
E 6 11
E 12 8
E 9 14
E 11 10
E 14 11
G 100343055.json 18 22
V 280.000000 57.333333 28.000000 28.000000
V 334.000000 57.333333 40.000000 40.000000
V 424.666667 50.666667 28.000000 28.000000
V 528.500000 46.000000 83.000000 68.000000
V 415.500000 199.000000 83.000000 68.000000
V 528.500000 199.000000 83.000000 68.000000
V 641.500000 187.666667 83.000000 68.000000
V 717.000000 176.333333 28.000000 28.000000
V 26.000000 68.666667 28.000000 28.000000
V 101.500000 68.666667 83.000000 68.000000
V 204.500000 68.666667 83.000000 68.000000
V 426.250000 125.000000 40.000000 40.000000
V 632.333333 255.666667 28.000000 28.000000
V 528.500000 115.000000 28.000000 28.000000
V 641.500000 96.800000 83.000000 68.000000
V 744.500000 244.333333 83.000000 68.000000
V 847.500000 244.333333 83.000000 68.000000
V 923.000000 244.333333 28.000000 28.000000
E 0 1
E 10 0
E 1 2
E 1 4
E 2 3
E 14 2
E 3 14
E 4 5
E 5 6
E 5 12
E 6 7
E 6 15
E 8 9
E 9 10
E 10 11
E 11 12
E 11 13
E 14 11
E 12 15
E 13 14
E 15 16
E 16 17
G 1004168502.json 22 25
V 172.000000 260.166667 100.000000 80.000000
V 367.000000 238.500000 250.000000 50.000000
V 1063.000000 128.333333 100.000000 80.000000
V 1147.000000 128.333333 28.000000 28.000000
V 27.000000 253.500000 30.000000 30.000000
V 82.000000 253.500000 40.000000 40.000000
V 172.000000 153.500000 100.000000 80.000000
V 412.000000 153.500000 100.000000 80.000000
V 883.000000 223.500000 100.000000 80.000000
V 973.000000 266.833333 40.000000 40.000000
V 798.000000 156.500000 30.000000 30.000000
V 1063.000000 273.500000 100.000000 80.000000
V 1197.000000 286.833333 100.000000 80.000000
V 1465.000000 221.250000 100.000000 80.000000
V 1338.000000 207.916667 100.000000 80.000000
V 1555.000000 214.583333 40.000000 40.000000
V 1609.000000 214.583333 28.000000 28.000000
V 582.500000 111.500000 30.000000 30.000000
V 713.000000 111.500000 100.000000 80.000000
V 1193.500000 194.583333 121.000000 64.500000
V 1334.500000 300.166667 121.000000 64.500000
V 582.500000 44.250000 121.000000 64.500000
U 0 1
E 5 0
E 0 9
E 2 3
E 9 2
E 4 5
E 5 6
E 6 7
E 8 7
E 7 10
E 7 17
U 7 21
E 8 9
E 10 8
E 9 11
E 18 10
E 11 12
U 11 19
E 12 14
U 12 20
E 14 13
E 13 15
E 14 15
E 15 16
E 17 18
G 1004323525.json 40 43
V 112.000000 235.666667 100.000000 59.000000
V 301.000000 118.833333 118.000000 59.000000
V 202.000000 235.666667 40.000000 40.000000
V 691.500000 132.166667 100.000000 59.000000
V 400.000000 118.833333 40.000000 40.000000
V 500.000000 41.500000 100.000000 59.000000
V 594.000000 41.500000 28.000000 28.000000
V 500.000000 125.500000 120.000000 69.000000
V 600.000000 125.500000 40.000000 40.000000
V 691.500000 53.166667 103.000000 59.000000
V 777.000000 53.166667 28.000000 28.000000
V 27.000000 235.666667 30.000000 30.000000
V 873.000000 242.333333 100.000000 80.000000
V 1362.000000 249.000000 118.000000 59.000000
V 1611.000000 249.000000 100.000000 80.000000
V 1521.000000 242.333333 40.000000 40.000000
V 2049.000000 242.333333 100.000000 80.000000
V 2133.000000 242.333333 28.000000 28.000000
V 993.000000 242.333333 100.000000 80.000000
V 1083.000000 242.333333 40.000000 40.000000
V 1143.000000 179.500000 40.000000 40.000000
V 1349.000000 179.500000 40.000000 40.000000
V 1461.000000 242.333333 40.000000 40.000000
V 1233.000000 186.166667 100.000000 59.000000
V 301.000000 242.333333 118.000000 59.000000
V 783.000000 242.333333 40.000000 40.000000
V 1611.000000 149.000000 100.000000 80.000000
V 1701.000000 242.333333 40.000000 40.000000
V 1800.000000 242.333333 100.000000 80.000000
V 2049.000000 142.333333 100.000000 80.000000
V 1959.000000 235.666667 40.000000 40.000000
V 1800.000000 152.833333 118.000000 59.000000
V 1701.000000 146.166667 40.000000 40.000000
V 1899.000000 235.666667 40.000000 40.000000
V 1800.000000 73.833333 118.000000 59.000000
V 500.000000 209.500000 100.000000 59.000000
V 594.000000 209.500000 28.000000 28.000000
V 400.000000 242.333333 40.000000 40.000000
V 1893.000000 73.833333 28.000000 28.000000
V 1233.000000 107.166667 100.000000 59.000000
E 0 2
E 11 0
E 2 1
E 1 4
E 2 24
E 8 3
E 3 25
E 4 5
E 4 7
E 5 6
E 7 8
E 8 9
E 9 10
E 12 18
E 25 12
E 19 13
E 13 22
E 15 14
E 14 27
E 22 15
E 15 26
E 16 17
E 30 16
E 18 19
E 19 20
E 20 23
E 20 39
E 21 22
E 23 21
E 39 21
E 24 37
E 37 25
E 26 27
E 27 28
E 28 33
E 30 29
E 33 30
E 32 31
E 31 33
E 32 34
E 34 38
E 35 36
E 37 35
G 1004444520.json 23 30
V 172.000000 346.000000 100.000000 80.000000
V 552.000000 152.000000 100.000000 80.000000
V 752.000000 157.333333 100.000000 80.000000
V 932.000000 157.333333 100.000000 80.000000
V 1112.000000 64.000000 100.000000 80.000000
V 1232.000000 64.000000 100.000000 80.000000
V 362.000000 249.333333 100.000000 80.000000
V 172.000000 246.000000 100.000000 80.000000
V 362.000000 149.333333 100.000000 80.000000
V 552.000000 252.000000 100.000000 80.000000
V 752.000000 57.333333 100.000000 80.000000
V 932.000000 57.333333 100.000000 80.000000
V 172.000000 146.000000 100.000000 80.000000
V 552.000000 352.000000 100.000000 80.000000
V 552.000000 52.000000 100.000000 80.000000
V 27.000000 246.000000 30.000000 30.000000
V 82.000000 246.000000 40.000000 40.000000
V 1316.000000 64.000000 28.000000 28.000000
V 1022.000000 64.000000 40.000000 40.000000
V 272.000000 156.000000 40.000000 40.000000
V 452.000000 156.000000 40.000000 40.000000
V 842.000000 64.000000 40.000000 40.000000
V 662.000000 64.000000 40.000000 40.000000
E 16 0
E 0 19
E 20 1
E 1 22
E 2 21
E 22 2
E 3 18
E 21 3
E 4 5
E 18 4
E 5 17
E 19 6
E 6 20
E 16 7
E 7 19
E 19 8
E 8 20
E 20 9
E 9 22
E 10 21
E 22 10
E 11 18
E 21 11
E 16 12
E 12 19
E 20 13
E 13 22
E 20 14
E 14 22
E 15 16
G 1004966509.json 20 23
V 536.000000 125.333333 100.000000 80.000000
V 716.000000 132.000000 100.000000 80.000000
V 896.000000 132.000000 100.000000 80.000000
V 1076.000000 138.666667 100.000000 80.000000
V 1256.000000 145.333333 100.000000 80.000000
V 1443.250000 152.000000 100.000000 80.000000
V 1630.500000 158.666667 100.000000 80.000000
V 1750.500000 145.333333 100.000000 80.000000
V 27.000000 125.333333 30.000000 30.000000
V 403.500000 125.333333 125.000000 80.000000
V 131.500000 125.333333 139.000000 80.000000
V 271.000000 125.333333 100.000000 80.000000
V 1443.250000 52.000000 114.500000 80.000000
V 626.000000 125.333333 40.000000 40.000000
V 806.000000 132.000000 40.000000 40.000000
V 986.000000 132.000000 40.000000 40.000000
V 1346.000000 145.333333 40.000000 40.000000
V 1540.500000 152.000000 40.000000 40.000000
V 1834.500000 145.333333 28.000000 28.000000
V 1166.000000 138.666667 40.000000 40.000000
E 9 0
E 0 13
E 13 1
E 1 14
E 14 2
E 2 15
E 15 3
E 3 19
E 4 16
E 19 4
E 16 5
E 5 17
E 6 7
E 17 6
E 17 7
E 7 18
E 8 10
E 11 9
E 10 11
E 13 12
E 15 12
E 16 12
E 19 12
G 1005251135.json 31 32
V 27.000000 78.666667 30.000000 30.000000
V 112.000000 78.666667 100.000000 80.000000
V 238.500000 78.666667 113.000000 80.000000
V 365.000000 65.333333 100.000000 80.000000
V 493.666667 127.000000 100.000000 80.000000
V 618.000000 164.666667 100.000000 80.000000
V 702.000000 151.333333 28.000000 28.000000
V 491.500000 52.000000 30.000000 30.000000
V 618.000000 52.000000 100.000000 80.000000
V 858.000000 57.000000 100.000000 80.000000
V 726.333333 57.000000 30.000000 30.000000
V 942.000000 57.000000 28.000000 28.000000
V 365.000000 492.333333 30.000000 30.000000
V 493.666667 492.333333 100.000000 80.000000
V 599.000500 468.971167 62.001000 60.173000
V 582.000000 533.057667 28.000000 28.000000
V 738.000000 200.333333 30.000000 30.000000
V 858.000000 200.333333 30.000000 30.000000
V 986.666667 200.333333 100.000000 80.000000
V 1135.000000 180.333333 28.000000 28.000000
V 1081.000000 187.000000 40.000000 40.000000
V 1136.000000 229.333333 30.000000 30.000000
V 400.000000 385.833333 30.000000 30.000000
V 491.500000 385.833333 113.000000 93.000000
V 618.000000 370.333333 100.000000 80.000000
V 738.000000 370.333333 28.000000 28.000000
V 653.000000 295.333333 30.000000 30.000000
V 738.000000 295.333333 100.000000 80.000000
V 846.333333 300.333333 30.000000 30.000000
V 984.500000 300.333333 113.000000 80.000000
V 1075.000000 300.333333 28.000000 28.000000
E 0 1
E 1 2
E 2 3
E 2 12
E 3 4
E 3 7
E 4 5
E 4 10
E 5 6
E 5 16
E 7 8
E 8 10
E 10 9
E 9 11
E 12 13
E 13 14
E 13 15
E 23 14
E 16 17
E 17 18
E 18 20
E 21 18
E 20 19
E 20 21
E 22 23
E 23 24
E 24 25
E 25 28
E 26 27
E 27 28
E 28 29
E 29 30
G 1005631758.json 29 34
V 1055.785923 923.140275 30.000000 30.000000
V 4652.496239 920.806942 120.497400 80.000000
V 5360.995759 920.806942 503.963797 80.000000
V 6725.063384 920.806942 274.227904 80.000000
V 7550.095865 920.806942 127.348009 80.000000
V 8309.342330 920.806942 1351.144920 67.194476
V 5360.995759 357.465476 1205.418295 67.194476
V 6725.063384 101.248700 1482.716954 60.000000
V 4658.881657 764.234163 30.000000 30.000000
V 1903.369537 529.306987 1565.167228 40.000000
V 1904.981423 1025.140275 1568.390999 40.000000
V 1903.498313 965.140275 1565.424780 40.000000
V 3501.729510 346.266396 1565.105176 40.000000
V 1904.288743 802.570275 1565.620280 40.000000
V 3501.729510 802.570275 30.000000 30.000000
V 4431.879400 802.570275 255.194604 230.016671
V 27.000000 534.306987 30.000000 30.000000
V 707.120548 699.125593 164.420402 199.121771
V 1904.981423 665.938631 143.923001 193.263288
V 27.000000 369.526544 30.000000 30.000000
V 4658.881657 346.266396 158.809910 165.972973
V 4431.879400 346.266396 30.000000 30.000000
V 708.055630 369.526544 158.809910 199.560886
V 4431.879400 532.239369 30.000000 30.000000
V 4639.697173 532.239369 120.440941 165.972973
V 4319.282098 296.266396 30.000000 30.000000
V 986.796457 130.873051 167.978932 237.746101
V 566.392961 529.306987 1008.785923 80.000000
V 1186.267499 877.855275 130.963152 70.570000
E 0 1
E 0 9
E 0 10
E 0 11
E 0 12
E 0 13
U 0 28
E 1 2
E 15 1
E 2 3
E 3 4
E 4 5
E 6 7
E 8 6
E 20 6
E 26 7
E 15 8
E 26 9
E 27 9
E 18 12
E 12 21
E 22 12
E 12 23
E 12 25
E 13 14
E 17 13
E 22 13
E 14 15
E 16 17
E 16 27
E 17 18
E 19 22
E 21 20
E 23 24
G 1005636596.json 32 42
V 187.000000 569.000000 30.000000 30.000000
V 282.000000 569.000000 100.000000 80.000000
V 417.000000 569.000000 40.000000 40.000000
V 532.000000 579.000000 100.000000 80.000000
V 532.000000 479.000000 100.000000 80.000000
V 647.000000 479.000000 40.000000 40.000000
V 532.000000 379.000000 100.000000 80.000000
V 782.000000 465.666667 100.000000 80.000000
V 1032.000000 402.333333 100.000000 80.000000
V 1392.000000 469.000000 100.000000 80.000000
V 152.000000 152.000000 100.000000 80.000000
V 152.000000 252.000000 100.000000 80.000000
V 152.000000 494.000000 100.000000 80.000000
V 264.000000 248.000000 40.000000 40.000000
V 902.000000 184.666667 100.000000 80.000000
V 902.000000 84.666667 100.000000 80.000000
V 1032.000000 302.333333 100.000000 80.000000
V 152.000000 52.000000 100.000000 80.000000
V 32.000000 615.666667 40.000000 40.000000
V 672.000000 258.000000 40.000000 40.000000
V 402.000000 248.000000 100.000000 80.000000
V 1152.000000 475.666667 100.000000 80.000000
V 662.000000 178.000000 100.000000 80.000000
V 792.000000 178.000000 40.000000 40.000000
V 1022.000000 178.000000 40.000000 40.000000
V 1152.000000 164.666667 100.000000 80.000000
V 547.000000 248.000000 40.000000 40.000000
V 1262.000000 469.000000 40.000000 40.000000
V 917.000000 465.666667 40.000000 40.000000
V 1142.000000 395.666667 40.000000 40.000000
V 1272.000000 164.666667 100.000000 80.000000
V 1357.000000 164.666667 30.000000 30.000000
E 0 1
E 1 2
E 2 3
E 2 4
E 2 6
E 3 5
E 4 5
E 6 5
E 5 7
E 19 7
E 7 28
E 28 8
E 8 29
E 9 18
E 19 9
E 27 9
E 10 13
E 18 10
E 11 13
E 18 11
E 12 13
E 18 12
E 17 13
E 13 20
E 23 14
E 14 24
E 23 15
E 15 24
E 28 16
E 16 29
E 18 17
E 26 19
E 20 26
E 21 27
E 28 21
E 22 23
E 26 22
E 24 25
E 26 25
E 25 30
E 29 27
E 30 31
G 1005740445.json 23 26
V 27.000000 72.000000 30.000000 30.000000
V 77.000000 72.000000 30.000000 30.000000
V 127.000000 72.000000 30.000000 30.000000
V 272.000000 232.000000 100.000000 80.000000
V 282.000000 65.333333 40.000000 40.000000
V 452.000000 52.000000 100.000000 80.000000
V 442.000000 132.000000 40.000000 40.000000
V 572.000000 132.000000 100.000000 80.000000
V 362.000000 58.666667 40.000000 40.000000
V 182.000000 72.000000 40.000000 40.000000
V 958.500000 232.000000 533.000000 80.000000
V 362.000000 232.000000 30.000000 30.000000
V 1440.500000 52.000000 391.000000 80.000000
V 572.000000 52.000000 30.000000 30.000000
V 958.500000 132.000000 100.000000 80.000000
V 1499.000000 132.000000 40.000000 40.000000
V 1736.000000 65.333333 40.000000 40.000000
V 1676.000000 58.666667 40.000000 40.000000
V 1796.000000 72.000000 40.000000 40.000000
V 1886.000000 72.000000 100.000000 80.000000
V 2006.000000 72.000000 100.000000 80.000000
V 2090.000000 72.000000 28.000000 28.000000
V 657.000000 132.000000 30.000000 30.000000
E 0 1
E 1 2
E 2 9
E 9 3
E 3 11
E 4 6
E 4 8
E 9 4
E 8 5
E 5 13
E 6 7
E 8 6
E 7 22
E 11 10
E 10 18
E 13 12
E 12 17
E 14 15
E 22 14
E 15 16
E 15 17
E 17 16
E 16 18
E 18 19
E 19 20
E 20 21
G 1005845225.json 16 15
V 526.000000 959.008231 200.000000 60.000000
V 62.000000 77.833333 100.000000 80.000000
V 229.000000 817.758231 194.000000 55.000000
V 229.000000 64.500000 194.000000 55.000000
V 523.000000 881.508231 194.000000 55.000000
V 526.000000 804.008231 200.000000 60.000000
V 526.000000 724.008231 200.000000 60.000000
V 526.000000 42.000000 200.000000 60.000000
V 526.000000 334.008231 200.000000 60.000000
V 526.000000 564.008231 200.000000 60.000000
V 526.000000 644.008231 200.000000 60.000000
V 523.000000 486.508231 194.000000 55.000000
V 520.692979 188.004116 189.385958 42.008231
V 523.000000 411.508231 194.000000 55.000000
V 523.000000 256.508231 194.000000 55.000000
V 523.000000 119.500000 194.000000 55.000000
E 2 0
E 1 2
E 1 3
E 2 4
E 2 5
E 3 6
E 3 7
E 3 8
E 3 9
E 3 10
E 3 11
E 3 12
E 3 13
E 3 14
E 3 15
G 1005931207.json 17 17
V 147.000000 143.666667 30.000000 30.000000
V 232.000000 143.666667 100.000000 80.000000
V 852.000000 145.333333 40.000000 40.000000
V 352.000000 143.666667 100.000000 80.000000
V 942.000000 152.000000 100.000000 80.000000
V 762.000000 152.000000 100.000000 80.000000
V 592.000000 157.000000 30.000000 30.000000
V 942.000000 52.000000 100.000000 80.000000
V 1027.000000 52.000000 28.000000 28.000000
V 762.000000 67.000000 100.000000 50.000000
V 677.000000 152.000000 30.000000 30.000000
V 62.000000 143.666667 100.000000 80.000000
V 472.000000 82.000000 100.000000 80.000000
V 592.000000 82.000000 100.000000 80.000000
V 1112.000000 52.000000 100.000000 80.000000
V 1027.000000 152.000000 30.000000 30.000000
V 858.000000 38.666667 28.000000 28.000000
E 0 1
E 11 0
E 1 3
E 2 4
E 5 2
E 2 7
U 9 2
E 3 6
E 3 12
E 4 15
E 10 5
E 6 10
E 7 8
E 16 7
E 8 14
E 13 10
E 12 13
G 1006305221.json 21 26
V 282.000000 158.666667 100.000000 80.000000
V 197.000000 158.666667 30.000000 30.000000
V 402.000000 158.666667 100.000000 80.000000
V 522.000000 158.666667 100.000000 80.000000
V 907.000000 145.333333 126.000000 80.000000
V 766.000000 158.666667 100.000000 80.000000
V 1040.000000 145.333333 100.000000 80.000000
V 1400.000000 145.333333 100.000000 80.000000
V 1490.000000 145.333333 40.000000 40.000000
V 1580.000000 52.000000 100.000000 80.000000
V 1706.000000 152.000000 100.000000 80.000000
V 1706.000000 52.000000 112.000000 80.000000
V 1802.000000 145.333333 40.000000 40.000000
V 1856.000000 145.333333 28.000000 28.000000
V 27.000000 145.333333 30.000000 30.000000
V 112.000000 145.333333 100.000000 80.000000
V 642.000000 72.500000 100.000000 80.000000
V 768.000000 59.166667 112.000000 79.000000
V 1160.000000 59.333333 100.000000 80.000000
V 1280.000000 59.333333 100.000000 80.000000
V 1364.000000 46.000000 28.000000 28.000000
E 1 0
E 0 2
E 15 1
E 2 3
E 3 5
E 3 16
E 5 4
E 4 6
E 17 4
E 16 5
E 6 7
E 6 18
E 7 8
E 19 7
E 8 9
E 8 10
E 9 11
E 10 12
E 11 12
E 12 13
E 14 15
E 15 16
E 16 17
E 17 18
E 18 19
E 19 20
G 1006453108.json 27 32
V 292.000000 464.333333 30.000000 30.000000
V 412.000000 464.333333 100.000000 80.000000
V 532.000000 464.333333 100.000000 80.000000
V 633.937500 464.333333 28.000000 28.000000
V 650.875000 60.500000 30.000000 30.000000
V 770.875000 73.833333 100.000000 80.000000
V 895.875000 318.333333 100.000000 80.000000
V 997.812500 318.333333 63.875000 57.946000
V 645.875000 321.666667 40.000000 40.000000
V 770.875000 281.666667 110.000000 80.000000
V 32.000000 487.666667 40.000000 40.000000
V 165.333333 234.166667 100.000000 65.000000
V 165.333333 368.333333 100.000000 55.000000
V 402.000000 370.833333 40.000000 40.000000
V 532.000000 370.833333 100.000000 65.000000
V 633.937500 252.693667 63.875000 57.946000
V 880.875000 413.333333 40.000000 40.000000
V 1015.875000 413.333333 100.000000 48.946000
V 162.000000 501.000000 120.000000 80.000000
V 757.541667 509.333333 30.000000 30.000000
V 889.875000 60.500000 88.000000 97.000000
V 286.000000 245.000000 88.000000 97.000000
V 272.500000 340.500000 61.000000 54.000000
V 1099.875000 413.333333 28.000000 28.000000
V 292.000000 136.500000 100.000000 80.000000
V 405.500000 123.166667 87.000000 33.000000
V 637.916667 381.666667 40.000000 40.000000
E 0 1
E 18 0
E 1 2
E 2 3
E 3 19
E 4 5
E 5 6
E 8 5
E 5 20
U 6 7
E 6 8
E 8 9
E 9 10
E 26 9
E 10 11
E 10 12
E 10 16
E 10 18
E 11 21
E 11 24
E 12 13
E 12 22
E 13 14
E 24 13
U 14 15
E 14 26
E 16 17
E 19 16
E 26 16
E 17 23
E 18 19
U 24 25
G 1006741644.json 16 28
V 222.000000 505.333333 100.000000 80.000000
V 222.000000 332.000000 100.000000 80.000000
V 222.000000 232.000000 100.000000 80.000000
V 62.000000 312.000000 100.000000 80.000000
V 62.000000 412.000000 100.000000 80.000000
V 62.000000 512.000000 100.000000 80.000000
V 562.000000 52.000000 100.000000 80.000000
V 562.000000 452.000000 100.000000 80.000000
V 562.000000 152.000000 100.000000 80.000000
V 562.000000 352.000000 100.000000 80.000000
V 562.000000 252.000000 100.000000 80.000000
V 442.000000 352.000000 100.000000 80.000000
V 442.000000 452.000000 100.000000 80.000000
V 442.000000 52.000000 100.000000 80.000000
V 442.000000 152.000000 100.000000 80.000000
V 442.000000 252.000000 100.000000 80.000000
E 3 0
E 4 0
E 5 0
E 0 11
E 0 12
E 0 13
E 0 14
E 0 15
E 3 1
E 4 1
E 5 1
E 1 11
E 1 12
E 1 13
E 1 14
E 1 15
E 3 2
E 4 2
E 2 11
E 2 12
E 2 13
E 2 14
E 2 15
E 13 6
E 12 7
E 14 8
E 11 9
E 15 10
G 1006854202.json 19 23
V 27.000000 78.000000 30.000000 30.000000
V 103.500000 78.000000 83.000000 60.000000
V 360.500000 173.000000 83.000000 60.000000
V 487.000000 233.000000 40.000000 40.000000
V 237.000000 163.000000 83.000000 40.000000
V 593.500000 313.000000 83.000000 60.000000
V 706.500000 313.000000 83.000000 60.000000
V 822.000000 323.000000 98.000000 40.000000
V 593.500000 233.000000 83.000000 60.000000
V 593.500000 85.750000 83.000000 55.000000
V 360.500000 72.000000 83.000000 40.000000
V 472.000000 173.000000 83.000000 40.000000
V 706.500000 85.750000 83.000000 55.000000
V 237.000000 37.000000 124.000000 50.000000
V 472.000000 108.000000 100.000000 50.000000
V 704.000000 223.000000 98.000000 40.000000
V 822.000000 76.583333 98.000000 40.000000
V 807.500000 253.000000 40.000000 40.000000
V 905.000000 253.000000 28.000000 28.000000
E 0 1
E 1 2
E 1 4
E 1 10
U 1 13
E 2 3
E 4 2
E 2 11
U 2 14
E 3 5
E 3 8
E 3 9
E 5 6
E 6 7
E 6 17
E 8 15
E 8 17
E 10 9
E 11 9
E 9 12
E 12 16
E 12 17
E 17 18
G 1007265822.json 17 17
V 27.000000 158.666667 30.000000 30.000000
V 112.000000 158.666667 100.000000 80.000000
V 472.000000 158.666667 100.000000 80.000000
V 652.000000 158.666667 100.000000 80.000000
V 742.000000 158.666667 40.000000 40.000000
V 832.000000 252.000000 100.000000 80.000000
V 832.000000 152.000000 100.000000 80.000000
V 832.000000 52.000000 100.000000 80.000000
V 292.000000 158.666667 100.000000 80.000000
V 202.000000 158.666667 40.000000 40.000000
V 382.000000 158.666667 40.000000 40.000000
V 922.000000 152.000000 40.000000 40.000000
V 1012.000000 152.000000 100.000000 80.000000
V 1102.000000 152.000000 40.000000 40.000000
V 1192.000000 152.000000 100.000000 80.000000
V 1276.000000 152.000000 28.000000 28.000000
V 562.000000 158.666667 40.000000 40.000000
E 0 1
E 1 9
E 10 2
E 2 16
E 3 4
E 16 3
E 4 5
E 4 6
E 5 11
E 6 11
E 7 11
E 9 8
E 8 10
E 11 12
E 12 13
E 13 14
E 14 15
G 1007624702.json 15 16
V 112.000000 63.000000 100.000000 80.000000
V 352.000000 63.000000 100.000000 80.000000
V 27.000000 63.000000 30.000000 30.000000
V 592.000000 56.333333 100.000000 80.000000
V 462.000000 69.666667 40.000000 40.000000
V 232.000000 198.000000 100.000000 80.000000
V 362.000000 211.333333 40.000000 40.000000
V 472.000000 218.000000 100.000000 80.000000
V 232.000000 63.000000 30.000000 30.000000
V 832.000000 218.000000 100.000000 80.000000
V 916.000000 218.000000 28.000000 28.000000
V 507.000000 143.000000 30.000000 30.000000
V 592.000000 156.333333 100.000000 80.000000
V 712.000000 156.333333 100.000000 80.000000
V 796.000000 143.000000 28.000000 28.000000
E 2 0
E 0 8
E 1 4
E 8 1
E 4 3
E 3 5
E 6 4
E 5 6
E 6 7
E 7 9
E 7 12
E 9 10
E 13 9
E 11 12
E 12 13
E 13 14
G 1007769308.json 19 22
V 217.000000 56.166667 30.000000 30.000000
V 296.000000 65.333333 88.000000 55.000000
V 420.000000 65.333333 100.000000 80.000000
V 540.000000 52.000000 100.000000 80.000000
V 32.000000 287.000000 40.000000 40.000000
V 122.000000 293.666667 100.000000 80.000000
V 212.000000 293.666667 40.000000 40.000000
V 308.000000 300.333333 40.000000 40.000000
V 428.333333 310.333333 50.000000 40.000000
V 635.000000 310.333333 50.000000 40.000000
V 705.000000 317.000000 50.000000 40.000000
V 395.000000 145.333333 50.000000 40.000000
V 430.000000 205.333333 40.000000 40.000000
V 550.000000 212.000000 40.000000 40.000000
V 703.333333 212.000000 40.000000 40.000000
V 775.000000 212.000000 50.000000 40.000000
V 635.000000 175.333333 50.000000 40.000000
V 834.000000 207.333333 28.000000 28.000000
V 540.000000 279.500000 100.000000 55.000000
E 0 1
E 1 2
E 6 1
E 2 3
E 3 4
E 4 5
E 5 6
E 6 7
E 7 8
E 7 11
E 7 12
E 8 9
E 8 18
E 9 10
E 13 9
E 9 14
E 12 13
E 12 16
E 13 14
E 14 15
E 15 17
E 16 17
G 1008414191.json 15 15
V 376.750000 56.333333 116.500000 80.000000
V 1544.831998 63.000000 100.000000 80.000000
V 595.000000 56.333333 40.000000 40.000000
V 1634.831998 56.333333 40.000000 40.000000
V 1688.831998 56.333333 28.000000 28.000000
V 505.000000 56.333333 100.000000 80.000000
V 1139.577999 63.000000 100.000000 80.000000
V 1282.204999 63.000000 145.253999 80.000000
V 1424.831998 63.000000 100.000000 80.000000
V 27.000000 56.333333 30.000000 30.000000
V 240.250000 56.333333 116.500000 80.000000
V 112.000000 56.333333 100.000000 80.000000
V 996.951000 63.000000 145.253999 80.000000
V 841.993000 63.000000 124.662000 80.000000
V 697.331000 63.000000 124.662000 80.000000
E 0 5
E 10 0
E 1 3
E 8 1
E 2 3
E 5 2
E 2 14
E 3 4
E 6 7
E 12 6
E 7 8
E 9 11
E 11 10
E 13 12
E 14 13
G 1008690213.json 24 24
V 178.356667 76.000000 30.000000 30.000000
V 361.380000 138.333333 100.000000 80.000000
V 254.035000 151.666667 74.690000 23.795002
V 445.380000 192.000000 28.000000 28.000000
V 259.816667 71.000000 40.000000 40.000000
V 325.380000 64.333333 28.000000 28.000000
V 504.380000 125.000000 146.000000 66.000000
V 71.690000 122.897501 30.000000 30.000000
V 121.690000 81.000000 30.000000 30.000000
V 49.345000 76.000000 74.690000 23.795002
V 361.380000 356.333333 100.000000 80.000000
V 612.380000 52.000000 30.000000 30.000000
V 697.380000 52.000000 100.000000 80.000000
V 781.380000 52.000000 28.000000 28.000000
V 612.380000 363.000000 30.000000 30.000000
V 697.380000 363.000000 100.000000 80.000000
V 781.380000 363.000000 28.000000 28.000000
V 522.046667 356.333333 40.000000 40.000000
V 261.483333 276.333333 30.000000 30.000000
V 254.035000 212.333333 30.000000 30.000000
V 176.690000 219.000000 40.000000 40.000000
V 361.380000 271.333333 100.000000 50.000000
V 325.380000 212.333333 28.000000 28.000000
V 527.380000 47.000000 100.000000 50.000000
E 0 2
E 0 4
E 8 0
E 2 1
E 1 3
E 4 1
U 1 6
E 4 5
E 7 8
E 9 8
E 8 20
E 10 17
E 18 10
E 11 12
E 17 11
U 23 11
E 12 13
E 14 15
E 17 14
E 15 16
E 20 18
U 18 21
E 20 19
E 19 22
G 1008939313.json 26 30
V 196.000000 38.666667 28.000000 28.000000
V 27.000000 52.000000 30.000000 30.000000
V 112.000000 52.000000 100.000000 80.000000
V 1074.000000 144.083333 30.000000 30.000000
V 1263.000000 194.083333 40.000000 40.000000
V 1178.333333 267.416667 40.000000 40.000000
V 1377.000000 274.083333 28.000000 28.000000
V 232.500000 108.916667 99.000000 72.500000
V 352.500000 37.750000 99.000000 49.000000
V 1069.000000 267.416667 40.000000 40.000000
V 875.000000 194.083333 40.000000 40.000000
V 969.666667 274.083333 100.000000 80.000000
V 972.000000 95.583333 114.000000 80.000000
V 1166.000000 144.083333 114.000000 80.000000
V 1293.000000 274.083333 100.000000 80.000000
V 507.000000 284.416667 30.000000 30.000000
V 696.000000 233.416667 40.000000 40.000000
V 611.333333 160.083333 40.000000 40.000000
V 726.000000 153.416667 100.000000 80.000000
V 810.000000 140.083333 28.000000 28.000000
V 599.000000 95.583333 77.000000 49.000000
V 472.000000 108.916667 100.000000 80.000000
V 352.000000 122.250000 100.000000 80.000000
V 599.000000 284.416667 114.000000 80.000000
V 845.500000 287.416667 99.000000 49.000000
V 232.000000 220.083333 100.000000 80.000000
E 2 0
E 1 2
E 2 25
E 3 13
E 5 4
E 4 10
E 13 4
E 9 5
E 5 14
E 14 6
E 7 22
E 12 8
E 8 21
E 11 9
E 12 9
E 10 11
E 10 12
E 24 11
E 20 12
E 15 23
E 17 16
E 23 16
E 16 25
E 17 18
E 21 17
E 18 19
E 18 24
E 21 20
E 22 21
E 25 22
G 1009034808.json 32 32
V 60.875000 212.000000 30.000000 30.000000
V 385.875000 198.666667 100.000000 80.000000
V 505.875000 198.666667 100.000000 80.000000
V 1105.875000 172.000000 100.000000 80.000000
V 1225.875000 172.000000 100.000000 80.000000
V 1345.875000 172.000000 100.000000 80.000000
V 2605.875000 152.000000 100.000000 80.000000
V 2749.875000 145.333333 28.000000 28.000000
V 2605.875000 52.000000 100.000000 80.000000
V 2695.875000 145.333333 40.000000 40.000000
V 145.875000 198.666667 100.000000 80.000000
V 265.875000 198.666667 100.000000 80.000000
V 625.875000 185.333333 100.000000 80.000000
V 745.875000 185.333333 100.000000 80.000000
V 865.875000 172.000000 100.000000 80.000000
V 523.937500 109.693667 63.875000 57.946000
V 763.937500 96.360333 63.875000 57.946000
V 985.875000 172.000000 100.000000 80.000000
V 1465.875000 172.000000 100.000000 80.000000
V 1585.875000 158.666667 100.000000 80.000000
V 1705.875000 158.666667 100.000000 80.000000
V 2185.875000 158.666667 100.000000 80.000000
V 2305.875000 145.333333 100.000000 80.000000
V 2395.875000 145.333333 40.000000 40.000000
V 2485.875000 152.000000 100.000000 80.000000
V 2485.875000 52.000000 100.000000 80.000000
V 43.937500 148.027000 63.875000 57.946000
V 1483.937500 83.027000 63.875000 57.946000
V 2203.937500 69.693667 63.875000 57.946000
V 1825.875000 158.666667 100.000000 80.000000
V 1945.875000 158.666667 100.000000 80.000000
V 2065.875000 158.666667 100.000000 80.000000
E 0 10
E 1 2
E 11 1
E 2 12
E 3 4
E 17 3
E 4 5
E 5 18
E 6 9
E 24 6
E 9 7
E 8 9
E 25 8
E 10 11
U 26 10
E 12 13
U 15 12
E 13 14
U 16 14
E 14 17
E 18 19
E 19 20
U 27 19
E 20 29
E 21 22
E 31 21
E 22 23
U 28 22
E 23 24
E 23 25
E 29 30
E 30 31
G 1009212273.json 15 18
V 552.000000 138.833333 100.000000 80.000000
V 432.000000 58.833333 100.000000 80.000000
V 442.000000 145.500000 40.000000 40.000000
V 650.333333 183.833333 30.000000 30.000000
V 192.000000 208.833333 100.000000 80.000000
V 562.000000 58.833333 40.000000 40.000000
V 312.000000 58.833333 100.000000 80.000000
V 652.000000 58.833333 40.000000 40.000000
V 742.000000 208.833333 100.000000 80.000000
V 347.000000 145.500000 30.000000 30.000000
V 707.000000 58.833333 30.000000 30.000000
V 62.000000 65.500000 100.000000 80.000000
V 432.000000 296.833333 58.000000 67.000000
V 291.000000 253.333333 58.000000 67.000000
V 192.000000 45.500000 58.000000 67.000000
E 2 0
E 0 7
E 1 5
E 6 1
E 2 3
E 9 2
E 5 3
E 3 8
E 4 6
E 8 4
E 4 13
E 5 7
E 14 6
E 7 10
E 12 8
E 11 12
E 13 11
E 11 14
G 1009232864.json 22 24
V 512.000000 239.666667 30.000000 30.000000
V 597.000000 239.666667 100.000000 80.000000
V 1360.000000 77.000000 100.000000 80.000000
V 1445.000000 77.000000 30.000000 30.000000
V 1494.000000 77.000000 28.000000 28.000000
V 1240.000000 77.000000 100.000000 80.000000
V 918.500000 239.666667 503.000000 229.000000
V 74.500000 72.000000 125.000000 80.000000
V 585.333333 157.000000 30.000000 30.000000
V 512.000000 57.000000 30.000000 30.000000
V 597.000000 57.000000 30.000000 30.000000
V 462.000000 57.000000 30.000000 30.000000
V 407.000000 207.000000 40.000000 40.000000
V 841.333333 63.666667 40.000000 40.000000
V 172.000000 58.666667 30.000000 30.000000
V 227.000000 58.666667 40.000000 40.000000
V 317.000000 52.000000 100.000000 80.000000
V 317.000000 152.000000 100.000000 80.000000
V 407.000000 52.000000 28.000000 28.000000
V 407.000000 152.000000 30.000000 30.000000
V 462.000000 152.000000 30.000000 30.000000
V 512.000000 152.000000 28.000000 28.000000
E 0 1
E 1 6
E 2 3
E 5 2
E 3 4
E 6 5
E 13 5
E 7 12
E 7 14
E 12 8
E 8 13
E 21 8
E 9 10
E 11 9
E 10 13
E 12 11
E 18 11
E 14 15
E 15 16
E 15 17
E 16 18
E 17 19
E 19 20
E 20 21
G 1009926561.json 27 28
V 277.000000 256.333333 30.000000 30.000000
V 362.000000 256.333333 100.000000 80.000000
V 602.000000 256.333333 100.000000 80.000000
V 482.000000 256.333333 100.000000 80.000000
V 712.000000 349.666667 40.000000 40.000000
V 842.000000 349.666667 100.000000 80.000000
V 362.000000 356.333333 30.000000 30.000000
V 482.000000 356.333333 100.000000 80.000000
V 602.000000 356.333333 100.000000 80.000000
V 242.000000 163.000000 100.000000 80.000000
V 242.000000 63.000000 100.000000 80.000000
V 352.000000 156.333333 40.000000 40.000000
V 482.000000 156.333333 100.000000 80.000000
V 613.666667 156.333333 30.000000 30.000000
V 142.000000 153.000000 40.000000 40.000000
V 962.000000 349.666667 100.000000 80.000000
V 722.000000 161.333333 100.000000 80.000000
V 852.000000 161.333333 40.000000 40.000000
V 1046.000000 68.000000 28.000000 28.000000
V 962.000000 68.000000 100.000000 80.000000
V 962.000000 168.000000 100.000000 80.000000
V 1052.000000 343.000000 40.000000 40.000000
V 1142.000000 329.666667 100.000000 80.000000
V 687.000000 86.333333 30.000000 30.000000
V 27.000000 356.333333 30.000000 30.000000
V 112.000000 356.333333 100.000000 80.000000
V 242.000000 356.333333 30.000000 30.000000
E 0 1
E 1 3
E 3 2
E 2 4
E 4 5
E 8 4
E 5 15
E 6 7
E 26 6
E 7 8
E 9 11
E 14 9
E 10 11
E 14 10
E 11 12
E 12 13
E 13 16
E 13 23
E 22 14
E 15 21
E 16 17
E 17 19
E 17 20
E 19 18
E 20 21
E 21 22
E 24 25
E 25 26
G 1010632691.json 20 22
V 27.000000 521.306333 30.000000 30.000000
V 112.000000 521.306333 100.000000 80.000000
V 244.000000 268.833333 84.000000 101.000000
V 233.937500 545.306333 63.875000 57.946000
V 254.000000 476.333333 40.000000 40.000000
V 360.000000 483.000000 100.000000 80.000000
V 490.000000 483.000000 40.000000 40.000000
V 992.000000 471.666667 28.000000 28.000000
V 480.000000 352.333333 100.000000 80.000000
V 802.000000 383.000000 40.000000 40.000000
V 908.000000 376.333333 100.000000 80.000000
V 1022.000000 278.860333 88.000000 97.000000
V 570.000000 359.000000 40.000000 40.000000
V 1009.937500 376.333333 63.875000 57.946000
V 660.000000 359.000000 100.000000 80.000000
V 794.000000 60.500000 88.000000 97.000000
V 794.000000 177.500000 88.000000 97.000000
V 794.000000 294.500000 88.000000 97.000000
V 246.000000 387.833333 88.000000 97.000000
V 908.000000 476.333333 100.000000 80.000000
E 0 1
E 1 2
U 1 3
E 1 4
E 1 18
E 4 5
E 4 8
E 5 6
E 6 12
E 6 19
E 10 7
E 19 7
E 8 12
E 9 10
E 14 9
E 9 19
E 10 11
U 10 13
E 12 14
E 14 15
E 14 16
E 14 17
G 101085585.json 15 14
V 27.000000 52.833333 30.000000 30.000000
V 104.300000 52.833333 84.600000 60.000000
V 208.900000 52.833333 84.600000 60.000000
V 307.450000 52.833333 72.500001 60.000000
V 383.700001 52.833333 40.000000 40.000000
V 466.000001 121.166667 84.600000 55.000000
V 466.000001 46.166667 84.600000 55.000000
V 548.300001 46.166667 40.000000 40.000000
V 638.300001 39.500000 100.000000 55.000000
V 638.300001 114.500000 72.500001 55.000000
V 744.550002 114.500000 72.500001 60.000000
V 843.100002 114.500000 84.600000 60.000000
V 955.400002 114.500000 100.000000 80.000000
V 1075.400002 114.500000 100.000000 80.000000
V 1195.400002 114.500000 100.000000 80.000000
E 0 1
E 1 2
E 2 3
E 3 4
E 4 5
E 4 6
E 6 7
E 7 8
E 7 9
E 9 10
E 10 11
E 11 12
E 12 13
E 13 14
G 1011361322.json 23 24
V 572.000000 81.422695 100.000000 50.178724
V 487.000000 161.512057 30.000000 30.000000
V 572.000000 166.512057 100.000000 80.000000
V 657.000000 166.512057 30.000000 30.000000
V 767.000000 123.178724 30.000000 30.000000
V 712.000000 166.512057 40.000000 40.000000
V 816.000000 118.512057 28.000000 28.000000
V 377.000000 166.512057 30.000000 30.000000
V 432.000000 166.512057 30.000000 30.000000
V 767.000000 223.178724 30.000000 30.000000
V 822.000000 216.512057 40.000000 40.000000
V 996.000000 261.845391 28.000000 28.000000
V 912.000000 216.512057 100.000000 80.000000
V 767.000000 173.178724 30.000000 30.000000
V 27.000000 259.845391 30.000000 30.000000
V 112.000000 259.845391 100.000000 80.000000
V 202.000000 259.845391 40.000000 40.000000
V 487.000000 266.512057 30.000000 30.000000
V 377.000000 52.000000 30.000000 30.000000
V 292.000000 266.512057 100.000000 80.000000
V 292.000000 52.000000 100.000000 80.000000
V 657.000000 45.333333 30.000000 30.000000
V 432.000000 52.000000 40.000000 40.000000
U 1 0
E 1 2
E 8 1
E 22 1
E 2 3
E 3 5
E 5 4
E 4 6
E 5 13
E 21 6
E 7 8
E 9 10
E 10 12
E 13 10
E 12 11
E 17 11
E 14 15
E 15 16
E 16 19
E 16 20
E 19 17
E 20 18
E 18 22
E 22 21
G 1011518868.json 27 34
V 27.000000 215.333333 30.000000 30.000000
V 82.000000 215.333333 40.000000 40.000000
V 252.000000 309.666667 100.000000 80.000000
V 142.000000 309.666667 30.000000 30.000000
V 252.000000 208.666667 100.000000 80.000000
V 142.000000 208.666667 30.000000 30.000000
V 392.000000 296.333333 40.000000 40.000000
V 502.000000 289.666667 100.000000 80.000000
V 612.000000 296.333333 40.000000 40.000000
V 712.000000 228.666667 40.000000 40.000000
V 766.000000 228.666667 28.000000 28.000000
V 87.000000 32.000000 30.000000 30.000000
V 382.000000 376.333333 100.000000 80.000000
V 382.000000 171.000000 100.000000 80.000000
V 712.000000 77.666667 40.000000 40.000000
V 802.000000 71.000000 100.000000 80.000000
V 892.000000 77.666667 40.000000 40.000000
V 952.000000 77.666667 40.000000 40.000000
V 1042.000000 71.000000 100.000000 80.000000
V 622.000000 77.666667 100.000000 80.000000
V 382.000000 71.000000 100.000000 80.000000
V 252.000000 71.000000 30.000000 30.000000
V 492.000000 77.666667 40.000000 40.000000
V 1132.000000 77.666667 40.000000 40.000000
V 1246.000000 77.666667 28.000000 28.000000
V 1192.000000 77.666667 40.000000 40.000000
V 142.000000 32.000000 40.000000 40.000000
E 0 1
E 1 3
E 1 5
E 3 2
E 2 6
E 2 12
E 5 4
E 4 9
E 4 13
E 6 7
E 6 8
E 7 8
E 8 9
E 9 10
E 11 26
E 12 25
E 26 12
E 13 22
E 26 13
E 14 15
E 14 16
E 19 14
E 15 16
E 16 17
E 17 18
E 17 23
E 18 23
E 22 19
E 21 20
E 20 22
E 26 21
E 23 25
E 25 24
E 26 25
G 1011606688.json 19 25
V 327.000000 255.333333 150.000000 100.000000
V 327.000000 375.333333 150.000000 100.000000
V 212.000000 262.000000 40.000000 40.000000
V 522.000000 266.000000 40.000000 40.000000
V 327.000000 495.333333 150.000000 100.000000
V 327.000000 615.333333 150.000000 100.000000
V 442.000000 615.333333 40.000000 40.000000
V 442.000000 495.333333 40.000000 40.000000
V 576.000000 508.666667 28.000000 28.000000
V 147.000000 262.000000 30.000000 30.000000
V 327.000000 135.333333 150.000000 100.000000
V 442.000000 52.000000 40.000000 40.000000
V 87.000000 62.000000 150.000000 100.000000
V 212.000000 76.333333 40.000000 40.000000
V 637.000000 62.000000 150.000000 100.000000
V 212.000000 502.000000 40.000000 40.000000
V 522.000000 508.666667 40.000000 40.000000
V 442.000000 262.000000 40.000000 40.000000
V 142.000000 152.000000 40.000000 40.000000
E 2 0
E 0 17
E 2 1
E 1 17
E 9 2
E 6 3
E 7 3
E 11 3
E 3 14
E 17 3
E 4 7
E 15 4
E 5 6
E 15 5
E 6 16
E 7 16
E 16 8
E 13 10
E 10 18
E 11 12
E 13 11
E 14 11
E 12 13
E 18 13
E 18 15
G 1011817112.json 16 15
V 647.500000 100.500000 147.000000 177.000000
V 756.000000 71.000000 30.000000 30.000000
V 491.000000 222.419833 126.000000 100.000000
V 605.000500 239.086500 62.001000 60.173000
V 756.000000 130.000000 30.000000 30.000000
V 539.000000 71.000000 30.000000 30.000000
V 116.000000 179.357333 108.000000 170.000000
V 215.000000 136.857333 30.000000 30.000000
V 215.000000 286.857333 30.000000 30.000000
V 27.000000 179.357333 30.000000 30.000000
V 304.000000 215.732333 108.000000 173.250000
V 393.000000 172.419833 30.000000 30.000000
V 215.000000 186.857333 30.000000 30.000000
V 393.000000 272.419833 30.000000 30.000000
V 215.000000 236.857333 30.000000 30.000000
V 393.000000 222.419833 30.000000 30.000000
E 0 1
E 2 0
E 0 4
E 5 0
U 2 3
E 15 2
E 6 7
E 6 8
E 9 6
E 6 14
E 8 10
E 10 11
E 12 10
E 10 13
E 10 15
G 101213990.json 23 25
V 27.000000 60.333333 30.000000 30.000000
V 112.000000 60.333333 100.000000 80.000000
V 657.000000 52.000000 30.000000 30.000000
V 742.000000 52.000000 100.000000 80.000000
V 862.000000 52.000000 100.000000 80.000000
V 1314.333333 43.666667 30.000000 30.000000
V 1438.000000 57.000000 100.000000 80.000000
V 1558.000000 57.000000 100.000000 80.000000
V 1642.000000 57.000000 28.000000 28.000000
V 197.000000 103.003504 30.000000 30.000000
V 247.000000 103.003504 30.000000 30.000000
V 332.000000 103.003504 100.000000 80.000000
V 452.000000 103.003504 100.000000 80.000000
V 572.000000 181.340341 100.000000 80.000000
V 656.000000 194.673674 28.000000 28.000000
V 976.000000 148.007008 30.000000 30.000000
V 1090.000000 94.670171 100.000000 80.000000
V 1210.000000 94.670171 100.000000 80.000000
V 1294.000000 94.670171 28.000000 28.000000
V 566.000000 89.670170 88.000000 63.340341
V 976.000000 81.336837 88.000000 63.340341
V 1228.062500 183.643170 63.875000 57.946000
V 1324.000000 173.086447 88.000000 63.340341
E 0 1
E 1 2
E 1 9
E 2 3
E 13 2
E 3 4
E 4 5
E 4 15
E 5 6
E 17 5
E 6 7
E 22 6
E 7 8
E 9 10
E 10 11
E 11 12
E 12 13
E 12 19
E 13 14
E 15 16
E 16 17
E 20 16
E 17 18
E 17 22
U 21 22
G 1012220286.json 35 41
V 27.000000 159.333333 30.000000 30.000000
V 112.000000 159.333333 100.000000 80.000000
V 197.000000 159.333333 30.000000 30.000000
V 467.000000 57.000000 30.000000 30.000000
V 552.000000 57.000000 100.000000 80.000000
V 637.000000 57.000000 30.000000 30.000000
V 1947.000000 57.000000 30.000000 30.000000
V 2032.000000 93.666667 100.000000 80.000000
V 2117.000000 93.666667 30.000000 30.000000
V 332.000000 52.000000 100.000000 80.000000
V 772.000000 52.000000 100.000000 80.000000
V 2166.000000 88.666667 28.000000 28.000000
V 1947.000000 107.000000 30.000000 30.000000
V 332.000000 164.333333 100.000000 80.000000
V 247.000000 164.333333 30.000000 30.000000
V 417.000000 164.333333 30.000000 30.000000
V 687.000000 164.333333 30.000000 30.000000
V 772.000000 164.333333 100.000000 80.000000
V 552.000000 169.333333 100.000000 80.000000
V 1672.000000 157.666667 100.000000 80.000000
V 1792.000000 157.666667 100.000000 80.000000
V 1877.000000 157.666667 30.000000 30.000000
V 2347.000000 169.333333 30.000000 30.000000
V 2432.000000 201.833333 100.000000 80.000000
V 1877.000000 207.666667 30.000000 30.000000
V 2202.000000 162.666667 100.000000 80.000000
V 2292.000000 162.666667 40.000000 40.000000
V 2346.000000 120.333333 28.000000 28.000000
V 892.000000 164.333333 100.000000 80.000000
V 1012.000000 164.333333 100.000000 80.000000
V 1222.000000 164.333333 40.000000 40.000000
V 1312.000000 121.000000 100.000000 80.000000
V 1432.000000 157.666667 100.000000 80.000000
V 1132.000000 164.333333 100.000000 80.000000
V 1552.000000 157.666667 100.000000 80.000000
E 0 1
E 1 2
E 2 9
E 2 14
E 3 4
E 9 3
E 15 3
E 4 5
E 5 10
E 5 16
E 6 7
E 10 6
E 21 6
E 7 8
E 12 7
E 8 11
E 8 25
E 24 12
E 14 13
E 13 15
E 15 18
E 16 17
E 18 16
E 17 28
E 19 20
E 34 19
E 20 21
E 21 25
E 22 23
E 26 22
E 23 24
E 24 25
E 25 26
E 26 27
E 28 29
E 29 33
E 30 31
E 30 32
E 33 30
E 31 32
E 32 34
G 1013254127.json 34 40
V 774.179289 315.333333 100.000000 80.000000
V 1274.179289 322.000000 100.000000 80.000000
V 1394.179289 322.000000 100.000000 80.000000
V 1484.179289 315.333333 40.000000 40.000000
V 1574.179289 315.333333 100.000000 80.000000
V 1694.179289 315.333333 100.000000 80.000000
V 540.179289 176.833333 88.000000 97.000000
V 232.000000 372.238750 100.000000 80.000000
V 331.452859 288.666667 40.000000 40.000000
V 654.179289 235.333333 100.000000 80.000000
V 894.179289 315.333333 100.000000 80.000000
V 1134.179289 328.666667 40.000000 40.000000
V 329.089645 385.572083 54.179289 79.086500
V 407.179789 398.753167 62.001000 60.173000
V 426.179289 308.666667 100.000000 80.000000
V 548.179289 308.666667 40.000000 40.000000
V 1274.179289 175.333333 100.000000 80.000000
V 1394.179289 175.333333 100.000000 80.000000
V 654.179289 315.333333 40.000000 40.000000
V 27.000000 358.905417 30.000000 30.000000
V 112.000000 358.905417 100.000000 80.000000
V 196.000000 298.238750 28.000000 28.000000
V 979.179289 242.000000 30.000000 30.000000
V 1034.179289 242.000000 40.000000 40.000000
V 1124.179289 248.666667 100.000000 80.000000
V 1124.179289 148.666667 100.000000 80.000000
V 1274.179289 52.000000 100.000000 80.000000
V 1384.179289 95.333333 40.000000 40.000000
V 1574.179289 95.333333 100.000000 80.000000
V 1814.179289 302.000000 100.000000 80.000000
V 1729.179289 70.333333 30.000000 30.000000
V 1814.179289 70.333333 100.000000 80.000000
V 1904.179289 295.333333 40.000000 40.000000
V 1958.179289 295.333333 28.000000 28.000000
E 0 10
E 18 0
E 1 2
E 11 1
E 24 1
E 2 3
E 3 4
E 17 3
E 4 5
E 5 29
E 6 9
E 7 8
E 7 12
E 20 7
E 9 8
E 8 14
E 15 9
E 10 11
E 10 22
E 11 16
U 12 13
E 12 14
E 14 15
E 15 18
E 16 17
E 25 16
E 19 20
E 20 21
E 22 23
E 23 24
E 23 25
E 24 27
E 25 26
E 26 27
E 27 28
E 28 29
E 29 32
E 30 31
E 31 32
E 32 33
G 1013385050.json 16 17
V 27.000000 207.000000 30.000000 30.000000
V 112.000000 207.000000 100.000000 80.000000
V 1012.000000 207.000000 100.000000 80.000000
V 1102.000000 207.000000 40.000000 40.000000
V 1192.000000 113.666667 100.000000 80.000000
V 1192.000000 213.666667 100.000000 80.000000
V 147.000000 132.000000 30.000000 30.000000
V 232.000000 145.333333 100.000000 80.000000
V 592.000000 145.333333 100.000000 80.000000
V 682.000000 145.333333 40.000000 40.000000
V 772.000000 152.000000 100.000000 80.000000
V 472.000000 145.333333 100.000000 80.000000
V 772.000000 52.000000 100.000000 80.000000
V 892.000000 138.666667 100.000000 80.000000
V 976.000000 125.333333 28.000000 28.000000
V 352.000000 145.333333 100.000000 80.000000
E 0 1
E 1 2
E 1 7
E 2 3
E 13 2
E 3 4
E 3 5
E 6 7
E 7 15
E 8 9
E 11 8
E 9 10
E 9 12
E 10 13
E 15 11
E 12 13
E 13 14
G 1013472006.json 18 17
V 27.000000 102.833333 30.000000 30.000000
V 112.000000 102.833333 100.000000 80.000000
V 1151.000000 120.000000 100.000000 80.000000
V 1235.000000 120.000000 28.000000 28.000000
V 231.500000 93.333333 99.000000 57.000000
V 350.500000 93.333333 99.000000 57.000000
V 469.500000 93.333333 99.000000 56.000000
V 559.000000 93.333333 40.000000 40.000000
V 613.000000 26.000000 28.000000 28.000000
V 642.000000 100.000000 86.000000 80.000000
V 1031.000000 106.666667 100.000000 80.000000
V 147.000000 27.833333 30.000000 30.000000
V 1115.000000 46.000000 28.000000 28.000000
V 804.000000 100.000000 98.000000 80.000000
V 893.000000 100.000000 40.000000 40.000000
V 947.000000 58.666667 28.000000 28.000000
V 720.000000 100.000000 30.000000 30.000000
V 947.000000 106.666667 28.000000 28.000000
E 0 1
E 1 4
E 2 3
E 10 2
E 4 5
E 11 4
E 5 6
E 6 7
E 7 8
E 7 9
E 9 16
E 10 12
E 17 10
E 13 14
E 16 13
E 14 15
E 14 17
G 1013962777.json 27 29
V 302.000000 412.000000 100.000000 80.000000
V 482.000000 418.666667 100.000000 80.000000
V 662.000000 152.000000 100.000000 80.000000
V 392.000000 412.000000 40.000000 40.000000
V 662.000000 412.000000 100.000000 80.000000
V 752.000000 145.333333 40.000000 40.000000
V 482.000000 145.333333 100.000000 80.000000
V 572.000000 145.333333 40.000000 40.000000
V 662.000000 52.000000 100.000000 80.000000
V 572.000000 412.000000 40.000000 40.000000
V 482.000000 318.666667 100.000000 80.000000
V 122.000000 412.000000 100.000000 80.000000
V 32.000000 412.000000 40.000000 40.000000
V 212.000000 412.000000 40.000000 40.000000
V 902.000000 418.666667 100.000000 80.000000
V 902.000000 318.666667 100.000000 80.000000
V 1202.000000 405.333333 100.000000 80.000000
V 1292.000000 398.666667 40.000000 40.000000
V 1466.000000 398.666667 28.000000 28.000000
V 782.000000 225.333333 100.000000 80.000000
V 912.000000 238.666667 40.000000 40.000000
V 1022.000000 245.333333 100.000000 80.000000
V 792.000000 412.000000 40.000000 40.000000
V 1112.000000 405.333333 40.000000 40.000000
V 1382.000000 398.666667 100.000000 80.000000
V 1012.000000 412.000000 40.000000 40.000000
V 1022.000000 145.333333 100.000000 80.000000
E 0 3
E 13 0
E 3 1
E 1 9
E 2 5
E 7 2
E 3 6
E 9 4
E 4 22
E 8 5
E 6 7
E 7 8
E 10 9
E 12 11
E 11 13
E 22 14
E 14 25
E 22 15
E 15 25
E 16 17
E 23 16
E 17 19
E 17 24
E 24 18
E 19 20
E 20 21
E 20 26
E 25 23
E 26 23
G 1014071243.json 24 25
V 27.000000 72.000000 30.000000 30.000000
V 112.000000 72.000000 100.000000 80.000000
V 202.000000 72.000000 40.000000 40.000000
V 292.000000 65.333333 100.000000 80.000000
V 412.000000 180.333333 100.000000 80.000000
V 652.000000 180.333333 100.000000 80.000000
V 423.666667 65.333333 30.000000 30.000000
V 912.000000 62.000000 40.000000 40.000000
V 532.000000 145.333333 100.000000 50.000000
V 1002.000000 62.000000 100.000000 80.000000
V 532.000000 60.333333 100.000000 80.000000
V 652.000000 60.333333 100.000000 80.000000
V 822.000000 55.333333 100.000000 80.000000
V 737.000000 60.333333 30.000000 30.000000
V 1192.000000 52.000000 100.000000 80.000000
V 822.000000 140.333333 100.000000 50.000000
V 1092.000000 62.000000 40.000000 40.000000
V 1192.000000 152.000000 100.000000 80.000000
V 1312.000000 227.000000 100.000000 80.000000
V 1312.000000 152.000000 30.000000 30.000000
V 1312.000000 52.000000 30.000000 30.000000
V 1432.000000 52.000000 100.000000 50.000000
V 1422.000000 158.666667 40.000000 40.000000
V 1552.000000 158.666667 100.000000 80.000000
E 0 1
E 1 2
E 2 3
E 2 4
E 3 6
E 4 5
E 5 7
U 6 8
E 6 10
E 7 9
E 12 7
E 9 16
E 10 11
E 11 13
E 13 12
U 13 15
E 16 14
E 14 20
E 16 17
E 16 18
E 17 19
E 18 22
E 19 22
U 20 21
E 22 23
G 101435818.json 23 27
V 327.000000 178.000000 30.000000 30.000000
V 412.000000 178.000000 100.000000 80.000000
V 789.000000 140.500000 40.000000 40.000000
V 27.000000 303.166667 30.000000 30.000000
V 322.000000 54.000000 40.000000 40.000000
V 400.333333 103.000000 30.000000 30.000000
V 844.000000 317.333333 30.000000 30.000000
V 502.000000 171.333333 40.000000 40.000000
V 592.000000 140.500000 100.000000 55.000000
V 705.500000 140.500000 87.000000 55.000000
V 893.000000 317.333333 28.000000 28.000000
V 87.000000 310.666667 30.000000 30.000000
V 172.000000 310.666667 100.000000 80.000000
V 262.000000 310.666667 40.000000 40.000000
V 323.666667 317.333333 30.000000 30.000000
V 376.000000 273.333333 28.000000 28.000000
V 322.000000 108.000000 28.000000 28.000000
V 412.000000 322.333333 30.000000 30.000000
V 502.000000 322.333333 40.000000 40.000000
V 592.000000 329.000000 100.000000 80.000000
V 592.000000 229.000000 100.000000 80.000000
V 789.000000 322.333333 28.000000 28.000000
V 697.666667 322.333333 40.000000 40.000000
E 0 1
E 1 7
E 2 3
E 7 2
E 9 2
E 3 4
E 3 11
E 4 5
E 4 6
E 5 7
E 16 5
E 6 10
E 21 6
E 7 8
E 8 9
E 11 12
E 12 13
E 13 14
E 13 16
E 14 15
E 14 17
E 17 18
E 18 19
E 18 20
E 19 22
E 20 22
E 22 21
G 1014461262.json 15 23
V 27.000000 326.086500 30.000000 30.000000
V 232.000000 142.000000 100.000000 80.000000
V 352.000000 155.333333 100.000000 80.000000
V 721.501000 286.000000 100.000000 80.000000
V 112.000000 326.086500 100.000000 80.000000
V 604.600800 182.000000 40.000000 40.000000
V 838.401200 168.666667 40.000000 40.000000
V 721.501000 85.000000 125.000000 80.000000
V 725.667667 186.000000 100.000000 80.000000
V 958.502000 168.666667 125.000000 80.000000
V 1075.002000 182.000000 28.000000 28.000000
V 1092.002500 67.368595 62.001000 60.173000
V 845.001500 289.304500 62.001000 60.173000
V 598.000500 299.333333 62.001000 60.173000
V 484.500000 168.666667 125.000000 80.000000
E 0 4
E 1 2
E 4 1
U 1 11
U 2 11
E 2 14
E 5 3
E 3 6
E 3 12
E 13 3
U 4 11
E 5 6
E 5 7
E 5 8
E 14 5
E 7 6
E 8 6
E 6 9
E 7 11
U 8 12
E 9 10
U 9 11
U 14 11
G 1014610976.json 24 24
V 1225.875000 126.000000 100.000000 80.000000
V 1309.875000 126.000000 28.000000 28.000000
V 27.000000 58.666667 30.000000 30.000000
V 112.000000 58.666667 100.000000 80.000000
V 232.000000 58.666667 100.000000 80.000000
V 352.000000 58.666667 100.000000 80.000000
V 532.000000 52.000000 100.000000 80.000000
V 1095.875000 72.000000 100.000000 80.000000
V 993.937500 127.639667 63.875000 57.946000
V 1189.875000 52.000000 28.000000 28.000000
V 442.000000 58.666667 40.000000 40.000000
V 532.000000 154.306333 100.000000 80.000000
V 892.000000 232.252333 100.000000 80.000000
V 989.958333 58.666667 40.000000 40.000000
V 633.937500 140.973000 63.875000 57.946000
V 652.000000 52.000000 100.000000 80.000000
V 772.000000 52.000000 100.000000 80.000000
V 892.000000 52.000000 100.000000 80.000000
V 652.000000 307.892000 100.000000 80.000000
V 772.000000 232.252333 100.000000 80.000000
V 550.062500 321.225333 63.875000 57.946000
V 1225.875000 226.000000 100.000000 80.000000
V 670.062500 218.919000 63.875000 57.946000
V 1309.875000 226.000000 28.000000 28.000000
E 0 1
E 7 0
E 2 3
E 3 4
E 4 5
E 5 10
E 10 6
E 6 15
U 8 7
E 7 9
E 13 7
E 7 21
E 10 11
U 11 14
E 11 18
E 12 13
E 19 12
E 17 13
E 15 16
E 16 17
E 18 19
U 20 18
U 22 19
E 21 23
G 1014684167.json 23 24
V 82.000000 68.666667 40.000000 40.000000
V 27.000000 68.666667 30.000000 30.000000
V 182.000000 258.666667 100.000000 80.000000
V 302.000000 52.000000 100.000000 80.000000
V 302.000000 152.000000 100.000000 80.000000
V 182.000000 458.666667 100.000000 80.000000
V 192.000000 58.666667 40.000000 40.000000
V 422.000000 352.000000 100.000000 80.000000
V 422.000000 252.000000 100.000000 80.000000
V 422.000000 552.000000 100.000000 80.000000
V 312.000000 258.666667 40.000000 40.000000
V 312.000000 458.666667 40.000000 40.000000
V 422.000000 452.000000 100.000000 80.000000
V 422.000000 52.000000 100.000000 80.000000
V 422.000000 152.000000 100.000000 80.000000
V 542.000000 265.333333 100.000000 80.000000
V 542.000000 52.000000 100.000000 80.000000
V 542.000000 152.000000 100.000000 80.000000
V 542.000000 465.333333 100.000000 80.000000
V 662.000000 265.333333 100.000000 80.000000
V 662.000000 52.000000 100.000000 80.000000
V 662.000000 152.000000 100.000000 80.000000
V 662.000000 465.333333 100.000000 80.000000
E 1 0
E 0 2
E 0 5
E 0 6
E 2 10
E 6 3
E 3 13
E 6 4
E 4 14
E 5 11
E 10 7
E 7 15
E 10 8
E 8 15
E 11 9
E 9 18
E 11 12
E 12 18
E 13 16
E 14 17
E 15 19
E 16 20
E 17 21
E 18 22
G 1014787172.json 21 24
V 112.000000 271.019471 100.000000 80.000000
V 27.000000 271.019471 30.000000 30.000000
V 832.000000 58.666667 100.000000 80.000000
V 962.000000 58.666667 40.000000 40.000000
V 1276.000000 152.000000 28.000000 28.000000
V 232.000000 271.019471 100.000000 80.000000
V 712.000000 72.000000 100.000000 80.000000
V 352.000000 257.686138 100.000000 80.000000
V 472.000000 257.686138 100.000000 80.000000
V 592.000000 244.352804 100.000000 80.000000
V 832.000000 307.732609 100.000000 80.000000
V 952.000000 307.732609 100.000000 80.000000
V 832.000000 152.000000 63.875000 57.946000
V 722.000000 231.019471 40.000000 40.000000
V 1072.000000 152.000000 100.000000 80.000000
V 832.000000 224.352805 76.615395 46.759609
V 1156.000000 52.000000 28.000000 28.000000
V 1072.000000 52.000000 100.000000 80.000000
V 702.968750 321.065942 63.875000 57.946000
V 952.000000 165.333333 100.000000 80.000000
V 1192.000000 152.000000 100.000000 80.000000
E 1 0
E 0 5
E 2 3
E 6 2
E 3 14
E 3 17
E 20 4
E 5 7
E 5 18
U 6 12
E 7 8
E 8 9
E 8 18
E 9 13
E 9 18
E 10 11
E 13 10
E 18 10
U 12 19
E 13 15
E 19 14
E 14 20
E 15 19
E 17 16
G 1015232874.json 15 15
V 27.000000 87.500000 30.000000 30.000000
V 112.000000 87.500000 100.000000 80.000000
V 232.000000 87.500000 100.000000 80.000000
V 322.000000 87.500000 40.000000 40.000000
V 376.000000 26.000000 28.000000 28.000000
V 405.000000 87.500000 86.000000 55.000000
V 654.000000 144.833333 40.000000 40.000000
V 488.000000 87.500000 40.000000 40.000000
V 571.000000 144.833333 86.000000 60.000000
V 542.000000 80.833333 28.000000 28.000000
V 714.000000 97.500000 40.000000 40.000000
V 768.000000 30.166667 28.000000 28.000000
V 904.000000 104.166667 28.000000 28.000000
V 708.000000 151.500000 28.000000 28.000000
V 812.000000 104.166667 116.000000 80.000000
E 0 1
E 1 2
E 2 3
E 3 4
E 3 5
E 3 8
E 5 7
E 8 6
E 6 10
E 6 13
E 7 8
E 7 9
E 10 11
E 10 14
E 14 12
G 1015236059.json 18 21
V 214.467000 60.750000 88.000000 67.000000
V 739.801500 182.273964 88.467000 71.440631
V 824.035000 182.273964 40.000000 40.000000
V 1195.303000 107.583333 88.000000 67.000000
V 923.352000 90.833333 118.634000 71.440631
V 1061.986000 182.273964 118.634000 71.440631
V 106.233500 60.750000 88.467000 67.000000
V 298.467000 60.750000 40.000000 40.000000
V 631.334500 182.273964 88.467000 67.000000
V 358.467000 54.083333 40.000000 40.000000
V 457.784000 171.107298 118.634000 67.000000
V 457.784000 47.416667 118.634000 67.000000
V 552.101000 171.107298 30.000000 30.000000
V 1286.836000 48.375000 55.066001 72.750000
V 1273.303000 118.750000 28.000000 28.000000
V 27.000000 60.750000 30.000000 30.000000
V 551.101000 61.250000 28.000000 28.000000
V 1061.986000 90.833333 106.634000 71.440631
E 6 0
E 0 7
E 1 2
E 8 1
E 2 3
E 2 4
E 2 5
E 5 3
E 3 13
E 3 14
E 17 3
E 4 17
E 15 6
E 7 8
E 7 9
E 12 8
E 9 10
E 9 11
E 10 12
E 11 13
E 11 16
G 1015776274.json 35 37
V 191.333333 184.666667 40.000000 40.000000
V 431.503046 156.932250 158.149001 84.271000
V 421.032463 401.952309 144.417928 87.769118
V 201.500000 46.166667 69.000000 55.000000
V 204.000000 119.166667 64.000000 51.000000
V 184.500000 710.382531 103.000000 59.000000
V 179.000000 381.842064 114.000000 68.000000
V 196.500000 566.342064 79.000000 61.000000
V 27.000000 469.175397 30.000000 30.000000
V 611.006093 322.781969 28.000000 28.000000
V 82.000000 469.175397 40.000000 40.000000
V 172.000000 475.842064 100.000000 80.000000
V 953.726428 88.208503 134.000000 47.000000
V 1088.097604 158.932250 28.000000 28.000000
V 701.866260 156.932250 30.000000 30.000000
V 846.726428 156.932250 40.000000 40.000000
V 953.726428 163.598917 117.958490 63.780828
V 1301.839955 482.122649 126.000000 80.000000
V 1398.839955 495.455982 28.000000 28.000000
V 1203.839955 158.932250 30.000000 30.000000
V 1203.839955 495.455982 30.000000 30.000000
V 1104.783191 495.455982 28.000000 28.000000
V 701.866260 482.122649 30.000000 30.000000
V 846.726428 482.122649 30.000000 30.000000
V 959.393095 482.122649 100.000000 80.000000
V 1090.726428 80.375169 100.000000 50.000000
V 701.866260 76.360567 209.720335 91.143366
V 336.000000 244.067750 100.000000 50.000000
V 675.733954 401.952309 157.455723 90.340680
V 360.500000 313.567750 149.000000 49.000000
V 431.503046 720.215865 291.006093 132.331362
V 357.440193 576.508731 142.880386 115.082906
V 1104.783191 398.290435 128.113527 126.331094
V 1434.839955 436.455982 100.000000 50.000000
V 336.000000 37.000000 100.000000 50.000000
E 0 1
E 0 2
E 10 0
E 3 1
E 4 1
E 1 9
E 1 14
U 1 26
E 5 2
E 6 2
E 7 2
E 2 9
E 2 22
U 2 28
U 3 34
U 4 27
U 5 30
U 6 29
U 7 31
E 8 10
E 10 11
E 12 13
E 15 12
U 12 25
E 16 13
E 13 19
E 14 15
E 15 16
E 17 18
E 19 17
E 20 17
U 17 33
E 21 20
E 24 21
E 22 23
E 23 24
U 24 32
G 101642429.json 25 29
V 197.000000 73.666667 30.000000 30.000000
V 282.000000 73.666667 100.000000 40.000000
V 372.000000 73.666667 40.000000 40.000000
V 462.000000 178.666667 100.000000 40.000000
V 593.666667 178.666667 30.000000 30.000000
V 762.000000 202.000000 100.000000 58.000000
V 853.666667 202.000000 30.000000 30.000000
V 666.000000 173.666667 28.000000 28.000000
V 473.666667 67.000000 30.000000 30.000000
V 962.000000 272.000000 100.000000 80.000000
V 1046.000000 258.666667 28.000000 28.000000
V 762.000000 113.000000 100.000000 80.000000
V 853.666667 113.000000 30.000000 30.000000
V 1063.000500 322.753167 62.001000 60.173000
V 962.000000 118.000000 100.000000 80.000000
V 582.000000 119.666667 100.000000 40.000000
V 672.000000 119.666667 40.000000 40.000000
V 112.000000 38.666667 100.000000 40.000000
V 27.000000 38.666667 30.000000 30.000000
V 852.000000 32.000000 40.000000 40.000000
V 944.500000 197.000000 30.000000 30.000000
V 944.500000 32.833333 30.000000 30.000000
V 1202.000000 39.500000 100.000000 40.000000
V 1286.000000 39.500000 28.000000 28.000000
V 1082.000000 39.500000 100.000000 40.000000
E 0 1
E 17 0
E 1 2
E 2 3
E 2 8
E 3 4
E 4 7
E 4 20
E 5 6
E 16 5
E 6 9
E 6 20
E 8 15
E 8 21
E 9 10
E 9 13
E 11 12
E 16 11
E 12 14
E 12 21
E 15 16
E 18 17
E 17 19
E 19 20
E 19 21
E 20 24
E 21 24
E 22 23
E 24 22
G 1016751564.json 35 39
V 330.000000 65.333333 100.000000 80.000000
V 245.000000 65.333333 30.000000 30.000000
V 420.000000 65.333333 40.000000 40.000000
V 510.000000 58.666667 100.000000 80.000000
V 1280.000000 58.666667 100.000000 80.000000
V 474.000000 132.666667 28.000000 28.000000
V 690.000000 152.000000 100.000000 80.000000
V 780.000000 152.000000 40.000000 40.000000
V 920.000000 145.333333 30.000000 30.000000
V 835.000000 220.333333 30.000000 30.000000
V 920.000000 220.333333 100.000000 80.000000
V 1030.000000 152.000000 40.000000 40.000000
V 600.000000 58.666667 40.000000 40.000000
V 1150.000000 58.666667 40.000000 40.000000
V 1400.000000 58.666667 100.000000 80.000000
V 690.000000 52.000000 100.000000 80.000000
V 1040.000000 52.000000 100.000000 80.000000
V 835.000000 95.333333 30.000000 30.000000
V 910.000000 52.000000 40.000000 40.000000
V 835.000000 45.333333 30.000000 30.000000
V 780.000000 52.000000 40.000000 40.000000
V 1520.000000 58.666667 100.000000 80.000000
V 1820.000000 98.666667 100.000000 80.000000
V 1904.000000 98.666667 28.000000 28.000000
V 1610.000000 58.666667 40.000000 40.000000
V 1675.000000 148.666667 30.000000 30.000000
V 1675.000000 98.666667 30.000000 30.000000
V 1675.000000 48.666667 30.000000 30.000000
V 1730.000000 98.666667 40.000000 40.000000
V 27.000000 65.333333 30.000000 30.000000
V 112.000000 65.333333 100.000000 80.000000
V 196.000000 65.333333 28.000000 28.000000
V 1040.000000 233.666667 30.000000 30.000000
V 1160.000000 233.666667 100.000000 80.000000
V 1244.000000 233.666667 28.000000 28.000000
E 1 0
E 0 2
E 31 1
E 2 3
E 2 5
E 3 12
E 13 4
E 4 14
E 6 7
E 12 6
E 7 8
E 7 9
E 8 11
E 9 10
E 10 11
E 10 32
E 11 13
E 12 15
E 16 13
E 14 21
E 15 20
E 18 16
E 17 18
E 20 17
E 19 18
E 20 19
E 21 24
E 22 23
E 28 22
E 24 25
E 24 26
E 24 27
E 25 28
E 26 28
E 27 28
E 29 30
E 30 31
E 32 33
E 33 34
G 1017507635.json 16 19
V 246.000000 94.666667 100.000000 80.000000
V 366.000000 94.666667 100.000000 80.000000
V 496.000000 94.666667 100.000000 80.000000
V 119.000000 57.000000 114.000000 80.000000
V 27.000000 57.000000 30.000000 30.000000
V 767.000000 59.500000 100.000000 80.000000
V 851.000000 59.500000 28.000000 28.000000
V 631.500000 59.500000 131.000000 95.000000
V 496.000000 264.666667 100.000000 80.000000
V 631.500000 186.333333 40.000000 40.000000
V 767.000000 304.666667 100.000000 60.000000
V 887.000000 179.666667 100.000000 80.000000
V 496.000000 179.666667 100.000000 50.000000
V 1007.000000 304.666667 100.000000 80.000000
V 396.000000 314.666667 40.000000 40.000000
V 767.000000 179.666667 100.000000 60.000000
E 0 1
E 3 0
E 1 2
E 1 8
E 2 7
E 14 2
E 4 3
E 3 7
E 5 6
E 7 5
E 8 9
E 9 10
U 12 9
E 9 15
E 10 13
E 14 10
E 11 13
E 15 11
E 13 14
G 1017657322.json 28 29
V 232.000000 72.000000 100.000000 80.000000
V 147.000000 77.000000 30.000000 30.000000
V 352.000000 72.000000 100.000000 80.000000
V 472.000000 72.000000 100.000000 80.000000
V 602.000000 58.666667 40.000000 40.000000
V 712.000000 52.000000 100.000000 80.000000
V 712.000000 152.000000 100.000000 80.000000
V 832.000000 152.000000 40.000000 40.000000
V 952.000000 152.000000 100.000000 80.000000
V 1036.000000 152.000000 28.000000 28.000000
V 147.000000 274.666667 30.000000 30.000000
V 352.000000 252.000000 100.000000 80.000000
V 232.000000 269.666667 40.000000 40.000000
V 62.000000 365.333333 100.000000 80.000000
V 472.000000 252.000000 100.000000 80.000000
V 592.000000 238.666667 100.000000 80.000000
V 722.000000 238.666667 40.000000 40.000000
V 832.000000 332.000000 100.000000 80.000000
V 832.000000 232.000000 100.000000 80.000000
V 942.000000 238.666667 40.000000 40.000000
V 1072.000000 238.666667 100.000000 80.000000
V 1156.000000 238.666667 28.000000 28.000000
V 147.000000 365.333333 30.000000 30.000000
V 232.000000 352.000000 100.000000 80.000000
V 352.000000 352.000000 100.000000 80.000000
V 472.000000 352.000000 100.000000 80.000000
V 592.000000 352.000000 100.000000 80.000000
V 676.000000 352.000000 28.000000 28.000000
E 1 0
E 0 2
E 1 11
E 2 3
E 3 4
E 3 15
E 4 5
E 4 6
E 6 7
E 7 8
E 8 9
E 10 12
E 10 23
E 12 11
E 11 14
E 13 22
E 14 15
E 15 16
E 16 17
E 16 18
E 17 19
E 18 19
E 19 20
E 20 21
E 22 23
E 23 24
E 24 25
E 25 26
E 26 27
G 1018291356.json 18 19
V 112.000000 273.000000 100.000000 80.000000
V 242.000000 273.000000 40.000000 40.000000
V 352.000000 366.333333 100.000000 80.000000
V 352.000000 266.333333 100.000000 80.000000
V 472.000000 366.333333 100.000000 80.000000
V 712.000000 359.666667 100.000000 80.000000
V 802.000000 108.666667 40.000000 40.000000
V 232.000000 72.000000 100.000000 80.000000
V 472.000000 166.333333 100.000000 80.000000
V 1036.000000 58.666667 28.000000 28.000000
V 362.000000 58.666667 40.000000 40.000000
V 712.000000 52.000000 100.000000 80.000000
V 952.000000 58.666667 100.000000 80.000000
V 862.000000 58.666667 40.000000 40.000000
V 582.000000 359.666667 40.000000 40.000000
V 27.000000 273.000000 30.000000 30.000000
V 592.000000 153.000000 100.000000 80.000000
V 472.000000 266.333333 100.000000 80.000000
E 0 1
E 15 0
E 1 2
E 1 3
E 2 4
E 3 17
E 4 14
E 5 6
E 14 5
E 6 7
E 6 13
E 7 10
E 10 8
E 8 14
E 8 16
E 12 9
E 10 11
E 11 13
E 13 12
G 1018819034.json 20 22
V 614.000000 185.666667 100.000000 80.000000
V 721.000000 118.000000 74.000000 42.000000
V 386.000000 185.666667 100.000000 80.000000
V 291.000000 205.666667 30.000000 42.000000
V 500.000000 199.000000 88.000000 42.000000
V 269.000000 137.166667 74.000000 55.000000
V 508.000000 69.666667 40.000000 40.000000
V 614.000000 63.000000 100.000000 80.000000
V 1094.000000 198.987056 100.000000 80.077666
V 269.000000 74.666667 30.000000 30.000000
V 734.000000 63.000000 28.000000 28.000000
V 734.000000 199.000000 100.000000 80.000000
V 854.000000 199.000000 100.000000 80.000000
V 974.000000 181.333333 61.000000 42.000000
V 27.000000 69.666667 30.000000 30.000000
V 1058.000000 58.000000 28.000000 28.000000
V 112.000000 69.666667 100.000000 80.000000
V 197.000000 69.666667 30.000000 30.000000
V 842.333333 58.000000 30.000000 30.000000
V 974.000000 58.000000 100.000000 80.000000
E 0 1
E 4 0
E 6 0
E 0 11
E 3 2
E 2 4
E 5 2
E 2 6
E 9 2
E 6 7
E 7 10
E 12 8
E 13 8
E 17 9
E 10 18
E 11 12
E 12 13
E 14 16
E 19 15
E 16 17
E 17 18
E 18 19
G 1019257616.json 20 24
V 27.000000 78.666667 30.000000 30.000000
V 112.000000 78.666667 100.000000 80.000000
V 202.000000 78.666667 40.000000 40.000000
V 292.000000 72.000000 100.000000 80.000000
V 1392.000000 158.666667 100.000000 80.000000
V 632.000000 72.000000 100.000000 80.000000
V 722.000000 72.000000 40.000000 40.000000
V 1302.000000 158.666667 40.000000 40.000000
V 812.000000 65.333333 100.000000 80.000000
V 1152.000000 65.333333 100.000000 80.000000
V 1242.000000 65.333333 40.000000 40.000000
V 1392.000000 58.666667 100.000000 80.000000
V 1536.000000 65.333333 28.000000 28.000000
V 1482.000000 65.333333 40.000000 40.000000
V 462.000000 58.666667 100.000000 80.000000
V 377.000000 58.666667 30.000000 30.000000
V 547.000000 58.666667 30.000000 30.000000
V 982.000000 52.000000 100.000000 80.000000
V 897.000000 52.000000 30.000000 30.000000
V 1067.000000 52.000000 30.000000 30.000000
E 0 1
E 1 2
E 2 3
E 2 7
E 3 5
E 3 15
E 7 4
E 4 13
E 5 6
E 16 5
E 6 7
E 6 8
E 10 7
E 8 9
E 8 18
E 9 10
E 19 9
E 10 11
E 11 13
E 13 12
E 15 14
E 14 16
E 18 17
E 17 19
G 101967997.json 26 35
V 202.000000 152.000000 100.000000 80.000000
V 202.000000 252.000000 100.000000 80.000000
V 202.000000 352.000000 100.000000 80.000000
V 82.000000 65.333333 40.000000 40.000000
V 202.000000 452.000000 100.000000 80.000000
V 302.000000 252.000000 40.000000 40.000000
V 362.000000 252.000000 40.000000 40.000000
V 482.000000 338.666667 100.000000 80.000000
V 482.000000 438.666667 100.000000 80.000000
V 482.000000 538.666667 100.000000 80.000000
V 482.000000 638.666667 100.000000 80.000000
V 482.000000 238.666667 100.000000 80.000000
V 582.000000 438.666667 40.000000 40.000000
V 812.000000 438.666667 40.000000 40.000000
V 952.000000 332.000000 100.000000 80.000000
V 672.000000 438.666667 100.000000 80.000000
V 1036.000000 332.000000 28.000000 28.000000
V 672.000000 338.666667 100.000000 80.000000
V 812.000000 325.333333 40.000000 40.000000
V 27.000000 65.333333 30.000000 30.000000
V 757.000000 438.666667 30.000000 30.000000
V 867.000000 445.333333 30.000000 30.000000
V 757.000000 325.333333 30.000000 30.000000
V 867.000000 318.666667 30.000000 30.000000
V 867.000000 368.666667 30.000000 30.000000
V 202.000000 52.000000 100.000000 80.000000
E 3 0
E 0 5
E 3 1
E 1 5
E 3 2
E 2 5
E 3 4
E 19 3
E 3 25
E 4 5
E 5 6
E 25 5
E 6 7
E 6 8
E 6 9
E 6 10
E 6 11
E 7 12
E 8 12
E 9 12
E 10 12
E 11 12
E 12 15
E 20 13
E 13 21
E 13 24
E 14 16
E 21 14
E 23 14
E 15 20
E 17 22
E 24 17
E 22 18
E 18 23
E 18 24
G 1019751893.json 39 43
V 27.000000 58.666667 30.000000 30.000000
V 82.000000 58.666667 40.000000 40.000000
V 172.000000 185.333333 100.000000 80.000000
V 172.000000 52.000000 100.000000 80.000000
V 292.000000 185.333333 100.000000 40.000000
V 382.000000 185.333333 40.000000 40.000000
V 592.000000 238.666667 100.000000 40.000000
V 472.000000 178.666667 100.000000 40.000000
V 592.000000 178.666667 40.000000 40.000000
V 832.000000 178.666667 100.000000 40.000000
V 952.000000 178.666667 40.000000 40.000000
V 1062.000000 185.333333 40.000000 40.000000
V 1382.000000 185.333333 100.000000 80.000000
V 1946.000000 104.833333 28.000000 28.000000
V 292.000000 52.000000 100.000000 40.000000
V 382.000000 52.000000 40.000000 40.000000
V 472.000000 118.666667 100.000000 40.000000
V 712.000000 112.000000 30.000000 30.000000
V 832.000000 112.000000 100.000000 40.000000
V 1364.500000 52.833333 30.000000 30.000000
V 472.000000 45.333333 30.000000 30.000000
V 592.000000 45.333333 100.000000 40.000000
V 1502.000000 52.833333 100.000000 40.000000
V 1742.000000 100.166667 100.000000 40.000000
V 1862.000000 100.166667 100.000000 40.000000
V 712.000000 178.666667 100.000000 40.000000
V 602.000000 118.666667 40.000000 40.000000
V 1240.333333 110.333333 30.000000 30.000000
V 952.000000 105.333333 30.000000 30.000000
V 1162.000000 105.333333 28.000000 28.000000
V 1072.000000 105.333333 100.000000 40.000000
V 712.000000 45.333333 30.000000 30.000000
V 832.000000 45.333333 100.000000 40.000000
V 952.000000 45.333333 100.000000 40.000000
V 1072.000000 45.333333 100.000000 40.000000
V 1162.000000 45.333333 40.000000 40.000000
V 1252.000000 45.333333 100.000000 40.000000
V 1622.000000 52.833333 100.000000 40.000000
V 1706.000000 46.166667 28.000000 28.000000
E 0 1
E 1 2
E 1 3
E 2 4
E 3 14
E 4 5
E 5 6
E 5 7
E 6 11
E 7 8
E 8 25
E 9 10
E 25 9
E 10 11
E 11 12
E 12 13
E 24 13
E 14 15
E 15 16
E 15 20
E 16 26
E 17 18
E 26 17
E 18 27
E 18 28
E 19 22
E 26 19
E 27 19
E 36 19
E 20 21
E 21 31
E 22 37
E 23 24
E 37 23
E 29 27
E 28 30
E 30 29
E 31 32
E 32 33
E 33 34
E 34 35
E 35 36
E 37 38
G 1020655397.json 17 19
V 660.000000 122.000000 100.000000 80.000000
V 533.500000 122.000000 113.000000 80.000000
V 204.500000 118.000000 100.000000 40.000000
V 317.000000 122.000000 40.000000 40.000000
V 407.000000 122.000000 100.000000 54.000000
V 1489.000000 122.000000 28.000000 28.000000
V 27.000000 57.000000 30.000000 30.000000
V 82.000000 57.000000 40.000000 40.000000
V 204.500000 178.000000 125.000000 40.000000
V 1260.000000 122.000000 100.000000 40.000000
V 1392.500000 122.000000 125.000000 60.000000
V 204.500000 258.000000 100.000000 80.000000
V 1020.000000 122.000000 100.000000 66.000000
V 780.000000 122.000000 100.000000 66.000000
V 900.000000 122.000000 100.000000 66.000000
V 1140.000000 122.000000 100.000000 80.000000
V 204.500000 45.000000 125.000000 66.000000
E 1 0
E 0 13
E 4 1
E 2 3
E 7 2
E 3 4
E 8 3
E 11 3
E 16 3
E 10 5
E 6 7
E 7 8
E 7 11
E 7 16
E 9 10
E 15 9
E 14 12
E 12 15
E 13 14
G 1020904348.json 31 34
V 27.000000 105.333333 30.000000 30.000000
V 317.000000 117.000000 150.000000 140.000000
V 547.000000 191.333333 150.000000 140.000000
V 197.812500 222.750000 28.375000 20.500000
V 197.812500 182.250000 28.375000 20.500000
V 437.812500 231.833333 28.375000 20.500000
V 437.812500 191.333333 28.375000 20.500000
V 662.000000 117.000000 40.000000 40.000000
V 432.000000 117.000000 40.000000 40.000000
V 837.000000 263.666667 150.000000 140.000000
V 722.000000 110.333333 40.000000 40.000000
V 837.000000 103.666667 150.000000 140.000000
V 946.187500 53.416667 28.375000 20.500000
V 946.187500 223.166667 28.375000 20.500000
V 952.000000 103.666667 40.000000 40.000000
V 1067.000000 178.000000 150.000000 140.000000
V 1176.187500 154.666667 28.375000 20.500000
V 1237.000000 254.916667 150.000000 140.000000
V 1346.187500 295.416667 28.375000 20.500000
V 1346.187500 254.916667 28.375000 20.500000
V 1352.000000 103.666667 40.000000 40.000000
V 946.187500 263.666667 28.375000 20.500000
V 1422.000000 113.666667 40.000000 40.000000
V 1707.000000 90.333333 150.000000 140.000000
V 1816.187500 67.000000 28.375000 20.500000
V 1816.000000 113.666667 28.000000 28.000000
V 137.000000 82.000000 150.000000 140.000000
V 27.812500 58.666667 28.375000 20.500000
V 946.187500 153.916667 28.375000 20.500000
V 1537.000000 113.666667 150.000000 140.000000
V 1646.187500 190.583333 28.375000 20.500000
E 0 26
U 3 1
U 4 1
E 1 8
E 26 1
U 5 2
U 6 2
E 2 7
E 8 2
E 8 7
E 7 10
E 7 22
E 10 9
U 9 13
U 9 21
E 9 22
E 10 11
U 11 12
E 11 14
U 11 28
E 14 15
E 14 20
U 15 16
E 15 17
U 17 18
U 17 19
E 17 20
E 20 22
E 22 29
U 23 24
E 23 25
E 29 23
U 27 26
U 29 30
G 1021091398.json 29 36
V 27.000000 133.659333 30.000000 30.000000
V 310.937500 133.659333 63.875000 57.946000
V 160.500000 133.659333 197.000000 80.000000
V 304.924500 58.737833 51.849000 51.897000
V 314.916667 202.632333 40.000000 40.000000
V 420.375000 209.299000 115.000000 80.000000
V 739.724000 195.965667 100.000000 80.000000
V 619.724000 209.299000 100.000000 80.000000
V 853.724000 100.799000 88.000000 97.000000
V 523.799500 166.948500 51.849000 51.897000
V 979.724000 222.632333 100.000000 80.000000
V 859.724000 209.299000 100.000000 80.000000
V 973.724000 114.132333 88.000000 97.000000
V 1120.224000 222.632333 141.000000 80.000000
V 1366.648500 235.965667 51.849000 51.897000
V 1917.073000 222.632333 127.000000 80.000000
V 1770.073000 125.333333 127.000000 80.000000
V 1270.724000 95.333333 100.000000 80.000000
V 1164.799500 136.683833 51.849000 51.897000
V 1368.623333 95.333333 40.000000 40.000000
V 1897.535250 112.000000 87.924500 68.500000
V 1732.497500 38.666667 51.849000 51.897000
V 1544.573000 52.000000 264.000000 80.000000
V 2396.497500 222.991417 51.849000 51.897000
V 2050.573000 222.632333 100.000000 80.000000
V 2170.573000 185.965667 100.000000 80.000000
V 2290.573000 149.299000 100.000000 80.000000
V 2384.573000 149.299000 28.000000 28.000000
V 2414.535250 78.100500 87.924500 74.397000
E 0 2
U 2 1
U 2 3
E 2 4
E 4 5
E 4 22
E 5 7
U 5 9
E 7 6
E 6 8
U 9 6
E 6 11
U 9 7
E 11 10
E 10 13
E 11 12
U 13 14
E 13 17
U 14 15
E 16 15
E 15 24
U 18 16
E 19 16
E 16 20
E 22 16
U 18 17
E 17 19
E 19 22
U 22 21
U 24 23
U 25 23
U 26 23
E 24 25
E 25 26
E 26 27
E 26 28
G 102147676.json 15 15
V 27.000000 80.506333 30.000000 30.000000
V 112.000000 80.506333 100.000000 80.000000
V 196.000000 44.839667 28.000000 28.000000
V 197.000000 93.839667 30.000000 30.000000
V 282.000000 93.839667 100.000000 80.000000
V 367.000000 93.839667 30.000000 30.000000
V 417.000000 93.839667 30.000000 30.000000
V 502.000000 93.839667 100.000000 80.000000
V 603.000500 42.086500 62.001000 60.173000
V 603.000500 107.173000 30.000000 30.000000
V 704.001000 107.173000 100.000000 80.000000
V 959.001000 115.506333 30.000000 30.000000
V 1008.001000 115.506333 28.000000 28.000000
V 789.001000 70.506333 30.000000 30.000000
V 874.001000 70.506333 100.000000 80.000000
E 0 1
E 1 2
E 1 3
E 3 4
E 4 5
E 5 6
E 6 7
U 7 8
E 7 9
E 9 10
E 10 11
E 10 13
E 11 12
E 14 11
E 13 14
G 1021525987.json 39 43
V 1728.000000 193.083333 100.000000 80.000000
V 1488.000000 179.750000 100.000000 80.000000
V 1848.000000 193.083333 100.000000 80.000000
V 1968.000000 206.416667 100.000000 80.000000
V 1374.000000 193.083333 88.000000 48.500000
V 2082.000000 160.500000 88.000000 48.500000
V 232.000000 189.750000 100.000000 80.000000
V 147.000000 189.750000 30.000000 30.000000
V 352.000000 102.166667 100.000000 80.000000
V 522.000000 107.166667 100.000000 80.000000
V 642.000000 120.500000 100.000000 80.000000
V 762.000000 133.833333 100.000000 80.000000
V 1210.000000 128.833333 100.000000 80.000000
V 1608.000000 179.750000 100.000000 80.000000
V 876.000000 112.916667 88.000000 48.500000
V 756.000000 49.583333 88.000000 48.500000
V 636.000000 36.250000 88.000000 48.500000
V 238.000000 88.833333 88.000000 48.500000
V 346.000000 203.083333 88.000000 48.500000
V 1962.000000 122.166667 88.000000 48.500000
V 437.000000 107.166667 30.000000 30.000000
V 1364.333333 133.833333 30.000000 30.000000
V 2091.666667 219.750000 30.000000 30.000000
V 2196.000000 214.750000 100.000000 80.000000
V 2280.000000 214.750000 28.000000 28.000000
V 990.000000 133.833333 100.000000 80.000000
V 1075.000000 133.833333 30.000000 30.000000
V 27.000000 289.750000 30.000000 30.000000
V 112.000000 289.750000 100.000000 80.000000
V 232.000000 289.750000 100.000000 80.000000
V 363.666667 289.750000 30.000000 30.000000
V 522.000000 294.750000 100.000000 80.000000
V 1125.000000 289.750000 30.000000 30.000000
V 1210.000000 289.750000 100.000000 80.000000
V 1295.000000 289.750000 30.000000 30.000000
V 1488.000000 294.750000 100.000000 80.000000
V 2184.333333 289.750000 30.000000 30.000000
V 2316.000000 289.750000 100.000000 80.000000
V 2400.000000 289.750000 28.000000 28.000000
E 0 2
E 13 0
E 4 1
E 1 13
E 21 1
E 2 3
E 2 19
E 3 5
E 3 22
E 7 6
E 6 8
E 6 18
E 17 8
E 8 20
E 9 10
E 9 16
E 20 9
E 10 11
E 10 15
E 11 14
E 11 25
E 12 21
E 26 12
E 13 19
E 14 25
E 30 20
E 34 21
E 22 23
E 22 36
E 23 24
E 25 26
E 26 32
E 27 28
E 28 29
E 29 30
E 30 31
E 31 32
E 32 33
E 33 34
E 34 35
E 35 36
E 36 37
E 37 38
G 1021591858.json 15 16
V 27.000000 96.666667 30.000000 30.000000
V 82.000000 96.666667 40.000000 40.000000
V 172.000000 190.000000 100.000000 80.000000
V 172.000000 90.000000 100.000000 80.000000
V 262.000000 183.333333 40.000000 40.000000
V 316.000000 183.333333 28.000000 28.000000
V 262.000000 76.666667 30.000000 30.000000
V 322.000000 76.666667 40.000000 40.000000
V 412.000000 302.666667 100.000000 80.000000
V 412.000000 70.000000 100.000000 80.000000
V 546.000000 134.000000 88.000000 68.000000
V 538.000000 296.000000 40.000000 40.000000
V 624.000000 296.000000 28.000000 28.000000
V 546.000000 46.000000 88.000000 68.000000
V 546.000000 222.000000 88.000000 68.000000
E 0 1
E 1 2
E 1 3
E 2 4
E 3 4
E 3 6
E 4 5
E 6 7
E 7 8
E 7 9
E 8 11
E 9 10
E 9 11
E 9 13
E 9 14
E 11 12
G 1021648949.json 36 40
V 1197.000000 183.000000 30.000000 30.000000
V 1282.000000 183.000000 100.000000 80.000000
V 1372.000000 183.000000 40.000000 40.000000
V 1462.000000 189.666667 100.000000 80.000000
V 1462.000000 89.666667 100.000000 80.000000
V 1546.000000 89.666667 28.000000 28.000000
V 1582.000000 189.666667 100.000000 80.000000
V 1672.000000 189.666667 40.000000 40.000000
V 1762.000000 96.333333 100.000000 80.000000
V 1846.000000 96.333333 28.000000 28.000000
V 1762.000000 196.333333 100.000000 80.000000
V 302.000000 323.000000 100.000000 80.000000
V 422.000000 323.000000 100.000000 80.000000
V 507.000000 318.000000 30.000000 30.000000
V 592.000000 318.000000 100.000000 80.000000
V 267.000000 135.333333 30.000000 30.000000
V 682.000000 318.000000 40.000000 40.000000
V 772.000000 224.666667 100.000000 80.000000
V 772.000000 324.666667 100.000000 80.000000
V 1932.000000 241.333333 100.000000 80.000000
V 856.000000 324.666667 28.000000 28.000000
V 1112.000000 233.000000 100.000000 80.000000
V 1847.000000 241.333333 30.000000 30.000000
V 1027.000000 233.000000 30.000000 30.000000
V 302.000000 223.000000 100.000000 80.000000
V 422.000000 172.000000 100.000000 80.000000
V 217.000000 223.000000 30.000000 30.000000
V 62.000000 158.666667 100.000000 80.000000
V 182.000000 122.000000 100.000000 80.000000
V 312.000000 67.000000 40.000000 40.000000
V 422.000000 60.333333 100.000000 80.000000
V 942.000000 52.000000 100.000000 80.000000
V 2102.000000 236.333333 100.000000 80.000000
V 2186.000000 236.333333 28.000000 28.000000
V 2017.000000 236.333333 30.000000 30.000000
V 857.000000 52.000000 30.000000 30.000000
E 0 1
E 21 0
E 1 2
E 2 3
E 2 4
E 3 6
E 4 5
E 6 7
E 7 8
E 7 10
E 8 9
E 10 22
E 11 12
E 12 13
E 13 14
E 30 13
E 14 16
E 28 15
E 16 17
E 16 18
E 17 23
E 17 35
E 18 20
E 22 19
E 19 34
E 21 22
E 23 21
E 31 23
E 24 25
E 26 24
E 25 27
E 29 25
E 27 28
E 28 29
E 29 30
E 30 35
E 31 34
E 35 31
E 32 33
E 34 32
G 1022728001.json 26 28
V 762.000000 188.666667 100.000000 80.000000
V 852.000000 188.666667 40.000000 40.000000
V 942.000000 195.333333 100.000000 80.000000
V 1032.000000 195.333333 40.000000 40.000000
V 1130.052550 145.333333 116.105100 80.000000
V 1258.105100 145.333333 100.000000 80.000000
V 1992.411256 195.333333 40.000000 40.000000
V 906.000000 121.333333 28.000000 28.000000
V 27.000000 188.666667 30.000000 30.000000
V 112.000000 188.666667 100.000000 80.000000
V 377.000000 195.333333 30.000000 30.000000
V 462.000000 195.333333 100.000000 80.000000
V 582.000000 195.333333 100.000000 80.000000
V 322.000000 188.666667 40.000000 40.000000
V 672.000000 188.666667 40.000000 40.000000
V 232.000000 188.666667 100.000000 80.000000
V 2047.411256 195.333333 30.000000 30.000000
V 1436.157650 145.333333 116.105100 80.000000
V 1534.210200 145.333333 40.000000 40.000000
V 1682.205627 152.000000 115.990855 80.000000
V 1682.205627 52.000000 115.990855 80.000000
V 1780.201055 145.333333 40.000000 40.000000
V 1886.306155 145.333333 132.210201 80.000000
V 1589.210200 52.000000 30.000000 30.000000
V 1589.210200 152.000000 30.000000 30.000000
V 1343.105100 145.333333 30.000000 30.000000
E 0 1
E 14 0
E 1 2
E 1 7
E 2 3
E 3 4
E 3 6
E 4 5
E 5 25
E 6 16
E 22 6
E 8 9
E 9 15
E 10 11
E 13 10
E 11 12
E 12 14
E 13 14
E 15 13
E 17 18
E 25 17
E 18 23
E 18 24
E 19 21
E 24 19
E 20 21
E 23 20
E 21 22
G 102300656.json 26 34
V 97.000000 49.666667 30.000000 30.000000
V 586.001000 136.333333 100.000000 80.000000
V 676.001000 136.333333 40.000000 40.000000
V 766.001000 116.333333 100.000000 80.000000
V 766.001000 302.666667 100.000000 80.000000
V 62.000000 517.000000 100.000000 80.000000
V 586.001000 523.666667 100.000000 80.000000
V 676.001000 523.666667 40.000000 40.000000
V 766.001000 430.333333 100.000000 80.000000
V 850.001000 517.000000 28.000000 28.000000
V 886.001000 443.666667 100.000000 50.000000
V 80.062500 294.270250 63.875000 57.946000
V 289.000500 196.166667 214.001000 71.000000
V 1006.001000 228.333333 100.000000 80.000000
V 1090.001000 228.333333 28.000000 28.000000
V 886.001000 116.333333 100.000000 80.000000
V 270.000333 63.000000 100.000000 80.000000
V 766.001000 530.333333 100.000000 80.000000
V 466.001000 99.666667 100.000000 80.000000
V 886.001000 316.000000 100.000000 80.000000
V 1246.001000 366.000000 100.000000 80.000000
V 1006.001000 329.333333 100.000000 80.000000
V 1126.001000 329.333333 100.000000 80.000000
V 1347.938500 366.000000 63.875000 57.946000
V 289.000500 505.000000 100.000000 44.000000
V 466.001000 505.000000 100.000000 44.000000
E 0 16
E 1 2
U 11 1
E 18 1
E 2 3
E 2 4
U 11 3
E 3 15
U 11 4
E 4 19
E 5 6
E 20 5
E 5 24
E 6 7
E 25 6
E 7 8
E 7 17
U 8 10
E 8 19
E 17 9
U 11 12
U 11 13
U 11 16
U 11 18
E 13 14
E 15 13
E 16 18
U 17 23
E 19 21
U 19 23
E 22 20
U 20 23
E 21 22
E 24 25
G 1023113524.json 20 20
V 2549.297724 86.626288 241.383532 100.000000
V 2654.989490 293.626288 30.000000 30.000000
V 2742.013058 286.516505 100.000000 42.658697
V 2830.060193 286.516505 28.000000 28.000000
V 2703.989490 103.292955 28.000000 28.000000
V 2549.297724 236.626288 101.000000 44.000000
V 1902.802979 184.000000 1011.605958 210.505153
V 2485.605958 175.626288 114.000000 38.000000
V 27.000000 47.000000 30.000000 30.000000
V 111.000000 47.000000 98.000000 54.000000
V 117.000000 200.666667 86.000000 34.000000
V 373.500000 184.000000 387.000000 100.000000
V 552.000000 99.000000 30.000000 30.000000
V 796.000000 43.000000 28.000000 28.000000
V 674.500000 92.333333 175.000000 40.000000
V 373.500000 38.000000 92.000000 52.000000
V 832.500000 99.000000 101.000000 44.000000
V 1140.000000 160.500000 474.000000 141.000000
V 1449.015101 40.818079 104.030202 35.858688
V 2743.024842 54.898964 106.070703 28.787981
E 0 4
E 6 0
U 0 19
E 1 2
E 2 3
E 5 2
E 6 5
U 6 7
E 17 6
E 8 9
E 9 11
E 9 15
U 10 11
E 11 17
E 12 14
E 14 13
E 15 14
E 14 16
E 16 17
U 17 18
G 102313104.json 34 36
V 232.000000 112.839667 100.000000 80.000000
V 112.000000 112.839667 100.000000 80.000000
V 27.000000 112.839667 30.000000 30.000000
V 662.000000 119.506333 120.000000 80.000000
V 993.597302 265.339667 132.000000 138.000000
V 845.731535 119.506333 40.000000 40.000000
V 824.798651 288.339667 165.597302 102.500000
V 1645.972302 265.339667 149.000000 80.000000
V 562.000000 112.839667 40.000000 40.000000
V 352.000000 112.839667 100.000000 80.000000
V 2030.472302 272.006333 120.000000 80.000000
V 993.597302 112.839667 30.000000 30.000000
V 662.000000 44.506333 30.000000 30.000000
V 472.000000 112.839667 100.000000 80.000000
V 1493.805635 265.339667 30.000000 30.000000
V 1101.263969 265.339667 30.000000 30.000000
V 1189.597302 106.173000 100.000000 80.000000
V 1099.597302 106.173000 40.000000 40.000000
V 1273.597302 106.173000 28.000000 28.000000
V 2124.472302 272.006333 28.000000 28.000000
V 1790.472302 265.339667 30.000000 30.000000
V 1935.472302 272.006333 30.000000 30.000000
V 1934.472302 223.006333 28.000000 28.000000
V 1880.472302 265.339667 40.000000 40.000000
V 1790.472302 60.910833 100.000000 55.000000
V 1874.472302 60.910833 28.000000 28.000000
V 1504.472302 185.339667 94.000000 55.000000
V 1664.138969 185.339667 40.000000 40.000000
V 1754.472302 192.006333 28.000000 28.000000
V 1189.597302 181.173000 30.000000 30.000000
V 1306.597302 181.173000 94.000000 55.000000
V 1405.534802 51.744167 63.875000 57.946000
V 1322.596802 42.086500 62.001000 60.173000
V 1411.180635 190.339667 30.000000 30.000000
E 1 0
E 0 9
E 2 1
E 3 5
E 8 3
E 5 4
E 6 4
E 4 15
E 5 11
E 14 7
E 7 20
E 8 12
E 13 8
E 9 13
E 10 19
E 21 10
E 11 17
E 12 17
E 15 14
E 33 14
E 15 29
E 17 16
E 16 18
E 20 23
E 23 21
E 23 22
E 24 25
E 27 24
U 31 24
E 26 27
E 33 26
E 27 28
E 29 30
U 30 31
E 30 33
U 32 31
G 1024215554.json 35 41
V 147.000000 72.000000 30.000000 30.000000
V 202.000000 72.000000 40.000000 40.000000
V 292.000000 259.666667 100.000000 80.000000
V 892.000000 72.000000 100.000000 80.000000
V 382.000000 259.666667 40.000000 40.000000
V 472.000000 253.000000 100.000000 80.000000
V 472.000000 440.666667 100.000000 80.000000
V 602.000000 440.666667 40.000000 40.000000
V 712.000000 534.000000 100.000000 80.000000
V 712.000000 434.000000 100.000000 80.000000
V 62.000000 72.000000 100.000000 74.000000
V 802.000000 440.666667 40.000000 40.000000
V 1012.000000 440.666667 100.000000 80.000000
V 592.000000 253.000000 100.000000 80.000000
V 712.000000 253.000000 100.000000 80.000000
V 802.000000 253.000000 40.000000 40.000000
V 892.000000 246.333333 100.000000 80.000000
V 1022.000000 246.333333 40.000000 40.000000
V 1132.000000 339.666667 100.000000 80.000000
V 1132.000000 239.666667 100.000000 80.000000
V 1222.000000 246.333333 40.000000 40.000000
V 1322.000000 254.333333 100.000000 80.000000
V 1812.000000 467.666667 28.000000 28.000000
V 292.000000 65.333333 100.000000 80.000000
V 382.000000 65.333333 40.000000 40.000000
V 472.000000 58.666667 100.000000 80.000000
V 602.000000 58.666667 40.000000 40.000000
V 712.000000 152.000000 100.000000 80.000000
V 712.000000 52.000000 100.000000 80.000000
V 802.000000 58.666667 40.000000 40.000000
V 1585.000000 361.000000 100.000000 80.000000
V 1453.500000 361.000000 100.000000 80.000000
V 1716.500000 467.666667 100.000000 80.000000
V 1453.500000 241.000000 123.000000 120.000000
V 1716.500000 347.666667 123.000000 120.000000
E 0 1
U 10 0
E 1 2
E 1 23
E 2 4
E 3 21
E 24 3
E 29 3
E 4 5
E 4 6
E 5 13
E 6 7
E 7 8
E 7 9
E 8 11
E 9 11
E 11 12
E 12 21
E 13 14
E 14 15
E 15 16
E 15 21
E 16 17
E 17 18
E 17 19
E 18 20
E 19 20
E 20 21
E 21 31
U 21 33
E 32 22
E 23 24
E 24 25
E 25 26
E 26 27
E 26 28
E 27 29
E 28 29
E 31 30
E 30 32
U 30 34
G 102453938.json 19 23
V 27.000000 129.079353 30.000000 30.000000
V 144.000000 129.079353 164.000000 68.000000
V 310.500000 267.412687 129.000000 68.000000
V 816.597301 240.257987 103.923001 65.071800
V 908.558802 174.412687 40.000000 40.000000
V 445.000000 181.079353 100.000000 80.000000
V 998.558802 131.079353 100.000000 80.000000
V 1365.010958 117.746020 592.904311 211.492040
V 1731.463113 117.746020 100.000000 80.000000
V 1816.463113 117.746020 30.000000 30.000000
V 1871.463113 117.746020 40.000000 40.000000
V 1993.463113 111.079353 164.000000 80.000000
V 2145.463113 124.412687 100.000000 80.000000
V 2229.463113 124.412687 28.000000 28.000000
V 310.500000 117.746020 30.000000 30.000000
V 624.817900 117.746020 219.635801 80.000000
V 445.000000 256.079353 30.000000 30.000000
V 624.817900 242.746020 100.000000 80.000000
V 1133.058802 283.492040 129.000000 80.000000
E 0 1
E 1 2
E 1 14
E 2 3
E 2 16
E 3 4
E 17 3
E 4 5
E 4 6
E 5 17
E 6 7
E 15 6
E 6 18
E 7 8
E 8 9
E 9 10
E 10 11
E 10 12
E 11 12
E 12 13
E 14 15
E 16 17
E 17 18
G 1024626727.json 25 32
V 377.000000 138.833333 30.000000 30.000000
V 459.500000 64.083333 75.000000 55.000000
V 322.000000 112.833333 40.000000 40.000000
V 377.000000 50.333333 30.000000 30.000000
V 472.000000 188.833333 100.000000 80.000000
V 592.000000 175.500000 100.000000 80.000000
V 377.000000 188.833333 30.000000 30.000000
V 722.000000 93.833333 100.000000 80.000000
V 1032.000000 80.500000 40.000000 40.000000
V 1117.000000 78.833333 30.000000 30.000000
V 1117.000000 247.166667 30.000000 30.000000
V 1166.000000 78.833333 28.000000 28.000000
V 27.000000 52.000000 30.000000 30.000000
V 112.000000 52.000000 100.000000 80.000000
V 202.000000 52.000000 40.000000 40.000000
V 292.000000 45.333333 100.000000 55.000000
V 292.000000 207.166667 100.000000 80.000000
V 842.000000 167.166667 100.000000 80.000000
V 710.333333 180.500000 30.000000 30.000000
V 932.000000 167.166667 40.000000 40.000000
V 1022.000000 160.500000 100.000000 80.000000
V 1022.000000 260.500000 100.000000 80.000000
V 1116.000000 296.166667 28.000000 28.000000
V 1116.000000 173.833333 28.000000 28.000000
V 580.333333 250.500000 30.000000 30.000000
E 0 1
E 1 2
E 3 1
E 2 3
E 2 6
E 15 3
E 4 5
E 6 4
E 4 24
E 5 7
E 10 5
E 5 18
E 16 6
E 7 8
E 7 17
E 8 9
E 8 10
E 9 11
E 20 9
E 21 10
E 12 13
E 13 14
E 14 15
E 14 16
E 16 24
E 18 17
E 17 19
E 24 18
E 19 20
E 19 21
E 20 23
E 21 22
G 1024943999.json 38 52
V 87.000000 590.333333 50.000000 40.000000
V 192.000000 590.333333 40.000000 40.000000
V 309.433547 473.000000 114.867094 80.000000
V 309.433547 597.000000 114.867094 80.000000
V 879.167735 597.000000 114.867094 80.000000
V 1016.601282 597.000000 100.000000 80.000000
V 406.867094 473.000000 40.000000 40.000000
V 504.300641 479.666667 114.867094 80.000000
V 496.867094 379.666667 100.000000 80.000000
V 92.000000 422.000000 40.000000 40.000000
V 182.000000 473.000000 100.000000 80.000000
V 1206.601282 483.666667 100.000000 80.000000
V 1106.601282 597.000000 40.000000 40.000000
V 1206.601282 583.666667 100.000000 80.000000
V 1206.601282 683.666667 100.000000 80.000000
V 601.734188 479.666667 40.000000 40.000000
V 691.734188 386.333333 100.000000 80.000000
V 691.734188 486.333333 100.000000 80.000000
V 781.734188 386.333333 40.000000 40.000000
V 1016.601282 466.333333 100.000000 80.000000
V 879.167735 393.000000 100.000000 80.000000
V 1106.601282 466.333333 40.000000 40.000000
V 1346.601282 659.666667 100.000000 80.000000
V 1206.601282 383.666667 100.000000 80.000000
V 1436.601282 659.666667 40.000000 40.000000
V 1666.601282 653.000000 100.000000 80.000000
V 1526.601282 666.333333 100.000000 80.000000
V 1826.601282 624.428571 100.000000 80.000000
V 1556.601282 253.000000 40.000000 40.000000
V 1666.601282 253.000000 100.000000 80.000000
V 1666.601282 152.000000 100.000000 80.000000
V 1790.601282 152.000000 28.000000 28.000000
V 1790.601282 52.000000 28.000000 28.000000
V 1666.601282 52.000000 100.000000 80.000000
V 1666.601282 353.000000 100.000000 80.000000
V 1666.601282 453.000000 100.000000 80.000000
V 1666.601282 553.000000 100.000000 80.000000
V 27.000000 590.333333 30.000000 30.000000
E 0 1
E 37 0
E 1 2
E 1 3
E 2 6
E 9 2
E 10 2
E 3 4
E 4 5
E 5 12
E 6 7
E 6 8
E 7 15
E 8 9
E 9 10
E 12 11
E 21 11
E 11 22
E 12 13
E 12 14
E 21 13
E 13 22
E 14 22
E 15 16
E 15 17
E 16 18
E 17 19
E 18 19
E 18 20
E 20 19
E 19 21
E 21 23
E 21 33
E 23 22
E 22 24
E 24 25
E 24 26
E 26 25
E 25 27
E 27 28
E 29 27
E 34 27
E 35 27
E 36 27
E 28 29
E 28 30
E 28 33
E 28 34
E 28 35
E 28 36
E 30 31
E 33 32
G 1025211006.json 29 30
V 27.000000 100.973000 30.000000 30.000000
V 112.000000 100.973000 100.000000 80.000000
V 213.937500 156.612667 63.875000 57.946000
V 217.916667 87.639667 40.000000 40.000000
V 315.875000 80.973000 100.000000 80.000000
V 315.875000 180.973000 100.000000 80.000000
V 399.875000 180.973000 28.000000 28.000000
V 435.875000 80.973000 100.000000 80.000000
V 777.812500 178.919000 63.875000 57.946000
V 555.875000 67.639667 100.000000 80.000000
V 675.875000 169.261333 63.875000 57.946000
V 675.875000 54.306333 100.000000 80.000000
V 777.812500 40.973000 63.875000 57.946000
V 781.791667 109.946000 40.000000 40.000000
V 879.750000 253.585667 100.000000 80.000000
V 879.750000 103.279333 100.000000 80.000000
V 1093.750000 170.612667 28.000000 28.000000
V 1009.750000 103.279333 40.000000 40.000000
V 999.750000 253.585667 100.000000 80.000000
V 1129.750000 322.558667 100.000000 80.000000
V 1235.666667 375.173833 40.000000 40.000000
V 1393.625000 489.840500 100.000000 80.000000
V 1129.750000 233.585667 63.875000 57.946000
V 1225.674500 309.225333 51.849000 51.897000
V 1129.750000 96.612667 100.000000 80.000000
V 1303.625000 422.507167 40.000000 40.000000
V 1357.625000 415.840500 28.000000 28.000000
V 1297.625000 368.507167 28.000000 28.000000
V 1231.687500 233.585667 63.875000 57.946000
E 0 1
U 1 2
E 1 3
E 3 4
E 3 5
E 4 7
E 5 6
U 7 8
E 7 9
E 10 8
U 9 10
E 9 11
U 11 12
E 11 13
E 13 14
E 13 15
E 14 18
E 15 17
E 17 16
E 17 24
E 18 19
E 21 18
U 18 22
E 19 20
U 19 23
E 20 25
E 20 27
E 25 21
E 22 28
E 25 26
G 1025894190.json 24 56
V 742.000000 596.820513 100.000000 80.000000
V 872.000000 492.153846 100.000000 80.000000
V 432.000000 702.534799 100.000000 80.000000
V 1112.000000 807.868132 100.000000 80.000000
V 1362.000000 935.534799 100.000000 80.000000
V 1242.000000 908.868132 100.000000 80.000000
V 872.000000 908.868132 100.000000 80.000000
V 607.000000 671.820513 30.000000 30.000000
V 982.000000 807.868132 40.000000 40.000000
V 282.000000 341.153846 100.000000 80.000000
V 432.000000 484.820513 100.000000 80.000000
V 62.000000 52.000000 100.000000 80.000000
V 572.000000 447.153846 100.000000 80.000000
V 572.000000 596.820513 100.000000 80.000000
V 282.000000 241.153846 100.000000 80.000000
V 742.000000 427.153846 100.000000 50.000000
V 742.000000 170.153846 100.000000 80.000000
V 572.000000 190.153846 100.000000 80.000000
V 872.000000 271.153846 100.000000 80.000000
V 872.000000 119.153846 100.000000 80.000000
V 992.000000 220.153846 100.000000 80.000000
V 432.000000 69.153846 100.000000 80.000000
V 282.000000 753.534799 100.000000 80.000000
V 1362.000000 794.534799 100.000000 80.000000
E 0 1
E 2 0
E 0 5
E 0 6
E 7 0
E 9 0
E 10 0
E 11 0
E 12 0
E 13 0
E 23 0
E 2 1
E 1 8
E 12 1
E 13 1
E 2 4
E 2 5
E 8 2
E 11 2
E 2 13
E 3 5
E 8 3
E 3 23
E 5 4
E 6 5
E 13 5
E 5 23
E 6 13
E 9 10
E 9 11
E 9 17
E 19 9
E 10 11
E 10 12
E 14 10
E 10 17
E 11 12
E 11 13
E 11 14
E 11 17
E 11 18
E 19 11
E 11 21
E 11 22
U 12 15
E 13 18
E 14 17
E 14 21
E 17 16
E 16 18
E 16 19
E 17 18
E 17 20
E 21 17
E 18 20
E 19 20
G 1026287908.json 17 17
V 412.000000 158.666667 100.000000 80.000000
V 502.000000 158.666667 40.000000 40.000000
V 712.000000 52.000000 100.000000 80.000000
V 796.000000 52.000000 28.000000 28.000000
V 592.000000 65.333333 100.000000 80.000000
V 802.000000 152.000000 40.000000 40.000000
V 892.000000 152.000000 100.000000 80.000000
V 982.000000 152.000000 40.000000 40.000000
V 1072.000000 84.666667 100.000000 80.000000
V 1036.000000 158.666667 28.000000 28.000000
V 27.000000 152.000000 30.000000 30.000000
V 202.000000 152.000000 40.000000 40.000000
V 376.000000 58.666667 28.000000 28.000000
V 292.000000 158.666667 100.000000 80.000000
V 112.000000 152.000000 100.000000 80.000000
V 292.000000 58.666667 100.000000 80.000000
V 712.000000 152.000000 100.000000 80.000000
E 0 1
E 13 0
E 1 4
E 1 16
E 2 3
E 4 2
E 4 16
E 5 6
E 16 5
E 6 7
E 7 8
E 7 9
E 10 14
E 11 13
E 14 11
E 11 15
E 15 12
G 1026674280.json 16 15
V 292.000000 152.000000 100.000000 80.000000
V 292.000000 52.000000 100.000000 80.000000
V 376.000000 52.000000 28.000000 28.000000
V 382.000000 152.000000 40.000000 40.000000
V 472.000000 158.666667 100.000000 80.000000
V 472.000000 58.666667 100.000000 80.000000
V 712.000000 65.333333 100.000000 80.000000
V 712.000000 165.333333 100.000000 80.000000
V 602.000000 158.666667 40.000000 40.000000
V 802.000000 165.333333 40.000000 40.000000
V 892.000000 72.000000 100.000000 80.000000
V 892.000000 172.000000 100.000000 80.000000
V 592.000000 58.666667 100.000000 80.000000
V 27.000000 145.333333 30.000000 30.000000
V 112.000000 145.333333 100.000000 80.000000
V 202.000000 145.333333 40.000000 40.000000
E 0 3
E 15 0
E 1 2
E 15 1
E 3 4
E 3 5
E 4 8
E 5 12
E 8 6
E 8 7
E 7 9
E 9 10
E 9 11
E 13 14
E 14 15
G 1027037016.json 15 15
V 232.000000 58.666667 100.000000 80.000000
V 322.000000 58.666667 40.000000 40.000000
V 412.000000 152.000000 100.000000 80.000000
V 412.000000 52.000000 100.000000 80.000000
V 532.000000 52.000000 100.000000 80.000000
V 832.000000 152.000000 100.000000 80.000000
V 922.000000 152.000000 40.000000 40.000000
V 1012.000000 158.666667 100.000000 80.000000
V 1096.000000 158.666667 28.000000 28.000000
V 622.000000 52.000000 40.000000 40.000000
V 1012.000000 58.666667 100.000000 80.000000
V 496.000000 152.000000 28.000000 28.000000
V 112.000000 58.666667 100.000000 80.000000
V 27.000000 58.666667 30.000000 30.000000
V 712.000000 152.000000 100.000000 80.000000
E 0 1
E 12 0
E 1 2
E 1 3
E 2 11
E 3 4
E 4 9
E 5 6
E 14 5
E 6 7
E 6 10
E 7 8
E 10 9
E 9 14
E 13 12
G 1027972696.json 27 33
V 230.000000 269.666667 30.000000 30.000000
V 321.442040 269.666667 112.884080 80.000000
V 501.009080 269.666667 40.000000 40.000000
V 828.283615 159.666667 143.599690 80.000000
V 828.283615 259.666667 135.000000 80.000000
V 991.883305 159.666667 30.000000 30.000000
V 1155.482995 310.666667 143.599690 80.000000
V 664.683925 259.666667 143.599690 80.000000
V 465.384080 52.000000 133.983771 80.000000
V 465.384080 153.000000 135.000000 80.000000
V 647.417310 159.666667 40.000000 40.000000
V 333.589387 58.666667 40.000000 40.000000
V 230.000000 58.666667 30.000000 30.000000
V 1287.282840 361.666667 40.000000 40.000000
V 991.883305 361.666667 143.599690 80.000000
V 1341.282840 361.666667 28.000000 28.000000
V 1155.482995 412.666667 143.599690 80.000000
V 664.683925 512.666667 143.599690 80.000000
V 828.283615 512.666667 30.000000 30.000000
V 991.883305 512.666667 30.000000 30.000000
V 1155.482995 512.666667 132.503876 80.000000
V 664.683925 612.666667 143.599690 80.000000
V 828.283615 612.666667 135.500000 80.000000
V 991.883305 259.666667 135.000000 80.000000
V 79.500000 72.000000 135.000000 80.000000
V 1098.683150 107.000000 30.000000 30.000000
V 181.000000 58.666667 28.000000 28.000000
E 0 1
E 1 2
E 2 6
E 2 7
E 2 10
E 2 14
E 2 16
E 2 17
E 2 21
E 3 5
E 10 3
E 7 4
E 4 23
E 5 25
E 6 13
E 11 8
E 8 13
E 9 10
E 11 9
E 12 11
E 26 12
E 14 13
E 13 15
E 16 13
E 20 13
E 22 13
E 23 13
E 17 18
E 18 19
E 19 20
E 21 22
E 25 24
E 24 26
G 1028391225.json 17 19
V 765.000000 72.000000 100.000000 80.000000
V 945.000000 65.333333 100.000000 80.000000
V 1125.000000 58.666667 100.000000 80.000000
V 1318.000000 52.000000 126.000000 80.000000
V 680.000000 72.000000 30.000000 30.000000
V 1481.000000 45.333333 28.000000 28.000000
V 1777.500000 106.000000 513.000000 44.000000
V 855.000000 72.000000 40.000000 40.000000
V 1035.000000 65.333333 40.000000 40.000000
V 1215.000000 58.666667 40.000000 40.000000
V 1421.000000 52.000000 40.000000 40.000000
V 1481.000000 106.000000 40.000000 40.000000
V 595.000000 72.000000 100.000000 80.000000
V 268.500000 58.666667 513.000000 66.000000
V 510.000000 126.666667 30.000000 30.000000
V 2069.000000 106.000000 30.000000 30.000000
V 1536.000000 45.333333 30.000000 30.000000
E 4 0
E 0 7
E 7 1
E 1 8
E 8 2
E 2 9
E 9 3
E 3 10
E 12 4
E 10 5
E 5 16
E 11 6
E 6 15
E 7 11
E 8 11
E 9 11
E 10 11
E 13 12
E 14 12
G 1028878750.json 26 27
V 197.000000 158.666667 30.000000 30.000000
V 282.000000 158.666667 100.000000 80.000000
V 402.000000 158.666667 100.000000 80.000000
V 1352.000000 158.666667 100.000000 80.000000
V 1442.000000 158.666667 40.000000 40.000000
V 1532.000000 165.333333 100.000000 80.000000
V 1532.000000 65.333333 100.000000 80.000000
V 1652.000000 165.333333 100.000000 80.000000
V 1892.000000 165.333333 100.000000 80.000000
V 1976.000000 165.333333 28.000000 28.000000
V 1772.000000 165.333333 30.000000 30.000000
V 27.000000 158.666667 30.000000 30.000000
V 112.000000 158.666667 100.000000 80.000000
V 572.000000 158.666667 100.000000 80.000000
V 662.000000 158.666667 40.000000 40.000000
V 752.000000 90.333333 100.000000 80.000000
V 872.000000 165.333333 100.000000 80.000000
V 962.000000 90.333333 40.000000 40.000000
V 1052.000000 97.000000 100.000000 80.000000
V 1772.000000 52.000000 100.000000 80.000000
V 1142.000000 158.666667 40.000000 40.000000
V 1232.000000 158.666667 100.000000 80.000000
V 1856.000000 52.000000 28.000000 28.000000
V 872.000000 90.333333 30.000000 30.000000
V 1652.000000 65.333333 30.000000 30.000000
V 487.000000 158.666667 30.000000 30.000000
E 0 1
E 12 0
E 1 2
E 2 25
E 3 4
E 21 3
E 4 5
E 4 6
E 5 7
E 6 24
E 7 10
E 8 9
E 10 8
E 11 12
E 13 14
E 25 13
E 14 15
E 14 16
E 15 23
E 16 20
E 17 18
E 17 19
E 23 17
E 18 20
E 19 22
E 24 19
E 20 21
G 1029013936.json 18 21
V 27.000000 58.666667 30.000000 30.000000
V 82.000000 58.666667 40.000000 40.000000
V 172.000000 52.000000 100.000000 80.000000
V 682.000000 58.666667 40.000000 40.000000
V 772.000000 152.000000 100.000000 80.000000
V 772.000000 52.000000 100.000000 80.000000
V 982.000000 58.666667 40.000000 40.000000
V 352.000000 58.666667 100.000000 80.000000
V 1042.000000 58.666667 40.000000 40.000000
V 1132.000000 52.000000 100.000000 80.000000
V 262.000000 58.666667 40.000000 40.000000
V 892.000000 152.000000 100.000000 80.000000
V 1222.000000 58.666667 40.000000 40.000000
V 1276.000000 58.666667 28.000000 28.000000
V 892.000000 52.000000 30.000000 30.000000
V 442.000000 58.666667 40.000000 40.000000
V 532.000000 52.000000 100.000000 80.000000
V 622.000000 58.666667 40.000000 40.000000
E 0 1
E 1 2
E 1 10
E 2 10
E 3 4
E 3 5
E 17 3
E 4 11
E 5 14
E 6 8
E 11 6
E 14 6
E 10 7
E 7 15
E 8 9
E 8 12
E 9 12
E 12 13
E 15 16
E 15 17
E 16 17
G 1029021536.json 17 16
V 112.000000 213.333333 100.000000 80.000000
V 27.000000 213.333333 30.000000 30.000000
V 216.667333 213.333333 40.000000 40.000000
V 314.001000 220.000000 100.000000 80.000000
V 408.001000 220.000000 28.000000 28.000000
V 314.001000 82.000000 100.000000 80.000000
V 408.001000 172.000000 28.000000 28.000000
V 408.001000 74.000000 28.000000 28.000000
V 408.001000 26.000000 28.000000 28.000000
V 213.000500 68.666667 62.001000 60.173000
V 409.001000 123.000000 30.000000 30.000000
V 494.001000 123.000000 100.000000 80.000000
V 608.001000 198.166667 40.000000 40.000000
V 608.001000 109.666667 88.000000 97.000000
V 722.001000 198.166667 100.000000 80.000000
V 842.001000 184.833333 100.000000 50.000000
V 806.001000 243.833333 28.000000 28.000000
E 1 0
E 0 2
E 2 3
E 2 5
E 3 4
E 5 6
E 5 7
E 5 8
U 9 5
E 5 10
E 10 11
E 11 12
E 11 13
E 12 14
U 14 15
E 14 16
G 1029758987.json 19 20
V 137.000000 92.000000 150.000000 100.000000
V 27.000000 92.000000 30.000000 30.000000
V 813.500000 85.333333 125.000000 110.000000
V 252.000000 92.000000 40.000000 40.000000
V 360.500000 85.333333 137.000000 100.000000
V 511.500000 85.333333 125.000000 110.000000
V 662.500000 67.000000 125.000000 110.000000
V 608.187500 152.250000 28.375000 20.500000
V 910.187500 67.000000 28.375000 20.500000
V 971.000000 286.166667 150.000000 100.000000
V 1141.000000 243.500000 150.000000 110.000000
V 662.500000 246.000000 137.000000 125.000000
V 1250.187500 243.500000 28.375000 20.500000
V 975.166667 406.166667 125.000000 100.000000
V 827.666667 309.500000 40.000000 40.000000
V 1141.000000 389.500000 137.000000 100.000000
V 1298.500000 389.500000 125.000000 110.000000
V 1080.187500 469.750000 28.375000 20.500000
V 1395.000000 389.500000 28.000000 28.000000
E 1 0
E 0 3
E 3 2
E 6 2
U 2 8
E 2 9
E 3 4
E 4 5
E 5 6
U 5 7
E 9 10
E 14 9
E 10 11
U 10 12
E 11 14
E 14 13
E 13 15
U 13 17
E 15 16
E 16 18
G 1030199890.json 20 19
V 909.001000 118.839667 30.000000 30.000000
V 994.001000 118.839667 100.000000 80.000000
V 1079.001000 118.839667 30.000000 30.000000
V 1349.001000 118.839667 30.000000 30.000000
V 1434.001000 118.839667 100.000000 80.000000
V 654.001000 118.839667 100.000000 80.000000
V 27.000000 98.839667 30.000000 30.000000
V 77.000000 98.839667 30.000000 30.000000
V 414.001000 118.839667 100.000000 80.000000
V 127.000000 98.839667 30.000000 30.000000
V 212.000000 98.839667 100.000000 80.000000
V 316.667333 112.173000 40.000000 40.000000
V 378.001000 44.839667 28.000000 28.000000
V 313.000500 42.086500 62.001000 60.173000
V 534.001000 118.839667 100.000000 80.000000
V 774.001000 118.839667 100.000000 80.000000
V 859.001000 118.839667 30.000000 30.000000
V 1129.001000 118.839667 30.000000 30.000000
V 1214.001000 118.839667 100.000000 80.000000
V 1299.001000 118.839667 30.000000 30.000000
E 0 1
E 16 0
E 1 2
E 2 17
E 3 4
E 19 3
E 14 5
E 5 15
E 6 7
E 7 9
E 11 8
E 8 14
E 9 10
E 10 11
U 10 13
E 11 12
E 15 16
E 17 18
E 18 19
G 103042800.json 19 22
V 745.000000 205.666667 30.000000 30.000000
V 840.000000 230.666667 100.000000 80.000000
V 312.000000 343.333333 30.000000 30.000000
V 32.000000 165.666667 40.000000 40.000000
V 97.000000 155.666667 30.000000 30.000000
V 182.000000 155.666667 100.000000 80.000000
V 312.000000 155.666667 100.000000 80.000000
V 442.000000 155.666667 40.000000 40.000000
V 517.000000 149.000000 30.000000 30.000000
V 604.000000 149.000000 40.000000 40.000000
V 710.000000 155.666667 30.000000 30.000000
V 710.000000 73.833333 100.000000 80.000000
V 804.000000 73.833333 28.000000 28.000000
V 517.000000 230.666667 30.000000 30.000000
V 432.000000 281.666667 30.000000 30.000000
V 197.000000 265.666667 40.000000 40.000000
V 97.000000 265.666667 30.000000 30.000000
V 596.000000 60.500000 88.000000 97.000000
V 432.000000 356.666667 100.000000 80.000000
E 0 1
E 10 1
E 13 1
E 14 1
E 1 15
E 15 2
E 2 18
E 3 4
E 3 16
E 18 3
E 4 5
E 5 6
E 6 7
E 7 8
E 7 13
E 8 9
E 9 10
E 9 11
E 11 12
U 17 11
E 15 14
E 16 15
G 1030489511.json 17 19
V 27.000000 265.333333 30.000000 30.000000
V 152.000000 195.333333 40.000000 40.000000
V 242.000000 152.000000 100.000000 80.000000
V 352.000000 195.333333 40.000000 40.000000
V 482.000000 195.333333 100.000000 80.000000
V 572.000000 195.333333 40.000000 40.000000
V 676.000000 102.500000 128.000000 79.000000
V 676.000000 202.000000 100.000000 80.000000
V 780.000000 202.000000 40.000000 40.000000
V 870.000000 208.666667 100.000000 80.000000
V 870.000000 108.666667 100.000000 80.000000
V 954.000000 208.666667 28.000000 28.000000
V 152.000000 52.000000 30.000000 30.000000
V 242.000000 52.000000 100.000000 80.000000
V 82.000000 265.333333 40.000000 40.000000
V 242.000000 275.333333 30.000000 30.000000
V 362.000000 275.333333 100.000000 80.000000
E 0 14
E 1 2
E 1 3
E 14 1
E 2 3
E 3 4
E 4 5
E 5 6
E 5 7
E 7 8
E 8 9
E 8 10
E 9 11
E 10 11
E 16 11
E 12 13
E 14 12
E 14 15
E 15 16
G 1030705906.json 15 18
V 530.000000 152.000000 100.000000 80.000000
V 26.000000 58.666667 28.000000 28.000000
V 440.000000 58.666667 40.000000 40.000000
V 620.000000 58.666667 40.000000 40.000000
V 680.000000 58.666667 40.000000 40.000000
V 1034.000000 96.333333 28.000000 28.000000
V 530.000000 52.000000 100.000000 80.000000
V 770.000000 52.000000 100.000000 80.000000
V 950.000000 96.333333 100.000000 80.000000
V 860.000000 52.000000 40.000000 40.000000
V 110.000000 58.666667 100.000000 80.000000
V 290.000000 152.000000 100.000000 80.000000
V 290.000000 52.000000 100.000000 80.000000
V 200.000000 58.666667 40.000000 40.000000
V 380.000000 58.666667 40.000000 40.000000
E 2 0
E 0 3
E 1 10
E 2 6
E 14 2
E 3 4
E 6 3
E 4 5
E 4 7
E 8 5
E 9 5
E 7 9
E 9 8
E 10 13
E 13 11
E 11 14
E 13 12
E 12 14
G 103078634.json 16 19
V 32.000000 145.333333 40.000000 40.000000
V 122.000000 152.000000 100.000000 80.000000
V 122.000000 52.000000 100.000000 80.000000
V 212.000000 145.333333 40.000000 40.000000
V 310.052550 145.333333 116.105100 100.000000
V 438.105100 145.333333 100.000000 80.000000
V 1038.105100 121.041667 100.000000 55.250000
V 558.105100 145.333333 100.000000 95.000000
V 678.105100 145.333333 100.000000 80.000000
V 768.105100 145.333333 40.000000 40.000000
V 1372.105100 123.708333 28.000000 28.000000
V 858.105100 152.000000 100.000000 55.250000
V 948.105100 152.000000 40.000000 40.000000
V 1318.105100 123.708333 40.000000 40.000000
V 1128.105100 121.041667 40.000000 40.000000
V 1218.105100 77.708333 100.000000 80.000000
E 0 1
E 0 2
E 1 3
E 2 3
E 3 4
E 4 5
E 5 7
E 12 6
E 6 14
E 7 8
E 8 9
E 9 11
E 9 13
E 13 10
E 11 12
E 12 13
E 14 13
E 15 13
E 14 15
G 1030935923.json 18 20
V 115.000000 239.333333 30.000000 30.000000
V 209.000000 239.333333 118.000000 80.000000
V 432.000000 226.000000 28.000000 28.000000
V 348.000000 232.666667 40.000000 40.000000
V 477.000000 300.000000 118.000000 80.000000
V 71.000000 75.333333 118.000000 80.000000
V 348.000000 52.000000 100.000000 80.000000
V 348.000000 152.000000 100.000000 80.000000
V 846.000000 65.333333 100.000000 80.000000
V 966.000000 65.333333 100.000000 80.000000
V 1050.000000 65.333333 28.000000 28.000000
V 228.500000 62.000000 40.000000 40.000000
V 576.000000 152.000000 40.000000 40.000000
V 477.000000 152.000000 100.000000 80.000000
V 666.000000 245.333333 100.000000 80.000000
V 666.000000 145.333333 100.000000 80.000000
V 756.000000 152.000000 40.000000 40.000000
V 576.000000 52.000000 40.000000 40.000000
E 0 1
E 1 3
E 3 2
E 3 4
E 11 3
E 4 5
E 5 11
E 11 6
E 6 17
E 11 7
E 7 13
E 8 9
E 16 8
E 17 8
E 9 10
E 13 12
E 12 14
E 12 15
E 14 16
E 15 16
G 1031337985.json 16 17
V 466.500000 367.000000 100.000000 80.000000
V 666.000000 367.000000 40.000000 40.000000
V 466.500000 485.000000 247.000000 116.000000
V 62.000000 485.000000 100.000000 80.000000
V 147.000000 485.000000 30.000000 30.000000
V 252.500000 485.000000 141.000000 48.000000
V 924.000000 255.333333 100.000000 50.000000
V 1038.000000 255.333333 88.000000 97.000000
V 834.000000 367.000000 30.000000 30.000000
V 540.000000 267.000000 100.000000 80.000000
V 677.500000 275.000000 135.000000 34.000000
V 924.000000 58.666667 30.000000 30.000000
V 702.000000 174.500000 184.000000 125.000000
V 273.000000 367.000000 100.000000 80.000000
V 744.000000 52.000000 100.000000 80.000000
V 834.000000 58.666667 40.000000 40.000000
E 0 1
E 13 0
E 2 1
E 1 8
E 9 1
U 5 2
U 2 7
E 3 4
U 4 5
U 6 7
U 8 6
U 9 6
U 11 7
U 9 10
E 15 11
E 12 15
E 14 15
G 1031360578.json 32 32
V 82.000000 269.333333 40.000000 40.000000
V 142.000000 269.333333 40.000000 40.000000
V 197.000000 343.333333 30.000000 30.000000
V 197.000000 80.000000 30.000000 30.000000
V 246.000000 343.333333 28.000000 28.000000
V 282.000000 80.000000 100.000000 80.000000
V 27.000000 312.666667 30.000000 30.000000
V 372.000000 80.000000 30.000000 30.000000
V 480.000000 80.000000 40.000000 40.000000
V 556.000000 76.000000 28.000000 28.000000
V 557.000000 27.000000 30.000000 30.000000
V 27.000000 262.666667 30.000000 30.000000
V 592.000000 150.000000 100.000000 80.000000
V 682.000000 150.000000 40.000000 40.000000
V 737.000000 143.333333 30.000000 30.000000
V 737.000000 211.666667 30.000000 30.000000
V 792.000000 218.333333 40.000000 40.000000
V 882.000000 218.333333 100.000000 80.000000
V 972.000000 218.333333 40.000000 40.000000
V 1027.000000 211.666667 30.000000 30.000000
V 1027.000000 261.666667 30.000000 30.000000
V 1076.000000 211.666667 28.000000 28.000000
V 1077.000000 261.666667 30.000000 30.000000
V 792.000000 143.333333 30.000000 30.000000
V 847.000000 143.333333 30.000000 30.000000
V 197.000000 269.333333 30.000000 30.000000
V 282.000000 269.333333 100.000000 80.000000
V 372.000000 269.333333 40.000000 40.000000
V 462.000000 262.666667 100.000000 80.000000
V 557.000000 262.666667 30.000000 30.000000
V 462.000000 362.666667 100.000000 80.000000
V 556.000000 362.666667 28.000000 28.000000
E 0 1
E 6 0
E 11 0
E 1 2
E 1 3
E 1 25
E 2 4
E 3 5
E 5 7
E 7 8
E 8 9
E 8 10
E 8 12
E 8 16
E 12 13
E 13 14
E 13 15
E 14 23
E 15 16
E 16 17
E 17 18
E 18 19
E 18 20
E 19 21
E 20 22
E 23 24
E 25 26
E 26 27
E 27 28
E 27 30
E 28 29
E 30 31
G 1031414416.json 15 14
V 698.850990 58.666667 62.001000 60.173000
V 764.851490 58.666667 30.000000 30.000000
V 27.000000 58.666667 30.000000 30.000000
V 1423.276486 192.000000 731.189991 160.000000
V 112.000000 58.666667 100.000000 80.000000
V 258.509999 58.666667 153.019999 80.000000
V 441.435244 58.666667 172.830491 80.000000
V 597.850490 58.666667 100.000000 80.000000
V 2208.532463 52.000000 28.000000 28.000000
V 1423.276485 52.000000 127.830000 80.000000
V 1895.286726 52.000000 172.830491 80.000000
V 2088.117217 52.000000 172.830491 80.000000
V 913.766490 58.666667 127.830000 80.000000
V 814.851490 58.666667 30.000000 30.000000
V 1017.681490 58.666667 40.000000 40.000000
U 0 1
E 7 0
E 1 13
E 2 4
E 14 3
E 4 5
E 5 6
E 6 7
E 11 8
E 9 10
E 14 9
E 10 11
E 13 12
E 12 14
G 1031449026.json 21 22
V 27.000000 65.333333 30.000000 30.000000
V 412.000000 72.000000 100.000000 80.000000
V 832.000000 152.000000 100.000000 80.000000
V 112.000000 65.333333 100.000000 80.000000
V 202.000000 65.333333 40.000000 40.000000
V 292.000000 58.666667 100.000000 80.000000
V 1816.000000 45.333333 28.000000 28.000000
V 532.000000 58.666667 100.000000 80.000000
V 652.000000 58.666667 100.000000 80.000000
V 742.000000 58.666667 40.000000 40.000000
V 1432.000000 52.000000 100.000000 80.000000
V 1552.000000 52.000000 100.000000 80.000000
V 1672.000000 52.000000 100.000000 80.000000
V 1762.000000 52.000000 40.000000 40.000000
V 1852.000000 119.333333 100.000000 80.000000
V 1936.000000 119.333333 28.000000 28.000000
V 952.000000 52.000000 100.000000 80.000000
V 1072.000000 52.000000 100.000000 80.000000
V 1192.000000 52.000000 100.000000 80.000000
V 1312.000000 52.000000 100.000000 80.000000
V 832.000000 52.000000 100.000000 80.000000
E 0 3
E 2 1
E 4 1
E 5 1
E 1 7
E 9 2
E 3 4
E 4 5
E 13 6
E 7 8
E 8 9
E 9 20
E 10 11
E 19 10
E 11 12
E 12 13
E 13 14
E 14 15
E 16 17
E 20 16
E 17 18
E 18 19
G 1031585442.json 39 49
V 37.000000 406.666667 30.000000 30.000000
V 295.000000 400.000000 40.000000 40.000000
V 193.500000 400.000000 123.000000 80.000000
V 2981.500000 382.666667 123.000000 80.000000
V 3137.000000 376.000000 28.000000 28.000000
V 3083.000000 376.000000 40.000000 40.000000
V 385.000000 406.666667 100.000000 80.000000
V 32.000000 215.000000 40.000000 40.000000
V 469.000000 406.666667 28.000000 28.000000
V 1005.000000 215.000000 100.000000 80.000000
V 1925.000000 218.333333 100.000000 80.000000
V 2221.500000 218.333333 119.000000 80.000000
V 2351.000000 218.333333 100.000000 80.000000
V 2580.000000 281.666667 40.000000 40.000000
V 775.000000 43.000000 40.000000 40.000000
V 505.000000 221.666667 100.000000 80.000000
V 685.000000 228.333333 100.000000 80.000000
V 535.000000 352.666667 40.000000 40.000000
V 2850.000000 382.666667 100.000000 80.000000
V 2480.500000 218.333333 119.000000 80.000000
V 775.000000 228.333333 40.000000 40.000000
V 2760.000000 382.666667 40.000000 40.000000
V 885.000000 339.333333 100.000000 80.000000
V 2670.000000 281.666667 100.000000 80.000000
V 1625.000000 238.333333 100.000000 80.000000
V 1131.000000 106.500000 88.000000 97.000000
V 1445.000000 195.000000 100.000000 80.000000
V 1745.000000 225.000000 100.000000 80.000000
V 1255.000000 201.666667 100.000000 80.000000
V 2068.500000 218.333333 147.000000 80.000000
V 1345.000000 201.666667 40.000000 40.000000
V 1445.000000 95.000000 100.000000 80.000000
V 1535.000000 188.333333 40.000000 40.000000
V 1125.000000 215.000000 100.000000 80.000000
V 875.000000 215.000000 40.000000 40.000000
V 1835.000000 218.333333 40.000000 40.000000
V 92.000000 400.000000 40.000000 40.000000
V 595.000000 228.333333 40.000000 40.000000
V 375.000000 221.666667 40.000000 40.000000
E 0 36
E 2 1
E 1 6
E 1 38
E 36 2
E 3 5
E 18 3
E 5 4
E 5 7
E 6 8
E 7 36
E 7 38
E 9 33
E 34 9
E 10 29
E 35 10
E 11 12
E 29 11
E 12 19
E 13 14
E 19 13
E 13 23
E 14 34
E 14 35
E 15 37
E 38 15
E 16 20
E 37 16
E 17 21
E 22 17
E 17 37
E 21 18
E 20 22
E 20 34
E 23 21
E 25 24
E 24 27
E 32 24
E 25 26
E 25 27
E 28 25
E 25 31
E 30 26
E 26 32
E 27 35
E 28 30
E 33 28
E 30 31
E 31 32
G 1031642567.json 38 45
V 37.000000 352.000000 30.000000 30.000000
V 142.000000 352.000000 100.000000 80.000000
V 272.000000 402.000000 100.000000 80.000000
V 32.000000 691.000000 40.000000 40.000000
V 142.000000 453.000000 100.000000 80.000000
V 142.000000 603.000000 100.000000 80.000000
V 142.000000 703.000000 100.000000 80.000000
V 177.000000 528.000000 30.000000 30.000000
V 272.000000 541.333333 100.000000 80.000000
V 392.000000 541.333333 100.000000 80.000000
V 512.000000 541.333333 100.000000 80.000000
V 632.000000 554.666667 100.000000 80.000000
V 752.000000 128.666667 100.000000 80.000000
V 172.000000 105.333333 40.000000 40.000000
V 512.000000 52.000000 100.000000 80.000000
V 272.000000 65.333333 100.000000 80.000000
V 392.000000 65.333333 100.000000 80.000000
V 752.000000 228.666667 100.000000 80.000000
V 622.000000 228.666667 40.000000 40.000000
V 872.000000 228.666667 100.000000 80.000000
V 1012.000000 242.000000 100.000000 80.000000
V 902.000000 480.000000 40.000000 40.000000
V 1012.000000 442.000000 100.000000 80.000000
V 1012.000000 342.000000 100.000000 80.000000
V 1252.000000 342.000000 100.000000 80.000000
V 1132.000000 242.000000 100.000000 80.000000
V 1096.000000 428.666667 28.000000 28.000000
V 392.000000 716.333333 100.000000 80.000000
V 522.000000 716.333333 40.000000 40.000000
V 632.000000 723.000000 100.000000 80.000000
V 1132.000000 643.000000 100.000000 80.000000
V 1336.000000 725.000000 28.000000 28.000000
V 1252.000000 629.666667 100.000000 80.000000
V 752.000000 723.000000 40.000000 40.000000
V 872.000000 723.000000 100.000000 80.000000
V 1022.000000 723.000000 40.000000 40.000000
V 1132.000000 543.000000 100.000000 80.000000
V 1252.000000 729.666667 100.000000 80.000000
E 0 1
E 1 2
E 2 3
E 4 2
E 3 4
E 3 5
E 3 6
E 6 8
E 6 27
E 7 8
E 8 9
E 9 10
E 10 11
E 10 18
E 11 12
E 12 13
E 13 14
E 13 15
E 16 14
E 14 18
E 15 16
E 18 17
E 17 19
E 19 20
E 21 20
E 20 25
E 21 22
E 21 23
E 24 21
E 22 26
E 22 30
E 23 24
E 25 24
E 27 28
E 28 29
E 28 30
E 29 33
E 30 32
E 35 30
E 32 31
E 37 31
E 36 32
E 33 34
E 34 35
E 35 37
G 1031711789.json 20 21
V 332.000000 306.000000 30.000000 30.000000
V 787.000000 221.000000 30.000000 30.000000
V 142.000000 118.000000 30.000000 30.000000
V 409.500000 306.000000 85.000000 40.000000
V 487.000000 306.000000 30.000000 30.000000
V 572.000000 306.000000 85.000000 40.000000
V 864.500000 78.666667 85.000000 40.000000
V 254.500000 118.000000 85.000000 40.000000
V 32.000000 49.000000 40.000000 40.000000
V 142.000000 336.000000 30.000000 30.000000
V 254.500000 336.000000 85.000000 40.000000
V 332.000000 118.000000 30.000000 30.000000
V 409.500000 118.000000 85.000000 40.000000
V 684.000000 221.000000 40.000000 40.000000
V 487.000000 118.000000 30.000000 30.000000
V 587.000000 118.000000 40.000000 40.000000
V 666.000000 167.000000 28.000000 28.000000
V 702.000000 108.000000 100.000000 50.000000
V 572.000000 217.000000 100.000000 98.000000
V 142.000000 37.000000 100.000000 50.000000
E 0 3
E 1 6
E 13 1
E 2 7
E 8 2
E 3 4
E 4 5
E 5 13
E 6 8
E 7 11
E 8 9
U 8 19
E 9 10
E 10 13
E 11 12
E 12 14
E 15 13
U 18 13
E 14 15
E 15 16
U 15 17
G 1032099534.json 24 29
V 723.000000 202.000000 202.000000 83.000000
V 82.000000 206.000000 40.000000 40.000000
V 27.000000 206.000000 30.000000 30.000000
V 946.500000 397.333333 205.000000 80.000000
V 182.000000 253.000000 100.000000 80.000000
V 432.000000 324.666667 100.000000 80.000000
V 302.000000 239.666667 100.000000 50.000000
V 552.000000 311.333333 100.000000 50.000000
V 1529.000000 70.666667 40.000000 40.000000
V 1583.000000 70.666667 28.000000 28.000000
V 302.000000 124.666667 100.000000 80.000000
V 723.000000 58.666667 100.000000 80.000000
V 974.000000 58.666667 40.000000 40.000000
V 1119.000000 152.000000 100.000000 80.000000
V 1119.000000 52.000000 100.000000 80.000000
V 1239.000000 152.000000 100.000000 80.000000
V 1359.000000 152.000000 100.000000 80.000000
V 1359.000000 52.000000 100.000000 80.000000
V 552.000000 58.666667 30.000000 30.000000
V 197.000000 73.666667 40.000000 40.000000
V 417.000000 58.666667 40.000000 40.000000
V 1449.000000 58.666667 40.000000 40.000000
V 302.000000 48.666667 30.000000 30.000000
V 302.000000 324.666667 100.000000 80.000000
E 1 0
E 0 8
E 2 1
E 1 3
E 1 4
E 1 19
E 3 8
U 4 6
E 4 23
U 5 7
E 5 8
E 23 5
E 8 9
E 21 8
E 19 10
E 10 20
E 11 12
E 18 11
E 12 13
E 12 14
E 13 15
E 14 17
E 15 16
E 16 21
E 17 21
E 20 18
E 19 20
E 19 22
E 22 20
G 1032482829.json 15 15
V 85.000000 71.166667 30.000000 30.000000
V 56.000000 154.666667 88.000000 97.000000
V 170.000000 84.500000 100.000000 80.000000
V 431.000000 471.500000 100.000000 80.000000
V 320.666667 383.000000 40.000000 40.000000
V 431.000000 307.833333 100.000000 80.000000
V 515.000000 377.000000 28.000000 28.000000
V 515.000000 458.166667 28.000000 28.000000
V 310.500000 471.500000 88.000000 97.000000
V 317.000000 588.500000 88.000000 97.000000
V 545.000000 540.666667 88.000000 97.000000
V 317.000000 294.500000 88.000000 97.000000
V 551.500000 294.500000 101.000000 97.000000
V 304.000000 177.500000 88.000000 97.000000
V 310.500000 60.500000 101.000000 97.000000
E 0 2
E 1 2
E 2 4
E 2 8
E 2 13
E 2 14
E 4 3
E 3 7
E 8 3
E 9 3
E 3 10
E 4 5
E 5 6
E 11 5
E 5 12
G 1032995931.json 40 44
V 27.000000 65.333333 30.000000 30.000000
V 132.000000 65.333333 140.000000 92.500000
V 242.000000 65.333333 40.000000 40.000000
V 332.000000 158.666667 100.000000 80.000000
V 452.000000 158.666667 40.000000 40.000000
V 899.000000 158.666667 40.000000 40.000000
V 1029.000000 269.833333 100.000000 80.000000
V 1045.666667 152.000000 40.000000 40.000000
V 1177.500000 196.083333 117.000000 79.500000
V 1133.000000 269.833333 28.000000 28.000000
V 1314.500000 196.083333 30.000000 30.000000
V 332.000000 58.666667 100.000000 80.000000
V 452.000000 58.666667 100.000000 80.000000
V 542.000000 58.666667 40.000000 40.000000
V 760.500000 65.250000 117.000000 79.500000
V 632.000000 52.000000 100.000000 80.000000
V 889.000000 65.250000 100.000000 80.000000
V 1029.000000 65.250000 140.000000 80.000000
V 1190.333333 65.250000 40.000000 40.000000
V 1314.500000 58.583333 117.000000 79.500000
V 1453.000000 116.333333 100.000000 80.000000
V 1623.000000 116.333333 100.000000 80.000000
V 1743.000000 116.333333 100.000000 80.000000
V 1863.000000 116.333333 100.000000 80.000000
V 1983.000000 116.333333 100.000000 80.000000
V 2103.000000 116.333333 100.000000 80.000000
V 2193.000000 116.333333 40.000000 40.000000
V 2747.500000 218.833333 139.000000 80.000000
V 2341.500000 109.666667 117.000000 80.000000
V 1538.000000 116.333333 30.000000 30.000000
V 2248.000000 109.666667 30.000000 30.000000
V 2440.000000 109.666667 40.000000 40.000000
V 2569.000000 103.000000 178.000000 85.000000
V 2569.000000 205.500000 117.000000 80.000000
V 2906.500000 218.833333 139.000000 79.500000
V 3054.500000 218.833333 117.000000 79.500000
V 3191.500000 218.833333 117.000000 80.000000
V 2692.000000 103.000000 28.000000 28.000000
V 3328.500000 218.833333 117.000000 79.250000
V 3421.000000 218.833333 28.000000 28.000000
E 0 1
E 1 2
E 2 3
E 2 11
E 3 4
E 4 5
E 5 6
E 5 7
E 6 9
E 7 8
E 7 20
E 8 10
E 10 20
E 11 12
E 12 13
E 13 14
E 13 15
E 15 14
E 14 16
E 16 17
E 17 18
E 18 19
E 18 20
E 19 20
E 20 29
E 21 22
E 29 21
E 22 23
E 23 24
E 24 25
E 25 26
E 26 27
E 26 30
E 33 27
E 27 34
E 30 28
E 28 31
E 31 32
E 31 33
E 32 37
E 34 35
E 35 36
E 36 38
E 38 39
G 1033239968.json 26 29
V 27.000000 264.666667 30.000000 30.000000
V 82.000000 264.666667 40.000000 40.000000
V 182.000000 260.666667 81.000000 40.000000
V 182.000000 320.666667 81.000000 40.000000
V 292.000000 206.666667 40.000000 40.000000
V 182.000000 380.666667 81.000000 40.000000
V 182.000000 194.666667 100.000000 52.000000
V 347.000000 206.666667 30.000000 30.000000
V 677.000000 205.000000 30.000000 30.000000
V 762.000000 205.000000 100.000000 80.000000
V 846.000000 205.000000 28.000000 28.000000
V 452.000000 328.666667 40.000000 40.000000
V 397.000000 328.666667 30.000000 30.000000
V 542.000000 396.000000 100.000000 80.000000
V 506.000000 322.000000 28.000000 28.000000
V 627.000000 396.000000 30.000000 30.000000
V 397.000000 58.666667 30.000000 30.000000
V 452.000000 58.666667 40.000000 40.000000
V 506.000000 126.000000 28.000000 28.000000
V 627.000000 52.000000 30.000000 30.000000
V 542.000000 52.000000 100.000000 80.000000
V 397.000000 206.666667 30.000000 30.000000
V 452.000000 206.666667 40.000000 40.000000
V 506.000000 274.000000 28.000000 28.000000
V 627.000000 200.000000 30.000000 30.000000
V 542.000000 200.000000 100.000000 80.000000
E 0 1
E 1 2
E 1 3
E 1 5
E 1 6
E 2 4
E 3 4
E 5 4
E 6 4
E 4 7
E 7 12
E 7 16
E 7 21
E 8 9
E 15 8
E 24 8
E 9 10
E 12 11
E 11 13
E 11 14
E 13 15
E 16 17
E 17 18
E 17 20
E 20 19
E 21 22
E 22 23
E 22 25
E 25 24
G 1033711844.json 37 39
V 27.000000 134.666667 30.000000 30.000000
V 112.000000 134.666667 100.000000 80.000000
V 692.000000 132.166667 100.000000 80.000000
V 782.000000 125.500000 40.000000 40.000000
V 1082.000000 125.500000 30.000000 30.000000
V 1172.000000 125.500000 100.000000 80.000000
V 1317.000000 57.166667 30.000000 30.000000
V 232.000000 134.666667 100.000000 80.000000
V 317.000000 134.666667 30.000000 30.000000
V 607.000000 132.166667 30.000000 30.000000
V 317.000000 27.000000 30.000000 30.000000
V 872.000000 125.500000 100.000000 80.000000
V 992.000000 125.500000 30.000000 30.000000
V 1262.000000 125.500000 40.000000 40.000000
V 1352.000000 132.166667 100.000000 80.000000
V 1442.000000 132.166667 30.000000 30.000000
V 1502.000000 132.166667 30.000000 30.000000
V 1556.000000 132.166667 28.000000 28.000000
V 367.000000 103.000000 30.000000 30.000000
V 452.000000 89.666667 100.000000 80.000000
V 537.000000 89.666667 30.000000 30.000000
V 367.000000 53.000000 30.000000 30.000000
V 607.000000 243.833333 30.000000 30.000000
V 692.000000 243.833333 100.000000 80.000000
V 782.000000 243.833333 30.000000 30.000000
V 992.000000 243.833333 100.000000 80.000000
V 1082.000000 243.833333 40.000000 40.000000
V 1137.000000 200.500000 30.000000 30.000000
V 872.000000 243.833333 30.000000 30.000000
V 1172.000000 250.500000 30.000000 30.000000
V 1262.000000 250.500000 30.000000 30.000000
V 1352.000000 250.500000 100.000000 80.000000
V 1442.000000 250.500000 40.000000 40.000000
V 1497.000000 202.166667 30.000000 30.000000
V 1502.000000 257.166667 40.000000 40.000000
V 1557.000000 213.833333 30.000000 30.000000
V 1557.000000 263.833333 30.000000 30.000000
E 0 1
E 1 7
E 2 3
E 9 2
E 3 10
E 3 11
E 4 5
E 12 4
E 5 13
E 13 6
E 7 8
E 8 9
E 8 18
E 10 9
E 20 9
E 10 21
E 11 12
E 13 14
E 14 15
E 15 16
E 16 17
E 18 19
E 19 20
E 21 19
E 20 22
E 22 23
E 23 24
E 24 28
E 25 26
E 28 25
E 26 27
E 26 29
E 29 30
E 30 31
E 31 32
E 32 33
E 32 34
E 34 35
E 34 36
G 1033978385.json 17 16
V 1432.000000 39.500000 100.000000 55.000000
V 1552.000000 39.500000 100.000000 55.000000
V 1672.000000 39.500000 100.000000 55.000000
V 1792.000000 39.500000 100.000000 55.000000
V 1876.000000 39.500000 28.000000 28.000000
V 952.000000 39.500000 100.000000 55.000000
V 1072.000000 39.500000 100.000000 55.000000
V 1192.000000 39.500000 100.000000 55.000000
V 1312.000000 39.500000 100.000000 55.000000
V 592.000000 39.500000 100.000000 55.000000
V 712.000000 39.500000 100.000000 55.000000
V 832.000000 39.500000 100.000000 55.000000
V 112.000000 39.500000 100.000000 55.000000
V 232.000000 39.500000 100.000000 55.000000
V 352.000000 39.500000 100.000000 55.000000
V 472.000000 39.500000 100.000000 55.000000
V 27.000000 39.500000 30.000000 30.000000
E 0 1
E 8 0
E 1 2
E 2 3
E 3 4
E 5 6
E 11 5
E 6 7
E 7 8
E 9 10
E 15 9
E 10 11
E 12 13
E 16 12
E 13 14
E 14 15
G 1034187908.json 18 18
V 27.000000 177.666667 30.000000 30.000000
V 82.000000 177.666667 40.000000 40.000000
V 142.000000 70.333333 40.000000 40.000000
V 322.000000 184.333333 40.000000 40.000000
V 142.000000 184.333333 30.000000 30.000000
V 232.000000 184.333333 30.000000 30.000000
V 532.000000 135.166667 30.000000 30.000000
V 617.000000 135.166667 30.000000 30.000000
V 422.000000 191.000000 40.000000 40.000000
V 672.000000 135.166667 40.000000 40.000000
V 412.000000 86.166667 100.000000 55.000000
V 232.000000 39.500000 100.000000 55.000000
V 762.000000 135.166667 100.000000 55.000000
V 532.000000 197.666667 100.000000 55.000000
V 616.000000 197.666667 28.000000 28.000000
V 846.000000 135.166667 28.000000 28.000000
V 316.000000 39.500000 28.000000 28.000000
V 496.000000 86.166667 28.000000 28.000000
E 0 1
E 1 2
E 1 4
E 2 10
E 2 11
E 5 3
E 3 8
E 3 10
E 4 5
E 6 7
E 8 6
E 7 9
E 8 13
E 9 12
E 10 17
E 11 16
E 12 15
E 13 14
G 1034715661.json 15 15
V 122.000000 152.000000 100.000000 80.000000
V 507.000000 58.666667 30.000000 30.000000
V 1229.310000 52.000000 28.000000 28.000000
V 592.000000 58.666667 100.000000 80.000000
V 832.000000 58.666667 100.000000 80.000000
V 712.000000 58.666667 100.000000 80.000000
V 1229.310000 100.000000 28.000000 28.000000
V 32.000000 58.666667 40.000000 40.000000
V 212.000000 58.666667 40.000000 40.000000
V 122.000000 52.000000 100.000000 80.000000
V 302.000000 58.666667 100.000000 80.000000
V 422.000000 58.666667 100.000000 80.000000
V 952.000000 58.666667 100.000000 80.000000
V 1078.655000 58.666667 113.310000 80.000000
V 1175.310000 58.666667 40.000000 40.000000
E 7 0
E 0 8
E 1 3
E 11 1
E 14 2
E 3 5
E 5 4
E 4 12
E 14 6
E 7 9
E 9 8
E 8 10
E 10 11
E 12 13
E 13 14
G 1034897705.json 33 37
V 43.937500 294.948500 63.875000 57.946000
V 110.875000 294.948500 30.000000 30.000000
V 165.875000 294.948500 40.000000 40.000000
V 220.875000 200.615167 30.000000 30.000000
V 220.875000 301.615167 30.000000 30.000000
V 305.875000 200.615167 100.000000 80.000000
V 305.875000 301.615167 100.000000 80.000000
V 390.875000 200.615167 30.000000 30.000000
V 475.875000 200.615167 100.000000 80.000000
V 595.875000 178.000000 51.849000 51.897000
V 715.875000 200.615167 100.000000 80.000000
V 835.875000 200.615167 100.000000 80.000000
V 1335.875000 246.615167 30.000000 30.000000
V 1435.875000 226.615167 100.000000 80.000000
V 625.875000 99.615167 40.000000 40.000000
V 715.875000 99.615167 100.000000 80.000000
V 835.875000 99.615167 63.875000 57.946000
V 1005.875000 99.615167 100.000000 80.000000
V 920.875000 99.615167 30.000000 30.000000
V 595.875000 264.948500 100.000000 80.000000
V 691.799500 306.299000 51.849000 51.897000
V 475.875000 301.615167 100.000000 80.000000
V 390.875000 301.615167 30.000000 30.000000
V 920.875000 246.615167 30.000000 30.000000
V 1005.875000 246.615167 100.000000 80.000000
V 1125.875000 246.615167 100.000000 80.000000
V 1245.875000 246.615167 30.000000 30.000000
V 1114.208333 52.000000 30.000000 30.000000
V 1245.875000 52.000000 100.000000 80.000000
V 1101.799500 112.948500 51.849000 51.897000
V 1335.875000 52.000000 40.000000 40.000000
V 1435.875000 45.333333 30.000000 30.000000
V 1555.875000 45.333333 100.000000 50.000000
U 0 1
E 1 2
E 2 3
E 2 4
E 3 5
E 4 6
E 5 7
E 6 22
E 7 8
U 8 9
E 8 10
U 9 10
E 10 11
E 11 23
E 12 13
E 26 12
E 13 14
E 30 13
E 14 15
E 14 27
U 15 16
U 16 18
E 18 17
E 17 27
U 17 29
U 19 20
E 21 19
E 19 23
U 21 20
E 22 21
E 23 24
E 24 25
E 25 26
E 27 28
E 28 30
E 30 31
U 31 32
G 1034919934.json 40 44
V 1166.000000 84.500000 40.000000 40.000000
V 1256.000000 77.833333 100.000000 80.000000
V 1616.000000 91.166667 100.000000 80.000000
V 1910.000000 84.500000 88.000000 97.000000
V 2324.000000 91.166667 100.000000 80.000000
V 2444.000000 91.166667 100.000000 80.000000
V 2545.000500 141.919833 62.001000 60.173000
V 2640.001000 141.919833 88.000000 97.000000
V 2528.000000 77.833333 28.000000 28.000000
V 1706.000000 91.166667 40.000000 40.000000
V 936.000000 169.000000 100.000000 80.000000
V 1496.000000 91.166667 100.000000 80.000000
V 1796.000000 184.500000 100.000000 80.000000
V 2024.000000 184.500000 100.000000 80.000000
V 2144.000000 84.500000 100.000000 80.000000
V 1796.000000 84.500000 100.000000 80.000000
V 2234.000000 91.166667 40.000000 40.000000
V 493.000000 354.500000 30.000000 30.000000
V 578.000000 354.500000 100.000000 80.000000
V 700.000000 354.500000 40.000000 40.000000
V 816.000000 361.166667 100.000000 80.000000
V 2024.000000 84.500000 100.000000 80.000000
V 1376.000000 77.833333 100.000000 80.000000
V 226.000000 376.333333 88.000000 97.000000
V 226.000000 259.333333 88.000000 97.000000
V 112.000000 272.666667 100.000000 80.000000
V 816.000000 169.000000 100.000000 80.000000
V 27.000000 142.333333 30.000000 30.000000
V 226.000000 142.333333 88.000000 97.000000
V 578.000000 159.028833 62.001000 60.173000
V 464.000000 266.000000 88.000000 97.000000
V 464.000000 149.000000 88.000000 97.000000
V 692.000000 266.000000 88.000000 97.000000
V 692.000000 149.000000 88.000000 97.000000
V 942.000000 277.500000 88.000000 97.000000
V 942.000000 394.500000 88.000000 97.000000
V 942.000000 60.500000 88.000000 97.000000
V 112.000000 142.333333 100.000000 80.000000
V 1076.000000 84.500000 100.000000 80.000000
V 350.000000 162.333333 100.000000 80.000000
E 0 1
E 0 11
E 38 0
E 1 22
E 2 9
E 11 2
E 15 3
E 3 21
E 4 5
E 16 4
U 5 6
E 5 8
U 6 7
E 9 12
E 9 15
E 26 10
E 10 38
E 22 11
E 12 13
E 13 16
E 14 16
E 21 14
E 17 18
E 18 19
E 19 20
E 19 26
E 25 23
E 23 39
E 25 24
E 24 39
E 32 26
E 33 26
E 27 37
E 37 28
E 28 39
U 30 29
U 31 29
U 29 32
U 29 33
E 39 30
E 39 31
E 34 38
E 35 38
E 36 38
G 1035058931.json 38 43
V 27.000000 107.666667 30.000000 30.000000
V 112.000000 107.666667 100.000000 80.000000
V 202.000000 107.666667 40.000000 40.000000
V 257.000000 114.333333 30.000000 30.000000
V 670.000000 52.000000 100.000000 80.000000
V 755.000000 52.000000 30.000000 30.000000
V 525.000000 119.333333 30.000000 30.000000
V 580.000000 119.333333 40.000000 40.000000
V 634.000000 126.000000 28.000000 28.000000
V 1195.000000 52.000000 30.000000 30.000000
V 1803.657333 62.000000 30.000000 30.000000
V 1961.472000 62.000000 100.000000 80.000000
V 2060.972000 62.000000 28.000000 28.000000
V 1388.333333 57.000000 30.000000 30.000000
V 1690.000000 57.000000 100.000000 80.000000
V 476.000000 124.333333 28.000000 28.000000
V 1400.000000 179.333333 100.000000 80.000000
V 1195.000000 174.333333 30.000000 30.000000
V 1291.666667 174.333333 30.000000 30.000000
V 1508.333333 184.333333 30.000000 30.000000
V 1010.000000 169.333333 100.000000 80.000000
V 1095.000000 169.333333 30.000000 30.000000
V 1145.000000 169.333333 30.000000 30.000000
V 1701.666667 184.333333 30.000000 30.000000
V 1909.972000 136.789168 28.000000 28.000000
V 1605.000000 184.333333 30.000000 30.000000
V 805.000000 169.333333 30.000000 30.000000
V 307.000000 124.333333 30.000000 30.000000
V 257.000000 169.333333 30.000000 30.000000
V 392.000000 124.333333 100.000000 80.000000
V 890.000000 169.333333 100.000000 80.000000
V 1817.986000 189.333333 115.972000 80.000000
V 1961.472000 202.666667 131.000000 63.754997
V 1280.000000 254.333333 100.000000 80.000000
V 1411.666667 254.333333 30.000000 30.000000
V 1195.000000 254.333333 30.000000 30.000000
V 1520.000000 259.333333 100.000000 80.000000
V 1604.000000 259.333333 28.000000 28.000000
E 0 1
E 1 2
E 2 3
E 2 4
E 3 6
E 3 27
E 4 5
E 7 4
E 5 9
E 5 26
E 6 7
E 15 6
E 7 8
E 9 13
E 22 9
E 10 11
E 14 10
E 23 10
E 11 12
E 13 14
E 18 13
E 29 15
E 18 16
E 16 19
E 17 18
E 22 17
E 19 25
E 34 19
E 20 21
E 30 20
E 21 22
E 25 23
E 23 31
E 31 24
E 28 26
E 26 30
E 28 27
E 27 29
U 31 32
E 33 34
E 35 33
E 34 36
E 36 37
G 1035193139.json 22 23
V 112.000000 163.839667 100.000000 80.000000
V 27.000000 163.839667 30.000000 30.000000
V 232.000000 163.839667 100.000000 80.000000
V 352.000000 117.173000 100.000000 50.000000
V 352.000000 177.173000 30.000000 30.000000
V 472.000000 163.839667 100.000000 80.000000
V 370.999500 42.086500 62.001000 60.173000
V 1672.000000 163.839667 100.000000 80.000000
V 1757.000000 132.173000 30.000000 30.000000
V 1312.000000 150.506333 100.000000 80.000000
V 1771.401091 177.173000 58.802181 20.000000
V 592.000000 163.839667 100.000000 80.000000
V 682.000000 163.839667 40.000000 40.000000
V 892.000000 157.173000 100.000000 80.000000
V 982.000000 157.173000 40.000000 40.000000
V 1192.000000 150.506333 100.000000 80.000000
V 772.000000 85.506333 100.000000 80.000000
V 1432.000000 150.506333 100.000000 80.000000
V 1072.000000 113.839667 100.000000 80.000000
V 1552.000000 78.839667 100.000000 50.000000
V 1552.000000 163.839667 100.000000 80.000000
V 892.000000 72.173000 100.000000 50.000000
E 1 0
E 0 2
U 2 3
E 2 4
E 4 5
U 6 5
E 5 11
E 7 8
U 7 10
E 20 7
E 15 9
E 9 17
E 11 12
E 12 13
E 12 16
E 13 14
E 16 13
E 14 15
E 14 18
E 18 15
U 16 21
U 17 19
E 17 20
G 1035274499.json 39 49
V 793.724300 536.042628 100.000000 80.000000
V 284.344860 594.445312 100.000000 80.000000
V 1869.749666 427.578342 100.000000 80.000000
V 986.069160 449.375961 40.000000 40.000000
V 1071.069160 367.709295 30.000000 30.000000
V 1957.094526 427.578342 30.000000 30.000000
V 886.069160 536.042628 40.000000 40.000000
V 976.069160 542.709295 100.000000 80.000000
V 2044.439386 427.578342 104.689720 63.500000
V 1306.069160 152.000000 100.000000 80.000000
V 1454.392123 269.959295 100.000000 80.000000
V 1324.131660 283.292628 63.875000 57.946000
V 1454.392123 179.812981 136.645926 60.292628
V 1454.392123 369.959295 100.000000 80.000000
V 406.689720 594.445312 100.000000 80.000000
V 1106.069160 442.709295 100.000000 80.000000
V 1747.404806 414.245009 100.000000 80.000000
V 651.379440 512.042628 100.000000 80.000000
V 529.034580 585.646654 104.689720 67.208052
V 1869.749666 333.974316 104.689720 67.208052
V 406.689720 512.042628 30.000000 30.000000
V 512.862150 512.042628 40.000000 40.000000
V 1605.059946 462.709295 104.689720 63.500000
V 1605.059946 548.063321 104.689720 67.208052
V 793.724300 442.438602 104.689720 67.208052
V 441.689720 462.042628 30.000000 30.000000
V 1206.069160 373.292628 40.000000 40.000000
V 1306.069160 52.000000 100.000000 80.000000
V 1454.392123 52.000000 104.689720 63.500000
V 529.034580 345.702585 104.689720 67.208052
V 284.344860 500.841286 104.689720 67.208052
V 791.379440 347.834576 100.000000 80.000000
V 1605.059946 145.016667 104.689720 63.500000
V 1106.069160 542.709295 100.000000 80.000000
V 1200.069160 542.709295 28.000000 28.000000
V 162.000000 581.111979 100.000000 80.000000
V 284.344860 415.487260 104.689720 63.500000
V 77.000000 581.111979 30.000000 30.000000
V 27.000000 581.111979 30.000000 30.000000
E 0 6
E 17 0
E 1 14
E 35 1
E 2 5
E 16 2
E 3 4
E 6 3
E 3 15
E 5 8
E 6 7
E 7 33
E 9 10
E 26 9
E 9 32
U 11 10
E 10 16
E 10 32
U 11 12
U 11 13
E 13 16
E 26 13
E 13 32
E 14 21
E 15 16
E 17 15
E 15 22
E 15 26
E 16 19
E 22 16
E 23 16
E 32 16
E 18 17
E 21 17
E 17 24
E 29 17
E 17 31
E 20 21
E 30 20
E 25 21
E 26 27
E 27 28
E 28 32
E 30 29
E 29 31
E 33 34
E 35 36
E 37 35
E 38 37
G 1035394039.json 26 26
V 302.000000 348.666667 100.000000 80.000000
V 422.000000 335.333333 100.000000 80.000000
V 792.000000 52.000000 100.000000 80.000000
V 792.000000 238.666667 100.000000 80.000000
V 512.000000 335.333333 40.000000 40.000000
V 602.000000 197.666667 100.000000 80.000000
V 602.000000 342.000000 100.000000 80.000000
V 62.000000 228.666667 100.000000 80.000000
V 182.000000 242.000000 100.000000 80.000000
V 422.000000 235.333333 100.000000 80.000000
V 312.000000 242.000000 40.000000 40.000000
V 792.000000 352.000000 100.000000 80.000000
V 692.000000 342.000000 40.000000 40.000000
V 912.000000 352.000000 100.000000 80.000000
V 912.000000 52.000000 100.000000 80.000000
V 1032.000000 52.000000 100.000000 80.000000
V 912.000000 252.000000 100.000000 80.000000
V 1032.000000 252.000000 100.000000 80.000000
V 1152.000000 252.000000 100.000000 80.000000
V 1272.000000 252.000000 100.000000 80.000000
V 1392.000000 252.000000 100.000000 80.000000
V 1482.000000 252.000000 40.000000 40.000000
V 1572.000000 258.666667 100.000000 80.000000
V 1572.000000 158.666667 100.000000 80.000000
V 1692.000000 258.666667 100.000000 80.000000
V 912.000000 152.000000 100.000000 80.000000
E 0 1
E 1 4
E 10 1
E 12 2
E 2 14
E 12 3
E 3 16
E 3 25
E 4 5
E 4 6
E 5 7
E 6 12
E 7 8
E 8 10
E 10 9
E 12 11
E 11 13
E 14 15
E 16 17
E 17 18
E 18 19
E 19 20
E 20 21
E 21 22
E 21 23
E 22 24
G 103548326.json 34 38
V 27.000000 209.000000 30.000000 30.000000
V 112.000000 209.000000 100.000000 80.000000
V 232.000000 209.000000 100.000000 80.000000
V 352.000000 209.000000 100.000000 80.000000
V 542.000000 219.000000 100.000000 80.000000
V 542.000000 68.000000 100.000000 80.000000
V 627.000000 205.666667 30.000000 30.000000
V 442.000000 209.000000 40.000000 40.000000
V 712.000000 168.000000 100.000000 80.000000
V 627.000000 68.000000 30.000000 30.000000
V 712.000000 68.000000 100.000000 80.000000
V 802.000000 168.000000 40.000000 40.000000
V 892.000000 174.666667 100.000000 80.000000
V 892.000000 74.666667 100.000000 80.000000
V 982.000000 168.000000 40.000000 40.000000
V 1072.000000 168.000000 100.000000 80.000000
V 1192.000000 168.000000 100.000000 80.000000
V 1277.000000 168.000000 30.000000 30.000000
V 1362.000000 168.000000 100.000000 80.000000
V 1552.000000 178.000000 100.000000 80.000000
V 1672.000000 178.000000 30.000000 30.000000
V 1452.000000 168.000000 40.000000 40.000000
V 1672.000000 103.000000 100.000000 80.000000
V 1552.000000 52.000000 100.000000 80.000000
V 1762.000000 103.000000 40.000000 40.000000
V 1852.000000 103.000000 100.000000 80.000000
V 1937.000000 103.000000 30.000000 30.000000
V 2022.000000 103.000000 100.000000 80.000000
V 2107.000000 103.000000 30.000000 30.000000
V 2192.000000 103.000000 100.000000 80.000000
V 2312.000000 103.000000 100.000000 80.000000
V 2432.000000 103.000000 100.000000 80.000000
V 2552.000000 103.000000 100.000000 80.000000
V 2636.000000 103.000000 28.000000 28.000000
E 0 1
E 1 2
E 2 3
E 3 7
E 4 6
E 7 4
E 4 11
E 7 5
E 5 9
E 7 8
E 8 11
E 9 10
E 10 11
E 11 12
E 11 13
E 12 14
E 13 14
E 14 15
E 15 16
E 16 17
E 17 18
E 18 21
E 19 20
E 21 19
E 20 24
E 21 22
E 21 23
E 22 24
E 23 24
E 24 25
E 25 26
E 26 27
E 27 28
E 28 29
E 29 30
E 30 31
E 31 32
E 32 33
G 1035605564.json 21 25
V 502.000000 122.000000 100.000000 80.000000
V 1082.000000 113.666667 100.000000 80.000000
V 1660.000000 82.000000 100.000000 80.000000
V 27.000000 57.000000 30.000000 30.000000
V 112.000000 57.000000 100.000000 80.000000
V 622.000000 122.000000 100.000000 80.000000
V 1202.000000 113.666667 100.000000 80.000000
V 1780.000000 82.000000 100.000000 80.000000
V 1864.000000 82.000000 28.000000 28.000000
V 197.000000 57.000000 30.000000 30.000000
V 707.000000 122.000000 30.000000 30.000000
V 1287.000000 113.666667 30.000000 30.000000
V 332.000000 52.000000 100.000000 80.000000
V 1492.000000 68.666667 100.000000 80.000000
V 417.000000 52.000000 30.000000 30.000000
V 997.000000 60.333333 30.000000 30.000000
V 1576.000000 68.666667 28.000000 28.000000
V 912.000000 60.333333 100.000000 80.000000
V 247.000000 52.000000 30.000000 30.000000
V 792.000000 60.333333 100.000000 80.000000
V 1372.000000 68.666667 100.000000 80.000000
E 0 5
E 9 0
E 14 0
E 1 6
E 10 1
E 15 1
E 2 7
E 11 2
E 16 2
E 3 4
E 4 9
E 5 10
E 6 11
E 7 8
E 9 18
E 10 19
E 11 20
E 12 14
E 18 12
E 13 16
E 20 13
E 14 19
E 17 15
E 15 20
E 19 17
G 1036372461.json 28 32
V 626.000000 208.562673 100.000000 80.000000
V 716.000000 208.562673 40.000000 40.000000
V 213.000000 73.666667 30.000000 30.000000
V 312.000000 73.666667 128.000000 40.000000
V 416.000000 73.666667 40.000000 40.000000
V 506.000000 325.336006 100.000000 40.000000
V 517.666667 67.000000 30.000000 30.000000
V 814.000000 290.336006 100.000000 40.000000
V 945.000000 290.336006 30.000000 30.000000
V 637.666667 325.336006 30.000000 30.000000
V 710.000000 345.336006 28.000000 28.000000
V 1059.000000 407.089173 100.000000 80.000000
V 1153.000000 457.842340 28.000000 28.000000
V 814.000000 201.896006 116.000000 96.880000
V 857.000000 118.456007 30.000000 30.000000
V 1059.000000 114.637338 100.000000 80.000000
V 1153.000000 329.669340 28.000000 28.000000
V 935.500000 123.456007 87.000000 52.912013
V 1170.000500 393.755840 62.001000 60.173000
V 27.000000 38.666667 30.000000 30.000000
V 120.000000 38.666667 116.000000 40.000000
V 826.666667 32.000000 40.000000 40.000000
V 1038.000000 282.336006 30.000000 30.000000
V 921.250000 62.000000 30.000000 30.000000
V 1289.500000 275.669340 87.000000 47.912013
V 1367.000000 275.669340 28.000000 28.000000
V 1182.500000 275.669340 87.000000 40.000000
V 1170.000500 101.304004 62.001000 60.173000
E 0 1
E 6 0
E 1 7
E 1 13
E 2 3
E 20 2
E 3 4
E 4 5
E 4 6
E 5 9
E 6 23
E 7 8
E 8 11
E 8 22
E 9 10
E 9 22
E 11 12
U 11 18
E 14 17
E 14 23
E 15 16
E 17 15
U 15 27
E 17 22
E 19 20
E 20 21
E 21 22
E 21 23
E 22 26
E 23 26
E 24 25
E 26 24
G 1036482855.json 39 44
V 1324.500000 112.166667 89.000000 60.000000
V 1432.000000 102.166667 86.000000 60.000000
V 1543.500000 102.166667 97.000000 65.000000
V 1655.000000 113.000000 86.000000 72.000000
V 1636.000000 34.500000 48.000000 45.000000
V 379.000000 297.699167 78.000000 60.000000
V 458.000000 297.699167 40.000000 40.000000
V 674.750000 304.365833 40.000000 40.000000
V 826.000000 226.779333 78.000000 60.000000
V 548.000000 304.365833 78.000000 55.000000
V 935.000000 226.779333 100.000000 60.000000
V 1025.000000 226.779333 40.000000 40.000000
V 1025.000000 314.365833 40.000000 40.000000
V 1109.333333 321.032500 78.000000 55.000000
V 1108.000000 243.446000 78.000000 60.000000
V 1202.000500 330.199167 62.001000 60.173000
V 1202.937500 191.139667 63.875000 57.946000
V 1207.333333 260.112667 40.000000 40.000000
V 1215.500000 112.166667 89.000000 60.000000
V 1108.000000 102.166667 86.000000 60.000000
V 826.000000 314.365833 30.000000 30.000000
V 752.000000 226.779333 30.000000 30.000000
V 935.000000 92.166667 30.000000 30.000000
V 215.500000 304.365833 89.000000 60.000000
V 548.000000 226.865833 100.000000 60.000000
V 300.000000 297.699167 40.000000 40.000000
V 1847.000000 253.446000 40.000000 40.000000
V 1762.500000 113.000000 89.000000 60.000000
V 2036.000000 253.446000 86.000000 55.000000
V 1930.000000 253.446000 86.000000 60.000000
V 2142.000000 253.446000 86.000000 60.000000
V 1324.500000 39.666667 48.000000 45.000000
V 27.000000 294.365833 30.000000 30.000000
V 106.500000 294.365833 89.000000 60.000000
V 202.937500 225.392833 63.875000 57.946000
V 662.500000 215.199167 89.000000 70.000000
V 217.000000 143.919833 86.000000 65.000000
V 2249.500000 253.446000 89.000000 70.000000
V 2328.000000 253.446000 28.000000 28.000000
E 0 1
E 18 0
E 1 2
E 31 1
E 2 3
E 2 4
E 3 27
E 5 6
E 25 5
E 6 9
E 6 24
E 9 7
E 7 20
E 7 21
E 7 22
E 8 10
E 21 8
E 10 11
E 11 14
E 11 19
E 12 13
E 12 14
E 20 12
U 13 15
E 13 17
U 14 16
E 14 17
E 17 26
E 19 18
E 22 19
E 19 31
E 23 25
E 33 23
E 24 35
E 36 25
E 27 26
E 26 29
E 29 28
E 28 30
E 30 37
E 32 33
U 33 34
E 35 36
E 37 38
G 1036681871.json 26 27
V 87.000000 185.333333 150.000000 100.000000
V 202.000000 185.333333 40.000000 40.000000
V 317.000000 192.000000 150.000000 140.000000
V 256.000000 88.000000 28.000000 28.000000
V 500.975501 192.000000 177.951002 94.710999
V 629.951002 192.000000 40.000000 40.000000
V 766.247003 198.666667 192.592002 140.000000
V 683.951002 94.666667 28.000000 28.000000
V 1127.543004 198.666667 150.000000 120.000000
V 1242.543004 198.666667 40.000000 40.000000
V 1357.543004 105.333333 150.000000 120.000000
V 957.543004 198.666667 150.000000 80.000000
V 1375.876337 205.333333 40.000000 40.000000
V 1527.543004 72.000000 150.000000 120.000000
V 1527.543004 212.000000 150.000000 120.000000
V 1636.730504 72.000000 28.375000 20.500000
V 1778.839005 218.666667 192.592002 100.000000
V 1778.839005 88.666667 150.000000 120.000000
V 1642.543004 212.000000 40.000000 40.000000
V 1915.135006 212.000000 40.000000 40.000000
V 2044.110507 212.000000 177.951002 100.000000
V 2173.086008 212.000000 40.000000 40.000000
V 2319.364510 108.666667 212.557003 120.314990
V 2636.545014 102.000000 261.804006 140.000000
V 2465.643011 108.666667 40.000000 40.000000
V 2525.643011 212.000000 40.000000 40.000000
E 0 1
E 1 2
E 1 3
E 2 4
E 4 5
E 5 6
E 5 7
E 6 11
E 8 9
E 11 8
E 9 10
E 9 12
E 12 13
E 12 14
U 13 15
E 14 18
E 18 16
E 16 19
E 18 17
E 17 19
E 19 20
E 20 21
E 21 22
E 21 25
E 22 24
E 24 23
E 24 25
G 1037263320.json 40 42
V 2866.275017 196.249997 138.000000 80.000000
V 2116.075008 196.249997 1082.400017 368.499994
V 3125.275017 661.166663 100.000000 80.000000
V 3005.275017 661.166663 100.000000 80.000000
V 2116.075008 654.499996 100.000000 80.000000
V 3215.275017 661.166663 40.000000 40.000000
V 2727.275017 654.499996 100.000000 80.000000
V 2882.608350 654.499996 40.000000 40.000000
V 3305.275017 617.833329 100.000000 80.000000
V 3425.275017 654.499996 100.000000 80.000000
V 3509.275017 654.499996 28.000000 28.000000
V 1522.937500 654.499996 30.000000 30.000000
V 2727.275017 196.249997 30.000000 30.000000
V 1522.937500 257.666663 30.000000 30.000000
V 487.000000 526.999996 30.000000 30.000000
V 591.000000 526.999996 138.000000 80.000000
V 1004.500000 526.999996 28.000000 28.000000
V 3005.275017 196.249997 100.000000 80.000000
V 1522.937500 134.833331 63.875000 57.946000
V 319.500000 674.499996 125.000000 80.000000
V 222.000000 674.499996 30.000000 30.000000
V 452.000000 674.499996 100.000000 80.000000
V 591.000000 674.499996 30.000000 30.000000
V 1415.000000 654.499996 112.000000 80.000000
V 1004.500000 674.499996 649.000000 227.000000
V 303.666667 330.333329 30.000000 30.000000
V 222.000000 325.333329 30.000000 30.000000
V 452.000000 330.333329 100.000000 80.000000
V 597.333333 330.333329 100.000000 80.000000
V 1004.500000 257.666663 100.000000 80.000000
V 1415.000000 257.666663 28.000000 28.000000
V 757.000000 343.666663 154.000000 52.000000
V 124.500000 428.666663 125.000000 80.000000
V 27.000000 428.666663 30.000000 30.000000
V 452.000000 433.666663 100.000000 80.000000
V 694.000000 453.666663 28.000000 28.000000
V 319.500000 433.666663 30.000000 30.000000
V 222.000000 428.666663 30.000000 30.000000
V 607.333333 446.999996 40.000000 40.000000
V 901.333333 404.666663 30.000000 30.000000
E 12 0
E 0 17
E 1 12
E 13 1
U 18 1
E 3 2
E 2 5
E 7 3
E 4 6
E 11 4
E 5 8
E 5 9
E 6 7
E 7 8
E 8 9
E 9 10
E 23 11
E 30 13
E 14 15
E 15 16
E 16 23
E 20 19
E 19 21
E 21 22
E 22 24
E 24 23
E 39 23
E 26 25
E 25 27
E 37 25
E 27 28
E 28 29
E 28 31
E 29 30
E 33 32
E 32 37
E 36 34
E 34 38
E 39 34
E 38 35
E 37 36
E 38 39
G 1037531241.json 15 14
V 2875.466783 191.228041 100.000000 80.000000
V 62.000000 235.181247 100.000000 80.000000
V 163.937500 325.267747 63.875000 57.946000
V 163.937500 235.181247 30.000000 30.000000
V 636.952329 286.758936 842.154658 231.052871
V 80.999500 325.267747 62.001000 60.173000
V 1307.006427 286.758936 457.953538 231.052871
V 1772.707109 248.250124 433.447825 231.052871
V 2791.466783 191.228041 28.000000 28.000000
V 1027.029158 121.146000 62.001000 60.173000
V 1307.006427 121.146000 63.875000 57.946000
V 2707.466783 191.228041 100.000000 80.000000
V 2323.448902 191.228041 628.035762 342.132494
V 1772.707109 42.086500 63.875000 57.946000
V 1504.982696 42.086500 62.001000 60.173000
E 8 0
E 1 3
U 2 4
U 5 2
E 3 4
E 4 6
E 6 7
U 10 7
E 7 12
E 11 8
U 9 10
E 12 11
U 13 12
U 14 13
G 1037559497.json 15 16
V 112.000000 267.173000 100.000000 80.000000
V 1360.000000 320.506333 100.000000 80.000000
V 27.000000 267.173000 30.000000 30.000000
V 1444.000000 320.506333 28.000000 28.000000
V 1341.000500 141.173000 62.001000 60.173000
V 472.000000 307.173000 100.000000 80.000000
V 1240.000000 307.173000 100.000000 80.000000
V 232.000000 280.506333 100.000000 80.000000
V 352.000000 293.839667 100.000000 80.000000
V 1120.000000 307.173000 100.000000 80.000000
V 796.000000 307.173000 508.000000 310.000000
V 232.000000 76.753167 100.000000 80.000000
V 333.000500 90.086500 62.001000 60.173000
V 147.000000 63.419833 30.000000 30.000000
V 316.000000 26.000000 28.000000 28.000000
E 2 0
E 0 7
E 0 11
E 1 3
E 6 1
U 6 4
U 7 4
U 8 4
E 8 5
E 5 10
E 9 6
E 7 8
E 10 9
U 11 12
E 13 11
E 11 14
G 1037584453.json 26 32
V 461.100932 214.226522 40.000000 40.000000
V 546.651398 214.226522 40.000000 40.000000
V 619.814247 123.226522 40.000000 40.000000
V 619.814247 220.893189 66.325699 47.000000
V 551.651398 116.559855 30.000000 30.000000
V 692.977097 214.226522 40.000000 40.000000
V 986.501199 126.559855 40.000000 40.000000
V 757.977097 214.226522 50.000000 47.000000
V 822.977097 214.226522 40.000000 40.000000
V 894.948435 207.559855 63.942677 60.000000
V 996.082623 247.559855 78.325699 45.384008
V 1080.245473 126.559855 50.000000 53.500000
V 1145.245473 133.226522 40.000000 40.000000
V 1210.245473 35.500000 50.000000 47.000000
V 911.919774 142.559855 30.000000 30.000000
V 32.000000 132.536378 40.000000 40.000000
V 132.000000 132.536378 96.000000 53.500000
V 132.000000 202.846233 96.000000 47.119711
V 242.000000 74.226522 40.000000 40.000000
V 315.162849 74.226522 66.325699 47.000000
V 388.325699 74.226522 40.000000 40.000000
V 540.651398 67.559855 28.000000 28.000000
V 467.488548 67.559855 78.325699 43.500000
V 393.325699 220.893189 30.000000 30.000000
V 132.000000 269.965944 100.000000 47.119711
V 132.000000 62.226522 100.000000 47.119711
E 0 1
E 20 0
E 23 0
E 1 2
E 1 3
E 4 2
E 2 5
E 2 6
E 3 5
E 5 7
E 9 6
E 6 11
E 14 6
E 7 8
E 8 9
E 8 10
E 10 12
E 11 12
E 12 13
E 13 15
E 15 16
E 15 17
E 15 24
E 15 25
E 16 18
E 17 18
E 18 19
E 24 18
E 25 18
E 19 20
E 20 22
E 22 21
G 1038050553.json 28 31
V 232.000000 442.333333 100.000000 80.000000
V 352.000000 442.333333 100.000000 80.000000
V 442.000000 442.333333 40.000000 40.000000
V 532.000000 449.000000 100.000000 80.000000
V 832.000000 382.333333 100.000000 80.000000
V 916.000000 382.333333 28.000000 28.000000
V 712.000000 355.666667 100.000000 80.000000
V 1072.000000 221.666667 100.000000 80.000000
V 232.000000 229.000000 100.000000 80.000000
V 352.000000 242.333333 100.000000 80.000000
V 442.000000 242.333333 40.000000 40.000000
V 532.000000 249.000000 100.000000 80.000000
V 952.000000 147.666667 100.000000 80.000000
V 832.000000 111.000000 100.000000 80.000000
V 1036.000000 147.666667 28.000000 28.000000
V 712.000000 255.666667 100.000000 80.000000
V 532.000000 149.000000 100.000000 80.000000
V 27.000000 442.333333 30.000000 30.000000
V 112.000000 442.333333 100.000000 80.000000
V 712.000000 455.666667 100.000000 80.000000
V 796.000000 469.000000 28.000000 28.000000
V 622.000000 449.000000 40.000000 40.000000
V 622.000000 249.000000 40.000000 40.000000
V 712.000000 97.666667 100.000000 80.000000
V 796.000000 37.000000 28.000000 28.000000
V 832.000000 282.333333 100.000000 80.000000
V 952.000000 282.333333 100.000000 80.000000
V 1036.000000 295.666667 28.000000 28.000000
E 0 1
E 18 0
E 1 2
E 2 3
E 2 6
E 3 21
E 4 5
E 6 4
E 19 4
E 21 6
E 6 25
E 7 8
E 26 7
E 8 9
E 9 10
E 10 11
E 10 16
E 11 22
E 13 12
E 12 14
E 15 12
E 23 13
E 22 15
E 15 25
E 17 18
E 19 20
E 21 19
E 22 23
E 23 24
E 25 26
E 26 27
G 1038278203.json 23 24
V 1252.000000 152.000000 100.000000 80.000000
V 1372.000000 152.000000 100.000000 80.000000
V 1582.000000 158.666667 40.000000 40.000000
V 1492.000000 115.333333 100.000000 80.000000
V 1912.000000 158.666667 100.000000 80.000000
V 832.000000 158.666667 100.000000 80.000000
V 232.000000 145.333333 100.000000 80.000000
V 922.000000 152.000000 40.000000 40.000000
V 1012.000000 152.000000 100.000000 80.000000
V 1132.000000 152.000000 100.000000 80.000000
V 1672.000000 158.666667 100.000000 80.000000
V 1792.000000 158.666667 100.000000 80.000000
V 2116.000000 158.666667 28.000000 28.000000
V 352.000000 145.333333 100.000000 80.000000
V 442.000000 145.333333 40.000000 40.000000
V 532.000000 152.000000 100.000000 80.000000
V 532.000000 52.000000 100.000000 80.000000
V 652.000000 152.000000 100.000000 80.000000
V 742.000000 152.000000 40.000000 40.000000
V 832.000000 58.666667 100.000000 80.000000
V 112.000000 145.333333 100.000000 80.000000
V 27.000000 145.333333 30.000000 30.000000
V 2032.000000 158.666667 100.000000 80.000000
E 0 1
E 9 0
E 2 1
E 1 3
E 3 2
E 2 10
E 11 4
E 4 22
E 5 7
E 18 5
E 6 13
E 20 6
E 7 8
E 19 7
E 8 9
E 10 11
E 22 12
E 13 14
E 14 15
E 14 16
E 15 17
E 17 18
E 18 19
E 21 20
G 1038331594.json 24 25
V 27.000000 144.306333 30.000000 30.000000
V 112.000000 144.306333 100.000000 80.000000
V 217.916667 144.306333 40.000000 40.000000
V 315.875000 224.306333 100.000000 80.000000
V 435.875000 224.306333 100.000000 80.000000
V 525.875000 130.973000 40.000000 40.000000
V 1275.875000 110.973000 100.000000 80.000000
V 1359.875000 110.973000 28.000000 28.000000
V 213.937500 237.639667 63.875000 57.946000
V 1165.875000 204.306333 40.000000 40.000000
V 1173.937500 110.973000 63.875000 57.946000
V 1155.875000 37.000000 100.000000 50.000000
V 315.875000 124.306333 100.000000 80.000000
V 795.875000 217.639667 100.000000 80.000000
V 1035.875000 204.306333 100.000000 80.000000
V 705.875000 217.639667 40.000000 40.000000
V 615.875000 224.306333 100.000000 80.000000
V 213.937500 75.333333 63.875000 57.946000
V 915.875000 204.306333 100.000000 80.000000
V 813.937500 128.666667 63.875000 57.946000
V 615.875000 124.306333 100.000000 80.000000
V 1479.875000 210.973000 28.000000 28.000000
V 1395.875000 210.973000 100.000000 80.000000
V 1275.875000 210.973000 100.000000 80.000000
E 0 1
E 1 2
E 2 3
E 2 12
E 3 4
U 8 3
E 4 5
E 4 16
E 5 16
E 5 20
E 6 7
E 9 6
U 10 6
U 11 6
E 14 9
E 9 23
U 17 12
E 15 13
E 13 18
E 18 14
E 16 15
E 20 15
U 19 18
E 22 21
E 23 22
G 1038896099.json 26 31
V 342.000000 81.000000 100.000000 80.000000
V 872.000000 192.000000 100.000000 80.000000
V 197.000000 87.666667 30.000000 30.000000
V 512.000000 67.666667 100.000000 80.000000
V 632.000000 284.333333 100.000000 80.000000
V 1022.000000 305.982000 100.000000 80.000000
V 1142.000000 85.333333 100.000000 80.000000
V 1322.000000 92.000000 100.000000 80.000000
V 1423.937500 141.639667 28.000000 28.000000
V 1525.875000 141.639667 100.000000 30.000000
V 252.000000 87.666667 40.000000 40.000000
V 1423.937500 78.666667 63.875000 57.946000
V 742.000000 192.000000 40.000000 40.000000
V 1232.000000 92.000000 40.000000 40.000000
V 872.000000 92.000000 100.000000 80.000000
V 632.000000 54.333333 30.000000 30.000000
V 986.000000 231.982000 28.000000 28.000000
V 752.000000 54.333333 100.000000 80.000000
V 112.000000 52.000000 100.000000 80.000000
V 27.000000 57.000000 30.000000 30.000000
V 112.000000 127.000000 100.000000 30.000000
V 196.000000 38.666667 28.000000 28.000000
V 427.000000 223.666667 30.000000 30.000000
V 512.000000 223.666667 100.000000 80.000000
V 596.000000 210.333333 28.000000 28.000000
V 1003.937500 169.009000 63.875000 57.946000
E 0 3
E 10 0
E 0 22
E 1 5
E 12 1
U 1 25
E 2 10
E 18 2
E 3 12
E 3 15
E 10 4
E 4 12
E 23 4
E 5 6
E 13 5
E 14 5
E 6 13
E 14 6
E 7 8
U 7 11
E 13 7
U 8 9
E 14 16
E 17 14
E 15 17
U 17 25
E 19 18
E 18 21
U 19 20
E 22 23
E 23 24
G 1039155719.json 30 36
V 352.000000 38.666667 30.000000 30.000000
V 472.000000 52.000000 100.000000 80.000000
V 556.000000 52.000000 28.000000 28.000000
V 352.000000 150.000000 100.000000 80.000000
V 436.000000 126.000000 28.000000 28.000000
V 557.000000 155.000000 30.000000 30.000000
V 1352.000000 92.000000 100.000000 80.000000
V 1262.000000 92.000000 40.000000 40.000000
V 1202.000000 98.666667 30.000000 30.000000
V 737.000000 121.000000 30.000000 30.000000
V 1437.000000 73.666667 30.000000 30.000000
V 1486.000000 73.666667 28.000000 28.000000
V 822.000000 121.000000 100.000000 80.000000
V 1202.000000 43.666667 40.000000 40.000000
V 907.000000 134.333333 30.000000 30.000000
V 992.000000 134.333333 100.000000 80.000000
V 1196.000000 147.666667 28.000000 28.000000
V 1112.000000 134.333333 100.000000 80.000000
V 27.000000 65.333333 30.000000 30.000000
V 112.000000 65.333333 100.000000 80.000000
V 232.000000 65.333333 100.000000 80.000000
V 362.000000 244.333333 40.000000 40.000000
V 1646.000000 244.333333 108.000000 80.000000
V 1552.000000 244.333333 40.000000 40.000000
V 1734.000000 244.333333 28.000000 28.000000
V 472.000000 201.000000 100.000000 80.000000
V 562.000000 214.333333 40.000000 40.000000
V 652.000000 171.000000 100.000000 80.000000
V 1437.000000 179.333333 30.000000 30.000000
V 1492.000000 214.333333 40.000000 40.000000
E 0 1
E 20 0
E 1 2
E 1 20
E 3 4
E 5 3
E 3 25
E 25 5
E 7 6
E 6 10
E 6 28
E 8 7
E 13 7
E 17 8
E 9 12
E 27 9
E 10 11
E 13 10
E 12 13
E 12 14
E 14 15
E 15 17
E 17 16
E 18 19
E 19 20
E 20 21
E 21 23
E 21 25
E 23 22
E 22 24
E 29 23
E 25 26
E 26 27
E 26 29
E 27 28
E 28 29
G 1039199550.json 15 18
V 27.000000 145.333333 30.000000 30.000000
V 172.000000 152.000000 100.000000 80.000000
V 82.000000 145.333333 40.000000 40.000000
V 172.000000 52.000000 100.000000 80.000000
V 256.000000 52.000000 28.000000 28.000000
V 307.000000 152.000000 130.000000 81.000000
V 423.937500 126.527000 63.875000 57.946000
V 542.375000 152.166667 133.000000 80.000000
V 648.875000 152.166667 40.000000 40.000000
V 938.875000 152.166667 140.000000 77.000000
V 738.875000 108.833333 100.000000 80.000000
V 828.875000 152.166667 40.000000 40.000000
V 1162.750000 151.666667 100.000000 80.000000
V 1060.812500 105.157667 63.875000 57.946000
V 1247.750000 151.666667 30.000000 30.000000
E 0 2
E 2 1
E 1 5
E 2 3
E 3 4
E 5 6
E 5 7
E 6 7
E 7 8
E 8 10
E 8 11
E 11 9
E 9 12
E 9 13
E 10 11
E 10 13
E 13 12
E 12 14
G 1041215828.json 19 23
V 172.000000 207.000000 100.000000 80.000000
V 292.000000 207.000000 100.000000 80.000000
V 542.000000 203.000000 100.000000 80.000000
V 662.000000 203.000000 100.000000 80.000000
V 782.000000 203.000000 100.000000 80.000000
V 1002.000000 66.285714 100.000000 80.000000
V 1122.000000 66.285714 100.000000 80.000000
V 292.000000 52.000000 100.000000 80.000000
V 412.000000 453.000000 100.000000 80.000000
V 542.000000 303.000000 100.000000 80.000000
V 662.000000 303.000000 100.000000 80.000000
V 782.000000 303.000000 100.000000 80.000000
V 662.000000 403.000000 100.000000 80.000000
V 782.000000 103.000000 100.000000 80.000000
V 27.000000 207.000000 30.000000 30.000000
V 82.000000 207.000000 40.000000 40.000000
V 430.000000 207.000000 40.000000 40.000000
V 912.000000 66.285714 40.000000 40.000000
V 1206.000000 66.285714 28.000000 28.000000
E 0 1
E 15 0
E 1 16
E 2 3
E 16 2
E 3 4
E 4 17
E 5 6
E 17 5
E 6 18
E 15 7
E 7 17
E 15 8
E 8 17
E 9 10
E 16 9
E 10 11
E 11 17
E 16 12
E 12 17
E 16 13
E 13 17
E 14 15
G 1042142536.json 15 16
V 27.000000 234.000000 30.000000 30.000000
V 112.000000 234.000000 100.000000 80.000000
V 232.000000 234.000000 100.000000 80.000000
V 1026.000000 254.000000 28.000000 28.000000
V 317.000000 234.000000 30.000000 30.000000
V 372.000000 234.000000 40.000000 40.000000
V 582.000000 52.000000 100.000000 80.000000
V 462.000000 240.666667 100.000000 80.000000
V 832.000000 247.333333 40.000000 40.000000
V 942.000000 154.000000 100.000000 80.000000
V 942.000000 254.000000 100.000000 80.000000
V 1026.000000 103.000000 28.000000 28.000000
V 592.000000 240.666667 40.000000 40.000000
V 822.000000 103.000000 100.000000 80.000000
V 702.000000 247.333333 100.000000 80.000000
E 0 1
E 1 2
E 2 4
E 10 3
E 4 5
E 5 6
E 5 7
E 6 11
E 7 12
E 8 9
E 8 10
E 14 8
E 9 11
E 13 11
E 12 13
E 12 14
G 1042317506.json 35 45
V 112.000000 64.000000 100.000000 80.000000
V 312.000000 152.000000 100.000000 80.000000
V 312.000000 252.000000 100.000000 80.000000
V 312.000000 352.000000 100.000000 80.000000
V 312.000000 52.000000 100.000000 80.000000
V 572.000000 346.000000 100.000000 80.000000
V 572.000000 246.000000 100.000000 80.000000
V 812.000000 339.333333 100.000000 80.000000
V 812.000000 239.333333 100.000000 80.000000
V 572.000000 146.000000 100.000000 80.000000
V 1062.000000 436.000000 100.000000 80.000000
V 1062.000000 336.000000 100.000000 80.000000
V 1062.000000 236.000000 100.000000 80.000000
V 1302.000000 429.333333 100.000000 80.000000
V 1302.000000 329.333333 100.000000 80.000000
V 1552.000000 526.000000 100.000000 80.000000
V 1732.000000 426.000000 100.000000 80.000000
V 1552.000000 426.000000 100.000000 80.000000
V 1552.000000 326.000000 100.000000 80.000000
V 1852.000000 426.000000 100.000000 80.000000
V 1972.000000 426.000000 100.000000 80.000000
V 27.000000 64.000000 30.000000 30.000000
V 2056.000000 426.000000 28.000000 28.000000
V 202.000000 64.000000 40.000000 40.000000
V 412.000000 156.000000 40.000000 40.000000
V 472.000000 156.000000 40.000000 40.000000
V 662.000000 246.000000 40.000000 40.000000
V 722.000000 246.000000 40.000000 40.000000
V 902.000000 246.000000 40.000000 40.000000
V 962.000000 246.000000 40.000000 40.000000
V 1152.000000 336.000000 40.000000 40.000000
V 1212.000000 336.000000 40.000000 40.000000
V 1392.000000 336.000000 40.000000 40.000000
V 1452.000000 336.000000 40.000000 40.000000
V 1642.000000 426.000000 40.000000 40.000000
E 21 0
E 0 23
E 23 1
E 1 24
E 23 2
E 2 24
E 23 3
E 3 24
E 23 4
E 4 24
E 25 5
E 5 26
E 25 6
E 6 26
E 27 7
E 7 28
E 27 8
E 8 28
E 25 9
E 9 26
E 29 10
E 10 30
E 29 11
E 11 30
E 29 12
E 12 30
E 31 13
E 13 32
E 31 14
E 14 32
E 33 15
E 15 34
E 16 19
E 34 16
E 33 17
E 17 34
E 33 18
E 18 34
E 19 20
E 20 22
E 24 25
E 26 27
E 28 29
E 30 31
E 32 33
G 1043130788.json 28 31
V 569.197998 152.000000 100.000000 80.000000
V 130.062500 66.486500 63.875000 57.946000
V 248.655000 101.955500 113.310000 77.911000
V 407.253999 65.333333 100.000000 80.000000
V 246.436667 200.911000 100.000000 80.000000
V 569.197998 52.000000 100.000000 80.000000
V 423.225999 422.612667 100.000000 80.000000
V 1113.120996 356.919000 129.281999 80.000000
V 533.197998 303.946000 28.000000 28.000000
V 563.197998 386.446000 88.000000 97.000000
V 559.197998 574.946000 40.000000 40.000000
V 823.838998 240.973000 129.281999 80.000000
V 112.000000 214.244333 100.000000 80.000000
V 968.479997 390.005500 62.001000 60.173000
V 986.542497 309.946000 63.875000 57.946000
V 587.260498 240.973000 63.875000 57.946000
V 112.000000 422.612667 100.000000 80.000000
V 266.982500 422.612667 40.000000 40.000000
V 689.197998 240.973000 100.000000 80.000000
V 407.253999 317.279333 163.887998 80.000000
V 27.000000 409.279333 30.000000 30.000000
V 27.000000 459.279333 30.000000 30.000000
V 290.310000 303.946000 30.000000 30.000000
V 1212.761996 343.585667 30.000000 30.000000
V 987.479497 470.178500 62.001000 60.173000
V 968.479997 220.973000 100.000000 80.000000
V 1241.761996 427.085667 88.000000 97.000000
V 569.197998 494.946000 100.000000 80.000000
E 3 0
E 0 18
U 1 2
U 1 3
U 1 4
E 4 3
E 3 5
E 12 4
E 6 9
E 6 10
E 17 6
E 6 27
E 11 7
U 13 7
U 14 7
E 7 23
U 24 7
E 7 26
E 19 8
E 19 9
E 17 10
E 10 18
U 11 13
E 18 11
E 11 25
U 15 18
E 16 17
E 20 16
E 21 16
E 17 19
E 22 19
G 1043134396.json 16 18
V 121.000000 439.419833 30.000000 30.000000
V 206.000000 382.753167 100.000000 80.000000
V 521.000000 214.000000 490.000000 273.000000
V 836.000000 37.000000 100.000000 50.000000
V 1093.500000 214.000000 615.000000 264.000000
V 1386.000000 461.173000 30.000000 30.000000
V 1481.000000 416.086500 100.000000 80.000000
V 236.000000 497.086500 40.000000 40.000000
V 586.000000 447.086500 100.000000 80.000000
V 997.666667 528.086500 40.000000 40.000000
V 1445.000000 528.086500 28.000000 28.000000
V 1481.000000 258.000000 100.000000 50.000000
V 1445.000000 170.000000 28.000000 28.000000
V 74.000000 369.419833 124.000000 70.000000
V 208.000000 168.500000 96.000000 69.000000
V 955.250250 396.086500 62.001000 60.173000
E 0 1
E 1 2
E 13 1
E 1 15
U 2 3
E 2 4
E 14 2
E 2 15
U 4 11
E 4 12
E 5 6
E 6 7
E 15 6
E 7 8
E 7 9
E 8 9
E 8 15
E 9 10
G 1043256737.json 22 27
V 27.000000 62.000000 30.000000 30.000000
V 112.000000 62.000000 100.000000 80.000000
V 197.000000 62.000000 30.000000 30.000000
V 527.000000 108.666667 30.000000 30.000000
V 582.000000 108.666667 40.000000 40.000000
V 637.000000 102.000000 30.000000 30.000000
V 637.000000 168.000000 30.000000 30.000000
V 915.000000 163.000000 30.000000 30.000000
V 915.000000 57.000000 30.000000 30.000000
V 970.000000 63.666667 40.000000 40.000000
V 1024.000000 63.666667 28.000000 28.000000
V 332.000000 57.000000 100.000000 80.000000
V 422.000000 57.000000 40.000000 40.000000
V 477.000000 57.000000 30.000000 30.000000
V 247.000000 57.000000 30.000000 30.000000
V 782.000000 158.000000 100.000000 80.000000
V 637.000000 52.000000 30.000000 30.000000
V 697.000000 52.000000 30.000000 30.000000
V 697.000000 158.000000 30.000000 30.000000
V 866.000000 158.000000 28.000000 28.000000
V 782.000000 52.000000 100.000000 80.000000
V 866.000000 52.000000 28.000000 28.000000
E 0 1
E 1 2
E 2 3
E 2 14
E 3 4
E 13 3
E 4 5
E 4 6
E 5 8
E 5 17
E 6 7
E 6 18
E 7 9
E 19 7
E 8 9
E 21 8
E 9 10
E 11 12
E 14 11
E 12 13
E 13 16
E 18 15
E 15 19
E 16 17
E 16 18
E 17 20
E 20 21
G 1043375091.json 19 21
V 54.001000 132.000000 40.000000 40.000000
V 144.001000 145.333333 100.000000 80.000000
V 234.001000 145.333333 40.000000 40.000000
V 324.001000 152.000000 100.000000 80.000000
V 594.001000 205.333333 40.000000 40.000000
V 504.001000 258.666667 100.000000 40.000000
V 414.001000 165.333333 30.000000 30.000000
V 594.001000 265.333333 40.000000 40.000000
V 684.001000 272.000000 100.000000 55.000000
V 684.001000 137.000000 100.000000 45.000000
V 684.001000 202.000000 100.000000 45.000000
V 774.001000 202.000000 40.000000 40.000000
V 43.000500 220.304500 62.001000 60.173000
V 144.001000 230.333333 100.000000 50.000000
V 324.001000 52.000000 100.000000 80.000000
V 414.001000 58.666667 40.000000 40.000000
V 324.001000 252.000000 100.000000 80.000000
V 414.001000 252.000000 40.000000 40.000000
V 504.001000 165.333333 100.000000 40.000000
E 0 1
E 1 2
U 12 1
E 2 3
E 2 14
E 3 6
E 3 15
E 5 4
E 5 7
E 17 5
E 6 18
E 7 8
E 7 10
E 8 11
E 9 11
E 10 11
U 12 13
E 14 15
E 15 18
E 16 17
E 17 18
G 1043553918.json 25 30
V 27.000000 68.666667 30.000000 30.000000
V 112.000000 68.666667 100.000000 80.000000
V 197.000000 68.666667 30.000000 30.000000
V 490.333333 133.666667 30.000000 30.000000
V 772.000000 133.666667 40.000000 40.000000
V 827.000000 122.000000 30.000000 30.000000
V 827.000000 178.666667 30.000000 30.000000
V 1216.000000 131.666667 28.000000 28.000000
V 912.000000 122.000000 100.000000 80.000000
V 997.000000 122.000000 30.000000 30.000000
V 1047.000000 127.000000 30.000000 30.000000
V 1132.000000 127.000000 100.000000 80.000000
V 332.000000 63.666667 100.000000 80.000000
V 502.000000 58.666667 100.000000 80.000000
V 592.000000 58.666667 40.000000 40.000000
V 682.000000 52.000000 100.000000 80.000000
V 682.000000 188.666667 100.000000 80.000000
V 247.000000 63.666667 30.000000 30.000000
V 417.000000 63.666667 30.000000 30.000000
V 773.666667 52.000000 30.000000 30.000000
V 773.666667 188.666667 30.000000 30.000000
V 1047.000000 52.000000 30.000000 30.000000
V 1336.000000 56.666667 28.000000 28.000000
V 1132.000000 52.000000 30.000000 30.000000
V 1252.000000 52.000000 100.000000 80.000000
E 0 1
E 1 2
E 2 3
E 2 17
E 3 4
E 18 3
E 4 5
E 4 6
E 5 8
E 19 5
E 6 7
E 20 6
E 11 7
E 8 9
E 9 10
E 9 21
E 10 11
E 17 12
E 12 18
E 13 14
E 18 13
E 14 15
E 14 16
E 15 19
E 16 20
E 19 21
E 20 22
E 21 23
E 24 22
E 23 24
G 1043673241.json 15 15
V 27.000000 265.333333 30.000000 30.000000
V 292.666667 258.666667 40.000000 40.000000
V 27.000000 165.333333 30.000000 30.000000
V 587.930002 72.000000 40.000000 40.000000
V 138.500000 265.333333 153.000000 80.000000
V 477.965001 258.666667 100.000000 80.000000
V 138.500000 165.333333 153.000000 80.000000
V 714.110003 72.000000 172.360001 115.090002
V 311.500000 152.000000 153.000000 80.000000
V 138.500000 52.000000 100.000000 80.000000
V 311.500000 52.000000 100.000000 80.000000
V 477.965001 65.333333 139.930002 80.000000
V 27.000000 52.000000 30.000000 30.000000
V 870.290003 52.818333 100.000000 50.000000
V 834.290003 111.818333 28.000000 28.000000
E 0 4
E 4 1
E 1 5
E 6 1
E 2 6
E 5 3
E 3 7
E 11 3
U 6 8
U 7 13
E 7 14
U 8 11
E 9 10
E 12 9
E 10 11
G 1043716184.json 28 32
V 605.001500 110.419833 62.001000 60.173000
V 621.002000 45.333333 30.000000 30.000000
V 706.002000 58.666667 100.000000 80.000000
V 796.002000 58.666667 40.000000 40.000000
V 886.002000 52.000000 100.000000 80.000000
V 886.002000 173.333333 100.000000 80.000000
V 1006.002000 52.000000 100.000000 80.000000
V 1366.002000 52.000000 100.000000 80.000000
V 1486.002000 52.000000 100.000000 80.000000
V 1570.002000 38.666667 28.000000 28.000000
V 43.000500 110.419833 62.001000 60.173000
V 59.001000 175.506333 30.000000 30.000000
V 144.001000 123.753167 100.000000 80.000000
V 234.001000 123.753167 40.000000 40.000000
V 324.001000 117.086500 100.000000 80.000000
V 504.001000 123.753167 100.000000 80.000000
V 414.001000 123.753167 40.000000 40.000000
V 1006.002000 186.666667 100.000000 80.000000
V 1126.002000 112.666667 100.000000 80.000000
V 1246.002000 112.666667 100.000000 80.000000
V 1606.002000 112.666667 100.000000 80.000000
V 1726.002000 112.666667 100.000000 80.000000
V 1846.002000 112.666667 100.000000 80.000000
V 1966.002000 112.666667 100.000000 80.000000
V 2086.002000 112.666667 100.000000 80.000000
V 896.002000 253.333333 40.000000 40.000000
V 1090.002000 186.666667 28.000000 28.000000
V 2170.002000 112.666667 28.000000 28.000000
U 0 2
U 15 0
E 1 2
E 2 3
E 3 4
E 3 5
E 4 6
E 5 17
E 6 7
E 6 18
E 7 8
E 19 7
E 8 9
E 8 20
U 10 12
E 11 12
E 12 13
E 13 14
E 13 16
E 14 16
E 16 15
E 15 25
E 25 17
E 17 26
E 18 19
E 25 18
E 19 20
E 20 21
E 21 22
E 22 23
E 23 24
E 24 27
G 1043844309.json 15 17
V 183.000000 112.500000 122.000000 53.000000
V 27.000000 112.500000 30.000000 30.000000
V 284.000000 121.333333 40.000000 40.000000
V 626.000000 72.000000 30.000000 30.000000
V 385.000000 128.000000 30.000000 30.000000
V 528.500000 128.000000 100.000000 80.000000
V 626.000000 128.000000 30.000000 30.000000
V 711.500000 118.833333 101.000000 55.000000
V 832.500000 128.000000 101.000000 53.000000
V 82.000000 112.500000 40.000000 40.000000
V 284.000000 39.500000 30.000000 30.000000
V 385.000000 39.500000 122.000000 55.000000
V 528.500000 39.500000 125.000000 53.000000
V 843.000000 39.500000 122.000000 53.000000
V 938.000000 39.500000 28.000000 28.000000
E 0 2
E 9 0
E 0 10
E 1 9
E 2 3
E 2 4
E 3 7
E 12 3
E 4 5
E 5 6
E 6 7
E 7 8
E 7 13
E 10 11
E 11 12
E 12 13
E 13 14
G 1044157575.json 20 23
V 27.000000 155.666667 30.000000 30.000000
V 112.000000 155.666667 100.000000 80.000000
V 226.000000 60.500000 88.000000 97.000000
V 232.000000 169.000000 100.000000 80.000000
V 356.000000 73.833333 88.000000 97.000000
V 362.000000 182.333333 100.000000 80.000000
V 482.000000 182.333333 100.000000 80.000000
V 602.000000 137.166667 88.000000 97.000000
V 732.000000 288.666667 100.000000 80.000000
V 482.000000 296.666667 100.000000 80.000000
V 846.000000 288.666667 88.000000 97.000000
V 941.937500 288.666667 63.875000 57.946000
V 602.000000 246.666667 100.000000 80.000000
V 232.000000 431.333333 100.000000 80.000000
V 362.000000 451.333333 100.000000 80.000000
V 482.000000 451.333333 100.000000 80.000000
V 602.000000 464.666667 100.000000 80.000000
V 696.000000 430.000000 28.000000 28.000000
V 696.000000 478.000000 28.000000 28.000000
V 599.000000 356.166667 88.000000 97.000000
E 0 1
E 1 2
E 1 3
E 3 4
E 3 5
E 5 6
E 6 7
E 6 8
E 7 8
E 8 9
E 8 10
E 19 8
E 9 12
E 9 19
U 10 11
E 12 13
E 13 14
E 13 19
E 14 15
E 15 16
E 15 19
E 16 17
E 16 18
G 1044333950.json 34 47
V 27.000000 100.166667 30.000000 30.000000
V 82.000000 56.833333 40.000000 40.000000
V 27.000000 50.166667 30.000000 30.000000
V 202.000000 126.500000 100.000000 63.000000
V 202.000000 209.500000 100.000000 63.000000
V 202.000000 292.500000 100.000000 63.000000
V 202.000000 375.500000 100.000000 63.000000
V 302.000000 209.500000 40.000000 40.000000
V 618.000000 209.500000 100.000000 63.000000
V 998.000000 195.500000 100.000000 75.000000
V 998.000000 367.500000 100.000000 63.000000
V 876.000000 220.000000 40.000000 40.000000
V 1308.000000 331.000000 100.000000 63.000000
V 1110.000000 288.500000 40.000000 40.000000
V 1458.000000 288.500000 40.000000 40.000000
V 1523.000000 378.500000 30.000000 30.000000
V 1523.000000 328.500000 30.000000 30.000000
V 362.000000 209.500000 40.000000 40.000000
V 528.000000 209.500000 40.000000 40.000000
V 445.000000 202.833333 86.000000 63.000000
V 1218.000000 288.500000 40.000000 40.000000
V 1308.000000 137.000000 100.000000 63.000000
V 1398.000000 288.500000 40.000000 40.000000
V 998.000000 450.500000 100.000000 63.000000
V 202.000000 43.500000 100.000000 63.000000
V 998.000000 284.500000 100.000000 63.000000
V 1523.000000 278.500000 30.000000 30.000000
V 653.000000 49.333333 30.000000 30.000000
V 738.000000 62.666667 100.000000 80.000000
V 858.000000 62.666667 100.000000 80.000000
V 1008.000000 42.666667 40.000000 40.000000
V 1218.000000 42.666667 40.000000 40.000000
V 1128.000000 87.000000 100.000000 80.000000
V 1272.000000 42.666667 28.000000 28.000000
E 0 1
E 2 1
E 1 3
E 1 4
E 1 5
E 1 6
E 1 24
E 3 7
E 4 7
E 5 7
E 6 7
E 7 17
E 24 7
E 8 11
E 18 8
E 8 28
E 11 9
E 9 13
E 29 9
E 11 10
E 10 13
E 11 23
E 11 25
E 20 12
E 12 22
E 13 20
E 23 13
E 25 13
E 14 15
E 14 16
E 22 14
E 14 26
E 17 18
E 17 19
E 19 18
E 20 21
E 20 22
E 21 22
E 29 21
E 32 21
E 27 28
E 28 29
E 29 30
E 30 31
E 30 32
E 32 31
E 31 33
G 1045043582.json 22 23
V 27.000000 90.333333 30.000000 30.000000
V 287.000000 97.000000 30.000000 30.000000
V 102.000000 90.333333 80.000000 60.000000
V 580.000000 97.000000 30.000000 30.000000
V 237.000000 47.000000 30.000000 30.000000
V 237.000000 97.000000 30.000000 30.000000
V 182.000000 90.333333 40.000000 40.000000
V 286.000000 47.000000 28.000000 28.000000
V 725.000000 97.000000 40.000000 40.000000
V 800.000000 103.666667 30.000000 30.000000
V 850.000000 207.833333 30.000000 30.000000
V 959.000000 201.166667 28.000000 28.000000
V 850.000000 48.666667 30.000000 30.000000
V 905.000000 201.166667 40.000000 40.000000
V 337.000000 52.000000 30.000000 30.000000
V 422.000000 52.000000 100.000000 80.000000
V 506.000000 52.000000 28.000000 28.000000
V 850.000000 98.666667 30.000000 30.000000
V 595.000000 222.000000 100.000000 80.000000
V 715.000000 212.833333 100.000000 55.000000
V 592.500000 147.000000 105.000000 30.000000
V 800.000000 212.833333 28.000000 28.000000
E 0 2
E 1 3
E 5 1
E 1 14
E 2 6
E 3 8
E 16 3
E 6 4
E 4 7
E 6 5
E 8 9
E 8 12
E 9 10
E 9 17
E 10 13
E 21 10
E 13 11
E 12 13
E 14 15
E 15 16
E 18 19
E 20 19
E 19 21
G 1045182326.json 24 24
V 137.000000 331.833333 150.000000 100.000000
V 246.187500 268.250000 28.375000 20.500000
V 307.000000 348.500000 150.000000 100.000000
V 537.000000 96.666667 150.000000 100.000000
V 706.156250 96.666667 148.312500 110.000000
V 814.500000 22.250000 28.375000 20.500000
V 537.000000 355.166667 148.312500 117.500000
V 1142.312500 248.500000 150.000000 100.000000
V 1033.125000 231.833333 28.375000 20.500000
V 1365.812500 394.416667 137.000000 110.000000
V 1263.125000 412.750000 28.375000 20.500000
V 27.000000 331.833333 30.000000 30.000000
V 422.000000 348.500000 40.000000 40.000000
V 1468.312500 394.416667 28.000000 28.000000
V 868.812500 115.000000 137.000000 125.000000
V 971.500000 91.583333 28.375000 20.500000
V 724.208333 355.166667 40.000000 40.000000
V 1257.312500 241.833333 40.000000 40.000000
V 971.312500 135.833333 28.000000 28.000000
V 868.812500 361.833333 30.000000 30.000000
V 972.312500 361.833333 30.000000 30.000000
V 1027.312500 361.833333 40.000000 40.000000
V 1142.312500 368.500000 137.000000 100.000000
V 1251.312500 368.500000 28.000000 28.000000
U 0 1
E 0 2
E 11 0
E 2 12
E 3 4
E 12 3
U 4 5
E 4 14
E 12 6
E 6 16
U 8 7
E 7 17
E 21 7
U 10 9
E 9 13
E 17 9
U 14 15
E 14 18
E 16 17
E 16 19
E 19 20
E 20 21
E 21 22
E 22 23
G 1045183252.json 24 26
V 968.200000 52.000000 100.000000 80.000000
V 1156.200000 103.666667 40.000000 40.000000
V 1295.200000 97.000000 100.000000 80.000000
V 1415.200000 97.000000 100.000000 80.000000
V 1505.200000 103.666667 40.000000 40.000000
V 1595.200000 103.666667 100.000000 80.000000
V 1131.700000 38.666667 187.000000 50.000000
V 62.000000 158.666667 100.000000 50.000000
V 596.906667 152.000000 100.000000 80.000000
V 232.000000 158.666667 100.000000 80.000000
V 436.666667 145.333333 40.000000 40.000000
V 593.680000 52.000000 119.360000 80.000000
V 785.780000 52.000000 100.000000 80.000000
V 442.825000 38.666667 142.349999 50.000000
V 1835.200000 103.666667 100.000000 80.000000
V 1685.200000 110.333333 40.000000 40.000000
V 147.000000 158.666667 30.000000 30.000000
V 1835.200000 203.666667 100.000000 80.000000
V 1745.200000 110.333333 40.000000 40.000000
V 1996.866667 197.000000 40.000000 40.000000
V 2194.200000 197.000000 28.000000 28.000000
V 408.000000 216.333333 212.000000 62.000000
V 785.780000 138.666667 224.840000 50.000000
V 2032.700000 90.333333 255.000000 50.000000
E 0 1
U 0 6
E 12 0
E 1 2
E 1 4
E 2 3
E 3 4
E 4 5
E 5 15
U 7 16
E 10 8
E 8 15
U 8 22
E 9 10
E 16 9
U 9 21
E 10 11
E 11 12
U 13 11
E 18 14
E 14 19
U 14 23
E 15 18
E 18 17
E 17 19
E 19 20
G 1045697922.json 30 31
V 251.000000 82.000000 100.000000 80.000000
V 121.500000 37.000000 119.000000 50.000000
V 27.000000 102.000000 30.000000 30.000000
V 134.666667 102.000000 40.000000 40.000000
V 251.000000 316.666667 100.000000 80.000000
V 131.000000 330.000000 100.000000 50.000000
V 455.000000 323.333333 28.000000 28.000000
V 671.000000 242.666667 100.000000 80.000000
V 801.000000 256.000000 40.000000 40.000000
V 875.000000 188.666667 28.000000 28.000000
V 911.000000 262.666667 100.000000 80.000000
V 1041.000000 211.000000 40.000000 40.000000
V 1115.000000 217.666667 28.000000 28.000000
V 1161.000000 163.666667 40.000000 40.000000
V 1271.000000 263.333333 100.000000 80.000000
V 1271.000000 157.000000 100.000000 80.000000
V 1381.000000 256.666667 40.000000 40.000000
V 1511.000000 256.666667 100.000000 80.000000
V 1595.000000 256.666667 28.000000 28.000000
V 381.000000 316.666667 40.000000 40.000000
V 491.000000 249.333333 100.000000 80.000000
V 381.000000 82.000000 40.000000 40.000000
V 455.000000 75.333333 28.000000 28.000000
V 491.000000 149.333333 100.000000 80.000000
V 581.000000 242.666667 40.000000 40.000000
V 371.000000 162.666667 100.000000 50.000000
V 791.000000 191.000000 100.000000 50.000000
V 1031.000000 276.000000 100.000000 50.000000
V 1151.000000 276.666667 100.000000 50.000000
V 1391.000000 143.666667 100.000000 50.000000
U 1 0
E 3 0
E 0 21
E 2 3
E 3 4
U 5 4
E 4 19
E 19 6
E 7 8
E 24 7
U 7 26
E 8 9
E 8 10
E 10 11
U 10 27
E 11 12
E 11 13
E 13 14
E 13 15
E 14 16
U 28 14
E 15 16
U 15 29
E 16 17
E 17 18
E 19 20
E 20 24
E 21 22
E 21 23
E 23 24
U 25 23
G 104593713.json 21 25
V 27.000000 58.666667 30.000000 30.000000
V 142.000000 58.666667 40.000000 40.000000
V 262.000000 238.666667 40.000000 40.000000
V 362.000000 238.666667 100.000000 80.000000
V 806.000000 138.666667 28.000000 28.000000
V 812.000000 192.666667 40.000000 40.000000
V 232.000000 152.000000 100.000000 80.000000
V 1062.000000 75.333333 40.000000 40.000000
V 82.000000 58.666667 40.000000 40.000000
V 362.000000 138.666667 100.000000 80.000000
V 602.000000 145.333333 100.000000 80.000000
V 472.000000 145.333333 40.000000 40.000000
V 732.000000 145.333333 40.000000 40.000000
V 232.000000 52.000000 100.000000 80.000000
V 352.000000 58.666667 40.000000 40.000000
V 612.000000 58.666667 40.000000 40.000000
V 722.000000 52.000000 100.000000 80.000000
V 962.000000 65.333333 100.000000 80.000000
V 812.000000 58.666667 40.000000 40.000000
V 482.000000 58.666667 100.000000 80.000000
V 872.000000 65.333333 40.000000 40.000000
E 0 8
E 1 6
E 8 1
E 1 13
E 2 3
E 7 2
E 2 9
E 3 11
E 12 4
E 5 7
E 12 5
E 5 20
E 6 14
E 17 7
E 9 11
E 11 10
E 10 12
E 13 14
E 14 19
E 15 16
E 15 18
E 19 15
E 16 18
E 20 17
E 18 20
G 1046048235.json 23 25
V 122.000000 344.000000 100.000000 80.000000
V 32.500000 357.333333 39.000000 69.000000
V 242.000000 357.333333 40.000000 40.000000
V 372.000000 337.333333 100.000000 80.000000
V 492.000000 324.000000 100.000000 80.000000
V 612.000000 324.000000 100.000000 80.000000
V 732.000000 324.000000 100.000000 101.000000
V 862.000000 310.666667 100.000000 80.000000
V 242.000000 86.333333 100.000000 80.000000
V 372.000000 146.333333 100.000000 80.000000
V 732.000000 153.000000 100.000000 80.000000
V 862.000000 133.000000 100.000000 80.000000
V 242.000000 292.333333 39.000000 50.000000
V 502.000000 146.333333 40.000000 40.000000
V 732.000000 52.000000 100.000000 80.000000
V 122.000000 166.333333 100.000000 80.000000
V 946.000000 133.000000 28.000000 28.000000
V 37.000000 287.833333 30.000000 30.000000
V 32.000000 209.666667 40.000000 40.000000
V 252.000000 166.333333 40.000000 40.000000
V 402.500000 252.333333 39.000000 50.000000
V 612.000000 153.000000 40.000000 40.000000
V 951.500000 310.666667 39.000000 69.000000
E 1 0
E 0 2
E 0 12
E 17 0
E 2 3
E 3 4
E 12 3
E 19 3
E 4 5
E 20 4
E 5 6
E 6 7
E 7 18
E 7 22
E 8 9
E 9 13
E 19 9
E 10 11
E 21 10
E 13 11
E 14 11
E 11 16
E 13 21
E 18 15
E 15 19
G 1046629921.json 18 23
V 27.000000 130.000000 30.000000 30.000000
V 112.000000 130.000000 100.000000 80.000000
V 197.000000 130.000000 30.000000 30.000000
V 607.000000 116.666667 30.000000 30.000000
V 692.000000 116.666667 100.000000 80.000000
V 782.000000 265.000000 40.000000 40.000000
V 837.000000 265.000000 30.000000 30.000000
V 257.000000 264.166667 30.000000 30.000000
V 987.000000 265.000000 30.000000 30.000000
V 472.000000 221.666667 100.000000 80.000000
V 252.000000 135.000000 30.000000 30.000000
V 352.000000 135.000000 100.000000 80.000000
V 472.000000 121.666667 100.000000 80.000000
V 557.000000 116.666667 30.000000 30.000000
V 252.000000 45.000000 40.000000 40.000000
V 887.000000 28.000000 30.000000 30.000000
V 340.333333 60.000000 30.000000 30.000000
V 937.000000 28.000000 30.000000 30.000000
E 0 1
E 1 2
E 2 3
E 2 10
E 3 4
E 9 3
E 13 3
E 4 5
E 5 6
E 5 7
E 6 8
E 6 15
E 7 9
E 7 16
E 17 8
E 10 11
E 11 12
E 12 13
E 16 12
E 13 14
E 14 15
E 14 16
E 15 17
G 1046700825.json 24 26
V 302.000000 100.000000 100.000000 80.000000
V 386.000000 86.666667 28.000000 28.000000
V 542.000000 236.666667 100.000000 80.000000
V 412.000000 193.333333 40.000000 40.000000
V 202.000000 266.000000 40.000000 40.000000
V 302.000000 200.000000 100.000000 80.000000
V 302.000000 276.000000 28.000000 28.000000
V 337.000000 325.000000 30.000000 30.000000
V 422.000000 311.666667 100.000000 80.000000
V 553.666667 311.666667 30.000000 30.000000
V 787.000000 311.666667 30.000000 30.000000
V 787.000000 243.666667 30.000000 30.000000
V 842.000000 305.000000 40.000000 40.000000
V 932.000000 305.000000 100.000000 80.000000
V 1052.000000 305.000000 100.000000 80.000000
V 1136.000000 305.000000 28.000000 28.000000
V 27.000000 93.333333 30.000000 30.000000
V 112.000000 93.333333 100.000000 80.000000
V 202.000000 93.333333 40.000000 40.000000
V 266.000000 26.000000 28.000000 28.000000
V 627.000000 286.000000 30.000000 30.000000
V 737.000000 243.666667 30.000000 30.000000
V 737.000000 292.666667 28.000000 28.000000
V 682.000000 286.000000 40.000000 40.000000
E 0 1
E 0 3
E 18 0
E 3 2
E 2 4
E 5 3
E 4 5
E 4 6
E 6 8
E 7 8
E 8 9
E 9 10
E 9 20
E 10 12
E 22 10
E 11 12
E 21 11
E 12 13
E 13 14
E 14 15
E 16 17
E 17 18
E 18 19
E 20 23
E 23 21
E 23 22
G 1046734786.json 27 28
V 112.000000 92.166667 100.000000 80.000000
V 232.000000 78.833333 100.000000 80.000000
V 1019.875000 285.833333 100.000000 80.000000
V 27.000000 27.166667 30.000000 30.000000
V 104.500000 22.166667 85.000000 20.000000
V 213.937500 167.806333 63.875000 57.946000
V 435.875000 58.833333 100.000000 80.000000
V 565.875000 119.000000 40.000000 40.000000
V 681.875000 112.333333 100.000000 80.000000
V 777.875000 112.333333 40.000000 40.000000
V 1119.875000 272.500000 28.000000 28.000000
V 337.916667 65.500000 40.000000 40.000000
V 681.875000 336.833333 112.000000 80.000000
V 555.875000 45.500000 100.000000 67.000000
V 852.875000 285.833333 40.000000 40.000000
V 1137.812500 335.473000 63.875000 57.946000
V 1461.687500 136.833333 63.875000 57.946000
V 333.937500 134.473000 63.875000 57.946000
V 867.875000 105.666667 100.000000 80.000000
V 1119.875000 185.833333 28.000000 28.000000
V 1011.875000 185.833333 112.000000 80.000000
V 1011.875000 92.333333 148.000000 67.000000
V 1461.687500 199.806333 28.000000 28.000000
V 1359.750000 150.166667 100.000000 80.000000
V 1563.625000 199.806333 100.000000 20.000000
V 1239.750000 150.166667 100.000000 80.000000
V 1154.750000 136.833333 30.000000 30.000000
E 0 1
E 3 0
U 0 5
E 1 11
U 1 17
E 2 10
E 14 2
U 2 15
U 3 4
E 6 7
E 11 6
U 6 13
E 7 8
E 7 14
E 8 9
E 9 14
E 9 18
E 11 12
E 12 14
U 15 25
U 23 16
E 18 20
U 18 21
E 20 19
E 23 22
U 22 24
E 25 23
E 26 25
G 1047510341.json 21 26
V 27.000000 389.839667 30.000000 30.000000
V 112.000000 389.839667 100.000000 80.000000
V 202.000000 389.839667 40.000000 40.000000
V 713.500000 383.173000 143.000000 80.000000
V 528.937500 66.533333 63.875000 57.946000
V 419.500000 142.173000 115.000000 80.000000
V 554.500000 155.506333 115.000000 80.000000
V 713.500000 182.173000 143.000000 80.000000
V 292.000000 142.173000 100.000000 80.000000
V 939.000000 302.173000 28.000000 28.000000
V 770.000000 107.173000 30.000000 30.000000
V 726.999833 42.086500 62.001000 60.173000
V 855.000000 93.839667 100.000000 80.000000
V 945.000000 93.839667 40.000000 40.000000
V 1059.333333 318.839667 100.000000 80.000000
V 1333.001000 312.173000 28.000000 28.000000
V 1066.500000 218.839667 143.000000 80.000000
V 1198.500500 209.673000 81.001000 55.000000
V 1279.001000 312.173000 40.000000 40.000000
V 845.000000 302.173000 40.000000 40.000000
V 580.062500 326.378400 63.875000 57.946000
E 0 1
E 1 2
E 2 3
E 2 8
E 3 19
U 20 3
U 5 4
E 5 6
E 8 5
E 6 7
U 6 11
E 7 19
U 20 7
E 19 9
E 10 12
U 11 12
U 17 11
E 12 13
E 13 14
E 13 16
E 14 18
U 20 14
E 18 15
E 16 17
U 20 16
E 17 18
G 1047642669.json 16 15
V 27.000000 80.500000 30.000000 30.000000
V 162.000000 80.500000 100.000000 80.000000
V 282.000000 80.500000 100.000000 80.000000
V 556.075500 276.845500 51.849000 51.897000
V 556.075500 154.948500 51.849000 51.897000
V 737.000000 220.897000 30.000000 30.000000
V 737.000000 439.460667 30.000000 30.000000
V 532.000000 60.500000 88.000000 97.000000
V 402.000000 80.500000 100.000000 80.000000
V 532.000000 432.794000 100.000000 80.000000
V 652.000000 215.897000 100.000000 80.000000
V 567.000000 215.897000 30.000000 30.000000
V 77.000000 80.500000 30.000000 30.000000
V 662.000000 432.794000 40.000000 40.000000
V 633.000500 60.500000 62.001000 60.173000
V 532.000000 347.794000 100.000000 50.000000
E 0 12
E 1 2
E 12 1
E 2 8
U 3 10
U 4 10
E 10 5
E 13 5
E 13 6
E 8 7
U 7 14
E 8 9
U 8 15
E 9 13
E 11 10
G 1047829738.json 22 25
V 62.000000 129.839667 100.000000 80.000000
V 192.000000 86.506333 40.000000 40.000000
V 302.000000 93.173000 100.000000 80.000000
V 542.000000 229.839667 100.000000 80.000000
V 1332.000000 109.839667 100.000000 80.000000
V 1452.000000 109.839667 100.000000 80.000000
V 1537.000000 109.839667 30.000000 30.000000
V 440.999500 53.086500 62.001000 60.173000
V 902.000000 136.506333 100.000000 80.000000
V 97.000000 236.506333 30.000000 30.000000
V 182.000000 236.506333 100.000000 80.000000
V 312.000000 236.506333 40.000000 40.000000
V 422.000000 143.173000 100.000000 80.000000
V 422.000000 243.173000 100.000000 80.000000
V 662.000000 136.506333 100.000000 80.000000
V 782.000000 136.506333 100.000000 80.000000
V 1112.000000 136.506333 40.000000 40.000000
V 1587.000000 109.839667 30.000000 30.000000
V 1636.000000 109.839667 28.000000 28.000000
V 1202.000000 229.839667 100.000000 80.000000
V 1202.000000 129.839667 100.000000 80.000000
V 1022.000000 136.506333 100.000000 80.000000
E 0 1
E 12 0
E 1 2
E 1 4
E 2 12
U 7 3
E 13 3
E 3 14
E 19 3
E 4 5
U 7 4
E 20 4
E 5 6
E 6 17
E 15 8
E 8 21
E 9 10
E 10 11
E 11 12
E 11 13
E 14 15
E 16 19
E 16 20
E 21 16
E 17 18
G 1047880972.json 18 27
V 27.000000 68.363636 30.000000 30.000000
V 202.000000 68.363636 40.000000 40.000000
V 493.500000 103.000000 103.000000 80.000000
V 615.000000 154.000000 100.000000 80.000000
V 372.000000 413.666667 100.000000 80.000000
V 736.500000 205.000000 100.000000 80.000000
V 493.500000 256.000000 100.000000 80.000000
V 615.000000 307.000000 100.000000 80.000000
V 868.000000 257.818182 40.000000 40.000000
V 922.000000 257.818182 28.000000 28.000000
V 504.000000 413.666667 40.000000 40.000000
V 615.000000 407.000000 100.000000 80.000000
V 726.000000 413.666667 40.000000 40.000000
V 736.500000 502.166667 103.000000 97.000000
V 493.500000 560.666667 100.000000 80.000000
V 372.000000 611.666667 100.000000 80.000000
V 372.000000 52.000000 100.000000 80.000000
V 112.000000 68.363636 100.000000 80.000000
E 0 17
E 1 2
E 1 3
E 1 4
E 1 5
E 1 6
E 1 7
E 1 13
E 1 14
E 1 15
E 1 16
E 17 1
E 2 8
E 3 8
E 4 10
E 5 8
E 6 8
E 7 8
E 8 9
E 12 8
E 13 8
E 14 8
E 15 8
E 16 8
E 10 11
E 10 12
E 11 12
G 1048036019.json 27 27
V 238.000000 337.575757 30.000000 30.000000
V 347.545454 290.909090 100.000000 80.000000
V 157.500000 277.575757 191.000000 50.000000
V 359.818181 175.454545 173.636362 110.909090
V 516.636362 406.363635 100.000000 80.000000
V 516.636362 175.454545 100.000000 80.000000
V 480.636362 73.333333 28.000000 28.000000
V 287.000000 26.000000 28.000000 28.000000
V 382.090908 80.000000 40.000000 40.000000
V 27.000000 32.666667 30.000000 30.000000
V 182.666667 32.666667 40.000000 40.000000
V 359.818181 406.363635 173.636362 110.909090
V 636.636362 187.886363 100.000000 74.590906
V 726.636362 187.886363 40.000000 40.000000
V 816.636362 281.219696 100.000000 80.000000
V 906.636362 187.886363 40.000000 40.000000
V 816.636362 181.219696 100.000000 80.000000
V 996.636362 187.886363 100.000000 74.590906
V 1086.636362 187.886363 40.000000 40.000000
V 1176.636362 281.219696 100.000000 80.000000
V 1176.636362 181.219696 100.000000 80.000000
V 1476.636362 274.553029 100.000000 80.000000
V 1596.636362 274.553029 100.000000 80.000000
V 1476.636362 374.553029 100.000000 80.000000
V 1596.636362 374.553029 100.000000 80.000000
V 1386.636362 281.219696 40.000000 40.000000
V 1296.636362 281.219696 100.000000 80.000000
E 0 1
U 2 1
E 1 5
U 3 5
U 11 4
E 4 12
E 8 5
E 5 12
E 8 6
E 10 7
E 10 8
E 9 10
E 12 13
E 13 14
E 13 16
E 14 15
E 16 15
E 15 17
E 17 18
E 18 19
E 18 20
E 19 26
E 21 22
E 25 21
E 23 24
E 25 23
E 26 25
G 1048687201.json 35 35
V 290.000000 608.946000 100.000000 80.000000
V 430.000000 411.946000 100.000000 80.000000
V 552.000000 411.946000 40.000000 40.000000
V 658.000000 507.279333 100.000000 80.000000
V 658.000000 391.946000 100.000000 80.000000
V 56.000000 608.946000 88.000000 97.000000
V 424.000000 520.446000 88.000000 97.000000
V 296.000000 471.446000 88.000000 97.000000
V 544.000000 323.446000 88.000000 97.000000
V 430.000000 628.946000 100.000000 80.000000
V 544.000000 520.612667 88.000000 97.000000
V 170.000000 608.946000 30.000000 30.000000
V 290.000000 138.446000 100.000000 80.000000
V 68.062500 138.446000 63.875000 57.946000
V 424.000000 138.446000 88.000000 97.000000
V 411.937500 40.973000 63.875000 57.946000
V 170.000000 138.446000 30.000000 30.000000
V 170.000000 398.612667 100.000000 80.000000
V 290.000000 303.446000 100.000000 80.000000
V 394.000000 220.946000 28.000000 28.000000
V 56.000000 411.946000 88.000000 97.000000
V 176.000000 290.112667 88.000000 97.000000
V 424.000000 303.446000 88.000000 97.000000
V 85.000000 328.446000 30.000000 30.000000
V 862.000000 439.946000 28.000000 28.000000
V 1129.937500 458.306333 63.875000 57.946000
V 1018.000000 527.279333 100.000000 80.000000
V 1232.000000 547.279333 28.000000 28.000000
V 788.000000 507.279333 40.000000 40.000000
V 898.000000 513.946000 100.000000 80.000000
V 1142.000000 360.833333 88.000000 97.000000
V 1018.000000 442.279333 100.000000 50.000000
V 1148.000000 547.279333 100.000000 80.000000
V 778.000000 391.946000 100.000000 80.000000
V 862.000000 391.946000 28.000000 28.000000
E 0 1
E 0 6
U 0 9
E 11 0
E 1 2
E 7 1
E 12 1
E 17 1
E 18 1
E 2 3
E 2 4
E 10 3
E 3 28
E 8 4
E 4 33
E 5 11
E 12 14
U 12 15
E 16 12
U 13 16
E 17 18
E 20 17
E 23 17
E 18 19
E 21 18
E 18 22
E 28 24
U 26 25
E 29 26
E 26 30
E 26 32
E 32 27
E 28 29
U 29 31
E 33 34
G 1048832532.json 25 25
V 27.000000 408.333333 30.000000 30.000000
V 112.000000 408.333333 100.000000 80.000000
V 212.500000 443.833333 61.000000 49.000000
V 532.000000 371.666667 100.000000 80.000000
V 652.000000 371.666667 100.000000 80.000000
V 736.000000 371.666667 28.000000 28.000000
V 232.000000 72.000000 100.000000 80.000000
V 147.000000 58.666667 30.000000 30.000000
V 322.000000 72.000000 40.000000 40.000000
V 412.000000 358.333333 100.000000 80.000000
V 412.000000 65.333333 100.000000 80.000000
V 542.000000 65.333333 40.000000 40.000000
V 652.000000 271.666667 100.000000 80.000000
V 742.000000 271.666667 40.000000 40.000000
V 832.000000 379.166667 100.000000 80.000000
V 924.500000 379.166667 45.000000 49.000000
V 832.000000 265.000000 100.000000 80.000000
V 939.500000 310.166667 75.000000 49.000000
V 916.000000 251.666667 28.000000 28.000000
V 652.000000 58.666667 100.000000 80.000000
V 742.000000 58.666667 40.000000 40.000000
V 832.000000 52.000000 100.000000 80.000000
V 832.000000 152.000000 100.000000 80.000000
V 946.000000 138.666667 88.000000 62.000000
V 916.000000 203.666667 28.000000 28.000000
E 0 1
E 1 2
E 1 3
E 1 6
E 3 4
E 9 3
E 4 5
E 7 6
E 6 8
E 8 9
E 8 10
E 10 11
E 11 12
E 11 19
E 12 13
E 13 14
E 13 16
E 14 15
E 16 17
E 16 18
E 19 20
E 20 21
E 20 22
E 22 23
E 22 24
G 1049305314.json 24 28
V 1236.000000 50.916667 100.000000 40.000000
V 212.000000 212.166667 40.000000 40.000000
V 946.000000 212.166667 300.000000 40.000000
V 381.500000 265.500000 259.000000 40.000000
V 496.000000 112.666667 30.000000 30.000000
V 716.000000 175.500000 100.000000 40.000000
V 601.000000 112.666667 40.000000 40.000000
V 1146.000000 339.833333 40.000000 40.000000
V 1262.000000 393.166667 140.000000 40.000000
V 1262.000000 333.166667 152.000000 40.000000
V 1388.000000 312.166667 40.000000 40.000000
V 626.000000 339.833333 40.000000 40.000000
V 1140.000000 393.833333 28.000000 28.000000
V 716.000000 387.166667 100.000000 40.000000
V 989.333333 387.166667 40.000000 40.000000
V 588.500000 265.500000 115.000000 59.000000
V 726.000000 265.500000 40.000000 40.000000
V 946.000000 272.166667 100.000000 40.000000
V 716.000000 106.000000 100.000000 59.000000
V 881.000000 44.250000 40.000000 40.000000
V 62.000000 212.166667 100.000000 40.000000
V 1146.000000 50.916667 40.000000 40.000000
V 152.000000 212.166667 40.000000 40.000000
V 719.250000 34.250000 93.500000 44.500000
E 21 0
E 1 2
E 1 3
E 22 1
E 2 7
E 16 2
E 3 15
E 4 6
E 6 5
E 5 19
E 6 18
E 7 8
E 7 9
E 11 7
E 14 7
E 8 10
E 9 10
E 10 11
E 11 13
E 14 12
E 13 14
E 15 16
E 16 17
E 17 21
E 18 19
E 19 21
E 23 19
E 20 22
G 1049410711.json 18 20
V 112.000000 188.666667 100.000000 80.000000
V 232.000000 188.666667 100.000000 80.000000
V 322.000000 188.666667 40.000000 40.000000
V 412.000000 95.333333 100.000000 80.000000
V 712.000000 202.000000 100.000000 80.000000
V 832.000000 202.000000 100.000000 80.000000
V 922.000000 195.333333 40.000000 40.000000
V 502.000000 95.333333 40.000000 40.000000
V 592.000000 52.000000 100.000000 80.000000
V 27.000000 188.666667 30.000000 30.000000
V 712.000000 52.000000 100.000000 80.000000
V 832.000000 52.000000 100.000000 80.000000
V 922.000000 95.333333 40.000000 40.000000
V 982.000000 188.666667 40.000000 40.000000
V 1036.000000 188.666667 28.000000 28.000000
V 412.000000 195.333333 100.000000 80.000000
V 502.000000 195.333333 40.000000 40.000000
V 592.000000 202.000000 100.000000 80.000000
E 0 1
E 9 0
E 1 2
E 2 3
E 2 15
E 3 7
E 4 5
E 17 4
E 5 6
E 6 13
E 16 6
E 7 8
E 7 12
E 8 10
E 10 11
E 11 12
E 12 13
E 13 14
E 15 16
E 16 17
G 1049446143.json 35 48
V 27.000000 136.324333 30.000000 30.000000
V 112.000000 136.324333 100.000000 80.000000
V 232.000000 136.324333 100.000000 80.000000
V 652.000000 99.657667 100.000000 80.000000
V 352.000000 136.324333 100.000000 80.000000
V 736.000000 99.657667 28.000000 28.000000
V 832.000000 337.666667 100.000000 80.000000
V 1080.000000 344.333333 100.000000 80.000000
V 954.000000 337.666667 40.000000 40.000000
V 1080.000000 244.333333 100.000000 80.000000
V 1186.000000 324.333333 40.000000 40.000000
V 472.000000 136.324333 100.000000 80.000000
V 562.000000 106.324333 40.000000 40.000000
V 652.000000 331.000000 100.000000 80.000000
V 742.000000 331.000000 40.000000 40.000000
V 832.000000 52.000000 100.000000 80.000000
V 1080.000000 68.166667 100.000000 80.000000
V 1308.000000 311.000000 100.000000 80.000000
V 1398.000000 304.333333 40.000000 40.000000
V 1458.000000 304.333333 40.000000 40.000000
V 1996.001000 387.586500 100.000000 80.000000
V 1558.000000 456.753167 100.000000 80.000000
V 2093.959333 463.419833 40.000000 40.000000
V 2163.876000 463.419833 28.000000 28.000000
V 1289.000500 172.304500 62.001000 60.173000
V 838.020833 149.657667 63.875000 57.946000
V 2097.938500 374.253167 63.875000 57.946000
V 1767.000500 411.586500 62.001000 60.173000
V 1080.000000 434.419833 62.001000 60.173000
V 946.000000 81.500000 88.000000 97.000000
V 1194.000000 418.253167 88.000000 97.000000
V 1194.000000 123.833333 88.000000 97.000000
V 946.000000 221.300000 88.000000 97.000000
V 1672.000000 411.586500 88.000000 97.000000
V 1862.001000 411.586500 88.000000 97.000000
E 0 1
E 1 2
E 2 4
E 3 5
E 12 3
E 4 11
E 6 8
E 14 6
E 8 7
E 7 10
E 7 30
E 8 9
E 9 10
U 32 9
E 10 17
E 11 12
U 11 25
E 12 13
E 13 14
E 14 15
E 15 16
E 15 29
E 16 18
E 29 16
U 16 31
E 17 18
U 17 32
E 18 19
E 19 20
E 19 21
E 20 22
U 20 26
E 29 20
E 31 20
U 34 20
E 21 22
E 30 21
E 32 21
U 21 33
E 22 23
U 31 24
U 32 24
E 25 29
E 25 31
U 33 27
U 27 34
U 29 28
U 28 30
G 105070660.json 28 29
V 27.000000 298.639667 30.000000 30.000000
V 112.000000 298.639667 100.000000 80.000000
V 213.937500 311.973000 63.875000 57.946000
V 213.937500 248.000000 30.000000 30.000000
V 280.875000 248.000000 30.000000 30.000000
V 365.875000 248.000000 100.000000 80.000000
V 485.875000 248.000000 100.000000 80.000000
V 575.875000 248.000000 40.000000 40.000000
V 675.875000 252.000000 30.000000 30.000000
V 795.875000 252.000000 100.000000 80.000000
V 925.875000 192.000000 40.000000 40.000000
V 1035.875000 185.333333 100.000000 80.000000
V 1000.875000 260.333333 30.000000 30.000000
V 675.875000 52.000000 100.000000 80.000000
V 675.875000 152.000000 100.000000 80.000000
V 795.875000 152.000000 100.000000 80.000000
V 675.875000 410.973000 100.000000 80.000000
V 795.875000 410.973000 100.000000 80.000000
V 897.812500 424.306333 63.875000 57.946000
V 915.875000 335.333333 100.000000 80.000000
V 1035.875000 335.333333 100.000000 80.000000
V 1125.875000 335.333333 40.000000 40.000000
V 1215.875000 292.000000 100.000000 80.000000
V 1335.875000 328.666667 100.000000 80.000000
V 1455.875000 328.666667 100.000000 80.000000
V 1557.812500 253.027000 63.875000 57.946000
V 1575.875000 342.000000 100.000000 80.000000
V 1677.812500 342.000000 63.875000 57.946000
E 0 1
U 1 2
E 1 3
E 3 4
E 4 5
E 5 6
E 6 7
E 7 8
E 7 13
E 7 14
E 7 16
E 8 9
E 9 10
E 12 9
E 10 11
E 10 12
E 14 15
E 16 17
U 17 18
E 17 19
E 19 20
E 20 21
E 21 22
E 21 23
E 22 23
E 23 24
U 24 25
E 24 26
U 26 27
G 1051312831.json 17 17
V 472.000000 152.000000 100.000000 80.000000
V 592.000000 152.000000 100.000000 80.000000
V 722.000000 152.000000 40.000000 40.000000
V 832.000000 245.333333 100.000000 80.000000
V 832.000000 145.333333 100.000000 80.000000
V 712.000000 258.666667 100.000000 80.000000
V 27.000000 133.666667 30.000000 30.000000
V 112.000000 53.666667 100.000000 50.000000
V 112.000000 138.666667 100.000000 80.000000
V 232.000000 138.666667 100.000000 80.000000
V 322.000000 138.666667 40.000000 40.000000
V 376.000000 91.333333 28.000000 28.000000
V 1132.000000 238.666667 100.000000 80.000000
V 382.000000 145.333333 40.000000 40.000000
V 592.000000 52.000000 100.000000 80.000000
V 1012.000000 238.666667 100.000000 80.000000
V 922.000000 238.666667 40.000000 40.000000
E 0 1
E 13 0
E 1 2
E 2 3
E 2 4
E 5 3
E 3 16
U 6 7
E 6 8
E 8 9
E 9 10
E 10 11
E 10 13
E 15 12
E 13 14
E 14 16
E 16 15
G 1051883408.json 15 17
V 27.000000 188.333333 30.000000 30.000000
V 77.000000 188.333333 30.000000 30.000000
V 442.000000 200.000000 100.000000 80.000000
V 222.000000 193.333333 40.000000 40.000000
V 302.000000 120.000000 40.000000 40.000000
V 432.000000 120.000000 40.000000 40.000000
V 357.000000 75.000000 30.000000 30.000000
V 357.000000 126.666667 30.000000 30.000000
V 532.000000 193.333333 40.000000 40.000000
V 586.000000 193.333333 28.000000 28.000000
V 77.000000 60.000000 30.000000 30.000000
V 127.000000 65.000000 30.000000 30.000000
V 212.000000 65.000000 100.000000 80.000000
V 356.000000 26.000000 28.000000 28.000000
V 303.666667 65.000000 30.000000 30.000000
E 0 1
E 1 3
E 1 11
E 3 2
E 2 8
E 3 4
E 4 6
E 4 7
E 6 5
E 7 5
E 5 8
E 14 6
E 8 9
E 10 11
E 11 12
E 12 14
E 14 13
G 1052297546.json 15 15
V 112.000000 52.000000 100.000000 80.000000
V 472.000000 52.000000 100.000000 80.000000
V 232.000000 52.000000 100.000000 80.000000
V 27.000000 52.000000 30.000000 30.000000
V 557.000000 52.000000 30.000000 30.000000
V 352.000000 52.000000 100.000000 80.000000
V 918.010518 47.000000 112.021037 65.500000
V 827.000000 47.000000 30.000000 30.000000
V 1009.021037 47.000000 30.000000 30.000000
V 1058.021037 42.000000 28.000000 28.000000
V 692.000000 52.000000 100.000000 80.000000
V 607.000000 52.000000 30.000000 30.000000
V 777.000000 52.000000 30.000000 30.000000
V 1059.021037 91.000000 30.000000 30.000000
V 1108.021037 91.000000 28.000000 28.000000
E 0 2
E 3 0
E 1 4
E 5 1
E 2 5
E 4 11
E 7 6
E 6 8
E 12 7
E 8 9
E 8 13
E 11 10
E 10 12
E 12 13
E 13 14
G 1054290907.json 21 27
V 327.195181 46.019452 100.177754 68.038905
V 216.966455 313.241481 40.000000 40.000000
V 327.195181 301.241481 30.000000 30.000000
V 27.000000 313.241481 30.000000 30.000000
V 119.483227 313.241481 114.966455 40.000000
V 216.966455 58.019452 40.000000 40.000000
V 327.195182 135.038905 95.839859 70.000000
V 327.195181 223.140193 100.457453 66.202576
V 429.673908 135.038905 40.000000 40.000000
V 621.090575 135.038905 40.000000 40.000000
V 728.423908 266.241481 40.000000 40.000000
V 441.923908 301.241481 89.000000 40.000000
V 924.423908 339.241481 40.000000 40.000000
V 597.423908 301.241481 81.000000 48.000000
V 327.195181 382.908148 30.000000 30.000000
V 450.090575 382.908148 40.000000 40.000000
V 597.423908 376.241481 167.034928 60.000000
V 597.423908 446.241481 182.000000 40.000000
V 770.423908 382.908148 40.000000 40.000000
V 441.923908 476.241481 30.000000 30.000000
V 791.423908 476.241481 166.000000 60.000000
E 5 0
E 0 8
E 1 2
E 4 1
E 12 1
E 1 14
E 1 19
E 2 11
E 3 4
E 5 6
E 5 7
E 10 5
E 6 8
E 7 8
E 8 9
E 9 10
E 9 12
E 13 10
E 11 13
E 18 12
E 20 12
E 14 15
E 15 16
E 15 17
E 16 18
E 17 18
E 19 20
G 1055289148.json 22 21
V 1544.001000 157.113500 100.000000 80.000000
V 1628.001000 157.113500 28.000000 28.000000
V 1064.001000 96.446833 100.000000 80.000000
V 144.001000 55.419833 100.000000 80.000000
V 59.001000 107.173000 30.000000 30.000000
V 384.001000 148.919833 100.000000 80.000000
V 272.251000 236.419833 83.500000 68.000000
V 272.251000 148.919833 83.500000 67.000000
V 504.001000 68.753167 100.000000 80.000000
V 400.501000 55.419833 67.000000 67.000000
V 594.001000 68.753167 40.000000 40.000000
V 694.001000 172.086500 100.000000 80.000000
V 264.001000 55.419833 100.000000 80.000000
V 1184.001000 96.446833 100.000000 80.000000
V 1508.001000 83.113500 28.000000 28.000000
V 694.001000 62.086500 120.000000 100.000000
V 1304.001000 96.446833 100.000000 80.000000
V 1424.001000 96.446833 100.000000 80.000000
V 43.000500 42.086500 62.001000 60.173000
V 824.001000 172.086500 100.000000 80.000000
V 944.001000 96.446833 100.000000 80.000000
V 842.063500 83.113500 63.875000 57.946000
E 0 1
E 17 0
E 2 13
E 20 2
E 4 3
E 3 12
U 18 3
E 6 5
E 7 5
E 5 8
E 12 5
E 9 8
E 8 10
E 10 11
E 10 15
E 11 19
E 13 16
E 17 14
E 16 17
E 19 20
U 21 20
G 105551917.json 32 32
V 1399.500000 201.651501 129.000000 55.000000
V 1300.000000 201.651501 30.000000 30.000000
V 1499.000000 201.651501 30.000000 30.000000
V 1096.000000 139.151501 30.000000 30.000000
V 1200.500000 139.151501 129.000000 55.000000
V 1299.000000 139.151501 28.000000 28.000000
V 1399.500000 276.651501 129.000000 55.000000
V 1300.000000 276.651501 30.000000 30.000000
V 1499.000000 276.651501 30.000000 30.000000
V 424.500000 70.992417 129.000000 55.000000
V 529.000000 70.992417 40.000000 40.000000
V 633.500000 207.318168 129.000000 55.000000
V 732.000000 207.318168 28.000000 28.000000
V 782.500000 145.818168 129.000000 55.000000
V 887.000000 145.818168 40.000000 40.000000
V 991.500000 208.318168 129.000000 55.000000
V 1200.500000 276.651501 30.000000 30.000000
V 1857.500000 208.318168 129.000000 55.000000
V 1956.000000 208.318168 28.000000 28.000000
V 991.500000 139.151501 30.000000 30.000000
V 1096.000000 208.318168 40.000000 40.000000
V 1200.500000 201.651501 30.000000 30.000000
V 126.500000 80.159084 129.000000 55.000000
V 27.000000 80.159084 30.000000 30.000000
V 275.500000 80.159084 129.000000 55.000000
V 633.500000 64.325751 129.000000 55.000000
V 1708.500000 208.318168 129.000000 55.000000
V 1549.000000 276.651501 30.000000 30.000000
V 394.650000 161.651501 69.300001 86.318168
V 1604.000000 208.318168 40.000000 40.000000
V 777.748700 55.159084 119.497399 86.318168
V 1549.000000 201.651501 30.000000 30.000000
E 1 0
E 0 2
E 21 1
E 2 31
E 3 4
E 19 3
E 4 5
E 7 6
E 6 8
E 16 7
E 8 27
E 9 10
E 24 9
E 10 11
E 10 25
E 11 12
E 13 14
E 25 13
E 14 15
E 14 19
E 15 20
E 20 16
E 17 18
E 26 17
E 20 21
E 23 22
E 22 24
E 24 28
E 25 30
E 29 26
E 27 29
E 31 29
G 1055555072.json 15 21
V 180.000000 52.000000 100.000000 80.000000
V 270.000000 52.000000 40.000000 40.000000
V 370.000000 58.666667 100.000000 80.000000
V 370.000000 158.666667 100.000000 80.000000
V 460.000000 45.333333 40.000000 40.000000
V 779.000000 45.333333 40.000000 40.000000
V 929.000000 52.000000 100.000000 80.000000
V 85.000000 38.666667 30.000000 30.000000
V 1013.000000 38.666667 28.000000 28.000000
V 461.666667 158.666667 30.000000 30.000000
V 629.500000 38.666667 30.000000 30.000000
V 839.000000 52.000000 40.000000 40.000000
V 56.000000 122.166667 88.000000 97.000000
V 629.500000 122.333333 219.000000 72.000000
V 1090.000000 111.333333 182.000000 66.000000
E 0 1
E 7 0
E 12 0
E 1 2
E 1 3
E 2 4
E 12 2
E 2 13
E 3 9
E 12 3
E 4 5
E 4 10
E 10 5
E 5 11
E 6 8
E 11 6
E 6 14
E 9 11
E 9 13
E 12 13
E 13 14
G 1055698191.json 23 30
V 612.001000 218.000000 40.000000 40.000000
V 702.001000 135.500000 100.000000 80.000000
V 822.001000 218.000000 40.000000 40.000000
V 942.001000 218.000000 40.000000 40.000000
V 522.001000 218.000000 100.000000 80.000000
V 272.001000 80.500000 100.000000 80.000000
V 392.001000 198.000000 100.000000 80.000000
V 146.617071 215.472333 63.875000 57.946000
V 43.000500 215.472333 62.001000 60.173000
V 1524.001000 218.000000 28.000000 28.000000
V 138.001000 60.500000 88.000000 97.000000
V 1380.001000 426.000000 100.000000 80.000000
V 1032.001000 362.666667 100.000000 80.000000
V 1142.001000 218.000000 40.000000 40.000000
V 1274.001000 218.000000 40.000000 40.000000
V 1470.001000 218.000000 40.000000 40.000000
V 1266.001000 485.500000 88.000000 97.000000
V 398.001000 306.500000 88.000000 97.000000
V 167.001000 144.000000 30.000000 30.000000
V 837.001000 135.500000 130.000000 85.000000
V 1152.001000 376.000000 100.000000 80.000000
V 787.001000 58.000000 30.000000 30.000000
V 617.001000 115.500000 30.000000 30.000000
E 0 1
E 0 2
E 4 0
E 1 2
U 7 1
U 1 19
E 1 21
E 22 1
E 2 3
E 3 12
E 3 13
E 6 4
U 7 4
E 17 4
E 5 6
U 7 5
E 10 5
E 18 5
U 6 7
U 8 7
U 11 7
U 7 12
E 15 9
E 14 11
E 11 15
E 16 11
E 12 13
E 12 20
E 13 14
E 14 15
G 1055713863.json 15 15
V 27.000000 58.666667 30.000000 30.000000
V 112.000000 58.666667 100.000000 80.000000
V 232.000000 58.666667 100.000000 80.000000
V 352.000000 58.666667 100.000000 80.000000
V 522.000000 145.333333 100.000000 80.000000
V 612.000000 145.333333 40.000000 40.000000
V 702.000000 152.000000 100.000000 80.000000
V 437.000000 145.333333 30.000000 30.000000
V 786.000000 152.000000 28.000000 28.000000
V 437.000000 64.666667 30.000000 30.000000
V 112.000000 163.666667 100.000000 80.000000
V 232.000000 163.666667 100.000000 80.000000
V 436.000000 194.333333 28.000000 28.000000
V 352.000000 163.666667 100.000000 80.000000
V 702.000000 52.000000 100.000000 80.000000
E 0 1
E 1 2
E 2 3
E 3 7
E 3 9
E 14 3
E 4 5
E 7 4
E 5 6
E 5 14
E 6 8
E 13 7
E 10 11
E 11 13
E 13 12
G 1055984555.json 36 41
V 990.000000 33.666667 92.000000 31.000000
V 680.500000 50.333333 73.000000 40.000000
V 1127.500000 249.666667 127.000000 32.000000
V 994.000000 125.666667 100.000000 54.000000
V 1136.500000 116.666667 145.000000 54.000000
V 1298.560696 131.000000 139.121392 32.000000
V 460.333333 43.666667 30.000000 30.000000
V 1402.121392 65.833333 28.000000 28.000000
V 1159.000000 188.666667 100.000000 50.000000
V 866.833333 43.666667 89.000000 60.000000
V 757.000000 50.333333 40.000000 40.000000
V 578.666667 50.333333 40.000000 40.000000
V 511.000000 239.000000 30.000000 30.000000
V 860.500000 116.666667 127.000000 46.000000
V 875.000000 269.000000 40.000000 40.000000
V 1402.121392 275.666667 28.000000 28.000000
V 1282.040464 65.833333 40.000000 40.000000
V 1717.621392 103.833333 30.000000 30.000000
V 369.333333 183.333333 28.000000 28.000000
V 162.000000 58.666667 40.000000 40.000000
V 361.000000 38.666667 28.000000 28.000000
V 62.000000 78.666667 100.000000 80.000000
V 252.000000 152.000000 100.000000 80.000000
V 252.000000 52.000000 100.000000 80.000000
V 473.000000 188.000000 106.000000 32.000000
V 585.000000 299.666667 78.000000 32.000000
V 1851.121392 299.666667 100.000000 80.000000
V 361.000000 133.333333 78.000000 32.000000
V 1717.621392 154.833333 127.000000 32.000000
V 1566.121392 64.166667 40.000000 40.000000
V 1620.121392 57.500000 28.000000 28.000000
V 1707.121392 52.833333 106.000000 32.000000
V 1506.121392 70.833333 40.000000 40.000000
V 1560.121392 118.166667 28.000000 28.000000
V 1451.121392 70.833333 30.000000 30.000000
V 1620.121392 154.833333 28.000000 28.000000
E 9 0
E 1 10
E 11 1
E 3 2
E 3 4
E 13 3
E 14 3
E 4 5
E 4 16
U 8 5
E 6 11
E 18 6
E 20 6
E 16 7
E 7 34
E 10 9
E 9 16
E 10 14
E 12 11
E 14 15
E 15 34
E 17 26
E 30 17
E 22 18
E 18 24
E 21 19
E 19 22
E 19 23
E 23 20
E 21 25
E 26 21
E 22 27
E 23 27
E 25 26
E 35 28
E 29 30
E 32 29
E 29 35
E 30 31
E 32 33
E 34 32
G 1056008012.json 20 19
V 27.000000 222.166667 30.000000 30.000000
V 82.000000 222.166667 40.000000 40.000000
V 172.000000 228.833333 100.000000 80.000000
V 136.000000 154.833333 28.000000 28.000000
V 257.000000 228.833333 30.000000 30.000000
V 455.000000 58.500000 306.000000 93.000000
V 455.000000 140.000000 30.000000 30.000000
V 792.000000 140.000000 40.000000 40.000000
V 846.000000 146.666667 28.000000 28.000000
V 898.000000 75.666667 132.000000 74.000000
V 1004.000000 75.666667 40.000000 40.000000
V 1058.000000 34.333333 28.000000 28.000000
V 1058.000000 82.333333 28.000000 28.000000
V 690.000000 140.000000 124.000000 70.000000
V 455.000000 236.333333 30.000000 30.000000
V 704.000000 236.333333 40.000000 40.000000
V 786.000000 194.000000 28.000000 28.000000
V 792.000000 243.000000 30.000000 30.000000
V 998.000000 243.000000 28.000000 28.000000
V 898.000000 243.000000 100.000000 80.000000
E 0 1
E 1 2
E 1 3
E 2 4
E 4 5
E 4 6
E 4 14
E 6 13
E 7 8
E 7 9
E 13 7
E 9 10
E 10 11
E 10 12
E 14 15
E 15 16
E 15 17
E 17 19
E 19 18
G 1056081001.json 17 19
V 27.000000 99.666667 30.000000 30.000000
V 112.000000 99.666667 100.000000 80.000000
V 232.000000 63.000000 100.000000 80.000000
V 472.000000 63.000000 100.000000 80.000000
V 562.000000 106.333333 40.000000 40.000000
V 652.000000 106.333333 100.000000 80.000000
V 742.000000 106.333333 40.000000 40.000000
V 1696.000000 63.000000 28.000000 28.000000
V 952.000000 56.333333 100.000000 80.000000
V 832.000000 56.333333 100.000000 80.000000
V 1612.000000 63.000000 100.000000 80.000000
V 1192.000000 56.333333 100.000000 80.000000
V 1282.000000 56.333333 40.000000 40.000000
V 352.000000 63.000000 100.000000 80.000000
V 1072.000000 56.333333 100.000000 80.000000
V 1372.000000 63.000000 100.000000 80.000000
V 1492.000000 63.000000 100.000000 80.000000
E 0 1
E 1 2
E 4 1
E 2 13
E 3 4
E 13 3
E 4 5
E 5 6
E 6 7
E 6 9
E 10 7
E 12 7
E 9 8
E 8 14
E 16 10
E 11 12
E 14 11
E 12 15
E 15 16
G 1056886605.json 30 39
V 27.000000 276.333333 30.000000 30.000000
V 112.000000 276.333333 100.000000 80.000000
V 910.333333 291.333333 30.000000 30.000000
V 802.000000 289.666667 40.000000 40.000000
V 910.333333 241.333333 30.000000 30.000000
V 972.000000 284.666667 40.000000 40.000000
V 1062.000000 284.666667 100.000000 80.000000
V 1377.000000 293.000000 30.000000 30.000000
V 1426.000000 293.000000 28.000000 28.000000
V 282.000000 191.333333 100.000000 80.000000
V 537.000000 199.666667 30.000000 30.000000
V 592.000000 199.666667 40.000000 40.000000
V 147.000000 186.333333 30.000000 30.000000
V 792.000000 206.333333 100.000000 80.000000
V 197.000000 191.333333 30.000000 30.000000
V 702.000000 199.666667 40.000000 40.000000
V 647.000000 199.666667 30.000000 30.000000
V 792.000000 106.333333 100.000000 80.000000
V 912.000000 186.333333 40.000000 40.000000
V 1147.000000 191.333333 30.000000 30.000000
V 1292.000000 198.000000 100.000000 80.000000
V 1202.000000 191.333333 40.000000 40.000000
V 1292.000000 98.000000 100.000000 80.000000
V 1557.000000 177.166667 30.000000 30.000000
V 1606.000000 177.166667 28.000000 28.000000
V 367.000000 60.333333 30.000000 30.000000
V 452.000000 60.333333 100.000000 80.000000
V 1377.000000 52.000000 30.000000 30.000000
V 1462.000000 52.000000 100.000000 80.000000
V 1556.000000 38.666667 28.000000 28.000000
E 0 1
E 1 3
E 1 14
E 3 2
E 2 5
E 13 2
E 3 4
E 4 5
E 17 4
E 5 6
E 6 7
E 6 19
E 7 8
E 20 7
E 9 10
E 14 9
E 9 25
E 10 11
E 26 10
E 11 16
E 12 14
E 15 13
E 13 18
E 16 15
E 15 17
E 17 18
E 18 19
E 19 21
E 21 20
E 20 23
E 21 22
E 22 23
E 22 27
E 23 24
E 28 23
E 25 26
E 26 27
E 27 28
E 28 29
G 1058369279.json 40 49
V 27.000000 393.666667 30.000000 30.000000
V 112.000000 393.666667 100.000000 80.000000
V 957.000000 407.000000 40.000000 40.000000
V 1076.333333 352.000000 30.000000 30.000000
V 1200.000000 367.000000 100.000000 80.000000
V 1285.000000 412.000000 30.000000 30.000000
V 1370.000000 412.000000 100.000000 80.000000
V 1500.000000 412.000000 40.000000 40.000000
V 1610.000000 418.666667 100.000000 80.000000
V 1700.000000 412.000000 40.000000 40.000000
V 1755.000000 407.000000 30.000000 30.000000
V 1840.000000 407.000000 100.000000 80.000000
V 1930.000000 407.000000 40.000000 40.000000
V 2020.000000 313.666667 100.000000 80.000000
V 2020.000000 413.666667 100.000000 80.000000
V 1610.000000 318.666667 100.000000 80.000000
V 197.000000 357.000000 30.000000 30.000000
V 282.000000 357.000000 100.000000 80.000000
V 372.000000 357.000000 40.000000 40.000000
V 437.000000 367.000000 30.000000 30.000000
V 522.000000 32.666667 30.000000 30.000000
V 822.000000 52.000000 100.000000 80.000000
V 437.000000 310.333333 30.000000 30.000000
V 722.000000 52.000000 40.000000 40.000000
V 1370.000000 138.500000 30.000000 30.000000
V 1490.000000 138.500000 100.000000 80.000000
V 522.000000 310.333333 100.000000 80.000000
V 612.000000 310.333333 40.000000 40.000000
V 667.000000 58.666667 30.000000 30.000000
V 667.000000 317.000000 30.000000 30.000000
V 722.000000 317.000000 40.000000 40.000000
V 822.000000 327.000000 30.000000 30.000000
V 822.000000 127.000000 30.000000 30.000000
V 822.000000 227.000000 30.000000 30.000000
V 942.000000 327.000000 100.000000 80.000000
V 942.000000 227.000000 100.000000 80.000000
V 942.000000 127.000000 100.000000 80.000000
V 1086.000000 240.333333 88.000000 97.000000
V 1200.000000 151.833333 100.000000 80.000000
V 1074.000000 151.833333 40.000000 40.000000
E 0 1
E 1 2
E 1 16
E 2 3
E 4 2
E 2 5
E 3 4
E 34 3
E 5 6
E 38 5
E 6 7
E 7 8
E 7 15
E 8 9
E 9 10
E 15 9
E 10 11
E 25 10
E 11 12
E 12 13
E 12 14
E 16 17
E 17 18
E 18 19
E 18 20
E 18 22
E 20 23
E 23 21
E 22 26
E 28 23
E 24 25
E 38 24
E 26 27
E 27 28
E 27 29
E 29 30
E 30 31
E 30 32
E 30 33
E 31 34
E 32 36
E 33 35
E 34 37
E 34 39
E 35 37
E 35 39
E 36 37
E 36 39
E 39 38
G 1058400286.json 18 23
V 27.000000 163.666667 30.000000 30.000000
V 112.000000 163.666667 100.000000 80.000000
V 232.000000 150.333333 100.000000 80.000000
V 1364.000000 150.333333 100.000000 80.000000
V 1448.000000 150.333333 28.000000 28.000000
V 344.000000 137.000000 30.000000 30.000000
V 456.000000 82.500000 100.000000 80.000000
V 566.000000 95.833333 80.000000 39.000000
V 344.000000 82.500000 84.000000 39.000000
V 559.333333 36.333333 40.000000 40.000000
V 112.000000 52.000000 100.000000 80.000000
V 1244.000000 82.500000 100.000000 80.000000
V 1328.000000 69.166667 28.000000 28.000000
V 676.000000 82.500000 100.000000 80.000000
V 788.000000 58.833333 84.000000 54.000000
V 900.000000 82.500000 100.000000 80.000000
V 1020.000000 82.500000 100.000000 80.000000
V 1132.000000 66.333333 84.000000 39.000000
E 0 1
E 1 2
E 2 3
E 2 5
E 10 2
E 3 4
E 11 3
E 5 6
E 6 7
E 8 6
E 6 9
E 10 6
E 7 13
E 9 10
E 9 13
E 11 12
E 16 11
E 17 11
E 13 14
E 13 15
E 14 15
E 15 16
E 16 17
G 1058793673.json 18 20
V 472.000000 58.666667 100.000000 80.000000
V 562.000000 58.666667 40.000000 40.000000
V 652.000000 52.000000 100.000000 80.000000
V 1224.000000 152.000000 100.000000 80.000000
V 1524.000000 96.333333 100.000000 80.000000
V 1614.000000 52.000000 40.000000 40.000000
V 232.000000 58.666667 100.000000 80.000000
V 1104.000000 52.000000 100.000000 80.000000
V 1224.000000 52.000000 100.000000 80.000000
V 27.000000 58.666667 30.000000 30.000000
V 112.000000 58.666667 100.000000 80.000000
V 352.000000 58.666667 100.000000 80.000000
V 765.000000 52.000000 86.000000 60.000000
V 848.000000 58.666667 40.000000 40.000000
V 931.000000 58.666667 86.000000 60.000000
V 1014.000000 58.666667 40.000000 40.000000
V 1314.000000 58.666667 40.000000 40.000000
V 1404.000000 58.666667 100.000000 80.000000
E 0 1
E 11 0
E 1 2
E 1 13
E 2 12
E 15 3
E 3 16
E 4 5
E 17 4
E 5 17
E 10 6
E 6 11
E 7 8
E 15 7
E 8 16
E 9 10
E 12 13
E 13 14
E 14 15
E 16 17
G 105881262.json 22 25
V 27.000000 52.000000 30.000000 30.000000
V 632.000000 52.000000 40.000000 40.000000
V 543.500000 52.000000 97.000000 49.000000
V 764.000000 125.333333 155.000000 60.000000
V 896.000000 52.000000 40.000000 40.000000
V 280.000000 45.333333 76.000000 60.000000
V 202.000000 52.000000 40.000000 40.000000
V 376.500000 122.833333 77.000000 55.000000
V 455.000000 52.000000 40.000000 40.000000
V 112.000000 52.000000 100.000000 80.000000
V 764.000000 45.333333 184.000000 60.000000
V 1070.000000 38.666667 28.000000 28.000000
V 986.000000 52.000000 100.000000 80.000000
V 376.500000 45.333333 58.000000 60.000000
V 1106.000000 112.666667 100.000000 80.000000
V 1214.000000 112.666667 76.000000 55.000000
V 1292.000000 112.666667 40.000000 40.000000
V 1370.000000 181.666667 64.000000 49.000000
V 1370.000000 112.666667 58.000000 49.000000
V 1370.000000 40.666667 76.000000 55.000000
V 1458.000000 50.666667 40.000000 40.000000
V 1512.000000 50.666667 28.000000 28.000000
E 0 9
E 2 1
E 1 3
E 1 10
E 8 2
E 3 4
E 10 4
E 4 12
E 6 5
E 5 13
E 6 7
E 9 6
E 7 8
E 13 8
E 12 11
E 12 14
E 14 15
E 15 16
E 16 17
E 16 18
E 16 19
E 17 20
E 18 20
E 19 20
E 20 21
G 1058939766.json 16 18
V 1048.000000 152.000000 132.000000 80.000000
V 301.500000 155.333333 119.000000 80.000000
V 500.500000 62.000000 119.000000 80.000000
V 630.000000 62.000000 100.000000 80.000000
V 836.000000 252.000000 132.000000 80.000000
V 720.000000 62.000000 40.000000 40.000000
V 836.000000 152.000000 132.000000 80.000000
V 27.000000 62.000000 30.000000 30.000000
V 301.500000 55.333333 100.000000 80.000000
V 112.000000 62.000000 100.000000 80.000000
V 202.000000 62.000000 40.000000 40.000000
V 401.000000 62.000000 40.000000 40.000000
V 836.000000 52.000000 127.500000 80.000000
V 942.000000 152.000000 40.000000 40.000000
V 1200.000000 152.000000 132.000000 80.000000
V 1300.000000 152.000000 28.000000 28.000000
E 13 0
E 0 14
E 10 1
E 1 11
E 2 3
E 11 2
E 3 5
E 5 4
E 4 13
E 5 6
E 5 12
E 6 13
E 7 9
E 10 8
E 8 11
E 9 10
E 12 13
E 14 15
G 1059642594.json 17 18
V 457.000000 101.000000 30.000000 30.000000
V 542.000000 101.000000 100.000000 80.000000
V 637.000000 108.500000 30.000000 30.000000
V 32.000000 155.000000 40.000000 40.000000
V 132.000000 52.000000 100.000000 80.000000
V 372.000000 215.333333 100.000000 80.000000
V 252.000000 215.333333 100.000000 80.000000
V 757.000000 222.000000 30.000000 30.000000
V 842.000000 222.000000 100.000000 80.000000
V 132.000000 202.000000 100.000000 80.000000
V 926.000000 222.000000 28.000000 28.000000
V 287.000000 101.000000 30.000000 30.000000
V 216.000000 52.000000 28.000000 28.000000
V 372.000000 101.000000 100.000000 80.000000
V 457.000000 215.333333 30.000000 30.000000
V 552.000000 215.333333 40.000000 40.000000
V 672.000000 222.000000 100.000000 80.000000
E 0 1
E 13 0
E 1 2
E 2 3
E 15 2
E 3 4
E 3 6
E 3 9
E 4 12
E 6 5
E 5 14
E 9 6
E 7 8
E 16 7
E 8 10
E 11 13
E 14 15
E 15 16
G 1059654633.json 24 28
V 325.470000 163.000000 150.000000 140.000000
V 147.000000 299.666667 150.000000 140.000000
V 32.000000 139.666667 40.000000 40.000000
V 682.410001 723.000000 150.000000 140.000000
V 147.000000 139.666667 150.000000 140.000000
V 512.410001 82.000000 150.000000 140.000000
V 621.597501 82.000000 28.375000 20.500000
V 165.333333 409.666667 40.000000 40.000000
V 329.705000 723.000000 175.410001 140.000000
V 329.705000 403.000000 150.000000 140.000000
V 682.410001 563.000000 150.000000 140.000000
V 682.410001 403.000000 150.000000 140.000000
V 682.410001 182.250000 150.000000 140.000000
V 37.000000 299.666667 30.000000 30.000000
V 861.410001 192.250000 28.000000 28.000000
V 512.410001 723.000000 150.000000 140.000000
V 807.410001 723.000000 40.000000 40.000000
V 922.410001 883.000000 150.000000 140.000000
V 922.410001 723.000000 150.000000 140.000000
V 922.410001 296.250000 150.000000 140.000000
V 1047.410001 306.250000 40.000000 40.000000
V 1101.410001 306.250000 28.000000 28.000000
V 539.910001 403.000000 40.000000 40.000000
V 807.410001 192.250000 40.000000 40.000000
E 1 0
E 4 0
E 0 5
E 13 1
E 2 4
E 5 2
E 2 7
E 15 3
E 3 16
U 5 6
E 7 8
E 7 9
E 8 15
E 9 22
E 22 10
E 10 23
E 22 11
E 11 23
E 22 12
E 12 23
E 23 14
E 16 17
E 16 18
E 16 19
E 17 20
E 18 20
E 19 20
E 20 21
G 1059942549.json 15 14
V 67.000000 225.416667 30.000000 30.000000
V 152.000000 211.666667 60.000000 55.000000
V 390.000000 160.166667 60.000000 55.000000
V 62.000000 87.916667 40.000000 40.000000
V 162.000000 81.250000 100.000000 80.000000
V 246.000000 94.583333 28.000000 28.000000
V 47.000000 159.166667 70.000000 62.500000
V 254.000000 46.583333 44.000000 28.000000
V 256.333333 211.666667 30.000000 30.000000
V 320.333333 216.666667 30.000000 30.000000
V 320.333333 87.666667 30.000000 30.000000
V 389.500000 32.666667 59.000000 40.000000
V 318.000000 26.000000 44.000000 28.000000
V 380.000000 92.666667 40.000000 40.000000
V 374.000000 221.666667 28.000000 28.000000
E 0 1
E 3 1
E 6 1
E 1 8
E 9 2
E 3 4
E 4 5
E 4 7
E 8 9
E 8 10
E 9 14
E 10 11
E 10 13
E 12 11
G 106014777.json 40 49
V 1270.000000 219.340546 30.000000 30.000000
V 1375.000000 219.340546 40.000000 40.000000
V 1480.000000 219.340546 100.000000 41.347759
V 1480.000000 119.340546 100.000000 41.347759
V 1480.000000 422.535753 100.000000 41.347759
V 1615.000000 412.535753 40.000000 40.000000
V 1990.000000 425.869086 100.000000 80.000000
V 2195.000000 420.869086 30.000000 30.000000
V 2244.000000 420.869086 28.000000 28.000000
V 1750.000000 412.535753 100.000000 80.000000
V 1857.875000 375.869086 75.750000 80.000000
V 27.000000 373.340546 30.000000 30.000000
V 652.000000 306.007213 100.000000 80.000000
V 1630.000000 99.115920 100.000000 80.000000
V 112.000000 373.340546 100.000000 80.000000
V 232.000000 373.340546 100.000000 80.000000
V 532.000000 199.340546 100.000000 80.000000
V 1360.000000 58.666667 100.000000 80.000000
V 652.000000 154.173879 88.000000 97.000000
V 1074.000000 58.666667 40.000000 40.000000
V 1270.000000 58.666667 40.000000 40.000000
V 1860.000000 179.115920 40.000000 40.000000
V 1490.000000 58.666667 40.000000 40.000000
V 772.000000 212.673879 100.000000 80.000000
V 862.000000 212.673879 40.000000 40.000000
V 952.000000 206.007213 100.000000 80.000000
V 952.000000 306.007213 100.000000 80.000000
V 1990.000000 179.115920 100.000000 80.000000
V 1180.000000 214.340546 30.000000 30.000000
V 1066.000000 219.340546 88.000000 97.000000
V 1630.000000 199.115920 100.000000 80.000000
V 1750.000000 199.115920 100.000000 80.000000
V 2110.000000 179.115920 100.000000 80.000000
V 1180.000000 52.000000 100.000000 80.000000
V 1870.000000 275.869086 100.000000 80.000000
V 1768.999500 289.202420 62.001000 60.173000
V 352.000000 373.340546 100.000000 80.000000
V 442.000000 373.340546 40.000000 40.000000
V 616.000000 380.007213 28.000000 28.000000
V 532.000000 380.007213 100.000000 80.000000
E 0 1
E 28 0
E 1 2
E 1 3
E 1 4
E 2 5
E 2 30
E 3 5
E 3 13
E 4 5
E 5 9
E 6 7
E 9 6
E 7 8
E 32 7
E 9 10
E 11 14
E 12 23
E 26 12
E 13 21
E 22 13
E 14 15
E 15 36
E 16 18
E 16 23
E 37 16
E 20 17
E 17 22
E 18 23
E 25 19
E 19 28
E 19 33
E 28 20
E 33 20
E 21 27
E 31 21
E 22 30
E 23 24
E 24 25
E 24 26
E 25 29
E 27 32
E 29 28
E 30 31
E 31 34
U 35 34
E 36 37
E 37 39
E 39 38
G 1060358077.json 17 16
V 87.000000 292.000000 150.000000 100.000000
V 196.187500 228.416667 28.375000 20.500000
V 257.000000 308.666667 150.000000 100.000000
V 542.000000 308.666667 40.000000 40.000000
V 667.000000 318.666667 150.000000 100.000000
V 667.000000 62.000000 137.000000 100.000000
V 667.000000 182.000000 150.000000 100.000000
V 776.187500 123.416667 28.375000 20.500000
V 776.000000 62.000000 28.000000 28.000000
V 838.041667 198.666667 137.000000 90.000000
V 944.500000 169.416667 28.375000 20.500000
V 944.312500 213.666667 28.000000 28.000000
V 836.156250 318.666667 148.312500 110.000000
V 1004.468750 318.666667 148.312500 117.500000
V 1173.625000 318.666667 150.000000 100.000000
V 1282.625000 318.666667 28.000000 28.000000
V 427.000000 308.666667 150.000000 100.000000
U 0 1
E 0 2
E 2 16
E 3 4
E 3 5
E 3 6
E 16 3
E 4 12
E 5 8
U 6 7
E 6 9
U 9 10
E 9 11
E 12 13
E 13 14
E 14 15
G 1060378605.json 16 15
V 143.849000 145.563667 100.000000 80.000000
V 383.849000 85.563667 100.000000 80.000000
V 263.849000 98.897000 30.000000 30.000000
V 287.924500 37.948500 51.849000 51.897000
V 263.849000 158.897000 100.000000 50.000000
V 143.849000 315.563667 100.000000 80.000000
V 383.849000 333.897000 100.000000 80.000000
V 48.849000 150.563667 30.000000 30.000000
V 275.515667 315.563667 30.000000 30.000000
V 467.849000 333.897000 28.000000 28.000000
V 37.924500 328.897000 51.849000 51.897000
V 143.849000 230.563667 100.000000 50.000000
V 287.924500 410.247500 51.849000 51.897000
V 383.849000 418.897000 100.000000 50.000000
V 383.849000 248.897000 100.000000 50.000000
V 143.849000 400.563667 100.000000 50.000000
E 0 2
U 0 4
E 7 0
E 2 1
U 3 1
E 7 5
E 5 8
U 10 5
E 8 6
E 6 9
U 12 6
U 8 14
U 10 11
U 10 15
U 12 13
G 1060715040.json 23 25
V 27.000000 52.000000 30.000000 30.000000
V 172.000000 96.333333 100.000000 80.000000
V 572.000000 52.000000 100.000000 80.000000
V 1131.500000 72.000000 133.000000 80.000000
V 945.000000 58.666667 100.000000 80.000000
V 1637.000000 72.000000 28.000000 28.000000
V 82.000000 52.000000 40.000000 40.000000
V 708.500000 132.000000 133.000000 80.000000
V 1318.000000 72.000000 100.000000 80.000000
V 292.000000 58.666667 100.000000 80.000000
V 482.000000 58.666667 40.000000 40.000000
V 1495.500000 72.000000 115.000000 80.000000
V 377.000000 58.666667 30.000000 30.000000
V 427.000000 58.666667 30.000000 30.000000
V 810.000000 132.000000 30.000000 30.000000
V 860.000000 132.000000 30.000000 30.000000
V 1403.000000 72.000000 30.000000 30.000000
V 1588.000000 72.000000 30.000000 30.000000
V 1030.000000 58.666667 30.000000 30.000000
V 810.000000 71.333333 30.000000 30.000000
V 860.000000 71.333333 30.000000 30.000000
V 724.000000 52.000000 40.000000 40.000000
V 1233.000000 72.000000 30.000000 30.000000
E 0 6
E 6 1
E 1 9
E 10 2
E 2 21
E 15 3
E 18 3
E 3 22
E 4 18
E 20 4
E 21 4
E 17 5
E 6 9
E 10 7
E 7 14
E 8 16
E 22 8
E 9 12
E 13 10
E 16 11
E 11 17
E 12 13
E 14 15
E 19 20
E 21 19
G 1060796505.json 35 42
V 502.000000 63.000000 100.000000 80.000000
V 642.000000 136.333333 100.000000 80.000000
V 882.000000 620.333333 100.000000 80.000000
V 1682.000000 620.333333 100.000000 80.000000
V 417.000000 63.000000 30.000000 30.000000
V 642.000000 236.333333 100.000000 80.000000
V 502.000000 163.000000 100.000000 80.000000
V 642.000000 336.333333 100.000000 80.000000
V 762.000000 336.333333 100.000000 80.000000
V 1002.000000 559.666667 100.000000 80.000000
V 1562.000000 559.666667 100.000000 80.000000
V 537.000000 249.666667 30.000000 30.000000
V 1646.000000 546.333333 28.000000 28.000000
V 1262.000000 303.333333 100.000000 80.000000
V 32.000000 547.666667 40.000000 40.000000
V 142.000000 559.666667 100.000000 80.000000
V 142.000000 459.666667 100.000000 80.000000
V 142.000000 359.666667 100.000000 80.000000
V 232.000000 459.666667 40.000000 40.000000
V 292.000000 459.666667 40.000000 40.000000
V 382.000000 163.000000 100.000000 80.000000
V 382.000000 466.333333 100.000000 80.000000
V 502.000000 479.666667 100.000000 80.000000
V 652.000000 479.666667 40.000000 40.000000
V 762.000000 436.333333 100.000000 80.000000
V 872.000000 479.666667 40.000000 40.000000
V 1012.000000 479.666667 40.000000 40.000000
V 1132.000000 386.333333 100.000000 80.000000
V 1132.000000 486.333333 100.000000 80.000000
V 1262.000000 486.333333 100.000000 80.000000
V 1352.000000 486.333333 40.000000 40.000000
V 1406.000000 419.000000 28.000000 28.000000
V 1527.000000 479.666667 30.000000 30.000000
V 1167.000000 311.333333 30.000000 30.000000
V 1442.000000 493.000000 100.000000 80.000000
E 0 1
E 4 0
E 0 5
E 6 1
E 2 3
E 2 9
E 10 3
E 11 5
E 5 13
E 6 7
E 20 6
E 7 8
E 21 7
E 9 10
E 9 27
E 10 12
E 34 10
E 13 14
E 27 13
E 33 13
E 14 15
E 14 16
E 14 17
E 15 18
E 16 18
E 17 18
E 18 19
E 19 20
E 19 21
E 21 22
E 22 23
E 23 24
E 23 25
E 24 25
E 25 26
E 26 27
E 26 28
E 28 29
E 29 30
E 30 31
E 30 34
E 34 32
G 106084705.json 16 17
V 27.000000 58.666667 30.000000 30.000000
V 112.000000 58.666667 100.000000 80.000000
V 412.000000 152.000000 100.000000 80.000000
V 892.000000 152.000000 100.000000 80.000000
V 1192.000000 58.666667 100.000000 80.000000
V 1276.000000 58.666667 28.000000 28.000000
V 232.000000 58.666667 100.000000 80.000000
V 322.000000 58.666667 40.000000 40.000000
V 412.000000 52.000000 100.000000 80.000000
V 502.000000 58.666667 40.000000 40.000000
V 592.000000 58.666667 100.000000 80.000000
V 712.000000 58.666667 100.000000 80.000000
V 802.000000 58.666667 40.000000 40.000000
V 892.000000 52.000000 100.000000 80.000000
V 982.000000 58.666667 40.000000 40.000000
V 1072.000000 58.666667 100.000000 80.000000
E 0 1
E 1 6
E 7 2
E 2 9
E 12 3
E 3 14
E 4 5
E 15 4
E 6 7
E 7 8
E 8 9
E 9 10
E 10 11
E 11 12
E 12 13
E 13 14
E 14 15
G 1060852109.json 16 15
V 56.000000 144.833333 88.000000 97.000000
V 85.000000 61.333333 30.000000 30.000000
V 170.000000 74.666667 100.000000 80.000000
V 260.000000 74.666667 40.000000 40.000000
V 376.500000 68.000000 153.000000 112.000000
V 376.500000 223.173000 153.000000 80.000000
V 523.000000 223.173000 30.000000 30.000000
V 643.000000 171.419833 100.000000 80.000000
V 607.000000 68.000000 28.000000 28.000000
V 523.000000 68.000000 100.000000 80.000000
V 541.999500 158.086500 62.001000 60.173000
V 763.000000 171.419833 100.000000 80.000000
V 883.000000 171.419833 100.000000 80.000000
V 968.000000 87.446833 30.000000 30.000000
V 1017.000000 87.446833 28.000000 28.000000
V 901.062500 82.446833 63.875000 57.946000
E 0 2
E 1 2
E 2 3
E 3 4
E 3 5
E 4 9
E 5 6
E 6 7
U 10 7
E 7 11
E 9 8
E 11 12
E 12 13
E 13 14
U 15 13
G 1060873887.json 27 31
V 112.000000 63.666667 100.000000 80.000000
V 27.000000 63.666667 30.000000 30.000000
V 202.000000 63.666667 40.000000 40.000000
V 1986.000000 56.666667 28.000000 28.000000
V 412.000000 159.000000 100.000000 80.000000
V 292.000000 57.000000 100.000000 80.000000
V 423.666667 57.000000 30.000000 30.000000
V 717.000000 103.000000 30.000000 30.000000
V 802.000000 103.000000 100.000000 80.000000
V 887.000000 103.000000 30.000000 30.000000
V 1157.000000 103.000000 30.000000 30.000000
V 1242.000000 103.000000 100.000000 80.000000
V 1327.000000 103.000000 30.000000 30.000000
V 1597.000000 103.000000 30.000000 30.000000
V 1682.000000 103.000000 100.000000 80.000000
V 1767.000000 103.000000 30.000000 30.000000
V 497.000000 52.000000 30.000000 30.000000
V 582.000000 52.000000 100.000000 80.000000
V 667.000000 52.000000 30.000000 30.000000
V 1817.000000 52.000000 30.000000 30.000000
V 1902.000000 52.000000 100.000000 80.000000
V 937.000000 98.000000 30.000000 30.000000
V 1022.000000 98.000000 100.000000 80.000000
V 1107.000000 98.000000 30.000000 30.000000
V 1462.000000 98.000000 100.000000 80.000000
V 1377.000000 98.000000 30.000000 30.000000
V 1547.000000 98.000000 30.000000 30.000000
E 1 0
E 0 2
E 2 4
E 2 5
E 4 3
E 20 3
E 5 6
E 6 7
E 6 16
E 7 8
E 18 7
E 8 9
E 9 10
E 9 21
E 10 11
E 23 10
E 11 12
E 12 13
E 12 25
E 13 14
E 26 13
E 14 15
E 15 19
E 16 17
E 17 18
E 18 19
E 19 20
E 21 22
E 22 23
E 25 24
E 24 26
G 1061245591.json 24 28
V 27.000000 162.333333 30.000000 30.000000
V 112.000000 162.333333 100.000000 80.000000
V 712.000000 110.666667 40.000000 40.000000
V 802.000000 117.333333 100.000000 80.000000
V 766.000000 43.333333 28.000000 28.000000
V 590.333333 117.333333 30.000000 30.000000
V 197.000000 162.333333 30.000000 30.000000
V 887.000000 117.333333 30.000000 30.000000
V 652.000000 117.333333 40.000000 40.000000
V 712.000000 172.333333 40.000000 40.000000
V 1322.000000 165.666667 100.000000 80.000000
V 1442.000000 165.666667 100.000000 80.000000
V 1526.000000 165.666667 28.000000 28.000000
V 1022.000000 112.333333 100.000000 80.000000
V 652.000000 32.000000 40.000000 40.000000
V 937.000000 112.333333 30.000000 30.000000
V 247.000000 167.333333 30.000000 30.000000
V 537.000000 167.333333 30.000000 30.000000
V 332.000000 167.333333 100.000000 80.000000
V 452.000000 167.333333 100.000000 80.000000
V 712.000000 38.666667 30.000000 30.000000
V 592.000000 172.333333 40.000000 40.000000
V 1112.000000 165.666667 40.000000 40.000000
V 1202.000000 165.666667 100.000000 80.000000
E 0 1
E 1 6
E 2 3
E 2 4
E 8 2
E 3 7
E 20 4
E 6 5
E 5 8
E 17 5
E 6 16
E 7 15
E 8 9
E 21 9
E 9 22
E 10 11
E 23 10
E 11 12
E 15 13
E 13 22
E 14 15
E 14 20
E 21 14
E 16 18
E 19 17
E 17 21
E 18 19
E 22 23
G 106213502.json 24 26
V 332.000000 152.000000 100.000000 80.000000
V 112.000000 92.125000 200.000000 107.000000
V 885.000000 614.000000 100.000000 80.000000
V 332.000000 727.333333 100.000000 80.000000
V 332.000000 550.500000 100.000000 80.000000
V 332.000000 52.000000 100.000000 80.000000
V 332.000000 827.333333 100.000000 80.000000
V 332.000000 423.666667 100.000000 80.000000
V 703.000000 714.000000 150.000000 107.000000
V 502.000000 853.000000 175.000000 107.000000
V 885.000000 714.000000 125.000000 80.000000
V 703.000000 853.000000 162.000000 131.000000
V 885.000000 853.000000 162.000000 107.000000
V 1046.000000 622.000000 100.000000 80.000000
V 452.000000 52.000000 100.000000 80.000000
V 885.000000 152.000000 100.000000 80.000000
V 502.000000 437.000000 125.000000 80.000000
V 332.000000 237.000000 100.000000 50.000000
V 672.000000 437.000000 100.000000 80.000000
V 502.000000 243.666667 40.000000 40.000000
V 672.000000 237.000000 100.000000 80.000000
V 703.000000 337.000000 100.000000 80.000000
V 854.000000 337.000000 100.000000 80.000000
V 502.000000 550.500000 200.000000 107.000000
E 1 0
E 0 15
E 1 2
E 1 3
E 1 4
E 1 5
E 1 6
E 1 7
E 2 13
E 3 8
E 3 9
E 4 23
E 5 14
E 7 16
E 7 19
E 8 10
E 9 11
E 10 13
E 11 12
E 12 13
E 15 13
E 16 18
U 17 19
E 19 20
E 19 21
E 21 22
G 1062329509.json 39 44
V 1577.000000 246.000000 40.000000 40.000000
V 1487.000000 246.000000 100.000000 80.000000
V 1631.000000 252.666667 28.000000 28.000000
V 112.000000 149.833333 100.000000 67.000000
V 27.000000 149.833333 30.000000 30.000000
V 1402.000000 170.333333 30.000000 30.000000
V 1667.000000 178.666667 100.000000 80.000000
V 2809.001000 183.666667 30.000000 30.000000
V 617.000000 138.666667 30.000000 30.000000
V 989.500000 52.000000 125.000000 80.000000
V 989.500000 152.000000 125.000000 80.000000
V 1977.500000 257.876583 59.000000 65.086500
V 737.000000 138.666667 100.000000 80.000000
V 2077.000000 178.666667 100.000000 80.000000
V 737.000000 238.666667 100.000000 80.000000
V 827.000000 145.333333 40.000000 40.000000
V 887.000000 145.333333 40.000000 40.000000
V 1304.500000 165.333333 125.000000 80.000000
V 1787.000000 165.333333 100.000000 80.000000
V 2711.501000 178.666667 125.000000 80.000000
V 232.000000 138.666667 100.000000 80.000000
V 364.500000 52.000000 125.000000 80.000000
V 1122.000000 165.333333 100.000000 80.000000
V 617.000000 238.666667 100.000000 80.000000
V 1207.000000 165.333333 30.000000 30.000000
V 1957.000000 165.333333 100.000000 80.000000
V 2197.000000 178.666667 100.000000 80.000000
V 497.000000 138.666667 100.000000 80.000000
V 507.000000 245.333333 40.000000 40.000000
V 1872.000000 165.333333 30.000000 30.000000
V 2287.000000 178.666667 40.000000 40.000000
V 2377.000000 272.000000 100.000000 80.000000
V 2377.000000 172.000000 100.000000 80.000000
V 2474.333667 178.666667 40.000000 40.000000
V 2579.001000 178.666667 100.000000 80.000000
V 2663.001000 252.666667 28.000000 28.000000
V 2693.501000 86.123417 89.000000 65.086500
V 364.500000 138.666667 30.000000 30.000000
V 2478.000500 285.333333 62.001000 60.173000
E 1 0
E 0 2
E 0 6
E 5 1
E 4 3
E 3 5
E 3 20
E 5 6
E 17 5
E 6 7
E 6 18
E 19 7
E 8 12
E 27 8
E 16 9
E 9 21
E 16 10
E 10 22
E 11 13
E 12 15
E 25 13
E 13 26
E 14 15
E 23 14
E 15 16
E 24 17
E 18 29
E 34 19
E 20 37
E 21 28
E 22 24
E 28 22
E 28 23
E 29 25
E 26 30
E 37 27
E 30 31
E 30 32
E 31 33
E 31 38
E 32 33
E 33 34
E 34 35
E 34 36
G 1062366166.json 27 27
V 27.000000 58.666667 30.000000 30.000000
V 82.000000 58.666667 40.000000 40.000000
V 172.000000 52.000000 100.000000 80.000000
V 292.000000 52.000000 100.000000 80.000000
V 453.693025 52.000000 30.000000 30.000000
V 172.000000 165.333333 100.000000 80.000000
V 292.000000 152.000000 100.000000 80.000000
V 479.257367 229.647416 30.000000 30.000000
V 453.693025 138.666667 183.386050 101.961499
V 580.386050 138.666667 30.000000 30.000000
V 292.000000 243.588449 100.000000 63.176899
V 580.386050 224.647416 30.000000 30.000000
V 673.438600 224.647416 116.105099 101.961499
V 771.491149 224.647416 30.000000 30.000000
V 580.386050 52.000000 30.000000 30.000000
V 673.438600 52.000000 100.000000 80.000000
V 771.491149 52.000000 40.000000 40.000000
V 825.491149 45.333333 28.000000 28.000000
V 861.491149 119.333333 100.000000 80.000000
V 945.491149 119.333333 28.000000 28.000000
V 1119.144636 295.144815 30.000000 30.000000
V 1169.144636 224.647416 30.000000 30.000000
V 1218.144636 229.314083 28.000000 28.000000
V 861.491149 224.647416 30.000000 30.000000
V 1007.817893 224.647416 152.653487 120.994797
V 1119.144636 224.647416 30.000000 30.000000
V 630.386050 138.666667 30.000000 30.000000
E 0 1
E 1 2
E 1 5
E 2 3
E 3 4
E 4 14
E 5 6
U 5 10
E 6 7
E 6 8
E 7 11
E 7 20
E 8 9
E 9 26
E 11 12
E 12 13
E 13 23
E 14 15
E 15 16
E 16 17
E 16 18
E 18 19
E 20 22
E 21 22
E 25 21
E 23 24
E 24 25
G 1062740929.json 26 32
V 535.000000 248.833333 100.000000 80.000000
V 450.000000 248.833333 30.000000 30.000000
V 803.333333 280.500000 30.000000 30.000000
V 32.000000 57.333333 40.000000 40.000000
V 158.500000 199.333333 120.000000 80.000000
V 158.500000 97.833333 133.000000 83.000000
V 955.000000 52.000000 100.000000 80.000000
V 355.000000 104.500000 100.000000 80.000000
V 535.000000 148.833333 100.000000 80.000000
V 445.000000 104.500000 40.000000 40.000000
V 865.000000 273.833333 40.000000 40.000000
V 265.000000 104.500000 40.000000 40.000000
V 715.000000 104.500000 100.000000 80.000000
V 625.000000 104.500000 40.000000 40.000000
V 805.000000 104.500000 40.000000 40.000000
V 955.000000 287.166667 100.000000 80.000000
V 1039.000000 38.666667 28.000000 28.000000
V 865.000000 52.000000 40.000000 40.000000
V 1305.000000 261.500000 100.000000 80.000000
V 625.000000 235.500000 30.000000 30.000000
V 715.000000 235.500000 100.000000 80.000000
V 1125.000000 217.166667 100.000000 80.000000
V 1040.000000 217.166667 30.000000 30.000000
V 1215.000000 217.166667 40.000000 40.000000
V 1395.000000 217.166667 40.000000 40.000000
V 1449.000000 217.166667 28.000000 28.000000
E 1 0
E 0 2
E 0 19
E 2 10
E 20 2
E 3 4
E 3 5
E 15 3
E 3 17
E 4 11
E 5 11
E 6 16
E 17 6
E 6 22
E 7 9
E 11 7
E 9 8
E 8 13
E 9 13
E 14 10
E 10 15
E 13 12
E 12 14
E 14 17
E 23 18
E 18 24
E 19 20
E 20 22
E 22 21
E 21 23
E 23 24
E 24 25
G 1062864348.json 37 38
V 197.000000 219.000000 30.000000 30.000000
V 282.000000 205.666667 100.000000 80.000000
V 372.000000 205.666667 40.000000 40.000000
V 427.000000 39.500000 30.000000 30.000000
V 427.000000 212.333333 30.000000 30.000000
V 512.000000 39.500000 100.000000 55.000000
V 512.000000 212.333333 100.000000 80.000000
V 602.000000 212.333333 40.000000 40.000000
V 692.000000 169.000000 30.000000 30.000000
V 692.000000 219.000000 30.000000 30.000000
V 776.000000 219.000000 28.000000 28.000000
V 805.666667 164.000000 30.000000 30.000000
V 948.000000 164.000000 100.000000 80.000000
V 1038.000000 157.333333 40.000000 40.000000
V 547.000000 106.000000 30.000000 30.000000
V 1093.000000 157.333333 30.000000 30.000000
V 602.000000 111.000000 30.000000 30.000000
V 692.000000 111.000000 100.000000 46.000000
V 1178.000000 157.333333 100.000000 46.000000
V 1298.000000 157.333333 100.000000 80.000000
V 1388.000000 157.333333 40.000000 40.000000
V 1443.000000 101.500000 30.000000 30.000000
V 1536.000000 164.000000 30.000000 30.000000
V 1536.000000 101.500000 116.000000 55.000000
V 197.000000 169.000000 30.000000 30.000000
V 602.000000 39.500000 40.000000 40.000000
V 692.000000 39.500000 30.000000 30.000000
V 27.000000 169.000000 30.000000 30.000000
V 112.000000 169.000000 100.000000 55.000000
V 820.000000 39.500000 116.000000 55.000000
V 1874.000000 165.666667 100.000000 46.000000
V 1788.000000 115.666667 28.000000 28.000000
V 1789.000000 165.666667 30.000000 30.000000
V 1629.000000 159.000000 30.000000 30.000000
V 1684.000000 159.000000 40.000000 40.000000
V 1739.000000 165.666667 30.000000 30.000000
V 1739.000000 115.666667 30.000000 30.000000
E 0 1
E 1 2
E 24 1
E 2 3
E 2 4
E 3 5
E 4 6
E 5 25
E 6 7
E 7 8
E 7 9
E 8 11
E 9 10
E 11 12
E 17 11
E 12 13
E 13 14
E 13 15
E 14 16
E 15 18
E 16 17
E 18 19
E 19 20
E 20 21
E 20 22
E 21 23
E 22 33
E 23 33
E 28 24
E 25 26
E 26 29
E 27 28
E 32 30
E 36 31
E 35 32
E 33 34
E 34 35
E 34 36
G 1063000783.json 23 24
V 27.000000 58.666667 30.000000 30.000000
V 241.530701 58.666667 40.000000 40.000000
V 331.530701 52.000000 100.000000 80.000000
V 481.530701 65.333333 160.000000 80.000000
V 651.296051 65.333333 139.530701 80.000000
V 131.765351 58.666667 139.530701 80.000000
V 1726.256006 152.000000 160.000000 80.000000
V 1896.021357 152.000000 139.530701 80.000000
V 1945.786707 258.666667 40.000000 40.000000
V 2055.552058 265.333333 100.000000 80.000000
V 2225.317408 265.333333 160.000000 80.000000
V 2055.552058 165.333333 139.530701 80.000000
V 798.561402 65.333333 115.000000 80.000000
V 933.561402 65.333333 115.000000 80.000000
V 1031.061402 65.333333 40.000000 40.000000
V 1121.061402 58.666667 100.000000 80.000000
V 1211.061402 58.666667 40.000000 40.000000
V 1333.271603 52.000000 164.420402 80.000000
V 1322.534869 152.000000 100.000000 80.000000
V 1530.868905 152.000000 190.774202 80.000000
V 2381.972408 265.333333 113.310000 155.599999
V 2515.282408 265.333333 113.310000 155.096748
V 2605.937408 265.333333 28.000000 28.000000
E 0 5
E 1 2
E 1 3
E 5 1
E 2 3
E 3 4
E 4 12
E 6 7
E 19 6
E 7 11
E 8 9
E 8 11
E 9 10
E 10 20
E 12 13
E 13 14
E 14 15
E 14 18
E 15 16
E 16 17
E 16 18
E 18 19
E 20 21
E 21 22
G 1063123371.json 25 27
V 27.000000 770.666667 30.000000 30.000000
V 137.000000 770.666667 150.000000 140.000000
V 337.000000 747.333333 150.000000 140.000000
V 517.000000 587.333333 150.000000 140.000000
V 192.000000 253.000000 40.000000 40.000000
V 337.000000 587.333333 150.000000 140.000000
V 337.000000 243.000000 150.000000 140.000000
V 517.000000 162.000000 150.000000 140.000000
V 192.000000 92.000000 40.000000 40.000000
V 337.000000 82.000000 150.000000 140.000000
V 517.000000 346.333333 150.000000 140.000000
V 355.333333 353.000000 40.000000 40.000000
V 687.000000 506.333333 150.000000 140.000000
V 687.000000 346.333333 150.000000 140.000000
V 802.000000 499.666667 40.000000 40.000000
V 917.000000 499.666667 150.000000 140.000000
V 276.187500 847.583333 28.375000 20.500000
V 456.187500 770.666667 28.375000 20.500000
V 456.187500 58.666667 28.375000 20.500000
V 796.187500 323.000000 28.375000 20.500000
V 1087.000000 499.666667 150.000000 140.000000
V 1196.187500 476.333333 28.375000 20.500000
V 1257.000000 576.583333 150.000000 140.000000
V 1427.000000 576.583333 150.000000 140.000000
V 1536.000000 576.583333 28.000000 28.000000
E 0 1
E 1 2
U 1 16
E 2 3
U 2 17
E 3 4
E 5 3
E 4 5
E 4 6
E 6 7
E 7 8
E 9 7
E 8 9
E 8 11
U 9 18
E 11 10
E 10 13
E 11 12
E 12 14
E 13 14
U 13 19
E 14 15
E 15 20
U 20 21
E 20 22
E 22 23
E 23 24
G 1064316989.json 28 32
V 27.000000 327.500000 30.000000 30.000000
V 112.000000 327.500000 100.000000 80.000000
V 232.000000 327.500000 100.000000 80.000000
V 1086.000000 126.000000 100.000000 80.000000
V 966.000000 52.000000 100.000000 80.000000
V 1050.000000 52.000000 28.000000 28.000000
V 317.000000 327.500000 30.000000 30.000000
V 861.000000 112.666667 40.000000 40.000000
V 954.333333 139.333333 30.000000 30.000000
V 390.500000 332.500000 30.000000 30.000000
V 509.000000 312.500000 100.000000 80.000000
V 399.500000 272.000000 59.000000 51.000000
V 617.500000 325.833333 77.000000 35.000000
V 623.666667 211.250000 40.000000 40.000000
V 390.500000 201.000000 77.000000 51.000000
V 1405.000000 312.500000 100.000000 80.000000
V 1525.000000 312.500000 100.000000 80.000000
V 1609.000000 260.083333 28.000000 28.000000
V 1617.500000 325.833333 45.000000 63.500000
V 960.500000 209.583333 89.000000 70.500000
V 726.000000 204.583333 100.000000 80.000000
V 857.666667 204.583333 30.000000 30.000000
V 726.000000 312.500000 100.000000 80.000000
V 846.000000 312.500000 100.000000 80.000000
V 966.000000 290.333333 77.000000 51.000000
V 1086.000000 312.500000 100.000000 80.000000
V 1206.000000 312.500000 100.000000 80.000000
V 1305.500000 290.333333 59.000000 51.000000
E 0 1
E 1 2
E 2 6
E 3 7
E 8 3
E 4 5
E 7 4
E 6 7
E 6 9
E 7 8
E 21 8
E 9 10
E 11 10
E 10 12
E 10 13
E 14 10
E 12 22
E 13 20
E 13 22
E 15 16
E 26 15
E 27 15
E 16 17
E 16 18
E 21 19
E 20 21
E 22 23
E 23 24
E 23 25
E 24 25
E 25 26
E 26 27
G 1064354518.json 20 21
V 27.000000 142.000000 30.000000 30.000000
V 112.000000 142.000000 100.000000 80.000000
V 197.000000 72.000000 30.000000 30.000000
V 252.000000 72.000000 40.000000 40.000000
V 469.000000 228.666667 100.000000 62.000000
V 964.000000 224.000000 28.000000 28.000000
V 915.000000 133.666667 30.000000 30.000000
V 986.000000 133.666667 72.000000 37.000000
V 1000.500000 70.166667 101.000000 50.000000
V 345.500000 65.333333 107.000000 62.000000
V 27.000000 67.000000 30.000000 30.000000
V 112.000000 67.000000 30.000000 30.000000
V 469.000000 65.333333 100.000000 80.000000
V 589.000000 152.000000 100.000000 80.000000
V 709.000000 152.000000 100.000000 80.000000
V 829.500000 193.666667 101.000000 50.000000
V 817.666667 133.666667 30.000000 30.000000
V 589.000000 52.000000 100.000000 80.000000
V 709.000000 52.000000 100.000000 80.000000
V 829.500000 38.666667 101.000000 50.000000
E 0 1
E 1 2
E 2 3
E 11 2
E 3 4
E 3 9
E 4 5
E 6 5
E 6 7
E 6 8
E 16 6
E 9 12
E 10 11
E 12 13
E 12 17
E 13 14
E 14 15
E 14 16
E 18 16
E 17 18
E 18 19
G 1064609557.json 24 27
V 27.000000 285.333333 30.000000 30.000000
V 112.000000 285.333333 100.000000 80.000000
V 292.000000 292.000000 100.000000 80.000000
V 442.000000 285.333333 40.000000 40.000000
V 202.000000 285.333333 40.000000 40.000000
V 382.000000 285.333333 40.000000 40.000000
V 616.000000 292.000000 28.000000 28.000000
V 532.000000 76.333333 100.000000 80.000000
V 292.000000 192.000000 100.000000 80.000000
V 532.000000 292.000000 100.000000 80.000000
V 652.000000 76.333333 100.000000 80.000000
V 742.000000 76.333333 40.000000 40.000000
V 1072.000000 149.666667 40.000000 40.000000
V 962.000000 52.000000 100.000000 80.000000
V 842.000000 83.000000 40.000000 40.000000
V 952.000000 231.333333 40.000000 40.000000
V 1286.000000 149.666667 28.000000 28.000000
V 682.000000 238.000000 40.000000 40.000000
V 832.000000 238.000000 30.000000 30.000000
V 1202.000000 149.666667 100.000000 80.000000
V 952.000000 156.333333 40.000000 40.000000
V 1082.000000 249.666667 100.000000 80.000000
V 742.000000 163.000000 30.000000 30.000000
V 832.000000 163.000000 100.000000 80.000000
E 0 1
E 1 4
E 4 2
E 2 5
E 5 3
E 3 7
E 3 9
E 4 8
E 8 5
E 9 6
E 7 10
E 10 11
E 11 13
E 11 14
E 13 12
E 12 19
E 20 12
E 14 15
E 14 20
E 18 15
E 15 21
E 19 16
E 17 18
E 21 17
E 17 22
E 23 20
E 22 23
G 1064982122.json 18 18
V 424.856697 59.070175 40.000000 40.000000
V 540.463590 59.070175 151.213786 79.192984
V 1557.759086 59.070175 151.213786 81.000000
V 2063.739909 72.570175 161.761423 81.000000
V 708.936380 59.070175 145.731795 78.385968
V 364.856697 127.807016 40.000000 40.000000
V 243.975985 127.807016 30.000000 30.000000
V 418.856697 134.473683 28.000000 28.000000
V 1033.081710 59.070175 131.095274 80.000000
V 364.856697 52.403508 30.000000 30.000000
V 77.547637 141.274852 131.095274 80.807016
V 128.095274 52.403508 30.000000 30.000000
V 243.975985 52.403508 161.761423 80.807016
V 1728.972872 59.070175 151.213786 80.000000
V 1893.719481 59.070175 138.279432 80.000000
V 1199.510059 59.070175 161.761423 78.385968
V 1381.271481 59.070175 161.761423 80.807016
V 874.668175 59.070175 145.731795 78.385968
E 0 1
E 5 0
E 9 0
E 1 4
E 2 13
E 16 2
E 3 10
E 14 3
E 4 17
E 6 5
E 5 7
E 10 6
E 8 15
E 17 8
E 12 9
E 11 12
E 13 14
E 15 16
G 1065028844.json 28 28
V 77.000000 90.333333 30.000000 30.000000
V 27.000000 95.333333 30.000000 30.000000
V 27.000000 45.333333 30.000000 30.000000
V 141.500000 90.333333 59.000000 51.000000
V 316.000000 90.333333 30.000000 30.000000
V 236.000000 90.333333 90.000000 67.000000
V 366.000000 90.333333 30.000000 30.000000
V 416.000000 90.333333 30.000000 30.000000
V 788.000000 97.000000 86.000000 74.000000
V 636.000000 90.333333 30.000000 30.000000
V 691.000000 90.333333 40.000000 40.000000
V 745.000000 26.000000 28.000000 28.000000
V 915.000000 97.000000 100.000000 80.000000
V 925.000000 206.000000 40.000000 40.000000
V 1005.000000 212.666667 40.000000 40.000000
V 1003.333333 102.000000 30.000000 30.000000
V 788.000000 193.000000 114.000000 78.000000
V 1060.000000 97.000000 30.000000 30.000000
V 1060.000000 212.666667 30.000000 30.000000
V 1110.000000 212.666667 30.000000 30.000000
V 1195.000000 212.666667 100.000000 80.000000
V 1315.000000 212.666667 100.000000 80.000000
V 586.000000 90.333333 30.000000 30.000000
V 1400.000000 212.666667 30.000000 30.000000
V 1485.000000 212.666667 100.000000 80.000000
V 1570.000000 212.666667 30.000000 30.000000
V 501.000000 90.333333 100.000000 80.000000
V 1619.000000 212.666667 28.000000 28.000000
E 1 0
E 2 0
E 0 3
E 3 5
E 5 4
E 4 6
E 6 7
E 7 26
E 10 8
E 8 12
E 9 10
E 22 9
E 10 11
E 12 15
E 13 14
E 13 15
E 16 13
E 14 18
E 15 17
E 17 16
E 18 19
E 19 20
E 20 21
E 21 23
E 26 22
E 23 24
E 24 25
E 25 27
G 1065048918.json 28 27
V 62.000000 1261.666667 100.000000 80.000000
V 276.000000 793.666667 100.000000 80.000000
V 270.000000 1293.666667 100.000000 80.000000
V 270.000000 579.500000 136.000000 80.000000
V 466.333333 1293.666667 100.000000 80.000000
V 443.000000 579.500000 170.000000 135.000000
V 276.000000 338.666667 100.000000 80.000000
V 454.666667 807.000000 100.000000 80.000000
V 628.000000 720.333333 100.000000 80.000000
V 408.000000 252.000000 100.000000 80.000000
V 628.000000 820.333333 100.000000 80.000000
V 270.000000 152.000000 118.150001 80.000000
V 408.000000 707.000000 100.000000 80.000000
V 408.000000 152.000000 100.000000 80.000000
V 270.000000 452.000000 136.000000 80.000000
V 408.000000 452.000000 100.000000 80.000000
V 628.000000 920.333333 100.000000 80.000000
V 628.000000 1320.333333 100.000000 80.000000
V 628.000000 1220.333333 100.000000 80.000000
V 758.000000 1240.333333 100.000000 80.000000
V 758.000000 1340.333333 100.000000 80.000000
V 758.000000 1140.333333 100.000000 80.000000
V 628.000000 1120.333333 100.000000 80.000000
V 628.000000 1020.333333 100.000000 80.000000
V 408.000000 352.000000 100.000000 80.000000
V 252.000000 52.000000 100.000000 80.000000
V 252.000000 1093.666667 100.000000 80.000000
V 252.000000 1193.666667 100.000000 80.000000
E 0 1
E 0 2
E 0 3
E 0 6
E 0 11
E 0 14
E 0 25
E 0 26
E 0 27
E 1 7
E 1 12
E 2 4
E 3 5
E 4 16
E 4 17
E 4 18
E 4 22
E 4 23
E 6 9
E 6 24
E 7 8
E 7 10
E 11 13
E 14 15
E 17 19
E 17 20
E 17 21
G 1065790096.json 17 18
V 27.000000 60.000000 30.000000 30.000000
V 112.000000 60.000000 100.000000 80.000000
V 232.000000 60.000000 100.000000 80.000000
V 322.000000 60.000000 40.000000 40.000000
V 532.000000 66.666667 100.000000 80.000000
V 622.000000 66.666667 40.000000 40.000000
V 712.000000 66.666667 100.000000 80.000000
V 802.000000 66.666667 40.000000 40.000000
V 892.000000 66.666667 100.000000 80.000000
V 1012.000000 66.666667 100.000000 80.000000
V 1097.000000 66.666667 30.000000 30.000000
V 412.000000 53.333333 100.000000 80.000000
V 1182.000000 66.666667 100.000000 96.000000
V 1272.000000 66.666667 40.000000 40.000000
V 1482.000000 73.333333 100.000000 80.000000
V 1566.000000 73.333333 28.000000 28.000000
V 1362.000000 60.000000 100.000000 96.000000
E 0 1
E 1 2
E 2 3
E 3 4
E 3 11
E 4 5
E 11 4
E 5 6
E 6 7
E 7 8
E 8 9
E 9 10
E 10 12
E 12 13
E 13 14
E 13 16
E 14 15
E 16 14
G 106587872.json 15 18
V 27.000000 80.333333 30.000000 30.000000
V 112.000000 80.333333 100.000000 80.000000
V 402.000000 111.333333 100.000000 80.000000
V 492.000000 111.333333 40.000000 40.000000
V 582.000000 104.666667 100.000000 80.000000
V 672.000000 111.333333 40.000000 40.000000
V 762.000000 111.333333 100.000000 80.000000
V 197.000000 67.000000 30.000000 30.000000
V 282.000000 67.000000 100.000000 80.000000
V 847.000000 58.666667 30.000000 30.000000
V 992.000000 152.000000 100.000000 80.000000
V 1136.000000 58.666667 28.000000 28.000000
V 902.000000 58.666667 40.000000 40.000000
V 992.000000 52.000000 100.000000 80.000000
V 1082.000000 58.666667 40.000000 40.000000
E 0 1
E 1 2
E 1 7
E 2 3
E 8 2
E 3 4
E 3 5
E 4 5
E 5 6
E 6 9
E 7 8
E 8 9
E 9 12
E 12 10
E 10 14
E 14 11
E 12 13
E 13 14
G 1065979309.json 27 29
V 27.000000 204.000000 30.000000 30.000000
V 112.000000 204.000000 100.000000 80.000000
V 292.000000 52.000000 100.000000 80.000000
V 292.000000 210.666667 100.000000 80.000000
V 394.000000 125.000000 64.000000 78.000000
V 376.000000 52.000000 28.000000 28.000000
V 202.000000 204.000000 40.000000 40.000000
V 890.000000 244.000000 100.000000 80.000000
V 1010.000000 244.000000 100.000000 80.000000
V 1130.000000 257.333333 100.000000 80.000000
V 1244.000000 244.000000 88.000000 97.000000
V 1124.000000 148.833333 88.000000 97.000000
V 412.000000 224.000000 100.000000 80.000000
V 542.000000 237.333333 100.000000 80.000000
V 662.000000 237.333333 100.000000 80.000000
V 776.000000 162.166667 88.000000 97.000000
V 430.999500 442.123417 62.001000 60.173000
V 1236.000000 332.500000 40.000000 40.000000
V 1358.000000 332.500000 100.000000 80.000000
V 784.000000 250.666667 40.000000 40.000000
V 1448.000000 332.500000 40.000000 40.000000
V 1538.000000 325.833333 100.000000 80.000000
V 1622.000000 325.833333 28.000000 28.000000
V 1622.000000 443.833333 28.000000 28.000000
V 1538.000000 443.833333 100.000000 80.000000
V 890.000000 385.333333 100.000000 80.000000
V 1004.000000 398.666667 88.000000 97.000000
E 0 1
E 1 6
E 2 5
E 6 2
E 3 4
E 6 3
E 3 12
E 7 8
E 19 7
E 8 9
E 8 11
E 9 10
E 9 17
E 12 13
E 13 14
U 16 13
E 14 15
E 14 19
E 24 16
U 16 25
E 17 18
E 25 17
E 18 20
E 19 25
E 20 21
E 20 24
E 21 22
E 24 23
E 25 26
G 1066443049.json 19 21
V 27.000000 84.666667 30.000000 30.000000
V 112.000000 84.666667 100.000000 80.000000
V 202.000000 84.666667 40.000000 40.000000
V 256.000000 78.000000 28.000000 28.000000
V 292.000000 152.000000 100.000000 80.000000
V 472.000000 245.333333 100.000000 80.000000
V 712.000000 245.333333 100.000000 80.000000
V 382.000000 152.000000 40.000000 40.000000
V 472.000000 145.333333 100.000000 80.000000
V 592.000000 145.333333 100.000000 80.000000
V 722.000000 145.333333 40.000000 40.000000
V 952.000000 152.000000 100.000000 80.000000
V 1132.000000 145.333333 100.000000 80.000000
V 1042.000000 158.666667 40.000000 40.000000
V 1252.000000 52.000000 100.000000 80.000000
V 952.000000 52.000000 100.000000 80.000000
V 1042.000000 70.333333 40.000000 40.000000
V 1096.000000 63.666667 28.000000 28.000000
V 832.000000 138.666667 100.000000 80.000000
E 0 1
E 1 2
E 2 3
E 2 4
E 4 7
E 5 6
E 7 5
E 6 13
E 7 8
E 8 9
E 9 10
E 10 11
E 10 18
E 11 13
E 18 11
E 13 12
E 12 14
E 16 12
E 14 15
E 15 16
E 16 17
G 1066896743.json 16 20
V 167.000000 296.666667 30.000000 30.000000
V 107.000000 241.500000 30.000000 30.000000
V 560.000000 98.666667 100.000000 80.000000
V 32.000000 311.666667 40.000000 40.000000
V 103.666667 291.666667 30.000000 30.000000
V 190.333333 246.500000 30.000000 30.000000
V 322.000000 246.500000 100.000000 80.000000
V 426.333333 316.666667 30.000000 30.000000
V 436.000000 233.166667 88.000000 97.000000
V 436.000000 98.666667 30.000000 30.000000
V 107.000000 49.666667 30.000000 30.000000
V 202.000000 63.000000 100.000000 80.000000
V 322.000000 123.666667 100.000000 80.000000
V 525.000000 173.666667 30.000000 30.000000
V 286.000000 49.666667 28.000000 28.000000
V 102.000000 163.666667 40.000000 40.000000
E 4 0
E 1 5
E 2 3
E 8 2
E 9 2
E 3 4
E 3 7
E 4 5
E 5 6
E 6 7
E 6 8
E 7 13
E 12 9
E 10 11
E 11 12
E 11 14
E 15 11
E 12 13
E 15 12
E 13 15
G 1066917310.json 17 16
V 412.000000 210.333333 100.000000 80.000000
V 532.000000 210.333333 100.000000 80.000000
V 842.000000 70.333333 100.000000 80.000000
V 652.000000 210.333333 100.000000 80.000000
V 932.000000 70.333333 40.000000 40.000000
V 987.000000 27.000000 30.000000 30.000000
V 322.000000 203.666667 40.000000 40.000000
V 412.000000 110.333333 100.000000 80.000000
V 496.000000 110.333333 28.000000 28.000000
V 842.000000 220.333333 100.000000 80.000000
V 926.000000 220.333333 28.000000 28.000000
V 742.000000 210.333333 40.000000 40.000000
V 987.000000 77.000000 30.000000 30.000000
V 807.000000 145.333333 30.000000 30.000000
V 112.000000 203.666667 100.000000 80.000000
V 232.000000 203.666667 100.000000 80.000000
V 27.000000 203.666667 30.000000 30.000000
E 0 1
E 6 0
E 1 3
E 2 4
E 11 2
E 3 11
E 4 5
E 4 12
E 6 7
E 15 6
E 7 8
E 9 10
E 11 9
E 11 13
E 14 15
E 16 14
G 1067168783.json 17 19
V 44.000000 97.431917 64.000000 49.863835
V 146.000000 97.431917 100.000000 80.000000
V 687.000000 116.931917 100.000000 49.863835
V 1017.000000 116.931917 40.000000 40.000000
V 1107.000000 123.598584 64.000000 40.000000
V 1107.000000 53.598584 100.000000 60.000000
V 1197.000000 116.931917 40.000000 40.000000
V 1276.000000 116.931917 78.000000 40.000000
V 1349.000000 116.931917 28.000000 28.000000
V 266.500000 110.765251 101.000000 57.000000
V 687.000000 42.000000 100.000000 60.000000
V 387.000000 77.931917 100.000000 40.000000
V 771.000000 42.000000 28.000000 28.000000
V 507.000000 110.265251 100.000000 60.000000
V 597.000000 110.265251 40.000000 40.000000
V 807.000000 116.931917 100.000000 40.000000
V 927.000000 116.931917 100.000000 40.000000
E 0 1
E 1 9
E 1 11
E 14 2
E 2 15
E 3 4
E 3 5
E 16 3
E 4 6
E 5 6
E 6 7
E 7 8
E 9 11
E 9 13
E 10 12
E 14 10
E 11 13
E 13 14
E 15 16
G 1067335701.json 21 22
V 766.381096 137.596492 40.000000 40.000000
V 871.928733 137.596492 131.095274 80.807016
V 977.476370 130.929825 40.000000 40.000000
V 1687.405103 130.929825 131.095274 80.807016
V 298.642911 206.333333 131.095274 80.000000
V 1083.024007 130.929825 131.095274 78.385968
V 706.381096 206.333333 40.000000 40.000000
V 600.833459 206.333333 30.000000 30.000000
V 760.381096 213.000000 28.000000 28.000000
V 1234.119281 130.929825 131.095274 80.000000
V 871.928733 62.192984 30.000000 30.000000
V 706.381096 130.929825 30.000000 30.000000
V 449.738185 206.333333 131.095274 80.807016
V 500.285822 130.929825 30.000000 30.000000
V 600.833459 130.929825 131.095274 80.000000
V 1838.500377 117.596492 131.095274 80.000000
V 147.547637 206.333333 131.095274 80.000000
V 1385.214555 130.929825 131.095274 78.385968
V 1536.309829 130.929825 131.095274 80.807016
V 32.000000 196.333333 40.000000 40.000000
V 147.547637 62.192984 131.095274 78.385968
E 0 1
E 6 0
E 11 0
E 1 2
E 2 5
E 10 2
E 3 15
E 18 3
E 4 12
E 16 4
E 5 9
E 7 6
E 6 8
E 12 7
E 9 17
E 20 10
E 14 11
E 13 14
E 15 19
E 19 16
E 17 18
E 19 20
G 1067845084.json 24 29
V 27.000000 225.666667 30.000000 30.000000
V 112.000000 225.666667 100.000000 80.000000
V 367.000000 234.000000 30.000000 30.000000
V 422.000000 234.000000 40.000000 40.000000
V 1282.000000 187.333333 100.000000 80.000000
V 1282.000000 85.666667 100.000000 80.000000
V 752.000000 167.333333 100.000000 80.000000
V 512.000000 160.666667 100.000000 80.000000
V 632.000000 240.666667 100.000000 80.000000
V 642.000000 160.666667 40.000000 40.000000
V 282.000000 239.000000 40.000000 40.000000
V 1002.000000 180.666667 40.000000 40.000000
V 1162.000000 187.333333 100.000000 80.000000
V 1077.000000 187.333333 30.000000 30.000000
V 1077.000000 105.666667 30.000000 30.000000
V 1172.000000 105.666667 40.000000 40.000000
V 1366.000000 187.333333 28.000000 28.000000
V 1366.000000 85.666667 28.000000 28.000000
V 197.000000 52.000000 30.000000 30.000000
V 282.000000 52.000000 100.000000 80.000000
V 872.000000 100.666667 100.000000 80.000000
V 422.000000 38.666667 40.000000 40.000000
V 512.000000 38.666667 30.000000 30.000000
V 992.000000 100.666667 100.000000 80.000000
E 0 1
E 1 10
E 1 18
E 2 3
E 10 2
E 19 2
E 3 7
E 3 8
E 8 4
E 12 4
E 15 4
E 4 16
E 9 5
E 15 5
E 5 17
E 9 6
E 6 11
E 6 20
E 7 9
E 11 13
E 11 14
E 13 12
E 14 15
E 23 14
E 18 19
E 19 21
E 22 20
E 20 23
E 21 22
G 1067934650.json 34 43
V 247.000000 212.833333 106.000000 80.000000
V 366.000000 199.500000 92.000000 80.000000
V 128.000000 101.333333 92.000000 81.000000
V 37.000000 219.500000 30.000000 30.000000
V 119.333333 212.833333 40.000000 40.000000
V 32.000000 157.833333 40.000000 40.000000
V 247.000000 101.333333 92.000000 80.000000
V 379.000000 101.333333 40.000000 40.000000
V 478.000000 201.833333 92.000000 80.000000
V 1720.000000 190.944444 28.000000 28.000000
V 478.000000 101.333333 92.000000 81.000000
V 564.000000 195.166667 40.000000 40.000000
V 650.000000 195.166667 92.000000 81.000000
V 736.000000 195.166667 40.000000 40.000000
V 822.000000 151.333333 92.000000 81.000000
V 908.000000 151.333333 40.000000 40.000000
V 994.000000 87.500000 92.000000 81.000000
V 1166.000000 94.166667 92.000000 81.000000
V 1338.000000 100.833333 92.000000 81.000000
V 1510.000000 107.500000 92.000000 81.000000
V 1752.000000 265.444444 92.000000 81.000000
V 1596.000000 107.500000 40.000000 40.000000
V 1424.000000 100.833333 40.000000 40.000000
V 1252.000000 94.166667 40.000000 40.000000
V 1080.000000 87.500000 40.000000 40.000000
V 1864.000000 265.444444 92.000000 81.000000
V 1950.000000 265.444444 40.000000 40.000000
V 2036.000000 272.111111 92.000000 81.000000
V 2036.000000 171.111111 92.000000 81.000000
V 2122.000000 265.444444 40.000000 40.000000
V 2208.000000 265.444444 92.000000 81.000000
V 2320.000000 265.444444 92.000000 81.000000
V 2432.000000 265.444444 92.000000 81.000000
V 2512.000000 265.444444 28.000000 28.000000
E 0 1
E 4 0
E 1 5
E 5 2
E 2 6
E 3 4
E 5 4
E 5 9
E 6 7
E 7 8
E 7 9
E 7 10
E 8 11
E 13 9
E 15 9
E 21 9
E 22 9
E 23 9
E 24 9
E 10 11
E 11 12
E 12 13
E 13 14
E 14 15
E 15 16
E 16 24
E 17 23
E 24 17
E 18 22
E 23 18
E 19 21
E 22 19
E 21 20
E 20 25
E 25 26
E 26 27
E 26 28
E 27 29
E 28 29
E 29 30
E 30 31
E 31 32
E 32 33
G 1068470140.json 19 19
V 27.000000 69.166667 30.000000 30.000000
V 112.000000 69.166667 100.000000 80.000000
V 202.000000 69.166667 40.000000 40.000000
V 298.000000 62.500000 112.000000 101.000000
V 298.000000 215.833333 100.000000 80.000000
V 394.000000 62.500000 40.000000 40.000000
V 484.000000 55.833333 100.000000 80.000000
V 493.000000 135.833333 40.000000 40.000000
V 661.000000 135.833333 100.000000 80.000000
V 841.000000 129.166667 100.000000 80.000000
V 751.000000 135.833333 40.000000 40.000000
V 841.000000 229.166667 100.000000 80.000000
V 394.000000 215.833333 40.000000 40.000000
V 512.500000 315.833333 100.000000 80.000000
V 925.000000 229.166667 28.000000 28.000000
V 925.000000 129.166667 28.000000 28.000000
V 625.000000 315.833333 28.000000 28.000000
V 512.500000 215.833333 157.000000 80.000000
V 625.000000 215.833333 28.000000 28.000000
E 0 1
E 1 2
E 2 3
E 2 4
E 3 5
E 4 12
E 5 6
E 5 7
E 7 8
E 12 7
E 8 10
E 10 9
E 9 15
E 10 11
E 11 14
E 12 13
E 12 17
E 13 16
E 17 18
G 1069107590.json 19 26
V 197.000000 227.000000 30.000000 30.000000
V 892.000000 103.500000 100.000000 80.000000
V 772.000000 103.500000 88.000000 97.000000
V 642.000000 218.666667 40.000000 40.000000
V 772.000000 212.000000 100.000000 80.000000
V 982.000000 110.166667 40.000000 40.000000
V 1072.000000 110.166667 100.000000 80.000000
V 1166.000000 90.166667 28.000000 28.000000
V 1208.000000 172.666667 112.000000 97.000000
V 282.000000 227.000000 100.000000 80.000000
V 540.333333 218.666667 30.000000 30.000000
V 27.000000 240.333333 30.000000 30.000000
V 112.000000 240.333333 100.000000 80.000000
V 367.000000 272.000000 30.000000 30.000000
V 452.000000 272.000000 100.000000 80.000000
V 857.000000 262.000000 30.000000 30.000000
V 632.000000 52.000000 100.000000 80.000000
V 542.000000 285.333333 40.000000 40.000000
V 1298.000000 172.666667 28.000000 28.000000
E 0 9
E 12 0
E 2 1
E 4 1
E 1 5
E 16 1
E 16 2
E 3 4
E 5 3
E 10 3
E 4 15
E 5 6
E 6 7
E 6 8
E 6 18
E 8 18
E 9 10
E 9 13
E 14 10
E 11 12
E 12 13
E 13 14
E 14 17
E 15 16
E 17 15
E 16 18
G 106933957.json 35 42
V 112.000000 203.809524 100.000000 80.000000
V 27.000000 203.809524 30.000000 30.000000
V 232.000000 203.809524 100.000000 80.000000
V 412.000000 210.476190 100.000000 80.000000
V 742.000000 217.142857 40.000000 40.000000
V 832.000000 223.809524 100.000000 80.000000
V 532.000000 52.000000 100.000000 80.000000
V 616.000000 52.000000 28.000000 28.000000
V 922.000000 223.809524 40.000000 40.000000
V 1012.000000 230.476190 100.000000 80.000000
V 2537.000059 163.809524 100.000000 80.000000
V 1102.000000 230.476190 40.000000 40.000000
V 1192.000000 237.142857 100.000000 80.000000
V 1282.000000 237.142857 40.000000 40.000000
V 1372.000000 243.809524 100.000000 80.000000
V 1574.500029 250.476190 105.000059 133.000000
V 1462.000000 243.809524 40.000000 40.000000
V 2621.000059 163.809524 28.000000 28.000000
V 1551.285723 106.142857 40.000000 40.000000
V 322.000000 203.809524 40.000000 40.000000
V 412.000000 52.000000 30.000000 30.000000
V 542.000000 210.476190 40.000000 40.000000
V 652.000000 217.142857 100.000000 80.000000
V 1697.000059 250.476190 100.000000 80.000000
V 1787.000059 250.476190 40.000000 40.000000
V 1877.000059 257.142857 100.000000 80.000000
V 1997.000059 257.142857 100.000000 80.000000
V 1997.000059 157.142857 100.000000 80.000000
V 2087.000059 250.476190 40.000000 40.000000
V 2177.000059 250.476190 100.000000 80.000000
V 2267.000059 250.476190 40.000000 40.000000
V 2357.000059 257.142857 100.000000 80.000000
V 2447.000059 257.142857 40.000000 40.000000
V 2537.000059 263.809524 100.000000 80.000000
V 2621.000059 263.809524 28.000000 28.000000
E 1 0
E 0 2
E 2 19
E 19 3
E 3 21
E 4 5
E 4 18
E 22 4
E 5 8
E 6 7
E 20 6
E 8 9
E 8 18
E 9 11
E 10 17
E 18 10
E 30 10
E 32 10
E 11 12
E 11 18
E 12 13
E 13 14
E 13 18
E 14 16
E 16 15
E 15 23
E 16 18
E 21 18
E 19 20
E 21 22
E 23 24
E 24 25
E 24 27
E 25 26
E 26 28
E 27 28
E 28 29
E 29 30
E 30 31
E 31 32
E 32 33
E 33 34
G 1069691092.json 34 35
V 27.000000 318.196424 30.000000 30.000000
V 112.000000 318.196424 100.000000 80.000000
V 1458.157793 296.443257 100.000000 80.000000
V 1680.022551 296.443257 100.000000 80.000000
V 1770.022551 296.443257 40.000000 40.000000
V 1824.022551 321.443257 28.000000 28.000000
V 2429.002298 244.776590 183.999500 50.000000
V 1173.293410 296.443257 100.000000 80.000000
V 1031.293035 174.603590 62.001000 60.173000
V 1860.022551 219.690090 100.000000 80.000000
V 2021.767550 296.443257 100.000000 80.000000
V 1961.023051 206.356757 62.001000 60.173000
V 1879.022051 385.529757 62.001000 60.173000
V 2453.002215 309.776590 40.000000 40.000000
V 2556.002048 316.443257 30.000000 30.000000
V 510.432626 241.443257 100.000000 80.000000
V 649.576668 131.692795 62.001000 60.173000
V 1194.293285 381.443257 183.999500 50.000000
V 2063.512550 395.558590 266.979997 50.000000
V 643.243501 316.443257 30.000000 30.000000
V 2556.002048 266.443257 30.000000 30.000000
V 2267.002548 296.443257 100.000000 80.000000
V 827.768518 141.721629 229.050034 79.443257
V 232.000000 318.196424 100.000000 80.000000
V 352.000000 331.529757 62.001000 60.173000
V 497.621751 331.529757 151.243501 50.000000
V 827.768518 47.000000 229.050034 70.000000
V 849.276857 241.443257 100.000000 80.000000
V 1012.293535 84.517090 100.000000 80.000000
V 993.294035 254.776590 62.001000 60.173000
V 1194.293285 71.183757 62.001000 60.173000
V 1458.157793 71.183757 303.729516 50.000000
V 643.243501 241.443257 100.000000 80.000000
V 352.000000 241.443257 100.000000 80.000000
E 0 1
E 1 23
E 2 3
E 7 2
E 3 4
E 4 5
E 4 9
E 4 10
U 21 6
E 8 7
E 19 7
E 28 7
U 8 17
E 9 10
E 9 11
E 12 10
E 10 21
U 12 18
E 13 14
E 13 20
E 21 13
E 15 16
E 15 19
E 15 32
E 33 15
U 16 22
U 16 26
E 23 24
E 23 33
U 24 25
E 27 28
E 27 29
E 32 27
E 28 30
U 30 31
G 1070302721.json 24 27
V 112.000000 335.666667 100.000000 80.000000
V 202.000000 335.666667 40.000000 40.000000
V 302.000000 436.500000 100.000000 95.000000
V 430.000000 436.500000 100.000000 95.000000
V 574.500000 436.500000 133.000000 95.000000
V 681.000000 335.666667 40.000000 40.000000
V 751.000000 232.000000 40.000000 40.000000
V 202.000000 75.333333 40.000000 40.000000
V 302.000000 65.333333 30.000000 30.000000
V 302.000000 254.000000 30.000000 30.000000
V 430.000000 65.333333 116.000000 95.000000
V 574.500000 254.000000 30.000000 30.000000
V 681.000000 58.666667 40.000000 40.000000
V 781.000000 52.000000 100.000000 80.000000
V 781.000000 152.000000 100.000000 80.000000
V 991.000000 58.666667 40.000000 40.000000
V 901.000000 152.000000 100.000000 80.000000
V 1045.000000 58.666667 28.000000 28.000000
V 430.000000 329.000000 116.000000 80.000000
V 590.000000 65.333333 40.000000 40.000000
V 681.000000 113.666667 30.000000 30.000000
V 901.000000 52.000000 100.000000 80.000000
V 27.000000 335.666667 30.000000 30.000000
V 302.000000 329.000000 100.000000 80.000000
E 0 1
E 22 0
E 1 2
E 1 23
E 2 3
E 3 4
E 4 5
E 5 6
E 18 5
E 6 7
E 11 6
E 20 6
E 7 8
E 7 9
E 8 10
E 9 11
E 10 19
E 12 13
E 12 14
E 19 12
E 13 21
E 14 16
E 16 15
E 15 17
E 21 15
E 23 18
E 19 20
G 1070402056.json 19 26
V 27.000000 153.416667 30.000000 30.000000
V 188.500000 157.583333 81.000000 55.000000
V 95.000000 148.416667 66.000000 65.000000
V 297.500000 288.833333 66.000000 65.000000
V 303.666667 216.333333 40.000000 40.000000
V 396.500000 232.000000 81.000000 54.000000
V 396.500000 152.833333 81.000000 54.000000
V 297.500000 143.833333 77.000000 65.000000
V 477.000000 159.500000 40.000000 40.000000
V 557.500000 159.500000 81.000000 60.000000
V 675.750000 234.500000 40.000000 40.000000
V 785.000000 257.833333 100.000000 80.000000
V 785.000000 157.833333 100.000000 80.000000
V 785.000000 57.833333 100.000000 80.000000
V 666.500000 299.000000 66.000000 49.000000
V 666.500000 144.500000 77.000000 65.000000
V 666.500000 44.500000 77.000000 65.000000
V 875.000000 157.833333 40.000000 40.000000
V 929.000000 157.833333 28.000000 28.000000
E 0 1
E 0 2
E 2 1
E 1 3
E 1 4
E 1 7
E 3 5
E 4 5
E 4 6
E 5 8
E 7 6
E 6 8
E 8 9
E 9 10
E 9 14
E 9 15
E 10 11
E 10 12
E 10 13
E 14 11
E 11 17
E 15 12
E 12 17
E 16 13
E 13 17
E 17 18
G 1070635668.json 25 33
V 27.000000 102.000000 30.000000 30.000000
V 82.000000 102.000000 40.000000 40.000000
V 302.000000 425.000000 100.000000 80.000000
V 182.000000 192.000000 100.000000 80.000000
V 182.000000 92.000000 100.000000 80.000000
V 422.000000 72.000000 40.000000 40.000000
V 660.000000 165.333333 100.000000 80.000000
V 554.000000 72.000000 40.000000 40.000000
V 660.000000 65.333333 100.000000 80.000000
V 302.000000 255.666667 100.000000 80.000000
V 432.000000 332.666667 100.000000 80.000000
V 302.000000 78.666667 100.000000 80.000000
V 788.666667 52.000000 100.000000 80.000000
V 788.666667 224.666667 100.000000 80.000000
V 432.000000 490.666667 100.000000 80.000000
V 903.800000 242.000000 40.000000 40.000000
V 1037.000000 255.333333 100.000000 80.000000
V 1121.000000 255.333333 28.000000 28.000000
V 296.000000 170.166667 88.000000 51.000000
V 429.000000 247.166667 94.000000 51.000000
V 920.000000 47.166667 94.000000 51.000000
V 786.500000 145.666667 113.000000 38.000000
V 923.000000 301.000000 88.000000 38.000000
V 426.000000 411.666667 88.000000 38.000000
V 546.000000 471.000000 88.000000 38.000000
E 0 1
E 1 2
E 1 3
E 1 4
E 2 14
E 2 23
E 3 9
E 3 18
E 4 11
E 4 18
E 5 7
E 9 5
E 11 5
E 7 6
E 6 13
E 6 21
E 7 8
E 8 12
E 8 21
E 9 10
E 9 19
E 10 15
E 10 24
E 11 19
E 12 15
E 12 20
E 13 15
E 13 20
E 14 15
E 14 24
E 15 16
E 16 17
E 22 16
G 1071121375.json 25 31
V 539.875000 284.089200 28.000000 28.000000
V 623.875000 284.089200 100.000000 80.000000
V 753.875000 304.089200 100.000000 80.000000
V 1235.875000 191.589200 88.000000 97.000000
V 1465.812500 40.973000 63.875000 57.946000
V 876.541667 304.089200 100.000000 80.000000
V 43.937500 76.580200 63.875000 57.946000
V 1001.875000 83.089200 88.000000 97.000000
V 1009.875000 317.422533 40.000000 40.000000
V 1115.875000 410.755867 100.000000 80.000000
V 1115.875000 310.755867 100.000000 80.000000
V 1349.875000 324.089200 88.000000 97.000000
V 1235.875000 324.089200 100.000000 80.000000
V 275.875000 146.422533 100.000000 80.000000
V 151.875000 126.422533 88.000000 97.000000
V 151.875000 243.422533 88.000000 97.000000
V 397.875000 190.755867 40.000000 40.000000
V 503.875000 392.589200 100.000000 80.000000
V 503.875000 184.089200 100.000000 80.000000
V 875.875000 133.089200 104.000000 97.000000
V 623.875000 184.089200 100.000000 80.000000
V 717.875000 184.089200 28.000000 28.000000
V 623.875000 392.589200 88.000000 97.000000
V 145.875000 451.089200 100.000000 80.000000
V 389.875000 451.089200 88.000000 97.000000
E 0 1
E 1 2
E 2 3
E 2 5
E 9 2
E 22 2
E 24 2
U 3 4
U 7 4
U 11 4
U 19 4
E 5 7
E 5 8
U 6 7
U 6 23
E 8 9
E 8 10
E 10 12
E 12 11
E 12 23
E 14 13
E 15 13
E 13 16
E 13 19
E 23 13
E 16 17
E 16 18
E 17 22
E 18 20
E 20 21
E 23 24
G 1071361509.json 32 35
V 1352.000000 409.666667 100.000000 80.000000
V 1472.000000 409.666667 100.000000 80.000000
V 1642.000000 404.666667 100.000000 80.000000
V 1557.000000 404.666667 30.000000 30.000000
V 1726.000000 404.666667 28.000000 28.000000
V 402.000000 401.333333 100.000000 80.000000
V 532.000000 401.333333 40.000000 40.000000
V 642.000000 408.000000 100.000000 80.000000
V 726.000000 408.000000 28.000000 28.000000
V 992.000000 316.333333 100.000000 80.000000
V 1082.000000 316.333333 40.000000 40.000000
V 1172.000000 416.333333 100.000000 80.000000
V 642.000000 308.000000 100.000000 80.000000
V 1172.000000 216.333333 100.000000 80.000000
V 1172.000000 316.333333 100.000000 80.000000
V 1262.000000 409.666667 40.000000 40.000000
V 1256.000000 216.333333 28.000000 28.000000
V 317.000000 401.333333 30.000000 30.000000
V 907.000000 316.333333 30.000000 30.000000
V 112.000000 388.000000 100.000000 80.000000
V 27.000000 388.000000 30.000000 30.000000
V 642.000000 152.000000 100.000000 80.000000
V 522.000000 52.000000 100.000000 80.000000
V 232.000000 388.000000 100.000000 80.000000
V 317.000000 145.333333 30.000000 30.000000
V 412.000000 145.333333 40.000000 40.000000
V 522.000000 152.000000 100.000000 80.000000
V 786.000000 58.666667 28.000000 28.000000
V 732.000000 58.666667 40.000000 40.000000
V 822.000000 271.333333 100.000000 80.000000
V 732.000000 271.333333 30.000000 30.000000
V 906.000000 258.000000 28.000000 28.000000
E 0 1
E 15 0
E 1 3
E 3 2
E 2 4
E 21 3
E 5 6
E 17 5
E 6 7
E 6 12
E 7 8
E 9 10
E 18 9
E 10 11
E 10 13
E 10 14
E 11 15
E 12 18
E 12 30
E 13 16
E 14 15
E 23 17
E 29 18
E 20 19
E 19 23
E 26 21
E 21 28
E 25 22
E 22 28
E 23 24
E 24 25
E 25 26
E 28 27
E 30 29
E 29 31
G 107168023.json 16 18
V 660.000000 199.000000 120.000000 60.000000
V 26.000000 179.000000 28.000000 28.000000
V 80.000000 179.000000 40.000000 40.000000
V 460.000000 78.000000 120.000000 60.000000
V 190.000000 185.666667 140.000000 70.000000
V 340.000000 185.666667 40.000000 40.000000
V 900.000000 185.666667 40.000000 40.000000
V 560.000000 192.333333 40.000000 40.000000
V 460.000000 192.333333 120.000000 60.000000
V 660.000000 119.000000 120.000000 60.000000
V 786.666667 192.333333 40.000000 40.000000
V 800.000000 78.000000 120.000000 60.000000
V 960.000000 179.000000 40.000000 40.000000
V 330.000000 37.000000 100.000000 50.000000
V 1070.000000 179.000000 140.000000 70.000000
V 1174.000000 179.000000 28.000000 28.000000
E 7 0
E 0 10
E 1 2
E 2 4
E 2 13
E 5 3
E 3 11
E 4 5
E 5 8
E 10 6
E 11 6
E 6 12
E 8 7
E 7 9
E 9 10
E 13 12
E 12 14
E 14 15
G 1071898239.json 22 23
V 397.000000 143.000000 30.000000 30.000000
V 482.000000 143.000000 100.000000 80.000000
V 973.036435 136.333333 722.072871 219.295588
V 262.000000 341.647794 40.000000 40.000000
V 82.000000 341.647794 40.000000 40.000000
V 27.000000 341.647794 30.000000 30.000000
V 172.000000 348.314461 100.000000 80.000000
V 172.000000 248.314461 100.000000 80.000000
V 362.000000 341.647794 100.000000 80.000000
V 482.000000 341.647794 100.000000 80.000000
V 566.000000 354.981127 28.000000 28.000000
V 1369.072871 141.333333 30.000000 30.000000
V 326.000000 267.647794 28.000000 28.000000
V 492.000000 63.000000 40.000000 40.000000
V 572.000000 136.333333 40.000000 40.000000
V 1454.072871 128.000000 100.000000 80.000000
V 362.000000 63.000000 100.000000 80.000000
V 262.000000 257.647794 40.000000 40.000000
V 566.000000 56.333333 28.000000 28.000000
V 1076.715247 305.981127 100.000000 80.000000
V 1368.072871 319.314461 28.000000 28.000000
V 572.000000 305.981127 30.000000 30.000000
E 0 1
E 1 14
E 2 11
E 14 2
E 6 3
E 7 3
E 3 8
E 5 4
E 4 6
E 4 7
E 8 9
E 9 10
E 9 21
E 11 15
E 19 11
E 17 12
E 13 14
E 16 13
E 13 18
E 15 17
E 17 16
E 19 20
E 21 19
G 1072036927.json 20 21
V 112.000000 157.473000 100.000000 80.000000
V 27.000000 157.473000 30.000000 30.000000
V 424.000000 123.473000 28.000000 28.000000
V 568.875000 134.139667 30.000000 30.000000
V 653.875000 134.139667 100.000000 80.000000
V 743.875000 134.139667 40.000000 40.000000
V 798.875000 179.139667 30.000000 30.000000
V 883.875000 284.139667 100.000000 80.000000
V 848.875000 109.139667 30.000000 30.000000
V 1087.875000 292.806333 28.000000 28.000000
V 232.000000 157.473000 100.000000 80.000000
V 354.000000 170.806333 40.000000 40.000000
V 441.937500 177.473000 40.000000 40.000000
V 513.875000 177.473000 40.000000 40.000000
V 797.875000 127.473000 28.000000 28.000000
V 968.875000 202.473000 30.000000 30.000000
V 883.875000 184.139667 100.000000 80.000000
V 346.000000 60.500000 88.000000 97.000000
V 1003.875000 127.473000 100.000000 80.000000
V 441.937500 60.500000 63.875000 57.946000
E 1 0
E 0 10
E 11 2
E 3 4
E 13 3
E 4 5
E 5 6
E 5 14
E 6 8
E 13 6
E 6 16
E 7 9
E 7 15
E 18 9
E 10 11
E 10 17
E 11 12
E 12 13
E 16 15
E 16 18
U 17 19
G 1072611003.json 35 39
V 292.000000 173.666667 100.000000 80.000000
V 27.000000 173.666667 30.000000 30.000000
V 112.000000 173.666667 100.000000 80.000000
V 202.000000 173.666667 40.000000 40.000000
V 382.000000 173.666667 40.000000 40.000000
V 552.000000 324.333333 100.000000 80.000000
V 452.000000 331.000000 40.000000 40.000000
V 696.000000 329.000000 28.000000 28.000000
V 642.000000 324.333333 40.000000 40.000000
V 552.000000 425.333333 100.000000 80.000000
V 452.000000 432.000000 40.000000 40.000000
V 552.000000 574.333333 100.000000 80.000000
V 732.000000 418.666667 100.000000 80.000000
V 642.000000 425.333333 40.000000 40.000000
V 936.000000 423.333333 28.000000 28.000000
V 852.000000 418.666667 40.000000 40.000000
V 852.000000 768.666667 100.000000 80.000000
V 996.000000 722.333333 28.000000 28.000000
V 942.000000 768.666667 40.000000 40.000000
V 742.000000 724.333333 40.000000 40.000000
V 642.000000 574.333333 40.000000 40.000000
V 852.000000 667.666667 100.000000 80.000000
V 747.000000 567.666667 40.000000 40.000000
V 936.000000 667.666667 28.000000 28.000000
V 816.000000 493.666667 28.000000 28.000000
V 552.000000 76.333333 100.000000 80.000000
V 696.000000 30.000000 28.000000 28.000000
V 642.000000 76.333333 40.000000 40.000000
V 452.000000 32.000000 40.000000 40.000000
V 936.000000 567.666667 28.000000 28.000000
V 852.000000 567.666667 100.000000 80.000000
V 516.000000 250.333333 28.000000 28.000000
V 452.000000 248.333333 40.000000 40.000000
V 452.000000 169.666667 40.000000 40.000000
V 552.000000 176.333333 100.000000 80.000000
E 3 0
E 0 4
E 1 2
E 2 3
E 4 6
E 4 10
E 4 28
E 4 33
E 6 5
E 5 8
E 6 7
E 8 7
E 10 9
E 9 13
E 10 11
E 11 20
E 13 12
E 12 15
E 13 14
E 15 14
E 16 18
E 19 16
E 18 17
E 19 17
E 20 19
E 20 22
E 22 21
E 21 23
E 22 24
E 22 30
E 25 27
E 28 25
E 27 26
E 28 26
E 30 29
E 32 31
E 33 31
E 32 34
E 33 34
G 1072736347.json 33 34
V 994.324152 145.633178 30.000000 30.000000
V 1114.324152 145.633178 100.000000 80.000000
V 1204.324152 145.633178 40.000000 40.000000
V 1294.324152 152.299845 100.000000 80.000000
V 1294.324152 52.299845 100.000000 80.000000
V 1379.324152 115.633178 30.000000 30.000000
V 1379.324152 52.299845 30.000000 30.000000
V 1517.470983 52.299845 206.293662 80.599690
V 27.000000 349.299845 30.000000 30.000000
V 371.033300 349.299845 100.000000 80.000000
V 461.033300 349.299845 40.000000 40.000000
V 588.162076 359.299845 154.171701 67.000000
V 588.162076 257.299845 154.257552 67.000000
V 588.162076 145.633178 154.171701 67.000000
V 874.324152 145.633178 30.000000 30.000000
V 744.807502 145.633178 119.033300 73.000000
V 1379.324152 165.633178 30.000000 30.000000
V 112.000000 349.299845 100.000000 80.000000
V 241.516650 349.299845 119.033300 80.000000
V 1535.186593 165.633178 100.000000 80.000000
V 1690.617814 178.966512 100.000000 80.000000
V 1840.617814 270.633178 40.000000 40.000000
V 1895.617814 205.799845 30.000000 30.000000
V 1953.117814 277.299845 145.000000 73.000000
V 747.979719 257.299845 100.000000 80.000000
V 747.979719 359.299845 100.000000 80.000000
V 2059.617814 277.299845 28.000000 28.000000
V 994.324152 270.633178 100.000000 80.000000
V 1114.324152 321.633178 100.000000 80.000000
V 1780.617814 270.633178 40.000000 40.000000
V 874.324152 372.633178 100.000000 80.000000
V 874.324152 220.633178 100.000000 80.000000
V 1690.617814 78.966512 100.000000 80.000000
E 0 1
E 14 0
E 1 2
E 2 3
E 2 4
E 3 5
E 3 16
E 4 6
U 6 7
E 8 17
E 9 10
E 18 9
E 10 11
E 10 12
E 10 13
E 11 25
E 12 24
E 13 15
E 15 14
E 16 19
E 17 18
E 19 20
E 19 32
E 20 29
E 21 22
E 21 23
E 29 21
E 23 26
E 24 27
E 24 31
E 25 28
E 25 30
E 27 29
E 28 29
G 1072844002.json 17 18
V 27.000000 65.333333 30.000000 30.000000
V 112.000000 65.333333 100.000000 80.000000
V 322.000000 65.333333 40.000000 40.000000
V 422.000000 58.666667 40.000000 40.000000
V 532.000000 152.000000 100.000000 80.000000
V 532.000000 52.000000 100.000000 80.000000
V 232.000000 65.333333 100.000000 80.000000
V 412.000000 202.000000 100.000000 80.000000
V 652.000000 202.000000 100.000000 80.000000
V 642.000000 58.666667 40.000000 40.000000
V 742.000000 65.333333 40.000000 40.000000
V 832.000000 65.333333 100.000000 80.000000
V 922.000000 65.333333 40.000000 40.000000
V 1012.000000 58.666667 100.000000 80.000000
V 1012.000000 158.666667 100.000000 80.000000
V 1096.000000 58.666667 28.000000 28.000000
V 1096.000000 158.666667 28.000000 28.000000
E 0 1
E 1 6
E 2 3
E 6 2
E 2 7
E 3 4
E 3 5
E 4 9
E 5 9
E 7 8
E 8 10
E 9 10
E 10 11
E 11 12
E 12 13
E 12 14
E 13 15
E 14 16
G 1072937185.json 19 21
V 27.000000 170.333333 30.000000 30.000000
V 112.000000 170.333333 100.000000 80.000000
V 232.000000 170.333333 100.000000 80.000000
V 322.000000 170.333333 40.000000 40.000000
V 472.000000 72.000000 100.000000 80.000000
V 472.000000 172.000000 100.000000 80.000000
V 387.000000 85.333333 30.000000 30.000000
V 322.000000 80.333333 40.000000 40.000000
V 387.000000 172.000000 30.000000 30.000000
V 592.000000 172.000000 100.000000 80.000000
V 712.000000 172.000000 100.000000 80.000000
V 842.000000 152.000000 100.000000 80.000000
V 627.000000 97.000000 30.000000 30.000000
V 842.000000 52.000000 100.000000 80.000000
V 722.000000 58.666667 40.000000 40.000000
V 962.000000 52.000000 100.000000 80.000000
V 1082.000000 52.000000 100.000000 80.000000
V 962.000000 152.000000 100.000000 50.000000
V 1166.000000 52.000000 28.000000 28.000000
E 0 1
E 1 2
E 2 3
E 3 6
E 3 8
E 6 4
E 4 7
E 8 5
E 5 9
E 7 6
E 7 8
E 9 10
E 10 11
E 11 12
E 14 11
U 11 17
E 12 14
E 14 13
E 13 15
E 15 16
E 16 18
G 1073171981.json 39 46
V 1241.000000 199.333333 100.000000 80.000000
V 1371.000000 186.000000 40.000000 40.000000
V 1481.000000 179.333333 100.000000 80.000000
V 1588.666667 172.666667 40.000000 40.000000
V 1694.000000 172.666667 100.000000 80.000000
V 1592.500000 245.666667 63.000000 66.000000
V 772.000000 149.333333 100.000000 80.000000
V 892.000000 136.000000 100.000000 80.000000
V 993.500000 215.666667 63.000000 66.000000
V 1020.000000 122.666667 116.000000 80.000000
V 1135.250000 122.666667 40.000000 40.000000
V 352.000000 69.333333 100.000000 80.000000
V 442.000000 69.333333 40.000000 40.000000
V 532.000000 62.666667 100.000000 80.000000
V 532.000000 162.666667 100.000000 80.000000
V 652.000000 149.333333 100.000000 80.000000
V 250.500000 56.000000 63.000000 66.000000
V 633.500000 242.333333 63.000000 66.000000
V 27.000000 162.333333 30.000000 30.000000
V 112.000000 162.333333 100.000000 80.000000
V 232.000000 149.000000 100.000000 80.000000
V 213.500000 242.000000 63.000000 66.000000
V 616.000000 62.666667 28.000000 28.000000
V 1789.750000 172.666667 40.000000 40.000000
V 1897.000000 113.000000 100.000000 80.000000
V 1981.000000 113.000000 28.000000 28.000000
V 1795.500000 99.666667 63.000000 66.000000
V 1241.000000 299.333333 100.000000 80.000000
V 922.000000 306.000000 40.000000 40.000000
V 1022.666667 356.666667 100.000000 80.000000
V 1241.000000 386.333333 40.000000 40.000000
V 1361.000000 386.333333 100.000000 80.000000
V 1129.500000 343.333333 63.000000 66.000000
V 1241.000000 99.333333 100.000000 80.000000
V 1371.000000 99.333333 40.000000 40.000000
V 1481.000000 52.000000 100.000000 80.000000
V 1588.666667 58.666667 40.000000 40.000000
V 1694.000000 58.666667 100.000000 80.000000
V 1129.500000 49.666667 63.000000 66.000000
E 0 1
E 5 0
E 10 0
E 1 2
E 1 3
E 2 3
E 2 5
E 3 4
E 4 23
E 6 7
E 6 8
E 15 6
E 7 8
E 7 9
E 9 10
E 10 27
E 10 33
E 11 12
E 16 11
E 20 11
E 12 13
E 12 14
E 13 22
E 14 15
E 14 17
E 18 19
E 19 20
E 19 21
E 23 24
E 31 23
E 37 23
E 24 25
E 26 24
E 27 28
E 32 27
E 28 29
E 29 30
E 29 32
E 30 31
E 33 34
E 38 33
E 34 35
E 34 36
E 35 36
E 35 38
E 36 37
G 1073694213.json 18 18
V 1332.000000 152.000000 100.000000 80.000000
V 1212.000000 152.000000 100.000000 80.000000
V 1476.000000 58.666667 28.000000 28.000000
V 1422.000000 58.666667 40.000000 40.000000
V 112.000000 58.666667 100.000000 80.000000
V 27.000000 58.666667 30.000000 30.000000
V 232.000000 58.666667 100.000000 80.000000
V 317.000000 58.666667 30.000000 30.000000
V 1332.000000 52.000000 100.000000 80.000000
V 947.000000 58.666667 30.000000 30.000000
V 1122.000000 58.666667 40.000000 40.000000
V 1032.000000 58.666667 100.000000 80.000000
V 692.000000 58.666667 100.000000 80.000000
V 452.000000 58.666667 100.000000 80.000000
V 812.000000 58.666667 100.000000 80.000000
V 897.000000 58.666667 30.000000 30.000000
V 367.000000 58.666667 30.000000 30.000000
V 572.000000 58.666667 100.000000 80.000000
E 1 0
E 0 3
E 10 1
E 3 2
E 8 3
E 5 4
E 4 6
E 6 7
E 7 16
E 10 8
E 9 11
E 15 9
E 11 10
E 12 14
E 17 12
E 16 13
E 13 17
E 14 15
G 1073757691.json 23 26
V 182.000000 52.000000 100.000000 80.000000
V 422.000000 52.000000 100.000000 80.000000
V 182.000000 152.000000 100.000000 80.000000
V 302.000000 152.000000 100.000000 80.000000
V 650.333333 124.333333 30.000000 30.000000
V 782.000000 124.333333 100.000000 80.000000
V 182.000000 338.666667 100.000000 80.000000
V 302.000000 338.666667 100.000000 80.000000
V 782.000000 347.000000 100.000000 80.000000
V 902.000000 347.000000 100.000000 80.000000
V 650.333333 347.000000 30.000000 30.000000
V 27.000000 328.666667 30.000000 30.000000
V 82.000000 328.666667 40.000000 40.000000
V 302.000000 52.000000 100.000000 80.000000
V 217.000000 258.666667 30.000000 30.000000
V 312.000000 258.666667 40.000000 40.000000
V 410.333333 170.333333 30.000000 30.000000
V 410.333333 270.333333 30.000000 30.000000
V 542.000000 270.333333 100.000000 80.000000
V 662.000000 257.000000 100.000000 80.000000
V 542.000000 170.333333 100.000000 80.000000
V 772.000000 250.333333 40.000000 40.000000
V 866.000000 250.333333 28.000000 28.000000
E 12 0
E 0 13
E 13 1
E 2 3
E 12 2
E 3 4
E 3 16
E 4 5
E 20 4
E 6 7
E 12 6
E 7 10
E 7 17
E 8 9
E 10 8
E 18 10
E 11 12
E 14 15
E 15 16
E 15 17
E 16 20
E 17 18
E 18 19
E 19 21
E 20 21
E 21 22
G 1073798553.json 30 33
V 27.000000 58.666667 30.000000 30.000000
V 82.000000 58.666667 40.000000 40.000000
V 172.000000 152.000000 100.000000 80.000000
V 172.000000 52.000000 100.000000 80.000000
V 262.000000 58.666667 40.000000 40.000000
V 1784.199999 248.633333 100.000000 80.000000
V 1868.199999 248.633333 28.000000 28.000000
V 322.000000 58.666667 40.000000 40.000000
V 412.000000 152.000000 100.000000 80.000000
V 412.000000 52.000000 100.000000 80.000000
V 532.000000 152.000000 100.000000 80.000000
V 532.000000 52.000000 100.000000 80.000000
V 652.000000 152.000000 100.000000 80.000000
V 652.000000 52.000000 100.000000 80.000000
V 766.000000 162.500000 88.000000 97.000000
V 758.000000 58.666667 40.000000 40.000000
V 880.000000 72.000000 100.000000 80.000000
V 970.000000 72.000000 40.000000 40.000000
V 1060.000000 165.333333 100.000000 80.000000
V 1255.000000 67.000000 30.000000 30.000000
V 1150.000000 72.000000 40.000000 40.000000
V 1205.000000 72.000000 30.000000 30.000000
V 1255.000000 155.300000 30.000000 30.000000
V 1352.099999 155.300000 124.199999 108.599999
V 1304.000000 67.000000 28.000000 28.000000
V 1060.000000 65.333333 100.000000 80.000000
V 1484.199999 155.300000 100.000000 80.000000
V 1784.199999 148.633333 100.000000 80.000000
V 1604.199999 155.300000 100.000000 80.000000
V 1694.199999 155.300000 40.000000 40.000000
E 0 1
E 1 2
E 1 3
E 2 4
E 3 4
E 4 7
E 5 6
E 29 5
E 7 8
E 7 9
E 8 10
E 9 11
E 10 12
E 11 13
E 12 15
E 13 15
E 14 16
E 14 18
E 15 16
E 16 17
E 17 18
E 17 25
E 18 20
E 21 19
E 19 24
E 20 21
E 25 20
E 21 22
E 22 23
E 23 26
E 26 28
E 29 27
E 28 29
G 1073905366.json 27 27
V 368.000000 124.500000 100.000000 80.000000
V 968.000000 111.166667 100.000000 80.000000
V 1089.500000 124.500000 103.000000 129.000000
V 1052.000000 26.000000 28.000000 28.000000
V 848.000000 324.500000 100.000000 80.000000
V 848.000000 124.500000 100.000000 80.000000
V 873.500000 224.500000 49.000000 80.000000
V 368.000000 324.500000 100.000000 80.000000
V 27.000000 317.833333 30.000000 30.000000
V 150.000000 317.833333 176.000000 120.000000
V 278.000000 317.833333 40.000000 40.000000
V 488.000000 324.500000 100.000000 80.000000
V 968.000000 211.166667 100.000000 80.000000
V 1089.500000 317.833333 40.000000 40.000000
V 1212.500000 238.000000 103.000000 83.000000
V 1211.000000 324.500000 100.000000 50.000000
V 968.000000 324.500000 100.000000 80.000000
V 608.000000 324.500000 100.000000 80.000000
V 728.000000 324.500000 88.000000 97.000000
V 488.000000 124.500000 100.000000 80.000000
V 608.000000 124.500000 100.000000 80.000000
V 728.000000 124.500000 100.000000 80.000000
V 1334.000000 238.000000 100.000000 80.000000
V 1418.000000 251.333333 28.000000 28.000000
V 1622.000000 177.333333 100.000000 50.000000
V 1538.000000 177.333333 28.000000 28.000000
V 1454.000000 177.333333 100.000000 80.000000
E 10 0
E 0 19
U 1 2
E 1 3
E 5 1
E 4 16
E 18 4
E 5 12
E 21 5
E 6 12
E 10 7
E 7 11
E 8 9
E 9 10
E 11 17
E 12 13
E 13 14
U 13 15
E 16 13
E 14 22
E 17 18
E 19 20
E 20 21
E 22 23
E 22 26
U 25 24
E 26 25
G 1073989552.json 17 17
V 27.000000 145.333333 30.000000 30.000000
V 112.000000 145.333333 100.000000 80.000000
V 232.000000 145.333333 100.000000 80.000000
V 322.000000 145.333333 40.000000 40.000000
V 412.000000 52.000000 100.000000 80.000000
V 496.000000 52.000000 28.000000 28.000000
V 412.000000 152.000000 100.000000 80.000000
V 502.000000 152.000000 40.000000 40.000000
V 592.000000 158.666667 100.000000 80.000000
V 592.000000 58.666667 100.000000 80.000000
V 682.000000 152.000000 40.000000 40.000000
V 772.000000 152.000000 100.000000 80.000000
V 862.000000 152.000000 40.000000 40.000000
V 952.000000 58.666667 100.000000 80.000000
V 952.000000 158.666667 100.000000 80.000000
V 1036.000000 158.666667 28.000000 28.000000
V 1036.000000 58.666667 28.000000 28.000000
E 0 1
E 1 2
E 2 3
E 3 4
E 3 6
E 4 5
E 6 7
E 7 8
E 7 9
E 8 10
E 9 10
E 10 11
E 11 12
E 12 13
E 12 14
E 13 16
E 14 15
G 1074015617.json 24 27
V 526.690619 125.120319 157.127079 78.638134
V 684.286435 125.120319 118.064555 80.000000
V 349.563539 125.120319 157.127079 78.638134
V 783.318713 125.120319 40.000000 40.000000
V 1312.584290 172.106053 118.064555 80.000000
V 285.000000 198.439386 28.000000 28.000000
V 1929.388485 147.219693 157.127079 76.905330
V 2041.952025 147.219693 28.000000 28.000000
V 125.500000 131.786986 131.000000 76.905330
V 231.000000 131.786986 40.000000 40.000000
V 1189.447823 158.772720 40.000000 40.000000
V 1864.824946 68.719693 28.000000 28.000000
V 1459.824946 68.719693 40.000000 40.000000
V 1750.158279 68.719693 40.000000 40.000000
V 26.000000 131.786986 28.000000 28.000000
V 1090.415546 232.091787 28.000000 28.000000
V 952.350990 232.091787 118.064555 77.000000
V 843.318713 118.453653 40.000000 40.000000
V 1090.415546 158.772720 118.064555 78.638134
V 952.350990 108.453653 118.064555 76.905330
V 1559.824946 140.553026 120.000000 77.000000
V 1659.824946 140.553026 40.000000 40.000000
V 1765.324946 147.219693 131.000000 77.000000
V 1324.636385 62.053027 190.377123 100.106053
E 0 1
E 2 0
E 1 3
E 9 2
E 3 4
E 3 17
E 10 4
E 4 12
E 9 5
E 6 7
E 22 6
E 8 9
E 14 8
E 15 10
E 18 10
E 19 10
E 13 11
E 12 13
E 12 20
U 23 12
E 21 13
E 16 15
E 17 16
E 17 18
E 17 19
E 20 21
E 21 22
G 1074041906.json 17 18
V 27.000000 149.000000 30.000000 30.000000
V 114.000000 149.000000 40.000000 40.000000
V 220.000000 229.000000 100.000000 80.000000
V 220.000000 129.000000 100.000000 80.000000
V 330.000000 222.333333 40.000000 40.000000
V 106.000000 242.333333 88.000000 97.000000
V 106.000000 60.500000 88.000000 97.000000
V 425.000000 217.333333 30.000000 30.000000
V 530.000000 217.333333 40.000000 40.000000
V 635.000000 224.000000 30.000000 30.000000
V 635.000000 174.000000 30.000000 30.000000
V 690.000000 217.333333 40.000000 40.000000
V 745.000000 217.333333 30.000000 30.000000
V 794.000000 217.333333 28.000000 28.000000
V 340.000000 157.333333 100.000000 50.000000
V 475.000000 217.333333 30.000000 30.000000
V 585.000000 174.000000 30.000000 30.000000
E 0 1
E 1 2
E 1 3
E 2 4
E 5 2
E 3 4
E 6 3
E 4 7
U 14 7
E 7 15
E 8 9
E 15 8
E 8 16
E 9 11
E 10 11
E 16 10
E 11 12
E 12 13
G 107405250.json 17 23
V 467.000000 272.000000 150.000000 100.000000
V 467.000000 512.000000 150.000000 100.000000
V 295.333333 278.666667 40.000000 40.000000
V 602.000000 272.000000 40.000000 40.000000
V 277.000000 62.000000 150.000000 100.000000
V 277.000000 182.000000 150.000000 100.000000
V 485.333333 182.000000 40.000000 40.000000
V 485.333333 62.000000 40.000000 40.000000
V 656.000000 62.000000 28.000000 28.000000
V 147.000000 278.666667 30.000000 30.000000
V 467.000000 392.000000 150.000000 100.000000
V 467.000000 602.000000 40.000000 40.000000
V 87.000000 438.666667 150.000000 100.000000
V 277.000000 415.333333 40.000000 40.000000
V 717.000000 288.666667 150.000000 100.000000
V 142.000000 74.000000 40.000000 40.000000
V 602.000000 62.000000 40.000000 40.000000
E 2 0
E 0 3
E 2 1
E 1 3
E 9 2
E 6 3
E 7 3
E 11 3
E 3 14
E 4 7
E 15 4
E 5 6
E 15 5
E 6 16
E 7 16
E 16 8
E 13 10
E 10 15
E 11 12
E 13 11
E 14 11
E 12 13
E 15 13
G 1074184432.json 31 38
V 1057.000000 226.333333 30.000000 30.000000
V 1142.000000 239.666667 100.000000 80.000000
V 1262.000000 202.000000 100.000000 80.000000
V 1382.000000 102.000000 100.000000 80.000000
V 802.000000 334.666667 100.000000 80.000000
V 62.000000 108.666667 100.000000 80.000000
V 1002.000000 328.000000 40.000000 40.000000
V 996.000000 382.000000 28.000000 28.000000
V 1106.000000 413.666667 28.000000 28.000000
V 892.000000 334.666667 40.000000 40.000000
V 947.000000 328.000000 30.000000 30.000000
V 947.000000 382.000000 30.000000 30.000000
V 1057.000000 321.333333 30.000000 30.000000
V 1057.000000 408.666667 30.000000 30.000000
V 1417.000000 27.000000 30.000000 30.000000
V 1512.000000 261.000000 100.000000 80.000000
V 62.000000 208.666667 100.000000 80.000000
V 212.000000 257.333333 100.000000 80.000000
V 422.000000 257.333333 40.000000 40.000000
V 332.000000 257.333333 100.000000 80.000000
V 512.000000 250.666667 100.000000 80.000000
V 632.000000 250.666667 100.000000 80.000000
V 512.000000 391.333333 100.000000 80.000000
V 1392.000000 346.333333 40.000000 40.000000
V 716.000000 237.333333 28.000000 28.000000
V 1476.000000 353.000000 28.000000 28.000000
V 717.000000 384.666667 30.000000 30.000000
V 717.000000 334.666667 30.000000 30.000000
V 642.000000 391.333333 40.000000 40.000000
V 1252.000000 346.333333 40.000000 40.000000
V 1142.000000 339.666667 100.000000 80.000000
E 0 1
E 1 2
E 12 1
E 1 15
E 2 3
E 16 2
E 3 5
E 5 4
E 4 9
E 26 4
E 27 4
E 5 17
E 10 6
E 6 12
E 6 13
E 11 7
E 13 8
E 9 10
E 9 11
E 12 30
E 13 30
E 14 15
E 15 16
E 23 15
E 16 17
E 17 19
E 19 18
E 18 20
E 18 22
E 20 21
E 21 24
E 21 27
E 22 28
E 23 25
E 29 23
E 28 26
E 28 29
E 30 29
G 1074286493.json 21 25
V 27.000000 58.666667 30.000000 30.000000
V 112.000000 58.666667 100.000000 80.000000
V 722.000000 158.666667 100.000000 80.000000
V 302.000000 323.000000 100.000000 80.000000
V 302.000000 223.000000 100.000000 80.000000
V 512.000000 229.666667 40.000000 40.000000
V 602.000000 236.333333 100.000000 80.000000
V 602.000000 65.333333 40.000000 40.000000
V 902.000000 65.333333 100.000000 80.000000
V 722.000000 58.666667 100.000000 80.000000
V 812.000000 65.333333 40.000000 40.000000
V 1082.000000 109.666667 100.000000 80.000000
V 1226.000000 65.333333 28.000000 28.000000
V 202.000000 182.000000 40.000000 40.000000
V 412.000000 229.666667 40.000000 40.000000
V 992.000000 65.333333 40.000000 40.000000
V 1172.000000 65.333333 40.000000 40.000000
V 202.000000 58.666667 40.000000 40.000000
V 302.000000 52.000000 100.000000 80.000000
V 512.000000 58.666667 40.000000 40.000000
V 422.000000 52.000000 100.000000 80.000000
E 0 1
E 1 17
E 7 2
E 2 13
E 13 3
E 3 14
E 13 4
E 4 14
E 5 6
E 5 7
E 14 5
E 6 10
E 7 9
E 19 7
E 10 8
E 8 15
E 9 10
E 15 11
E 11 16
E 16 12
E 15 16
E 17 18
E 17 19
E 18 20
E 20 19
G 1074775346.json 22 24
V 27.000000 138.666667 30.000000 30.000000
V 82.000000 138.666667 40.000000 40.000000
V 136.000000 71.333333 28.000000 28.000000
V 172.000000 145.333333 100.000000 80.000000
V 292.000000 145.333333 100.000000 80.000000
V 382.000000 145.333333 40.000000 40.000000
V 472.000000 152.000000 100.000000 80.000000
V 602.000000 152.000000 40.000000 40.000000
V 712.000000 158.666667 100.000000 80.000000
V 712.000000 58.666667 100.000000 80.000000
V 802.000000 152.000000 40.000000 40.000000
V 892.000000 158.666667 100.000000 80.000000
V 892.000000 58.666667 100.000000 80.000000
V 982.000000 152.000000 40.000000 40.000000
V 1072.000000 158.666667 100.000000 80.000000
V 1072.000000 58.666667 100.000000 80.000000
V 1162.000000 152.000000 40.000000 40.000000
V 1252.000000 152.000000 100.000000 80.000000
V 1372.000000 152.000000 100.000000 80.000000
V 1456.000000 152.000000 28.000000 28.000000
V 472.000000 52.000000 100.000000 80.000000
V 592.000000 52.000000 100.000000 80.000000
E 0 1
E 1 2
E 1 3
E 3 4
E 4 5
E 5 6
E 5 20
E 6 7
E 7 8
E 7 9
E 8 10
E 9 10
E 10 11
E 10 12
E 11 13
E 12 13
E 13 14
E 13 15
E 14 16
E 15 16
E 16 17
E 17 18
E 18 19
E 20 21
G 1075021130.json 30 33
V 27.000000 56.250000 30.000000 30.000000
V 113.000000 56.250000 102.000000 67.000000
V 1530.335333 82.000000 30.000000 30.000000
V 1626.002000 82.000000 28.000000 28.000000
V 351.500000 39.500000 315.000000 55.000000
V 745.333333 184.500000 88.000000 53.000000
V 1083.667333 173.333333 40.000000 40.000000
V 1182.334333 246.666667 100.000000 67.000000
V 1280.334667 228.833333 40.000000 40.000000
V 1182.001000 166.666667 102.000000 53.000000
V 123.333333 133.833333 40.000000 40.000000
V 27.000000 133.833333 30.000000 30.000000
V 304.000000 122.166667 30.000000 30.000000
V 304.000000 202.500000 30.000000 30.000000
V 1506.002000 280.233333 28.000000 28.000000
V 971.500000 184.500000 115.000000 67.000000
V 1080.000500 243.419833 62.001000 60.173000
V 1398.502000 228.833333 127.000000 76.000000
V 1542.002000 221.233333 100.000000 50.000000
V 1284.001500 157.833333 62.001000 60.173000
V 579.000000 202.500000 100.000000 55.000000
V 1284.001500 298.919833 62.001000 60.173000
V 771.500000 258.500000 245.000000 55.000000
V 579.000000 122.166667 100.000000 55.000000
V 749.000000 113.000000 200.000000 50.000000
V 27.000000 224.250000 30.000000 30.000000
V 113.000000 224.250000 102.000000 67.000000
V 1530.335333 334.006333 30.000000 30.000000
V 1626.002000 334.006333 28.000000 28.000000
V 319.000000 270.000000 250.000000 65.000000
E 0 1
E 1 2
U 1 4
E 1 12
E 2 3
E 17 2
E 5 15
E 20 5
E 23 5
E 6 7
E 6 9
E 15 6
E 7 8
E 7 21
E 9 8
E 8 17
E 9 19
E 11 10
E 10 12
E 10 13
E 12 23
E 13 20
E 26 13
E 17 14
E 15 16
U 17 18
E 17 27
U 20 22
U 23 24
E 25 26
E 26 27
U 26 29
E 27 28
G 1075086604.json 26 28
V 1627.000000 357.333333 100.000000 80.000000
V 1711.000000 357.333333 28.000000 28.000000
V 1200.000000 364.000000 100.000000 80.000000
V 1323.500000 364.000000 107.000000 76.000000
V 27.000000 320.333333 30.000000 30.000000
V 235.000000 320.333333 100.000000 80.000000
V 542.500000 380.666667 171.000000 48.000000
V 770.000000 370.666667 100.000000 80.000000
V 890.000000 357.333333 100.000000 80.000000
V 1507.000000 357.333333 100.000000 80.000000
V 385.750000 320.333333 40.000000 40.000000
V 543.000000 312.166667 174.000000 49.000000
V 542.833333 211.000000 173.000000 46.000000
V 680.000000 370.666667 40.000000 40.000000
V 113.500000 320.333333 103.000000 83.000000
V 368.500000 261.833333 115.000000 37.000000
V 1070.000000 284.000000 100.000000 80.000000
V 787.500000 266.166667 65.000000 89.000000
V 980.000000 357.333333 40.000000 40.000000
V 1417.000000 357.333333 40.000000 40.000000
V 1200.000000 264.000000 100.000000 80.000000
V 1323.500000 264.000000 100.000000 80.000000
V 369.500000 203.333333 113.000000 40.000000
V 1078.000000 175.500000 84.000000 97.000000
V 1084.500000 59.500000 71.000000 95.000000
V 365.500000 388.666667 121.000000 41.000000
E 0 1
E 9 0
E 2 3
E 18 2
E 3 19
E 4 14
E 5 10
E 14 5
E 10 6
E 6 13
U 25 6
E 7 8
E 13 7
E 17 8
E 8 18
E 19 9
E 10 11
E 10 12
E 11 13
U 15 11
E 12 13
U 22 12
E 18 16
E 16 20
E 21 19
E 20 21
E 23 20
E 24 20
G 1075479164.json 30 34
V 27.000000 65.333333 30.000000 30.000000
V 112.000000 65.333333 100.000000 80.000000
V 232.000000 65.333333 100.000000 80.000000
V 352.000000 65.333333 100.000000 80.000000
V 562.000000 65.333333 40.000000 40.000000
V 652.000000 262.000000 100.000000 80.000000
V 652.000000 58.666667 100.000000 80.000000
V 772.000000 262.000000 100.000000 80.000000
V 962.000000 452.000000 100.000000 80.000000
V 962.000000 352.000000 100.000000 80.000000
V 962.000000 252.000000 100.000000 80.000000
V 772.000000 58.666667 100.000000 80.000000
V 962.000000 152.000000 100.000000 80.000000
V 962.000000 52.000000 100.000000 80.000000
V 862.000000 262.000000 40.000000 40.000000
V 862.000000 58.666667 40.000000 40.000000
V 472.000000 65.333333 100.000000 80.000000
V 1052.000000 352.000000 40.000000 40.000000
V 1142.000000 352.000000 100.000000 80.000000
V 1232.000000 352.000000 40.000000 40.000000
V 1322.000000 445.333333 100.000000 80.000000
V 1412.000000 352.000000 40.000000 40.000000
V 1712.000000 352.000000 40.000000 40.000000
V 1502.000000 352.000000 100.000000 80.000000
V 1802.000000 445.333333 100.000000 80.000000
V 1802.000000 345.333333 100.000000 80.000000
V 1886.000000 350.000000 28.000000 28.000000
V 1046.000000 56.666667 28.000000 28.000000
V 1322.000000 345.333333 100.000000 80.000000
V 1622.000000 352.000000 100.000000 80.000000
E 0 1
E 1 2
E 2 3
E 3 16
E 4 5
E 4 6
E 16 4
E 5 7
E 6 11
E 7 14
E 14 8
E 8 17
E 14 9
E 9 17
E 14 10
E 10 17
E 11 15
E 15 12
E 12 27
E 15 13
E 13 27
E 17 18
E 18 19
E 19 20
E 19 28
E 20 21
E 21 23
E 28 21
E 22 24
E 22 25
E 29 22
E 23 29
E 24 26
E 25 26
G 1075720640.json 32 34
V 112.000000 349.666667 100.000000 80.000000
V 232.000000 349.666667 100.000000 80.000000
V 322.000000 349.666667 40.000000 40.000000
V 412.000000 256.333333 100.000000 80.000000
V 412.000000 356.333333 100.000000 80.000000
V 1312.000000 363.000000 100.000000 80.000000
V 27.000000 349.666667 30.000000 30.000000
V 496.000000 256.333333 28.000000 28.000000
V 532.000000 356.333333 100.000000 80.000000
V 892.000000 312.000000 100.000000 80.000000
V 682.000000 305.333333 40.000000 40.000000
V 772.000000 363.000000 100.000000 80.000000
V 622.000000 356.333333 40.000000 40.000000
V 772.000000 212.000000 100.000000 80.000000
V 892.000000 212.000000 100.000000 80.000000
V 982.000000 305.333333 40.000000 40.000000
V 1042.000000 356.333333 40.000000 40.000000
V 1132.000000 356.333333 100.000000 80.000000
V 1312.000000 263.000000 100.000000 80.000000
V 1222.000000 356.333333 40.000000 40.000000
V 1422.000000 256.333333 40.000000 40.000000
V 1552.000000 256.333333 100.000000 80.000000
V 1642.000000 249.666667 40.000000 40.000000
V 1732.000000 249.666667 100.000000 80.000000
V 1852.000000 249.666667 100.000000 80.000000
V 1936.000000 249.666667 28.000000 28.000000
V 1222.000000 156.333333 40.000000 40.000000
V 1312.000000 163.000000 100.000000 80.000000
V 1132.000000 143.000000 100.000000 80.000000
V 1312.000000 63.000000 100.000000 80.000000
V 1432.000000 63.000000 100.000000 80.000000
V 1516.000000 63.000000 28.000000 28.000000
E 0 1
E 6 0
E 1 2
E 2 3
E 2 4
E 3 7
E 4 8
E 19 5
E 8 12
E 10 9
E 9 15
E 12 10
E 10 13
E 12 11
E 11 16
E 13 14
E 14 15
E 15 16
E 16 17
E 17 19
E 19 18
E 18 20
E 20 21
E 27 20
E 21 22
E 22 23
E 22 28
E 23 24
E 24 25
E 26 27
E 28 26
E 26 29
E 29 30
E 30 31
G 1075776148.json 23 25
V 27.000000 345.666667 30.000000 30.000000
V 422.000000 413.000000 100.000000 80.000000
V 112.000000 345.666667 100.000000 80.000000
V 422.000000 265.000000 100.000000 80.000000
V 854.000000 158.000000 100.000000 80.000000
V 974.000000 158.000000 100.000000 80.000000
V 322.000000 74.666667 40.000000 40.000000
V 674.000000 227.333333 100.000000 80.000000
V 548.000000 164.000000 100.000000 80.000000
V 536.000000 271.666667 40.000000 40.000000
V 432.000000 64.666667 40.000000 40.000000
V 664.000000 64.666667 40.000000 40.000000
V 764.000000 64.666667 40.000000 40.000000
V 1064.000000 64.666667 40.000000 40.000000
V 548.000000 58.000000 112.000000 92.000000
V 1154.000000 64.666667 100.000000 80.000000
V 854.000000 58.000000 100.000000 80.000000
V 974.000000 58.000000 100.000000 80.000000
V 1274.000000 64.666667 100.000000 80.000000
V 1358.000000 64.666667 28.000000 28.000000
V 322.000000 345.666667 40.000000 40.000000
V 386.000000 339.000000 28.000000 28.000000
V 232.000000 345.666667 100.000000 80.000000
E 0 2
E 1 9
E 20 1
E 2 22
E 6 3
E 3 9
E 4 5
E 12 4
E 5 13
E 7 6
E 6 10
E 9 7
E 10 8
E 8 11
E 10 14
E 11 12
E 14 11
E 12 16
E 13 15
E 17 13
E 15 18
E 16 17
E 18 19
E 20 21
E 22 20
G 1076353098.json 28 28
V 112.000000 280.333333 100.000000 80.000000
V 592.000000 360.333333 100.000000 80.000000
V 592.000000 280.333333 40.000000 40.000000
V 682.000000 353.666667 40.000000 40.000000
V 472.000000 280.333333 100.000000 80.000000
V 772.000000 353.666667 100.000000 80.000000
V 952.000000 360.333333 100.000000 80.000000
V 1192.000000 252.000000 100.000000 80.000000
V 1192.000000 367.000000 100.000000 80.000000
V 1322.000000 327.000000 30.000000 30.000000
V 1406.000000 272.000000 28.000000 28.000000
V 952.000000 108.666667 100.000000 80.000000
V 862.000000 353.666667 40.000000 40.000000
V 1072.000000 108.666667 100.000000 80.000000
V 1192.000000 122.000000 100.000000 80.000000
V 1322.000000 122.000000 100.000000 80.000000
V 1322.000000 207.000000 100.000000 50.000000
V 1192.000000 37.000000 100.000000 50.000000
V 232.000000 280.333333 100.000000 80.000000
V 352.000000 280.333333 100.000000 80.000000
V 1082.000000 360.333333 40.000000 40.000000
V 1312.000000 272.000000 40.000000 40.000000
V 1407.000000 122.000000 30.000000 30.000000
V 27.000000 280.333333 30.000000 30.000000
V 1322.000000 387.000000 100.000000 50.000000
V 1407.000000 327.000000 30.000000 30.000000
V 1492.000000 327.000000 100.000000 80.000000
V 1576.000000 327.000000 28.000000 28.000000
E 0 18
E 23 0
E 1 3
E 2 3
E 4 2
E 3 5
E 19 4
E 5 12
E 12 6
E 6 20
U 7 16
E 20 7
E 7 21
E 8 9
E 20 8
E 8 21
U 8 24
E 9 25
E 21 10
E 12 11
E 11 13
E 13 14
U 13 17
E 14 15
E 15 22
E 18 19
E 25 26
E 26 27
G 1076439938.json 32 39
V 27.000000 180.500000 30.000000 30.000000
V 112.000000 175.500000 100.000000 80.000000
V 112.000000 287.166667 91.000000 40.000000
V 196.000000 287.166667 28.000000 28.000000
V 352.000000 262.166667 100.000000 80.000000
V 232.000000 162.166667 100.000000 80.000000
V 352.000000 162.166667 100.000000 80.000000
V 469.000000 172.333333 94.000000 61.000000
V 586.000000 172.333333 100.000000 80.000000
V 586.000000 272.333333 100.000000 80.000000
V 586.000000 72.333333 100.000000 80.000000
V 670.000000 272.333333 28.000000 28.000000
V 706.000000 85.666667 100.000000 80.000000
V 826.000000 72.333333 100.000000 80.000000
V 826.000000 209.000000 100.000000 80.000000
V 946.000000 159.000000 100.000000 80.000000
V 946.000000 59.000000 100.000000 80.000000
V 1076.000000 79.000000 100.000000 80.000000
V 1316.000000 284.333333 100.000000 80.000000
V 1196.000000 65.666667 100.000000 80.000000
V 1436.000000 52.333333 100.000000 80.000000
V 1316.000000 184.333333 100.000000 80.000000
V 1813.000000 76.333333 100.000000 80.000000
V 1554.500000 39.000000 93.000000 54.000000
V 1554.500000 107.000000 93.000000 42.000000
V 1436.000000 236.500000 97.000000 46.000000
V 1436.000000 171.000000 98.000000 45.000000
V 1554.500000 171.000000 97.000000 46.000000
V 1693.000000 63.000000 100.000000 80.000000
V 1933.000000 163.000000 100.000000 80.000000
V 1933.000000 63.000000 100.000000 80.000000
V 2053.000000 163.000000 100.000000 80.000000
E 0 1
E 0 2
E 1 4
E 1 5
E 2 3
E 4 7
E 5 6
E 6 7
E 7 8
E 7 9
E 7 10
E 8 12
E 9 11
E 10 12
E 12 13
E 12 14
E 13 15
E 13 16
E 14 17
E 15 17
E 16 17
E 17 18
E 17 19
E 18 22
E 19 20
E 19 21
E 20 23
E 20 24
E 21 25
E 21 26
E 28 22
E 22 29
E 22 30
E 23 28
E 24 28
E 25 28
E 26 27
E 27 28
E 29 31
G 1076568181.json 19 26
V 182.000000 152.000000 100.000000 80.000000
V 432.000000 154.000000 100.000000 80.000000
V 972.000000 96.333333 100.000000 80.000000
V 62.000000 165.333333 100.000000 80.000000
V 552.000000 167.333333 100.000000 80.000000
V 732.000000 109.666667 100.000000 80.000000
V 642.000000 109.666667 40.000000 40.000000
V 852.000000 109.666667 100.000000 80.000000
V 1212.000000 158.666667 100.000000 80.000000
V 1332.000000 158.666667 100.000000 80.000000
V 1572.000000 158.666667 100.000000 80.000000
V 1673.000500 168.695500 62.001000 60.173000
V 302.000000 65.333333 100.000000 80.000000
V 182.000000 52.000000 100.000000 80.000000
V 97.000000 52.000000 30.000000 30.000000
V 1092.000000 58.666667 100.000000 80.000000
V 1332.000000 58.666667 100.000000 80.000000
V 1452.000000 72.000000 100.000000 80.000000
V 1536.000000 58.666667 28.000000 28.000000
E 3 0
E 0 12
E 1 4
E 12 1
E 7 2
E 2 15
E 3 4
E 4 6
E 6 5
E 5 7
E 6 12
E 7 8
E 8 9
U 8 11
E 15 8
E 8 16
E 9 10
E 9 17
U 10 11
E 17 10
E 13 12
E 12 15
E 14 13
E 15 16
E 16 17
E 17 18
G 1077258635.json 23 27
V 202.000000 338.666667 40.000000 40.000000
V 262.000000 315.333333 40.000000 40.000000
V 27.000000 338.666667 30.000000 30.000000
V 734.790536 252.000000 100.000000 80.000000
V 322.000000 228.666667 40.000000 40.000000
V 611.540536 245.333333 40.000000 40.000000
V 465.027024 178.666667 40.000000 40.000000
V 601.540536 52.000000 100.000000 80.000000
V 864.540536 238.666667 100.000000 80.000000
V 1104.540536 238.666667 100.000000 80.000000
V 984.540536 238.666667 100.000000 80.000000
V 1366.570539 238.666667 40.000000 40.000000
V 1540.570539 232.000000 28.000000 28.000000
V 1456.570539 232.000000 100.000000 80.000000
V 738.040536 52.000000 113.000000 80.000000
V 828.540536 52.000000 28.000000 28.000000
V 1456.570539 332.000000 100.000000 80.000000
V 738.040536 152.000000 113.000000 80.000000
V 465.027024 238.666667 40.000000 40.000000
V 1250.555537 238.666667 152.030003 80.000000
V 112.000000 338.666667 100.000000 68.000000
V 1540.570539 332.000000 28.000000 28.000000
V 446.770268 107.939534 149.540536 61.454265
E 0 1
E 0 16
E 20 0
E 1 3
E 1 4
E 2 20
E 5 3
E 6 3
E 3 8
E 4 6
E 4 18
U 4 22
E 5 17
E 18 5
E 6 7
E 7 14
E 8 10
E 17 8
E 10 9
E 9 19
E 11 13
E 11 16
E 19 11
E 13 12
E 14 15
E 16 21
E 18 17
G 1077733223.json 18 22
V 27.000000 356.333333 30.000000 30.000000
V 112.000000 356.333333 100.000000 80.000000
V 202.000000 356.333333 40.000000 40.000000
V 322.000000 163.000000 100.000000 80.000000
V 322.000000 363.000000 100.000000 80.000000
V 202.000000 553.000000 40.000000 40.000000
V 322.000000 463.000000 100.000000 80.000000
V 322.000000 563.000000 100.000000 80.000000
V 412.000000 556.333333 40.000000 40.000000
V 472.000000 163.000000 40.000000 40.000000
V 112.000000 245.666667 100.000000 80.000000
V 202.000000 259.000000 40.000000 40.000000
V 322.000000 63.000000 100.000000 80.000000
V 322.000000 263.000000 100.000000 80.000000
V 412.000000 256.333333 40.000000 40.000000
V 502.000000 256.333333 100.000000 80.000000
V 586.000000 256.333333 28.000000 28.000000
V 412.000000 163.000000 40.000000 40.000000
E 0 1
E 1 2
E 2 3
E 2 4
E 11 3
E 3 17
E 4 5
E 11 4
E 5 6
E 5 7
E 6 8
E 7 8
E 8 9
E 9 10
E 17 9
E 10 11
E 11 12
E 11 13
E 12 14
E 13 14
E 14 15
E 15 16
G 1078062603.json 24 24
V 205.000000 359.000000 132.000000 60.500000
V 306.000000 359.000000 30.000000 30.000000
V 65.500000 359.000000 107.000000 159.000000
V 1992.350000 365.137833 62.001000 60.173000
V 393.500000 359.000000 105.000000 97.000000
V 525.000000 330.666667 118.000000 47.000000
V 654.000000 330.666667 100.000000 63.000000
V 774.000000 264.666667 100.000000 73.000000
V 789.000000 341.166667 40.000000 40.000000
V 904.000000 250.333333 100.000000 80.000000
V 1074.500000 263.666667 201.000000 203.000000
V 1409.000000 114.500000 152.000000 205.000000
V 1050.000000 117.166667 152.000000 50.000000
V 1254.000000 263.666667 118.000000 80.000000
V 1422.000000 277.000000 100.000000 80.000000
V 1602.500000 115.500000 175.000000 73.000000
V 1616.500000 297.000000 203.000000 50.000000
V 1617.000000 212.000000 201.000000 80.000000
V 1844.674750 232.000000 193.349500 92.000000
V 868.000000 176.333333 28.000000 28.000000
V 868.000000 351.166667 28.000000 28.000000
V 2111.850500 365.137833 137.000000 97.000000
V 1844.674750 152.000000 28.000000 28.000000
V 1821.500000 78.000000 147.000000 80.000000
E 0 1
U 2 0
E 1 4
U 4 3
U 3 21
U 22 3
E 4 5
E 5 6
U 6 7
E 6 8
E 8 9
E 8 19
E 8 20
E 9 10
U 9 12
E 10 13
U 13 11
E 13 14
U 14 15
U 14 16
E 14 17
U 17 18
E 17 22
E 17 23
G 107821297.json 21 23
V 27.000000 217.333333 30.000000 30.000000
V 382.000000 158.666667 40.000000 40.000000
V 472.000000 311.666667 100.000000 80.000000
V 736.000000 158.666667 28.000000 28.000000
V 682.000000 158.666667 40.000000 40.000000
V 202.000000 217.333333 40.000000 40.000000
V 592.000000 260.000000 100.000000 50.000000
V 112.000000 217.333333 100.000000 80.000000
V 592.000000 37.000000 100.000000 50.000000
V 682.000000 275.000000 40.000000 40.000000
V 737.000000 207.666667 30.000000 30.000000
V 737.000000 281.666667 30.000000 30.000000
V 822.000000 281.666667 100.000000 80.000000
V 786.000000 207.666667 28.000000 28.000000
V 602.000000 325.000000 40.000000 40.000000
V 942.000000 318.333333 100.000000 80.000000
V 1062.000000 318.333333 100.000000 50.000000
V 292.000000 158.666667 100.000000 80.000000
V 472.000000 58.666667 100.000000 80.000000
V 472.000000 158.666667 100.000000 80.000000
V 592.000000 158.666667 100.000000 80.000000
E 0 7
E 1 2
E 17 1
E 1 18
E 1 19
U 2 6
E 2 14
E 4 3
E 5 4
E 18 4
E 20 4
E 7 5
E 5 17
U 18 8
E 9 10
E 9 11
E 14 9
E 10 13
E 11 12
E 12 15
E 15 14
U 15 16
E 19 20
G 1078245406.json 27 32
V 27.000000 361.006333 30.000000 30.000000
V 127.000000 361.006333 130.000000 40.000000
V 640.333333 369.339667 30.000000 30.000000
V 522.000000 367.673000 40.000000 40.000000
V 1055.000250 335.839667 30.000000 30.000000
V 1414.001000 356.006333 100.000000 80.000000
V 1498.001000 356.006333 28.000000 28.000000
V 1276.501000 328.339667 30.000000 30.000000
V 652.000000 221.006333 100.000000 40.000000
V 742.000000 221.006333 40.000000 40.000000
V 227.000000 301.006333 30.000000 30.000000
V 312.000000 301.006333 100.000000 40.000000
V 402.000000 301.006333 40.000000 40.000000
V 507.000000 307.673000 130.000000 40.000000
V 616.000000 301.006333 28.000000 28.000000
V 523.666667 252.673000 30.000000 30.000000
V 832.000000 227.673000 100.000000 40.000000
V 952.000000 99.506333 100.000000 40.000000
V 1046.000000 106.173000 28.000000 28.000000
V 1063.000500 42.086500 62.001000 60.173000
V 832.000000 160.173000 100.000000 55.000000
V 963.666667 160.173000 30.000000 30.000000
V 1063.000500 155.173000 30.000000 30.000000
V 1164.001000 155.173000 100.000000 40.000000
V 1294.001000 148.506333 100.000000 40.000000
V 1378.001000 155.173000 28.000000 28.000000
V 1395.001500 91.086500 62.001000 60.173000
E 0 1
E 1 3
E 1 10
E 3 2
E 2 5
E 13 2
E 3 4
E 4 7
E 15 4
E 21 4
E 5 6
E 7 5
E 16 7
E 23 7
E 8 9
E 15 8
E 9 16
E 9 20
E 10 11
E 11 12
E 12 13
E 12 15
E 13 14
E 16 17
E 17 18
E 17 19
E 20 21
E 21 22
E 22 23
E 23 24
E 24 25
U 24 26
G 1078910042.json 20 21
V 362.000000 138.666667 100.000000 80.000000
V 277.000000 77.000000 30.000000 30.000000
V 482.000000 138.666667 100.000000 80.000000
V 602.000000 52.000000 100.000000 80.000000
V 482.000000 338.666667 100.000000 80.000000
V 482.000000 238.666667 100.000000 80.000000
V 62.000000 312.000000 100.000000 80.000000
V 372.000000 332.000000 40.000000 40.000000
V 152.000000 325.333333 40.000000 40.000000
V 242.000000 332.000000 100.000000 80.000000
V 242.000000 152.000000 100.000000 80.000000
V 602.000000 152.000000 100.000000 80.000000
V 722.000000 152.000000 100.000000 80.000000
V 806.000000 152.000000 28.000000 28.000000
V 602.000000 325.333333 100.000000 80.000000
V 1082.000000 325.333333 100.000000 80.000000
V 1166.000000 325.333333 28.000000 28.000000
V 722.000000 325.333333 100.000000 80.000000
V 962.000000 325.333333 100.000000 80.000000
V 842.000000 325.333333 100.000000 80.000000
E 1 0
E 0 2
E 10 0
E 2 3
E 2 11
E 3 6
E 7 4
E 4 14
E 7 5
E 5 14
E 6 8
E 9 7
E 8 9
E 8 10
E 11 12
E 12 13
E 14 17
E 15 16
E 18 15
E 17 19
E 19 18
G 1079170847.json 17 21
V 27.000000 129.666667 30.000000 30.000000
V 112.000000 129.666667 100.000000 80.000000
V 352.000000 143.000000 40.000000 40.000000
V 632.000000 81.333333 100.000000 80.000000
V 512.000000 81.333333 100.000000 80.000000
V 722.000000 143.000000 40.000000 40.000000
V 427.000000 81.333333 30.000000 30.000000
V 1077.000000 138.000000 30.000000 30.000000
V 1162.000000 138.000000 100.000000 80.000000
V 1246.000000 138.000000 28.000000 28.000000
V 197.000000 56.333333 30.000000 30.000000
V 252.000000 56.333333 40.000000 40.000000
V 342.000000 63.000000 100.000000 80.000000
V 720.333333 63.000000 30.000000 30.000000
V 812.000000 63.000000 100.000000 80.000000
V 902.000000 56.333333 40.000000 40.000000
V 992.000000 56.333333 100.000000 80.000000
E 0 1
E 1 2
E 1 10
E 2 5
E 2 6
E 4 3
E 3 5
E 3 13
E 6 4
E 5 7
E 12 6
E 7 8
E 16 7
E 8 9
E 10 11
E 11 12
E 11 15
E 12 13
E 13 14
E 14 15
E 15 16
G 1079308883.json 19 20
V 428.000000 173.000000 30.000000 30.000000
V 513.000000 173.000000 100.000000 80.000000
V 763.000000 173.000000 100.000000 80.000000
V 858.000000 168.000000 30.000000 30.000000
V 913.000000 186.333333 40.000000 40.000000
V 638.000000 173.000000 30.000000 30.000000
V 1019.500000 186.333333 133.000000 49.000000
V 27.000000 88.333333 30.000000 30.000000
V 104.500000 88.333333 85.000000 56.000000
V 219.000000 88.333333 104.000000 58.000000
V 392.000000 98.000000 102.000000 71.000000
V 306.000000 48.000000 30.000000 30.000000
V 306.000000 98.000000 30.000000 30.000000
V 513.000000 98.000000 30.000000 30.000000
V 638.000000 98.000000 30.000000 30.000000
V 763.000000 98.000000 30.000000 30.000000
V 858.000000 95.000000 30.000000 30.000000
V 638.000000 36.000000 110.000000 42.000000
V 763.000000 43.000000 40.000000 40.000000
E 0 1
E 1 5
E 2 3
E 4 2
E 5 2
E 2 16
E 3 4
E 4 6
E 7 8
E 8 9
E 9 11
E 9 12
E 12 10
E 10 13
E 13 14
E 14 15
E 15 16
E 16 17
E 18 16
E 17 18
G 1080396160.json 34 42
V 772.000000 137.000000 100.000000 80.000000
V 1062.000000 188.000000 100.000000 80.000000
V 1182.000000 188.000000 100.000000 80.000000
V 1277.000000 137.000000 30.000000 30.000000
V 1470.333333 196.333333 30.000000 30.000000
V 32.000000 80.333333 40.000000 40.000000
V 312.000000 208.000000 100.000000 80.000000
V 132.000000 70.333333 100.000000 80.000000
V 312.000000 108.000000 100.000000 80.000000
V 222.000000 114.666667 40.000000 40.000000
V 402.000000 261.000000 40.000000 40.000000
V 687.000000 242.000000 30.000000 30.000000
V 396.000000 108.000000 28.000000 28.000000
V 227.000000 234.000000 30.000000 30.000000
V 952.000000 194.666667 40.000000 40.000000
V 1567.000000 191.333333 30.000000 30.000000
V 1652.000000 191.333333 100.000000 80.000000
V 1736.000000 191.333333 28.000000 28.000000
V 942.000000 67.000000 100.000000 80.000000
V 1072.000000 67.000000 40.000000 40.000000
V 1362.000000 65.333333 100.000000 80.000000
V 402.000000 194.666667 30.000000 30.000000
V 687.000000 62.000000 30.000000 30.000000
V 857.000000 67.000000 30.000000 30.000000
V 1277.000000 65.333333 30.000000 30.000000
V 582.000000 194.666667 40.000000 40.000000
V 637.000000 237.000000 28.000000 28.000000
V 637.000000 188.000000 30.000000 30.000000
V 1182.000000 60.333333 30.000000 30.000000
V 772.000000 62.000000 30.000000 30.000000
V 1182.000000 110.333333 30.000000 30.000000
V 492.000000 194.666667 100.000000 80.000000
V 1482.000000 52.000000 100.000000 80.000000
V 1566.000000 38.666667 28.000000 28.000000
E 3 0
E 0 14
E 0 23
E 1 2
E 14 1
E 2 4
E 2 24
E 14 3
E 30 3
E 4 15
E 20 4
E 5 6
E 5 7
E 10 5
E 9 6
E 6 10
E 13 6
E 6 21
E 7 9
E 7 22
E 9 8
E 8 12
E 10 11
E 26 11
E 15 16
E 32 15
E 16 17
E 18 19
E 23 18
E 19 28
E 19 30
E 24 20
E 20 32
E 21 31
E 27 22
E 22 29
E 29 23
E 28 24
E 25 26
E 25 27
E 31 25
E 32 33
G 1080546118.json 20 20
V 27.000000 208.666667 30.000000 30.000000
V 112.000000 208.666667 100.000000 80.000000
V 232.000000 208.666667 100.000000 80.000000
V 652.000000 202.000000 100.000000 80.000000
V 762.000000 195.333333 40.000000 40.000000
V 892.000000 195.333333 100.000000 80.000000
V 1062.000000 195.333333 100.000000 80.000000
V 1147.000000 195.333333 30.000000 30.000000
V 977.000000 195.333333 30.000000 30.000000
V 1232.000000 195.333333 100.000000 80.000000
V 1316.000000 195.333333 28.000000 28.000000
V 652.000000 102.000000 100.000000 80.000000
V 352.000000 195.333333 100.000000 80.000000
V 267.000000 133.666667 30.000000 30.000000
V 472.000000 195.333333 100.000000 80.000000
V 562.000000 195.333333 40.000000 40.000000
V 772.000000 75.333333 100.000000 80.000000
V 892.000000 75.333333 100.000000 80.000000
V 976.000000 75.333333 28.000000 28.000000
V 687.000000 27.000000 30.000000 30.000000
E 0 1
E 1 2
E 2 12
E 3 4
E 15 3
E 4 5
E 11 4
E 5 8
E 6 7
E 8 6
E 7 9
E 9 10
E 15 11
E 11 16
E 13 12
E 12 14
E 14 15
E 16 17
E 19 16
E 17 18
G 1081364078.json 21 21
V 600.500000 181.000000 119.000000 80.000000
V 869.000000 181.000000 100.000000 80.000000
V 27.000000 162.666667 30.000000 30.000000
V 245.000000 64.000000 126.000000 104.000000
V 749.000000 331.000000 100.000000 80.000000
V 1109.000000 194.333333 100.000000 80.000000
V 869.000000 287.666667 100.000000 80.000000
V 1229.000000 294.333333 100.000000 80.000000
V 1313.000000 294.333333 28.000000 28.000000
V 245.000000 176.000000 119.000000 80.000000
V 1349.000000 194.333333 100.000000 80.000000
V 343.000000 176.000000 30.000000 30.000000
V 441.000000 69.000000 126.000000 104.000000
V 112.000000 162.666667 100.000000 80.000000
V 449.500000 181.000000 143.000000 80.000000
V 739.500000 181.000000 119.000000 80.000000
V 989.000000 181.000000 100.000000 80.000000
V 1229.000000 194.333333 100.000000 80.000000
V 1469.000000 331.000000 100.000000 80.000000
V 999.000000 287.666667 40.000000 40.000000
V 1109.000000 294.333333 100.000000 80.000000
E 14 0
E 0 15
E 15 1
E 1 16
E 2 13
U 13 3
E 4 6
E 18 4
E 16 5
E 5 17
E 19 5
E 6 19
E 7 8
E 20 7
E 9 11
E 13 9
E 17 10
E 10 18
U 11 12
E 11 14
E 19 20
G 1081511532.json 19 19
V 292.000000 152.000000 100.000000 80.000000
V 472.000000 58.666667 100.000000 80.000000
V 202.000000 58.666667 40.000000 40.000000
V 382.000000 58.666667 40.000000 40.000000
V 292.000000 52.000000 100.000000 80.000000
V 557.000000 58.666667 30.000000 30.000000
V 607.000000 58.666667 30.000000 30.000000
V 692.000000 58.666667 100.000000 80.000000
V 27.000000 58.666667 30.000000 30.000000
V 112.000000 58.666667 100.000000 80.000000
V 812.000000 58.666667 100.000000 80.000000
V 897.000000 58.666667 30.000000 30.000000
V 947.000000 58.666667 30.000000 30.000000
V 1092.000000 152.000000 100.000000 80.000000
V 1002.000000 58.666667 40.000000 40.000000
V 1092.000000 52.000000 100.000000 80.000000
V 1176.000000 52.000000 28.000000 28.000000
V 1212.000000 152.000000 100.000000 80.000000
V 1296.000000 152.000000 28.000000 28.000000
E 2 0
E 0 3
E 3 1
E 1 5
E 2 4
E 9 2
E 4 3
E 5 6
E 6 7
E 7 10
E 8 9
E 10 11
E 11 12
E 12 14
E 14 13
E 13 17
E 14 15
E 15 16
E 17 18
G 1081659524.json 19 20
V 220.000000 173.833333 100.000000 80.000000
V 27.000000 167.166667 30.000000 30.000000
V 114.000000 167.166667 40.000000 40.000000
V 220.000000 73.833333 100.000000 80.000000
V 808.000000 147.166667 100.000000 80.000000
V 702.000000 153.833333 40.000000 40.000000
V 808.000000 247.166667 100.000000 80.000000
V 106.000000 60.500000 88.000000 97.000000
V 460.000000 73.833333 100.000000 80.000000
V 898.000000 80.500000 40.000000 40.000000
V 1102.000000 67.166667 88.000000 97.000000
V 694.000000 253.833333 88.000000 97.000000
V 580.000000 153.833333 100.000000 80.000000
V 1108.000000 175.666667 100.000000 80.000000
V 470.000000 160.500000 40.000000 40.000000
V 340.000000 173.833333 100.000000 80.000000
V 1222.000000 191.833333 88.000000 97.000000
V 988.000000 80.500000 100.000000 80.000000
V 580.000000 253.833333 100.000000 80.000000
E 2 0
E 0 15
E 1 2
E 2 3
E 7 3
E 3 8
E 5 4
E 4 9
E 5 6
E 12 5
E 8 9
E 9 17
E 17 10
E 18 11
E 14 12
E 13 16
E 17 13
E 15 14
E 14 18
E 15 16
G 1082065623.json 17 21
V 392.000000 71.000000 40.000000 40.000000
V 522.000000 71.000000 100.000000 80.000000
V 642.000000 71.000000 100.000000 80.000000
V 732.000000 71.000000 40.000000 40.000000
V 822.000000 71.000000 100.000000 80.000000
V 942.000000 71.000000 100.000000 80.000000
V 1062.000000 84.333333 100.000000 80.000000
V 32.000000 144.666667 40.000000 40.000000
V 282.000000 200.000000 100.000000 80.000000
V 402.000000 200.000000 100.000000 80.000000
V 522.000000 186.666667 100.000000 80.000000
V 162.000000 119.333333 100.000000 80.000000
V 292.000000 119.333333 40.000000 40.000000
V 366.000000 126.000000 28.000000 28.000000
V 32.000000 32.000000 40.000000 40.000000
V 152.000000 200.000000 40.000000 40.000000
V 317.000000 64.333333 30.000000 30.000000
E 0 1
E 12 0
E 16 0
E 1 2
E 2 3
E 3 4
E 7 3
E 14 3
E 4 5
E 5 6
E 6 7
E 7 11
E 7 15
E 8 9
E 15 8
E 9 10
E 10 14
E 11 12
E 14 11
E 12 13
E 14 15
G 1082217097.json 19 20
V 27.000000 58.666667 30.000000 30.000000
V 112.000000 58.666667 100.000000 80.000000
V 232.000000 58.666667 100.000000 80.000000
V 352.000000 58.666667 100.000000 80.000000
V 472.000000 58.666667 100.000000 80.000000
V 592.000000 58.666667 100.000000 80.000000
V 712.000000 58.666667 100.000000 80.000000
V 832.000000 58.666667 100.000000 80.000000
V 952.000000 58.666667 100.000000 80.000000
V 1072.000000 58.666667 100.000000 80.000000
V 1162.000000 58.666667 40.000000 40.000000
V 1252.000000 152.000000 100.000000 80.000000
V 1252.000000 52.000000 100.000000 80.000000
V 1342.000000 58.666667 40.000000 40.000000
V 1432.000000 58.666667 100.000000 80.000000
V 1522.000000 58.666667 40.000000 40.000000
V 1612.000000 52.000000 100.000000 80.000000
V 1702.000000 58.666667 40.000000 40.000000
V 1756.000000 58.666667 28.000000 28.000000
E 0 1
E 1 2
E 2 3
E 3 4
E 4 5
E 5 6
E 6 7
E 7 8
E 8 9
E 9 10
E 10 11
E 10 12
E 11 13
E 12 13
E 13 14
E 14 15
E 15 16
E 15 17
E 16 17
E 17 18
G 108256378.json 18 17
V 27.000000 57.000000 30.000000 30.000000
V 112.000000 52.000000 100.000000 80.000000
V 112.000000 152.000000 100.000000 80.000000
V 1072.000000 245.333333 100.000000 80.000000
V 1156.000000 245.333333 28.000000 28.000000
V 352.000000 152.000000 100.000000 80.000000
V 472.000000 152.000000 100.000000 80.000000
V 712.000000 145.333333 100.000000 80.000000
V 602.000000 152.000000 40.000000 40.000000
V 712.000000 245.333333 100.000000 80.000000
V 232.000000 152.000000 100.000000 80.000000
V 832.000000 245.333333 100.000000 80.000000
V 952.000000 245.333333 100.000000 80.000000
V 232.000000 258.666667 100.000000 80.000000
V 592.000000 258.666667 100.000000 80.000000
V 147.000000 258.666667 30.000000 30.000000
V 352.000000 258.666667 100.000000 80.000000
V 472.000000 258.666667 100.000000 80.000000
E 0 1
E 0 2
E 2 10
E 3 4
E 12 3
E 5 6
E 10 5
E 6 8
E 8 7
E 8 9
E 9 11
E 14 9
E 11 12
E 15 13
E 13 16
E 17 14
E 16 17
G 1082695978.json 23 25
V 27.000000 85.333333 30.000000 30.000000
V 112.000000 85.333333 100.000000 80.000000
V 197.000000 85.333333 30.000000 30.000000
V 523.000000 85.333333 100.000000 80.000000
V 613.000000 85.333333 40.000000 40.000000
V 1677.000000 152.000000 28.000000 28.000000
V 668.000000 78.666667 30.000000 30.000000
V 1593.000000 152.000000 100.000000 80.000000
V 873.000000 78.666667 100.000000 80.000000
V 993.000000 78.666667 100.000000 80.000000
V 1083.000000 78.666667 40.000000 40.000000
V 1173.000000 72.000000 100.000000 80.000000
V 1281.000000 236.166667 76.000000 65.000000
V 1173.000000 249.500000 100.000000 80.000000
V 1281.000000 151.166667 76.000000 65.000000
V 247.000000 85.333333 30.000000 30.000000
V 332.000000 85.333333 100.000000 80.000000
V 427.500000 85.333333 51.000000 54.000000
V 753.000000 78.666667 100.000000 80.000000
V 1293.000000 58.666667 100.000000 80.000000
V 1383.000000 58.666667 40.000000 40.000000
V 1473.000000 138.666667 100.000000 80.000000
V 1593.000000 52.000000 100.000000 80.000000
E 0 1
E 1 2
E 2 15
E 3 4
E 17 3
E 4 5
E 4 6
E 7 5
E 22 5
E 6 18
E 13 7
E 21 7
E 8 9
E 18 8
E 9 10
E 10 11
E 10 13
E 11 14
E 11 19
E 13 12
E 15 16
E 16 17
E 19 20
E 20 21
E 20 22
G 1082877129.json 35 41
V 106.344667 223.666667 88.689335 60.000000
V 27.000000 223.666667 30.000000 30.000000
V 1238.480678 197.833333 88.689335 70.000000
V 781.102008 473.333333 88.689335 70.000000
V 889.791343 132.000000 88.689335 70.000000
V 563.723338 196.166667 88.689335 70.000000
V 337.861669 196.166667 88.689335 70.000000
V 220.689335 217.000000 40.000000 40.000000
V 789.216897 202.833333 40.000000 40.000000
V 1447.170013 247.000000 88.689335 54.250000
V 992.322783 525.000000 76.373546 60.000000
V 130.689335 525.000000 40.000000 40.000000
V 304.689335 340.000000 28.000000 28.000000
V 220.689335 338.000000 40.000000 40.000000
V 130.689335 388.333333 40.000000 40.000000
V 455.034003 364.000000 88.689335 60.000000
V 680.527562 196.166667 40.000000 40.000000
V 781.102008 47.000000 30.000000 30.000000
V 220.689335 398.333333 40.000000 40.000000
V 881.676453 466.666667 40.000000 40.000000
V 1342.825345 197.833333 80.000000 60.000000
V 220.689335 278.000000 40.000000 40.000000
V 1004.136010 47.000000 100.000000 70.000000
V 889.791343 47.000000 30.000000 30.000000
V 27.000000 143.666667 30.000000 30.000000
V 455.034003 196.166667 88.689335 60.000000
V 1004.136010 132.000000 100.000000 60.000000
V 340.689335 405.000000 80.000000 60.000000
V 453.585780 480.000000 80.000000 60.000000
V 672.412673 473.333333 88.689335 70.000000
V 340.689335 490.000000 100.000000 70.000000
V 1124.136010 132.000000 88.689335 60.000000
V 106.344667 143.666667 88.689335 60.000000
V 1124.136010 209.500000 100.000000 55.000000
V 571.838227 480.000000 40.000000 40.000000
E 1 0
E 0 7
E 2 20
E 31 2
E 33 2
E 3 19
E 29 3
E 8 4
E 4 26
E 5 16
E 25 5
E 7 6
E 13 6
E 21 6
E 6 25
E 32 7
E 16 8
E 8 33
E 9 14
E 20 9
E 34 9
E 10 11
E 19 10
E 11 13
E 11 30
E 13 12
E 21 12
E 14 18
E 14 21
E 18 15
E 15 19
E 16 17
E 17 23
E 18 27
E 23 22
E 24 32
E 26 31
E 27 28
E 30 28
E 28 34
E 34 29
G 1083025710.json 29 34
V 27.000000 65.333333 30.000000 30.000000
V 82.000000 65.333333 40.000000 40.000000
V 412.000000 158.666667 100.000000 80.000000
V 412.000000 58.666667 100.000000 80.000000
V 172.000000 158.666667 100.000000 80.000000
V 172.000000 58.666667 100.000000 80.000000
V 262.000000 65.333333 40.000000 40.000000
V 322.000000 65.333333 40.000000 40.000000
V 592.000000 252.000000 100.000000 80.000000
V 592.000000 152.000000 100.000000 80.000000
V 832.000000 58.666667 100.000000 80.000000
V 502.000000 158.666667 40.000000 40.000000
V 712.000000 252.000000 100.000000 80.000000
V 712.000000 152.000000 100.000000 80.000000
V 822.000000 158.666667 40.000000 40.000000
V 1022.000000 352.000000 100.000000 80.000000
V 1022.000000 252.000000 100.000000 80.000000
V 922.000000 158.666667 40.000000 40.000000
V 922.000000 58.666667 40.000000 40.000000
V 1112.000000 258.666667 40.000000 40.000000
V 1022.000000 152.000000 100.000000 80.000000
V 1112.000000 58.666667 40.000000 40.000000
V 1172.000000 58.666667 40.000000 40.000000
V 1262.000000 152.000000 100.000000 80.000000
V 1262.000000 52.000000 100.000000 80.000000
V 1352.000000 58.666667 40.000000 40.000000
V 1022.000000 52.000000 100.000000 80.000000
V 1442.000000 58.666667 100.000000 80.000000
V 1526.000000 63.333333 28.000000 28.000000
E 0 1
E 1 4
E 1 5
E 7 2
E 2 11
E 7 3
E 3 10
E 4 6
E 5 6
E 6 7
E 11 8
E 8 12
E 11 9
E 9 13
E 10 18
E 12 14
E 13 14
E 14 17
E 17 15
E 15 19
E 18 16
E 16 19
E 17 20
E 18 26
E 19 28
E 20 21
E 21 22
E 26 21
E 22 23
E 22 24
E 23 25
E 24 25
E 25 27
E 27 28
G 1083590871.json 20 28
V 27.000000 337.333333 30.000000 30.000000
V 112.000000 337.333333 100.000000 80.000000
V 235.500000 300.666667 107.000000 80.000000
V 403.166667 254.666667 107.000000 80.000000
V 597.000000 274.666667 100.000000 80.000000
V 1511.500000 317.666667 171.000000 70.000000
V 507.000000 268.000000 40.000000 40.000000
V 597.000000 174.666667 100.000000 80.000000
V 398.000000 38.500000 138.000000 53.000000
V 747.500000 188.000000 100.000000 80.000000
V 998.000000 94.666667 100.000000 80.000000
V 1470.000000 52.500000 88.000000 53.000000
V 1208.000000 240.666667 40.000000 40.000000
V 1118.000000 94.666667 100.000000 80.000000
V 1322.000000 240.666667 148.000000 80.000000
V 1470.000000 187.666667 88.000000 54.000000
V 1440.000000 248.666667 28.000000 28.000000
V 878.000000 188.000000 100.000000 80.000000
V 1112.000000 189.666667 88.000000 70.000000
V 747.500000 93.000000 121.000000 70.000000
E 0 1
E 1 2
E 1 5
E 2 3
E 2 5
E 2 8
E 2 19
E 3 6
E 3 19
E 4 5
E 6 4
E 4 12
E 4 19
E 14 5
E 6 7
E 7 9
E 7 19
E 9 17
E 10 11
E 10 13
E 17 10
E 10 18
E 14 11
E 13 12
E 12 14
E 14 15
E 14 16
E 17 18
G 1083726025.json 18 18
V 244.000000 206.083333 58.000000 55.000000
V 132.000000 125.083333 58.000000 55.000000
V 1084.669999 197.000000 84.000000 54.500000
V 244.000000 125.083333 84.000000 67.000000
V 1292.669999 197.000000 84.000000 54.500000
V 1188.669999 197.000000 84.000000 54.500000
V 1368.669999 137.083333 28.000000 28.000000
V 32.000000 196.083333 40.000000 40.000000
V 348.000000 125.083333 84.000000 67.000000
V 852.669999 46.000000 84.000000 68.000000
V 972.669999 46.000000 100.000000 68.000000
V 768.669999 125.083333 28.000000 28.000000
V 468.334999 125.083333 116.669999 70.000000
V 1413.004999 206.083333 116.669999 70.000000
V 588.669999 125.083333 84.000000 67.000000
V 692.669999 125.083333 84.000000 68.000000
V 132.000000 52.583333 100.000000 50.000000
V 852.669999 129.750000 100.000000 59.500000
E 0 2
E 7 0
E 1 3
E 7 1
E 2 5
E 10 2
E 3 8
E 5 4
E 4 6
E 4 13
U 7 16
E 8 12
E 9 10
E 11 9
E 15 11
U 11 17
E 12 14
E 14 15
G 1084807158.json 40 46
V 73.500000 109.833333 123.000000 35.000000
V 325.000000 70.666667 100.000000 80.000000
V 205.000000 70.666667 100.000000 80.000000
V 120.000000 57.333333 30.000000 30.000000
V 410.000000 70.666667 30.000000 30.000000
V 725.000000 115.000000 100.000000 80.000000
V 640.000000 115.000000 30.000000 30.000000
V 495.000000 70.666667 100.000000 80.000000
V 902.500000 70.666667 95.000000 76.000000
V 1020.000000 70.666667 100.000000 80.000000
V 1105.000000 70.666667 30.000000 30.000000
V 1240.000000 70.666667 100.000000 80.000000
V 585.000000 70.666667 40.000000 40.000000
V 815.000000 70.666667 40.000000 40.000000
V 1155.000000 70.666667 30.000000 30.000000
V 1330.000000 70.666667 40.000000 40.000000
V 1390.000000 145.666667 40.000000 40.000000
V 1600.000000 152.333333 100.000000 80.000000
V 1480.000000 139.000000 30.000000 30.000000
V 1480.000000 64.000000 100.000000 80.000000
V 1690.000000 70.666667 40.000000 40.000000
V 1900.000000 402.000000 100.000000 80.000000
V 2624.000000 254.000000 28.000000 28.000000
V 1780.000000 64.000000 100.000000 80.000000
V 1900.000000 64.000000 100.000000 80.000000
V 1990.000000 64.000000 40.000000 40.000000
V 2065.000000 152.000000 30.000000 30.000000
V 2065.000000 252.000000 30.000000 30.000000
V 2065.000000 352.000000 30.000000 30.000000
V 2065.000000 52.000000 30.000000 30.000000
V 2152.000000 152.000000 100.000000 80.000000
V 2152.000000 252.000000 100.000000 80.000000
V 2152.000000 352.000000 104.000000 80.000000
V 2152.000000 52.000000 100.000000 80.000000
V 2254.000000 156.000000 40.000000 40.000000
V 2352.000000 156.000000 116.000000 94.000000
V 2450.000000 156.000000 40.000000 40.000000
V 2540.000000 249.333333 100.000000 80.000000
V 2540.000000 149.333333 100.000000 80.000000
V 2624.000000 149.333333 28.000000 28.000000
E 0 2
E 2 1
E 1 4
E 3 2
E 4 7
E 6 5
E 5 13
E 12 6
E 7 12
E 8 9
E 13 8
E 9 10
E 10 14
E 14 11
E 11 15
E 12 13
E 15 16
E 15 19
E 16 17
E 16 18
E 18 17
E 17 20
E 19 20
E 20 21
E 20 23
E 21 22
E 37 22
E 23 24
E 24 25
E 25 26
E 25 27
E 25 28
E 25 29
E 26 30
E 27 31
E 28 32
E 29 33
E 30 34
E 31 34
E 32 34
E 33 34
E 34 35
E 35 36
E 36 37
E 36 38
E 38 39
G 1085164812.json 32 32
V 27.000000 58.666667 30.000000 30.000000
V 232.000000 58.666667 100.000000 80.000000
V 112.000000 58.666667 100.000000 80.000000
V 352.000000 58.666667 100.000000 80.000000
V 472.000000 58.666667 100.000000 80.000000
V 592.000000 58.666667 100.000000 80.000000
V 712.000000 58.666667 100.000000 80.000000
V 832.000000 58.666667 100.000000 80.000000
V 952.000000 58.666667 100.000000 80.000000
V 1072.000000 58.666667 100.000000 80.000000
V 1192.000000 58.666667 100.000000 80.000000
V 1312.000000 58.666667 100.000000 80.000000
V 1432.000000 58.666667 100.000000 80.000000
V 1612.000000 52.000000 100.000000 80.000000
V 1732.000000 52.000000 100.000000 80.000000
V 1852.000000 52.000000 100.000000 80.000000
V 1612.000000 158.666667 100.000000 80.000000
V 1522.000000 58.666667 40.000000 40.000000
V 1732.000000 158.666667 100.000000 80.000000
V 2142.000000 202.000000 100.000000 80.000000
V 2442.000000 58.666667 100.000000 80.000000
V 2562.000000 58.666667 100.000000 80.000000
V 2682.000000 58.666667 100.000000 80.000000
V 2766.000000 58.666667 28.000000 28.000000
V 1972.000000 52.000000 100.000000 80.000000
V 2057.000000 52.000000 30.000000 30.000000
V 2142.000000 52.000000 100.000000 80.000000
V 2262.000000 52.000000 100.000000 80.000000
V 2352.000000 58.666667 40.000000 40.000000
V 1862.000000 158.666667 40.000000 40.000000
V 1972.000000 152.000000 100.000000 80.000000
V 2056.000000 152.000000 28.000000 28.000000
E 0 2
E 2 1
E 1 3
E 3 4
E 4 5
E 5 6
E 6 7
E 7 8
E 8 9
E 9 10
E 10 11
E 11 12
E 12 17
E 13 14
E 17 13
E 14 15
E 15 24
E 17 16
E 16 18
E 18 29
E 19 28
E 29 19
E 20 21
E 28 20
E 21 22
E 22 23
E 24 25
E 25 26
E 26 27
E 27 28
E 29 30
E 30 31
G 1085228161.json 19 23
V 1032.000000 246.333333 100.000000 80.000000
V 842.000000 153.000000 100.000000 80.000000
V 932.000000 153.000000 40.000000 40.000000
V 1152.000000 146.333333 100.000000 80.000000
V 1242.000000 146.333333 40.000000 40.000000
V 38.000000 279.666667 28.000000 28.000000
V 122.000000 266.333333 100.000000 80.000000
V 122.000000 159.666667 100.000000 80.000000
V 32.000000 215.333333 40.000000 40.000000
V 722.000000 153.000000 100.000000 80.000000
V 1426.000000 146.000000 28.000000 28.000000
V 1032.000000 146.333333 100.000000 80.000000
V 1332.000000 103.000000 100.000000 80.000000
V 722.000000 52.000000 100.000000 80.000000
V 242.000000 159.666667 100.000000 80.000000
V 332.000000 159.666667 40.000000 40.000000
V 602.000000 153.000000 100.000000 80.000000
V 422.000000 58.666667 100.000000 80.000000
V 512.000000 58.666667 40.000000 40.000000
E 2 0
E 6 0
E 0 8
E 1 2
E 9 1
E 2 11
E 3 4
E 11 3
E 4 10
E 4 12
E 5 6
E 8 6
E 8 7
E 7 14
E 16 9
E 12 10
E 13 10
E 18 13
E 14 15
E 15 16
E 15 17
E 18 16
E 17 18
G 1085275397.json 19 21
V 62.000000 68.666667 100.000000 80.000000
V 917.000000 52.000000 30.000000 30.000000
V 1122.000000 52.000000 100.000000 80.000000
V 1242.000000 97.666667 100.000000 50.000000
V 1206.000000 38.666667 28.000000 28.000000
V 712.000000 60.333333 100.000000 80.000000
V 832.000000 107.000000 100.000000 50.000000
V 620.333333 60.333333 30.000000 30.000000
V 832.000000 47.000000 30.000000 30.000000
V 1002.000000 52.000000 100.000000 80.000000
V 232.000000 121.000000 100.000000 80.000000
V 147.000000 121.000000 30.000000 30.000000
V 412.000000 114.333333 100.000000 80.000000
V 532.000000 114.333333 100.000000 80.000000
V 412.000000 214.333333 100.000000 80.000000
V 532.000000 214.333333 100.000000 80.000000
V 622.000000 134.333333 40.000000 40.000000
V 676.000000 134.333333 28.000000 28.000000
V 322.000000 121.000000 40.000000 40.000000
E 0 7
E 0 11
E 8 1
E 1 9
E 15 1
U 2 3
E 2 4
E 9 2
U 5 6
E 7 5
E 5 8
E 13 7
E 11 10
E 10 18
E 12 13
E 18 12
E 13 16
E 14 15
E 18 14
E 15 16
E 16 17
G 108550595.json 16 17
V 122.000000 241.666667 100.000000 80.000000
V 258.500000 241.666667 40.000000 40.000000
V 406.000000 228.333333 100.000000 80.000000
V 258.500000 161.666667 133.000000 80.000000
V 518.000000 228.333333 40.000000 40.000000
V 624.500000 119.000000 133.000000 96.000000
V 624.500000 235.000000 100.000000 80.000000
V 761.000000 235.000000 40.000000 40.000000
V 916.500000 235.000000 133.000000 96.000000
V 32.000000 235.000000 40.000000 40.000000
V 411.500000 60.000000 133.000000 96.000000
V 122.000000 60.000000 30.000000 30.000000
V 761.000000 60.000000 100.000000 80.000000
V 518.000000 60.000000 30.000000 30.000000
V 916.500000 119.000000 171.000000 96.000000
V 1036.000000 119.000000 28.000000 28.000000
E 0 1
E 9 0
E 1 2
E 3 2
E 2 4
E 4 5
E 4 6
E 5 14
E 6 7
E 7 8
E 8 15
E 9 11
E 11 10
E 10 13
E 13 12
E 12 15
E 14 15
G 1086277850.json 19 22
V 347.000000 52.000000 30.000000 30.000000
V 432.000000 52.000000 100.000000 80.000000
V 132.000000 108.666667 100.000000 80.000000
V 222.000000 108.666667 40.000000 40.000000
V 1150.000000 210.000000 100.000000 80.000000
V 1264.000000 223.333333 30.000000 30.000000
V 1343.000000 223.333333 30.000000 30.000000
V 1428.000000 223.333333 100.000000 80.000000
V 1512.000000 223.333333 28.000000 28.000000
V 676.000000 223.333333 88.000000 97.000000
V 1264.000000 139.833333 88.000000 97.000000
V 562.000000 110.000000 100.000000 80.000000
V 32.000000 243.333333 40.000000 40.000000
V 312.000000 203.333333 100.000000 80.000000
V 442.000000 203.333333 40.000000 40.000000
V 562.000000 210.000000 100.000000 80.000000
V 790.000000 210.000000 100.000000 80.000000
V 910.000000 210.000000 100.000000 80.000000
V 1030.000000 210.000000 100.000000 80.000000
E 0 1
E 1 11
E 2 3
E 12 2
E 3 11
E 3 13
E 4 5
E 4 10
E 18 4
E 5 6
E 6 7
E 7 8
E 15 9
E 9 16
E 11 12
E 14 11
E 12 13
E 13 14
E 14 15
E 15 16
E 16 17
E 17 18
G 1086493814.json 25 26
V 277.000000 52.000000 30.000000 30.000000
V 212.000000 108.666667 40.000000 40.000000
V 362.000000 52.000000 86.000000 55.000000
V 937.000000 175.000000 30.000000 30.000000
V 986.000000 175.000000 28.000000 28.000000
V 567.000000 128.000000 30.000000 30.000000
V 267.000000 243.839667 30.000000 30.000000
V 482.000000 52.000000 30.000000 30.000000
V 602.000000 52.000000 100.000000 80.000000
V 722.000000 52.000000 40.000000 40.000000
V 842.000000 52.000000 100.000000 80.000000
V 936.000000 38.666667 28.000000 28.000000
V 182.000000 248.839667 30.000000 30.000000
V 62.000000 311.506333 100.000000 74.000000
V 362.000000 330.506333 100.000000 80.000000
V 362.000000 173.000000 100.000000 80.000000
V 482.000000 293.839667 100.000000 80.000000
V 722.000000 178.000000 100.000000 80.000000
V 566.000000 307.173000 28.000000 28.000000
V 493.666667 173.000000 30.000000 30.000000
V 602.000000 178.000000 30.000000 30.000000
V 842.000000 178.000000 28.000000 28.000000
V 182.000000 323.839667 100.000000 80.000000
V 272.000000 323.839667 40.000000 40.000000
V 583.000500 243.086500 62.001000 60.173000
E 0 2
E 1 3
E 1 6
E 2 7
E 3 4
E 10 3
E 14 3
E 21 3
E 19 5
E 12 6
E 7 8
E 8 9
E 9 10
E 10 11
E 13 12
E 13 22
E 14 16
E 23 14
E 15 19
E 23 15
E 16 18
E 16 24
E 20 17
E 17 21
E 19 20
E 22 23
G 1086518477.json 17 19
V 27.000000 58.666667 30.000000 30.000000
V 112.000000 58.666667 100.000000 80.000000
V 1012.000000 152.000000 100.000000 80.000000
V 202.000000 58.666667 40.000000 40.000000
V 292.000000 152.000000 100.000000 80.000000
V 472.000000 58.666667 100.000000 80.000000
V 562.000000 58.666667 40.000000 40.000000
V 652.000000 52.000000 100.000000 80.000000
V 832.000000 58.666667 100.000000 80.000000
V 922.000000 58.666667 40.000000 40.000000
V 382.000000 58.666667 40.000000 40.000000
V 742.000000 58.666667 40.000000 40.000000
V 292.000000 52.000000 100.000000 80.000000
V 1012.000000 52.000000 100.000000 80.000000
V 1276.000000 58.666667 28.000000 28.000000
V 1192.000000 58.666667 100.000000 80.000000
V 1102.000000 58.666667 40.000000 40.000000
E 0 1
E 1 3
E 9 2
E 2 16
E 3 4
E 3 12
E 4 10
E 5 6
E 10 5
E 6 7
E 6 11
E 7 11
E 8 9
E 11 8
E 9 13
E 12 10
E 13 16
E 15 14
E 16 15
G 1086686710.json 24 25
V 617.000000 158.666667 30.000000 30.000000
V 762.000000 65.333333 100.000000 80.000000
V 852.000000 65.333333 40.000000 40.000000
V 942.000000 158.666667 100.000000 80.000000
V 942.000000 58.666667 100.000000 80.000000
V 672.000000 65.333333 40.000000 40.000000
V 617.000000 58.666667 30.000000 30.000000
V 1062.000000 158.666667 100.000000 80.000000
V 232.000000 65.333333 100.000000 80.000000
V 112.000000 65.333333 100.000000 80.000000
V 27.000000 65.333333 30.000000 30.000000
V 352.000000 65.333333 100.000000 80.000000
V 442.000000 65.333333 40.000000 40.000000
V 532.000000 158.666667 100.000000 80.000000
V 532.000000 58.666667 100.000000 80.000000
V 1062.000000 58.666667 30.000000 30.000000
V 1182.000000 58.666667 100.000000 80.000000
V 1267.000000 58.666667 30.000000 30.000000
V 1352.000000 58.666667 100.000000 80.000000
V 1442.000000 58.666667 40.000000 40.000000
V 1532.000000 152.000000 100.000000 80.000000
V 1532.000000 52.000000 100.000000 80.000000
V 1676.000000 58.666667 28.000000 28.000000
V 1622.000000 58.666667 40.000000 40.000000
E 0 5
E 13 0
E 1 2
E 5 1
E 2 3
E 2 4
E 3 7
E 4 15
E 6 5
E 14 6
E 9 8
E 8 11
E 10 9
E 11 12
E 12 13
E 12 14
E 15 16
E 16 17
E 17 18
E 18 19
E 19 20
E 19 21
E 20 23
E 21 23
E 23 22
G 1086913116.json 26 27
V 27.000000 58.666667 30.000000 30.000000
V 292.000000 158.666667 100.000000 80.000000
V 172.000000 158.666667 100.000000 80.000000
V 1362.000000 152.000000 100.000000 80.000000
V 1272.000000 58.666667 40.000000 40.000000
V 82.000000 58.666667 40.000000 40.000000
V 382.000000 65.333333 40.000000 40.000000
V 437.000000 65.333333 30.000000 30.000000
V 1482.000000 152.000000 100.000000 80.000000
V 1572.000000 58.666667 40.000000 40.000000
V 1626.000000 58.666667 28.000000 28.000000
V 1710.000000 58.666667 100.000000 50.000000
V 1182.000000 58.666667 100.000000 80.000000
V 172.000000 58.666667 100.000000 80.000000
V 292.000000 58.666667 100.000000 80.000000
V 1362.000000 52.000000 100.000000 80.000000
V 1482.000000 52.000000 100.000000 80.000000
V 522.000000 65.333333 100.000000 80.000000
V 732.000000 65.333333 40.000000 40.000000
V 822.000000 158.666667 100.000000 80.000000
V 912.000000 65.333333 40.000000 40.000000
V 1092.000000 65.333333 40.000000 40.000000
V 642.000000 65.333333 100.000000 80.000000
V 1002.000000 65.333333 100.000000 80.000000
V 1182.000000 158.666667 100.000000 80.000000
V 822.000000 58.666667 100.000000 80.000000
E 0 5
E 2 1
E 1 6
E 4 3
E 3 8
E 12 4
E 4 15
E 5 13
E 6 7
E 14 6
E 7 17
E 8 9
E 9 10
E 16 9
U 10 11
E 21 12
E 13 14
E 15 16
E 17 22
E 18 19
E 22 18
E 18 25
E 19 20
E 20 23
E 25 20
E 23 21
E 21 24
G 1087139970.json 25 30
V 27.000000 52.000000 30.000000 30.000000
V 112.000000 52.000000 100.000000 80.000000
V 242.000000 103.666667 40.000000 40.000000
V 352.000000 97.000000 100.000000 80.000000
V 472.000000 244.750000 100.000000 80.000000
V 592.000000 97.000000 100.000000 80.000000
V 820.000000 97.000000 100.000000 80.000000
V 1838.497399 128.166667 40.000000 40.000000
V 1892.497399 128.166667 28.000000 28.000000
V 472.000000 83.666667 88.000000 67.000000
V 1783.497399 121.500000 30.000000 30.000000
V 232.000000 38.666667 100.000000 50.000000
V 706.000000 83.666667 88.000000 97.000000
V 905.000000 97.000000 30.000000 30.000000
V 1040.000000 97.000000 100.000000 80.000000
V 1162.000000 97.000000 40.000000 40.000000
V 1268.000000 148.666667 100.000000 80.000000
V 1388.000000 162.000000 100.000000 50.000000
V 1508.000000 110.333333 100.000000 80.000000
V 1378.000000 97.000000 40.000000 40.000000
V 1638.248699 126.500000 120.497399 97.000000
V 1782.497399 170.500000 28.000000 28.000000
V 955.000000 97.000000 30.000000 30.000000
V 1733.497399 126.500000 30.000000 30.000000
V 1154.000000 186.250000 88.000000 97.000000
E 0 1
E 1 2
U 1 11
E 2 3
E 2 4
E 3 5
E 3 9
E 4 7
E 5 6
E 9 5
E 5 12
E 12 6
E 6 13
E 7 8
E 10 7
E 23 10
E 13 22
E 14 15
E 22 14
E 15 16
E 15 19
U 16 17
E 16 19
E 24 16
E 19 18
E 18 20
E 24 18
E 20 23
E 24 20
E 23 21
G 1088129127.json 18 19
V 27.000000 75.333333 30.000000 30.000000
V 104.000000 75.333333 84.000000 40.000000
V 327.000000 82.000000 84.000000 40.000000
V 439.500000 88.666667 97.000000 40.000000
V 215.500000 27.000000 99.000000 30.000000
V 439.000000 33.666667 100.000000 30.000000
V 215.500000 82.000000 84.000000 40.000000
V 573.250000 95.333333 40.000000 40.000000
V 670.000000 95.333333 84.000000 40.000000
V 670.000000 35.333333 84.000000 40.000000
V 776.750000 145.333333 40.000000 40.000000
V 909.500000 145.333333 97.000000 40.000000
V 992.000000 103.000000 28.000000 28.000000
V 558.500000 40.333333 99.000000 30.000000
V 791.500000 88.666667 99.000000 30.000000
V 791.500000 28.666667 99.000000 30.000000
V 670.000000 155.333333 84.000000 40.000000
V 1027.500000 152.000000 99.000000 30.000000
E 0 1
U 1 4
E 1 6
E 2 3
U 2 5
E 6 2
E 3 7
U 3 13
E 7 8
E 7 9
E 7 16
E 8 10
U 8 14
E 9 10
U 9 15
E 10 11
E 16 10
E 11 12
U 11 17
G 108818346.json 18 22
V 283.000000 57.666667 30.000000 30.000000
V 338.000000 57.666667 40.000000 40.000000
V 428.333333 51.000000 30.000000 30.000000
V 532.500000 46.000000 83.000000 68.000000
V 419.500000 200.000000 83.000000 68.000000
V 532.500000 200.000000 83.000000 68.000000
V 645.500000 188.666667 83.000000 68.000000
V 721.000000 177.333333 28.000000 28.000000
V 27.000000 69.000000 30.000000 30.000000
V 103.500000 69.000000 83.000000 68.000000
V 206.500000 69.000000 83.000000 68.000000
V 430.250000 126.000000 40.000000 40.000000
V 636.666667 257.666667 30.000000 30.000000
V 532.500000 116.000000 30.000000 30.000000
V 645.500000 96.800000 83.000000 68.000000
V 748.500000 246.333333 83.000000 68.000000
V 851.500000 246.333333 83.000000 68.000000
V 927.000000 246.333333 28.000000 28.000000
E 0 1
E 10 0
E 1 2
E 1 4
E 2 3
E 14 2
E 3 14
E 4 5
E 5 6
E 5 12
E 6 7
E 6 15
E 8 9
E 9 10
E 10 11
E 11 12
E 11 13
E 14 11
E 12 15
E 13 14
E 15 16
E 16 17
G 1088210012.json 17 18
V 27.000000 43.291667 30.000000 30.000000
V 123.404091 43.291667 122.808183 55.000000
V 1107.083625 118.166667 133.277240 85.410001
V 672.222503 184.250000 122.808183 55.000000
V 958.838868 118.166667 123.212274 55.000000
V 427.212274 115.666667 40.000000 40.000000
V 1255.328382 118.166667 123.212274 55.000000
V 529.015342 36.625000 123.606137 48.852503
V 266.010228 43.291667 122.404091 49.250000
V 367.212274 43.291667 40.000000 40.000000
V 1398.540656 45.875000 123.212274 55.500000
V 815.429662 36.625000 123.606137 49.250000
V 1636.954976 45.875000 28.000000 28.000000
V 1541.550884 45.875000 122.808183 51.250000
V 529.015342 109.000000 122.808183 55.000000
V 672.222503 109.000000 122.808183 55.500000
V 815.429662 109.000000 122.808183 55.500000
E 0 1
E 1 8
E 4 2
E 2 6
E 3 4
E 5 3
E 16 4
E 9 5
E 5 14
E 6 10
E 9 7
E 7 11
E 8 9
E 11 10
E 10 13
E 13 12
E 14 15
E 15 16
G 1088753578.json 15 17
V 112.000000 149.666667 100.000000 80.000000
V 27.000000 149.666667 30.000000 30.000000
V 362.000000 169.666667 100.000000 80.000000
V 232.000000 149.666667 100.000000 80.000000
V 482.000000 183.000000 100.000000 80.000000
V 590.000000 35.000000 56.000000 46.000000
V 612.000000 118.000000 100.000000 80.000000
V 732.000000 118.000000 100.000000 80.000000
V 852.000000 131.333333 30.000000 30.000000
V 1040.841124 138.000000 117.682249 92.000000
V 942.000000 131.333333 40.000000 40.000000
V 1133.682249 133.333333 28.000000 28.000000
V 362.000000 84.666667 100.000000 50.000000
V 612.000000 203.000000 100.000000 50.000000
V 852.000000 71.333333 100.000000 50.000000
E 1 0
E 0 3
E 3 2
E 2 4
U 2 5
U 3 5
U 3 12
U 4 5
E 4 6
U 4 13
E 6 7
E 7 8
U 7 14
E 8 10
E 10 9
E 9 11
E 10 11
G 1089311660.json 28 30
V 27.000000 235.333333 30.000000 30.000000
V 112.000000 235.333333 100.000000 80.000000
V 232.000000 235.333333 100.000000 80.000000
V 317.000000 235.333333 30.000000 30.000000
V 372.000000 235.333333 40.000000 40.000000
V 462.000000 242.000000 100.000000 80.000000
V 582.000000 67.000000 100.000000 80.000000
V 582.000000 167.000000 100.000000 80.000000
V 472.000000 160.333333 40.000000 40.000000
V 667.000000 242.000000 30.000000 30.000000
V 752.000000 242.000000 100.000000 80.000000
V 582.000000 242.000000 30.000000 30.000000
V 872.000000 242.000000 100.000000 80.000000
V 1002.000000 242.000000 120.000000 99.000000
V 1202.000000 252.000000 100.000000 80.000000
V 1102.000000 242.000000 40.000000 40.000000
V 1202.000000 152.000000 100.000000 80.000000
V 1202.000000 52.000000 100.000000 80.000000
V 1292.000000 152.000000 40.000000 40.000000
V 1382.000000 152.000000 100.000000 80.000000
V 1562.000000 158.666667 100.000000 80.000000
V 1472.000000 152.000000 40.000000 40.000000
V 1562.000000 58.666667 100.000000 80.000000
V 1652.000000 152.000000 40.000000 40.000000
V 1742.000000 152.000000 100.000000 80.000000
V 1827.000000 152.000000 30.000000 30.000000
V 1912.000000 152.000000 100.000000 80.000000
V 2032.000000 152.000000 100.000000 80.000000
E 0 1
E 1 2
E 2 3
E 3 4
E 4 5
E 4 8
E 5 11
E 8 6
E 8 7
E 9 10
E 11 9
E 10 12
E 12 13
E 13 15
E 15 14
E 14 18
E 15 16
E 15 17
E 16 18
E 17 18
E 18 19
E 19 21
E 21 20
E 20 23
E 21 22
E 22 23
E 23 24
E 24 25
E 25 26
E 26 27
G 1089733368.json 20 19
V 27.000000 145.333333 30.000000 30.000000
V 112.000000 145.333333 100.000000 80.000000
V 582.000000 52.000000 30.000000 30.000000
V 667.000000 152.000000 30.000000 30.000000
V 752.000000 152.000000 100.000000 80.000000
V 666.000000 52.000000 28.000000 28.000000
V 842.000000 152.000000 40.000000 40.000000
V 932.000000 158.666667 100.000000 80.000000
V 1016.000000 158.666667 28.000000 28.000000
V 932.000000 58.666667 100.000000 80.000000
V 1052.000000 58.666667 100.000000 80.000000
V 462.000000 152.000000 100.000000 80.000000
V 582.000000 152.000000 100.000000 80.000000
V 462.000000 52.000000 100.000000 80.000000
V 282.000000 145.333333 100.000000 80.000000
V 372.000000 145.333333 40.000000 40.000000
V 197.000000 145.333333 30.000000 30.000000
V 1137.000000 58.666667 30.000000 30.000000
V 1222.000000 58.666667 100.000000 80.000000
V 1306.000000 58.666667 28.000000 28.000000
E 0 1
E 1 16
E 2 5
E 13 2
E 3 4
E 12 3
E 4 6
E 6 7
E 6 9
E 7 8
E 9 10
E 10 17
E 11 12
E 15 11
E 15 13
E 14 15
E 16 14
E 17 18
E 18 19
G 1090152102.json 16 27
V 27.000000 331.173000 30.000000 30.000000
V 112.000000 331.173000 100.000000 80.000000
V 314.000000 63.000000 100.000000 80.000000
V 314.000000 244.333333 100.000000 80.000000
V 202.000000 344.506333 40.000000 40.000000
V 420.000000 257.666667 40.000000 40.000000
V 614.001000 111.666667 100.000000 80.000000
V 311.000000 354.506333 118.000000 80.000000
V 614.001000 211.666667 100.000000 80.000000
V 611.001000 314.419833 118.000000 80.000000
V 924.001000 271.000000 28.000000 28.000000
V 941.001500 194.990389 62.001000 60.173000
V 491.000500 327.753167 62.001000 60.173000
V 810.001000 257.666667 100.000000 80.000000
V 497.600800 257.666667 40.000000 40.000000
V 720.001000 257.666667 40.000000 40.000000
E 0 1
E 1 4
E 1 11
E 4 2
E 2 5
E 2 11
E 4 3
E 3 5
E 3 11
E 4 7
E 7 5
E 5 14
E 6 11
E 14 6
E 6 15
E 7 11
E 8 11
E 14 8
E 8 15
E 9 11
E 12 9
E 14 9
E 9 15
E 13 10
U 13 11
E 15 13
E 14 15
G 1090644633.json 17 21
V 27.000000 68.666667 30.000000 30.000000
V 82.000000 68.666667 40.000000 40.000000
V 137.000000 142.000000 30.000000 30.000000
V 667.000000 68.666667 40.000000 40.000000
V 727.000000 68.666667 40.000000 40.000000
V 787.000000 62.000000 40.000000 40.000000
V 1059.062476 266.300000 444.124952 80.000000
V 1059.062476 159.150000 444.124952 94.300000
V 1435.124952 165.816667 28.000000 28.000000
V 1321.124952 159.150000 40.000000 40.000000
V 1381.124952 165.816667 40.000000 40.000000
V 348.666667 142.000000 40.000000 40.000000
V 517.000000 235.333333 100.000000 80.000000
V 517.000000 135.333333 100.000000 80.000000
V 607.000000 142.000000 40.000000 40.000000
V 309.500000 62.000000 275.000000 80.000000
V 1059.062476 52.000000 444.124952 80.000000
E 0 1
E 1 2
E 1 15
E 2 11
E 3 4
E 14 3
E 15 3
E 4 5
E 4 10
E 5 6
E 5 7
E 5 16
E 6 9
E 7 9
E 10 8
E 9 10
E 16 9
E 11 12
E 11 13
E 12 14
E 13 14
G 1090872425.json 21 22
V 27.000000 118.839667 30.000000 30.000000
V 139.000000 118.839667 154.000000 80.000000
V 463.000000 118.839667 138.000000 80.000000
V 636.972000 132.173000 169.943999 80.000000
V 761.943999 132.173000 40.000000 40.000000
V 305.000000 118.839667 138.000000 80.000000
V 878.943999 88.839667 154.000000 80.000000
V 1060.915998 88.839667 169.943999 80.000000
V 1185.887998 132.173000 40.000000 40.000000
V 1776.888998 145.506333 154.000000 80.000000
V 1958.860997 145.506333 169.943999 80.000000
V 2077.832997 109.839667 28.000000 28.000000
V 1434.555331 145.506333 40.000000 40.000000
V 1550.888998 102.173000 138.000000 80.000000
V 1659.888998 145.506333 40.000000 40.000000
V 1302.887998 132.173000 154.000000 80.000000
V 1430.888498 75.419833 62.001000 60.173000
V 2078.832997 158.839667 30.000000 30.000000
V 2163.832997 158.839667 100.000000 80.000000
V 2247.832997 158.839667 28.000000 28.000000
V 583.000500 42.086500 62.001000 60.173000
E 0 1
E 1 5
E 2 3
E 5 2
U 2 20
E 3 4
E 4 6
E 4 8
E 6 7
E 7 8
E 8 15
E 9 10
E 14 9
E 10 11
E 10 17
E 12 13
E 12 14
E 15 12
E 13 14
U 15 16
E 17 18
E 18 19
G 1091178985.json 32 42
V 1044.544997 391.370803 61.035013 52.344039
V 1044.544997 271.276764 61.035013 51.844039
V 1044.566265 125.838686 60.992478 52.344039
V 1044.566265 198.182725 60.992478 52.344039
V 1285.558743 47.448013 60.992478 52.688078
V 1528.554982 138.344039 55.000000 52.688078
V 402.517507 165.354745 55.000000 52.688078
V 623.035013 244.354745 61.035013 52.688078
V 402.517507 238.042823 61.035013 52.688078
V 723.531252 344.032117 60.992478 52.688078
V 944.027491 234.354745 55.000000 51.844039
V 824.027491 134.354745 100.000000 80.000000
V 1506.054982 52.000000 100.000000 80.000000
V 1185.062504 93.238095 100.000000 80.000000
V 1060.062504 64.666667 30.000000 30.000000
V 302.000000 123.354745 100.000000 80.000000
V 633.035013 165.354745 40.000000 40.000000
V 944.027491 344.532117 100.000000 80.000000
V 1028.027491 331.198784 28.000000 28.000000
V 503.035013 165.354745 100.000000 80.000000
V 720.032506 152.021411 40.000000 40.000000
V 1636.054982 72.000000 100.000000 80.000000
V 32.000000 258.042823 40.000000 40.000000
V 122.000000 258.042823 100.000000 80.000000
V 212.000000 258.042823 40.000000 40.000000
V 302.000000 251.376156 100.000000 80.000000
V 399.011671 330.698784 40.000000 40.000000
V 824.027491 234.354745 100.000000 80.000000
V 720.032506 214.354745 40.000000 40.000000
V 503.035013 330.698784 100.000000 80.000000
V 1386.054982 93.238095 100.000000 80.000000
V 623.035013 330.698784 100.000000 80.000000
E 0 13
E 17 0
E 1 13
E 2 13
E 3 13
E 4 12
E 13 4
E 27 4
E 4 30
E 5 21
E 15 6
E 6 19
E 19 7
E 7 27
E 25 8
E 9 27
E 31 9
E 10 13
E 27 10
E 11 19
E 20 11
E 12 21
E 30 12
E 14 13
E 13 30
E 15 20
E 22 15
E 19 16
E 16 20
E 16 28
E 17 18
E 27 17
E 21 22
E 22 23
E 23 24
E 24 25
E 24 26
E 25 26
E 26 29
E 28 27
E 31 28
E 29 31
G 1091314634.json 15 18
V 714.174351 177.370067 209.602501 113.514801
V 574.373101 177.370067 30.000000 30.000000
V 852.975602 196.289201 28.000000 28.000000
V 467.499550 79.946000 243.747101 113.514801
V 297.667667 237.460801 40.000000 40.000000
V 142.876000 232.460801 30.000000 30.000000
V 742.441435 79.946000 40.000000 40.000000
V 1133.078103 239.460801 28.000000 28.000000
V 1133.078103 94.198467 28.000000 28.000000
V 939.026852 105.531800 200.102501 113.514801
V 1079.078103 105.531800 40.000000 40.000000
V 209.813500 70.288333 63.875000 57.946000
V 293.688500 40.973000 63.875000 57.946000
V 43.000500 60.630667 62.001000 60.173000
V 125.938500 60.630667 63.875000 57.946000
E 1 0
E 0 2
E 0 9
E 4 3
E 3 6
U 11 3
U 12 3
E 5 4
E 4 7
U 5 11
E 6 8
E 6 9
E 10 7
E 10 8
E 9 10
U 11 12
U 14 11
U 13 14
