# the graphs of hs.txt laid out by neato -Gstart=1, same box sizes
G Hs_11p11.2_copy_number_variation_syndrome__WP5348_20260223 22 21
V 45.465840 77.371200 90.000000 25.000000
V 235.353600 105.530400 90.000000 25.000000
V 124.668000 12.499920 90.000000 25.000000
V 116.416800 202.089600 90.000000 25.000000
V 200.023200 113.983200 90.000000 25.000000
V 89.676000 151.034400 90.000000 25.000000
V 70.728480 38.152080 90.000000 25.000000
V 222.703200 68.435280 90.000000 25.000000
V 106.308000 38.643840 90.000000 25.000000
V 173.332800 55.614240 90.000000 25.000000
V 160.660800 17.884800 90.000000 25.000000
V 45.000000 117.158400 90.000000 25.000000
V 279.280800 228.564000 90.000000 25.000000
V 210.247200 149.068800 90.000000 25.000000
V 157.896000 202.240800 90.000000 25.000000
V 137.786400 108.950400 90.000000 25.000000
V 202.838400 34.019280 90.000000 25.000000
V 80.769600 188.503200 90.000000 25.000000
V 51.295680 153.698400 90.000000 25.000000
V 208.152000 184.226400 90.000000 25.000000
V 150.019200 169.351200 90.000000 25.000000
V 81.043200 83.102400 90.000000 25.000000
E 0 15
E 1 15
E 2 15
E 3 15
E 4 15
E 5 15
E 6 15
E 7 15
E 8 15
E 9 15
E 10 15
E 11 15
E 12 19
E 13 15
E 14 15
E 15 16
E 15 17
E 15 18
E 15 19
E 15 20
E 15 21
G Hs_15q11q13_copy_number_variation_WP5407_20250721 18 17
V 40.000320 101.188800 80.000000 20.000000
V 200.584800 146.145600 80.000000 20.000000
V 115.099200 10.000080 80.000000 20.000000
V 134.654400 106.934400 80.000000 20.000000
V 155.145600 177.055200 80.000000 20.000000
V 82.130400 154.411200 80.000000 20.000000
V 61.601040 41.658480 80.000000 20.000000
V 225.820800 84.060000 80.000000 20.000000
V 68.589360 78.444000 80.000000 20.000000
V 162.122400 18.200880 80.000000 20.000000
V 111.448800 42.004800 80.000000 20.000000
V 47.040480 142.545600 80.000000 20.000000
V 228.571200 126.590400 80.000000 20.000000
V 192.045600 185.839200 80.000000 20.000000
V 128.613600 200.916000 80.000000 20.000000
V 183.924000 69.900480 80.000000 20.000000
V 203.176800 37.671840 80.000000 20.000000
V 87.314400 189.590400 80.000000 20.000000
E 0 3
E 1 3
E 2 3
E 3 4
E 3 5
E 3 6
E 3 7
E 3 8
E 3 9
E 3 10
E 3 11
E 3 12
E 3 13
E 3 14
E 3 15
E 3 16
E 3 17
G Hs_16p12.2_copy_number_variation_syndrome_(520kb)_WP5510_20250713 18 21
V 255.535200 93.700800 90.000000 25.000000
V 255.506400 185.551200 90.000000 25.000000
V 45.000000 252.280800 90.000000 25.000000
V 199.238400 230.184000 90.000000 25.000000
V 234.475200 218.966400 90.000000 25.000000
V 84.823200 135.381600 90.000000 25.000000
V 117.784800 174.981600 90.000000 25.000000
V 135.201600 232.473600 90.000000 25.000000
V 127.576800 74.311200 90.000000 25.000000
V 199.324800 85.111200 90.000000 25.000000
V 164.721600 62.830800 90.000000 25.000000
V 98.863200 98.812800 90.000000 25.000000
V 340.984800 98.035200 150.263158 25.000000
V 107.704800 219.715200 90.000000 25.000000
V 173.635200 150.883200 90.000000 25.000000
V 241.790400 146.426400 90.000000 25.000000
V 280.648800 12.499920 90.000000 25.000000
V 114.854400 304.171200 90.000000 25.000000
E 0 12
E 0 14
E 0 16
E 1 14
E 2 7
E 2 13
E 3 14
E 4 14
E 5 14
E 6 7
E 6 13
E 6 14
E 7 14
E 7 17
E 8 14
E 9 14
E 10 14
E 11 14
E 13 14
E 13 17
E 14 15
G Hs_22q11.2_copy_number_variation_syndrome_WP4657_20260209 29 33
V 527.040000 77.522400 90.000000 25.000000
V 134.964000 466.862400 90.000000 25.000000
V 515.599200 343.252800 90.000000 25.000000
V 492.400800 437.277600 90.000000 25.000000
V 563.968800 307.108800 90.000000 25.000000
V 668.052000 384.782400 90.000000 25.000000
V 416.620800 362.642400 90.000000 25.000000
V 501.098400 282.420000 90.000000 25.000000
V 453.484800 289.274400 90.000000 25.000000
V 679.737600 332.870400 112.252500 25.000000
V 515.260800 157.428000 90.000000 25.000000
V 514.936800 240.400800 90.000000 25.000000
V 503.359200 399.614400 90.000000 25.000000
V 596.988000 360.576000 90.000000 25.000000
V 607.096800 485.438400 90.000000 25.000000
V 499.694400 522.360000 90.000000 25.000000
V 480.016800 12.499920 128.000000 25.000000
V 45.000000 304.668000 90.000000 25.000000
V 84.103200 525.146400 90.000000 25.000000
V 176.054400 394.596000 90.000000 25.000000
V 454.802400 339.436800 90.000000 25.000000
V 113.270400 340.524000 90.000000 25.000000
V 255.801600 379.425600 90.000000 25.000000
V 556.272000 416.944800 90.000000 25.000000
V 609.717600 319.478400 90.000000 25.000000
V 668.412000 260.992800 90.000000 25.000000
V 587.160000 22.363200 126.000000 25.000000
V 520.430400 599.688000 102.200505 25.000000
V 334.008000 367.344000 90.000000 25.000000
E 0 10
E 0 16
E 0 26
E 1 18
E 1 19
E 2 3
E 2 4
E 2 6
E 2 7
E 2 8
E 2 11
E 2 12
E 2 13
E 2 20
E 2 23
E 2 24
E 3 15
E 4 13
E 5 13
E 5 24
E 6 28
E 9 13
E 9 24
E 10 11
E 12 23
E 13 24
E 14 23
E 15 27
E 17 21
E 19 21
E 19 22
E 22 28
E 24 25
G Hs_2q13_copy_number_variation_syndrome_WP5222_20260319 17 17
V 45.000000 234.806400 90.000000 25.000000
V 296.013600 12.499920 173.694808 25.000000
V 235.922400 64.107360 90.000000 25.000000
V 251.294400 301.190400 90.000000 25.000000
V 220.428000 237.247200 80.000000 20.000000
V 163.584000 283.017600 90.000000 25.000000
V 198.266400 327.016800 90.000000 25.000000
V 378.057600 314.863200 90.000000 25.000000
V 154.123200 190.555200 90.000000 25.000000
V 315.489600 90.043200 90.000000 25.000000
V 195.595200 172.620000 90.000000 25.000000
V 125.971200 238.946400 90.000000 25.000000
V 288.475200 216.331200 90.000000 25.000000
V 174.297600 404.100000 90.000000 25.000000
V 306.640800 276.112800 90.000000 25.000000
V 448.092000 343.368000 192.760706 25.000000
V 255.715200 147.283200 90.000000 25.000000
E 0 11
E 1 2
E 1 9
E 2 16
E 3 4
E 4 5
E 4 6
E 4 8
E 4 10
E 4 11
E 4 12
E 4 14
E 4 16
E 6 13
E 7 14
E 7 15
E 9 16
G Hs_2q37_copy_number_variation_syndrome_WP5224_20250910 15 14
V 64.000080 142.495200 127.653642 25.000000
V 255.902400 339.120000 90.000000 25.000000
V 161.496000 223.272000 90.000000 25.000000
V 104.724000 282.952800 90.000000 25.000000
V 226.634400 171.122400 113.426376 25.000000
V 145.764000 131.479200 197.277394 24.349398
V 240.516000 92.815200 90.000000 25.000000
V 270.388800 12.499920 90.000000 25.000000
V 102.427200 60.541200 80.000000 20.000000
V 397.137600 208.951200 90.000000 25.000000
V 273.888000 104.414400 90.000000 25.000000
V 232.675200 260.438400 90.000000 25.000000
V 320.630400 40.586400 90.000000 25.000000
V 272.304000 220.636800 80.000000 20.000000
V 319.039200 186.004800 90.000000 25.000000
E 0 5
E 1 11
E 2 3
E 2 4
E 4 5
E 4 6
E 4 10
E 4 11
E 4 13
E 4 14
E 5 8
E 6 12
E 7 10
E 9 14
G Hs_3q29_copy_number_variation_syndrome_WP4906_20250815 19 18
V 50.091120 275.385600 90.000000 25.000000
V 293.198400 198.928800 90.000000 25.000000
V 282.060000 83.599200 90.000000 25.000000
V 254.959200 405.496800 184.705882 25.000000
V 210.333600 238.406400 80.000000 20.000000
V 131.817600 255.391200 90.000000 25.000000
V 45.000000 223.070400 90.000000 25.000000
V 172.209600 156.506400 90.000000 25.000000
V 135.871200 80.157600 90.000000 25.000000
V 232.473600 323.301600 104.873950 25.000000
V 132.242400 225.770400 90.000000 25.000000
V 98.287200 12.499920 90.000000 25.000000
V 363.744000 323.798400 90.000000 25.000000
V 267.112800 241.185600 90.000000 25.000000
V 288.547200 287.208000 90.000000 25.000000
V 372.902400 172.360800 90.000000 25.000000
V 171.792000 316.612800 90.000000 25.000000
V 240.948000 158.464800 90.000000 25.000000
V 132.091200 392.356800 90.000000 25.000000
E 0 10
E 1 4
E 1 15
E 2 17
E 3 9
E 4 5
E 4 7
E 4 9
E 4 10
E 4 13
E 4 14
E 4 16
E 4 17
E 5 6
E 7 8
E 8 11
E 12 14
E 16 18
G Hs_5q35_copy_number_variation_WP5380_20250913 18 17
V 153.252000 231.148800 90.000000 25.000000
V 491.227200 207.489600 90.000000 25.000000
V 403.740000 189.316800 90.000000 25.000000
V 281.160000 244.036800 90.000000 25.000000
V 228.873600 194.716800 90.000000 25.000000
V 240.271200 35.342640 199.255949 25.000000
V 315.727200 177.523200 90.000000 25.000000
V 571.716000 189.216000 180.250784 25.000000
V 494.316000 126.871200 90.000000 25.000000
V 320.472000 12.499920 182.637028 25.000000
V 544.694400 138.650400 90.000000 25.000000
V 471.715200 286.804800 90.000000 25.000000
V 563.176800 247.960800 90.000000 25.000000
V 326.080800 258.400800 90.000000 25.000000
V 523.044000 288.792000 188.133462 25.000000
V 81.496800 195.580800 162.526966 25.000000
V 298.872000 91.576800 90.000000 25.000000
V 114.732000 303.084000 90.000000 25.000000
E 0 4
E 0 15
E 0 17
E 1 2
E 1 7
E 1 8
E 1 10
E 1 11
E 1 12
E 1 14
E 2 6
E 3 6
E 4 6
E 5 16
E 6 13
E 6 16
E 9 16
G Hs_ACE2_inhibition_leads_to_pulmonary_fibrosis_WP5035_20240723 19 19
V 303.400800 530.488800 125.000000 25.000000
V 308.390400 101.959200 148.000000 25.000000
V 226.339200 88.365600 423.806334 25.000000
V 205.365600 136.404000 321.000000 25.000000
V 451.180800 381.297600 342.000000 25.000000
V 367.891200 387.806400 205.000000 25.000000
V 251.913600 178.754400 186.000000 25.000000
V 309.312000 160.934400 256.000000 25.000000
V 241.898400 362.577600 278.000000 25.000000
V 204.912000 12.499920 390.328806 25.000000
V 467.978400 585.619200 175.248506 25.000000
V 312.753600 236.088000 398.294762 25.000000
V 314.373600 321.444000 256.000000 25.000000
V 419.846400 527.774400 221.613886 25.000000
V 361.641600 472.096800 154.000000 25.000000
V 396.352800 223.243200 280.000000 25.000000
V 383.832000 106.747200 129.490741 25.000000
V 120.117600 116.452800 120.231481 25.000000
V 171.000000 216.424800 342.000000 25.000000
E 0 14
E 1 6
E 2 3
E 2 6
E 2 9
E 3 7
E 3 17
E 4 5
E 5 12
E 5 14
E 6 11
E 6 18
E 7 11
E 7 16
E 8 12
E 10 13
E 11 12
E 11 15
E 13 14
G Hs_ACE_inhibitor_pathway_WP554_20250710 33 34
V 30.000240 73.584000 60.000000 20.000000
V 544.507200 483.235200 60.000000 20.000000
V 303.213600 481.399200 54.000000 20.000000
V 66.739680 206.740800 57.000000 20.000000
V 550.152000 623.584800 37.000000 20.000000
V 512.294400 548.316000 60.000000 20.000000
V 538.020000 853.632000 70.000000 20.000000
V 822.096000 137.599200 59.000000 20.000000
V 139.996800 165.996000 80.000000 20.000000
V 556.675200 354.974400 50.000000 20.000000
V 473.371200 462.578400 80.000000 20.000000
V 211.881600 201.981600 50.000000 20.000000
V 319.932000 387.108000 50.000000 20.000000
V 632.584800 638.553600 32.000000 20.000000
V 493.387200 368.352000 80.000000 20.000000
V 276.501600 246.477600 50.000000 20.000000
V 335.383200 302.443200 91.000000 20.000000
V 534.448800 779.472000 113.750000 20.000000
V 566.640000 397.828800 50.000000 20.000000
V 379.713600 451.972800 51.000000 20.000000
V 117.547200 10.000080 70.000000 20.000000
V 442.173600 524.484000 50.000000 20.000000
V 633.794400 260.604000 50.000000 20.000000
V 532.339200 703.072800 62.000000 20.000000
V 335.390400 522.352800 52.000000 20.000000
V 493.488000 294.609600 50.000000 20.000000
V 564.242400 302.781600 50.000000 20.000000
V 534.441600 926.928000 55.000000 20.000000
V 699.451200 221.299200 64.000000 20.000000
V 420.220800 309.996000 50.000000 20.000000
V 109.540800 89.359200 60.000000 20.000000
V 429.861600 395.222400 51.000000 20.000000
V 761.976000 180.324000 37.000000 20.000000
E 0 30
E 1 10
E 2 19
E 3 8
E 4 5
E 4 13
E 4 23
E 5 10
E 6 17
E 6 27
E 7 32
E 8 11
E 8 30
E 9 14
E 10 14
E 10 19
E 10 21
E 11 15
E 12 16
E 12 19
E 14 18
E 14 25
E 14 26
E 14 29
E 14 31
E 15 16
E 16 29
E 17 23
E 19 24
E 19 31
E 20 30
E 22 26
E 22 28
E 28 32
G Hs_ALA_oxylipin_metabolism_WP5136_20251030 17 18
V 236.210400 214.444800 120.000000 25.000000
V 306.194400 89.006400 120.000000 25.000000
V 302.551200 186.228000 95.809524 29.444444
V 376.934400 161.935200 120.000000 25.000000
V 428.882400 304.092000 120.000000 25.000000
V 290.678400 141.516000 90.000000 25.000000
V 109.231200 26.193600 120.000000 25.000000
V 374.990400 243.252000 120.000000 25.000000
V 183.736800 285.170400 120.000000 25.000000
V 138.556800 102.787200 120.000000 25.000000
V 334.360800 12.499920 120.000000 25.000000
V 59.999760 124.624800 120.000000 25.000000
V 320.054400 264.607200 90.000000 25.000000
V 214.423200 141.451200 120.000000 25.000000
V 270.748800 263.318400 124.081633 25.000000
V 353.066400 126.216000 90.000000 25.000000
V 455.817600 130.953600 120.000000 25.000000
E 0 2
E 0 5
E 0 8
E 1 2
E 1 5
E 1 10
E 2 3
E 2 7
E 2 12
E 2 13
E 2 14
E 2 15
E 3 5
E 3 16
E 4 7
E 6 9
E 9 11
E 9 13
G Hs_Acetylcholine_synthesis_WP528_20250530 17 21
V 181.476000 380.124000 60.000000 20.000000
V 290.268000 76.161600 60.000000 20.000000
V 45.000000 12.499920 90.000000 25.000000
V 300.895200 377.416800 170.000000 20.000000
V 382.053600 383.551200 157.000000 20.000000
V 240.710400 319.089600 110.000000 20.000000
V 236.109600 143.114400 85.000000 20.000000
V 287.784000 176.522400 64.333333 20.000000
V 326.037600 252.900000 140.000000 20.000000
V 391.593600 301.687200 125.000000 20.000000
V 96.436800 66.458880 70.000000 20.000000
V 160.999200 111.967200 80.000000 20.000000
V 431.949600 441.914400 60.000000 20.000000
V 222.919200 73.490400 62.333333 20.000000
V 166.485600 268.912800 60.000000 20.000000
V 165.492000 191.937600 60.000000 20.000000
V 240.350400 231.760800 64.333333 20.000000
E 0 5
E 1 6
E 1 13
E 2 10
E 3 4
E 3 5
E 4 9
E 4 12
E 5 16
E 6 7
E 6 11
E 6 13
E 6 16
E 7 16
E 8 9
E 8 16
E 10 11
E 11 13
E 11 15
E 14 16
E 15 16
G Hs_Aerobic_glycolysis_-_augmented_WP4628_20250923 36 38
V 406.569600 29.026080 60.000000 20.000000
V 236.289600 313.977600 100.000000 20.000000
V 448.437600 244.440000 60.000000 20.000000
V 606.650400 293.961600 175.000000 29.293000
V 305.928000 79.329600 63.333333 20.000000
V 29.499840 262.324800 59.282219 20.000000
V 255.729600 173.102400 100.000000 20.000000
V 505.620000 102.355200 60.000000 20.000000
V 39.018240 168.746400 60.000000 20.000000
V 552.708000 83.023200 60.000000 20.000000
V 210.499200 96.026400 60.000000 20.000000
V 194.608800 236.361600 100.000000 20.000000
V 148.248000 177.552000 60.000000 20.000000
V 348.552000 503.215200 60.000000 20.000000
V 417.672000 188.690400 100.000000 20.000000
V 751.608000 191.584800 60.000000 20.000000
V 562.413600 136.519200 64.784641 20.000000
V 275.400000 498.794400 100.000000 20.000000
V 141.688800 286.934400 60.000000 20.000000
V 735.552000 298.663200 100.000000 20.000000
V 181.612800 376.704000 60.000000 20.000000
V 339.624000 156.362400 100.000000 20.000000
V 328.723200 429.127200 100.000000 20.000000
V 511.812000 173.340000 100.000000 20.000000
V 255.643200 577.389600 100.000000 20.000000
V 680.032800 238.975200 100.000000 20.000000
V 587.001600 8.500320 30.873793 17.243484
V 355.291200 27.344160 150.000000 30.023434
V 654.012000 159.400800 150.000000 29.292929
V 397.663200 475.228800 60.000000 20.000000
V 102.110400 224.546400 59.282219 20.000000
V 387.540000 111.528000 100.000000 20.000000
V 320.796000 339.948000 100.000000 20.000000
V 803.592000 333.813600 60.000000 20.000000
V 594.770400 217.152000 100.000000 20.000000
V 381.225600 274.845600 60.000000 20.000000
E 0 31
E 1 11
E 1 20
E 1 32
E 2 14
E 3 34
E 4 21
E 5 30
E 6 10
E 6 11
E 6 21
E 7 23
E 8 30
E 9 16
E 9 23
E 9 26
E 11 12
E 11 18
E 11 30
E 13 22
E 14 21
E 14 23
E 14 31
E 14 35
E 15 25
E 16 23
E 17 22
E 17 24
E 19 25
E 19 33
E 21 31
E 22 29
E 22 32
E 23 34
E 25 34
E 27 31
E 28 34
E 32 35
G Hs_Aflatoxin_B1_metabolism_WP699_20260531 19 19
V 121.478400 135.288000 180.000000 20.000000
V 598.708800 154.958400 180.000000 20.000000
V 436.348800 65.880720 200.000000 20.000000
V 384.919200 221.738400 80.000000 20.000000
V 585.208800 206.143200 80.000000 20.000000
V 90.000000 59.544720 180.000000 20.000000
V 348.739200 126.396000 165.000000 20.000000
V 269.841600 106.437600 140.000000 20.000000
V 524.966400 101.995200 80.000000 20.000000
V 516.765600 179.488800 80.000000 20.000000
V 429.019200 150.897600 170.000000 20.000000
V 544.420800 270.921600 80.000000 20.000000
V 199.764000 153.252000 180.000000 20.000000
V 616.082400 312.739200 125.000000 20.000000
V 525.924000 352.137600 80.000000 20.000000
V 155.592000 10.000080 180.000000 20.000000
V 572.680800 109.987200 80.000000 20.000000
V 479.937600 241.473600 80.000000 20.000000
V 233.395200 30.927600 180.000000 20.000000
E 0 5
E 0 12
E 1 9
E 2 10
E 3 10
E 4 9
E 5 15
E 6 7
E 6 10
E 7 12
E 7 18
E 8 9
E 9 10
E 9 11
E 9 16
E 9 17
E 11 13
E 11 14
E 15 18
G Hs_Age-related_macular_degeneration_WP5526_20251030 15 20
V 161.258400 223.948800 80.000000 20.000000
V 479.275200 128.721600 60.000000 20.000000
V 308.628000 17.773200 60.000000 25.000000
V 113.716800 151.848000 60.000000 20.000000
V 106.963200 207.914400 110.000000 50.000000
V 217.656000 243.381600 60.000000 20.000000
V 132.645600 91.598400 90.000000 40.000000
V 480.873600 20.000160 90.000000 40.000000
V 184.478400 160.689600 60.000000 25.000000
V 378.964800 14.939280 70.000000 20.000000
V 255.297600 118.432800 40.000000 25.000000
V 40.000320 177.264000 80.000000 20.000000
V 419.191200 73.044000 60.000000 20.000000
V 329.097600 73.915200 60.000000 25.000000
V 353.138400 116.215200 90.000000 25.000000
E 0 3
E 0 5
E 0 8
E 1 12
E 2 13
E 2 14
E 3 6
E 3 8
E 3 11
E 4 8
E 4 11
E 5 8
E 6 8
E 7 12
E 8 10
E 9 12
E 9 13
E 10 13
E 12 13
E 13 14
G Hs_Airway_smooth_muscle_cell_contraction_WP4962_20250714 22 21
V 532.310400 313.524000 58.000000 23.500000
V 1303.272000 229.492800 90.000000 25.000000
V 392.126400 354.549600 58.000000 23.500000
V 600.134400 284.536800 58.000000 23.500000
V 111.470400 425.246400 61.000000 25.000000
V 734.760000 216.302400 54.000000 25.000000
V 1246.032000 284.536800 90.000000 25.000000
V 320.587200 367.639200 58.000000 23.500000
V 462.981600 337.219200 90.000000 25.000000
V 249.588000 382.406400 58.000000 29.500000
V 803.736000 173.296800 58.000000 25.000000
V 798.696000 90.122400 59.000000 25.000000
V 1288.152000 351.763200 90.000000 25.000000
V 878.040000 206.906400 56.000000 25.000000
V 667.346400 252.180000 90.000000 25.000000
V 1095.192000 267.400800 73.000000 25.000000
V 795.384000 12.499920 52.000000 25.000000
V 950.256000 232.516800 50.000000 24.000000
V 45.000000 453.492000 90.000000 25.000000
V 179.654400 401.104800 90.000000 25.000000
V 1022.328000 252.914400 77.000000 25.500000
V 1169.280000 276.076800 73.000000 25.000000
E 0 3
E 0 8
E 1 6
E 2 7
E 2 8
E 3 14
E 4 18
E 4 19
E 5 10
E 5 14
E 6 12
E 6 21
E 7 9
E 9 19
E 10 11
E 10 13
E 11 16
E 13 17
E 15 20
E 15 21
E 17 20
G Hs_Alpha_6_beta_4_signaling_WP244_20251030 16 17
V 114.271200 164.815200 54.000000 20.000000
V 104.781600 391.312800 60.445800 20.000000
V 148.622400 247.082400 42.000000 20.000000
V 438.048000 346.471200 53.500000 20.000000
V 160.408800 88.545600 50.000000 20.000000
V 21.000240 353.800800 42.000000 20.000000
V 68.207040 236.642400 50.000000 20.000000
V 305.784000 278.740800 42.000000 20.000000
V 43.909200 116.049600 42.000000 20.000000
V 231.631200 251.956800 42.000000 20.000000
V 94.053600 90.424800 42.000000 20.000000
V 28.478160 167.709600 42.000000 20.000000
V 199.130400 178.236000 42.000000 20.000000
V 93.052800 312.530400 42.000000 20.000000
V 375.955200 306.324000 42.000000 20.000000
V 178.783200 10.000080 50.000000 20.000000
E 0 2
E 0 4
E 0 6
E 0 8
E 0 10
E 0 11
E 0 12
E 1 13
E 2 9
E 2 13
E 3 14
E 4 15
E 5 13
E 6 13
E 7 9
E 7 14
E 9 12
G Hs_Alstrom_syndrome_WP5202_20251108 17 16
V 133.020000 166.514400 60.000000 25.000000
V 178.192800 89.510400 60.000000 25.000000
V 30.000240 185.083200 60.000000 25.000000
V 180.568800 249.112800 60.000000 25.000000
V 286.812000 333.417600 60.000000 25.000000
V 109.216800 225.957600 60.000000 25.000000
V 144.396000 124.185600 70.000000 25.000000
V 286.668000 189.648000 60.000000 25.000000
V 236.887200 268.221600 60.000000 25.000000
V 250.063200 104.522400 60.000000 25.000000
V 146.966400 12.499920 60.000000 25.000000
V 36.809280 260.193600 60.000000 25.000000
V 93.189600 311.443200 60.000000 25.000000
V 257.364000 224.294400 70.000000 25.000000
V 198.439200 180.144000 60.000000 25.000000
V 310.586400 48.358080 60.000000 25.000000
V 264.686400 149.608800 60.000000 25.000000
E 0 14
E 1 10
E 1 14
E 2 5
E 3 14
E 4 8
E 5 11
E 5 12
E 5 14
E 6 14
E 7 14
E 8 14
E 9 14
E 9 15
E 13 14
E 14 16
G Hs_Amino_acid_metabolism_in_triple-negative_breast_cancer_cells_WP5213_20260707 35 36
V 194.428800 365.529600 90.000000 25.000000
V 426.542400 173.275200 90.000000 25.000000
V 662.788800 339.890400 90.000000 25.000000
V 679.384800 459.561600 90.000000 25.000000
V 588.312000 474.098400 90.000000 25.000000
V 254.577600 12.499920 136.510474 25.000000
V 279.813600 344.174400 136.510474 30.140573
V 919.728000 433.173600 90.000000 25.000000
V 344.052000 138.823200 90.000000 25.000000
V 799.128000 345.844800 90.000000 25.000000
V 675.900000 598.564800 90.000000 25.000000
V 451.454400 566.136000 90.000000 25.000000
V 514.000800 411.739200 90.000000 25.000000
V 117.784800 387.302400 90.000000 25.000000
V 619.365600 411.350400 90.000000 25.000000
V 541.540800 340.632000 107.705882 25.000000
V 389.887200 66.696480 90.000000 25.000000
V 45.000000 407.592000 90.000000 25.000000
V 436.240800 367.560000 90.000000 25.000000
V 287.553600 82.000800 90.000000 25.000000
V 626.558400 646.624800 122.583333 25.000000
V 569.325600 738.072000 90.000000 25.000000
V 621.928800 726.984000 90.000000 25.000000
V 760.320000 418.356000 80.592664 25.000000
V 252.180000 415.116000 90.000000 25.000000
V 365.119200 313.876800 159.663727 31.243109
V 368.150400 222.904800 112.633007 25.000000
V 228.895200 287.848800 90.000000 25.000000
V 513.972000 510.940800 88.864756 25.000000
V 842.544000 436.701600 90.000000 25.000000
V 598.413600 573.465600 95.091249 25.000000
V 738.504000 507.700800 90.000000 25.000000
V 531.388800 721.224000 90.000000 25.000000
V 566.136000 511.646400 90.000000 25.000000
V 552.175200 650.088000 95.091249 25.000000
E 0 6
E 0 13
E 1 26
E 2 14
E 3 4
E 3 23
E 3 31
E 4 12
E 4 14
E 4 28
E 4 30
E 4 33
E 5 19
E 6 24
E 6 25
E 6 27
E 7 29
E 8 16
E 8 19
E 8 26
E 9 23
E 10 30
E 11 28
E 12 15
E 12 18
E 13 17
E 18 25
E 20 22
E 20 30
E 21 22
E 21 34
E 22 32
E 23 29
E 25 26
E 30 34
E 32 34
G Hs_Amino_acid_metabolism_pathway_excerpt:_histidine_catabolism_extension_WP4661_20251030 23 23
V 40.000320 78.069600 80.000000 20.000000
V 707.040000 198.684000 80.000000 20.000000
V 482.032800 248.788800 80.000000 20.000000
V 333.100800 288.273600 60.000000 20.000000
V 191.570400 94.413600 89.666667 20.000000
V 267.494400 231.926400 80.000000 20.000000
V 400.874400 110.671200 60.000000 20.000000
V 421.696800 183.312000 80.000000 20.000000
V 154.764000 26.017920 80.000000 27.333333
V 444.096000 103.507200 62.831748 22.402869
V 575.575200 114.069600 80.000000 20.000000
V 48.178080 177.566400 60.000000 30.466693
V 540.108000 308.282400 80.000000 20.000000
V 330.177600 202.240800 72.666667 20.000000
V 420.429600 255.276000 80.000000 20.000000
V 212.896800 10.000080 80.000000 20.000000
V 499.305600 145.900800 80.000000 20.000000
V 263.635200 140.356800 80.000000 20.000000
V 286.084800 282.168000 60.000000 20.000000
V 692.359200 279.079200 80.000000 20.000000
V 108.252000 122.479200 80.000000 20.000000
V 620.395200 319.752000 80.000000 20.000000
V 654.364800 134.762400 80.000000 20.000000
E 0 20
E 1 19
E 1 22
E 2 7
E 2 12
E 3 13
E 4 8
E 4 15
E 4 17
E 4 20
E 5 13
E 6 7
E 7 9
E 7 13
E 7 14
E 7 16
E 10 16
E 10 22
E 11 20
E 12 21
E 13 17
E 13 18
E 19 21
G Hs_Amyotrophic_lateral_sclerosis_(ALS)_WP2447_20250715 30 32
V 291.456000 787.824000 40.000000 20.000000
V 445.492800 635.551200 62.323741 20.000000
V 487.756800 10.000080 59.767507 20.000000
V 94.399200 754.272000 33.000000 20.000000
V 489.290400 406.324800 43.207935 20.000000
V 360.302400 455.918400 65.333333 20.000000
V 329.097600 711.691200 115.000000 25.285714
V 487.555200 299.570400 83.000000 20.000000
V 138.916800 526.334400 66.666667 20.000000
V 221.774400 561.146400 64.000000 20.000000
V 172.382400 725.472000 44.333333 20.000000
V 282.888000 610.480800 36.980392 20.000000
V 445.500000 227.678400 46.000000 20.000000
V 413.308800 713.764800 80.000000 22.000000
V 231.501600 841.896000 42.000000 20.000000
V 476.841600 157.104000 87.598007 25.285714
V 362.174400 643.305600 45.000000 20.000000
V 126.734400 559.224000 60.666667 20.000000
V 371.973600 777.888000 29.000000 20.000000
V 204.436800 591.012000 63.000000 20.000000
V 22.500000 783.792000 45.000000 20.000000
V 322.408800 275.119200 97.000000 20.000000
V 324.352800 530.762400 56.666667 20.633837
V 288.684000 868.392000 39.000000 19.000000
V 256.089600 701.380800 40.000000 20.000000
V 354.693600 236.419200 47.042847 20.000000
V 351.028800 853.200000 35.990408 20.000000
V 403.545600 299.584800 97.000000 20.000000
V 486.849600 83.383200 62.323741 20.000000
V 405.244800 386.143200 41.380952 29.285714
E 0 14
E 0 18
E 0 23
E 0 24
E 0 26
E 1 16
E 2 28
E 3 10
E 3 20
E 4 29
E 5 22
E 5 29
E 6 16
E 6 18
E 6 24
E 7 27
E 8 19
E 9 11
E 9 17
E 10 24
E 11 16
E 11 19
E 11 22
E 11 24
E 12 15
E 12 27
E 13 16
E 13 18
E 15 28
E 21 27
E 25 27
E 27 29
G Hs_Angiogenesis_overview_WP1993_20250910 38 42
V 510.580800 180.900000 63.206325 32.818669
V 521.467200 459.928800 83.710689 40.349382
V 690.552000 20.782080 36.000000 36.500000
V 458.323200 481.608000 42.997500 32.445000
V 664.034400 98.856000 38.300000 29.900000
V 357.487200 123.998400 61.990819 18.232594
V 134.157600 215.755200 110.666667 36.500000
V 410.731200 210.837600 51.153333 45.333333
V 428.277600 309.232800 45.202500 23.152500
V 311.601600 45.807840 60.059806 18.232594
V 647.575200 181.238400 55.827625 22.541333
V 346.320000 342.432000 45.702500 20.947500
V 458.726400 397.929600 60.697506 39.389813
V 406.166400 18.000000 96.500000 36.500000
V 520.452000 303.494400 34.057500 20.470000
V 823.320000 91.310400 85.833333 36.500000
V 587.448000 359.834400 41.450000 26.750000
V 577.540800 228.484800 44.600000 35.150000
V 330.746400 219.981600 81.682020 38.288447
V 430.610400 158.436000 44.258225 38.180694
V 243.424800 482.162400 62.450000 25.700000
V 114.300000 339.897600 60.500000 29.833333
V 216.417600 557.028000 46.446136 38.788447
V 258.372000 395.776800 65.590360 33.683321
V 210.909600 429.084000 28.078194 22.973068
V 119.966400 273.405600 107.615862 28.142803
V 584.791200 59.796720 76.500000 39.500000
V 497.188800 80.229600 110.313394 49.612500
V 36.000000 359.899200 72.500000 39.166667
V 61.803360 174.333600 97.833333 35.166667
V 747.648000 105.048000 84.500000 49.500000
V 259.228800 286.092000 99.903010 30.152154
V 412.200000 109.684800 84.500000 49.500000
V 344.620800 189.360000 63.814078 15.315379
V 251.899200 349.884000 39.350000 25.700000
V 569.368800 274.089600 25.700000 30.950000
V 186.753600 290.361600 32.461991 99.841324
V 486.360000 229.543200 52.093125 28.283000
E 0 17
E 0 19
E 0 37
E 1 12
E 2 4
E 3 12
E 4 10
E 4 26
E 4 30
E 5 7
E 5 9
E 5 32
E 6 29
E 6 36
E 7 8
E 7 32
E 7 33
E 7 37
E 8 11
E 8 12
E 8 14
E 10 17
E 11 34
E 13 32
E 14 16
E 14 17
E 15 30
E 18 19
E 18 31
E 19 27
E 20 22
E 20 23
E 20 24
E 21 28
E 21 36
E 23 31
E 24 34
E 25 36
E 26 27
E 31 36
E 34 36
E 35 37
G Hs_Angiopoietin-like_protein_8_regulatory_pathway_WP3915_20251030 19 19
V 244.137600 461.260800 90.000000 25.000000
V 316.317600 225.151200 90.000000 25.000000
V 302.529600 12.499920 90.000000 25.000000
V 209.865600 384.631200 90.000000 25.000000
V 286.920000 261.216000 140.000000 58.500000
V 346.665600 83.786400 90.000000 25.000000
V 174.276000 180.180000 90.000000 25.000000
V 218.052000 129.002400 90.000000 25.000000
V 141.098400 214.696800 90.000000 25.000000
V 422.589600 61.007040 90.000000 25.000000
V 191.520000 525.139200 90.000000 25.000000
V 62.500320 186.681600 125.000000 35.000000
V 234.036000 212.673600 90.000000 25.000000
V 219.391200 301.428000 90.000000 25.000000
V 308.167200 510.609600 90.000000 25.000000
V 301.802400 154.418400 90.000000 25.000000
V 352.742400 572.241600 90.000000 25.000000
V 229.903200 48.013920 90.000000 25.000000
V 128.808000 408.909600 90.000000 25.000000
E 0 3
E 0 10
E 0 14
E 1 12
E 2 5
E 2 17
E 3 13
E 3 18
E 4 12
E 5 9
E 5 15
E 6 12
E 7 12
E 7 17
E 8 11
E 8 12
E 12 13
E 12 15
E 14 16
G Hs_Angiotensin_II_receptor_type_1_pathway_WP5036_20250705 15 14
V 269.467200 585.208800 90.000000 25.000000
V 113.198400 130.500000 60.000000 24.370968
V 30.000240 12.499920 60.000000 25.000000
V 293.220000 511.171200 104.000000 25.000000
V 394.192800 485.776800 60.000000 25.000000
V 154.670400 190.591200 60.000000 24.370968
V 200.217600 248.320800 60.000000 24.370968
V 284.306400 373.795200 60.000000 25.000000
V 231.804000 728.352000 100.000000 25.000000
V 240.616800 310.917600 60.000000 25.000000
V 414.180000 403.423200 60.000000 25.000000
V 64.123920 76.622400 60.000000 25.000000
V 492.055200 392.515200 150.000000 50.000000
V 254.397600 658.526400 100.000000 25.000000
V 335.440800 437.551200 60.000000 25.000000
E 0 3
E 0 13
E 1 5
E 1 11
E 2 11
E 3 14
E 4 14
E 5 6
E 6 9
E 7 9
E 7 14
E 8 13
E 10 12
E 10 14
G Hs_Apoptosis_WP254_20251031 15 16
V 30.000240 10.000080 60.000000 20.000000
V 170.164800 246.405600 60.000000 20.000000
V 84.780000 62.421120 60.000000 20.000000
V 138.794400 318.484800 60.000000 20.000000
V 102.441600 196.984800 60.000000 20.000000
V 276.400800 217.440000 60.000000 20.000000
V 210.873600 91.447200 60.000000 20.000000
V 215.582400 167.119200 60.000000 20.000000
V 279.676800 104.400000 60.000000 20.000000
V 218.606400 319.824000 66.666667 20.000000
V 136.620000 126.489600 60.000000 20.000000
V 90.079200 277.516800 60.000000 20.000000
V 344.181600 57.654000 60.000000 20.000000
V 296.719200 171.986400 60.000000 20.000000
V 247.348800 393.667200 60.000000 20.000000
E 0 2
E 1 3
E 1 4
E 1 7
E 1 9
E 1 11
E 2 10
E 4 10
E 5 7
E 5 13
E 6 7
E 7 8
E 7 10
E 7 13
E 8 12
E 9 14
G Hs_Apoptosis_modulation_and_signaling_WP1772_20250714 24 25
V 259.855200 473.032800 57.000000 29.666667
V 308.894400 542.829600 70.000000 50.000000
V 275.119200 107.416800 70.000000 50.000000
V 20.000160 10.000080 40.000000 20.000000
V 657.986400 322.329600 60.000000 20.000000
V 206.028000 142.545600 40.000000 20.000000
V 506.412000 44.019360 70.000000 50.000000
V 324.453600 112.226400 40.000000 50.000000
V 84.988800 45.034560 40.000000 20.000000
V 437.630400 273.528000 60.000000 20.000000
V 408.592800 179.222400 40.000000 50.000000
V 175.996800 489.405600 70.000000 50.000000
V 520.941600 258.796800 46.666667 20.000000
V 582.372000 308.707200 40.000000 20.000000
V 503.438400 324.410400 46.666667 20.000000
V 461.001600 109.764000 52.666667 32.666667
V 285.976800 183.585600 53.333333 20.000000
V 229.867200 545.853600 70.000000 50.000000
V 319.147200 328.327200 53.333333 20.000000
V 220.802400 220.759200 70.000000 50.000000
V 261.813600 389.995200 70.000000 50.000000
V 143.589600 92.635200 53.333333 20.000000
V 354.484800 245.484000 60.000000 20.000000
V 316.692000 412.027200 70.000000 50.000000
E 0 1
E 0 11
E 0 17
E 0 20
E 0 23
E 2 16
E 3 8
E 4 13
E 5 16
E 5 21
E 6 15
E 7 16
E 8 21
E 9 12
E 9 14
E 9 22
E 10 15
E 10 22
E 12 13
E 13 14
E 16 19
E 16 22
E 18 20
E 18 22
E 18 23
G Hs_Arsenic_metabolism_and_reactive_oxygen_species_generation_WP5233_20250709 23 22
V 120.132000 188.683200 82.347431 39.316239
V 76.399200 119.001600 143.879383 45.142857
V 270.496800 186.141600 73.500000 45.142857
V 171.511200 398.944800 73.500000 45.142857
V 497.138400 304.164000 99.500000 45.142857
V 189.316800 238.219200 74.000000 45.142857
V 202.291200 33.668640 73.500000 45.142857
V 493.156800 101.556000 143.879383 45.142857
V 90.756000 386.424000 74.000000 45.142857
V 363.607200 196.315200 73.500000 45.142857
V 274.888800 22.500000 73.500000 45.142857
V 429.552000 257.565600 72.500000 45.142857
V 243.748800 276.537600 82.987179 51.782051
V 212.500800 308.008800 82.987179 51.782051
V 439.279200 340.084800 73.500000 45.142857
V 509.169600 234.295200 73.500000 45.142857
V 433.605600 44.774640 73.500000 45.142857
V 137.959200 318.240000 74.000000 45.142857
V 41.500080 446.414400 82.987179 51.782051
V 37.184400 183.225600 73.500000 45.142857
V 252.252000 100.893600 82.347431 39.316239
V 57.795840 308.469600 73.500000 45.142857
V 414.885600 125.546400 82.347431 39.316239
E 0 1
E 0 5
E 0 19
E 2 5
E 2 9
E 2 20
E 3 17
E 4 11
E 5 12
E 5 13
E 5 17
E 6 20
E 7 22
E 8 17
E 8 18
E 9 11
E 9 22
E 10 20
E 11 14
E 11 15
E 16 22
E 17 21
G Hs_Aspirin_and_miRNAs_WP4707_20260208 23 26
V 129.261600 209.995200 102.726345 25.000000
V 305.143200 140.263200 90.000000 25.000000
V 239.140800 42.050880 90.000000 25.000000
V 178.228800 112.420800 90.000000 25.000000
V 101.966400 81.540000 90.000000 25.000000
V 207.792000 99.115200 102.726345 25.000000
V 148.032000 152.560800 90.000000 25.000000
V 350.913600 180.201600 90.000000 25.000000
V 296.143200 219.744000 90.000000 25.000000
V 170.287200 12.499920 90.000000 25.000000
V 45.000000 184.579200 90.000000 25.000000
V 138.261600 339.955200 90.000000 25.000000
V 376.804800 267.825600 90.000000 25.000000
V 214.480800 361.785600 90.000000 25.000000
V 196.704000 278.510400 90.000000 25.000000
V 333.741600 63.427680 90.000000 25.000000
V 393.609600 119.044800 90.000000 25.000000
V 324.864000 321.192000 90.000000 25.000000
V 274.780800 120.708000 90.000000 25.000000
V 62.897760 261.921600 90.000000 25.000000
V 280.533600 244.656000 90.000000 25.000000
V 197.164800 232.941600 90.000000 25.000000
V 221.968800 183.333600 109.676617 25.000000
E 0 10
E 0 19
E 0 22
E 1 15
E 1 16
E 1 22
E 2 3
E 2 18
E 3 4
E 3 22
E 4 6
E 5 9
E 5 22
E 6 22
E 7 18
E 7 20
E 8 12
E 8 22
E 11 14
E 13 14
E 14 22
E 15 18
E 17 20
E 18 22
E 20 22
E 21 22
G Hs_Autophagy_in_pancreatic_ductal_adenocarcinoma_WP5331_20251031 19 22
V 182.923200 55.810080 69.892202 25.363316
V 61.811280 220.276800 69.892202 25.363316
V 228.117600 25.606080 69.892202 25.363316
V 109.346400 281.088000 69.892202 25.363316
V 408.708000 131.306400 69.892202 25.363316
V 444.938400 12.499920 69.892202 25.363316
V 247.744800 109.483200 138.642202 26.408877
V 161.157600 333.424800 80.000000 25.363316
V 196.250400 178.545600 69.892202 25.363316
V 190.144800 625.903200 69.892202 25.363316
V 127.267200 486.237600 69.892202 25.363316
V 111.664800 158.961600 69.892202 25.363316
V 333.691200 123.710400 69.892202 25.363316
V 184.766400 260.416800 69.892202 25.363316
V 151.956000 410.774400 69.892202 25.363316
V 308.556000 59.153040 69.892202 25.363316
V 386.611200 63.941040 69.892202 25.363316
V 170.215200 553.608000 101.000000 32.000000
V 50.500080 515.059200 101.500000 29.583333
E 0 6
E 1 3
E 1 11
E 2 6
E 3 7
E 3 13
E 4 12
E 4 16
E 5 16
E 6 8
E 6 12
E 6 15
E 7 13
E 7 14
E 8 11
E 8 13
E 9 17
E 10 14
E 10 17
E 10 18
E 12 16
E 15 16
G Hs_Axon_guidance_WP5289_20250728 28 27
V 270.180000 252.921600 100.000000 25.000000
V 288.986400 351.165600 215.916667 25.000000
V 225.784800 409.989600 50.000000 20.000000
V 378.676800 330.444000 50.000000 20.000000
V 218.030400 345.427200 50.000000 20.000000
V 275.500800 10.000080 50.000000 20.000000
V 49.376880 138.844800 50.000000 20.000000
V 268.934400 87.501600 50.000000 20.000000
V 265.852800 170.575200 50.000000 20.000000
V 395.366400 139.413600 50.000000 20.000000
V 115.617600 180.057600 50.000000 20.000000
V 188.215200 221.054400 50.000000 20.000000
V 535.701600 570.952800 60.000000 20.000000
V 413.208000 471.225600 50.000000 20.000000
V 476.683200 521.272800 60.000000 20.000000
V 338.112000 201.103200 50.000000 20.000000
V 663.242400 647.532000 50.000000 20.000000
V 597.139200 614.239200 50.000000 20.000000
V 336.938400 430.610400 50.000000 20.000000
V 311.630400 509.212800 50.000000 20.000000
V 292.996800 587.649600 50.000000 20.000000
V 134.769600 348.868800 60.000000 20.000000
V 329.594400 325.598400 50.000000 20.000000
V 24.999840 551.116800 50.000000 20.000000
V 84.160800 502.077600 50.000000 20.000000
V 533.102400 269.668800 50.000000 20.000000
V 458.661600 301.204800 50.000000 20.000000
V 152.668800 458.524800 50.000000 20.000000
E 0 1
E 0 8
E 0 11
E 0 15
E 1 2
E 1 3
E 1 4
E 1 18
E 1 22
E 2 27
E 3 26
E 4 21
E 5 7
E 6 10
E 7 8
E 9 15
E 10 11
E 12 14
E 12 17
E 13 14
E 13 18
E 16 17
E 18 19
E 19 20
E 23 24
E 24 27
E 25 26
G Hs_BDNF-TrkB_signaling_WP3676_20250706 24 23
V 819.144000 561.484800 80.000000 20.000000
V 624.700800 561.945600 80.000000 20.000000
V 618.386400 192.974400 80.000000 20.000000
V 608.436000 343.512000 80.000000 20.000000
V 112.428000 230.450400 80.000000 20.000000
V 572.076000 266.724000 80.000000 20.000000
V 257.011200 213.890400 80.000000 20.000000
V 583.704000 123.429600 80.000000 20.000000
V 331.552800 232.538400 80.000000 20.000000
V 961.344000 590.299200 80.000000 20.000000
V 407.304000 249.314400 80.000000 20.000000
V 181.418400 190.195200 80.000000 22.000000
V 895.464000 686.109600 80.000000 20.000000
V 682.833600 140.738400 80.000000 20.000000
V 764.712000 10.000080 80.000000 20.000000
V 725.184000 74.289600 80.000000 20.000000
V 486.489600 261.547200 80.000000 20.000000
V 588.139200 631.332000 80.000000 20.000000
V 155.829600 113.047200 80.000000 20.000000
V 673.797600 494.294400 80.000000 20.000000
V 643.341600 416.894400 80.000000 20.000000
V 883.656000 607.053600 80.000000 20.000000
V 40.000320 250.761600 80.000000 20.000000
V 751.968000 521.013600 80.000000 20.000000
E 0 21
E 0 23
E 1 17
E 1 19
E 2 5
E 2 7
E 2 13
E 3 5
E 3 20
E 4 11
E 4 22
E 5 16
E 6 8
E 6 11
E 8 10
E 9 21
E 10 16
E 11 18
E 12 21
E 13 15
E 14 15
E 19 20
E 19 23
G Hs_BMP_signaling_in_eyelid_development_WP3927_20250311 17 19
V 375.285600 115.416000 80.000000 20.000000
V 492.732000 19.698480 80.000000 20.000000
V 456.170400 89.841600 147.000000 18.000000
V 340.502400 314.762400 80.000000 20.000000
V 606.211200 121.579200 80.000000 20.000000
V 422.301600 334.425600 80.000000 20.000000
V 112.802400 230.724000 80.000000 20.000000
V 527.551200 142.084800 156.000000 20.000000
V 435.276000 10.000080 80.000000 20.000000
V 312.717600 167.810400 80.000000 20.000000
V 40.000320 219.110400 80.000000 20.000000
V 270.856800 243.856800 80.000000 20.000000
V 188.719200 230.803200 80.000000 20.000000
V 256.471200 308.073600 80.000000 20.000000
V 314.841600 237.376800 80.000000 20.000000
V 498.139200 298.382400 80.000000 20.000000
V 538.128000 225.727200 80.000000 20.000000
E 0 2
E 0 9
E 1 2
E 1 8
E 2 7
E 2 8
E 3 5
E 3 11
E 4 7
E 5 15
E 6 10
E 6 12
E 7 16
E 9 11
E 9 14
E 11 12
E 11 13
E 13 14
E 15 16
G Hs_Benzene_metabolism_WP3891_20251101 20 19
V 40.000320 313.876800 80.000000 20.000000
V 236.325600 92.404800 80.000000 20.000000
V 77.090400 24.743520 53.234508 20.000000
V 370.807200 429.933600 105.620899 20.000000
V 431.100000 331.243200 54.318348 20.000000
V 249.976800 383.529600 94.000000 28.000000
V 172.807200 155.361600 80.000000 20.000000
V 348.782400 351.489600 80.000000 20.000000
V 108.201600 263.131200 80.000000 20.000000
V 238.672800 186.868800 158.688943 20.000000
V 349.315200 256.348800 115.000000 20.000000
V 143.071200 291.484800 135.000000 20.000000
V 276.984000 303.724800 108.000000 20.000000
V 404.762400 497.361600 55.337789 20.000000
V 178.228800 320.349600 80.000000 20.000000
V 263.160000 222.285600 126.000000 20.000000
V 156.175200 10.000080 80.000000 20.000000
V 119.988000 89.179200 80.000000 20.000000
V 197.560800 246.153600 80.000000 20.000000
V 35.467200 92.721600 43.298906 20.000000
E 0 8
E 1 6
E 2 17
E 3 7
E 3 13
E 4 7
E 5 12
E 6 17
E 6 18
E 7 12
E 8 18
E 9 18
E 10 12
E 11 18
E 12 18
E 14 18
E 15 18
E 16 17
E 17 19
G Hs_Benzo(a)pyrene_metabolism_WP696_20251101 22 26
V 356.414400 273.542400 142.000000 20.000000
V 360.828000 364.557600 126.000000 20.000000
V 394.048800 86.220000 208.000000 20.000000
V 346.010400 16.893360 137.000000 20.000000
V 438.588000 301.240800 60.000000 20.000000
V 319.543200 216.316800 92.000000 20.000000
V 104.515200 124.207200 148.000000 20.000000
V 441.086400 147.909600 80.000000 20.000000
V 229.500000 200.584800 164.000000 20.000000
V 309.708000 145.252800 142.000000 20.000000
V 414.482400 233.186400 142.000000 20.000000
V 95.306400 271.173600 135.000000 20.000000
V 497.548800 207.252000 153.000000 20.000000
V 498.456000 266.342400 130.000000 20.000000
V 304.948800 343.346400 153.000000 20.000000
V 417.909600 10.000080 80.000000 20.000000
V 476.474400 52.254000 271.000000 20.000000
V 144.612000 199.756800 139.000000 20.000000
V 266.263200 269.308800 151.000000 20.000000
V 409.723200 317.109600 124.000000 20.000000
V 373.536000 177.760800 137.000000 20.000000
V 67.500000 196.027200 135.000000 20.000000
E 0 1
E 0 4
E 0 5
E 0 14
E 0 19
E 0 20
E 2 3
E 2 15
E 2 16
E 2 20
E 4 10
E 5 8
E 5 9
E 5 10
E 5 18
E 5 20
E 6 17
E 7 20
E 8 17
E 9 20
E 10 12
E 10 13
E 10 19
E 10 20
E 11 17
E 17 21
G Hs_Bile_acid_synthesis_and_enterohepatic_circulation__WP4389_20251101 16 17
V 422.114400 234.763200 58.275340 25.000000
V 287.726400 215.244000 76.500000 25.000000
V 216.648000 151.380000 70.500000 25.000000
V 152.791200 95.983200 67.500000 25.000000
V 150.609600 200.196000 45.216301 25.000000
V 466.250400 300.736800 54.730408 25.000000
V 87.206400 55.058400 71.758621 25.000000
V 338.976000 60.428160 47.331505 25.000000
V 26.500320 12.499920 53.216301 25.000000
V 410.522400 68.372640 66.000000 25.000000
V 467.143200 104.385600 121.500000 32.500000
V 305.316000 136.072800 67.500000 25.000000
V 394.574400 151.804800 97.500000 25.000000
V 469.670400 170.380800 97.500000 25.000000
V 215.395200 235.008000 51.000000 25.000000
V 278.985600 58.540320 76.500000 25.000000
E 0 5
E 0 12
E 1 11
E 1 14
E 2 3
E 2 4
E 2 11
E 2 14
E 3 6
E 6 8
E 7 9
E 7 11
E 9 12
E 10 12
E 11 12
E 11 15
E 12 13
G Hs_Biomarkers_for_urea_cycle_disorders_WP4583_20251026 37 38
V 411.328800 29.580480 90.000000 25.000000
V 380.088000 321.717600 90.000000 25.000000
V 202.190400 440.280000 90.000000 25.000000
V 115.855200 428.356800 130.000000 25.000000
V 290.584800 657.655200 152.868173 25.000000
V 299.584800 441.792000 90.000000 25.000000
V 201.240000 589.500000 90.000000 25.000000
V 473.587200 90.072000 90.000000 25.000000
V 332.337600 267.609600 40.000000 22.712967
V 243.770400 400.867200 40.000000 22.712967
V 479.800800 12.499920 90.000000 25.000000
V 297.374400 527.666400 90.000000 25.000000
V 286.444800 578.296800 90.000000 25.000000
V 610.380000 702.871200 51.507553 24.358372
V 457.840800 311.767200 40.000000 25.000000
V 651.153600 164.721600 90.000000 25.000000
V 570.931200 179.488800 120.000000 30.000000
V 45.000000 470.476800 90.000000 25.000000
V 543.110400 658.843200 90.000000 25.000000
V 371.628000 381.326400 100.000000 25.000000
V 377.740800 422.791200 90.000000 25.000000
V 299.224800 290.325600 90.000000 25.000000
V 482.313600 729.936000 54.798363 22.712967
V 460.173600 413.920800 90.000000 25.000000
V 417.888000 733.464000 90.000000 25.000000
V 359.380800 178.077600 40.000000 25.000000
V 483.415200 177.220800 90.000000 25.000000
V 51.632640 377.690400 90.000000 25.000000
V 349.884000 509.040000 120.000000 25.000000
V 408.650400 518.169600 40.000000 21.890264
V 419.378400 577.764000 90.000000 25.000000
V 458.265600 371.649600 40.000000 23.535669
V 419.464800 238.420800 100.000000 25.000000
V 231.897600 639.950400 90.000000 25.000000
V 455.853600 656.640000 90.000000 25.000000
V 505.447200 588.412800 100.000000 25.000000
V 546.832800 49.475520 90.000000 25.000000
E 0 7
E 1 8
E 1 14
E 1 19
E 1 20
E 1 21
E 1 32
E 2 3
E 2 5
E 3 17
E 3 27
E 4 12
E 5 9
E 5 19
E 5 28
E 6 12
E 7 10
E 7 26
E 7 36
E 11 28
E 12 28
E 12 33
E 13 18
E 15 16
E 16 26
E 18 34
E 18 35
E 19 23
E 19 31
E 20 28
E 22 34
E 24 34
E 25 32
E 26 32
E 28 29
E 28 30
E 30 34
E 30 35
G Hs_Biosynthesis_and_turnover_of_1-deoxy-sphingoid_bases_WP5179_20250622 17 18
V 111.412800 261.489600 202.635468 33.439655
V 226.224000 163.951200 125.507461 31.891589
V 190.051200 12.499920 90.000000 25.000000
V 334.584000 367.704000 90.000000 25.000000
V 261.266400 296.964000 40.124334 17.037205
V 210.852000 287.985600 40.124334 17.037205
V 225.028800 83.750400 117.625687 39.595792
V 378.662400 105.048000 90.000000 25.000000
V 101.498400 178.689600 202.635468 33.439655
V 264.722400 223.790400 188.748290 51.519964
V 325.533600 50.438880 40.124334 17.037205
V 177.098400 210.405600 202.635468 32.454433
V 309.902400 153.741600 202.635468 33.439655
V 416.484000 299.865600 90.000000 25.000000
V 294.444000 128.102400 188.748290 50.612523
V 486.705600 330.595200 90.000000 25.000000
V 337.233600 280.857600 166.017241 41.879310
E 0 11
E 1 6
E 1 9
E 1 11
E 1 12
E 2 6
E 3 16
E 4 9
E 5 9
E 6 14
E 7 14
E 8 11
E 9 11
E 9 14
E 9 16
E 10 14
E 13 15
E 13 16
G Hs_Biotin_metabolism__including_IMDs_WP5031_20251101 16 25
V 54.355680 63.052560 90.000000 25.000000
V 128.188800 102.967200 90.000000 25.000000
V 121.060800 79.041600 90.000000 25.000000
V 109.569600 239.162400 129.000000 25.000000
V 125.762400 158.428800 90.000000 25.000000
V 45.000000 194.378400 90.000000 25.000000
V 218.872800 25.716960 90.000000 25.000000
V 275.047200 99.820800 90.000000 25.000000
V 95.846400 112.586400 90.000000 25.000000
V 146.160000 64.062720 90.000000 25.000000
V 255.866400 55.866960 59.000000 21.500000
V 200.520000 204.177600 90.000000 25.000000
V 194.277600 116.726400 101.000000 37.500000
V 270.172800 147.931200 90.000000 25.000000
V 242.776800 186.681600 90.000000 25.000000
V 92.469600 22.000320 167.000000 43.500000
E 0 1
E 0 2
E 0 8
E 0 9
E 1 4
E 1 12
E 1 15
E 2 4
E 2 12
E 2 15
E 3 4
E 4 5
E 4 8
E 4 9
E 4 12
E 6 12
E 7 12
E 8 12
E 8 15
E 9 12
E 9 15
E 10 12
E 11 12
E 12 13
E 12 14
G Hs_Blood_clotting_and_drug_effects_WP4580_20251101 16 15
V 57.499920 361.893600 115.000000 39.500000
V 354.124800 199.728000 111.000000 38.500000
V 390.441600 128.239200 126.000000 46.500000
V 165.405600 445.572000 113.000000 32.500000
V 536.652000 141.184800 90.000000 25.000000
V 218.160000 392.335200 140.000000 40.500000
V 467.856000 95.536800 107.000000 41.500000
V 333.741600 66.990240 107.000000 41.500000
V 267.472800 327.283200 92.000000 39.500000
V 261.648000 466.250400 106.000000 35.500000
V 136.216800 364.802400 90.000000 25.000000
V 311.522400 263.700000 133.000000 25.000000
V 536.630400 56.824560 115.000000 39.500000
V 283.471200 541.375200 101.000000 31.500000
V 296.848800 615.016800 134.339472 42.500000
V 459.288000 12.499920 90.000000 25.000000
E 0 10
E 1 2
E 1 11
E 2 6
E 2 7
E 3 5
E 4 6
E 5 8
E 5 9
E 5 10
E 6 12
E 6 15
E 8 11
E 9 13
E 13 14
G Hs_Brain-derived_neurotrophic_factor_(BDNF)_signaling_WP2380_20251102 32 35
V 75.765600 463.240800 40.358116 20.000000
V 80.978400 77.104800 58.000000 20.000000
V 322.862400 511.898400 37.000000 20.000000
V 138.708000 563.198400 50.000000 20.000000
V 559.137600 295.394400 49.163229 20.000000
V 179.704800 445.752000 50.000000 20.000000
V 421.380000 254.541600 32.000000 20.000000
V 321.213600 443.858400 42.000000 20.000000
V 47.485440 9.000000 51.253583 18.000000
V 245.836800 378.360000 50.000000 20.000000
V 150.343200 118.468800 57.000000 20.000000
V 101.311200 501.962400 70.000000 20.000000
V 209.707200 350.236800 56.000000 20.000000
V 466.812000 700.041600 43.701031 20.000000
V 142.099200 199.591200 66.000000 20.000000
V 335.894400 382.989600 52.000000 20.000000
V 288.014400 390.628800 40.000000 20.000000
V 276.717600 485.985600 55.000000 20.000000
V 238.564800 521.892000 30.657586 20.000000
V 221.788800 606.607200 56.000000 20.000000
V 488.196000 328.190400 36.000000 20.000000
V 71.719200 156.844800 60.000000 20.000000
V 372.614400 582.796800 57.000000 20.000000
V 348.624000 665.193600 51.000000 20.000000
V 179.200800 271.677600 65.000000 20.000000
V 95.500800 431.114400 48.000000 20.000000
V 162.950400 477.482400 55.000000 20.000000
V 24.999840 541.656000 50.000000 20.000000
V 527.695200 619.020000 64.902148 20.000000
V 406.029600 334.800000 40.000000 20.000000
V 447.609600 619.149600 48.000000 20.000000
V 250.660800 439.963200 100.000000 25.000000
E 0 11
E 0 26
E 1 8
E 1 10
E 1 21
E 2 22
E 2 31
E 3 26
E 4 20
E 5 11
E 5 31
E 6 29
E 7 31
E 9 31
E 10 14
E 11 25
E 11 26
E 11 27
E 12 24
E 12 31
E 13 30
E 14 21
E 14 24
E 15 29
E 15 31
E 16 31
E 17 31
E 18 19
E 18 31
E 20 29
E 22 23
E 22 30
E 25 26
E 26 31
E 28 30
G Hs_Caffeine_and_theobromine_metabolism_WP3633_20251103 20 20
V 45.000000 202.694400 89.796889 20.000000
V 318.916800 347.752800 80.000000 24.000000
V 233.589600 99.568800 92.000000 20.000000
V 312.660000 66.958560 81.244598 20.000000
V 286.495200 199.144800 80.000000 20.000000
V 73.576800 292.982400 55.000000 20.000000
V 176.968800 141.760800 45.000000 20.000000
V 125.820000 227.944800 114.000000 20.000000
V 149.904000 174.319200 80.000000 20.000000
V 232.833600 19.501200 55.000000 20.000000
V 377.301600 253.792800 59.000000 20.000000
V 167.803200 40.322160 91.799481 20.000000
V 367.927200 10.000080 123.837511 20.000000
V 394.552800 380.246400 105.000000 20.000000
V 221.659200 268.272000 80.000000 20.000000
V 292.608000 265.449600 80.000000 24.000000
V 288.158400 141.876000 98.000000 20.000000
V 220.968000 196.092000 80.000000 20.000000
V 179.870400 258.544800 45.000000 20.000000
V 301.420800 427.089600 45.000000 20.000000
E 0 7
E 1 13
E 1 15
E 1 19
E 2 3
E 2 9
E 2 11
E 2 17
E 3 12
E 3 16
E 4 17
E 5 7
E 6 17
E 7 17
E 8 17
E 10 15
E 14 17
E 15 17
E 16 17
E 17 18
G Hs_Calcium_mediated_T-cell_apoptosis_involved_in_inclusion_body_myositis_WP5142_20250731 26 26
V 348.429600 651.916800 60.000000 25.000000
V 228.283200 909.432000 60.000000 27.086075
V 339.127200 12.499920 60.000000 25.000000
V 332.193600 805.680000 60.000000 25.000000
V 556.963200 333.338400 60.000000 25.000000
V 365.774400 157.348800 60.000000 25.000000
V 328.024800 552.074400 40.000000 25.000000
V 626.522400 569.138400 60.000000 25.000000
V 402.264000 589.723200 40.000000 25.000000
V 548.049600 552.031200 60.000000 25.000000
V 405.252000 1014.840000 60.000000 25.000000
V 361.418400 949.608000 60.000000 25.000000
V 347.932800 85.334400 60.000000 25.000000
V 444.340800 1079.640000 90.000000 25.000000
V 358.588800 730.800000 60.000000 25.000000
V 308.088000 884.592000 60.000000 27.143956
V 427.665600 297.165600 60.000000 22.571338
V 477.878400 362.901600 60.000000 25.000000
V 465.415200 529.941600 60.000000 25.000000
V 629.496000 302.414400 60.000000 25.000000
V 392.472000 227.901600 60.000000 25.000000
V 156.945600 941.256000 60.000000 27.086075
V 415.166400 672.976800 60.000000 28.301581
V 30.000240 1020.168000 60.000000 25.000000
V 90.655200 977.616000 60.000000 25.000000
V 461.995200 445.082400 60.000000 25.000000
E 0 8
E 0 14
E 1 15
E 1 21
E 2 12
E 3 14
E 3 15
E 4 17
E 4 19
E 5 12
E 5 20
E 6 8
E 7 9
E 8 18
E 8 22
E 9 18
E 10 11
E 10 13
E 11 15
E 14 22
E 16 17
E 16 20
E 17 25
E 18 25
E 21 24
E 23 24
G Hs_Cannabinoid_receptor_signaling_WP3869_20251103 30 31
V 187.488000 330.523200 80.000000 20.000000
V 352.224000 176.054400 80.000000 20.000000
V 40.000320 36.713520 80.000000 20.000000
V 105.480000 77.637600 80.000000 20.000000
V 107.186400 588.153600 80.000000 20.000000
V 147.420000 525.528000 80.000000 20.000000
V 248.342400 227.440800 80.000000 20.000000
V 406.915200 176.666400 80.000000 20.000000
V 643.723200 143.409600 80.000000 20.000000
V 279.273600 67.753440 80.000000 20.000000
V 460.116000 18.766080 176.000000 20.000000
V 273.153600 271.958400 80.000000 20.000000
V 320.781600 229.600800 80.000000 20.000000
V 313.560000 352.980000 80.000000 20.000000
V 371.836800 253.735200 80.000000 20.000000
V 273.211200 318.751200 122.000000 20.000000
V 569.973600 162.741600 149.454733 20.000000
V 395.128800 286.999200 94.000000 20.000000
V 258.523200 409.096800 80.000000 20.000000
V 195.292800 464.767200 80.000000 20.000000
V 429.321600 93.175200 80.000000 20.000000
V 304.336800 172.936800 80.000000 20.000000
V 185.436000 95.040000 80.000000 20.000000
V 491.313600 177.415200 80.000000 20.000000
V 525.074400 386.604000 80.000000 20.000000
V 184.514400 10.000080 128.000000 20.000000
V 306.136800 478.706400 80.000000 20.000000
V 256.500000 146.570400 80.000000 20.000000
V 183.002400 257.025600 80.000000 20.000000
V 462.549600 337.413600 80.000000 20.000000
E 0 15
E 1 12
E 2 3
E 3 22
E 4 5
E 5 19
E 6 11
E 6 12
E 6 28
E 7 12
E 7 20
E 7 23
E 8 16
E 9 27
E 10 20
E 11 12
E 11 13
E 11 28
E 12 14
E 12 15
E 12 17
E 12 21
E 12 27
E 15 18
E 16 23
E 17 29
E 18 19
E 18 26
E 22 25
E 22 27
E 24 29
G Hs_Cardiac_hypertrophic_response_WP2795_20250715 27 28
V 40.000320 102.261600 80.000000 20.000000
V 197.812800 10.000080 80.000000 20.000000
V 270.907200 116.222400 80.000000 20.000000
V 741.456000 349.351200 80.000000 20.000000
V 909.432000 109.303200 80.000000 20.000000
V 335.772000 307.339200 80.000000 20.000000
V 385.869600 238.982400 80.000000 20.000000
V 547.588800 280.159200 80.000000 20.000000
V 463.161600 276.120000 80.000000 20.000000
V 845.208000 148.125600 80.000000 18.670856
V 716.493600 190.634400 80.000000 20.000000
V 783.720000 198.777600 80.000000 20.000000
V 785.448000 327.477600 80.000000 20.000000
V 522.943200 200.836800 80.000000 20.000000
V 192.312000 94.406400 80.000000 20.000000
V 797.112000 273.636000 80.000000 20.000000
V 272.844000 31.844160 80.000000 20.000000
V 531.208800 367.574400 80.000000 20.000000
V 114.703200 109.274400 80.000000 20.000000
V 326.772000 176.479200 80.000000 20.000000
V 288.417600 372.096000 80.000000 20.000000
V 540.878400 119.390400 80.000000 20.000000
V 644.068800 367.164000 80.000000 20.000000
V 723.312000 266.450400 80.000000 20.000000
V 521.316000 450.705600 80.000000 20.000000
V 635.414400 283.665600 80.000000 20.000000
V 443.491200 190.137600 80.000000 20.000000
E 0 18
E 1 14
E 1 16
E 2 14
E 2 16
E 2 19
E 3 23
E 4 9
E 5 6
E 5 20
E 6 8
E 6 19
E 6 26
E 7 8
E 7 13
E 7 17
E 7 25
E 9 11
E 10 23
E 11 23
E 12 23
E 13 21
E 13 26
E 14 18
E 15 23
E 17 24
E 22 25
E 23 25
G Hs_Cardiomyocyte_signaling_converging_on_titin_WP5344_20250722 29 31
V 521.820000 686.217600 80.000000 20.000000
V 589.910400 595.980000 80.000000 20.000000
V 373.629600 685.512000 80.000000 20.000000
V 212.241600 619.761600 130.000000 30.000000
V 363.261600 212.810400 90.000000 25.000000
V 283.600800 372.787200 130.000000 30.000000
V 40.000320 358.538400 80.000000 25.000000
V 438.148800 80.481600 80.000000 20.000000
V 323.409600 65.105280 90.000000 20.000000
V 557.186400 541.576800 80.000000 20.000000
V 262.886400 229.874400 130.000000 30.000000
V 345.520800 761.832000 130.000000 30.000000
V 320.659200 286.106400 80.000000 20.000000
V 668.462400 612.655200 130.000000 30.000000
V 430.171200 563.054400 90.000000 25.000000
V 246.312000 332.222400 80.731385 21.570942
V 357.660000 527.968800 159.000000 50.500000
V 327.513600 445.701600 80.000000 20.000000
V 114.055200 331.516800 130.000000 30.000000
V 375.408000 130.428000 90.000000 25.000000
V 472.759200 12.499920 90.000000 25.000000
V 337.615200 609.638400 80.000000 20.000000
V 278.546400 565.012800 80.000000 20.000000
V 454.168800 677.224800 80.000000 20.000000
V 106.574400 401.500800 40.000000 25.000000
V 447.832800 530.596800 90.000000 25.000000
V 559.497600 652.269600 80.000000 20.000000
V 501.840000 602.301600 145.000000 38.214286
V 185.846400 376.286400 90.000000 25.000000
E 0 27
E 1 13
E 1 27
E 2 11
E 2 21
E 2 23
E 3 22
E 4 12
E 4 19
E 5 12
E 5 15
E 5 17
E 5 28
E 6 18
E 6 24
E 7 19
E 7 20
E 8 19
E 9 27
E 10 12
E 14 16
E 14 27
E 16 17
E 16 21
E 16 22
E 16 25
E 18 28
E 23 27
E 24 28
E 25 27
E 26 27
G Hs_Catabolism_of_skeletal_muscle_in_cachexia_WP5474_20251103 28 32
V 709.056000 406.994400 60.000000 20.000000
V 495.871200 307.094400 60.000000 20.000000
V 366.832800 473.695200 189.395000 25.000000
V 324.468000 381.362400 80.000000 20.000000
V 93.873600 66.055680 60.000000 20.000000
V 30.000240 28.460880 60.000000 20.000000
V 344.469600 345.333600 60.000000 20.000000
V 290.793600 201.693600 60.000000 20.000000
V 449.712000 146.872800 60.000000 20.000000
V 644.760000 251.049600 80.000000 20.000000
V 582.458400 307.116000 60.000000 20.000000
V 254.246400 391.456800 203.760000 25.000000
V 319.701600 286.034400 60.000000 20.000000
V 290.584800 462.765600 80.000000 20.000000
V 180.892800 361.116000 60.000000 20.000000
V 156.679200 108.460800 60.000000 20.000000
V 396.028800 87.588000 60.000000 20.000000
V 357.465600 160.344000 60.000000 20.000000
V 221.356800 153.403200 60.000000 20.000000
V 452.779200 470.448000 60.000000 20.000000
V 413.503200 222.343200 60.000000 20.000000
V 410.335200 10.000080 60.000000 20.000000
V 642.276000 365.536800 60.000000 20.000000
V 714.348000 214.192800 60.000000 20.000000
V 407.678400 307.159200 60.000000 20.000000
V 236.181600 303.199200 60.000000 20.000000
V 408.715200 398.124000 60.000000 20.000000
V 462.974400 552.268800 60.000000 20.000000
E 0 22
E 1 10
E 1 24
E 2 13
E 2 26
E 3 12
E 3 13
E 3 26
E 4 5
E 4 15
E 6 11
E 6 24
E 7 12
E 7 17
E 7 18
E 8 16
E 8 20
E 9 10
E 9 23
E 10 22
E 11 14
E 12 24
E 12 25
E 14 25
E 15 18
E 16 17
E 16 21
E 17 20
E 19 26
E 19 27
E 20 24
E 24 26
G Hs_Cell_lineage_map_for_neuronal_differentiation_WP5417_20250709 18 17
V 220.010400 19.931040 80.000000 20.000000
V 182.642400 248.068800 80.000000 20.000000
V 103.262400 123.559200 80.000000 20.000000
V 95.292000 277.293600 80.000000 20.000000
V 147.535200 282.988800 80.000000 20.000000
V 266.349600 92.361600 80.000000 20.000000
V 56.946240 138.974400 80.000000 20.000000
V 354.794400 102.549600 80.000000 20.000000
V 271.324800 10.000080 80.000000 20.000000
V 376.876800 22.195440 80.000000 20.000000
V 496.324800 39.994560 80.000000 20.000000
V 40.000320 188.935200 80.000000 20.000000
V 200.728800 149.061600 80.000000 20.000000
V 440.020800 99.475200 80.000000 20.000000
V 383.032800 178.912800 80.000000 20.000000
V 504.928800 148.579200 80.000000 20.000000
V 123.940800 197.776800 80.000000 20.000000
V 53.977680 241.704000 80.000000 20.000000
E 0 5
E 1 16
E 2 16
E 3 16
E 4 16
E 5 7
E 5 8
E 5 12
E 6 16
E 7 9
E 7 13
E 7 14
E 10 13
E 11 16
E 12 16
E 13 15
E 16 17
G Hs_Cerebral_organic_acidurias__including_diseases_WP4519_20251001 25 26
V 694.375200 95.486400 163.418771 29.440243
V 730.440000 26.309520 90.000000 25.000000
V 265.536000 319.644000 124.895190 30.100987
V 186.285600 424.173600 90.000000 25.000000
V 549.612000 167.832000 109.791293 25.000000
V 538.351200 256.687200 113.186356 31.335195
V 624.096000 137.815200 131.161938 25.000000
V 104.839200 316.288800 179.390162 25.000000
V 844.488000 88.120800 90.000000 25.000000
V 435.931200 130.197600 160.064606 33.331645
V 400.888800 57.139920 137.698870 25.000000
V 151.603200 256.608000 90.000000 25.000000
V 356.544000 409.219200 90.000000 25.000000
V 774.432000 129.175200 90.000000 25.000000
V 831.312000 186.516000 127.958302 25.000000
V 348.328800 322.610400 124.895190 25.000000
V 669.304800 12.499920 127.766849 25.000000
V 449.409600 367.214400 90.000000 25.000000
V 45.000000 365.400000 90.000000 25.000000
V 119.613600 386.071200 179.390162 25.000000
V 492.393600 347.097600 108.938385 25.000000
V 429.688800 289.368000 129.434689 25.000000
V 184.039200 336.600000 124.895190 30.100987
V 477.360000 209.023200 94.314896 31.335195
V 419.032800 224.985600 106.577470 39.303727
E 0 1
E 0 6
E 0 13
E 0 16
E 2 15
E 2 22
E 3 22
E 4 6
E 4 23
E 5 23
E 7 18
E 7 22
E 8 13
E 9 10
E 9 23
E 11 22
E 12 15
E 13 14
E 15 21
E 17 21
E 18 19
E 19 22
E 20 21
E 21 23
E 21 24
E 23 24
G Hs_Cholestasis_WP5238_20251103 16 15
V 106.279200 212.968800 55.000000 25.283951
V 350.589600 212.083200 55.767703 18.922568
V 197.337600 196.696800 57.598765 26.734568
V 32.298480 174.902400 54.000000 21.000000
V 412.466400 264.002400 40.000000 14.000000
V 163.404000 264.420000 24.770338 19.819851
V 282.326400 156.571200 77.500000 19.000000
V 352.857600 11.499840 38.877193 22.978070
V 343.310400 95.176800 65.630397 24.679620
V 178.876800 119.196000 24.770338 13.647838
V 262.533600 77.068800 51.730159 13.380952
V 138.700800 142.682400 24.770338 13.647838
V 248.011200 252.144000 24.770338 13.647838
V 422.776800 86.551200 38.877193 22.978070
V 210.600000 286.056000 24.770338 13.647838
V 55.000080 278.805600 110.000000 32.500000
E 0 2
E 0 3
E 0 15
E 1 4
E 1 6
E 2 5
E 2 6
E 2 9
E 2 11
E 2 12
E 2 14
E 6 8
E 6 10
E 7 8
E 8 13
G Hs_Cholesterol_biosynthesis_pathway_WP197_20251104 29 29
V 287.812800 413.481600 130.000000 20.000000
V 710.568000 102.564000 90.000000 20.000000
V 329.277600 253.699200 140.000000 20.000000
V 470.908800 228.513600 66.667000 20.000000
V 933.984000 156.628800 66.667000 20.000000
V 190.224000 542.512800 66.667000 20.000000
V 211.140000 307.670400 66.667000 20.000000
V 229.392000 471.571200 66.667000 20.000000
V 545.385600 110.714400 180.000000 20.000000
V 382.773600 64.020240 66.667000 20.000000
V 521.330400 26.378640 66.667000 20.000000
V 325.447200 128.260800 66.667000 20.000000
V 841.680000 61.183440 66.667000 20.000000
V 112.730400 571.305600 120.000000 20.000000
V 95.493600 650.073600 66.667000 20.000000
V 475.740000 157.464000 160.000000 20.000000
V 627.069600 10.000080 66.667000 20.000000
V 789.624000 128.253600 66.667000 20.000000
V 386.733600 192.499200 81.833517 20.000000
V 33.500160 560.059200 66.667000 20.000000
V 890.136000 248.983200 166.583500 20.000000
V 627.480000 97.156800 105.000000 20.000000
V 292.780800 329.256000 66.667000 20.000000
V 233.150400 614.548800 66.667000 20.000000
V 254.685600 207.734400 66.667000 20.000000
V 349.920000 466.495200 66.667000 20.000000
V 734.832000 19.800000 66.667000 20.000000
V 855.000000 178.315200 66.667000 20.000000
V 421.603200 145.166400 160.000000 20.000000
E 0 7
E 0 22
E 0 25
E 1 17
E 1 21
E 1 26
E 2 18
E 2 22
E 2 24
E 3 28
E 4 27
E 5 7
E 5 13
E 5 23
E 6 22
E 8 10
E 8 15
E 8 21
E 9 28
E 11 18
E 12 17
E 13 14
E 13 19
E 15 18
E 15 28
E 16 21
E 17 27
E 18 28
E 20 27
G Hs_Cholesterol_biosynthesis_with_skeletal_dysplasias_WP4804_20251104 31 43
V 163.814400 149.112000 255.108122 25.000000
V 468.388800 245.606400 90.000000 25.000000
V 432.288000 163.173600 90.000000 25.000000
V 234.842400 299.786400 90.000000 25.000000
V 286.401600 236.253600 90.000000 25.000000
V 301.708800 164.865600 90.000000 25.000000
V 423.633600 339.530400 90.000000 25.000000
V 96.523200 99.669600 90.000000 25.000000
V 264.240000 82.072800 90.000000 25.000000
V 199.828800 30.093120 90.000000 25.000000
V 366.098400 19.178640 90.000000 25.000000
V 386.496000 262.850400 150.228576 25.000000
V 427.615200 91.756800 139.515961 25.000000
V 207.741600 280.404000 90.000000 25.000000
V 239.536800 109.540800 239.229969 25.000000
V 480.211200 25.511040 90.000000 25.000000
V 536.328000 156.326400 90.000000 25.000000
V 132.890400 289.411200 90.000000 25.000000
V 346.140000 349.056000 90.000000 25.000000
V 200.851200 226.936800 292.890295 25.000000
V 357.170400 222.609600 90.000000 25.000000
V 127.123200 219.319200 90.000000 25.000000
V 535.449600 225.720000 90.000000 25.000000
V 186.789600 366.811200 90.000000 25.000000
V 244.260000 192.902400 136.772152 25.000000
V 45.000000 229.406400 90.000000 25.000000
V 460.368000 188.028000 146.512740 25.000000
V 321.120000 12.499920 90.000000 25.000000
V 339.184800 98.316000 175.906697 25.000000
V 391.680000 177.552000 90.000000 25.000000
V 335.930400 254.966400 218.611111 25.000000
E 0 7
E 0 14
E 0 19
E 0 21
E 1 29
E 2 20
E 2 26
E 3 24
E 4 5
E 4 11
E 4 13
E 4 19
E 4 20
E 4 24
E 4 30
E 5 8
E 5 24
E 5 28
E 5 30
E 6 11
E 9 14
E 10 28
E 11 20
E 11 26
E 11 30
E 12 15
E 12 26
E 12 28
E 13 19
E 13 21
E 13 23
E 14 24
E 14 28
E 16 26
E 17 19
E 18 30
E 19 24
E 21 25
E 22 26
E 26 29
E 27 28
E 28 29
E 29 30
G Hs_Cholesterol_synthesis_disorders_WP5193_20251104 38 39
V 542.210400 362.145600 100.867647 20.000000
V 916.128000 93.168000 131.750000 20.000000
V 460.339200 667.792800 256.114002 20.000000
V 602.697600 613.159200 216.467378 20.000000
V 808.920000 275.155200 90.000000 20.000000
V 619.603200 477.532800 177.393576 20.000000
V 663.141600 200.023200 203.666667 19.166667
V 622.994400 391.449600 100.000000 20.000000
V 756.648000 203.968800 90.000000 20.000000
V 695.340000 515.923200 125.573529 20.000000
V 716.810400 76.176000 100.000000 20.000000
V 69.999840 732.600000 140.060606 20.000000
V 820.728000 208.310400 100.000000 20.000000
V 801.288000 314.769600 113.833333 20.000000
V 118.944000 828.720000 110.500000 20.000000
V 662.724000 315.972000 177.393576 20.000000
V 300.204000 714.009600 102.500000 20.000000
V 495.763200 748.008000 97.500000 20.000000
V 400.672800 784.656000 97.500000 20.000000
V 671.119200 10.000080 98.333333 20.000000
V 709.603200 159.616800 100.000000 20.000000
V 495.021600 510.206400 93.659201 20.000000
V 669.196800 671.176800 139.614690 20.000000
V 578.016000 691.639200 133.833333 20.000000
V 734.400000 253.468800 100.000000 20.000000
V 904.032000 236.455200 119.397059 20.000000
V 757.224000 316.764000 113.833333 20.000000
V 842.328000 124.034400 165.591702 20.000000
V 675.540000 237.283200 113.833333 20.000000
V 382.744800 699.422400 216.467378 20.000000
V 530.733600 620.474400 216.467378 20.000000
V 798.192000 50.055840 100.000000 20.000000
V 166.737600 640.281600 104.500000 20.000000
V 583.300800 271.850400 100.867647 20.000000
V 566.157600 544.975200 100.000000 20.000000
V 148.420800 753.480000 90.000000 20.000000
V 216.640800 703.965600 90.500000 20.000000
V 295.164000 798.624000 95.000000 20.000000
E 0 7
E 1 27
E 2 17
E 2 29
E 2 30
E 3 22
E 3 30
E 3 34
E 4 24
E 5 7
E 5 9
E 5 34
E 6 24
E 7 15
E 8 24
E 10 19
E 10 20
E 10 31
E 11 35
E 12 24
E 12 25
E 12 27
E 13 24
E 14 35
E 15 24
E 15 33
E 16 29
E 16 36
E 16 37
E 18 29
E 20 24
E 21 34
E 23 30
E 24 26
E 24 28
E 27 31
E 30 34
E 32 36
E 35 36
G Hs_Chronic_hyperglycemia_impairment_of_neuron_function_WP5283_20250721 26 25
V 173.836800 506.052000 47.000000 25.000000
V 176.997600 421.862400 136.000000 35.500000
V 740.520000 157.521600 50.000000 17.605846
V 416.397600 187.999200 107.000000 32.731481
V 597.441600 221.594400 49.000000 23.524320
V 413.344800 94.262400 44.000000 25.000000
V 242.971200 371.872800 44.000000 25.000000
V 369.295200 267.631200 44.000000 25.000000
V 349.516800 38.719440 57.000000 25.000000
V 466.236000 151.696800 90.000000 34.125000
V 668.138400 181.209600 45.000000 25.000000
V 22.000320 366.220800 44.000000 25.000000
V 450.849600 243.151200 54.598747 20.000000
V 644.284800 289.000800 64.000000 25.000000
V 412.696800 338.968800 88.870370 31.564815
V 411.840000 12.499920 57.000000 25.000000
V 513.748800 207.280800 62.000000 35.500000
V 69.534720 598.860000 60.000000 25.000000
V 301.593600 316.821600 44.000000 25.000000
V 343.936800 158.025600 62.000000 25.000000
V 98.236800 388.922400 44.000000 25.000000
V 152.481600 585.712800 44.000000 25.000000
V 209.851200 646.243200 60.000000 25.000000
V 476.438400 38.748240 57.000000 25.000000
V 128.289600 660.038400 60.000000 25.000000
V 275.565600 109.656000 58.000000 25.000000
E 0 1
E 0 21
E 1 6
E 1 20
E 2 10
E 3 5
E 3 7
E 3 9
E 3 12
E 3 16
E 3 19
E 4 10
E 4 13
E 4 16
E 5 8
E 5 15
E 5 23
E 6 18
E 7 14
E 7 18
E 11 20
E 17 21
E 19 25
E 21 22
E 21 24
G Hs_Cocaine_metabolism_WP2826_20251107 27 34
V 231.847200 173.275200 90.000000 25.000000
V 185.846400 338.623200 170.352209 25.000000
V 144.460800 300.225600 170.352209 20.000000
V 314.215200 239.378400 90.000000 25.000000
V 241.581600 274.147200 170.352209 20.000000
V 235.252800 427.039200 170.352209 20.000000
V 168.876000 233.956800 143.927471 20.000000
V 233.301600 88.113600 170.352209 25.000000
V 232.826400 12.499920 90.000000 25.000000
V 217.569600 324.712800 170.352209 20.000000
V 197.028000 217.562400 90.000000 25.000000
V 251.856000 358.070400 170.352209 20.000000
V 306.835200 38.795040 118.146293 25.000000
V 304.502400 424.022400 170.352209 20.000000
V 321.588000 322.617600 170.352209 18.519192
V 151.308000 378.784800 170.352209 25.000000
V 255.117600 214.538400 55.794234 25.000000
V 324.064800 272.419200 90.000000 25.000000
V 85.003200 325.166400 170.352209 25.000000
V 66.434400 264.650400 90.000000 25.000000
V 288.993600 340.689600 170.352209 20.000000
V 159.494400 40.666320 105.370240 25.000000
V 299.145600 210.340800 90.000000 25.000000
V 69.426000 360.144000 90.000000 25.000000
V 386.870400 377.071200 170.352209 20.000000
V 409.024800 308.642400 90.000000 25.000000
V 164.217600 436.730400 90.000000 25.000000
E 0 4
E 0 7
E 1 2
E 1 4
E 1 26
E 2 4
E 2 15
E 2 18
E 2 19
E 2 23
E 3 4
E 4 6
E 4 9
E 4 10
E 4 11
E 4 14
E 4 16
E 4 17
E 4 20
E 4 22
E 5 9
E 5 11
E 7 8
E 7 12
E 7 21
E 11 13
E 11 14
E 11 15
E 13 20
E 14 17
E 14 24
E 14 25
E 15 18
E 18 19
G Hs_Codeine_and_morphine_metabolism_WP1604_20251231 18 19
V 201.463200 240.307200 60.000000 20.000000
V 271.317600 288.194400 62.000000 20.000000
V 269.496000 206.157600 59.000000 20.000000
V 67.942800 276.415200 74.000000 20.000000
V 188.992800 328.082400 58.000000 20.000000
V 34.184880 240.912000 60.000000 20.000000
V 128.520000 130.190400 125.000000 20.000000
V 235.872000 157.327200 126.000000 20.000000
V 112.147200 204.415200 57.000000 20.000000
V 138.744000 48.551760 125.000000 20.000000
V 89.661600 36.016560 122.000000 20.000000
V 72.288000 123.818400 122.000000 20.000000
V 184.262400 14.500080 162.680715 28.837803
V 235.209600 318.398400 60.000000 20.000000
V 248.868000 72.885600 126.000000 20.000000
V 29.000160 190.360800 58.000000 20.000000
V 291.477600 243.633600 80.000000 20.000000
V 153.756000 301.248000 58.000000 20.000000
E 0 1
E 0 2
E 0 4
E 0 7
E 0 8
E 0 13
E 0 16
E 0 17
E 3 8
E 5 8
E 6 8
E 6 9
E 7 14
E 8 11
E 8 15
E 9 12
E 10 11
E 10 12
E 12 14
G Hs_Complement_and_coagulation_cascades_WP558_20251107 16 17
V 296.294400 658.598400 60.000000 20.000000
V 279.669600 516.211200 60.000000 20.000000
V 218.491200 80.748000 60.000000 20.000000
V 228.672000 379.620000 60.000000 20.000000
V 30.000240 10.000080 60.000000 20.000000
V 348.912000 55.674720 73.333333 20.000000
V 224.877600 303.739200 60.000000 20.000000
V 223.200000 458.827200 95.000000 20.000000
V 85.276800 59.796720 80.000000 20.000000
V 321.681600 583.063200 60.000000 20.000000
V 217.728000 148.636800 60.000000 20.000000
V 220.377600 227.772000 60.000000 20.000000
V 286.560000 101.894400 60.000000 20.000000
V 399.333600 599.335200 73.333333 20.000000
V 147.686400 491.652000 60.000000 20.000000
V 149.414400 103.053600 60.000000 20.000000
E 0 9
E 1 7
E 1 9
E 2 10
E 2 12
E 2 15
E 3 6
E 3 7
E 4 8
E 5 12
E 6 11
E 7 14
E 8 15
E 9 13
E 10 11
E 10 12
E 10 15
G Hs_Complement_system_in_neuronal_development_and_plasticity_WP5090_20250819 18 19
V 217.663200 159.645600 90.000000 25.000000
V 470.880000 278.697600 90.000000 25.000000
V 208.584000 12.499920 90.000000 25.000000
V 397.339200 414.907200 90.533333 38.700000
V 201.196800 99.172800 90.000000 25.000000
V 364.118400 172.915200 90.000000 25.000000
V 142.300800 61.076880 90.000000 25.000000
V 280.555200 141.768000 90.000000 25.000000
V 398.836800 101.678400 90.000000 25.000000
V 445.456800 144.165600 90.000000 25.000000
V 384.998400 338.752800 90.000000 25.000000
V 45.000000 75.772800 90.000000 25.000000
V 392.486400 256.413600 90.000000 25.000000
V 513.648000 99.914400 90.000000 25.000000
V 57.345120 175.975200 90.000000 25.000000
V 114.926400 119.786400 90.000000 25.000000
V 306.511200 63.558000 90.000000 25.000000
V 253.317600 222.552000 90.000000 25.000000
E 0 4
E 0 7
E 1 12
E 2 4
E 3 10
E 4 6
E 4 7
E 4 15
E 5 7
E 5 8
E 5 9
E 5 12
E 6 15
E 7 16
E 7 17
E 9 13
E 10 12
E 11 15
E 14 15
G Hs_Congenital_generalized_lipodystrophy_WP5101_20251104 21 21
V 391.492800 174.139200 90.000000 25.000000
V 113.090400 416.570400 90.000000 25.000000
V 377.769600 90.208800 90.000000 25.000000
V 701.971200 357.660000 90.000000 25.000000
V 706.212000 67.435920 90.000000 25.000000
V 207.842400 324.050400 90.000000 25.000000
V 666.993600 136.353600 90.000000 25.000000
V 849.600000 259.401600 90.000000 25.000000
V 362.296800 12.499920 90.000000 25.000000
V 470.548800 199.994400 90.000000 25.000000
V 45.000000 340.444800 90.000000 25.000000
V 249.775200 253.627200 90.000000 25.000000
V 691.747200 276.069600 139.535467 25.000000
V 323.352000 221.342400 90.000000 25.000000
V 772.632000 261.914400 151.619280 25.000000
V 113.896800 257.666400 90.000000 25.000000
V 549.518400 213.242400 90.000000 25.000000
V 178.776000 213.840000 90.000000 25.000000
V 126.014400 336.967200 216.328500 32.960220
V 632.440800 213.854400 120.372872 25.000000
V 733.320000 428.940000 90.000000 25.000000
E 0 2
E 0 9
E 0 13
E 1 18
E 2 8
E 3 12
E 3 20
E 4 6
E 5 11
E 5 18
E 6 19
E 7 14
E 9 16
E 10 18
E 11 13
E 11 17
E 12 14
E 12 19
E 15 17
E 15 18
E 16 19
G Hs_Creatine_pathway_WP5190_20251104 31 35
V 605.484000 97.581600 54.772359 27.500000
V 474.984000 309.297600 71.188931 27.500000
V 763.416000 13.500000 140.651864 27.500000
V 761.256000 237.283200 54.772359 27.500000
V 610.488000 274.442400 156.277621 27.500000
V 488.095200 188.452800 54.772359 27.500000
V 220.104000 157.010400 74.367500 27.500000
V 626.018400 186.760800 71.188931 27.500000
V 550.382400 244.958400 132.000000 27.500000
V 553.363200 179.460000 54.908375 27.500000
V 151.387200 247.305600 159.057733 27.500000
V 146.052000 318.578400 74.367500 27.500000
V 372.124800 398.577600 91.300778 30.650389
V 606.492000 318.016800 54.772359 27.500000
V 216.237600 390.780000 120.000000 50.000000
V 769.464000 115.718400 54.968403 27.500000
V 711.410400 173.174400 71.188931 27.500000
V 469.396800 387.180000 54.772359 27.500000
V 496.216800 237.448800 54.908375 27.500000
V 169.466400 372.038400 74.367500 27.500000
V 219.679200 304.653600 126.408896 27.500000
V 79.502400 212.169600 159.057733 27.500000
V 773.568000 162.309600 138.050000 27.500000
V 794.592000 214.164000 54.968403 27.500000
V 384.832800 311.961600 66.566671 27.500000
V 514.101600 156.542400 162.319564 27.500000
V 512.352000 396.108000 71.188931 27.500000
V 730.656000 89.316000 140.651864 27.500000
V 302.284800 288.784800 120.606188 27.500000
V 251.265600 235.828800 54.772359 27.500000
V 566.272800 318.031200 112.470795 27.500000
E 0 7
E 1 8
E 1 17
E 1 24
E 1 26
E 2 27
E 3 16
E 3 22
E 4 8
E 5 8
E 6 29
E 7 8
E 7 16
E 8 9
E 8 13
E 8 18
E 8 25
E 8 30
E 10 20
E 10 21
E 11 20
E 12 24
E 14 20
E 15 16
E 15 22
E 16 22
E 16 23
E 16 27
E 19 20
E 20 28
E 20 29
E 22 23
E 22 27
E 24 28
E 28 29
G Hs_DNA_damage_response_(only_ATM_dependent)_WP710_20251104 28 30
V 40.000320 198.129600 80.000000 20.000000
V 642.700800 357.638400 80.000000 20.000000
V 478.843200 10.000080 60.000000 20.000000
V 113.961600 195.091200 80.000000 20.000000
V 568.893600 313.999200 80.000000 20.000000
V 237.808800 83.347200 80.000000 20.000000
V 269.496000 162.496800 81.445424 20.000000
V 467.740800 92.001600 80.000000 20.000000
V 339.876000 109.152000 80.000000 20.000000
V 650.577600 170.625600 80.000000 20.000000
V 352.634400 189.273600 80.000000 20.000000
V 495.028800 313.704000 80.000000 20.000000
V 528.739200 179.136000 80.000000 20.000000
V 405.381600 258.062400 80.000000 20.000000
V 295.711200 248.846400 80.000000 20.000000
V 473.637600 428.076000 151.000000 20.000000
V 419.414400 227.937600 80.000000 20.000000
V 440.740800 176.961600 80.000000 20.000000
V 669.297600 435.124800 80.000000 20.000000
V 576.590400 213.350400 80.000000 20.000000
V 707.724000 501.199200 80.000000 20.000000
V 458.769600 346.147200 80.000000 20.000000
V 724.104000 336.837600 80.000000 20.000000
V 540.619200 99.115200 80.000000 20.000000
V 403.200000 408.729600 80.000000 20.000000
V 493.092000 253.195200 80.000000 20.000000
V 190.065600 186.458400 80.000000 20.000000
V 552.340800 260.791200 80.000000 20.000000
E 0 3
E 1 4
E 1 18
E 1 22
E 2 7
E 3 26
E 4 25
E 5 6
E 6 10
E 6 26
E 7 17
E 7 23
E 8 10
E 9 19
E 10 13
E 10 14
E 10 16
E 10 17
E 11 25
E 12 23
E 12 25
E 13 25
E 15 21
E 16 25
E 17 25
E 18 20
E 19 25
E 21 24
E 21 25
E 25 27
G Hs_DNA_damage_response_WP707_20251104 35 42
V 34.999920 199.764000 70.000000 20.000000
V 73.771200 114.134400 70.000000 20.000000
V 574.956000 246.290400 61.250000 20.000000
V 392.824800 389.030400 80.000000 20.000000
V 116.647200 183.895200 70.000000 20.000000
V 402.465600 448.372800 90.000000 25.000000
V 242.647200 310.550400 80.000000 20.000000
V 469.468800 441.316800 70.000000 20.000000
V 189.381600 232.617600 70.000000 20.000000
V 391.341600 123.912000 54.250000 20.000000
V 499.903200 130.377600 80.000000 20.000000
V 346.212000 189.489600 60.500000 20.000000
V 438.566400 188.899200 58.000000 20.000000
V 506.253600 379.800000 70.000000 20.000000
V 332.150400 334.677600 63.750000 20.000000
V 315.057600 259.524000 91.250000 25.000000
V 576.662400 284.688000 51.833333 19.166667
V 176.688000 358.380000 70.000000 20.000000
V 321.141600 287.244000 80.000000 20.000000
V 315.525600 119.296800 57.750000 20.000000
V 572.349600 325.843200 57.250000 20.000000
V 401.400000 264.434400 80.000000 20.000000
V 457.948800 211.104000 68.357230 20.000000
V 496.051200 291.110400 80.000000 20.000000
V 369.036000 270.842400 61.750000 20.000000
V 356.932800 94.932000 60.000000 20.000000
V 547.725600 358.120800 90.000000 25.000000
V 118.116000 268.848000 136.000000 20.000000
V 545.695200 215.805600 64.204131 20.000000
V 415.562400 348.480000 67.959599 20.000000
V 257.486400 199.836000 80.000000 20.000000
V 211.039200 394.754400 70.000000 20.000000
V 366.652800 12.499920 90.000000 25.000000
V 319.766400 315.014400 58.250000 20.000000
V 254.829600 172.540800 62.639733 20.000000
E 0 4
E 1 4
E 2 23
E 2 28
E 3 7
E 3 24
E 4 8
E 5 29
E 6 8
E 6 14
E 6 15
E 6 17
E 6 18
E 6 31
E 6 33
E 7 13
E 8 27
E 8 30
E 8 34
E 9 11
E 10 12
E 10 22
E 11 19
E 11 21
E 11 24
E 11 25
E 11 30
E 11 34
E 12 21
E 13 23
E 14 21
E 15 21
E 16 23
E 18 21
E 20 23
E 21 22
E 21 23
E 21 29
E 21 33
E 23 26
E 23 28
E 25 32
G Hs_Dengue-2_interactions_with_complement_and_coagulation_cascades_WP3896_20251107 18 19
V 30.000240 79.315200 60.000000 33.000000
V 504.986400 561.132000 80.000000 20.000000
V 157.608000 150.393600 60.000000 20.000000
V 280.044000 573.127200 60.000000 20.000000
V 226.195200 280.454400 60.000000 20.000000
V 99.561600 673.113600 60.000000 20.000000
V 429.984000 543.549600 64.666667 20.333333
V 372.052800 631.576800 73.333333 20.000000
V 240.537600 355.780800 60.000000 20.000000
V 220.413600 200.973600 84.000000 16.000000
V 150.717600 617.666400 66.333333 16.000000
V 108.914400 88.092000 60.000000 20.000000
V 274.478400 509.558400 60.000000 20.000000
V 258.012000 430.948800 60.000000 20.000000
V 349.948800 551.368800 60.000000 20.000000
V 125.460000 10.000080 73.333333 20.000000
V 290.080800 156.708000 60.000000 20.000000
V 208.684800 563.896800 60.000000 20.000000
E 0 11
E 1 6
E 2 9
E 2 11
E 3 12
E 3 14
E 3 17
E 4 8
E 4 9
E 5 10
E 6 14
E 7 14
E 8 13
E 9 16
E 10 17
E 11 15
E 12 13
E 12 14
E 12 17
G Hs_Deregulating_cellular_metabolism_through_non-genotoxic_carcinogens_WP5571_20250915 37 45
V 357.530400 105.235200 90.000000 25.000000
V 221.616000 280.936800 90.000000 25.000000
V 149.004000 266.385600 90.000000 25.000000
V 81.475200 177.652800 98.561754 25.000000
V 316.605600 270.957600 90.000000 25.000000
V 425.563200 484.682400 90.000000 25.000000
V 402.372000 432.172800 90.000000 25.000000
V 535.212000 342.043200 90.000000 25.000000
V 312.026400 104.817600 90.000000 25.000000
V 428.428800 51.103440 90.000000 25.000000
V 502.329600 331.653600 90.000000 25.000000
V 390.873600 467.064000 90.000000 25.000000
V 377.618400 341.064000 90.000000 25.000000
V 253.548000 68.556960 90.000000 25.000000
V 523.490400 452.095200 90.000000 25.000000
V 230.076000 345.520800 90.000000 25.000000
V 383.580000 274.255200 90.000000 25.000000
V 433.094400 332.258400 90.000000 25.000000
V 155.080800 355.291200 90.000000 25.000000
V 174.340800 113.148000 90.000000 25.000000
V 181.274400 212.508000 91.677540 25.000000
V 205.228800 197.517600 98.561754 25.000000
V 537.580800 413.568000 90.000000 25.000000
V 148.593600 318.204000 90.000000 25.000000
V 465.544800 488.750400 90.000000 25.000000
V 348.782400 180.756000 90.000000 25.000000
V 539.193600 378.158400 90.000000 25.000000
V 485.596800 456.530400 90.000000 25.000000
V 306.568800 12.499920 90.000000 25.000000
V 44.500320 102.744000 89.362402 25.000000
V 369.468000 34.202880 90.000000 25.000000
V 99.360000 221.104800 98.561754 25.000000
V 125.308800 174.967200 98.561754 25.000000
V 195.264000 365.162400 90.000000 25.000000
V 455.479200 396.712800 65.750000 25.000000
V 234.302400 138.448800 90.000000 25.000000
V 107.776800 59.783040 90.000000 25.000000
E 0 9
E 0 13
E 0 25
E 1 2
E 1 4
E 1 15
E 1 18
E 1 20
E 1 21
E 1 23
E 1 33
E 2 23
E 2 32
E 3 20
E 3 29
E 4 12
E 4 16
E 4 25
E 5 34
E 6 34
E 7 34
E 8 25
E 8 28
E 8 30
E 8 35
E 10 34
E 11 34
E 12 17
E 12 34
E 13 19
E 14 34
E 16 17
E 17 34
E 19 21
E 19 32
E 19 36
E 20 35
E 21 31
E 21 35
E 22 34
E 24 34
E 26 34
E 27 34
E 29 36
E 31 32
G Hs_Deregulation_of_Rab_and_Rab_effector_genes_in_bladder_cancer_WP2291_20251104 16 21
V 30.000240 134.150400 60.000000 20.000000
V 195.861600 50.999040 80.000000 20.000000
V 105.120000 10.000080 60.000000 20.000000
V 90.820800 192.376800 60.000000 20.000000
V 86.616000 259.149600 60.000000 20.000000
V 100.987200 161.020800 60.000000 20.000000
V 33.384240 101.080800 60.000000 20.000000
V 187.142400 131.313600 60.000000 20.000000
V 52.907760 24.226560 60.000000 20.000000
V 153.043200 19.229040 60.000000 20.000000
V 63.871200 80.733600 60.000000 20.000000
V 41.825520 166.845600 60.000000 20.000000
V 175.528800 162.187200 60.000000 20.000000
V 113.112000 100.231200 60.000000 20.000000
V 156.801600 190.058400 60.000000 20.000000
V 167.356800 101.440800 60.000000 20.000000
E 0 5
E 0 13
E 1 13
E 2 13
E 3 13
E 4 5
E 5 6
E 5 7
E 5 10
E 5 11
E 5 12
E 5 15
E 6 13
E 7 13
E 8 13
E 9 13
E 10 13
E 11 13
E 12 13
E 13 14
E 13 15
G Hs_Development_of_ureteric_derived_collecting_system_WP5053_20250726 24 28
V 226.468800 257.457600 80.000000 20.000000
V 379.864800 269.596800 90.000000 25.000000
V 511.092000 515.966400 90.000000 25.000000
V 371.736000 348.602400 80.000000 20.000000
V 166.975200 188.100000 80.000000 20.000000
V 145.152000 226.274400 90.000000 25.000000
V 288.172800 214.574400 80.000000 20.000000
V 370.656000 513.554400 90.000000 25.000000
V 242.539200 228.477600 90.000000 25.000000
V 385.120800 215.971200 80.000000 20.000000
V 341.496000 204.105600 90.000000 25.000000
V 85.190400 240.206400 80.000000 20.000000
V 456.796800 336.823200 90.000000 25.000000
V 120.060000 141.962400 90.000000 25.000000
V 242.337600 302.162400 90.000000 25.000000
V 81.079200 76.910400 90.000000 25.000000
V 440.136000 153.784800 80.000000 20.000000
V 308.613600 502.646400 90.000000 25.000000
V 259.358400 349.401600 80.000000 20.000000
V 322.646400 368.755200 90.000000 25.000000
V 45.000000 12.499920 90.000000 25.000000
V 310.773600 280.965600 80.000000 20.000000
V 447.494400 470.808000 90.000000 25.000000
V 368.344800 436.420800 90.000000 25.000000
E 0 5
E 0 6
E 0 21
E 1 21
E 2 22
E 3 12
E 3 21
E 3 23
E 4 8
E 4 11
E 4 13
E 5 11
E 5 13
E 6 21
E 7 23
E 8 14
E 8 21
E 9 16
E 9 21
E 10 21
E 13 15
E 14 21
E 15 20
E 17 23
E 18 21
E 19 21
E 19 23
E 22 23
G Hs_Diet-dependent_trimethylamine-trimethylamine_N-oxide_metabolism__WP5219_20251120 27 29
V 823.176000 352.908000 90.000000 25.000000
V 982.656000 419.248800 90.000000 25.000000
V 800.856000 12.499920 90.000000 25.000000
V 795.168000 426.708000 90.000000 25.000000
V 923.256000 197.740800 90.000000 25.000000
V 914.688000 476.928000 90.000000 25.000000
V 776.016000 136.922400 90.000000 25.000000
V 862.488000 21.148560 137.857143 28.214286
V 924.408000 168.883200 116.666667 25.000000
V 841.968000 178.272000 1684.047619 22.119048
V 817.704000 91.425600 95.142857 26.214286
V 979.200000 243.986400 90.000000 25.000000
V 959.904000 459.432000 90.000000 25.000000
V 977.616000 99.223200 100.000000 25.000000
V 717.667200 282.045600 65.000000 19.000000
V 1057.320000 352.699200 127.000000 25.000000
V 972.000000 328.946400 90.000000 25.000000
V 1065.096000 230.140800 100.000000 25.000000
V 744.984000 44.354160 90.000000 22.976190
V 870.840000 465.638400 90.000000 25.000000
V 752.976000 410.580000 90.000000 25.000000
V 741.600000 368.143200 90.000000 25.000000
V 802.296000 263.311200 90.000000 25.000000
V 907.920000 391.298400 90.000000 25.000000
V 692.172000 111.643200 90.000000 25.000000
V 724.680000 240.472800 118.333333 25.000000
V 1000.152000 139.420800 116.666667 25.000000
E 0 3
E 0 20
E 0 21
E 0 22
E 0 23
E 1 23
E 2 10
E 4 9
E 4 11
E 4 26
E 5 23
E 6 9
E 6 10
E 6 24
E 7 10
E 8 9
E 8 11
E 8 13
E 9 10
E 9 22
E 10 18
E 11 16
E 11 17
E 12 23
E 14 22
E 15 16
E 16 23
E 19 23
E 22 25
G Hs_Disorders_in_ketolysis_WP5195_20251111 17 18
V 188.316000 318.132000 101.000000 25.000000
V 278.611200 146.426400 90.000000 25.000000
V 75.506400 35.680320 90.000000 25.000000
V 45.000000 88.214400 90.000000 25.000000
V 225.662400 241.761600 90.000000 25.000000
V 222.969600 394.632000 90.000000 25.000000
V 129.895200 96.516000 90.000000 25.000000
V 255.672000 102.456000 50.833333 25.000000
V 169.948800 240.170400 90.000000 25.000000
V 132.681600 12.499920 137.000000 25.000000
V 112.723200 354.844800 89.000000 25.000000
V 194.932800 160.473600 101.000000 25.000000
V 184.968000 30.620160 90.000000 25.000000
V 188.510400 468.007200 195.222222 25.000000
V 59.567040 140.472000 90.000000 25.000000
V 292.032000 436.989600 195.222222 35.000000
V 307.274400 252.151200 44.425926 25.000000
E 0 4
E 0 5
E 0 8
E 0 10
E 1 11
E 2 6
E 3 6
E 4 8
E 4 11
E 4 16
E 5 13
E 5 15
E 6 9
E 6 11
E 6 12
E 6 14
E 7 11
E 8 11
G Hs_Disorders_in_ketone_body_synthesis_WP5175_20251001 28 29
V 222.321600 14.888880 90.000000 25.000000
V 277.725600 47.232000 90.000000 25.000000
V 133.077600 208.296000 178.194030 25.000000
V 302.119200 137.563200 252.000000 25.000000
V 356.551200 278.517600 102.000000 40.000000
V 153.885600 108.086400 127.666667 25.000000
V 212.385600 355.982400 170.000000 40.000000
V 370.065600 200.901600 90.000000 25.000000
V 261.504000 12.499920 90.000000 25.000000
V 340.113600 70.428240 90.000000 25.000000
V 283.125600 215.136000 90.000000 25.000000
V 184.528800 19.288080 90.000000 25.000000
V 383.414400 86.544000 160.000000 40.000000
V 375.559200 138.787200 141.000000 25.000000
V 276.948000 360.136800 90.000000 25.000000
V 450.115200 38.057040 90.000000 25.000000
V 329.356800 344.584800 90.000000 25.000000
V 172.245600 242.474400 67.471910 25.000000
V 133.394400 77.558400 139.000000 25.000000
V 182.815200 430.884000 90.000000 25.000000
V 159.559200 47.524320 90.000000 25.000000
V 168.300000 182.304000 69.786634 25.000000
V 456.098400 215.431200 90.000000 25.000000
V 232.416000 186.876000 125.840136 25.000000
V 269.884800 283.514400 90.000000 25.000000
V 226.396800 97.574400 90.000000 25.000000
V 214.459200 246.585600 90.000000 25.000000
V 52.500240 229.226400 104.728608 25.000000
E 0 25
E 1 25
E 2 23
E 2 27
E 3 7
E 3 9
E 3 12
E 3 13
E 3 23
E 3 25
E 4 7
E 4 24
E 5 25
E 6 19
E 6 24
E 7 22
E 8 25
E 10 23
E 11 25
E 12 15
E 14 24
E 16 24
E 17 23
E 18 25
E 20 25
E 21 23
E 23 24
E 23 25
E 23 26
G Hs_Disorders_of_fructose_metabolism_WP5178_20251112 37 41
V 567.410400 278.380800 90.000000 25.000000
V 638.798400 481.449600 90.000000 25.000000
V 333.921600 226.202400 90.000000 25.000000
V 448.452000 336.369600 90.000000 25.000000
V 378.633600 100.526400 90.000000 25.000000
V 79.027200 14.500080 66.614420 29.496865
V 508.651200 401.486400 90.000000 25.000000
V 386.618400 201.081600 85.399546 21.886909
V 241.293600 429.278400 79.493056 29.145833
V 370.850400 372.254400 90.000000 22.192717
V 202.989600 41.078160 90.000000 25.000000
V 81.576000 462.916800 90.000000 25.000000
V 525.736800 201.160800 120.164609 25.000000
V 677.181600 273.441600 90.000000 25.000000
V 80.503200 277.322400 161.117060 44.964610
V 160.704000 266.025600 66.614420 29.496865
V 334.756800 142.192800 90.000000 25.000000
V 89.906400 223.617600 90.000000 25.000000
V 503.380800 483.624000 90.000000 25.000000
V 305.064000 374.472000 85.399546 22.534997
V 476.762400 126.252000 90.000000 25.000000
V 194.659200 126.072000 66.614420 29.496865
V 671.191200 360.878400 90.000000 25.000000
V 127.598400 77.011200 66.614420 29.496865
V 597.643200 411.494400 90.000000 25.000000
V 313.617600 324.669600 90.000000 25.000000
V 142.401600 511.034400 90.000000 25.000000
V 438.393600 208.900800 90.000000 25.000000
V 363.837600 295.790400 85.399546 22.534997
V 614.908800 207.576000 105.465132 44.036673
V 494.013600 265.075200 124.279835 25.000000
V 156.240000 429.660000 87.305556 31.750000
V 300.153600 171.770400 90.000000 25.000000
V 234.619200 212.083200 66.614420 29.496865
V 436.809600 117.288000 73.085872 21.886909
V 132.681600 349.999200 87.305556 31.750000
V 451.152000 280.764000 90.000000 25.000000
E 0 30
E 1 24
E 2 16
E 2 27
E 2 28
E 2 32
E 2 33
E 3 6
E 3 28
E 3 30
E 3 36
E 4 7
E 5 23
E 6 18
E 6 24
E 7 28
E 7 34
E 8 19
E 8 31
E 9 28
E 10 21
E 11 31
E 12 27
E 12 29
E 12 30
E 13 22
E 13 29
E 14 15
E 15 17
E 15 33
E 15 35
E 19 28
E 20 27
E 21 23
E 21 33
E 22 24
E 25 28
E 26 31
E 27 30
E 27 36
E 31 35
G Hs_Disorders_of_galactose_metabolism__WP5173_20260703 27 29
V 182.772000 189.604800 90.000000 20.000000
V 541.468800 289.281600 130.000000 37.500000
V 568.699200 223.077600 50.000000 20.000000
V 78.292800 184.701600 60.000000 22.751841
V 482.868000 121.543200 50.000000 20.000000
V 466.531200 76.348800 90.000000 20.000000
V 417.556800 78.789600 50.000000 20.000000
V 226.137600 44.732880 50.000000 20.000000
V 196.639200 85.183200 90.000000 20.000000
V 428.716800 297.842400 60.000000 20.000000
V 414.093600 159.544800 90.000000 20.000000
V 238.780800 138.052800 90.000000 20.000000
V 144.900000 130.888800 70.000000 20.000000
V 262.591200 60.901920 60.000000 20.000000
V 489.391200 161.179200 50.000000 20.000000
V 85.615200 71.417520 70.000000 20.000000
V 514.713600 10.000080 50.000000 20.000000
V 432.237600 210.088800 50.000000 20.000000
V 384.184800 98.755200 50.000000 20.000000
V 308.973600 293.695200 142.650000 20.000000
V 208.980000 218.620800 100.000000 35.000000
V 30.000240 18.989280 60.000000 20.000000
V 443.037600 381.657600 50.000000 20.000000
V 325.368000 168.782400 146.000000 20.000000
V 350.632800 316.152000 60.000000 20.000000
V 364.672800 233.712000 141.000000 20.000000
V 481.989600 233.834400 99.159231 20.000000
E 0 11
E 1 26
E 2 26
E 3 12
E 4 10
E 5 10
E 5 16
E 6 10
E 7 11
E 8 11
E 9 22
E 9 25
E 9 26
E 10 14
E 10 17
E 10 18
E 10 23
E 10 25
E 10 26
E 11 12
E 11 13
E 11 20
E 11 23
E 12 15
E 15 21
E 19 24
E 19 25
E 23 25
E 24 25
G Hs_Disorders_of_mitochondrial_homeostatis__dynamics__protein_import__and_quality_control_WP5504_20251112 15 17
V 156.600000 69.867360 90.000000 25.000000
V 203.436000 144.583200 90.000000 35.003516
V 45.000000 203.097600 90.000000 25.000000
V 192.009600 215.179200 63.129395 25.000000
V 251.553600 217.483200 90.000000 35.003516
V 127.159200 107.157600 90.000000 25.000000
V 214.891200 75.607200 63.129395 25.000000
V 352.202400 61.249680 90.000000 25.000000
V 88.639200 35.194320 90.000000 25.000000
V 277.768800 88.192800 90.000000 25.000000
V 308.995200 12.499920 90.000000 25.000000
V 127.454400 199.720800 90.000000 25.000000
V 281.210400 180.388800 90.000000 35.003516
V 104.659200 281.095200 90.000000 25.000000
V 320.385600 251.208000 90.000000 35.003516
E 0 1
E 0 8
E 1 3
E 1 4
E 1 5
E 1 6
E 1 9
E 1 11
E 1 12
E 2 11
E 4 14
E 5 8
E 7 9
E 7 10
E 9 10
E 11 13
E 12 14
G Hs_Dopamine_metabolism_WP2436_20250630 38 45
V 289.692000 417.369600 114.088159 20.000000
V 139.694400 497.822400 67.329291 21.845746
V 276.444000 250.545600 114.088159 20.000000
V 219.434400 343.562400 114.088159 21.845746
V 502.056000 42.731280 108.494013 20.000000
V 48.538800 511.948800 91.706187 21.845746
V 422.812800 174.218400 114.088159 20.000000
V 270.547200 375.912000 148.301202 21.845746
V 83.124000 248.198400 91.554846 21.845746
V 241.308000 310.032000 35.255561 21.845746
V 371.152800 406.425600 80.000000 20.000000
V 354.765600 732.528000 80.000000 20.000000
V 568.202400 131.997600 104.523366 20.000000
V 486.216000 124.416000 114.088159 20.000000
V 37.499760 317.664000 75.301202 21.845746
V 295.380000 338.702400 114.281509 21.845746
V 354.924000 219.002400 114.088159 20.000000
V 179.308800 366.804000 49.734723 21.845746
V 141.408000 304.884000 80.105143 16.475963
V 59.670720 430.257600 72.686223 21.845746
V 249.012000 167.436000 114.088159 20.000000
V 148.687200 404.755200 66.748635 21.845746
V 112.003200 471.520800 72.686223 21.845746
V 424.785600 492.696000 56.430082 20.000000
V 235.778400 254.750400 80.000000 20.000000
V 574.545600 10.000080 108.494013 20.000000
V 333.698400 494.474400 114.088159 20.000000
V 190.094400 274.536000 35.255561 21.845746
V 178.279200 102.816000 151.302350 20.000000
V 163.425600 304.970400 148.301202 21.845746
V 252.216000 88.538400 114.088159 20.000000
V 201.211200 425.793600 106.735565 21.845746
V 218.808000 184.348800 42.177151 20.000000
V 124.113600 340.236000 35.255561 21.845746
V 620.294400 71.654400 108.494013 20.000000
V 320.983200 580.860000 114.088159 20.000000
V 393.184800 539.748000 114.088159 20.000000
V 338.925600 658.792800 114.088159 20.000000
E 0 3
E 0 10
E 0 26
E 1 5
E 1 31
E 2 3
E 2 16
E 2 20
E 2 24
E 2 32
E 3 7
E 3 9
E 3 15
E 3 17
E 3 18
E 3 21
E 3 24
E 3 27
E 3 29
E 3 31
E 3 33
E 4 13
E 4 25
E 5 19
E 6 13
E 6 16
E 8 29
E 9 29
E 11 37
E 12 13
E 12 34
E 14 33
E 17 29
E 19 21
E 20 24
E 20 28
E 20 30
E 21 22
E 23 26
E 25 34
E 26 35
E 26 36
E 27 29
E 29 33
E 35 37
G Hs_Dopaminergic_neurogenesis_WP2855_20251112 31 45
V 325.375200 85.226400 80.000000 20.000000
V 454.190400 215.100000 80.000000 20.000000
V 438.112800 118.987200 80.000000 20.000000
V 191.520000 418.874400 80.000000 20.000000
V 124.243200 109.720800 80.000000 20.000000
V 141.487200 251.352000 80.000000 20.000000
V 165.312000 158.529600 80.000000 20.000000
V 195.638400 56.219040 80.000000 20.000000
V 233.028000 97.826400 80.000000 20.000000
V 209.966400 139.752000 80.000000 20.000000
V 76.089600 301.312800 80.000000 20.000000
V 278.949600 228.333600 80.000000 20.000000
V 361.396800 127.785600 80.000000 20.000000
V 193.024800 329.270400 80.000000 20.000000
V 378.936000 180.295200 80.000000 20.000000
V 127.576800 335.923200 80.000000 20.000000
V 55.170000 251.078400 80.000000 20.000000
V 40.000320 177.235200 80.000000 20.000000
V 130.406400 196.380000 80.000000 20.000000
V 192.765600 244.418400 80.000000 20.000000
V 259.624800 10.000080 80.000000 20.000000
V 55.346400 52.485120 80.000000 20.000000
V 205.480800 267.472800 80.000000 20.000000
V 287.719200 166.924800 80.000000 20.000000
V 189.295200 206.006400 80.000000 20.000000
V 262.166400 126.201600 80.000000 20.000000
V 290.232000 290.815200 80.000000 20.000000
V 237.340800 201.139200 80.000000 20.000000
V 160.740000 50.045040 80.000000 20.000000
V 318.837600 243.388800 80.000000 20.000000
V 343.432800 357.948000 80.000000 20.000000
E 0 23
E 1 14
E 2 12
E 2 14
E 3 13
E 4 7
E 4 21
E 4 24
E 5 10
E 5 15
E 5 16
E 5 18
E 5 19
E 5 24
E 5 27
E 6 27
E 7 8
E 7 25
E 8 9
E 8 20
E 8 25
E 8 27
E 9 18
E 9 23
E 9 27
E 9 28
E 11 19
E 11 23
E 11 27
E 12 23
E 13 15
E 13 24
E 14 23
E 17 18
E 18 19
E 18 22
E 19 27
E 22 27
E 23 24
E 23 25
E 23 27
E 25 27
E 26 27
E 26 30
E 27 29
G Hs_Dravet_syndrome_WP5200_20250808 26 28
V 150.343200 358.012800 90.000000 25.000000
V 353.779200 291.340800 90.000000 25.000000
V 403.106400 148.989600 90.000000 25.000000
V 541.497600 101.779200 90.000000 25.000000
V 262.029600 327.916800 90.250000 25.000000
V 112.240800 248.407200 90.000000 25.000000
V 111.513600 337.564800 90.000000 25.000000
V 453.996000 12.499920 90.000000 25.000000
V 112.651200 298.432800 90.000000 25.000000
V 262.519200 379.389600 90.250000 25.000000
V 216.878400 260.143200 90.000000 25.000000
V 460.980000 94.881600 90.000000 25.000000
V 96.156000 542.815200 90.000000 25.000000
V 616.212000 91.548000 90.000000 25.000000
V 194.090400 310.644000 90.000000 25.000000
V 45.000000 205.293600 90.000000 25.000000
V 342.280800 199.245600 90.000000 25.000000
V 164.901600 402.789600 90.000000 25.000000
V 256.312800 163.519200 90.000000 25.000000
V 69.994080 611.416800 90.000000 25.000000
V 314.287200 445.176000 90.000000 25.000000
V 277.156800 250.646400 90.000000 25.000000
V 157.824000 257.968800 90.000000 25.000000
V 218.224800 375.228000 90.000000 25.000000
V 128.469600 474.976800 90.000000 25.000000
V 179.906400 221.738400 90.000000 25.000000
E 0 14
E 1 21
E 2 11
E 2 16
E 3 11
E 3 13
E 4 14
E 5 14
E 5 15
E 5 22
E 6 14
E 7 11
E 8 14
E 9 14
E 9 20
E 10 14
E 10 22
E 12 19
E 12 24
E 14 17
E 14 21
E 14 22
E 14 23
E 14 25
E 16 21
E 17 24
E 18 21
E 22 25
G Hs_EGF-EGFR_signaling_WP437_20251112 24 23
V 287.020800 456.271200 38.199467 20.000000
V 646.473600 314.258400 67.000000 20.000000
V 593.301600 301.204800 53.000000 20.000000
V 536.040000 720.072000 58.000000 20.000000
V 493.012800 496.836000 48.000000 20.000000
V 22.000320 10.000080 44.000000 20.000000
V 85.708800 45.610560 44.847850 20.000000
V 501.386400 410.162400 48.152150 20.000000
V 451.720800 302.673600 39.000000 20.000000
V 139.140000 95.896800 50.000000 20.000000
V 188.474400 151.711200 56.000000 20.000000
V 250.408800 196.020000 44.000000 20.000000
V 661.874400 371.851200 45.000000 20.000000
V 482.968800 659.930400 243.000000 20.000000
V 653.076000 438.235200 54.000000 20.000000
V 734.688000 450.871200 41.000000 20.000000
V 420.415200 365.702400 58.847850 20.000000
V 487.166400 579.045600 58.000000 20.000000
V 588.052800 381.139200 68.000000 20.000000
V 327.103200 221.104800 47.000000 20.000000
V 364.759200 146.275200 38.242945 20.000000
V 426.988800 717.645600 49.000000 20.000000
V 365.918400 295.308000 45.000000 20.000000
V 354.340800 413.503200 53.000000 20.000000
E 0 23
E 1 18
E 2 18
E 3 13
E 4 7
E 4 17
E 5 6
E 6 9
E 7 16
E 7 18
E 8 16
E 9 10
E 10 11
E 11 19
E 12 18
E 13 17
E 13 21
E 14 15
E 14 18
E 16 22
E 16 23
E 19 20
E 19 22
G Hs_Effect_of_omega-3_PUFA_on_Huntington&#39;s_disease_pathways_WP5470_20251120 38 44
V 169.200000 113.832000 60.000000 20.000000
V 514.965600 297.453600 80.000000 20.000000
V 395.877600 522.043200 60.000000 20.000000
V 321.055200 205.639200 60.000000 20.000000
V 202.528800 398.080800 60.519752 17.664192
V 114.134400 314.532000 60.519752 17.664192
V 432.302400 30.539520 60.000000 20.000000
V 300.024000 10.000080 60.000000 20.000000
V 324.561600 275.983200 70.000000 20.000000
V 356.184000 76.420800 60.000000 20.000000
V 172.735200 353.224800 60.000000 20.000000
V 318.513600 107.136000 60.000000 20.000000
V 395.294400 354.816000 60.000000 20.000000
V 162.770400 473.659200 60.519752 17.664192
V 52.956720 371.714400 60.000000 20.000000
V 288.993600 146.498400 60.030421 22.450249
V 566.258400 108.108000 60.000000 20.000000
V 188.798400 197.208000 60.000000 20.000000
V 379.029600 439.365600 60.000000 20.000000
V 457.329600 416.066400 60.000000 20.000000
V 268.056000 236.973600 60.000000 20.000000
V 249.429600 66.355920 60.000000 20.000000
V 359.164800 263.448000 61.009319 20.517286
V 438.372000 214.509600 60.000000 20.000000
V 427.176000 271.389600 70.000000 20.000000
V 113.882400 156.693600 60.000000 20.000000
V 477.352800 151.480800 60.000000 20.000000
V 489.369600 73.432800 60.000000 20.000000
V 235.670400 170.330400 60.000000 20.000000
V 475.581600 368.503200 60.000000 20.000000
V 209.016000 305.856000 60.000000 20.000000
V 111.060000 211.327200 59.358037 15.520903
V 30.000240 297.396000 60.000000 20.000000
V 525.830400 464.752800 60.000000 20.000000
V 123.148800 542.145600 60.519752 17.664192
V 521.928000 24.968880 60.000000 20.000000
V 111.873600 48.199680 60.000000 20.000000
V 525.844800 189.079200 60.000000 20.000000
E 0 17
E 0 28
E 0 36
E 1 24
E 2 18
E 3 11
E 3 20
E 3 22
E 4 13
E 4 30
E 5 14
E 5 30
E 5 32
E 6 9
E 6 27
E 6 35
E 7 11
E 8 20
E 8 24
E 9 15
E 10 30
E 12 18
E 12 19
E 12 22
E 12 29
E 13 34
E 15 20
E 15 21
E 15 28
E 16 35
E 16 37
E 17 20
E 17 25
E 17 31
E 19 29
E 19 33
E 20 22
E 20 28
E 20 30
E 22 23
E 23 24
E 23 26
E 23 37
E 26 27
G Hs_Effect_of_progerin_on_genes_involved_in_progeria_WP4320_20251120 15 16
V 264.945600 336.542400 90.000000 25.000000
V 331.596000 213.710400 90.000000 25.000000
V 293.983200 89.280000 124.678105 27.690286
V 124.502400 203.277600 90.000000 25.000000
V 438.717600 127.879200 170.714286 25.000000
V 275.623200 169.840800 143.557892 65.460719
V 45.000000 98.553600 90.000000 25.000000
V 126.504000 90.417600 90.000000 25.000000
V 327.859200 15.417360 90.000000 25.000000
V 356.220000 313.401600 90.000000 25.000000
V 107.769600 12.499920 90.000000 25.000000
V 188.172000 147.405600 90.000000 25.000000
V 359.200800 142.552800 90.000000 25.000000
V 293.875200 260.236800 90.000000 31.877193
V 240.134400 233.395200 90.000000 25.000000
E 0 13
E 1 5
E 1 13
E 2 5
E 2 8
E 3 11
E 4 12
E 5 11
E 5 12
E 5 13
E 5 14
E 6 7
E 7 10
E 7 11
E 9 13
E 13 14
G Hs_Eicosanoid_metabolism_via_cytochrome_P450_monooxygenases_pathway_WP4720_20250708 15 17
V 101.440800 17.301600 102.000000 25.000000
V 306.972000 124.581600 102.000000 25.000000
V 179.438400 129.715200 65.500000 25.500000
V 210.160800 219.448800 102.000000 25.000000
V 274.543200 215.510400 102.000000 25.000000
V 50.999760 183.124800 102.000000 25.000000
V 155.462400 76.816800 102.000000 25.000000
V 223.178400 145.605600 102.000000 25.000000
V 218.181600 60.895440 102.000000 25.000000
V 311.277600 12.499920 102.000000 25.000000
V 127.972800 158.313600 102.000000 25.000000
V 166.960800 207.763200 102.000000 25.000000
V 259.452000 79.898400 102.000000 25.000000
V 305.661600 175.406400 102.000000 25.000000
V 208.072800 304.768800 102.000000 25.000000
E 0 6
E 1 7
E 2 3
E 2 6
E 2 10
E 2 12
E 3 7
E 3 14
E 4 7
E 5 10
E 6 7
E 7 8
E 7 10
E 7 11
E 7 12
E 7 13
E 9 12
G Hs_Endochondral_ossification_WP474_20251202 26 34
V 104.061600 10.000080 80.000000 20.000000
V 331.920000 189.043200 80.000000 20.000000
V 254.404800 96.076800 51.000000 20.000000
V 163.540800 225.835200 80.000000 20.000000
V 143.935200 84.160800 80.000000 20.000000
V 212.688000 270.849600 80.000000 20.000000
V 250.581600 384.688800 84.000000 20.000000
V 443.995200 109.396800 80.000000 20.000000
V 354.297600 281.275200 80.000000 20.000000
V 252.612000 50.425920 80.000000 20.000000
V 423.979200 187.632000 80.000000 20.000000
V 118.807200 190.591200 80.000000 20.000000
V 382.010400 386.884800 80.000000 20.000000
V 373.896000 157.723200 80.000000 20.000000
V 388.238400 236.088000 80.000000 20.000000
V 212.968800 142.300800 80.000000 20.000000
V 240.314400 178.380000 80.000000 20.000000
V 153.093600 164.930400 84.000000 20.000000
V 340.207200 313.898400 80.000000 20.000000
V 40.000320 226.274400 80.000000 20.000000
V 84.024000 119.520000 80.000000 20.000000
V 253.224000 238.672800 80.000000 20.000000
V 300.571200 102.571200 80.000000 20.000000
V 301.708800 219.607200 80.000000 20.000000
V 275.515200 302.428800 80.000000 20.000000
V 202.032000 59.096880 80.000000 20.000000
E 0 4
E 1 8
E 1 10
E 1 13
E 1 16
E 2 16
E 2 22
E 3 16
E 3 17
E 4 15
E 4 20
E 5 16
E 5 24
E 6 24
E 7 13
E 8 24
E 9 15
E 10 13
E 10 14
E 11 15
E 11 19
E 12 18
E 13 23
E 14 23
E 15 16
E 15 23
E 15 25
E 16 17
E 16 21
E 16 22
E 17 20
E 18 23
E 21 23
E 23 24
G Hs_Endochondral_ossification_with_skeletal_dysplasias_WP4808_20251121 26 34
V 104.061600 10.000080 80.000000 20.000000
V 331.920000 189.043200 80.000000 20.000000
V 254.404800 96.076800 51.000000 20.000000
V 163.540800 225.835200 80.000000 20.000000
V 143.935200 84.160800 80.000000 20.000000
V 212.688000 270.849600 80.000000 20.000000
V 250.581600 384.688800 84.000000 20.000000
V 443.995200 109.396800 80.000000 20.000000
V 354.297600 281.275200 80.000000 20.000000
V 252.612000 50.425920 80.000000 20.000000
V 423.979200 187.632000 80.000000 20.000000
V 118.807200 190.591200 80.000000 20.000000
V 382.010400 386.884800 80.000000 20.000000
V 373.896000 157.723200 80.000000 20.000000
V 388.238400 236.088000 80.000000 20.000000
V 212.968800 142.300800 80.000000 20.000000
V 240.314400 178.380000 80.000000 20.000000
V 153.093600 164.930400 84.000000 20.000000
V 340.207200 313.898400 80.000000 20.000000
V 40.000320 226.274400 80.000000 20.000000
V 84.024000 119.520000 80.000000 20.000000
V 253.224000 238.672800 80.000000 20.000000
V 300.571200 102.571200 80.000000 20.000000
V 301.708800 219.607200 80.000000 20.000000
V 275.515200 302.428800 80.000000 20.000000
V 202.032000 59.096880 80.000000 20.000000
E 0 4
E 1 8
E 1 10
E 1 13
E 1 16
E 2 16
E 2 22
E 3 16
E 3 17
E 4 15
E 4 20
E 5 16
E 5 24
E 6 24
E 7 13
E 8 24
E 9 15
E 10 13
E 10 14
E 11 15
E 11 19
E 12 18
E 13 23
E 14 23
E 15 16
E 15 23
E 15 25
E 16 17
E 16 21
E 16 22
E 17 20
E 18 23
E 21 23
E 23 24
G Hs_Epithelial_to_mesenchymal_transition_in_colorectal_cancer_WP4239_20250720 28 33
V 101.577600 244.987200 50.000000 25.000000
V 244.800000 173.772000 50.000000 25.000000
V 540.748800 422.776800 57.320186 25.000000
V 379.944000 525.924000 60.469613 25.000000
V 452.541600 244.137600 57.320186 25.000000
V 234.590400 322.372800 61.538037 25.000000
V 177.458400 223.192800 59.000000 25.000000
V 268.531200 244.684800 50.365646 25.000000
V 373.795200 140.644800 52.727002 25.000000
V 437.292000 195.775200 71.796590 25.000000
V 274.197600 94.896000 50.000000 25.000000
V 219.628800 263.743200 50.000000 25.000000
V 532.936800 208.778400 57.320186 25.000000
V 471.088800 385.754400 60.469613 25.000000
V 271.339200 320.436000 52.000000 25.000000
V 337.003200 277.351200 50.000000 25.000000
V 206.690400 184.701600 66.750000 25.000000
V 388.296000 165.520800 90.000000 25.000000
V 362.944800 229.147200 57.320186 25.000000
V 24.999840 234.813600 50.000000 25.000000
V 263.952000 12.499920 60.000000 25.000000
V 379.886400 446.083200 79.570398 25.000000
V 175.125600 286.142400 50.000000 25.000000
V 392.853600 357.026400 75.203623 25.000000
V 331.120800 351.108000 49.000000 25.000000
V 331.596000 99.979200 44.999020 25.000000
V 313.365600 184.406400 57.320186 25.000000
V 128.671200 356.954400 48.452369 25.000000
E 0 6
E 0 19
E 0 22
E 1 7
E 2 13
E 3 21
E 4 12
E 4 18
E 5 7
E 6 7
E 6 16
E 7 11
E 7 14
E 7 15
E 7 16
E 7 18
E 7 22
E 7 26
E 8 18
E 8 26
E 9 18
E 10 20
E 10 26
E 13 23
E 15 18
E 15 23
E 15 24
E 15 26
E 17 18
E 17 26
E 21 23
E 22 27
E 25 26
G Hs_Estrogen_signaling_WP712_20251121 18 18
V 227.930400 222.055200 60.000000 20.000000
V 261.633600 77.911200 60.000000 20.000000
V 227.541600 381.852000 60.000000 20.000000
V 240.624000 537.386400 60.000000 20.000000
V 147.348000 403.358400 106.033333 40.000000
V 209.217600 141.422400 60.000000 20.000000
V 77.947200 52.626240 53.033333 25.033333
V 258.321600 300.492000 60.000000 20.000000
V 297.273600 10.000080 60.000000 20.000000
V 201.823200 461.440800 106.033333 40.000000
V 105.501600 454.269600 60.000000 20.000000
V 30.000240 484.675200 60.000000 20.000000
V 344.289600 292.320000 60.000000 20.000000
V 424.231200 290.210400 60.000000 20.000000
V 269.719200 609.091200 93.033333 40.000000
V 137.023200 102.009600 91.033333 30.033333
V 302.277600 414.244800 48.033333 25.033333
V 128.944800 494.316000 90.000000 20.000000
E 0 5
E 0 7
E 1 5
E 1 8
E 2 4
E 2 7
E 2 9
E 2 16
E 3 9
E 3 14
E 4 10
E 4 17
E 5 15
E 6 15
E 7 12
E 9 10
E 10 11
E 12 13
G Hs_Estrogen_synthesis_and_metabolism_WP5276_20260227 36 42
V 393.739200 165.535200 66.500000 26.500000
V 168.955200 281.779200 124.605658 25.000000
V 280.216800 117.720000 90.000000 35.000000
V 511.142400 175.773600 109.332958 25.000000
V 494.928000 31.618800 90.000000 25.000000
V 83.001600 115.812000 165.966387 35.000000
V 243.727200 236.116800 122.411336 25.000000
V 603.064800 230.680800 116.007398 26.419938
V 401.140800 101.930400 105.000000 25.000000
V 456.796800 160.221600 90.000000 25.000000
V 422.121600 198.316800 90.000000 25.000000
V 185.565600 156.823200 60.000000 25.000000
V 588.384000 129.218400 109.962205 25.000000
V 323.467200 199.188000 90.000000 25.000000
V 504.360000 227.455200 120.209079 25.000000
V 490.262400 342.360000 149.159664 35.000000
V 235.864800 182.584800 133.201174 25.000000
V 94.788000 241.876800 60.000000 25.000000
V 428.918400 247.550400 90.000000 35.000000
V 380.030400 371.080800 70.000000 26.500000
V 327.477600 107.078400 90.000000 25.000000
V 330.134400 287.726400 90.000000 25.000000
V 123.674400 350.056800 177.907544 35.000000
V 559.994400 246.319200 60.000000 25.000000
V 420.480000 383.544000 158.432321 35.000000
V 420.696000 12.499920 90.000000 25.000000
V 461.966400 372.312000 60.000000 25.000000
V 416.390400 298.252800 145.494816 25.000000
V 347.155200 43.083360 90.000000 25.000000
V 284.673600 163.497600 90.000000 25.000000
V 664.783200 287.870400 121.848739 35.000000
V 659.052000 171.698400 60.000000 25.000000
V 639.259200 63.927360 114.372361 35.000000
V 141.904800 175.694400 142.654955 25.000000
V 287.121600 366.033600 70.000000 25.000000
V 460.728000 113.911200 90.000000 25.000000
E 0 10
E 1 6
E 1 17
E 1 22
E 2 13
E 3 10
E 3 12
E 3 23
E 4 35
E 5 33
E 6 11
E 6 13
E 7 14
E 7 30
E 7 31
E 8 10
E 8 20
E 8 25
E 8 28
E 9 10
E 10 13
E 10 14
E 10 18
E 10 27
E 10 35
E 11 16
E 12 31
E 12 32
E 13 16
E 13 20
E 13 21
E 13 29
E 14 23
E 15 27
E 16 33
E 17 33
E 19 27
E 20 28
E 21 27
E 21 34
E 24 27
E 26 27
G Hs_Ethanol_effects_on_histone_modifications_WP3996_20251121 30 33
V 265.010400 426.225600 80.000000 20.000000
V 148.485600 539.568000 80.000000 20.000000
V 576.907200 417.952800 80.000000 20.000000
V 457.214400 615.434400 80.000000 20.000000
V 550.152000 567.835200 80.000000 20.000000
V 352.382400 74.080800 80.000000 20.000000
V 409.572000 566.359200 80.000000 20.000000
V 191.131200 470.973600 128.000000 20.000000
V 305.229600 180.158400 120.000000 20.000000
V 632.808000 452.916000 80.000000 20.000000
V 378.806400 219.916800 80.000000 20.000000
V 491.407200 10.000080 80.000000 20.000000
V 405.669600 139.240800 80.000000 20.000000
V 497.642400 470.937600 80.000000 20.000000
V 507.088800 589.010400 80.000000 20.000000
V 516.664800 368.337600 80.000000 20.000000
V 461.606400 80.762400 80.000000 20.000000
V 40.000320 428.551200 80.000000 20.000000
V 118.411200 430.027200 110.000000 20.000000
V 377.056800 311.097600 80.000000 20.000000
V 488.023200 769.968000 80.000000 20.000000
V 189.165600 393.573600 80.000000 20.000000
V 469.728000 696.276000 80.000000 20.000000
V 352.094400 401.587200 80.000000 20.000000
V 474.213600 526.068000 80.000000 20.000000
V 587.498400 508.824000 80.000000 20.000000
V 538.653600 456.134400 80.000000 20.000000
V 418.075200 463.507200 80.000000 20.000000
V 310.600800 285.696000 120.000000 20.000000
V 455.385600 316.735200 80.000000 20.000000
E 0 7
E 0 21
E 0 23
E 1 7
E 2 13
E 3 22
E 3 24
E 4 24
E 5 12
E 6 24
E 7 18
E 8 10
E 9 26
E 10 12
E 10 19
E 11 16
E 12 16
E 13 24
E 13 25
E 13 26
E 13 27
E 14 24
E 15 26
E 15 29
E 17 18
E 18 21
E 19 23
E 19 28
E 19 29
E 20 22
E 23 27
E 24 26
E 24 27
G Hs_Ethylmalonic_encephalopathy_WP5030_20250826 17 19
V 179.200800 15.999840 108.005857 32.268500
V 220.240800 239.947200 90.000000 25.000000
V 134.208000 83.268000 90.000000 25.000000
V 116.611200 172.987200 115.000000 28.500000
V 194.335200 387.604800 90.000000 25.000000
V 184.651200 158.054400 90.000000 25.000000
V 45.000000 233.560800 90.000000 25.000000
V 67.263840 35.276400 90.000000 25.000000
V 88.034400 341.971200 90.000000 28.500000
V 263.512800 149.032800 90.000000 25.000000
V 168.264000 310.053600 90.000000 28.500000
V 130.536000 382.932000 90.000000 28.500000
V 242.359200 352.814400 90.000000 25.000000
V 133.545600 231.696000 162.000000 28.500000
V 294.480000 36.064080 60.671642 25.000000
V 305.215200 254.822400 90.000000 25.000000
V 225.280800 81.813600 60.671642 25.000000
E 0 2
E 0 16
E 1 5
E 1 10
E 1 15
E 2 5
E 2 7
E 3 5
E 3 13
E 4 10
E 5 9
E 5 13
E 5 16
E 6 13
E 8 10
E 10 11
E 10 12
E 10 13
E 14 16
G Hs_FGFR3_signaling_in_chondrocyte_proliferation_and_terminal_differentiation_WP4767_20251122 17 18
V 186.991200 142.387200 119.744673 25.000000
V 321.940800 114.163200 90.000000 25.000000
V 356.428800 201.304800 90.000000 25.000000
V 213.444000 324.230400 90.000000 25.000000
V 431.294400 235.461600 90.000000 25.000000
V 114.105600 105.256800 90.000000 25.000000
V 45.000000 72.784800 90.000000 25.000000
V 507.355200 225.453600 90.000000 25.000000
V 128.498400 279.151200 106.705989 29.741379
V 369.770400 45.979200 158.748608 25.000000
V 201.124800 241.588800 90.000000 25.000000
V 302.652000 228.398400 90.000000 25.000000
V 485.244000 290.073600 79.178611 25.000000
V 256.039200 261.050400 90.000000 25.000000
V 265.118400 176.666400 90.000000 25.000000
V 254.001600 95.652000 90.000000 25.000000
V 249.228000 12.499920 90.000000 25.000000
E 0 5
E 0 14
E 1 9
E 1 14
E 2 4
E 2 14
E 3 10
E 3 13
E 4 7
E 4 12
E 5 6
E 7 12
E 8 10
E 10 14
E 11 14
E 13 14
E 14 15
E 15 16
G Hs_Factors_and_pathways_affecting_insulin-like_growth_factor_(IGF1)-Akt_signaling_WP3850_20251123 33 34
V 621.460800 394.394400 80.000000 20.000000
V 365.522400 423.136800 80.000000 20.000000
V 112.190400 258.580800 80.000000 20.000000
V 656.575200 473.882400 80.000000 20.000000
V 786.528000 399.902400 80.000000 20.000000
V 474.523200 241.653600 80.000000 20.000000
V 544.204800 260.510400 80.000000 20.000000
V 642.211200 161.121600 150.756303 20.000000
V 174.700800 309.945600 118.781513 20.000000
V 862.776000 407.260800 137.689076 30.000000
V 534.787200 351.676800 80.000000 20.000000
V 134.776800 641.376000 80.000000 20.000000
V 706.154400 388.670400 80.000000 20.000000
V 627.444000 242.892000 80.000000 20.000000
V 597.304800 217.116000 80.000000 20.000000
V 562.147200 10.000080 80.000000 20.000000
V 560.858400 167.234400 80.000000 20.000000
V 279.324000 448.120800 80.000000 20.000000
V 562.896000 500.450400 80.000000 20.000000
V 118.641600 439.365600 80.000000 20.000000
V 192.664800 586.231200 80.000000 20.000000
V 445.356000 383.443200 80.000000 20.000000
V 542.620800 419.889600 80.000000 20.000000
V 701.020800 543.348000 118.781513 20.000000
V 235.080000 371.469600 80.000000 20.000000
V 489.729600 199.648800 80.000000 20.000000
V 390.038400 495.453600 80.000000 20.000000
V 261.302400 540.036000 80.000000 20.000000
V 40.000320 430.502400 80.000000 20.000000
V 201.758400 445.370400 80.000000 20.000000
V 282.333600 622.972800 80.000000 20.000000
V 279.288000 704.332800 80.000000 20.000000
V 551.102400 85.507200 80.000000 20.000000
E 0 3
E 0 10
E 0 12
E 1 17
E 1 21
E 1 26
E 2 8
E 3 23
E 4 9
E 4 12
E 5 6
E 6 10
E 6 13
E 6 14
E 6 16
E 6 25
E 7 13
E 7 14
E 7 16
E 8 24
E 10 21
E 10 22
E 11 20
E 15 32
E 16 32
E 17 24
E 17 27
E 17 29
E 18 22
E 19 28
E 19 29
E 20 27
E 27 30
E 30 31
G Hs_Familial__hyperlipidemia_type_1_WP5108_20251123 19 22
V 287.064000 208.576800 90.000000 25.000000
V 132.206400 191.505600 90.000000 25.000000
V 84.247200 116.964000 90.000000 25.000000
V 147.535200 121.975200 90.000000 25.000000
V 253.332000 136.166400 90.000000 25.000000
V 45.000000 188.654400 90.000000 25.000000
V 97.588800 328.960800 90.000000 25.000000
V 216.338400 224.042400 90.000000 25.000000
V 328.046400 90.100800 90.000000 25.000000
V 120.787200 39.723840 90.000000 25.000000
V 73.440000 243.777600 90.000000 25.000000
V 143.517600 256.492800 90.000000 25.000000
V 258.552000 284.515200 90.000000 25.000000
V 251.366400 393.868800 90.000000 25.000000
V 196.696800 72.057600 130.995000 25.000000
V 298.180800 256.140000 90.000000 25.000000
V 409.996800 93.888000 212.818282 25.000000
V 220.377600 317.023200 90.000000 25.000000
V 351.468000 12.499920 90.000000 25.000000
E 0 7
E 1 2
E 1 3
E 1 5
E 1 7
E 1 10
E 1 11
E 2 9
E 3 14
E 4 7
E 4 8
E 4 14
E 6 11
E 7 11
E 7 12
E 7 15
E 7 17
E 8 16
E 8 18
E 9 14
E 10 11
E 13 17
G Hs_Familial_hyperlipidemia_type_2_WP5109_20251123 32 36
V 160.891200 327.592800 60.000000 20.000000
V 423.007200 514.591200 130.000000 35.000000
V 84.045600 130.154400 80.000000 20.000000
V 583.041600 525.268800 60.000000 20.000000
V 214.092000 223.718400 40.000000 20.000000
V 81.028800 467.748000 60.000000 20.000000
V 115.725600 10.000080 60.000000 20.000000
V 243.705600 454.665600 60.000000 20.000000
V 269.676000 156.038400 60.000000 20.000000
V 355.197600 266.882400 60.000000 20.000000
V 654.638400 548.488800 70.000000 20.000000
V 416.440800 600.415200 60.000000 20.000000
V 150.739200 506.304000 60.000000 20.000000
V 229.838400 325.879200 40.000000 20.000000
V 117.367200 451.382400 60.000000 20.000000
V 207.352800 97.545600 60.000000 20.000000
V 139.953600 85.068000 80.000000 20.000000
V 131.587200 251.179200 60.000000 20.000000
V 30.000240 179.589600 60.000000 20.000000
V 169.624800 427.521600 130.000000 35.000000
V 65.661120 325.656000 60.000000 20.000000
V 63.388800 402.364800 60.000000 20.000000
V 122.004000 196.243200 40.000000 20.000000
V 152.193600 376.041600 60.000000 20.000000
V 295.927200 396.770400 60.000000 20.000000
V 293.176800 195.076800 60.000000 20.000000
V 366.004800 450.511200 60.000000 20.000000
V 162.266400 166.694400 40.000000 20.000000
V 264.024000 301.680000 60.000000 20.000000
V 506.462400 509.846400 60.000000 20.000000
V 420.048000 680.169600 60.000000 20.000000
V 430.092000 220.442400 60.000000 20.000000
E 0 17
E 0 19
E 0 20
E 0 23
E 0 28
E 1 11
E 1 26
E 1 29
E 2 27
E 3 10
E 3 29
E 4 8
E 4 13
E 4 22
E 4 25
E 4 27
E 5 19
E 5 21
E 6 16
E 7 19
E 7 24
E 9 28
E 9 31
E 11 30
E 12 14
E 12 19
E 13 23
E 13 24
E 14 23
E 15 27
E 16 27
E 17 27
E 18 22
E 21 23
E 22 27
E 24 26
G Hs_Familial_hyperlipidemia_type_3_WP5110_20251123 18 22
V 261.525600 343.224000 80.000000 25.000000
V 145.929600 210.326400 90.000000 25.000000
V 163.728000 51.629760 90.000000 25.000000
V 201.038400 286.653600 90.000000 25.000000
V 166.024800 256.096800 90.000000 25.000000
V 45.000000 12.499920 90.000000 25.000000
V 169.308000 128.793600 90.000000 25.000000
V 245.246400 88.675200 70.000000 25.000000
V 61.981920 217.828800 90.000000 25.000000
V 213.631200 54.713520 90.000000 25.000000
V 102.441600 68.433120 90.000000 25.000000
V 80.805600 270.108000 80.000000 25.000000
V 262.886400 272.685600 90.000000 25.000000
V 216.756000 204.141600 90.000000 25.000000
V 88.646400 124.884000 80.000000 25.000000
V 290.383200 166.291200 80.000000 25.000000
V 301.924800 213.422400 90.000000 25.000000
V 170.553600 365.868000 183.293085 25.000000
E 0 3
E 0 12
E 1 3
E 1 4
E 1 6
E 1 8
E 1 11
E 1 13
E 2 6
E 3 12
E 3 13
E 3 17
E 4 13
E 5 10
E 6 7
E 6 9
E 6 10
E 6 13
E 6 14
E 12 13
E 13 15
E 13 16
G Hs_Familial_hyperlipidemia_type_4_WP5111_20251123 26 27
V 45.000000 252.914400 90.000000 25.000000
V 340.279200 85.485600 90.000000 25.000000
V 405.820800 334.792800 90.000000 25.000000
V 686.685600 693.367200 90.000000 25.000000
V 123.048000 234.036000 90.000000 25.000000
V 456.559200 391.053600 167.279374 25.000000
V 227.527200 76.550400 90.000000 25.000000
V 622.756800 640.800000 90.000000 25.000000
V 616.284000 557.028000 90.000000 25.000000
V 766.512000 698.328000 90.000000 25.000000
V 283.831200 223.034400 90.000000 25.000000
V 131.364000 169.293600 90.000000 25.000000
V 557.712000 503.035200 90.000000 25.000000
V 508.053600 445.694400 90.000000 25.000000
V 683.164800 774.000000 90.000000 25.000000
V 204.480000 196.322400 90.000000 25.000000
V 279.151200 68.649840 90.000000 25.000000
V 565.156800 699.429600 130.354839 25.000000
V 273.153600 145.735200 90.000000 25.000000
V 350.805600 278.625600 90.000000 25.000000
V 260.949600 295.848000 90.000000 25.000000
V 157.989600 126.338400 90.000000 25.000000
V 376.156800 12.499920 90.000000 25.000000
V 690.444000 518.500800 90.000000 25.000000
V 175.406400 270.288000 90.000000 25.000000
V 337.910400 175.399200 90.000000 25.000000
E 0 4
E 1 18
E 1 22
E 2 5
E 2 19
E 3 7
E 3 9
E 3 14
E 4 15
E 5 13
E 6 18
E 7 8
E 7 17
E 8 12
E 8 23
E 10 15
E 10 18
E 10 19
E 10 20
E 10 25
E 11 15
E 12 13
E 15 18
E 15 21
E 15 24
E 16 18
E 18 25
G Hs_Familial_hyperlipidemia_type_5_WP5112_20251123 21 23
V 192.312000 122.968800 90.000000 25.000000
V 532.188000 251.337600 90.000000 25.000000
V 45.000000 110.743200 90.000000 25.000000
V 341.373600 130.104000 130.995000 25.000000
V 477.820800 208.281600 90.000000 25.000000
V 116.884800 128.217600 90.000000 25.000000
V 397.245600 190.389600 90.000000 25.000000
V 651.967200 230.551200 90.000000 25.000000
V 602.964000 132.278400 90.000000 25.000000
V 460.936800 123.552000 90.000000 25.000000
V 255.938400 12.499920 90.000000 25.000000
V 267.876000 95.839200 90.000000 25.000000
V 522.460800 172.382400 90.000000 25.000000
V 600.926400 315.460800 90.000000 25.000000
V 658.555200 374.083200 90.000000 25.000000
V 644.313600 170.539200 90.000000 25.000000
V 572.558400 215.604000 90.000000 25.000000
V 549.820800 401.234400 90.000000 25.000000
V 557.280000 314.712000 90.000000 25.000000
V 430.452000 278.704800 90.000000 25.000000
V 399.888000 76.824000 90.000000 25.000000
E 0 5
E 0 11
E 1 4
E 1 12
E 1 13
E 1 16
E 2 5
E 3 6
E 3 11
E 3 20
E 4 6
E 4 9
E 4 12
E 4 16
E 4 19
E 7 16
E 8 16
E 9 20
E 10 11
E 13 14
E 15 16
E 16 18
E 17 18
G Hs_Familial_partial_lipodystrophy_WP5102_20251123 23 26
V 282.679200 186.919200 90.000000 25.000000
V 424.173600 410.378400 108.945000 25.000000
V 303.580800 12.499920 90.000000 25.000000
V 195.537600 178.711200 90.000000 25.000000
V 217.663200 52.455600 90.000000 25.000000
V 123.422400 136.461600 90.000000 25.000000
V 45.000000 146.397600 90.000000 25.000000
V 499.068000 162.432000 90.000000 25.000000
V 289.094400 96.141600 90.000000 25.000000
V 137.491200 53.308800 90.000000 25.000000
V 364.773600 213.696000 90.000000 25.000000
V 374.601600 80.827200 90.000000 25.000000
V 354.067200 362.707200 108.945000 25.000000
V 308.289600 433.260000 108.945000 25.000000
V 272.102400 243.144000 90.000000 25.000000
V 349.286400 153.813600 90.000000 25.000000
V 475.588800 98.496000 90.000000 25.000000
V 341.028000 274.032000 90.000000 25.000000
V 425.800800 240.775200 90.000000 25.000000
V 417.960000 157.010400 170.129375 36.406875
V 483.667200 461.383200 90.000000 25.000000
V 203.623200 293.148000 90.000000 25.000000
V 280.548000 506.383200 90.000000 25.000000
E 0 3
E 0 8
E 0 14
E 0 15
E 0 17
E 1 12
E 1 20
E 2 8
E 3 5
E 4 8
E 4 9
E 5 6
E 5 9
E 7 19
E 8 11
E 10 14
E 10 19
E 11 19
E 12 13
E 12 17
E 13 22
E 14 21
E 15 19
E 16 19
E 17 18
E 18 19
G Hs_Fas_ligand_pathway_and_stress_induction_of_heat_shock_proteins_WP314_20251123 31 30
V 100.562400 206.467200 60.000000 20.000000
V 477.943200 96.998400 40.000000 20.000000
V 311.090400 329.450400 73.333333 20.000000
V 137.707200 300.110400 40.000000 20.000000
V 271.929600 246.225600 73.333333 20.000000
V 84.556800 245.203200 53.333333 20.000000
V 154.951200 145.317600 40.000000 20.000000
V 195.638400 141.012000 66.666667 20.000000
V 335.930400 175.665600 57.599516 20.000000
V 366.213600 10.000080 40.000000 20.000000
V 40.000320 110.426400 80.000000 20.000000
V 252.972000 383.565600 60.000000 20.000000
V 218.282400 181.418400 40.000000 20.000000
V 477.525600 448.869600 54.000000 14.666667
V 496.922400 508.622400 53.333333 20.000000
V 579.427200 486.727200 40.000000 20.000000
V 411.948000 482.299200 55.909256 20.000000
V 101.426400 282.902400 73.333333 20.000000
V 383.666400 574.416000 60.000000 20.000000
V 321.717600 634.060800 54.000000 14.666667
V 364.975200 526.716000 46.666667 20.000000
V 345.268800 89.100000 53.333333 20.000000
V 545.176800 570.895200 56.000000 14.000000
V 364.068000 402.235200 60.000000 20.000000
V 104.428800 157.687200 73.333333 20.000000
V 170.784000 222.890400 73.333333 20.000000
V 180.640800 281.181600 53.333333 20.000000
V 303.825600 454.687200 54.666667 14.000000
V 413.647200 147.535200 40.000000 20.000000
V 432.252000 360.432000 54.666667 12.666667
V 408.031200 649.382400 52.333333 12.000000
E 0 25
E 1 28
E 2 4
E 2 11
E 2 23
E 3 25
E 4 8
E 4 25
E 5 25
E 6 25
E 7 25
E 8 21
E 8 28
E 9 21
E 10 24
E 12 25
E 13 16
E 14 15
E 14 16
E 14 22
E 16 18
E 16 20
E 16 23
E 17 25
E 18 19
E 18 30
E 23 27
E 23 29
E 24 25
E 25 26
G Hs_Fatty_acid_and_lipoprotein_transport_in_hepatocytes_WP5323_20251123 36 37
V 49.039920 859.176000 80.000000 25.000000
V 693.820800 224.402400 100.000000 20.000000
V 498.441600 10.000080 100.000000 20.000000
V 868.968000 501.969600 60.000000 20.000000
V 915.768000 404.496000 90.000000 25.000000
V 542.160000 81.180000 110.000000 20.000000
V 527.140800 163.159200 70.000000 25.000000
V 590.551200 18.504000 60.000000 20.000000
V 483.112800 251.071200 160.000000 25.000000
V 542.995200 266.594400 70.000000 20.000000
V 630.194400 290.066400 110.000000 20.000000
V 460.548000 118.872000 60.000000 20.000000
V 572.767200 203.457600 70.000000 25.000000
V 513.554400 209.743200 60.000000 20.000000
V 692.481600 290.635200 110.000000 20.000000
V 759.600000 176.774400 60.000000 20.000000
V 838.008000 428.248800 60.000000 25.000000
V 763.128000 398.023200 60.000000 25.000000
V 689.090400 360.028800 110.000000 20.000000
V 232.473600 322.329600 85.000000 25.000000
V 171.072000 267.379200 140.000000 25.000000
V 297.518400 382.089600 95.000000 25.000000
V 252.259200 454.716000 60.000000 25.000000
V 189.849600 510.415200 60.000000 25.000000
V 185.608800 593.510400 60.000000 25.000000
V 164.073600 668.700000 60.000000 25.000000
V 134.085600 738.360000 60.000000 25.000000
V 96.026400 802.440000 60.000000 25.000000
V 107.884800 486.972000 80.000000 25.000000
V 473.644800 332.726400 70.000000 20.000000
V 522.640800 398.937600 60.000000 20.000000
V 482.536800 406.346400 120.000000 20.000000
V 30.000240 469.749600 60.000000 20.000000
V 384.163200 357.796800 70.000000 20.000000
V 393.847200 436.161600 90.000000 20.000000
V 341.265600 294.868800 60.000000 20.000000
E 0 27
E 1 10
E 1 15
E 2 5
E 3 16
E 4 16
E 5 6
E 5 7
E 6 9
E 6 11
E 6 12
E 6 13
E 8 9
E 9 10
E 9 12
E 9 13
E 9 29
E 10 14
E 10 18
E 16 17
E 17 18
E 19 20
E 19 21
E 21 22
E 21 33
E 22 23
E 23 24
E 23 28
E 24 25
E 25 26
E 26 27
E 28 32
E 29 30
E 29 31
E 29 33
E 33 34
E 33 35
G Hs_Fatty_acid_biosynthesis_WP357_20251123 35 37
V 661.550400 434.246400 130.000000 19.200000
V 203.004000 658.504800 53.333333 20.000000
V 259.048800 387.691200 100.533333 19.200000
V 88.574400 452.894400 60.000000 19.200000
V 329.608800 609.602400 53.333333 20.000000
V 110.822400 371.066400 89.333333 19.200000
V 218.937600 576.216000 158.133333 19.200000
V 300.276000 532.749600 117.333333 19.200000
V 224.992800 79.984800 104.533333 19.200000
V 194.853600 323.431200 88.533333 19.200000
V 939.096000 534.456000 114.933333 19.200000
V 80.431200 571.161600 53.333333 20.000000
V 862.416000 365.673600 53.333333 20.000000
V 504.979200 418.579200 74.933333 19.200000
V 204.501600 450.655200 101.333333 19.200000
V 303.753600 331.142400 53.333333 20.000000
V 739.296000 435.448800 178.933333 19.200000
V 444.470400 511.927200 53.333333 20.000000
V 332.150400 443.966400 97.333333 19.200000
V 106.171200 203.356800 53.333333 20.000000
V 139.190400 293.457600 53.333333 20.000000
V 143.985600 517.464000 130.933333 19.200000
V 601.819200 536.961600 56.236287 20.000000
V 420.386400 438.228000 111.733333 19.200000
V 26.500320 358.970400 53.333333 20.000000
V 194.875200 148.903200 99.904762 65.000000
V 187.279200 231.444000 55.733333 19.200000
V 157.528800 77.378400 72.533333 19.200000
V 120.420000 10.000080 53.333333 20.000000
V 529.437600 341.373600 53.333333 20.000000
V 875.736000 492.732000 167.733333 19.200000
V 199.958400 514.821600 53.333333 20.000000
V 583.012800 455.709600 119.733333 19.200000
V 1002.528000 572.306400 230.000000 25.000000
V 818.784000 435.600000 118.133333 19.200000
E 0 16
E 0 32
E 1 6
E 2 9
E 2 14
E 2 15
E 2 18
E 3 5
E 3 21
E 4 7
E 5 9
E 5 24
E 6 7
E 6 21
E 7 18
E 8 25
E 8 27
E 9 20
E 9 26
E 10 30
E 10 33
E 11 21
E 12 34
E 13 23
E 13 29
E 13 32
E 14 21
E 14 31
E 16 34
E 17 23
E 18 23
E 19 26
E 22 32
E 25 26
E 25 27
E 27 28
E 30 34
G Hs_Female_steroid_hormones_in_cardiomyocyte_energy_metabolism_WP5318_20250725 37 42
V 549.158400 161.337600 90.000000 25.000000
V 516.744000 243.914400 90.000000 33.822925
V 429.300000 174.607200 86.416626 63.035407
V 158.788800 501.868800 90.000000 25.000000
V 440.920800 275.349600 90.000000 22.007865
V 215.899200 393.235200 142.680098 36.920024
V 381.276000 219.938400 81.663216 27.750008
V 125.560800 388.288800 90.000000 25.000000
V 540.597600 97.509600 145.433809 25.000000
V 680.652000 295.308000 119.448959 25.000000
V 263.613600 308.721600 76.603784 30.327316
V 142.077600 454.341600 90.000000 25.000000
V 421.365600 401.148000 90.000000 21.500000
V 558.230400 193.075200 90.000000 25.000000
V 566.848800 372.664800 90.000000 25.000000
V 121.528800 300.074400 116.515786 25.000000
V 292.053600 339.552000 115.578387 25.000000
V 38.000160 301.946400 75.584336 25.000000
V 302.356800 470.584800 90.000000 25.000000
V 285.156000 387.007200 90.000000 33.822925
V 207.460800 320.133600 116.515786 24.710012
V 369.957600 338.616000 119.901012 25.000000
V 330.984000 461.203200 90.000000 25.000000
V 611.510400 255.456000 119.448959 25.000000
V 335.764800 546.631200 90.000000 25.000000
V 756.000000 307.267200 90.000000 25.000000
V 213.019200 524.822400 90.000000 25.000000
V 344.419200 627.631200 90.000000 25.000000
V 451.843200 92.671200 202.857955 25.000000
V 419.731200 223.941600 90.000000 25.000000
V 528.832800 292.442400 90.000000 25.000000
V 430.639200 14.999760 40.497229 30.262765
V 82.080000 228.916800 75.584336 25.000000
V 465.588000 342.986400 119.901012 25.000000
V 610.480800 323.877600 90.000000 25.000000
V 214.653600 437.392800 142.680098 36.920024
V 148.852800 346.557600 90.000000 25.000000
E 0 1
E 1 4
E 1 23
E 2 4
E 2 28
E 3 35
E 4 6
E 4 21
E 4 29
E 4 30
E 4 33
E 5 11
E 5 19
E 5 36
E 7 15
E 7 35
E 8 13
E 8 28
E 9 23
E 9 25
E 9 34
E 10 19
E 12 21
E 12 33
E 13 30
E 14 30
E 15 17
E 15 20
E 15 32
E 16 19
E 18 19
E 18 24
E 19 20
E 19 21
E 19 22
E 19 35
E 20 36
E 22 24
E 24 27
E 26 35
E 28 31
E 30 34
G Hs_Fluoropyrimidine_activity_WP1601_20260102 33 34
V 242.532000 136.663200 104.000000 20.000000
V 72.273600 414.878400 80.000000 20.000000
V 274.183200 274.046400 39.000000 20.000000
V 169.243200 285.516000 50.000000 20.000000
V 724.032000 312.076800 44.000000 20.000000
V 434.635200 346.212000 39.000000 20.000000
V 111.880800 91.692000 39.000000 20.000000
V 492.811200 87.724800 39.000000 20.000000
V 336.139200 92.908800 44.000000 20.000000
V 237.808800 317.318400 93.000000 20.000000
V 233.078400 50.784480 58.000000 20.000000
V 16.999920 339.314400 34.000000 20.000000
V 233.265600 403.344000 51.000000 20.000000
V 653.068800 163.663200 65.000000 20.000000
V 187.250400 239.925600 44.000000 20.000000
V 593.474400 223.077600 44.000000 20.000000
V 219.614400 176.356800 46.000000 20.000000
V 654.976800 277.977600 44.000000 20.000000
V 82.216800 182.620800 44.000000 20.000000
V 401.652000 262.728000 39.000000 20.000000
V 317.937600 251.942400 39.000000 20.000000
V 30.767040 74.124000 39.000000 20.000000
V 465.400800 423.064800 39.000000 20.000000
V 530.049600 14.359680 39.000000 20.000000
V 222.688800 483.624000 59.000000 20.000000
V 456.242400 170.287200 39.000000 20.000000
V 242.064000 223.776000 51.000000 20.000000
V 324.475200 178.027200 39.000000 20.000000
V 507.895200 217.353600 39.000000 20.000000
V 413.078400 189.165600 39.000000 20.000000
V 99.345600 336.888000 50.000000 20.000000
V 98.373600 10.000080 44.000000 20.000000
V 160.264800 166.766400 39.000000 20.000000
E 0 10
E 0 26
E 1 30
E 2 20
E 2 26
E 3 26
E 3 30
E 4 17
E 5 19
E 5 22
E 6 21
E 6 31
E 6 32
E 7 23
E 7 25
E 8 27
E 9 12
E 9 26
E 11 30
E 12 24
E 13 15
E 14 26
E 15 17
E 15 28
E 16 26
E 18 32
E 19 20
E 19 25
E 20 26
E 25 29
E 26 27
E 26 32
E 27 29
E 28 29
G Hs_Focal_adhesion_WP306_20250830 24 26
V 332.632800 473.133600 53.333333 20.000000
V 22.999680 10.000080 46.385174 20.000000
V 434.844000 310.291200 60.000000 20.000000
V 465.213600 374.608800 55.000000 19.500000
V 296.625600 398.988000 60.000000 20.000000
V 134.215200 109.980000 60.000000 20.000000
V 81.000000 57.558960 60.000000 20.000000
V 542.671200 364.644000 60.000000 20.000000
V 384.753600 402.228000 60.000000 20.000000
V 239.479200 319.528800 60.000000 20.000000
V 199.101600 248.868000 60.000000 20.000000
V 121.428000 586.684800 66.666667 20.000000
V 273.045600 670.377600 51.000000 18.000000
V 361.411200 346.219200 54.051840 20.000000
V 213.458400 615.780000 60.000000 20.000000
V 149.529600 35.816400 60.000000 20.000000
V 302.364000 334.533600 60.000000 20.000000
V 163.101600 180.792000 60.000000 20.000000
V 228.513600 391.672800 60.000000 20.000000
V 344.455200 629.618400 60.000000 20.000000
V 365.328000 550.519200 49.051840 20.000000
V 99.288000 521.568000 60.000000 22.351379
V 182.361600 534.585600 60.000000 20.000000
V 233.618400 464.227200 60.000000 20.000000
E 0 4
E 0 20
E 1 6
E 2 3
E 2 13
E 3 7
E 3 8
E 4 8
E 4 9
E 4 13
E 4 16
E 4 18
E 4 23
E 5 6
E 5 15
E 5 17
E 6 15
E 9 10
E 10 17
E 11 22
E 12 14
E 12 19
E 14 22
E 19 20
E 21 22
E 22 23
G Hs_Folate-alcohol_and_cancer_pathway_hypotheses_WP1589_20251123 26 27
V 245.584800 670.852800 137.689076 20.000000
V 158.767200 10.000080 62.000000 20.000000
V 333.849600 551.152800 35.000000 20.000000
V 333.475200 466.531200 48.000000 25.000000
V 417.672000 355.910400 80.000000 20.000000
V 245.311200 354.420000 80.000000 20.000000
V 209.664000 281.664000 35.000000 20.000000
V 591.544800 823.176000 63.000000 20.000000
V 585.583200 743.328000 59.000000 20.000000
V 114.631200 77.421600 80.000000 20.000000
V 59.418720 17.759520 55.000000 20.000000
V 26.500320 206.884800 53.000000 20.000000
V 282.816000 310.989600 36.250000 20.000000
V 329.335200 380.815200 80.000000 20.000000
V 462.110400 646.596000 44.000000 20.000000
V 24.361200 143.431200 46.000000 20.000000
V 524.347200 693.720000 45.750000 20.000000
V 158.486400 221.032800 53.000000 20.000000
V 664.804800 732.816000 62.000000 20.000000
V 309.103200 707.882400 51.000000 20.000000
V 320.364000 629.964000 114.000000 20.000000
V 100.360800 162.943200 52.000000 20.000000
V 391.636800 606.542400 74.000000 20.000000
V 253.526400 563.997600 59.000000 20.000000
V 484.711200 306.835200 59.000000 20.000000
V 373.284000 323.035200 42.000000 20.000000
E 0 20
E 1 9
E 2 3
E 2 20
E 2 22
E 2 23
E 3 13
E 4 13
E 4 24
E 5 6
E 5 13
E 6 12
E 6 17
E 7 8
E 8 16
E 8 18
E 9 10
E 9 21
E 11 21
E 12 13
E 13 25
E 14 16
E 14 22
E 15 21
E 17 21
E 19 20
E 20 22
G Hs_Frustrated_phagocytosis_leading_to_malignant_pleural_mesothelioma_WP5091_20251124 32 38
V 261.100800 161.503200 244.812177 33.341468
V 330.883200 297.324000 242.544964 33.341468
V 208.656000 184.543200 244.812177 33.341468
V 222.235200 110.822400 188.250836 28.421495
V 491.212800 182.304000 242.544964 31.527948
V 136.382400 108.532800 108.260301 25.000000
V 405.223200 195.991200 242.544964 31.527948
V 428.385600 304.869600 159.000000 35.526798
V 368.366400 51.249600 244.812177 33.341468
V 210.463200 512.676000 288.713379 40.500000
V 404.834400 68.631120 244.812177 33.341468
V 337.572000 16.500240 244.812177 33.341468
V 348.516000 151.999200 244.812177 33.341468
V 273.520800 71.172000 244.812177 33.341468
V 251.380800 191.440800 244.812177 33.341468
V 319.636800 106.099200 244.812177 33.341468
V 178.416000 38.846160 77.952578 29.922517
V 392.522400 334.864800 162.000000 34.500000
V 274.665600 531.043200 208.000000 46.000000
V 122.500800 208.893600 244.812177 33.341468
V 149.623200 69.717600 168.000000 32.500000
V 166.996800 576.669600 210.384615 27.118005
V 318.362400 385.999200 234.618975 35.258877
V 309.484800 206.100000 242.544964 33.341468
V 262.310400 452.448000 280.226199 39.935897
V 404.712000 427.795200 189.000000 29.500000
V 216.928800 21.116160 244.812177 33.341468
V 147.585600 254.937600 244.812177 33.341468
V 300.420000 129.312000 244.812177 33.341468
V 363.765600 236.037600 244.812177 33.341468
V 222.674400 212.464800 244.812177 33.341468
V 356.587200 450.734400 111.000000 33.500000
E 0 3
E 0 23
E 1 7
E 1 17
E 1 22
E 1 23
E 2 3
E 2 19
E 2 23
E 3 5
E 3 13
E 3 14
E 3 15
E 3 16
E 3 20
E 3 26
E 3 28
E 3 30
E 4 6
E 6 23
E 8 28
E 9 18
E 9 21
E 9 24
E 10 15
E 11 15
E 12 13
E 12 23
E 14 23
E 15 23
E 18 24
E 22 24
E 22 25
E 22 31
E 23 28
E 23 29
E 23 30
E 27 30
G Hs_GABA_and_glutamate_signalling_in_epileptogenesis_WP5600_20260206 37 38
V 458.668800 384.436800 91.527778 24.638889
V 534.470400 333.007200 90.000000 25.000000
V 649.792800 209.224800 90.000000 25.000000
V 972.216000 796.536000 90.000000 25.000000
V 883.152000 697.363200 90.000000 25.000000
V 290.498400 124.336800 71.027173 19.771573
V 469.015200 291.182400 55.118128 19.241902
V 401.738400 240.638400 58.476907 19.738085
V 227.001600 479.462400 136.935185 27.083333
V 628.833600 12.499920 90.000000 25.000000
V 854.424000 514.101600 90.000000 25.000000
V 380.253600 422.582400 90.000000 25.000000
V 1045.368000 703.425600 90.000000 25.000000
V 609.091200 90.828000 90.000000 25.000000
V 723.024000 508.809600 90.000000 25.000000
V 576.936000 250.120800 90.000000 25.000000
V 777.240000 449.128800 90.000000 25.000000
V 303.364800 453.614400 90.000000 25.000000
V 600.559200 530.064000 90.000000 25.000000
V 342.561600 183.643200 90.000000 25.000000
V 966.096000 713.764800 90.000000 25.000000
V 592.790400 398.916000 90.000000 25.000000
V 855.792000 561.578400 136.935185 27.083333
V 728.928000 189.705600 90.000000 25.000000
V 896.256000 778.104000 90.000000 25.000000
V 727.056000 802.080000 90.000000 25.000000
V 667.720800 127.792800 90.000000 25.000000
V 104.846400 568.058400 90.000000 25.000000
V 510.156000 102.096000 90.000000 25.000000
V 45.000000 615.355200 90.000000 25.000000
V 80.949600 453.182400 90.000000 25.000000
V 647.143200 466.768800 90.000000 25.000000
V 561.931200 163.670400 90.000000 25.000000
V 755.856000 726.552000 90.000000 25.000000
V 148.363200 500.148000 90.000000 25.000000
V 804.744000 657.835200 90.000000 25.000000
V 783.864000 570.945600 90.000000 25.000000
E 0 1
E 0 11
E 1 6
E 1 15
E 1 21
E 2 15
E 2 23
E 2 26
E 3 20
E 3 24
E 4 20
E 4 24
E 4 35
E 5 19
E 6 7
E 7 19
E 8 17
E 8 34
E 9 13
E 10 36
E 11 17
E 12 20
E 13 26
E 13 32
E 14 16
E 14 31
E 14 36
E 15 32
E 18 31
E 21 31
E 22 36
E 25 33
E 27 29
E 27 34
E 28 32
E 30 34
E 33 35
E 35 36
G Hs_GABA_receptor_signaling_WP4159_20251020 20 20
V 43.618320 48.337920 60.000000 20.000000
V 298.339200 217.440000 60.000000 20.000000
V 378.576000 207.172800 60.000000 20.000000
V 102.765600 102.830400 60.000000 20.000000
V 37.739520 578.246400 70.000000 20.000000
V 213.242400 219.528000 60.000000 20.000000
V 94.298400 401.119200 60.000000 20.000000
V 251.762400 436.190400 108.048512 20.000000
V 73.987200 510.616800 60.000000 20.000000
V 177.472800 388.893600 60.000000 20.000000
V 170.056800 64.653840 150.000000 20.000000
V 278.877600 513.914400 90.000000 20.000000
V 291.715200 10.000080 90.000000 20.000000
V 331.588800 447.739200 118.597574 20.000000
V 140.500800 462.045600 60.000000 20.000000
V 101.570400 280.058400 60.000000 20.000000
V 248.932800 76.867200 70.000000 20.000000
V 30.000240 451.094400 60.000000 20.000000
V 179.452800 300.204000 60.000000 20.000000
V 184.723200 136.015200 139.000000 20.000000
E 0 3
E 1 2
E 1 5
E 3 19
E 4 8
E 5 18
E 5 19
E 6 9
E 6 17
E 7 9
E 7 11
E 7 13
E 8 14
E 8 17
E 9 14
E 9 18
E 10 19
E 12 16
E 15 18
E 16 19
G Hs_GDNF-RET_signaling_axis_WP4830_20250812 16 17
V 207.100800 272.368800 90.000000 25.000000
V 369.194400 282.535200 90.000000 25.000000
V 316.526400 87.732000 90.000000 25.000000
V 296.683200 167.414400 90.000000 25.000000
V 342.316800 341.200800 90.000000 25.000000
V 200.973600 326.448000 90.000000 25.000000
V 381.542400 224.395200 90.000000 25.000000
V 237.657600 234.237600 90.000000 25.000000
V 220.161600 152.841600 90.000000 25.000000
V 45.000000 288.050400 90.000000 25.000000
V 301.672800 258.652800 90.000000 25.000000
V 121.521600 281.426400 90.000000 25.000000
V 462.909600 216.532800 90.000000 25.000000
V 381.326400 411.408000 90.000000 25.000000
V 271.382400 332.834400 90.000000 25.000000
V 327.636000 12.499920 90.000000 25.000000
E 0 10
E 0 11
E 1 10
E 2 3
E 2 15
E 3 8
E 3 10
E 4 10
E 4 13
E 5 7
E 5 14
E 6 10
E 6 12
E 7 8
E 7 10
E 9 11
E 10 14
G Hs_GIP_and_GLP-1_function_by_tissue_WP5509_20251031 15 18
V 160.754400 218.203200 60.000000 20.000000
V 229.305600 266.817600 90.000000 25.000000
V 125.337600 88.797600 60.000000 20.000000
V 81.216000 175.788000 90.000000 25.000000
V 179.769600 20.464560 90.000000 35.000000
V 128.145600 295.257600 60.000000 20.000000
V 45.000000 56.225520 90.000000 35.000000
V 252.136800 219.276000 100.000000 25.000000
V 100.224000 156.276000 90.000000 25.000000
V 105.804000 12.499920 100.000000 25.000000
V 185.032800 129.024000 60.000000 20.000000
V 83.858400 266.320800 90.000000 25.000000
V 183.110400 296.272800 90.000000 35.000000
V 204.717600 146.347200 90.000000 25.000000
V 143.395200 154.994400 60.000000 20.000000
E 0 1
E 0 3
E 0 5
E 0 7
E 0 8
E 0 10
E 0 11
E 0 12
E 0 13
E 0 14
E 2 3
E 2 4
E 2 6
E 2 8
E 2 9
E 2 10
E 2 13
E 2 14
G Hs_GPR143_in_melanocytes_and_retinal_pigment_epithelium_cells_WP4941_20250801 29 33
V 191.282400 318.506400 70.000000 20.000000
V 118.051200 128.440800 60.000000 20.000000
V 77.925600 712.231200 60.000000 20.000000
V 319.737600 556.668000 60.000000 20.000000
V 342.208800 289.540800 70.000000 20.000000
V 175.622400 593.215200 60.000000 20.000000
V 30.926160 10.000080 60.000000 20.000000
V 419.990400 198.727200 60.000000 20.000000
V 334.008000 437.018400 60.000000 20.000000
V 453.254400 460.137600 80.000000 20.000000
V 282.996000 153.086400 60.000000 20.000000
V 308.512800 395.366400 60.000000 20.000000
V 533.419200 458.517600 60.000000 20.000000
V 389.822400 492.350400 60.000000 20.000000
V 173.037600 181.224000 60.000000 20.000000
V 460.288800 588.189600 60.000000 20.000000
V 246.513600 224.258400 60.000000 20.000000
V 269.575200 633.823200 60.000000 20.000000
V 214.077600 351.043200 60.000000 20.000000
V 227.793600 271.404000 60.000000 20.000000
V 352.216800 248.083200 60.000000 20.000000
V 71.951760 70.513200 60.000000 20.000000
V 279.640800 310.658400 68.719392 40.496262
V 312.782400 490.528800 60.000000 20.000000
V 30.000240 768.312000 60.000000 20.000000
V 396.928800 399.506400 60.000000 20.000000
V 246.196800 551.224800 60.000000 20.000000
V 405.554400 528.660000 60.000000 20.000000
V 125.258400 653.580000 60.000000 20.000000
E 0 22
E 1 14
E 1 21
E 2 24
E 2 28
E 3 23
E 4 22
E 5 26
E 5 28
E 6 21
E 7 20
E 8 11
E 8 23
E 8 25
E 9 12
E 9 13
E 9 25
E 9 27
E 10 16
E 11 22
E 11 23
E 11 25
E 13 23
E 14 16
E 15 27
E 16 19
E 16 22
E 17 26
E 18 22
E 19 22
E 20 22
E 23 26
E 23 27
G Hs_Gamma-glutamyl_cycle_for_the_biosynthesis_and_degradation_of_glutathione_WP4518_20251123 24 27
V 328.557600 200.109600 90.000000 25.000000
V 224.510400 14.526000 90.000000 25.000000
V 245.296800 171.597600 88.439687 25.000000
V 45.000000 292.953600 90.000000 25.000000
V 94.586400 235.418400 57.348589 25.000000
V 247.888800 243.259200 213.934942 27.500000
V 78.004800 179.409600 90.000000 25.000000
V 311.068800 34.768080 90.000000 25.000000
V 135.655200 36.936720 57.348589 25.000000
V 411.393600 176.925600 109.157164 25.000000
V 177.285600 12.499920 90.000000 25.000000
V 164.887200 177.760800 90.000000 25.000000
V 406.051200 230.414400 90.000000 25.000000
V 229.831200 328.593600 57.348589 25.000000
V 116.920800 297.180000 90.000000 25.000000
V 85.644000 132.674400 90.000000 25.000000
V 167.716800 219.600000 127.500000 25.000000
V 368.632800 100.195200 90.000000 25.000000
V 351.936000 56.496240 57.348589 25.000000
V 147.657600 124.120800 90.000000 25.000000
V 282.355200 321.062400 90.000000 25.000000
V 204.854400 93.636000 163.000000 30.472656
V 371.944800 272.332800 90.000000 25.000000
V 291.801600 117.064800 90.000000 25.000000
E 0 5
E 0 9
E 0 12
E 0 22
E 0 23
E 1 21
E 2 16
E 2 23
E 3 4
E 3 14
E 4 11
E 5 11
E 5 13
E 5 20
E 6 11
E 7 23
E 8 21
E 10 21
E 11 15
E 11 16
E 11 21
E 14 16
E 16 19
E 17 23
E 18 23
E 19 21
E 21 23
G Hs_Ganglio_series_sphingolipid_metabolism_WP5299_20251123 30 32
V 329.961600 395.244000 90.000000 25.000000
V 383.097600 332.467200 90.000000 25.000000
V 204.141600 178.192800 90.000000 25.000000
V 163.612800 762.480000 90.000000 25.000000
V 618.516000 184.773600 90.000000 25.000000
V 229.773600 631.857600 90.000000 25.000000
V 83.721600 694.576800 90.000000 25.000000
V 552.981600 229.240800 90.000000 25.000000
V 106.603200 54.821520 90.000000 25.000000
V 505.188000 298.519200 90.000000 25.000000
V 299.282400 323.560800 90.000000 25.000000
V 231.825600 359.215200 90.000000 25.000000
V 253.353600 553.406400 90.000000 25.000000
V 615.153600 482.580000 90.000000 25.000000
V 161.236800 286.689600 60.584416 25.000000
V 475.855200 386.985600 90.000000 25.000000
V 238.111200 257.983200 90.000000 25.000000
V 45.000000 12.499920 90.000000 25.000000
V 119.894400 190.900800 90.000000 25.000000
V 584.784000 327.729600 90.000000 25.000000
V 299.491200 253.368000 80.000000 25.000000
V 162.720000 681.112800 90.000000 25.000000
V 544.960800 442.764000 90.000000 25.000000
V 424.929600 344.527200 90.000000 25.000000
V 416.268000 397.332000 90.000000 25.000000
V 250.480800 107.625600 90.000000 25.000000
V 283.744800 695.916000 90.000000 25.000000
V 159.530400 111.225600 120.000000 25.000000
V 281.649600 475.048800 90.000000 25.000000
V 338.788800 467.769600 90.000000 25.000000
E 0 10
E 0 23
E 0 28
E 0 29
E 1 10
E 1 15
E 1 24
E 2 16
E 2 18
E 2 25
E 2 27
E 3 21
E 4 7
E 5 12
E 5 21
E 5 26
E 6 21
E 7 9
E 8 17
E 8 27
E 9 19
E 9 23
E 10 11
E 10 16
E 10 20
E 12 28
E 13 22
E 14 16
E 15 22
E 16 20
E 23 24
E 28 29
G Hs_Gastric_cancer_network_1_WP2361_20251123 35 72
V 274.262400 112.701600 67.000000 20.000000
V 295.027200 176.724000 64.000000 20.000000
V 201.528000 98.827200 80.000000 22.000000
V 133.120800 111.564000 51.000000 20.000000
V 345.542400 230.796000 69.000000 20.000000
V 100.771200 206.028000 60.666667 20.000000
V 27.499680 169.293600 55.333333 20.000000
V 154.555200 170.625600 59.000000 20.000000
V 202.125600 225.410400 69.000000 20.000000
V 226.598400 89.294400 68.000000 20.000000
V 288.007200 216.741600 70.000000 20.000000
V 261.460800 10.000080 65.000000 20.000000
V 330.220800 49.221360 65.000000 20.000000
V 234.734400 131.004000 48.000000 20.000000
V 230.839200 294.105600 80.000000 20.000000
V 88.380000 163.929600 64.000000 19.000000
V 319.874400 92.844000 56.000000 20.000000
V 221.198400 41.775840 48.000000 20.000000
V 192.376800 189.813600 68.000000 20.000000
V 29.844000 251.049600 58.333333 20.000000
V 143.877600 320.227200 80.000000 20.000000
V 30.031200 204.242400 52.333333 19.000000
V 228.240000 348.501600 61.000000 20.000000
V 151.819200 236.217600 62.000000 20.000000
V 297.568800 125.071200 59.000000 20.000000
V 279.417600 44.272080 57.000000 20.000000
V 188.200800 245.311200 60.000000 20.000000
V 279.547200 255.290400 57.000000 20.000000
V 252.208800 197.762400 67.000000 20.000000
V 348.213600 168.840000 70.000000 20.000000
V 338.400000 143.884800 55.000000 20.000000
V 422.791200 258.566400 80.000000 20.000000
V 237.074400 252.547200 62.000000 20.000000
V 156.204000 16.601760 63.000000 20.000000
V 292.377600 334.562400 62.666667 20.000000
E 0 2
E 0 10
E 0 13
E 0 17
E 0 29
E 1 2
E 1 4
E 1 10
E 1 16
E 1 24
E 1 27
E 1 32
E 2 7
E 2 9
E 2 11
E 2 13
E 2 33
E 3 5
E 3 13
E 4 10
E 4 28
E 4 31
E 5 6
E 5 7
E 5 15
E 5 19
E 5 21
E 5 23
E 5 26
E 6 15
E 6 19
E 7 32
E 8 13
E 8 14
E 8 20
E 8 32
E 9 12
E 9 13
E 9 18
E 10 26
E 10 28
E 10 30
E 10 32
E 11 16
E 12 24
E 13 16
E 13 17
E 13 24
E 13 25
E 13 28
E 13 30
E 14 26
E 14 28
E 15 18
E 15 21
E 16 30
E 18 23
E 18 26
E 18 27
E 18 28
E 18 32
E 19 21
E 22 32
E 23 26
E 23 28
E 24 25
E 24 28
E 24 30
E 26 28
E 27 32
E 28 29
E 32 34
G Hs_Gastric_cancer_network_2_WP2363_20251123 35 66
V 49.181760 142.012800 52.000000 20.000000
V 225.820800 114.429600 60.000000 20.000000
V 177.962400 10.000080 62.000000 20.000000
V 240.278400 144.748800 53.000000 20.000000
V 190.360800 202.982400 55.000000 20.000000
V 35.219520 228.016800 54.000000 20.000000
V 84.592800 80.092800 69.000000 22.000000
V 252.266400 34.783920 61.000000 20.000000
V 115.596000 131.191200 55.000000 20.000000
V 297.691200 94.147200 54.000000 20.000000
V 28.499760 180.417600 57.000000 20.000000
V 64.620720 303.919200 65.000000 20.000000
V 256.500000 177.732000 67.000000 20.000000
V 197.992800 345.096000 71.000000 20.000000
V 151.848000 158.659200 50.000000 20.000000
V 191.268000 103.010400 54.000000 20.000000
V 218.037600 12.292560 63.000000 20.000000
V 146.887200 261.381600 66.000000 20.000000
V 92.282400 158.616000 57.000000 20.000000
V 66.327120 207.554400 48.000000 20.000000
V 220.082400 158.299200 49.000000 20.000000
V 71.989920 265.500000 53.000000 20.000000
V 180.777600 248.292000 52.000000 20.000000
V 238.341600 415.389600 59.000000 20.000000
V 110.138400 216.669600 56.000000 20.000000
V 143.647200 194.688000 53.000000 20.000000
V 237.873600 203.940000 48.000000 20.000000
V 231.177600 258.249600 59.000000 20.000000
V 140.709600 76.125600 52.000000 20.000000
V 226.195200 316.663200 56.000000 20.000000
V 116.532000 238.881600 48.000000 20.000000
V 197.964000 75.542400 54.000000 20.000000
V 109.303200 78.681600 59.000000 20.000000
V 64.179360 108.561600 56.000000 20.000000
V 134.121600 346.975200 67.000000 20.000000
E 0 14
E 0 18
E 0 33
E 1 14
E 1 15
E 1 31
E 2 7
E 2 15
E 2 16
E 2 31
E 3 9
E 3 15
E 3 25
E 3 31
E 4 14
E 4 25
E 5 10
E 5 25
E 6 14
E 6 33
E 7 15
E 7 16
E 7 31
E 8 14
E 8 25
E 9 15
E 10 25
E 11 17
E 11 19
E 11 30
E 12 14
E 12 20
E 13 22
E 13 23
E 13 34
E 14 15
E 14 17
E 14 18
E 14 19
E 14 20
E 14 22
E 14 24
E 14 25
E 14 26
E 14 28
E 14 30
E 14 31
E 14 32
E 14 33
E 15 16
E 15 25
E 15 31
E 16 31
E 17 24
E 17 25
E 17 29
E 17 34
E 18 25
E 21 24
E 21 25
E 22 25
E 24 25
E 25 27
E 25 30
E 27 29
E 32 33
G Hs_Genetic_causes_of_porto-sinusoidal_vascular_disease_WP5269_20250809 18 18
V 217.216800 354.045600 116.000000 25.000000
V 499.197600 229.831200 90.000000 25.000000
V 418.672800 238.708800 90.000000 25.000000
V 327.816000 249.062400 90.000000 25.000000
V 344.836800 302.896800 90.000000 25.000000
V 293.004000 170.085600 90.000000 25.000000
V 183.225600 66.836160 90.000000 25.000000
V 267.076800 494.532000 90.000000 25.000000
V 212.940000 178.300800 90.000000 25.000000
V 323.532000 23.477040 90.000000 25.000000
V 243.540000 12.499920 90.000000 25.000000
V 143.503200 386.589600 287.000000 25.000000
V 266.133600 87.386400 90.000000 25.000000
V 433.778400 446.133600 270.000000 25.000000
V 300.542400 340.142400 90.000000 25.061224
V 362.736000 128.815200 90.000000 25.000000
V 373.608000 393.249600 102.000000 25.000000
V 283.312800 417.304800 184.000000 25.000000
E 0 11
E 0 14
E 1 2
E 2 3
E 3 4
E 3 5
E 3 14
E 4 14
E 5 8
E 5 12
E 5 15
E 6 12
E 7 17
E 9 12
E 10 12
E 13 16
E 14 16
E 14 17
G Hs_Glucose_metabolism_in_triple-negative_breast_cancer_cells_WP5211_20251123 23 22
V 120.564000 269.143200 90.000000 20.000000
V 102.780000 104.335200 60.000000 20.000000
V 195.912000 237.441600 90.000000 20.000000
V 597.463200 245.556000 199.000000 20.000000
V 706.888800 280.512000 60.000000 20.000000
V 260.632800 366.062400 70.000000 20.000000
V 488.181600 85.896000 60.000000 20.000000
V 616.953600 86.796000 90.000000 20.000000
V 348.732000 223.308000 168.000000 20.000000
V 505.684800 167.508000 168.000000 20.000000
V 641.116800 10.000080 127.000000 20.000000
V 431.481600 206.726400 168.000000 20.000000
V 824.976000 178.826400 60.000000 20.000000
V 319.888800 326.930400 60.000000 20.000000
V 209.584800 426.938400 60.000000 20.000000
V 294.588000 443.332800 70.000000 20.000000
V 749.304000 179.539200 168.000000 20.000000
V 673.149600 202.888800 168.000000 20.000000
V 324.590400 146.181600 60.000000 20.000000
V 45.000000 287.028000 90.000000 20.000000
V 275.112000 275.256000 168.000000 20.000000
V 154.396800 164.304000 60.000000 20.000000
V 592.848000 169.034400 168.000000 20.000000
E 0 2
E 0 19
E 1 21
E 2 20
E 2 21
E 3 22
E 4 17
E 5 14
E 5 15
E 5 20
E 6 9
E 7 10
E 7 22
E 8 11
E 8 18
E 8 20
E 9 11
E 9 22
E 12 16
E 13 20
E 16 17
E 17 22
G Hs_Glutathione_metabolism_WP100_20251107 37 44
V 114.544800 537.739200 55.000000 20.000000
V 322.063200 145.411200 132.000000 20.000000
V 273.873600 101.246400 80.000000 20.000000
V 421.221600 202.773600 126.000000 15.000000
V 464.817600 338.796000 46.666667 20.000000
V 224.186400 176.356800 108.000000 20.000000
V 143.229600 139.701600 55.000000 20.000000
V 400.802400 99.892800 46.666667 20.000000
V 371.635200 75.571200 55.000000 20.000000
V 121.701600 435.931200 80.000000 20.000000
V 350.352000 186.876000 80.000000 20.000000
V 236.541600 107.985600 80.000000 20.000000
V 407.066400 138.182400 46.666667 20.000000
V 292.838400 7.500240 114.166667 15.000000
V 300.254400 408.168000 80.000000 20.000000
V 548.906400 330.940800 80.000000 20.000000
V 315.259200 187.473600 80.000000 20.000000
V 237.276000 230.500800 160.000000 20.000000
V 179.431200 574.480800 123.000000 20.000000
V 155.786400 190.303200 80.000000 20.000000
V 332.186400 70.438320 127.000000 23.000000
V 233.704800 20.823840 120.833333 27.833333
V 179.647200 36.210240 79.666667 24.166667
V 194.155200 498.333600 80.000000 20.000000
V 255.787200 290.232000 46.666667 20.000000
V 350.337600 277.149600 212.000000 20.000000
V 506.181600 408.542400 80.000000 20.000000
V 294.811200 247.190400 118.000000 20.000000
V 99.223200 393.235200 55.000000 20.000000
V 190.260000 408.081600 93.000000 20.000000
V 249.062400 564.638400 80.000000 20.000000
V 454.888800 156.693600 53.333333 20.000000
V 250.588800 341.402400 80.000000 20.000000
V 156.168000 265.449600 46.666667 20.000000
V 385.920000 299.455200 116.000000 20.000000
V 318.981600 312.055200 55.000000 20.000000
V 68.999760 165.189600 138.333333 15.000000
E 0 23
E 1 2
E 1 7
E 1 8
E 1 10
E 1 11
E 1 12
E 1 16
E 1 20
E 1 27
E 2 5
E 2 13
E 2 16
E 2 21
E 3 16
E 4 15
E 4 26
E 4 34
E 5 6
E 5 11
E 5 19
E 5 27
E 9 29
E 10 16
E 10 17
E 10 31
E 11 22
E 14 32
E 16 27
E 17 19
E 17 27
E 17 33
E 18 23
E 19 36
E 23 29
E 23 30
E 24 27
E 25 27
E 25 35
E 27 32
E 27 34
E 27 35
E 28 29
E 29 32
G Hs_Glycine_metabolism_WP1495_20250710 21 22
V 96.055200 250.660800 80.000000 20.000000
V 337.240800 124.848000 42.000000 20.000000
V 149.731200 109.987200 33.000000 20.000000
V 210.700800 276.760800 57.000000 20.000000
V 258.120000 217.346400 80.000000 20.000000
V 188.892000 248.155200 80.000000 20.000000
V 80.467200 158.688000 88.000000 20.000000
V 291.456000 49.553280 41.000000 20.000000
V 107.366400 114.688800 118.000000 20.000000
V 173.296800 186.566400 80.000000 20.000000
V 212.119200 144.835200 68.000000 20.000000
V 87.444000 198.439200 80.000000 20.000000
V 252.316800 182.829600 80.000000 20.000000
V 242.200800 248.702400 80.000000 20.000000
V 40.000320 309.276000 80.000000 20.000000
V 250.581600 121.946400 83.000000 20.000000
V 194.414400 93.952800 80.000000 20.000000
V 130.125600 235.144800 63.000000 20.000000
V 171.172800 10.000080 80.000000 20.000000
V 157.161600 277.524000 80.000000 20.000000
V 120.967200 151.394400 43.000000 20.000000
E 0 9
E 0 14
E 1 15
E 2 9
E 2 20
E 3 9
E 4 9
E 5 9
E 6 9
E 7 15
E 8 9
E 9 10
E 9 11
E 9 12
E 9 13
E 9 15
E 9 16
E 9 17
E 9 19
E 9 20
E 15 16
E 16 18
G Hs_Glycolysis_and_gluconeogenesis_WP534_20251125 38 49
V 139.190400 253.512000 60.000000 20.000000
V 681.048000 50.770080 100.000000 20.000000
V 512.006400 231.177600 110.000000 20.000000
V 96.501600 588.168000 193.000000 20.000000
V 585.972000 39.614400 60.000000 20.000000
V 597.542400 98.877600 100.000000 20.000000
V 316.080000 264.319200 63.333333 20.000000
V 369.144000 304.783200 110.000000 20.000000
V 104.760000 390.808800 60.000000 20.000000
V 798.480000 296.683200 60.000000 20.000000
V 777.240000 140.198400 100.000000 20.000000
V 833.400000 222.300000 100.000000 20.000000
V 822.744000 94.651200 60.000000 20.000000
V 102.592800 518.911200 60.000000 20.000000
V 442.101600 270.547200 110.000000 20.000000
V 626.443200 10.000080 60.000000 20.000000
V 822.384000 45.888480 60.000000 20.000000
V 228.470400 374.911200 110.000000 20.000000
V 678.024000 320.594400 110.000000 20.000000
V 149.421600 701.431200 110.000000 20.000000
V 287.863200 325.339200 110.000000 20.000000
V 93.722400 449.323200 110.000000 20.000000
V 664.675200 240.588000 110.000000 20.000000
V 753.264000 224.078400 100.000000 20.000000
V 175.888800 443.059200 110.000000 20.000000
V 768.744000 74.980800 100.000000 20.000000
V 155.635200 622.353600 110.000000 20.000000
V 182.743200 217.029600 150.000000 25.000000
V 235.072800 557.438400 163.000000 20.000000
V 213.040800 597.693600 60.000000 20.000000
V 532.512000 38.895840 60.000000 20.000000
V 729.720000 95.644800 100.000000 20.000000
V 62.596800 519.141600 110.000000 20.000000
V 212.558400 295.012800 120.000000 20.000000
V 586.123200 190.699200 110.000000 20.000000
V 650.023200 89.064000 100.000000 20.000000
V 161.596800 534.830400 110.000000 20.000000
V 852.768000 140.522400 95.000000 20.000000
E 0 33
E 1 5
E 1 15
E 1 25
E 2 14
E 2 34
E 3 36
E 4 5
E 4 35
E 5 15
E 5 30
E 5 34
E 5 35
E 6 7
E 6 20
E 7 14
E 7 20
E 8 24
E 9 23
E 10 12
E 10 16
E 10 23
E 10 25
E 10 31
E 11 23
E 11 37
E 12 31
E 13 21
E 13 32
E 13 36
E 16 25
E 17 20
E 17 24
E 17 33
E 18 22
E 19 26
E 20 33
E 21 24
E 21 32
E 22 23
E 22 34
E 24 36
E 25 37
E 26 36
E 27 33
E 28 36
E 29 36
E 31 35
E 32 36
G Hs_Glycolysis_in_senescence_WP5049_20251125 15 18
V 38.499840 158.335200 76.907039 35.000000
V 300.499200 288.432000 90.000000 25.000000
V 145.771200 233.604000 90.000000 25.000000
V 342.489600 353.815200 125.000000 35.000000
V 297.309600 203.335200 90.000000 25.000000
V 221.378400 217.245600 61.000000 35.000000
V 232.696800 94.694400 90.000000 25.000000
V 377.006400 179.928000 90.000000 25.000000
V 157.816800 313.423200 125.000000 35.000000
V 170.280000 91.490400 90.000000 35.000000
V 206.647200 168.559200 90.000000 28.148583
V 153.043200 12.499920 90.000000 25.000000
V 274.478400 119.952000 90.000000 25.000000
V 119.419200 159.336000 90.000000 25.000000
V 221.284800 264.902400 90.000000 25.000000
E 0 13
E 1 3
E 1 4
E 1 14
E 2 8
E 2 10
E 4 7
E 4 10
E 5 10
E 5 14
E 6 10
E 6 12
E 8 14
E 9 10
E 9 11
E 10 12
E 10 13
E 10 14
G Hs_Glycosaminoglycan_degradation_WP4815_20251125 18 17
V 90.691200 202.730400 90.000000 25.000000
V 455.817600 381.290400 90.000000 25.000000
V 177.213600 22.897440 90.000000 25.000000
V 583.797600 446.371200 115.935961 25.000000
V 371.714400 122.220000 143.078818 25.000000
V 292.017600 97.912800 139.975369 25.000000
V 62.500320 100.339200 124.655172 25.000000
V 657.748800 364.780800 90.000000 25.000000
V 567.028800 203.731200 90.000000 25.000000
V 577.130400 366.228000 252.881773 25.000000
V 134.992800 137.318400 149.433498 25.000000
V 440.150400 169.761600 191.502463 25.000000
V 297.655200 12.499920 90.000000 25.000000
V 507.736800 318.996000 235.147783 25.000000
V 489.736800 237.002400 194.605911 25.000000
V 501.055200 108.950400 90.000000 25.000000
V 408.002400 44.152560 90.000000 25.000000
V 208.915200 101.080800 154.359606 25.000000
E 0 10
E 1 13
E 2 17
E 3 9
E 4 5
E 4 11
E 4 16
E 5 12
E 5 17
E 6 10
E 7 9
E 8 14
E 9 13
E 10 17
E 11 14
E 11 15
E 13 14
G Hs_Glycosphingolipid_metabolism_WP5292_20251126 35 35
V 297.381600 322.941600 70.000000 20.000000
V 410.997600 474.033600 40.000000 20.000000
V 537.091200 416.196000 60.000000 20.000000
V 318.261600 459.079200 60.000000 20.000000
V 593.200800 287.143200 90.000000 25.000000
V 160.394400 275.875200 60.000000 20.000000
V 163.692000 117.748800 40.000000 20.000000
V 242.128800 106.495200 60.000000 20.000000
V 357.588000 407.700000 70.000000 20.000000
V 410.407200 372.592800 60.000000 20.000000
V 219.024000 167.760000 70.000000 20.000000
V 206.222400 514.317600 90.000000 25.000000
V 364.737600 587.066400 60.000000 20.000000
V 337.975200 507.643200 60.000000 20.000000
V 235.324800 259.711200 70.000000 20.000000
V 430.041600 444.283200 40.000000 20.000000
V 197.438400 86.083200 60.000000 20.000000
V 121.672800 149.414400 40.000000 20.000000
V 153.201600 310.658400 60.000000 20.000000
V 302.630400 383.839200 60.000000 20.000000
V 271.857600 459.496800 60.000000 20.000000
V 520.322400 320.896800 60.000000 20.000000
V 611.964000 444.153600 90.000000 25.000000
V 471.283200 520.812000 90.000000 25.000000
V 285.256800 575.244000 90.000000 25.000000
V 396.324000 334.677600 70.000000 20.000000
V 306.532800 10.000080 60.000000 20.000000
V 147.600000 189.230400 60.000000 20.000000
V 359.280000 345.974400 60.000000 20.000000
V 282.002400 88.128000 70.000000 20.000000
V 370.836000 463.089600 60.000000 20.000000
V 291.477600 144.727200 60.000000 20.000000
V 45.000000 123.588000 90.000000 25.000000
V 283.644000 417.319200 60.000000 20.000000
V 458.582400 380.548800 70.000000 20.000000
E 0 8
E 0 14
E 1 8
E 1 23
E 2 22
E 2 34
E 3 8
E 4 21
E 5 14
E 6 10
E 7 10
E 8 9
E 8 13
E 8 15
E 8 19
E 8 20
E 8 25
E 8 28
E 8 30
E 8 33
E 8 34
E 10 14
E 10 16
E 10 17
E 10 27
E 10 29
E 10 31
E 11 20
E 12 13
E 13 24
E 14 18
E 15 23
E 17 32
E 21 34
E 26 29
G Hs_Glyoxylate_metabolism_WP5166_20251129 40 43
V 145.994400 97.790400 149.665857 32.677453
V 666.698400 395.445600 92.500000 34.899329
V 518.760000 216.410400 97.500000 31.176801
V 600.861600 840.816000 205.745154 42.689282
V 480.607200 291.441600 97.500000 32.536438
V 553.939200 467.798400 97.500000 36.193471
V 694.728000 454.226400 97.500000 33.876658
V 627.429600 730.152000 127.579737 39.541629
V 494.107200 409.046400 71.732529 26.854213
V 417.895200 781.344000 64.461870 30.786773
V 596.484000 282.448800 140.891091 46.000000
V 474.472800 725.328000 99.937148 38.023452
V 290.995200 140.270400 69.644339 16.921780
V 784.800000 472.744800 57.736479 26.657441
V 552.204000 688.708800 149.843730 40.604562
V 747.720000 356.580000 97.500000 37.369169
V 227.131200 92.592000 149.665857 32.677453
V 395.481600 263.685600 84.845969 32.677453
V 753.624000 412.279200 65.826633 33.802476
V 569.044800 767.736000 127.579737 38.437396
V 324.806400 326.419200 97.500000 28.849182
V 570.441600 327.880800 97.500000 36.006065
V 643.579200 578.836800 97.500000 38.072852
V 560.930400 602.647200 127.787361 34.916402
V 490.248000 349.812000 92.500000 31.821510
V 737.784000 129.794400 97.500000 31.176801
V 354.369600 189.072000 69.644339 16.921780
V 604.879200 159.098400 97.500000 31.176801
V 323.172000 274.046400 149.879941 31.937041
V 643.392000 306.280800 85.256321 29.205995
V 680.781600 187.084800 85.266324 30.753942
V 791.928000 76.003200 99.828859 32.714765
V 606.463200 523.216800 97.500000 36.163155
V 71.500320 83.232000 143.071049 44.552896
V 612.396000 428.860800 97.500000 38.313554
V 690.746400 557.337600 97.500000 38.796923
V 417.664800 340.725600 72.770183 51.894508
V 572.853600 374.551200 98.376217 34.899329
V 603.972000 234.921600 97.500000 31.176801
V 230.443200 10.499760 58.652794 20.520781
E 0 16
E 0 33
E 1 15
E 1 18
E 1 34
E 1 37
E 2 4
E 2 38
E 3 19
E 4 17
E 4 21
E 4 24
E 4 36
E 5 34
E 6 13
E 6 34
E 7 14
E 8 24
E 8 37
E 9 11
E 10 21
E 11 14
E 12 16
E 12 26
E 14 19
E 14 23
E 16 39
E 17 20
E 17 26
E 17 28
E 21 29
E 21 34
E 21 37
E 21 38
E 22 32
E 23 32
E 24 37
E 25 30
E 25 31
E 27 38
E 30 38
E 32 34
E 32 35
G Hs_Growth_factors_and_hormones_in_beta_cell_proliferation_WP5385_20250709 15 14
V 96.984000 109.353600 60.000000 20.000000
V 351.835200 231.724800 60.000000 20.000000
V 344.008800 147.369600 60.000000 20.000000
V 131.371200 216.316800 60.000000 20.000000
V 497.203200 194.644800 60.000000 20.000000
V 374.745600 308.786400 60.000000 20.000000
V 171.957600 141.984000 200.000000 47.656250
V 83.095200 277.855200 60.000000 20.000000
V 329.652000 73.065600 60.000000 20.000000
V 398.016000 77.464800 60.000000 20.000000
V 163.346400 59.758560 60.000000 20.000000
V 30.000240 70.343280 60.000000 20.000000
V 421.704000 171.799200 60.000000 20.000000
V 440.733600 10.000080 60.000000 20.000000
V 256.672800 148.737600 60.000000 20.000000
E 0 6
E 0 11
E 1 2
E 1 5
E 2 8
E 2 9
E 2 12
E 2 14
E 3 6
E 3 7
E 4 12
E 6 10
E 6 14
E 9 13
G Hs_HIF1A_and_PPARG_in_hypertrophic_cardiomyopathy_WP2456_20250928 24 26
V 392.688000 348.645600 52.000000 20.000000
V 430.286400 525.218400 52.000000 20.000000
V 206.229600 689.616000 52.000000 25.000000
V 375.976800 442.396800 52.000000 20.000000
V 179.344800 542.109600 52.000000 20.000000
V 445.276800 401.392800 52.000000 20.000000
V 25.999920 578.649600 52.000000 25.000000
V 233.244000 82.821600 120.000000 20.000000
V 226.411200 10.000080 170.000000 20.000000
V 238.104000 156.722400 90.000000 26.000000
V 345.650400 543.355200 100.000000 35.000000
V 251.409600 230.767200 90.000000 26.000000
V 490.968000 467.035200 45.000000 20.000000
V 454.550400 664.063200 52.000000 20.000000
V 240.048000 616.644000 60.000000 20.000000
V 569.908800 462.787200 80.000000 35.000000
V 382.687200 622.137600 80.000000 26.000000
V 304.862400 469.512000 110.000000 35.000000
V 310.917600 379.159200 80.000000 40.000000
V 377.892000 702.900000 80.000000 26.000000
V 273.700800 305.028000 110.000000 26.000000
V 99.792000 557.762400 52.000000 20.000000
V 265.845600 540.036000 90.000000 35.000000
V 234.597600 441.900000 52.000000 20.000000
E 0 5
E 0 18
E 1 10
E 1 12
E 2 14
E 3 5
E 3 17
E 4 21
E 4 22
E 5 12
E 6 21
E 7 8
E 7 9
E 9 11
E 10 16
E 10 17
E 10 22
E 11 20
E 12 15
E 13 16
E 14 22
E 16 19
E 17 18
E 17 22
E 17 23
E 18 20
G Hs_HLA-C_allotypes_interactions_with_KIR_on_dNK_cells_WP5580_20251116 17 20
V 166.881600 298.231200 93.034934 27.056041
V 149.025600 129.592800 93.034934 27.056041
V 50.343840 12.499920 90.000000 25.000000
V 208.749600 191.073600 90.000000 25.000000
V 91.360800 282.175200 90.000000 25.000000
V 128.800800 217.130400 93.034934 27.056041
V 238.989600 27.090000 90.000000 25.000000
V 292.651200 57.931200 90.000000 25.000000
V 236.512800 112.586400 113.762226 25.000000
V 51.055920 248.983200 90.000000 25.000000
V 319.896000 135.352800 60.000000 20.000000
V 45.000000 198.756000 90.000000 25.000000
V 398.714400 130.147200 60.000000 20.000000
V 179.229600 453.247200 90.000000 25.000000
V 75.290400 86.119200 100.000000 28.500000
V 174.722400 378.158400 60.000000 20.000000
V 118.900800 51.280560 104.000000 28.500000
E 0 5
E 0 15
E 1 5
E 1 8
E 1 14
E 1 16
E 2 14
E 2 16
E 3 5
E 3 8
E 4 5
E 4 9
E 5 9
E 5 11
E 6 8
E 7 8
E 8 10
E 9 11
E 10 12
E 13 15
G Hs_Hair_follicle_development:_cytodifferentiation_-_stage_3_of_3_WP2840_20251129 17 16
V 341.467200 302.587200 118.794902 43.160044
V 339.228000 147.117600 87.176019 46.030678
V 493.963200 226.058400 40.462487 20.000000
V 272.253600 356.875200 43.000000 20.000000
V 413.193600 247.312800 87.176019 38.716725
V 26.568000 52.249680 43.000000 20.000000
V 271.396800 304.884000 43.000000 20.000000
V 224.546400 180.410400 43.000000 20.000000
V 298.584000 220.413600 43.000000 20.000000
V 92.080800 92.988000 87.176019 46.030678
V 160.020000 135.597600 43.000000 20.000000
V 107.100000 10.000080 43.000000 20.000000
V 409.226400 353.649600 43.000000 20.000000
V 365.832000 384.494400 43.000000 20.000000
V 314.186400 385.984800 43.000000 20.000000
V 21.499920 139.471200 43.000000 20.000000
V 414.259200 300.902400 43.000000 20.000000
E 0 3
E 0 4
E 0 6
E 0 8
E 0 12
E 0 13
E 0 14
E 0 16
E 1 8
E 2 4
E 5 9
E 7 8
E 7 10
E 9 10
E 9 11
E 9 15
G Hs_Hair_follicle_development:_organogenesis_-_stage_2_of_3_WP2839_20251129 33 32
V 237.492000 330.429600 38.000000 20.000000
V 365.860800 85.593600 38.000000 20.000000
V 651.996000 41.736960 50.000000 20.000000
V 828.648000 699.235200 38.000000 20.000000
V 680.328000 414.568800 36.776273 20.000000
V 297.864000 138.607200 38.000000 20.000000
V 715.068000 491.846400 38.000000 20.000000
V 339.386400 10.000080 45.000000 20.000000
V 391.845600 252.648000 38.000000 20.000000
V 680.335200 301.435200 38.000000 20.000000
V 909.288000 720.360000 36.000000 20.000000
V 608.803200 195.501600 38.000000 20.000000
V 311.508000 294.084000 36.000000 20.000000
V 816.120000 851.040000 80.915204 37.000000
V 754.056000 562.161600 43.000000 20.000000
V 367.920000 170.028000 38.000000 20.000000
V 893.736000 594.720000 38.000000 20.000000
V 80.618400 344.325600 38.000000 20.000000
V 622.180800 346.780800 38.000000 20.000000
V 625.924800 470.095200 38.000000 20.000000
V 654.609600 122.364000 47.583407 28.161907
V 20.666160 291.340800 38.000000 20.000000
V 812.736000 618.465600 36.000000 20.000000
V 836.856000 351.028800 43.000000 20.000000
V 150.105600 443.584800 38.000000 20.000000
V 760.680000 382.881600 38.000000 20.000000
V 385.430400 321.804000 38.000000 20.000000
V 19.000080 397.231200 38.000000 20.000000
V 805.032000 775.656000 38.000000 20.000000
V 566.942400 276.213600 38.000000 20.000000
V 479.872800 270.568800 36.000000 20.000000
V 728.064000 86.004000 38.000000 20.000000
V 161.971200 362.210400 38.000000 20.000000
E 0 12
E 0 32
E 1 7
E 1 15
E 2 20
E 3 10
E 3 22
E 3 28
E 4 6
E 4 18
E 4 19
E 4 25
E 5 15
E 6 14
E 8 12
E 8 15
E 8 26
E 8 30
E 9 18
E 11 20
E 11 29
E 13 28
E 14 22
E 16 22
E 17 21
E 17 27
E 17 32
E 18 29
E 20 31
E 23 25
E 24 32
E 29 30
G Hs_Hallmark_of_cancer:_non-mutational_epigenetic_reprogramming_WP5483_20251129 16 17
V 289.339200 168.566400 182.480736 25.000000
V 351.842400 113.529600 137.000000 33.500000
V 242.294400 16.999920 137.000000 33.500000
V 291.175200 259.466400 182.480736 25.000000
V 128.779200 400.197600 137.000000 34.622298
V 68.500080 345.146400 137.000000 34.622298
V 140.378400 314.337600 90.000000 25.000000
V 457.041600 245.174400 137.000000 33.500000
V 374.220000 234.180000 137.000000 25.000000
V 253.785600 93.808800 182.480736 25.000000
V 360.885600 282.700800 137.000000 33.500000
V 205.596000 259.732800 90.000000 25.000000
V 342.576000 334.029600 137.000000 33.500000
V 219.859200 305.733600 90.000000 25.000000
V 293.968800 342.576000 137.000000 33.500000
V 72.381600 263.757600 137.000000 33.500000
E 0 1
E 0 3
E 0 9
E 2 9
E 3 8
E 3 10
E 3 11
E 3 12
E 3 13
E 3 14
E 4 6
E 5 6
E 6 11
E 6 13
E 6 15
E 7 8
E 8 10
G Hs_Heart_development_WP1591_20251129 16 18
V 159.112800 326.203200 80.000000 20.000000
V 286.480800 228.268800 80.000000 20.000000
V 98.870400 59.343120 80.000000 20.000000
V 40.000320 10.000080 80.000000 20.000000
V 173.685600 38.524320 80.000000 20.000000
V 195.235200 186.458400 80.000000 20.000000
V 214.250400 107.611200 80.000000 20.000000
V 353.304000 279.532800 80.000000 20.000000
V 96.192000 278.460000 80.000000 20.000000
V 332.121600 124.380000 80.000000 20.000000
V 118.591200 138.182400 80.000000 20.000000
V 86.544000 357.840000 80.000000 20.000000
V 171.518400 239.860800 80.000000 20.000000
V 401.328000 85.838400 80.000000 20.000000
V 223.898400 264.729600 80.000000 20.000000
V 251.877600 165.412800 80.000000 20.000000
E 0 11
E 0 12
E 1 5
E 1 7
E 2 3
E 2 4
E 2 10
E 4 6
E 5 6
E 5 10
E 5 12
E 5 14
E 6 15
E 8 11
E 8 12
E 9 13
E 9 15
E 12 15
G Hs_Heme_biosynthesis_WP561_20260131 26 25
V 545.832000 132.170400 164.333333 16.000000
V 604.951200 85.384800 37.000000 20.000000
V 233.820000 218.613600 122.333333 16.000000
V 224.373600 296.402400 48.000000 20.000000
V 700.351200 194.875200 28.000000 20.000000
V 533.167200 207.216000 44.000000 20.000000
V 451.288800 20.205360 37.000000 20.000000
V 691.920000 132.890400 60.000000 20.000000
V 579.319200 48.623760 60.000000 20.000000
V 365.529600 101.412000 149.333333 16.000000
V 325.202400 33.516000 40.000000 20.000000
V 445.298400 175.118400 60.000000 20.000000
V 118.785600 314.085600 53.000000 20.000000
V 274.147200 291.952800 60.000000 20.000000
V 457.164000 103.716000 166.333333 16.000000
V 286.056000 144.453600 149.333333 16.000000
V 489.974400 29.099520 40.000000 20.000000
V 144.871200 230.875200 157.333333 16.000000
V 69.932880 253.000800 60.000000 20.000000
V 221.328000 111.304800 53.000000 20.000000
V 236.728800 66.162240 60.000000 20.000000
V 78.501600 177.328800 157.333333 16.000000
V 612.259200 273.844800 34.285714 20.000000
V 666.964800 253.591200 82.333333 16.000000
V 620.877600 186.120000 128.333333 16.000000
V 360.403200 10.000080 60.000000 20.000000
E 0 1
E 0 5
E 0 8
E 0 14
E 0 24
E 2 3
E 2 13
E 2 15
E 2 17
E 4 24
E 6 14
E 7 24
E 9 10
E 9 14
E 9 15
E 9 25
E 11 14
E 12 17
E 14 16
E 15 19
E 15 20
E 17 18
E 17 21
E 22 24
E 23 24
G Hs_Hemesynthesis_defects_and_porphyrias_WP5169_20251130 27 30
V 173.217600 424.548000 178.513388 35.076271
V 408.384000 461.563200 178.513388 35.076271
V 238.838400 302.580000 178.513388 35.076271
V 200.354400 79.567200 178.513388 35.076271
V 323.193600 446.500800 178.513388 35.076271
V 482.954400 422.280000 178.513388 35.076271
V 454.687200 207.172800 178.513388 35.076271
V 589.161600 213.544800 73.788351 30.625143
V 305.719200 530.344800 91.347458 35.550847
V 368.503200 196.531200 178.513388 35.076271
V 279.000000 222.357600 178.513388 35.076271
V 385.596000 112.248000 91.347458 35.550847
V 205.401600 164.188800 178.513388 35.076271
V 521.726400 263.476800 178.513388 35.076271
V 157.399200 327.355200 178.513388 35.076271
V 519.645600 349.401600 91.347458 35.550847
V 149.335200 17.500320 178.513388 35.076271
V 497.527200 132.775200 91.347458 35.550847
V 110.102400 389.448000 178.513388 35.076271
V 601.495200 280.677600 91.347458 35.550847
V 289.670400 157.248000 91.347458 35.550847
V 89.503200 60.783840 178.513388 35.076271
V 180.748800 241.668000 91.347458 35.550847
V 220.255200 463.852800 91.347458 35.550847
V 440.524800 538.372800 91.347458 35.550847
V 128.872800 130.953600 178.513388 35.076271
V 253.821600 390.636000 178.513388 35.076271
E 0 18
E 0 26
E 1 4
E 1 5
E 1 24
E 2 10
E 2 14
E 2 22
E 2 26
E 3 12
E 3 16
E 4 8
E 4 26
E 5 15
E 6 9
E 6 13
E 6 17
E 7 13
E 9 10
E 9 11
E 10 12
E 10 20
E 12 22
E 12 25
E 13 15
E 13 19
E 14 18
E 16 21
E 21 25
E 23 26
G Hs_Hepatitis_C_and_hepatocellular_carcinoma_WP3646_20251130 34 34
V 583.804800 619.624800 53.655462 20.000000
V 962.568000 625.327200 54.705882 20.000000
V 825.552000 10.000080 55.756303 20.000000
V 242.164800 384.465600 60.000000 20.000000
V 746.352000 593.834400 62.058824 20.000000
V 893.016000 586.101600 55.756303 20.000000
V 28.000080 331.329600 55.756303 20.000000
V 694.346400 524.368800 94.621849 20.000000
V 676.627200 76.248000 100.924370 21.554622
V 756.576000 345.132000 80.000000 20.000000
V 707.436000 309.650400 57.857143 20.000000
V 558.216000 412.286400 49.453782 20.000000
V 912.456000 272.016000 55.756303 20.000000
V 730.728000 137.944800 53.655462 20.000000
V 553.363200 693.770400 145.042017 20.000000
V 1027.080000 665.503200 120.802646 20.682470
V 837.216000 306.684000 44.201681 20.000000
V 714.002400 411.019200 50.420168 20.000000
V 820.512000 628.999200 52.605042 20.000000
V 317.793600 385.603200 116.680672 16.302521
V 1095.408000 694.735200 53.000000 20.000000
V 641.102400 456.055200 59.957983 20.000000
V 513.885600 535.276800 80.000000 20.000000
V 788.688000 78.372000 56.806723 20.000000
V 795.816000 453.405600 61.008403 20.000000
V 577.569600 482.731200 51.554622 20.000000
V 865.152000 506.275200 48.403361 20.000000
V 395.121600 387.187200 54.705882 20.000000
V 96.818400 356.378400 57.857143 20.000000
V 168.422400 374.061600 80.000000 20.000000
V 615.096000 538.466400 48.403361 20.000000
V 474.991200 394.092000 55.756303 20.000000
V 716.695200 221.767200 57.857143 20.000000
V 669.045600 387.374400 52.880252 20.000000
E 0 14
E 0 30
E 1 5
E 1 15
E 2 23
E 3 19
E 3 29
E 4 7
E 4 18
E 5 18
E 5 26
E 6 28
E 7 21
E 8 13
E 9 16
E 9 33
E 10 17
E 10 32
E 11 21
E 11 31
E 12 16
E 13 23
E 13 32
E 15 20
E 17 21
E 17 24
E 19 27
E 21 25
E 21 30
E 21 33
E 22 25
E 24 26
E 27 31
E 28 29
G Hs_Hereditary_leiomyomatosis_and_renal_cell_carcinoma_pathway_WP4206_20250903 36 38
V 340.884000 936.648000 61.064257 25.000000
V 260.884800 531.021600 100.000000 25.000000
V 42.500160 382.881600 85.468541 25.000000
V 522.396000 797.400000 63.741633 25.000000
V 443.188800 707.882400 65.709505 25.000000
V 421.027200 12.499920 90.000000 25.000000
V 421.228800 320.990400 90.000000 25.000000
V 520.956000 440.733600 90.000000 25.000000
V 616.089600 748.152000 66.419009 25.000000
V 696.765600 745.128000 90.000000 25.000000
V 421.185600 238.773600 90.000000 25.000000
V 300.290400 602.496000 80.194110 25.000000
V 588.045600 494.143200 90.000000 25.000000
V 699.472800 527.212800 77.547858 25.000000
V 371.361600 865.800000 61.064257 25.000000
V 401.277600 564.940800 73.273092 25.000000
V 271.044000 445.269600 125.000000 25.000000
V 347.457600 401.565600 70.274431 25.000000
V 405.396000 790.056000 59.725569 25.000000
V 431.820000 85.752000 90.000000 25.000000
V 192.643200 417.240000 125.000000 25.000000
V 376.164000 643.788000 80.194110 25.000000
V 330.926400 703.648800 62.402945 25.000000
V 740.592000 675.057600 90.000000 25.000000
V 418.024800 481.680000 90.000000 25.000000
V 558.590400 297.129600 73.273092 25.000000
V 581.493600 646.473600 50.584659 25.000000
V 705.880800 604.159200 90.000000 25.000000
V 568.468800 795.816000 66.419009 25.000000
V 534.765600 719.172000 57.048193 25.000000
V 116.020800 400.608000 85.468541 25.000000
V 437.450400 404.892000 70.274431 25.000000
V 296.028000 676.188000 70.435074 25.000000
V 428.709600 161.157600 90.000000 25.000000
V 496.425600 351.892800 90.000000 25.000000
V 627.840000 571.384800 90.000000 25.000000
E 0 14
E 1 11
E 1 16
E 2 30
E 3 29
E 4 18
E 4 21
E 4 29
E 5 19
E 6 10
E 6 31
E 7 12
E 7 31
E 8 9
E 8 29
E 9 23
E 10 33
E 11 21
E 12 35
E 13 35
E 14 18
E 15 21
E 15 24
E 16 17
E 16 20
E 17 31
E 19 33
E 20 30
E 21 22
E 21 32
E 23 27
E 24 31
E 25 34
E 26 29
E 26 35
E 27 35
E 28 29
E 31 34
G Hs_Hippocampal_synaptogenesis_and_neurogenesis_WP5231_20250730 18 17
V 184.831200 140.803200 51.098794 26.447272
V 224.395200 374.637600 66.171642 36.610732
V 41.500080 517.759200 83.039683 42.223356
V 117.237600 101.001600 51.098794 26.447272
V 611.049600 406.706400 79.526160 35.986272
V 317.995200 411.832800 76.146293 38.946074
V 160.466400 424.389600 66.171642 35.052478
V 374.601600 53.940240 66.171642 33.335821
V 540.273600 383.097600 66.171642 33.335821
V 284.090400 250.840800 66.171642 33.335821
V 306.532800 95.760000 53.197854 36.783769
V 102.823200 475.329600 66.171642 36.610732
V 388.468800 339.832800 66.171642 33.335821
V 334.238400 490.039200 66.171642 36.610732
V 301.716000 334.771200 66.171642 33.335821
V 466.984800 359.676000 66.171642 33.335821
V 282.700800 18.499680 53.197854 36.783769
V 263.692800 168.732000 66.171642 33.335821
E 0 3
E 0 17
E 1 6
E 1 14
E 2 11
E 4 8
E 5 13
E 5 14
E 6 11
E 7 10
E 8 15
E 9 14
E 9 17
E 10 16
E 10 17
E 12 14
E 12 15
G Hs_Host-pathogen_interaction_of_human_coronaviruses_-_interferon_induction_WP4880_20250823 34 37
V 320.234400 179.956800 54.992747 30.000000
V 529.646400 304.689600 90.000000 25.000000
V 637.977600 274.600800 90.000000 25.000000
V 205.567200 348.616800 90.000000 25.000000
V 191.059200 121.701600 90.000000 25.000000
V 76.730400 185.529600 54.992747 30.000000
V 244.461600 196.315200 54.992747 30.000000
V 157.428000 109.778400 54.992747 30.000000
V 550.533600 77.378400 90.000000 25.000000
V 592.293600 12.499920 90.000000 25.000000
V 122.284800 124.977600 54.992747 30.000000
V 212.623200 446.356800 90.000000 25.000000
V 437.349600 344.167200 90.000000 25.000000
V 267.458400 348.184800 54.992747 30.000000
V 172.332000 447.436800 54.992747 30.000000
V 158.306400 200.239200 90.000000 25.000000
V 339.840000 214.185600 54.992747 30.000000
V 72.986400 224.251200 54.992747 30.000000
V 330.840000 349.833600 54.992747 30.000000
V 302.824800 265.744800 90.000000 25.000000
V 174.650400 361.332000 90.203969 41.165932
V 208.612800 273.333600 54.992747 30.000000
V 96.184800 252.792000 54.992747 30.000000
V 709.948800 299.872800 54.992747 30.000000
V 400.636800 260.294400 86.186939 30.000000
V 99.986400 407.476800 54.992747 30.000000
V 228.261600 249.753600 55.000000 20.000000
V 45.000000 466.718400 90.000000 25.000000
V 92.124000 149.486400 54.992747 30.000000
V 473.385600 204.444000 90.000000 25.000000
V 345.931200 314.769600 54.992747 30.000000
V 510.566400 148.176000 90.000000 25.000000
V 562.298400 241.531200 90.000000 25.000000
V 470.678400 236.318400 90.000000 25.000000
E 0 19
E 1 33
E 2 23
E 2 32
E 3 11
E 3 26
E 4 15
E 5 15
E 6 15
E 6 19
E 7 15
E 8 9
E 8 31
E 10 15
E 12 24
E 13 19
E 13 20
E 14 20
E 15 17
E 15 21
E 15 22
E 15 26
E 15 28
E 16 19
E 18 19
E 19 21
E 19 24
E 19 26
E 19 30
E 20 21
E 20 25
E 24 29
E 24 33
E 25 27
E 29 31
E 29 32
E 31 33
G Hs_IL11_signaling_WP2332_20251201 18 18
V 259.308000 166.197600 50.000000 20.000000
V 100.929600 230.623200 43.499863 20.000000
V 190.245600 157.752000 60.000000 20.000000
V 309.888000 87.048000 60.500000 20.000000
V 308.311200 239.918400 60.000000 20.000000
V 515.714400 475.646400 44.000137 20.000000
V 257.133600 89.287200 60.000000 20.000000
V 332.697600 10.000080 46.000000 20.000000
V 364.860000 302.400000 60.000000 20.000000
V 417.038400 363.160800 60.000000 20.000000
V 200.865600 102.196800 45.000000 20.000000
V 24.999840 238.104000 50.000000 20.000000
V 572.673600 521.222400 51.499931 20.000000
V 182.664000 216.554400 50.000000 20.000000
V 315.590400 370.994400 60.000000 20.000000
V 441.792000 266.076000 60.000000 20.000000
V 330.451200 152.222400 60.000000 20.000000
V 466.833600 420.544800 60.000000 20.000000
E 0 2
E 0 3
E 0 4
E 0 6
E 0 10
E 0 13
E 0 16
E 1 11
E 1 13
E 3 6
E 3 7
E 4 8
E 5 12
E 5 17
E 8 9
E 8 14
E 8 15
E 9 17
G Hs_IL1_signaling_WP195_20251120 40 48
V 61.197840 35.965440 57.000000 20.000000
V 652.723200 216.223200 60.000000 20.000000
V 819.792000 153.957600 62.000000 20.000000
V 43.086960 181.864800 49.000000 20.000000
V 799.920000 375.285600 64.000000 20.000000
V 22.500000 106.041600 45.000000 20.000000
V 775.368000 312.667200 64.000000 20.000000
V 433.814400 136.742400 59.000000 20.000000
V 328.305600 75.168000 50.000000 20.000000
V 287.409600 10.000080 53.000000 20.000000
V 490.276800 195.530400 50.000000 20.000000
V 243.612000 17.298720 55.000000 20.000000
V 467.748000 54.282960 59.000000 20.000000
V 860.472000 278.452800 46.000000 20.000000
V 936.144000 242.805600 54.000000 20.000000
V 727.344000 305.215200 64.000000 20.000000
V 181.368000 134.467200 77.000000 20.000000
V 267.876000 101.109600 78.000000 20.000000
V 671.968800 343.893600 71.000000 20.000000
V 685.360800 388.224000 62.000000 20.000000
V 668.484000 453.362400 59.000000 20.000000
V 206.949600 81.504000 47.000000 20.000000
V 153.093600 212.076000 50.000000 20.000000
V 889.416000 517.485600 40.000000 20.000000
V 775.512000 226.332000 86.000000 20.000000
V 1006.272000 207.504000 54.000000 20.000000
V 580.824000 448.934400 59.000000 20.000000
V 655.833600 537.184800 41.000000 20.336557
V 707.112000 373.500000 60.000000 20.000000
V 618.220800 227.318400 60.000000 20.000000
V 254.296800 177.285600 46.000000 20.000000
V 555.969600 241.488000 62.000000 20.000000
V 578.325600 291.506400 59.000000 20.000000
V 613.411200 369.072000 59.000000 20.000000
V 848.952000 447.602400 62.000000 20.000000
V 648.712800 275.832000 60.000000 20.000000
V 97.905600 114.148800 59.000000 20.000000
V 924.480000 586.044000 60.000000 20.000000
V 545.414400 412.012800 46.000000 20.000000
V 349.495200 133.884000 59.000000 20.000000
E 0 36
E 1 32
E 1 35
E 2 24
E 3 36
E 4 15
E 4 34
E 5 36
E 6 13
E 6 18
E 7 10
E 7 12
E 7 39
E 8 17
E 8 39
E 9 17
E 10 31
E 11 17
E 13 14
E 14 25
E 15 19
E 15 24
E 15 28
E 15 35
E 16 17
E 16 21
E 16 22
E 16 36
E 17 21
E 17 30
E 17 39
E 18 19
E 18 20
E 18 28
E 18 33
E 18 35
E 19 33
E 20 27
E 23 34
E 23 37
E 26 33
E 28 33
E 29 32
E 29 35
E 31 32
E 31 35
E 32 33
E 33 38
G Hs_IL26_signaling_WP5347_20251201 16 16
V 275.148000 149.760000 90.000000 35.000000
V 451.094400 323.100000 90.000000 35.000000
V 477.208800 88.624800 90.000000 35.000000
V 122.450400 156.657600 90.000000 35.000000
V 608.644800 17.500320 90.000000 35.000000
V 45.000000 147.636000 90.000000 25.000000
V 197.208000 115.531200 90.000000 25.000000
V 66.318480 210.196800 90.000000 35.000000
V 351.360000 192.657600 90.000000 35.000000
V 413.100000 134.654400 90.000000 35.000000
V 150.451200 50.545440 90.000000 25.000000
V 299.671200 251.791200 90.000000 35.000000
V 415.166400 250.020000 90.000000 35.000000
V 543.312000 51.896880 90.000000 35.000000
V 349.610400 273.348000 90.000000 35.000000
V 213.976800 33.353280 90.000000 25.000000
E 0 6
E 0 8
E 1 12
E 2 9
E 2 13
E 3 5
E 3 6
E 3 7
E 4 13
E 5 7
E 6 10
E 6 15
E 8 9
E 8 11
E 8 12
E 8 14
G Hs_IL2_signaling_WP49_20251120 35 45
V 200.491200 327.376800 40.000000 20.000000
V 376.581600 364.881600 60.000000 20.000000
V 33.500160 140.407200 67.162000 20.000000
V 284.263200 500.853600 70.000000 20.000000
V 306.273600 234.208800 43.333333 20.000000
V 296.020800 734.040000 50.000000 20.000000
V 247.672800 456.789600 56.666667 20.000000
V 485.827200 126.540000 45.000000 20.000000
V 328.406400 158.522400 41.333333 19.333333
V 578.930400 10.000080 60.000000 20.000000
V 171.691200 377.748000 77.000000 20.000000
V 149.313600 249.818400 41.666667 20.000000
V 405.547200 456.480000 47.556493 20.000000
V 432.504000 183.225600 43.333333 20.000000
V 169.531200 513.734400 54.000000 20.000000
V 471.643200 612.705600 53.333333 20.000000
V 334.951200 388.972800 57.333333 20.000000
V 533.836800 68.539680 41.666667 20.000000
V 366.487200 684.122400 51.666667 20.000000
V 203.904000 212.047200 34.000000 20.000000
V 364.946400 229.586400 46.666667 20.000000
V 324.993600 436.816800 57.000000 20.000000
V 439.120800 730.440000 54.000000 20.000000
V 97.660800 183.434400 46.666667 20.000000
V 68.317200 272.829600 61.842893 20.000000
V 259.063200 359.726400 58.000000 20.000000
V 436.780800 389.260800 47.000000 20.666667
V 364.269600 761.040000 56.000000 20.000000
V 311.328000 283.140000 50.333333 20.000000
V 356.817600 521.121600 66.333333 20.000000
V 195.069600 413.424000 50.000000 20.000000
V 385.840800 600.710400 54.000000 20.000000
V 284.846400 206.236800 40.000000 20.000000
V 241.207200 278.013600 53.333333 20.000000
V 330.602400 304.394400 45.000000 20.000000
E 0 10
E 0 25
E 0 33
E 1 21
E 1 34
E 2 23
E 3 21
E 4 8
E 4 20
E 4 33
E 4 34
E 5 18
E 6 14
E 6 16
E 7 13
E 7 17
E 8 20
E 8 32
E 9 17
E 10 25
E 11 23
E 11 24
E 11 33
E 12 21
E 13 20
E 15 31
E 16 21
E 16 26
E 16 34
E 18 22
E 18 27
E 18 31
E 19 33
E 20 28
E 20 32
E 20 34
E 21 25
E 21 29
E 25 28
E 25 30
E 25 33
E 28 32
E 29 31
E 32 33
E 33 34
G Hs_IL3_signaling_WP286_20251201 30 34
V 165.060000 664.221600 50.000000 20.000000
V 629.380800 243.856800 89.000000 20.000000
V 373.658400 336.211200 50.000000 20.000000
V 559.202400 746.496000 52.000000 20.000000
V 450.021600 633.722400 55.333333 20.000000
V 507.744000 354.672000 47.750000 20.000000
V 94.492800 694.512000 55.517683 20.000000
V 398.347200 477.158400 50.000000 20.000000
V 395.272800 567.331200 50.000000 20.000000
V 639.280800 82.274400 50.000000 20.000000
V 435.556800 398.066400 50.000000 20.000000
V 567.252000 298.965600 48.000000 20.000000
V 237.326400 630.424800 50.000000 20.000000
V 311.968800 591.681600 50.000000 20.000000
V 24.999840 722.232000 50.000000 20.000000
V 703.548000 222.055200 42.166667 20.000000
V 703.548000 286.401600 41.750000 20.000000
V 317.203200 451.447200 50.000000 20.000000
V 426.535200 780.336000 87.000000 20.000000
V 346.687200 258.926400 46.750000 20.000000
V 622.353600 158.796000 50.000000 20.000000
V 478.072800 715.773600 50.000000 20.000000
V 232.063200 325.483200 56.000000 20.000000
V 526.622400 619.740000 60.000000 20.000000
V 234.871200 447.465600 50.000000 20.000000
V 659.095200 10.000080 50.000000 20.000000
V 617.400000 799.632000 60.000000 20.000000
V 480.088800 792.648000 50.000000 20.000000
V 302.328000 371.613600 50.000000 20.000000
V 344.253600 522.597600 50.000000 20.000000
E 0 6
E 0 12
E 1 11
E 1 15
E 1 16
E 1 20
E 2 10
E 2 19
E 2 28
E 3 21
E 3 26
E 4 8
E 4 21
E 4 23
E 5 10
E 5 11
E 6 14
E 7 8
E 7 10
E 7 17
E 7 29
E 8 13
E 8 29
E 9 20
E 9 25
E 12 13
E 13 29
E 17 24
E 17 28
E 17 29
E 18 21
E 18 27
E 21 27
E 22 28
G Hs_IL4_signaling_WP395_20251201 23 24
V 231.940800 433.440000 50.000000 20.000000
V 432.180000 167.097600 57.000000 20.000000
V 213.962400 347.212800 50.000000 20.000000
V 20.499840 534.859200 40.708333 20.000000
V 289.072800 378.331200 50.000000 20.000000
V 81.784800 491.817600 50.000000 20.000000
V 284.774400 217.173600 50.000000 20.000000
V 393.559200 138.808800 50.000000 20.000000
V 343.951200 308.606400 50.000000 20.000000
V 343.908000 149.277600 50.000000 20.000000
V 248.551200 79.272000 50.000000 20.000000
V 358.473600 216.136800 44.666667 20.000000
V 356.104800 524.217600 43.265733 20.000000
V 152.510400 459.864000 50.000000 20.000000
V 508.140000 361.310400 62.916667 20.000000
V 287.964000 150.796800 50.000000 20.000000
V 421.833600 262.404000 54.000000 20.000000
V 300.009600 461.152800 50.000000 20.000000
V 427.795200 336.823200 50.000000 20.000000
V 270.921600 533.815200 50.000000 20.000000
V 390.859200 595.404000 40.750000 20.000000
V 218.037600 10.000080 50.000000 20.000000
V 444.268800 209.980800 50.000000 20.000000
E 0 4
E 0 13
E 0 17
E 1 11
E 2 4
E 3 5
E 4 8
E 4 17
E 5 13
E 6 11
E 7 11
E 8 11
E 8 18
E 9 11
E 10 15
E 10 21
E 11 15
E 11 16
E 11 22
E 12 17
E 12 20
E 14 18
E 16 18
E 17 19
G Hs_IL5_signaling_WP127_20251201 21 20
V 469.447200 10.000080 65.000000 20.000000
V 503.136000 708.292800 34.146580 20.000000
V 35.500320 847.872000 71.333000 20.000000
V 612.453600 471.160800 54.000000 20.000000
V 528.717600 296.042400 77.000000 20.000000
V 111.441600 870.840000 41.666667 20.000000
V 632.404800 199.144800 50.000000 20.000000
V 519.508800 372.528000 46.000000 20.000000
V 487.612800 81.259200 60.529412 20.000000
V 433.245600 662.392800 77.000000 20.000000
V 245.210400 793.296000 43.333333 20.000000
V 510.825600 152.798400 62.159664 20.000000
V 553.104000 220.370400 56.000000 20.000000
V 479.620800 513.165600 42.146580 20.000000
V 99.367200 949.536000 57.833333 20.000000
V 177.076800 828.504000 54.000000 20.000000
V 446.176800 583.084800 38.146580 20.000000
V 366.667200 708.372000 50.500000 20.000000
V 323.604000 776.664000 48.000000 20.000000
V 365.846400 848.376000 46.000000 20.000000
V 531.532800 451.900800 77.000000 20.000000
E 0 8
E 1 9
E 2 5
E 3 20
E 4 7
E 4 12
E 5 14
E 5 15
E 6 12
E 7 20
E 8 11
E 9 16
E 9 17
E 10 15
E 10 18
E 11 12
E 13 16
E 13 20
E 17 18
E 18 19
G Hs_IL6_signaling_WP364_20251201 26 26
V 180.691200 105.840000 43.333333 20.000000
V 1020.816000 399.434400 53.333333 20.000000
V 799.200000 405.000000 66.000000 20.000000
V 947.736000 394.495200 53.333333 20.000000
V 647.236800 440.078400 53.333333 20.000000
V 550.958400 641.901600 54.000000 20.000000
V 74.116800 66.249360 58.000000 20.000000
V 384.357600 318.722400 55.666667 20.000000
V 489.398400 604.144800 50.000000 20.000000
V 247.888800 139.284000 50.333333 20.000000
V 208.936800 27.489600 53.333333 20.000000
V 723.816000 418.845600 66.000000 20.000000
V 618.696000 609.184800 50.000000 20.000000
V 873.720000 396.410400 40.000000 20.000000
V 556.315200 559.324800 50.000000 20.000000
V 129.499200 253.000800 43.333333 20.000000
V 506.304000 415.252800 54.000000 20.000000
V 118.908000 135.266400 56.000000 20.000000
V 446.162400 364.435200 50.000000 20.000000
V 184.327200 186.566400 46.666667 20.000000
V 42.664320 161.143200 57.000000 20.000000
V 22.999680 10.000080 46.333333 20.000000
V 67.084560 305.668800 60.000000 20.000000
V 568.123200 472.075200 54.000000 20.000000
V 251.316000 238.082400 46.666667 20.000000
V 319.226400 278.150400 42.241460 20.000000
E 0 10
E 0 17
E 0 19
E 1 3
E 2 11
E 2 13
E 3 13
E 4 11
E 4 23
E 5 14
E 6 17
E 6 21
E 7 18
E 7 25
E 8 14
E 9 19
E 12 14
E 14 23
E 15 19
E 15 22
E 16 18
E 16 23
E 17 19
E 17 20
E 19 24
E 24 25
G Hs_Inclusion_body_myositis_WP5120_20251202 24 34
V 212.752800 343.533600 90.000000 25.000000
V 295.473600 511.862400 112.177508 25.000000
V 280.958400 144.619200 90.000000 25.000000
V 391.730400 601.185600 139.818082 25.000000
V 332.517600 70.883280 201.000000 25.000000
V 310.910400 597.247200 134.000000 25.000000
V 251.985600 447.753600 90.000000 25.000000
V 457.488000 12.499920 90.000000 25.000000
V 511.351200 161.618400 106.000000 25.000000
V 371.131200 468.252000 99.886212 29.902945
V 398.707200 422.272800 199.355017 25.000000
V 231.890400 478.857600 90.000000 25.000000
V 413.280000 77.976000 209.000000 25.000000
V 396.547200 517.075200 90.000000 25.000000
V 349.250400 202.384800 90.000000 25.000000
V 320.407200 133.416000 115.000000 25.000000
V 299.628000 361.144800 90.000000 25.000000
V 330.264000 283.248000 90.000000 25.000000
V 262.519200 75.038400 90.000000 25.000000
V 316.152000 449.856000 90.000000 25.000000
V 208.000800 20.116080 415.786517 25.000000
V 429.595200 162.273600 126.000000 25.500000
V 243.921600 517.269600 112.129630 25.000000
V 347.796000 513.842400 101.712963 25.000000
E 0 16
E 1 5
E 1 6
E 1 9
E 1 11
E 1 19
E 1 22
E 1 23
E 2 4
E 2 14
E 2 15
E 2 18
E 3 5
E 3 13
E 4 12
E 4 15
E 4 18
E 6 19
E 7 12
E 8 21
E 9 19
E 10 19
E 11 19
E 12 21
E 13 19
E 14 15
E 14 17
E 14 21
E 15 18
E 16 17
E 16 19
E 18 20
E 19 22
E 19 23
G Hs_Integrated_cancer_pathway_WP1971_20250303 33 40
V 303.408000 291.866400 51.000000 20.000000
V 279.237600 396.187200 56.398148 20.000000
V 200.224800 111.139200 80.000000 20.000000
V 230.133600 187.891200 80.000000 20.000000
V 456.501600 354.888000 80.000000 20.000000
V 334.785600 429.321600 80.000000 20.000000
V 290.858400 511.977600 80.000000 20.000000
V 450.979200 251.949600 73.685185 20.000000
V 207.288000 36.279360 80.000000 20.000000
V 263.469600 45.869760 80.000000 20.000000
V 493.783200 309.268800 52.941176 20.000000
V 391.104000 408.376800 80.000000 20.000000
V 283.233600 432.165600 80.000000 20.000000
V 527.810400 602.690400 80.000000 20.000000
V 261.396000 265.564800 80.000000 20.000000
V 360.367200 291.340800 62.592593 20.000000
V 404.056800 330.069600 80.000000 20.000000
V 251.532000 343.468800 49.314815 20.000000
V 140.349600 340.437600 80.000000 20.000000
V 115.092000 86.925600 80.000000 20.000000
V 388.476000 574.768800 80.000000 20.000000
V 480.196800 542.844000 80.000000 20.000000
V 415.324800 493.480800 80.000000 20.000000
V 239.875200 415.908000 80.000000 20.000000
V 226.612800 379.015200 80.000000 20.000000
V 369.770400 375.472800 80.000000 20.000000
V 476.560800 409.464000 80.000000 20.000000
V 551.001600 365.911200 53.000000 20.000000
V 32.999760 89.352000 66.294118 21.764706
V 88.668000 10.000080 56.647059 20.000000
V 312.976800 350.496000 80.000000 20.000000
V 226.116000 314.049600 80.000000 20.000000
V 336.182400 268.581600 80.000000 20.000000
E 0 30
E 1 30
E 2 3
E 2 8
E 2 9
E 2 19
E 3 14
E 4 16
E 4 25
E 5 6
E 5 11
E 5 12
E 5 25
E 5 30
E 7 16
E 10 16
E 10 27
E 11 16
E 11 22
E 11 25
E 11 26
E 11 30
E 12 30
E 13 21
E 14 30
E 14 31
E 15 30
E 16 30
E 17 30
E 18 31
E 19 28
E 19 29
E 20 22
E 21 22
E 23 30
E 24 30
E 25 30
E 26 27
E 30 31
E 30 32
G Hs_Interactions_between_LOXL4_and_oxidative_stress_pathway_WP3670_20250311 15 14
V 178.516800 46.244160 55.904762 20.000000
V 338.068800 120.520800 55.904762 20.000000
V 40.000320 195.184800 80.000000 20.000000
V 162.086400 242.128800 80.000000 20.000000
V 210.124800 180.820800 80.000000 20.000000
V 183.686400 94.168800 55.904762 20.000000
V 216.208800 15.542640 80.000000 20.000000
V 273.909600 243.057600 80.000000 20.000000
V 264.463200 10.000080 80.000000 20.000000
V 309.218400 30.859920 55.904762 20.000000
V 253.764000 94.197600 80.000000 20.000000
V 118.749600 181.346400 80.000000 20.000000
V 336.153600 71.925120 55.904762 20.000000
V 303.019200 151.488000 55.904762 20.000000
V 220.132800 264.124800 80.000000 20.000000
E 0 10
E 1 10
E 2 11
E 3 4
E 4 7
E 4 10
E 4 11
E 4 14
E 5 10
E 6 10
E 8 10
E 9 10
E 10 12
E 10 13
G Hs_Interactions_of_natural_killer_cells_in_pancreatic_cancer_WP5092_20240727 15 15
V 426.902400 424.864800 90.000000 25.000000
V 520.495200 301.550400 90.000000 25.000000
V 248.853600 248.450400 90.000000 25.000000
V 114.710400 256.413600 126.202462 25.000000
V 508.766400 390.571200 90.000000 25.000000
V 45.000000 286.804800 90.000000 25.000000
V 123.148800 148.888800 90.000000 25.000000
V 179.719200 207.136800 90.000000 25.000000
V 256.089600 174.484800 84.052648 25.000000
V 272.404800 89.208000 84.052648 25.000000
V 383.169600 294.537600 90.000000 25.000000
V 284.508000 12.499920 90.000000 25.000000
V 308.304000 175.449600 90.000000 25.000000
V 447.386400 343.224000 90.000000 25.000000
V 318.736800 246.816000 60.000000 25.000000
E 0 13
E 1 13
E 2 7
E 2 12
E 2 14
E 3 5
E 3 7
E 4 13
E 6 7
E 7 8
E 8 9
E 8 14
E 9 11
E 10 13
E 10 14
G Hs_Interactome_of_polycomb_repressive_complex_2_(PRC2)__WP2916_20250308 17 33
V 76.615200 53.968320 56.000000 24.000000
V 203.594400 45.527040 52.000000 20.000000
V 29.499840 73.188000 59.000000 20.000000
V 45.967680 163.857600 52.000000 20.000000
V 165.463200 152.884800 49.000000 25.000000
V 108.813600 151.826400 59.000000 20.000000
V 29.352240 120.672000 56.000000 20.000000
V 171.640800 27.215280 56.000000 24.000000
V 213.112800 134.539200 57.000000 20.000000
V 151.941600 75.254400 56.000000 20.000000
V 70.801920 15.742080 48.000000 24.000000
V 118.209600 99.806400 54.500000 20.000000
V 166.017600 176.313600 48.000000 24.000000
V 196.380000 99.950400 54.000000 20.000000
V 108.640800 192.355200 54.000000 20.000000
V 124.927200 12.000240 49.000000 24.000000
V 211.564800 228.686400 41.000000 20.000000
E 0 9
E 0 11
E 1 9
E 1 11
E 2 6
E 2 11
E 3 11
E 4 5
E 4 8
E 4 9
E 4 11
E 4 13
E 4 14
E 4 16
E 5 9
E 5 11
E 5 12
E 6 11
E 7 9
E 7 11
E 7 13
E 8 11
E 8 12
E 9 13
E 9 15
E 10 11
E 11 12
E 11 13
E 11 14
E 11 15
E 12 13
E 12 14
E 12 16
G Hs_Interferon_type_I_signaling_WP585_20250227 35 36
V 238.924800 423.619200 80.000000 20.000000
V 389.764800 257.508000 80.000000 21.483333
V 374.832000 86.731200 80.000000 21.483333
V 104.997600 331.308000 80.000000 20.000000
V 609.940800 532.836000 80.000000 20.000000
V 113.241600 433.303200 80.000000 20.000000
V 376.934400 168.105600 80.000000 21.483333
V 417.261600 362.073600 80.000000 20.000000
V 530.251200 558.151200 80.000000 21.483333
V 451.980000 210.283200 80.000000 20.000000
V 268.488000 354.196800 62.000000 30.150000
V 301.989600 486.252000 80.000000 20.000000
V 461.908800 505.771200 80.000000 21.483333
V 40.000320 459.194400 80.000000 20.000000
V 540.763200 722.592000 80.000000 20.000000
V 333.417600 287.848800 80.000000 21.483333
V 600.148800 231.768000 80.000000 20.000000
V 411.688800 571.269600 64.000000 20.000000
V 532.512000 279.763200 80.000000 20.000000
V 591.372000 853.056000 80.000000 20.000000
V 291.456000 210.909600 80.000000 21.483333
V 365.745600 346.219200 80.000000 20.000000
V 661.118400 182.275200 80.000000 20.000000
V 659.786400 893.808000 80.000000 20.000000
V 452.988000 316.908000 80.000000 20.000000
V 231.120000 278.272800 80.000000 20.000000
V 613.375200 690.595200 80.000000 20.000000
V 369.770400 10.499760 80.000000 21.483333
V 674.978400 815.256000 80.000000 20.000000
V 419.882400 428.875200 80.000000 21.483333
V 549.093600 640.526400 80.000000 20.000000
V 605.592000 772.200000 80.000000 20.000000
V 207.100800 316.497600 80.000000 20.000000
V 341.193600 411.739200 80.000000 20.000000
V 176.544000 379.555200 62.000000 34.000000
E 0 10
E 1 6
E 1 9
E 1 21
E 2 6
E 2 27
E 3 34
E 4 8
E 5 13
E 5 34
E 7 21
E 8 12
E 8 30
E 10 21
E 10 25
E 10 32
E 10 34
E 11 33
E 12 17
E 12 29
E 14 30
E 14 31
E 15 20
E 15 21
E 16 18
E 16 22
E 18 24
E 19 23
E 19 31
E 21 24
E 21 29
E 21 33
E 23 28
E 26 30
E 26 31
E 28 31
G Hs_Involvement_of_δ-secretase_in_neurodegenerative_diseases_WP5372_20240509 29 36
V 252.525600 132.091200 122.150000 34.750000
V 299.044800 58.176720 120.000000 25.000000
V 292.557600 108.475200 90.000000 25.000000
V 259.876800 230.292000 90.000000 25.000000
V 344.793600 185.428800 195.000000 31.500000
V 314.834400 332.863200 118.743643 65.977539
V 309.585600 199.324800 90.000000 25.000000
V 417.844800 128.376000 90.000000 25.000000
V 221.284800 46.223280 90.000000 31.648609
V 153.043200 172.166400 134.895299 53.269231
V 218.714400 149.256000 92.558946 27.468793
V 71.639280 134.848800 90.000000 25.000000
V 276.789600 14.999760 90.000000 29.669652
V 401.745600 263.448000 90.000000 25.000000
V 421.876800 179.920800 204.484737 25.000000
V 316.620000 273.124800 350.250000 110.750000
V 454.730400 376.192800 111.585864 20.192308
V 142.120800 260.352000 176.583333 23.202991
V 183.009600 385.588800 90.000000 25.000000
V 144.885600 113.774400 90.000000 25.000000
V 59.999760 272.376000 120.000000 25.000000
V 351.252000 444.074400 110.561492 25.000000
V 388.245600 322.560000 90.000000 25.000000
V 113.486400 341.208000 90.000000 25.000000
V 258.105600 344.282400 90.000000 25.000000
V 225.907200 286.099200 90.000000 25.000000
V 339.825600 361.576800 90.000000 25.000000
V 475.113600 221.594400 90.000000 24.750000
V 502.689600 144.208800 90.000000 25.000000
E 0 1
E 0 4
E 0 8
E 0 9
E 1 2
E 2 6
E 2 10
E 2 12
E 3 10
E 3 15
E 4 7
E 4 14
E 4 15
E 5 15
E 6 15
E 7 28
E 8 12
E 9 11
E 9 17
E 9 19
E 10 19
E 13 15
E 13 27
E 14 27
E 15 22
E 15 24
E 15 25
E 15 26
E 16 22
E 17 20
E 17 23
E 17 25
E 18 23
E 18 24
E 21 26
E 27 28
G Hs_Irinotecan_pathway_WP229_20260212 17 20
V 95.896800 12.499920 70.000000 25.000000
V 195.775200 15.698880 47.308123 20.000000
V 311.385600 38.562480 60.000000 20.000000
V 79.560000 128.289600 80.000000 20.000000
V 95.644800 292.406400 60.000000 20.000000
V 247.658400 233.683200 60.000000 20.000000
V 148.507200 177.019200 52.000000 20.500000
V 240.314400 80.928000 60.000000 20.000000
V 145.634400 80.020800 60.000000 20.000000
V 269.834400 150.580800 49.826331 20.000000
V 30.000240 195.307200 60.000000 20.000000
V 46.154160 255.024000 40.000000 20.000000
V 196.466400 156.600000 60.000000 20.000000
V 175.960800 272.304000 80.000000 20.000000
V 282.009600 309.110400 90.000000 25.000000
V 331.200000 242.532000 53.655462 20.000000
V 113.536800 211.082400 80.000000 20.000000
E 0 8
E 1 7
E 1 8
E 2 7
E 3 8
E 3 16
E 4 16
E 5 12
E 5 13
E 5 14
E 5 15
E 6 12
E 6 16
E 7 12
E 8 12
E 9 12
E 10 16
E 11 16
E 12 16
E 13 16
G Hs_Iron_metabolism_disorders_WP5172_20250815 19 19
V 300.578400 286.279200 30.000000 30.000000
V 419.745600 370.627200 90.000000 25.000000
V 116.791200 363.880800 30.000000 30.000000
V 393.962400 447.768000 90.000000 25.000000
V 565.581600 446.983200 90.000000 25.000000
V 334.857600 154.879200 90.000000 25.000000
V 568.137600 367.689600 90.000000 25.000000
V 435.967200 157.053600 30.000000 30.000000
V 383.918400 220.428000 30.000000 30.000000
V 486.208800 12.499920 90.000000 25.000000
V 496.713600 408.103200 81.213992 25.000000
V 45.000000 388.159200 90.000000 25.000000
V 359.740800 307.598400 30.000000 30.000000
V 500.846400 493.920000 90.000000 25.000000
V 269.560800 335.750400 30.000000 30.000000
V 135.079200 253.137600 90.000000 25.000000
V 465.220800 84.564000 90.000000 25.000000
V 184.478400 318.326400 30.000000 30.000000
V 251.100000 411.933600 79.840319 47.509073
E 0 12
E 0 14
E 1 3
E 1 10
E 1 12
E 2 11
E 2 17
E 4 10
E 5 8
E 6 10
E 7 8
E 7 16
E 8 12
E 9 16
E 10 13
E 12 14
E 14 17
E 14 18
E 15 17
G Hs_Joubert_syndrome_WP4656_20250116 30 32
V 215.654400 393.566400 60.000000 20.000000
V 449.200800 113.104800 60.000000 20.000000
V 125.215200 452.462400 60.000000 20.000000
V 199.454400 483.595200 60.000000 20.000000
V 442.454400 196.948800 60.000000 20.000000
V 191.678400 643.564800 60.000000 20.000000
V 74.642400 216.331200 60.000000 20.000000
V 313.934400 571.269600 60.000000 20.000000
V 55.548000 582.336000 60.000000 20.000000
V 362.520000 89.344800 60.000000 20.000000
V 415.368000 170.200800 60.000000 20.000000
V 226.526400 304.228800 70.000000 20.000000
V 294.688800 320.954400 60.000000 20.000000
V 141.393600 266.299200 60.000000 20.000000
V 34.999920 519.645600 70.000000 20.000000
V 355.104000 10.000080 60.000000 20.000000
V 367.344000 496.094400 60.000000 20.000000
V 255.772800 656.776800 60.000000 20.000000
V 290.116800 237.506400 60.000000 20.000000
V 279.280800 480.571200 60.000000 20.000000
V 296.596800 36.305280 60.000000 20.000000
V 37.892160 435.938400 60.000000 20.000000
V 425.052000 33.606720 60.000000 20.000000
V 154.468800 593.222400 60.000000 20.000000
V 231.624000 571.392000 60.000000 20.000000
V 190.202400 248.457600 60.000000 20.000000
V 300.024000 614.224800 60.000000 20.000000
V 120.686400 525.758400 60.000000 20.000000
V 349.070400 176.680800 60.000000 20.000000
V 287.330400 730.296000 60.000000 20.000000
E 0 3
E 0 11
E 1 4
E 1 9
E 1 10
E 2 3
E 2 21
E 3 19
E 3 24
E 3 27
E 4 28
E 5 24
E 6 13
E 7 24
E 8 27
E 9 15
E 9 20
E 9 22
E 9 28
E 10 28
E 11 12
E 11 13
E 11 18
E 11 25
E 14 27
E 16 19
E 17 24
E 17 29
E 18 28
E 23 24
E 23 27
E 24 26
G Hs_KCNQ2_and_KCNQ3-related_epilepsy_WP5599_20260102 34 34
V 131.313600 330.717600 90.000000 25.000000
V 617.349600 371.599200 90.000000 22.604750
V 332.323200 147.960000 98.655265 27.255198
V 412.812000 443.505600 69.654431 34.509524
V 483.026400 157.514400 90.000000 25.000000
V 351.252000 235.216800 85.103450 25.623668
V 45.000000 235.677600 90.000000 25.000000
V 225.396000 231.228000 98.655265 25.000000
V 450.302400 367.596000 90.000000 25.000000
V 475.351200 496.224000 90.000000 25.000000
V 515.606400 82.166400 90.000000 25.000000
V 211.622400 598.161600 90.000000 25.000000
V 586.692000 466.538400 90.000000 25.000000
V 536.443200 341.524800 90.000000 23.047599
V 163.116000 358.603200 90.000000 25.000000
V 605.980800 297.388800 90.000000 17.306093
V 422.877600 221.508000 90.000000 25.000000
V 242.532000 431.596800 89.436445 31.304824
V 337.485600 408.146400 90.000000 25.000000
V 287.870400 348.552000 90.000000 25.000000
V 516.729600 414.000000 90.000000 25.000000
V 158.176800 245.635200 90.000000 25.000000
V 207.396000 299.836800 77.387392 25.623668
V 236.426400 518.328000 90.000000 25.000000
V 424.195200 290.829600 90.000000 25.000000
V 186.897600 209.188800 90.000000 25.000000
V 435.643200 527.097600 70.933604 23.555655
V 116.632800 273.873600 90.000000 25.000000
V 97.934400 519.912000 90.000000 25.000000
V 166.132800 472.305600 90.000000 25.000000
V 386.337600 521.445600 90.000000 25.000000
V 547.135200 12.499920 90.000000 25.000000
V 405.165600 142.495200 55.305970 20.000000
V 373.543200 307.008000 89.436445 31.304824
E 0 22
E 1 13
E 2 5
E 3 8
E 3 9
E 3 18
E 3 26
E 3 30
E 4 10
E 4 16
E 5 33
E 6 27
E 7 22
E 8 13
E 8 20
E 8 33
E 10 31
E 11 23
E 12 20
E 13 15
E 14 22
E 16 32
E 16 33
E 17 19
E 17 23
E 17 29
E 18 19
E 19 22
E 19 33
E 21 22
E 22 25
E 22 27
E 24 33
E 28 29
G Hs_Kallmann_syndrome_WP5074_20260614 16 18
V 162.360000 315.331200 122.065728 37.986251
V 249.660000 422.229600 112.069081 36.586749
V 211.017600 21.417120 99.461087 42.263395
V 365.558400 18.000000 126.083713 35.958931
V 162.828000 476.100000 90.000000 36.772620
V 190.879200 164.829600 126.083713 41.868752
V 156.463200 87.876000 83.118889 41.355495
V 245.858400 63.412560 90.382088 35.000196
V 147.794400 234.972000 132.119718 38.950704
V 168.595200 396.777600 122.927885 36.772620
V 64.937520 218.916000 90.000000 25.000000
V 61.500240 582.472800 122.889455 24.949068
V 267.321600 130.816800 88.566289 37.723895
V 94.917600 515.376000 138.000000 53.500000
V 93.535200 437.119200 124.205391 40.605139
V 297.619200 53.379360 103.921881 41.868752
E 0 8
E 0 9
E 1 9
E 2 6
E 2 7
E 2 15
E 3 15
E 4 9
E 4 13
E 5 6
E 5 8
E 5 12
E 7 12
E 8 10
E 9 14
E 11 13
E 12 15
E 13 14
G Hs_Kennedy_pathway_from_sphingolipids_WP3933_20250311 31 38
V 258.364800 439.502400 93.796020 20.000000
V 356.126400 191.858400 34.250000 20.000000
V 230.025600 10.000080 80.000000 20.000000
V 182.700000 347.508000 80.000000 20.000000
V 370.382400 281.304000 80.000000 20.000000
V 122.148000 321.472800 108.000000 20.000000
V 312.285600 503.100000 90.810945 20.000000
V 385.819200 171.187200 46.250000 20.000000
V 236.440800 101.491200 181.172840 22.000000
V 291.636000 159.825600 181.172840 20.000000
V 325.504800 80.935200 34.250000 20.000000
V 211.579200 226.195200 80.000000 20.000000
V 191.116800 471.938400 80.000000 20.000000
V 359.114400 563.896800 80.000000 20.000000
V 158.068800 73.274400 80.000000 20.000000
V 192.420000 150.350400 144.750000 20.000000
V 374.695200 134.301600 95.194030 20.000000
V 288.136800 85.053600 95.194030 20.000000
V 162.871200 468.770400 80.000000 20.000000
V 154.634400 234.518400 80.000000 20.000000
V 106.639200 140.832000 80.000000 20.000000
V 349.416000 382.615200 80.000000 20.000000
V 114.206400 413.064000 80.000000 20.000000
V 122.587200 100.994400 80.000000 20.000000
V 40.000320 323.488800 80.000000 20.000000
V 355.514400 103.788000 80.000000 20.000000
V 272.534400 350.064000 158.962687 20.000000
V 221.076000 276.062400 80.000000 20.000000
V 232.099200 247.622400 81.000000 21.500000
V 290.484000 255.261600 122.000000 20.000000
V 197.445600 369.324000 80.000000 20.000000
E 0 6
E 0 12
E 0 18
E 0 26
E 1 9
E 2 8
E 3 5
E 3 26
E 4 29
E 5 19
E 5 22
E 5 24
E 5 30
E 6 13
E 7 9
E 8 9
E 8 15
E 9 10
E 9 15
E 9 16
E 9 17
E 9 25
E 9 29
E 11 19
E 11 29
E 12 22
E 14 15
E 15 19
E 15 20
E 15 23
E 18 22
E 19 27
E 19 28
E 21 26
E 26 29
E 26 30
E 27 29
E 28 29
G Hs_Kit_receptor_signaling_WP304_20250304 29 31
V 697.168800 11.077920 42.000000 20.000000
V 817.200000 226.080000 41.000000 20.000000
V 535.888800 261.943200 39.666667 20.000000
V 28.499760 232.898400 56.666667 20.000000
V 848.088000 137.512800 44.000000 20.000000
V 743.256000 80.553600 44.000000 20.000000
V 329.313600 400.672800 47.000000 20.000000
V 683.085600 205.056000 41.333333 20.000000
V 61.873920 121.802400 56.666667 20.000000
V 97.898400 192.909600 60.000000 20.000000
V 780.840000 10.000080 56.666667 20.000000
V 246.592800 240.811200 38.000000 20.000000
V 779.976000 242.798400 49.000000 20.000000
V 762.768000 166.413600 50.000000 20.000000
V 818.712000 61.477200 56.666667 20.000000
V 317.512800 277.552800 43.333333 20.000000
V 923.112000 122.292000 40.000000 20.000000
V 639.360000 349.581600 35.000000 20.000000
V 313.358400 483.825600 42.000000 20.000000
V 173.577600 214.538400 41.666667 20.000000
V 896.400000 67.507920 34.000000 20.000000
V 384.127200 330.847200 76.000000 20.000000
V 383.320800 406.317600 44.000000 20.000000
V 429.969600 395.661600 42.000000 20.000000
V 991.512000 227.224800 51.000000 20.000000
V 918.144000 195.033600 59.000000 20.000000
V 458.928000 286.848000 58.000000 20.000000
V 675.216000 274.824000 40.000000 20.000000
V 616.485600 260.114400 53.333333 20.000000
E 0 5
E 1 13
E 2 26
E 2 28
E 3 9
E 4 13
E 4 14
E 4 16
E 4 20
E 4 25
E 5 10
E 5 13
E 5 14
E 6 18
E 6 21
E 7 13
E 7 27
E 7 28
E 8 9
E 9 19
E 10 14
E 11 15
E 11 19
E 12 13
E 15 21
E 17 28
E 21 22
E 21 23
E 21 26
E 24 25
E 27 28
G Hs_Kleefstra_syndrome_WP5351_20240725 16 16
V 230.392800 183.672000 90.000000 25.000000
V 178.041600 114.832800 151.000000 25.000000
V 494.128800 45.977040 90.000000 25.000000
V 304.696800 145.771200 149.000000 25.000000
V 158.414400 220.744800 161.000000 25.000000
V 462.780000 212.724000 113.403909 25.000000
V 445.291200 12.499920 161.000000 25.000000
V 389.383200 164.404800 90.000000 25.000000
V 409.248000 84.405600 90.000000 25.000000
V 444.225600 106.207200 151.000000 25.000000
V 93.499200 263.649600 187.000000 25.000000
V 223.106400 268.855200 90.000000 25.000000
V 522.734400 264.916800 166.758958 25.000000
V 402.292800 244.022400 90.000000 25.000000
V 312.256800 196.999200 90.000000 25.000000
V 122.738400 58.986720 161.000000 25.000000
E 0 1
E 0 3
E 0 4
E 0 11
E 0 14
E 1 15
E 2 8
E 3 7
E 4 10
E 5 7
E 5 12
E 6 9
E 7 8
E 7 9
E 7 13
E 7 14
G Hs_Krebs_cycle_disorders_WP4236_20250306 33 39
V 270.036000 395.956800 90.000000 25.000000
V 471.211200 656.654400 50.555556 25.000000
V 253.303200 214.257600 135.327731 25.000000
V 326.930400 234.367200 90.000000 25.000000
V 319.615200 682.459200 90.000000 25.000000
V 272.836800 558.064800 43.556999 25.000000
V 93.002400 176.515200 186.131687 33.211833
V 309.124800 160.920000 45.393447 25.000000
V 223.610400 157.708800 186.131687 33.211833
V 485.035200 612.921600 45.830910 25.000000
V 149.652000 88.250400 90.000000 25.000000
V 276.307200 752.040000 45.000000 25.000000
V 444.427200 499.204800 90.000000 25.000000
V 391.644000 290.520000 90.000000 25.000000
V 315.050400 494.640000 90.000000 25.000000
V 364.665600 533.606400 90.000000 25.000000
V 193.586400 12.499920 170.726079 25.000000
V 376.113600 692.805600 90.000000 25.000000
V 96.573600 225.295200 124.842433 35.317961
V 64.621440 72.691200 125.726079 25.000000
V 393.487200 620.647200 90.000000 25.000000
V 168.861600 177.048000 116.541857 25.000000
V 307.821600 579.477600 58.998564 25.000000
V 439.221600 535.586400 45.000000 25.000000
V 238.154400 318.780000 157.984982 25.000000
V 470.484000 257.688000 56.000000 25.000000
V 392.515200 375.228000 90.000000 25.000000
V 344.779200 443.685600 90.000000 25.000000
V 120.852000 17.500320 186.131687 33.211833
V 339.048000 173.037600 48.000000 25.000000
V 284.436000 250.639200 56.705019 25.000000
V 431.092800 690.415200 44.444670 25.000000
V 232.300800 257.680800 47.294981 25.000000
E 0 24
E 0 27
E 1 20
E 2 3
E 2 7
E 2 8
E 2 21
E 2 24
E 2 29
E 2 30
E 2 32
E 3 7
E 3 13
E 3 29
E 3 30
E 3 32
E 4 11
E 4 20
E 5 15
E 6 21
E 8 21
E 9 20
E 10 16
E 10 19
E 10 21
E 10 28
E 12 15
E 13 25
E 13 26
E 14 15
E 14 27
E 15 20
E 15 22
E 15 23
E 15 27
E 17 20
E 18 21
E 20 31
E 26 27
G Hs_Lactate_shuttle_in_glial_cells_WP5314_20251018 22 22
V 228.628800 403.005600 60.000000 20.000000
V 304.185600 102.938400 70.000000 20.000000
V 175.824000 90.813600 140.000000 20.000000
V 279.720000 324.907200 60.000000 20.000000
V 357.652800 373.838400 60.000000 20.000000
V 95.263200 68.859360 120.000000 20.000000
V 184.140000 10.000080 60.000000 20.000000
V 349.250400 169.956000 70.000000 20.000000
V 235.116000 155.836800 140.000000 20.000000
V 360.763200 236.606400 40.000000 20.000000
V 54.211680 555.523200 62.083333 20.000000
V 158.292000 445.766400 60.000000 20.000000
V 283.838400 231.703200 60.000000 20.000000
V 265.622400 480.945600 50.000000 20.000000
V 307.900800 389.260800 60.000000 20.000000
V 433.900800 153.957600 68.000000 20.000000
V 361.022400 327.391200 60.000000 20.000000
V 344.548800 31.169520 60.000000 20.000000
V 106.423200 502.668000 60.000000 20.000000
V 206.164800 321.112800 60.000000 20.000000
V 161.704800 176.457600 50.000000 20.000000
V 30.000240 28.122480 60.000000 20.000000
E 0 3
E 0 11
E 0 13
E 1 7
E 1 8
E 1 17
E 2 5
E 2 6
E 2 8
E 3 4
E 3 12
E 3 14
E 3 16
E 3 19
E 5 21
E 7 12
E 7 15
E 8 12
E 8 20
E 9 12
E 10 18
E 11 18
G Hs_Lacto_series_sphingolipid_metabolism_WP5303_20250719 15 14
V 161.344800 12.499920 90.000000 25.000000
V 204.033600 317.455200 90.000000 25.000000
V 350.553600 220.010400 100.000000 25.000000
V 155.721600 300.571200 90.000000 25.000000
V 210.852000 155.923200 90.000000 25.000000
V 289.375200 274.939200 100.000000 25.000000
V 313.632000 359.035200 100.000000 25.000000
V 45.000000 200.980800 90.000000 25.000000
V 113.392800 240.523200 170.000000 25.000000
V 269.244000 14.540400 90.000000 25.000000
V 214.272000 73.332000 90.000000 25.000000
V 48.681360 297.432000 90.000000 25.000000
V 368.013600 285.753600 100.000000 25.000000
V 347.788800 429.206400 90.000000 25.000000
V 204.076800 240.883200 90.000000 25.000000
E 0 10
E 1 14
E 2 5
E 3 14
E 4 10
E 4 14
E 5 6
E 5 12
E 5 14
E 6 13
E 7 8
E 8 11
E 8 14
E 9 10
G Hs_Leptin_signaling_WP2034_20250306 15 14
V 20.000160 286.516800 40.000000 20.000000
V 334.022400 148.500000 40.000000 20.000000
V 99.100800 292.543200 40.000000 20.000000
V 528.091200 41.148720 54.956932 20.000000
V 252.151200 354.614400 51.590842 20.000000
V 195.796800 408.628800 46.000000 20.000000
V 258.652800 175.932000 40.000000 20.000000
V 593.668800 10.000080 50.117802 20.000000
V 120.384000 369.640800 48.770666 20.000000
V 397.634400 107.935200 40.000000 20.000000
V 460.756800 69.670800 40.000000 20.000000
V 210.643200 108.360000 39.268788 20.000000
V 222.508800 249.379200 51.965057 20.000000
V 180.259200 322.804800 59.648155 20.000000
V 207.079200 485.812800 46.913416 20.000000
E 0 2
E 1 6
E 1 9
E 2 13
E 3 7
E 3 10
E 4 13
E 5 13
E 5 14
E 6 11
E 6 12
E 8 13
E 9 10
E 12 13
G Hs_Linoleic_acid_metabolism_affected_by_SARS-CoV-2_WP4853_20240211 27 31
V 497.311200 12.499920 209.859053 25.095679
V 606.326400 181.742400 110.619338 25.000000
V 265.111200 189.208800 195.462963 32.175926
V 569.836800 349.905600 90.000000 25.000000
V 440.618400 118.555200 90.000000 25.000000
V 550.447200 18.040320 191.578947 29.973684
V 588.952800 148.377600 144.757101 25.000000
V 341.654400 190.245600 169.578947 38.426089
V 508.183200 222.789600 191.578947 29.973684
V 709.135200 28.920240 51.829146 18.500000
V 526.082400 101.736000 120.000000 25.000000
V 45.000000 189.511200 90.000000 36.601852
V 779.400000 168.940800 50.500000 18.500000
V 472.168800 149.522400 90.000000 25.000000
V 619.653600 273.067200 138.260188 35.092054
V 679.075200 111.283200 143.757101 25.000000
V 757.080000 79.790400 191.578947 29.973684
V 455.320800 291.844800 112.736234 29.500000
V 528.451200 305.056800 135.000000 20.666969
V 190.836000 185.191200 120.000000 30.000000
V 757.008000 235.404000 191.578947 29.973684
V 442.159200 90.648000 90.000000 25.000000
V 696.376800 177.926400 181.862237 25.000000
V 117.540000 184.320000 90.000000 25.000000
V 423.273600 182.433600 191.578947 29.973684
V 607.096800 338.133600 90.000000 25.000000
V 595.188000 59.891760 51.829146 18.500000
E 0 10
E 1 10
E 1 14
E 1 22
E 2 7
E 2 19
E 3 14
E 3 18
E 4 10
E 4 24
E 5 10
E 6 8
E 6 15
E 6 26
E 7 24
E 8 17
E 8 18
E 8 24
E 9 15
E 10 13
E 10 21
E 11 23
E 12 22
E 13 24
E 14 25
E 15 16
E 15 22
E 18 25
E 19 23
E 20 22
E 21 24
G Hs_Linoleic_acid_oxylipin_metabolism_WP5137_20260617 17 19
V 238.017600 192.391200 180.000000 35.000000
V 264.081600 338.457600 90.000000 25.000000
V 200.642400 111.715200 180.000000 25.000000
V 148.989600 335.152800 180.000000 25.000000
V 153.446400 59.438880 180.000000 25.000000
V 168.948000 227.692800 90.000000 25.000000
V 241.344000 58.900320 180.000000 25.000000
V 312.084000 196.970400 90.000000 25.000000
V 368.798400 86.335200 180.000000 25.000000
V 205.372800 19.006560 180.000000 25.000000
V 211.917600 278.388000 180.000000 25.000000
V 155.851200 185.097600 141.439597 23.318792
V 293.796000 263.239200 180.000000 25.000000
V 368.431200 300.708000 180.000000 25.000000
V 291.708000 122.493600 180.000000 25.000000
V 90.000000 12.499920 180.000000 25.000000
V 436.550400 49.317840 180.000000 25.000000
E 0 2
E 0 5
E 0 7
E 0 10
E 0 11
E 0 12
E 0 14
E 1 10
E 1 12
E 2 4
E 2 6
E 2 9
E 3 10
E 4 6
E 4 15
E 6 14
E 8 14
E 8 16
E 12 13
G Hs_Lipid_metabolism_pathway_WP3965_20250307 26 25
V 752.472000 76.190400 55.000000 25.000000
V 716.565600 146.577600 80.000000 20.000000
V 163.058400 204.199200 60.000000 25.000000
V 282.038400 380.642400 60.000000 20.000000
V 387.028800 398.102400 80.000000 20.000000
V 306.086400 299.606400 90.000000 25.000000
V 85.557600 227.548800 60.000000 20.000000
V 560.001600 288.669600 92.407500 33.447500
V 94.795200 60.776640 90.000000 25.000000
V 137.491200 125.049600 106.233763 25.000000
V 253.144800 191.563200 80.000000 20.000000
V 474.847200 212.385600 112.357481 37.857500
V 753.264000 412.898400 54.691924 25.000000
V 783.216000 235.404000 40.000000 25.000000
V 390.312000 311.486400 90.000000 25.000000
V 474.696000 292.413600 90.000000 25.000000
V 644.846400 295.927200 40.000000 25.000000
V 116.956800 390.873600 80.000000 20.000000
V 487.562400 371.592000 182.392500 37.857500
V 685.260000 458.870400 80.000000 20.000000
V 682.063200 376.192800 80.000000 20.000000
V 40.000320 10.000080 80.000000 20.000000
V 860.904000 232.934400 123.313152 25.000000
V 226.944000 263.203200 106.233763 25.000000
V 171.151200 329.875200 90.000000 25.000000
V 701.863200 228.830400 40.000000 25.000000
E 0 1
E 1 25
E 2 6
E 2 9
E 2 23
E 3 5
E 4 14
E 5 14
E 5 23
E 7 15
E 7 16
E 8 9
E 8 21
E 10 23
E 11 15
E 12 20
E 13 22
E 13 25
E 14 15
E 15 18
E 16 20
E 16 25
E 17 24
E 19 20
E 23 24
G Hs_LncRNA-like_NMRK2_in_translocation_renal_cell_carcinoma_WP5519_20251031 17 17
V 279.273600 191.052000 60.000000 20.000000
V 441.468000 18.244800 50.000000 20.000000
V 287.532000 49.050000 60.000000 20.000000
V 420.127200 254.743200 40.000000 20.000000
V 672.177600 376.531200 70.000000 20.000000
V 236.282400 118.360800 60.000000 20.000000
V 30.000240 13.615920 60.000000 20.000000
V 500.349600 227.217600 120.000000 25.000000
V 166.399200 75.801600 60.000000 20.000000
V 556.992000 283.420800 40.000000 20.000000
V 612.583200 333.763200 70.000000 20.000000
V 177.573600 176.587200 60.000000 20.000000
V 96.314400 45.642960 60.000000 20.000000
V 339.681600 244.850400 70.000000 50.000000
V 506.412000 68.711760 50.000000 20.000000
V 529.639200 147.045600 40.000000 20.000000
V 359.726400 10.000080 60.000000 20.000000
E 0 5
E 0 13
E 1 14
E 1 16
E 2 5
E 2 16
E 3 7
E 3 13
E 4 10
E 5 8
E 5 11
E 6 12
E 7 9
E 7 15
E 8 12
E 9 10
E 14 15
G Hs_Lung_fibrosis_WP3624_20250311 18 17
V 126.504000 330.048000 80.000000 20.000000
V 208.065600 190.792800 80.000000 20.000000
V 46.547280 342.295200 80.000000 20.000000
V 193.946400 351.453600 79.842175 20.000000
V 247.226400 345.448800 63.500000 30.500000
V 136.180800 198.295200 103.500000 41.500000
V 73.656000 76.658400 51.000000 21.000000
V 293.760000 311.515200 80.000000 20.000000
V 285.969600 54.122400 79.842175 21.228536
V 349.444800 90.144000 80.000000 20.000000
V 205.207200 125.272800 80.000000 20.000000
V 133.898400 130.370400 103.500000 41.500000
V 27.000000 16.999920 53.500000 33.500000
V 207.518400 281.109600 77.249086 20.000000
V 366.019200 160.365600 80.000000 20.000000
V 354.744000 368.121600 45.500000 19.500000
V 285.962400 140.486400 80.000000 20.000000
V 107.654400 413.517600 80.000000 20.000000
E 0 2
E 0 13
E 0 17
E 1 5
E 1 10
E 1 11
E 1 13
E 1 16
E 3 13
E 4 13
E 6 11
E 6 12
E 7 13
E 7 15
E 8 16
E 9 16
E 14 16
G Hs_MECP2_and_associated_Rett_syndrome_WP3584_20250311 22 24
V 72.057600 86.018400 80.000000 20.000000
V 391.248000 101.318400 80.000000 20.000000
V 140.083200 142.934400 115.730073 63.845373
V 52.600320 159.573600 80.000000 20.000000
V 190.994400 109.454400 80.000000 20.000000
V 304.876800 192.247200 80.000000 20.000000
V 52.578720 291.960000 80.000000 20.000000
V 203.947200 385.308000 80.000000 20.000000
V 101.152800 62.922960 80.000000 20.000000
V 138.016800 55.396080 80.000000 20.000000
V 310.629600 85.392000 80.000000 20.000000
V 53.436960 118.713600 80.000000 20.000000
V 342.828000 10.000080 80.000000 20.000000
V 103.881600 224.906400 80.000000 20.000000
V 40.000320 435.520800 80.000000 20.000000
V 156.916800 236.059200 80.000000 20.000000
V 175.572000 67.371120 80.000000 20.000000
V 205.495200 175.996800 80.000000 20.000000
V 150.969600 323.798400 80.000000 20.000000
V 78.213600 367.819200 80.000000 20.000000
V 92.937600 174.873600 80.000000 20.000000
V 241.308000 136.735200 80.000000 20.000000
E 0 2
E 1 10
E 2 3
E 2 4
E 2 8
E 2 9
E 2 11
E 2 13
E 2 15
E 2 16
E 2 17
E 2 20
E 2 21
E 5 21
E 6 13
E 6 19
E 7 18
E 10 12
E 10 21
E 13 15
E 14 19
E 15 18
E 17 21
E 18 19
G Hs_MET_in_type_1_papillary_renal_cell_carcinoma_WP4205_20260303 18 18
V 24.999840 213.422400 50.000000 20.000000
V 333.439200 254.685600 70.000000 20.000000
V 155.419200 347.616000 50.000000 20.000000
V 123.573600 417.628800 70.000000 20.000000
V 176.342400 267.444000 50.000000 20.000000
V 291.823200 118.209600 70.000000 20.000000
V 321.825600 10.000080 61.203704 20.000000
V 396.763200 250.509600 70.000000 20.000000
V 509.155200 360.583200 70.000000 20.000000
V 333.568800 89.193600 61.203704 20.000000
V 266.911200 161.344800 70.000000 20.000000
V 99.331200 234.417600 50.000000 20.000000
V 492.516000 125.301600 61.203704 20.000000
V 452.829600 309.448800 70.000000 20.000000
V 335.311200 184.017600 70.000000 30.000000
V 381.895200 131.464800 70.000000 20.000000
V 421.308000 166.672800 53.101852 20.000000
V 254.397600 232.999200 70.000000 20.000000
E 0 11
E 1 14
E 2 3
E 2 4
E 4 11
E 4 17
E 5 9
E 5 14
E 6 9
E 7 13
E 7 14
E 8 13
E 9 14
E 10 14
E 12 16
E 14 15
E 14 16
E 14 17
G Hs_MTHFR_deficiency_WP4288_20250725 32 34
V 663.667200 280.317600 90.000000 25.000000
V 1060.560000 244.130400 133.175538 48.908752
V 269.985600 31.196160 90.000000 25.000000
V 256.485600 303.112800 90.000000 25.000000
V 988.056000 246.988800 187.223092 25.000000
V 170.503200 12.499920 340.598520 25.000000
V 387.748800 76.730400 145.419519 25.000000
V 356.220000 161.503200 133.443534 25.000000
V 213.314400 82.324800 282.598520 32.624981
V 820.512000 226.195200 145.223092 25.000000
V 1032.120000 326.181600 90.000000 25.000000
V 324.734400 87.292800 114.443534 25.000000
V 905.544000 224.438400 130.746455 25.000000
V 409.881600 115.567200 90.000000 25.000000
V 764.352000 349.473600 196.418346 25.000000
V 808.848000 144.403200 146.009854 25.000000
V 746.640000 268.070400 130.746455 25.000000
V 581.666400 269.121600 156.000000 25.000000
V 439.380000 195.271200 90.000000 25.000000
V 659.152800 367.826400 90.000000 25.000000
V 299.743200 234.100800 180.129436 25.000000
V 1023.048000 407.095200 90.000000 25.000000
V 1088.496000 106.020000 90.000000 25.000000
V 137.671200 110.138400 90.000000 25.000000
V 1110.744000 299.505600 136.612935 25.000000
V 348.919200 233.287200 180.129436 25.000000
V 516.088800 221.076000 90.000000 25.000000
V 274.946400 139.989600 90.000000 25.000000
V 916.128000 140.392800 146.009854 25.000000
V 1034.352000 166.975200 235.000000 25.000000
V 1092.744000 382.363200 90.000000 25.000000
V 553.154400 351.374400 90.000000 25.000000
E 0 16
E 0 17
E 0 19
E 1 4
E 1 24
E 2 8
E 2 11
E 3 20
E 4 10
E 4 12
E 4 29
E 5 8
E 6 7
E 7 11
E 7 13
E 7 18
E 7 20
E 7 25
E 7 27
E 8 23
E 8 27
E 9 12
E 9 15
E 9 16
E 10 21
E 10 24
E 10 30
E 12 28
E 14 16
E 17 26
E 17 31
E 18 26
E 20 25
E 22 29
G Hs_Macrophage-stimulating_protein_(MSP)_signaling_WP5353_20240729 16 15
V 118.944000 408.614400 76.666445 30.000000
V 197.949600 483.112800 56.253443 30.000000
V 159.055200 14.999760 86.000000 30.000000
V 182.217600 561.225600 86.000000 30.000000
V 289.843200 419.342400 74.598782 30.000000
V 207.590400 394.221600 90.000000 30.000000
V 138.542400 363.549600 87.538756 30.000000
V 145.281600 155.419200 86.000000 30.000000
V 42.999840 53.182080 86.000000 30.000000
V 257.407200 336.283200 77.577920 30.000000
V 186.163200 305.604000 86.000000 30.000000
V 117.144000 82.951200 98.831031 30.000000
V 292.989600 370.008000 63.478978 30.000000
V 257.558400 456.789600 59.367019 30.000000
V 148.629600 447.451200 75.707940 30.000000
V 167.428800 228.103200 86.000000 30.000000
E 0 5
E 1 3
E 1 5
E 2 11
E 4 5
E 5 6
E 5 9
E 5 10
E 5 12
E 5 13
E 5 14
E 7 11
E 7 15
E 8 11
E 10 15
G Hs_Malate-aspartate_shuttle_WP4315_20240728 15 16
V 437.832000 351.100800 79.000258 25.000000
V 189.986400 12.499920 60.000000 25.000000
V 243.158400 225.266400 90.000000 25.000000
V 444.693600 430.430400 89.754607 25.000000
V 312.552000 262.720800 89.754607 25.000000
V 40.000320 206.402400 80.000000 54.625886
V 87.516000 71.725680 80.000000 54.640936
V 375.724800 304.531200 79.000258 25.000000
V 166.276800 90.014400 90.000000 25.000000
V 48.368160 149.673600 90.000000 25.000000
V 168.494400 266.299200 60.000000 25.000000
V 233.128800 141.660000 90.000000 25.000000
V 514.533600 330.314400 60.000000 25.000000
V 100.476000 136.159200 95.000000 25.000000
V 92.239200 237.880800 95.000000 25.000000
E 0 3
E 0 7
E 0 12
E 1 8
E 2 4
E 2 10
E 2 11
E 4 7
E 5 13
E 5 14
E 6 8
E 6 9
E 8 11
E 8 13
E 9 14
E 10 14
G Hs_Mammalian_disorder_of_sexual_development_WP4842_20241120 15 14
V 193.968000 328.039200 60.000000 20.000000
V 269.287200 379.123200 60.000000 20.000000
V 251.416800 84.787200 90.000000 20.000000
V 30.000240 371.844000 60.000000 20.000000
V 230.875200 162.763200 60.000000 20.000000
V 151.898400 394.732800 60.000000 20.000000
V 212.637600 240.984000 40.000000 25.000000
V 334.807200 71.622000 40.000000 20.000000
V 184.514400 33.496560 60.000000 20.000000
V 271.238400 10.000080 60.000000 20.000000
V 133.293600 282.067200 60.000000 20.000000
V 104.724000 343.879200 60.000000 20.000000
V 267.127200 311.277600 60.000000 20.000000
V 328.795200 432.316800 60.000000 20.000000
V 205.718400 406.742400 60.000000 20.000000
E 0 1
E 0 5
E 0 6
E 0 10
E 0 11
E 0 12
E 0 14
E 1 13
E 2 4
E 2 7
E 2 8
E 2 9
E 3 11
E 4 6
G Hs_Mammary_gland_development:_embryonic_development_-_stage_1_of_4_WP2813_20250311 17 16
V 32.278320 163.195200 50.000000 20.000000
V 186.400800 227.304000 50.000000 20.000000
V 79.488000 111.211200 45.000000 18.000000
V 64.201680 260.812800 50.000000 20.000000
V 133.293600 257.846400 110.000000 18.000000
V 49.664880 227.570400 50.000000 20.000000
V 116.316000 186.998400 45.000000 18.000000
V 201.542400 160.905600 50.000000 20.000000
V 47.406960 129.960000 50.000000 20.000000
V 182.066400 125.913600 80.000000 18.000000
V 128.426400 87.487200 45.000000 18.000000
V 24.999840 200.966400 50.000000 20.000000
V 209.275200 199.015200 50.000000 20.000000
V 172.065600 264.412800 45.000000 18.000000
V 102.693600 278.107200 50.000000 20.000000
V 137.174400 132.019200 45.000000 18.000000
V 151.178400 9.000000 96.500000 18.000000
E 0 6
E 1 6
E 2 6
E 3 6
E 4 6
E 5 6
E 6 7
E 6 8
E 6 9
E 6 10
E 6 11
E 6 12
E 6 13
E 6 14
E 6 15
E 10 16
G Hs_Melatonin_metabolism_and_effects_WP3298_20250311 37 38
V 471.880800 90.007200 60.000000 20.000000
V 498.830400 397.605600 80.000000 20.000000
V 515.786400 330.782400 80.000000 20.000000
V 237.556800 446.148000 60.000000 20.000000
V 526.154400 572.126400 80.000000 20.000000
V 441.460800 538.279200 104.000000 20.000000
V 494.676000 16.500240 173.630252 33.109244
V 432.331200 250.833600 60.000000 20.000000
V 546.609600 258.062400 130.000000 20.000000
V 448.639200 411.710400 60.000000 20.000000
V 366.523200 390.031200 80.000000 20.000000
V 356.832000 450.115200 60.000000 20.000000
V 448.898400 167.148000 60.000000 20.000000
V 605.023200 307.965600 60.000000 20.000000
V 587.887200 465.832800 60.000000 20.000000
V 508.219200 423.108000 102.625000 20.000000
V 355.586400 684.928800 60.000000 20.000000
V 446.587200 697.838400 60.000000 20.000000
V 408.348000 621.885600 80.000000 20.000000
V 414.770400 436.183200 80.000000 20.000000
V 109.785600 178.898400 51.050000 20.000000
V 328.197600 289.584000 60.000000 20.000000
V 431.611200 344.232000 60.000000 20.000000
V 281.736000 551.390400 91.000000 20.000000
V 243.691200 505.389600 106.250000 20.000000
V 406.764000 346.017600 60.000000 20.000000
V 483.184800 600.912000 60.000000 20.000000
V 180.295200 211.341600 60.000000 20.000000
V 338.745600 409.550400 60.000000 20.000000
V 252.705600 247.449600 60.000000 20.000000
V 427.881600 492.120000 60.000000 20.000000
V 40.000320 150.278400 80.000000 20.000000
V 319.104000 475.293600 101.000000 20.000000
V 683.013600 283.442400 60.000000 20.000000
V 473.472000 477.878400 60.000000 20.000000
V 589.730400 421.754400 60.000000 20.000000
V 380.109600 496.231200 60.000000 20.000000
E 0 6
E 0 12
E 1 2
E 1 19
E 1 35
E 2 8
E 2 13
E 2 15
E 2 25
E 3 32
E 4 5
E 5 18
E 5 19
E 5 26
E 7 12
E 7 22
E 9 19
E 10 19
E 11 19
E 13 33
E 14 15
E 15 19
E 16 18
E 17 18
E 19 22
E 19 25
E 19 28
E 19 30
E 19 32
E 19 34
E 19 36
E 20 27
E 20 31
E 21 25
E 21 29
E 23 32
E 24 32
E 27 29
G Hs_Metabolism_of_alpha-linolenic_acid_WP4586_20240727 16 16
V 151.063200 65.173680 90.000000 25.000000
V 359.244000 350.726400 60.000000 25.000000
V 290.736000 198.432000 111.213152 25.000000
V 324.057600 280.065600 60.000000 25.000000
V 101.253600 228.168000 110.000000 25.000000
V 43.554240 134.618400 60.000000 25.000000
V 124.423200 147.765600 60.000000 25.000000
V 289.425600 36.959760 90.000000 25.000000
V 74.145600 81.050400 60.000000 25.000000
V 309.276000 114.458400 90.000000 25.000000
V 204.789600 181.188000 90.000000 25.000000
V 257.112000 270.482400 110.000000 25.000000
V 367.329600 162.201600 202.947429 25.000000
V 55.000080 196.272000 110.000000 24.291383
V 367.236000 218.620800 110.000000 25.000000
V 211.204800 12.499920 90.000000 25.000000
E 0 6
E 0 15
E 1 3
E 2 3
E 2 9
E 2 10
E 2 11
E 2 12
E 2 14
E 4 6
E 5 6
E 6 8
E 6 10
E 6 13
E 7 9
E 7 15
G Hs_Metabolism_of_dichloroethylene_by_CYP450_WP3666_20250308 16 15
V 411.861600 266.205600 261.043372 41.500000
V 447.264000 131.133600 166.843203 30.500000
V 211.485600 21.000240 190.500000 41.500000
V 130.500000 134.913600 261.043372 41.500000
V 458.704800 206.395200 261.043372 41.500000
V 215.496000 320.256000 190.500000 41.500000
V 275.004000 103.003200 72.000000 29.500000
V 287.294400 166.514400 127.500000 41.500000
V 379.641600 190.627200 190.500000 41.500000
V 326.462400 80.906400 72.000000 29.500000
V 169.128000 267.624000 166.843203 30.500000
V 146.368800 60.496560 166.843203 30.500000
V 344.246400 133.430400 72.000000 29.500000
V 209.160000 111.060000 190.500000 41.500000
V 285.652800 321.955200 261.043372 41.500000
V 249.976800 246.376800 190.500000 41.500000
E 0 8
E 1 8
E 2 13
E 3 13
E 4 8
E 5 15
E 6 7
E 7 8
E 7 9
E 7 12
E 7 13
E 7 15
E 10 15
E 11 13
E 14 15
G Hs_Methionine_metabolism_leading_to_sulfur_amino_acids_and_related_disorders_WP4292_20250622 34 34
V 562.708800 147.168000 90.000000 25.000000
V 747.936000 54.254880 90.000000 25.000000
V 200.642400 142.912800 170.000000 25.000000
V 194.637600 424.490400 90.000000 25.000000
V 603.684000 289.231200 142.205346 25.000000
V 57.644640 143.791200 62.164179 25.000000
V 302.112000 102.736800 53.037812 30.809775
V 461.368800 192.376800 170.000000 25.000000
V 210.283200 50.997600 170.000000 25.000000
V 327.204000 151.696800 74.688140 37.790966
V 120.463200 400.622400 62.164179 25.000000
V 548.625600 279.986400 79.569507 25.488802
V 551.052000 213.012000 194.305556 25.000000
V 279.720000 194.947200 170.000000 25.000000
V 390.484800 297.979200 90.000000 25.000000
V 275.580000 134.460000 90.000000 25.000000
V 684.784800 12.499920 90.000000 25.000000
V 202.312800 247.737600 170.000000 25.000000
V 375.616800 215.848800 170.000000 25.000000
V 761.760000 133.848000 99.987212 24.008951
V 612.165600 374.781600 90.000000 25.000000
V 469.476000 107.388000 72.960498 24.027866
V 85.874400 263.239200 90.000000 25.000000
V 623.268000 156.945600 166.506683 25.000000
V 52.359840 234.979200 90.000000 25.000000
V 127.144800 194.263200 170.000000 20.500000
V 222.847200 314.697600 90.000000 25.000000
V 176.659200 341.042400 90.000000 25.000000
V 684.748800 98.409600 90.000000 25.000000
V 297.943200 260.136000 90.000000 25.000000
V 673.999200 323.992800 90.000000 25.000000
V 167.378400 63.841680 76.651366 35.022752
V 91.116000 117.172800 170.568942 63.307229
V 45.000000 188.618400 90.000000 25.000000
E 0 12
E 1 28
E 2 8
E 2 13
E 2 25
E 2 31
E 3 27
E 4 12
E 4 20
E 4 30
E 5 25
E 6 13
E 7 12
E 7 18
E 7 21
E 9 13
E 10 27
E 11 12
E 12 23
E 13 15
E 13 17
E 13 18
E 13 29
E 14 18
E 16 28
E 17 25
E 17 26
E 17 27
E 19 28
E 22 25
E 23 28
E 24 25
E 25 32
E 25 33
G Hs_Mevalonate_arm_of_cholesterol_biosynthesis_pathway_with_inhibitors_WP4189_20250304 27 35
V 353.160000 258.379200 90.000000 25.000000
V 488.426400 181.224000 106.000000 25.000000
V 266.536800 234.964800 104.000000 25.000000
V 45.000000 779.256000 90.000000 25.000000
V 285.897600 190.058400 90.000000 25.000000
V 315.540000 507.189600 90.000000 25.000000
V 388.792800 90.064800 127.000000 25.000000
V 427.356000 461.462400 90.000000 25.000000
V 455.522400 137.973600 90.000000 25.000000
V 368.395200 12.499920 154.904621 25.000000
V 328.528800 129.211200 90.000000 25.000000
V 131.601600 658.706400 90.000000 25.000000
V 399.679200 179.215200 90.000000 25.000000
V 349.452000 428.558400 90.000000 25.000000
V 238.780800 543.276000 90.000000 25.000000
V 89.107200 720.792000 90.000000 25.000000
V 450.360000 359.042400 90.000000 25.000000
V 229.312800 612.770400 90.000000 25.000000
V 338.356800 212.767200 90.000000 25.000000
V 377.733600 571.096800 90.000000 25.000000
V 633.196800 119.088000 160.634399 25.000000
V 368.611200 344.556000 90.000000 25.000000
V 563.644800 149.407200 90.000000 25.000000
V 166.161600 584.229600 227.657407 25.000000
V 289.742400 275.990400 90.000000 25.000000
V 91.202400 554.133600 110.000000 25.000000
V 435.686400 628.480800 176.851852 25.000000
E 0 2
E 0 4
E 0 12
E 0 18
E 0 21
E 0 24
E 1 8
E 1 12
E 1 22
E 2 4
E 2 18
E 2 24
E 3 15
E 4 10
E 4 18
E 5 13
E 5 14
E 5 19
E 6 9
E 6 12
E 7 13
E 8 12
E 10 12
E 11 15
E 11 23
E 12 18
E 13 21
E 14 17
E 14 23
E 16 21
E 17 23
E 18 24
E 19 26
E 20 22
E 23 25
G Hs_Mevalonate_pathway_WP3963_20230202 18 17
V 373.752000 243.691200 175.000000 25.000000
V 359.827200 160.207200 175.000000 25.000000
V 43.500240 563.076000 86.830935 25.000000
V 425.390400 363.844800 85.032374 25.000000
V 457.538400 251.769600 74.241007 25.000000
V 99.381600 512.532000 96.607273 25.000000
V 429.141600 12.499920 116.780332 25.000000
V 78.314400 400.341600 70.643885 25.000000
V 344.685600 20.601360 117.567477 25.000000
V 354.297600 455.882400 52.658273 25.000000
V 399.650400 85.039200 175.000000 25.000000
V 145.044000 445.579200 127.500000 25.000000
V 349.228800 324.115200 175.000000 25.000000
V 227.930400 435.700800 92.226619 25.000000
V 283.125600 131.724000 68.845324 25.000000
V 298.584000 390.816000 98.326342 25.000000
V 483.048000 76.550400 125.696786 25.000000
V 250.898400 516.643200 70.643885 25.000000
E 0 1
E 0 4
E 0 12
E 1 10
E 1 14
E 2 5
E 3 12
E 5 11
E 6 10
E 7 11
E 8 10
E 9 15
E 10 16
E 11 13
E 12 15
E 13 15
E 13 17
G Hs_Microtubule_cytoskeleton_regulation_WP2038_20250308 24 23
V 91.123200 305.870400 60.000000 20.000000
V 385.891200 394.149600 60.000000 20.000000
V 223.192800 395.978400 60.000000 20.000000
V 30.000240 624.283200 60.000000 20.000000
V 172.965600 307.612800 60.000000 20.000000
V 145.332000 81.806400 60.000000 20.000000
V 65.596320 153.604800 60.000000 20.000000
V 248.493600 306.093600 60.000000 20.000000
V 111.830400 613.404000 60.000000 20.000000
V 138.549600 689.616000 60.000000 20.000000
V 389.952000 202.701600 60.000000 20.000000
V 204.040800 228.967200 60.000000 20.000000
V 117.900000 10.000080 60.000000 20.000000
V 158.752800 838.008000 60.000000 20.000000
V 475.279200 205.243200 60.000000 20.000000
V 148.665600 162.770400 40.000000 20.000000
V 413.589600 127.828800 60.000000 20.000000
V 311.860800 349.063200 80.000000 20.000000
V 326.102400 259.927200 60.000000 20.000000
V 174.297600 465.667200 60.000000 20.000000
V 148.600800 764.856000 60.000000 20.000000
V 144.878400 540.129600 60.000000 20.000000
V 400.939200 293.752800 60.000000 20.000000
V 279.640800 453.628800 60.000000 20.000000
E 0 4
E 1 17
E 2 7
E 2 19
E 2 23
E 3 8
E 4 7
E 5 12
E 5 15
E 6 15
E 7 11
E 7 17
E 7 18
E 8 9
E 8 21
E 9 20
E 10 14
E 10 16
E 10 18
E 11 15
E 13 20
E 18 22
E 19 21
G Hs_Mineralocorticoid_biosynthesis_WP5279_20240723 31 30
V 595.504800 266.407200 90.000000 25.000000
V 307.620000 259.200000 326.841537 25.000000
V 339.631200 467.762400 229.579232 25.000000
V 400.089600 401.169600 229.579232 25.000000
V 487.540800 12.499920 149.881291 25.000000
V 221.990400 246.585600 383.838720 25.000000
V 302.702400 405.914400 229.579232 25.000000
V 404.445600 257.486400 229.579232 25.000000
V 410.184000 159.667200 90.000000 25.000000
V 488.736000 291.333600 90.000000 25.000000
V 703.728000 251.690400 90.000000 25.000000
V 560.764800 336.456000 229.579232 25.000000
V 492.537600 520.135200 229.579232 25.000000
V 614.044800 405.540000 229.579232 25.000000
V 477.316800 392.601600 90.000000 25.000000
V 675.050400 460.886400 229.579232 25.000000
V 453.686400 208.339200 90.000000 25.000000
V 163.497600 189.518400 326.841537 25.000000
V 460.188000 441.338400 229.579232 25.000000
V 354.463200 225.439200 90.000000 25.000000
V 411.048000 509.335200 90.000000 25.000000
V 338.796000 112.816800 229.579232 25.000000
V 453.448800 341.049600 143.459916 25.000000
V 507.693600 357.501600 90.000000 25.000000
V 494.683200 600.544800 90.000000 25.000000
V 392.709600 85.564800 90.000000 25.000000
V 466.869600 90.583200 167.284236 25.000000
V 148.694400 284.119200 90.000000 25.000000
V 379.620000 358.833600 229.579232 25.000000
V 645.127200 312.955200 90.000000 25.000000
V 722.592000 338.256000 173.464736 37.702565
E 0 11
E 1 5
E 1 7
E 2 3
E 3 22
E 4 26
E 5 17
E 5 27
E 6 28
E 7 8
E 7 16
E 7 19
E 7 22
E 8 21
E 8 25
E 8 26
E 9 22
E 10 29
E 11 13
E 11 22
E 11 29
E 12 18
E 12 24
E 13 15
E 14 22
E 18 20
E 18 22
E 22 23
E 22 28
E 29 30
G Hs_Mitochondrial_carrier_deficiency_associated_with_shuttle_disturbances_WP5507_20251001 15 17
V 34.999920 193.356000 70.000000 20.000000
V 117.792000 202.255200 70.000000 20.000000
V 261.914400 143.460000 90.000000 20.000000
V 86.774400 282.355200 24.049946 20.000000
V 136.562400 285.652800 70.000000 20.000000
V 247.399200 284.868000 60.000000 20.000000
V 216.626400 77.536800 82.000000 20.000000
V 293.400000 69.247440 90.000000 20.000000
V 53.485920 143.913600 70.000000 20.000000
V 96.782400 121.190400 60.000000 20.000000
V 340.797600 10.000080 200.584800 20.000000
V 47.482560 246.132000 26.749910 20.000000
V 194.580000 159.760800 70.000000 20.000000
V 277.567200 210.369600 60.000000 20.000000
V 200.167200 211.644000 70.000000 20.000000
E 0 1
E 1 3
E 1 4
E 1 8
E 1 9
E 1 11
E 1 12
E 1 14
E 2 7
E 2 12
E 2 14
E 5 14
E 6 7
E 6 12
E 7 10
E 12 13
E 12 14
G Hs_Mitochondrial_complex_I_inhibition_leading_to_chemical-induced_Fanconi_syndrome_WP4944_20240327 20 22
V 267.530400 265.024800 184.000000 25.500000
V 483.400800 165.549600 104.619989 25.000000
V 443.433600 13.000320 292.990741 25.500000
V 425.016000 252.604800 104.619989 25.000000
V 245.131200 344.772000 291.000000 35.500000
V 184.500000 236.541600 368.500000 25.500000
V 341.064000 45.906480 170.302521 25.000000
V 560.793600 259.135200 104.619989 25.000000
V 255.477600 160.869600 187.890065 25.000000
V 359.798400 126.561600 192.074074 25.500000
V 326.635200 200.923200 259.750000 25.500000
V 175.219200 371.340000 261.000000 25.000000
V 508.831200 61.104240 329.058824 25.000000
V 258.638400 493.250400 90.000000 25.000000
V 485.992800 228.772800 104.619989 25.000000
V 410.342400 179.143200 181.366122 25.500000
V 432.849600 96.048000 352.000000 25.500000
V 293.587200 75.484800 195.174525 25.000000
V 155.426400 469.353600 90.000000 25.000000
V 223.034400 422.222400 291.000000 35.500000
E 0 4
E 0 5
E 0 10
E 1 15
E 2 16
E 3 15
E 4 11
E 4 19
E 6 9
E 7 14
E 8 10
E 9 10
E 9 15
E 9 16
E 9 17
E 10 15
E 11 19
E 12 16
E 13 19
E 14 15
E 15 16
E 18 19
G Hs_Mitochondrial_complex_I_inhibition_leading_to_parkinsonian_motor_deficits_WP4945_20250309 16 16
V 255.636000 401.277600 291.000000 35.500000
V 250.459200 90.734400 202.453704 25.500000
V 382.298400 206.128800 195.174525 25.000000
V 214.603200 470.592000 291.000000 35.500000
V 226.288800 552.297600 90.000000 25.000000
V 103.003200 140.443200 206.113430 25.000000
V 261.352800 172.627200 463.000000 25.500000
V 309.780000 246.708000 192.074074 25.500000
V 249.948000 12.499920 148.117647 25.000000
V 284.328000 469.742400 261.000000 25.000000
V 177.645600 166.687200 225.453704 25.500000
V 138.081600 489.456000 90.000000 25.000000
V 324.079200 118.368000 213.500000 35.250000
V 300.520800 332.186400 253.962963 25.500000
V 378.799200 368.820000 368.500000 25.500000
V 392.954400 259.884000 170.302521 25.000000
E 0 3
E 0 9
E 0 13
E 1 6
E 1 8
E 2 7
E 3 4
E 3 9
E 3 11
E 5 10
E 6 7
E 6 10
E 6 12
E 7 13
E 7 15
E 13 14
G Hs_Mitochondrial_complex_inhibition_leading_to_liver_injury_WP5034_20240312 21 20
V 204.746400 187.077600 274.886294 25.000000
V 380.484000 287.200800 368.500000 25.500000
V 584.265600 331.689600 143.668196 25.000000
V 596.131200 411.242400 127.734365 25.000000
V 664.574400 322.444800 104.619989 25.000000
V 520.920000 280.022400 181.366122 25.500000
V 502.336800 133.920000 170.302521 25.000000
V 466.646400 211.543200 192.074074 25.500000
V 260.589600 263.750400 294.418796 25.000000
V 318.333600 94.197600 291.000000 35.500000
V 288.705600 12.499920 261.000000 25.000000
V 130.500000 146.152800 261.000000 25.000000
V 537.451200 179.445600 195.174525 25.000000
V 260.863200 346.996800 258.944830 34.251479
V 192.823200 315.864000 261.000000 25.000000
V 193.723200 50.180400 258.944830 34.251479
V 363.427200 25.399440 291.000000 35.500000
V 377.769600 209.008800 253.962963 25.500000
V 292.291200 180.849600 321.717557 25.000000
V 132.199200 228.794400 258.944830 34.251479
V 246.715200 118.461600 274.886294 25.000000
E 0 11
E 0 18
E 0 19
E 1 17
E 2 3
E 2 4
E 2 5
E 5 7
E 6 7
E 7 12
E 7 17
E 8 13
E 8 14
E 8 18
E 9 10
E 9 16
E 9 18
E 15 20
E 17 18
E 18 20
G Hs_Mitochondrial_fatty_acid_oxidation_disorders_WP5123_20250307 29 33
V 139.809600 275.565600 81.000000 20.000000
V 693.252000 70.574400 90.000000 25.000000
V 118.353600 7.999920 74.333333 16.000000
V 91.749600 339.955200 81.000000 20.000000
V 553.867200 255.988800 129.000000 20.000000
V 605.671200 319.046400 129.000000 20.000000
V 512.827200 120.528000 72.000000 18.500000
V 161.064000 245.462400 60.000000 20.000000
V 564.868800 155.887200 90.000000 25.000000
V 123.796800 88.423200 81.000000 20.000000
V 45.000000 57.152880 90.000000 25.000000
V 379.353600 88.603200 73.333333 20.000000
V 254.304000 394.322400 56.159875 18.769592
V 339.516000 289.828800 72.000000 18.500000
V 224.985600 236.952000 115.000000 20.000000
V 163.497600 167.695200 81.000000 20.000000
V 370.951200 224.402400 72.000000 18.500000
V 201.484800 409.773600 56.159875 18.769592
V 311.616000 211.068000 146.000000 20.000000
V 209.606400 323.539200 81.000000 20.000000
V 143.755200 378.576000 81.000000 20.000000
V 81.770400 174.024000 81.000000 20.000000
V 62.811360 240.559200 81.000000 20.000000
V 502.329600 273.549600 60.000000 20.000000
V 399.268800 173.217600 146.000000 20.000000
V 489.549600 196.516800 115.000000 20.000000
V 628.200000 107.056800 90.000000 25.000000
V 420.516000 98.287200 72.000000 18.500000
V 293.932800 135.626400 60.000000 20.000000
E 0 3
E 0 7
E 0 14
E 0 22
E 1 26
E 2 9
E 3 20
E 4 5
E 4 25
E 6 25
E 7 15
E 7 19
E 8 25
E 8 26
E 9 10
E 9 15
E 11 24
E 12 19
E 13 18
E 14 15
E 14 18
E 14 19
E 15 21
E 16 18
E 16 24
E 17 19
E 18 24
E 18 28
E 19 20
E 21 22
E 23 25
E 24 25
E 24 27
G Hs_Mitochondrial_fatty_acid_synthesis_pathway_WP4317_20250904 19 20
V 317.858400 463.176000 73.314828 20.000000
V 212.601600 303.069600 80.000000 20.000000
V 188.344800 22.803840 42.601924 14.371002
V 306.993600 537.811200 80.000000 20.000000
V 395.056800 117.907200 42.601924 14.371002
V 422.164800 407.779200 80.000000 20.000000
V 100.000800 103.867200 200.000000 25.000000
V 234.208800 90.172800 146.368796 25.000000
V 304.560000 218.944800 131.963893 25.000000
V 256.636800 10.000080 80.000000 20.000000
V 359.445600 68.346000 80.000000 20.000000
V 271.317600 265.550400 42.601924 14.371002
V 342.273600 386.121600 90.000000 25.000000
V 213.300000 216.288000 145.309187 25.000000
V 168.883200 146.815200 90.000000 25.000000
V 385.624800 226.440000 90.000000 25.000000
V 303.854400 312.278400 90.000000 25.000000
V 311.472000 133.992000 148.683358 25.000000
V 90.208800 175.802400 90.000000 25.000000
E 0 3
E 0 12
E 1 13
E 1 16
E 2 7
E 4 17
E 5 12
E 6 14
E 7 9
E 7 14
E 7 17
E 8 11
E 8 13
E 8 15
E 8 16
E 8 17
E 10 17
E 12 16
E 13 14
E 14 18
G Hs_Mitochondrial_immune_response_to_SARS-CoV-2_WP5038_20260322 32 37
V 215.330400 469.886400 48.000000 25.000000
V 294.451200 408.369600 90.000000 25.000000
V 290.304000 134.416800 259.607803 25.000000
V 267.199200 49.960800 210.394903 25.000000
V 329.292000 332.244000 90.000000 25.000000
V 269.431200 312.141600 90.000000 25.000000
V 249.674400 365.695200 105.642857 25.000000
V 332.042400 12.499920 90.000000 25.000000
V 161.409600 357.321600 90.000000 25.000000
V 567.727200 223.358400 95.162737 25.000000
V 481.500000 237.240000 90.000000 25.000000
V 149.997600 162.986400 300.022608 25.000000
V 268.552800 265.608000 90.000000 25.000000
V 422.344800 481.622400 90.000000 25.000000
V 483.264000 304.192800 90.000000 25.000000
V 567.835200 321.674400 90.000000 25.000000
V 445.485600 275.241600 90.000000 25.000000
V 378.223200 170.251200 90.000000 25.000000
V 394.214400 262.029600 90.000000 25.000000
V 133.293600 485.114400 102.168483 30.822624
V 352.094400 117.936000 110.025830 41.764217
V 466.524000 550.094400 90.000000 25.000000
V 198.842400 553.658400 68.535714 24.285714
V 386.150400 375.199200 90.000000 25.000000
V 325.908000 500.032800 90.000000 25.000000
V 436.903200 107.020800 111.285020 35.853237
V 349.408800 418.896000 90.000000 25.000000
V 229.111200 190.879200 90.000000 25.000000
V 363.988800 462.592800 102.168483 30.822624
V 378.511200 78.825600 90.000000 25.000000
V 275.889600 455.738400 102.952381 25.000000
V 458.272800 141.343200 323.618908 25.000000
E 0 1
E 0 19
E 0 22
E 1 4
E 1 26
E 1 28
E 2 3
E 2 17
E 2 27
E 3 7
E 4 5
E 4 6
E 4 12
E 4 18
E 4 23
E 4 26
E 6 8
E 6 30
E 7 29
E 9 10
E 10 18
E 11 27
E 12 27
E 13 21
E 13 26
E 14 15
E 14 18
E 16 18
E 17 18
E 17 20
E 17 25
E 17 29
E 17 31
E 23 28
E 24 26
E 24 30
E 26 30
G Hs_Mitochondrial_long_chain_fatty_acid_beta-oxidation_WP368_20251201 19 20
V 30.000240 325.540800 60.000000 20.000000
V 367.956000 238.816800 60.000000 20.000000
V 257.990400 80.632800 115.000000 20.000000
V 100.087200 362.599200 108.000000 20.000000
V 214.423200 487.742400 60.000000 20.000000
V 339.861600 524.952000 60.000000 20.000000
V 306.151200 450.993600 113.000000 20.000000
V 256.240800 325.173600 115.000000 20.000000
V 299.210400 10.000080 60.000000 20.000000
V 288.756000 157.564800 146.000000 20.000000
V 285.523200 242.632800 146.000000 20.000000
V 37.692720 417.679200 74.333333 16.000000
V 367.437600 125.020800 73.333333 20.000000
V 152.676000 416.700000 128.000000 20.000000
V 195.760800 31.098240 129.000000 20.000000
V 234.403200 407.620800 124.000000 20.000000
V 169.855200 316.396800 114.333333 19.000000
V 412.048800 388.936800 60.000000 20.000000
V 330.451200 374.623200 104.000000 20.000000
E 0 3
E 1 10
E 2 8
E 2 9
E 2 14
E 3 11
E 3 13
E 3 16
E 4 15
E 5 6
E 6 15
E 6 18
E 7 10
E 7 15
E 7 16
E 7 18
E 9 10
E 9 12
E 13 15
E 17 18
G Hs_Mitophagy_WP5636_20260531 22 21
V 342.280800 155.296800 90.000000 25.000000
V 417.254400 507.650400 90.000000 25.000000
V 45.000000 274.600800 90.000000 25.000000
V 374.364000 741.960000 90.000000 25.000000
V 280.382400 304.387200 90.000000 25.000000
V 196.588800 300.333600 92.016470 25.000000
V 119.044800 289.396800 90.000000 25.000000
V 564.357600 873.144000 51.230160 25.000000
V 514.368000 587.145600 90.000000 25.000000
V 364.759200 83.224800 90.000000 25.000000
V 363.492000 443.671200 90.000000 25.000000
V 438.177600 682.999200 90.000000 25.000000
V 489.420000 744.192000 90.000000 25.000000
V 525.232800 810.936000 90.000000 25.000000
V 315.885600 228.751200 90.000000 25.000000
V 486.900000 464.054400 90.000000 25.000000
V 386.503200 12.499920 90.000000 25.000000
V 351.597600 591.883200 90.000000 25.000000
V 429.955200 595.303200 90.000000 25.000000
V 362.620800 638.964000 90.000000 25.000000
V 595.598400 578.714400 90.000000 25.000000
V 321.832800 375.789600 90.000000 25.000000
E 0 9
E 0 14
E 1 10
E 1 15
E 1 18
E 2 6
E 3 11
E 4 5
E 4 14
E 4 21
E 5 6
E 7 13
E 8 18
E 8 20
E 9 16
E 10 21
E 11 12
E 11 18
E 12 13
E 17 18
E 18 19
G Hs_Modified_nucleosides_derived_from_tRNA_as_urinary_cancer_markers_WP4485_20250303 21 20
V 369.972000 251.949600 90.000000 25.000000
V 392.104800 178.963200 90.000000 25.000000
V 133.473600 23.027760 121.000000 25.000000
V 137.462400 319.363200 193.820327 25.000000
V 306.194400 195.976800 90.000000 25.000000
V 253.944000 90.403200 90.000000 25.000000
V 60.917760 85.492800 117.000000 36.500000
V 270.050400 300.484800 90.000000 33.500000
V 89.488800 45.185040 176.578947 25.000000
V 298.360800 12.499920 124.831216 25.000000
V 176.047200 38.970000 99.000000 37.500000
V 119.023200 274.694400 133.929220 25.000000
V 368.748000 81.770400 90.000000 25.000000
V 141.796800 111.168000 90.000000 25.000000
V 184.968000 342.432000 142.078040 25.000000
V 221.155200 167.032800 90.000000 25.000000
V 292.932000 129.060000 90.000000 25.000000
V 89.618400 165.996000 128.000000 25.000000
V 56.000160 134.510400 112.000000 25.000000
V 199.584000 259.322400 90.000000 25.000000
V 237.254400 336.571200 135.000000 25.000000
E 0 4
E 1 4
E 2 13
E 3 19
E 4 15
E 5 9
E 5 15
E 6 13
E 7 19
E 8 13
E 10 13
E 11 19
E 12 16
E 13 15
E 13 17
E 13 18
E 14 19
E 15 16
E 15 19
E 19 20
G Hs_Modulation_of_PI3K-Akt-mTOR_signaling_by_bioactive_sphingolipids_WP5192_20240917 24 34
V 223.300800 515.167200 90.000000 25.000000
V 274.248000 247.716000 90.000000 48.965375
V 243.302400 131.220000 165.778862 25.360321
V 202.032000 279.410400 156.000000 23.500000
V 306.928800 418.550400 135.000000 22.500000
V 119.023200 140.191200 212.750000 25.350000
V 237.628800 206.870400 90.000000 48.965375
V 432.986400 301.622400 122.000000 23.500000
V 168.710400 19.000080 120.454292 38.267820
V 130.003200 268.243200 260.001243 29.500000
V 323.143200 219.981600 90.000000 25.000000
V 114.494400 303.163200 130.513226 32.417190
V 174.895200 350.100000 130.513226 28.071429
V 174.081600 190.821600 90.000000 25.000000
V 274.428000 301.320000 249.723757 27.500000
V 363.823200 249.897600 151.000000 24.500000
V 181.994400 96.710400 120.454292 25.000000
V 85.420800 182.052000 90.000000 25.000000
V 264.290400 352.836000 90.000000 25.000000
V 409.176000 367.279200 111.000000 21.500000
V 347.472000 313.272000 151.000000 25.000000
V 197.661600 140.342400 156.299020 25.421569
V 137.131200 337.716000 260.001243 25.750000
V 237.052800 436.946400 90.000000 38.798619
E 0 23
E 1 3
E 1 6
E 1 10
E 1 14
E 1 15
E 2 6
E 2 13
E 2 16
E 3 6
E 3 9
E 3 11
E 3 12
E 3 13
E 3 14
E 3 18
E 3 22
E 4 18
E 5 13
E 5 17
E 5 21
E 6 10
E 6 13
E 6 21
E 7 20
E 8 16
E 10 20
E 13 16
E 13 17
E 14 20
E 15 20
E 18 20
E 18 23
E 19 20
G Hs_Modulators_of_TCR_signaling_and_T_cell_activation_WP5072_20250309 31 35
V 767.304000 287.035200 56.000000 25.000000
V 808.128000 146.808000 63.000000 25.000000
V 672.674400 97.106400 63.000000 25.000000
V 637.228800 210.117600 45.000000 25.000000
V 423.597600 470.188800 56.000000 25.000000
V 484.941600 416.469600 56.000000 25.000000
V 870.696000 333.907200 63.000000 25.000000
V 435.722400 553.226400 56.000000 25.000000
V 752.040000 86.925600 56.000000 25.000000
V 544.708800 359.978400 56.000000 25.000000
V 725.184000 164.275200 60.000000 25.000000
V 480.693600 300.247200 56.000000 25.000000
V 775.224000 12.499920 63.000000 25.000000
V 868.248000 395.280000 56.000000 25.000000
V 691.761600 459.446400 73.500000 25.000000
V 583.948800 138.448800 45.000000 25.000000
V 692.568000 248.421600 56.000000 25.000000
V 25.500240 648.079200 50.500000 25.000000
V 342.374400 466.920000 56.000000 25.000000
V 793.224000 364.838400 56.000000 25.000000
V 649.756800 393.357600 56.000000 25.000000
V 199.670400 513.921600 56.000000 25.000000
V 831.672000 442.807200 56.000000 25.000000
V 569.412000 309.808800 56.000000 25.000000
V 702.223200 289.641600 56.000000 25.000000
V 634.543200 329.839200 56.000000 25.000000
V 138.398400 555.285600 56.000000 25.000000
V 80.611200 600.408000 56.000000 25.000000
V 267.703200 483.069600 66.500000 25.000000
V 707.320800 373.550400 67.333333 25.000000
V 737.784000 448.610400 63.000000 25.000000
E 0 16
E 0 19
E 0 24
E 1 10
E 2 10
E 3 15
E 3 24
E 4 5
E 4 7
E 4 18
E 5 9
E 6 19
E 8 10
E 8 12
E 9 11
E 9 23
E 9 25
E 10 16
E 13 19
E 14 29
E 16 24
E 16 25
E 17 27
E 18 28
E 19 22
E 19 29
E 20 25
E 20 29
E 21 26
E 21 28
E 23 25
E 24 29
E 25 29
E 26 27
E 29 30
G Hs_Molecular_pathway_for_oxidative_stress_WP5477_20241113 35 42
V 276.328800 219.744000 126.173250 41.792639
V 769.032000 321.069600 126.173250 41.792639
V 380.289600 514.908000 144.056281 44.545677
V 301.946400 504.957600 90.000000 25.000000
V 842.616000 310.968000 126.173250 41.792639
V 192.391200 84.376800 126.173250 41.792639
V 479.973600 257.162400 90.000000 25.000000
V 242.445600 148.010400 126.173250 41.792639
V 304.380000 18.000000 93.113010 36.383682
V 512.028000 434.354400 99.728225 30.268467
V 375.566400 351.871200 143.500000 33.500000
V 195.984000 214.336800 61.701461 31.815240
V 307.591200 191.152800 126.173250 41.792639
V 351.756000 310.392000 90.000000 29.201461
V 564.436800 495.792000 116.571429 34.938776
V 374.774400 158.709600 90.000000 40.122642
V 528.796800 325.000800 118.000000 26.500000
V 275.882400 585.518400 90.000000 25.000000
V 307.260000 398.160000 90.000000 25.000000
V 353.131200 436.802400 90.000000 25.000000
V 225.914400 431.431200 90.000000 25.000000
V 463.665600 370.000800 85.395259 33.576075
V 439.495200 320.083200 332.500000 31.500000
V 257.364000 284.299200 90.000000 29.201461
V 307.072800 99.266400 79.364261 30.927835
V 45.000000 165.924000 90.000000 25.000000
V 316.483200 654.451200 90.000000 25.000000
V 115.149600 200.318400 90.000000 25.000000
V 576.410400 256.564800 90.000000 25.000000
V 427.514400 94.795200 61.701461 31.815240
V 613.490400 335.887200 90.000000 25.000000
V 152.640000 470.736000 90.000000 25.000000
V 353.664000 250.214400 126.173250 41.792639
V 693.252000 327.816000 126.173250 41.792639
V 375.926400 599.623200 90.000000 25.000000
E 0 7
E 0 32
E 1 4
E 1 33
E 2 19
E 2 34
E 3 17
E 3 19
E 5 7
E 6 22
E 7 11
E 7 12
E 7 24
E 8 24
E 9 14
E 9 21
E 10 13
E 10 18
E 10 19
E 10 21
E 10 22
E 10 32
E 11 23
E 11 27
E 12 32
E 13 22
E 13 23
E 15 24
E 15 29
E 15 32
E 16 21
E 16 22
E 16 28
E 16 30
E 17 26
E 18 19
E 18 20
E 20 31
E 21 22
E 25 27
E 26 34
E 30 33
G Hs_Monoamine_GPCRs_WP58_20250304 26 25
V 130.996800 319.730400 60.000000 20.000000
V 186.148800 58.200480 60.000000 20.000000
V 110.966400 10.000080 60.000000 20.000000
V 160.704000 354.650400 60.000000 20.000000
V 294.415200 312.170400 60.000000 20.000000
V 64.671120 104.040000 60.000000 20.000000
V 50.933520 48.615120 60.000000 20.000000
V 308.599200 275.882400 60.000000 20.000000
V 84.902400 34.349760 60.000000 20.000000
V 187.682400 21.193920 60.000000 20.000000
V 267.962400 231.148800 60.000000 20.000000
V 30.000240 90.129600 60.000000 20.000000
V 220.658400 70.522560 60.000000 20.000000
V 195.868800 108.180000 60.000000 20.000000
V 267.530400 341.769600 60.000000 20.000000
V 175.975200 188.344800 60.000000 20.000000
V 305.157600 234.259200 60.000000 20.000000
V 37.987200 142.034400 60.000000 20.000000
V 128.023200 97.603200 97.000000 20.000000
V 71.753760 161.733600 60.000000 20.000000
V 198.748800 338.320800 60.000000 20.000000
V 152.265600 286.711200 60.000000 20.000000
V 116.827200 151.833600 60.000000 20.000000
V 217.828800 274.752000 105.000000 20.000000
V 227.498400 365.313600 60.000000 20.000000
V 147.852000 16.015680 60.000000 20.000000
E 0 23
E 1 18
E 2 18
E 3 23
E 4 23
E 5 18
E 6 18
E 7 23
E 8 18
E 9 18
E 10 23
E 11 18
E 12 18
E 13 18
E 14 23
E 15 18
E 15 23
E 16 23
E 17 18
E 18 19
E 18 22
E 18 25
E 20 23
E 21 23
E 23 24
G Hs_NAD+_biosynthetic_pathways_WP3645_20250307 25 24
V 533.080800 176.889600 55.000000 20.000000
V 104.104800 403.142400 80.000000 20.000000
V 409.456800 340.927200 80.000000 20.000000
V 844.488000 233.971200 80.000000 20.000000
V 693.230400 204.501600 90.000000 20.000000
V 767.592000 221.637600 80.000000 20.000000
V 248.925600 197.143200 65.000000 20.000000
V 422.532000 123.019200 60.000000 20.000000
V 292.759200 270.986400 195.000000 20.000000
V 547.812000 10.000080 80.000000 20.000000
V 904.248000 181.094400 60.000000 20.000000
V 91.857600 253.598400 62.000000 20.000000
V 889.920000 299.671200 60.000000 20.000000
V 616.737600 185.522400 55.000000 20.000000
V 381.247200 261.180000 175.000000 20.000000
V 239.241600 403.704000 60.000000 20.000000
V 349.264800 192.744000 62.000000 20.000000
V 139.363200 325.130400 170.000000 20.000000
V 560.296800 248.155200 52.000000 20.000000
V 62.500320 315.532800 125.000000 20.000000
V 541.418400 90.374400 55.000000 20.000000
V 449.978400 203.457600 90.000000 20.000000
V 59.222160 466.488000 60.000000 20.000000
V 433.173600 419.320800 62.000000 20.000000
V 225.108000 322.308000 80.000000 20.000000
E 0 13
E 0 18
E 0 20
E 0 21
E 1 17
E 1 22
E 2 14
E 2 23
E 3 5
E 3 10
E 3 12
E 4 5
E 4 13
E 6 8
E 7 21
E 8 14
E 8 24
E 9 20
E 11 17
E 14 16
E 14 21
E 15 24
E 17 19
E 17 24
G Hs_NAD+_metabolism_WP3644_20250308 40 42
V 272.008800 408.081600 45.373760 20.000000
V 418.514400 350.100000 62.127894 20.000000
V 242.712000 84.427200 103.573435 28.596472
V 740.160000 600.156000 55.000000 23.000000
V 268.970400 10.000080 66.000000 20.000000
V 223.840800 638.373600 80.000000 20.000000
V 96.458400 606.571200 80.730981 20.000000
V 459.122400 430.264800 55.435502 20.000000
V 185.198400 403.351200 109.685571 52.333333
V 417.232800 639.972000 73.364939 20.000000
V 112.543200 63.342720 46.000000 20.000000
V 270.388800 478.440000 57.403528 20.000000
V 673.725600 564.127200 116.284795 20.000000
V 472.557600 872.640000 53.230430 23.003308
V 401.824800 491.846400 72.792723 20.000000
V 455.716800 716.328000 73.364939 20.000000
V 746.928000 533.570400 46.615215 20.000000
V 273.312000 233.611200 42.787211 21.478501
V 332.834400 494.035200 46.615215 20.000000
V 174.967200 704.505600 77.651599 20.000000
V 332.546400 441.316800 52.743719 20.000000
V 175.471200 109.238400 75.256760 20.000000
V 465.631200 796.536000 46.615215 20.000000
V 22.000320 401.097600 44.000000 20.000000
V 272.728800 318.988800 129.298157 35.000000
V 372.153600 420.343200 57.640573 20.000000
V 230.457600 162.921600 46.615215 20.000000
V 416.563200 546.530400 126.671213 20.000000
V 575.352000 497.311200 36.901874 20.000000
V 456.840000 588.823200 60.948181 20.000000
V 252.921600 559.454400 97.362527 29.595369
V 511.430400 526.550400 116.284795 20.000000
V 557.647200 449.294400 56.538037 20.000000
V 376.610400 707.457600 40.000000 20.000000
V 590.594400 566.380800 116.284795 20.000000
V 170.352000 570.852000 80.730981 20.000000
V 327.924000 557.668800 56.063173 20.000000
V 341.654400 183.448800 89.546303 20.000000
V 287.337600 526.046400 80.000000 20.000000
V 101.772000 400.442400 47.000000 20.000000
E 0 8
E 0 18
E 0 24
E 1 25
E 2 4
E 2 21
E 2 26
E 3 12
E 3 16
E 5 19
E 5 30
E 6 35
E 7 14
E 8 39
E 9 15
E 9 27
E 9 33
E 10 21
E 11 18
E 12 16
E 12 34
E 13 22
E 14 18
E 14 27
E 15 22
E 17 24
E 17 26
E 17 37
E 18 20
E 18 25
E 18 27
E 18 30
E 18 36
E 18 38
E 21 26
E 23 39
E 27 29
E 27 31
E 28 31
E 30 35
E 31 32
E 31 34
G Hs_NAD_biosynthesis_II_from_tryptophan_WP2485_20250928 22 21
V 122.774400 117.604800 130.000000 20.000000
V 519.962400 289.908000 40.000000 20.000000
V 303.012000 36.460080 40.000000 20.000000
V 357.249600 227.721600 51.574074 20.000000
V 691.315200 174.024000 125.509259 33.324074
V 47.440080 104.162400 50.308717 20.000000
V 450.367200 169.855200 153.000000 35.500000
V 402.105600 67.173120 40.000000 20.000000
V 622.440000 104.342400 79.500000 20.000000
V 197.301600 10.000080 40.000000 20.000000
V 205.545600 95.695200 91.333333 20.000000
V 261.352800 195.465600 52.361111 20.000000
V 754.992000 223.466400 60.601852 20.000000
V 371.160000 144.928800 138.245443 20.000000
V 22.500000 245.599200 45.462963 20.000000
V 745.488000 112.737600 46.824074 20.000000
V 81.756000 41.149440 45.611111 20.000000
V 79.999200 192.081600 86.500000 20.000000
V 635.032800 264.916800 51.898148 20.000000
V 525.218400 204.134400 84.000000 20.000000
V 608.385600 185.227200 100.185185 32.115741
V 288.295200 119.145600 150.000000 20.000000
E 0 5
E 0 10
E 0 16
E 0 17
E 1 19
E 2 21
E 3 13
E 4 12
E 4 15
E 4 20
E 6 13
E 6 19
E 7 13
E 8 20
E 9 10
E 10 21
E 11 21
E 13 21
E 14 17
E 18 20
E 19 20
G Hs_NAD_metabolism_in_oncogene-induced_senescence_and_mitochondrial_dysfunction-associated_senescence_WP5046_20250506 39 44
V 399.456000 565.732800 90.000000 25.000000
V 557.604000 449.071200 90.000000 25.000000
V 519.177600 375.372000 90.000000 25.000000
V 565.185600 496.094400 90.000000 25.000000
V 648.597600 499.500000 157.442650 35.000000
V 95.076000 827.640000 90.000000 25.000000
V 139.924800 312.372000 76.243094 33.141430
V 140.817600 918.864000 90.000000 25.000000
V 364.125600 526.896000 90.000000 25.000000
V 443.304000 373.672800 90.000000 25.000000
V 158.270400 94.644000 90.000000 25.000000
V 111.880800 750.312000 90.000000 25.000000
V 239.263200 262.497600 148.153871 43.924724
V 146.419200 838.440000 90.000000 25.000000
V 220.615200 715.514400 90.000000 25.000000
V 204.897600 631.152000 90.000000 25.000000
V 551.080800 402.775200 90.000000 25.000000
V 531.122400 588.283200 90.000000 25.000000
V 45.000000 656.884800 90.000000 25.000000
V 482.976000 618.739200 150.000000 25.000000
V 92.584800 228.700800 90.000000 25.000000
V 149.371200 371.433600 90.000000 25.000000
V 54.527040 315.792000 90.000000 25.000000
V 276.292800 269.776800 90.000000 25.000000
V 285.026400 390.916800 90.000000 25.000000
V 303.883200 479.390400 90.000000 25.000000
V 441.957600 461.412000 90.000000 25.000000
V 363.715200 355.132800 188.662768 38.175379
V 463.140000 536.392800 90.000000 25.000000
V 172.800000 171.122400 90.000000 25.000000
V 486.122400 454.075200 81.130356 25.000000
V 188.942400 792.648000 90.000000 25.000000
V 242.366400 418.276800 90.000000 25.000000
V 250.286400 556.214400 90.000000 25.000000
V 391.579200 476.935200 99.848534 49.331454
V 218.347200 332.834400 61.878453 25.000000
V 169.819200 256.608000 110.453704 31.750000
V 127.699200 665.488800 90.000000 25.000000
V 131.112000 24.999840 251.434147 49.537037
E 0 34
E 1 30
E 2 30
E 3 4
E 3 30
E 5 31
E 6 22
E 6 35
E 6 36
E 7 13
E 8 25
E 8 28
E 9 27
E 9 30
E 10 29
E 10 38
E 11 13
E 11 37
E 12 35
E 13 31
E 14 15
E 14 31
E 15 33
E 15 37
E 16 30
E 17 28
E 18 37
E 19 28
E 20 36
E 21 35
E 23 35
E 24 25
E 24 27
E 24 35
E 25 32
E 25 33
E 25 34
E 26 30
E 26 34
E 28 30
E 29 36
E 30 34
E 32 35
E 35 36
G Hs_NF1_copy_number_variation_syndrome__WP5366_20240722 17 16
V 348.976800 300.362400 80.000000 20.000000
V 224.697600 490.456800 80.000000 20.000000
V 265.586400 256.960800 80.000000 20.000000
V 226.008000 566.445600 80.000000 20.000000
V 308.088000 201.801600 80.000000 20.000000
V 123.674400 435.016800 150.806452 31.209677
V 263.340000 164.138400 80.000000 20.000000
V 234.511200 336.182400 80.000000 20.000000
V 110.527200 198.806400 80.000000 20.000000
V 287.337600 85.478400 80.000000 20.000000
V 184.658400 231.645600 99.645492 24.272620
V 40.000320 168.703200 80.000000 20.000000
V 507.945600 316.771200 111.109447 23.809908
V 335.008800 245.541600 80.000000 20.000000
V 431.834400 309.031200 80.000000 20.000000
V 202.413600 412.660800 80.000000 20.000000
V 314.856000 14.500080 90.000000 29.053370
E 0 2
E 0 14
E 1 3
E 1 15
E 2 4
E 2 6
E 2 7
E 2 10
E 2 13
E 5 15
E 6 9
E 7 15
E 8 10
E 8 11
E 9 16
E 12 14
G Hs_NO-cGMP-PKG_mediated_neuroprotection_WP4008_20250818 29 28
V 309.700800 259.243200 90.000000 25.000000
V 394.920000 95.436000 90.000000 25.000000
V 404.136000 12.499920 90.000000 25.000000
V 356.328000 477.036000 90.000000 25.000000
V 464.551200 125.884800 90.000000 25.000000
V 45.000000 281.116800 90.000000 25.000000
V 351.180000 20.088000 90.000000 25.000000
V 453.535200 35.298000 90.000000 25.000000
V 445.420800 364.147200 90.000000 25.000000
V 406.425600 417.578400 90.000000 25.000000
V 535.896000 502.632000 90.000000 25.000000
V 325.627200 62.292960 90.000000 25.000000
V 481.896000 80.100000 90.000000 25.000000
V 491.932800 380.433600 90.000000 25.000000
V 71.193600 327.477600 90.000000 25.000000
V 355.204800 337.658400 90.000000 25.000000
V 129.571200 182.361600 90.000000 25.000000
V 335.131200 440.740800 90.000000 25.000000
V 125.676000 258.451200 90.000000 25.000000
V 353.448000 178.243200 90.000000 25.000000
V 387.388800 571.744800 90.000000 25.000000
V 218.088000 260.748000 90.000000 25.000000
V 119.764800 334.540800 90.000000 25.000000
V 477.388800 426.067200 90.000000 25.000000
V 446.169600 584.416800 90.000000 25.000000
V 80.416800 183.549600 90.000000 25.000000
V 507.304800 555.580800 90.000000 25.000000
V 445.046400 504.072000 90.000000 25.000000
V 48.465360 226.634400 90.000000 25.000000
E 0 15
E 0 19
E 0 21
E 1 2
E 1 4
E 1 6
E 1 7
E 1 11
E 1 12
E 1 19
E 3 9
E 5 18
E 8 9
E 9 13
E 9 15
E 9 17
E 9 23
E 9 27
E 10 27
E 14 18
E 16 18
E 18 21
E 18 22
E 18 25
E 18 28
E 20 27
E 24 27
E 26 27
G Hs_Nanoparticle-mediated_activation_of_receptor_signaling_WP2643_20250309 23 23
V 155.728800 171.122400 56.991228 26.903509
V 330.588000 341.107200 56.991228 26.903509
V 72.230400 188.978400 56.991228 26.903509
V 180.511200 476.100000 56.991228 26.903509
V 311.328000 480.686400 50.500000 27.500000
V 280.188000 193.622400 90.180970 28.473881
V 28.499760 67.778640 56.991228 26.903509
V 93.744000 114.530400 56.991228 26.903509
V 352.065600 148.039200 78.391156 27.710884
V 327.448800 296.215200 56.991228 26.903509
V 209.311200 243.878400 56.991228 26.903509
V 45.433440 254.059200 56.991228 26.903509
V 121.507200 621.712800 56.991228 26.903509
V 251.791200 490.456800 56.570241 26.903509
V 124.596000 265.442400 90.180970 28.473881
V 339.465600 436.593600 56.991228 26.903509
V 185.256000 92.916000 56.991228 26.903509
V 252.136800 328.536000 90.180970 28.473881
V 142.855200 548.517600 56.991228 26.903509
V 251.301600 419.630400 61.619338 44.525399
V 195.292800 13.500000 56.991228 26.903509
V 168.775200 293.090400 56.991228 26.903509
V 419.868000 107.640000 44.500000 28.500000
E 0 2
E 0 7
E 0 10
E 0 16
E 1 17
E 2 11
E 3 18
E 3 19
E 4 19
E 5 8
E 5 10
E 6 7
E 8 22
E 9 17
E 10 14
E 10 17
E 10 21
E 11 14
E 12 18
E 13 19
E 15 19
E 16 20
E 17 19
G Hs_Neolacto_series_sphingolipid_metabolism_WP5302_20250719 19 18
V 182.491200 271.497600 70.000000 20.000000
V 176.558400 314.236800 90.000000 30.000000
V 119.685600 251.676000 90.000000 25.000000
V 443.592000 164.721600 90.000000 25.000000
V 52.632720 154.994400 60.144913 20.000000
V 293.169600 193.183200 60.000000 25.000000
V 135.230400 159.069600 170.000000 25.000000
V 394.444800 70.560720 70.000000 20.000000
V 116.143200 75.823200 170.000000 25.000000
V 364.406400 146.390400 60.000000 25.000000
V 199.908000 155.527200 67.757697 20.000000
V 141.868800 389.484000 90.000000 30.000000
V 205.099200 226.490400 60.000000 30.000000
V 339.984000 329.018400 60.000000 20.000000
V 275.054400 380.786400 340.000000 25.000000
V 243.057600 172.900800 43.000000 20.000000
V 266.018400 295.495200 140.000000 30.000000
V 45.000000 290.570400 90.000000 25.000000
V 75.182400 10.000080 63.741633 20.000000
E 0 12
E 1 11
E 1 12
E 2 12
E 2 17
E 3 9
E 4 6
E 5 9
E 5 12
E 6 8
E 6 12
E 7 9
E 8 18
E 10 12
E 12 15
E 12 16
E 13 16
E 14 16
G Hs_Nephrotoxcicity_adverse_outcome_pathway_WP5229_20240723 28 28
V 363.146400 154.238400 205.714286 25.000000
V 475.178400 234.187200 266.064815 25.000000
V 223.257600 336.931200 295.000000 25.000000
V 170.748000 400.060800 203.847737 25.000000
V 297.612000 421.041600 215.918367 25.000000
V 309.708000 336.837600 407.694610 25.000000
V 690.026400 81.568800 295.000000 25.000000
V 519.566400 196.243200 251.932773 25.000000
V 416.592000 29.515680 90.303867 25.000000
V 543.456000 47.880000 90.303867 25.000000
V 508.802400 17.484480 210.745856 25.000000
V 394.099200 66.562560 243.593923 25.000000
V 443.390400 181.598400 247.000000 25.000000
V 611.474400 175.024800 241.685083 25.000000
V 572.083200 423.511200 212.619048 25.000000
V 325.231200 255.297600 175.012151 25.000000
V 518.896800 324.367200 349.846939 25.000000
V 390.686400 293.270400 280.000000 25.000000
V 473.227200 94.017600 142.237569 25.000000
V 530.337600 149.104800 124.558011 25.000000
V 460.843200 12.499920 232.139324 25.000000
V 149.500800 301.816800 298.826531 25.000000
V 559.353600 278.812800 358.775510 25.000000
V 494.920800 379.706400 295.000000 25.000000
V 493.488000 462.232800 241.707819 25.000000
V 452.678400 288.230400 348.163103 25.000000
V 613.303200 110.469600 175.252101 25.000000
V 391.248000 371.484000 202.563025 25.000000
E 0 12
E 1 17
E 1 19
E 1 22
E 2 3
E 2 5
E 2 21
E 4 5
E 5 17
E 6 26
E 7 12
E 8 18
E 9 18
E 10 18
E 11 18
E 12 18
E 12 25
E 13 19
E 14 23
E 15 17
E 16 25
E 17 25
E 17 27
E 18 19
E 18 20
E 19 26
E 23 24
E 23 25
G Hs_Neural_crest_differentiation_WP2064_20250308 21 32
V 101.397600 92.116800 60.000000 20.000000
V 121.903200 10.000080 55.000000 20.000000
V 73.915200 125.258400 55.000000 20.000000
V 27.499680 135.439200 55.000000 20.000000
V 168.091200 85.428000 55.000000 20.000000
V 79.336800 248.047200 60.000000 20.000000
V 46.934640 179.978400 55.000000 20.000000
V 235.072800 264.592800 55.000000 20.000000
V 38.774880 33.728400 55.000000 20.000000
V 194.479200 281.656800 55.000000 20.000000
V 103.010400 184.975200 55.000000 20.000000
V 199.152000 399.088800 55.000000 20.000000
V 236.124000 208.980000 55.000000 20.000000
V 276.465600 355.341600 55.000000 20.000000
V 145.029600 157.888800 55.000000 20.000000
V 224.676000 116.942400 55.000000 20.000000
V 203.990400 325.224000 55.000000 20.000000
V 74.476800 304.171200 55.000000 20.000000
V 152.726400 247.147200 55.000000 20.000000
V 246.715200 393.184800 55.000000 20.000000
V 112.312800 322.286400 55.000000 20.000000
E 0 1
E 0 3
E 0 4
E 0 8
E 0 10
E 0 14
E 2 3
E 2 6
E 2 14
E 3 6
E 3 10
E 4 14
E 5 10
E 5 18
E 6 10
E 6 14
E 7 16
E 7 18
E 9 16
E 9 18
E 10 14
E 10 18
E 11 13
E 11 16
E 12 18
E 13 16
E 14 15
E 14 18
E 16 18
E 16 19
E 17 18
E 18 20
G Hs_Neurotransmitter_disorders_WP4220_20240211 39 42
V 127.152000 282.160800 110.920443 25.000000
V 468.770400 273.693600 90.000000 25.000000
V 265.363200 445.003200 186.261911 25.000000
V 539.762400 397.008000 90.000000 25.000000
V 209.361600 17.500320 138.808628 34.822845
V 485.906400 429.602400 90.000000 25.000000
V 654.818400 162.720000 52.751485 30.986274
V 236.440800 177.458400 90.000000 25.000000
V 83.001600 169.905600 165.983853 34.822845
V 156.268800 115.264800 52.751485 25.000000
V 222.760800 264.924000 110.920443 25.000000
V 273.002400 351.662400 90.000000 25.000000
V 107.704800 408.067200 90.000000 25.000000
V 522.028800 333.187200 52.751485 25.000000
V 225.453600 337.924800 52.751485 27.210141
V 465.940800 345.218400 90.000000 25.000000
V 621.208800 404.834400 108.316185 29.516225
V 165.981600 196.488000 135.482077 25.000000
V 222.955200 95.652000 90.000000 25.000000
V 374.666400 341.424000 221.003135 50.117555
V 80.200800 537.120000 108.956431 25.000000
V 307.915200 299.836800 65.952381 25.000000
V 523.735200 511.632000 67.231699 25.000000
V 268.192800 536.119200 52.751485 29.516225
V 216.165600 493.567200 128.288357 25.000000
V 593.654400 210.456000 90.000000 25.000000
V 333.439200 513.892800 67.231699 25.000000
V 593.258400 125.474400 52.751485 30.986274
V 528.602400 266.601600 134.000000 26.500000
V 318.081600 424.396800 90.000000 25.000000
V 272.844000 207.468000 52.751485 29.516225
V 41.437440 276.300000 67.231699 25.000000
V 164.520000 255.290400 52.751485 25.000000
V 584.560800 471.204000 186.261911 25.000000
V 676.915200 233.625600 52.751485 30.986274
V 136.137600 478.281600 108.956431 25.000000
V 246.931200 408.808800 134.037097 25.000000
V 306.957600 378.734400 52.751485 25.000000
V 187.639200 401.860800 90.000000 24.500000
E 0 10
E 0 31
E 1 15
E 2 11
E 2 23
E 2 24
E 3 15
E 3 16
E 3 33
E 4 18
E 5 15
E 5 22
E 6 25
E 7 10
E 7 18
E 7 30
E 8 17
E 9 17
E 9 18
E 10 11
E 10 17
E 10 30
E 10 32
E 11 14
E 11 19
E 11 21
E 11 29
E 11 36
E 11 37
E 11 38
E 12 38
E 13 15
E 15 19
E 15 28
E 20 35
E 24 36
E 25 27
E 25 28
E 25 34
E 26 29
E 35 38
E 36 37
G Hs_Nicotine_effect_on_dopaminergic_neurons_WP1602_20250827 20 20
V 24.500160 112.010400 49.000000 20.000000
V 995.832000 10.000080 39.000000 20.000000
V 380.772000 202.608000 54.000000 20.000000
V 822.456000 162.957600 68.000000 20.000000
V 670.017600 166.946400 85.000000 23.000000
V 458.092800 329.688000 42.000000 20.000000
V 942.768000 63.794160 59.000000 20.000000
V 451.692000 243.554400 59.000000 20.000000
V 734.472000 52.681680 68.000000 20.000000
V 169.070400 128.167200 50.000000 20.000000
V 240.480000 145.476000 45.000000 20.000000
V 387.302400 271.677600 59.000000 20.000000
V 963.792000 182.800800 46.000000 20.000000
V 743.328000 134.798400 68.000000 20.000000
V 96.652800 119.340000 51.000000 20.000000
V 899.568000 131.479200 59.000000 20.000000
V 841.896000 243.345600 62.000000 20.000000
V 523.656000 209.800800 59.000000 20.000000
V 596.714400 188.143200 59.000000 20.000000
V 311.256000 168.804000 53.250000 20.000000
E 0 14
E 1 6
E 2 7
E 2 11
E 2 19
E 3 13
E 3 15
E 3 16
E 4 13
E 4 18
E 5 7
E 6 15
E 7 11
E 7 17
E 8 13
E 9 10
E 9 14
E 10 19
E 12 15
E 17 18
G Hs_Nicotine_metabolism_in_liver_cells_WP1600_20250209 27 27
V 425.505600 108.014400 98.000000 20.000000
V 409.010400 245.577600 80.000000 20.000000
V 497.376000 160.293600 154.000000 20.000000
V 344.822400 449.712000 98.000000 20.000000
V 562.024800 115.776000 154.000000 20.000000
V 342.691200 364.435200 98.000000 20.000000
V 171.021600 10.000080 80.000000 20.000000
V 191.138400 250.747200 80.000000 20.000000
V 111.211200 168.991200 87.000000 20.000000
V 231.480000 102.571200 48.000000 20.000000
V 354.362400 201.816000 62.000000 20.000000
V 32.999760 198.511200 66.000000 20.000000
V 519.768000 311.637600 91.000000 20.000000
V 439.200000 288.583200 91.000000 20.000000
V 121.255200 305.330400 80.000000 20.000000
V 54.016560 111.088800 87.000000 20.000000
V 179.056800 92.167200 80.000000 20.000000
V 199.900800 174.153600 66.000000 20.000000
V 272.685600 295.732800 80.000000 20.000000
V 216.511200 288.561600 48.000000 20.000000
V 350.481600 322.509600 62.000000 20.000000
V 275.176800 221.313600 108.000000 20.000000
V 455.234400 411.170400 101.000000 20.000000
V 234.136800 379.576800 80.000000 20.000000
V 416.635200 189.604800 98.000000 20.000000
V 407.390400 340.646400 101.000000 20.000000
V 353.181600 268.423200 80.000000 20.000000
E 0 24
E 1 26
E 2 4
E 2 24
E 3 5
E 5 26
E 6 16
E 7 14
E 7 17
E 7 18
E 8 11
E 8 15
E 8 17
E 9 17
E 10 26
E 12 13
E 13 26
E 16 17
E 17 21
E 18 23
E 18 26
E 19 21
E 20 26
E 21 26
E 22 25
E 24 26
E 25 26
G Hs_Nifedipine_activity_WP259_20250910 16 15
V 353.671200 228.276000 51.033333 16.033333
V 461.253600 176.162400 80.000000 20.000000
V 389.520000 163.742400 93.000000 22.269592
V 461.498400 317.822400 51.033333 16.033333
V 141.069600 157.737600 51.033333 16.033333
V 95.169600 225.432000 51.033333 16.033333
V 300.672000 156.924000 80.000000 20.000000
V 364.651200 94.190400 88.557994 20.000000
V 21.000240 61.416000 41.567398 20.000000
V 527.284800 75.045600 115.000000 16.033333
V 220.773600 153.237600 51.033333 16.033333
V 84.816000 100.807200 80.000000 20.000000
V 499.932000 382.089600 51.033333 16.033333
V 447.120000 92.052000 115.000000 16.033333
V 426.974400 246.333600 51.033333 16.033333
V 452.592000 10.000080 80.000000 20.000000
E 0 2
E 1 2
E 2 6
E 2 7
E 2 13
E 2 14
E 3 12
E 3 14
E 4 5
E 4 10
E 4 11
E 6 10
E 8 11
E 9 13
E 13 15
G Hs_Nonalcoholic_fatty_liver_disease_WP4396_20250507 25 25
V 200.282400 226.044000 90.000000 25.000000
V 615.909600 573.220800 90.000000 25.000000
V 210.261600 83.260800 55.416667 25.000000
V 374.407200 585.331200 90.000000 25.000000
V 244.756800 380.505600 90.000000 25.000000
V 169.156800 415.296000 90.000000 25.000000
V 536.270400 584.114400 90.000000 25.000000
V 768.024000 580.212000 90.000000 25.000000
V 254.570400 704.102400 90.000000 25.000000
V 303.343200 437.306400 167.000000 25.000000
V 342.979200 507.268800 125.000000 25.000000
V 125.092800 187.732800 90.000000 25.000000
V 233.114400 300.146400 90.000000 25.000000
V 45.000000 202.824000 90.000000 25.000000
V 693.208800 573.559200 90.000000 25.000000
V 534.974400 750.240000 131.688102 25.000000
V 245.001600 155.916000 90.000000 25.000000
V 473.976000 699.062400 90.000000 25.000000
V 457.466400 615.506400 90.000000 25.000000
V 74.916000 48.886560 90.000000 25.000000
V 132.026400 103.766400 90.000000 25.000000
V 244.317600 12.499920 90.000000 25.000000
V 310.449600 644.090400 90.000000 25.000000
V 451.526400 777.312000 90.000000 25.000000
V 205.502400 764.784000 90.000000 25.000000
E 0 11
E 0 12
E 0 16
E 1 6
E 1 14
E 2 16
E 2 20
E 2 21
E 3 10
E 3 18
E 3 22
E 4 5
E 4 9
E 4 12
E 6 18
E 7 14
E 8 22
E 8 24
E 9 10
E 11 13
E 11 20
E 15 17
E 17 18
E 17 23
E 19 20
G Hs_Novel_intracellular_components_of_RIG-I-like_receptor_pathway_WP3865_20250303 23 27
V 122.738400 81.136800 60.000000 20.000000
V 162.972000 330.487200 60.000000 20.000000
V 40.000320 248.400000 80.000000 20.000000
V 161.877600 379.785600 60.000000 20.000000
V 282.232800 245.656800 60.000000 20.000000
V 288.064800 198.151200 60.000000 20.000000
V 138.924000 364.219200 90.000000 35.000000
V 116.330400 290.426400 60.000000 20.000000
V 217.116000 65.010240 60.000000 20.000000
V 73.620000 225.885600 80.000000 20.000000
V 365.767200 174.463200 60.000000 20.000000
V 32.197680 290.714400 60.000000 20.000000
V 200.008800 240.098400 60.000000 20.000000
V 264.873600 278.373600 65.000000 20.000000
V 258.508800 413.085600 80.000000 20.000000
V 206.150400 150.069600 60.000000 20.000000
V 151.070400 165.225600 60.000000 20.000000
V 69.798960 368.834400 60.000000 20.000000
V 42.611760 332.978400 60.000000 20.000000
V 238.550400 191.088000 60.000000 20.000000
V 224.359200 333.424800 60.000000 20.000000
V 159.933600 10.000080 123.113697 20.000000
V 303.624000 369.187200 60.000000 20.000000
E 0 16
E 0 21
E 1 7
E 1 20
E 2 7
E 3 7
E 3 20
E 4 12
E 5 10
E 5 12
E 5 19
E 6 7
E 6 20
E 7 9
E 7 11
E 7 12
E 7 17
E 7 18
E 8 15
E 8 21
E 12 13
E 12 15
E 12 16
E 12 19
E 12 20
E 14 20
E 20 22
G Hs_Nuclear_receptors_in_lipid_metabolism_and_toxicity_WP299_20250306 22 22
V 122.428800 160.876800 80.000000 20.000000
V 192.340800 113.652000 53.333333 20.000000
V 37.892880 161.913600 53.333333 20.000000
V 116.539200 649.886400 46.666667 20.000000
V 158.191200 576.756000 80.000000 20.000000
V 238.708800 545.644800 93.333333 19.000000
V 253.879200 452.080800 141.333333 16.000000
V 92.829600 10.000080 53.333333 20.000000
V 332.877600 400.845600 164.000000 20.000000
V 77.356800 586.382400 46.666667 20.000000
V 414.460800 382.176000 40.000000 20.000000
V 39.499920 657.230400 79.333333 16.000000
V 300.103200 542.469600 53.333333 20.000000
V 247.593600 627.364800 80.000000 20.000000
V 145.915200 238.046400 89.333333 19.000000
V 323.236800 450.187200 66.666667 20.000000
V 396.381600 628.668000 46.666667 20.000000
V 269.697600 706.766400 46.666667 20.000000
V 205.257600 383.832000 80.000000 20.000000
V 322.531200 592.574400 80.000000 20.000000
V 100.944000 85.140000 53.333333 20.000000
V 171.813600 311.695200 80.000000 20.000000
E 0 1
E 0 2
E 0 14
E 0 20
E 3 4
E 3 11
E 4 5
E 4 9
E 5 6
E 5 12
E 5 13
E 5 19
E 6 8
E 6 15
E 6 18
E 7 20
E 8 10
E 9 11
E 13 17
E 14 21
E 16 19
E 18 21
G Hs_Nucleotide-binding_oligomerization_domain_(NOD)_pathway_WP1433_20250304 40 76
V 133.704000 229.024800 80.033333 25.000000
V 278.308800 218.318400 78.033333 22.033333
V 338.983200 322.956000 78.033333 20.033333
V 296.719200 313.603200 45.033333 20.033333
V 411.811200 208.965600 75.033333 18.033333
V 331.826400 234.835200 81.000000 20.000000
V 399.895200 178.948800 49.033333 17.033333
V 342.936000 281.476800 66.033333 18.033333
V 46.000080 230.832000 92.033333 26.033333
V 253.850400 57.088080 80.000000 20.000000
V 52.928640 173.268000 93.033333 28.033333
V 203.558400 242.020800 96.033333 25.033333
V 291.348000 131.068800 85.033333 20.033333
V 257.241600 257.680800 80.000000 25.000000
V 242.100000 383.709600 88.033333 24.033333
V 187.185600 59.605200 65.033333 25.033333
V 367.387200 159.976800 86.033333 24.000000
V 59.488560 280.576800 75.033333 32.033333
V 239.104800 108.561600 73.033333 19.033333
V 257.889600 177.501600 76.033333 20.033333
V 199.706400 368.474400 77.033333 20.033333
V 295.502400 185.558400 79.033333 21.033333
V 88.761600 295.236000 81.033333 35.033333
V 198.460800 139.550400 88.033333 28.033333
V 393.760800 305.575200 85.033333 19.033333
V 107.308800 125.539200 69.000000 25.000000
V 415.627200 240.220800 56.033333 20.033333
V 179.208000 292.298400 66.033333 20.033333
V 444.657600 112.680000 76.033333 23.033333
V 252.439200 20.062080 73.966667 26.033333
V 229.168800 214.315200 77.033333 22.033333
V 211.176000 15.999840 87.033333 32.033333
V 178.034400 183.772800 84.033333 26.033333
V 96.422400 206.352000 84.033333 30.033333
V 318.398400 337.572000 80.000000 20.000000
V 247.788000 294.408000 80.000000 18.000000
V 288.878400 244.000800 83.033333 21.033333
V 409.737600 272.606400 81.033333 24.033333
V 212.745600 119.844000 87.033333 23.033333
V 171.036000 32.406480 59.033333 25.033333
E 0 8
E 0 10
E 0 17
E 0 22
E 0 30
E 0 32
E 1 5
E 1 11
E 1 21
E 1 30
E 2 5
E 2 35
E 3 5
E 3 13
E 3 35
E 4 5
E 5 6
E 5 7
E 5 13
E 5 16
E 5 19
E 5 21
E 5 24
E 5 26
E 5 30
E 5 34
E 5 37
E 7 13
E 8 17
E 9 23
E 9 31
E 9 38
E 11 13
E 11 23
E 11 35
E 12 21
E 12 30
E 13 32
E 13 35
E 14 35
E 15 18
E 15 23
E 15 29
E 15 31
E 16 21
E 16 28
E 18 21
E 18 23
E 18 29
E 18 32
E 18 38
E 18 39
E 19 21
E 19 23
E 19 30
E 19 32
E 19 36
E 19 38
E 20 35
E 21 30
E 21 35
E 21 36
E 22 33
E 23 32
E 25 32
E 27 30
E 29 31
E 29 39
E 30 32
E 30 35
E 30 38
E 31 38
E 31 39
E 32 33
E 34 35
E 35 36
G Hs_Nucleotide_metabolism_WP404_20250809 31 34
V 224.308800 454.507200 41.333333 20.000000
V 455.796000 374.263200 80.000000 20.000000
V 615.088800 530.172000 92.333333 20.000000
V 358.142400 508.629600 74.333333 20.000000
V 533.563200 416.512800 68.333333 20.000000
V 615.758400 442.404000 87.333333 20.000000
V 243.115200 377.848800 145.000000 20.000000
V 418.399200 450.165600 112.333333 20.000000
V 296.359200 248.724000 60.000000 20.000000
V 506.419200 210.686400 41.333333 20.000000
V 526.197600 76.240800 57.333333 20.000000
V 464.104800 130.204800 57.333333 20.000000
V 773.352000 463.449600 60.000000 20.000000
V 285.710400 483.069600 69.333333 20.000000
V 641.908800 606.636000 60.000000 20.000000
V 88.473600 184.744800 50.333333 20.000000
V 428.608800 53.910000 60.000000 20.000000
V 216.424800 269.985600 55.333333 20.000000
V 433.389600 217.116000 57.333333 20.000000
V 542.599200 501.494400 78.333333 20.000000
V 304.639200 319.816800 37.000000 20.000000
V 397.440000 302.515200 110.000000 20.000000
V 286.286400 404.150400 60.000000 20.000000
V 695.851200 456.501600 75.333333 20.000000
V 62.385120 294.019200 60.000000 20.000000
V 29.499840 136.915200 59.333333 20.000000
V 566.445600 10.000080 40.333333 20.000000
V 388.908000 158.184000 41.333333 20.000000
V 134.280000 250.747200 66.333333 20.000000
V 670.773600 383.364000 60.000000 20.000000
V 249.206400 310.824000 46.666667 20.000000
E 0 6
E 0 13
E 0 22
E 1 4
E 1 7
E 1 21
E 2 5
E 2 14
E 2 19
E 3 7
E 3 13
E 4 5
E 4 19
E 5 23
E 5 29
E 6 20
E 8 20
E 9 18
E 10 11
E 10 26
E 11 16
E 11 18
E 12 23
E 13 22
E 15 25
E 15 28
E 17 20
E 17 28
E 18 21
E 18 27
E 20 21
E 20 22
E 20 30
E 24 28
G Hs_Oligodendrocyte_development_WP5574_20251029 29 36
V 135.532800 296.251200 90.000000 25.000000
V 291.160800 273.297600 90.000000 25.000000
V 199.152000 56.377440 90.000000 25.000000
V 136.936800 148.975200 90.000000 25.000000
V 225.525600 89.604000 90.000000 25.000000
V 128.786400 208.108800 90.000000 25.000000
V 286.120800 141.480000 90.000000 25.000000
V 332.690400 277.783200 90.000000 25.000000
V 85.881600 12.499920 90.000000 25.000000
V 158.428800 281.779200 90.000000 25.000000
V 62.151840 294.933600 90.000000 25.000000
V 134.488800 76.176000 90.000000 25.000000
V 279.036000 99.504000 90.000000 25.000000
V 409.024800 173.095200 90.000000 25.000000
V 209.937600 410.133600 90.000000 25.000000
V 254.311200 65.720160 90.000000 25.000000
V 325.288800 201.304800 90.000000 25.000000
V 209.419200 323.337600 90.000000 25.000000
V 113.313600 123.105600 90.000000 25.000000
V 240.868800 240.760800 109.055556 25.000000
V 416.419200 277.682400 90.000000 25.000000
V 45.000000 236.829600 90.000000 25.000000
V 375.955200 350.683200 90.000000 25.000000
V 207.763200 487.987200 90.000000 25.000000
V 80.280000 326.764800 90.000000 25.000000
V 201.988800 148.622400 90.000000 25.000000
V 230.299200 193.672800 90.000000 25.000000
V 262.929600 309.981600 90.000000 25.000000
V 169.567200 99.194400 90.000000 25.000000
E 0 5
E 0 17
E 1 19
E 2 25
E 3 25
E 3 28
E 4 25
E 4 28
E 5 21
E 5 25
E 6 16
E 6 25
E 7 19
E 7 20
E 7 22
E 8 11
E 9 10
E 9 19
E 9 24
E 10 21
E 11 18
E 11 25
E 12 25
E 13 16
E 14 17
E 14 23
E 15 25
E 16 19
E 17 19
E 18 25
E 19 25
E 19 26
E 19 27
E 21 24
E 25 26
E 25 28
G Hs_Omega-9_fatty_acid_synthesis_WP4724_20250708 39 41
V 493.884000 12.499920 104.061224 25.000000
V 363.715200 407.419200 86.000000 25.000000
V 695.829600 456.530400 87.248299 25.000000
V 539.085600 558.986400 87.248299 25.000000
V 405.302400 71.130240 93.000000 25.000000
V 411.458400 144.266400 113.187072 25.000000
V 312.782400 171.489600 93.000000 25.000000
V 535.003200 478.605600 82.000000 25.000000
V 162.208800 244.764000 97.432688 25.000000
V 350.301600 76.363200 59.657212 19.138574
V 112.125600 178.588800 94.818082 25.000000
V 210.340800 516.031200 81.612245 25.000000
V 485.431200 97.682400 127.651358 25.000000
V 733.032000 602.640000 87.248299 25.000000
V 126.777600 511.099200 87.000000 25.000000
V 336.823200 311.328000 85.930990 25.000000
V 394.401600 285.688800 87.248299 25.000000
V 285.350400 298.490400 59.657212 19.138574
V 670.672800 558.806400 85.000000 25.000000
V 619.790400 497.188800 85.000000 25.000000
V 233.316000 462.304800 50.500000 18.500000
V 312.134400 401.256000 50.500000 18.500000
V 602.042400 441.640800 50.500000 18.500000
V 304.063200 661.838400 137.000000 25.000000
V 301.334400 486.583200 91.000000 25.000000
V 513.496800 380.196000 87.248299 25.000000
V 321.717600 736.992000 143.757101 25.000000
V 281.628000 541.051200 45.916170 18.500000
V 84.009600 269.445600 93.000000 25.000000
V 320.644800 578.750400 144.000000 25.000000
V 160.272000 580.528800 50.500000 18.500000
V 242.532000 277.891200 106.945976 25.000000
V 423.943200 399.204000 50.500000 18.500000
V 46.499760 135.468000 93.000000 25.000000
V 257.904000 727.776000 50.500000 18.500000
V 458.856000 436.435200 77.000000 25.000000
V 382.910400 461.613600 87.248299 25.000000
V 561.240000 73.454400 50.500000 18.500000
V 369.388800 222.228000 105.884354 25.000000
E 0 12
E 1 15
E 1 21
E 1 24
E 1 32
E 1 35
E 1 36
E 2 19
E 3 7
E 4 5
E 5 9
E 5 12
E 5 38
E 6 38
E 7 19
E 7 22
E 7 35
E 8 10
E 8 28
E 8 31
E 10 33
E 11 14
E 11 24
E 11 30
E 12 37
E 13 18
E 15 16
E 15 17
E 15 31
E 15 38
E 18 19
E 19 22
E 20 24
E 23 26
E 23 29
E 23 34
E 24 27
E 24 29
E 25 35
E 26 34
E 32 35
G Hs_One-carbon_metabolism_WP241_20250319 27 33
V 266.356800 266.392800 221.016667 31.000000
V 323.956800 300.513600 129.016667 31.000000
V 190.332000 114.811200 189.000000 20.000000
V 289.440000 433.015200 41.000000 20.000000
V 393.300000 184.413600 46.016663 20.033333
V 319.248000 10.000080 56.000000 20.000000
V 404.647200 49.337280 66.033333 20.033333
V 327.535200 241.027200 50.624923 20.000000
V 73.000800 96.184800 146.000000 20.000000
V 259.977600 348.069600 162.413060 31.000000
V 184.867200 264.031200 132.000000 31.000000
V 192.312000 314.092800 162.413060 31.000000
V 354.542400 276.235200 38.000000 20.000000
V 225.741600 346.514400 158.016667 31.000000
V 142.459200 139.752000 193.000000 20.000000
V 299.995200 179.200800 56.016667 28.000000
V 223.365600 184.737600 84.016667 26.000000
V 230.198400 252.230400 162.016667 22.000000
V 205.120800 432.295200 47.000000 20.000000
V 135.712800 376.956000 28.000000 20.000000
V 138.621600 190.209600 44.000000 20.000000
V 106.401600 322.185600 39.000000 20.000000
V 315.331200 334.591200 105.877532 26.750000
V 408.571200 348.883200 50.000000 20.000000
V 233.978400 106.941600 46.016663 20.033333
V 366.847200 143.805600 46.016663 17.000000
V 329.284800 91.987200 81.016667 31.000000
E 0 1
E 0 7
E 0 9
E 0 10
E 0 11
E 0 12
E 0 13
E 0 15
E 0 16
E 0 17
E 0 22
E 1 17
E 1 23
E 2 16
E 3 9
E 4 15
E 5 26
E 6 26
E 8 14
E 9 11
E 10 11
E 11 13
E 11 17
E 11 19
E 11 21
E 13 18
E 14 16
E 15 16
E 15 25
E 15 26
E 16 17
E 16 20
E 16 24
G Hs_Opioid_receptor_pathways_WP5093_20260614 24 23
V 341.352000 187.020000 83.904110 44.765333
V 468.583200 92.750400 99.455215 50.632933
V 390.880800 117.676800 81.529624 44.765333
V 126.036000 457.977600 133.307517 58.136962
V 532.404000 50.009760 93.224518 36.816265
V 501.508800 354.153600 115.891133 38.091997
V 221.551200 256.219200 106.060606 58.703395
V 375.904800 36.493920 117.370861 69.355204
V 278.805600 197.769600 103.387840 43.963867
V 335.937600 263.894400 89.754690 44.765333
V 213.012000 187.128000 73.631057 40.382035
V 329.767200 495.957600 96.055276 46.806742
V 422.510400 336.254400 128.448276 61.270203
V 350.028000 417.765600 78.144078 39.809068
V 276.667200 261.158400 89.746789 44.765333
V 45.000000 20.499840 90.000000 41.101358
V 201.204000 316.749600 115.942029 50.429718
V 155.743200 126.763200 97.918826 41.861483
V 60.053040 389.073600 96.256684 36.676358
V 122.860800 289.548000 77.205502 50.779430
V 144.028800 380.275200 132.134404 45.855046
V 98.690400 73.360800 95.027624 45.823393
V 414.367200 469.915200 95.015576 52.610491
V 336.067200 334.173600 92.555200 49.337643
E 0 2
E 0 14
E 1 2
E 1 4
E 2 7
E 3 20
E 5 12
E 6 14
E 8 14
E 9 14
E 10 14
E 10 17
E 11 13
E 12 23
E 13 22
E 13 23
E 14 16
E 14 23
E 15 21
E 16 19
E 16 20
E 17 21
E 18 20
G Hs_Osteoarthritic_chondrocyte_hypertrophy_WP5373_20250825 17 16
V 86.421600 69.405840 60.000000 25.000000
V 591.429600 397.303200 90.000000 25.000000
V 308.001600 160.048800 60.000000 25.000000
V 416.793600 257.522400 60.000000 25.000000
V 389.332800 177.933600 116.316084 25.000000
V 160.689600 90.792000 60.000000 25.000000
V 411.609600 402.242400 60.000000 25.000000
V 101.131200 153.669600 60.000000 25.000000
V 129.801600 12.499920 60.000000 25.000000
V 194.544000 14.371920 60.000000 25.000000
V 234.007200 130.356000 60.000000 25.000000
V 527.760000 357.285600 115.000000 25.000000
V 653.961600 435.628800 60.000000 25.000000
V 451.980000 331.048800 60.000000 26.500000
V 30.000240 188.726400 60.000000 25.000000
V 419.407200 100.238400 60.000000 25.000000
V 463.521600 145.562400 90.000000 25.000000
E 0 5
E 1 11
E 1 12
E 2 4
E 2 10
E 3 4
E 3 13
E 4 15
E 4 16
E 5 7
E 5 8
E 5 9
E 5 10
E 6 13
E 7 14
E 11 13
G Hs_Overlap_between_signal_transduction_pathways_contributing_to_LMNA_laminopathies_WP4879_20240722 27 32
V 388.375200 470.678400 69.390043 25.000000
V 349.732800 78.364800 69.360536 25.000000
V 386.877600 561.744000 90.000000 25.000000
V 423.568800 638.920800 75.933122 26.787062
V 439.135200 303.998400 67.151899 25.000000
V 365.940000 208.303200 65.740757 25.000000
V 409.550400 131.846400 69.360536 25.000000
V 524.764800 317.880000 63.987342 25.000000
V 444.290400 216.849600 69.014150 25.000000
V 542.908800 507.722400 135.133983 25.000000
V 457.696800 59.183280 77.886724 25.000000
V 253.836000 642.254400 290.537226 22.386663
V 469.958400 463.521600 96.192385 25.000000
V 303.336000 571.320000 90.000000 25.000000
V 463.636800 505.036800 122.154309 37.550100
V 299.592000 483.789600 61.422373 25.000000
V 463.665600 153.540000 117.798632 31.072133
V 213.703200 460.267200 58.921114 25.000000
V 131.551200 468.100800 71.796590 25.000000
V 310.896000 12.499920 69.360536 25.000000
V 367.171200 639.619200 90.000000 25.000000
V 55.499760 483.026400 110.948856 25.000000
V 463.514400 603.093600 131.416865 22.500000
V 532.792800 221.140800 58.000000 23.462920
V 518.385600 174.153600 69.360536 25.000000
V 400.824000 381.816000 75.645307 25.000000
V 254.606400 535.795200 90.000000 21.269292
E 0 2
E 0 12
E 0 14
E 0 15
E 0 25
E 1 6
E 1 19
E 2 3
E 2 13
E 2 20
E 2 22
E 4 7
E 4 8
E 4 25
E 5 8
E 6 8
E 6 10
E 6 16
E 8 16
E 8 23
E 8 24
E 9 12
E 9 14
E 11 13
E 12 14
E 13 15
E 13 26
E 15 17
E 15 26
E 16 24
E 17 18
E 18 21
G Hs_Overview_of_nanoparticle_effects_WP3287_20220226 22 24
V 276.134400 269.402400 100.637250 23.048750
V 521.553600 10.000080 80.000000 20.000000
V 557.222400 524.210400 80.000000 20.000000
V 377.928000 373.694400 138.613500 27.000000
V 191.455200 279.237600 80.000000 20.000000
V 250.704000 479.541600 80.000000 20.000000
V 234.604800 200.829600 80.000000 20.000000
V 498.240000 474.451200 116.403250 21.576250
V 370.821600 193.068000 80.000000 20.000000
V 477.468000 71.286480 80.000000 20.000000
V 40.000320 240.667200 80.000000 20.000000
V 436.320000 139.384800 80.000000 20.000000
V 532.828800 269.985600 74.738250 20.795625
V 364.968000 281.851200 79.062750 73.000000
V 459.828000 404.978400 129.000000 34.445000
V 414.453600 216.021600 80.000000 20.000000
V 448.056000 283.111200 102.852250 20.000000
V 425.145600 441.460800 80.000000 20.000000
V 112.420800 264.355200 80.000000 20.000000
V 320.904000 440.337600 80.000000 20.000000
V 321.616800 524.095200 80.000000 20.000000
V 333.302400 123.674400 80.000000 20.000000
E 0 4
E 0 6
E 0 13
E 1 9
E 2 7
E 3 13
E 3 14
E 3 17
E 3 19
E 4 18
E 5 19
E 7 14
E 7 17
E 8 11
E 8 13
E 8 15
E 8 21
E 9 11
E 10 18
E 11 15
E 12 16
E 13 15
E 13 16
E 19 20
G Hs_Oxidative_stress_in_pulmonary_tissue_WP5482_20250705 17 24
V 256.348800 201.225600 206.112051 29.019594
V 234.741600 26.143200 150.014672 32.332012
V 96.775200 181.591200 102.324966 37.143514
V 139.881600 271.792800 267.355293 30.944088
V 55.000080 115.804800 110.283911 31.960844
V 172.778400 194.270400 253.709136 38.119132
V 140.868000 129.326400 190.987303 47.564630
V 284.695200 126.108000 195.751269 44.207964
V 99.475200 239.536800 186.046875 43.468750
V 226.152000 153.813600 197.920085 46.756422
V 170.553600 23.999760 204.668155 48.044281
V 91.224000 60.702480 106.489825 31.719257
V 232.185600 237.124800 220.949081 35.136505
V 191.937600 282.146400 100.549404 35.768169
V 319.478400 180.403200 197.704969 40.872671
V 292.406400 83.649600 136.910819 37.203455
V 198.583200 103.946400 275.615236 43.115558
E 0 5
E 0 7
E 0 9
E 1 16
E 2 5
E 2 6
E 3 5
E 4 6
E 5 6
E 5 8
E 5 9
E 5 12
E 5 13
E 5 16
E 6 9
E 6 11
E 6 16
E 7 15
E 7 16
E 9 12
E 9 14
E 9 15
E 9 16
E 10 16
G Hs_PDGFR-beta_pathway_WP3972_20250227 29 33
V 600.897600 222.436800 58.000000 25.000000
V 947.592000 101.037600 65.000000 25.000000
V 815.184000 53.112240 58.000000 25.000000
V 874.296000 321.753600 58.000000 25.000000
V 860.400000 241.624800 58.000000 25.000000
V 1004.760000 210.204000 58.000000 25.000000
V 679.687200 207.093600 58.000000 25.000000
V 130.730400 410.983200 58.000000 25.000000
V 1016.064000 57.736800 58.000000 25.000000
V 387.302400 299.080800 58.000000 25.000000
V 526.629600 240.696000 58.000000 25.000000
V 97.855200 287.488800 58.000000 25.000000
V 770.616000 120.852000 58.000000 25.000000
V 924.552000 305.265600 58.000000 25.000000
V 961.920000 380.455200 58.000000 25.000000
V 29.000160 257.961600 58.000000 25.000000
V 1076.616000 12.499920 58.000000 25.000000
V 313.819200 311.162400 58.000000 25.000000
V 751.464000 44.321040 58.000000 25.000000
V 454.932000 264.139200 58.000000 25.000000
V 747.000000 293.781600 58.000000 25.000000
V 891.504000 40.284000 64.000000 25.000000
V 359.568000 368.877600 58.000000 25.000000
V 757.800000 259.538400 58.000000 25.000000
V 161.805600 335.289600 58.000000 25.000000
V 770.544000 205.027200 90.000000 25.000000
V 926.136000 184.600800 58.000000 25.000000
V 816.264000 303.501600 58.000000 25.000000
V 237.614400 314.460000 58.000000 25.000000
E 0 6
E 0 10
E 1 8
E 1 21
E 1 26
E 2 12
E 2 18
E 2 21
E 3 4
E 4 13
E 4 25
E 4 26
E 4 27
E 5 26
E 6 25
E 7 24
E 8 16
E 9 17
E 9 19
E 9 22
E 10 19
E 11 15
E 11 24
E 12 18
E 12 25
E 13 14
E 17 22
E 17 28
E 20 25
E 20 27
E 23 25
E 23 27
E 24 28
G Hs_PDGF_pathway_WP2526_20250929 20 23
V 182.858400 26.487360 101.093688 49.732581
V 449.956800 123.184800 33.533951 21.755619
V 42.732000 37.501920 77.293718 34.465092
V 522.396000 101.894400 45.972506 20.000000
V 212.248800 120.643200 60.000000 20.000000
V 166.240800 254.376000 60.000000 20.000000
V 253.461600 319.867200 60.000000 20.000000
V 373.471200 147.412800 77.293718 34.465092
V 258.768000 62.010720 60.000000 20.000000
V 185.047200 219.981600 60.000000 20.000000
V 595.540800 93.038400 45.972506 20.000000
V 30.000240 101.923200 60.000000 20.000000
V 257.234400 235.260000 60.000000 20.000000
V 310.701600 298.087200 60.000000 20.000000
V 112.485600 80.078400 105.590062 36.951158
V 287.316000 147.916800 60.000000 20.000000
V 331.344000 85.003200 45.000000 170.000000
V 120.096000 115.660800 60.000000 20.000000
V 114.580800 185.306400 81.038574 38.209948
V 301.651200 377.964000 54.620247 30.578724
E 0 8
E 0 14
E 1 3
E 1 7
E 2 11
E 2 14
E 3 10
E 4 15
E 4 17
E 5 12
E 5 18
E 6 12
E 6 19
E 7 15
E 8 15
E 9 12
E 9 18
E 11 17
E 12 13
E 12 15
E 13 19
E 14 18
E 15 16
G Hs_PI3K-AKT-mTOR_-_vitamin_D3_signaling_WP4141_20250311 20 22
V 286.200000 12.499920 99.108216 25.000000
V 503.676000 571.363200 73.076152 24.048096
V 313.012800 83.138400 80.000000 20.000000
V 451.807200 514.346400 80.000000 20.000000
V 274.564800 535.032000 98.106212 25.000000
V 355.305600 151.675200 90.000000 25.000000
V 266.702400 442.180800 80.000000 20.000000
V 323.373600 400.406400 80.000000 20.000000
V 225.237600 386.769600 80.000000 20.000000
V 338.097600 230.515200 156.222445 25.000000
V 321.501600 311.018400 80.000000 20.000000
V 406.929600 444.132000 80.000000 20.000000
V 385.243200 367.034400 61.032064 19.514028
V 486.446400 419.400000 59.249138 18.512024
V 304.027200 480.045600 80.000000 20.000000
V 138.967200 387.475200 80.000000 20.000000
V 428.860800 115.207200 90.000000 25.000000
V 255.729600 345.132000 97.104208 17.510020
V 221.644800 502.761600 80.000000 20.000000
V 61.500240 399.362400 123.156313 23.522044
E 0 2
E 1 3
E 2 5
E 3 11
E 4 6
E 4 14
E 5 9
E 5 16
E 6 7
E 6 17
E 6 18
E 7 8
E 7 10
E 7 11
E 7 12
E 7 14
E 8 15
E 9 10
E 10 17
E 11 13
E 14 18
E 15 19
G Hs_PTF1A_related_regulatory_pathway_WP4147_20170906 16 17
V 182.988000 142.300800 64.033333 20.000000
V 269.496000 157.370400 64.033333 20.000000
V 193.860000 91.576800 64.033333 20.000000
V 58.444560 153.280800 64.033333 20.000000
V 116.848800 95.616000 167.000000 56.000000
V 196.005600 255.621600 64.033333 20.000000
V 49.460400 43.147440 64.033333 20.000000
V 156.355200 179.503200 64.033333 20.000000
V 31.999680 80.532000 64.033333 20.000000
V 123.206400 10.000080 64.033333 20.000000
V 82.432800 17.763840 64.033333 20.000000
V 32.411520 121.860000 64.033333 20.000000
V 195.372000 49.107600 64.033333 20.000000
V 112.125600 176.083200 64.033333 20.000000
V 74.390400 255.405600 64.033333 20.000000
V 162.576000 21.726000 64.033333 20.000000
E 0 1
E 0 2
E 0 4
E 0 13
E 2 4
E 3 4
E 4 6
E 4 7
E 4 8
E 4 9
E 4 10
E 4 11
E 4 12
E 4 13
E 4 15
E 5 7
E 13 14
G Hs_Parkin-ubiquitin_proteasomal_system_pathway_WP2359_20250310 19 27
V 122.623200 232.408800 80.000000 18.991597
V 131.428800 116.460000 80.000000 20.000000
V 88.711200 207.741600 80.000000 20.000000
V 157.802400 263.548800 65.000000 20.000000
V 236.707200 20.435040 60.475412 20.035403
V 185.061600 10.000080 60.898148 20.000000
V 179.035200 174.132000 80.000000 20.000000
V 252.561600 148.413600 80.000000 20.000000
V 95.500800 53.236080 191.370370 20.000000
V 225.885600 91.346400 80.000000 20.000000
V 309.096000 62.780400 80.000000 20.000000
V 105.552000 174.002400 61.317326 20.000000
V 199.425600 265.197600 80.000000 20.000000
V 264.139200 224.308800 80.000000 20.000000
V 177.458400 340.927200 65.000000 20.000000
V 175.701600 82.670400 80.000000 20.000000
V 263.440800 184.860000 80.000000 20.000000
V 221.616000 220.932000 80.000000 20.000000
V 94.168800 129.088800 56.503109 20.000000
E 0 6
E 1 6
E 1 8
E 2 6
E 3 6
E 3 14
E 4 9
E 4 15
E 5 9
E 5 15
E 6 7
E 6 9
E 6 11
E 6 12
E 6 13
E 6 15
E 6 16
E 6 17
E 6 18
E 8 15
E 8 18
E 9 10
E 9 15
E 11 18
E 12 14
E 13 17
E 16 17
G Hs_Pathophysiological_roles_of_DUX4_in_FSHD1_WP5342_20250711 23 23
V 169.020000 162.388800 81.682348 28.809742
V 261.684000 268.056000 37.598104 16.669436
V 140.515200 85.341600 46.585447 18.357143
V 178.531200 340.812000 37.598104 16.669436
V 113.896800 14.500080 81.682348 28.809742
V 144.489600 334.281600 83.000000 22.662741
V 222.336000 182.268000 37.598104 16.669436
V 193.327200 262.540800 91.915489 71.326746
V 93.456000 272.606400 60.500000 33.044872
V 169.056000 206.056800 90.000000 25.000000
V 444.038400 197.683200 63.000000 25.000000
V 132.062400 246.636000 31.191964 18.357143
V 370.310400 214.452000 139.089739 26.302757
V 290.541600 232.200000 60.000000 25.220843
V 269.625600 310.312800 46.585447 18.357143
V 514.252800 175.147200 60.500000 62.500000
V 245.527200 209.311200 50.049538 27.651983
V 123.890400 306.381600 47.127179 20.944061
V 13.500000 290.001600 27.166667 28.500000
V 218.721600 359.704800 67.767510 18.824044
V 231.292800 317.484000 47.127179 20.944061
V 120.470400 209.484000 75.000000 23.000000
V 228.780000 440.949600 47.127179 20.944061
E 0 2
E 0 7
E 1 7
E 2 4
E 3 7
E 5 7
E 6 7
E 7 8
E 7 9
E 7 11
E 7 13
E 7 14
E 7 16
E 7 17
E 7 19
E 7 20
E 7 21
E 8 18
E 9 11
E 10 12
E 10 15
E 12 13
E 19 22
G Hs_Pathways_affected_in_adenoid_cystic_carcinoma_WP3651_20250308 17 17
V 238.046400 139.780800 60.000000 20.000000
V 313.099200 172.497600 60.000000 20.000000
V 394.632000 207.086400 60.000000 20.000000
V 178.704000 278.431200 60.000000 20.000000
V 67.500000 380.556000 135.000000 23.000000
V 342.417600 243.072000 60.000000 20.000000
V 349.070400 324.633600 80.000000 20.000000
V 411.904800 36.979920 185.000000 20.000000
V 276.674400 10.000080 80.000000 20.000000
V 294.552000 91.202400 60.000000 20.000000
V 466.891200 171.216000 60.000000 20.000000
V 119.455200 327.261600 60.000000 20.000000
V 522.619200 305.784000 120.000000 20.000000
V 244.144800 229.262400 60.000000 20.000000
V 457.250400 263.952000 60.000000 20.000000
V 169.243200 94.096800 80.000000 20.000000
V 366.552000 106.725600 60.000000 20.000000
E 0 1
E 0 15
E 1 2
E 1 5
E 1 9
E 1 13
E 1 16
E 2 5
E 2 10
E 2 14
E 3 11
E 3 13
E 4 11
E 5 6
E 7 16
E 8 9
E 12 14
G Hs_Pathways_of_nucleic_acid_metabolism_and_innate_immune_sensing_WP4705_20241221 33 33
V 369.864000 416.239200 90.000000 25.000000
V 606.722400 218.102400 90.000000 25.000000
V 664.646400 162.612000 90.000000 25.000000
V 204.652800 370.972800 90.000000 25.000000
V 694.807200 305.071200 90.000000 25.000000
V 45.000000 352.548000 90.000000 25.000000
V 162.676800 297.244800 90.000000 25.000000
V 845.568000 369.036000 90.000000 25.000000
V 298.720800 742.392000 90.000000 25.000000
V 580.464000 420.206400 90.000000 25.000000
V 769.536000 343.684800 90.000000 25.000000
V 923.616000 392.032800 90.000000 31.042595
V 537.292800 352.504800 90.000000 25.000000
V 680.479200 84.664800 90.000000 25.000000
V 323.956800 586.778400 72.543940 43.112383
V 276.588000 315.381600 90.000000 25.000000
V 407.296800 564.220800 90.000000 25.000000
V 704.944800 12.499920 90.000000 25.000000
V 941.040000 474.127200 90.000000 25.000000
V 997.776000 414.972000 90.000000 34.165538
V 296.287200 270.684000 90.000000 25.000000
V 163.346400 438.408000 90.000000 25.000000
V 455.464800 385.747200 90.000000 25.000000
V 295.783200 366.804000 90.000000 25.000000
V 282.859200 815.472000 90.000000 25.000000
V 714.240000 222.480000 90.000000 25.000000
V 981.792000 331.221600 90.000000 25.000000
V 357.156000 506.800800 90.000000 25.000000
V 121.773600 366.069600 90.000000 25.000000
V 261.957600 194.212800 90.000000 25.000000
V 486.057600 454.507200 90.000000 25.000000
V 312.235200 666.828000 90.000000 25.000000
V 608.450400 303.184800 90.000000 25.000000
E 0 22
E 0 23
E 0 27
E 1 2
E 1 32
E 2 13
E 2 25
E 3 6
E 3 21
E 3 23
E 3 28
E 4 10
E 4 25
E 4 32
E 5 28
E 7 10
E 7 11
E 8 24
E 8 31
E 9 12
E 11 18
E 11 19
E 11 26
E 12 22
E 12 32
E 13 17
E 14 27
E 14 31
E 15 23
E 16 27
E 20 23
E 20 29
E 22 30
G Hs_Pentose_phosphate_metabolism_WP134_20250303 16 15
V 127.288800 152.121600 60.000000 20.000000
V 519.386400 120.456000 161.333333 19.000000
V 486.295200 59.192640 60.000000 20.000000
V 347.947200 104.911200 129.000000 20.000000
V 434.822400 120.657600 175.333333 19.000000
V 265.197600 125.611200 196.000000 23.000000
V 438.177600 37.890000 60.000000 20.000000
V 168.472800 9.499680 204.000000 19.000000
V 453.175200 204.285600 173.333333 19.000000
V 594.446400 89.618400 88.000000 28.000000
V 338.205600 20.759760 60.000000 20.000000
V 186.357600 91.857600 170.333333 19.000000
V 244.965600 205.488000 60.000000 20.000000
V 520.992000 344.196000 146.000000 20.000000
V 484.682400 277.610400 60.000000 20.000000
V 111.499200 68.032080 223.000000 25.000000
E 0 11
E 1 4
E 1 9
E 2 4
E 3 4
E 3 5
E 3 10
E 4 6
E 4 8
E 5 11
E 5 12
E 7 11
E 8 14
E 11 15
E 13 14
G Hs_Peptide_GPCRs_WP24_20260701 19 18
V 30.000240 84.276000 60.000000 20.000000
V 191.757600 144.064800 60.000000 20.000000
V 99.662400 10.000080 60.000000 20.000000
V 125.805600 201.024000 60.000000 20.000000
V 149.256000 170.539200 60.000000 20.000000
V 82.159200 154.209600 60.000000 20.000000
V 55.968480 35.172000 60.000000 20.000000
V 215.352000 83.836800 60.000000 20.000000
V 65.836800 69.953760 60.000000 20.000000
V 154.490400 16.012080 60.000000 20.000000
V 117.777600 37.516320 60.000000 20.000000
V 34.203600 122.004000 60.000000 20.000000
V 218.023200 125.208000 60.000000 20.000000
V 182.253600 185.428800 60.000000 20.000000
V 123.328800 105.739200 119.000000 20.000000
V 176.436000 70.657200 60.000000 20.000000
V 193.024800 37.697040 60.000000 20.000000
V 84.175200 193.593600 60.000000 20.000000
V 43.800480 160.329600 60.000000 20.000000
E 0 14
E 1 14
E 2 14
E 3 14
E 4 14
E 5 14
E 6 14
E 7 14
E 8 14
E 9 14
E 10 14
E 11 14
E 12 14
E 13 14
E 14 15
E 14 16
E 14 17
E 14 18
G Hs_Peroxisomal_beta-oxidation_of_tetracosanoyl-CoA_WP1941_20250629 19 18
V 97.675200 315.741600 119.000000 20.000000
V 279.511200 309.067200 44.000000 20.000000
V 41.166000 403.264800 33.000000 20.000000
V 110.001600 177.847200 220.000000 20.000000
V 185.702400 482.616000 168.000000 57.000000
V 128.109600 416.390400 125.000000 20.000000
V 230.356800 91.461600 112.000000 20.000000
V 313.581600 273.319200 130.000000 20.000000
V 114.177600 127.778400 142.000000 20.000000
V 290.412000 230.198400 44.000000 20.000000
V 159.897600 98.733600 84.000000 20.000000
V 190.360800 171.072000 150.000000 20.000000
V 264.434400 20.000160 171.000000 40.000000
V 238.010400 392.371200 46.000000 20.000000
V 265.831200 142.696800 56.000000 20.000000
V 219.729600 260.020800 167.000000 20.000000
V 173.131200 339.163200 145.000000 20.000000
V 123.055200 496.692000 39.750000 20.000000
V 60.826320 462.103200 104.000000 20.000000
E 0 16
E 1 15
E 2 5
E 3 11
E 4 5
E 5 16
E 5 17
E 5 18
E 6 11
E 6 12
E 7 15
E 8 11
E 9 15
E 10 11
E 11 14
E 11 15
E 13 16
E 15 16
G Hs_Perturbations_to_host-cell_autophagy__induced_by_SARS-CoV-2_proteins_WP4936_20250827 19 18
V 234.223200 237.132000 90.000000 25.000000
V 297.403200 298.836000 80.000000 30.000000
V 450.057600 107.366400 80.000000 25.000000
V 261.028800 321.609600 80.000000 30.000000
V 177.364800 156.139200 80.000000 25.000000
V 219.924000 304.308000 80.000000 30.000000
V 120.780000 93.528000 67.038074 25.000000
V 296.308800 218.829600 60.000000 25.000000
V 172.137600 209.282400 80.000000 25.000000
V 307.404000 173.116800 80.000000 30.000000
V 242.611200 163.000800 60.000000 25.000000
V 125.085600 376.761600 80.000000 25.000000
V 317.959200 261.151200 60.000000 25.000000
V 168.976800 308.620800 98.000000 35.000000
V 381.916800 139.507200 63.949580 25.000000
V 79.941600 436.536000 90.000000 35.000000
V 123.883200 12.499920 80.000000 25.000000
V 154.886400 249.084000 85.000000 30.000000
V 40.000320 81.144000 80.000000 25.000000
E 0 1
E 0 3
E 0 4
E 0 5
E 0 7
E 0 8
E 0 9
E 0 10
E 0 12
E 0 13
E 0 17
E 2 14
E 4 6
E 6 16
E 6 18
E 9 14
E 11 13
E 11 15
G Hs_Perturbed_thyroid_hormone_homeostasis_leading_to_developmental_neurotoxicity_WP5517_20250319 30 31
V 509.392800 381.369600 90.000000 25.000000
V 636.249600 395.496000 90.000000 25.000000
V 462.499200 152.208000 78.121702 26.422746
V 549.266400 507.758400 90.000000 25.000000
V 619.812000 472.334400 186.555710 32.590431
V 217.209600 160.380000 200.412193 32.590431
V 573.422400 236.109600 216.555710 32.590431
V 590.896800 151.761600 200.412193 26.395547
V 260.337600 82.764000 200.412193 32.590431
V 599.284800 375.732000 90.000000 25.000000
V 555.645600 14.999760 311.224490 30.000000
V 506.440800 497.800800 90.000000 25.000000
V 637.495200 436.500000 90.000000 25.000000
V 521.229600 88.099200 170.918367 32.590431
V 588.456000 497.390400 90.000000 25.000000
V 666.626400 120.708000 311.224490 30.000000
V 364.939200 422.186400 216.555710 32.590431
V 223.286400 332.481600 227.450339 32.590431
V 552.132000 420.933600 244.555710 32.590431
V 433.044000 53.747280 200.412193 32.590431
V 500.421600 457.660800 90.000000 25.000000
V 281.944800 400.456800 186.583162 32.590431
V 559.548000 322.056000 216.555710 32.590431
V 145.000800 359.193600 290.000000 30.969000
V 526.514400 169.495200 200.412193 32.590431
V 235.756800 471.096000 178.119864 26.422746
V 450.928800 418.608000 216.555710 32.590431
V 207.086400 20.900880 200.412193 32.590431
V 344.340000 52.627680 274.107476 32.590431
V 207.050400 245.829600 200.412193 32.590431
E 0 18
E 1 18
E 2 24
E 3 18
E 4 18
E 5 8
E 5 29
E 6 7
E 6 22
E 6 24
E 7 13
E 7 15
E 8 27
E 8 28
E 9 18
E 10 13
E 11 18
E 12 18
E 13 19
E 13 24
E 14 18
E 16 21
E 16 26
E 17 21
E 17 23
E 17 29
E 18 20
E 18 22
E 18 26
E 19 28
E 21 25
G Hs_Phosphatidylcholine_catabolism_WP4195_20181112 32 37
V 272.944800 131.428800 52.107321 25.000000
V 356.781600 144.900000 90.000000 25.000000
V 69.656400 196.128000 113.000000 25.000000
V 176.184000 283.924800 90.000000 25.000000
V 372.276000 383.256000 90.000000 25.000000
V 224.683200 271.224000 90.000000 25.000000
V 276.300000 90.331200 90.000000 25.000000
V 313.444800 321.026400 93.000000 25.000000
V 304.264800 12.499920 111.666667 25.000000
V 326.577600 120.628800 79.115139 25.000000
V 274.053600 186.228000 90.000000 25.000000
V 244.980000 425.073600 90.000000 25.000000
V 179.596800 222.919200 90.000000 25.000000
V 344.743200 179.028000 52.107321 25.000000
V 333.475200 407.044800 90.000000 25.000000
V 393.156000 342.583200 102.000000 25.000000
V 340.840800 255.484800 137.500000 25.000000
V 221.234400 103.996800 90.000000 25.000000
V 72.511200 367.711200 90.000000 25.000000
V 182.152800 29.734560 112.489712 25.000000
V 47.270880 298.620000 49.000000 25.000000
V 270.676800 289.346400 90.000000 25.000000
V 202.456800 341.503200 90.000000 25.000000
V 426.988800 225.439200 93.000000 25.000000
V 429.804000 270.043200 125.000000 25.000000
V 145.360800 325.555200 90.000000 25.000000
V 125.244000 262.022400 90.000000 25.000000
V 294.033600 427.658400 90.000000 25.000000
V 45.000000 242.863200 90.000000 25.000000
V 273.780000 338.572800 137.500000 25.000000
V 207.072000 148.737600 90.000000 25.000000
V 118.202400 408.859200 90.000000 25.000000
E 0 10
E 1 10
E 2 26
E 3 5
E 4 7
E 5 7
E 5 10
E 5 12
E 5 21
E 5 22
E 5 25
E 5 26
E 5 29
E 6 8
E 6 10
E 6 17
E 7 14
E 7 15
E 7 16
E 7 21
E 7 29
E 9 10
E 10 13
E 10 16
E 10 17
E 10 30
E 11 29
E 16 23
E 16 24
E 16 29
E 17 19
E 18 25
E 20 26
E 25 26
E 25 31
E 26 28
E 27 29
G Hs_Phosphoinositides_metabolism_WP4971_20251001 22 27
V 267.213600 197.971200 108.901397 36.221776
V 233.928000 281.628000 108.901397 36.221776
V 122.968800 179.899200 108.901397 36.221776
V 134.992800 346.284000 90.000000 25.000000
V 248.724000 97.084800 108.901397 36.221776
V 350.546400 215.654400 90.000000 29.471394
V 143.028000 113.076000 108.901397 36.221776
V 334.281600 97.956000 58.296969 25.000000
V 102.024000 59.156640 63.604651 26.453488
V 146.347200 18.234720 45.677048 20.624577
V 211.557600 47.820960 46.567398 25.000000
V 272.044800 13.000320 66.514056 26.333465
V 186.343200 200.001600 108.901397 36.221776
V 246.002400 133.574400 90.000000 25.000000
V 177.566400 108.957600 108.901397 36.221776
V 303.962400 329.659200 72.942233 26.989227
V 316.389600 47.970720 58.296969 25.000000
V 82.072800 321.487200 90.000000 29.471394
V 141.948000 265.694400 108.901397 36.221776
V 55.279440 79.336800 90.000000 25.000000
V 246.888000 362.620800 90.000000 29.471394
V 54.499680 272.743200 108.901397 36.221776
E 0 1
E 0 4
E 0 5
E 0 12
E 1 15
E 1 18
E 1 20
E 2 6
E 2 14
E 2 18
E 3 18
E 4 6
E 4 7
E 4 10
E 4 11
E 4 13
E 4 14
E 4 16
E 6 19
E 8 14
E 9 14
E 10 14
E 12 14
E 12 18
E 13 14
E 17 18
E 18 21
G Hs_Physico-chemical_features_and_toxicity-associated_pathways_WP3680_20250828 20 22
V 48.589200 128.995200 80.000000 20.000000
V 237.067200 327.139200 80.000000 20.000000
V 313.444800 135.482400 80.000000 20.000000
V 129.340800 381.492000 80.000000 20.000000
V 297.093600 356.371200 80.000000 20.000000
V 384.739200 150.948000 80.000000 20.000000
V 81.612000 441.309600 80.000000 20.000000
V 368.676000 77.076000 80.000000 25.000000
V 111.700800 173.678400 59.666667 25.000000
V 414.453600 202.197600 80.000000 20.000000
V 179.661600 221.040000 80.000000 20.000000
V 181.922400 318.571200 80.000000 20.000000
V 314.049600 305.992800 80.000000 20.000000
V 40.000320 502.927200 80.000000 20.000000
V 411.739200 268.106400 80.000000 20.000000
V 404.798400 10.000080 80.000000 20.000000
V 256.716000 267.127200 80.000000 20.000000
V 339.883200 426.679200 80.000000 20.000000
V 336.787200 218.376000 80.000000 20.000000
V 256.507200 188.899200 80.000000 20.000000
E 0 8
E 1 16
E 2 7
E 2 18
E 2 19
E 3 6
E 3 11
E 4 16
E 4 17
E 5 7
E 5 9
E 5 18
E 6 13
E 7 15
E 8 10
E 9 18
E 10 16
E 11 16
E 12 16
E 14 18
E 16 18
E 16 19
G Hs_Pleural_mesothelioma_WP5087_20250827 26 29
V 58.433040 191.584800 60.000000 25.000000
V 126.043200 535.478400 90.000000 25.000000
V 416.440800 351.511200 90.000000 30.000000
V 246.369600 356.572800 90.000000 25.000000
V 176.904000 154.893600 60.000000 25.000000
V 336.794400 493.401600 90.000000 25.000000
V 156.038400 207.352800 90.000000 30.000000
V 299.088000 420.307200 90.000000 25.000000
V 138.988800 112.773600 61.646993 25.000000
V 231.588000 144.194400 60.000000 25.000000
V 89.510400 144.561600 60.000000 25.000000
V 72.388800 231.235200 60.000000 25.000000
V 281.217600 77.954400 90.000000 25.000000
V 228.542400 206.604000 90.000000 25.000000
V 45.000000 490.118400 90.000000 25.000000
V 492.616800 366.796800 90.000000 25.000000
V 110.901600 182.901600 171.450116 25.000000
V 321.876000 12.499920 90.000000 25.000000
V 109.015200 258.595200 60.000000 25.000000
V 165.902400 374.961600 90.000000 30.000000
V 189.928800 296.049600 90.000000 25.000000
V 89.280000 390.628800 69.746919 25.000000
V 123.199200 454.975200 90.000000 25.000000
V 242.114400 430.315200 90.000000 25.000000
V 333.734400 342.424800 90.000000 25.000000
V 96.004800 41.526000 67.465027 25.000000
E 0 6
E 0 16
E 1 22
E 2 15
E 2 24
E 3 7
E 3 19
E 3 20
E 3 23
E 3 24
E 4 6
E 4 16
E 5 7
E 6 8
E 6 9
E 6 10
E 6 11
E 6 13
E 6 16
E 6 18
E 6 20
E 8 25
E 9 12
E 11 16
E 12 17
E 14 22
E 19 20
E 19 21
E 19 22
G Hs_Polyol_pathway_WP690_20210518 17 17
V 179.733600 391.183200 80.000000 32.373134
V 271.339200 407.750400 80.000000 20.000000
V 247.975200 266.752800 80.000000 20.000000
V 48.664080 505.087200 90.000000 25.000000
V 173.685600 301.932000 80.000000 20.000000
V 104.702400 447.537600 146.266880 25.000000
V 40.000320 232.020000 80.000000 20.000000
V 168.559200 154.490400 158.000000 20.000000
V 95.342400 154.202400 80.000000 20.000000
V 350.200800 390.074400 80.000000 20.000000
V 106.840800 381.952800 146.266880 25.000000
V 125.827200 228.801600 112.000000 20.000000
V 319.557600 478.641600 80.000000 20.000000
V 217.368000 450.842400 146.266880 25.000000
V 167.227200 470.599200 80.000000 20.000000
V 132.184800 84.952800 160.000000 20.000000
V 138.420000 10.000080 80.000000 20.000000
E 0 1
E 0 4
E 0 5
E 0 10
E 0 13
E 0 14
E 1 9
E 1 12
E 2 4
E 3 5
E 4 11
E 6 11
E 7 11
E 7 15
E 8 11
E 8 15
E 15 16
G Hs_Prader-Willi_and_Angelman_syndrome_WP3998_20250722 15 15
V 82.936800 206.863200 90.000000 25.000000
V 45.000000 138.283200 90.000000 25.000000
V 426.931200 217.245600 90.000000 25.000000
V 228.931200 276.220800 90.000000 25.000000
V 390.852000 292.608000 90.000000 25.000000
V 207.554400 358.128000 90.000000 25.000000
V 103.860000 87.436800 120.687174 25.000000
V 544.363200 309.470400 147.443572 25.000000
V 87.609600 12.499920 90.000000 25.000000
V 310.636800 277.207200 90.000000 25.000000
V 161.100000 144.640800 90.000000 25.000000
V 101.844000 294.480000 90.000000 25.000000
V 158.796000 229.550400 90.000000 25.000000
V 469.000800 305.625600 90.000000 25.000000
V 398.678400 376.574400 90.000000 25.000000
E 0 1
E 0 12
E 1 6
E 2 4
E 3 5
E 3 9
E 3 12
E 4 9
E 4 13
E 4 14
E 6 8
E 6 10
E 7 13
E 10 12
E 11 12
G Hs_Proline_and_hydroxyproline_pathways_WP5026_20251103 32 36
V 593.748000 461.512800 70.000000 20.000000
V 376.128000 214.509600 90.000000 25.000000
V 586.814400 290.923200 60.000000 20.000000
V 486.367200 475.840800 60.000000 20.000000
V 732.888000 133.120800 60.000000 20.000000
V 706.370400 10.000080 60.000000 20.000000
V 301.089600 200.836800 60.000000 20.000000
V 668.664000 80.416800 90.000000 20.000000
V 144.432000 178.617600 90.000000 20.000000
V 529.322400 302.968800 60.000000 20.000000
V 470.534400 184.046400 60.000000 20.000000
V 374.299200 320.781600 60.000000 20.000000
V 222.544800 189.360000 90.000000 20.000000
V 600.444000 227.455200 150.000000 20.000000
V 640.360800 446.767200 70.000000 20.000000
V 442.404000 262.555200 60.000000 20.000000
V 665.042400 167.270400 130.000000 20.000000
V 359.863200 240.559200 90.000000 25.000000
V 526.672800 352.065600 60.000000 20.000000
V 100.000800 111.333600 200.000000 35.000000
V 408.787200 329.882400 60.000000 20.000000
V 361.303200 140.796000 70.000000 25.000000
V 488.246400 389.786400 106.130952 20.000000
V 77.097600 223.804800 60.000000 20.000000
V 600.940800 372.384000 70.000000 20.000000
V 394.804800 190.684800 90.000000 25.000000
V 678.859200 394.070400 60.000000 20.000000
V 427.809600 451.972800 60.000000 20.000000
V 541.130400 243.050400 60.000000 20.000000
V 644.709600 524.469600 60.000000 20.000000
V 749.736000 192.520800 60.000000 20.000000
V 681.163200 345.830400 60.000000 20.000000
E 0 24
E 0 29
E 1 6
E 1 15
E 1 21
E 2 9
E 3 22
E 4 16
E 5 7
E 6 12
E 6 17
E 6 25
E 7 16
E 8 12
E 8 19
E 8 23
E 9 13
E 9 15
E 9 18
E 9 22
E 9 24
E 9 28
E 10 15
E 11 15
E 13 16
E 14 24
E 14 29
E 15 17
E 15 20
E 15 25
E 16 30
E 17 21
E 21 25
E 22 27
E 24 26
E 24 31
G Hs_Prostaglandin_and_leukotriene_metabolism_in_senescence__WP5122_20250714 26 36
V 260.186400 86.248800 60.000000 20.000000
V 258.573600 261.770400 60.000000 20.000000
V 541.238400 350.359200 70.000000 20.000000
V 361.476000 584.870400 116.856287 20.000000
V 250.941600 389.052000 60.000000 20.000000
V 162.964800 416.808000 60.000000 20.000000
V 87.732000 440.013600 60.000000 20.000000
V 292.708800 346.449600 60.000000 20.000000
V 172.101600 274.881600 60.000000 20.000000
V 255.333600 10.000080 90.000000 20.000000
V 296.308800 266.140800 60.000000 20.000000
V 30.000240 307.792800 60.000000 20.000000
V 514.015200 424.281600 70.000000 20.000000
V 348.357600 506.656800 80.000000 20.000000
V 349.970400 420.544800 110.000000 20.000000
V 321.408000 308.736000 60.000000 20.000000
V 266.306400 167.299200 60.000000 20.000000
V 94.392000 303.602400 60.000000 20.000000
V 208.706400 223.430400 60.000000 20.000000
V 403.005600 273.348000 90.000000 20.000000
V 216.640800 338.832000 40.000000 20.000000
V 91.324800 372.441600 80.000000 70.000000
V 36.768240 376.581600 60.000000 20.000000
V 433.180800 435.513600 154.000000 20.000000
V 445.687200 200.397600 60.000000 20.000000
V 483.379200 294.451200 60.000000 20.000000
E 0 9
E 0 16
E 1 7
E 1 8
E 1 15
E 1 16
E 2 12
E 2 25
E 3 13
E 4 5
E 4 7
E 4 15
E 5 6
E 5 21
E 6 21
E 6 22
E 7 10
E 7 14
E 7 15
E 7 20
E 8 17
E 8 18
E 8 20
E 10 15
E 10 18
E 11 17
E 11 21
E 12 23
E 13 14
E 14 23
E 15 19
E 17 21
E 17 22
E 19 24
E 19 25
E 21 22
G Hs_Prostaglandin_synthesis_and_regulation_WP98_20250506 22 28
V 180.280800 243.244800 113.333333 16.000000
V 353.239200 198.957600 49.000000 14.000000
V 117.252000 90.928800 101.000000 29.000000
V 272.743200 342.129600 60.000000 20.000000
V 177.962400 332.085600 36.000000 15.000000
V 272.577600 429.609600 90.333333 16.000000
V 244.497600 268.855200 42.000000 14.000000
V 202.032000 316.929600 41.000000 15.500000
V 297.496800 199.699200 66.666667 20.333333
V 146.563200 10.000080 66.666667 20.000000
V 61.904880 39.178080 49.000000 14.000000
V 206.690400 485.704800 61.333333 20.333333
V 360.820800 330.688800 53.333333 16.000000
V 342.835200 476.560800 66.666667 20.000000
V 97.884000 260.719200 40.000000 14.000000
V 440.820000 351.410400 66.666667 20.000000
V 167.536800 157.924800 113.333333 16.000000
V 248.349600 134.928000 53.333333 16.000000
V 33.500160 91.900800 66.666667 20.000000
V 275.731200 255.859200 40.000000 14.000000
V 275.673600 507.837600 118.166667 16.000000
V 375.696000 247.924800 65.333333 16.000000
E 0 4
E 0 6
E 0 7
E 0 14
E 0 16
E 0 19
E 1 19
E 2 9
E 2 10
E 2 16
E 2 18
E 3 4
E 3 5
E 3 6
E 3 7
E 3 12
E 3 19
E 5 11
E 5 13
E 5 20
E 6 8
E 8 17
E 8 19
E 8 21
E 10 18
E 12 15
E 12 21
E 16 17
G Hs_Protein_alkylation_leading_to_liver_fibrosis_WP3980_20230228 17 17
V 163.000800 106.509600 326.298197 25.000000
V 255.722400 284.536800 178.658381 25.000000
V 404.892000 118.965600 139.000000 25.000000
V 520.992000 196.768800 90.000000 25.000000
V 290.880000 213.120000 249.000000 25.000000
V 365.616000 194.443200 335.000000 25.000000
V 508.291200 25.801200 133.000000 25.000000
V 497.966400 112.543200 150.000000 25.000000
V 368.258400 49.390560 265.012388 25.000000
V 555.897600 51.371280 90.000000 25.000000
V 203.659200 12.499920 135.000000 25.000000
V 427.111200 194.061600 207.648013 25.000000
V 578.880000 107.200800 90.000000 25.000000
V 564.177600 165.398400 90.000000 25.000000
V 314.092800 130.348800 176.000000 25.000000
V 412.783200 37.132560 90.000000 25.000000
V 240.429600 85.838400 173.000000 25.000000
E 0 16
E 1 4
E 2 5
E 2 7
E 2 8
E 2 11
E 2 14
E 2 15
E 3 7
E 4 5
E 4 14
E 6 7
E 7 9
E 7 12
E 7 13
E 10 16
E 14 16
G Hs_Proteoglycan_biosynthesis_WP4784_20250311 15 16
V 45.000000 100.785600 90.000000 25.000000
V 240.912000 18.479520 90.000000 25.000000
V 82.195200 42.721920 90.000000 25.000000
V 332.575200 195.645600 110.149137 32.123234
V 124.862400 116.128800 76.397174 25.000000
V 140.882400 222.530400 90.000000 25.000000
V 203.637600 92.095200 78.751962 25.000000
V 196.437600 163.468800 90.000000 25.000000
V 181.879200 12.499920 90.000000 25.000000
V 240.660000 230.623200 90.000000 25.000000
V 332.899200 67.614480 125.062794 25.000000
V 276.264000 130.845600 78.751962 25.000000
V 357.674400 132.033600 90.000000 25.000000
V 189.244800 248.788800 90.000000 25.000000
V 57.024000 168.372000 90.000000 25.000000
E 0 4
E 1 6
E 2 4
E 3 11
E 4 6
E 4 7
E 4 14
E 5 7
E 6 7
E 6 8
E 6 11
E 7 9
E 7 11
E 7 13
E 10 11
E 11 12
G Hs_Proximal_tubule_transport_WP4917_20251014 16 16
V 80.820000 17.647200 90.000000 25.000000
V 217.375200 185.536800 90.000000 25.000000
V 221.335200 403.322400 43.000000 25.000000
V 236.800800 328.744800 123.037345 21.862306
V 63.499680 155.455200 127.467999 17.280406
V 41.086080 84.088800 43.000000 25.000000
V 339.631200 297.648000 90.000000 25.000000
V 273.074400 43.480800 90.000000 25.000000
V 181.706400 34.345440 43.000000 25.000000
V 212.450400 99.842400 90.000000 25.000000
V 372.873600 88.581600 90.000000 25.000000
V 120.614400 95.702400 90.000000 25.000000
V 319.903200 198.885600 90.000000 25.000000
V 267.595200 254.138400 90.000000 25.000000
V 294.559200 123.314400 90.000000 25.000000
V 231.264000 12.499920 90.000000 25.000000
E 0 11
E 1 9
E 1 13
E 2 3
E 3 13
E 4 11
E 5 11
E 6 13
E 7 9
E 8 9
E 9 11
E 9 14
E 9 15
E 10 14
E 12 13
E 12 14
G Hs_Psoriasis_mechanism_and_therapies_WP5537_20251031 16 19
V 40.000320 106.300800 80.000000 20.000000
V 235.332000 186.184800 60.000000 20.000000
V 529.956000 158.983200 60.000000 20.000000
V 186.235200 120.945600 60.000000 20.000000
V 400.017600 320.364000 60.000000 20.000000
V 208.202400 105.897600 60.000000 20.000000
V 118.497600 92.808000 60.000000 20.000000
V 474.156000 216.424800 60.000000 20.000000
V 191.822400 259.826400 60.000000 20.000000
V 251.388000 54.457200 90.000000 20.000000
V 177.127200 37.414080 60.000000 20.000000
V 149.680800 326.455200 120.000000 25.000000
V 105.818400 10.000080 90.000000 20.000000
V 536.529600 267.300000 60.000000 20.000000
V 317.412000 207.446400 60.000000 20.000000
V 393.688800 237.528000 60.000000 20.000000
E 0 6
E 1 3
E 1 5
E 1 8
E 1 14
E 2 7
E 3 6
E 3 9
E 3 10
E 4 15
E 5 6
E 5 9
E 5 10
E 6 12
E 7 13
E 7 15
E 8 11
E 10 12
E 14 15
G Hs_RAC1-PAK1-p38-MMP2_pathway_WP3303_20250303 40 43
V 200.196000 834.408000 117.000000 61.000000
V 201.787200 600.530400 45.000000 20.000000
V 262.260000 570.873600 52.000000 20.000000
V 212.407200 353.556000 44.000000 20.000000
V 297.057600 43.613280 54.666667 20.666667
V 138.952800 579.564000 46.000000 20.000000
V 174.571200 18.249840 52.000000 20.000000
V 222.645600 681.422400 44.000000 20.000000
V 226.332000 90.504000 56.000000 20.000000
V 199.562400 511.725600 51.000000 20.000000
V 217.346400 10.000080 55.083333 20.000000
V 196.840800 954.648000 37.000000 20.000000
V 192.348000 1031.976000 40.000000 20.000000
V 172.166400 678.772800 47.000000 20.000000
V 269.604000 894.384000 44.000000 20.000000
V 310.608000 268.790400 128.000000 32.000000
V 161.510400 895.320000 50.000000 20.000000
V 214.408800 261.763200 46.000000 20.000000
V 179.136000 1104.696000 40.000000 20.000000
V 149.839200 48.084480 50.416667 20.000000
V 178.596000 174.240000 46.000000 20.000000
V 127.180800 283.262400 44.000000 20.000000
V 320.479200 80.776800 50.666667 20.000000
V 164.304000 297.064800 50.000000 20.000000
V 235.922400 897.624000 49.000000 20.000000
V 206.121600 432.792000 42.000000 20.000000
V 277.113600 297.288000 46.000000 20.000000
V 77.133600 181.094400 41.000000 20.000000
V 133.984800 130.442400 45.000000 20.000000
V 261.720000 17.299440 58.333333 20.000000
V 298.231200 113.616000 55.000000 20.000000
V 277.012800 630.957600 51.000000 20.000000
V 88.552800 137.008800 58.000000 20.000000
V 19.499760 617.378400 39.000000 20.000000
V 300.038400 596.692800 56.250000 20.000000
V 283.125600 237.837600 47.000000 20.000000
V 114.804000 198.979200 44.000000 20.000000
V 198.993600 754.776000 46.000000 20.000000
V 127.288800 891.072000 49.000000 20.000000
V 103.953600 609.336000 43.000000 20.000000
E 0 14
E 0 16
E 0 24
E 0 37
E 0 38
E 1 2
E 1 5
E 1 7
E 1 9
E 1 13
E 1 31
E 1 34
E 1 39
E 3 17
E 3 25
E 4 8
E 6 8
E 7 37
E 8 10
E 8 19
E 8 20
E 8 22
E 8 29
E 8 30
E 9 25
E 11 12
E 11 14
E 11 16
E 11 24
E 11 38
E 12 18
E 13 37
E 15 17
E 17 20
E 17 21
E 17 23
E 17 26
E 17 35
E 20 27
E 20 28
E 20 32
E 20 36
E 33 39
G Hs_ROS_in_COVID-19_endothelial_dysfunction_WP5258_20260322 15 14
V 316.836000 85.896000 90.000000 25.000000
V 120.160800 388.605600 90.000000 25.000000
V 319.615200 160.488000 121.333333 25.000000
V 292.132800 553.550400 68.500000 25.000000
V 308.419200 626.731200 90.000000 25.000000
V 198.568800 383.817600 90.000000 25.000000
V 45.000000 395.172000 90.000000 25.000000
V 497.829600 319.593600 90.000000 25.000000
V 279.655200 475.639200 75.333333 25.000000
V 347.119200 427.644000 90.000000 25.000000
V 316.180800 12.499920 90.000000 25.000000
V 333.842400 317.952000 90.000000 25.000000
V 320.018400 237.506400 120.000000 25.000000
V 419.292000 318.636000 90.000000 25.000000
V 281.764800 389.894400 143.000000 25.000000
E 0 2
E 0 10
E 1 5
E 1 6
E 2 12
E 3 4
E 3 8
E 5 14
E 7 13
E 8 14
E 9 14
E 11 12
E 11 13
E 11 14
G Hs_Regulatory_circuits_of_STAT3_signaling_WP4538_20240522 28 47
V 148.154400 138.837600 90.000000 25.000000
V 367.365600 211.255200 80.000000 20.000000
V 329.205600 168.523200 90.000000 25.000000
V 162.028800 286.819200 90.000000 25.000000
V 111.679200 221.400000 90.000000 25.000000
V 284.392800 246.009600 90.000000 25.000000
V 204.940800 195.897600 80.000000 20.000000
V 295.956000 238.363200 90.000000 25.000000
V 241.106400 10.000080 80.000000 20.000000
V 286.761600 231.415200 90.000000 25.000000
V 197.107200 108.050400 90.000000 25.000000
V 40.000320 185.472000 80.000000 20.000000
V 117.597600 161.172000 90.000000 25.000000
V 236.289600 94.334400 80.000000 20.000000
V 282.441600 323.265600 90.000000 25.000000
V 221.947200 142.185600 90.000000 25.000000
V 259.876800 133.185600 90.000000 25.000000
V 255.787200 313.149600 90.000000 25.000000
V 134.438400 261.460800 90.000000 25.000000
V 163.915200 232.956000 90.000000 25.000000
V 117.590400 190.893600 90.000000 25.000000
V 166.291200 116.200800 90.000000 25.000000
V 340.329600 301.946400 90.000000 25.000000
V 360.972000 275.558400 90.000000 25.000000
V 191.023200 270.612000 90.000000 25.000000
V 353.505600 184.003200 90.000000 25.000000
V 370.418400 243.381600 90.000000 25.000000
V 312.501600 318.153600 90.000000 25.000000
E 0 6
E 1 5
E 1 7
E 1 9
E 2 5
E 2 7
E 2 9
E 3 6
E 4 6
E 4 11
E 5 6
E 5 14
E 5 17
E 5 22
E 5 23
E 5 25
E 5 26
E 5 27
E 6 7
E 6 9
E 6 10
E 6 12
E 6 13
E 6 15
E 6 16
E 6 18
E 6 19
E 6 20
E 6 21
E 6 24
E 7 14
E 7 17
E 7 22
E 7 23
E 7 25
E 7 26
E 7 27
E 8 13
E 9 14
E 9 17
E 9 22
E 9 23
E 9 25
E 9 26
E 9 27
E 11 12
E 11 20
G Hs_Retinol_metabolism_WP5188_20230214 24 25
V 113.882400 107.928000 147.619280 25.000000
V 367.552800 85.514400 90.000000 25.000000
V 542.347200 297.388800 68.468478 30.406928
V 136.224000 202.773600 90.000000 25.000000
V 430.495200 178.156800 136.481562 25.000000
V 207.187200 265.975200 55.312475 21.820314
V 267.760800 108.662400 90.000000 25.000000
V 658.872000 119.440800 90.000000 25.000000
V 412.466400 12.499920 90.000000 25.000000
V 348.213600 183.924000 123.759698 25.000000
V 498.772800 117.748800 164.434262 25.000000
V 472.068000 258.012000 90.000000 25.000000
V 552.499200 57.584880 90.000000 25.000000
V 580.975200 133.948800 90.000000 25.000000
V 486.468000 31.404240 90.000000 33.183435
V 188.964000 47.955600 53.900000 23.050000
V 190.303200 135.633600 90.000000 25.000000
V 110.498400 161.496000 220.750000 25.000000
V 252.172800 284.407200 57.491363 19.328988
V 256.183200 198.093600 151.250000 23.750000
V 356.040000 131.716800 90.000000 25.000000
V 143.899200 64.260720 169.156336 25.000000
V 356.443200 264.744000 336.000000 25.000000
V 476.323200 342.835200 326.000000 25.000000
E 0 16
E 1 8
E 1 9
E 2 11
E 3 16
E 4 9
E 4 10
E 4 11
E 4 20
E 5 19
E 6 16
E 6 20
E 7 13
E 8 14
E 9 19
E 9 22
E 10 12
E 10 13
E 10 14
E 11 23
E 15 16
E 16 17
E 16 19
E 16 21
E 18 19
G Hs_Rett_syndrome_WP4312_20240721 31 35
V 233.985600 386.589600 90.000000 25.000000
V 264.333600 526.291200 80.000000 20.000000
V 212.997600 10.000080 80.000000 20.000000
V 60.536160 524.570400 90.000000 25.000000
V 363.340800 662.191200 80.000000 20.000000
V 213.328800 87.264000 80.000000 20.000000
V 176.997600 420.040800 90.000000 25.000000
V 292.046400 449.899200 80.000000 20.000000
V 279.115200 635.313600 90.000000 25.000000
V 94.838400 389.786400 86.787146 19.822783
V 232.250400 569.491200 80.000000 20.000000
V 188.812800 721.728000 80.000000 20.000000
V 290.642400 230.184000 80.000000 23.651657
V 429.919200 707.702400 90.000000 25.000000
V 197.380800 640.742400 80.000000 20.000000
V 171.093600 336.052800 90.000000 25.000000
V 369.914400 316.922400 80.000000 25.000000
V 153.302400 38.244240 80.000000 20.000000
V 284.587200 314.906400 80.000000 25.000000
V 173.311200 799.920000 80.000000 20.000000
V 225.072000 476.942400 80.000000 20.000000
V 49.526640 712.108800 90.000000 25.000000
V 266.832000 149.644800 80.000000 20.000000
V 110.138400 655.041600 90.000000 25.000000
V 140.248800 494.733600 114.965011 26.327768
V 333.763200 97.444800 80.998464 27.923908
V 296.647200 707.522400 90.000000 20.000000
V 487.972800 757.008000 80.000000 20.000000
V 48.000240 602.985600 96.082264 25.521423
V 374.428800 208.152000 80.000000 23.651657
V 315.849600 483.480000 80.000000 20.000000
E 0 6
E 0 15
E 0 18
E 0 20
E 1 10
E 1 20
E 2 5
E 2 17
E 3 24
E 3 28
E 4 8
E 4 13
E 5 17
E 5 22
E 6 9
E 6 20
E 7 20
E 8 10
E 8 14
E 8 26
E 10 14
E 10 20
E 11 14
E 11 19
E 12 18
E 12 22
E 12 29
E 13 27
E 14 23
E 16 18
E 20 24
E 20 30
E 21 23
E 22 25
E 23 28
G Hs_Role_of_carnosine_in_muscle_contraction_WP4486_20210623 16 17
V 182.995200 253.274400 90.000000 25.000000
V 234.878400 400.759200 90.000000 25.000000
V 108.086400 12.499920 90.000000 25.000000
V 179.020800 340.430400 90.000000 25.000000
V 294.040800 209.116800 90.000000 25.000000
V 51.442560 220.485600 90.000000 25.000000
V 130.219200 182.865600 90.000000 25.000000
V 173.656800 120.168000 90.000000 25.000000
V 264.816000 270.900000 90.000000 25.000000
V 275.983200 128.851200 90.000000 34.500000
V 72.770400 130.010400 90.000000 25.000000
V 45.000000 171.216000 90.000000 25.000000
V 121.219200 91.598400 90.000000 25.000000
V 132.487200 407.275200 153.000000 25.000000
V 90.316800 249.242400 90.000000 25.000000
V 213.724800 189.208800 90.000000 25.000000
E 0 3
E 0 6
E 0 8
E 0 15
E 1 3
E 2 12
E 3 13
E 4 8
E 4 15
E 5 6
E 6 7
E 6 10
E 6 11
E 6 12
E 6 14
E 6 15
E 9 15
G Hs_Roles_of_ceramides_in_development_of_insulin_resistance_WP5181_20240723 20 22
V 318.679200 279.446400 54.333333 25.000000
V 270.324000 442.656000 64.000000 42.500000
V 273.002400 578.160000 96.916667 50.500000
V 163.562400 582.991200 57.500000 30.500000
V 325.072800 339.861600 108.000000 50.500000
V 162.878400 99.338400 100.000000 50.500000
V 39.499920 414.165600 79.333333 33.833333
V 348.883200 574.819200 94.250000 40.333333
V 120.232800 406.634400 75.000000 31.500000
V 214.819200 244.915200 104.000000 50.000000
V 339.559200 494.539200 96.916667 50.500000
V 141.984000 468.691200 172.560910 33.833333
V 395.467200 251.416800 196.910977 30.500000
V 186.912000 392.133600 74.666667 35.166667
V 216.144000 516.600000 96.916667 50.500000
V 158.652000 25.500240 87.166667 50.500000
V 183.528000 171.900000 104.166667 50.500000
V 208.972800 425.066400 120.666667 40.166667
V 248.457600 328.896000 106.000000 39.833333
V 182.923200 320.860800 176.542169 22.500000
E 0 12
E 0 18
E 1 10
E 1 13
E 1 17
E 2 7
E 2 14
E 3 14
E 4 18
E 5 15
E 5 16
E 6 8
E 7 10
E 8 13
E 8 17
E 9 16
E 9 18
E 11 17
E 13 19
E 14 17
E 17 18
E 18 19
G Hs_SARS-CoV-2_mitochondrial_chronic_oxidative_stress_and_endothelial_dysfunction_WP5183_20240723 39 52
V 873.864000 347.896800 575.977565 65.449810
V 490.032000 369.532800 215.646305 72.159540
V 791.352000 400.831200 152.536023 71.268289
V 746.064000 440.330400 167.088608 86.847641
V 761.328000 256.564800 238.314654 68.229628
V 553.068000 298.576800 260.459415 60.239859
V 484.185600 165.484800 331.621961 60.239859
V 609.415200 474.818400 450.502994 65.323227
V 641.541600 319.435200 215.646305 72.159540
V 528.436800 202.024800 260.459415 60.239859
V 844.776000 282.549600 331.895399 66.718979
V 291.211200 539.337600 215.646305 72.159540
V 408.067200 614.325600 215.646305 72.159540
V 888.408000 408.398400 112.698002 57.870983
V 786.744000 335.577600 123.968375 74.279838
V 258.364800 342.172800 205.905688 77.093993
V 524.160000 463.276800 215.646305 72.159540
V 839.736000 432.460800 113.253012 50.689164
V 339.919200 366.962400 249.838347 86.982943
V 429.804000 454.593600 215.646305 95.768253
V 750.960000 289.526400 268.477677 66.718979
V 570.952800 232.992000 215.646305 72.159540
V 829.800000 481.017600 160.283844 55.154381
V 922.320000 280.389600 221.337119 53.164557
V 377.164800 529.790400 226.312107 72.159540
V 848.016000 221.508000 215.646305 72.159540
V 875.664000 438.134400 116.034398 52.325528
V 855.144000 400.154400 100.539976 52.727273
V 721.728000 353.368800 260.459415 60.239859
V 669.952800 417.168000 557.692308 53.164557
V 496.447200 253.951200 334.837455 60.239859
V 525.945600 36.000000 215.646305 72.159540
V 428.688000 409.363200 244.508422 83.490684
V 354.002400 433.065600 708.495592 74.234834
V 457.797600 522.856800 285.462874 50.366481
V 349.423200 601.639200 215.646305 72.159540
V 544.586400 114.120000 215.646305 72.159540
V 222.278400 576.856800 233.371910 86.982943
V 441.136800 170.488800 215.646305 72.159540
E 0 10
E 0 13
E 0 14
E 0 17
E 0 23
E 0 26
E 0 27
E 1 5
E 1 19
E 2 13
E 2 17
E 2 26
E 2 27
E 2 28
E 3 22
E 3 28
E 4 25
E 4 28
E 5 8
E 5 9
E 5 21
E 5 30
E 6 9
E 6 30
E 6 38
E 7 16
E 7 29
E 8 28
E 9 21
E 9 36
E 9 38
E 10 20
E 11 24
E 11 37
E 12 24
E 13 22
E 14 28
E 15 18
E 16 32
E 17 22
E 18 32
E 19 24
E 19 32
E 19 33
E 19 34
E 20 28
E 22 26
E 22 27
E 23 25
E 24 35
E 28 29
E 31 36
G Hs_SHANK3_pathway_involved_in_Phelan-McDermid_syndrome_WP5566_20251104 28 33
V 55.539360 220.845600 67.666667 25.000000
V 365.428800 115.884000 90.000000 25.000000
V 480.715200 142.243200 90.000000 25.000000
V 429.588000 313.891200 90.000000 25.000000
V 391.802400 34.123680 59.666667 25.000000
V 251.186400 211.442400 78.714286 21.306723
V 397.166400 235.231200 90.000000 25.000000
V 394.668000 152.776800 90.000000 25.000000
V 296.647200 13.000320 62.263305 25.533613
V 392.407200 190.756800 90.000000 25.000000
V 136.288800 134.611200 57.000000 25.000000
V 57.000240 145.015200 114.446328 29.833333
V 474.948000 210.376800 90.000000 25.000000
V 336.873600 236.800800 90.000000 25.000000
V 361.785600 269.460000 90.000000 25.000000
V 313.048800 186.602400 382.666667 30.666667
V 291.960000 287.323200 76.064426 23.964986
V 205.646400 185.500800 90.000000 25.000000
V 252.057600 161.856000 90.000000 25.000000
V 251.337600 249.976800 90.000000 25.000000
V 286.747200 94.017600 90.000000 24.404762
V 253.764000 125.208000 90.000000 25.000000
V 134.445600 233.913600 53.000000 25.000000
V 332.661600 88.740000 90.000000 25.000000
V 292.651200 250.200000 90.000000 25.000000
V 309.650400 134.870400 90.000000 25.000000
V 479.440800 373.953600 90.000000 25.000000
V 268.711200 368.006400 90.000000 25.000000
E 0 11
E 0 22
E 1 4
E 1 15
E 2 7
E 2 12
E 3 6
E 3 14
E 3 26
E 4 23
E 5 15
E 6 12
E 6 15
E 7 15
E 8 20
E 8 23
E 9 12
E 9 15
E 10 11
E 10 17
E 13 15
E 14 15
E 15 16
E 15 17
E 15 18
E 15 19
E 15 20
E 15 21
E 15 23
E 15 24
E 15 25
E 16 27
E 17 22
G Hs_SOX_genes_and_their_influence_on_neurogenesis_and_neurodevelopmental_disorders_WP5568_20250814 24 32
V 409.881600 158.040000 90.000000 25.000000
V 315.158400 353.599200 164.250000 25.000000
V 377.971200 329.450400 90.000000 25.000000
V 363.542400 71.472240 90.000000 25.383554
V 430.207200 87.768000 90.000000 25.000000
V 338.421600 271.346400 272.250000 25.000000
V 165.607200 182.160000 90.000000 25.000000
V 490.233600 142.149600 90.000000 25.000000
V 283.298400 264.492000 90.000000 25.000000
V 394.070400 79.675200 90.000000 25.000000
V 421.149600 12.499920 154.464082 25.000000
V 344.656800 120.398400 115.000000 25.000000
V 503.769600 184.572000 195.000000 25.000000
V 410.198400 328.219200 90.000000 25.000000
V 376.120800 242.985600 94.583333 25.000000
V 470.030400 82.044000 90.000000 25.000000
V 538.891200 38.083680 90.000000 25.000000
V 114.998400 236.707200 230.083333 25.000000
V 324.576000 192.549600 90.000000 25.000000
V 190.360800 250.524000 90.000000 25.000000
V 462.859200 192.412800 123.000000 25.000000
V 240.134400 184.960800 95.368642 25.000000
V 222.717600 285.940800 90.000000 25.000000
V 468.374400 227.433600 123.000000 25.000000
E 0 3
E 0 4
E 0 7
E 0 9
E 0 11
E 0 12
E 0 14
E 0 15
E 0 18
E 0 20
E 0 23
E 1 2
E 1 8
E 1 13
E 2 14
E 3 10
E 4 10
E 5 18
E 6 17
E 6 19
E 6 21
E 8 14
E 8 18
E 8 19
E 8 22
E 9 10
E 10 15
E 13 14
E 15 16
E 17 19
E 18 21
E 21 22
G Hs_SRF_and_miRs_in_smooth_muscle_differentiation_and_proliferation_WP1991_20210522 19 23
V 131.320800 93.225600 80.000000 20.000000
V 188.251200 265.507200 80.000000 20.000000
V 320.025600 21.545280 66.549018 20.000000
V 286.358400 265.701600 80.000000 20.000000
V 314.712000 223.329600 80.000000 20.000000
V 321.883200 155.044800 80.000000 20.000000
V 406.036800 10.000080 80.000000 20.000000
V 456.069600 60.197760 80.000000 20.000000
V 169.185600 163.584000 80.000000 20.000000
V 377.064000 86.846400 96.051526 20.000000
V 110.131200 289.281600 171.578947 20.000000
V 40.000320 319.276800 80.000000 20.000000
V 363.492000 244.166400 80.000000 20.000000
V 441.050400 142.452000 80.000000 20.000000
V 243.662400 193.420800 80.000000 20.000000
V 240.739200 33.807600 66.549018 20.000000
V 407.779200 215.013600 80.000000 20.000000
V 209.541600 111.153600 80.000000 20.000000
V 196.315200 350.006400 192.450091 20.000000
E 0 8
E 0 17
E 1 10
E 1 14
E 1 18
E 2 9
E 2 15
E 3 4
E 3 12
E 3 14
E 4 14
E 4 16
E 5 9
E 5 12
E 5 14
E 6 9
E 7 9
E 8 14
E 9 13
E 10 11
E 13 16
E 14 17
E 15 17
G Hs_STING_pathway_in_Kawasaki-like_disease_and_COVID-19_WP4961_20250311 15 14
V 93.052800 283.046400 90.000000 20.000000
V 510.652800 276.436800 60.000000 20.000000
V 410.601600 90.496800 60.000000 20.000000
V 30.000240 320.392800 60.000000 20.000000
V 441.525600 228.967200 60.000000 20.000000
V 381.319200 165.520800 60.000000 20.000000
V 327.470400 10.000080 60.000000 20.000000
V 234.468000 234.554400 99.000000 20.000000
V 162.691200 257.889600 60.000000 20.000000
V 307.332000 205.538400 60.000000 20.000000
V 451.123200 130.226400 90.000000 20.000000
V 339.148800 90.244800 60.000000 20.000000
V 586.101600 238.593600 210.000000 40.000000
V 573.300000 324.000000 60.000000 20.000000
V 494.532000 357.969600 79.000000 20.000000
E 0 3
E 0 8
E 1 4
E 1 12
E 1 13
E 1 14
E 2 5
E 4 5
E 5 9
E 5 10
E 5 11
E 6 11
E 7 8
E 7 9
G Hs_Serine_metabolism_WP4688_20250819 31 32
V 170.805600 259.308000 126.900000 25.000000
V 294.120000 322.963200 111.000000 25.000000
V 496.764000 414.446400 73.000000 25.000000
V 112.010400 148.262400 57.000000 25.000000
V 376.869600 374.457600 214.610866 25.000000
V 153.993600 446.119200 51.000000 25.000000
V 521.704800 274.262400 101.000000 25.000000
V 452.736000 329.608800 167.222222 25.000000
V 171.784800 203.997600 58.000000 25.000000
V 200.080800 12.499920 66.000000 25.000000
V 115.329600 33.101280 74.250000 25.000000
V 189.187200 287.272800 64.000000 25.000000
V 542.944800 333.201600 44.000000 25.000000
V 486.165600 507.427200 90.000000 25.000000
V 350.272800 450.280800 101.000000 25.000000
V 275.911200 167.666400 43.000000 25.000000
V 318.506400 166.276800 98.000000 25.000000
V 452.390400 359.827200 62.000000 22.500000
V 218.556000 155.851200 98.000000 25.000000
V 248.306400 364.816800 101.000000 25.000000
V 328.269600 424.238400 101.000000 25.000000
V 168.148800 90.511200 98.000000 25.000000
V 551.174400 550.828800 90.000000 25.000000
V 379.872000 620.690400 98.000000 25.000000
V 394.012800 541.735200 90.000000 25.000000
V 249.847200 237.081600 96.000000 32.000000
V 314.258400 207.043200 64.000000 25.000000
V 422.928000 456.256800 214.610866 25.000000
V 31.000320 148.636800 62.000000 25.000000
V 347.882400 281.656800 101.000000 25.000000
V 218.649600 391.996800 64.000000 25.000000
E 0 25
E 1 4
E 1 19
E 1 25
E 1 29
E 1 30
E 2 7
E 2 27
E 3 8
E 3 21
E 3 28
E 4 7
E 4 14
E 4 17
E 4 20
E 4 27
E 5 30
E 6 7
E 8 25
E 9 21
E 10 21
E 11 25
E 12 17
E 13 22
E 13 27
E 15 25
E 16 25
E 18 21
E 18 25
E 23 24
E 24 27
E 25 26
G Hs_Serotonin_receptor_4-6-7_and_NR3C_signaling_WP734_20250304 24 39
V 246.434400 201.484800 80.000000 20.000000
V 480.945600 220.046400 80.000000 20.000000
V 86.716800 51.240240 80.000000 20.000000
V 189.194400 150.379200 80.000000 20.000000
V 386.121600 462.448800 80.000000 20.000000
V 459.043200 466.452000 80.000000 20.000000
V 304.423200 417.729600 80.000000 20.000000
V 129.888000 10.000080 80.000000 20.000000
V 132.609600 97.704000 80.000000 20.000000
V 328.953600 325.490400 80.000000 20.000000
V 504.252000 288.417600 80.000000 20.000000
V 40.000320 13.312080 80.000000 20.000000
V 468.108000 372.045600 80.000000 20.000000
V 307.728000 343.670400 80.000000 20.000000
V 466.257600 346.248000 80.000000 20.000000
V 526.536000 309.232800 80.000000 20.000000
V 412.869600 307.447200 80.000000 20.000000
V 394.682400 348.933600 80.000000 20.000000
V 247.564800 474.386400 80.000000 20.000000
V 310.255200 250.488000 80.000000 20.000000
V 390.679200 197.964000 80.000000 20.000000
V 384.703200 384.660000 80.000000 20.000000
V 480.088800 433.209600 80.000000 20.000000
V 45.570960 102.016800 80.000000 20.000000
E 0 3
E 0 19
E 1 10
E 1 15
E 1 20
E 2 8
E 2 11
E 3 8
E 4 5
E 4 6
E 4 21
E 4 22
E 5 12
E 6 9
E 6 13
E 6 18
E 7 8
E 7 11
E 8 23
E 9 16
E 9 19
E 9 21
E 10 12
E 10 14
E 11 23
E 12 15
E 12 16
E 12 17
E 12 21
E 12 22
E 13 17
E 13 19
E 13 21
E 14 15
E 14 16
E 14 17
E 14 21
E 14 22
E 19 20
G Hs_Sildenafil_treatment_WP5294_20250903 21 21
V 362.685600 231.084000 59.619883 25.000000
V 455.313600 76.161600 90.000000 25.000000
V 351.648000 71.184960 90.000000 25.000000
V 282.045600 353.772000 65.272742 44.628829
V 503.208000 12.499920 90.000000 25.000000
V 267.019200 35.843760 90.000000 25.000000
V 146.988000 150.328800 90.000000 32.527990
V 121.701600 278.107200 144.755332 25.000000
V 184.320000 69.539760 68.147632 33.875694
V 435.254400 251.380800 34.806694 19.508242
V 408.931200 145.360800 90.000000 25.000000
V 324.115200 179.841600 60.000000 25.000000
V 273.319200 266.637600 80.000000 25.000000
V 574.905600 168.314400 80.000000 25.000000
V 67.000320 135.792000 133.513398 33.875694
V 418.420800 298.173600 50.847953 25.000000
V 286.754400 109.951200 60.000000 25.000000
V 229.298400 333.396000 98.775115 29.755199
V 494.755200 158.342400 80.000000 25.000000
V 189.115200 229.017600 118.412321 25.000000
V 371.052000 308.527200 121.904975 39.982823
E 0 9
E 0 10
E 0 11
E 0 12
E 0 15
E 0 20
E 1 4
E 1 10
E 2 5
E 2 10
E 3 12
E 5 8
E 6 8
E 6 14
E 6 19
E 7 19
E 10 18
E 11 16
E 12 17
E 12 19
E 13 18
G Hs_Sodium_channel_in_epilepsy_WP5598_20260210 18 19
V 231.393600 130.442400 78.495532 29.860104
V 330.328800 137.268000 71.363636 21.590909
V 326.930400 90.108000 90.000000 25.000000
V 365.133600 335.505600 90.000000 25.000000
V 451.908000 112.824000 90.000000 25.000000
V 45.000000 122.047200 90.000000 25.000000
V 192.002400 184.464000 90.000000 25.000000
V 362.296800 206.935200 109.575646 24.800123
V 386.668800 407.700000 129.971458 25.744127
V 259.156800 95.536800 90.000000 25.000000
V 118.144800 143.870400 90.000000 25.000000
V 374.875200 136.641600 90.000000 25.000000
V 333.993600 260.503200 90.000000 25.000000
V 138.326400 251.049600 90.000000 25.000000
V 279.309600 250.164000 99.029417 27.318157
V 344.116800 12.499920 90.000000 25.000000
V 289.411200 175.708800 78.495532 29.860104
V 240.732000 229.629600 99.029417 27.318157
E 0 16
E 1 2
E 1 16
E 2 11
E 2 15
E 2 16
E 3 8
E 3 12
E 4 11
E 5 10
E 6 10
E 6 13
E 6 16
E 7 16
E 9 16
E 11 16
E 12 16
E 14 16
E 16 17
G Hs_Sphingolipid_metabolism_in_senescence_WP5121_20231128 33 41
V 239.104800 483.307200 90.000000 25.000000
V 229.305600 337.269600 197.777778 25.000000
V 265.903200 93.916800 194.155722 25.000000
V 168.948000 478.785600 87.064516 25.000000
V 478.684800 296.964000 139.143731 25.000000
V 198.115200 45.781920 233.000000 30.004564
V 150.998400 377.157600 160.740741 25.000000
V 95.644800 316.224000 90.000000 25.000000
V 95.054400 509.234400 83.000000 25.000000
V 383.522400 115.689600 90.000000 25.000000
V 315.907200 166.903200 179.000000 25.000000
V 391.903200 322.063200 184.143731 25.000000
V 465.580800 344.858400 139.801223 25.000000
V 310.068000 358.581600 162.000000 25.000000
V 437.500800 56.051280 190.263981 30.004564
V 449.064000 467.618400 90.000000 25.000000
V 299.692800 256.579200 161.000000 16.500000
V 291.492000 530.928000 94.260902 25.000000
V 287.280000 436.701600 90.000000 25.000000
V 345.146400 497.548800 165.477306 25.000000
V 70.986960 364.773600 90.000000 25.000000
V 384.753600 376.394400 187.201835 25.000000
V 472.550400 403.768800 244.000000 25.000000
V 505.476000 525.621600 90.000000 25.000000
V 367.848000 427.975200 136.743119 25.000000
V 196.992000 429.091200 162.283951 25.000000
V 84.643200 437.587200 90.000000 25.000000
V 235.411200 214.941600 90.000000 25.000000
V 283.204800 14.999760 254.292677 30.004564
V 229.003200 397.922400 90.000000 25.000000
V 45.000000 567.705600 90.000000 25.000000
V 320.846400 305.906400 121.412583 25.000000
V 542.894400 359.784000 90.000000 25.000000
E 0 18
E 0 29
E 1 6
E 1 13
E 2 5
E 2 10
E 2 28
E 3 8
E 3 29
E 4 11
E 4 32
E 6 7
E 6 20
E 6 25
E 6 26
E 6 29
E 8 26
E 8 30
E 9 10
E 9 14
E 10 16
E 11 12
E 11 13
E 12 22
E 13 16
E 13 18
E 13 21
E 13 24
E 13 29
E 13 31
E 15 22
E 15 23
E 15 24
E 16 27
E 17 18
E 18 19
E 18 25
E 19 24
E 21 22
E 22 32
E 25 29
G Hs_Sphingolipid_metabolism_overview_WP4725_20250708 30 35
V 168.242400 297.172800 59.736842 25.000000
V 241.279200 355.975200 117.500000 46.500000
V 264.902400 151.516800 82.500000 20.000000
V 214.034400 315.496800 59.736842 25.000000
V 129.967200 78.480000 160.666667 31.833333
V 299.721600 18.982800 73.136428 25.000000
V 278.748000 430.207200 98.500000 34.500000
V 401.457600 196.963200 117.500000 28.500000
V 80.964000 12.499920 110.000000 25.000000
V 80.992800 150.516000 90.000000 25.000000
V 372.304800 50.405760 117.500000 28.500000
V 305.388000 100.980000 117.500000 28.500000
V 303.984000 152.172000 64.500000 23.880597
V 297.309600 505.447200 60.000000 33.500000
V 306.360000 203.716800 117.500000 28.500000
V 384.501600 240.861600 117.500000 28.500000
V 346.276800 151.178400 64.500000 20.000000
V 319.982400 267.472800 87.997022 28.500000
V 45.000000 238.204800 90.000000 25.000000
V 264.758400 35.948880 87.997022 28.500000
V 183.369600 419.313600 102.500000 23.833333
V 339.840000 27.158400 87.997022 28.500000
V 360.691200 268.574400 87.997022 28.500000
V 399.348000 94.219200 117.500000 28.500000
V 224.337600 254.592000 160.666667 28.500000
V 129.427200 225.792000 160.666667 31.833333
V 111.513600 151.732800 151.000000 25.000000
V 68.279040 286.797600 54.473684 25.000000
V 215.308800 75.211200 160.666667 25.000000
V 459.950400 143.539200 79.500000 21.500000
E 0 24
E 1 6
E 1 20
E 1 24
E 2 11
E 2 14
E 3 24
E 4 8
E 4 9
E 4 26
E 4 28
E 5 11
E 6 13
E 7 14
E 7 29
E 9 25
E 10 11
E 11 12
E 11 14
E 11 16
E 11 19
E 11 21
E 11 23
E 11 28
E 12 14
E 14 15
E 14 16
E 14 17
E 14 22
E 14 24
E 18 25
E 23 29
E 24 25
E 25 26
E 25 27
G Hs_Statin_inhibition_of_cholesterol_production_WP430_20250303 36 38
V 109.872000 633.110400 68.333333 19.000000
V 274.759200 364.644000 93.333333 19.000000
V 210.384000 292.658400 67.000000 20.000000
V 207.612000 790.992000 60.000000 20.000000
V 396.460800 671.277600 60.000000 20.000000
V 30.000240 653.544000 60.000000 20.000000
V 238.248000 518.724000 40.000000 20.000000
V 279.079200 303.321600 50.499975 20.000000
V 187.790400 555.393600 60.000000 20.000000
V 350.272800 296.575200 100.000000 20.000000
V 95.760000 10.000080 45.000000 20.000000
V 139.428000 155.865600 65.000000 20.000000
V 245.246400 697.478400 60.000000 20.000000
V 476.618400 450.324000 60.000000 20.000000
V 322.617600 505.785600 32.016667 20.000000
V 421.279200 252.871200 100.000000 20.000000
V 332.632800 612.662400 80.000000 20.000000
V 115.768800 762.192000 68.333333 19.000000
V 299.743200 427.615200 32.016667 20.000000
V 199.641600 628.740000 68.333333 19.000000
V 142.012800 514.058400 60.000000 20.000000
V 138.067200 243.360000 68.000000 20.000000
V 262.576800 553.161600 32.016667 20.000000
V 248.198400 216.309600 43.000000 20.000000
V 387.684000 558.604800 60.000000 20.000000
V 359.726400 380.376000 32.016667 20.000000
V 335.210400 330.019200 60.000000 20.000000
V 54.300240 267.544800 104.982221 30.000000
V 202.464000 363.312000 69.166667 19.000000
V 177.091200 710.668800 68.333333 19.000000
V 407.368800 523.677600 60.000000 20.000000
V 68.492880 213.422400 50.752254 20.000000
V 241.315200 452.455200 32.016667 20.000000
V 388.310400 453.045600 32.016667 20.000000
V 281.980800 610.516800 60.000000 20.000000
V 120.801600 79.999200 60.000000 20.000000
E 0 5
E 0 19
E 1 2
E 1 7
E 1 9
E 1 18
E 1 25
E 1 26
E 1 28
E 1 32
E 2 21
E 2 23
E 3 29
E 4 16
E 6 14
E 6 20
E 6 22
E 8 22
E 9 15
E 10 35
E 11 21
E 11 35
E 12 19
E 13 33
E 14 18
E 14 22
E 14 24
E 14 30
E 14 33
E 16 22
E 17 29
E 19 22
E 19 29
E 21 27
E 21 31
E 22 32
E 22 34
E 25 33
G Hs_Steroid_biosynthesis_WP496_20250304 22 25
V 94.435200 205.617600 120.000000 20.000000
V 249.847200 192.729600 147.000000 20.000000
V 209.635200 37.854000 73.333333 19.000000
V 223.185600 349.862400 90.000000 19.000000
V 210.456000 119.404800 90.000000 20.000000
V 59.999760 69.076800 120.000000 20.000000
V 97.869600 26.537760 100.000000 20.000000
V 293.911200 226.058400 166.666667 20.000000
V 153.468000 10.000080 60.000000 20.000000
V 138.967200 94.932000 90.000000 19.000000
V 219.312000 432.201600 60.000000 20.000000
V 156.060000 406.022400 190.000000 20.000000
V 407.361600 338.040000 60.000000 20.000000
V 278.460000 277.452000 169.000000 20.000000
V 54.423360 118.720800 60.000000 20.000000
V 247.701600 106.437600 65.333333 19.000000
V 323.517600 344.980800 90.000000 19.000000
V 203.724000 262.483200 165.000000 20.000000
V 279.280800 353.001600 155.333333 20.000000
V 126.540000 299.822400 180.000000 20.000000
V 363.852000 417.038400 90.000000 19.000000
V 174.693600 177.069600 100.000000 19.000000
E 0 21
E 1 4
E 1 13
E 1 21
E 2 9
E 2 15
E 3 10
E 3 11
E 3 16
E 3 17
E 4 9
E 5 9
E 6 9
E 7 17
E 8 9
E 9 14
E 9 21
E 12 16
E 13 16
E 13 17
E 13 18
E 15 21
E 16 20
E 17 19
E 17 21
G Hs_Steroid_hormone_precursor_biosynthesis_WP5277_20240212 30 32
V 528.998400 572.299200 127.773854 35.000000
V 438.552000 325.101600 172.310830 25.000000
V 544.118400 270.662400 90.000000 25.000000
V 118.742400 374.140800 90.000000 25.000000
V 532.569600 329.364000 90.000000 25.000000
V 534.420000 397.735200 90.000000 25.000000
V 145.706400 265.579200 90.000000 25.000000
V 660.636000 452.196000 127.773854 35.000000
V 586.490400 154.267200 258.030184 25.000000
V 335.721600 254.412000 90.000000 25.000000
V 580.456800 239.680800 210.980124 25.000000
V 610.790400 80.539200 90.000000 25.000000
V 641.829600 12.499920 210.980124 25.000000
V 373.932000 492.674400 90.000000 25.000000
V 238.788000 446.860800 90.000000 25.000000
V 661.572000 239.716800 90.000000 25.000000
V 45.000000 389.721600 90.000000 25.000000
V 596.008800 398.512800 210.980124 25.000000
V 488.016000 289.490400 210.980124 25.000000
V 271.144800 370.670400 210.980124 32.507032
V 497.995200 248.018400 90.000000 25.000000
V 190.540800 337.003200 172.310830 25.000000
V 482.968800 406.166400 210.980124 25.000000
V 506.484000 494.215200 210.980124 25.000000
V 399.146400 413.128800 210.980124 25.000000
V 355.881600 343.188000 90.000000 25.000000
V 622.771200 310.341600 210.980124 25.000000
V 590.040000 352.641600 90.000000 25.000000
V 307.310400 291.902400 90.000000 25.000000
V 704.930400 334.656000 210.980124 25.000000
E 0 23
E 1 4
E 1 25
E 2 4
E 3 16
E 3 21
E 4 5
E 4 10
E 4 17
E 4 18
E 4 20
E 4 22
E 4 26
E 4 27
E 5 22
E 6 21
E 7 17
E 8 10
E 8 11
E 9 25
E 10 15
E 11 12
E 13 24
E 14 19
E 15 26
E 19 21
E 19 25
E 22 23
E 22 24
E 24 25
E 25 28
E 26 29
G Hs_Steroidogenic_pathway_WP4463_20241009 32 34
V 332.013600 234.957600 101.000000 25.000000
V 238.953600 135.676800 80.000000 25.000000
V 533.635200 458.762400 90.000000 25.000000
V 573.508800 220.924800 90.000000 25.000000
V 736.776000 217.814400 46.157407 25.000000
V 504.828000 278.971200 90.000000 25.000000
V 422.352000 234.453600 106.000000 25.000000
V 581.248800 152.661600 71.736494 25.000000
V 392.040000 157.773600 106.000000 25.000000
V 312.854400 164.491200 69.648291 25.000000
V 319.183200 108.734400 88.000000 25.000000
V 180.727200 173.318400 79.064257 25.000000
V 585.496800 521.467200 90.000000 25.000000
V 493.221600 181.771200 90.000000 25.000000
V 483.703200 337.824000 73.371555 25.000000
V 243.475200 227.232000 80.000000 25.000000
V 657.302400 179.402400 90.000000 25.000000
V 623.527200 275.594400 68.371555 25.000000
V 21.499920 298.778400 42.685185 25.000000
V 528.220800 373.140000 90.000000 25.000000
V 166.939200 257.601600 46.157407 25.000000
V 672.372000 86.644800 74.052922 25.000000
V 223.797600 307.425600 65.648291 25.000000
V 891.792000 219.650400 42.685185 25.000000
V 483.847200 524.246400 68.072767 25.000000
V 705.837600 12.499920 62.661521 25.000000
V 714.974400 141.120000 69.371555 25.000000
V 391.903200 304.236000 74.371555 25.000000
V 816.264000 224.128800 46.157407 25.000000
V 610.495200 594.777600 68.072767 25.000000
V 490.075200 93.571200 69.736494 25.000000
V 93.096000 280.807200 46.157407 25.000000
E 0 6
E 0 9
E 0 15
E 1 10
E 1 15
E 2 12
E 2 19
E 2 24
E 3 5
E 3 7
E 3 13
E 3 16
E 3 17
E 4 16
E 4 28
E 5 6
E 5 14
E 5 19
E 6 8
E 6 13
E 6 27
E 8 10
E 9 10
E 11 15
E 12 29
E 13 30
E 15 20
E 15 22
E 16 21
E 16 26
E 18 31
E 20 31
E 21 25
E 23 28
G Hs_Sterol_regulatory_element-binding_proteins_(SREBP)_signaling_WP1982_20250306 28 31
V 448.754400 331.020000 80.000000 20.000000
V 164.685600 83.656800 80.000000 20.000000
V 158.889600 239.270400 80.000000 20.000000
V 193.348800 159.652800 80.000000 20.000000
V 398.786400 549.561600 80.000000 20.000000
V 118.490400 427.442400 80.000000 20.000000
V 136.519200 380.246400 86.927429 20.000000
V 452.246400 499.428000 80.000000 20.000000
V 303.688800 260.928000 80.000000 20.000000
V 198.900000 10.000080 80.000000 20.000000
V 172.317600 369.511200 68.991892 18.248175
V 94.190400 44.413200 80.000000 20.000000
V 206.604000 506.808000 80.000000 20.000000
V 278.164800 177.703200 80.000000 20.016953
V 292.572000 306.014400 80.000000 20.000000
V 383.400000 385.005600 80.000000 20.000000
V 464.004000 389.844000 80.000000 20.000000
V 173.217600 581.947200 58.797655 13.642024
V 190.195200 470.635200 80.000000 20.000000
V 217.706400 408.657600 80.000000 20.000000
V 207.777600 318.628800 80.000000 20.000000
V 40.000320 450.820800 80.000000 20.000000
V 249.321600 468.626400 80.000000 20.000000
V 297.259200 449.416800 80.000000 20.000000
V 235.764000 259.092000 80.000000 20.000000
V 377.467200 467.884800 130.700000 17.300000
V 295.999200 361.512000 96.000000 20.000000
V 154.886400 452.030400 86.927429 20.000000
E 0 15
E 1 3
E 1 9
E 1 11
E 2 3
E 2 20
E 3 13
E 4 25
E 5 19
E 5 21
E 6 19
E 7 25
E 8 13
E 8 24
E 8 26
E 10 19
E 12 17
E 12 19
E 14 20
E 14 26
E 15 16
E 15 25
E 15 26
E 18 19
E 19 20
E 19 22
E 19 23
E 19 26
E 19 27
E 20 24
E 23 25
G Hs_Sulfatase_and_aromatase_pathway_WP5368_20240722 34 33
V 299.368800 313.740000 161.000000 25.000000
V 573.170400 144.100800 90.000000 25.000000
V 465.710400 219.052800 161.000000 25.000000
V 461.916000 282.988800 90.000000 25.000000
V 332.366400 393.062400 90.000000 25.000000
V 422.150400 79.833600 90.000000 25.000000
V 140.133600 309.722400 90.000000 25.000000
V 533.829600 214.408800 90.000000 25.000000
V 128.282400 243.532800 161.000000 25.000000
V 80.503200 175.773600 161.000000 25.000000
V 610.250400 335.268000 90.000000 25.000000
V 148.190400 359.791200 90.000000 25.000000
V 589.737600 90.302400 161.000000 25.000000
V 382.406400 280.180800 166.140234 25.000000
V 499.788000 299.894400 108.500000 25.000000
V 624.340800 12.499920 90.000000 25.000000
V 672.710400 97.862400 161.000000 25.000000
V 207.036000 296.755200 161.000000 25.000000
V 46.301760 262.159200 90.000000 25.000000
V 409.312800 219.981600 90.000000 25.000000
V 473.104800 48.175200 90.000000 25.000000
V 392.292000 175.896000 90.000000 25.000000
V 518.659200 254.656800 90.000000 25.000000
V 495.648000 122.176800 161.000000 25.000000
V 299.743200 413.582400 138.000000 25.000000
V 540.784800 76.615200 90.000000 25.000000
V 183.146400 385.574400 90.000000 25.000000
V 432.165600 169.207200 90.000000 25.000000
V 510.199200 37.631520 90.000000 25.000000
V 189.482400 222.343200 90.000000 25.000000
V 551.145600 277.214400 161.000000 25.000000
V 417.808800 365.148000 90.000000 25.000000
V 436.161600 43.642800 90.000000 25.000000
V 271.728000 371.894400 138.000000 25.000000
E 0 4
E 0 13
E 0 17
E 0 24
E 0 33
E 1 23
E 2 3
E 2 7
E 2 13
E 2 14
E 2 19
E 2 21
E 2 22
E 2 23
E 2 27
E 2 30
E 5 23
E 6 17
E 8 9
E 8 17
E 8 18
E 10 30
E 11 17
E 12 15
E 12 16
E 12 23
E 13 31
E 17 26
E 17 29
E 20 23
E 23 25
E 23 28
E 23 32
G Hs_T-cell_activation_SARS-CoV-2_WP5098_20260617 24 24
V 127.008000 250.660800 60.000000 20.000000
V 768.960000 385.228800 63.121329 20.000000
V 85.298400 63.174960 61.522977 20.000000
V 326.671200 261.540000 36.759542 20.000000
V 408.679200 258.703200 60.000000 20.000000
V 215.863200 370.425600 60.000000 20.000000
V 289.317600 338.241600 36.759542 20.000000
V 508.212000 166.716000 61.522977 20.000000
V 48.381120 271.130400 70.422383 20.000000
V 696.398400 360.950400 60.000000 20.000000
V 184.788000 27.527760 66.999983 20.000000
V 489.852000 249.163200 60.000000 20.000000
V 910.728000 377.064000 60.000000 20.000000
V 616.104000 215.964000 60.000000 20.000000
V 183.571200 183.319200 60.000000 20.000000
V 616.219200 351.144000 61.522977 20.000000
V 566.035200 283.615200 60.000000 20.000000
V 31.000320 10.000080 61.522977 20.000000
V 840.816000 415.202400 61.522977 20.000000
V 146.282400 330.422400 60.000000 20.000000
V 266.608800 202.197600 60.000000 20.000000
V 155.239200 103.125600 80.615363 20.000000
V 867.600000 490.442400 60.000000 20.000000
V 597.528000 430.956000 71.271583 20.000000
E 0 8
E 0 14
E 0 19
E 1 9
E 1 18
E 2 17
E 2 21
E 3 4
E 3 6
E 3 20
E 4 11
E 5 6
E 5 19
E 7 11
E 9 15
E 10 21
E 11 16
E 12 18
E 13 16
E 14 20
E 14 21
E 15 16
E 15 23
E 18 22
G Hs_T-cell_antigen_receptor_(TCR)_pathway_during_Staphylococcus_aureus_infection_WP3863_20240118 28 31
V 376.603200 176.695200 80.000000 20.000000
V 348.415200 89.661600 80.000000 20.000000
V 40.000320 750.456000 80.000000 20.000000
V 273.427200 373.809600 80.000000 20.000000
V 183.348000 583.948800 80.000000 20.000000
V 472.363200 113.536800 80.000000 20.000000
V 199.029600 276.069600 80.000000 20.000000
V 477.194400 285.422400 80.000000 20.000000
V 472.464000 30.080160 80.000000 20.000000
V 603.223200 180.727200 80.000000 20.000000
V 320.061600 10.000080 80.000000 20.000000
V 218.800800 518.176800 80.000000 20.000000
V 379.706400 262.447200 80.000000 20.000000
V 285.033600 291.952800 80.000000 20.000000
V 350.683200 227.592000 80.000000 20.000000
V 443.476800 201.535200 80.000000 20.000000
V 516.160800 234.000000 80.000000 20.000000
V 120.535200 255.139200 80.000000 20.000000
V 141.818400 645.206400 80.000000 20.000000
V 94.168800 701.251200 80.000000 20.000000
V 541.944000 65.009520 80.000000 20.000000
V 219.045600 104.407200 80.000000 20.000000
V 600.501600 248.119200 80.000000 20.000000
V 248.839200 448.344000 80.000000 20.000000
V 299.268000 227.786400 80.000000 20.000000
V 517.579200 181.080000 80.000000 20.000000
V 533.692800 349.689600 80.000000 20.000000
V 283.104000 161.085600 80.000000 20.000000
E 0 1
E 0 12
E 0 15
E 0 24
E 1 10
E 2 19
E 3 13
E 3 23
E 4 11
E 4 18
E 5 8
E 5 15
E 5 20
E 6 13
E 6 17
E 7 15
E 7 26
E 9 22
E 9 25
E 11 23
E 12 14
E 13 14
E 13 24
E 14 15
E 14 27
E 15 16
E 15 25
E 16 22
E 16 25
E 18 19
E 21 27
G Hs_TCA_cycle_in_senescence_WP5050_20230118 19 20
V 166.060800 12.499920 42.000000 25.000000
V 334.476000 262.980000 55.750000 25.000000
V 115.344000 405.633600 124.129457 36.749350
V 334.936800 452.462400 126.033750 25.000000
V 45.000000 443.527200 90.000000 25.000000
V 276.559200 320.284800 90.000000 25.000000
V 191.520000 447.818400 82.012165 35.187081
V 348.069600 117.676800 90.000000 25.000000
V 295.020000 74.246400 90.000000 25.000000
V 327.067200 217.180800 90.000000 25.000000
V 268.264800 404.776800 70.525631 34.196787
V 171.979200 271.627200 90.000000 25.000000
V 252.972000 236.966400 90.000000 25.000000
V 187.984800 527.522400 90.000000 25.000000
V 142.459200 339.969600 90.000000 25.000000
V 204.717600 80.589600 90.000000 25.000000
V 263.952000 145.108800 90.000000 25.000000
V 99.734400 317.052000 90.000000 25.000000
V 190.303200 195.285600 47.000000 25.000000
E 0 15
E 1 12
E 2 4
E 2 6
E 2 14
E 2 17
E 3 10
E 5 10
E 5 12
E 6 10
E 6 13
E 7 16
E 8 16
E 9 12
E 11 12
E 11 14
E 11 17
E 12 16
E 12 18
E 15 16
G Hs_TNF-alpha_signaling_WP231_20250306 39 41
V 687.326400 637.675200 62.000000 20.000000
V 770.472000 653.515200 56.500000 20.000000
V 169.581600 10.000080 33.000000 20.000000
V 370.137600 463.644000 47.780399 20.000000
V 624.952800 442.864800 36.500000 20.000000
V 348.314400 349.999200 66.000000 20.000000
V 251.409600 144.403200 56.000000 20.000000
V 502.668000 555.422400 74.000000 20.000000
V 727.128000 501.955200 38.000000 20.000000
V 379.843200 274.780800 52.500000 20.000000
V 459.122400 325.036800 64.428312 20.000000
V 176.644800 371.642400 55.500000 20.000000
V 156.859200 451.404000 59.000000 20.000000
V 197.942400 81.259200 33.500000 20.000000
V 30.000240 446.709600 59.500000 20.000000
V 805.248000 472.140000 40.000000 20.000000
V 99.856800 409.392000 64.500000 20.000000
V 461.289600 634.903200 40.000000 20.000000
V 247.881600 231.919200 57.500000 20.000000
V 646.236000 721.152000 37.000000 20.000000
V 585.583200 609.372000 52.500000 20.000000
V 262.807200 319.996800 95.000000 20.000000
V 716.090400 549.475200 72.000000 20.000000
V 724.896000 706.615200 54.500000 20.000000
V 570.326400 488.736000 127.500000 20.000000
V 569.556000 423.900000 56.500000 20.000000
V 799.848000 726.408000 50.000000 20.000000
V 621.172800 510.940800 72.000000 20.000000
V 626.652000 402.444000 59.000000 20.000000
V 297.669600 77.472000 89.000000 20.000000
V 629.265600 623.577600 40.000000 20.000000
V 419.947200 399.312000 77.000000 20.000000
V 491.731200 446.090400 64.000000 20.000000
V 110.318400 329.695200 61.500000 20.000000
V 646.934400 554.889600 84.000000 20.000000
V 683.683200 339.717600 49.000000 20.000000
V 238.276800 368.740800 53.000000 20.000000
V 174.117600 210.160800 70.000000 20.000000
V 543.232800 547.941600 78.000000 20.000000
E 0 1
E 0 19
E 0 23
E 0 34
E 1 26
E 2 13
E 3 31
E 4 24
E 5 9
E 5 21
E 5 31
E 6 13
E 6 18
E 6 29
E 7 17
E 7 24
E 8 15
E 8 34
E 10 31
E 11 12
E 11 16
E 11 21
E 11 33
E 14 16
E 18 21
E 18 37
E 20 34
E 20 38
E 21 36
E 22 34
E 23 26
E 24 25
E 24 27
E 24 28
E 24 32
E 24 34
E 24 38
E 27 34
E 28 35
E 30 34
E 31 32
G Hs_T_cell_receptor_and_co-stimulatory_signaling_WP2583_20250715 33 37
V 589.334400 363.348000 80.000000 20.000000
V 678.535200 138.564000 60.000000 20.000000
V 416.469600 321.098400 60.000000 20.000000
V 670.312800 480.758400 60.000000 20.000000
V 332.107200 539.287200 60.000000 20.000000
V 502.718400 341.215200 60.000000 20.000000
V 622.584000 532.814400 60.000000 20.000000
V 694.641600 584.755200 60.000000 20.000000
V 402.832800 236.174400 70.000000 20.000000
V 601.185600 660.304800 60.000000 20.000000
V 615.974400 445.536000 60.000000 20.000000
V 350.042400 381.866400 60.000000 20.000000
V 538.682400 57.603600 60.000000 20.000000
V 265.989600 369.777600 60.000000 20.000000
V 555.573600 591.753600 60.000000 20.000000
V 690.206400 224.625600 60.000000 25.000000
V 617.832000 79.963200 60.000000 25.000000
V 647.712000 298.454400 60.000000 20.000000
V 109.634400 368.992800 70.000000 20.000000
V 521.179200 669.254400 60.000000 20.000000
V 413.402400 153.352800 60.000000 20.000000
V 34.999920 372.600000 70.000000 20.000000
V 776.592000 592.243200 60.000000 20.000000
V 716.284800 733.248000 60.000000 20.000000
V 772.920000 224.704800 60.000000 20.000000
V 456.688800 80.179200 60.000000 20.000000
V 677.628000 664.552800 60.000000 20.000000
V 416.167200 10.000080 60.000000 20.000000
V 471.686400 579.146400 60.000000 20.000000
V 359.474400 468.475200 60.000000 20.000000
V 186.278400 367.480800 60.000000 20.000000
V 399.909600 541.432800 180.000000 22.267720
V 743.112000 87.285600 60.000000 25.000000
E 0 5
E 0 10
E 0 17
E 1 15
E 1 16
E 1 32
E 2 5
E 2 8
E 2 11
E 3 6
E 3 10
E 4 29
E 4 31
E 6 7
E 6 10
E 6 14
E 7 22
E 7 26
E 8 20
E 9 14
E 9 26
E 11 13
E 11 29
E 12 16
E 12 25
E 13 30
E 14 19
E 14 28
E 15 17
E 15 24
E 18 21
E 18 30
E 20 25
E 23 26
E 25 27
E 28 31
E 29 31
G Hs_Tamoxifen_metabolism_WP691_20240802 32 33
V 350.107200 313.977600 96.000000 20.000000
V 309.211200 405.050400 80.000000 20.000000
V 382.348800 87.264000 121.000000 20.000000
V 370.576800 442.800000 80.000000 20.000000
V 399.333600 151.812000 192.000000 20.000000
V 266.659200 390.866400 184.000000 20.000000
V 184.658400 171.151200 197.000000 20.000000
V 557.438400 315.165600 80.000000 20.000000
V 440.294400 247.039200 156.000000 20.000000
V 451.310400 279.597600 80.000000 20.000000
V 319.888800 130.766400 129.000000 20.000000
V 209.412000 341.107200 80.000000 20.000000
V 390.124800 366.976800 80.000000 20.000000
V 264.096000 224.668800 197.000000 20.000000
V 377.481600 278.611200 99.000000 20.000000
V 206.906400 303.969600 80.000000 20.000000
V 449.316000 36.320400 80.000000 20.000000
V 165.772800 449.524800 138.000000 20.000000
V 473.565600 323.647200 123.000000 20.000000
V 286.833600 147.600000 80.000000 20.000000
V 351.252000 10.000080 129.000000 20.000000
V 219.888000 388.965600 130.000000 20.000000
V 420.588000 332.668800 80.000000 20.000000
V 521.712000 392.104800 80.000000 20.000000
V 309.664800 31.404960 192.000000 20.000000
V 403.668000 10.970640 153.000000 20.000000
V 434.232000 171.619200 161.000000 20.000000
V 184.773600 219.290400 210.000000 20.000000
V 351.468000 187.156800 128.000000 20.000000
V 283.658400 317.491200 123.000000 20.000000
V 104.997600 145.893600 210.000000 20.000000
V 475.106400 75.038400 80.000000 20.000000
E 0 14
E 1 3
E 1 29
E 2 16
E 2 20
E 2 24
E 2 25
E 2 28
E 2 31
E 3 12
E 4 28
E 5 29
E 6 13
E 6 30
E 7 18
E 8 14
E 9 14
E 10 28
E 11 29
E 12 14
E 13 27
E 13 28
E 13 29
E 14 18
E 14 22
E 14 28
E 14 29
E 15 29
E 17 21
E 18 23
E 19 28
E 21 29
E 26 28
G Hs_Thermogenesis_WP4321_20250930 21 21
V 28.000080 286.963200 56.000000 25.000000
V 312.847200 212.119200 54.000000 25.000000
V 232.495200 12.499920 84.488095 25.000000
V 105.624000 294.674400 56.000000 25.000000
V 245.491200 86.997600 69.750000 25.000000
V 634.694400 508.716000 58.230430 25.000000
V 261.568800 261.410400 35.065502 25.000000
V 633.283200 310.363200 72.941176 25.000000
V 413.265600 330.084000 45.269608 25.000000
V 114.926400 455.205600 60.000000 25.000000
V 487.202400 362.167200 61.470588 25.000000
V 204.919200 224.373600 44.235294 25.000000
V 588.196800 445.204800 63.823529 25.000000
V 161.121600 391.788000 37.000000 25.000000
V 570.808800 362.347200 56.764706 25.000000
V 254.606400 166.723200 60.000000 25.000000
V 698.961600 270.655200 55.588235 25.000000
V 675.712800 571.485600 54.184123 25.000000
V 188.121600 314.625600 35.000000 25.000000
V 336.715200 304.200000 60.000000 25.000000
V 506.800800 443.440800 52.000000 25.000000
E 0 3
E 1 6
E 2 4
E 3 18
E 4 15
E 5 12
E 5 17
E 6 11
E 6 15
E 6 18
E 6 19
E 7 14
E 7 16
E 8 10
E 8 19
E 9 13
E 10 14
E 10 20
E 12 14
E 12 20
E 13 18
G Hs_Thyroid_hormone_imbalance_leading_to_neurodevelopmental_abnormalities_WP5227_20240723 32 35
V 120.499200 443.325600 241.157178 32.040328
V 233.323200 571.744800 241.157178 32.040328
V 732.528000 118.260000 311.224490 30.000000
V 346.204800 359.712000 197.719993 29.054594
V 573.789600 391.075200 244.881770 28.388535
V 509.025600 327.938400 265.462337 25.627210
V 636.105600 219.852000 291.377551 25.000000
V 291.448800 113.313600 227.450339 24.848493
V 232.732800 193.176000 213.929804 29.001559
V 797.616000 238.212000 254.387755 25.000000
V 287.676000 274.716000 178.119864 26.422746
V 220.615200 67.065840 248.114162 29.834329
V 316.893600 506.966400 241.157178 32.040328
V 917.784000 330.991200 311.224490 30.000000
V 642.240000 443.102400 236.751308 31.508588
V 196.617600 421.776000 214.140410 29.489683
V 322.567200 40.553280 290.000000 30.969000
V 327.218400 432.424800 214.873684 27.623002
V 261.511200 493.776000 154.400659 26.740718
V 419.428800 320.904000 230.000000 32.590431
V 354.340800 277.200000 186.583162 26.395547
V 164.160000 14.500080 241.255451 29.405821
V 795.960000 387.842400 192.397959 25.000000
V 315.583200 195.163200 254.057654 24.114556
V 859.608000 185.277600 311.224490 30.000000
V 564.631200 263.383200 217.408772 25.000000
V 724.824000 427.557600 201.638978 21.914378
V 718.696800 200.016000 401.785714 25.000000
V 653.256000 525.880800 185.559405 22.856890
V 837.864000 315.316800 170.918367 25.000000
V 279.259200 422.013600 253.986381 27.015587
V 504.309600 398.181600 282.249173 31.635433
E 0 15
E 1 18
E 2 27
E 3 17
E 3 19
E 3 20
E 3 30
E 4 5
E 4 14
E 5 19
E 5 25
E 5 31
E 6 25
E 6 27
E 7 11
E 7 16
E 7 23
E 8 23
E 9 24
E 9 27
E 9 29
E 10 20
E 11 21
E 12 30
E 13 29
E 14 26
E 14 28
E 15 30
E 17 18
E 17 30
E 18 30
E 19 20
E 20 23
E 22 26
E 22 29
G Hs_Thyroid_stimulating_hormone_(TSH)_signaling_WP2032_20250306 22 22
V 29.000160 159.566400 58.000000 20.000000
V 183.888000 194.796000 60.000000 20.000000
V 219.801600 177.321600 60.000000 20.000000
V 82.159200 266.004000 60.000000 20.000000
V 122.572800 178.869600 60.000000 20.000000
V 264.772800 300.996000 60.000000 20.000000
V 54.638640 112.240800 48.000000 20.000000
V 196.869600 10.000080 60.000000 20.000000
V 89.128800 95.493600 60.000000 20.000000
V 122.904000 99.021600 60.000000 20.000000
V 286.005600 221.407200 60.000000 20.000000
V 164.858400 85.881600 60.000000 20.000000
V 201.528000 249.984000 60.000000 20.000000
V 149.572800 239.666400 60.000000 20.000000
V 121.701600 266.896800 60.000000 20.000000
V 163.389600 133.833600 60.000000 20.000000
V 200.376000 130.197600 60.000000 20.000000
V 197.776800 340.466400 60.000000 20.000000
V 34.202160 197.186400 60.000000 20.000000
V 43.489440 235.728000 60.000000 20.000000
V 80.294400 225.151200 57.000000 20.000000
V 64.793520 147.708000 49.061386 20.000000
E 0 4
E 1 4
E 2 4
E 2 10
E 3 4
E 4 6
E 4 8
E 4 9
E 4 11
E 4 12
E 4 13
E 4 14
E 4 15
E 4 16
E 4 18
E 4 19
E 4 20
E 4 21
E 5 12
E 7 11
E 10 12
E 12 17
G Hs_Trans-sulfuration_pathway_WP2333_20251202 23 23
V 134.373600 374.940000 80.000000 20.000000
V 312.249600 225.691200 80.000000 20.000000
V 141.400800 10.000080 151.159420 20.000000
V 241.070400 412.286400 43.000000 20.000000
V 306.417600 136.569600 47.000000 20.000000
V 150.739200 264.405600 49.000000 20.000000
V 200.073600 98.870400 42.000000 20.000000
V 165.924000 179.366400 164.000000 22.000000
V 134.496000 97.819200 166.000000 20.000000
V 290.556000 93.110400 80.000000 20.000000
V 246.816000 67.088160 80.000000 20.000000
V 75.499200 42.973920 151.159420 20.000000
V 221.270400 333.165600 80.000000 20.000000
V 296.524800 261.532800 124.500000 20.660494
V 220.212000 148.140000 123.000000 20.000000
V 309.528000 350.611200 45.000000 20.000000
V 77.868000 434.858400 80.000000 20.000000
V 189.194400 394.898400 80.000000 20.000000
V 46.506240 106.776000 48.000000 20.000000
V 27.617040 491.745600 43.000000 20.000000
V 224.287200 239.752800 100.459879 20.000000
V 137.390400 157.932000 80.000000 20.000000
V 287.085600 390.376800 80.000000 20.000000
E 0 12
E 0 16
E 1 20
E 2 8
E 3 12
E 4 14
E 5 20
E 6 7
E 7 8
E 7 20
E 8 11
E 8 14
E 8 18
E 9 14
E 10 14
E 12 15
E 12 17
E 12 20
E 12 22
E 13 20
E 14 20
E 14 21
E 16 19
G Hs_Transcription_co-factors_SKI_and_SKIL_protein_partners_WP4533_20190225 16 16
V 45.000000 242.892000 90.000000 25.000000
V 266.738400 86.328000 90.000000 25.000000
V 133.300800 167.349600 90.000000 25.000000
V 133.286400 252.547200 90.000000 25.000000
V 175.068000 325.807200 90.000000 25.000000
V 175.024800 179.222400 90.000000 25.000000
V 109.836000 37.875600 90.000000 25.000000
V 203.724000 13.646880 90.000000 25.000000
V 152.539200 12.499920 90.000000 25.000000
V 214.718400 288.064800 90.000000 25.000000
V 178.632000 92.577600 90.000000 25.000000
V 94.377600 81.583200 90.000000 25.000000
V 246.607200 41.473440 90.000000 25.000000
V 253.958400 130.125600 90.000000 25.000000
V 61.817040 296.121600 90.000000 25.000000
V 113.637600 330.480000 90.000000 25.000000
E 0 3
E 1 10
E 2 3
E 2 10
E 3 4
E 3 5
E 3 9
E 3 14
E 3 15
E 5 10
E 6 10
E 7 10
E 8 10
E 10 11
E 10 12
E 10 13
G Hs_Translation_inhibitors_in_chronically_activated_PDGFRA_cells_WP4566_20250303 18 21
V 157.096800 231.969600 66.333333 25.000000
V 386.719200 391.168800 75.666667 25.000000
V 266.364000 12.499920 49.387168 25.000000
V 340.682400 264.340800 61.000000 25.000000
V 354.124800 121.046400 55.051051 25.000000
V 163.051200 166.867200 57.000000 25.000000
V 251.604000 307.908000 67.000000 25.000000
V 308.779200 176.356800 71.610644 25.000000
V 84.499200 145.684800 169.000000 25.000000
V 373.968000 169.668000 68.418367 25.000000
V 419.731200 68.323680 55.051051 25.000000
V 295.120800 419.976000 67.000000 25.000000
V 176.544000 283.269600 66.333333 25.000000
V 405.705600 202.500000 63.666667 25.000000
V 321.472800 342.734400 68.500000 25.000000
V 232.732800 221.068800 57.000000 25.000000
V 307.648800 206.906400 71.610644 25.000000
V 278.251200 92.678400 62.387168 25.000000
E 0 15
E 1 14
E 2 17
E 3 7
E 3 14
E 3 16
E 4 7
E 4 10
E 4 16
E 5 8
E 5 15
E 6 14
E 6 15
E 7 9
E 7 13
E 7 15
E 7 17
E 9 16
E 11 14
E 12 15
E 15 16
G Hs_Triacylglyceride_synthesis_WP325_20240514 17 19
V 257.292000 436.125600 60.000000 20.000000
V 362.678400 105.321600 90.000000 20.000000
V 169.833600 90.345600 200.000000 20.000000
V 316.980000 180.878400 90.000000 20.000000
V 139.464000 124.329600 90.000000 20.000000
V 137.275200 339.825600 54.833333 19.000000
V 150.012000 202.312800 90.000000 20.000000
V 396.352800 165.780000 110.000000 20.000000
V 435.384000 107.222400 110.000000 20.000000
V 287.121600 145.216800 105.000000 20.000000
V 87.501600 54.419760 175.000000 19.000000
V 223.300800 149.335200 132.000000 20.000000
V 209.325600 192.758400 130.000000 20.000000
V 242.121600 360.216000 175.000000 20.000000
V 68.153760 220.284000 60.000000 20.000000
V 173.656800 10.000080 60.000000 20.000000
V 204.076800 286.869600 140.000000 20.000000
E 0 13
E 1 7
E 1 8
E 1 9
E 2 4
E 2 10
E 2 12
E 2 15
E 3 7
E 3 11
E 4 11
E 5 16
E 6 11
E 6 12
E 6 14
E 7 8
E 9 12
E 12 16
E 13 16
G Hs_Tryptophan_catabolism_leading_to_NAD+_production_WP4210_20180131 40 44
V 295.351200 308.570400 129.948100 28.988046
V 390.513600 472.543200 129.895259 29.038037
V 164.844000 93.571200 90.000000 25.000000
V 269.294400 632.296800 132.000000 25.000000
V 287.683200 116.438400 110.193370 31.284530
V 128.138400 147.290400 90.000000 25.000000
V 212.421600 160.538400 90.000000 25.000000
V 409.996800 389.390400 90.000000 25.000000
V 451.202400 278.445600 132.000000 25.000000
V 234.669600 245.188800 129.948100 28.988046
V 261.655200 545.234400 132.000000 25.000000
V 405.388800 250.293600 90.000000 25.000000
V 329.817600 384.652800 132.000000 25.000000
V 340.992000 860.760000 90.000000 25.000000
V 230.709600 882.216000 90.000000 25.000000
V 286.423200 877.032000 90.000000 25.000000
V 466.336800 324.345600 90.000000 25.000000
V 186.321600 854.352000 166.752343 25.000000
V 319.413600 608.724000 90.000000 25.000000
V 309.679200 475.048800 166.752343 25.000000
V 222.350400 461.973600 90.000000 25.000000
V 102.038400 42.986880 133.397790 25.000000
V 374.788800 318.218400 132.000000 28.988046
V 417.240000 594.921600 132.000000 25.000000
V 259.790400 809.208000 132.000000 25.000000
V 337.168800 670.111200 90.000000 25.000000
V 186.285600 12.499920 64.889503 25.000000
V 280.879200 419.472000 167.585447 25.000000
V 287.078400 726.048000 132.000000 25.000000
V 391.723200 925.416000 140.046854 29.902945
V 214.603200 670.276800 166.752343 25.000000
V 371.901600 753.912000 90.000000 25.000000
V 188.006400 608.558400 90.000000 25.000000
V 180.273600 644.443200 90.000000 25.000000
V 422.546400 558.108000 90.000000 25.000000
V 251.625600 91.512000 90.000000 25.000000
V 45.000000 134.654400 90.000000 25.000000
V 335.160000 558.720000 132.000000 25.000000
V 154.987200 265.723200 90.000000 25.000000
V 170.136000 812.952000 90.000000 25.000000
E 0 9
E 0 12
E 0 22
E 1 19
E 2 5
E 2 6
E 2 21
E 2 26
E 3 10
E 3 18
E 3 25
E 3 28
E 3 30
E 3 32
E 3 33
E 3 37
E 4 6
E 5 6
E 5 36
E 6 9
E 6 35
E 7 12
E 8 22
E 9 38
E 10 19
E 11 22
E 12 19
E 12 22
E 12 27
E 13 24
E 13 29
E 14 24
E 15 24
E 16 22
E 17 24
E 18 37
E 19 20
E 19 27
E 19 37
E 23 37
E 24 28
E 24 39
E 28 31
E 34 37
G Hs_Tryptophan_kynurenine_pathway_in_post-COVID_syndrome_WP5549_20260319 24 24
V 99.057600 284.090400 90.000000 25.000000
V 494.532000 301.406400 183.528139 25.000000
V 376.473600 29.819520 90.000000 27.840081
V 208.224000 402.523200 160.709519 25.401961
V 343.137600 249.847200 106.052632 24.253655
V 168.451200 389.138400 100.000000 20.000000
V 192.888000 206.740800 100.000000 20.000000
V 247.356000 234.381600 90.000000 25.000000
V 311.868000 77.608800 90.000000 25.000000
V 297.050400 164.469600 129.895259 25.000000
V 218.808000 89.035200 90.000000 25.000000
V 113.911200 326.361600 100.000000 20.000000
V 255.765600 346.219200 90.000000 25.000000
V 248.004000 385.747200 121.690893 29.127550
V 173.808000 65.899440 175.567833 35.973411
V 202.111200 151.682400 117.625398 25.000000
V 189.043200 316.605600 150.263158 25.763687
V 115.804800 375.436800 143.516076 25.000000
V 421.646400 276.436800 90.000000 24.340130
V 112.428000 15.580080 90.000000 25.000000
V 49.000320 419.976000 98.071708 25.522409
V 137.944800 268.660800 106.052632 25.000000
V 248.997600 13.999680 90.000000 27.840081
V 302.198400 264.736800 100.000000 20.000000
E 0 16
E 1 18
E 2 8
E 3 16
E 4 7
E 4 18
E 5 16
E 6 7
E 7 9
E 7 15
E 7 16
E 7 23
E 8 9
E 8 22
E 10 15
E 11 16
E 12 16
E 13 16
E 14 15
E 14 19
E 14 22
E 16 17
E 16 21
E 17 20
G Hs_Type_I_interferon_induction_and_signaling_during_SARS-CoV-2_infection_WP4868_20241030 28 36
V 295.941600 260.028000 59.030612 20.000000
V 170.676000 12.000240 38.260197 24.439000
V 334.987200 353.815200 61.724490 20.000000
V 242.661600 478.260000 52.295918 20.000000
V 210.816000 41.751360 38.260197 24.439000
V 458.863200 295.041600 41.316327 20.000000
V 134.805600 92.253600 66.652150 20.000000
V 334.108800 438.962400 117.640382 26.925871
V 69.489360 54.722160 38.260197 24.439000
V 358.884000 209.368800 41.316327 20.000000
V 113.119200 16.174800 38.260197 24.439000
V 84.902400 325.202400 55.000000 20.000000
V 412.596000 690.206400 54.992747 31.405516
V 335.858400 564.004800 60.000000 20.000000
V 151.984800 85.118400 101.933297 20.000000
V 377.856000 271.116000 55.000000 20.000000
V 448.401600 216.043200 41.316327 20.000000
V 233.553600 336.470400 43.867347 20.000000
V 304.920000 492.091200 55.000000 20.000000
V 120.261600 365.630400 55.000000 20.000000
V 167.853600 294.638400 86.186939 30.000000
V 90.079200 270.756000 70.397740 20.000000
V 211.917600 246.225600 55.000000 20.000000
V 246.708000 421.992000 55.000000 20.000000
V 369.021600 630.792000 55.000000 20.000000
V 177.904800 164.534400 59.306000 20.000000
V 274.939200 297.388800 55.000000 20.000000
V 61.999920 104.515200 124.224490 29.836735
E 0 2
E 0 9
E 0 22
E 1 6
E 1 14
E 2 7
E 3 7
E 3 23
E 4 6
E 4 14
E 5 15
E 6 8
E 6 10
E 6 25
E 6 27
E 7 18
E 8 14
E 9 15
E 10 14
E 11 20
E 12 24
E 13 18
E 13 24
E 14 25
E 14 27
E 15 16
E 15 26
E 17 22
E 17 23
E 17 26
E 18 23
E 19 20
E 20 21
E 20 22
E 20 26
E 22 25
G Hs_Tyrosine_metabolism_and_related_disorders_WP4506_20240129 32 33
V 295.920000 81.367200 58.379766 25.000000
V 337.910400 501.516000 179.000000 25.000000
V 419.457600 12.499920 104.000000 25.000000
V 519.818400 317.671200 90.000000 25.000000
V 424.749600 279.655200 165.000000 25.000000
V 187.488000 520.941600 140.000000 25.000000
V 364.017600 13.220640 90.000000 25.000000
V 463.053600 35.542800 90.000000 25.000000
V 49.999680 585.734400 100.000000 25.000000
V 425.959200 180.561600 165.000000 25.000000
V 371.102400 254.584800 189.882139 25.000000
V 356.076000 285.775200 90.000000 25.000000
V 469.713600 329.212800 189.000000 25.000000
V 603.676800 310.118400 51.447453 25.000000
V 225.763200 407.073600 58.379766 25.000000
V 388.598400 86.889600 165.000000 25.000000
V 490.802400 269.078400 58.379766 25.000000
V 117.763200 554.709600 120.000000 25.000000
V 309.384000 426.124800 148.000000 25.000000
V 434.340000 348.660000 111.879766 25.000000
V 384.357600 135.979200 90.000000 25.000000
V 342.849600 175.528800 58.379766 25.000000
V 505.792800 183.312000 57.195122 25.000000
V 572.565600 381.124800 90.000000 25.000000
V 382.060800 573.192000 58.379766 25.000000
V 475.329600 129.369600 58.379766 25.000000
V 267.919200 496.555200 140.000000 25.000000
V 266.443200 319.579200 58.379766 25.000000
V 349.747200 349.444800 165.000000 25.000000
V 513.892800 146.368800 104.000000 25.000000
V 318.196800 40.497120 57.195122 25.000000
V 276.638400 577.504800 67.000000 26.500000
E 0 15
E 1 18
E 1 24
E 1 26
E 2 15
E 3 4
E 3 13
E 3 23
E 4 9
E 4 10
E 4 11
E 4 12
E 4 16
E 4 19
E 4 28
E 5 17
E 5 26
E 6 15
E 7 15
E 8 17
E 9 15
E 9 20
E 9 21
E 9 22
E 9 25
E 9 29
E 14 18
E 15 20
E 15 30
E 18 26
E 18 28
E 26 31
E 27 28
G Hs_UDP-derived_sugars_synthesis_in_fibroblasts_WP5394_20240722 26 26
V 327.420000 201.175200 150.000000 25.000000
V 688.435200 109.512000 240.000000 25.000000
V 406.346400 233.978400 220.000000 25.000000
V 79.221600 225.057600 90.000000 25.000000
V 123.343200 93.866400 150.000000 25.000000
V 224.121600 298.238400 150.000000 25.000000
V 239.018400 212.234400 220.000000 25.000000
V 836.640000 266.803200 90.000000 25.000000
V 345.549600 119.145600 90.000000 25.000000
V 750.744000 163.137600 220.000000 25.000000
V 45.000000 63.727200 90.000000 25.000000
V 619.610400 330.386400 220.000000 25.000000
V 760.320000 246.103200 220.000000 25.000000
V 538.300800 150.472800 240.000000 25.000000
V 698.889600 302.587200 220.000000 25.000000
V 122.220000 12.499920 150.000000 25.000000
V 491.716800 222.818400 220.000000 25.000000
V 194.767200 376.977600 90.000000 25.000000
V 154.224000 180.828000 150.000000 25.000000
V 546.804000 289.029600 220.000000 25.000000
V 629.812800 411.984000 90.000000 25.000000
V 246.427200 137.376000 90.000000 25.000000
V 606.895200 105.076800 240.000000 25.000000
V 399.729600 316.015200 90.000000 25.000000
V 120.816000 256.845600 90.000000 25.000000
V 83.736000 165.830400 150.000000 25.000000
E 0 2
E 0 6
E 0 8
E 1 9
E 1 22
E 2 16
E 2 23
E 3 18
E 4 10
E 4 15
E 4 18
E 5 6
E 5 17
E 6 18
E 6 21
E 7 12
E 9 12
E 11 14
E 11 19
E 11 20
E 12 14
E 13 16
E 13 22
E 16 19
E 18 24
E 18 25
G Hs_Unfolded_protein_response_WP4925_20240724 22 22
V 276.566400 141.213600 90.000000 25.000000
V 618.422400 15.089040 90.000000 25.000000
V 45.000000 126.856800 90.000000 25.000000
V 122.112000 151.279200 90.000000 25.000000
V 485.474400 87.357600 90.000000 25.000000
V 291.060000 201.448800 90.000000 25.000000
V 302.011200 287.114400 90.000000 25.000000
V 375.760800 198.122400 90.000000 25.000000
V 145.288800 12.499920 90.000000 25.000000
V 406.994400 72.518400 90.000000 25.000000
V 303.148800 518.076000 90.000000 25.000000
V 178.941600 87.040800 90.000000 25.000000
V 453.967200 162.640800 90.000000 25.000000
V 318.693600 367.617600 90.000000 25.000000
V 292.572000 593.272800 90.000000 25.000000
V 344.980800 129.074400 90.000000 25.000000
V 414.612000 479.980800 90.000000 25.000000
V 142.675200 235.864800 90.000000 25.000000
V 339.904800 446.284800 90.000000 25.000000
V 551.116800 46.573920 90.000000 25.000000
V 199.245600 174.225600 90.000000 25.000000
V 71.165520 274.075200 90.000000 25.000000
E 0 5
E 1 19
E 2 3
E 3 20
E 4 9
E 4 12
E 4 19
E 5 6
E 5 7
E 5 15
E 5 20
E 6 13
E 7 12
E 8 11
E 9 15
E 10 14
E 10 18
E 11 20
E 13 18
E 16 18
E 17 20
E 17 21
G Hs_Urea_cycle_and_related_diseases_WP4571_20251018 28 30
V 352.699200 571.500000 51.507553 22.712967
V 390.168000 495.158400 90.000000 25.000000
V 101.952000 110.692800 54.798363 22.712967
V 342.439200 392.090400 47.394041 20.947500
V 434.973600 343.713600 90.000000 25.000000
V 196.797600 340.063200 145.000000 35.000000
V 584.697600 267.422400 46.853625 19.744859
V 654.372000 236.757600 90.000000 25.000000
V 458.085600 272.368800 44.925934 22.712967
V 161.863200 12.499920 90.000000 25.000000
V 536.270400 443.167200 43.280529 23.535669
V 72.496800 165.168000 145.000000 35.000000
V 346.680000 318.340800 90.000000 25.000000
V 455.133600 434.080800 131.472509 25.000000
V 314.596800 457.804800 90.000000 25.000000
V 262.548000 397.072800 90.000000 25.000000
V 247.392000 15.157440 51.507553 24.358372
V 421.315200 569.851200 90.000000 25.000000
V 204.343200 84.261600 90.000000 25.000000
V 258.199200 311.731200 125.000000 25.000000
V 508.262400 496.648800 90.000000 25.000000
V 205.480800 236.822400 90.000000 25.000000
V 127.180800 285.494400 54.798363 22.712967
V 241.041600 158.702400 100.000000 25.000000
V 189.640800 382.478400 46.571339 21.890264
V 162.835200 159.444000 90.000000 25.000000
V 514.548000 307.742400 90.000000 25.000000
V 128.404800 243.748800 90.000000 25.000000
E 0 1
E 1 13
E 1 14
E 1 17
E 2 25
E 3 12
E 3 14
E 4 8
E 4 12
E 4 13
E 4 26
E 5 19
E 6 7
E 6 26
E 9 18
E 10 13
E 11 25
E 12 19
E 13 20
E 14 15
E 15 19
E 16 18
E 18 23
E 18 25
E 19 21
E 19 24
E 21 22
E 21 23
E 21 25
E 21 27
G Hs_Valproic_acid_pathway_WP3871_20250303 31 30
V 141.271200 84.938400 63.000000 20.000000
V 196.740000 494.740800 90.000000 20.000000
V 226.785600 10.000080 120.000000 20.000000
V 270.208800 214.545600 60.000000 20.000000
V 458.913600 269.316000 117.000000 20.000000
V 260.013600 86.652000 135.000000 20.000000
V 397.620000 38.124720 180.000000 20.000000
V 320.421600 327.247200 60.000000 20.000000
V 258.213600 132.552000 140.000000 20.000000
V 391.701600 126.936000 122.000000 20.000000
V 306.986400 97.113600 60.000000 20.000000
V 146.174400 337.716000 60.000000 20.000000
V 462.110400 86.176800 140.000000 20.000000
V 534.204000 56.005920 160.000000 20.000000
V 137.664000 491.536800 90.000000 20.000000
V 364.996800 184.960800 140.000000 20.000000
V 336.808800 490.960800 160.000000 20.000000
V 228.391200 180.381600 60.000000 20.000000
V 86.378400 449.553600 70.000000 20.000000
V 285.825600 423.201600 140.000000 20.000000
V 160.178400 416.109600 160.000000 20.000000
V 69.999840 394.984800 140.000000 20.000000
V 259.156800 271.044000 110.000000 20.000000
V 224.683200 354.938400 140.000000 20.000000
V 382.528800 228.765600 140.000000 20.000000
V 337.428000 124.207200 60.000000 20.000000
V 471.952800 160.819200 60.000000 20.000000
V 302.212800 175.111200 90.000000 20.000000
V 174.492000 255.225600 60.000000 20.000000
V 210.693600 134.373600 60.000000 20.000000
V 335.181600 233.503200 150.000000 20.000000
E 0 29
E 1 20
E 2 5
E 3 27
E 4 24
E 5 27
E 6 9
E 7 22
E 8 27
E 9 12
E 9 26
E 9 27
E 10 27
E 11 23
E 12 13
E 14 20
E 15 27
E 16 19
E 17 27
E 18 20
E 19 23
E 20 21
E 20 23
E 22 23
E 22 27
E 22 28
E 24 27
E 25 27
E 27 29
E 27 30
G Hs_Visual_cycle_WP5534_20251031 15 15
V 270.259200 293.522400 60.000000 20.000000
V 394.293600 275.702400 60.000000 20.000000
V 202.464000 38.913840 60.000000 20.000000
V 375.559200 165.391200 90.000000 20.000000
V 321.552000 230.803200 90.000000 20.000000
V 325.872000 310.924800 60.000000 20.000000
V 262.562400 91.425600 90.000000 20.000000
V 341.200800 94.766400 90.000000 20.000000
V 249.249600 177.537600 90.000000 20.000000
V 452.412000 329.140800 120.000000 20.000000
V 167.760000 199.159200 60.000000 20.000000
V 20.000160 237.909600 40.000000 20.000000
V 453.528000 139.255200 60.000000 20.000000
V 280.915200 10.000080 60.000000 20.000000
V 92.318400 219.016800 40.000000 20.000000
E 0 4
E 1 4
E 1 9
E 2 6
E 3 4
E 3 7
E 3 12
E 4 5
E 4 8
E 6 7
E 6 8
E 6 13
E 8 10
E 10 14
E 11 14
G Hs_Vitamin_A_and_carotenoid_metabolism_WP716_20250407 26 26
V 55.000080 290.800800 110.000000 26.500000
V 325.627200 125.863200 52.000000 20.000000
V 216.000000 419.544000 72.500000 35.000000
V 145.720800 468.374400 90.000000 30.500000
V 376.826400 62.855280 70.000000 20.000000
V 273.506400 334.209600 90.000000 35.000000
V 59.685840 77.025600 52.000000 20.000000
V 517.276800 280.051200 110.000000 30.500000
V 117.324000 179.316000 51.000000 20.000000
V 212.594400 10.000080 100.000000 20.000000
V 263.656800 185.227200 130.000000 26.500000
V 354.801600 307.706400 90.000000 30.500000
V 506.102400 562.478400 160.000000 35.000000
V 342.158400 392.472000 170.000000 30.500000
V 96.148800 530.035200 90.000000 30.500000
V 231.645600 499.147200 80.000000 20.000000
V 397.310400 454.788000 120.000000 30.500000
V 284.018400 390.002400 80.000000 20.000000
V 212.904000 351.964800 55.000000 19.897436
V 438.508800 293.270400 99.333333 30.500000
V 212.745600 90.835200 52.000000 20.000000
V 194.990400 173.239200 87.500000 23.500000
V 225.619200 254.368800 99.333333 35.000000
V 450.439200 511.920000 120.000000 35.000000
V 139.867200 276.206400 120.000000 35.000000
V 128.916000 119.498400 87.500000 23.500000
E 0 24
E 1 4
E 1 10
E 2 3
E 2 5
E 2 15
E 3 14
E 5 11
E 5 13
E 5 17
E 5 18
E 5 22
E 6 25
E 7 19
E 8 21
E 9 20
E 10 21
E 10 22
E 11 19
E 12 23
E 13 16
E 16 23
E 20 21
E 21 22
E 21 25
E 22 24
G Hs_Vitamin_B12_disorders_WP4271_20250306 25 24
V 325.728000 12.499920 173.733850 25.000000
V 534.895200 525.045600 90.000000 25.000000
V 191.858400 194.040000 90.000000 25.000000
V 107.676000 609.991200 90.000000 27.504420
V 295.531200 170.985600 170.867666 27.565765
V 420.184800 644.947200 174.870130 35.876623
V 271.965600 423.036000 98.255733 34.460701
V 271.339200 328.456800 98.255733 32.728341
V 471.484800 580.024800 123.318219 25.000000
V 408.535200 412.243200 90.000000 25.000000
V 116.604000 441.216000 90.000000 25.000000
V 220.075200 403.480800 90.000000 25.000000
V 405.604800 524.037600 153.450439 27.565765
V 390.744000 65.605680 90.000000 25.000000
V 472.377600 664.718400 90.000000 25.000000
V 190.771200 475.135200 112.742140 34.460701
V 310.557600 88.790400 142.238986 25.000000
V 245.714400 32.839200 90.000000 25.000000
V 163.864800 239.997600 90.000000 25.000000
V 45.000000 536.688000 90.000000 25.000000
V 129.441600 534.542400 90.000000 27.504420
V 250.524000 244.274400 90.000000 27.504420
V 529.610400 635.918400 90.000000 25.000000
V 555.804000 577.238400 90.000000 25.000000
V 347.745600 462.628800 98.255733 32.728341
E 0 16
E 1 8
E 2 21
E 3 20
E 4 16
E 4 21
E 5 8
E 6 7
E 6 11
E 6 15
E 6 24
E 7 21
E 8 12
E 8 14
E 8 22
E 8 23
E 9 24
E 10 15
E 12 24
E 13 16
E 15 20
E 16 17
E 18 21
E 19 20
G Hs_Vitamin_D_metabolism_WP1531_20260102 15 16
V 364.896000 215.719200 75.000000 45.000000
V 399.996000 142.920000 60.000000 20.000000
V 322.336800 104.558400 60.000000 20.000000
V 511.999200 225.136800 40.000000 20.000000
V 166.320000 133.430400 85.000000 20.000000
V 466.185600 87.811200 60.000000 20.000000
V 31.000320 88.279200 61.882029 20.000000
V 548.107200 74.476800 90.000000 35.000000
V 310.564800 22.535280 90.000000 20.000000
V 483.285600 10.000080 59.469264 20.000000
V 242.690400 122.990400 92.562500 20.000000
V 43.960320 208.929600 80.000000 20.000000
V 473.853600 154.432800 60.000000 20.000000
V 437.032800 222.933600 60.000000 20.000000
V 88.840800 143.049600 76.000000 30.000000
E 0 1
E 1 2
E 1 5
E 1 12
E 1 13
E 2 8
E 2 10
E 3 12
E 3 13
E 4 10
E 4 14
E 5 7
E 5 9
E 5 12
E 6 14
E 11 14
G Hs_Vitamin_K_metabolism_and_activation_of_dependent_proteins_WP5186_20250308 27 33
V 155.203200 92.224800 90.000000 25.000000
V 30.663360 176.997600 50.144440 25.000000
V 85.176000 129.715200 118.290740 25.000000
V 250.142400 250.444800 60.233118 25.000000
V 381.088800 345.794400 61.432139 25.000000
V 280.569600 199.483200 90.000000 25.000000
V 267.537600 458.244000 64.000000 25.000000
V 318.787200 436.730400 86.000000 27.500000
V 151.452000 372.657600 90.000000 25.000000
V 106.603200 211.744800 90.000000 25.000000
V 341.150400 171.410400 49.235513 16.988868
V 320.983200 240.458400 164.894376 37.322514
V 403.912800 300.924000 90.000000 25.000000
V 330.681600 120.578400 50.847953 25.000000
V 125.798400 456.868800 41.389943 17.873765
V 389.224800 64.440720 90.000000 25.000000
V 369.475200 199.526400 49.235513 16.988868
V 216.799200 321.508800 90.000000 25.000000
V 79.156800 413.157600 41.389943 17.873765
V 270.482400 126.792000 50.847953 25.000000
V 189.554400 172.339200 90.000000 37.322514
V 24.999840 232.365600 50.144440 25.000000
V 137.872800 12.499920 118.290740 25.000000
V 190.000800 403.034400 60.233118 25.000000
V 258.573600 373.946400 74.000000 25.000000
V 313.459200 298.130400 171.997181 37.322514
V 104.097600 299.980800 90.000000 33.500000
E 0 2
E 0 20
E 0 22
E 1 9
E 2 9
E 3 5
E 3 11
E 3 17
E 4 25
E 5 10
E 5 11
E 5 13
E 5 16
E 5 19
E 5 20
E 5 25
E 6 24
E 7 24
E 8 14
E 8 18
E 8 23
E 8 24
E 8 26
E 9 20
E 9 21
E 9 26
E 10 11
E 11 16
E 11 25
E 12 25
E 13 15
E 17 23
E 24 25
G Hs_White_fat_cell_differentiation_WP4149_20190917 33 46
V 236.808000 199.728000 70.937967 23.049421
V 253.094400 272.772000 59.279583 20.000000
V 211.017600 168.307200 48.000000 20.000000
V 222.573600 34.000560 48.000000 20.000000
V 300.312000 11.499840 60.115711 22.954174
V 190.440000 210.571200 76.858332 42.438027
V 271.828800 172.994400 78.701186 41.303890
V 156.369600 38.945520 48.000000 20.000000
V 28.499760 44.655840 57.203975 30.985915
V 254.232000 109.202400 48.000000 20.000000
V 255.074400 360.324000 48.000000 20.000000
V 324.835200 242.640000 79.038340 18.083776
V 330.379200 91.288800 48.000000 20.000000
V 289.836000 284.428800 124.280754 32.574964
V 129.182400 190.807200 48.000000 20.000000
V 135.763200 69.943680 48.000000 20.000000
V 237.110400 130.003200 48.000000 20.000000
V 124.560000 445.593600 48.000000 20.000000
V 96.818400 143.265600 48.000000 20.000000
V 106.632000 173.390400 48.000000 20.000000
V 333.518400 136.987200 103.756488 16.440482
V 119.570400 119.030400 48.000000 20.000000
V 142.984800 292.428000 48.000000 20.000000
V 161.935200 376.948800 48.000000 20.000000
V 184.406400 127.044000 108.456006 60.136145
V 182.217600 53.595360 60.000000 20.000000
V 315.381600 205.221600 76.470822 39.681519
V 219.657600 349.315200 115.815728 17.881228
V 366.811200 152.956800 48.000000 20.000000
V 414.309600 86.004000 59.877939 31.927249
V 355.262400 203.580000 48.000000 20.000000
V 239.716800 53.127360 48.000000 20.000000
V 99.280800 84.967200 48.000000 20.000000
E 0 6
E 0 13
E 0 24
E 0 26
E 1 6
E 1 10
E 1 27
E 2 6
E 2 24
E 3 4
E 3 24
E 3 25
E 4 12
E 4 31
E 5 6
E 5 22
E 5 24
E 6 9
E 6 11
E 6 12
E 6 16
E 6 20
E 6 24
E 6 26
E 6 28
E 6 30
E 7 24
E 8 32
E 9 24
E 10 23
E 11 26
E 12 29
E 14 24
E 15 24
E 16 24
E 17 23
E 18 24
E 19 24
E 20 28
E 21 24
E 22 23
E 23 27
E 24 25
E 24 31
E 24 32
E 28 29
G Hs_mRNA__protein__and_metabolite_induced_stress_pathway_by_cyclosporin_A_WP3953_20250721 31 31
V 198.180000 338.400000 50.000000 25.000000
V 474.235200 144.907200 59.000000 25.000000
V 256.240800 12.499920 59.000000 25.000000
V 142.171200 348.998400 76.000000 37.500000
V 555.948000 165.168000 85.000000 25.000000
V 503.791200 223.488000 85.000000 25.000000
V 24.999840 350.517600 50.000000 25.000000
V 380.023200 171.360000 59.000000 25.000000
V 221.500800 151.970400 59.000000 25.000000
V 271.677600 569.232000 33.571429 25.000000
V 290.628000 183.276000 50.000000 25.000000
V 431.258400 95.421600 85.000000 25.000000
V 554.227200 121.809600 85.000000 25.000000
V 200.966400 513.950400 141.000000 37.500000
V 259.574400 96.206400 59.000000 25.000000
V 532.180800 83.952000 85.000000 25.000000
V 30.759120 275.400000 56.000000 25.000000
V 186.314400 428.004000 134.000000 37.500000
V 462.988800 212.040000 85.000000 25.000000
V 81.115200 620.899200 90.000000 25.000000
V 453.808800 57.592080 85.000000 25.000000
V 129.420000 559.209600 90.000000 25.000000
V 541.497600 206.532000 85.000000 25.000000
V 250.704000 266.018400 50.000000 25.000000
V 210.420000 590.040000 33.571429 25.000000
V 496.821600 59.573520 85.000000 25.000000
V 261.187200 476.078400 141.000000 37.500000
V 249.904800 396.496800 141.000000 37.500000
V 149.587200 101.426400 59.000000 25.000000
V 101.692800 316.267200 50.000000 25.000000
V 193.003200 39.301200 59.000000 25.000000
E 0 3
E 0 17
E 0 23
E 0 27
E 0 29
E 1 4
E 1 5
E 1 7
E 1 11
E 1 12
E 1 15
E 1 18
E 1 20
E 1 22
E 1 25
E 2 14
E 6 29
E 7 10
E 8 10
E 8 28
E 9 13
E 10 14
E 10 23
E 13 17
E 13 21
E 13 24
E 13 26
E 14 30
E 16 29
E 19 21
E 26 27
G Hs_mRNA_vaccine_activation_of_dendritic_cell_and_induction_of_IFN-1_WP5187_20240316 15 24
V 78.501600 57.342960 157.000000 25.000000
V 271.310400 90.756000 77.500000 27.500000
V 212.745600 88.617600 90.000000 25.000000
V 211.233600 119.721600 90.000000 25.000000
V 307.576800 247.860000 104.500000 32.500000
V 351.432000 84.938400 116.500000 28.500000
V 306.842400 12.499920 90.000000 25.000000
V 158.421600 57.134880 69.500000 23.500000
V 138.614400 90.943200 69.500000 23.500000
V 180.288000 147.290400 90.000000 25.000000
V 126.187200 125.784000 69.500000 23.500000
V 137.311200 225.100800 226.500000 31.500000
V 386.172000 12.652560 157.000000 25.000000
V 98.841600 292.500000 183.000000 35.500000
V 259.876800 179.992800 95.500000 23.500000
E 0 7
E 0 8
E 0 10
E 1 2
E 1 3
E 1 5
E 1 6
E 1 9
E 2 7
E 2 8
E 2 10
E 2 14
E 3 7
E 3 8
E 3 10
E 3 14
E 4 14
E 5 12
E 6 12
E 7 9
E 8 9
E 9 10
E 9 11
E 11 13
G Hs_miR-509-3p_alteration_of_YAP1-ECM_axis_WP3967_20250303 15 14
V 27.499680 75.146400 55.000000 25.000000
V 202.881600 92.844000 57.000000 25.000000
V 79.790400 14.342400 49.000000 25.000000
V 202.852800 248.968800 43.000000 25.000000
V 178.106400 125.438400 55.000000 25.000000
V 44.262000 151.783200 55.000000 25.000000
V 47.014560 39.595680 62.000000 25.000000
V 186.530400 52.981200 55.000000 25.000000
V 111.153600 95.904000 72.000000 25.000000
V 159.832800 21.822480 55.000000 25.000000
V 120.398400 12.499920 55.000000 25.000000
V 25.657200 115.848000 45.000000 25.000000
V 167.256000 175.924800 62.000000 25.000000
V 117.468000 169.696800 55.000000 25.000000
V 76.334400 178.502400 55.000000 25.000000
E 0 8
E 1 8
E 2 8
E 3 12
E 4 8
E 5 8
E 6 8
E 7 8
E 8 9
E 8 10
E 8 11
E 8 12
E 8 13
E 8 14
G Hs_miRNA_regulation_of_p53_pathway_in_prostate_cancer_WP3982_20250303 27 30
V 139.204800 205.574400 62.000000 25.000000
V 210.247200 262.555200 77.000000 25.000000
V 290.952000 93.045600 60.000000 25.000000
V 107.762400 557.064000 50.000000 25.000000
V 77.968800 309.945600 56.000000 25.000000
V 276.616800 201.679200 50.000000 25.000000
V 398.779200 12.499920 50.000000 25.000000
V 219.780000 474.278400 50.000000 25.000000
V 186.796800 550.245600 82.000000 25.000000
V 184.399200 407.664000 50.000000 25.000000
V 88.675200 137.556000 50.000000 25.000000
V 28.000080 87.328800 56.000000 25.000000
V 366.544800 84.182400 63.000000 25.000000
V 132.631200 482.320800 50.000000 25.000000
V 272.757600 538.567200 66.000000 25.000000
V 336.384000 162.698400 52.000000 25.000000
V 473.248800 247.860000 62.000000 25.000000
V 107.654400 403.999200 50.000000 25.000000
V 304.250400 337.615200 50.000000 25.000000
V 65.569680 239.983200 50.000000 25.000000
V 454.629600 340.322400 62.000000 25.000000
V 157.831200 334.792800 50.000000 25.000000
V 306.295200 254.232000 51.000000 25.000000
V 385.956000 245.894400 70.000000 25.000000
V 376.768800 301.845600 50.000000 25.000000
V 288.856800 422.006400 46.000000 25.000000
V 417.535200 143.416800 72.000000 25.000000
E 0 1
E 0 10
E 0 19
E 1 21
E 1 22
E 2 15
E 3 8
E 3 13
E 4 19
E 4 21
E 5 22
E 6 12
E 7 8
E 7 9
E 7 13
E 7 14
E 7 25
E 9 21
E 10 11
E 12 15
E 13 17
E 15 22
E 15 26
E 16 23
E 17 21
E 18 22
E 18 25
E 20 24
E 22 23
E 22 24
G Hs_miRNA_regulation_of_prostate_cancer_signaling_WP3981_20250224 31 33
V 507.117600 197.474400 65.000000 25.000000
V 585.295200 310.622400 65.000000 25.000000
V 519.681600 276.739200 65.000000 25.000000
V 461.340000 314.431200 65.000000 25.000000
V 572.788800 216.986400 65.000000 25.000000
V 430.804800 426.045600 65.000000 25.000000
V 32.500080 12.499920 65.000000 25.000000
V 562.960800 137.894400 80.000000 25.000000
V 450.720000 277.488000 65.000000 25.000000
V 569.347200 523.044000 53.000000 25.000000
V 437.472000 506.289600 65.000000 25.000000
V 370.728000 170.596800 65.000000 25.000000
V 236.959200 102.117600 65.000000 25.000000
V 769.032000 209.102400 63.000000 25.000000
V 342.172800 630.151200 55.000000 25.000000
V 333.108000 25.853760 65.000000 25.000000
V 837.504000 177.710400 55.000000 25.000000
V 436.104000 222.602400 57.000000 25.000000
V 166.219200 74.232000 65.000000 25.000000
V 617.752800 263.923200 65.000000 25.000000
V 317.383200 108.640800 65.000000 25.000000
V 386.143200 567.885600 49.000000 25.000000
V 697.644000 239.752800 56.000000 25.000000
V 552.096000 332.740800 65.000000 25.000000
V 613.080000 587.988000 55.000000 25.000000
V 539.611200 206.568000 65.000000 25.000000
V 99.252000 42.419520 65.000000 25.000000
V 907.704000 154.670400 52.000000 25.000000
V 512.208000 462.592800 65.000000 25.000000
V 499.838400 375.868800 65.000000 25.000000
V 648.266400 654.832800 52.000000 25.000000
E 0 2
E 0 7
E 1 2
E 2 3
E 2 4
E 2 8
E 2 17
E 2 19
E 2 23
E 2 25
E 2 29
E 4 7
E 5 10
E 5 29
E 6 26
E 7 25
E 9 24
E 9 28
E 10 21
E 10 28
E 11 17
E 11 20
E 12 18
E 12 20
E 13 16
E 13 22
E 14 21
E 15 20
E 16 27
E 18 26
E 19 22
E 24 30
E 28 29
G Hs_miRNA_targets_in_ECM_and_membrane_receptors_WP2911_20250308 23 33
V 93.391200 96.098400 50.000000 20.000000
V 315.352800 279.986400 68.000000 20.000000
V 221.709600 53.839440 46.000000 20.000000
V 414.590400 358.473600 58.000000 20.000000
V 490.334400 225.698400 58.000000 20.000000
V 400.377600 116.467200 58.000000 20.000000
V 387.403200 208.872000 58.000000 20.000000
V 486.914400 326.563200 56.000000 20.000000
V 274.579200 355.708800 47.000000 20.000000
V 408.362400 78.249600 63.000000 20.000000
V 418.392000 278.294400 46.000000 20.000000
V 292.665600 99.554400 58.000000 20.000000
V 23.500080 65.079360 47.000000 20.000000
V 247.125600 121.780800 58.000000 20.000000
V 457.970400 154.051200 48.000000 20.000000
V 263.800800 33.275520 48.000000 20.000000
V 333.108000 139.204800 46.000000 20.000000
V 369.856800 295.941600 45.000000 20.000000
V 237.189600 172.663200 58.000000 20.000000
V 276.278400 201.621600 45.000000 20.000000
V 452.520000 10.000080 48.000000 20.000000
V 162.072000 142.516800 43.000000 20.000000
V 100.317600 198.086400 58.000000 20.000000
E 0 12
E 0 21
E 1 8
E 1 10
E 1 17
E 1 19
E 2 11
E 2 13
E 3 10
E 3 17
E 4 10
E 4 14
E 5 14
E 5 16
E 6 10
E 6 14
E 6 16
E 6 17
E 7 10
E 9 14
E 9 16
E 9 20
E 11 15
E 11 16
E 11 19
E 13 15
E 13 16
E 13 19
E 13 21
E 16 18
E 18 19
E 18 21
E 21 22
G Hs_ncRNAs_in_Wnt_signaling_in_hepatocellular_carcinoma_WP4336_20250227 17 17
V 30.000240 89.445600 60.000000 20.000000
V 250.416000 228.499200 48.254209 20.000000
V 107.884800 118.908000 54.000000 20.000000
V 144.410400 261.856800 60.000000 20.000000
V 310.017600 285.883200 58.000000 20.000000
V 200.556000 233.949600 60.000000 20.000000
V 102.564000 171.770400 60.000000 20.000000
V 228.830400 102.427200 53.000000 20.000000
V 179.661600 171.432000 60.000000 20.000000
V 347.925600 150.264000 42.000000 20.000000
V 277.740000 34.631280 55.000000 20.000000
V 113.788800 212.587200 60.000000 20.000000
V 135.036000 10.000080 66.000000 20.000000
V 76.399200 402.717600 115.096045 30.000000
V 108.021600 334.490400 60.000000 20.000000
V 264.348000 159.350400 59.000000 20.000000
V 156.254400 90.374400 45.000000 20.000000
E 0 2
E 1 4
E 1 8
E 2 8
E 2 16
E 3 8
E 3 14
E 5 8
E 6 8
E 7 8
E 7 10
E 8 11
E 8 15
E 8 16
E 9 15
E 12 16
E 13 14
G Hs_p38_MAPK_signaling_WP400_20250303 28 31
V 339.249600 70.736400 80.000000 20.000000
V 313.747200 206.791200 80.000000 20.000000
V 376.387200 147.736800 53.333333 20.000000
V 228.808800 340.272000 60.000000 20.000000
V 197.560800 410.680800 93.333333 20.000000
V 127.706400 461.563200 40.000000 20.000000
V 380.750400 430.956000 60.000000 20.000000
V 248.212800 142.315200 53.333333 20.000000
V 94.449600 160.272000 40.000000 20.000000
V 116.964000 125.280000 46.666667 20.000000
V 219.549600 10.000080 46.666667 20.000000
V 132.242400 351.907200 86.666667 20.000000
V 314.791200 258.429600 53.333333 20.000000
V 309.621600 387.410400 86.666667 20.000000
V 156.960000 69.651360 93.333333 20.000000
V 228.362400 248.090400 80.000000 20.000000
V 191.239200 103.665600 40.000000 20.000000
V 186.350400 162.828000 80.000000 20.000000
V 86.954400 530.712000 46.666667 20.000000
V 228.780000 486.496800 46.666667 20.000000
V 91.987200 17.902800 53.333333 20.000000
V 40.000320 373.089600 80.000000 20.000000
V 282.780000 278.280000 66.666667 20.000000
V 177.523200 319.104000 60.000000 20.000000
V 119.815200 192.960000 73.333333 20.000000
V 254.793600 86.630400 80.000000 20.000000
V 444.945600 474.141600 46.666667 20.000000
V 107.402400 379.339200 100.000000 20.000000
E 0 2
E 0 25
E 1 2
E 1 15
E 3 4
E 3 11
E 3 13
E 3 15
E 4 5
E 4 19
E 4 23
E 5 18
E 5 27
E 6 13
E 6 26
E 7 17
E 8 17
E 9 17
E 10 14
E 10 25
E 11 21
E 12 15
E 14 17
E 14 20
E 15 17
E 15 22
E 15 23
E 16 17
E 17 24
E 17 25
E 23 27
