# the graphs of hs.txt laid out by neato -Gstart=1 -Goverlap=false, same box sizes
G Hs_11p11.2_copy_number_variation_syndrome__WP5348_20260223 22 21
V 46.293120 192.477600 90.000000 25.000000
V 573.091200 270.597600 90.000000 25.000000
V 266.011200 12.499920 90.000000 25.000000
V 243.136800 538.466400 90.000000 25.000000
V 475.084800 294.033600 90.000000 25.000000
V 168.940800 396.835200 90.000000 25.000000
V 116.373600 83.664000 90.000000 25.000000
V 537.991200 167.680800 90.000000 25.000000
V 215.078400 85.032000 90.000000 25.000000
V 401.032800 132.112800 90.000000 25.000000
V 365.868000 27.439200 90.000000 25.000000
V 45.000000 302.853600 90.000000 25.000000
V 694.944000 611.906400 90.000000 25.000000
V 503.438400 391.377600 90.000000 25.000000
V 358.192800 538.898400 90.000000 25.000000
V 302.400000 280.072800 90.000000 25.000000
V 482.875200 72.201600 90.000000 25.000000
V 144.244800 500.774400 90.000000 25.000000
V 62.465040 404.222400 90.000000 25.000000
V 497.620800 488.901600 90.000000 25.000000
V 336.348000 447.652800 90.000000 25.000000
V 144.986400 208.368000 90.000000 25.000000
E 15 0
E 15 1
E 15 2
E 15 3
E 15 4
E 15 5
E 15 6
E 15 7
E 15 8
E 15 9
E 15 10
E 15 11
E 19 12
E 15 13
E 15 14
E 15 16
E 15 17
E 15 18
E 19 15
E 15 20
E 15 21
G Hs_15q11q13_copy_number_variation_WP5407_20250721 18 17
V 40.000320 227.505600 80.000000 20.000000
V 423.028800 334.742400 80.000000 20.000000
V 219.132000 10.000080 80.000000 20.000000
V 265.780800 241.221600 80.000000 20.000000
V 314.647200 408.477600 80.000000 20.000000
V 140.493600 354.463200 80.000000 20.000000
V 91.526400 85.514400 80.000000 20.000000
V 483.228000 186.652800 80.000000 20.000000
V 108.194400 173.260800 80.000000 20.000000
V 331.293600 29.560320 80.000000 20.000000
V 210.427200 86.342400 80.000000 20.000000
V 56.792880 326.152800 80.000000 20.000000
V 489.794400 288.100800 80.000000 20.000000
V 402.660000 429.429600 80.000000 20.000000
V 251.359200 465.386400 80.000000 20.000000
V 383.299200 152.877600 80.000000 20.000000
V 429.228000 76.003200 80.000000 20.000000
V 152.856000 438.372000 80.000000 20.000000
E 3 0
E 3 1
E 3 2
E 3 4
E 3 5
E 3 6
E 3 7
E 3 8
E 3 9
E 3 10
E 3 11
E 3 12
E 3 13
E 3 14
E 3 15
E 3 16
E 3 17
G Hs_16p12.2_copy_number_variation_syndrome_(520kb)_WP5510_20250713 18 21
V 540.050400 203.443200 90.000000 25.000000
V 539.992800 419.421600 90.000000 25.000000
V 45.000000 576.331200 90.000000 25.000000
V 400.068000 526.795200 90.000000 25.000000
V 498.103200 495.576000 90.000000 25.000000
V 138.636000 301.442400 90.000000 25.000000
V 216.151200 394.567200 90.000000 25.000000
V 260.330400 531.252000 90.000000 25.000000
V 233.827200 159.487200 90.000000 25.000000
V 407.887200 183.247200 90.000000 25.000000
V 331.862400 129.196800 90.000000 25.000000
V 171.648000 215.452800 90.000000 25.000000
V 740.952000 213.638400 150.263158 25.000000
V 189.216000 498.247200 90.000000 25.000000
V 347.472000 337.896000 90.000000 25.000000
V 507.744000 327.420000 90.000000 25.000000
V 599.097600 12.499920 90.000000 25.000000
V 209.253600 698.342400 90.000000 25.000000
E 0 12
E 14 0
E 16 0
E 1 14
E 2 7
E 2 13
E 3 14
E 14 4
E 5 14
E 7 6
E 13 6
E 6 14
E 7 14
E 17 7
E 8 14
E 9 14
E 10 14
E 11 14
E 13 14
E 17 13
E 15 14
G Hs_22q11.2_copy_number_variation_syndrome_WP4657_20260209 29 33
V 735.912000 105.854400 90.000000 25.000000
V 173.707200 667.468800 90.000000 25.000000
V 722.736000 488.116800 90.000000 25.000000
V 691.754400 627.573600 90.000000 25.000000
V 774.864000 431.229600 90.000000 25.000000
V 960.480000 552.038400 90.000000 25.000000
V 567.496800 516.261600 90.000000 25.000000
V 710.596800 398.217600 90.000000 25.000000
V 612.583200 412.351200 90.000000 25.000000
V 981.936000 478.612800 112.252500 25.000000
V 716.875200 220.593600 90.000000 25.000000
V 721.296000 338.472000 90.000000 25.000000
V 693.086400 564.948000 90.000000 25.000000
V 850.320000 515.232000 90.000000 25.000000
V 877.176000 698.421600 90.000000 25.000000
V 712.144800 751.104000 90.000000 25.000000
V 666.676800 12.499920 128.000000 25.000000
V 45.000000 433.519200 90.000000 25.000000
V 102.376800 751.320000 90.000000 25.000000
V 229.327200 563.457600 90.000000 25.000000
V 624.672000 481.924800 90.000000 25.000000
V 141.544800 485.323200 90.000000 25.000000
V 339.134400 541.965600 90.000000 25.000000
V 791.136000 596.923200 90.000000 25.000000
V 872.856000 457.718400 90.000000 25.000000
V 952.992000 371.836800 90.000000 25.000000
V 823.248000 26.732160 126.000000 25.000000
V 748.656000 863.640000 102.200505 25.000000
V 448.876800 524.592000 90.000000 25.000000
E 10 0
E 0 16
E 0 26
E 1 18
E 19 1
E 2 3
E 2 4
E 6 2
E 7 2
E 8 2
E 2 11
E 2 12
U 2 13
E 2 20
E 2 23
E 2 24
E 3 15
E 13 4
E 13 5
U 24 5
E 28 6
U 13 9
U 24 9
E 11 10
U 23 12
U 24 13
E 23 14
U 15 27
E 21 17
E 19 21
E 19 22
E 22 28
E 24 25
G Hs_2q13_copy_number_variation_syndrome_WP5222_20260319 17 17
V 45.000000 421.617600 90.000000 25.000000
V 506.952000 12.499920 173.694808 25.000000
V 396.360000 107.474400 90.000000 25.000000
V 424.648800 543.787200 90.000000 25.000000
V 367.840800 426.103200 80.000000 20.000000
V 263.232000 510.336000 90.000000 25.000000
V 327.060000 591.314400 90.000000 25.000000
V 657.943200 568.944000 90.000000 25.000000
V 245.822400 340.178400 90.000000 25.000000
V 542.793600 155.210400 90.000000 25.000000
V 322.135200 307.173600 90.000000 25.000000
V 194.011200 429.235200 90.000000 25.000000
V 493.077600 387.612000 90.000000 25.000000
V 282.952800 733.176000 90.000000 25.000000
V 526.514400 497.635200 90.000000 25.000000
V 786.816000 621.410400 192.760706 25.000000
V 432.792000 260.546400 90.000000 25.000000
E 11 0
E 2 1
E 9 1
E 16 2
E 3 4
E 5 4
E 4 6
E 8 4
E 10 4
E 4 11
E 12 4
E 4 14
E 4 16
E 6 13
E 14 7
E 7 15
E 16 9
G Hs_2q37_copy_number_variation_syndrome_WP5224_20250910 15 14
V 64.000080 351.540000 127.653642 25.000000
V 564.480000 864.360000 90.000000 25.000000
V 318.276000 562.204800 90.000000 25.000000
V 170.200800 717.847200 90.000000 25.000000
V 488.145600 426.182400 113.426376 25.000000
V 277.236000 322.790400 197.277394 24.349398
V 520.394400 220.586400 90.000000 25.000000
V 602.258400 12.499920 90.000000 25.000000
V 164.210400 137.793600 80.000000 20.000000
V 932.832000 524.858400 90.000000 25.000000
V 615.362400 253.591200 90.000000 25.000000
V 503.913600 659.131200 90.000000 25.000000
V 733.320000 85.752000 90.000000 25.000000
V 607.269600 555.321600 80.000000 20.000000
V 729.144000 465.012000 90.000000 25.000000
E 5 0
E 11 1
E 2 3
E 4 2
E 4 5
E 4 6
E 4 10
E 4 11
E 13 4
E 4 14
E 8 5
E 6 12
E 10 7
E 14 9
G Hs_3q29_copy_number_variation_syndrome_WP4906_20250815 19 18
V 53.850960 469.548000 90.000000 25.000000
V 476.524800 336.628800 90.000000 25.000000
V 457.156800 136.108800 90.000000 25.000000
V 410.032800 695.772000 184.705882 25.000000
V 332.445600 405.266400 80.000000 20.000000
V 195.940800 434.793600 90.000000 25.000000
V 45.000000 378.597600 90.000000 25.000000
V 266.169600 262.864800 90.000000 25.000000
V 202.989600 130.132800 90.000000 25.000000
V 370.951200 552.859200 104.873950 25.000000
V 196.682400 383.299200 90.000000 25.000000
V 137.642400 12.499920 90.000000 25.000000
V 599.169600 553.723200 90.000000 25.000000
V 431.172000 410.090400 90.000000 25.000000
V 468.439200 490.111200 90.000000 25.000000
V 615.088800 290.440800 90.000000 25.000000
V 265.435200 541.231200 90.000000 25.000000
V 385.682400 266.277600 90.000000 25.000000
V 196.416000 672.919200 90.000000 25.000000
E 10 0
E 4 1
E 1 15
E 17 2
E 9 3
E 4 5
E 4 7
E 4 9
E 4 10
E 13 4
E 4 14
E 4 16
E 4 17
E 5 6
E 7 8
E 8 11
E 14 12
E 16 18
G Hs_5q35_copy_number_variation_WP5380_20250913 18 17
V 242.740800 503.834400 90.000000 25.000000
V 1002.240000 450.684000 90.000000 25.000000
V 805.608000 409.831200 90.000000 25.000000
V 530.172000 532.800000 90.000000 25.000000
V 412.675200 421.963200 90.000000 25.000000
V 438.285600 63.830880 199.255949 25.000000
V 607.845600 383.328000 90.000000 25.000000
V 1183.104000 409.608000 180.250784 25.000000
V 1009.152000 269.510400 90.000000 25.000000
V 618.508800 12.499920 182.637028 25.000000
V 1122.408000 295.977600 90.000000 25.000000
V 942.480000 628.300800 90.000000 25.000000
V 1163.880000 541.612800 90.000000 25.000000
V 631.123200 565.084800 90.000000 25.000000
V 1089.504000 633.988800 188.133462 25.000000
V 81.496800 423.907200 162.526966 25.000000
V 569.966400 190.195200 90.000000 25.000000
V 156.182400 665.496000 90.000000 25.000000
E 4 0
E 0 15
E 0 17
E 2 1
E 1 7
E 1 8
E 1 10
E 1 11
E 1 12
E 1 14
E 6 2
E 3 6
E 6 4
E 16 5
E 13 6
E 6 16
E 16 9
G Hs_ACE2_inhibition_leads_to_pulmonary_fibrosis_WP5035_20240723 19 19
V 679.543200 1763.352000 125.000000 25.000000
V 696.384000 314.877600 148.000000 25.000000
V 419.040000 268.941600 423.806334 25.000000
V 348.163200 431.308800 321.000000 25.000000
V 1179.072000 1259.064000 342.000000 25.000000
V 897.480000 1281.096000 205.000000 25.000000
V 505.504800 574.459200 186.000000 25.000000
V 699.501600 514.224000 256.000000 25.000000
V 471.650400 1195.776000 278.000000 25.000000
V 346.622400 12.499920 390.328806 25.000000
V 1235.808000 1949.760000 175.248506 25.000000
V 711.136800 768.240000 398.294762 25.000000
V 716.608800 1056.816000 256.000000 25.000000
V 1073.160000 1754.208000 221.613886 25.000000
V 876.384000 1566.000000 154.000000 25.000000
V 993.744000 724.824000 280.000000 25.000000
V 951.408000 331.077600 129.490741 25.000000
V 59.999760 363.880800 120.231481 25.000000
V 231.998400 701.784000 342.000000 25.000000
U 14 0
E 6 1
E 3 2
E 2 6
U 2 9
E 7 3
U 17 3
U 5 4
E 5 12
E 14 5
E 11 6
U 6 18
E 11 7
U 16 7
U 12 8
U 13 10
E 12 11
U 11 15
E 14 13
G Hs_ACE_inhibitor_pathway_WP554_20250710 33 34
V 30.000240 82.332000 60.000000 20.000000
V 615.283200 548.330400 60.000000 20.000000
V 340.797600 546.249600 54.000000 20.000000
V 71.793360 233.798400 57.000000 20.000000
V 621.705600 707.990400 37.000000 20.000000
V 578.642400 622.368000 60.000000 20.000000
V 607.903200 969.696000 70.000000 20.000000
V 931.032000 155.152800 59.000000 20.000000
V 155.124000 187.452000 80.000000 20.000000
V 629.632800 402.321600 50.000000 20.000000
V 534.362400 524.836800 80.000000 20.000000
V 236.901600 228.391200 50.000000 20.000000
V 359.812800 438.984000 50.000000 20.000000
V 715.478400 725.040000 32.000000 20.000000
V 556.624800 417.758400 80.000000 20.000000
V 310.406400 279.007200 50.000000 20.000000
V 377.395200 342.676800 91.000000 20.000000
V 603.835200 885.312000 113.750000 20.000000
V 640.461600 451.173600 50.000000 20.000000
V 427.816800 512.769600 51.000000 20.000000
V 129.585600 10.000080 70.000000 20.000000
V 498.866400 595.252800 50.000000 20.000000
V 716.853600 295.077600 50.000000 20.000000
V 601.444800 798.408000 62.000000 20.000000
V 377.395200 592.833600 52.000000 20.000000
V 557.251200 333.763200 50.000000 20.000000
V 637.732800 343.051200 50.000000 20.000000
V 603.835200 1053.072000 55.000000 20.000000
V 791.568000 250.365600 64.000000 20.000000
V 473.896800 351.259200 50.000000 20.000000
V 120.484800 100.281600 60.000000 20.000000
V 484.869600 448.214400 51.000000 20.000000
V 862.704000 203.752800 37.000000 20.000000
E 30 0
E 10 1
E 19 2
E 8 3
E 5 4
E 13 4
E 4 23
E 10 5
E 17 6
E 6 27
E 32 7
E 11 8
E 8 30
E 9 14
E 14 10
E 10 19
E 21 10
E 15 11
E 16 12
E 12 19
E 18 14
E 25 14
E 26 14
E 29 14
E 14 31
E 16 15
E 16 29
E 23 17
E 19 24
E 31 19
E 30 20
E 22 26
E 22 28
E 28 32
G Hs_ALA_oxylipin_metabolism_WP5136_20251030 17 18
V 471.052800 483.602400 120.000000 25.000000
V 634.312800 190.972800 120.000000 25.000000
V 625.824000 417.765600 95.809524 29.444444
V 799.344000 361.101600 120.000000 25.000000
V 920.520000 692.719200 120.000000 25.000000
V 598.132800 313.466400 90.000000 25.000000
V 174.844800 44.444160 120.000000 25.000000
V 794.808000 550.792800 120.000000 25.000000
V 348.660000 648.583200 120.000000 25.000000
V 243.252000 223.120800 120.000000 25.000000
V 700.034400 12.499920 120.000000 25.000000
V 59.999760 274.060800 120.000000 25.000000
V 666.655200 600.616800 90.000000 25.000000
V 420.242400 313.315200 120.000000 25.000000
V 551.642400 597.600000 124.081633 25.000000
V 743.688000 277.783200 90.000000 25.000000
V 983.376000 288.828000 120.000000 25.000000
E 2 0
E 5 0
E 0 8
E 2 1
E 5 1
E 1 10
E 2 3
E 2 7
E 12 2
E 2 13
E 14 2
E 15 2
E 5 3
E 3 16
E 7 4
E 9 6
E 9 11
E 13 9
G Hs_Acetylcholine_synthesis_WP528_20250530 17 21
V 333.417600 789.408000 60.000000 20.000000
V 563.320800 147.031200 60.000000 20.000000
V 45.000000 12.499920 90.000000 25.000000
V 585.784800 783.648000 170.000000 20.000000
V 757.296000 796.608000 157.000000 20.000000
V 458.604000 660.420000 110.000000 20.000000
V 448.862400 288.518400 85.000000 20.000000
V 558.079200 359.136000 64.333333 20.000000
V 638.913600 520.531200 140.000000 20.000000
V 777.456000 623.642400 125.000000 20.000000
V 153.698400 126.532800 70.000000 20.000000
V 290.131200 222.696000 80.000000 20.000000
V 862.704000 919.944000 60.000000 20.000000
V 420.991200 141.393600 62.333333 20.000000
V 301.730400 554.385600 60.000000 20.000000
V 299.635200 391.708800 60.000000 20.000000
V 457.833600 475.869600 64.333333 20.000000
E 0 5
E 1 6
E 1 13
E 2 10
E 3 4
E 5 3
E 4 9
E 12 4
E 16 5
U 6 7
E 11 6
U 13 6
E 16 6
E 7 16
E 9 8
E 8 16
E 10 11
E 13 11
E 15 11
E 14 16
E 15 16
G Hs_Aerobic_glycolysis_-_augmented_WP4628_20250923 36 38
V 472.600800 32.017680 60.000000 20.000000
V 256.183200 344.368800 100.000000 20.000000
V 488.995200 267.919200 60.000000 20.000000
V 662.140800 322.300800 175.000000 29.293000
V 329.551200 86.371200 63.333333 20.000000
V 29.499840 287.582400 59.282219 20.000000
V 270.244800 191.037600 100.000000 20.000000
V 544.824000 115.070400 60.000000 20.000000
V 39.625200 184.694400 60.000000 20.000000
V 612.878400 87.069600 60.000000 20.000000
V 224.409600 104.738400 60.000000 20.000000
V 209.606400 259.041600 100.000000 20.000000
V 159.012000 194.378400 60.000000 20.000000
V 384.055200 552.664800 60.000000 20.000000
V 453.830400 207.014400 100.000000 20.000000
V 828.360000 209.808000 60.000000 20.000000
V 608.407200 147.528000 64.784641 20.000000
V 295.977600 547.336800 100.000000 20.000000
V 152.848800 314.640000 60.000000 20.000000
V 807.840000 327.607200 100.000000 20.000000
V 196.351200 413.330400 60.000000 20.000000
V 378.338400 169.531200 100.000000 20.000000
V 358.732800 470.973600 100.000000 20.000000
V 561.902400 189.345600 100.000000 20.000000
V 276.969600 633.981600 100.000000 20.000000
V 751.968000 263.685600 100.000000 20.000000
V 649.396800 8.500320 30.873793 17.243484
V 359.510400 28.290960 150.000000 30.023434
V 724.032000 176.234400 150.000000 29.292929
V 436.348800 521.661600 60.000000 20.000000
V 109.332000 246.045600 59.282219 20.000000
V 424.576800 121.788000 100.000000 20.000000
V 349.768800 372.924000 100.000000 20.000000
V 881.712000 366.177600 60.000000 20.000000
V 643.975200 236.145600 100.000000 20.000000
V 416.102400 301.341600 60.000000 20.000000
E 0 31
E 11 1
E 20 1
E 1 32
E 2 14
E 34 3
E 4 21
E 30 5
E 10 6
E 6 11
E 21 6
E 7 23
E 8 30
E 16 9
E 9 23
E 26 9
E 12 11
E 18 11
E 11 30
E 13 22
E 14 21
E 23 14
E 14 31
E 14 35
E 15 25
E 23 16
E 22 17
E 17 24
E 19 25
E 33 19
E 31 21
E 29 22
E 32 22
E 23 34
E 25 34
E 31 27
E 34 28
E 35 32
G Hs_Aflatoxin_B1_metabolism_WP699_20260531 19 19
V 148.060800 241.113600 180.000000 20.000000
V 1028.376000 277.394400 180.000000 20.000000
V 728.856000 113.083200 200.000000 20.000000
V 634.017600 400.579200 80.000000 20.000000
V 1003.464000 371.815200 80.000000 20.000000
V 90.000000 101.390400 180.000000 20.000000
V 567.280800 224.704800 165.000000 20.000000
V 421.747200 187.891200 140.000000 20.000000
V 892.368000 179.704800 80.000000 20.000000
V 877.248000 322.639200 80.000000 20.000000
V 715.370400 269.906400 170.000000 20.000000
V 928.224000 491.299200 80.000000 20.000000
V 292.478400 274.240800 180.000000 20.000000
V 1060.416000 568.447200 125.000000 20.000000
V 894.096000 641.109600 80.000000 20.000000
V 210.996000 10.000080 180.000000 20.000000
V 980.352000 194.436000 80.000000 20.000000
V 809.280000 436.982400 80.000000 20.000000
V 354.513600 48.604320 180.000000 20.000000
E 0 5
E 12 0
E 9 1
E 10 2
E 3 10
E 4 9
E 15 5
E 6 7
E 10 6
E 7 12
E 7 18
E 8 9
E 9 10
E 9 11
E 9 16
E 17 9
E 11 13
E 14 11
E 18 15
G Hs_Age-related_macular_degeneration_WP5526_20251030 15 20
V 237.211200 291.391200 80.000000 20.000000
V 641.455200 162.748800 60.000000 20.000000
V 417.074400 17.068320 60.000000 25.000000
V 154.699200 190.634400 60.000000 20.000000
V 134.200800 260.971200 110.000000 50.000000
V 315.223200 318.369600 60.000000 20.000000
V 182.944800 112.651200 90.000000 40.000000
V 642.909600 20.000160 90.000000 40.000000
V 259.336800 206.020800 60.000000 25.000000
V 509.263200 13.348080 70.000000 20.000000
V 349.509600 149.796000 40.000000 25.000000
V 40.000320 217.958400 80.000000 20.000000
V 562.075200 89.553600 60.000000 20.000000
V 444.002400 90.712800 60.000000 25.000000
V 476.078400 146.354400 90.000000 25.000000
E 3 0
E 5 0
E 8 0
E 1 12
E 13 2
E 2 14
E 3 6
E 3 8
E 3 11
E 8 4
E 11 4
E 8 5
E 8 6
E 12 7
E 10 8
E 12 9
E 13 9
U 10 13
E 13 12
E 13 14
G Hs_Airway_smooth_muscle_cell_contraction_WP4962_20250714 22 21
V 575.402400 217.836000 58.000000 23.500000
V 1091.520000 173.736000 90.000000 25.000000
V 411.336000 248.868000 58.000000 23.500000
V 620.474400 185.817600 58.000000 23.500000
V 113.673600 304.747200 61.000000 25.000000
V 641.944800 120.283200 54.000000 25.000000
V 1068.840000 212.925600 90.000000 25.000000
V 345.276000 246.844800 58.000000 23.500000
V 493.372800 241.236000 90.000000 25.000000
V 279.244800 258.127200 58.000000 29.500000
V 666.280800 87.256800 58.000000 25.000000
V 665.020800 51.732000 59.000000 25.000000
V 1076.472000 246.348000 90.000000 25.000000
V 704.980800 123.660000 56.000000 25.000000
V 613.519200 153.302400 90.000000 25.000000
V 894.456000 203.608800 73.000000 25.000000
V 663.876000 12.499920 52.000000 25.000000
V 739.872000 156.506400 50.000000 24.000000
V 45.000000 337.752000 90.000000 25.000000
V 197.215200 275.565600 90.000000 25.000000
V 811.440000 186.170400 77.000000 25.500000
V 975.528000 207.633600 73.000000 25.000000
E 3 0
E 0 8
E 1 6
E 7 2
E 2 8
E 14 3
E 18 4
U 4 19
E 10 5
E 5 14
E 6 12
E 21 6
E 9 7
E 19 9
E 11 10
E 10 13
E 16 11
E 13 17
E 20 15
E 15 21
E 17 20
G Hs_Alpha_6_beta_4_signaling_WP244_20251030 16 17
V 114.004800 164.383200 54.000000 20.000000
V 104.544000 390.240000 60.445800 20.000000
V 148.269600 246.420000 42.000000 20.000000
V 436.874400 345.528000 53.500000 20.000000
V 160.020000 88.322400 50.000000 20.000000
V 21.000240 352.828800 42.000000 20.000000
V 68.074560 236.001600 50.000000 20.000000
V 304.977600 277.984800 42.000000 20.000000
V 43.845120 115.754400 42.000000 20.000000
V 231.033600 251.280000 42.000000 20.000000
V 93.852000 90.194400 42.000000 20.000000
V 28.457280 167.263200 42.000000 20.000000
V 198.626400 177.760800 42.000000 20.000000
V 92.851200 311.673600 42.000000 20.000000
V 374.961600 305.488800 42.000000 20.000000
V 178.344000 10.000080 50.000000 20.000000
E 0 2
E 4 0
E 0 6
E 0 8
E 0 10
E 0 11
E 0 12
E 13 1
E 2 9
E 13 2
E 14 3
U 15 4
E 13 5
E 6 13
E 9 7
E 7 14
E 12 9
G Hs_Alstrom_syndrome_WP5202_20251108 17 16
V 154.404000 198.482400 60.000000 25.000000
V 208.958400 105.494400 60.000000 25.000000
V 30.000240 220.910400 60.000000 25.000000
V 211.824000 298.224000 60.000000 25.000000
V 340.120800 400.039200 60.000000 25.000000
V 125.661600 270.259200 60.000000 25.000000
V 168.141600 147.362400 70.000000 25.000000
V 339.948000 226.418400 60.000000 25.000000
V 279.828000 321.307200 60.000000 25.000000
V 295.747200 123.624000 60.000000 25.000000
V 171.244800 12.499920 60.000000 25.000000
V 38.222640 311.608800 60.000000 25.000000
V 106.308000 373.492800 60.000000 25.000000
V 304.560000 268.257600 70.000000 25.000000
V 233.395200 214.941600 60.000000 25.000000
V 368.827200 55.801440 60.000000 25.000000
V 313.401600 178.070400 60.000000 25.000000
E 14 0
E 10 1
E 14 1
E 2 5
E 14 3
E 8 4
E 5 11
E 5 12
E 14 5
E 14 6
E 14 7
E 14 8
E 14 9
E 9 15
E 14 13
E 16 14
G Hs_Amino_acid_metabolism_in_triple-negative_breast_cancer_cells_WP5213_20260707 35 36
V 293.644800 599.760000 90.000000 25.000000
V 679.759200 279.943200 90.000000 25.000000
V 1072.728000 557.107200 90.000000 25.000000
V 1100.376000 756.216000 90.000000 25.000000
V 950.544000 780.408000 90.000000 25.000000
V 393.696000 12.499920 136.510474 25.000000
V 435.686400 564.235200 136.510474 30.140573
V 1500.336000 712.260000 90.000000 25.000000
V 542.541600 222.638400 90.000000 25.000000
V 1299.528000 567.014400 90.000000 25.000000
V 1095.048000 987.336000 90.000000 25.000000
V 717.796800 933.120000 90.000000 25.000000
V 824.328000 676.612800 90.000000 25.000000
V 166.147200 635.983200 90.000000 25.000000
V 1000.512000 675.972000 90.000000 25.000000
V 871.056000 558.338400 107.705882 25.000000
V 618.789600 102.657600 90.000000 25.000000
V 45.000000 669.693600 90.000000 25.000000
V 695.520000 603.129600 90.000000 25.000000
V 448.560000 128.116800 90.000000 25.000000
V 1013.616000 1067.112000 122.583333 25.000000
V 918.576000 1221.480000 90.000000 25.000000
V 1016.568000 1200.816000 90.000000 25.000000
V 1234.944000 687.628800 80.592664 25.000000
V 389.714400 682.243200 90.000000 25.000000
V 577.584000 513.835200 159.663727 31.243109
V 582.624000 362.505600 112.633007 25.000000
V 350.978400 470.541600 90.000000 25.000000
V 819.792000 841.608000 88.864756 25.000000
V 1371.816000 718.149600 90.000000 25.000000
V 966.384000 945.648000 95.091249 25.000000
V 1198.728000 836.280000 90.000000 25.000000
V 844.200000 1188.432000 90.000000 25.000000
V 917.280000 842.904000 90.000000 25.000000
V 887.976000 1072.728000 95.091249 25.000000
E 0 6
E 13 0
E 1 26
E 2 14
E 4 3
E 23 3
E 3 31
E 4 12
E 14 4
E 28 4
E 4 30
E 33 4
E 19 5
E 24 6
E 6 25
E 6 27
E 29 7
E 16 8
E 8 19
E 26 8
E 9 23
E 30 10
E 11 28
E 12 15
E 18 12
E 17 13
E 18 25
E 22 20
E 20 30
E 21 22
E 34 21
E 22 32
E 23 29
E 25 26
E 30 34
E 32 34
G Hs_Amino_acid_metabolism_pathway_excerpt:_histidine_catabolism_extension_WP4661_20251030 23 23
V 40.000320 112.248000 80.000000 20.000000
V 1040.832000 293.205600 80.000000 20.000000
V 703.209600 368.380800 80.000000 20.000000
V 479.757600 427.622400 60.000000 20.000000
V 267.415200 136.756800 89.666667 20.000000
V 381.319200 343.080000 80.000000 20.000000
V 579.110400 161.539200 60.000000 20.000000
V 612.684000 270.144000 80.000000 20.000000
V 211.788000 34.254720 80.000000 27.333333
V 648.619200 150.019200 62.831748 22.402869
V 843.552000 166.255200 80.000000 20.000000
V 52.269840 261.518400 60.000000 30.466693
V 790.344000 457.639200 80.000000 20.000000
V 475.372800 298.540800 72.666667 20.000000
V 610.783200 378.115200 80.000000 20.000000
V 299.815200 10.000080 80.000000 20.000000
V 729.144000 214.005600 80.000000 20.000000
V 375.537600 205.689600 80.000000 20.000000
V 409.219200 418.456800 60.000000 20.000000
V 1018.800000 413.827200 80.000000 20.000000
V 142.394400 178.869600 80.000000 20.000000
V 910.800000 474.847200 80.000000 20.000000
V 961.776000 197.301600 80.000000 20.000000
E 20 0
U 19 1
U 1 22
U 7 2
U 12 2
E 3 13
E 8 4
E 15 4
E 4 17
E 4 20
E 13 5
E 6 7
E 7 9
E 7 13
E 7 14
U 16 7
U 10 16
U 22 10
E 11 20
U 21 12
E 13 17
E 18 13
U 21 19
G Hs_Amyotrophic_lateral_sclerosis_(ALS)_WP2447_20250715 30 32
V 227.419200 561.376800 40.000000 20.000000
V 354.729600 454.132800 62.323741 20.000000
V 379.821600 10.000080 59.767507 20.000000
V 72.820800 537.703200 33.000000 20.000000
V 401.731200 295.236000 43.207935 20.000000
V 291.477600 327.211200 65.333333 20.000000
V 260.301600 508.888800 115.000000 25.285714
V 428.724000 223.905600 83.000000 20.000000
V 113.947200 371.116800 66.666667 20.000000
V 184.284000 399.139200 64.000000 20.000000
V 124.754400 517.802400 44.333333 20.000000
V 226.972800 441.280800 36.980392 20.000000
V 362.095200 168.595200 46.000000 20.000000
V 365.824800 511.358400 80.000000 22.000000
V 177.026400 597.657600 42.000000 20.000000
V 380.304000 116.272800 87.598007 25.285714
V 287.049600 459.748800 45.000000 20.000000
V 103.111200 399.160800 60.666667 20.000000
V 296.604000 555.940800 29.000000 20.000000
V 168.631200 427.161600 63.000000 20.000000
V 22.500000 558.489600 45.000000 20.000000
V 239.270400 195.876000 97.000000 20.000000
V 261.230400 380.980800 56.666667 20.633837
V 226.864800 619.948800 39.000000 19.000000
V 174.787200 496.713600 40.000000 20.000000
V 262.972800 167.875200 47.042847 20.000000
V 272.577600 608.860800 35.990408 20.000000
V 330.645600 223.898400 97.000000 20.000000
V 381.960000 62.544240 62.323741 20.000000
V 331.351200 280.584000 41.380952 29.285714
E 0 14
E 0 18
E 23 0
E 24 0
U 0 26
U 1 16
E 28 2
E 3 10
U 3 20
E 29 4
E 5 22
E 29 5
U 16 6
U 18 6
U 24 6
E 27 7
E 8 19
E 9 11
E 17 9
U 24 10
E 11 16
E 19 11
E 22 11
U 11 24
E 15 12
U 12 27
E 16 13
E 18 13
E 28 15
E 21 27
U 25 27
E 27 29
G Hs_Angiogenesis_overview_WP1993_20250910 38 42
V 515.815200 178.812000 63.206325 32.818669
V 524.779200 453.830400 83.710689 40.349382
V 697.737600 18.643680 36.000000 36.500000
V 453.211200 478.476000 42.997500 32.445000
V 668.815200 95.781600 38.300000 29.900000
V 328.845600 129.880800 61.990819 18.232594
V 137.361600 213.177600 110.666667 36.500000
V 410.630400 210.211200 51.153333 45.333333
V 428.572800 306.993600 45.202500 23.152500
V 300.506400 48.248640 60.059806 18.232594
V 652.060800 178.689600 55.827625 22.541333
V 348.264000 339.832800 45.702500 20.947500
V 458.776800 394.372800 60.697506 39.389813
V 405.511200 18.000000 96.500000 36.500000
V 521.740800 301.003200 34.057500 20.470000
V 830.880000 89.460000 85.833333 36.500000
V 588.830400 356.320800 41.450000 26.750000
V 579.952800 226.641600 44.600000 35.150000
V 329.558400 220.867200 81.682020 38.288447
V 429.552000 160.682400 44.258225 38.180694
V 244.015200 478.310400 62.450000 25.700000
V 113.378400 336.211200 60.500000 29.833333
V 216.676800 552.600000 46.446136 38.788447
V 262.576800 390.290400 65.590360 33.683321
V 210.434400 426.794400 28.078194 22.973068
V 113.414400 269.510400 107.615862 28.142803
V 616.492800 48.856320 76.500000 39.500000
V 514.936800 72.345600 110.313394 49.612500
V 36.000000 355.528800 72.500000 39.166667
V 61.426080 169.639200 97.833333 35.166667
V 737.856000 106.401600 84.500000 49.500000
V 265.579200 284.968800 99.903010 30.152154
V 409.896000 108.669600 84.500000 49.500000
V 345.103200 186.321600 63.814078 15.315379
V 255.837600 346.752000 39.350000 25.700000
V 571.154400 271.857600 25.700000 30.950000
V 191.498400 289.346400 32.461991 99.841324
V 488.224800 228.038400 52.093125 28.283000
E 17 0
E 0 19
E 0 37
E 12 1
E 4 2
E 3 12
E 10 4
E 4 26
E 30 4
E 5 7
E 9 5
E 32 5
E 29 6
E 6 36
E 8 7
E 32 7
E 7 33
E 7 37
E 11 8
E 8 12
E 14 8
E 10 17
E 34 11
E 13 32
E 14 16
E 14 17
E 15 30
E 18 19
E 31 18
E 19 27
E 20 22
E 20 23
E 24 20
E 28 21
E 21 36
E 23 31
E 34 24
E 25 36
E 26 27
E 36 31
E 36 34
E 37 35
G Hs_Angiopoietin-like_protein_8_regulatory_pathway_WP3915_20251030 19 19
V 314.352000 634.737600 90.000000 25.000000
V 414.439200 307.353600 90.000000 25.000000
V 395.316000 12.499920 90.000000 25.000000
V 266.832000 528.487200 90.000000 25.000000
V 373.672800 357.357600 140.000000 58.500000
V 456.516000 111.348000 90.000000 25.000000
V 217.483200 245.001600 90.000000 25.000000
V 278.179200 174.038400 90.000000 25.000000
V 171.482400 292.860000 90.000000 25.000000
V 561.794400 79.761600 90.000000 25.000000
V 241.387200 723.312000 90.000000 25.000000
V 62.500320 254.016000 125.000000 35.000000
V 300.348000 290.052000 90.000000 25.000000
V 280.036800 413.121600 90.000000 25.000000
V 403.135200 703.166400 90.000000 25.000000
V 394.315200 209.282400 90.000000 25.000000
V 464.940000 788.616000 90.000000 25.000000
V 294.616800 61.742880 90.000000 25.000000
V 154.440000 562.147200 90.000000 25.000000
E 0 3
E 10 0
E 14 0
E 12 1
E 5 2
E 2 17
E 3 13
E 18 3
E 12 4
E 9 5
E 5 15
E 12 6
E 7 12
E 17 7
E 8 11
E 12 8
E 13 12
E 15 12
E 16 14
G Hs_Angiotensin_II_receptor_type_1_pathway_WP5036_20250705 15 14
V 377.532000 843.696000 90.000000 25.000000
V 150.746400 183.758400 60.000000 24.370968
V 30.000240 12.499920 60.000000 25.000000
V 412.012800 736.200000 104.000000 25.000000
V 558.547200 699.357600 60.000000 25.000000
V 210.931200 270.964800 60.000000 24.370968
V 277.034400 354.744000 60.000000 24.370968
V 399.074400 536.846400 60.000000 25.000000
V 322.876800 1051.416000 100.000000 25.000000
V 335.664000 445.593600 60.000000 25.000000
V 587.563200 579.844800 60.000000 25.000000
V 79.524000 105.566400 60.000000 25.000000
V 700.574400 564.012000 150.000000 50.000000
V 355.672800 950.040000 100.000000 25.000000
V 473.284800 629.366400 60.000000 25.000000
E 0 3
E 13 0
E 5 1
E 1 11
U 11 2
E 3 14
E 14 4
E 6 5
E 9 6
E 7 9
E 14 7
U 8 13
E 10 12
E 14 10
G Hs_Apoptosis_WP254_20251031 15 16
V 30.000240 10.000080 60.000000 20.000000
V 168.544800 243.684000 60.000000 20.000000
V 84.153600 61.817760 60.000000 20.000000
V 137.541600 314.935200 60.000000 20.000000
V 101.606400 194.832000 60.000000 20.000000
V 273.564000 215.056800 60.000000 20.000000
V 208.792800 90.511200 60.000000 20.000000
V 213.451200 165.312000 60.000000 20.000000
V 276.804000 103.312800 60.000000 20.000000
V 216.432000 316.252800 66.666667 20.000000
V 135.396000 125.150400 60.000000 20.000000
V 89.388000 274.442400 60.000000 20.000000
V 340.567200 57.105360 60.000000 20.000000
V 293.644800 170.121600 60.000000 20.000000
V 244.843200 389.253600 60.000000 20.000000
E 0 2
E 1 3
E 1 4
E 1 7
E 9 1
E 1 11
E 2 10
E 10 4
E 5 7
E 13 5
E 6 7
E 8 7
E 10 7
E 13 7
E 12 8
E 14 9
G Hs_Apoptosis_modulation_and_signaling_WP1772_20250714 24 25
V 323.136000 595.188000 57.000000 29.666667
V 385.106400 683.395200 70.000000 50.000000
V 342.064800 133.084800 70.000000 50.000000
V 20.000160 10.000080 40.000000 20.000000
V 826.272000 404.726400 60.000000 20.000000
V 255.110400 177.508800 40.000000 20.000000
V 634.730400 52.994160 70.000000 50.000000
V 405.129600 139.226400 40.000000 50.000000
V 102.132000 54.277200 40.000000 20.000000
V 547.804800 343.051200 60.000000 20.000000
V 511.106400 223.869600 40.000000 50.000000
V 217.152000 615.880800 70.000000 50.000000
V 653.097600 324.432000 46.666667 20.000000
V 730.728000 387.511200 40.000000 20.000000
V 630.972000 407.354400 46.666667 20.000000
V 577.339200 136.080000 52.666667 32.666667
V 356.140800 229.377600 53.333333 20.000000
V 285.228000 687.218400 70.000000 50.000000
V 398.066400 412.308000 53.333333 20.000000
V 273.780000 276.364800 70.000000 50.000000
V 321.278400 488.505600 70.000000 50.000000
V 176.191200 114.436800 53.333333 20.000000
V 442.720800 307.605600 60.000000 20.000000
V 399.283200 519.825600 70.000000 50.000000
E 1 0
E 11 0
E 17 0
E 0 20
E 0 23
U 2 16
E 3 8
E 4 13
E 16 5
E 5 21
E 6 15
E 7 16
E 8 21
E 12 9
E 14 9
U 22 9
E 15 10
E 10 22
E 13 12
E 13 14
U 19 16
E 16 22
E 20 18
E 18 22
E 23 18
G Hs_Arsenic_metabolism_and_reactive_oxygen_species_generation_WP5233_20250709 23 22
V 168.343200 286.653600 82.347431 39.316239
V 98.827200 175.896000 143.879383 45.142857
V 407.354400 282.614400 73.500000 45.142857
V 250.020000 620.870400 73.500000 45.142857
V 767.592000 470.210400 99.500000 45.142857
V 278.316000 365.385600 74.000000 45.142857
V 298.944000 40.253040 73.500000 45.142857
V 761.256000 148.161600 143.879383 45.142857
V 121.651200 600.969600 74.000000 45.142857
V 555.357600 298.785600 73.500000 45.142857
V 414.338400 22.500000 73.500000 45.142857
V 660.175200 396.136800 72.500000 45.142857
V 369.792000 421.300800 82.987179 51.782051
V 310.219200 481.312800 82.987179 51.782051
V 675.640800 527.299200 73.500000 45.142857
V 786.744000 359.157600 73.500000 45.142857
V 666.619200 57.906000 73.500000 45.142857
V 196.682400 492.588000 74.000000 45.142857
V 43.359120 696.319200 82.987179 51.782051
V 36.499680 277.970400 73.500000 45.142857
V 378.360000 147.103200 82.347431 39.316239
V 69.262560 477.057600 73.500000 45.142857
V 636.861600 186.292800 82.347431 39.316239
E 1 0
E 0 5
E 0 19
E 2 5
E 9 2
E 20 2
E 17 3
E 4 11
E 5 12
E 5 13
E 5 17
E 6 20
E 7 22
E 17 8
E 8 18
E 11 9
E 22 9
E 20 10
E 11 14
E 15 11
E 22 16
E 21 17
G Hs_Aspirin_and_miRNAs_WP4707_20260208 23 26
V 236.865600 462.218400 102.726345 25.000000
V 637.372800 303.429600 90.000000 25.000000
V 487.080000 79.790400 90.000000 25.000000
V 345.362400 241.387200 90.000000 25.000000
V 174.722400 169.704000 90.000000 25.000000
V 418.708800 208.382400 102.726345 25.000000
V 279.619200 331.423200 90.000000 25.000000
V 741.600000 394.372800 90.000000 25.000000
V 616.874400 484.408800 90.000000 25.000000
V 330.285600 12.499920 90.000000 25.000000
V 45.000000 404.344800 90.000000 25.000000
V 257.371200 758.160000 90.000000 25.000000
V 800.568000 593.899200 90.000000 25.000000
V 430.927200 807.840000 90.000000 25.000000
V 390.441600 618.220800 90.000000 25.000000
V 702.496800 128.469600 90.000000 25.000000
V 838.800000 255.117600 90.000000 25.000000
V 682.279200 715.420800 90.000000 25.000000
V 568.231200 258.904800 90.000000 25.000000
V 85.752000 580.449600 90.000000 25.000000
V 581.328000 541.137600 90.000000 25.000000
V 391.500000 514.461600 90.000000 25.000000
V 447.969600 401.508000 109.676617 25.000000
E 0 10
E 0 19
E 22 0
E 1 15
E 1 16
E 22 1
E 3 2
E 18 2
E 3 4
E 22 3
E 6 4
U 9 5
E 22 5
E 22 6
E 18 7
E 20 7
E 8 12
E 22 8
E 14 11
E 14 13
E 22 14
E 18 15
E 20 17
E 22 18
E 22 20
E 22 21
G Hs_Autophagy_in_pancreatic_ductal_adenocarcinoma_WP5331_20251031 19 22
V 196.473600 58.984560 69.892202 25.363316
V 67.852800 233.575200 69.892202 25.363316
V 245.880000 25.981200 69.892202 25.363316
V 119.268000 298.202400 69.892202 25.363316
V 445.860000 139.550400 69.892202 25.363316
V 482.342400 12.499920 69.892202 25.363316
V 255.319200 113.803200 138.642202 26.408877
V 175.392000 353.815200 80.000000 25.363316
V 209.066400 188.820000 69.892202 25.363316
V 206.020800 665.208000 69.892202 25.363316
V 144.050400 514.123200 69.892202 25.363316
V 120.340800 168.300000 69.892202 25.363316
V 367.833600 132.451200 69.892202 25.363316
V 199.310400 276.220800 69.892202 25.363316
V 166.593600 435.556800 69.892202 25.363316
V 333.360000 62.117280 69.892202 25.363316
V 420.832800 67.607280 69.892202 25.363316
V 185.580000 587.520000 101.000000 32.000000
V 50.500080 549.252000 101.500000 29.583333
E 6 0
E 3 1
E 11 1
E 6 2
E 7 3
E 13 3
E 12 4
E 16 4
E 16 5
E 8 6
E 6 12
E 6 15
E 7 13
E 14 7
E 8 11
E 13 8
E 9 17
E 14 10
E 10 17
E 10 18
E 12 16
E 15 16
G Hs_Axon_guidance_WP5289_20250728 28 27
V 337.500000 321.372000 100.000000 25.000000
V 381.009600 450.417600 215.916667 25.000000
V 274.917600 522.792000 50.000000 20.000000
V 481.917600 419.896800 50.000000 20.000000
V 239.997600 438.868800 50.000000 20.000000
V 345.902400 10.000080 50.000000 20.000000
V 56.211120 174.967200 50.000000 20.000000
V 337.485600 109.224000 50.000000 20.000000
V 333.180000 215.640000 50.000000 20.000000
V 499.492800 175.636800 50.000000 20.000000
V 140.824800 227.793600 50.000000 20.000000
V 229.406400 280.303200 50.000000 20.000000
V 679.039200 728.208000 60.000000 20.000000
V 522.813600 600.667200 50.000000 20.000000
V 603.684000 664.639200 60.000000 20.000000
V 426.031200 254.613600 50.000000 20.000000
V 842.328000 826.272000 50.000000 20.000000
V 757.728000 783.648000 50.000000 20.000000
V 428.796000 549.367200 50.000000 20.000000
V 392.090400 649.404000 50.000000 20.000000
V 368.287200 749.664000 50.000000 20.000000
V 154.166400 444.052800 60.000000 20.000000
V 423.604800 414.108000 50.000000 20.000000
V 24.999840 702.820800 50.000000 20.000000
V 100.713600 640.051200 50.000000 20.000000
V 676.555200 342.388800 50.000000 20.000000
V 581.882400 382.694400 50.000000 20.000000
V 187.747200 584.532000 50.000000 20.000000
E 0 1
E 8 0
E 11 0
E 15 0
E 2 1
E 3 1
E 4 1
E 18 1
E 22 1
E 27 2
E 26 3
E 21 4
E 5 7
E 6 10
E 7 8
E 9 15
E 10 11
E 14 12
E 12 17
E 14 13
E 13 18
E 16 17
E 18 19
E 19 20
E 23 24
E 24 27
E 25 26
G Hs_BDNF-TrkB_signaling_WP3676_20250706 24 23
V 986.760000 680.140800 80.000000 20.000000
V 750.528000 680.702400 80.000000 20.000000
V 742.824000 232.344000 80.000000 20.000000
V 730.728000 415.274400 80.000000 20.000000
V 128.008800 277.884000 80.000000 20.000000
V 686.556000 321.962400 80.000000 20.000000
V 303.703200 257.752800 80.000000 20.000000
V 700.682400 147.830400 80.000000 20.000000
V 394.286400 280.425600 80.000000 20.000000
V 1159.632000 715.161600 80.000000 20.000000
V 486.338400 300.801600 80.000000 20.000000
V 211.852800 228.967200 80.000000 22.000000
V 1079.496000 831.600000 80.000000 20.000000
V 821.160000 168.868800 80.000000 20.000000
V 920.664000 10.000080 80.000000 20.000000
V 872.640000 88.120800 80.000000 20.000000
V 582.559200 315.669600 80.000000 20.000000
V 706.075200 765.000000 80.000000 20.000000
V 180.748800 135.216000 80.000000 20.000000
V 810.144000 598.500000 80.000000 20.000000
V 773.136000 504.446400 80.000000 20.000000
V 1065.168000 735.552000 80.000000 20.000000
V 40.000320 302.565600 80.000000 20.000000
V 905.184000 630.964800 80.000000 20.000000
E 21 0
E 23 0
E 17 1
E 1 19
E 5 2
E 7 2
E 13 2
E 5 3
E 20 3
E 11 4
E 4 22
E 16 5
E 8 6
E 6 11
E 10 8
E 9 21
E 10 16
E 11 18
E 21 12
E 15 13
E 14 15
E 19 20
E 19 23
G Hs_BMP_signaling_in_eyelid_development_WP3927_20250311 17 19
V 499.464000 155.239200 80.000000 20.000000
V 665.042400 24.853680 80.000000 20.000000
V 610.308000 120.189600 147.000000 18.000000
V 451.800000 428.421600 80.000000 20.000000
V 815.904000 163.684800 80.000000 20.000000
V 563.896800 455.364000 80.000000 20.000000
V 139.766400 313.257600 80.000000 20.000000
V 708.127200 191.786400 156.000000 20.000000
V 577.044000 10.000080 80.000000 20.000000
V 413.726400 227.037600 80.000000 20.000000
V 40.000320 297.338400 80.000000 20.000000
V 342.432000 333.309600 80.000000 20.000000
V 243.799200 313.372800 80.000000 20.000000
V 336.650400 419.248800 80.000000 20.000000
V 430.509600 320.328000 80.000000 20.000000
V 667.821600 405.972000 80.000000 20.000000
V 722.592000 306.410400 80.000000 20.000000
E 0 2
E 9 0
E 2 1
E 1 8
E 2 7
E 8 2
E 3 5
E 11 3
E 4 7
E 5 15
E 6 10
E 12 6
E 7 16
E 11 9
E 9 14
E 11 12
E 11 13
E 13 14
E 15 16
G Hs_Benzene_metabolism_WP3891_20251101 20 19
V 40.000320 366.537600 80.000000 20.000000
V 270.345600 106.682400 80.000000 20.000000
V 83.520000 27.298080 53.234508 20.000000
V 428.133600 502.704000 105.620899 20.000000
V 498.873600 386.906400 54.318348 20.000000
V 286.365600 448.250400 94.000000 28.000000
V 195.825600 180.547200 80.000000 20.000000
V 402.292800 410.666400 80.000000 20.000000
V 120.016800 306.993600 80.000000 20.000000
V 273.096000 217.519200 158.688943 20.000000
V 402.919200 299.037600 115.000000 20.000000
V 160.927200 340.257600 135.000000 20.000000
V 318.052800 354.628800 108.000000 20.000000
V 467.971200 581.810400 55.337789 20.000000
V 202.183200 374.126400 80.000000 20.000000
V 301.824000 259.070400 126.000000 20.000000
V 176.306400 10.000080 80.000000 20.000000
V 133.848000 102.902400 80.000000 20.000000
V 224.870400 287.078400 80.000000 20.000000
V 34.681680 107.056800 43.298906 20.000000
E 0 8
E 1 6
E 2 17
E 3 7
E 13 3
E 4 7
E 5 12
E 6 17
E 18 6
E 12 7
E 8 18
E 9 18
E 12 10
E 18 11
E 18 12
E 18 14
E 15 18
E 17 16
E 19 17
G Hs_Benzo(a)pyrene_metabolism_WP696_20251101 22 26
V 610.797600 505.584000 142.000000 20.000000
V 619.106400 676.742400 126.000000 20.000000
V 681.573600 153.338400 208.000000 20.000000
V 591.235200 22.962960 137.000000 20.000000
V 765.288000 557.676000 60.000000 20.000000
V 541.461600 397.980000 92.000000 20.000000
V 137.109600 224.762400 148.000000 20.000000
V 770.040000 269.344800 80.000000 20.000000
V 372.132000 368.402400 164.000000 20.000000
V 522.972000 264.348000 142.000000 20.000000
V 720.000000 429.696000 142.000000 20.000000
V 119.786400 501.134400 135.000000 20.000000
V 876.240000 380.930400 153.000000 20.000000
V 877.896000 492.048000 130.000000 20.000000
V 514.022400 636.861600 153.000000 20.000000
V 726.408000 10.000080 80.000000 20.000000
V 836.568000 89.460000 271.000000 20.000000
V 212.515200 366.840000 139.000000 20.000000
V 441.273600 497.628000 151.000000 20.000000
V 711.043200 587.527200 124.000000 20.000000
V 642.996000 325.476000 137.000000 20.000000
V 67.500000 359.820000 135.000000 20.000000
E 0 1
E 4 0
E 5 0
E 0 14
E 19 0
E 20 0
E 2 3
E 15 2
E 2 16
E 20 2
E 4 10
E 5 8
E 5 9
E 5 10
E 18 5
E 5 20
E 17 6
E 7 20
E 8 17
E 20 9
E 10 12
E 10 13
E 19 10
E 20 10
E 17 11
E 17 21
G Hs_Bile_acid_synthesis_and_enterohepatic_circulation__WP4389_20251101 16 17
V 584.971200 326.260800 58.275340 25.000000
V 395.258400 298.706400 76.500000 25.000000
V 294.926400 208.555200 70.500000 25.000000
V 204.782400 130.348800 67.500000 25.000000
V 201.700800 277.466400 45.216301 25.000000
V 647.280000 419.392800 54.730408 25.000000
V 112.197600 72.576000 71.758621 25.000000
V 467.604000 80.157600 47.331505 25.000000
V 26.500320 12.499920 53.216301 25.000000
V 568.612800 91.375200 66.000000 25.000000
V 648.540000 142.207200 121.500000 32.500000
V 420.091200 186.948000 67.500000 25.000000
V 546.105600 209.152800 97.500000 25.000000
V 652.111200 235.382400 97.500000 25.000000
V 293.155200 326.606400 51.000000 25.000000
V 382.917600 77.493600 76.500000 25.000000
E 5 0
E 0 12
E 11 1
E 1 14
E 2 3
E 4 2
E 2 11
E 14 2
E 3 6
E 6 8
E 7 9
E 11 7
E 9 12
E 10 12
E 12 11
E 15 11
E 12 13
G Hs_Biomarkers_for_urea_cycle_disorders_WP4583_20251026 37 38
V 475.740000 36.924480 90.000000 25.000000
V 447.955200 378.612000 90.000000 25.000000
V 246.060000 519.580800 90.000000 25.000000
V 127.965600 503.179200 130.000000 25.000000
V 362.707200 780.552000 152.868173 25.000000
V 348.300000 521.287200 90.000000 25.000000
V 221.839200 691.963200 90.000000 25.000000
V 556.531200 105.933600 90.000000 25.000000
V 395.445600 312.422400 40.000000 22.712967
V 288.043200 472.816800 40.000000 22.712967
V 573.782400 12.499920 90.000000 25.000000
V 321.350400 628.956000 90.000000 25.000000
V 324.108000 682.689600 90.000000 25.000000
V 720.504000 827.568000 51.507553 24.358372
V 538.336800 367.084800 40.000000 25.000000
V 783.792000 191.368800 90.000000 25.000000
V 670.730400 212.198400 120.000000 30.000000
V 45.000000 553.082400 90.000000 25.000000
V 641.109600 775.800000 90.000000 25.000000
V 438.141600 449.028000 100.000000 25.000000
V 446.385600 497.440800 90.000000 25.000000
V 348.652800 344.448000 90.000000 25.000000
V 570.679200 859.320000 54.798363 22.712967
V 544.392000 486.957600 90.000000 25.000000
V 490.104000 863.856000 90.000000 25.000000
V 420.962400 209.491200 40.000000 25.000000
V 557.683200 209.239200 90.000000 25.000000
V 54.621360 444.297600 90.000000 25.000000
V 414.259200 595.936800 120.000000 25.000000
V 502.336800 609.760800 40.000000 21.890264
V 493.754400 680.205600 90.000000 25.000000
V 541.166400 437.551200 40.000000 23.535669
V 491.846400 280.166400 100.000000 25.000000
V 253.432800 747.576000 90.000000 25.000000
V 538.401600 773.496000 90.000000 25.000000
V 596.829600 692.964000 100.000000 25.000000
V 648.986400 57.225600 90.000000 25.000000
E 7 0
E 8 1
E 14 1
E 19 1
E 1 20
E 1 21
E 1 32
E 2 3
E 2 5
E 3 17
E 3 27
E 12 4
E 9 5
E 5 19
E 28 5
E 12 6
E 7 10
E 7 26
E 7 36
E 28 11
E 28 12
E 12 33
E 13 18
E 16 15
E 16 26
E 34 18
E 18 35
E 19 23
E 31 19
E 20 28
E 22 34
E 24 34
E 25 32
E 32 26
E 29 28
E 30 28
E 34 30
E 35 30
G Hs_Biosynthesis_and_turnover_of_1-deoxy-sphingoid_bases_WP5179_20250622 17 18
V 124.581600 592.192800 202.635468 33.439655
V 391.881600 365.112000 125.507461 31.891589
V 307.663200 12.499920 90.000000 25.000000
V 644.162400 839.520000 90.000000 25.000000
V 473.464800 674.791200 40.124334 17.037205
V 356.104800 653.896800 40.124334 17.037205
V 389.102400 178.387200 117.625687 39.595792
V 746.784000 227.966400 90.000000 25.000000
V 101.498400 399.434400 202.635468 33.439655
V 481.521600 504.424800 188.748290 51.519964
V 623.102400 100.828800 40.124334 17.037205
V 277.502400 473.263200 202.635468 32.454433
V 586.706400 341.337600 202.635468 33.439655
V 834.840000 681.552000 90.000000 25.000000
V 550.720800 281.642400 188.748290 50.612523
V 998.352000 753.120000 90.000000 25.000000
V 650.340000 637.286400 166.017241 41.879310
E 11 0
E 6 1
E 9 1
E 1 11
E 1 12
E 2 6
E 3 16
E 9 4
E 5 9
E 14 6
E 7 14
E 11 8
E 9 11
E 9 14
E 16 9
E 10 14
E 15 13
E 13 16
G Hs_Biotin_metabolism__including_IMDs_WP5031_20251101 16 25
V 73.346400 146.390400 90.000000 25.000000
V 297.064800 267.336000 90.000000 25.000000
V 275.457600 194.846400 90.000000 25.000000
V 240.645600 679.982400 129.000000 25.000000
V 289.713600 435.369600 90.000000 25.000000
V 45.000000 544.298400 90.000000 25.000000
V 571.831200 33.261840 90.000000 25.000000
V 742.032000 257.796000 90.000000 25.000000
V 199.058400 296.467200 90.000000 25.000000
V 351.511200 149.450400 90.000000 25.000000
V 683.899200 124.617600 59.000000 21.500000
V 516.225600 573.984000 90.000000 25.000000
V 497.296800 309.016800 101.000000 37.500000
V 727.272000 403.552800 90.000000 25.000000
V 644.263200 520.970400 90.000000 25.000000
V 188.827200 22.000320 167.000000 43.500000
E 0 1
E 0 2
E 0 8
E 0 9
E 1 4
E 12 1
E 15 1
E 2 4
E 12 2
E 15 2
E 3 4
E 4 5
E 8 4
E 9 4
E 4 12
E 6 12
U 7 12
E 12 8
E 15 8
E 12 9
E 15 9
E 10 12
E 11 12
E 13 12
E 14 12
G Hs_Blood_clotting_and_drug_effects_WP4580_20251101 16 15
V 57.499920 461.678400 115.000000 39.500000
V 443.743200 257.162400 111.000000 38.500000
V 483.602400 168.120000 126.000000 46.500000
V 211.802400 572.335200 113.000000 32.500000
V 688.615200 177.249600 90.000000 25.000000
V 289.879200 506.721600 140.000000 40.500000
V 606.765600 116.114400 107.000000 41.500000
V 416.275200 86.940000 107.000000 41.500000
V 344.520000 420.703200 92.000000 39.500000
V 336.556800 599.313600 106.000000 35.500000
V 168.026400 465.710400 90.000000 25.000000
V 393.372000 339.033600 133.000000 25.000000
V 691.135200 67.607280 115.000000 39.500000
V 359.964000 694.497600 101.000000 31.500000
V 375.487200 788.472000 134.339472 42.500000
V 587.952000 12.499920 90.000000 25.000000
E 0 10
E 2 1
E 1 11
E 6 2
E 2 7
E 3 5
E 4 6
E 8 5
E 5 9
E 10 5
E 12 6
E 15 6
E 11 8
E 9 13
E 13 14
G Hs_Brain-derived_neurotrophic_factor_(BDNF)_signaling_WP2380_20251102 32 35
V 84.816000 544.212000 40.358116 20.000000
V 90.957600 89.251200 58.000000 20.000000
V 375.955200 601.545600 37.000000 20.000000
V 158.976000 661.989600 50.000000 20.000000
V 654.357600 346.442400 49.163229 20.000000
V 207.280800 523.605600 50.000000 20.000000
V 492.033600 298.310400 32.000000 20.000000
V 374.018400 521.373600 42.000000 20.000000
V 51.493680 9.000000 51.253583 18.000000
V 283.550400 443.721600 50.000000 20.000000
V 172.692000 137.988000 57.000000 20.000000
V 114.912000 589.838400 70.000000 20.000000
V 242.640000 411.069600 56.000000 20.000000
V 545.572800 823.248000 43.701031 20.000000
V 162.972000 233.560800 66.000000 20.000000
V 391.320000 449.661600 52.000000 20.000000
V 336.556800 459.136800 40.000000 20.000000
V 321.588000 571.017600 55.000000 20.000000
V 276.631200 613.317600 30.657586 20.000000
V 256.874400 713.138400 56.000000 20.000000
V 570.765600 385.092000 36.000000 20.000000
V 80.049600 183.196800 60.000000 20.000000
V 434.577600 685.080000 57.000000 20.000000
V 406.310400 782.136000 51.000000 20.000000
V 206.690400 318.506400 65.000000 20.000000
V 108.072000 506.354400 48.000000 20.000000
V 187.545600 560.995200 55.000000 20.000000
V 24.999840 636.609600 50.000000 20.000000
V 617.306400 727.776000 64.902148 20.000000
V 473.954400 392.875200 40.000000 20.000000
V 522.943200 727.920000 48.000000 20.000000
V 290.887200 516.787200 100.000000 25.000000
E 11 0
E 0 26
E 1 8
E 10 1
U 21 1
E 2 22
E 31 2
E 26 3
U 4 20
E 5 11
E 31 5
E 29 6
E 31 7
E 31 9
E 14 10
E 11 25
E 11 26
E 27 11
E 12 24
E 31 12
E 30 13
E 21 14
E 14 24
E 15 29
E 31 15
E 31 16
E 31 17
U 19 18
E 31 18
E 29 20
E 22 23
E 22 30
E 25 26
E 31 26
E 30 28
G Hs_Caffeine_and_theobromine_metabolism_WP3633_20251103 20 20
V 45.000000 335.124000 89.796889 20.000000
V 507.160800 579.866400 80.000000 24.000000
V 363.189600 161.121600 92.000000 20.000000
V 496.605600 106.106400 81.244598 20.000000
V 452.462400 329.133600 80.000000 20.000000
V 93.218400 487.461600 55.000000 20.000000
V 267.667200 232.315200 45.000000 20.000000
V 181.368000 377.726400 114.000000 20.000000
V 221.997600 287.251200 80.000000 20.000000
V 361.922400 26.030160 55.000000 20.000000
V 605.664000 421.329600 59.000000 20.000000
V 252.194400 61.160400 91.799481 20.000000
V 589.852800 10.000080 123.837511 20.000000
V 634.780800 634.694400 105.000000 20.000000
V 343.065600 445.766400 80.000000 20.000000
V 462.765600 441.000000 80.000000 24.000000
V 455.263200 232.502400 98.000000 20.000000
V 341.899200 323.978400 80.000000 20.000000
V 272.556000 429.350400 45.000000 20.000000
V 477.633600 713.721600 45.000000 20.000000
E 7 0
E 1 13
E 15 1
E 19 1
E 2 3
E 9 2
E 2 11
E 17 2
E 3 12
E 16 3
E 17 4
E 5 7
E 6 17
E 17 7
E 8 17
E 10 15
E 14 17
E 15 17
E 17 16
E 18 17
G Hs_Calcium_mediated_T-cell_apoptosis_involved_in_inclusion_body_myositis_WP5142_20250731 26 26
V 245.462400 406.303200 60.000000 25.000000
V 207.129600 560.196000 60.000000 27.086075
V 255.268800 12.499920 60.000000 25.000000
V 266.176800 500.212800 60.000000 25.000000
V 387.424800 214.149600 60.000000 25.000000
V 267.991200 104.522400 60.000000 25.000000
V 243.108000 349.020000 40.000000 25.000000
V 450.424800 365.097600 60.000000 25.000000
V 291.333600 373.276800 40.000000 25.000000
V 382.370400 350.308800 60.000000 25.000000
V 304.243200 634.118400 60.000000 25.000000
V 288.446400 587.973600 60.000000 25.000000
V 259.754400 58.395600 60.000000 25.000000
V 324.230400 676.591200 90.000000 25.000000
V 267.537600 462.067200 60.000000 25.000000
V 275.140800 539.128800 60.000000 27.143956
V 297.612000 193.536000 60.000000 22.571338
V 319.370400 239.464800 60.000000 25.000000
V 314.316000 332.107200 60.000000 25.000000
V 455.493600 185.140800 60.000000 25.000000
V 280.872000 149.212800 60.000000 25.000000
V 139.068000 590.587200 60.000000 27.086075
V 313.524000 427.536000 60.000000 28.301581
V 30.000240 657.626400 60.000000 25.000000
V 76.924800 624.607200 60.000000 25.000000
V 318.009600 284.090400 60.000000 25.000000
E 8 0
E 0 14
E 1 15
E 21 1
E 12 2
E 14 3
E 3 15
E 17 4
E 4 19
E 5 12
U 5 20
E 6 8
E 7 9
E 8 18
E 8 22
E 9 18
E 11 10
E 10 13
E 15 11
E 22 14
E 16 17
E 20 16
E 17 25
E 25 18
E 24 21
E 23 24
G Hs_Cannabinoid_receptor_signaling_WP3869_20251103 30 31
V 267.933600 505.353600 80.000000 20.000000
V 525.211200 266.853600 80.000000 20.000000
V 40.000320 51.284160 80.000000 20.000000
V 141.199200 114.523200 80.000000 20.000000
V 143.834400 903.528000 80.000000 20.000000
V 206.020800 806.760000 80.000000 20.000000
V 360.914400 345.974400 80.000000 20.000000
V 613.252800 267.832800 80.000000 20.000000
V 973.440000 216.093600 80.000000 20.000000
V 408.974400 99.208800 80.000000 20.000000
V 689.335200 23.536080 176.000000 20.000000
V 400.320000 414.842400 80.000000 20.000000
V 472.910400 349.329600 80.000000 20.000000
V 462.772800 540.057600 80.000000 20.000000
V 553.312800 386.704800 80.000000 20.000000
V 400.413600 487.159200 122.000000 20.000000
V 859.536000 245.959200 149.454733 20.000000
V 588.952800 438.098400 94.000000 20.000000
V 377.712000 626.788800 80.000000 20.000000
V 280.000800 712.821600 80.000000 20.000000
V 642.463200 138.592800 80.000000 20.000000
V 437.205600 261.122400 80.000000 20.000000
V 264.765600 141.429600 80.000000 20.000000
V 736.992000 268.833600 80.000000 20.000000
V 789.696000 592.012800 80.000000 20.000000
V 263.347200 10.000080 128.000000 20.000000
V 451.303200 734.400000 80.000000 20.000000
V 371.700000 220.874400 80.000000 20.000000
V 261.000000 391.766400 80.000000 20.000000
V 693.021600 516.002400 80.000000 20.000000
E 0 15
E 12 1
E 2 3
E 3 22
E 5 4
E 19 5
E 6 11
E 6 12
E 28 6
E 7 12
E 7 20
E 7 23
E 16 8
E 9 27
E 20 10
E 11 12
E 11 13
E 28 11
E 12 14
E 15 12
E 12 17
E 12 21
E 27 12
E 15 18
E 23 16
E 17 29
E 18 19
E 26 18
E 25 22
E 22 27
E 29 24
G Hs_Cardiac_hypertrophic_response_WP2795_20250715 27 28
V 40.000320 130.780800 80.000000 20.000000
V 246.607200 10.000080 80.000000 20.000000
V 342.302400 149.068800 80.000000 20.000000
V 958.392000 454.269600 80.000000 20.000000
V 1178.280000 140.004000 80.000000 20.000000
V 427.219200 399.276000 80.000000 20.000000
V 492.811200 309.780000 80.000000 20.000000
V 704.527200 363.679200 80.000000 20.000000
V 594.000000 358.394400 80.000000 20.000000
V 1094.184000 190.828800 80.000000 18.670856
V 925.632000 246.484800 80.000000 20.000000
V 1013.688000 257.148000 80.000000 20.000000
V 1015.920000 425.642400 80.000000 20.000000
V 672.264000 259.833600 80.000000 20.000000
V 239.400000 120.506400 80.000000 20.000000
V 1031.184000 355.154400 80.000000 20.000000
V 344.836800 38.598480 80.000000 20.000000
V 683.078400 478.130400 80.000000 20.000000
V 137.808000 139.975200 80.000000 20.000000
V 415.440000 227.952000 80.000000 20.000000
V 365.227200 484.048800 80.000000 20.000000
V 695.743200 153.208800 80.000000 20.000000
V 830.808000 477.597600 80.000000 20.000000
V 934.632000 345.744000 80.000000 20.000000
V 670.132800 586.958400 80.000000 20.000000
V 819.504000 368.272800 80.000000 20.000000
V 568.238400 245.829600 80.000000 20.000000
E 0 18
E 14 1
E 16 1
E 14 2
E 16 2
E 19 2
E 3 23
E 4 9
E 5 6
E 20 5
E 6 8
E 19 6
E 6 26
E 8 7
E 7 13
E 7 17
E 7 25
E 9 11
E 10 23
E 11 23
E 23 12
E 13 21
E 26 13
E 18 14
E 15 23
E 17 24
E 22 25
E 25 23
G Hs_Cardiomyocyte_signaling_converging_on_titin_WP5344_20250722 29 31
V 748.080000 1002.600000 80.000000 20.000000
V 848.160000 869.976000 80.000000 20.000000
V 530.294400 1001.520000 80.000000 20.000000
V 293.119200 904.896000 130.000000 30.000000
V 515.059200 306.871200 90.000000 25.000000
V 397.994400 541.965600 130.000000 30.000000
V 40.000320 521.028000 80.000000 25.000000
V 625.111200 112.406400 80.000000 20.000000
V 456.487200 89.805600 90.000000 20.000000
V 800.064000 789.984000 80.000000 20.000000
V 367.545600 331.948800 130.000000 30.000000
V 488.980800 1113.696000 130.000000 30.000000
V 452.448000 414.583200 80.000000 20.000000
V 963.576000 894.456000 130.000000 30.000000
V 613.382400 821.592000 90.000000 25.000000
V 343.188000 482.356800 80.731385 21.570942
V 506.829600 770.040000 159.000000 50.500000
V 462.520800 649.116000 80.000000 20.000000
V 148.824000 481.320000 130.000000 30.000000
V 532.908000 185.803200 90.000000 25.000000
V 675.972000 12.499920 90.000000 25.000000
V 477.367200 890.064000 80.000000 20.000000
V 390.564000 824.472000 80.000000 20.000000
V 648.648000 989.352000 80.000000 20.000000
V 137.836800 584.157600 40.000000 25.000000
V 639.338400 773.856000 90.000000 25.000000
V 803.448000 952.704000 80.000000 20.000000
V 718.704000 879.264000 145.000000 38.214286
V 254.332800 547.106400 90.000000 25.000000
E 0 27
E 13 1
E 1 27
E 2 11
E 21 2
E 23 2
E 22 3
E 4 12
E 19 4
E 12 5
E 15 5
E 17 5
E 28 5
E 6 18
E 24 6
E 7 19
E 20 7
E 8 19
E 9 27
E 12 10
E 14 16
E 14 27
E 17 16
E 21 16
E 22 16
E 25 16
E 28 18
E 23 27
E 24 28
E 25 27
E 26 27
G Hs_Catabolism_of_skeletal_muscle_in_cachexia_WP5474_20251103 28 32
V 987.264000 563.860800 60.000000 20.000000
V 696.996000 424.425600 60.000000 20.000000
V 511.020000 658.303200 189.395000 25.000000
V 463.946400 524.642400 80.000000 20.000000
V 119.484000 88.264800 60.000000 20.000000
V 30.000240 35.820720 60.000000 20.000000
V 489.499200 476.042400 60.000000 20.000000
V 400.147200 277.466400 60.000000 20.000000
V 623.577600 200.937600 60.000000 20.000000
V 896.184000 346.291200 80.000000 20.000000
V 812.952000 424.540800 60.000000 20.000000
V 313.934400 546.091200 203.760000 25.000000
V 447.285600 394.509600 60.000000 20.000000
V 368.409600 637.934400 80.000000 20.000000
V 225.979200 501.192000 60.000000 20.000000
V 206.906400 147.463200 60.000000 20.000000
V 545.119200 118.245600 60.000000 20.000000
V 493.761600 219.744000 60.000000 20.000000
V 299.844000 210.117600 60.000000 20.000000
V 643.615200 653.191200 60.000000 20.000000
V 577.648800 306.187200 60.000000 20.000000
V 564.710400 10.000080 60.000000 20.000000
V 894.600000 506.059200 60.000000 20.000000
V 992.592000 294.883200 60.000000 20.000000
V 575.078400 423.964800 60.000000 20.000000
V 317.484000 419.508000 60.000000 20.000000
V 577.540800 550.857600 60.000000 20.000000
V 646.056000 766.944000 60.000000 20.000000
E 0 22
E 10 1
E 1 24
E 13 2
E 26 2
E 12 3
E 3 13
E 26 3
E 5 4
E 4 15
E 6 11
E 24 6
E 7 12
E 17 7
E 18 7
E 16 8
E 8 20
E 9 10
E 23 9
E 22 10
E 14 11
E 12 24
E 12 25
E 25 14
E 15 18
E 16 17
E 21 16
E 17 20
E 19 26
E 27 19
E 20 24
E 26 24
G Hs_Cell_lineage_map_for_neuronal_differentiation_WP5417_20250709 18 17
V 256.766400 27.033840 80.000000 20.000000
V 221.018400 313.992000 80.000000 20.000000
V 133.056000 151.912800 80.000000 20.000000
V 99.259200 349.848000 80.000000 20.000000
V 187.264800 359.438400 80.000000 20.000000
V 327.002400 116.618400 80.000000 20.000000
V 48.905280 179.913600 80.000000 20.000000
V 439.113600 129.535200 80.000000 20.000000
V 344.779200 10.000080 80.000000 20.000000
V 467.114400 27.678960 80.000000 20.000000
V 618.508800 50.240880 80.000000 20.000000
V 40.000320 239.040000 80.000000 20.000000
V 243.842400 188.488800 80.000000 20.000000
V 547.142400 125.640000 80.000000 20.000000
V 474.912000 226.332000 80.000000 20.000000
V 629.424000 187.884000 80.000000 20.000000
V 146.484000 250.236000 80.000000 20.000000
V 57.699360 305.928000 80.000000 20.000000
U 5 0
U 16 1
U 16 2
U 16 3
U 16 4
U 7 5
U 5 8
U 5 12
U 16 6
U 7 9
U 13 7
U 7 14
U 13 10
U 16 11
U 12 16
U 13 15
U 16 17
G Hs_Cerebral_organic_acidurias__including_diseases_WP4519_20251001 25 26
V 870.624000 115.963200 163.418771 29.440243
V 919.440000 38.832480 90.000000 25.000000
V 369.518400 378.036000 124.895190 30.100987
V 246.103200 507.016800 90.000000 25.000000
V 696.074400 197.956800 109.791293 25.000000
V 688.478400 302.328000 113.186356 31.335195
V 780.048000 164.008800 131.161938 25.000000
V 97.444800 370.684800 179.390162 25.000000
V 1056.960000 108.352800 90.000000 25.000000
V 555.487200 156.103200 160.064606 33.331645
V 501.732000 70.439040 137.698870 25.000000
V 176.688000 304.250400 90.000000 25.000000
V 492.609600 487.108800 90.000000 25.000000
V 973.440000 156.499200 90.000000 25.000000
V 1037.376000 223.560000 127.958302 25.000000
V 502.552800 383.068800 124.895190 25.000000
V 802.440000 12.499920 127.766849 25.000000
V 562.917600 441.000000 90.000000 25.000000
V 45.000000 429.616800 90.000000 25.000000
V 163.591200 462.628800 179.390162 25.000000
V 633.369600 407.973600 108.938385 25.000000
V 557.920800 345.096000 129.434689 25.000000
V 236.484000 406.209600 124.895190 30.100987
V 623.167200 244.101600 94.314896 31.335195
V 514.634400 273.988800 106.577470 39.303727
E 0 1
E 0 6
E 13 0
E 16 0
E 2 15
E 22 2
E 3 22
E 4 6
E 23 4
E 23 5
E 18 7
E 7 22
E 13 8
E 9 10
E 23 9
E 11 22
E 12 15
U 14 13
E 15 21
E 21 17
E 18 19
E 19 22
E 21 20
E 21 23
E 24 21
E 24 23
G Hs_Cholestasis_WP5238_20251103 16 15
V 97.538400 178.617600 55.000000 25.283951
V 300.189600 177.883200 55.767703 18.922568
V 173.066400 165.124800 57.598765 26.734568
V 36.168480 147.038400 54.000000 21.000000
V 351.518400 220.953600 40.000000 14.000000
V 144.921600 221.299200 24.770338 19.819851
V 243.568800 131.839200 77.500000 19.000000
V 302.076000 11.499840 38.877193 22.978070
V 294.156000 80.906400 65.630397 24.679620
V 157.759200 100.836000 24.770338 13.647838
V 227.152800 65.890080 51.730159 13.380952
V 124.430400 120.319200 24.770338 13.647838
V 215.100000 211.118400 24.770338 13.647838
V 360.072000 73.756800 38.877193 22.978070
V 184.068000 239.248800 24.770338 13.647838
V 55.000080 233.229600 110.000000 32.500000
E 2 0
E 0 3
E 0 15
E 4 1
E 1 6
U 2 5
E 6 2
U 9 2
U 11 2
U 12 2
U 2 14
E 8 6
U 6 10
U 7 8
U 13 8
G Hs_Cholesterol_biosynthesis_pathway_WP197_20251104 29 29
V 269.625600 324.122400 130.000000 20.000000
V 644.731200 79.754400 90.000000 20.000000
V 286.106400 206.884800 140.000000 20.000000
V 401.940000 188.316000 66.667000 20.000000
V 772.920000 133.207200 66.667000 20.000000
V 210.319200 417.110400 66.667000 20.000000
V 192.031200 242.712000 66.667000 20.000000
V 226.987200 366.415200 66.667000 20.000000
V 388.627200 97.970400 180.000000 20.000000
V 283.024800 59.251680 66.667000 20.000000
V 419.428800 28.781280 66.667000 20.000000
V 198.367200 104.342400 66.667000 20.000000
V 731.232000 53.027280 66.667000 20.000000
V 135.424800 445.125600 120.000000 20.000000
V 113.760000 501.861600 66.667000 20.000000
V 448.185600 154.000800 160.000000 20.000000
V 542.721600 10.000080 66.667000 20.000000
V 697.852800 108.093600 66.667000 20.000000
V 317.836800 161.215200 81.833517 20.000000
V 33.500160 430.675200 66.667000 20.000000
V 730.440000 204.832800 166.583500 20.000000
V 539.186400 71.426160 105.000000 20.000000
V 270.424800 262.879200 66.667000 20.000000
V 230.976000 473.436000 66.667000 20.000000
V 207.324000 169.574400 66.667000 20.000000
V 318.571200 363.924000 66.667000 20.000000
V 657.316800 19.913040 66.667000 20.000000
V 695.246400 152.798400 66.667000 20.000000
V 319.939200 126.000000 160.000000 20.000000
E 0 7
E 22 0
E 25 0
E 17 1
E 1 21
E 26 1
E 18 2
E 2 22
E 24 2
E 3 28
E 4 27
E 7 5
E 5 13
E 23 5
E 6 22
E 10 8
E 8 15
E 21 8
E 9 28
E 11 18
E 12 17
E 14 13
E 13 19
E 15 18
E 28 15
E 16 21
E 27 17
E 28 18
E 20 27
G Hs_Cholesterol_biosynthesis_with_skeletal_dysplasias_WP4804_20251104 31 43
V 343.951200 350.265600 255.108122 25.000000
V 1108.944000 590.695200 90.000000 25.000000
V 1011.744000 385.516800 90.000000 25.000000
V 518.940000 722.808000 90.000000 25.000000
V 642.808800 564.912000 90.000000 25.000000
V 687.535200 389.505600 90.000000 25.000000
V 1002.384000 823.680000 90.000000 25.000000
V 175.046400 227.700000 90.000000 25.000000
V 594.338400 184.629600 90.000000 25.000000
V 433.987200 55.938240 90.000000 25.000000
V 846.216000 29.037600 90.000000 25.000000
V 931.608000 637.272000 150.228576 25.000000
V 999.360000 208.720800 139.515961 25.000000
V 455.436000 675.345600 90.000000 25.000000
V 533.116800 252.568800 239.229969 25.000000
V 1129.104000 44.792640 90.000000 25.000000
V 1270.008000 368.712000 90.000000 25.000000
V 266.169600 697.183200 90.000000 25.000000
V 797.976000 845.280000 90.000000 25.000000
V 443.282400 543.571200 292.890295 25.000000
V 819.576000 531.532800 90.000000 25.000000
V 243.763200 522.957600 90.000000 25.000000
V 1267.992000 540.432000 90.000000 25.000000
V 401.565600 888.912000 90.000000 25.000000
V 546.775200 459.000000 136.772152 25.000000
V 45.000000 548.337600 90.000000 25.000000
V 1083.744000 447.408000 146.512740 25.000000
V 734.832000 12.499920 90.000000 25.000000
V 780.120000 224.863200 175.906697 25.000000
V 914.328000 421.538400 90.000000 25.000000
V 738.936000 607.219200 218.611111 25.000000
E 7 0
E 0 14
E 19 0
E 21 0
E 1 29
E 20 2
E 26 2
E 3 24
E 4 5
E 4 11
E 4 13
E 4 19
E 4 20
E 4 24
E 4 30
E 8 5
E 24 5
E 5 28
E 5 30
E 6 11
E 9 14
E 10 28
E 11 20
E 11 26
E 30 11
E 15 12
E 12 26
E 28 12
E 13 19
E 13 21
E 23 13
E 24 14
E 14 28
E 26 16
E 17 19
E 18 30
E 19 24
E 25 21
E 22 26
E 29 26
E 27 28
E 28 29
E 30 29
G Hs_Cholesterol_synthesis_disorders_WP5193_20251104 38 39
V 492.897600 309.031200 100.867647 20.000000
V 867.600000 78.868800 131.750000 20.000000
V 475.632000 561.916800 256.114002 20.000000
V 705.441600 510.811200 216.467378 20.000000
V 805.248000 248.551200 90.000000 20.000000
V 601.855200 407.577600 177.393576 20.000000
V 553.305600 161.272800 203.666667 19.166667
V 577.958400 337.060800 100.000000 20.000000
V 708.516000 170.157600 90.000000 20.000000
V 706.096800 435.909600 125.573529 20.000000
V 674.049600 69.246720 100.000000 20.000000
V 69.999840 629.625600 140.060606 20.000000
V 811.584000 176.932800 100.000000 20.000000
V 812.088000 276.595200 113.833333 20.000000
V 146.361600 716.702400 110.500000 20.000000
V 528.026400 273.585600 177.393576 20.000000
V 297.086400 617.954400 102.500000 20.000000
V 519.544800 637.293600 97.500000 20.000000
V 441.396000 667.353600 97.500000 20.000000
V 628.560000 10.000080 98.333333 20.000000
V 659.412000 133.761600 100.000000 20.000000
V 487.274400 436.147200 93.659201 20.000000
V 756.288000 565.509600 139.614690 20.000000
V 626.407200 595.965600 133.833333 20.000000
V 699.199200 221.918400 100.000000 20.000000
V 894.240000 204.940800 119.397059 20.000000
V 684.410400 278.733600 113.833333 20.000000
V 800.424000 106.884000 165.591702 20.000000
V 567.417600 193.428000 113.833333 20.000000
V 443.044800 589.932000 216.467378 20.000000
V 481.320000 533.901600 216.467378 20.000000
V 766.224000 40.600800 100.000000 20.000000
V 176.364000 550.807200 104.500000 20.000000
V 502.027200 230.565600 100.867647 20.000000
V 563.284800 464.839200 100.000000 20.000000
V 179.805600 657.633600 90.000000 20.000000
V 193.075200 604.843200 90.500000 20.000000
V 316.929600 686.217600 95.000000 20.000000
E 0 7
E 1 27
E 17 2
E 29 2
E 2 30
E 22 3
E 30 3
E 3 34
E 4 24
E 5 7
E 9 5
E 34 5
E 6 24
E 7 15
E 8 24
E 19 10
E 20 10
E 10 31
E 11 35
E 24 12
E 25 12
E 12 27
E 13 24
E 14 35
E 15 24
E 33 15
E 16 29
E 36 16
E 37 16
E 18 29
E 24 20
E 21 34
E 23 30
E 26 24
E 28 24
E 27 31
E 30 34
E 32 36
E 35 36
G Hs_Chronic_hyperglycemia_impairment_of_neuron_function_WP5283_20250721 26 25
V 157.240800 368.870400 47.000000 25.000000
V 166.816800 313.754400 136.000000 35.500000
V 576.806400 115.797600 50.000000 17.605846
V 311.104800 154.958400 107.000000 32.731481
V 467.172000 167.205600 49.000000 23.524320
V 316.252800 75.088800 44.000000 25.000000
V 217.540800 275.227200 44.000000 25.000000
V 277.956000 205.408800 44.000000 25.000000
V 257.608800 39.942000 57.000000 25.000000
V 366.120000 112.622400 90.000000 34.125000
V 521.280000 134.647200 45.000000 25.000000
V 22.000320 256.795200 44.000000 25.000000
V 341.064000 191.923200 54.598747 20.000000
V 499.903200 214.380000 64.000000 25.000000
V 316.058400 256.600800 88.870370 31.564815
V 322.624800 12.499920 57.000000 25.000000
V 403.617600 155.628000 62.000000 35.500000
V 79.819200 433.814400 60.000000 25.000000
V 233.006400 238.413600 44.000000 25.000000
V 224.265600 117.943200 62.000000 25.000000
V 74.181600 275.191200 44.000000 25.000000
V 139.852800 424.317600 44.000000 25.000000
V 185.832000 466.509600 60.000000 25.000000
V 387.892800 39.150720 57.000000 25.000000
V 117.763200 478.008000 60.000000 25.000000
V 191.505600 84.931200 58.000000 25.000000
E 0 1
E 21 0
E 1 6
E 1 20
E 2 10
E 5 3
E 7 3
E 9 3
E 12 3
E 16 3
E 19 3
U 4 10
E 13 4
E 4 16
E 8 5
E 15 5
E 23 5
U 6 18
E 7 14
U 18 7
U 20 11
E 17 21
E 25 19
E 22 21
E 24 21
G Hs_Cocaine_metabolism_WP2826_20251107 27 34
V 470.224800 425.800800 90.000000 25.000000
V 351.979200 850.896000 170.352209 25.000000
V 245.577600 752.184000 170.352209 20.000000
V 681.984000 595.742400 90.000000 25.000000
V 495.259200 685.123200 170.352209 20.000000
V 478.994400 1078.200000 170.352209 20.000000
V 308.347200 581.817600 143.927471 20.000000
V 473.976000 206.884800 170.352209 25.000000
V 472.752000 12.499920 90.000000 25.000000
V 433.533600 815.112000 170.352209 20.000000
V 380.714400 539.654400 90.000000 25.000000
V 521.676000 900.864000 170.352209 20.000000
V 663.019200 80.100000 118.146293 25.000000
V 657.014400 1070.424000 170.352209 20.000000
V 700.934400 809.712000 170.352209 18.519192
V 263.196000 954.144000 170.352209 25.000000
V 530.056800 531.878400 55.794234 25.000000
V 707.306400 680.688000 90.000000 25.000000
V 92.728800 816.264000 170.352209 25.000000
V 45.000000 660.715200 90.000000 25.000000
V 617.140800 856.224000 170.352209 20.000000
V 284.227200 84.909600 105.370240 25.000000
V 643.248000 521.100000 90.000000 25.000000
V 52.691760 906.192000 90.000000 25.000000
V 868.752000 949.752000 170.352209 20.000000
V 925.704000 773.784000 90.000000 25.000000
V 296.373600 1103.112000 90.000000 25.000000
E 4 0
E 0 7
E 1 2
E 4 1
E 26 1
E 4 2
E 2 15
E 2 18
E 19 2
E 23 2
E 3 4
E 4 6
E 4 9
E 10 4
E 4 11
E 4 14
E 16 4
E 17 4
E 4 20
E 22 4
E 9 5
E 11 5
E 7 8
E 7 12
E 7 21
E 11 13
E 14 11
E 11 15
E 20 13
E 17 14
E 14 24
E 25 14
E 18 15
E 19 18
G Hs_Codeine_and_morphine_metabolism_WP1604_20251231 18 19
V 432.338400 542.613600 60.000000 20.000000
V 595.713600 654.595200 62.000000 20.000000
V 591.465600 462.744000 59.000000 20.000000
V 120.074400 627.048000 74.000000 20.000000
V 403.178400 747.864000 58.000000 20.000000
V 41.126400 544.024800 60.000000 20.000000
V 261.756000 285.062400 125.000000 20.000000
V 512.820000 348.530400 126.000000 20.000000
V 223.466400 458.668800 57.000000 20.000000
V 285.660000 94.140000 125.000000 20.000000
V 170.870400 64.821600 122.000000 20.000000
V 130.240800 270.165600 122.000000 20.000000
V 392.126400 14.500080 162.680715 28.837803
V 511.264800 725.256000 60.000000 20.000000
V 543.218400 151.048800 126.000000 20.000000
V 29.000160 425.793600 58.000000 20.000000
V 642.866400 550.375200 80.000000 20.000000
V 320.767200 685.137600 58.000000 20.000000
E 1 0
E 2 0
E 4 0
E 0 7
E 0 8
E 0 13
E 16 0
E 17 0
E 8 3
E 5 8
E 8 6
U 6 9
U 7 14
E 8 11
E 15 8
E 9 12
U 11 10
E 10 12
E 14 12
G Hs_Complement_and_coagulation_cascades_WP558_20251107 16 17
V 296.028000 657.950400 60.000000 20.000000
V 279.417600 515.707200 60.000000 20.000000
V 218.296800 80.676000 60.000000 20.000000
V 228.470400 379.252800 60.000000 20.000000
V 30.000240 10.000080 60.000000 20.000000
V 348.595200 55.629360 73.333333 20.000000
V 224.683200 303.444000 60.000000 20.000000
V 223.005600 458.380800 95.000000 20.000000
V 85.226400 59.747040 80.000000 20.000000
V 321.393600 582.494400 60.000000 20.000000
V 217.540800 148.500000 60.000000 20.000000
V 220.190400 227.556000 60.000000 20.000000
V 286.308000 101.800800 60.000000 20.000000
V 398.966400 598.752000 73.333333 20.000000
V 147.564000 491.176800 60.000000 20.000000
V 149.299200 102.960000 60.000000 20.000000
E 9 0
E 1 7
E 9 1
E 10 2
E 2 12
U 15 2
E 6 3
E 3 7
E 8 4
E 5 12
E 6 11
E 14 7
E 15 8
E 13 9
E 10 11
E 10 12
E 15 10
G Hs_Complement_system_in_neuronal_development_and_plasticity_WP5090_20250819 18 19
V 314.056800 241.790400 90.000000 25.000000
V 708.638400 427.312800 90.000000 25.000000
V 299.908800 12.499920 90.000000 25.000000
V 594.043200 639.561600 90.533333 38.700000
V 288.396000 147.564000 90.000000 25.000000
V 542.275200 262.476000 90.000000 25.000000
V 196.624800 88.200000 90.000000 25.000000
V 412.063200 213.933600 90.000000 25.000000
V 596.376000 151.466400 90.000000 25.000000
V 669.016800 217.670400 90.000000 25.000000
V 574.812000 520.891200 90.000000 25.000000
V 45.000000 111.096000 90.000000 25.000000
V 586.476000 392.587200 90.000000 25.000000
V 775.296000 148.716000 90.000000 25.000000
V 64.236960 267.242400 90.000000 25.000000
V 153.964800 179.690400 90.000000 25.000000
V 452.512800 92.059200 90.000000 25.000000
V 369.619200 339.818400 90.000000 25.000000
E 0 4
E 0 7
E 12 1
E 4 2
E 10 3
E 4 6
E 7 4
E 4 15
E 5 7
E 5 8
E 5 9
E 5 12
E 15 6
E 16 7
E 7 17
E 9 13
E 12 10
E 11 15
E 15 14
G Hs_Congenital_generalized_lipodystrophy_WP5101_20251104 21 21
V 510.508800 201.391200 90.000000 25.000000
V 182.419200 489.664800 90.000000 25.000000
V 502.200000 103.464000 90.000000 25.000000
V 863.352000 422.236800 90.000000 25.000000
V 894.456000 78.105600 90.000000 25.000000
V 367.178400 371.476800 90.000000 25.000000
V 845.784000 159.912000 90.000000 25.000000
V 1101.960000 300.124800 90.000000 25.000000
V 485.164800 12.499920 90.000000 25.000000
V 608.565600 233.719200 90.000000 25.000000
V 45.000000 403.833600 90.000000 25.000000
V 388.591200 291.758400 90.000000 25.000000
V 818.928000 331.394400 139.535467 25.000000
V 456.681600 255.412800 90.000000 25.000000
V 972.936000 304.308000 151.619280 25.000000
V 199.137600 300.888000 90.000000 25.000000
V 706.629600 250.351200 90.000000 25.000000
V 295.416000 246.492000 90.000000 25.000000
V 206.092800 397.044000 216.328500 32.960220
V 819.720000 251.287200 120.372872 25.000000
V 909.864000 504.597600 90.000000 25.000000
E 0 2
E 9 0
E 13 0
U 18 1
E 2 8
E 3 12
E 20 3
E 4 6
E 11 5
U 18 5
E 6 19
E 7 14
E 16 9
U 18 10
E 13 11
E 11 17
E 14 12
E 12 19
E 17 15
U 18 15
E 19 16
G Hs_Creatine_pathway_WP5190_20251104 31 35
V 682.358400 109.188000 54.772359 27.500000
V 538.531200 341.928000 71.188931 27.500000
V 861.840000 13.500000 140.651864 27.500000
V 853.920000 268.048800 54.772359 27.500000
V 705.852000 308.008800 156.277621 27.500000
V 545.688000 206.244000 54.772359 27.500000
V 247.478400 173.822400 74.367500 27.500000
V 704.779200 210.801600 71.188931 27.500000
V 633.463200 272.966400 132.000000 27.500000
V 633.578400 203.803200 54.908375 27.500000
V 168.386400 275.004000 159.057733 27.500000
V 119.808000 360.907200 74.367500 27.500000
V 435.880800 442.166400 91.300778 30.650389
V 729.576000 354.369600 54.772359 27.500000
V 276.868800 445.795200 120.000000 50.000000
V 872.928000 130.759200 54.968403 27.500000
V 783.792000 196.106400 71.188931 27.500000
V 522.763200 428.119200 54.772359 27.500000
V 531.856800 258.883200 54.908375 27.500000
V 171.540000 404.107200 74.367500 27.500000
V 227.880000 340.286400 126.408896 27.500000
V 79.502400 236.692800 159.057733 27.500000
V 896.400000 176.119200 138.050000 27.500000
V 904.464000 232.999200 54.968403 27.500000
V 461.512800 344.354400 66.566671 27.500000
V 573.616800 168.768000 162.319564 27.500000
V 594.230400 442.872000 71.188931 27.500000
V 821.232000 95.724000 140.651864 27.500000
V 359.431200 314.668800 120.606188 27.500000
V 283.622400 261.410400 54.772359 27.500000
V 638.078400 354.333600 112.470795 27.500000
E 0 7
E 1 8
E 17 1
E 1 24
E 26 1
E 27 2
E 3 16
E 3 22
U 4 8
E 5 8
E 6 29
E 8 7
E 7 16
E 8 9
E 13 8
U 18 8
E 8 25
U 8 30
E 10 20
E 21 10
E 20 11
E 24 12
E 14 20
E 16 15
U 15 22
E 22 16
U 23 16
E 16 27
U 19 20
E 28 20
E 29 20
E 22 23
E 22 27
U 24 28
E 29 28
G Hs_DNA_damage_response_(only_ATM_dependent)_WP710_20251104 28 30
V 40.000320 289.468800 80.000000 20.000000
V 935.280000 526.413600 80.000000 20.000000
V 691.898400 10.000080 60.000000 20.000000
V 149.868000 284.947200 80.000000 20.000000
V 825.696000 461.592000 80.000000 20.000000
V 333.842400 118.958400 80.000000 20.000000
V 380.916000 236.534400 81.445424 20.000000
V 675.403200 131.817600 80.000000 20.000000
V 485.467200 157.291200 80.000000 20.000000
V 947.016000 248.608800 80.000000 20.000000
V 504.417600 276.307200 80.000000 20.000000
V 715.946400 461.152800 80.000000 20.000000
V 766.008000 261.244800 80.000000 20.000000
V 582.775200 378.504000 80.000000 20.000000
V 419.860800 364.809600 80.000000 20.000000
V 684.165600 631.051200 151.000000 20.000000
V 603.619200 333.741600 80.000000 20.000000
V 635.299200 258.019200 80.000000 20.000000
V 974.808000 641.527200 80.000000 20.000000
V 837.144000 312.084000 80.000000 20.000000
V 1031.904000 739.656000 80.000000 20.000000
V 662.083200 509.349600 80.000000 20.000000
V 1056.240000 495.525600 80.000000 20.000000
V 783.648000 142.387200 80.000000 20.000000
V 579.528000 602.316000 80.000000 20.000000
V 713.073600 371.275200 80.000000 20.000000
V 262.929600 272.124000 80.000000 20.000000
V 801.072000 382.557600 80.000000 20.000000
E 3 0
E 4 1
E 1 18
E 1 22
E 2 7
E 26 3
E 4 25
E 5 6
E 10 6
E 6 26
E 7 17
E 7 23
E 8 10
E 19 9
E 13 10
E 14 10
E 16 10
E 17 10
E 11 25
E 23 12
E 12 25
E 25 13
E 21 15
E 25 16
E 25 17
E 18 20
E 19 25
E 24 21
E 25 21
E 27 25
G Hs_DNA_damage_response_WP707_20251104 35 42
V 34.999920 312.876000 70.000000 20.000000
V 97.192800 175.528800 70.000000 20.000000
V 901.224000 387.475200 61.250000 20.000000
V 609.386400 616.370400 80.000000 20.000000
V 165.960000 287.424000 70.000000 20.000000
V 624.427200 711.648000 90.000000 25.000000
V 366.033600 491.061600 80.000000 20.000000
V 732.024000 700.300800 70.000000 20.000000
V 282.585600 365.587200 70.000000 20.000000
V 606.880800 191.152800 54.250000 20.000000
V 781.488000 201.427200 80.000000 20.000000
V 535.485600 296.136000 60.500000 20.000000
V 685.425600 294.818400 58.000000 20.000000
V 791.280000 601.581600 70.000000 20.000000
V 510.386400 529.574400 63.750000 20.000000
V 476.848800 410.364000 91.250000 25.000000
V 904.032000 449.064000 51.833333 19.166667
V 262.209600 567.316800 70.000000 20.000000
V 485.409600 455.133600 80.000000 20.000000
V 485.092800 183.780000 57.750000 20.000000
V 897.120000 515.073600 57.250000 20.000000
V 643.428000 412.416000 80.000000 20.000000
V 716.752800 330.386400 68.357230 20.000000
V 776.880000 458.913600 80.000000 20.000000
V 564.422400 428.061600 61.750000 20.000000
V 551.397600 144.727200 60.000000 20.000000
V 857.592000 566.848800 90.000000 25.000000
V 168.314400 423.691200 136.000000 20.000000
V 854.640000 338.522400 64.204131 20.000000
V 647.467200 550.987200 67.959599 20.000000
V 391.737600 313.034400 80.000000 20.000000
V 317.253600 625.672800 70.000000 20.000000
V 566.978400 12.499920 90.000000 25.000000
V 487.231200 498.751200 58.250000 20.000000
V 387.655200 269.200800 62.639733 20.000000
E 4 0
E 4 1
E 23 2
E 2 28
E 3 7
E 3 24
E 8 4
E 29 5
E 6 8
E 6 14
E 15 6
E 17 6
E 18 6
E 31 6
E 6 33
E 7 13
E 27 8
E 8 30
E 8 34
E 11 9
E 12 10
E 22 10
E 19 11
E 21 11
E 24 11
E 11 25
E 11 30
E 11 34
E 21 12
E 23 13
E 21 14
E 15 21
E 23 16
E 18 21
E 20 23
E 21 22
E 21 23
E 21 29
E 21 33
E 23 26
E 23 28
E 25 32
G Hs_Dengue-2_interactions_with_complement_and_coagulation_cascades_WP3896_20251107 18 19
V 30.000240 84.398400 60.000000 33.000000
V 539.834400 601.567200 80.000000 20.000000
V 166.968000 160.689600 60.000000 20.000000
V 298.389600 614.440800 60.000000 20.000000
V 240.588000 300.297600 60.000000 20.000000
V 104.666400 721.800000 60.000000 20.000000
V 459.324000 582.688800 64.666667 20.333333
V 397.144800 677.181600 73.333333 20.000000
V 255.981600 381.146400 60.000000 20.000000
V 234.388800 214.984800 84.000000 16.000000
V 159.573600 662.241600 66.333333 16.000000
V 114.703200 93.816000 60.000000 20.000000
V 292.413600 546.206400 60.000000 20.000000
V 274.737600 461.836800 60.000000 20.000000
V 373.420800 591.091200 60.000000 20.000000
V 132.465600 10.000080 73.333333 20.000000
V 309.160800 167.464800 60.000000 20.000000
V 221.796000 604.533600 60.000000 20.000000
E 11 0
U 6 1
E 2 9
E 11 2
E 12 3
E 3 14
U 17 3
E 8 4
E 4 9
E 10 5
U 14 6
E 7 14
E 8 13
E 16 9
E 17 10
E 15 11
E 12 13
E 12 14
E 17 12
G Hs_Deregulating_cellular_metabolism_through_non-genotoxic_carcinogens_WP5571_20250915 37 45
V 752.184000 222.156000 90.000000 25.000000
V 444.931200 619.394400 90.000000 25.000000
V 280.764000 586.497600 90.000000 25.000000
V 124.113600 386.121600 98.561754 25.000000
V 659.685600 596.822400 90.000000 25.000000
V 902.232000 1079.640000 90.000000 25.000000
V 853.632000 961.344000 90.000000 25.000000
V 1165.824000 761.328000 90.000000 25.000000
V 649.339200 221.220000 90.000000 25.000000
V 912.528000 99.777600 90.000000 25.000000
V 1067.688000 730.296000 90.000000 25.000000
V 827.568000 1040.184000 90.000000 25.000000
V 797.616000 755.352000 90.000000 25.000000
V 517.125600 139.233600 90.000000 25.000000
V 1133.712000 1005.624000 90.000000 25.000000
V 464.054400 765.432000 90.000000 25.000000
V 811.080000 604.296000 90.000000 25.000000
V 923.040000 735.408000 90.000000 25.000000
V 290.916000 786.600000 90.000000 25.000000
V 338.054400 240.040800 90.000000 25.000000
V 353.728800 464.695200 91.677540 25.000000
V 407.887200 430.790400 98.561754 25.000000
V 1159.272000 919.224000 90.000000 25.000000
V 279.835200 703.648800 90.000000 25.000000
V 1000.224000 1089.576000 90.000000 25.000000
V 732.456000 392.896800 90.000000 25.000000
V 1162.944000 839.160000 90.000000 25.000000
V 1035.576000 1017.144000 90.000000 25.000000
V 636.998400 12.499920 90.000000 25.000000
V 44.500320 216.532800 89.362402 25.000000
V 779.184000 61.566480 90.000000 25.000000
V 168.537600 484.113600 98.561754 25.000000
V 231.141600 379.569600 98.561754 25.000000
V 388.951200 810.720000 90.000000 25.000000
V 973.656000 881.136000 65.750000 25.000000
V 473.616000 297.244800 90.000000 25.000000
V 187.560000 119.397600 90.000000 25.000000
E 9 0
E 0 13
E 0 25
E 1 2
E 4 1
E 1 15
E 1 18
E 1 20
E 1 21
E 1 23
E 1 33
E 2 23
E 32 2
E 20 3
E 3 29
E 12 4
E 16 4
E 4 25
E 34 5
E 34 6
E 34 7
E 25 8
E 28 8
E 8 30
E 8 35
E 34 10
E 34 11
E 17 12
E 34 12
E 13 19
E 34 14
E 17 16
E 17 34
E 21 19
E 19 32
E 36 19
E 35 20
E 21 31
E 35 21
E 34 22
E 34 24
E 34 26
E 34 27
E 29 36
E 31 32
G Hs_Deregulation_of_Rab_and_Rab_effector_genes_in_bladder_cancer_WP2291_20251104 16 21
V 30.000240 186.184800 60.000000 20.000000
V 265.384800 68.184720 80.000000 20.000000
V 136.612800 10.000080 60.000000 20.000000
V 116.308800 268.826400 60.000000 20.000000
V 110.347200 363.585600 60.000000 20.000000
V 130.737600 224.330400 60.000000 20.000000
V 34.803360 139.255200 60.000000 20.000000
V 253.008000 182.160000 60.000000 20.000000
V 62.510400 30.189600 60.000000 20.000000
V 204.616800 23.097600 60.000000 20.000000
V 78.069600 110.390400 60.000000 20.000000
V 46.782000 232.588800 60.000000 20.000000
V 236.527200 225.979200 60.000000 20.000000
V 147.945600 138.052800 60.000000 20.000000
V 209.952000 265.528800 60.000000 20.000000
V 224.935200 139.766400 60.000000 20.000000
E 5 0
E 13 0
E 1 13
E 13 2
E 13 3
E 5 4
E 5 6
E 5 7
E 5 10
E 11 5
E 5 12
E 5 15
E 13 6
E 13 7
E 13 8
E 13 9
E 13 10
E 11 13
E 13 12
E 13 14
E 13 15
G Hs_Development_of_ureteric_derived_collecting_system_WP5053_20250726 24 28
V 431.913600 534.772800 80.000000 20.000000
V 758.952000 560.656800 90.000000 25.000000
V 1038.744000 1085.976000 90.000000 25.000000
V 741.672000 729.144000 80.000000 20.000000
V 305.056800 386.906400 80.000000 20.000000
V 258.537600 468.280800 90.000000 25.000000
V 563.472000 443.340000 80.000000 20.000000
V 739.368000 1080.792000 90.000000 25.000000
V 466.178400 472.989600 90.000000 25.000000
V 770.184000 446.320800 80.000000 20.000000
V 677.167200 421.020000 90.000000 25.000000
V 130.694400 497.995200 80.000000 20.000000
V 922.968000 703.994400 90.000000 25.000000
V 205.034400 288.532800 90.000000 25.000000
V 465.746400 630.093600 90.000000 25.000000
V 121.917600 149.824800 90.000000 25.000000
V 887.472000 313.732800 80.000000 20.000000
V 607.053600 1057.536000 90.000000 25.000000
V 502.041600 730.800000 80.000000 20.000000
V 636.976800 772.056000 90.000000 25.000000
V 45.000000 12.499920 90.000000 25.000000
V 611.661600 584.892000 80.000000 20.000000
V 903.168000 989.640000 90.000000 25.000000
V 734.400000 916.344000 90.000000 25.000000
E 5 0
E 0 6
E 0 21
E 1 21
E 2 22
E 12 3
E 21 3
E 23 3
E 8 4
E 11 4
E 4 13
E 11 5
E 5 13
E 6 21
E 23 7
E 14 8
E 8 21
E 16 9
E 9 21
E 10 21
E 15 13
E 14 21
E 20 15
E 23 17
E 18 21
E 19 21
E 23 19
E 22 23
G Hs_Diet-dependent_trimethylamine-trimethylamine_N-oxide_metabolism__WP5219_20251120 27 29
V 809.064000 992.448000 90.000000 25.000000
V 1268.208000 1183.392000 90.000000 25.000000
V 744.912000 12.499920 90.000000 25.000000
V 728.568000 1204.848000 90.000000 25.000000
V 1108.800000 544.406400 90.000000 25.000000
V 1072.512000 1349.424000 90.000000 25.000000
V 668.959200 371.181600 90.000000 25.000000
V 922.248000 37.397520 137.857143 28.214286
V 1118.736000 460.620000 116.666667 25.000000
V 841.968000 492.127200 1684.047619 22.119048
V 791.856000 239.896800 95.142857 26.214286
V 1258.344000 678.859200 90.000000 25.000000
V 1202.688000 1299.096000 90.000000 25.000000
V 1257.192000 261.741600 100.000000 25.000000
V 505.411200 788.400000 65.000000 19.000000
V 1483.200000 991.800000 127.000000 25.000000
V 1237.608000 923.400000 90.000000 25.000000
V 1505.592000 639.014400 100.000000 25.000000
V 583.999200 104.198400 90.000000 22.976190
V 946.440000 1316.952000 90.000000 25.000000
V 607.075200 1158.408000 90.000000 25.000000
V 574.380000 1036.296000 90.000000 25.000000
V 745.632000 734.904000 90.000000 25.000000
V 1053.144000 1102.896000 90.000000 25.000000
V 432.021600 297.900000 90.000000 25.000000
V 525.499200 668.772000 118.333333 25.000000
V 1321.920000 377.488800 116.666667 25.000000
E 0 3
E 20 0
E 21 0
E 22 0
E 0 23
E 1 23
E 2 10
E 4 9
E 11 4
E 4 26
E 5 23
E 6 9
E 10 6
E 24 6
E 10 7
E 8 9
E 11 8
E 8 13
E 10 9
E 22 9
E 18 10
E 16 11
E 17 11
E 23 12
E 14 22
E 15 16
E 23 16
E 19 23
E 25 22
G Hs_Disorders_in_ketolysis_WP5195_20251111 17 18
V 306.028800 569.167200 101.000000 25.000000
V 470.498400 256.428000 90.000000 25.000000
V 100.569600 54.720720 90.000000 25.000000
V 45.000000 150.400800 90.000000 25.000000
V 374.054400 430.077600 90.000000 25.000000
V 369.151200 708.508800 90.000000 25.000000
V 199.627200 165.528000 90.000000 25.000000
V 428.716800 176.349600 50.833333 25.000000
V 272.577600 427.176000 90.000000 25.000000
V 204.703200 12.499920 137.000000 25.000000
V 168.343200 636.040800 89.000000 25.000000
V 318.081600 282.009600 101.000000 25.000000
V 299.937600 45.503280 90.000000 25.000000
V 306.381600 842.184000 195.222222 25.000000
V 71.532000 245.577600 90.000000 25.000000
V 494.935200 785.664000 195.222222 35.000000
V 522.705600 448.999200 44.425926 25.000000
E 4 0
E 0 5
E 8 0
E 10 0
E 1 11
E 6 2
E 6 3
E 8 4
E 11 4
E 16 4
E 5 13
E 5 15
E 6 9
E 6 11
E 12 6
E 14 6
E 7 11
E 11 8
G Hs_Disorders_in_ketone_body_synthesis_WP5175_20251001 28 29
V 475.632000 18.478800 90.000000 25.000000
V 611.294400 98.640000 90.000000 25.000000
V 251.748000 497.836800 178.194030 25.000000
V 660.981600 322.380000 252.000000 25.000000
V 808.200000 671.846400 102.000000 40.000000
V 301.680000 249.523200 127.666667 25.000000
V 449.330400 863.784000 170.000000 40.000000
V 843.840000 479.541600 90.000000 25.000000
V 573.638400 12.499920 90.000000 25.000000
V 766.368000 155.930400 90.000000 25.000000
V 622.152000 514.771200 90.000000 25.000000
V 377.575200 29.890080 90.000000 25.000000
V 875.304000 196.452000 160.000000 40.000000
V 865.584000 325.792800 141.000000 25.000000
V 610.012800 874.080000 90.000000 25.000000
V 1042.416000 76.096800 90.000000 25.000000
V 740.520000 835.560000 90.000000 25.000000
V 348.645600 582.523200 67.471910 25.000000
V 250.668000 173.887200 139.000000 25.000000
V 376.668000 1049.400000 90.000000 25.000000
V 315.871200 99.561600 90.000000 25.000000
V 338.601600 433.440000 69.786634 25.000000
V 1058.544000 515.563200 90.000000 25.000000
V 495.799200 444.744000 125.840136 25.000000
V 591.768000 684.230400 90.000000 25.000000
V 481.694400 223.466400 90.000000 25.000000
V 453.074400 592.725600 90.000000 25.000000
V 52.500240 549.705600 104.728608 25.000000
E 0 25
E 1 25
E 23 2
E 2 27
E 3 7
E 9 3
E 12 3
E 3 13
E 23 3
E 3 25
E 7 4
E 24 4
E 25 5
E 19 6
E 6 24
E 22 7
E 25 8
E 23 10
E 25 11
E 15 12
E 24 14
E 16 24
E 17 23
E 25 18
E 25 20
E 21 23
E 24 23
E 23 25
E 23 26
G Hs_Disorders_of_fructose_metabolism_WP5178_20251112 37 41
V 877.032000 444.715200 90.000000 25.000000
V 988.560000 774.000000 90.000000 25.000000
V 492.660000 358.833600 90.000000 25.000000
V 678.758400 537.998400 90.000000 25.000000
V 560.044800 152.827200 90.000000 25.000000
V 78.105600 14.500080 66.614420 29.496865
V 777.096000 643.960800 90.000000 25.000000
V 572.760000 317.116800 85.399546 21.886909
V 342.028800 689.140800 79.493056 29.145833
V 552.758400 596.383200 90.000000 22.192717
V 279.482400 57.656880 90.000000 25.000000
V 82.252800 743.832000 90.000000 25.000000
V 804.888000 318.132000 120.164609 25.000000
V 1051.704000 435.837600 90.000000 25.000000
V 80.503200 441.979200 161.117060 44.964610
V 210.945600 423.597600 66.614420 29.496865
V 493.192800 221.940000 90.000000 25.000000
V 95.803200 354.628800 90.000000 25.000000
V 768.312000 777.528000 90.000000 25.000000
V 445.752000 599.997600 85.399546 22.534997
V 739.152000 199.548000 90.000000 25.000000
V 266.176800 195.969600 66.614420 29.496865
V 1041.696000 577.980000 90.000000 25.000000
V 157.096800 116.172000 66.614420 29.496865
V 921.888000 660.268800 90.000000 25.000000
V 459.669600 518.990400 90.000000 25.000000
V 181.180800 822.096000 90.000000 25.000000
V 668.260800 331.538400 90.000000 25.000000
V 541.317600 472.024800 85.399546 22.534997
V 950.616000 328.744800 105.465132 44.036673
V 762.048000 418.068000 124.279835 25.000000
V 203.688000 689.752800 87.305556 31.750000
V 437.767200 270.302400 90.000000 25.000000
V 331.171200 335.872800 66.614420 29.496865
V 649.562400 179.467200 73.085872 21.886909
V 165.369600 560.188800 87.305556 31.750000
V 671.976000 451.087200 90.000000 25.000000
E 0 30
E 1 24
E 16 2
E 27 2
E 28 2
E 32 2
E 2 33
E 3 6
E 28 3
E 3 30
E 36 3
E 4 7
E 23 5
E 18 6
E 6 24
E 7 28
E 34 7
E 8 19
E 8 31
E 9 28
E 10 21
E 11 31
E 27 12
E 12 29
E 30 12
E 22 13
E 29 13
E 15 14
E 17 15
E 15 33
E 35 15
E 19 28
E 20 27
E 21 23
E 33 21
E 24 22
E 25 28
E 26 31
E 27 30
E 36 27
E 31 35
G Hs_Disorders_of_galactose_metabolism__WP5173_20260703 27 29
V 294.040800 320.414400 90.000000 20.000000
V 913.968000 492.688800 130.000000 37.500000
V 961.056000 378.259200 50.000000 20.000000
V 113.464800 311.940000 60.000000 22.751841
V 812.736000 202.788000 50.000000 20.000000
V 784.440000 124.668000 90.000000 20.000000
V 699.818400 128.894400 50.000000 20.000000
V 368.985600 70.029360 50.000000 20.000000
V 318.002400 139.946400 90.000000 20.000000
V 719.107200 507.477600 60.000000 20.000000
V 693.835200 268.466400 90.000000 20.000000
V 390.837600 231.314400 90.000000 20.000000
V 228.592800 218.930400 70.000000 20.000000
V 431.992800 97.977600 60.000000 20.000000
V 823.968000 271.288800 50.000000 20.000000
V 126.129600 116.150400 70.000000 20.000000
V 867.744000 10.000080 50.000000 20.000000
V 725.184000 355.816800 50.000000 20.000000
V 642.139200 163.404000 50.000000 20.000000
V 512.164800 500.313600 142.650000 20.000000
V 339.336000 370.562400 100.000000 35.000000
V 30.000240 25.536240 60.000000 20.000000
V 743.832000 652.341600 50.000000 20.000000
V 540.489600 284.428800 146.000000 20.000000
V 584.157600 539.136000 60.000000 20.000000
V 608.428800 396.640800 141.000000 20.000000
V 811.152000 396.864000 99.159231 20.000000
E 11 0
E 26 1
E 2 26
E 3 12
E 4 10
E 10 5
E 16 5
E 6 10
E 7 11
E 11 8
E 22 9
E 9 25
E 26 9
E 14 10
E 17 10
E 18 10
E 10 23
E 10 25
E 10 26
U 12 11
E 13 11
E 20 11
E 11 23
U 15 12
E 21 15
E 24 19
E 25 19
E 23 25
E 24 25
G Hs_Disorders_of_mitochondrial_homeostatis__dynamics__protein_import__and_quality_control_WP5504_20251112 15 17
V 206.791200 95.666400 90.000000 25.000000
V 274.687200 203.983200 90.000000 35.003516
V 45.000000 288.806400 90.000000 25.000000
V 258.120000 306.331200 63.129395 25.000000
V 344.440800 309.664800 90.000000 35.003516
V 164.102400 149.724000 90.000000 25.000000
V 291.297600 103.989600 63.129395 25.000000
V 490.348800 83.174400 90.000000 25.000000
V 108.259200 45.400320 90.000000 25.000000
V 382.442400 122.234400 90.000000 25.000000
V 427.723200 12.499920 90.000000 25.000000
V 164.534400 283.917600 90.000000 25.000000
V 387.439200 255.888000 90.000000 35.003516
V 131.486400 401.889600 90.000000 25.000000
V 444.232800 358.560000 90.000000 35.003516
E 0 1
E 8 0
E 3 1
U 4 1
E 5 1
E 6 1
E 9 1
E 11 1
E 1 12
E 2 11
E 14 4
E 8 5
E 7 9
E 7 10
E 10 9
E 13 11
U 12 14
G Hs_Dopamine_metabolism_WP2436_20250630 38 45
V 406.324800 554.616000 114.088159 20.000000
V 199.965600 661.600800 67.329291 21.845746
V 429.825600 326.210400 114.088159 20.000000
V 307.461600 456.523200 114.088159 21.845746
V 685.612800 53.580240 108.494013 20.000000
V 75.916800 680.493600 91.706187 21.845746
V 580.564800 229.017600 114.088159 20.000000
V 382.932000 498.787200 148.301202 21.845746
V 93.283200 328.737600 91.554846 21.845746
V 359.186400 411.091200 35.255561 21.845746
V 514.908000 539.366400 80.000000 20.000000
V 488.484000 975.168000 80.000000 20.000000
V 777.960000 173.368800 104.523366 20.000000
V 660.412800 162.475200 114.088159 20.000000
V 37.499760 420.897600 75.301202 21.845746
V 429.472800 448.106400 114.281509 21.845746
V 501.976800 287.546400 114.088159 20.000000
V 253.576800 486.763200 49.734723 21.845746
V 136.922400 403.632000 80.105143 16.475963
V 87.206400 571.190400 72.686223 21.845746
V 352.562400 217.591200 114.088159 20.000000
V 208.526400 536.097600 66.748635 21.845746
V 162.158400 626.371200 72.686223 21.845746
V 582.602400 654.789600 56.430082 20.000000
V 322.668000 337.190400 80.000000 20.000000
V 782.424000 10.000080 108.494013 20.000000
V 460.994400 657.208800 114.088159 20.000000
V 257.083200 366.112800 35.255561 21.845746
V 231.393600 138.031200 151.302350 20.000000
V 258.940800 404.229600 148.301202 21.845746
V 372.981600 110.836800 114.088159 20.000000
V 283.658400 566.244000 106.735565 21.845746
V 301.975200 245.599200 42.177151 20.000000
V 152.604000 450.914400 35.255561 21.845746
V 844.920000 92.541600 108.494013 20.000000
V 443.563200 772.560000 114.088159 20.000000
V 540.093600 717.631200 114.088159 20.000000
V 467.373600 876.672000 114.088159 20.000000
E 3 0
E 10 0
E 0 26
E 1 5
E 31 1
E 2 3
E 2 16
E 20 2
E 24 2
U 32 2
E 3 7
U 9 3
U 3 15
E 3 17
E 18 3
E 3 21
E 24 3
U 27 3
E 3 29
E 3 31
E 3 33
E 13 4
E 4 25
E 19 5
E 6 13
E 16 6
E 29 8
U 9 29
E 11 37
E 13 12
E 12 34
E 33 14
E 29 17
E 21 19
E 24 20
E 20 28
U 30 20
E 21 22
U 23 26
E 25 34
E 26 35
E 26 36
U 29 27
E 29 33
E 35 37
G Hs_Dopaminergic_neurogenesis_WP2855_20251112 31 45
V 581.176800 152.654400 80.000000 20.000000
V 825.480000 398.944800 80.000000 20.000000
V 794.952000 216.676800 80.000000 20.000000
V 327.333600 785.376000 80.000000 20.000000
V 199.756800 199.108800 80.000000 20.000000
V 232.452000 467.697600 80.000000 20.000000
V 277.646400 291.664800 80.000000 20.000000
V 346.024800 99.568800 80.000000 20.000000
V 406.051200 176.558400 80.000000 20.000000
V 362.325600 256.053600 80.000000 20.000000
V 108.446400 562.435200 80.000000 20.000000
V 493.142400 424.044000 80.000000 20.000000
V 649.497600 233.373600 80.000000 20.000000
V 330.192000 615.448800 80.000000 20.000000
V 682.754400 332.935200 80.000000 20.000000
V 206.078400 628.077600 80.000000 20.000000
V 68.767920 467.172000 80.000000 20.000000
V 40.000320 327.146400 80.000000 20.000000
V 211.442400 363.448800 80.000000 20.000000
V 329.702400 454.550400 80.000000 20.000000
V 456.487200 10.000080 80.000000 20.000000
V 69.102720 90.568800 80.000000 20.000000
V 353.808000 498.268800 80.000000 20.000000
V 509.767200 307.591200 80.000000 20.000000
V 323.121600 381.708000 80.000000 20.000000
V 461.304000 230.364000 80.000000 20.000000
V 514.540800 542.534400 80.000000 20.000000
V 414.237600 372.477600 80.000000 20.000000
V 258.012000 84.002400 80.000000 20.000000
V 568.778400 452.592000 80.000000 20.000000
V 615.420000 669.837600 80.000000 20.000000
E 23 0
E 1 14
E 12 2
E 2 14
E 3 13
E 7 4
E 4 21
E 4 24
E 10 5
E 5 15
E 5 16
E 18 5
E 19 5
E 5 24
E 5 27
E 27 6
E 8 7
E 25 7
E 9 8
E 8 20
E 25 8
E 27 8
E 18 9
E 9 23
E 27 9
E 9 28
E 19 11
E 23 11
E 27 11
E 23 12
E 15 13
E 24 13
E 23 14
E 17 18
E 19 18
E 22 18
E 19 27
E 22 27
E 23 24
E 23 25
E 27 23
E 27 25
E 27 26
E 26 30
E 29 27
G Hs_Dravet_syndrome_WP5200_20250808 26 28
V 210.880800 500.277600 90.000000 25.000000
V 519.235200 406.576800 90.000000 25.000000
V 580.514400 204.897600 90.000000 25.000000
V 769.248000 138.506400 90.000000 25.000000
V 377.200800 458.100000 90.250000 25.000000
V 123.796800 339.480000 90.000000 25.000000
V 148.010400 467.251200 90.000000 25.000000
V 645.760800 12.499920 90.000000 25.000000
V 146.376000 413.251200 90.000000 25.000000
V 406.929600 534.189600 90.250000 25.000000
V 319.838400 363.736800 90.000000 25.000000
V 656.416800 128.707200 90.000000 25.000000
V 136.180800 759.960000 90.000000 25.000000
V 874.368000 124.135200 90.000000 25.000000
V 277.596000 433.036800 90.000000 25.000000
V 45.000000 281.167200 90.000000 25.000000
V 501.652800 276.019200 90.000000 25.000000
V 232.070400 562.881600 90.000000 25.000000
V 374.731200 225.770400 90.000000 25.000000
V 99.979200 856.800000 90.000000 25.000000
V 461.030400 624.708000 90.000000 25.000000
V 417.924000 348.249600 90.000000 25.000000
V 221.824800 360.093600 90.000000 25.000000
V 308.916000 525.060000 90.000000 25.000000
V 181.735200 664.322400 90.000000 25.000000
V 252.021600 307.569600 90.000000 25.000000
E 0 14
E 1 21
E 2 11
E 16 2
U 11 3
E 13 3
E 4 14
E 5 14
E 15 5
E 22 5
E 6 14
U 11 7
E 14 8
E 9 14
E 9 20
E 10 14
E 22 10
E 12 19
E 12 24
E 17 14
E 14 21
E 22 14
E 23 14
E 25 14
U 21 16
E 24 17
U 21 18
E 22 25
G Hs_EGF-EGFR_signaling_WP437_20251112 24 23
V 360.972000 580.795200 38.199467 20.000000
V 820.728000 399.153600 67.000000 20.000000
V 752.688000 382.464000 53.000000 20.000000
V 679.471200 918.288000 58.000000 20.000000
V 624.448800 632.678400 48.000000 20.000000
V 22.000320 10.000080 44.000000 20.000000
V 103.485600 55.547280 44.847850 20.000000
V 635.155200 521.820000 48.152150 20.000000
V 571.629600 384.336000 39.000000 20.000000
V 171.820800 119.872800 50.000000 20.000000
V 234.928800 191.253600 56.000000 20.000000
V 314.143200 247.924800 44.000000 20.000000
V 840.456000 472.824000 45.000000 20.000000
V 611.596800 841.320000 243.000000 20.000000
V 829.152000 557.733600 54.000000 20.000000
V 933.552000 573.890400 41.000000 20.000000
V 531.583200 464.954400 58.847850 20.000000
V 616.968000 737.856000 58.000000 20.000000
V 745.992000 484.704000 68.000000 20.000000
V 412.236000 280.008000 47.000000 20.000000
V 460.396800 184.298400 38.242945 20.000000
V 539.992800 915.120000 49.000000 20.000000
V 461.880000 374.918400 45.000000 20.000000
V 447.076800 526.089600 53.000000 20.000000
E 0 23
E 1 18
E 18 2
E 13 3
E 4 7
E 17 4
E 6 5
E 9 6
E 16 7
E 18 7
E 16 8
E 9 10
E 11 10
E 19 11
E 12 18
E 13 17
E 21 13
E 15 14
E 18 14
E 22 16
E 16 23
E 19 20
E 22 19
G Hs_Effect_of_omega-3_PUFA_on_Huntington&#39;s_disease_pathways_WP5470_20251120 38 44
V 189.064800 128.678400 60.000000 20.000000
V 587.066400 338.652000 80.000000 20.000000
V 448.149600 595.209600 60.000000 20.000000
V 360.079200 233.748000 60.000000 20.000000
V 226.202400 453.672000 60.519752 17.664192
V 125.985600 358.048800 60.519752 17.664192
V 489.787200 33.474240 60.000000 20.000000
V 338.623200 10.000080 60.000000 20.000000
V 344.534400 321.206400 70.000000 20.000000
V 402.897600 85.917600 60.000000 20.000000
V 192.607200 402.271200 60.000000 20.000000
V 359.719200 121.010400 60.000000 20.000000
V 447.840000 404.244000 60.000000 20.000000
V 181.562400 539.906400 60.519752 17.664192
V 56.235600 423.396000 60.000000 20.000000
V 327.960000 165.117600 60.030421 22.450249
V 642.945600 122.126400 60.000000 20.000000
V 211.010400 223.970400 60.000000 20.000000
V 428.824800 500.716800 60.000000 20.000000
V 518.565600 474.091200 60.000000 20.000000
V 297.676800 270.100800 60.000000 20.000000
V 280.792800 74.404800 60.000000 20.000000
V 418.046400 294.552000 61.009319 20.517286
V 500.068800 243.662400 60.000000 20.000000
V 491.551200 308.260800 70.000000 20.000000
V 125.856000 177.660000 60.000000 20.000000
V 541.706400 171.698400 60.000000 20.000000
V 555.012000 82.497600 60.000000 20.000000
V 263.052000 194.119200 60.000000 20.000000
V 540.410400 419.781600 60.000000 20.000000
V 232.646400 348.386400 60.000000 20.000000
V 122.551200 240.091200 59.358037 15.520903
V 30.000240 338.464800 60.000000 20.000000
V 596.916000 529.732800 60.000000 20.000000
V 136.461600 618.184800 60.519752 17.664192
V 592.221600 27.108000 60.000000 20.000000
V 123.566400 53.658000 60.000000 20.000000
V 597.211200 214.668000 60.000000 20.000000
E 17 0
E 28 0
E 36 0
E 1 24
E 2 18
E 3 11
E 3 20
E 3 22
E 4 13
E 4 30
E 14 5
E 5 30
E 32 5
E 9 6
E 27 6
E 6 35
E 11 7
E 8 20
E 24 8
E 15 9
E 30 10
E 18 12
E 19 12
E 22 12
E 29 12
E 13 34
E 20 15
E 21 15
E 28 15
E 16 35
E 37 16
E 17 20
E 17 25
E 17 31
E 19 29
E 33 19
E 20 22
E 28 20
E 20 30
E 23 22
E 23 24
E 23 26
E 23 37
E 26 27
G Hs_Effect_of_progerin_on_genes_involved_in_progeria_WP4320_20251120 15 16
V 428.119200 576.950400 90.000000 25.000000
V 544.219200 362.988000 90.000000 25.000000
V 478.706400 146.239200 124.678105 27.690286
V 183.477600 344.822400 90.000000 25.000000
V 730.800000 213.472800 170.714286 25.000000
V 446.716800 286.567200 143.557892 65.460719
V 45.000000 162.403200 90.000000 25.000000
V 186.969600 148.226400 90.000000 25.000000
V 537.710400 17.581680 90.000000 25.000000
V 587.102400 536.644800 90.000000 25.000000
V 154.339200 12.499920 90.000000 25.000000
V 294.386400 247.492800 90.000000 25.000000
V 592.293600 239.032800 90.000000 25.000000
V 478.512000 444.031200 90.000000 31.877193
V 384.897600 397.281600 90.000000 25.000000
E 0 13
E 5 1
E 1 13
E 5 2
E 2 8
E 3 11
E 12 4
E 5 11
E 5 12
E 5 13
E 5 14
E 7 6
E 10 7
U 11 7
E 9 13
E 14 13
G Hs_Eicosanoid_metabolism_via_cytochrome_P450_monooxygenases_pathway_WP4720_20250708 15 17
V 179.452800 24.726960 102.000000 25.000000
V 702.849600 297.928800 102.000000 25.000000
V 378.079200 310.989600 65.500000 25.500000
V 456.314400 539.496000 102.000000 25.000000
V 620.272800 529.480800 102.000000 25.000000
V 50.999760 447.012000 102.000000 25.000000
V 317.023200 176.284800 102.000000 25.000000
V 489.470400 351.460800 102.000000 25.000000
V 476.740800 135.741600 102.000000 25.000000
V 713.822400 12.499920 102.000000 25.000000
V 247.024800 383.832000 102.000000 25.000000
V 346.298400 509.745600 102.000000 25.000000
V 581.832000 184.140000 102.000000 25.000000
V 699.516000 427.356000 102.000000 25.000000
V 451.000800 756.792000 102.000000 25.000000
E 6 0
E 7 1
E 2 3
E 2 6
E 2 10
E 2 12
E 7 3
E 3 14
E 7 4
E 10 5
E 7 6
E 7 8
E 7 10
E 7 11
E 7 12
E 7 13
E 12 9
G Hs_Endochondral_ossification_WP474_20251202 26 34
V 151.473600 10.000080 80.000000 20.000000
V 547.956000 321.544800 80.000000 20.000000
V 413.078400 159.782400 51.000000 20.000000
V 254.973600 385.567200 80.000000 20.000000
V 220.852800 139.046400 80.000000 20.000000
V 340.488000 463.896000 80.000000 20.000000
V 406.425600 661.975200 84.000000 20.000000
V 742.968000 182.959200 80.000000 20.000000
V 586.893600 482.040000 80.000000 20.000000
V 409.960800 80.344800 80.000000 20.000000
V 708.141600 319.089600 80.000000 20.000000
V 177.127200 324.244800 80.000000 20.000000
V 635.119200 665.798400 80.000000 20.000000
V 621.000000 267.055200 80.000000 20.000000
V 645.962400 403.401600 80.000000 20.000000
V 340.977600 240.213600 80.000000 20.000000
V 388.555200 302.990400 80.000000 20.000000
V 236.786400 279.590400 84.000000 20.000000
V 562.384800 538.804800 80.000000 20.000000
V 40.000320 386.323200 80.000000 20.000000
V 116.604000 200.570400 80.000000 20.000000
V 411.019200 407.908800 80.000000 20.000000
V 493.408800 171.072000 80.000000 20.000000
V 495.381600 374.724000 80.000000 20.000000
V 449.805600 518.839200 80.000000 20.000000
V 321.948000 95.428800 80.000000 20.000000
E 4 0
E 8 1
E 1 10
E 1 13
E 16 1
E 2 16
E 2 22
E 3 16
E 3 17
E 15 4
E 4 20
E 5 16
E 5 24
E 6 24
E 13 7
E 8 24
E 15 9
E 10 13
E 10 14
E 11 15
E 19 11
E 12 18
E 13 23
E 14 23
E 15 16
E 23 15
E 15 25
E 16 17
E 21 16
E 22 16
E 17 20
E 18 23
E 23 21
E 23 24
G Hs_Endochondral_ossification_with_skeletal_dysplasias_WP4808_20251121 26 34
V 151.473600 10.000080 80.000000 20.000000
V 547.956000 321.544800 80.000000 20.000000
V 413.078400 159.782400 51.000000 20.000000
V 254.973600 385.567200 80.000000 20.000000
V 220.852800 139.046400 80.000000 20.000000
V 340.488000 463.896000 80.000000 20.000000
V 406.425600 661.975200 84.000000 20.000000
V 742.968000 182.959200 80.000000 20.000000
V 586.893600 482.040000 80.000000 20.000000
V 409.960800 80.344800 80.000000 20.000000
V 708.141600 319.089600 80.000000 20.000000
V 177.127200 324.244800 80.000000 20.000000
V 635.119200 665.798400 80.000000 20.000000
V 621.000000 267.055200 80.000000 20.000000
V 645.962400 403.401600 80.000000 20.000000
V 340.977600 240.213600 80.000000 20.000000
V 388.555200 302.990400 80.000000 20.000000
V 236.786400 279.590400 84.000000 20.000000
V 562.384800 538.804800 80.000000 20.000000
V 40.000320 386.323200 80.000000 20.000000
V 116.604000 200.570400 80.000000 20.000000
V 411.019200 407.908800 80.000000 20.000000
V 493.408800 171.072000 80.000000 20.000000
V 495.381600 374.724000 80.000000 20.000000
V 449.805600 518.839200 80.000000 20.000000
V 321.948000 95.428800 80.000000 20.000000
E 4 0
E 8 1
E 1 10
E 1 13
E 16 1
E 2 16
E 2 22
E 3 16
E 3 17
E 15 4
E 4 20
E 5 16
E 5 24
E 6 24
E 13 7
E 8 24
E 15 9
E 10 13
E 10 14
E 11 15
E 19 11
E 12 18
E 13 23
E 14 23
E 15 16
E 23 15
E 15 25
E 16 17
E 21 16
E 22 16
E 17 20
E 18 23
E 23 21
E 23 24
G Hs_Epithelial_to_mesenchymal_transition_in_colorectal_cancer_WP4239_20250720 28 33
V 151.999200 398.073600 50.000000 25.000000
V 391.183200 279.489600 50.000000 25.000000
V 880.344000 692.935200 57.320186 25.000000
V 613.670400 864.000000 60.469613 25.000000
V 734.040000 396.662400 57.320186 25.000000
V 370.569600 526.528800 61.538037 25.000000
V 277.848000 361.929600 59.000000 25.000000
V 428.889600 397.569600 50.365646 25.000000
V 603.460800 225.028800 52.727002 25.000000
V 708.775200 316.454400 71.796590 25.000000
V 438.285600 149.155200 50.000000 25.000000
V 347.788800 429.184800 50.000000 25.000000
V 867.384000 338.025600 57.320186 25.000000
V 764.856000 631.533600 60.469613 25.000000
V 435.578400 523.101600 52.000000 25.000000
V 542.448000 451.742400 50.000000 25.000000
V 324.676800 298.562400 66.750000 25.000000
V 627.523200 266.277600 90.000000 25.000000
V 585.468000 371.800800 57.320186 25.000000
V 24.999840 381.196800 50.000000 25.000000
V 421.293600 12.499920 60.000000 25.000000
V 613.576800 731.592000 79.570398 25.000000
V 273.988800 466.322400 50.000000 25.000000
V 635.076000 583.891200 75.203623 25.000000
V 532.692000 574.070400 49.000000 25.000000
V 533.484000 157.579200 44.999020 25.000000
V 503.244000 297.597600 57.320186 25.000000
V 196.934400 583.768800 48.452369 25.000000
E 6 0
E 0 19
E 22 0
E 7 1
E 13 2
E 3 21
E 4 12
E 18 4
E 5 7
E 6 7
E 6 16
E 7 11
E 14 7
E 7 15
E 16 7
E 7 18
E 22 7
E 7 26
E 8 18
E 8 26
E 9 18
E 20 10
E 10 26
E 13 23
E 15 18
E 15 23
E 24 15
E 15 26
E 17 18
E 17 26
E 21 23
E 27 22
E 25 26
G Hs_Estrogen_signaling_WP712_20251121 18 18
V 258.796800 255.124800 60.000000 20.000000
V 297.756000 88.502400 60.000000 20.000000
V 258.350400 439.840800 60.000000 20.000000
V 273.463200 619.632000 60.000000 20.000000
V 165.650400 464.702400 106.033333 40.000000
V 237.168000 161.913600 60.000000 20.000000
V 85.420800 59.274000 53.033333 25.033333
V 293.925600 345.794400 60.000000 20.000000
V 338.947200 10.000080 60.000000 20.000000
V 228.621600 531.842400 106.033333 40.000000
V 117.273600 523.548000 60.000000 20.000000
V 30.000240 558.698400 60.000000 20.000000
V 393.300000 336.348000 60.000000 20.000000
V 485.704800 333.907200 60.000000 20.000000
V 307.101600 702.518400 93.033333 40.000000
V 153.712800 116.359200 91.033333 30.033333
V 344.736000 477.288000 48.033333 25.033333
V 144.367200 569.844000 90.000000 20.000000
E 5 0
E 7 0
E 5 1
E 1 8
E 4 2
E 2 7
E 9 2
E 16 2
E 3 9
E 3 14
E 4 10
E 17 4
E 15 5
E 6 15
E 7 12
E 9 10
E 10 11
E 12 13
G Hs_Estrogen_synthesis_and_metabolism_WP5276_20260227 36 42
V 663.969600 298.252800 66.500000 26.500000
V 243.626400 515.779200 124.605658 25.000000
V 447.170400 210.268800 90.000000 35.000000
V 886.752000 318.564000 109.332958 25.000000
V 853.344000 48.232080 90.000000 25.000000
V 83.001600 205.675200 165.966387 35.000000
V 382.946400 430.437600 122.411336 25.000000
V 1061.424000 418.132800 116.007398 26.419938
V 678.369600 179.337600 105.000000 25.000000
V 779.112000 287.719200 90.000000 25.000000
V 716.464800 359.582400 90.000000 25.000000
V 274.449600 282.340800 60.000000 25.000000
V 1029.960000 230.493600 109.962205 25.000000
V 532.648800 361.288800 90.000000 25.000000
V 870.840000 414.943200 120.209079 25.000000
V 868.608000 625.917600 149.159664 35.000000
V 368.071200 330.544800 133.201174 25.000000
V 105.436800 441.201600 60.000000 25.000000
V 730.080000 451.807200 90.000000 35.000000
V 593.769600 674.625600 70.000000 26.500000
V 545.263200 188.164800 90.000000 25.000000
V 537.328800 525.715200 90.000000 25.000000
V 158.803200 643.651200 177.907544 35.000000
V 969.120000 451.641600 60.000000 25.000000
V 715.773600 712.375200 158.432321 35.000000
V 714.852000 12.499920 90.000000 25.000000
V 832.824000 680.580000 60.000000 25.000000
V 706.802400 545.709600 145.494816 25.000000
V 578.203200 69.449760 90.000000 25.000000
V 459.475200 294.912000 90.000000 25.000000
V 1175.904000 526.435200 121.848739 35.000000
V 1163.016000 309.326400 60.000000 25.000000
V 1124.496000 108.619200 114.372361 35.000000
V 193.248000 317.512800 142.654955 25.000000
V 452.167200 672.019200 70.000000 25.000000
V 788.832000 201.816000 90.000000 25.000000
E 0 10
E 6 1
E 17 1
E 1 22
E 13 2
E 10 3
E 3 12
E 23 3
E 4 35
E 33 5
E 11 6
E 13 6
E 14 7
E 7 30
E 31 7
E 8 10
E 20 8
E 25 8
E 28 8
E 9 10
E 13 10
E 10 14
E 10 18
E 10 27
E 10 35
E 11 16
E 31 12
E 12 32
E 13 16
E 20 13
E 13 21
E 29 13
E 23 14
E 27 15
E 16 33
E 17 33
E 19 27
E 28 20
E 27 21
E 34 21
E 27 24
E 26 27
G Hs_Ethanol_effects_on_histone_modifications_WP3996_20251121 30 33
V 360.734400 603.288000 80.000000 20.000000
V 194.630400 764.856000 80.000000 20.000000
V 805.320000 591.494400 80.000000 20.000000
V 634.701600 873.000000 80.000000 20.000000
V 767.160000 805.176000 80.000000 20.000000
V 485.272800 101.347200 80.000000 20.000000
V 566.791200 803.016000 80.000000 20.000000
V 255.427200 667.072800 128.000000 20.000000
V 418.060800 252.547200 120.000000 20.000000
V 885.024000 641.332800 80.000000 20.000000
V 522.936000 309.211200 80.000000 20.000000
V 683.438400 10.000080 80.000000 20.000000
V 561.232800 194.220000 80.000000 20.000000
V 682.768800 670.471200 80.000000 20.000000
V 705.794400 835.344000 80.000000 20.000000
V 719.445600 520.776000 80.000000 20.000000
V 640.958400 110.865600 80.000000 20.000000
V 40.000320 606.607200 80.000000 20.000000
V 151.768800 608.709600 110.000000 20.000000
V 520.444800 439.185600 80.000000 20.000000
V 678.614400 1093.248000 80.000000 20.000000
V 252.619200 556.747200 80.000000 20.000000
V 652.543200 988.200000 80.000000 20.000000
V 484.855200 568.173600 80.000000 20.000000
V 658.936800 745.632000 80.000000 20.000000
V 820.440000 721.008000 80.000000 20.000000
V 760.392000 642.470400 80.000000 20.000000
V 578.916000 656.438400 80.000000 20.000000
V 425.714400 402.984000 120.000000 20.000000
V 632.095200 447.220800 80.000000 20.000000
E 7 0
E 0 21
E 23 0
E 1 7
E 2 13
E 3 22
E 24 3
E 4 24
E 5 12
E 6 24
E 18 7
E 10 8
E 9 26
E 10 12
E 19 10
E 16 11
E 12 16
E 13 24
E 13 25
E 26 13
E 27 13
E 14 24
E 15 26
E 29 15
E 17 18
E 21 18
E 19 23
E 19 28
E 19 29
E 22 20
E 23 27
E 24 26
E 24 27
G Hs_Ethylmalonic_encephalopathy_WP5030_20250826 17 19
V 262.965600 15.999840 108.005857 32.268500
V 329.623200 379.728000 90.000000 25.000000
V 189.885600 125.258400 90.000000 25.000000
V 161.308800 270.979200 115.000000 28.500000
V 287.546400 619.552800 90.000000 25.000000
V 271.814400 246.722400 90.000000 25.000000
V 45.000000 369.360000 90.000000 25.000000
V 81.158400 47.308320 90.000000 25.000000
V 114.897600 545.436000 90.000000 28.500000
V 399.909600 232.070400 90.000000 25.000000
V 245.203200 493.603200 90.000000 28.500000
V 183.924000 611.956800 90.000000 28.500000
V 365.544000 563.047200 90.000000 25.000000
V 188.812800 366.328800 162.000000 28.500000
V 450.201600 48.587760 60.671642 25.000000
V 467.632800 403.891200 90.000000 25.000000
V 337.809600 122.896800 60.671642 25.000000
U 2 0
E 0 16
E 1 5
E 1 10
E 1 15
E 5 2
E 7 2
E 3 5
E 13 3
E 4 10
E 9 5
E 5 13
E 5 16
E 6 13
E 10 8
E 10 11
E 12 10
E 13 10
E 16 14
G Hs_FGFR3_signaling_in_chondrocyte_proliferation_and_terminal_differentiation_WP4767_20251122 17 18
V 285.710400 232.696800 119.744673 25.000000
V 514.490400 184.852800 90.000000 25.000000
V 572.954400 332.575200 90.000000 25.000000
V 330.559200 540.964800 90.000000 25.000000
V 699.868800 390.477600 90.000000 25.000000
V 162.151200 169.754400 90.000000 25.000000
V 45.000000 114.703200 90.000000 25.000000
V 828.792000 373.521600 90.000000 25.000000
V 186.544800 464.544000 106.705989 29.741379
V 595.569600 69.256800 158.748608 25.000000
V 309.672000 400.860000 90.000000 25.000000
V 481.795200 378.504000 90.000000 25.000000
V 791.352000 483.055200 79.178611 25.000000
V 402.768000 433.864800 90.000000 25.000000
V 418.161600 290.808000 90.000000 25.000000
V 399.312000 153.468000 90.000000 25.000000
V 391.212000 12.499920 90.000000 25.000000
E 0 5
E 14 0
E 9 1
E 1 14
E 4 2
E 2 14
E 3 10
E 3 13
E 4 7
E 12 4
E 5 6
E 7 12
E 10 8
E 14 10
E 14 11
E 14 13
E 15 14
E 16 15
G Hs_Factors_and_pathways_affecting_insulin-like_growth_factor_(IGF1)-Akt_signaling_WP3850_20251123 33 34
V 586.166400 358.804800 80.000000 20.000000
V 392.140800 384.624000 80.000000 20.000000
V 125.280000 236.008800 80.000000 20.000000
V 631.425600 432.093600 80.000000 20.000000
V 762.192000 365.292000 80.000000 20.000000
V 435.592800 218.656800 80.000000 20.000000
V 523.684800 242.424000 80.000000 20.000000
V 648.576000 145.360800 150.756303 20.000000
V 186.156000 283.104000 118.781513 20.000000
V 879.264000 376.581600 137.689076 30.000000
V 505.958400 322.963200 80.000000 20.000000
V 151.848000 584.870400 80.000000 20.000000
V 674.208000 352.872000 80.000000 20.000000
V 611.848800 223.869600 80.000000 20.000000
V 578.930400 195.854400 80.000000 20.000000
V 547.351200 10.000080 80.000000 20.000000
V 525.009600 154.656000 80.000000 20.000000
V 304.084800 410.472000 80.000000 20.000000
V 542.419200 457.128000 80.000000 20.000000
V 128.059200 400.932000 80.000000 20.000000
V 208.425600 534.996000 80.000000 20.000000
V 434.116800 350.971200 80.000000 20.000000
V 500.119200 386.820000 80.000000 20.000000
V 677.685600 496.080000 118.781513 20.000000
V 250.012800 339.645600 80.000000 20.000000
V 456.350400 182.656800 80.000000 20.000000
V 398.246400 451.972800 80.000000 20.000000
V 276.055200 493.236000 80.000000 20.000000
V 40.000320 391.017600 80.000000 20.000000
V 216.072000 407.347200 80.000000 20.000000
V 293.076000 568.396800 80.000000 20.000000
V 288.792000 642.297600 80.000000 20.000000
V 530.949600 78.753600 80.000000 20.000000
E 0 3
E 10 0
E 0 12
E 17 1
E 1 21
E 26 1
E 2 8
E 3 23
E 4 9
E 12 4
E 5 6
E 10 6
E 6 13
E 6 14
E 6 16
E 25 6
E 13 7
E 14 7
E 16 7
E 24 8
E 21 10
E 10 22
E 11 20
E 15 32
E 32 16
E 24 17
E 27 17
E 29 17
E 18 22
E 28 19
E 19 29
E 20 27
E 30 27
E 31 30
G Hs_Familial__hyperlipidemia_type_1_WP5108_20251123 19 22
V 516.182400 394.171200 90.000000 25.000000
V 214.747200 360.936000 90.000000 25.000000
V 121.392000 215.834400 90.000000 25.000000
V 244.591200 225.583200 90.000000 25.000000
V 450.511200 253.216800 90.000000 25.000000
V 45.000000 355.384800 90.000000 25.000000
V 147.369600 628.495200 90.000000 25.000000
V 378.511200 424.260000 90.000000 25.000000
V 595.944000 163.555200 90.000000 25.000000
V 192.513600 65.490480 90.000000 25.000000
V 100.353600 462.679200 90.000000 25.000000
V 236.757600 487.425600 90.000000 25.000000
V 460.677600 541.980000 90.000000 25.000000
V 446.680800 754.848000 90.000000 25.000000
V 340.272000 128.426400 130.995000 25.000000
V 537.818400 486.748800 90.000000 25.000000
V 755.424000 170.920800 212.818282 25.000000
V 386.366400 605.253600 90.000000 25.000000
V 641.541600 12.499920 90.000000 25.000000
E 0 7
E 1 2
E 1 3
E 5 1
E 7 1
E 10 1
E 11 1
E 2 9
E 14 3
E 4 7
E 8 4
E 4 14
E 6 11
E 7 11
E 12 7
E 15 7
E 17 7
U 8 16
E 18 8
E 14 9
E 10 11
E 13 17
G Hs_Familial_hyperlipidemia_type_2_WP5109_20251123 32 36
V 220.377600 471.909600 60.000000 20.000000
V 601.603200 743.904000 130.000000 35.000000
V 108.612000 184.752000 80.000000 20.000000
V 834.336000 759.456000 60.000000 20.000000
V 297.748800 320.839200 40.000000 20.000000
V 97.380000 678.852000 60.000000 20.000000
V 154.677600 10.000080 60.000000 20.000000
V 341.092800 656.611200 60.000000 20.000000
V 378.597600 222.400800 60.000000 20.000000
V 502.984800 383.623200 60.000000 20.000000
V 938.520000 793.224000 70.000000 20.000000
V 592.063200 868.752000 60.000000 20.000000
V 205.617600 731.808000 60.000000 20.000000
V 320.709600 469.396800 40.000000 20.000000
V 159.559200 650.851200 60.000000 20.000000
V 287.942400 137.332800 60.000000 20.000000
V 189.921600 119.181600 80.000000 20.000000
V 177.753600 360.784800 60.000000 20.000000
V 30.000240 256.651200 60.000000 20.000000
V 237.319200 615.333600 130.000000 35.000000
V 81.864000 469.101600 60.000000 20.000000
V 77.781600 581.018400 60.000000 20.000000
V 163.814400 280.879200 40.000000 20.000000
V 208.274400 542.138400 60.000000 20.000000
V 416.779200 572.529600 60.000000 20.000000
V 412.776000 279.187200 60.000000 20.000000
V 518.702400 650.700000 60.000000 20.000000
V 222.372000 237.902400 40.000000 20.000000
V 370.375200 434.232000 60.000000 20.000000
V 722.952000 736.992000 60.000000 20.000000
V 597.160800 984.816000 60.000000 20.000000
V 611.913600 316.072800 60.000000 20.000000
U 17 0
U 19 0
U 20 0
U 23 0
U 28 0
U 1 11
U 1 26
U 1 29
E 2 27
E 3 10
U 3 29
E 8 4
E 4 13
E 22 4
E 25 4
E 27 4
U 19 5
U 21 5
E 6 16
U 19 7
U 24 7
E 28 9
E 9 31
U 30 11
U 14 12
U 19 12
E 13 23
E 24 13
E 14 23
E 15 27
E 16 27
E 17 27
E 18 22
E 21 23
E 27 22
U 24 26
G Hs_Familial_hyperlipidemia_type_3_WP5110_20251123 18 22
V 470.253600 662.032800 80.000000 25.000000
V 243.230400 401.025600 90.000000 25.000000
V 278.179200 89.352000 90.000000 25.000000
V 351.453600 550.929600 90.000000 25.000000
V 282.686400 490.917600 90.000000 25.000000
V 45.000000 12.499920 90.000000 25.000000
V 289.144800 240.904800 90.000000 25.000000
V 438.278400 162.108000 70.000000 25.000000
V 78.350400 415.764000 90.000000 25.000000
V 376.185600 95.407200 90.000000 25.000000
V 157.816800 122.349600 90.000000 25.000000
V 115.322400 518.428800 80.000000 25.000000
V 472.917600 523.504800 90.000000 25.000000
V 382.334400 388.872000 90.000000 25.000000
V 130.723200 233.222400 80.000000 25.000000
V 526.924800 314.539200 80.000000 25.000000
V 549.590400 407.102400 90.000000 25.000000
V 291.592800 706.507200 183.293085 25.000000
E 3 0
E 12 0
E 3 1
E 4 1
E 6 1
E 8 1
E 1 11
E 1 13
E 2 6
E 3 12
E 3 13
U 3 17
E 4 13
E 5 10
E 7 6
E 9 6
E 10 6
E 6 13
E 6 14
E 13 12
E 13 15
E 16 13
G Hs_Familial_hyperlipidemia_type_4_WP5111_20251123 26 27
V 45.000000 468.885600 90.000000 25.000000
V 605.534400 151.048800 90.000000 25.000000
V 729.936000 624.312000 90.000000 25.000000
V 1263.096000 1305.000000 90.000000 25.000000
V 193.154400 433.051200 90.000000 25.000000
V 826.272000 731.088000 167.279374 25.000000
V 391.492800 134.085600 90.000000 25.000000
V 1141.776000 1205.208000 90.000000 25.000000
V 1129.464000 1046.160000 90.000000 25.000000
V 1414.728000 1314.432000 90.000000 25.000000
V 498.376800 412.164000 90.000000 25.000000
V 208.944000 310.147200 90.000000 25.000000
V 1018.296000 943.704000 90.000000 25.000000
V 924.048000 834.840000 90.000000 25.000000
V 1256.472000 1458.072000 90.000000 25.000000
V 347.745600 361.454400 90.000000 25.000000
V 489.499200 119.088000 90.000000 25.000000
V 1032.408000 1316.520000 130.354839 25.000000
V 478.101600 265.420800 90.000000 25.000000
V 625.521600 517.687200 90.000000 25.000000
V 454.946400 550.389600 90.000000 25.000000
V 259.488000 228.607200 90.000000 25.000000
V 673.646400 12.499920 90.000000 25.000000
V 1270.296000 973.080000 90.000000 25.000000
V 292.557600 501.861600 90.000000 25.000000
V 601.034400 321.739200 90.000000 25.000000
E 0 4
E 18 1
E 1 22
U 2 5
E 2 19
E 7 3
E 9 3
E 3 14
E 4 15
U 13 5
E 6 18
E 8 7
E 17 7
E 12 8
E 23 8
E 15 10
E 10 18
E 19 10
E 20 10
E 25 10
E 11 15
E 13 12
E 15 18
E 21 15
E 24 15
E 18 16
E 25 18
G Hs_Familial_hyperlipidemia_type_5_WP5112_20251123 21 23
V 375.840000 260.589600 90.000000 25.000000
V 1139.112000 548.877600 90.000000 25.000000
V 45.000000 233.136000 90.000000 25.000000
V 710.589600 276.609600 130.995000 25.000000
V 1017.000000 452.181600 90.000000 25.000000
V 206.438400 272.383200 90.000000 25.000000
V 836.064000 411.998400 90.000000 25.000000
V 1408.104000 502.192800 90.000000 25.000000
V 1298.088000 281.498400 90.000000 25.000000
V 979.128000 261.907200 90.000000 25.000000
V 518.724000 12.499920 90.000000 25.000000
V 545.536800 199.656000 90.000000 25.000000
V 1117.296000 371.556000 90.000000 25.000000
V 1293.480000 692.877600 90.000000 25.000000
V 1422.936000 824.544000 90.000000 25.000000
V 1390.968000 367.423200 90.000000 25.000000
V 1229.760000 468.619200 90.000000 25.000000
V 1178.712000 885.528000 90.000000 25.000000
V 1195.488000 691.192800 90.000000 25.000000
V 910.656000 610.344000 90.000000 25.000000
V 842.040000 156.952800 90.000000 25.000000
E 5 0
E 0 11
E 1 4
E 12 1
E 13 1
E 16 1
E 2 5
E 3 6
E 11 3
E 3 20
E 4 6
E 4 9
E 12 4
E 16 4
E 19 4
E 7 16
E 8 16
E 9 20
E 11 10
E 14 13
E 15 16
E 18 16
E 17 18
G Hs_Familial_partial_lipodystrophy_WP5102_20251123 23 26
V 522.655200 363.031200 90.000000 25.000000
V 807.048000 812.088000 108.945000 25.000000
V 564.660000 12.499920 90.000000 25.000000
V 347.529600 346.521600 90.000000 25.000000
V 391.996800 92.800800 90.000000 25.000000
V 202.600800 261.626400 90.000000 25.000000
V 45.000000 281.584800 90.000000 25.000000
V 957.528000 313.804800 90.000000 25.000000
V 535.550400 180.597600 90.000000 25.000000
V 230.875200 94.514400 90.000000 25.000000
V 687.628800 416.844000 90.000000 25.000000
V 707.385600 149.810400 90.000000 25.000000
V 666.115200 716.299200 108.945000 25.000000
V 574.128000 858.096000 108.945000 25.000000
V 501.400800 476.013600 90.000000 25.000000
V 656.510400 296.488800 90.000000 25.000000
V 910.368000 185.320800 90.000000 25.000000
V 639.914400 538.092000 90.000000 25.000000
V 810.288000 471.254400 90.000000 25.000000
V 794.520000 302.918400 170.129375 36.406875
V 926.568000 914.616000 90.000000 25.000000
V 363.780000 576.504000 90.000000 25.000000
V 518.364000 1005.048000 90.000000 25.000000
E 3 0
E 8 0
E 14 0
U 0 15
E 0 17
E 1 12
E 20 1
E 2 8
E 5 3
E 8 4
E 9 4
E 6 5
E 5 9
U 19 7
U 8 11
U 14 10
U 19 10
U 19 11
E 12 13
E 17 12
E 22 13
E 21 14
U 19 15
U 19 16
U 17 18
U 19 18
G Hs_Fas_ligand_pathway_and_stress_induction_of_heat_shock_proteins_WP314_20251123 31 30
V 128.160000 296.013600 60.000000 20.000000
V 677.570400 136.656000 40.000000 20.000000
V 434.664000 475.063200 73.333333 20.000000
V 185.356800 433.828800 40.000000 20.000000
V 377.647200 353.908800 73.333333 20.000000
V 104.860800 352.418400 53.333333 20.000000
V 206.200800 207.115200 40.000000 20.000000
V 267.739200 200.599200 66.666667 20.000000
V 470.822400 251.179200 57.599516 20.000000
V 514.915200 10.000080 40.000000 20.000000
V 40.000320 156.204000 80.000000 20.000000
V 350.042400 553.838400 60.000000 20.000000
V 299.541600 259.552800 40.000000 20.000000
V 676.951200 648.914400 54.000000 14.666667
V 705.196800 735.912000 53.333333 20.000000
V 825.336000 704.030400 40.000000 20.000000
V 581.486400 697.579200 55.909256 20.000000
V 126.316800 405.820800 73.333333 20.000000
V 540.309600 831.672000 60.000000 20.000000
V 450.129600 918.504000 54.000000 14.666667
V 513.108000 762.264000 46.666667 20.000000
V 484.408800 125.157600 53.333333 20.000000
V 775.440000 826.560000 56.000000 14.000000
V 511.776000 581.018400 60.000000 20.000000
V 133.797600 225.007200 73.333333 20.000000
V 230.400000 319.932000 73.333333 20.000000
V 244.749600 404.791200 53.333333 20.000000
V 424.080000 657.381600 54.666667 14.000000
V 583.956000 210.225600 40.000000 20.000000
V 611.049600 520.164000 54.666667 12.666667
V 575.791200 940.824000 52.333333 12.000000
E 25 0
E 28 1
E 4 2
E 11 2
E 2 23
E 25 3
E 8 4
E 4 25
E 25 5
E 25 6
E 25 7
E 21 8
E 28 8
E 21 9
E 24 10
E 25 12
U 16 13
E 14 15
E 16 14
U 14 22
E 18 16
E 20 16
E 23 16
E 25 17
U 18 19
E 30 18
U 23 27
U 23 29
U 24 25
E 25 26
G Hs_Fatty_acid_and_lipoprotein_transport_in_hepatocytes_WP5323_20251123 36 37
V 64.686240 660.225600 80.000000 25.000000
V 611.388000 182.772000 100.000000 20.000000
V 407.944800 10.000080 100.000000 20.000000
V 718.740000 388.216800 60.000000 20.000000
V 776.232000 309.290400 90.000000 25.000000
V 449.726400 62.479440 110.000000 20.000000
V 438.026400 121.003200 70.000000 25.000000
V 498.499200 18.232560 60.000000 20.000000
V 326.311200 189.230400 160.000000 25.000000
V 449.344800 215.560800 70.000000 20.000000
V 547.416000 241.452000 110.000000 20.000000
V 370.490400 90.489600 60.000000 20.000000
V 479.700000 154.900800 70.000000 25.000000
V 402.984000 158.709600 60.000000 20.000000
V 665.604000 238.989600 110.000000 20.000000
V 672.249600 147.585600 60.000000 20.000000
V 693.165600 335.181600 60.000000 25.000000
V 625.140000 306.381600 60.000000 25.000000
V 568.216800 275.853600 110.000000 20.000000
V 186.012000 254.620800 85.000000 25.000000
V 140.248800 210.924000 140.000000 25.000000
V 224.416800 304.272000 95.000000 25.000000
V 207.187200 357.616800 60.000000 25.000000
V 186.033600 400.946400 60.000000 25.000000
V 170.805600 461.347200 60.000000 25.000000
V 151.365600 517.168800 60.000000 25.000000
V 128.181600 569.491200 60.000000 25.000000
V 100.130400 617.479200 60.000000 25.000000
V 108.014400 377.157600 80.000000 25.000000
V 400.370400 255.830400 70.000000 20.000000
V 475.156800 303.069600 60.000000 20.000000
V 374.155200 319.435200 120.000000 20.000000
V 30.000240 358.934400 60.000000 20.000000
V 314.928000 278.042400 70.000000 20.000000
V 290.757600 347.450400 90.000000 20.000000
V 266.889600 231.141600 60.000000 20.000000
E 0 27
E 1 10
E 15 1
E 2 5
E 3 16
E 4 16
E 5 6
E 7 5
E 6 9
E 11 6
E 6 12
E 13 6
E 8 9
E 9 10
E 9 12
E 13 9
E 9 29
E 10 14
E 18 10
E 16 17
E 17 18
E 19 20
E 19 21
E 21 22
E 33 21
E 22 23
E 23 24
E 28 23
E 24 25
E 25 26
E 27 26
E 32 28
E 30 29
E 29 31
E 29 33
U 34 33
E 35 33
G Hs_Fatty_acid_biosynthesis_WP357_20251123 35 37
V 738.720000 505.317600 130.000000 19.200000
V 236.743200 768.528000 53.333333 20.000000
V 299.275200 451.965600 100.533333 19.200000
V 94.860000 528.372000 60.000000 19.200000
V 381.916800 711.324000 53.333333 20.000000
V 124.869600 432.446400 89.333333 19.200000
V 258.566400 672.163200 158.133333 19.200000
V 351.108000 621.410400 117.333333 19.200000
V 271.800000 92.332800 104.533333 19.200000
V 223.920000 376.718400 88.533333 19.200000
V 1165.104000 623.692800 114.933333 19.200000
V 84.549600 666.799200 53.333333 20.000000
V 1086.912000 426.441600 53.333333 20.000000
V 592.941600 487.260000 74.933333 19.200000
V 239.004000 525.427200 101.333333 19.200000
V 352.000800 385.840800 53.333333 20.000000
V 901.296000 507.945600 178.933333 19.200000
V 511.668000 597.204000 53.333333 20.000000
V 378.864000 518.342400 97.333333 19.200000
V 120.664800 236.224800 53.333333 20.000000
V 158.680800 341.647200 53.333333 20.000000
V 149.788800 604.440000 130.933333 19.200000
V 685.519200 626.652000 56.236287 20.000000
V 491.436000 511.005600 111.733333 19.200000
V 26.500320 418.312800 53.333333 20.000000
V 226.872000 172.598400 99.904762 65.000000
V 216.201600 269.121600 55.733333 19.200000
V 174.420000 88.588800 72.533333 19.200000
V 137.059200 10.000080 53.333333 20.000000
V 610.819200 397.519200 53.333333 20.000000
V 1101.528000 575.006400 167.733333 19.200000
V 249.861600 599.695200 53.333333 20.000000
V 640.987200 532.324800 119.733333 19.200000
V 1238.544000 667.944000 230.000000 25.000000
V 1057.896000 508.255200 118.133333 19.200000
E 0 16
E 32 0
E 1 6
E 9 2
E 2 14
E 15 2
E 18 2
E 5 3
E 3 21
U 7 4
E 9 5
E 24 5
E 6 7
E 21 6
E 7 18
E 8 25
E 27 8
E 20 9
E 26 9
E 30 10
E 10 33
E 11 21
E 12 34
E 23 13
E 29 13
E 13 32
E 14 21
E 31 14
E 16 34
E 17 23
E 18 23
E 19 26
E 22 32
E 25 26
E 27 25
E 28 27
E 34 30
G Hs_Female_steroid_hormones_in_cardiomyocyte_energy_metabolism_WP5318_20250725 37 42
V 738.216000 203.385600 90.000000 25.000000
V 696.866400 308.923200 90.000000 33.822925
V 571.298400 220.312800 86.416626 63.035407
V 217.490400 636.616800 90.000000 25.000000
V 601.293600 349.322400 90.000000 22.007865
V 280.461600 500.436000 142.680098 36.920024
V 484.668000 275.666400 81.663216 27.750008
V 155.880000 493.711200 90.000000 25.000000
V 744.840000 123.400800 145.433809 25.000000
V 885.096000 373.104000 119.448959 25.000000
V 373.024800 387.316800 76.603784 30.327316
V 175.852800 581.407200 90.000000 25.000000
V 584.136000 508.435200 90.000000 21.500000
V 754.560000 243.864000 90.000000 25.000000
V 762.408000 473.198400 90.000000 25.000000
V 142.884000 379.440000 116.515786 25.000000
V 393.552000 430.740000 115.578387 25.000000
V 38.000160 382.586400 75.584336 25.000000
V 378.777600 608.493600 90.000000 25.000000
V 405.021600 489.240000 90.000000 33.822925
V 268.012800 408.607200 116.515786 24.710012
V 519.573600 429.379200 119.901012 25.000000
V 476.856000 576.158400 90.000000 25.000000
V 815.544000 323.251200 119.448959 25.000000
V 454.111200 695.937600 90.000000 25.000000
V 997.704000 391.010400 90.000000 25.000000
V 295.574400 669.628800 90.000000 25.000000
V 465.616800 799.488000 90.000000 25.000000
V 562.773600 113.551200 202.857955 25.000000
V 578.736000 285.458400 90.000000 25.000000
V 715.550400 370.756800 90.000000 25.000000
V 550.728000 14.999760 40.497229 30.262765
V 97.488000 288.914400 75.584336 25.000000
V 647.668800 435.384000 119.901012 25.000000
V 812.520000 410.644800 90.000000 25.000000
V 300.434400 552.506400 142.680098 36.920024
V 185.443200 441.619200 90.000000 25.000000
E 1 0
E 1 4
E 1 23
E 4 2
E 28 2
E 35 3
E 4 6
E 4 21
E 4 29
E 4 30
E 4 33
E 5 11
E 19 5
E 36 5
E 15 7
E 7 35
E 13 8
E 8 28
E 23 9
E 9 25
E 9 34
E 10 19
E 21 12
E 33 12
E 13 30
E 30 14
E 15 17
E 20 15
E 15 32
E 19 16
E 19 18
E 18 24
E 19 20
E 19 21
E 19 22
E 19 35
E 20 36
E 22 24
E 24 27
E 35 26
E 28 31
E 34 30
G Hs_Fluoropyrimidine_activity_WP1601_20260102 33 34
V 238.514400 134.409600 104.000000 20.000000
V 71.292240 407.664000 80.000000 20.000000
V 267.588000 270.352800 39.000000 20.000000
V 166.528800 280.605600 50.000000 20.000000
V 711.453600 306.691200 44.000000 20.000000
V 427.190400 340.221600 39.000000 20.000000
V 110.188800 90.237600 39.000000 20.000000
V 484.336800 86.342400 39.000000 20.000000
V 330.451200 91.432800 44.000000 20.000000
V 233.877600 311.846400 93.000000 20.000000
V 229.233600 50.058000 58.000000 20.000000
V 16.999920 333.446400 34.000000 20.000000
V 229.413600 396.338400 51.000000 20.000000
V 641.743200 160.927200 65.000000 20.000000
V 183.384000 236.080800 44.000000 20.000000
V 583.200000 219.283200 44.000000 20.000000
V 216.007200 173.390400 46.000000 20.000000
V 643.615200 273.204000 44.000000 20.000000
V 81.057600 179.546400 44.000000 20.000000
V 394.797600 258.228000 39.000000 20.000000
V 314.589600 246.614400 39.000000 20.000000
V 30.522240 72.986400 39.000000 20.000000
V 457.416000 415.706400 39.000000 20.000000
V 520.905600 14.281920 39.000000 20.000000
V 219.024000 475.185600 59.000000 20.000000
V 450.741600 166.413600 39.000000 20.000000
V 238.896000 219.715200 51.000000 20.000000
V 318.996000 175.032000 39.000000 20.000000
V 499.147200 213.660000 39.000000 20.000000
V 403.718400 186.984000 39.000000 20.000000
V 97.884000 331.063200 50.000000 20.000000
V 96.919200 10.000080 44.000000 20.000000
V 157.708800 163.980000 39.000000 20.000000
E 10 0
U 0 26
E 1 30
E 2 20
E 26 2
E 3 26
E 30 3
E 17 4
E 19 5
U 5 22
E 6 21
E 31 6
E 32 6
U 7 23
E 25 7
E 8 27
E 12 9
E 9 26
E 11 30
E 24 12
E 13 15
E 14 26
E 15 17
E 28 15
E 16 26
E 18 32
E 20 19
E 19 25
E 26 20
E 25 29
E 26 27
E 26 32
E 27 29
U 29 28
G Hs_Focal_adhesion_WP306_20250830 24 26
V 363.895200 519.897600 53.333333 20.000000
V 22.999680 10.000080 46.385174 20.000000
V 476.424000 340.610400 60.000000 20.000000
V 509.868000 411.422400 55.000000 19.500000
V 324.252000 438.256800 60.000000 20.000000
V 145.440000 120.074400 60.000000 20.000000
V 86.853600 62.360640 60.000000 20.000000
V 595.144800 400.449600 60.000000 20.000000
V 421.279200 441.828000 60.000000 20.000000
V 261.338400 350.784000 60.000000 20.000000
V 216.885600 272.988000 60.000000 20.000000
V 131.364000 644.911200 66.666667 20.000000
V 298.288800 737.064000 51.000000 18.000000
V 395.575200 380.167200 54.051840 20.000000
V 232.689600 676.944000 60.000000 20.000000
V 162.302400 38.423520 60.000000 20.000000
V 330.573600 367.300800 60.000000 20.000000
V 177.249600 198.036000 60.000000 20.000000
V 249.264000 430.207200 60.000000 20.000000
V 376.912800 692.186400 60.000000 20.000000
V 399.888000 605.095200 49.051840 20.000000
V 106.992000 573.220800 60.000000 22.351379
V 198.453600 587.548800 60.000000 20.000000
V 254.880000 510.084000 60.000000 20.000000
E 4 0
E 0 20
E 1 6
E 3 2
U 2 13
E 3 7
E 8 3
E 8 4
E 4 9
E 4 13
E 4 16
E 4 18
E 4 23
E 5 6
E 5 15
E 17 5
E 6 15
E 9 10
E 10 17
E 11 22
E 14 12
E 12 19
E 22 14
U 20 19
E 22 21
E 23 22
G Hs_Folate-alcohol_and_cancer_pathway_hypotheses_WP1589_20251123 26 27
V 288.489600 800.280000 137.689076 20.000000
V 184.672800 10.000080 62.000000 20.000000
V 394.041600 657.129600 35.000000 20.000000
V 393.588000 555.940800 48.000000 25.000000
V 494.280000 423.648000 80.000000 20.000000
V 288.165600 421.869600 80.000000 20.000000
V 245.534400 334.864800 35.000000 20.000000
V 702.208800 982.368000 63.000000 20.000000
V 695.073600 886.896000 59.000000 20.000000
V 131.889600 90.626400 80.000000 20.000000
V 65.865600 19.279440 55.000000 20.000000
V 26.500320 245.440800 53.000000 20.000000
V 333.007200 369.936000 36.250000 20.000000
V 388.634400 453.434400 80.000000 20.000000
V 547.423200 771.264000 44.000000 20.000000
V 23.942160 169.560000 46.000000 20.000000
V 621.849600 827.640000 45.750000 20.000000
V 184.334400 262.360800 53.000000 20.000000
V 789.840000 874.368000 62.000000 20.000000
V 364.449600 844.560000 51.000000 20.000000
V 377.920800 751.392000 114.000000 20.000000
V 114.818400 192.895200 52.000000 20.000000
V 463.140000 723.384000 74.000000 20.000000
V 297.986400 672.494400 59.000000 20.000000
V 574.452000 364.960800 59.000000 20.000000
V 441.194400 384.343200 42.000000 20.000000
E 20 0
E 1 9
E 3 2
E 2 20
E 2 22
E 23 2
E 3 13
E 13 4
E 4 24
E 5 6
E 13 5
E 6 12
E 6 17
E 8 7
E 16 8
E 8 18
E 9 10
E 21 9
E 21 11
E 12 13
E 25 13
E 14 16
E 14 22
E 15 21
E 17 21
E 19 20
E 20 22
G Hs_Frustrated_phagocytosis_leading_to_malignant_pleural_mesothelioma_WP5091_20251124 32 38
V 686.426400 581.508000 244.812177 33.341468
V 941.256000 1105.776000 242.544964 33.341468
V 423.014400 661.176000 244.812177 33.341468
V 513.360000 381.326400 188.250836 28.421495
V 1563.120000 659.606400 242.544964 31.527948
V 181.879200 372.679200 108.260301 25.000000
V 1229.544000 712.706400 242.544964 31.527948
V 1319.400000 1135.008000 159.000000 35.526798
V 1086.552000 151.286400 244.812177 33.341468
V 474.112800 1941.048000 288.713379 40.500000
V 1228.032000 218.707200 244.812177 33.341468
V 967.176000 16.500240 244.812177 33.341468
V 1009.584000 542.073600 244.812177 33.341468
V 718.718400 228.564000 244.812177 33.341468
V 676.044000 702.057600 244.812177 33.341468
V 897.624000 364.053600 244.812177 33.341468
V 349.826400 103.176000 77.952578 29.922517
V 1180.296000 1251.360000 162.000000 34.500000
V 723.168000 2012.328000 208.000000 46.000000
V 122.500800 761.112000 244.812177 33.341468
V 238.147200 222.919200 168.000000 32.500000
V 305.510400 2189.304000 210.384615 27.118005
V 892.656000 1449.720000 234.618975 35.258877
V 867.960000 753.480000 242.544964 33.341468
V 675.230400 1707.480000 280.226199 39.935897
V 1227.528000 1611.864000 189.000000 29.500000
V 499.190400 34.404480 244.812177 33.341468
V 222.177600 940.032000 244.812177 33.341468
V 823.032000 454.089600 244.812177 33.341468
V 1068.768000 868.032000 244.812177 33.341468
V 515.793600 775.656000 244.812177 33.341468
V 1040.904000 1700.784000 111.000000 33.500000
E 0 3
E 23 0
U 1 7
U 1 17
E 22 1
E 1 23
E 2 3
U 2 19
E 23 2
E 3 5
E 13 3
E 14 3
E 15 3
U 3 16
U 3 20
E 26 3
E 28 3
E 30 3
U 4 6
U 23 6
U 28 8
U 9 18
E 21 9
E 9 24
U 10 15
U 15 11
U 12 13
E 23 12
E 23 14
E 23 15
U 24 18
E 24 22
U 22 25
U 22 31
E 23 28
E 23 29
E 23 30
U 30 27
G Hs_GABA_and_glutamate_signalling_in_epileptogenesis_WP5600_20260206 37 38
V 574.020000 487.728000 91.527778 24.638889
V 670.939200 422.330400 90.000000 25.000000
V 818.424000 264.067200 90.000000 25.000000
V 1231.128000 1015.200000 90.000000 25.000000
V 1118.160000 888.048000 90.000000 25.000000
V 358.970400 155.534400 71.027173 19.771573
V 587.246400 368.791200 55.118128 19.241902
V 501.278400 303.976800 58.476907 19.738085
V 281.527200 608.666400 136.935185 27.083333
V 791.568000 12.499920 90.000000 25.000000
V 1087.056000 653.068800 90.000000 25.000000
V 474.436800 535.708800 90.000000 25.000000
V 1325.376000 895.680000 90.000000 25.000000
V 766.368000 112.658400 90.000000 25.000000
V 907.920000 647.942400 90.000000 25.000000
V 725.256000 316.353600 90.000000 25.000000
V 979.056000 571.248000 90.000000 25.000000
V 381.960000 574.660800 90.000000 25.000000
V 754.488000 674.647200 90.000000 25.000000
V 425.700000 231.235200 90.000000 25.000000
V 1223.640000 909.000000 90.000000 25.000000
V 745.488000 506.764800 90.000000 25.000000
V 1096.488000 712.670400 136.935185 27.083333
V 919.656000 239.090400 90.000000 25.000000
V 1133.136000 991.368000 90.000000 25.000000
V 917.208000 1022.400000 90.000000 25.000000
V 841.320000 159.926400 90.000000 25.000000
V 118.144800 725.904000 90.000000 25.000000
V 639.849600 127.044000 90.000000 25.000000
V 45.000000 786.240000 90.000000 25.000000
V 86.407200 579.276000 90.000000 25.000000
V 815.040000 593.805600 90.000000 25.000000
V 706.053600 205.804800 90.000000 25.000000
V 952.704000 925.848000 90.000000 25.000000
V 159.976800 640.663200 90.000000 25.000000
V 1015.272000 837.864000 90.000000 25.000000
V 974.952000 728.568000 90.000000 25.000000
E 0 1
E 11 0
E 6 1
E 15 1
E 1 21
E 15 2
E 23 2
E 2 26
E 3 20
E 3 24
E 4 20
E 4 24
E 35 4
E 5 19
U 7 6
E 19 7
E 8 17
E 34 8
E 9 13
E 10 36
E 17 11
E 12 20
E 26 13
E 13 32
E 16 14
E 31 14
E 14 36
E 32 15
E 18 31
U 21 31
E 36 22
E 25 33
E 29 27
U 27 34
E 28 32
E 30 34
E 33 35
U 36 35
G Hs_GABA_receptor_signaling_WP4159_20251020 20 20
V 46.686960 56.975040 60.000000 20.000000
V 358.790400 264.168000 60.000000 20.000000
V 457.106400 251.596800 60.000000 20.000000
V 119.160000 123.739200 60.000000 20.000000
V 39.483360 706.269600 70.000000 20.000000
V 254.527200 266.738400 60.000000 20.000000
V 108.784800 489.232800 60.000000 20.000000
V 290.008800 530.510400 108.048512 20.000000
V 83.901600 623.404800 60.000000 20.000000
V 210.693600 474.256800 60.000000 20.000000
V 190.980000 75.319200 150.000000 20.000000
V 334.951200 627.436800 90.000000 20.000000
V 350.683200 10.000080 90.000000 20.000000
V 411.530400 548.100000 118.597574 20.000000
V 165.398400 563.882400 60.000000 20.000000
V 117.691200 340.898400 60.000000 20.000000
V 308.995200 93.592800 70.000000 20.000000
V 30.000240 550.468800 60.000000 20.000000
V 213.127200 365.587200 60.000000 20.000000
V 219.578400 164.404800 139.000000 20.000000
E 0 3
E 2 1
E 1 5
E 3 19
E 4 8
E 18 5
E 5 19
E 9 6
E 6 17
E 9 7
E 7 11
E 7 13
E 8 14
E 17 8
E 14 9
E 9 18
E 19 10
E 16 12
E 15 18
E 19 16
G Hs_GDNF-RET_signaling_axis_WP4830_20250812 16 17
V 270.640800 374.227200 90.000000 25.000000
V 496.252800 388.368000 90.000000 25.000000
V 422.949600 117.216000 90.000000 25.000000
V 395.330400 228.132000 90.000000 25.000000
V 458.841600 470.030400 90.000000 25.000000
V 262.108800 449.496000 90.000000 25.000000
V 513.439200 307.440000 90.000000 25.000000
V 313.171200 321.148800 90.000000 25.000000
V 288.813600 207.849600 90.000000 25.000000
V 45.000000 396.050400 90.000000 25.000000
V 402.271200 355.132800 90.000000 25.000000
V 151.516800 386.827200 90.000000 25.000000
V 626.702400 296.503200 90.000000 25.000000
V 513.144000 567.756000 90.000000 25.000000
V 360.115200 458.388000 90.000000 25.000000
V 438.408000 12.499920 90.000000 25.000000
E 0 10
E 11 0
E 1 10
E 2 3
E 15 2
E 8 3
E 3 10
E 4 10
E 13 4
E 7 5
E 5 14
E 6 10
E 12 6
E 7 8
E 7 10
E 9 11
E 14 10
G Hs_GIP_and_GLP-1_function_by_tissue_WP5509_20251031 15 18
V 267.566400 408.009600 60.000000 20.000000
V 399.369600 501.472800 90.000000 25.000000
V 199.468800 159.199200 60.000000 20.000000
V 114.638400 326.462400 90.000000 25.000000
V 304.120800 27.814320 90.000000 35.000000
V 204.861600 556.164000 60.000000 20.000000
V 45.000000 96.573600 90.000000 35.000000
V 443.268000 410.076000 100.000000 25.000000
V 151.185600 288.943200 90.000000 25.000000
V 161.906400 12.499920 100.000000 25.000000
V 314.244000 236.541600 60.000000 20.000000
V 119.707200 500.522400 90.000000 25.000000
V 310.543200 558.108000 90.000000 35.000000
V 352.087200 269.856000 90.000000 25.000000
V 234.194400 286.473600 60.000000 20.000000
E 0 1
E 0 3
E 5 0
E 0 7
E 0 8
E 0 10
E 0 11
E 0 12
E 0 13
E 0 14
E 2 3
E 2 4
E 2 6
E 2 8
E 2 9
E 2 10
E 2 13
E 2 14
G Hs_GPR143_in_melanocytes_and_retinal_pigment_epithelium_cells_WP4941_20250801 29 33
V 229.795200 392.184000 70.000000 20.000000
V 139.075200 156.729600 60.000000 20.000000
V 89.373600 879.912000 60.000000 20.000000
V 388.929600 687.225600 60.000000 20.000000
V 416.764800 356.299200 70.000000 20.000000
V 210.398400 732.528000 60.000000 20.000000
V 31.147200 10.000080 60.000000 20.000000
V 513.122400 243.799200 60.000000 20.000000
V 406.612800 538.999200 60.000000 20.000000
V 554.335200 567.640800 80.000000 20.000000
V 343.418400 187.257600 60.000000 20.000000
V 375.026400 487.396800 60.000000 20.000000
V 653.637600 565.632000 60.000000 20.000000
V 475.754400 607.543200 60.000000 20.000000
V 207.201600 222.120000 60.000000 20.000000
V 563.047200 726.264000 60.000000 20.000000
V 298.224000 275.428800 60.000000 20.000000
V 326.786400 782.784000 60.000000 20.000000
V 258.033600 432.489600 60.000000 20.000000
V 275.032800 333.828000 60.000000 20.000000
V 429.170400 304.941600 60.000000 20.000000
V 81.972000 84.967200 60.000000 20.000000
V 339.256800 382.456800 68.719392 40.496262
V 380.311200 605.289600 60.000000 20.000000
V 30.000240 949.392000 60.000000 20.000000
V 484.552800 492.530400 60.000000 20.000000
V 297.828000 680.479200 60.000000 20.000000
V 495.244800 652.521600 60.000000 20.000000
V 148.010400 807.264000 60.000000 20.000000
E 22 0
E 1 14
E 21 1
E 24 2
E 2 28
E 3 23
E 22 4
E 5 26
E 28 5
E 6 21
E 20 7
E 8 11
E 23 8
E 8 25
E 9 12
E 13 9
E 25 9
E 9 27
E 16 10
E 11 22
E 23 11
E 11 25
E 13 23
E 14 16
E 27 15
E 16 19
E 22 16
E 17 26
E 18 22
E 19 22
E 20 22
E 26 23
E 23 27
G Hs_Gamma-glutamyl_cycle_for_the_biosynthesis_and_degradation_of_glutathione_WP4518_20251123 24 27
V 633.506400 401.875200 90.000000 25.000000
V 417.564000 16.705440 90.000000 25.000000
V 460.706400 342.691200 88.439687 25.000000
V 45.000000 594.568800 90.000000 25.000000
V 147.909600 475.164000 57.348589 25.000000
V 466.084800 491.428800 213.934942 27.500000
V 113.493600 358.905600 90.000000 25.000000
V 597.218400 58.716720 90.000000 25.000000
V 233.157600 63.216720 57.348589 25.000000
V 805.464000 353.757600 109.157164 25.000000
V 319.557600 12.499920 90.000000 25.000000
V 293.817600 355.500000 90.000000 25.000000
V 794.376000 464.774400 90.000000 25.000000
V 428.608800 668.541600 57.348589 25.000000
V 194.263200 603.338400 90.000000 25.000000
V 129.348000 261.907200 90.000000 25.000000
V 299.700000 442.317600 127.500000 25.000000
V 716.680800 194.508000 90.000000 25.000000
V 682.034400 103.809600 57.348589 25.000000
V 258.062400 244.159200 90.000000 25.000000
V 537.616800 652.896000 90.000000 25.000000
V 376.776000 180.885600 163.000000 30.472656
V 723.528000 551.764800 90.000000 25.000000
V 557.229600 229.514400 90.000000 25.000000
E 5 0
E 9 0
E 0 12
U 22 0
E 0 23
U 1 21
E 16 2
U 2 23
U 4 3
U 14 3
E 4 11
E 11 5
E 13 5
E 5 20
U 6 11
U 7 23
E 8 21
E 21 10
E 11 15
E 11 16
E 21 11
E 14 16
E 16 19
E 23 17
E 18 23
U 19 21
E 23 21
G Hs_Ganglio_series_sphingolipid_metabolism_WP5299_20251123 30 32
V 451.029600 557.856000 90.000000 25.000000
V 507.477600 462.859200 90.000000 25.000000
V 271.749600 248.594400 90.000000 25.000000
V 214.005600 1081.080000 90.000000 25.000000
V 862.200000 257.968800 90.000000 25.000000
V 308.275200 895.032000 90.000000 25.000000
V 100.173600 984.384000 90.000000 25.000000
V 768.816000 321.321600 90.000000 25.000000
V 132.775200 72.799200 90.000000 25.000000
V 700.696800 420.040800 90.000000 25.000000
V 407.311200 455.716800 90.000000 25.000000
V 311.205600 506.520000 90.000000 25.000000
V 341.877600 783.216000 90.000000 25.000000
V 857.376000 682.300800 90.000000 25.000000
V 210.621600 403.178400 60.584416 25.000000
V 665.532000 544.939200 90.000000 25.000000
V 317.376000 362.484000 90.000000 25.000000
V 45.000000 12.499920 90.000000 25.000000
V 151.718400 266.688000 90.000000 25.000000
V 814.104000 461.656800 90.000000 25.000000
V 410.407200 355.492800 80.000000 25.000000
V 212.731200 965.160000 90.000000 25.000000
V 757.368000 625.564800 90.000000 25.000000
V 605.548800 491.126400 90.000000 25.000000
V 567.460800 561.967200 90.000000 25.000000
V 337.780800 148.039200 90.000000 25.000000
V 385.178400 986.256000 90.000000 25.000000
V 208.188000 153.172800 120.000000 25.000000
V 373.881600 672.624000 90.000000 25.000000
V 471.895200 660.139200 90.000000 25.000000
E 0 10
E 0 23
E 0 28
E 29 0
E 10 1
E 1 15
E 24 1
E 2 16
E 18 2
E 2 25
E 2 27
E 3 21
E 7 4
E 12 5
E 5 21
E 26 5
E 6 21
E 7 9
E 8 17
E 27 8
E 19 9
E 23 9
E 11 10
E 16 10
E 20 10
E 28 12
E 22 13
E 14 16
E 15 22
E 20 16
E 24 23
E 29 28
G Hs_Gastric_cancer_network_1_WP2361_20251123 35 72
V 441.403200 181.512000 67.000000 20.000000
V 483.285600 294.040800 64.000000 20.000000
V 307.173600 167.738400 80.000000 22.000000
V 207.446400 183.031200 51.000000 20.000000
V 569.347200 386.164800 69.000000 20.000000
V 152.337600 343.972800 60.666667 20.000000
V 27.499680 281.390400 55.333333 20.000000
V 243.957600 283.658400 59.000000 20.000000
V 325.008000 376.999200 69.000000 20.000000
V 383.400000 138.736800 68.000000 20.000000
V 471.326400 362.217600 70.000000 20.000000
V 426.088800 10.000080 65.000000 20.000000
V 543.240000 76.824000 65.000000 20.000000
V 380.563200 216.151200 48.000000 20.000000
V 373.924800 494.035200 80.000000 20.000000
V 131.212800 272.253600 64.000000 19.000000
V 525.621600 151.142400 56.000000 20.000000
V 357.508800 64.136880 48.000000 20.000000
V 308.397600 316.339200 68.000000 20.000000
V 31.494240 420.674400 58.333333 20.000000
V 225.770400 538.538400 80.000000 20.000000
V 31.812480 340.927200 52.333333 19.000000
V 369.496800 586.706400 61.000000 20.000000
V 235.749600 394.516800 62.000000 20.000000
V 494.128800 209.520000 59.000000 20.000000
V 456.688800 68.389200 57.000000 20.000000
V 304.761600 411.775200 60.000000 20.000000
V 456.912000 427.903200 57.000000 20.000000
V 410.335200 329.896800 67.000000 20.000000
V 573.897600 280.620000 70.000000 20.000000
V 557.179200 238.096800 55.000000 20.000000
V 700.948800 433.476000 80.000000 20.000000
V 384.544800 423.223200 62.000000 20.000000
V 246.772800 21.247200 63.000000 20.000000
V 478.771200 562.953600 62.666667 20.000000
E 2 0
E 0 10
E 13 0
E 0 17
E 0 29
U 2 1
E 1 4
E 1 10
E 1 16
E 1 24
E 1 27
E 32 1
E 2 7
E 9 2
E 11 2
E 2 13
E 33 2
U 5 3
E 13 3
E 10 4
E 28 4
U 4 31
U 6 5
U 5 7
U 15 5
U 19 5
U 21 5
E 5 23
E 5 26
U 6 15
U 6 19
E 7 32
E 13 8
E 14 8
U 8 20
U 32 8
U 9 12
E 13 9
U 18 9
E 10 26
E 10 28
E 30 10
E 32 10
U 11 16
U 24 12
E 13 16
E 13 17
E 13 24
E 13 25
E 13 28
U 30 13
E 14 26
E 14 28
U 18 15
U 21 15
U 30 16
E 23 18
E 18 26
U 27 18
E 28 18
E 32 18
U 19 21
E 32 22
E 23 26
E 23 28
U 25 24
E 24 28
U 30 24
E 28 26
U 32 27
E 28 29
U 34 32
G Hs_Gastric_cancer_network_2_WP2363_20251123 35 66
V 62.956800 228.492000 52.000000 20.000000
V 359.121600 184.161600 60.000000 20.000000
V 273.873600 10.000080 62.000000 20.000000
V 383.292000 230.212800 53.000000 20.000000
V 297.000000 329.335200 55.000000 20.000000
V 39.860640 370.756800 54.000000 20.000000
V 95.277600 127.641600 69.000000 22.000000
V 400.514400 51.345360 61.000000 20.000000
V 172.828800 210.492000 55.000000 20.000000
V 476.215200 148.939200 54.000000 20.000000
V 28.499760 292.046400 57.000000 20.000000
V 87.912000 496.533600 65.000000 20.000000
V 406.152000 287.409600 67.000000 20.000000
V 308.606400 564.631200 71.000000 20.000000
V 231.991200 256.183200 50.000000 20.000000
V 294.062400 162.676800 54.000000 20.000000
V 344.376000 14.036400 63.000000 20.000000
V 219.117600 428.068800 66.000000 20.000000
V 134.251200 255.960000 57.000000 20.000000
V 91.317600 336.916800 48.000000 20.000000
V 341.510400 258.242400 49.000000 20.000000
V 100.224000 432.943200 53.000000 20.000000
V 286.178400 402.163200 52.000000 20.000000
V 375.854400 680.709600 59.000000 20.000000
V 163.792800 351.986400 56.000000 20.000000
V 219.240000 315.626400 53.000000 20.000000
V 374.284800 331.473600 48.000000 20.000000
V 365.558400 420.177600 59.000000 20.000000
V 230.868000 118.346400 52.000000 20.000000
V 355.946400 517.334400 56.000000 20.000000
V 173.196000 389.188800 48.000000 20.000000
V 308.563200 118.087200 54.000000 20.000000
V 167.313600 123.523200 59.000000 20.000000
V 82.389600 173.469600 56.000000 20.000000
V 202.219200 568.015200 67.000000 20.000000
E 14 0
U 0 18
E 33 0
E 14 1
U 1 15
U 31 1
U 7 2
U 15 2
U 16 2
U 31 2
U 3 9
U 15 3
E 25 3
U 31 3
E 14 4
E 4 25
E 5 10
E 25 5
E 14 6
U 6 33
U 7 15
U 16 7
U 31 7
U 14 8
U 25 8
U 15 9
E 25 10
U 17 11
U 19 11
U 30 11
E 14 12
U 12 20
E 13 22
E 13 23
E 13 34
U 15 14
E 17 14
E 14 18
U 19 14
U 14 20
E 14 22
E 14 24
E 14 25
E 26 14
E 14 28
U 14 30
U 14 31
U 32 14
E 14 33
U 16 15
U 15 25
U 31 15
U 16 31
U 24 17
E 17 25
U 17 29
U 17 34
E 25 18
E 24 21
E 21 25
U 22 25
U 24 25
E 25 27
E 25 30
U 29 27
U 32 33
G Hs_Genetic_causes_of_porto-sinusoidal_vascular_disease_WP5269_20250809 18 18
V 244.648800 481.140000 116.000000 25.000000
V 631.555200 310.701600 90.000000 25.000000
V 521.064000 322.876800 90.000000 25.000000
V 396.396000 337.082400 90.000000 25.000000
V 419.760000 410.947200 90.000000 25.000000
V 348.631200 228.722400 90.000000 25.000000
V 198.007200 87.055200 90.000000 25.000000
V 313.056000 673.898400 90.000000 25.000000
V 238.773600 239.990400 90.000000 25.000000
V 390.528000 27.561600 90.000000 25.000000
V 280.764000 12.499920 90.000000 25.000000
V 143.503200 525.787200 287.000000 25.000000
V 311.767200 115.257600 90.000000 25.000000
V 541.785600 607.485600 270.000000 25.000000
V 358.977600 462.060000 90.000000 25.061224
V 444.312000 172.094400 90.000000 25.000000
V 459.237600 534.931200 102.000000 25.000000
V 335.340000 567.928800 184.000000 25.000000
E 0 11
E 14 0
E 2 1
E 2 3
E 4 3
E 5 3
E 14 3
U 14 4
E 8 5
E 5 12
E 15 5
E 6 12
E 17 7
E 9 12
E 12 10
E 16 13
E 14 16
E 14 17
G Hs_Glucose_metabolism_in_triple-negative_breast_cancer_cells_WP5211_20251123 23 22
V 143.064000 311.601600 90.000000 20.000000
V 114.422400 120.664800 60.000000 20.000000
V 226.015200 276.256800 90.000000 20.000000
V 689.911200 284.767200 199.000000 20.000000
V 823.896000 326.196000 60.000000 20.000000
V 301.356000 426.571200 70.000000 20.000000
V 546.523200 97.351200 60.000000 20.000000
V 721.296000 99.367200 90.000000 20.000000
V 376.005600 263.412000 168.000000 20.000000
V 529.106400 191.908800 168.000000 20.000000
V 750.312000 10.000080 127.000000 20.000000
V 499.780800 234.525600 168.000000 20.000000
V 1006.488000 207.374400 60.000000 20.000000
V 366.753600 381.470400 60.000000 20.000000
V 241.999200 496.879200 60.000000 20.000000
V 340.732800 516.254400 70.000000 20.000000
V 884.448000 208.137600 168.000000 20.000000
V 764.424000 236.145600 168.000000 20.000000
V 359.856000 170.028000 60.000000 20.000000
V 45.000000 334.807200 90.000000 20.000000
V 312.868800 321.530400 168.000000 20.000000
V 176.551200 190.605600 60.000000 20.000000
V 705.153600 195.062400 168.000000 20.000000
E 2 0
E 0 19
E 1 21
E 20 2
E 21 2
E 22 3
E 4 17
E 14 5
E 5 15
E 20 5
E 6 9
E 7 10
E 22 7
E 11 8
E 18 8
E 8 20
E 9 11
E 22 9
E 12 16
E 13 20
E 16 17
E 17 22
G Hs_Glutathione_metabolism_WP100_20251107 37 44
V 143.035200 865.440000 55.000000 20.000000
V 476.028000 235.555200 132.000000 20.000000
V 412.574400 162.496800 80.000000 20.000000
V 638.258400 327.895200 126.000000 15.000000
V 705.081600 546.220800 46.666667 20.000000
V 315.734400 285.609600 108.000000 20.000000
V 186.220800 227.376000 55.000000 20.000000
V 610.365600 163.735200 46.666667 20.000000
V 573.343200 126.144000 55.000000 20.000000
V 154.512000 702.072000 80.000000 20.000000
V 537.278400 302.176800 80.000000 20.000000
V 324.547200 178.437600 80.000000 20.000000
V 614.246400 224.287200 46.666667 20.000000
V 459.086400 7.500240 114.166667 15.000000
V 441.021600 657.532800 80.000000 20.000000
V 840.024000 533.606400 80.000000 20.000000
V 449.265600 303.674400 80.000000 20.000000
V 337.752000 371.829600 160.000000 20.000000
V 247.147200 924.408000 123.000000 20.000000
V 208.958400 307.872000 80.000000 20.000000
V 474.336000 113.212800 127.000000 23.000000
V 333.540000 35.788320 120.833333 27.833333
V 224.956800 66.656160 79.666667 24.166667
V 270.770400 802.224000 80.000000 20.000000
V 369.734400 468.309600 46.666667 20.000000
V 523.058400 447.372000 212.000000 20.000000
V 771.480000 658.130400 80.000000 20.000000
V 434.311200 399.830400 118.000000 20.000000
V 118.454400 633.564000 55.000000 20.000000
V 264.520800 657.388800 93.000000 20.000000
V 358.884000 908.568000 80.000000 20.000000
V 689.140800 254.008800 53.333333 20.000000
V 361.324800 550.389600 80.000000 20.000000
V 209.383200 428.400000 46.666667 20.000000
V 578.476800 483.084000 116.000000 20.000000
V 471.384000 503.402400 55.000000 20.000000
V 68.999760 267.919200 138.333333 15.000000
E 0 23
E 1 2
E 7 1
E 8 1
E 1 10
U 1 11
E 12 1
E 16 1
E 1 20
E 1 27
E 5 2
E 13 2
U 16 2
E 2 21
E 3 16
U 15 4
U 26 4
E 4 34
E 6 5
E 5 11
E 19 5
E 27 5
E 29 9
E 10 16
E 17 10
E 31 10
E 22 11
E 32 14
E 27 16
E 17 19
E 27 17
E 33 17
E 23 18
E 36 19
E 29 23
E 30 23
E 24 27
E 27 25
U 25 35
E 27 32
E 34 27
E 27 35
E 28 29
E 32 29
G Hs_Glycine_metabolism_WP1495_20250710 21 22
V 150.487200 484.351200 80.000000 20.000000
V 625.867200 236.361600 42.000000 20.000000
V 256.284000 207.072000 33.000000 20.000000
V 376.459200 535.788000 57.000000 20.000000
V 469.922400 418.687200 80.000000 20.000000
V 333.460800 479.412000 80.000000 20.000000
V 119.757600 303.069600 88.000000 20.000000
V 535.629600 87.962400 41.000000 20.000000
V 172.778400 216.345600 118.000000 20.000000
V 302.724000 358.012800 80.000000 20.000000
V 379.252800 275.760000 68.000000 20.000000
V 133.509600 381.412800 80.000000 20.000000
V 458.488800 350.647200 80.000000 20.000000
V 438.544800 480.477600 80.000000 20.000000
V 40.000320 599.882400 80.000000 20.000000
V 455.061600 230.652000 83.000000 20.000000
V 344.361600 175.471200 80.000000 20.000000
V 217.634400 453.758400 63.000000 20.000000
V 298.548000 10.000080 80.000000 20.000000
V 270.928800 537.300000 80.000000 20.000000
V 199.584000 288.691200 43.000000 20.000000
E 9 0
E 0 14
E 1 15
E 2 9
E 20 2
U 3 9
E 9 4
E 9 5
E 6 9
E 15 7
E 8 9
E 10 9
E 9 11
E 9 12
E 9 13
E 9 15
U 9 16
E 17 9
E 9 19
E 9 20
E 15 16
E 16 18
G Hs_Glycolysis_and_gluconeogenesis_WP534_20251125 38 49
V 205.934400 184.248000 60.000000 20.000000
V 590.853600 38.018880 100.000000 20.000000
V 499.010400 159.249600 110.000000 20.000000
V 170.654400 406.519200 193.000000 20.000000
V 502.848000 40.930560 60.000000 20.000000
V 423.784800 89.431200 100.000000 20.000000
V 354.218400 187.272000 63.333333 20.000000
V 400.032000 215.294400 110.000000 20.000000
V 169.365600 272.872800 60.000000 20.000000
V 712.238400 207.986400 60.000000 20.000000
V 679.672800 112.946400 100.000000 20.000000
V 841.536000 151.934400 100.000000 20.000000
V 768.600000 84.931200 60.000000 20.000000
V 148.197600 337.003200 60.000000 20.000000
V 454.226400 187.264800 110.000000 20.000000
V 545.839200 10.000080 60.000000 20.000000
V 752.688000 28.815120 60.000000 20.000000
V 280.828800 271.310400 110.000000 20.000000
V 614.174400 226.598400 110.000000 20.000000
V 245.635200 488.534400 110.000000 20.000000
V 313.279200 243.302400 110.000000 20.000000
V 148.485600 308.102400 110.000000 20.000000
V 617.731200 173.404800 110.000000 20.000000
V 731.880000 152.992800 100.000000 20.000000
V 278.971200 303.076800 110.000000 20.000000
V 698.932800 56.905200 100.000000 20.000000
V 247.096800 444.556800 110.000000 20.000000
V 243.633600 153.712800 150.000000 25.000000
V 357.192000 387.482400 163.000000 20.000000
V 337.600800 415.699200 60.000000 20.000000
V 434.800800 37.706400 60.000000 20.000000
V 643.694400 84.931200 100.000000 20.000000
V 55.000080 339.328800 110.000000 20.000000
V 246.672000 213.638400 120.000000 20.000000
V 535.701600 131.241600 110.000000 20.000000
V 533.088000 68.945760 100.000000 20.000000
V 242.388000 359.452800 110.000000 20.000000
V 785.304000 112.953600 95.000000 20.000000
E 0 33
E 1 5
E 15 1
E 1 25
E 14 2
E 2 34
E 36 3
E 4 5
E 4 35
E 15 5
E 30 5
E 5 34
E 5 35
E 6 7
E 6 20
E 7 14
E 20 7
E 8 24
E 9 23
E 12 10
E 16 10
E 23 10
E 10 25
E 31 10
E 23 11
E 11 37
E 12 31
E 13 21
E 13 32
E 13 36
E 16 25
E 20 17
E 24 17
E 17 33
E 22 18
E 19 26
E 33 20
E 21 24
E 32 21
E 22 23
E 34 22
E 36 24
E 37 25
E 36 26
E 33 27
E 36 28
E 29 36
E 35 31
E 36 32
G Hs_Glycolysis_in_senescence_WP5049_20251125 15 18
V 38.499840 241.516800 76.907039 35.000000
V 449.935200 445.816800 90.000000 25.000000
V 206.949600 359.719200 90.000000 25.000000
V 515.880000 548.488800 125.000000 35.000000
V 444.924000 312.177600 90.000000 25.000000
V 325.684800 334.029600 61.000000 35.000000
V 343.454400 141.580800 90.000000 25.000000
V 570.088800 275.421600 90.000000 25.000000
V 225.871200 485.056800 125.000000 35.000000
V 245.448000 136.540800 90.000000 35.000000
V 302.558400 257.565600 90.000000 28.148583
V 218.368800 12.499920 90.000000 25.000000
V 409.075200 181.245600 90.000000 25.000000
V 165.578400 243.093600 90.000000 25.000000
V 325.540800 408.866400 90.000000 25.000000
E 0 13
E 3 1
E 4 1
E 14 1
E 8 2
E 2 10
E 7 4
E 10 4
E 10 5
E 14 5
E 6 10
E 12 6
E 8 14
E 9 10
E 11 9
E 12 10
E 13 10
E 14 10
G Hs_Glycosaminoglycan_degradation_WP4815_20251125 18 17
V 125.280000 436.125600 90.000000 25.000000
V 938.376000 833.760000 90.000000 25.000000
V 317.959200 35.654400 90.000000 25.000000
V 1223.352000 978.696000 115.935961 25.000000
V 751.104000 256.824000 143.078818 25.000000
V 573.609600 202.708800 139.975369 25.000000
V 62.500320 208.108800 124.655172 25.000000
V 1388.016000 796.968000 90.000000 25.000000
V 1185.984000 438.350400 90.000000 25.000000
V 1208.520000 800.208000 252.881773 25.000000
V 223.934400 290.455200 149.433498 25.000000
V 903.456000 362.700000 191.502463 25.000000
V 586.159200 12.499920 90.000000 25.000000
V 1054.008000 695.030400 235.147783 25.000000
V 1013.904000 512.445600 194.605911 25.000000
V 1039.104000 227.282400 90.000000 25.000000
V 831.888000 82.987200 90.000000 25.000000
V 388.540800 209.757600 154.359606 25.000000
E 0 10
E 1 13
E 2 17
E 3 9
E 4 5
E 11 4
E 16 4
E 12 5
E 5 17
E 10 6
E 7 9
E 8 14
E 9 13
E 17 10
E 14 11
E 15 11
E 13 14
G Hs_Glycosphingolipid_metabolism_WP5292_20251126 35 35
V 477.021600 545.688000 70.000000 20.000000
V 671.515200 804.312000 40.000000 20.000000
V 887.328000 705.326400 60.000000 20.000000
V 512.769600 778.752000 60.000000 20.000000
V 983.376000 484.408800 90.000000 25.000000
V 242.539200 465.127200 60.000000 20.000000
V 248.176800 194.436000 40.000000 20.000000
V 382.442400 175.176000 60.000000 20.000000
V 580.082400 690.775200 70.000000 20.000000
V 670.507200 630.684000 60.000000 20.000000
V 342.885600 280.058400 70.000000 20.000000
V 320.983200 873.288000 90.000000 25.000000
V 592.329600 997.848000 60.000000 20.000000
V 546.516000 861.840000 60.000000 20.000000
V 370.800000 437.457600 70.000000 20.000000
V 704.116800 753.408000 40.000000 20.000000
V 305.942400 140.241600 60.000000 20.000000
V 176.248800 248.644800 40.000000 20.000000
V 230.220000 524.671200 60.000000 20.000000
V 486.007200 649.936800 60.000000 20.000000
V 433.332000 779.472000 60.000000 20.000000
V 858.672000 542.196000 60.000000 20.000000
V 1015.488000 753.192000 90.000000 25.000000
V 774.720000 884.376000 90.000000 25.000000
V 456.278400 977.544000 90.000000 25.000000
V 651.189600 564.314400 70.000000 20.000000
V 492.688800 10.000080 60.000000 20.000000
V 220.622400 316.800000 60.000000 20.000000
V 578.181600 586.584000 60.000000 20.000000
V 450.705600 143.733600 70.000000 20.000000
V 602.762400 785.592000 60.000000 20.000000
V 466.912800 240.624000 60.000000 20.000000
V 45.000000 204.436800 90.000000 25.000000
V 453.513600 707.248800 60.000000 20.000000
V 752.976000 644.299200 70.000000 20.000000
E 0 8
E 14 0
E 8 1
E 1 23
E 2 22
E 34 2
E 3 8
E 21 4
E 5 14
E 10 6
E 7 10
E 9 8
E 13 8
E 15 8
E 19 8
E 8 20
E 25 8
E 28 8
E 30 8
E 8 33
E 8 34
E 14 10
E 16 10
E 10 17
E 27 10
E 29 10
E 31 10
E 20 11
E 12 13
E 13 24
E 18 14
E 15 23
E 17 32
E 34 21
E 26 29
G Hs_Glyoxylate_metabolism_WP5166_20251129 40 43
V 226.087200 175.032000 149.665857 32.677453
V 1200.096000 732.240000 92.500000 34.899329
V 922.536000 396.504000 97.500000 31.176801
V 1076.616000 1567.152000 205.745154 42.689282
V 851.112000 537.199200 97.500000 32.536438
V 988.632000 867.816000 97.500000 36.193471
V 1253.304000 842.040000 97.500000 33.876658
V 1126.224000 1359.792000 127.579737 39.541629
V 876.456000 757.728000 71.732529 26.854213
V 733.536000 1455.624000 64.461870 30.786773
V 1067.544000 519.948000 140.891091 46.000000
V 839.664000 1350.648000 99.937148 38.023452
V 496.908000 253.857600 69.644339 16.921780
V 1422.288000 876.744000 57.736479 26.657441
V 984.816000 1282.248000 149.843730 40.604562
V 1351.944000 659.390400 97.500000 37.369169
V 384.134400 164.901600 149.665857 32.677453
V 691.567200 485.200800 84.845969 32.677453
V 1362.888000 763.776000 65.826633 33.802476
V 1016.928000 1430.136000 127.579737 38.437396
V 559.015200 602.805600 97.500000 28.849182
V 1019.448000 605.484000 97.500000 36.006065
V 1149.912000 1079.064000 97.500000 38.072852
V 999.936000 1121.472000 127.787361 34.916402
V 869.256000 646.668000 92.500000 31.821510
V 1333.296000 234.208800 97.500000 31.176801
V 614.505600 345.333600 69.644339 16.921780
V 1084.104000 289.137600 97.500000 31.176801
V 556.056000 504.640800 149.879941 31.937041
V 1157.184000 565.488000 85.256321 29.205995
V 1226.520000 341.647200 85.266324 30.753942
V 1434.744000 133.358400 99.828859 32.714765
V 1086.264000 972.144000 97.500000 36.163155
V 71.500320 144.813600 143.071049 44.552896
V 1098.216000 794.880000 97.500000 38.313554
V 1251.936000 1032.552000 97.500000 38.796923
V 733.176000 629.625600 72.770183 51.894508
V 1024.128000 693.072000 98.376217 34.899329
V 1082.160000 431.157600 97.500000 31.176801
V 383.328000 10.499760 58.652794 20.520781
E 0 16
E 33 0
E 1 15
E 18 1
E 1 34
E 37 1
E 4 2
E 2 38
E 19 3
E 17 4
E 4 21
E 24 4
E 36 4
E 5 34
E 13 6
E 34 6
E 14 7
E 8 24
E 8 37
E 9 11
E 10 21
E 11 14
E 16 12
E 12 26
E 14 19
E 23 14
E 39 16
E 17 20
E 26 17
E 17 28
E 29 21
E 21 34
E 21 37
E 21 38
E 22 32
E 32 23
E 24 37
E 30 25
E 31 25
E 38 27
E 38 30
E 34 32
E 32 35
G Hs_Growth_factors_and_hormones_in_beta_cell_proliferation_WP5385_20250709 15 14
V 135.223200 166.075200 60.000000 20.000000
V 535.557600 358.300800 60.000000 20.000000
V 523.260000 225.792000 60.000000 20.000000
V 189.237600 334.087200 60.000000 20.000000
V 763.920000 300.052800 60.000000 20.000000
V 571.543200 479.347200 60.000000 20.000000
V 250.524000 217.130400 200.000000 47.656250
V 113.407200 430.754400 60.000000 20.000000
V 500.709600 109.058400 60.000000 20.000000
V 608.090400 115.977600 60.000000 20.000000
V 239.464800 88.164000 60.000000 20.000000
V 30.000240 104.788800 60.000000 20.000000
V 645.307200 264.160800 60.000000 20.000000
V 675.194400 10.000080 60.000000 20.000000
V 388.540800 228.132000 60.000000 20.000000
E 0 6
E 11 0
E 1 2
E 5 1
E 2 8
E 9 2
E 12 2
E 2 14
E 3 6
E 7 3
E 4 12
E 10 6
E 14 6
E 13 9
G Hs_HIF1A_and_PPARG_in_hypertrophic_cardiomyopathy_WP2456_20250928 24 26
V 499.312800 447.112800 52.000000 20.000000
V 547.840800 675.036000 52.000000 20.000000
V 258.638400 887.256000 52.000000 25.000000
V 477.734400 568.123200 52.000000 20.000000
V 223.934400 696.837600 52.000000 20.000000
V 567.194400 515.203200 52.000000 20.000000
V 25.999920 743.976000 52.000000 25.000000
V 293.508000 103.989600 120.000000 20.000000
V 284.680800 10.000080 170.000000 20.000000
V 299.779200 199.382400 90.000000 26.000000
V 438.595200 698.443200 100.000000 35.000000
V 316.951200 294.962400 90.000000 26.000000
V 626.169600 599.932800 45.000000 20.000000
V 579.160800 854.280000 52.000000 20.000000
V 302.284800 793.008000 60.000000 20.000000
V 728.064000 594.446400 80.000000 35.000000
V 486.403200 800.136000 80.000000 26.000000
V 385.948800 603.129600 110.000000 35.000000
V 393.768000 486.496800 80.000000 40.000000
V 480.211200 904.392000 80.000000 26.000000
V 345.722400 390.816000 110.000000 26.000000
V 121.248000 717.040800 52.000000 20.000000
V 335.584800 694.159200 90.000000 35.000000
V 295.250400 567.489600 52.000000 20.000000
E 5 0
E 0 18
E 1 10
E 12 1
E 2 14
E 5 3
E 3 17
E 4 21
U 4 22
E 12 5
E 21 6
E 7 8
E 9 7
E 11 9
E 10 16
E 17 10
E 22 10
E 20 11
E 15 12
E 13 16
E 14 22
E 16 19
E 17 18
E 22 17
E 23 17
E 18 20
G Hs_HLA-C_allotypes_interactions_with_KIR_on_dNK_cells_WP5580_20251116 17 20
V 205.588800 388.972800 93.034934 27.056041
V 182.059200 166.773600 93.034934 27.056041
V 52.040880 12.499920 90.000000 25.000000
V 260.755200 247.788000 90.000000 25.000000
V 106.077600 367.819200 90.000000 25.000000
V 155.412000 282.124800 93.034934 27.056041
V 300.600000 31.723200 90.000000 25.000000
V 371.304000 72.360000 90.000000 25.000000
V 297.331200 144.367200 113.762226 25.000000
V 52.979040 324.086400 90.000000 25.000000
V 407.196000 174.369600 60.000000 20.000000
V 45.000000 257.911200 90.000000 25.000000
V 511.056000 167.508000 60.000000 20.000000
V 221.860800 593.215200 90.000000 25.000000
V 84.909600 109.504800 100.000000 28.500000
V 215.920800 494.280000 60.000000 20.000000
V 142.372800 63.596880 104.000000 28.500000
U 5 0
E 0 15
U 5 1
E 1 8
E 1 14
E 1 16
E 2 14
E 2 16
U 5 3
E 3 8
E 4 5
E 9 4
E 9 5
E 11 5
E 8 6
E 8 7
E 10 8
E 9 11
E 10 12
E 13 15
G Hs_Hair_follicle_development:_cytodifferentiation_-_stage_3_of_3_WP2840_20251129 17 16
V 427.932000 381.650400 118.794902 43.160044
V 425.095200 184.176000 87.176019 46.030678
V 621.640800 284.443200 40.462487 20.000000
V 340.012800 450.612000 43.000000 20.000000
V 519.048000 311.443200 87.176019 38.716725
V 27.938160 63.666720 43.000000 20.000000
V 338.925600 384.573600 43.000000 20.000000
V 279.417600 226.461600 43.000000 20.000000
V 373.464000 277.272000 43.000000 20.000000
V 111.153600 115.416000 87.176019 46.030678
V 197.452800 169.538400 43.000000 20.000000
V 130.233600 10.000080 43.000000 20.000000
V 514.008000 446.522400 43.000000 20.000000
V 458.884800 485.697600 43.000000 20.000000
V 393.285600 487.591200 43.000000 20.000000
V 21.499920 174.463200 43.000000 20.000000
V 520.401600 379.519200 43.000000 20.000000
E 0 3
E 4 0
E 0 6
E 8 0
E 0 12
E 0 13
E 0 14
E 0 16
E 1 8
E 2 4
E 5 9
E 7 8
E 7 10
E 10 9
E 11 9
E 15 9
G Hs_Hair_follicle_development:_organogenesis_-_stage_2_of_3_WP2839_20251129 33 32
V 170.676000 232.444800 38.000000 20.000000
V 259.797600 62.478000 38.000000 20.000000
V 458.438400 32.032080 50.000000 20.000000
V 581.047200 488.476800 38.000000 20.000000
V 478.101600 290.858400 36.776273 20.000000
V 212.587200 99.280800 38.000000 20.000000
V 502.221600 344.505600 38.000000 20.000000
V 241.416000 10.000080 45.000000 20.000000
V 277.833600 178.444800 38.000000 20.000000
V 478.108800 212.320800 38.000000 20.000000
V 637.056000 503.150400 36.000000 20.000000
V 428.450400 138.780000 38.000000 20.000000
V 222.062400 207.216000 36.000000 20.000000
V 572.364000 593.841600 80.915204 37.000000
V 529.308000 393.321600 43.000000 20.000000
V 261.223200 121.096800 38.000000 20.000000
V 626.277600 415.922400 38.000000 20.000000
V 61.776000 242.092800 38.000000 20.000000
V 437.738400 243.799200 38.000000 20.000000
V 440.337600 329.400000 38.000000 20.000000
V 460.245600 88.005600 47.583407 28.161907
V 20.156400 205.308000 38.000000 20.000000
V 569.995200 432.403200 36.000000 20.000000
V 586.785600 246.751200 43.000000 20.000000
V 110.016000 310.996800 38.000000 20.000000
V 533.880000 268.855200 38.000000 20.000000
V 273.376800 226.461600 38.000000 20.000000
V 19.000080 278.820000 38.000000 20.000000
V 564.652800 541.512000 38.000000 20.000000
V 399.391200 194.810400 38.000000 20.000000
V 338.940000 190.886400 36.000000 20.000000
V 511.257600 62.763120 38.000000 20.000000
V 118.252800 254.512800 38.000000 20.000000
E 12 0
E 0 32
E 7 1
E 15 1
E 2 20
E 3 10
E 22 3
E 3 28
E 4 6
E 4 18
E 4 19
E 4 25
E 5 15
E 6 14
E 8 12
E 15 8
E 26 8
E 8 30
E 9 18
E 20 11
E 29 11
E 28 13
E 14 22
E 22 16
E 17 21
E 17 27
E 32 17
E 18 29
E 31 20
E 25 23
E 32 24
E 30 29
G Hs_Hallmark_of_cancer:_non-mutational_epigenetic_reprogramming_WP5483_20251129 16 17
V 651.456000 417.096000 182.480736 25.000000
V 816.408000 271.814400 137.000000 33.500000
V 527.270400 16.999920 137.000000 33.500000
V 656.308800 657.036000 182.480736 25.000000
V 227.620800 1028.520000 137.000000 34.622298
V 68.500080 883.224000 137.000000 34.622298
V 258.228000 801.864000 90.000000 25.000000
V 1094.112000 619.308000 137.000000 33.500000
V 875.520000 590.284800 137.000000 25.000000
V 557.589600 219.751200 182.480736 25.000000
V 840.312000 718.372800 137.000000 33.500000
V 430.394400 657.741600 90.000000 25.000000
V 800.280000 852.408000 137.000000 33.500000
V 468.043200 779.184000 90.000000 25.000000
V 655.293600 877.896000 137.000000 33.500000
V 78.746400 668.361600 137.000000 33.500000
E 1 0
E 0 3
E 0 9
E 2 9
E 3 8
E 10 3
E 11 3
E 12 3
E 13 3
E 14 3
E 4 6
E 5 6
E 11 6
E 6 13
E 15 6
E 7 8
E 10 8
G Hs_Heart_development_WP1591_20251129 16 18
V 198.475200 430.696800 80.000000 20.000000
V 367.927200 300.398400 80.000000 20.000000
V 118.324800 75.650400 80.000000 20.000000
V 40.000320 10.000080 80.000000 20.000000
V 217.857600 47.950560 80.000000 20.000000
V 246.535200 244.771200 80.000000 20.000000
V 271.836000 139.867200 80.000000 20.000000
V 456.832800 368.604000 80.000000 20.000000
V 114.760800 367.178400 80.000000 20.000000
V 428.652000 162.172800 80.000000 20.000000
V 144.561600 180.540000 80.000000 20.000000
V 101.923200 472.780800 80.000000 20.000000
V 214.977600 315.813600 80.000000 20.000000
V 520.725600 110.894400 80.000000 20.000000
V 284.666400 348.912000 80.000000 20.000000
V 321.897600 216.770400 80.000000 20.000000
E 11 0
U 0 12
E 1 5
U 7 1
E 3 2
E 2 4
E 2 10
E 4 6
E 5 6
E 10 5
E 12 5
E 14 5
E 6 15
E 11 8
E 8 12
E 13 9
E 9 15
E 12 15
G Hs_Heme_biosynthesis_WP561_20260131 26 25
V 663.408000 155.145600 164.333333 16.000000
V 731.952000 99.640800 37.000000 20.000000
V 301.809600 254.721600 122.333333 16.000000
V 272.844000 349.776000 48.000000 20.000000
V 840.600000 229.305600 28.000000 20.000000
V 643.212000 243.986400 44.000000 20.000000
V 542.966400 22.163040 37.000000 20.000000
V 832.536000 155.952000 60.000000 20.000000
V 701.330400 56.055600 60.000000 20.000000
V 412.848000 117.734400 149.333333 16.000000
V 389.347200 38.021760 40.000000 20.000000
V 541.512000 206.064000 60.000000 20.000000
V 131.054400 372.895200 53.000000 20.000000
V 334.987200 344.246400 60.000000 20.000000
V 578.484000 121.910400 166.333333 16.000000
V 343.209600 168.962400 149.333333 16.000000
V 589.946400 32.867280 40.000000 20.000000
V 154.296000 275.040000 157.333333 16.000000
V 68.208480 301.060800 60.000000 20.000000
V 266.184000 129.852000 53.000000 20.000000
V 282.492000 76.406400 60.000000 20.000000
V 78.501600 210.981600 157.333333 16.000000
V 732.312000 323.244000 34.285714 20.000000
V 798.336000 298.778400 82.333333 16.000000
V 748.512000 219.038400 128.333333 16.000000
V 431.596800 10.000080 60.000000 20.000000
U 1 0
E 0 5
E 8 0
E 14 0
E 0 24
E 2 3
E 13 2
E 2 15
E 17 2
E 24 4
U 6 14
E 7 24
E 9 10
E 9 14
E 15 9
E 25 9
E 11 14
E 17 12
E 14 16
E 15 19
E 20 15
E 18 17
U 21 17
U 22 24
E 24 23
G Hs_Hemesynthesis_defects_and_porphyrias_WP5169_20251130 27 30
V 273.290400 911.088000 178.513388 35.076271
V 789.552000 992.376000 178.513388 35.076271
V 417.348000 643.341600 178.513388 35.076271
V 332.870400 153.763200 178.513388 35.076271
V 602.539200 959.328000 178.513388 35.076271
V 953.280000 906.120000 178.513388 35.076271
V 891.216000 433.893600 178.513388 35.076271
V 1186.416000 447.890400 73.788351 30.625143
V 564.170400 1143.360000 91.347458 35.550847
V 702.007200 410.536800 178.513388 35.076271
V 505.519200 467.229600 178.513388 35.076271
V 739.512000 225.511200 91.347458 35.550847
V 343.944000 339.530400 178.513388 35.076271
V 1038.384000 557.510400 178.513388 35.076271
V 238.564800 697.730400 178.513388 35.076271
V 1033.776000 746.136000 91.347458 35.550847
V 220.852800 17.500320 178.513388 35.076271
V 985.248000 270.576000 91.347458 35.550847
V 134.733600 834.048000 178.513388 35.076271
V 1213.488000 595.267200 91.347458 35.550847
V 528.933600 324.288000 91.347458 35.550847
V 89.503200 112.521600 178.513388 35.076271
V 289.814400 509.623200 91.347458 35.550847
V 376.552800 997.416000 91.347458 35.550847
V 860.112000 1161.000000 91.347458 35.550847
V 175.939200 266.572800 178.513388 35.076271
V 450.230400 836.640000 178.513388 35.076271
E 18 0
E 0 26
E 4 1
E 1 5
E 24 1
E 10 2
E 2 14
E 22 2
E 2 26
E 12 3
E 16 3
E 8 4
E 26 4
E 5 15
E 6 9
E 13 6
E 17 6
E 7 13
E 9 10
E 11 9
E 10 12
E 20 10
E 22 12
E 12 25
E 15 13
E 19 13
E 14 18
E 21 16
E 25 21
E 23 26
G Hs_Hepatitis_C_and_hepatocellular_carcinoma_WP3646_20251130 34 34
V 568.159200 577.044000 53.655462 20.000000
V 920.376000 581.522400 54.705882 20.000000
V 793.656000 10.000080 55.756303 20.000000
V 248.119200 359.539200 60.000000 20.000000
V 720.432000 552.585600 62.058824 20.000000
V 856.368000 545.313600 55.756303 20.000000
V 28.000080 305.064000 55.756303 20.000000
V 674.856000 487.497600 94.621849 20.000000
V 656.740800 71.486640 100.924370 21.554622
V 730.368000 321.530400 80.000000 20.000000
V 684.504000 287.877600 57.857143 20.000000
V 562.694400 385.164000 49.453782 20.000000
V 874.512000 253.490400 55.756303 20.000000
V 706.147200 128.750400 53.655462 20.000000
V 539.539200 645.825600 145.042017 20.000000
V 978.984000 618.472800 120.802646 20.682470
V 804.888000 285.645600 44.201681 20.000000
V 695.836800 385.653600 50.420168 20.000000
V 788.904000 585.208800 52.605042 20.000000
V 344.649600 360.720000 116.680672 16.302521
V 1045.584000 646.977600 53.000000 20.000000
V 625.010400 423.547200 59.957983 20.000000
V 509.752800 498.924000 80.000000 20.000000
V 759.528000 73.468800 56.806723 20.000000
V 767.736000 422.640000 61.008403 20.000000
V 560.980800 450.489600 51.554622 20.000000
V 830.808000 471.225600 48.403361 20.000000
V 438.667200 362.448000 54.705882 20.000000
V 93.009600 329.061600 57.857143 20.000000
V 170.085600 348.494400 80.000000 20.000000
V 595.281600 501.674400 48.403361 20.000000
V 502.192800 368.776800 55.756303 20.000000
V 694.324800 206.661600 57.857143 20.000000
V 642.643200 357.638400 52.880252 20.000000
E 0 14
E 30 0
E 5 1
U 1 15
E 2 23
E 19 3
E 3 29
U 4 7
E 18 4
E 5 18
E 5 26
E 6 28
E 7 21
E 13 8
E 16 9
E 33 9
E 17 10
E 10 32
E 21 11
E 11 31
E 12 16
E 23 13
E 32 13
E 15 20
E 17 21
E 24 17
U 27 19
E 21 25
E 21 30
E 21 33
E 25 22
E 26 24
E 31 27
E 28 29
G Hs_Hereditary_leiomyomatosis_and_renal_cell_carcinoma_pathway_WP4206_20250903 36 38
V 421.826400 1175.976000 61.064257 25.000000
V 322.084800 665.445600 100.000000 25.000000
V 42.500160 477.928800 85.468541 25.000000
V 642.967200 1000.872000 63.741633 25.000000
V 549.900000 887.976000 65.709505 25.000000
V 522.900000 12.499920 90.000000 25.000000
V 523.159200 400.867200 90.000000 25.000000
V 648.705600 551.613600 90.000000 25.000000
V 771.264000 938.520000 66.419009 25.000000
V 871.056000 934.776000 90.000000 25.000000
V 523.260000 297.388800 90.000000 25.000000
V 370.908000 755.280000 80.194110 25.000000
V 733.176000 618.854400 90.000000 25.000000
V 873.432000 660.477600 77.547858 25.000000
V 459.698400 1086.768000 61.064257 25.000000
V 498.045600 707.983200 73.273092 25.000000
V 336.866400 557.928000 125.000000 25.000000
V 431.013600 502.459200 70.274431 25.000000
V 501.890400 991.440000 59.725569 25.000000
V 536.486400 104.716800 90.000000 25.000000
V 248.616000 524.908800 125.000000 25.000000
V 466.423200 807.264000 80.194110 25.000000
V 409.471200 882.576000 62.402945 25.000000
V 925.272000 846.576000 90.000000 25.000000
V 519.141600 603.158400 90.000000 25.000000
V 696.081600 370.828800 73.273092 25.000000
V 724.896000 810.648000 50.584659 25.000000
V 881.496000 757.368000 90.000000 25.000000
V 716.040000 998.424000 66.419009 25.000000
V 665.906400 902.160000 57.048193 25.000000
V 135.504000 500.356800 85.468541 25.000000
V 543.585600 506.491200 70.274431 25.000000
V 365.536800 848.016000 70.435074 25.000000
V 532.519200 199.634400 90.000000 25.000000
V 617.832000 439.768800 90.000000 25.000000
V 783.288000 716.083200 90.000000 25.000000
E 0 14
E 1 11
E 16 1
E 2 30
E 29 3
E 18 4
E 21 4
E 4 29
E 19 5
E 6 10
E 31 6
E 12 7
E 7 31
E 8 9
E 29 8
E 9 23
E 10 33
E 11 21
E 35 12
E 35 13
E 14 18
E 21 15
E 15 24
E 17 16
E 20 16
E 31 17
E 33 19
E 30 20
E 22 21
E 21 32
E 23 27
E 24 31
E 34 25
E 29 26
E 26 35
E 27 35
E 29 28
E 31 34
G Hs_Hippocampal_synaptogenesis_and_neurogenesis_WP5231_20250730 18 17
V 205.538400 158.479200 51.098794 26.447272
V 250.826400 426.103200 66.171642 36.610732
V 41.500080 589.903200 83.039683 42.223356
V 128.181600 112.924800 51.098794 26.447272
V 693.360000 462.808800 79.526160 35.986272
V 357.948000 468.676800 76.146293 38.946074
V 177.652800 483.040800 66.171642 35.052478
V 422.740800 59.062320 66.171642 33.335821
V 612.352800 435.787200 66.171642 33.335821
V 319.147200 284.414400 66.171642 33.335821
V 344.836800 106.920000 53.197854 36.783769
V 111.686400 541.346400 66.171642 36.610732
V 438.609600 386.265600 66.171642 33.335821
V 376.545600 558.180000 66.171642 36.610732
V 339.314400 380.476800 66.171642 33.335821
V 528.472800 408.981600 66.171642 33.335821
V 317.563200 18.499680 53.197854 36.783769
V 295.804800 190.447200 66.171642 33.335821
E 3 0
E 0 17
E 6 1
E 1 14
E 2 11
E 8 4
E 13 5
E 5 14
E 11 6
E 10 7
E 15 8
E 9 14
U 17 9
U 16 10
E 10 17
E 12 14
E 15 12
G Hs_Host-pathogen_interaction_of_human_coronaviruses_-_interferon_induction_WP4880_20250823 34 37
V 426.679200 234.741600 54.992747 30.000000
V 701.589600 398.858400 90.000000 25.000000
V 844.632000 359.172000 90.000000 25.000000
V 288.388800 449.856000 90.000000 25.000000
V 294.256800 162.799200 90.000000 25.000000
V 95.169600 244.375200 54.992747 30.000000
V 330.480000 256.838400 54.992747 30.000000
V 213.696000 134.085600 54.992747 30.000000
V 729.864000 98.416800 90.000000 25.000000
V 785.592000 12.499920 90.000000 25.000000
V 150.681600 161.431200 54.992747 30.000000
V 292.543200 587.102400 90.000000 25.000000
V 579.974400 451.188000 90.000000 25.000000
V 368.956800 452.239200 54.992747 30.000000
V 210.376800 589.939200 54.992747 30.000000
V 211.154400 261.964800 90.000000 25.000000
V 450.597600 279.676800 54.992747 30.000000
V 95.738400 292.586400 54.992747 30.000000
V 443.872800 457.228800 54.992747 30.000000
V 403.394400 347.061600 90.000000 25.000000
V 190.332000 490.197600 90.203969 41.165932
V 274.932000 358.488000 54.992747 30.000000
V 126.324000 330.753600 54.992747 30.000000
V 939.960000 392.688000 54.992747 30.000000
V 528.271200 340.891200 86.186939 30.000000
V 110.642400 541.454400 54.992747 30.000000
V 302.709600 325.368000 55.000000 20.000000
V 45.000000 617.479200 90.000000 25.000000
V 104.032800 199.432800 54.992747 30.000000
V 627.652800 265.932000 90.000000 25.000000
V 461.599200 411.408000 54.992747 30.000000
V 676.533600 191.743200 90.000000 25.000000
V 744.840000 315.216000 90.000000 25.000000
V 624.348000 307.994400 90.000000 25.000000
E 0 19
E 33 1
E 23 2
E 2 32
E 3 11
E 26 3
E 4 15
E 5 15
E 6 15
E 6 19
E 7 15
E 9 8
E 8 31
E 10 15
E 24 12
E 13 19
E 13 20
E 14 20
E 17 15
E 21 15
E 22 15
E 15 26
E 28 15
E 16 19
E 18 19
E 21 19
E 24 19
E 19 26
E 30 19
E 21 20
E 25 20
E 24 29
E 24 33
E 25 27
E 31 29
E 29 32
E 31 33
G Hs_IL11_signaling_WP2332_20251201 18 18
V 329.277600 212.839200 50.000000 20.000000
V 123.602400 296.510400 43.499863 20.000000
V 239.594400 201.873600 60.000000 20.000000
V 394.963200 110.059200 60.500000 20.000000
V 392.911200 308.577600 60.000000 20.000000
V 662.248800 614.700000 44.000137 20.000000
V 326.455200 112.960800 60.000000 20.000000
V 424.584000 10.000080 46.000000 20.000000
V 466.351200 389.714400 60.000000 20.000000
V 534.110400 468.619200 60.000000 20.000000
V 253.382400 129.729600 45.000000 20.000000
V 24.999840 306.223200 50.000000 20.000000
V 736.200000 673.884000 51.499931 20.000000
V 229.744800 278.236800 50.000000 20.000000
V 402.364800 478.800000 60.000000 20.000000
V 566.258400 342.547200 60.000000 20.000000
V 421.668000 194.695200 60.000000 20.000000
V 598.780800 543.146400 60.000000 20.000000
E 0 2
E 3 0
E 0 4
E 0 6
E 0 10
E 0 13
E 0 16
E 1 11
E 13 1
E 3 6
E 7 3
E 4 8
E 5 12
U 17 5
E 8 9
E 8 14
E 8 15
E 17 9
G Hs_IL1_signaling_WP195_20251120 40 48
V 71.493840 43.422480 57.000000 20.000000
V 833.544000 267.444000 60.000000 20.000000
V 1032.048000 192.758400 62.000000 20.000000
V 48.564720 228.146400 49.000000 20.000000
V 1006.848000 473.025600 64.000000 20.000000
V 22.500000 132.141600 45.000000 20.000000
V 981.360000 394.617600 64.000000 20.000000
V 543.254400 171.014400 59.000000 20.000000
V 409.680000 93.052800 50.000000 20.000000
V 361.188000 10.000080 53.000000 20.000000
V 614.556000 245.498400 50.000000 20.000000
V 299.152800 20.337120 55.000000 20.000000
V 586.267200 66.600720 59.000000 20.000000
V 1083.528000 350.431200 46.000000 20.000000
V 1179.288000 305.301600 54.000000 20.000000
V 909.288000 383.450400 64.000000 20.000000
V 223.632000 168.134400 77.000000 20.000000
V 333.165600 125.899200 78.000000 20.000000
V 844.776000 433.281600 71.000000 20.000000
V 854.784000 494.100000 62.000000 20.000000
V 840.384000 571.896000 59.000000 20.000000
V 256.024800 101.073600 47.000000 20.000000
V 187.840800 266.392800 50.000000 20.000000
V 1120.104000 653.061600 40.000000 20.000000
V 976.032000 284.385600 86.000000 20.000000
V 1268.064000 260.604000 54.000000 20.000000
V 729.360000 566.272800 59.000000 20.000000
V 824.328000 678.002400 41.000000 20.336557
V 896.184000 466.084800 60.000000 20.000000
V 765.576000 289.317600 60.000000 20.000000
V 315.972000 222.343200 46.000000 20.000000
V 696.528000 303.998400 62.000000 20.000000
V 725.976000 367.027200 59.000000 20.000000
V 770.616000 465.170400 59.000000 20.000000
V 1068.840000 564.588000 62.000000 20.000000
V 815.544000 347.054400 60.000000 20.000000
V 117.972000 142.408800 59.000000 20.000000
V 1164.456000 739.872000 60.000000 20.000000
V 684.554400 519.523200 46.000000 20.000000
V 436.507200 167.400000 59.000000 20.000000
E 0 36
E 1 32
E 1 35
E 24 2
E 36 3
E 15 4
E 4 34
E 36 5
E 6 13
E 18 6
E 7 10
E 7 12
E 39 7
E 8 17
E 8 39
E 17 9
E 10 31
E 17 11
E 13 14
E 14 25
E 19 15
E 15 24
E 28 15
E 35 15
E 16 17
E 16 21
E 22 16
E 16 36
E 17 21
E 17 30
E 17 39
E 18 19
E 20 18
E 18 28
E 18 33
E 18 35
E 33 19
E 20 27
E 34 23
E 37 23
E 26 33
E 33 28
E 32 29
E 35 29
E 31 32
E 31 35
E 33 32
E 33 38
G Hs_IL26_signaling_WP5347_20251201 16 16
V 455.248800 253.260000 90.000000 35.000000
V 768.888000 562.255200 90.000000 35.000000
V 815.472000 144.288000 90.000000 35.000000
V 183.060000 265.564800 90.000000 35.000000
V 1049.760000 17.500320 90.000000 35.000000
V 45.000000 249.480000 90.000000 25.000000
V 316.317600 192.254400 90.000000 25.000000
V 83.001600 360.993600 90.000000 35.000000
V 591.098400 329.731200 90.000000 35.000000
V 701.157600 226.332000 90.000000 35.000000
V 232.970400 76.406400 90.000000 25.000000
V 494.460000 433.195200 90.000000 35.000000
V 704.844000 431.978400 90.000000 35.000000
V 933.264000 78.818400 90.000000 35.000000
V 592.466400 475.495200 90.000000 35.000000
V 346.212000 45.759600 90.000000 25.000000
E 0 6
E 8 0
E 12 1
E 9 2
E 13 2
E 3 5
E 3 6
U 7 3
E 13 4
E 7 5
E 6 10
E 15 6
E 8 9
U 8 11
E 8 12
E 8 14
G Hs_IL2_signaling_WP49_20251120 35 45
V 222.508800 369.223200 40.000000 20.000000
V 422.467200 411.300000 60.000000 20.000000
V 33.500160 157.600800 67.162000 20.000000
V 317.325600 565.574400 70.000000 20.000000
V 342.237600 263.772000 43.333333 20.000000
V 330.631200 829.512000 50.000000 20.000000
V 275.911200 515.700000 56.666667 20.000000
V 545.464800 141.904800 45.000000 20.000000
V 367.293600 178.106400 41.333333 19.333333
V 650.851200 10.000080 60.000000 20.000000
V 189.914400 426.232800 77.000000 20.000000
V 164.584800 281.440800 41.666667 20.000000
V 454.600800 515.354400 47.556493 20.000000
V 485.114400 206.071200 43.333333 20.000000
V 187.473600 580.154400 54.000000 20.000000
V 529.416000 692.179200 53.333333 20.000000
V 374.061600 439.315200 57.333333 20.000000
V 599.803200 76.255200 41.666667 20.000000
V 410.392800 772.992000 51.666667 20.000000
V 226.375200 238.694400 34.000000 20.000000
V 408.650400 258.537600 46.666667 20.000000
V 363.427200 493.099200 57.000000 20.000000
V 492.602400 825.408000 54.000000 20.000000
V 106.113600 206.301600 46.666667 20.000000
V 72.907200 307.483200 61.842893 20.000000
V 288.806400 405.842400 58.000000 20.000000
V 489.952800 439.264800 47.000000 20.666667
V 407.880000 860.040000 56.000000 20.000000
V 346.176000 317.188800 50.333333 20.000000
V 399.448800 588.513600 66.333333 20.000000
V 216.367200 466.617600 50.000000 20.000000
V 432.302400 678.600000 54.000000 20.000000
V 317.988000 232.113600 40.000000 20.000000
V 268.588800 313.351200 53.333333 20.000000
V 371.570400 345.189600 45.000000 20.000000
E 0 10
E 25 0
E 0 33
E 21 1
E 34 1
E 23 2
E 3 21
E 4 8
E 20 4
E 4 33
E 4 34
E 5 18
E 6 14
E 16 6
E 13 7
E 7 17
E 20 8
E 32 8
E 17 9
E 25 10
E 11 23
E 11 24
E 33 11
E 21 12
E 20 13
E 31 15
E 21 16
E 16 26
E 34 16
E 18 22
E 18 27
E 18 31
E 19 33
E 28 20
E 20 32
E 20 34
E 21 25
E 21 29
E 25 28
E 30 25
E 25 33
E 28 32
E 29 31
E 32 33
E 33 34
G Hs_IL3_signaling_WP286_20251201 30 34
V 147.081600 483.091200 50.000000 20.000000
V 469.195200 182.887200 89.000000 20.000000
V 296.719200 245.894400 50.000000 20.000000
V 434.786400 545.551200 52.000000 20.000000
V 345.506400 463.082400 55.333333 20.000000
V 390.967200 260.503200 47.750000 20.000000
V 86.061600 509.320800 55.517683 20.000000
V 314.892000 347.947200 50.000000 20.000000
V 314.100000 412.372800 50.000000 20.000000
V 487.886400 62.611200 50.000000 20.000000
V 341.013600 291.124800 50.000000 20.000000
V 430.372800 221.277600 48.000000 20.000000
V 205.128000 455.911200 50.000000 20.000000
V 256.104000 427.888800 50.000000 20.000000
V 24.999840 533.700000 50.000000 20.000000
V 542.772000 161.330400 42.166667 20.000000
V 536.839200 210.888000 41.750000 20.000000
V 254.354400 330.098400 50.000000 20.000000
V 313.365600 564.228000 87.000000 20.000000
V 274.932000 190.972800 46.750000 20.000000
V 472.881600 118.778400 50.000000 20.000000
V 372.067200 522.237600 50.000000 20.000000
V 190.015200 240.141600 56.000000 20.000000
V 411.069600 451.180800 60.000000 20.000000
V 193.982400 327.477600 50.000000 20.000000
V 503.344800 10.000080 50.000000 20.000000
V 481.320000 584.791200 60.000000 20.000000
V 389.937600 581.904000 50.000000 20.000000
V 240.264000 273.909600 50.000000 20.000000
V 276.076800 380.368800 50.000000 20.000000
E 0 6
E 12 0
E 1 11
E 15 1
E 16 1
E 1 20
E 2 10
E 19 2
E 28 2
E 21 3
E 3 26
E 8 4
E 21 4
E 4 23
U 10 5
E 11 5
E 6 14
E 8 7
E 7 10
E 17 7
E 29 7
E 13 8
E 29 8
E 20 9
E 9 25
E 13 12
E 29 13
E 17 24
E 17 28
E 17 29
E 18 21
E 18 27
E 21 27
E 28 22
G Hs_IL4_signaling_WP395_20251201 23 24
V 215.388000 400.564800 50.000000 20.000000
V 408.189600 155.361600 57.000000 20.000000
V 198.064800 321.084000 50.000000 20.000000
V 20.499840 494.064000 40.708333 20.000000
V 267.969600 349.761600 50.000000 20.000000
V 76.982400 454.384800 50.000000 20.000000
V 258.012000 201.722400 50.000000 20.000000
V 370.188000 127.353600 50.000000 20.000000
V 318.016800 285.516000 50.000000 20.000000
V 312.184800 139.600800 50.000000 20.000000
V 224.856000 74.304000 50.000000 20.000000
V 332.100000 200.412000 44.666667 20.000000
V 329.976000 484.264800 43.265733 20.000000
V 142.178400 424.929600 50.000000 20.000000
V 471.578400 334.238400 62.916667 20.000000
V 254.174400 141.156000 50.000000 20.000000
V 392.277600 243.165600 54.000000 20.000000
V 278.222400 426.110400 50.000000 20.000000
V 396.381600 311.515200 50.000000 20.000000
V 251.402400 493.106400 50.000000 20.000000
V 362.037600 549.892800 40.750000 20.000000
V 198.828000 10.000080 50.000000 20.000000
V 416.325600 195.148800 50.000000 20.000000
E 0 4
E 0 13
E 0 17
E 11 1
E 2 4
E 3 5
E 8 4
U 4 17
E 13 5
E 6 11
E 7 11
E 11 8
E 18 8
E 9 11
E 15 10
E 10 21
E 11 15
E 11 16
E 22 11
E 12 17
E 20 12
E 14 18
E 18 16
U 17 19
G Hs_IL5_signaling_WP127_20251201 21 20
V 298.584000 10.000080 65.000000 20.000000
V 320.004000 361.843200 34.146580 20.000000
V 35.500320 435.218400 71.333000 20.000000
V 384.516000 247.456800 54.000000 20.000000
V 317.628000 156.362400 77.000000 20.000000
V 100.123200 455.767200 41.666667 20.000000
V 384.494400 105.386400 50.000000 20.000000
V 313.092000 193.096800 46.000000 20.000000
V 307.461600 45.684720 60.529412 20.000000
V 278.740800 332.438400 77.000000 20.000000
V 199.029600 399.744000 43.333333 20.000000
V 318.362400 81.511200 62.159664 20.000000
V 323.438400 121.636800 56.000000 20.000000
V 295.099200 261.223200 42.146580 20.000000
V 90.043200 490.708800 57.833333 20.000000
V 143.352000 427.744800 54.000000 20.000000
V 280.663200 294.530400 38.146580 20.000000
V 237.736800 360.460800 50.500000 20.000000
V 252.583200 388.468800 48.000000 20.000000
V 259.257600 429.127200 46.000000 20.000000
V 310.953600 229.831200 77.000000 20.000000
E 8 0
E 9 1
E 5 2
E 20 3
E 4 7
E 4 12
E 14 5
E 15 5
E 12 6
E 20 7
E 11 8
E 9 16
E 9 17
E 10 15
E 18 10
E 12 11
E 13 16
E 13 20
E 17 18
E 18 19
G Hs_IL6_signaling_WP364_20251201 26 26
V 177.840000 104.104800 43.333333 20.000000
V 1002.816000 392.400000 53.333333 20.000000
V 785.160000 397.864800 66.000000 20.000000
V 931.032000 387.554400 53.333333 20.000000
V 635.961600 432.309600 53.333333 20.000000
V 541.425600 630.489600 54.000000 20.000000
V 73.195200 65.233440 58.000000 20.000000
V 377.827200 313.142400 55.666667 20.000000
V 480.974400 593.416800 50.000000 20.000000
V 243.828000 136.951200 50.333333 20.000000
V 205.581600 27.173520 53.333333 20.000000
V 711.158400 411.465600 66.000000 20.000000
V 607.939200 598.363200 50.000000 20.000000
V 858.384000 389.433600 40.000000 20.000000
V 546.688800 549.403200 50.000000 20.000000
V 127.576800 248.616000 43.333333 20.000000
V 497.577600 407.937600 54.000000 20.000000
V 117.172800 133.005600 56.000000 20.000000
V 438.523200 358.034400 50.000000 20.000000
V 181.411200 183.376800 46.666667 20.000000
V 42.309360 158.414400 57.000000 20.000000
V 22.999680 10.000080 46.333333 20.000000
V 66.288960 300.326400 60.000000 20.000000
V 558.273600 463.730400 54.000000 20.000000
V 247.190400 233.964000 46.666667 20.000000
V 313.876800 273.304800 42.241460 20.000000
E 0 10
E 17 0
E 19 0
E 1 3
E 11 2
E 2 13
E 13 3
E 11 4
E 23 4
E 14 5
E 6 17
E 21 6
E 7 18
E 25 7
E 8 14
E 9 19
E 14 12
E 14 23
E 19 15
E 15 22
E 18 16
E 16 23
U 17 19
E 20 17
E 19 24
E 24 25
G Hs_Inclusion_body_myositis_WP5120_20251202 24 34
V 230.328000 572.738400 90.000000 25.000000
V 365.774400 856.872000 112.177508 25.000000
V 332.071200 240.760800 90.000000 25.000000
V 547.502400 1010.160000 139.818082 25.000000
V 439.603200 107.229600 201.000000 25.000000
V 401.587200 1003.104000 134.000000 25.000000
V 290.800800 749.088000 90.000000 25.000000
V 704.563200 12.499920 90.000000 25.000000
V 790.704000 264.564000 106.000000 25.000000
V 513.907200 785.736000 99.886212 29.902945
V 562.507200 706.780800 199.355017 25.000000
V 247.219200 802.728000 90.000000 25.000000
V 652.687200 125.978400 209.000000 25.000000
V 584.820000 868.248000 90.000000 25.000000
V 480.477600 332.071200 90.000000 25.000000
V 442.576800 209.412000 115.000000 25.000000
V 383.392800 602.049600 90.000000 25.000000
V 442.216800 470.491200 90.000000 25.000000
V 285.955200 116.467200 90.000000 25.000000
V 410.148000 751.320000 90.000000 25.000000
V 208.000800 23.867280 415.786517 25.000000
V 643.255200 264.801600 126.000000 25.500000
V 245.671200 869.472000 112.129630 25.000000
V 480.794400 861.264000 101.712963 25.000000
E 0 16
E 1 5
E 1 6
E 1 9
E 1 11
E 19 1
E 1 22
E 1 23
E 2 4
E 14 2
E 2 15
E 2 18
E 3 5
E 13 3
E 12 4
E 15 4
E 18 4
E 19 6
E 12 7
E 21 8
E 19 9
E 19 10
E 19 11
E 12 21
E 19 13
E 14 15
E 14 17
E 14 21
E 15 18
E 17 16
E 16 19
E 20 18
E 19 22
E 19 23
G Hs_Integrated_cancer_pathway_WP1971_20250303 33 40
V 498.794400 495.532800 51.000000 20.000000
V 457.164000 675.230400 56.398148 20.000000
V 321.048000 184.226400 80.000000 20.000000
V 372.578400 316.425600 80.000000 20.000000
V 762.480000 604.094400 80.000000 20.000000
V 552.852000 732.312000 80.000000 20.000000
V 477.187200 874.656000 80.000000 20.000000
V 752.976000 426.772800 73.685185 20.000000
V 333.223200 55.267920 80.000000 20.000000
V 429.998400 71.789040 80.000000 20.000000
V 826.704000 525.506400 52.941176 20.000000
V 649.857600 696.225600 80.000000 20.000000
V 464.047200 737.208000 80.000000 20.000000
V 885.312000 1030.968000 80.000000 20.000000
V 426.427200 450.223200 80.000000 20.000000
V 596.923200 494.640000 62.592593 20.000000
V 672.170400 561.348000 80.000000 20.000000
V 409.442400 584.424000 49.314815 20.000000
V 217.922400 579.204000 80.000000 20.000000
V 174.412800 142.509600 80.000000 20.000000
V 645.336000 982.872000 80.000000 20.000000
V 803.304000 927.864000 80.000000 20.000000
V 691.581600 842.832000 80.000000 20.000000
V 389.361600 709.207200 80.000000 20.000000
V 366.516000 645.652800 80.000000 20.000000
V 613.116000 639.547200 80.000000 20.000000
V 797.040000 698.112000 80.000000 20.000000
V 925.272000 623.088000 53.000000 20.000000
V 32.999760 146.692800 66.294118 21.764706
V 128.887200 10.000080 56.647059 20.000000
V 515.289600 596.534400 80.000000 20.000000
V 365.659200 533.750400 80.000000 20.000000
V 555.256800 455.428800 80.000000 20.000000
E 30 0
E 30 1
E 2 3
E 2 8
E 2 9
E 19 2
E 3 14
E 16 4
E 25 4
E 5 6
E 5 11
E 5 12
E 5 25
E 5 30
E 7 16
E 16 10
E 27 10
E 16 11
E 22 11
E 25 11
E 11 26
E 30 11
E 12 30
E 21 13
E 30 14
E 14 31
E 30 15
E 30 16
E 30 17
E 18 31
E 19 28
E 19 29
E 20 22
E 21 22
E 30 23
E 30 24
E 25 30
E 27 26
E 30 31
E 30 32
G Hs_Interactions_between_LOXL4_and_oxidative_stress_pathway_WP3670_20250311 15 14
V 290.736000 75.643200 55.904762 20.000000
V 579.542400 210.103200 55.904762 20.000000
V 40.000320 345.247200 80.000000 20.000000
V 260.992800 430.221600 80.000000 20.000000
V 347.954400 319.240800 80.000000 20.000000
V 300.088800 162.396000 55.904762 20.000000
V 358.632000 20.107440 80.000000 20.000000
V 463.399200 431.899200 80.000000 20.000000
V 446.637600 10.000080 80.000000 20.000000
V 527.313600 47.797200 55.904762 20.000000
V 426.945600 162.453600 80.000000 20.000000
V 182.548800 320.198400 80.000000 20.000000
V 576.072000 122.133600 55.904762 20.000000
V 516.096000 266.155200 55.904762 20.000000
V 366.062400 470.037600 80.000000 20.000000
U 10 0
U 10 1
E 2 11
U 4 3
U 4 7
U 4 10
U 4 11
U 4 14
U 10 5
U 10 6
U 10 8
U 10 9
U 10 12
U 10 13
G Hs_Interactions_of_natural_killer_cells_in_pancreatic_cancer_WP5092_20240727 15 15
V 739.944000 762.912000 90.000000 25.000000
V 910.296000 538.480800 90.000000 25.000000
V 415.958400 441.856800 90.000000 25.000000
V 171.856800 456.343200 126.202462 25.000000
V 888.912000 700.473600 90.000000 25.000000
V 45.000000 511.653600 90.000000 25.000000
V 187.200000 260.690400 90.000000 25.000000
V 290.152800 366.688800 90.000000 25.000000
V 429.120000 307.260000 84.052648 25.000000
V 458.805600 152.078400 84.052648 25.000000
V 660.362400 525.729600 90.000000 25.000000
V 480.837600 12.499920 90.000000 25.000000
V 524.131200 309.016800 90.000000 25.000000
V 777.240000 614.318400 90.000000 25.000000
V 543.117600 438.883200 60.000000 25.000000
E 0 13
E 1 13
E 7 2
E 2 12
E 14 2
E 5 3
E 7 3
E 4 13
E 7 6
E 7 8
E 8 9
E 14 8
E 9 11
E 10 13
E 10 14
G Hs_Interactome_of_polycomb_repressive_complex_2_(PRC2)__WP2916_20250308 17 33
V 106.689600 80.762400 56.000000 24.000000
V 314.733600 66.931920 52.000000 20.000000
V 29.499840 112.248000 59.000000 20.000000
V 56.480400 260.798400 52.000000 20.000000
V 252.266400 242.827200 49.000000 25.000000
V 159.444000 241.092000 59.000000 20.000000
V 29.257920 190.051200 56.000000 20.000000
V 262.382400 36.928800 56.000000 24.000000
V 330.328800 212.774400 57.000000 20.000000
V 230.112000 115.632000 56.000000 20.000000
V 97.171200 18.131040 48.000000 24.000000
V 174.844800 155.858400 54.500000 20.000000
V 253.173600 281.217600 48.000000 24.000000
V 302.918400 156.103200 54.000000 20.000000
V 159.163200 307.497600 54.000000 20.000000
V 185.846400 12.000240 49.000000 24.000000
V 327.801600 367.020000 41.000000 20.000000
U 9 0
U 0 11
U 9 1
U 1 11
U 6 2
U 2 11
U 3 11
U 4 5
U 4 8
U 9 4
U 4 11
U 4 13
U 4 14
U 16 4
U 9 5
U 5 11
U 12 5
U 6 11
U 9 7
U 7 11
U 7 13
U 8 11
U 12 8
U 9 13
U 9 15
U 10 11
U 12 11
U 13 11
U 14 11
U 15 11
U 13 12
U 12 14
U 16 12
G Hs_Interferon_type_I_signaling_WP585_20250227 35 36
V 324.597600 601.545600 80.000000 20.000000
V 540.396000 363.895200 80.000000 21.483333
V 519.040800 119.563200 80.000000 21.483333
V 132.991200 469.476000 80.000000 20.000000
V 855.432000 757.800000 80.000000 20.000000
V 144.792000 615.405600 80.000000 20.000000
V 522.043200 235.980000 80.000000 21.483333
V 586.915200 515.700000 80.000000 20.000000
V 741.384000 794.016000 80.000000 21.483333
V 629.409600 296.323200 80.000000 20.000000
V 366.890400 502.221600 62.000000 30.150000
V 414.828000 691.149600 80.000000 20.000000
V 643.615200 719.078400 80.000000 21.483333
V 40.000320 652.442400 80.000000 20.000000
V 756.432000 1029.312000 80.000000 20.000000
V 459.792000 407.296800 80.000000 21.483333
V 841.392000 327.067200 80.000000 20.000000
V 571.773600 812.808000 64.000000 20.000000
V 744.624000 395.726400 80.000000 20.000000
V 828.864000 1215.936000 80.000000 20.000000
V 399.758400 297.230400 80.000000 21.483333
V 498.902400 488.613600 80.000000 20.000000
V 928.656000 256.262400 80.000000 20.000000
V 926.712000 1274.184000 80.000000 20.000000
V 630.856800 448.869600 80.000000 20.000000
V 313.430400 393.595200 80.000000 20.000000
V 860.328000 983.520000 80.000000 20.000000
V 511.797600 10.499760 80.000000 21.483333
V 948.456000 1161.864000 80.000000 20.000000
V 583.495200 609.069600 80.000000 21.483333
V 768.384000 911.880000 80.000000 20.000000
V 849.168000 1100.304000 80.000000 20.000000
V 279.064800 448.286400 80.000000 20.000000
V 470.908800 584.546400 80.000000 20.000000
V 235.353600 538.495200 62.000000 34.000000
E 10 0
E 1 6
E 1 9
E 21 1
E 6 2
E 2 27
E 34 3
E 4 8
E 13 5
E 5 34
E 7 21
E 12 8
E 8 30
E 21 10
E 25 10
E 32 10
E 34 10
E 33 11
E 17 12
E 29 12
E 30 14
E 14 31
E 15 20
E 21 15
E 16 18
E 22 16
E 18 24
E 19 23
E 31 19
E 21 24
E 21 29
E 21 33
E 28 23
E 30 26
E 26 31
E 31 28
G Hs_Involvement_of_δ-secretase_in_neurodegenerative_diseases_WP5372_20240509 29 36
V 525.722400 297.446400 122.150000 34.750000
V 640.281600 119.102400 120.000000 25.000000
V 623.685600 240.408000 90.000000 25.000000
V 539.035200 534.736800 90.000000 25.000000
V 750.672000 424.836000 195.000000 31.500000
V 676.778400 781.488000 118.743643 65.977539
V 658.173600 461.340000 90.000000 25.000000
V 940.248000 287.791200 90.000000 25.000000
V 451.864800 90.280800 90.000000 31.648609
V 285.948000 393.940800 134.895299 53.269231
V 444.319200 338.709600 92.558946 27.468793
V 90.799200 303.976800 90.000000 25.000000
V 586.944000 14.999760 90.000000 29.669652
V 906.624000 611.748000 90.000000 25.000000
V 958.176000 410.054400 204.484737 25.000000
V 678.477600 637.675200 350.250000 110.750000
V 1023.264000 885.600000 111.585864 20.192308
V 256.154400 606.744000 176.583333 23.202991
V 353.678400 908.712000 90.000000 25.000000
V 267.336000 253.152000 90.000000 25.000000
V 59.999760 635.580000 120.000000 25.000000
V 765.504000 1049.544000 110.561492 25.000000
V 860.616000 756.216000 90.000000 25.000000
V 186.976800 801.648000 90.000000 25.000000
V 536.270400 809.136000 90.000000 25.000000
V 450.331200 670.291200 90.000000 25.000000
V 738.576000 850.608000 90.000000 25.000000
V 1083.384000 512.431200 90.000000 24.750000
V 1149.336000 326.275200 90.000000 25.000000
E 0 1
E 4 0
E 0 8
E 0 9
E 2 1
E 6 2
E 2 10
E 12 2
E 10 3
E 3 15
E 7 4
E 14 4
E 15 4
E 15 5
E 15 6
E 28 7
E 8 12
E 11 9
E 17 9
E 9 19
E 19 10
E 15 13
E 13 27
E 27 14
E 15 22
E 24 15
E 15 25
E 26 15
E 22 16
E 17 20
E 17 23
E 25 17
E 23 18
E 18 24
E 26 21
E 27 28
G Hs_Irinotecan_pathway_WP229_20260212 17 20
V 117.936000 12.499920 70.000000 25.000000
V 251.222400 16.769520 47.308123 20.000000
V 405.504000 47.280240 60.000000 20.000000
V 96.134400 167.018400 80.000000 20.000000
V 117.604800 386.028000 60.000000 20.000000
V 320.464800 307.670400 60.000000 20.000000
V 188.143200 232.048800 52.000000 20.500000
V 310.658400 103.809600 60.000000 20.000000
V 184.312800 102.600000 60.000000 20.000000
V 350.056800 196.768800 49.826331 20.000000
V 30.000240 256.449600 60.000000 20.000000
V 51.557760 336.146400 40.000000 20.000000
V 252.151200 204.796800 60.000000 20.000000
V 224.784000 359.208000 80.000000 20.000000
V 366.307200 408.319200 90.000000 25.000000
V 431.942400 319.478400 53.655462 20.000000
V 141.472800 277.509600 80.000000 20.000000
E 8 0
U 7 1
E 1 8
E 2 7
E 3 8
U 16 3
E 4 16
U 12 5
E 13 5
E 5 14
E 15 5
E 6 12
E 16 6
E 12 7
U 12 8
E 9 12
E 16 10
E 16 11
E 16 12
U 13 16
G Hs_Iron_metabolism_disorders_WP5172_20250815 19 19
V 287.092800 271.828800 30.000000 30.000000
V 399.974400 351.734400 90.000000 25.000000
V 113.004000 345.340800 30.000000 30.000000
V 375.552000 424.807200 90.000000 25.000000
V 538.113600 424.058400 90.000000 25.000000
V 319.564800 147.362400 90.000000 25.000000
V 540.540000 348.948000 90.000000 25.000000
V 415.339200 149.421600 30.000000 30.000000
V 366.040800 209.455200 30.000000 30.000000
V 462.931200 12.499920 90.000000 25.000000
V 472.881600 387.230400 81.213992 25.000000
V 45.000000 368.337600 90.000000 25.000000
V 343.137600 292.032000 30.000000 30.000000
V 476.798400 468.518400 90.000000 25.000000
V 257.716800 318.693600 30.000000 30.000000
V 130.327200 240.444000 90.000000 25.000000
V 443.044800 80.762400 90.000000 25.000000
V 177.120000 302.191200 30.000000 30.000000
V 240.228000 390.859200 79.840319 47.509073
E 0 12
E 14 0
E 1 3
E 10 1
E 1 12
E 11 2
E 2 17
E 4 10
E 5 8
E 6 10
E 8 7
E 7 16
E 12 8
E 9 16
E 13 10
E 14 12
E 17 14
E 18 14
E 15 17
G Hs_Joubert_syndrome_WP4656_20250116 30 32
V 176.364000 307.836000 60.000000 20.000000
V 357.854400 92.419200 60.000000 20.000000
V 99.921600 348.580800 60.000000 20.000000
V 166.982400 376.596000 60.000000 20.000000
V 358.632000 160.646400 60.000000 20.000000
V 150.220800 495.036000 60.000000 20.000000
V 60.558480 172.022400 60.000000 20.000000
V 259.538400 441.158400 60.000000 20.000000
V 52.380000 450.489600 60.000000 20.000000
V 289.468800 73.764000 60.000000 20.000000
V 330.357600 132.638400 60.000000 20.000000
V 176.745600 238.557600 70.000000 20.000000
V 250.020000 256.442400 60.000000 20.000000
V 103.082400 213.436800 60.000000 20.000000
V 34.999920 402.040800 70.000000 20.000000
V 285.451200 10.000080 60.000000 20.000000
V 303.026400 385.891200 60.000000 20.000000
V 218.224800 509.025600 60.000000 20.000000
V 239.169600 183.283200 60.000000 20.000000
V 235.022400 373.932000 60.000000 20.000000
V 223.221600 38.017440 60.000000 20.000000
V 31.836960 335.750400 60.000000 20.000000
V 353.520000 33.078240 60.000000 20.000000
V 123.444000 460.360800 60.000000 20.000000
V 191.462400 441.208800 60.000000 20.000000
V 171.122400 188.827200 60.000000 20.000000
V 248.335200 474.530400 60.000000 20.000000
V 108.057600 407.296800 60.000000 20.000000
V 262.310400 139.370400 60.000000 20.000000
V 237.614400 563.868000 60.000000 20.000000
E 0 3
E 0 11
E 1 4
E 9 1
E 10 1
E 2 3
U 2 21
U 3 19
E 3 24
E 27 3
E 28 4
E 24 5
E 13 6
E 7 24
E 8 27
E 9 15
E 9 20
E 9 22
E 9 28
E 10 28
E 12 11
E 13 11
E 18 11
E 25 11
E 14 27
E 19 16
E 17 24
U 17 29
E 18 28
E 23 24
E 23 27
E 26 24
G Hs_KCNQ2_and_KCNQ3-related_epilepsy_WP5599_20260102 34 34
V 174.528000 489.981600 90.000000 25.000000
V 903.816000 551.332800 90.000000 22.604750
V 476.157600 215.755200 98.655265 27.255198
V 596.923200 659.224800 69.654431 34.509524
V 702.295200 230.090400 90.000000 25.000000
V 504.547200 346.694400 85.103450 25.623668
V 45.000000 347.371200 90.000000 25.000000
V 316.605600 340.574400 98.655265 25.000000
V 653.184000 545.313600 90.000000 25.000000
V 690.782400 738.360000 90.000000 25.000000
V 751.176000 117.036000 90.000000 25.000000
V 295.034400 891.288000 90.000000 25.000000
V 857.808000 693.777600 90.000000 25.000000
V 782.424000 506.196000 90.000000 23.047599
V 222.256800 531.828000 90.000000 25.000000
V 886.752000 439.970400 90.000000 17.306093
V 612.064800 326.102400 90.000000 25.000000
V 341.416800 641.354400 89.436445 31.304824
V 483.868800 606.168000 90.000000 25.000000
V 409.428000 516.758400 90.000000 25.000000
V 752.832000 614.952000 90.000000 25.000000
V 214.041600 362.534400 90.000000 25.000000
V 288.705600 443.656800 77.387392 25.623668
V 332.258400 771.480000 90.000000 25.000000
V 624.780000 426.679200 90.000000 25.000000
V 257.817600 307.548000 90.000000 25.000000
V 638.402400 785.448000 70.933604 23.555655
V 152.481600 404.697600 90.000000 25.000000
V 124.452000 773.856000 90.000000 25.000000
V 226.778400 702.439200 90.000000 25.000000
V 549.892800 775.368000 90.000000 25.000000
V 798.480000 12.499920 90.000000 25.000000
V 585.453600 207.561600 55.305970 20.000000
V 527.191200 457.869600 89.436445 31.304824
E 0 22
E 1 13
E 5 2
E 8 3
E 9 3
E 18 3
E 26 3
E 3 30
E 4 10
E 4 16
E 33 5
E 6 27
E 22 7
E 8 13
E 8 20
E 8 33
E 10 31
E 23 11
E 20 12
E 15 13
E 14 22
E 16 32
E 16 33
E 19 17
E 17 23
E 29 17
E 19 18
E 19 22
E 33 19
E 21 22
E 25 22
E 27 22
E 33 24
E 28 29
G Hs_Kallmann_syndrome_WP5074_20260614 16 18
V 215.769600 472.773600 122.065728 37.986251
V 350.071200 636.516000 112.069081 36.586749
V 290.188800 23.226480 99.461087 42.263395
V 526.557600 18.000000 126.083713 35.958931
V 216.482400 718.675200 90.000000 36.772620
V 259.387200 242.582400 126.083713 41.868752
V 206.748000 124.876800 83.118889 41.355495
V 330.645600 89.949600 90.382088 35.000196
V 193.485600 349.869600 132.119718 38.950704
V 224.553600 597.117600 122.927885 36.772620
V 66.758400 325.303200 90.000000 25.000000
V 61.500240 881.352000 122.889455 24.949068
V 376.308000 190.555200 88.566289 37.723895
V 112.615200 778.752000 138.000000 53.500000
V 110.498400 659.059200 124.205391 40.605139
V 435.664800 69.591600 103.921881 41.868752
E 0 8
E 9 0
E 1 9
E 2 6
E 2 7
E 15 2
E 3 15
E 4 9
E 13 4
E 6 5
E 5 8
E 12 5
E 7 12
E 8 10
E 14 9
E 11 13
E 12 15
E 13 14
G Hs_Kennedy_pathway_from_sphingolipids_WP3933_20250311 31 38
V 407.491200 726.552000 93.796020 20.000000
V 568.029600 313.243200 34.250000 20.000000
V 356.486400 10.000080 80.000000 20.000000
V 277.984800 572.731200 80.000000 20.000000
V 592.624800 462.535200 80.000000 20.000000
V 177.012000 529.308000 108.000000 20.000000
V 495.835200 832.392000 90.810945 20.000000
V 616.730400 278.676000 46.250000 20.000000
V 360.237600 164.109600 181.172840 22.000000
V 462.384000 259.999200 181.172840 20.000000
V 524.030400 127.101600 34.250000 20.000000
V 322.992000 370.008000 80.000000 20.000000
V 312.487200 782.568000 80.000000 20.000000
V 572.479200 933.624000 80.000000 20.000000
V 236.095200 115.480800 80.000000 20.000000
V 291.268800 243.669600 144.750000 20.000000
V 598.363200 217.180800 95.194030 20.000000
V 451.504800 135.093600 95.194030 20.000000
V 224.424000 772.632000 80.000000 20.000000
V 230.817600 384.264000 80.000000 20.000000
V 150.703200 228.016800 80.000000 20.000000
V 556.027200 631.288800 80.000000 20.000000
V 160.092000 681.652800 80.000000 20.000000
V 177.451200 161.596800 80.000000 20.000000
V 40.000320 532.677600 80.000000 20.000000
V 568.648800 166.053600 80.000000 20.000000
V 428.558400 577.094400 158.962687 20.000000
V 339.739200 453.290400 80.000000 20.000000
V 354.693600 405.417600 81.000000 21.500000
V 464.205600 419.738400 122.000000 20.000000
V 302.608800 609.112800 80.000000 20.000000
E 6 0
E 0 12
U 18 0
E 0 26
U 9 1
E 2 8
E 5 3
E 26 3
E 4 29
E 5 19
E 22 5
E 24 5
U 30 5
E 13 6
E 7 9
E 8 9
E 15 8
E 9 10
E 9 15
E 9 16
U 17 9
E 25 9
E 29 9
E 19 11
E 29 11
E 22 12
E 14 15
E 19 15
U 20 15
E 15 23
U 18 22
U 27 19
U 28 19
E 21 26
E 26 29
U 30 26
U 27 29
U 28 29
G Hs_Kit_receptor_signaling_WP304_20250304 29 31
V 432.878400 10.758240 42.000000 20.000000
V 550.166400 116.373600 41.000000 20.000000
V 347.529600 150.120000 39.666667 20.000000
V 28.499760 131.889600 56.666667 20.000000
V 537.703200 76.219200 44.000000 20.000000
V 451.684800 53.104320 44.000000 20.000000
V 212.148000 226.425600 47.000000 20.000000
V 422.992800 123.098400 41.333333 20.000000
V 60.410880 67.544640 56.666667 20.000000
V 77.284800 103.845600 60.000000 20.000000
V 490.435200 10.000080 56.666667 20.000000
V 184.348800 140.414400 38.000000 20.000000
V 497.152800 140.292000 49.000000 20.000000
V 481.118400 95.760000 50.000000 20.000000
V 510.249600 38.008800 56.666667 20.000000
V 231.940800 168.422400 43.333333 20.000000
V 587.743200 68.291280 40.000000 20.000000
V 428.724000 199.893600 35.000000 20.000000
V 228.520800 272.080800 42.000000 20.000000
V 136.332000 121.888800 41.666667 20.000000
V 565.862400 40.282560 34.000000 20.000000
V 240.091200 197.287200 76.000000 20.000000
V 265.723200 232.257600 44.000000 20.000000
V 316.843200 220.672800 42.000000 20.000000
V 671.227200 125.668800 51.000000 20.000000
V 608.169600 98.683200 59.000000 20.000000
V 290.498400 169.257600 58.000000 20.000000
V 456.566400 168.321600 40.000000 20.000000
V 402.048000 151.106400 53.333333 20.000000
E 0 5
E 1 13
E 26 2
E 2 28
E 9 3
E 4 13
U 14 4
U 16 4
U 20 4
E 4 25
E 5 10
E 13 5
E 5 14
E 6 18
E 6 21
E 13 7
E 7 27
E 7 28
E 9 8
E 19 9
U 10 14
E 15 11
E 11 19
E 13 12
E 21 15
E 17 28
E 22 21
E 23 21
E 21 26
E 24 25
E 27 28
G Hs_Kleefstra_syndrome_WP5351_20240725 16 16
V 300.708000 271.591200 90.000000 25.000000
V 221.464800 167.392800 151.000000 25.000000
V 699.904800 63.172800 90.000000 25.000000
V 413.179200 214.228800 149.000000 25.000000
V 191.757600 327.708000 161.000000 25.000000
V 652.456800 315.561600 113.403909 25.000000
V 625.982400 12.499920 161.000000 25.000000
V 541.353600 242.424000 90.000000 25.000000
V 571.428000 121.341600 90.000000 25.000000
V 624.369600 154.346400 151.000000 25.000000
V 93.499200 392.652000 187.000000 25.000000
V 289.684800 400.528800 90.000000 25.000000
V 743.184000 394.574400 166.758958 25.000000
V 560.901600 362.937600 90.000000 25.000000
V 424.612800 291.765600 90.000000 25.000000
V 137.757600 82.864800 161.000000 25.000000
E 0 1
E 0 3
E 0 4
E 11 0
E 0 14
E 1 15
E 2 8
E 7 3
E 4 10
E 7 5
E 5 12
E 9 6
E 7 8
E 7 9
E 7 13
E 7 14
G Hs_Krebs_cycle_disorders_WP4236_20250306 33 39
V 463.557600 740.736000 90.000000 25.000000
V 844.704000 1234.656000 50.555556 25.000000
V 432.028800 396.475200 135.327731 25.000000
V 571.874400 434.361600 90.000000 25.000000
V 557.481600 1283.544000 90.000000 25.000000
V 468.864000 1047.888000 43.556999 25.000000
V 114.667200 324.979200 186.131687 33.211833
V 538.221600 295.315200 45.393447 25.000000
V 379.022400 289.087200 186.131687 33.211833
V 870.912000 1151.784000 45.830910 25.000000
V 233.575200 157.809600 90.000000 25.000000
V 475.430400 1415.376000 45.000000 25.000000
V 793.944000 936.360000 90.000000 25.000000
V 694.008000 540.928800 90.000000 25.000000
V 548.834400 927.648000 90.000000 25.000000
V 642.837600 1001.520000 90.000000 25.000000
V 343.368000 12.499920 170.726079 25.000000
V 664.524000 1303.128000 90.000000 25.000000
V 130.500000 417.369600 124.842433 35.317961
V 63.000000 128.923200 125.726079 25.000000
V 697.442400 1166.400000 90.000000 25.000000
V 274.312800 326.095200 116.541857 25.000000
V 535.140000 1088.424000 58.998564 25.000000
V 784.080000 1005.264000 45.000000 25.000000
V 403.027200 594.540000 157.984982 25.000000
V 844.056000 478.684800 56.000000 25.000000
V 695.606400 701.445600 90.000000 25.000000
V 605.160000 831.168000 90.000000 25.000000
V 156.693600 25.335360 186.131687 33.211833
V 594.813600 318.297600 48.000000 25.000000
V 490.312800 465.588000 56.705019 25.000000
V 768.672000 1298.592000 44.444670 25.000000
V 392.097600 478.800000 47.294981 25.000000
U 0 24
E 27 0
E 1 20
E 3 2
E 2 7
E 2 8
E 2 21
E 24 2
E 2 29
E 30 2
E 32 2
E 7 3
E 3 13
E 29 3
E 3 30
E 3 32
E 11 4
E 4 20
E 5 15
E 21 6
E 21 8
E 9 20
E 10 16
E 10 19
E 10 21
E 10 28
E 15 12
E 25 13
E 13 26
E 15 14
E 14 27
U 20 15
E 22 15
E 23 15
E 15 27
E 20 17
E 21 18
E 31 20
E 26 27
G Hs_Lactate_shuttle_in_glial_cells_WP5314_20251018 22 22
V 290.764800 525.952800 60.000000 20.000000
V 389.959200 132.012000 70.000000 20.000000
V 221.443200 116.092800 140.000000 20.000000
V 357.832800 423.417600 60.000000 20.000000
V 461.505600 487.238400 60.000000 20.000000
V 115.675200 87.271200 120.000000 20.000000
V 232.358400 10.000080 60.000000 20.000000
V 449.121600 219.988800 70.000000 20.000000
V 300.924000 200.995200 140.000000 20.000000
V 464.234400 307.497600 40.000000 20.000000
V 61.786080 726.192000 62.083333 20.000000
V 198.424800 582.084000 60.000000 20.000000
V 363.247200 301.053600 60.000000 20.000000
V 339.328800 628.264800 50.000000 20.000000
V 393.487200 508.327200 60.000000 20.000000
V 560.253600 198.993600 68.000000 20.000000
V 464.580000 426.679200 60.000000 20.000000
V 442.944000 37.792080 60.000000 20.000000
V 130.327200 656.791200 60.000000 20.000000
V 261.280800 418.442400 60.000000 20.000000
V 201.240000 228.996000 50.000000 20.000000
V 30.000240 33.791760 60.000000 20.000000
U 3 0
E 0 11
E 0 13
E 7 1
E 8 1
U 1 17
E 2 5
E 6 2
E 2 8
E 4 3
U 3 12
E 14 3
E 16 3
E 19 3
E 5 21
E 12 7
E 15 7
E 12 8
E 20 8
E 9 12
E 10 18
E 18 11
G Hs_Lacto_series_sphingolipid_metabolism_WP5303_20250719 15 14
V 272.426400 12.499920 90.000000 25.000000
V 355.881600 608.623200 90.000000 25.000000
V 642.290400 418.140000 100.000000 25.000000
V 261.439200 575.625600 90.000000 25.000000
V 369.208800 292.860000 90.000000 25.000000
V 522.698400 525.513600 100.000000 25.000000
V 570.117600 689.904000 100.000000 25.000000
V 45.000000 380.937600 90.000000 25.000000
V 178.696800 458.236800 170.000000 25.000000
V 483.357600 16.489440 90.000000 25.000000
V 375.890400 131.407200 90.000000 25.000000
V 52.195680 569.476800 90.000000 25.000000
V 676.425600 546.652800 100.000000 25.000000
V 636.883200 827.064000 90.000000 25.000000
V 355.968000 458.935200 90.000000 25.000000
E 0 10
E 14 1
E 5 2
E 3 14
E 10 4
E 4 14
E 5 6
E 5 12
E 14 5
E 6 13
E 7 8
E 8 11
E 14 8
E 9 10
G Hs_Leptin_signaling_WP2034_20250306 15 14
V 20.000160 212.299200 40.000000 20.000000
V 243.259200 117.532800 40.000000 20.000000
V 75.506400 216.302400 40.000000 20.000000
V 386.632800 38.013840 54.956932 20.000000
V 197.474400 266.299200 51.590842 20.000000
V 147.938400 300.355200 46.000000 20.000000
V 191.700000 135.648000 40.000000 20.000000
V 445.615200 10.000080 50.117802 20.000000
V 93.686400 272.318400 48.770666 20.000000
V 284.889600 89.517600 40.000000 20.000000
V 331.099200 61.518240 40.000000 20.000000
V 157.442400 87.372000 39.268788 20.000000
V 166.953600 187.603200 51.965057 20.000000
V 133.812000 238.089600 59.648155 20.000000
V 158.104800 355.896000 46.913416 20.000000
E 0 2
E 6 1
E 1 9
E 13 2
E 3 7
E 10 3
E 13 4
E 13 5
E 14 5
E 11 6
E 12 6
E 13 8
E 9 10
E 12 13
G Hs_Linoleic_acid_metabolism_affected_by_SARS-CoV-2_WP4853_20240211 27 31
V 1000.584000 12.499920 209.859053 25.095679
V 1292.040000 385.358400 110.619338 25.000000
V 530.618400 401.666400 195.462963 32.175926
V 1197.432000 753.552000 90.000000 25.000000
V 933.624000 247.975200 90.000000 25.000000
V 1209.816000 34.353360 191.578947 29.973684
V 1254.600000 312.840000 144.757101 25.000000
V 721.152000 404.287200 169.578947 38.426089
V 1081.800000 474.516000 191.578947 29.973684
V 1516.032000 53.365680 51.829146 18.500000
V 1117.296000 211.528800 120.000000 25.000000
V 45.000000 402.192000 90.000000 36.601852
V 1665.360000 357.537600 50.500000 18.500000
V 1005.696000 315.216000 90.000000 25.000000
V 1320.192000 583.070400 138.260188 35.092054
V 1449.072000 232.207200 143.757101 25.000000
V 1618.848000 163.742400 191.578947 29.973684
V 963.288000 624.902400 112.736234 29.500000
V 1118.664000 653.767200 135.000000 20.666969
V 365.025600 392.637600 120.000000 30.000000
V 1616.112000 501.847200 191.578947 29.973684
V 932.112000 187.027200 90.000000 25.000000
V 1485.792000 377.056800 181.862237 25.000000
V 203.868000 390.837600 90.000000 25.000000
V 910.224000 386.150400 191.578947 29.973684
V 1295.640000 722.664000 90.000000 25.000000
V 1281.888000 122.220000 51.829146 18.500000
E 0 10
E 10 1
E 1 14
E 22 1
E 2 7
E 19 2
E 14 3
E 3 18
E 4 10
E 24 4
E 5 10
E 8 6
E 6 15
E 26 6
E 7 24
E 17 8
E 8 18
E 24 8
E 9 15
E 13 10
E 21 10
E 11 23
E 12 22
E 24 13
E 14 25
E 15 16
E 15 22
E 25 18
E 23 19
E 22 20
E 24 21
G Hs_Linoleic_acid_oxylipin_metabolism_WP5137_20260617 17 19
V 412.430400 404.344800 180.000000 35.000000
V 469.195200 722.520000 90.000000 25.000000
V 331.005600 228.607200 180.000000 25.000000
V 218.498400 715.320000 180.000000 25.000000
V 228.204000 114.746400 180.000000 25.000000
V 261.964800 481.240800 90.000000 25.000000
V 419.673600 113.572800 180.000000 25.000000
V 573.760800 414.324000 90.000000 25.000000
V 697.298400 173.332800 180.000000 25.000000
V 341.301600 26.673120 180.000000 25.000000
V 355.557600 591.674400 180.000000 25.000000
V 233.438400 388.454400 141.439597 23.318792
V 533.923200 558.669600 180.000000 25.000000
V 696.492000 640.296000 180.000000 25.000000
V 529.380000 252.093600 180.000000 25.000000
V 90.000000 12.499920 180.000000 25.000000
V 844.920000 92.700000 180.000000 25.000000
E 0 2
E 5 0
E 7 0
E 0 10
E 11 0
E 0 12
E 0 14
E 1 10
E 1 12
E 2 4
E 2 6
E 2 9
E 10 3
E 4 6
E 4 15
E 14 6
E 14 8
E 8 16
E 12 13
G Hs_Lipid_metabolism_pathway_WP3965_20250307 26 25
V 874.080000 87.480000 55.000000 25.000000
V 832.032000 169.884000 80.000000 20.000000
V 184.068000 237.376800 60.000000 25.000000
V 320.464800 444.729600 60.000000 20.000000
V 435.520800 467.200800 80.000000 20.000000
V 350.049600 349.466400 90.000000 25.000000
V 93.333600 264.700800 60.000000 20.000000
V 651.060000 335.685600 92.407500 33.447500
V 104.155200 69.446160 90.000000 25.000000
V 154.137600 144.705600 106.233763 25.000000
V 289.533600 222.588000 80.000000 20.000000
V 549.079200 246.931200 112.357481 37.857500
V 875.016000 481.658400 54.691924 25.000000
V 910.080000 273.866400 40.000000 25.000000
V 448.826400 363.312000 90.000000 25.000000
V 552.045600 339.724800 90.000000 25.000000
V 748.080000 344.714400 40.000000 25.000000
V 129.384000 456.127200 80.000000 20.000000
V 574.538400 430.538400 182.392500 37.857500
V 795.816000 535.363200 80.000000 20.000000
V 792.288000 438.523200 80.000000 20.000000
V 40.000320 10.000080 80.000000 20.000000
V 1001.088000 270.972000 123.313152 25.000000
V 258.861600 306.475200 106.233763 25.000000
V 193.536000 384.523200 90.000000 25.000000
V 814.824000 266.169600 40.000000 25.000000
E 0 1
E 1 25
E 6 2
E 9 2
E 2 23
E 3 5
E 4 14
E 5 14
E 23 5
E 15 7
E 7 16
E 8 9
E 21 8
E 10 23
E 15 11
E 12 20
E 13 22
E 25 13
E 14 15
E 15 18
E 20 16
E 16 25
E 17 24
E 19 20
E 24 23
G Hs_LncRNA-like_NMRK2_in_translocation_renal_cell_carcinoma_WP5519_20251031 17 17
V 303.487200 208.641600 60.000000 20.000000
V 481.435200 19.046160 50.000000 20.000000
V 312.544800 52.842960 60.000000 20.000000
V 458.020800 278.510400 40.000000 20.000000
V 734.544000 412.128000 70.000000 20.000000
V 256.320000 128.887200 60.000000 20.000000
V 30.000240 13.967280 60.000000 20.000000
V 546.033600 248.313600 120.000000 25.000000
V 179.647200 82.195200 60.000000 20.000000
V 608.176800 309.981600 40.000000 20.000000
V 669.175200 365.205600 70.000000 20.000000
V 191.908800 192.765600 60.000000 20.000000
V 102.758400 49.105440 60.000000 20.000000
V 369.763200 267.660000 70.000000 50.000000
V 552.686400 74.412000 50.000000 20.000000
V 578.174400 160.358400 40.000000 20.000000
V 391.752000 10.000080 60.000000 20.000000
E 5 0
E 0 13
E 1 14
E 16 1
E 5 2
E 2 16
E 3 7
E 13 3
E 4 10
E 5 8
E 5 11
E 6 12
E 9 7
E 15 7
E 12 8
E 10 9
E 14 15
G Hs_Lung_fibrosis_WP3624_20250311 18 17
V 175.478400 484.142400 80.000000 20.000000
V 297.187200 276.328800 80.000000 20.000000
V 56.168640 502.408800 80.000000 20.000000
V 276.120000 516.081600 79.842175 20.000000
V 355.622400 507.117600 63.500000 30.500000
V 189.914400 287.532000 103.500000 41.500000
V 96.616800 106.020000 51.000000 21.000000
V 425.066400 456.472800 80.000000 20.000000
V 413.431200 72.396000 79.842175 21.228536
V 508.154400 126.144000 80.000000 20.000000
V 292.924800 178.560000 80.000000 20.000000
V 186.516000 186.170400 103.500000 41.500000
V 27.000000 16.999920 53.500000 33.500000
V 296.373600 411.112800 77.249086 20.000000
V 532.886400 230.932800 80.000000 20.000000
V 516.067200 540.943200 45.500000 19.500000
V 413.431200 201.261600 80.000000 20.000000
V 147.355200 608.688000 80.000000 20.000000
U 0 2
U 13 0
U 0 17
U 5 1
U 1 10
U 11 1
U 1 13
U 1 16
U 13 3
U 4 13
E 6 11
E 12 6
U 7 13
E 15 7
U 16 8
U 16 9
U 16 14
G Hs_MECP2_and_associated_Rett_syndrome_WP3584_20250311 22 24
V 81.410400 141.660000 80.000000 20.000000
V 645.415200 166.809600 80.000000 20.000000
V 213.552000 238.831200 115.730073 63.845373
V 59.603760 266.184000 80.000000 20.000000
V 311.083200 182.160000 80.000000 20.000000
V 496.159200 323.229600 80.000000 20.000000
V 61.758000 494.676000 80.000000 20.000000
V 322.214400 655.358400 80.000000 20.000000
V 121.557600 102.672000 80.000000 20.000000
V 209.584800 84.650400 80.000000 20.000000
V 509.148000 139.723200 80.000000 20.000000
V 59.151600 196.538400 80.000000 20.000000
V 563.407200 10.000080 80.000000 20.000000
V 150.566400 379.591200 80.000000 20.000000
V 40.000320 741.672000 80.000000 20.000000
V 241.740000 398.599200 80.000000 20.000000
V 297.201600 112.658400 80.000000 20.000000
V 326.433600 295.279200 80.000000 20.000000
V 231.134400 549.540000 80.000000 20.000000
V 105.775200 625.262400 80.000000 20.000000
V 133.516800 294.184800 80.000000 20.000000
V 388.879200 227.743200 80.000000 20.000000
E 0 2
E 10 1
E 2 3
U 4 2
E 2 8
E 2 9
E 11 2
E 2 13
E 15 2
E 2 16
E 2 17
E 20 2
E 2 21
E 21 5
E 6 13
E 19 6
E 7 18
E 12 10
E 21 10
E 15 13
E 14 19
E 15 18
E 21 17
E 18 19
G Hs_MET_in_type_1_papillary_renal_cell_carcinoma_WP4205_20260303 18 18
V 24.999840 260.604000 50.000000 20.000000
V 404.985600 311.443200 70.000000 20.000000
V 185.673600 425.923200 50.000000 20.000000
V 146.433600 512.179200 70.000000 20.000000
V 211.449600 327.160800 50.000000 20.000000
V 353.714400 143.316000 70.000000 20.000000
V 390.679200 10.000080 61.203704 20.000000
V 482.990400 306.295200 70.000000 20.000000
V 621.453600 441.900000 70.000000 20.000000
V 405.136800 107.568000 61.203704 20.000000
V 323.020800 196.452000 70.000000 20.000000
V 116.575200 286.473600 50.000000 20.000000
V 600.955200 152.049600 61.203704 20.000000
V 552.060000 378.907200 70.000000 20.000000
V 407.289600 224.380800 70.000000 30.000000
V 464.680800 159.638400 70.000000 20.000000
V 513.230400 203.011200 53.101852 20.000000
V 307.605600 284.724000 70.000000 20.000000
E 11 0
E 1 14
E 2 3
E 4 2
E 4 11
E 17 4
E 9 5
E 14 5
E 9 6
E 7 13
E 14 7
E 13 8
E 14 9
E 14 10
E 16 12
E 14 15
E 14 16
E 14 17
G Hs_MTHFR_deficiency_WP4288_20250725 32 34
V 906.696000 397.569600 90.000000 25.000000
V 1523.088000 344.109600 133.175538 48.908752
V 347.889600 45.690480 90.000000 25.000000
V 295.092000 429.249600 90.000000 25.000000
V 1354.968000 350.690400 187.223092 25.000000
V 170.503200 12.499920 340.598520 25.000000
V 554.097600 104.983200 145.419519 25.000000
V 471.168000 228.916800 133.443534 25.000000
V 209.937600 112.089600 282.598520 32.624981
V 1095.912000 320.450400 145.223092 25.000000
V 1450.800000 461.772000 90.000000 25.000000
V 416.548800 128.548800 114.443534 25.000000
V 1242.072000 317.390400 130.746455 25.000000
V 572.457600 161.467200 90.000000 25.000000
V 1047.456000 494.978400 196.418346 25.000000
V 1108.512000 204.134400 146.009854 25.000000
V 1025.208000 379.958400 130.746455 25.000000
V 775.584000 379.497600 156.000000 25.000000
V 614.311200 275.904000 90.000000 25.000000
V 896.328000 521.380800 90.000000 25.000000
V 325.432800 332.352000 180.129436 25.000000
V 1434.384000 576.792000 90.000000 25.000000
V 1538.496000 148.996800 90.000000 25.000000
V 119.498400 152.416800 90.000000 25.000000
V 1574.784000 423.482400 136.612935 25.000000
V 514.195200 329.299200 180.129436 25.000000
V 707.904000 312.235200 90.000000 25.000000
V 345.945600 197.402400 90.000000 25.000000
V 1262.520000 198.338400 146.009854 25.000000
V 1457.280000 235.684800 235.000000 25.000000
V 1538.064000 541.548000 90.000000 25.000000
V 749.160000 497.052000 90.000000 25.000000
U 0 16
E 0 17
E 19 0
E 4 1
E 24 1
E 2 8
E 11 2
E 3 20
E 4 10
E 12 4
E 29 4
E 8 5
E 7 6
E 7 11
E 13 7
E 18 7
E 7 20
E 25 7
E 27 7
E 23 8
E 8 27
E 9 12
E 15 9
E 16 9
E 10 21
E 10 24
E 30 10
E 28 12
E 14 16
E 17 26
E 31 17
U 26 18
E 20 25
E 22 29
G Hs_Macrophage-stimulating_protein_(MSP)_signaling_WP5353_20240729 16 15
V 139.939200 517.428000 76.666445 30.000000
V 240.782400 612.532800 56.253443 30.000000
V 191.138400 14.999760 86.000000 30.000000
V 220.708800 712.231200 86.000000 30.000000
V 358.092000 531.129600 74.598782 30.000000
V 253.094400 499.068000 90.000000 30.000000
V 164.952000 459.907200 87.538756 30.000000
V 173.563200 194.234400 86.000000 30.000000
V 42.999840 63.737280 86.000000 30.000000
V 316.677600 425.102400 77.577920 30.000000
V 225.741600 385.948800 86.000000 30.000000
V 137.642400 101.743200 98.831031 30.000000
V 362.102400 468.151200 63.478978 30.000000
V 316.879200 578.923200 59.367019 30.000000
V 177.832800 567.000000 75.707940 30.000000
V 201.830400 287.013600 86.000000 30.000000
E 5 0
E 1 3
E 5 1
E 11 2
E 5 4
E 5 6
E 5 9
E 5 10
E 5 12
E 5 13
E 5 14
E 7 11
E 15 7
E 11 8
E 10 15
G Hs_Malate-aspartate_shuttle_WP4315_20240728 15 16
V 807.408000 665.676000 79.000258 25.000000
V 329.320800 12.499920 60.000000 25.000000
V 431.892000 422.928000 90.000000 25.000000
V 820.656000 818.712000 89.754607 25.000000
V 565.761600 495.187200 89.754607 25.000000
V 40.000320 386.546400 80.000000 54.625886
V 131.659200 126.748800 80.000000 54.640936
V 687.621600 575.834400 79.000258 25.000000
V 283.593600 162.036000 90.000000 25.000000
V 56.142720 277.113600 90.000000 25.000000
V 287.863200 502.077600 60.000000 25.000000
V 412.545600 261.655200 90.000000 25.000000
V 955.368000 625.572000 60.000000 25.000000
V 156.650400 251.035200 95.000000 25.000000
V 140.767200 447.256800 95.000000 25.000000
E 0 3
E 7 0
E 12 0
E 1 8
E 2 4
E 10 2
E 11 2
E 4 7
E 13 5
E 5 14
E 6 8
E 9 6
E 8 11
E 8 13
E 14 9
E 10 14
G Hs_Mammalian_disorder_of_sexual_development_WP4842_20241120 15 14
V 234.741600 407.124000 60.000000 20.000000
V 328.788000 470.908800 60.000000 20.000000
V 306.475200 103.384800 90.000000 20.000000
V 30.000240 461.815200 60.000000 20.000000
V 280.828800 200.750400 60.000000 20.000000
V 181.807200 490.312800 60.000000 20.000000
V 258.048000 298.425600 40.000000 25.000000
V 410.601600 86.947200 40.000000 20.000000
V 222.933600 39.339360 60.000000 20.000000
V 331.221600 10.000080 60.000000 20.000000
V 158.976000 349.725600 60.000000 20.000000
V 123.300000 426.902400 60.000000 20.000000
V 326.095200 386.200800 60.000000 20.000000
V 403.092000 537.328800 60.000000 20.000000
V 249.811200 505.490400 60.000000 20.000000
E 0 1
E 5 0
E 0 6
E 10 0
E 11 0
E 12 0
E 14 0
E 1 13
E 2 4
E 2 7
E 8 2
E 9 2
E 3 11
E 6 4
G Hs_Mammary_gland_development:_embryonic_development_-_stage_1_of_4_WP2813_20250311 17 16
V 40.299120 333.100800 50.000000 20.000000
V 364.248000 467.856000 50.000000 20.000000
V 139.521600 223.840800 45.000000 18.000000
V 107.395200 538.279200 50.000000 20.000000
V 250.624800 531.720000 110.000000 18.000000
V 76.845600 468.410400 50.000000 20.000000
V 216.936000 383.140800 45.000000 18.000000
V 396.072000 328.291200 50.000000 20.000000
V 72.100800 263.253600 50.000000 20.000000
V 355.147200 254.743200 80.000000 18.000000
V 242.388000 173.966400 45.000000 18.000000
V 24.999840 412.488000 50.000000 20.000000
V 412.322400 408.391200 50.000000 20.000000
V 336.132000 546.192000 45.000000 18.000000
V 188.301600 574.646400 50.000000 20.000000
V 260.784000 267.573600 45.000000 18.000000
V 290.217600 9.000000 96.500000 18.000000
E 6 0
E 6 1
E 2 6
E 6 3
E 6 4
E 6 5
E 6 7
E 6 8
E 9 6
E 10 6
E 6 11
E 6 12
E 13 6
E 6 14
E 15 6
E 16 10
G Hs_Melatonin_metabolism_and_effects_WP3298_20250311 37 38
V 663.472800 122.616000 60.000000 20.000000
V 705.556800 565.502400 80.000000 20.000000
V 729.144000 469.900800 80.000000 20.000000
V 325.195200 636.753600 60.000000 20.000000
V 741.960000 818.568000 80.000000 20.000000
V 619.372800 769.824000 104.000000 20.000000
V 696.384000 16.500240 173.630252 33.109244
V 606.564000 354.772800 60.000000 20.000000
V 771.336000 365.227200 130.000000 20.000000
V 627.552000 587.332800 60.000000 20.000000
V 509.875200 555.854400 80.000000 20.000000
V 497.390400 642.484800 60.000000 20.000000
V 630.295200 233.978400 60.000000 20.000000
V 855.648000 437.263200 60.000000 20.000000
V 831.312000 665.179200 60.000000 20.000000
V 717.192000 604.310400 102.625000 20.000000
V 495.583200 981.432000 60.000000 20.000000
V 626.961600 1000.080000 60.000000 20.000000
V 571.759200 890.424000 80.000000 20.000000
V 580.233600 622.476000 80.000000 20.000000
V 140.745600 250.948800 51.050000 20.000000
V 454.298400 410.846400 60.000000 20.000000
V 621.439200 488.469600 60.000000 20.000000
V 388.972800 788.688000 91.000000 20.000000
V 334.058400 722.304000 106.250000 20.000000
V 553.384800 493.351200 60.000000 20.000000
V 679.795200 860.184000 60.000000 20.000000
V 242.532000 297.777600 60.000000 20.000000
V 471.276000 583.920000 60.000000 20.000000
V 347.068800 349.905600 60.000000 20.000000
V 598.845600 703.468800 60.000000 20.000000
V 40.000320 209.628000 80.000000 20.000000
V 442.922400 678.830400 101.000000 20.000000
V 968.256000 401.860800 60.000000 20.000000
V 666.885600 682.214400 60.000000 20.000000
V 834.192000 601.502400 60.000000 20.000000
V 530.697600 709.142400 60.000000 20.000000
E 0 6
E 12 0
E 2 1
E 19 1
E 35 1
E 2 8
E 13 2
E 15 2
E 25 2
E 3 32
E 5 4
E 5 18
E 19 5
E 5 26
E 7 12
E 22 7
E 9 19
E 10 19
E 11 19
E 33 13
E 14 15
E 19 15
E 18 16
E 18 17
E 19 22
E 19 25
E 28 19
E 19 30
E 19 32
E 34 19
E 36 19
E 20 27
E 31 20
E 21 25
E 29 21
E 23 32
E 32 24
E 27 29
G Hs_Metabolism_of_alpha-linolenic_acid_WP4586_20240727 16 16
V 203.810400 94.096800 90.000000 25.000000
V 526.305600 536.450400 60.000000 25.000000
V 420.177600 300.528000 111.213152 25.000000
V 471.801600 426.981600 60.000000 25.000000
V 126.655200 346.593600 110.000000 25.000000
V 37.270080 201.679200 60.000000 25.000000
V 162.540000 222.040800 60.000000 25.000000
V 418.147200 50.391360 90.000000 25.000000
V 84.657600 118.692000 60.000000 25.000000
V 448.905600 170.445600 90.000000 25.000000
V 287.042400 273.823200 90.000000 25.000000
V 368.100000 412.135200 110.000000 25.000000
V 538.833600 244.411200 202.947429 25.000000
V 55.000080 297.187200 110.000000 24.291383
V 538.689600 331.797600 110.000000 25.000000
V 296.985600 12.499920 90.000000 25.000000
E 6 0
E 0 15
E 3 1
E 2 3
E 2 9
E 2 10
E 11 2
E 12 2
E 14 2
E 4 6
E 6 5
E 6 8
E 10 6
E 13 6
E 9 7
E 7 15
G Hs_Metabolism_of_dichloroethylene_by_CYP450_WP3666_20250308 16 15
V 1066.968000 837.144000 261.043372 41.500000
V 1184.760000 387.561600 166.843203 30.500000
V 400.039200 21.000240 190.500000 41.500000
V 130.500000 400.132800 261.043372 41.500000
V 1222.848000 638.049600 261.043372 41.500000
V 413.380800 1017.000000 190.500000 41.500000
V 611.460000 293.925600 72.000000 29.500000
V 652.363200 505.310400 127.500000 41.500000
V 959.688000 585.561600 190.500000 41.500000
V 782.712000 220.392000 72.000000 29.500000
V 259.070400 841.824000 166.843203 30.500000
V 183.312000 152.452800 166.843203 30.500000
V 841.896000 395.193600 72.000000 29.500000
V 392.299200 320.752800 190.500000 41.500000
V 646.905600 1022.688000 261.043372 41.500000
V 528.156000 771.120000 190.500000 41.500000
E 8 0
E 1 8
E 13 2
E 13 3
E 8 4
E 15 5
E 6 7
E 7 8
E 9 7
E 12 7
E 7 13
E 7 15
E 10 15
E 11 13
E 15 14
G Hs_Methionine_metabolism_leading_to_sulfur_amino_acids_and_related_disorders_WP4292_20250622 34 34
V 801.576000 207.662400 90.000000 25.000000
V 1106.640000 75.175200 90.000000 25.000000
V 284.896800 204.616800 170.000000 25.000000
V 278.251200 621.381600 90.000000 25.000000
V 903.816000 424.663200 142.205346 25.000000
V 41.238000 214.149600 62.164179 25.000000
V 465.573600 143.481600 53.037812 30.809775
V 664.560000 276.271200 170.000000 25.000000
V 333.324000 59.372640 170.000000 25.000000
V 513.446400 219.146400 74.688140 37.790966
V 168.019200 586.044000 62.164179 25.000000
V 784.800000 404.632800 79.569507 25.488802
V 807.768000 309.297600 194.305556 25.000000
V 405.295200 281.088000 170.000000 25.000000
V 569.253600 434.224800 90.000000 25.000000
V 422.899200 188.704800 90.000000 25.000000
V 1011.456000 12.499920 90.000000 25.000000
V 290.397600 359.452800 170.000000 25.000000
V 555.645600 314.121600 170.000000 25.000000
V 1129.320000 193.716000 99.987212 24.008951
V 904.248000 551.505600 90.000000 25.000000
V 685.915200 150.350400 72.960498 24.027866
V 117.885600 383.076000 90.000000 25.000000
V 938.160000 229.838400 166.506683 25.000000
V 61.832880 341.539200 90.000000 25.000000
V 183.038400 282.506400 170.000000 20.500000
V 319.586400 458.827200 90.000000 25.000000
V 250.840800 497.880000 90.000000 25.000000
V 1014.984000 140.392800 90.000000 25.000000
V 432.590400 378.158400 90.000000 25.000000
V 1006.848000 476.676000 90.000000 25.000000
V 205.401600 97.408800 76.651366 35.022752
V 106.351200 162.144000 170.568942 63.307229
V 45.000000 273.211200 90.000000 25.000000
E 0 12
E 28 1
E 2 8
E 13 2
E 2 25
E 2 31
E 27 3
E 12 4
E 4 20
E 30 4
E 5 25
E 6 13
E 7 12
E 18 7
E 21 7
E 13 9
E 10 27
E 11 12
E 12 23
E 15 13
E 17 13
E 13 18
E 29 13
E 14 18
E 16 28
E 25 17
E 26 17
E 17 27
E 28 19
E 22 25
E 23 28
E 25 24
E 25 32
E 33 25
G Hs_Mevalonate_arm_of_cholesterol_biosynthesis_pathway_with_inhibitors_WP4189_20250304 27 35
V 424.605600 307.972800 90.000000 25.000000
V 577.087200 216.172800 106.000000 25.000000
V 298.742400 287.690400 104.000000 25.000000
V 45.000000 932.760000 90.000000 25.000000
V 326.952000 222.580800 90.000000 25.000000
V 368.503200 607.651200 90.000000 25.000000
V 455.846400 105.523200 127.000000 25.000000
V 502.228800 552.859200 90.000000 25.000000
V 536.076000 164.030400 90.000000 25.000000
V 431.143200 12.499920 154.904621 25.000000
V 383.594400 152.769600 90.000000 25.000000
V 148.557600 788.760000 90.000000 25.000000
V 471.074400 213.350400 90.000000 25.000000
V 408.312000 513.799200 90.000000 25.000000
V 276.487200 650.894400 90.000000 25.000000
V 97.740000 862.848000 90.000000 25.000000
V 529.984800 430.077600 90.000000 25.000000
V 265.392000 733.896000 90.000000 25.000000
V 403.804800 255.600000 90.000000 25.000000
V 442.872000 684.050400 90.000000 25.000000
V 748.368000 142.372800 160.634399 25.000000
V 431.906400 412.740000 90.000000 25.000000
V 665.632800 178.488000 90.000000 25.000000
V 189.878400 699.724800 227.657407 25.000000
V 326.541600 335.210400 90.000000 25.000000
V 99.676800 663.768000 110.000000 25.000000
V 512.172000 752.616000 176.851852 25.000000
E 0 2
E 4 0
E 0 12
E 0 18
E 21 0
E 24 0
E 8 1
E 12 1
E 1 22
E 4 2
E 2 18
E 24 2
E 3 15
U 4 10
E 4 18
E 5 13
E 14 5
E 19 5
E 6 9
E 12 6
E 7 13
E 8 12
E 10 12
E 15 11
E 11 23
E 18 12
E 13 21
E 17 14
E 23 14
E 16 21
E 17 23
E 24 18
E 26 19
E 22 20
E 25 23
G Hs_Mevalonate_pathway_WP3963_20230202 18 17
V 452.044800 305.568000 175.000000 25.000000
V 436.600800 201.312000 175.000000 25.000000
V 43.500240 713.001600 86.830935 25.000000
V 533.628000 459.064800 85.032374 25.000000
V 584.553600 318.276000 74.241007 25.000000
V 113.630400 648.684000 96.607273 25.000000
V 543.715200 12.499920 116.780332 25.000000
V 86.436000 506.102400 70.643885 25.000000
V 417.787200 24.575760 117.567477 25.000000
V 443.390400 575.719200 52.658273 25.000000
V 473.407200 107.582400 175.000000 25.000000
V 168.314400 563.810400 127.500000 25.000000
V 432.158400 408.672000 175.000000 25.000000
V 285.832800 549.820800 92.226619 25.000000
V 337.024800 165.319200 68.845324 25.000000
V 371.217600 493.214400 98.326342 25.000000
V 631.965600 91.404000 125.696786 25.000000
V 310.636800 653.198400 70.643885 25.000000
E 0 1
E 4 0
E 12 0
E 1 10
E 14 1
E 2 5
E 3 12
E 5 11
E 10 6
E 7 11
E 10 8
E 9 15
E 10 16
E 11 13
E 15 12
E 13 15
E 17 13
G Hs_Microtubule_cytoskeleton_regulation_WP2038_20250308 24 23
V 82.195200 262.663200 60.000000 20.000000
V 333.921600 338.047200 60.000000 20.000000
V 194.976000 339.609600 60.000000 20.000000
V 30.000240 534.578400 60.000000 20.000000
V 150.328800 264.189600 60.000000 20.000000
V 128.491200 71.322480 60.000000 20.000000
V 60.397920 132.631200 60.000000 20.000000
V 218.340000 262.814400 60.000000 20.000000
V 99.878400 525.290400 60.000000 20.000000
V 122.695200 590.371200 60.000000 20.000000
V 337.384800 174.556800 60.000000 20.000000
V 178.624800 196.992000 60.000000 20.000000
V 105.062400 10.000080 60.000000 20.000000
V 139.946400 717.120000 60.000000 20.000000
V 410.256000 176.731200 60.000000 20.000000
V 131.335200 140.457600 40.000000 20.000000
V 357.573600 110.620800 60.000000 20.000000
V 270.698400 299.548800 80.000000 20.000000
V 282.859200 223.430400 60.000000 20.000000
V 153.223200 399.124800 60.000000 20.000000
V 131.284800 654.602400 60.000000 20.000000
V 128.102400 462.708000 60.000000 20.000000
V 346.766400 252.309600 60.000000 20.000000
V 243.187200 388.843200 60.000000 20.000000
E 0 4
E 1 17
E 7 2
E 19 2
E 23 2
E 3 8
E 4 7
E 12 5
E 5 15
E 6 15
E 11 7
E 17 7
E 7 18
E 8 9
E 8 21
E 20 9
E 10 14
E 10 16
E 18 10
E 15 11
E 20 13
E 18 22
E 21 19
G Hs_Mineralocorticoid_biosynthesis_WP5279_20240723 31 30
V 1441.944000 763.920000 90.000000 25.000000
V 590.004000 742.536000 326.841537 25.000000
V 684.720000 1359.792000 229.579232 25.000000
V 863.640000 1162.656000 229.579232 25.000000
V 1122.480000 12.499920 149.881291 25.000000
V 336.592800 705.225600 383.838720 25.000000
V 575.438400 1176.768000 229.579232 25.000000
V 876.528000 737.496000 229.579232 25.000000
V 893.520000 448.020000 90.000000 25.000000
V 1126.008000 837.648000 90.000000 25.000000
V 1762.200000 720.360000 90.000000 25.000000
V 1339.128000 971.208000 229.579232 25.000000
V 1137.240000 1514.736000 229.579232 25.000000
V 1496.808000 1175.616000 229.579232 25.000000
V 1092.168000 1137.384000 90.000000 25.000000
V 1677.312000 1339.416000 229.579232 25.000000
V 1022.256000 592.041600 90.000000 25.000000
V 163.497600 536.356800 326.841537 25.000000
V 1041.480000 1281.600000 229.579232 25.000000
V 728.640000 642.650400 90.000000 25.000000
V 896.040000 1482.768000 90.000000 25.000000
V 682.257600 309.376800 229.579232 25.000000
V 1021.536000 984.816000 143.459916 25.000000
V 1182.096000 1033.488000 90.000000 25.000000
V 1143.576000 1752.696000 90.000000 25.000000
V 841.824000 228.729600 90.000000 25.000000
V 1061.280000 243.561600 167.284236 25.000000
V 119.692800 816.336000 90.000000 25.000000
V 803.088000 1037.448000 229.579232 25.000000
V 1588.752000 901.656000 90.000000 25.000000
V 1818.000000 976.536000 173.464736 37.702565
E 0 11
E 1 5
E 7 1
E 3 2
E 22 3
E 26 4
E 5 17
E 27 5
E 28 6
E 7 8
E 16 7
E 19 7
E 22 7
E 8 21
E 25 8
E 8 26
E 9 22
E 10 29
E 11 13
E 11 22
E 29 11
E 18 12
E 12 24
E 13 15
E 14 22
E 20 18
E 18 22
E 23 22
E 22 28
E 30 29
G Hs_Mitochondrial_carrier_deficiency_associated_with_shuttle_disturbances_WP5507_20251001 15 17
V 34.999920 249.638400 70.000000 20.000000
V 143.208000 261.273600 70.000000 20.000000
V 331.574400 184.428000 90.000000 20.000000
V 102.664800 365.961600 24.049946 20.000000
V 167.745600 370.267200 70.000000 20.000000
V 312.602400 369.252000 60.000000 20.000000
V 272.383200 98.272800 82.000000 20.000000
V 372.722400 87.436800 90.000000 20.000000
V 59.160960 185.025600 70.000000 20.000000
V 115.754400 155.318400 60.000000 20.000000
V 434.671200 10.000080 200.584800 20.000000
V 51.314400 318.621600 26.749910 20.000000
V 243.568800 205.732800 70.000000 20.000000
V 352.036800 271.879200 60.000000 20.000000
V 250.869600 273.549600 70.000000 20.000000
E 0 1
E 1 3
E 4 1
E 8 1
E 1 9
U 11 1
U 12 1
E 1 14
E 2 7
E 12 2
E 14 2
E 5 14
E 6 7
E 12 6
E 7 10
E 13 12
E 12 14
G Hs_Mitochondrial_complex_I_inhibition_leading_to_chemical-induced_Fanconi_syndrome_WP4944_20240327 20 22
V 356.126400 533.973600 184.000000 25.500000
V 802.368000 328.341600 104.619989 25.000000
V 719.748000 13.000320 292.990741 25.500000
V 681.681600 508.291200 104.619989 25.000000
V 309.837600 698.824800 291.000000 35.500000
V 184.500000 475.084800 368.500000 25.500000
V 508.147200 81.021600 170.302521 25.000000
V 962.352000 521.798400 104.619989 25.000000
V 331.221600 318.672000 187.890065 25.000000
V 546.868800 247.744800 192.074074 25.500000
V 478.317600 401.457600 259.750000 25.500000
V 165.319200 753.696000 261.000000 25.000000
V 854.928000 112.435200 329.058824 25.000000
V 337.752000 1005.768000 90.000000 25.000000
V 807.696000 459.028800 104.619989 25.000000
V 651.348000 356.443200 181.366122 25.500000
V 697.874400 184.665600 352.000000 25.500000
V 410.004000 142.156800 195.174525 25.000000
V 124.401600 956.376000 90.000000 25.000000
V 264.153600 858.888000 291.000000 35.500000
E 4 0
U 5 0
E 0 10
U 15 1
E 16 2
U 15 3
U 4 11
E 19 4
U 9 6
U 14 7
U 10 8
E 10 9
E 9 15
E 9 16
U 9 17
E 10 15
U 19 11
U 16 12
E 13 19
U 15 14
E 15 16
E 18 19
G Hs_Mitochondrial_complex_I_inhibition_leading_to_parkinsonian_motor_deficits_WP4945_20250309 16 16
V 635.968800 1368.648000 291.000000 35.500000
V 617.997600 285.400800 202.453704 25.500000
V 1077.912000 687.938400 195.174525 25.000000
V 472.528800 1610.712000 291.000000 35.500000
V 533.592000 1895.400000 90.000000 25.000000
V 103.003200 458.733600 206.113430 25.000000
V 685.735200 573.184800 463.000000 25.500000
V 824.976000 829.512000 192.074074 25.500000
V 616.132800 12.499920 148.117647 25.000000
V 756.576000 1607.184000 261.000000 25.000000
V 333.698400 548.186400 225.453704 25.500000
V 225.799200 1676.232000 90.000000 25.000000
V 875.016000 381.808800 213.500000 35.250000
V 792.504000 1127.664000 253.962963 25.500000
V 1065.600000 1255.464000 368.500000 25.500000
V 1114.992000 875.448000 170.302521 25.000000
E 3 0
U 0 9
E 0 13
E 6 1
U 1 8
U 7 2
E 4 3
U 3 9
E 11 3
U 10 5
E 7 6
E 6 10
U 6 12
E 13 7
U 7 15
U 13 14
G Hs_Mitochondrial_complex_inhibition_leading_to_liver_injury_WP5034_20240312 21 20
V 390.470400 623.772000 274.886294 25.000000
V 1005.768000 974.304000 368.500000 25.500000
V 1719.288000 1130.112000 143.668196 25.000000
V 1760.832000 1408.680000 127.734365 25.000000
V 2000.520000 1097.712000 104.619989 25.000000
V 1497.528000 949.176000 181.366122 25.500000
V 1432.440000 437.644800 170.302521 25.000000
V 1307.448000 709.416000 192.074074 25.500000
V 586.000800 892.224000 294.418796 25.000000
V 788.184000 298.562400 291.000000 35.500000
V 684.439200 12.499920 261.000000 25.000000
V 130.500000 480.470400 261.000000 25.000000
V 1555.416000 597.031200 195.174525 25.000000
V 586.951200 1183.680000 258.944830 34.251479
V 348.724800 1074.672000 261.000000 25.000000
V 351.871200 144.432000 258.944830 34.251479
V 946.080000 57.666960 291.000000 35.500000
V 996.264000 700.560000 253.962963 25.500000
V 697.003200 601.948800 321.717557 25.000000
V 136.454400 769.824000 258.944830 34.251479
V 537.415200 383.515200 274.886294 25.000000
U 0 11
E 0 18
E 19 0
U 17 1
E 2 3
U 2 4
E 5 2
E 7 5
U 7 6
U 7 12
E 17 7
E 13 8
U 8 14
E 8 18
U 9 10
E 16 9
E 9 18
E 15 20
E 18 17
E 20 18
G Hs_Mitochondrial_fatty_acid_oxidation_disorders_WP5123_20250307 29 33
V 165.837600 349.502400 81.000000 20.000000
V 872.352000 87.868800 90.000000 25.000000
V 138.578400 7.999920 74.333333 16.000000
V 104.659200 431.661600 81.000000 20.000000
V 702.612000 321.703200 129.000000 20.000000
V 760.536000 404.964000 129.000000 20.000000
V 642.232800 151.660800 72.000000 18.500000
V 186.264000 311.976000 60.000000 20.000000
V 708.472800 196.740000 90.000000 25.000000
V 145.562400 110.649600 81.000000 20.000000
V 45.000000 70.738560 90.000000 25.000000
V 457.675200 107.568000 73.333333 20.000000
V 312.120000 501.040800 56.159875 18.769592
V 421.120800 367.725600 72.000000 18.500000
V 281.815200 299.246400 115.000000 20.000000
V 196.207200 211.809600 81.000000 20.000000
V 481.579200 288.820800 72.000000 18.500000
V 244.713600 520.761600 56.159875 18.769592
V 364.564800 262.512000 146.000000 20.000000
V 255.074400 410.702400 81.000000 20.000000
V 171.036000 480.945600 81.000000 20.000000
V 91.893600 219.895200 81.000000 20.000000
V 67.680720 304.804800 81.000000 20.000000
V 620.452800 349.711200 60.000000 20.000000
V 497.736000 218.995200 146.000000 20.000000
V 612.640800 248.659200 115.000000 20.000000
V 789.264000 134.431200 90.000000 25.000000
V 538.221600 126.518400 72.000000 18.500000
V 361.807200 170.676000 60.000000 20.000000
E 3 0
E 7 0
E 14 0
E 0 22
E 1 26
E 9 2
E 20 3
U 5 4
E 4 25
E 25 6
E 7 15
E 7 19
E 8 25
U 26 8
E 9 10
E 15 9
U 24 11
E 12 19
E 13 18
E 14 15
E 18 14
E 14 19
E 21 15
E 18 16
U 16 24
E 19 17
U 24 18
U 18 28
E 19 20
E 22 21
U 25 23
E 25 24
U 24 27
G Hs_Mitochondrial_fatty_acid_synthesis_pathway_WP4317_20250904 19 20
V 449.748000 737.496000 73.314828 20.000000
V 280.764000 480.484800 80.000000 20.000000
V 241.826400 30.555360 42.601924 14.371002
V 432.295200 857.304000 80.000000 20.000000
V 573.674400 183.232800 42.601924 14.371002
V 617.191200 648.583200 80.000000 20.000000
V 100.000800 160.689600 200.000000 25.000000
V 315.453600 138.715200 146.368796 25.000000
V 428.400000 345.441600 131.963893 25.000000
V 351.453600 10.000080 80.000000 20.000000
V 516.506400 103.665600 80.000000 20.000000
V 375.026400 420.249600 42.601924 14.371002
V 488.937600 613.814400 90.000000 25.000000
V 281.880000 341.172000 145.309187 25.000000
V 210.578400 229.644000 90.000000 25.000000
V 558.532800 357.472800 90.000000 25.000000
V 427.262400 495.273600 90.000000 25.000000
V 439.495200 209.052000 148.683358 25.000000
V 84.283200 276.177600 90.000000 25.000000
E 3 0
E 0 12
E 1 13
E 1 16
E 7 2
E 17 4
E 5 12
E 14 6
E 9 7
E 7 14
E 17 7
E 8 11
E 13 8
E 15 8
E 16 8
E 8 17
E 10 17
E 12 16
E 14 13
E 14 18
G Hs_Mitochondrial_immune_response_to_SARS-CoV-2_WP5038_20260322 32 37
V 276.602400 865.944000 48.000000 25.000000
V 424.029600 751.320000 90.000000 25.000000
V 395.121600 246.556800 259.607803 25.000000
V 370.209600 84.326400 210.394903 25.000000
V 488.772000 609.458400 90.000000 25.000000
V 377.409600 572.040000 90.000000 25.000000
V 340.596000 671.824800 105.642857 25.000000
V 498.679200 12.499920 90.000000 25.000000
V 176.140800 656.229600 90.000000 25.000000
V 933.192000 406.612800 95.162737 25.000000
V 772.920000 432.576000 90.000000 25.000000
V 149.997600 295.466400 300.022608 25.000000
V 374.061600 485.740800 90.000000 25.000000
V 662.313600 887.832000 90.000000 25.000000
V 776.592000 557.416800 90.000000 25.000000
V 933.408000 589.809600 90.000000 25.000000
V 706.651200 503.596800 90.000000 25.000000
V 584.884800 306.288000 90.000000 25.000000
V 608.644800 478.353600 90.000000 25.000000
V 123.760800 894.312000 102.168483 30.822624
V 550.821600 205.020000 110.025830 41.764217
V 744.624000 1015.416000 90.000000 25.000000
V 245.880000 1022.040000 68.535714 24.285714
V 594.864000 689.522400 90.000000 25.000000
V 482.630400 922.104000 90.000000 25.000000
V 692.337600 189.057600 111.285020 35.853237
V 526.413600 770.976000 90.000000 25.000000
V 293.932800 348.328800 90.000000 25.000000
V 553.586400 852.336000 102.168483 30.822624
V 594.237600 133.718400 90.000000 25.000000
V 389.440800 839.592000 102.952381 25.000000
V 729.288000 253.771200 323.618908 25.000000
E 1 0
U 0 19
E 22 0
E 1 4
E 1 26
E 1 28
E 3 2
E 17 2
E 2 27
U 7 3
E 4 5
E 4 6
E 4 12
E 4 18
E 4 23
E 26 4
E 6 8
E 30 6
E 29 7
E 9 10
E 18 10
E 27 11
E 12 27
E 21 13
E 13 26
E 15 14
E 14 18
E 16 18
E 17 18
E 17 20
E 17 25
E 29 17
E 17 31
E 23 28
E 24 26
E 24 30
E 26 30
G Hs_Mitochondrial_long_chain_fatty_acid_beta-oxidation_WP368_20251201 19 20
V 30.000240 523.008000 60.000000 20.000000
V 579.448800 382.003200 60.000000 20.000000
V 400.665600 124.833600 115.000000 20.000000
V 143.949600 583.250400 108.000000 20.000000
V 329.832000 786.744000 60.000000 20.000000
V 533.779200 847.224000 60.000000 20.000000
V 478.972800 726.984000 113.000000 20.000000
V 397.814400 522.410400 115.000000 20.000000
V 467.683200 10.000080 60.000000 20.000000
V 450.684000 249.904800 146.000000 20.000000
V 445.435200 388.209600 146.000000 20.000000
V 42.507360 672.804000 74.333333 16.000000
V 578.606400 197.006400 73.333333 20.000000
V 228.873600 671.277600 128.000000 20.000000
V 299.498400 44.301600 129.000000 20.000000
V 362.887200 656.395200 124.000000 20.000000
V 257.378400 508.132800 114.333333 19.000000
V 651.139200 626.076000 60.000000 20.000000
V 518.472000 602.798400 104.000000 20.000000
E 0 3
U 10 1
U 2 8
E 2 9
E 14 2
E 3 11
E 13 3
E 3 16
E 4 15
E 5 6
E 6 15
E 18 6
E 10 7
E 7 15
E 16 7
E 7 18
E 9 10
U 9 12
E 15 13
E 17 18
G Hs_Mitophagy_WP5636_20260531 22 21
V 438.508800 201.520800 90.000000 25.000000
V 537.753600 667.929600 90.000000 25.000000
V 45.000000 359.445600 90.000000 25.000000
V 480.981600 978.048000 90.000000 25.000000
V 356.580000 398.872800 90.000000 25.000000
V 245.656800 393.508800 92.016470 25.000000
V 143.006400 379.029600 90.000000 25.000000
V 732.456000 1151.784000 51.230160 25.000000
V 666.302400 773.136000 90.000000 25.000000
V 468.266400 106.120800 90.000000 25.000000
V 466.588800 583.243200 90.000000 25.000000
V 565.452000 900.072000 90.000000 25.000000
V 633.283200 981.000000 90.000000 25.000000
V 680.688000 1069.344000 90.000000 25.000000
V 403.574400 298.756800 90.000000 25.000000
V 629.942400 610.228800 90.000000 25.000000
V 497.044800 12.499920 90.000000 25.000000
V 450.842400 779.400000 90.000000 25.000000
V 554.565600 783.936000 90.000000 25.000000
V 465.429600 841.752000 90.000000 25.000000
V 773.856000 761.976000 90.000000 25.000000
V 411.436800 493.387200 90.000000 25.000000
E 9 0
U 0 14
E 1 10
E 1 15
E 18 1
E 2 6
E 3 11
E 4 5
E 4 14
E 4 21
U 6 5
E 13 7
E 8 18
E 8 20
E 16 9
E 10 21
E 11 12
E 18 11
E 12 13
E 18 17
E 18 19
G Hs_Modified_nucleosides_derived_from_tRNA_as_urinary_cancer_markers_WP4485_20250303 21 20
V 906.336000 661.017600 90.000000 25.000000
V 966.312000 463.334400 90.000000 25.000000
V 265.816800 41.013360 121.000000 25.000000
V 276.624000 843.624000 193.820327 25.000000
V 733.608000 509.414400 90.000000 25.000000
V 592.099200 223.488000 90.000000 25.000000
V 69.318720 210.196800 117.000000 36.500000
V 635.709600 792.432000 90.000000 33.500000
V 146.707200 101.023200 176.578947 25.000000
V 712.389600 12.499920 124.831216 25.000000
V 381.124800 84.189600 99.000000 37.500000
V 226.677600 722.592000 133.929220 25.000000
V 903.024000 200.109600 90.000000 25.000000
V 288.367200 279.720000 90.000000 25.000000
V 402.832800 906.336000 142.078040 25.000000
V 503.301600 431.020800 90.000000 25.000000
V 697.694400 328.190400 90.000000 25.000000
V 147.052800 428.220000 128.000000 25.000000
V 56.000160 342.943200 112.000000 25.000000
V 444.873600 680.968800 90.000000 25.000000
V 549.345600 889.920000 135.000000 25.000000
E 4 0
E 4 1
E 13 2
E 19 3
E 4 15
E 5 9
E 5 15
E 13 6
E 19 7
E 13 8
E 13 10
E 19 11
E 16 12
E 13 15
E 13 17
E 13 18
E 19 14
E 16 15
E 19 15
E 19 20
G Hs_Modulation_of_PI3K-Akt-mTOR_signaling_by_bioactive_sphingolipids_WP5192_20240917 24 34
V 544.010400 1814.688000 90.000000 25.000000
V 728.424000 846.720000 90.000000 48.965375
V 616.399200 425.145600 165.778862 25.360321
V 467.049600 961.416000 156.000000 23.500000
V 846.648000 1464.984000 135.000000 22.500000
V 166.608000 457.610400 212.750000 25.350000
V 595.864800 698.918400 90.000000 48.965375
V 1302.912000 1041.840000 122.000000 23.500000
V 346.428000 19.000080 120.454292 38.267820
V 206.344800 921.024000 260.001243 29.500000
V 905.328000 746.352000 90.000000 25.000000
V 150.220800 1047.384000 130.513226 32.417190
V 368.812800 1217.304000 130.513226 28.071429
V 365.875200 640.836000 90.000000 25.000000
V 729.072000 1040.760000 249.723757 27.500000
V 1052.568000 854.640000 151.000000 24.500000
V 394.531200 300.225600 120.454292 25.000000
V 45.000000 609.098400 90.000000 25.000000
V 692.344800 1227.168000 90.000000 25.000000
V 1216.728000 1279.440000 111.000000 21.500000
V 993.384000 1084.032000 151.000000 25.000000
V 451.231200 458.150400 156.299020 25.421569
V 232.156800 1172.448000 260.001243 25.750000
V 593.769600 1531.584000 90.000000 38.798619
E 0 23
E 3 1
E 1 6
E 10 1
E 14 1
E 15 1
E 6 2
E 2 13
E 2 16
E 3 6
E 9 3
E 11 3
E 12 3
E 3 13
E 3 14
E 18 3
E 22 3
E 4 18
E 5 13
E 17 5
E 21 5
E 10 6
E 6 13
E 6 21
E 7 20
E 16 8
U 20 10
E 13 16
E 17 13
E 20 14
E 20 15
E 18 20
E 23 18
E 19 20
G Hs_Modulators_of_TCR_signaling_and_T_cell_activation_WP5072_20250309 31 35
V 614.124000 221.889600 56.000000 25.000000
V 634.399200 113.983200 63.000000 25.000000
V 522.835200 77.630400 63.000000 25.000000
V 495.180000 157.629600 45.000000 25.000000
V 355.752000 355.125600 56.000000 25.000000
V 382.428000 317.908800 56.000000 25.000000
V 694.216800 252.165600 63.000000 25.000000
V 355.053600 420.573600 56.000000 25.000000
V 590.680800 68.981040 56.000000 25.000000
V 413.827200 276.868800 56.000000 25.000000
V 564.508800 128.577600 60.000000 25.000000
V 362.707200 229.183200 56.000000 25.000000
V 606.564000 12.499920 63.000000 25.000000
V 691.466400 305.028000 56.000000 25.000000
V 518.565600 357.681600 73.500000 25.000000
V 452.592000 106.704000 45.000000 25.000000
V 543.844800 190.634400 56.000000 25.000000
V 25.500240 499.968000 50.500000 25.000000
V 291.708000 352.382400 56.000000 25.000000
V 626.666400 279.252000 56.000000 25.000000
V 486.928800 313.012800 56.000000 25.000000
V 153.619200 398.815200 56.000000 25.000000
V 662.148000 339.069600 56.000000 25.000000
V 426.751200 236.880000 56.000000 25.000000
V 550.022400 223.653600 56.000000 25.000000
V 490.788000 256.687200 56.000000 25.000000
V 104.832000 431.841600 56.000000 25.000000
V 65.112480 464.853600 56.000000 25.000000
V 222.681600 367.257600 66.500000 25.000000
V 557.150400 289.706400 67.333333 25.000000
V 594.619200 339.746400 63.000000 25.000000
E 0 16
E 19 0
E 0 24
E 1 10
E 2 10
E 15 3
E 24 3
E 5 4
E 4 7
E 18 4
U 9 5
E 6 19
E 10 8
E 12 8
E 9 11
E 23 9
E 25 9
E 16 10
E 13 19
E 14 29
E 24 16
E 25 16
E 17 27
E 28 18
E 19 22
E 19 29
U 25 20
E 29 20
E 26 21
E 21 28
E 25 23
E 29 24
E 29 25
E 27 26
E 30 29
G Hs_Molecular_pathway_for_oxidative_stress_WP5477_20241113 35 42
V 481.608000 404.784000 126.173250 41.792639
V 1472.112000 603.172800 126.173250 41.792639
V 690.480000 973.224000 144.056281 44.545677
V 533.772000 953.568000 90.000000 25.000000
V 1609.560000 583.171200 126.173250 41.792639
V 328.852800 145.224000 126.173250 41.792639
V 906.624000 479.642400 90.000000 25.000000
V 419.976000 267.163200 126.173250 41.792639
V 549.158400 18.000000 93.113010 36.383682
V 971.280000 820.584000 99.728225 30.268467
V 661.010400 658.036800 143.500000 33.500000
V 329.356800 394.610400 61.701461 31.815240
V 543.542400 349.984800 126.173250 41.792639
V 589.284000 575.647200 90.000000 29.201461
V 1073.952000 938.664000 116.571429 34.938776
V 681.458400 288.309600 90.000000 40.122642
V 1042.344000 612.756000 118.000000 26.500000
V 490.946400 1109.160000 90.000000 25.000000
V 534.211200 747.360000 90.000000 25.000000
V 631.245600 822.384000 90.000000 25.000000
V 382.939200 811.728000 90.000000 25.000000
V 867.312000 696.132000 85.395259 33.576075
V 808.776000 599.961600 332.500000 31.500000
V 438.832800 528.379200 90.000000 29.201461
V 550.324800 173.937600 79.364261 30.927835
V 45.000000 302.047200 90.000000 25.000000
V 573.235200 1242.144000 90.000000 25.000000
V 177.429600 367.963200 90.000000 25.000000
V 1109.592000 479.520000 90.000000 25.000000
V 787.608000 165.808800 61.701461 31.815240
V 1188.216000 632.649600 90.000000 25.000000
V 244.900800 887.616000 90.000000 25.000000
V 624.045600 462.866400 126.173250 41.792639
V 1332.504000 616.413600 126.173250 41.792639
V 686.736000 1136.592000 90.000000 25.000000
E 7 0
E 0 32
E 1 4
E 33 1
E 19 2
E 34 2
E 3 17
E 19 3
E 7 5
E 22 6
E 7 11
E 7 12
E 7 24
E 8 24
E 9 14
E 21 9
E 10 13
E 10 18
E 10 19
E 10 21
E 10 22
E 32 10
E 23 11
E 11 27
E 12 32
E 22 13
E 13 23
E 15 24
E 15 29
E 15 32
E 16 21
E 22 16
E 16 28
E 16 30
E 17 26
E 18 19
E 18 20
E 20 31
E 22 21
E 27 25
E 26 34
E 30 33
G Hs_Monoamine_GPCRs_WP58_20250304 26 25
V 229.046400 620.416800 60.000000 20.000000
V 337.737600 104.990400 60.000000 20.000000
V 189.576000 10.000080 60.000000 20.000000
V 287.589600 689.234400 60.000000 20.000000
V 551.102400 605.512800 60.000000 20.000000
V 98.330400 195.336000 60.000000 20.000000
V 71.254800 86.104800 60.000000 20.000000
V 579.060000 534.002400 60.000000 20.000000
V 138.196800 57.988080 60.000000 20.000000
V 340.754400 32.060880 60.000000 20.000000
V 498.981600 445.845600 60.000000 20.000000
V 30.000240 167.918400 60.000000 20.000000
V 405.741600 129.276000 60.000000 20.000000
V 356.896800 203.486400 60.000000 20.000000
V 498.117600 663.847200 60.000000 20.000000
V 317.685600 361.476000 60.000000 20.000000
V 572.284800 451.965600 60.000000 20.000000
V 45.740880 270.216000 60.000000 20.000000
V 223.178400 182.642400 97.000000 20.000000
V 112.291200 309.038400 60.000000 20.000000
V 362.563200 657.050400 60.000000 20.000000
V 270.964800 555.336000 60.000000 20.000000
V 201.124800 289.526400 60.000000 20.000000
V 400.161600 531.777600 105.000000 20.000000
V 419.220000 710.244000 60.000000 20.000000
V 262.260000 21.855600 60.000000 20.000000
E 0 23
E 1 18
E 2 18
E 3 23
E 4 23
E 5 18
E 6 18
E 7 23
E 8 18
E 9 18
E 10 23
E 11 18
E 12 18
E 13 18
E 14 23
E 15 18
E 15 23
E 16 23
E 17 18
E 19 18
E 22 18
E 25 18
E 20 23
E 21 23
E 24 23
G Hs_NAD+_biosynthetic_pathways_WP3645_20250307 25 24
V 582.242400 159.818400 55.000000 20.000000
V 158.594400 365.947200 80.000000 20.000000
V 506.088000 308.656800 80.000000 20.000000
V 906.912000 222.422400 80.000000 20.000000
V 725.832000 185.306400 90.000000 20.000000
V 818.856000 207.928800 80.000000 20.000000
V 299.851200 183.916800 65.000000 20.000000
V 474.631200 113.032800 60.000000 20.000000
V 312.580800 254.901600 195.000000 20.000000
V 588.672000 10.000080 80.000000 20.000000
V 949.824000 173.462400 60.000000 20.000000
V 132.732000 230.313600 62.000000 20.000000
V 939.456000 280.591200 60.000000 20.000000
V 645.300000 164.563200 55.000000 20.000000
V 505.699200 233.409600 175.000000 20.000000
V 327.117600 368.323200 60.000000 20.000000
V 412.048800 175.752000 62.000000 20.000000
V 218.131200 300.866400 170.000000 20.000000
V 627.300000 222.854400 52.000000 20.000000
V 62.500320 280.792800 125.000000 20.000000
V 584.712000 81.856800 55.000000 20.000000
V 501.595200 186.170400 90.000000 20.000000
V 113.500800 421.682400 60.000000 20.000000
V 522.331200 379.972800 62.000000 20.000000
V 351.187200 296.625600 80.000000 20.000000
E 13 0
E 18 0
E 0 20
E 0 21
E 1 17
E 22 1
E 2 14
E 23 2
E 3 5
E 10 3
E 12 3
E 5 4
E 4 13
E 6 8
E 7 21
E 14 8
E 8 24
E 20 9
E 11 17
E 16 14
E 21 14
E 24 15
E 19 17
E 17 24
G Hs_NAD+_metabolism_WP3644_20250308 40 42
V 348.962400 530.798400 45.373760 20.000000
V 540.633600 454.644000 62.127894 20.000000
V 310.752000 107.352000 103.573435 28.596472
V 961.560000 781.848000 55.000000 23.000000
V 345.052800 10.000080 66.000000 20.000000
V 285.955200 831.960000 80.000000 20.000000
V 119.368800 790.344000 80.730981 20.000000
V 593.820000 559.504800 55.435502 20.000000
V 235.447200 524.570400 109.685571 52.333333
V 538.840800 834.264000 73.364939 20.000000
V 140.436000 79.804800 46.000000 20.000000
V 346.816800 622.850400 57.403528 20.000000
V 882.216000 734.616000 116.284795 20.000000
V 611.244000 1138.392000 53.230430 23.003308
V 518.745600 640.468800 72.792723 20.000000
V 589.154400 933.984000 73.364939 20.000000
V 970.416000 694.692000 46.615215 20.000000
V 350.740800 302.500800 42.787211 21.478501
V 428.500800 643.327200 46.615215 20.000000
V 222.033600 918.504000 77.651599 20.000000
V 427.622400 574.488000 52.743719 20.000000
V 222.696000 139.852800 75.256760 20.000000
V 602.150400 1038.888000 46.615215 20.000000
V 22.000320 521.596800 44.000000 20.000000
V 349.963200 414.151200 129.298157 35.000000
V 480.506400 546.480000 57.640573 20.000000
V 294.674400 210.045600 46.615215 20.000000
V 535.320000 712.411200 126.671213 20.000000
V 745.920000 647.215200 36.901874 20.000000
V 590.673600 767.376000 60.948181 20.000000
V 323.964000 728.784000 97.362527 29.595369
V 664.934400 685.094400 116.284795 20.000000
V 722.808000 584.344800 56.538037 20.000000
V 485.683200 922.392000 40.000000 20.000000
V 758.160000 738.000000 116.284795 20.000000
V 216.000000 743.688000 80.730981 20.000000
V 422.042400 726.552000 56.063173 20.000000
V 440.143200 236.872800 89.546303 20.000000
V 368.985600 685.101600 80.000000 20.000000
V 126.345600 520.732800 47.000000 20.000000
E 0 8
E 18 0
E 0 24
E 25 1
E 4 2
E 21 2
E 2 26
E 3 12
E 3 16
E 19 5
E 5 30
E 6 35
E 7 14
E 8 39
E 15 9
E 9 27
U 33 9
E 10 21
E 11 18
E 16 12
E 12 34
E 13 22
E 18 14
E 14 27
E 22 15
E 24 17
E 17 26
E 17 37
E 18 20
E 18 25
E 27 18
E 30 18
U 36 18
U 38 18
E 26 21
E 39 23
E 29 27
E 31 27
U 28 31
E 35 30
E 32 31
E 34 31
G Hs_NAD_biosynthesis_II_from_tryptophan_WP2485_20250928 22 21
V 154.548000 151.704000 130.000000 20.000000
V 677.599200 378.604800 40.000000 20.000000
V 391.903200 44.844480 40.000000 20.000000
V 463.327200 296.712000 51.574074 20.000000
V 909.144000 225.208800 125.509259 33.324074
V 55.342800 133.999200 50.308717 20.000000
V 591.026400 222.105600 153.000000 35.500000
V 522.396000 85.291200 40.000000 20.000000
V 812.520000 134.236800 79.500000 20.000000
V 252.698400 10.000080 40.000000 20.000000
V 263.548800 122.846400 91.333333 20.000000
V 337.039200 254.232000 52.361111 20.000000
V 987.120000 291.110400 60.601852 20.000000
V 476.611200 186.098400 138.245443 20.000000
V 22.500000 320.256000 45.462963 20.000000
V 974.592000 145.288800 46.824074 20.000000
V 100.526400 51.020640 45.611111 20.000000
V 98.215200 249.782400 86.500000 20.000000
V 829.152000 345.700800 51.898148 20.000000
V 684.518400 265.658400 84.000000 20.000000
V 788.112000 241.552800 100.185185 32.115741
V 372.520800 153.734400 150.000000 20.000000
E 5 0
E 0 10
U 16 0
E 17 0
E 1 19
E 2 21
E 3 13
E 12 4
E 4 15
E 20 4
E 13 6
E 6 19
E 7 13
E 20 8
E 9 10
E 10 21
U 11 21
E 21 13
E 14 17
E 18 20
E 19 20
G Hs_NAD_metabolism_in_oncogene-induced_senescence_and_mitochondrial_dysfunction-associated_senescence_WP5046_20250506 39 44
V 542.304000 790.560000 90.000000 25.000000
V 804.960000 619.869600 90.000000 25.000000
V 753.768000 517.370400 90.000000 25.000000
V 791.640000 687.729600 90.000000 25.000000
V 923.184000 693.172800 157.442650 35.000000
V 120.384000 1152.216000 90.000000 25.000000
V 164.916000 426.312000 76.243094 33.141430
V 200.916000 1284.048000 90.000000 25.000000
V 487.101600 737.568000 90.000000 25.000000
V 641.095200 520.113600 90.000000 25.000000
V 207.741600 122.644800 90.000000 25.000000
V 157.039200 1046.160000 90.000000 25.000000
V 320.724000 355.644000 148.153871 43.924724
V 218.404800 1172.736000 90.000000 25.000000
V 310.248000 997.704000 90.000000 25.000000
V 282.751200 878.976000 90.000000 25.000000
V 797.616000 554.889600 90.000000 25.000000
V 743.040000 818.208000 90.000000 25.000000
V 59.688000 914.040000 90.000000 25.000000
V 672.732000 861.624000 150.000000 25.000000
V 94.111200 307.584000 90.000000 25.000000
V 186.451200 511.473600 90.000000 25.000000
V 45.000000 432.403200 90.000000 25.000000
V 447.832800 380.570400 90.000000 25.000000
V 391.161600 541.663200 90.000000 25.000000
V 407.664000 668.851200 90.000000 25.000000
V 617.824800 638.748000 90.000000 25.000000
V 493.552800 485.632800 188.662768 38.175379
V 644.263200 745.848000 90.000000 25.000000
V 220.212000 228.218400 90.000000 25.000000
V 711.403200 623.332800 81.130356 25.000000
V 272.044800 1107.144000 90.000000 25.000000
V 327.967200 579.801600 90.000000 25.000000
V 336.808800 775.008000 90.000000 25.000000
V 514.778400 670.507200 99.848534 49.331454
V 294.012000 457.689600 61.878453 25.000000
V 183.607200 344.102400 110.453704 31.750000
V 177.472800 926.712000 90.000000 25.000000
V 169.689600 24.999840 251.434147 49.537037
U 34 0
E 30 1
E 30 2
E 3 4
E 30 3
E 5 31
E 22 6
E 6 35
E 36 6
E 7 13
E 25 8
E 8 28
E 9 27
E 30 9
E 10 29
E 38 10
E 13 11
E 11 37
U 35 12
E 31 13
E 15 14
E 14 31
E 33 15
E 37 15
E 30 16
E 28 17
E 18 37
E 28 19
U 20 36
U 21 35
E 35 23
E 25 24
E 24 27
E 24 35
E 32 25
E 33 25
E 34 25
E 30 26
E 26 34
E 28 30
E 29 36
E 30 34
E 35 32
E 35 36
G Hs_NF1_copy_number_variation_syndrome__WP5366_20240722 17 16
V 502.970400 442.836000 80.000000 20.000000
V 316.749600 727.704000 80.000000 20.000000
V 378.021600 377.805600 80.000000 20.000000
V 318.715200 841.536000 80.000000 20.000000
V 441.705600 295.156800 80.000000 20.000000
V 165.376800 644.608800 150.806452 31.209677
V 374.652000 238.716000 80.000000 20.000000
V 331.459200 496.512000 80.000000 20.000000
V 145.684800 290.664000 80.000000 20.000000
V 410.608800 120.859200 80.000000 20.000000
V 256.752000 339.868800 99.645492 24.272620
V 40.000320 245.556000 80.000000 20.000000
V 741.168000 467.424000 111.109447 23.809908
V 482.040000 360.691200 80.000000 20.000000
V 627.120000 455.824800 80.000000 20.000000
V 283.363200 611.100000 80.000000 20.000000
V 451.843200 14.500080 90.000000 29.053370
E 2 0
E 0 14
E 1 3
E 15 1
E 2 4
E 2 6
E 2 7
E 10 2
E 2 13
E 15 5
E 6 9
E 7 15
E 8 10
E 11 8
E 9 16
E 14 12
G Hs_NO-cGMP-PKG_mediated_neuroprotection_WP4008_20250818 29 28
V 452.476800 393.516000 90.000000 25.000000
V 583.653600 141.350400 90.000000 25.000000
V 606.117600 12.499920 90.000000 25.000000
V 524.253600 728.784000 90.000000 25.000000
V 690.847200 188.222400 90.000000 25.000000
V 45.000000 427.183200 90.000000 25.000000
V 508.082400 26.550000 90.000000 25.000000
V 673.891200 48.781440 90.000000 25.000000
V 650.095200 551.044800 90.000000 25.000000
V 601.372800 637.250400 90.000000 25.000000
V 800.640000 768.168000 90.000000 25.000000
V 476.985600 90.338400 90.000000 25.000000
V 717.552000 117.741600 90.000000 25.000000
V 744.336000 584.056800 90.000000 25.000000
V 73.742400 496.864800 90.000000 25.000000
V 522.525600 514.224000 90.000000 25.000000
V 186.422400 274.896000 90.000000 25.000000
V 491.616000 672.912000 90.000000 25.000000
V 169.192800 392.299200 90.000000 25.000000
V 519.818400 268.833600 90.000000 25.000000
V 568.296000 873.792000 90.000000 25.000000
V 311.450400 395.834400 90.000000 25.000000
V 171.777600 511.135200 90.000000 25.000000
V 710.604000 650.325600 90.000000 25.000000
V 666.309600 894.888000 90.000000 25.000000
V 88.387200 277.264800 90.000000 25.000000
V 756.648000 849.672000 90.000000 25.000000
V 660.823200 770.400000 90.000000 25.000000
V 50.334480 343.317600 90.000000 25.000000
E 15 0
E 19 0
E 21 0
E 1 2
E 4 1
E 1 6
E 7 1
E 11 1
E 12 1
E 1 19
E 9 3
E 5 18
U 8 9
E 9 13
E 9 15
U 17 9
U 23 9
E 27 9
E 10 27
E 14 18
E 18 16
E 18 21
E 22 18
E 25 18
E 18 28
E 20 27
E 24 27
E 26 27
G Hs_Nanoparticle-mediated_activation_of_receptor_signaling_WP2643_20250309 23 23
V 191.836800 215.863200 56.991228 26.903509
V 416.332800 434.095200 56.991228 26.903509
V 84.643200 238.780800 56.991228 26.903509
V 223.660800 607.406400 56.991228 26.903509
V 391.608000 613.296000 50.500000 27.500000
V 351.633600 244.742400 90.180970 28.473881
V 28.499760 83.181600 56.991228 26.903509
V 112.262400 143.208000 56.991228 26.903509
V 443.908800 186.228000 78.391156 27.710884
V 412.308000 376.466400 56.991228 26.903509
V 260.632800 309.261600 56.991228 26.903509
V 50.240160 322.336800 56.991228 26.903509
V 147.902400 794.376000 56.991228 26.903509
V 315.172800 625.838400 56.570241 26.903509
V 151.869600 336.952800 90.180970 28.473881
V 427.730400 556.689600 56.991228 26.903509
V 229.744800 115.459200 56.991228 26.903509
V 315.612000 417.952800 90.180970 28.473881
V 175.312800 700.380000 56.991228 26.903509
V 314.539200 534.902400 61.619338 44.525399
V 242.632800 13.500000 56.991228 26.903509
V 208.591200 372.456000 56.991228 26.903509
V 530.949600 134.359200 44.500000 28.500000
E 0 2
E 7 0
E 0 10
E 0 16
E 1 17
E 2 11
E 18 3
E 19 3
E 4 19
U 5 8
E 10 5
E 6 7
E 8 22
E 9 17
E 10 14
E 10 17
E 21 10
E 11 14
E 12 18
E 19 13
E 19 15
E 16 20
E 19 17
G Hs_Neolacto_series_sphingolipid_metabolism_WP5302_20250719 19 18
V 315.014400 523.555200 70.000000 20.000000
V 303.372000 607.500000 90.000000 30.000000
V 191.678400 484.632000 90.000000 25.000000
V 827.784000 313.862400 90.000000 25.000000
V 59.989680 294.746400 60.144913 20.000000
V 532.382400 369.748800 60.000000 25.000000
V 222.206400 302.767200 170.000000 25.000000
V 731.304000 128.937600 70.000000 20.000000
V 184.723200 139.276800 170.000000 25.000000
V 672.285600 277.862400 60.000000 25.000000
V 349.221600 295.797600 67.757697 20.000000
V 235.245600 755.280000 90.000000 30.000000
V 359.424000 435.168000 60.000000 30.000000
V 624.326400 636.523200 60.000000 20.000000
V 496.807200 738.216000 340.000000 25.000000
V 433.972800 329.918400 43.000000 20.000000
V 479.059200 570.679200 140.000000 30.000000
V 45.000000 561.016800 90.000000 25.000000
V 104.270400 10.000080 63.741633 20.000000
E 0 12
E 1 11
E 12 1
E 12 2
E 2 17
E 3 9
E 4 6
E 9 5
E 5 12
E 6 8
E 12 6
E 7 9
E 18 8
E 10 12
E 15 12
E 12 16
E 13 16
E 16 14
G Hs_Nephrotoxcicity_adverse_outcome_pathway_WP5229_20240723 28 28
V 836.208000 456.314400 205.714286 25.000000
V 1231.056000 702.316800 266.064815 25.000000
V 366.516000 1022.328000 295.000000 25.000000
V 218.361600 1217.880000 203.847737 25.000000
V 649.980000 1282.896000 215.918367 25.000000
V 726.120000 1022.112000 407.694610 25.000000
V 1906.920000 230.270400 295.000000 25.000000
V 1372.680000 584.805600 251.932773 25.000000
V 994.536000 67.689360 90.303867 25.000000
V 1446.840000 128.354400 90.303867 25.000000
V 1353.888000 36.247680 210.745856 25.000000
V 930.960000 184.118400 243.593923 25.000000
V 1107.504000 540.770400 247.000000 25.000000
V 1667.664000 518.846400 241.685083 25.000000
V 1559.808000 1288.008000 212.619048 25.000000
V 711.064800 771.552000 175.012151 25.000000
V 1400.040000 979.920000 349.846939 25.000000
V 864.144000 893.664000 280.000000 25.000000
V 1199.736000 268.999200 142.237569 25.000000
V 1400.976000 439.106400 124.558011 25.000000
V 1124.064000 12.499920 232.139324 25.000000
V 149.500800 913.536000 298.826531 25.000000
V 1547.856000 837.000000 358.775510 25.000000
V 1313.856000 1152.432000 295.000000 25.000000
V 1303.848000 1408.608000 241.707819 25.000000
V 1186.344000 867.384000 348.163103 25.000000
V 1666.224000 319.370400 175.252101 25.000000
V 948.888000 1129.968000 202.563025 25.000000
U 12 0
E 1 17
E 1 19
U 1 22
U 2 3
E 2 5
U 2 21
U 5 4
E 5 17
U 6 26
U 12 7
U 18 8
U 18 9
U 18 10
E 18 11
E 12 18
E 25 12
U 19 13
U 23 14
U 17 15
U 25 16
U 25 17
U 17 27
E 19 18
U 18 20
E 26 19
U 23 24
E 23 25
G Hs_Neural_crest_differentiation_WP2064_20250308 21 32
V 142.185600 137.440800 60.000000 20.000000
V 174.016800 10.000080 55.000000 20.000000
V 99.532800 188.884800 55.000000 20.000000
V 27.499680 204.681600 55.000000 20.000000
V 245.700000 127.065600 55.000000 20.000000
V 107.949600 379.454400 60.000000 20.000000
V 57.663360 273.808800 55.000000 20.000000
V 349.668000 405.129600 55.000000 20.000000
V 44.999280 46.828080 55.000000 20.000000
V 286.660800 431.618400 55.000000 20.000000
V 144.698400 281.570400 55.000000 20.000000
V 293.911200 613.872000 55.000000 20.000000
V 351.288000 318.830400 55.000000 20.000000
V 413.899200 545.976000 55.000000 20.000000
V 209.908800 239.529600 55.000000 20.000000
V 333.518400 175.982400 55.000000 20.000000
V 301.413600 499.233600 55.000000 20.000000
V 100.411200 466.567200 55.000000 20.000000
V 221.860800 378.064800 55.000000 20.000000
V 367.725600 604.720800 55.000000 20.000000
V 159.134400 494.676000 55.000000 20.000000
E 1 0
E 0 3
E 0 4
E 0 8
E 0 10
E 0 14
E 2 3
E 2 6
E 14 2
E 6 3
E 10 3
E 4 14
E 5 10
E 5 18
E 10 6
E 6 14
E 16 7
E 18 7
E 16 9
E 18 9
E 14 10
E 10 18
E 13 11
E 11 16
E 18 12
E 13 16
E 15 14
E 14 18
E 16 18
E 19 16
E 18 17
E 20 18
G Hs_Neurotransmitter_disorders_WP4220_20240211 39 42
V 175.233600 457.704000 110.920443 25.000000
V 734.472000 444.859200 90.000000 25.000000
V 408.621600 728.928000 186.261911 25.000000
V 863.712000 648.799200 90.000000 25.000000
V 312.933600 17.500320 138.808628 34.822845
V 774.000000 703.022400 90.000000 25.000000
V 1054.080000 259.048800 52.751485 30.986274
V 359.625600 283.125600 90.000000 25.000000
V 102.175200 271.144800 165.983853 34.822845
V 224.467200 180.158400 52.751485 25.000000
V 335.073600 429.048000 110.920443 25.000000
V 418.687200 573.436800 90.000000 25.000000
V 140.162400 666.727200 90.000000 25.000000
V 835.920000 542.592000 52.751485 25.000000
V 339.156000 550.425600 52.751485 27.210141
V 745.848000 562.881600 90.000000 25.000000
V 999.144000 661.680000 108.316185 29.516225
V 239.061600 315.676800 135.482077 25.000000
V 335.959200 147.384000 90.000000 25.000000
V 582.199200 556.020000 221.003135 50.117555
V 97.934400 881.784000 108.956431 25.000000
V 475.394400 487.152000 65.952381 25.000000
V 836.136000 839.448000 67.231699 25.000000
V 410.853600 880.128000 52.751485 29.516225
V 323.546400 809.280000 128.288357 25.000000
V 954.792000 338.162400 90.000000 25.000000
V 519.732000 843.264000 67.231699 25.000000
V 952.056000 197.056800 52.751485 30.986274
V 854.496000 430.624800 134.000000 26.500000
V 500.457600 695.260800 90.000000 25.000000
V 419.133600 333.266400 52.751485 29.516225
V 33.500160 447.984000 67.231699 25.000000
V 237.816000 413.143200 52.751485 25.000000
V 937.296000 772.200000 186.261911 25.000000
V 1092.024000 376.862400 52.751485 30.986274
V 188.769600 783.648000 108.956431 25.000000
V 380.275200 668.937600 134.037097 25.000000
V 475.689600 618.523200 52.751485 25.000000
V 260.193600 654.861600 90.000000 24.500000
U 0 10
E 31 0
E 15 1
E 11 2
E 23 2
E 2 24
E 15 3
E 16 3
E 3 33
E 18 4
U 5 15
E 22 5
E 6 25
E 10 7
E 7 18
E 30 7
E 17 8
E 9 17
E 9 18
E 11 10
E 10 17
E 30 10
E 32 10
E 14 11
E 11 19
E 21 11
U 11 29
E 11 36
E 37 11
E 38 11
E 12 38
E 13 15
E 15 19
E 28 15
E 35 20
E 36 24
E 27 25
E 25 28
E 34 25
E 26 29
E 38 35
E 37 36
G Hs_Nicotine_effect_on_dopaminergic_neurons_WP1602_20250827 20 20
V 24.500160 78.408000 49.000000 20.000000
V 753.984000 10.000080 39.000000 20.000000
V 290.664000 153.576000 54.000000 20.000000
V 644.047200 114.976800 68.000000 20.000000
V 521.323200 107.402400 85.000000 23.000000
V 327.002400 241.855200 42.000000 20.000000
V 722.448000 45.262080 59.000000 20.000000
V 328.536000 182.318400 59.000000 20.000000
V 577.735200 30.672000 68.000000 20.000000
V 144.043200 90.460800 50.000000 20.000000
V 199.720800 101.944800 45.000000 20.000000
V 263.858400 210.319200 59.000000 20.000000
V 740.520000 126.626400 46.000000 20.000000
V 589.240800 77.882400 68.000000 20.000000
V 83.980800 84.016800 51.000000 20.000000
V 711.928800 86.954400 59.000000 20.000000
V 656.143200 164.289600 62.000000 20.000000
V 374.220000 154.317600 59.000000 20.000000
V 441.266400 129.981600 59.000000 20.000000
V 256.744800 123.501600 53.250000 20.000000
E 14 0
E 1 6
E 2 7
E 11 2
E 19 2
U 3 13
E 15 3
E 16 3
E 4 13
E 18 4
E 5 7
E 6 15
E 7 11
E 7 17
U 13 8
E 9 10
E 14 9
E 10 19
E 12 15
E 17 18
G Hs_Nicotine_metabolism_in_liver_cells_WP1600_20250209 27 27
V 639.136800 161.359200 98.000000 20.000000
V 613.670400 373.802400 80.000000 20.000000
V 750.096000 242.092800 154.000000 20.000000
V 514.540800 689.040000 98.000000 20.000000
V 849.960000 173.347200 154.000000 20.000000
V 511.243200 557.344800 98.000000 20.000000
V 246.146400 10.000080 80.000000 20.000000
V 277.207200 381.780000 80.000000 20.000000
V 153.784800 255.528000 87.000000 20.000000
V 339.508800 152.949600 48.000000 20.000000
V 529.279200 306.216000 62.000000 20.000000
V 32.999760 301.111200 66.000000 20.000000
V 784.728000 475.812000 91.000000 20.000000
V 660.283200 440.208000 91.000000 20.000000
V 169.293600 466.070400 80.000000 20.000000
V 65.455920 166.111200 87.000000 20.000000
V 258.559200 136.893600 80.000000 20.000000
V 290.743200 263.498400 66.000000 20.000000
V 403.142400 451.252800 80.000000 20.000000
V 316.389600 440.172000 48.000000 20.000000
V 523.274400 492.602400 62.000000 20.000000
V 406.987200 336.333600 108.000000 20.000000
V 685.051200 629.524800 101.000000 20.000000
V 343.605600 580.730400 80.000000 20.000000
V 625.435200 287.359200 98.000000 20.000000
V 611.164800 520.610400 101.000000 20.000000
V 527.443200 409.075200 80.000000 20.000000
U 24 0
U 26 1
U 2 4
E 24 2
U 5 3
E 26 5
U 16 6
U 7 14
E 17 7
U 7 18
E 8 11
U 8 15
E 17 8
E 9 17
E 10 26
U 13 12
E 26 13
E 17 16
E 17 21
U 18 23
E 26 18
E 19 21
E 20 26
E 21 26
U 25 22
E 26 24
E 26 25
G Hs_Nifedipine_activity_WP259_20250910 16 15
V 490.672800 318.160800 51.033333 16.033333
V 642.556800 244.591200 80.000000 20.000000
V 541.281600 227.059200 93.000000 22.269592
V 642.902400 444.585600 51.033333 16.033333
V 190.512000 218.584800 51.033333 16.033333
V 125.712000 314.150400 51.033333 16.033333
V 415.850400 217.432800 80.000000 20.000000
V 506.167200 128.858400 88.557994 20.000000
V 21.000240 82.591200 41.567398 20.000000
V 735.768000 101.836800 115.000000 16.033333
V 303.040800 212.227200 51.033333 16.033333
V 111.096000 138.204000 80.000000 20.000000
V 697.161600 535.320000 51.033333 16.033333
V 622.605600 125.834400 115.000000 16.033333
V 594.165600 343.663200 51.033333 16.033333
V 630.324000 10.000080 80.000000 20.000000
E 2 0
E 2 1
E 2 6
E 2 7
E 2 13
E 2 14
E 3 12
E 14 3
E 4 5
E 10 4
E 4 11
E 6 10
E 11 8
E 13 9
E 13 15
G Hs_Nonalcoholic_fatty_liver_disease_WP4396_20250507 25 25
V 248.414400 292.233600 90.000000 25.000000
V 792.864000 747.000000 90.000000 25.000000
V 261.482400 105.199200 55.416667 25.000000
V 476.510400 762.912000 90.000000 25.000000
V 306.676800 494.568000 90.000000 25.000000
V 207.640800 540.144000 90.000000 25.000000
V 688.536000 761.256000 90.000000 25.000000
V 992.160000 756.216000 90.000000 25.000000
V 319.528800 918.504000 90.000000 25.000000
V 383.414400 568.980000 167.000000 25.000000
V 435.340800 660.628800 125.000000 25.000000
V 149.911200 242.049600 90.000000 25.000000
V 291.420000 389.304000 90.000000 25.000000
V 45.000000 261.813600 90.000000 25.000000
V 894.096000 747.432000 90.000000 25.000000
V 686.844000 978.912000 131.688102 25.000000
V 307.000800 200.376000 90.000000 25.000000
V 606.938400 911.880000 90.000000 25.000000
V 585.309600 802.440000 90.000000 25.000000
V 84.189600 60.164640 90.000000 25.000000
V 158.997600 132.055200 90.000000 25.000000
V 306.093600 12.499920 90.000000 25.000000
V 392.731200 839.880000 90.000000 25.000000
V 577.533600 1014.408000 90.000000 25.000000
V 255.247200 997.920000 90.000000 25.000000
E 0 11
E 12 0
E 0 16
E 1 6
E 14 1
E 2 16
E 2 20
E 21 2
E 3 10
E 18 3
E 22 3
E 4 5
E 4 9
E 12 4
E 6 18
E 7 14
E 8 22
E 24 8
E 10 9
E 13 11
E 11 20
E 15 17
E 17 18
E 23 17
E 19 20
G Hs_Novel_intracellular_components_of_RIG-I-like_receptor_pathway_WP3865_20250303 23 27
V 176.925600 125.431200 60.000000 20.000000
V 242.208000 530.056800 60.000000 20.000000
V 42.660720 396.849600 80.000000 20.000000
V 247.989600 615.182400 60.000000 20.000000
V 435.729600 392.400000 60.000000 20.000000
V 445.197600 315.316800 60.000000 20.000000
V 195.638400 579.679200 90.000000 35.000000
V 166.521600 465.055200 60.000000 20.000000
V 330.069600 99.266400 60.000000 20.000000
V 97.221600 360.324000 80.000000 20.000000
V 571.284000 276.876000 60.000000 20.000000
V 30.000240 465.523200 60.000000 20.000000
V 302.306400 383.385600 60.000000 20.000000
V 407.563200 445.492800 65.000000 20.000000
V 397.231200 664.092000 80.000000 20.000000
V 312.278400 237.290400 60.000000 20.000000
V 222.897600 261.885600 60.000000 20.000000
V 91.015200 592.279200 60.000000 20.000000
V 46.898640 534.088800 60.000000 20.000000
V 364.852800 303.854400 60.000000 20.000000
V 341.820000 534.816000 60.000000 20.000000
V 237.276000 10.000080 123.113697 20.000000
V 470.448000 592.855200 60.000000 20.000000
E 16 0
E 0 21
E 1 7
E 1 20
E 2 7
E 3 7
E 3 20
E 4 12
E 10 5
U 12 5
U 5 19
E 7 6
E 20 6
E 9 7
E 11 7
E 7 12
E 17 7
U 18 7
E 15 8
E 8 21
U 12 13
U 15 12
U 12 16
U 19 12
E 20 12
E 14 20
E 22 20
G Hs_Nuclear_receptors_in_lipid_metabolism_and_toxicity_WP299_20250306 22 22
V 145.245600 199.908000 80.000000 20.000000
V 232.819200 140.500800 53.333333 20.000000
V 38.352240 201.247200 53.333333 20.000000
V 136.087200 815.256000 46.666667 20.000000
V 187.545600 723.240000 80.000000 20.000000
V 289.476000 684.057600 93.333333 19.000000
V 297.424800 566.748000 141.333333 16.000000
V 108.115200 10.000080 53.333333 20.000000
V 408.369600 502.344000 164.000000 20.000000
V 85.975200 735.408000 46.666667 20.000000
V 518.378400 477.093600 40.000000 20.000000
V 39.499920 824.472000 79.333333 16.000000
V 370.504800 679.867200 53.333333 20.000000
V 302.997600 786.672000 80.000000 20.000000
V 171.712800 297.388800 89.333333 19.000000
V 409.449600 563.709600 66.666667 20.000000
V 493.668000 788.184000 46.666667 20.000000
V 332.172000 886.536000 46.666667 20.000000
V 241.999200 480.866400 80.000000 20.000000
V 399.297600 742.824000 80.000000 20.000000
V 118.324800 104.544000 53.333333 20.000000
V 200.872800 390.088800 80.000000 20.000000
E 0 1
E 0 2
E 14 0
E 0 20
E 4 3
E 11 3
E 5 4
E 4 9
E 6 5
E 12 5
E 5 13
E 5 19
E 6 8
E 15 6
E 18 6
E 20 7
E 8 10
E 11 9
E 13 17
E 14 21
E 19 16
E 21 18
G Hs_Nucleotide-binding_oligomerization_domain_(NOD)_pathway_WP1433_20250304 40 76
V 242.056800 492.220800 80.033333 25.000000
V 565.329600 468.280800 78.033333 22.033333
V 700.970400 702.208800 78.033333 20.033333
V 606.492000 681.300000 45.033333 20.033333
V 863.784000 447.379200 75.033333 18.033333
V 684.972000 505.209600 81.000000 20.000000
V 837.144000 380.268000 49.033333 17.033333
V 709.804800 609.472800 66.033333 18.033333
V 46.000080 496.252800 92.033333 26.033333
V 510.645600 107.856000 80.000000 20.000000
V 61.489440 367.574400 93.033333 28.033333
V 398.217600 521.265600 96.033333 25.033333
V 594.482400 273.240000 85.033333 20.033333
V 517.737600 556.509600 80.000000 25.000000
V 484.394400 838.008000 88.033333 24.033333
V 361.627200 113.479200 65.033333 25.033333
V 764.496000 337.860000 86.033333 24.000000
V 67.442400 603.100800 75.033333 32.033333
V 482.162400 221.018400 73.033333 19.033333
V 518.954400 376.876800 76.033333 20.033333
V 389.613600 803.952000 77.033333 20.033333
V 604.497600 395.215200 79.033333 21.033333
V 150.321600 644.601600 81.033333 35.033333
V 386.827200 292.197600 88.033333 28.033333
V 823.392000 663.343200 85.033333 19.033333
V 183.067200 260.884800 69.000000 25.000000
V 872.280000 517.255200 56.033333 20.033333
V 343.785600 633.672000 66.033333 20.033333
V 937.224000 232.128000 76.033333 23.033333
V 507.492000 25.080480 73.966667 26.033333
V 455.479200 459.338400 77.033333 22.033333
V 415.252800 15.999840 87.033333 32.033333
V 341.172000 391.060800 84.033333 26.033333
V 158.716800 441.532800 84.033333 30.033333
V 654.955200 734.904000 80.000000 20.000000
V 497.102400 638.388000 80.000000 18.000000
V 589.456800 525.492000 83.033333 21.033333
V 859.176000 589.651200 81.033333 24.033333
V 414.345600 250.041600 87.033333 23.033333
V 325.526400 52.676640 59.033333 25.033333
U 8 0
U 10 0
E 0 17
E 0 22
U 30 0
U 32 0
U 5 1
U 11 1
U 21 1
U 1 30
E 2 5
E 2 35
U 3 5
U 13 3
U 3 35
U 5 4
U 6 5
U 7 5
U 5 13
U 5 16
U 5 19
U 21 5
U 24 5
U 26 5
U 5 30
U 34 5
U 37 5
U 7 13
U 8 17
E 9 23
U 9 31
U 9 38
U 11 13
U 11 23
U 11 35
U 21 12
U 12 30
U 13 32
U 35 13
U 14 35
U 18 15
U 23 15
U 29 15
U 15 31
U 21 16
E 28 16
U 21 18
U 18 23
U 18 29
U 18 32
U 38 18
U 18 39
U 21 19
U 23 19
U 30 19
U 19 32
U 36 19
U 38 19
U 20 35
U 21 30
U 21 35
U 36 21
E 33 22
U 23 32
U 32 25
U 30 27
U 29 31
U 39 29
U 30 32
U 35 30
U 30 38
U 38 31
U 39 31
U 33 32
U 35 34
U 36 35
G Hs_Nucleotide_metabolism_WP404_20250809 31 34
V 246.002400 504.000000 41.333333 20.000000
V 503.265600 414.828000 80.000000 20.000000
V 680.292000 588.096000 92.333333 20.000000
V 394.740000 564.156000 74.333333 20.000000
V 589.694400 461.779200 68.333333 20.000000
V 681.040800 490.557600 87.333333 20.000000
V 266.904000 418.809600 145.000000 20.000000
V 461.707200 499.176000 112.333333 20.000000
V 326.073600 275.306400 60.000000 20.000000
V 559.526400 233.035200 41.333333 20.000000
V 581.508000 83.620800 57.333333 20.000000
V 512.503200 143.589600 57.333333 20.000000
V 856.152000 513.943200 60.000000 20.000000
V 314.236800 535.752000 69.333333 20.000000
V 710.100000 673.070400 60.000000 20.000000
V 95.040000 204.206400 50.333333 20.000000
V 473.054400 58.799520 60.000000 20.000000
V 237.240000 298.936800 55.333333 20.000000
V 478.368000 240.177600 57.333333 20.000000
V 599.731200 556.228800 78.333333 20.000000
V 335.282400 354.319200 37.000000 20.000000
V 438.415200 335.088000 110.000000 20.000000
V 314.877600 448.041600 60.000000 20.000000
V 770.040000 506.217600 75.333333 20.000000
V 66.047040 325.648800 60.000000 20.000000
V 29.499840 151.048800 59.333333 20.000000
V 626.234400 10.000080 40.333333 20.000000
V 428.925600 174.686400 41.333333 20.000000
V 145.944000 277.552800 66.333333 20.000000
V 742.176000 424.936800 60.000000 20.000000
V 273.672000 344.318400 46.666667 20.000000
E 6 0
E 0 13
E 22 0
E 4 1
E 1 7
E 21 1
E 5 2
E 14 2
E 2 19
E 7 3
E 13 3
E 5 4
E 19 4
E 23 5
E 29 5
E 20 6
E 8 20
U 9 18
E 11 10
E 10 26
E 16 11
E 18 11
E 12 23
E 22 13
E 25 15
E 15 28
E 17 20
E 28 17
E 21 18
U 27 18
E 20 21
E 22 20
E 30 20
E 24 28
G Hs_Oligodendrocyte_development_WP5574_20251029 29 36
V 247.723200 649.497600 90.000000 25.000000
V 594.964800 597.456000 90.000000 25.000000
V 390.902400 110.959200 90.000000 25.000000
V 251.294400 318.736800 90.000000 25.000000
V 450.100800 185.522400 90.000000 25.000000
V 233.006400 451.440000 90.000000 25.000000
V 586.058400 301.924800 90.000000 25.000000
V 692.971200 608.040000 90.000000 25.000000
V 136.728000 12.499920 90.000000 25.000000
V 299.952000 616.485600 90.000000 25.000000
V 83.484000 646.272000 90.000000 25.000000
V 245.808000 155.383200 90.000000 25.000000
V 570.168000 207.727200 90.000000 25.000000
V 861.840000 372.873600 90.000000 25.000000
V 415.116000 904.752000 90.000000 25.000000
V 514.692000 131.925600 90.000000 25.000000
V 673.948800 436.176000 90.000000 25.000000
V 413.942400 710.006400 90.000000 25.000000
V 198.295200 260.690400 90.000000 25.000000
V 484.516800 524.700000 109.055556 25.000000
V 878.472000 607.550400 90.000000 25.000000
V 45.000000 515.880000 90.000000 25.000000
V 787.680000 771.408000 90.000000 25.000000
V 410.241600 1079.496000 90.000000 25.000000
V 124.164000 717.703200 90.000000 25.000000
V 397.274400 317.959200 90.000000 25.000000
V 460.800000 419.040000 90.000000 25.000000
V 534.024000 680.040000 90.000000 25.000000
V 324.525600 207.036000 90.000000 25.000000
E 5 0
E 0 17
E 19 1
E 25 2
E 25 3
E 28 3
E 25 4
E 28 4
E 5 21
E 5 25
E 16 6
E 6 25
E 7 19
E 7 20
E 7 22
E 8 11
E 9 10
E 19 9
E 9 24
E 10 21
E 18 11
E 25 11
E 25 12
E 13 16
E 14 17
E 23 14
E 15 25
E 19 16
E 17 19
E 18 25
E 25 19
E 26 19
E 19 27
E 24 21
E 26 25
E 28 25
G Hs_Omega-9_fatty_acid_synthesis_WP4724_20250708 39 41
V 630.136800 12.499920 104.061224 25.000000
V 464.234400 527.292000 86.000000 25.000000
V 892.224000 590.623200 87.248299 25.000000
V 688.500000 724.032000 87.248299 25.000000
V 520.473600 88.286400 93.000000 25.000000
V 522.633600 184.053600 113.187072 25.000000
V 391.996800 219.492000 93.000000 25.000000
V 682.876800 619.358400 82.000000 25.000000
V 198.165600 314.726400 97.432688 25.000000
V 435.902400 96.328800 59.657212 19.138574
V 132.199200 228.794400 94.818082 25.000000
V 260.222400 668.080800 81.612245 25.000000
V 619.855200 123.321600 127.651358 25.000000
V 940.896000 780.840000 87.248299 25.000000
V 151.408800 661.665600 87.000000 25.000000
V 437.918400 405.295200 85.930990 25.000000
V 502.603200 368.884800 87.248299 25.000000
V 356.889600 385.099200 59.657212 19.138574
V 859.464000 723.744000 85.000000 25.000000
V 793.224000 643.550400 85.000000 25.000000
V 289.447200 598.010400 50.500000 18.500000
V 387.698400 518.140800 50.500000 18.500000
V 770.112000 571.233600 50.500000 18.500000
V 382.500000 857.952000 137.000000 25.000000
V 378.460800 629.733600 91.000000 25.000000
V 655.005600 491.227200 87.248299 25.000000
V 416.469600 957.312000 143.757101 25.000000
V 353.030400 700.646400 45.916170 18.500000
V 95.119200 347.270400 93.000000 25.000000
V 403.819200 749.736000 144.000000 25.000000
V 194.227200 751.896000 50.500000 18.500000
V 294.523200 355.082400 106.945976 25.000000
V 540.741600 516.110400 50.500000 18.500000
V 46.499760 172.728000 93.000000 25.000000
V 310.888800 942.120000 50.500000 18.500000
V 583.992000 564.429600 77.000000 25.000000
V 486.518400 597.434400 87.248299 25.000000
V 717.033600 91.922400 50.500000 18.500000
V 468.280800 285.904800 105.884354 25.000000
E 12 0
E 1 15
E 21 1
E 24 1
E 32 1
E 1 35
E 1 36
E 19 2
E 7 3
E 5 4
E 9 5
E 5 12
E 38 5
E 38 6
E 7 19
E 22 7
E 35 7
E 8 10
E 8 28
E 31 8
E 10 33
E 11 14
E 24 11
E 30 11
E 37 12
E 18 13
E 15 16
E 17 15
E 15 31
E 15 38
E 19 18
E 22 19
E 20 24
E 26 23
E 23 29
E 34 23
E 27 24
E 29 24
E 35 25
E 34 26
E 32 35
G Hs_One-carbon_metabolism_WP241_20250319 27 33
V 519.624000 584.971200 221.016667 31.000000
V 651.168000 660.484800 129.016667 31.000000
V 325.850400 247.449600 189.000000 20.000000
V 569.844000 957.816000 41.000000 20.000000
V 795.528000 400.838400 46.016663 20.033333
V 629.402400 10.000080 56.000000 20.000000
V 820.080000 98.280000 66.033333 20.033333
V 651.686400 527.896800 50.624923 20.000000
V 73.000800 203.788800 146.000000 20.000000
V 516.189600 769.536000 162.413060 31.000000
V 298.627200 584.964000 132.000000 31.000000
V 314.179200 691.120800 162.413060 31.000000
V 715.363200 606.600000 38.000000 20.000000
V 348.156000 761.832000 158.016667 31.000000
V 227.376000 301.694400 193.000000 20.000000
V 587.440800 388.864800 56.016667 28.000000
V 412.178400 401.616000 84.016667 26.000000
V 431.424000 550.454400 162.016667 22.000000
V 356.083200 955.656000 47.000000 20.000000
V 191.973600 831.312000 28.000000 20.000000
V 220.226400 414.532800 44.000000 20.000000
V 133.668000 709.891200 39.000000 20.000000
V 658.224000 734.688000 105.877532 26.750000
V 839.232000 768.960000 50.000000 20.000000
V 451.396800 224.791200 46.016663 20.033333
V 735.120000 309.880800 46.016663 17.000000
V 653.025600 193.442400 81.016667 31.000000
E 1 0
U 0 7
E 0 9
E 0 10
E 11 0
U 0 12
E 0 13
E 15 0
E 16 0
E 0 17
E 0 22
E 17 1
E 23 1
U 2 16
U 9 3
E 4 15
E 5 26
U 26 6
E 14 8
E 11 9
E 10 11
E 13 11
E 11 17
E 19 11
U 11 21
E 18 13
U 14 16
E 15 16
E 25 15
E 26 15
E 16 17
E 20 16
E 24 16
G Hs_Opioid_receptor_pathways_WP5093_20260614 24 23
V 614.952000 340.747200 83.904110 44.765333
V 859.680000 159.451200 99.455215 50.632933
V 710.208000 207.396000 81.529624 44.765333
V 200.851200 861.840000 133.307517 58.136962
V 982.368000 77.256000 93.224518 36.816265
V 922.968000 662.191200 115.891133 38.091997
V 384.544800 473.839200 106.060606 58.703395
V 681.408000 51.260400 117.370861 69.355204
V 494.661600 361.432800 103.387840 43.963867
V 604.540800 488.599200 89.754690 44.765333
V 368.121600 340.970400 73.631057 40.382035
V 592.668000 934.920000 96.055276 46.806742
V 771.048000 627.760800 128.448276 61.270203
V 631.634400 784.512000 78.144078 39.809068
V 490.550400 483.343200 89.746789 44.765333
V 45.000000 20.499840 90.000000 41.101358
V 345.420000 590.256000 115.942029 50.429718
V 257.983200 224.870400 97.918826 41.861483
V 73.951200 729.360000 96.256684 36.676358
V 194.745600 537.948000 77.205502 50.779430
V 235.454400 712.432800 132.134404 45.855046
V 148.262400 122.155200 95.027624 45.823393
V 755.352000 884.808000 95.015576 52.610491
V 604.792800 623.757600 92.555200 49.337643
E 0 2
E 14 0
E 1 2
E 4 1
E 7 2
E 3 20
E 12 5
E 14 6
E 14 8
E 14 9
E 14 10
E 10 17
E 13 11
E 23 12
E 13 22
E 13 23
E 14 16
E 14 23
E 21 15
E 16 19
E 20 16
E 17 21
E 20 18
G Hs_Osteoarthritic_chondrocyte_hypertrophy_WP5373_20250825 17 16
V 101.109600 84.225600 60.000000 25.000000
V 737.640000 497.512800 90.000000 25.000000
V 380.390400 198.468000 60.000000 25.000000
V 517.514400 321.321600 60.000000 25.000000
V 482.904000 221.018400 116.316084 25.000000
V 194.724000 111.182400 60.000000 25.000000
V 510.984000 503.733600 60.000000 25.000000
V 119.656800 190.425600 60.000000 25.000000
V 155.793600 12.499920 60.000000 25.000000
V 237.391200 14.858640 60.000000 25.000000
V 287.128800 161.049600 60.000000 25.000000
V 657.381600 447.076800 115.000000 25.000000
V 816.408000 545.810400 60.000000 25.000000
V 561.873600 414.000000 60.000000 26.500000
V 30.000240 234.619200 60.000000 25.000000
V 520.812000 123.091200 60.000000 25.000000
V 576.410400 180.216000 90.000000 25.000000
E 0 5
E 1 11
E 12 1
E 2 4
E 10 2
E 3 4
E 3 13
E 15 4
E 4 16
E 5 7
E 5 8
E 5 9
E 5 10
E 13 6
E 7 14
E 11 13
G Hs_Overlap_between_signal_transduction_pathways_contributing_to_LMNA_laminopathies_WP4879_20240722 27 32
V 460.317600 577.036800 69.390043 25.000000
V 405.612000 91.224000 69.360536 25.000000
V 463.903200 689.004000 90.000000 25.000000
V 531.986400 783.720000 75.933122 26.787062
V 535.766400 372.837600 67.151899 25.000000
V 434.404800 251.834400 65.740757 25.000000
V 471.657600 151.495200 69.360536 25.000000
V 646.056000 390.787200 63.987342 25.000000
V 541.447200 266.083200 69.014150 25.000000
V 682.524000 623.520000 135.133983 25.000000
V 546.220800 69.561360 77.886724 25.000000
V 242.424000 789.408000 290.537226 22.386663
V 561.996000 568.202400 96.192385 25.000000
V 344.793600 701.172000 90.000000 25.000000
V 545.947200 618.883200 122.154309 37.550100
V 346.291200 593.337600 61.422373 25.000000
V 561.607200 187.516800 117.798632 31.072133
V 244.497600 564.278400 58.921114 25.000000
V 155.145600 573.516000 71.796590 25.000000
V 359.229600 12.499920 69.360536 25.000000
V 440.942400 784.800000 90.000000 25.000000
V 55.499760 593.092800 110.948856 25.000000
V 571.104000 739.728000 131.416865 22.500000
V 665.589600 277.754400 58.000000 23.462920
V 657.302400 223.538400 69.360536 25.000000
V 480.967200 467.877600 75.645307 25.000000
V 284.997600 657.432000 90.000000 21.269292
E 2 0
U 12 0
E 14 0
E 0 15
E 0 25
E 6 1
E 1 19
E 2 3
E 2 13
E 20 2
E 2 22
E 7 4
E 8 4
E 4 25
E 8 5
U 6 8
E 10 6
E 6 16
E 8 16
E 8 23
E 8 24
E 12 9
E 9 14
E 13 11
E 12 14
E 13 15
E 13 26
E 17 15
E 26 15
E 16 24
E 18 17
E 21 18
G Hs_Overview_of_nanoparticle_effects_WP3287_20220226 22 24
V 330.688800 329.335200 100.637250 23.048750
V 632.808000 10.000080 80.000000 20.000000
V 676.720800 643.003200 80.000000 20.000000
V 455.990400 457.718400 138.613500 27.000000
V 226.447200 341.431200 80.000000 20.000000
V 299.383200 588.016800 80.000000 20.000000
V 279.561600 244.922400 80.000000 20.000000
V 604.108800 581.745600 116.403250 21.576250
V 447.249600 235.360800 80.000000 20.000000
V 578.534400 85.442400 80.000000 20.000000
V 40.000320 293.961600 80.000000 20.000000
V 527.882400 169.272000 80.000000 20.000000
V 646.682400 330.048000 74.738250 20.795625
V 440.042400 344.656800 79.062750 73.000000
V 556.826400 496.224000 129.000000 34.445000
V 500.961600 263.620800 80.000000 20.000000
V 542.325600 346.204800 102.852250 20.000000
V 514.123200 541.137600 80.000000 20.000000
V 129.146400 323.114400 80.000000 20.000000
V 385.797600 539.762400 80.000000 20.000000
V 386.676000 642.859200 80.000000 20.000000
V 401.068800 149.940000 80.000000 20.000000
E 0 4
U 6 0
E 13 0
E 9 1
U 2 7
E 13 3
E 3 14
E 3 17
U 3 19
U 18 4
U 19 5
U 14 7
U 17 7
U 11 8
E 13 8
E 15 8
U 21 8
E 11 9
U 10 18
U 11 15
U 12 16
E 13 15
E 13 16
U 19 20
G Hs_Oxidative_stress_in_pulmonary_tissue_WP5482_20250705 17 24
V 797.760000 677.793600 206.112051 29.019594
V 718.077600 31.905360 150.014672 32.332012
V 209.095200 605.340000 102.324966 37.143514
V 368.128800 938.088000 267.355293 30.944088
V 55.000080 362.664000 110.283911 31.960844
V 489.484800 652.111200 253.709136 38.119132
V 371.764800 412.560000 190.987303 47.564630
V 902.376000 400.680000 195.751269 44.207964
V 219.060000 819.144000 186.046875 43.468750
V 686.376000 502.891200 197.920085 46.756422
V 481.291200 23.999760 204.668155 48.044281
V 188.632800 159.393600 106.489825 31.719257
V 708.638400 810.216000 220.949081 35.136505
V 560.152800 976.320000 100.549404 35.768169
V 1030.680000 600.969600 197.704969 40.872671
V 930.816000 244.036800 136.910819 37.203455
V 584.683200 318.931200 275.615236 43.115558
E 0 5
E 0 7
E 9 0
U 16 1
E 5 2
E 6 2
U 5 3
U 4 6
E 5 6
U 8 5
E 9 5
E 5 12
E 5 13
E 5 16
E 9 6
U 11 6
E 6 16
E 15 7
E 16 7
E 12 9
U 9 14
E 9 15
E 9 16
E 16 10
G Hs_PDGFR-beta_pathway_WP3972_20250227 29 33
V 511.977600 140.702400 58.000000 25.000000
V 712.080000 78.537600 65.000000 25.000000
V 620.985600 42.490800 58.000000 25.000000
V 698.529600 228.391200 58.000000 25.000000
V 735.264000 173.167200 58.000000 25.000000
V 805.248000 150.588000 58.000000 25.000000
V 578.037600 125.661600 58.000000 25.000000
V 121.586400 285.559200 58.000000 25.000000
V 764.784000 45.524880 58.000000 25.000000
V 336.297600 213.415200 58.000000 25.000000
V 445.953600 157.190400 58.000000 25.000000
V 98.928000 205.473600 58.000000 25.000000
V 631.987200 80.380800 58.000000 25.000000
V 767.592000 207.122400 58.000000 25.000000
V 762.984000 261.410400 58.000000 25.000000
V 29.000160 176.299200 58.000000 25.000000
V 809.784000 12.499920 58.000000 25.000000
V 270.230400 222.674400 58.000000 25.000000
V 554.911200 33.042960 58.000000 25.000000
V 379.944000 180.388800 58.000000 25.000000
V 565.020000 201.916800 58.000000 25.000000
V 693.252000 31.510080 64.000000 25.000000
V 307.173600 257.724000 58.000000 25.000000
V 578.008800 168.897600 58.000000 25.000000
V 138.153600 240.300000 58.000000 25.000000
V 660.038400 125.575200 90.000000 25.000000
V 742.032000 117.489600 58.000000 25.000000
V 632.498400 208.324800 58.000000 25.000000
V 204.199200 221.738400 58.000000 25.000000
E 6 0
E 0 10
E 1 8
E 21 1
E 26 1
E 12 2
E 18 2
E 2 21
E 4 3
E 4 13
E 25 4
E 4 26
E 4 27
E 26 5
E 25 6
E 7 24
E 8 16
E 9 17
E 19 9
E 9 22
E 10 19
E 11 15
E 24 11
E 12 18
E 25 12
E 13 14
E 22 17
E 17 28
E 25 20
E 20 27
E 25 23
E 23 27
E 28 24
G Hs_PDGF_pathway_WP2526_20250929 20 23
V 268.948800 24.999840 101.093688 49.732581
V 686.469600 176.155200 33.533951 21.755619
V 49.902480 42.217920 77.293718 34.465092
V 799.704000 142.876800 45.972506 20.000000
V 314.884800 172.180800 60.000000 20.000000
V 242.971200 381.225600 60.000000 20.000000
V 379.310400 483.602400 60.000000 20.000000
V 568.490400 216.367200 77.293718 34.465092
V 387.604800 80.532000 60.000000 20.000000
V 272.368800 327.470400 60.000000 20.000000
V 914.040000 129.031200 45.972506 20.000000
V 30.000240 142.920000 60.000000 20.000000
V 385.207200 351.352800 60.000000 20.000000
V 468.784800 449.553600 60.000000 20.000000
V 158.940000 108.777600 105.590062 36.951158
V 432.223200 214.812000 60.000000 20.000000
V 499.478400 114.141600 45.000000 170.000000
V 170.834400 164.397600 60.000000 20.000000
V 162.208800 273.268800 81.038574 38.209948
V 454.644000 574.423200 54.620247 30.578724
E 8 0
E 0 14
E 1 3
E 7 1
E 11 2
E 2 14
E 3 10
E 15 4
E 4 17
E 12 5
E 5 18
E 6 12
E 19 6
E 15 7
E 15 8
E 12 9
E 9 18
E 17 11
E 13 12
E 15 12
E 19 13
E 18 14
E 15 16
G Hs_PI3K-AKT-mTOR_-_vitamin_D3_signaling_WP4141_20250311 20 22
V 379.137600 12.499920 99.108216 25.000000
V 686.556000 802.512000 73.076152 24.048096
V 417.031200 112.356000 80.000000 20.000000
V 613.231200 721.872000 80.000000 20.000000
V 362.685600 751.176000 98.106212 25.000000
V 476.820000 209.239200 90.000000 25.000000
V 351.568800 619.891200 80.000000 20.000000
V 431.676000 560.836800 80.000000 20.000000
V 292.960800 541.562400 80.000000 20.000000
V 452.491200 320.680800 156.222445 25.000000
V 429.033600 434.484000 80.000000 20.000000
V 549.792000 622.648800 80.000000 20.000000
V 519.134400 513.662400 61.032064 19.514028
V 662.198400 587.685600 59.249138 18.512024
V 404.337600 673.416000 80.000000 20.000000
V 171.014400 542.563200 80.000000 20.000000
V 580.795200 157.680000 90.000000 25.000000
V 336.060000 482.702400 97.104208 17.510020
V 287.877600 705.528000 80.000000 20.000000
V 61.500240 559.360800 123.156313 23.522044
E 2 0
E 3 1
E 5 2
E 11 3
E 4 6
E 14 4
E 9 5
E 5 16
E 7 6
E 6 17
E 18 6
E 8 7
E 7 10
E 7 11
E 7 12
E 7 14
E 15 8
E 10 9
E 17 10
E 11 13
E 18 14
E 19 15
G Hs_PTF1A_related_regulatory_pathway_WP4147_20170906 16 17
V 308.124000 251.949600 64.033333 20.000000
V 466.329600 279.504000 64.033333 20.000000
V 328.010400 159.192000 64.033333 20.000000
V 80.359200 272.030400 64.033333 20.000000
V 187.171200 166.564800 167.000000 56.000000
V 331.927200 459.187200 64.033333 20.000000
V 63.931680 70.619760 64.033333 20.000000
V 259.423200 319.989600 64.033333 20.000000
V 31.999680 138.988800 64.033333 20.000000
V 198.792000 10.000080 64.033333 20.000000
V 124.236000 24.199200 64.033333 20.000000
V 32.752800 214.574400 64.033333 20.000000
V 330.768000 81.518400 64.033333 20.000000
V 178.531200 313.725600 64.033333 20.000000
V 109.519200 458.798400 64.033333 20.000000
V 270.799200 31.443840 64.033333 20.000000
E 0 1
E 0 2
U 4 0
E 0 13
U 2 4
E 3 4
E 6 4
U 4 7
E 8 4
E 4 9
E 4 10
E 11 4
E 12 4
E 13 4
E 15 4
E 7 5
E 14 13
G Hs_Parkin-ubiquitin_proteasomal_system_pathway_WP2359_20250310 19 27
V 151.632000 470.311200 80.000000 18.991597
V 169.869600 230.342400 80.000000 20.000000
V 81.453600 419.263200 80.000000 20.000000
V 224.452800 534.780000 65.000000 20.000000
V 387.756000 31.597920 60.475412 20.035403
V 280.864800 10.000080 60.898148 20.000000
V 268.401600 349.704000 80.000000 20.000000
V 420.566400 296.481600 80.000000 20.000000
V 95.500800 99.489600 191.370370 20.000000
V 365.356800 178.365600 80.000000 20.000000
V 537.588000 119.239200 80.000000 20.000000
V 116.308800 349.430400 61.317326 20.000000
V 310.593600 538.185600 80.000000 20.000000
V 444.535200 453.564000 80.000000 20.000000
V 265.132800 694.929600 65.000000 20.000000
V 261.496800 160.408800 80.000000 20.000000
V 443.095200 371.908800 80.000000 20.000000
V 356.522400 446.565600 80.000000 20.000000
V 92.750400 256.485600 56.503109 20.000000
E 0 6
E 6 1
E 1 8
E 2 6
E 3 6
E 14 3
E 4 9
E 4 15
E 5 9
E 5 15
E 7 6
E 6 9
E 11 6
E 12 6
E 6 13
E 6 15
E 16 6
E 17 6
E 6 18
E 15 8
E 18 8
E 10 9
E 9 15
E 11 18
E 14 12
E 17 13
E 16 17
G Hs_Pathophysiological_roles_of_DUX4_in_FSHD1_WP5342_20250711 23 23
V 296.892000 283.989600 81.682348 28.809742
V 465.753600 476.546400 37.598104 16.669436
V 244.951200 143.596800 46.585447 18.357143
V 317.469600 609.746400 37.598104 16.669436
V 196.452000 14.500080 81.682348 28.809742
V 248.961600 596.606400 83.000000 22.662741
V 394.056000 320.220000 37.598104 16.669436
V 341.200800 466.495200 91.915489 71.326746
V 159.199200 484.833600 60.500000 33.044872
V 297.957600 363.499200 90.000000 25.000000
V 798.048000 348.307200 63.000000 25.000000
V 229.550400 437.508000 31.191964 18.357143
V 663.703200 378.856800 139.089739 26.302757
V 518.342400 411.206400 60.000000 25.220843
V 480.225600 553.550400 46.585447 18.357143
V 925.992000 307.245600 60.500000 62.500000
V 436.312800 369.504000 50.049538 27.651983
V 214.660800 546.379200 47.127179 20.944061
V 13.500000 516.542400 27.166667 28.500000
V 387.460800 643.550400 67.767510 18.824044
V 410.378400 566.618400 47.127179 20.944061
V 207.432000 369.878400 75.000000 23.000000
V 405.799200 791.568000 47.127179 20.944061
E 0 2
E 7 0
E 1 7
E 2 4
E 3 7
E 7 5
E 6 7
E 8 7
E 7 9
E 7 11
E 13 7
E 7 14
E 7 16
E 7 17
E 7 19
E 7 20
E 7 21
E 18 8
E 9 11
E 10 12
E 15 10
E 12 13
E 19 22
G Hs_Pathways_affected_in_adenoid_cystic_carcinoma_WP3651_20250308 17 17
V 244.512000 144.705600 60.000000 20.000000
V 322.416000 178.653600 60.000000 20.000000
V 407.037600 214.560000 60.000000 20.000000
V 182.916000 288.612000 60.000000 20.000000
V 67.500000 394.603200 135.000000 23.000000
V 352.843200 251.906400 60.000000 20.000000
V 359.748000 336.564000 80.000000 20.000000
V 424.965600 38.003040 185.000000 20.000000
V 284.601600 10.000080 80.000000 20.000000
V 303.163200 94.276800 60.000000 20.000000
V 482.040000 177.328800 60.000000 20.000000
V 121.428000 339.292800 60.000000 20.000000
V 539.870400 317.001600 120.000000 20.000000
V 250.840800 237.578400 60.000000 20.000000
V 472.024800 273.578400 60.000000 20.000000
V 173.102400 97.286400 80.000000 20.000000
V 377.884800 110.397600 60.000000 20.000000
E 0 1
E 0 15
E 1 2
E 1 5
E 1 9
E 1 13
E 1 16
E 2 5
E 10 2
E 2 14
E 3 11
E 13 3
E 11 4
E 5 6
E 16 7
E 9 8
E 14 12
G Hs_Pathways_of_nucleic_acid_metabolism_and_innate_immune_sensing_WP4705_20241221 33 33
V 358.135200 372.024000 90.000000 25.000000
V 578.311200 191.080800 90.000000 25.000000
V 631.612800 143.100000 90.000000 25.000000
V 241.135200 328.341600 90.000000 25.000000
V 663.069600 260.474400 90.000000 25.000000
V 45.000000 305.128800 90.000000 25.000000
V 192.096000 262.569600 90.000000 25.000000
V 780.552000 326.505600 90.000000 25.000000
V 309.535200 652.910400 90.000000 25.000000
V 562.816800 367.257600 90.000000 25.000000
V 682.704000 293.500800 90.000000 25.000000
V 878.688000 354.614400 90.000000 31.042595
V 530.906400 305.690400 90.000000 25.000000
V 646.272000 75.312000 90.000000 25.000000
V 324.633600 518.104800 72.543940 43.112383
V 312.350400 279.216000 90.000000 25.000000
V 414.208800 494.035200 90.000000 25.000000
V 668.779200 12.499920 90.000000 25.000000
V 902.880000 427.831200 90.000000 25.000000
V 976.680000 384.688800 90.000000 34.165538
V 325.987200 240.566400 90.000000 25.000000
V 190.634400 386.064000 90.000000 25.000000
V 449.985600 338.860800 90.000000 25.000000
V 339.256800 323.769600 90.000000 25.000000
V 296.640000 715.644000 90.000000 25.000000
V 676.411200 195.069600 90.000000 25.000000
V 937.296000 302.328000 90.000000 25.000000
V 362.577600 445.672800 90.000000 25.000000
V 143.042400 322.437600 90.000000 25.000000
V 287.287200 172.274400 90.000000 25.000000
V 471.470400 400.284000 90.000000 25.000000
V 320.292000 586.382400 90.000000 25.000000
V 565.020000 258.890400 90.000000 25.000000
E 0 22
E 23 0
E 27 0
E 2 1
E 1 32
E 13 2
E 25 2
E 6 3
E 21 3
E 3 23
E 3 28
U 10 4
E 25 4
E 4 32
E 5 28
E 7 10
E 11 7
E 8 24
E 8 31
E 9 12
E 11 18
E 11 19
E 26 11
E 12 22
E 32 12
E 17 13
E 14 27
E 31 14
E 15 23
E 16 27
E 20 23
E 29 20
E 22 30
G Hs_Pentose_phosphate_metabolism_WP134_20250303 16 15
V 144.360000 306.338400 60.000000 20.000000
V 960.480000 240.444000 161.333333 19.000000
V 891.576000 112.924800 60.000000 20.000000
V 603.633600 208.087200 129.000000 20.000000
V 784.440000 240.861600 175.333333 19.000000
V 431.402400 251.157600 196.000000 23.000000
V 791.424000 68.589360 60.000000 20.000000
V 230.083200 9.499680 204.000000 19.000000
V 822.672000 414.907200 173.333333 19.000000
V 1116.648000 176.256000 88.000000 28.000000
V 583.351200 32.936400 60.000000 20.000000
V 267.300000 180.921600 170.333333 19.000000
V 389.282400 417.420000 60.000000 20.000000
V 963.792000 706.118400 146.000000 20.000000
V 888.264000 567.532800 60.000000 20.000000
V 111.499200 131.328000 223.000000 25.000000
E 0 11
E 4 1
E 1 9
E 2 4
E 3 4
E 5 3
E 10 3
E 6 4
E 4 8
E 11 5
E 12 5
E 7 11
E 14 8
E 15 11
E 14 13
G Hs_Peptide_GPCRs_WP24_20260701 19 18
V 30.000240 150.955200 60.000000 20.000000
V 336.960000 264.405600 60.000000 20.000000
V 162.201600 10.000080 60.000000 20.000000
V 211.809600 372.499200 60.000000 20.000000
V 256.305600 314.654400 60.000000 20.000000
V 128.980800 283.665600 60.000000 20.000000
V 79.279200 57.768480 60.000000 20.000000
V 381.736800 150.120000 60.000000 20.000000
V 98.006400 123.775200 60.000000 20.000000
V 266.241600 21.408480 60.000000 20.000000
V 196.574400 62.217360 60.000000 20.000000
V 37.977120 222.544800 60.000000 20.000000
V 386.812800 228.621600 60.000000 20.000000
V 318.931200 342.907200 60.000000 20.000000
V 207.108000 191.678400 119.000000 20.000000
V 307.893600 125.107200 60.000000 20.000000
V 339.364800 62.560800 60.000000 20.000000
V 132.811200 358.394400 60.000000 20.000000
V 56.188800 295.286400 60.000000 20.000000
E 0 14
U 14 1
E 2 14
U 14 3
E 4 14
U 14 5
E 6 14
E 7 14
U 14 8
U 14 9
U 14 10
E 11 14
E 12 14
E 13 14
E 15 14
U 14 16
E 17 14
U 14 18
G Hs_Peroxisomal_beta-oxidation_of_tetracosanoyl-CoA_WP1941_20250629 19 18
V 121.701600 579.484800 119.000000 20.000000
V 468.043200 566.654400 44.000000 20.000000
V 16.500240 744.840000 33.000000 20.000000
V 126.432000 320.284800 220.000000 20.000000
V 290.606400 894.888000 168.000000 57.000000
V 181.670400 769.608000 125.000000 20.000000
V 378.727200 154.836000 112.000000 20.000000
V 532.490400 499.053600 130.000000 20.000000
V 149.126400 224.359200 142.000000 20.000000
V 490.320000 417.369600 44.000000 20.000000
V 246.117600 168.544800 84.000000 20.000000
V 319.449600 304.012800 150.000000 20.000000
V 439.660800 20.000160 171.000000 40.000000
V 389.520000 724.176000 46.000000 20.000000
V 447.141600 251.625600 56.000000 20.000000
V 356.788800 473.760000 167.000000 20.000000
V 266.817600 623.570400 145.000000 20.000000
V 172.144800 921.456000 39.750000 20.000000
V 54.440640 856.080000 104.000000 20.000000
E 0 16
E 1 15
E 2 5
E 3 11
E 4 5
E 5 16
E 5 17
E 18 5
E 11 6
E 6 12
E 7 15
E 8 11
E 15 9
E 11 10
E 14 11
E 15 11
E 13 16
E 16 15
G Hs_Perturbations_to_host-cell_autophagy__induced_by_SARS-CoV-2_proteins_WP4936_20250827 19 18
V 435.924000 470.412000 90.000000 25.000000
V 564.717600 596.188800 80.000000 30.000000
V 875.880000 205.891200 80.000000 25.000000
V 492.681600 643.507200 80.000000 30.000000
V 320.025600 305.301600 80.000000 25.000000
V 404.668800 606.456000 80.000000 30.000000
V 204.667200 177.674400 67.038074 25.000000
V 562.485600 433.094400 60.000000 25.000000
V 309.362400 413.640000 80.000000 25.000000
V 585.093600 339.919200 80.000000 30.000000
V 453.024000 319.291200 60.000000 25.000000
V 213.444000 755.064000 80.000000 25.000000
V 606.614400 519.379200 60.000000 25.000000
V 302.918400 616.140000 98.000000 35.000000
V 736.992000 271.396800 63.949580 25.000000
V 121.428000 876.888000 90.000000 35.000000
V 210.996000 12.499920 80.000000 25.000000
V 274.190400 494.776800 85.000000 30.000000
V 40.000320 152.431200 80.000000 25.000000
E 1 0
E 3 0
E 4 0
E 5 0
U 7 0
E 8 0
U 0 9
U 10 0
U 12 0
E 13 0
E 17 0
E 14 2
E 6 4
E 6 16
E 6 18
E 14 9
E 11 13
E 11 15
G Hs_Perturbed_thyroid_hormone_homeostasis_leading_to_developmental_neurotoxicity_WP5517_20250319 30 31
V 1104.624000 979.848000 90.000000 25.000000
V 1438.704000 1017.072000 90.000000 25.000000
V 981.144000 376.351200 78.121702 26.422746
V 1209.672000 1312.704000 90.000000 25.000000
V 1395.432000 1219.392000 186.555710 32.590431
V 335.174400 397.872000 200.412193 32.590431
V 1273.248000 597.297600 216.555710 32.590431
V 1319.256000 375.170400 200.412193 26.395547
V 448.747200 193.456800 200.412193 32.590431
V 1341.360000 965.016000 90.000000 25.000000
V 1226.448000 14.999760 311.224490 30.000000
V 1096.848000 1286.496000 90.000000 25.000000
V 1442.016000 1125.072000 90.000000 25.000000
V 1135.800000 207.511200 170.918367 32.590431
V 1312.848000 1285.416000 90.000000 25.000000
V 1518.696000 293.378400 311.224490 30.000000
V 724.248000 1087.344000 216.555710 32.590431
V 351.172800 851.112000 227.450339 32.590431
V 1217.232000 1084.032000 244.555710 32.590431
V 909.288000 117.115200 200.412193 32.590431
V 1081.008000 1180.728000 90.000000 25.000000
V 505.641600 1030.104000 186.583162 32.590431
V 1236.744000 823.608000 216.555710 32.590431
V 145.000800 921.456000 290.000000 30.969000
V 1149.696000 421.869600 200.412193 32.590431
V 384.019200 1216.152000 178.119864 26.422746
V 950.688000 1077.912000 216.555710 32.590431
V 308.505600 30.539520 200.412193 32.590431
V 664.250400 114.019200 274.107476 32.590431
V 308.412000 622.900800 200.412193 32.590431
U 18 0
U 18 1
U 2 24
U 18 3
E 4 18
E 8 5
E 29 5
E 6 7
E 22 6
E 6 24
E 7 13
U 15 7
E 8 27
E 28 8
U 18 9
U 13 10
U 18 11
U 18 12
E 13 19
E 24 13
U 18 14
E 16 21
E 26 16
E 21 17
U 23 17
E 17 29
U 18 20
E 18 22
E 18 26
E 19 28
U 25 21
G Hs_Phosphatidylcholine_catabolism_WP4195_20181112 32 37
V 505.612800 252.828000 52.107321 25.000000
V 675.028800 280.036800 90.000000 25.000000
V 94.824000 383.565600 113.000000 25.000000
V 310.089600 560.980800 90.000000 25.000000
V 706.341600 761.688000 90.000000 25.000000
V 408.096000 535.305600 90.000000 25.000000
V 512.395200 169.776000 90.000000 25.000000
V 587.462400 635.947200 93.000000 25.000000
V 568.908000 12.499920 111.666667 25.000000
V 613.994400 230.997600 79.115139 25.000000
V 507.859200 363.564000 90.000000 25.000000
V 449.107200 846.216000 90.000000 25.000000
V 316.987200 437.709600 90.000000 25.000000
V 650.707200 349.005600 52.107321 25.000000
V 627.933600 809.784000 90.000000 25.000000
V 748.512000 679.507200 102.000000 25.000000
V 642.816000 503.510400 137.500000 25.000000
V 401.119200 197.395200 90.000000 25.000000
V 100.591200 730.296000 90.000000 25.000000
V 322.149600 47.325600 112.489712 25.000000
V 49.588560 590.666400 49.000000 25.000000
V 501.033600 571.932000 90.000000 25.000000
V 363.175200 677.325600 90.000000 25.000000
V 816.912000 442.792800 93.000000 25.000000
V 822.600000 532.929600 125.000000 25.000000
V 247.802400 645.098400 90.000000 25.000000
V 207.144000 516.708000 90.000000 25.000000
V 548.236800 851.400000 90.000000 25.000000
V 45.000000 478.000800 90.000000 25.000000
V 507.304800 671.407200 137.500000 25.000000
V 372.506400 287.798400 90.000000 25.000000
V 192.924000 813.456000 90.000000 25.000000
E 10 0
E 10 1
E 26 2
E 3 5
E 4 7
E 7 5
E 5 10
E 12 5
E 5 21
E 22 5
E 5 25
E 5 26
E 5 29
E 8 6
E 6 10
E 6 17
E 14 7
E 15 7
E 7 16
E 7 21
E 29 7
E 9 10
E 13 10
E 16 10
E 10 17
E 10 30
E 29 11
E 23 16
E 16 24
E 29 16
E 17 19
E 18 25
E 20 26
E 25 26
E 25 31
E 28 26
E 27 29
G Hs_Phosphoinositides_metabolism_WP4971_20251001 22 27
V 527.558400 424.360800 108.901397 36.221776
V 453.542400 610.408800 108.901397 36.221776
V 206.769600 384.170400 108.901397 36.221776
V 233.517600 754.200000 90.000000 25.000000
V 486.446400 199.994400 108.901397 36.221776
V 712.879200 463.701600 90.000000 29.471394
V 231.264000 237.967200 108.901397 36.221776
V 676.713600 201.931200 58.296969 25.000000
V 160.185600 115.646400 63.604651 26.453488
V 258.760800 24.642000 45.677048 20.624577
V 403.790400 90.439200 46.567398 25.000000
V 538.300800 13.000320 66.514056 26.333465
V 347.702400 428.875200 108.901397 36.221776
V 480.398400 281.152800 90.000000 25.000000
V 348.271200 224.013600 108.901397 36.221776
V 609.285600 717.235200 72.942233 26.989227
V 636.926400 90.770400 58.296969 25.000000
V 115.812000 699.055200 90.000000 29.471394
V 248.968800 574.977600 108.901397 36.221776
V 56.234160 160.524000 90.000000 25.000000
V 482.364000 790.560000 90.000000 29.471394
V 54.499680 590.652000 108.901397 36.221776
E 1 0
E 0 4
E 5 0
E 12 0
E 15 1
E 1 18
E 20 1
E 6 2
E 2 14
E 2 18
E 18 3
E 4 6
E 7 4
E 10 4
E 11 4
E 4 13
E 14 4
E 16 4
E 19 6
E 8 14
E 9 14
E 14 10
E 12 14
E 12 18
E 13 14
E 17 18
E 18 21
G Hs_Physico-chemical_features_and_toxicity-associated_pathways_WP3680_20250828 20 22
V 51.958080 175.665600 80.000000 20.000000
V 319.939200 452.376000 80.000000 20.000000
V 420.674400 184.694400 80.000000 20.000000
V 164.383200 527.176800 80.000000 20.000000
V 397.915200 492.199200 80.000000 20.000000
V 519.933600 206.229600 80.000000 20.000000
V 97.934400 610.452000 80.000000 20.000000
V 497.570400 103.384800 80.000000 25.000000
V 139.816800 237.873600 59.666667 25.000000
V 561.304800 277.567200 80.000000 20.000000
V 234.432000 303.796800 80.000000 20.000000
V 231.933600 438.703200 80.000000 20.000000
V 421.524000 422.071200 80.000000 20.000000
V 40.000320 696.232800 80.000000 20.000000
V 557.517600 369.331200 80.000000 20.000000
V 547.855200 10.000080 80.000000 20.000000
V 341.704800 367.963200 80.000000 20.000000
V 457.488000 590.083200 80.000000 20.000000
V 453.168000 300.096000 80.000000 20.000000
V 341.416800 259.056000 80.000000 20.000000
E 8 0
E 16 1
E 2 7
E 2 18
E 2 19
E 3 6
E 11 3
E 16 4
E 4 17
E 5 7
E 5 9
E 5 18
E 6 13
E 7 15
E 10 8
E 9 18
E 16 10
E 16 11
E 12 16
E 18 14
E 16 18
E 16 19
G Hs_Pleural_mesothelioma_WP5087_20250827 26 29
V 61.372080 366.732000 60.000000 25.000000
V 204.883200 1041.912000 90.000000 25.000000
V 776.520000 679.788000 90.000000 30.000000
V 441.720000 689.760000 90.000000 25.000000
V 306.655200 292.507200 60.000000 25.000000
V 619.718400 959.112000 90.000000 25.000000
V 267.523200 395.438400 90.000000 30.000000
V 545.500800 815.184000 90.000000 25.000000
V 232.228800 209.570400 61.646993 25.000000
V 412.639200 271.713600 60.000000 25.000000
V 134.798400 272.138400 60.000000 25.000000
V 96.573600 443.491200 60.000000 25.000000
V 510.321600 141.336000 90.000000 25.000000
V 406.641600 394.567200 90.000000 25.000000
V 45.000000 952.704000 90.000000 25.000000
V 926.424000 709.884000 90.000000 25.000000
V 184.881600 346.291200 171.450116 25.000000
V 590.349600 12.499920 90.000000 25.000000
V 173.174400 496.598400 60.000000 25.000000
V 283.341600 725.976000 90.000000 30.000000
V 330.631200 570.628800 90.000000 25.000000
V 132.530400 756.792000 69.746919 25.000000
V 199.281600 883.440000 90.000000 25.000000
V 433.353600 834.912000 90.000000 25.000000
V 613.699200 661.903200 90.000000 25.000000
V 144.259200 69.880320 67.465027 25.000000
E 6 0
E 0 16
E 22 1
E 2 15
E 2 24
E 7 3
E 3 19
E 20 3
E 3 23
E 24 3
E 6 4
E 4 16
E 7 5
E 6 8
E 6 9
E 6 10
E 6 11
E 6 13
E 6 16
E 6 18
E 20 6
E 25 8
E 9 12
E 11 16
E 12 17
E 22 14
E 20 19
E 21 19
E 19 22
G Hs_Polyol_pathway_WP690_20210518 17 17
V 282.412800 671.263200 80.000000 32.373134
V 441.324000 700.020000 80.000000 20.000000
V 400.795200 455.407200 80.000000 20.000000
V 55.030320 868.896000 90.000000 25.000000
V 271.915200 516.441600 80.000000 20.000000
V 152.236800 769.032000 146.266880 25.000000
V 40.000320 395.157600 80.000000 20.000000
V 263.016000 260.661600 158.000000 20.000000
V 136.008000 260.157600 80.000000 20.000000
V 578.138400 669.355200 80.000000 20.000000
V 155.959200 655.257600 146.266880 25.000000
V 188.892000 389.577600 112.000000 20.000000
V 524.973600 822.960000 80.000000 20.000000
V 347.695200 774.792000 146.266880 25.000000
V 260.712000 809.064000 80.000000 20.000000
V 199.915200 140.032800 160.000000 20.000000
V 210.736800 10.000080 80.000000 20.000000
E 1 0
E 0 4
E 0 5
E 0 10
E 0 13
E 14 0
E 9 1
E 1 12
E 2 4
E 5 3
E 4 11
E 6 11
E 11 7
E 7 15
E 11 8
E 8 15
E 15 16
G Hs_Prader-Willi_and_Angelman_syndrome_WP3998_20250722 15 15
V 108.684000 338.774400 90.000000 25.000000
V 45.000000 223.646400 90.000000 25.000000
V 686.138400 356.205600 90.000000 25.000000
V 353.764800 455.198400 90.000000 25.000000
V 625.572000 482.709600 90.000000 25.000000
V 317.880000 592.696800 90.000000 25.000000
V 143.812800 138.297600 120.687174 25.000000
V 883.296000 511.012800 147.443572 25.000000
V 116.532000 12.499920 90.000000 25.000000
V 490.917600 456.861600 90.000000 25.000000
V 239.889600 234.316800 90.000000 25.000000
V 140.421600 485.848800 90.000000 25.000000
V 236.023200 376.855200 90.000000 25.000000
V 756.792000 504.568800 90.000000 25.000000
V 638.704800 623.664000 90.000000 25.000000
E 0 1
E 12 0
E 1 6
E 2 4
E 5 3
E 3 9
E 12 3
E 9 4
E 4 13
E 14 4
E 8 6
E 10 6
E 13 7
E 12 10
E 12 11
G Hs_Proline_and_hydroxyproline_pathways_WP5026_20251103 32 36
V 910.368000 751.968000 70.000000 20.000000
V 553.615200 345.952800 90.000000 25.000000
V 899.712000 471.484800 60.000000 20.000000
V 734.688000 775.296000 60.000000 20.000000
V 1139.688000 212.248800 60.000000 20.000000
V 1096.128000 10.000080 60.000000 20.000000
V 430.344000 323.503200 60.000000 20.000000
V 1034.208000 125.676000 90.000000 20.000000
V 172.987200 286.999200 90.000000 20.000000
V 805.248000 491.270400 60.000000 20.000000
V 708.703200 295.920000 60.000000 20.000000
V 544.924800 519.040800 60.000000 20.000000
V 301.305600 304.639200 90.000000 20.000000
V 926.712000 366.019200 150.000000 20.000000
V 988.416000 727.272000 70.000000 20.000000
V 662.486400 424.886400 60.000000 20.000000
V 1028.232000 268.358400 130.000000 20.000000
V 526.896000 388.756800 90.000000 25.000000
V 800.928000 571.924800 60.000000 20.000000
V 100.000800 176.472000 200.000000 35.000000
V 612.936000 536.983200 60.000000 20.000000
V 529.250400 224.870400 70.000000 25.000000
V 737.784000 633.902400 106.130952 20.000000
V 62.375760 361.231200 60.000000 20.000000
V 922.896000 605.304000 70.000000 20.000000
V 584.294400 306.820800 90.000000 25.000000
V 1050.912000 640.944000 60.000000 20.000000
V 638.517600 736.056000 60.000000 20.000000
V 820.152000 394.034400 60.000000 20.000000
V 994.824000 855.144000 60.000000 20.000000
V 1167.336000 309.837600 60.000000 20.000000
V 1054.728000 561.686400 60.000000 20.000000
E 0 24
E 29 0
E 6 1
E 1 15
E 21 1
U 2 9
U 22 3
E 4 16
E 5 7
E 6 12
E 6 17
E 6 25
E 7 16
E 12 8
E 8 19
E 23 8
E 9 13
E 15 9
E 18 9
U 22 9
E 24 9
E 28 9
E 10 15
U 11 15
E 16 13
E 24 14
E 14 29
E 17 15
U 15 20
E 25 15
E 16 30
E 21 17
E 21 25
E 27 22
E 26 24
E 31 24
G Hs_Prostaglandin_and_leukotriene_metabolism_in_senescence__WP5122_20250714 26 36
V 358.927200 118.958400 60.000000 20.000000
V 349.581600 368.949600 60.000000 20.000000
V 761.760000 496.202400 70.000000 20.000000
V 504.252000 831.600000 116.856287 20.000000
V 344.368800 551.412000 60.000000 20.000000
V 219.924000 591.300000 60.000000 20.000000
V 112.471200 624.448800 60.000000 20.000000
V 404.568000 490.615200 60.000000 20.000000
V 231.667200 388.339200 60.000000 20.000000
V 352.000800 10.000080 90.000000 20.000000
V 417.600000 376.819200 60.000000 20.000000
V 30.000240 435.520800 60.000000 20.000000
V 729.504000 602.337600 70.000000 20.000000
V 482.169600 719.294400 80.000000 20.000000
V 469.476000 593.863200 110.000000 20.000000
V 448.358400 437.054400 60.000000 20.000000
V 367.444800 234.741600 60.000000 20.000000
V 122.011200 429.537600 60.000000 20.000000
V 283.053600 314.712000 60.000000 20.000000
V 563.587200 386.359200 90.000000 20.000000
V 295.660800 479.772000 40.000000 20.000000
V 117.648000 527.896800 80.000000 70.000000
V 39.635280 533.822400 60.000000 20.000000
V 609.487200 619.056000 154.000000 20.000000
V 624.780000 282.139200 60.000000 20.000000
V 678.463200 416.520000 60.000000 20.000000
E 0 9
E 16 0
E 7 1
E 8 1
E 15 1
E 1 16
E 2 12
E 25 2
E 13 3
E 5 4
E 7 4
E 4 15
E 6 5
E 5 21
E 6 21
E 6 22
E 7 10
E 7 14
E 15 7
E 20 7
E 17 8
E 8 18
E 8 20
E 10 15
E 18 10
E 17 11
E 11 21
E 12 23
E 14 13
E 23 14
E 15 19
E 17 21
E 22 17
E 24 19
E 19 25
E 22 21
G Hs_Prostaglandin_synthesis_and_regulation_WP98_20250506 22 28
V 263.786400 375.955200 113.333333 16.000000
V 535.161600 306.468000 49.000000 14.000000
V 164.908800 136.972800 101.000000 29.000000
V 408.866400 531.100800 60.000000 20.000000
V 260.157600 515.340000 36.000000 15.000000
V 408.600000 668.354400 90.333333 16.000000
V 364.550400 416.138400 42.000000 14.000000
V 297.921600 491.551200 41.000000 15.500000
V 447.703200 307.634400 66.666667 20.333333
V 210.895200 10.000080 66.666667 20.000000
V 78.062400 55.779120 49.000000 14.000000
V 305.229600 756.360000 61.333333 20.333333
V 547.056000 513.144000 53.333333 16.000000
V 518.839200 742.032000 66.666667 20.000000
V 134.510400 403.365600 40.000000 14.000000
V 672.559200 545.652000 66.666667 20.000000
V 243.792000 242.078400 113.333333 16.000000
V 370.591200 206.006400 53.333333 16.000000
V 33.500160 138.499200 66.666667 20.000000
V 413.553600 395.740800 40.000000 14.000000
V 413.460000 791.064000 118.166667 16.000000
V 570.384000 383.292000 65.333333 16.000000
E 0 4
E 0 6
E 0 7
E 0 14
E 16 0
E 0 19
E 1 19
E 9 2
E 10 2
E 2 16
E 18 2
E 3 4
E 5 3
E 3 6
E 3 7
U 3 12
E 3 19
E 11 5
E 13 5
E 5 20
E 6 8
E 8 17
E 19 8
E 8 21
E 10 18
E 12 15
E 12 21
E 17 16
G Hs_Protein_alkylation_leading_to_liver_fibrosis_WP3980_20230228 17 17
V 163.000800 321.674400 326.298197 25.000000
V 467.942400 907.200000 178.658381 25.000000
V 958.536000 362.656800 139.000000 25.000000
V 1340.424000 618.530400 90.000000 25.000000
V 583.574400 672.307200 249.000000 25.000000
V 790.920000 611.121600 335.000000 25.000000
V 1298.592000 56.244960 133.000000 25.000000
V 1264.680000 341.539200 150.000000 25.000000
V 838.080000 133.826400 265.012388 25.000000
V 1455.192000 140.342400 90.000000 25.000000
V 296.719200 12.499920 135.000000 25.000000
V 1070.424000 609.386400 207.648013 25.000000
V 1530.792000 323.956800 90.000000 25.000000
V 1482.408000 515.354400 90.000000 25.000000
V 659.930400 400.082400 176.000000 25.000000
V 984.528000 93.513600 90.000000 25.000000
V 417.657600 253.692000 173.000000 25.000000
U 16 0
U 4 1
E 2 5
E 7 2
U 2 8
U 2 11
E 2 14
U 2 15
E 3 7
E 5 4
E 4 14
E 6 7
E 9 7
E 12 7
E 13 7
E 16 10
E 14 16
G Hs_Proteoglycan_biosynthesis_WP4784_20250311 15 16
V 45.000000 172.872000 90.000000 25.000000
V 400.874400 23.361840 90.000000 25.000000
V 112.557600 67.398480 90.000000 25.000000
V 567.381600 345.182400 110.149137 32.123234
V 190.065600 200.743200 76.397174 25.000000
V 219.168000 394.020000 90.000000 25.000000
V 333.158400 157.075200 78.751962 25.000000
V 320.090400 286.732800 90.000000 25.000000
V 293.644800 12.499920 90.000000 25.000000
V 400.420800 408.722400 90.000000 25.000000
V 567.972000 112.615200 125.062794 25.000000
V 465.091200 227.476800 78.751962 25.000000
V 612.964800 229.636800 90.000000 25.000000
V 307.015200 441.727200 90.000000 25.000000
V 66.841920 295.646400 90.000000 25.000000
E 0 4
E 1 6
E 2 4
E 3 11
U 4 6
E 4 7
E 14 4
E 7 5
E 6 7
E 8 6
U 6 11
E 7 9
E 11 7
E 13 7
U 11 10
E 12 11
G Hs_Proximal_tubule_transport_WP4917_20251014 16 16
V 89.532000 20.238480 90.000000 25.000000
V 294.840000 272.642400 90.000000 25.000000
V 300.801600 600.076800 43.000000 25.000000
V 324.043200 487.951200 123.037345 21.862306
V 63.499680 227.426400 127.467999 17.280406
V 29.802240 120.124800 43.000000 25.000000
V 478.641600 441.194400 90.000000 25.000000
V 378.583200 59.077440 90.000000 25.000000
V 241.214400 45.343440 43.000000 25.000000
V 287.438400 143.820000 90.000000 25.000000
V 528.624000 126.878400 90.000000 25.000000
V 149.364000 137.584800 90.000000 25.000000
V 448.984800 292.716000 90.000000 25.000000
V 370.339200 375.789600 90.000000 25.000000
V 410.882400 179.100000 90.000000 25.000000
V 315.727200 12.499920 90.000000 25.000000
E 11 0
E 1 9
E 13 1
E 2 3
E 3 13
E 11 4
E 11 5
E 6 13
E 9 7
E 9 8
E 9 11
E 14 9
E 15 9
E 14 10
E 13 12
E 12 14
G Hs_Psoriasis_mechanism_and_therapies_WP5537_20251031 16 19
V 40.000320 189.172800 80.000000 20.000000
V 403.423200 337.809600 60.000000 20.000000
V 951.624000 287.186400 60.000000 20.000000
V 312.076800 216.417600 60.000000 20.000000
V 709.826400 587.440800 60.000000 20.000000
V 352.951200 188.416800 60.000000 20.000000
V 186.040800 164.066400 60.000000 20.000000
V 847.800000 394.070400 60.000000 20.000000
V 322.466400 474.811200 60.000000 20.000000
V 433.303200 92.714400 90.000000 20.000000
V 295.135200 61.005600 60.000000 20.000000
V 244.058400 598.780800 120.000000 25.000000
V 162.460800 10.000080 90.000000 20.000000
V 963.792000 488.728800 60.000000 20.000000
V 556.142400 377.366400 60.000000 20.000000
V 698.054400 433.332000 60.000000 20.000000
E 0 6
E 1 3
E 1 5
E 1 8
E 14 1
E 7 2
E 3 6
E 9 3
E 3 10
E 15 4
E 5 6
E 9 5
E 5 10
E 6 12
E 7 13
E 15 7
E 8 11
E 10 12
E 15 14
G Hs_RAC1-PAK1-p38-MMP2_pathway_WP3303_20250303 40 43
V 161.596800 503.056800 117.000000 61.000000
V 156.247200 372.384000 45.000000 20.000000
V 208.418400 342.482400 52.000000 20.000000
V 155.721600 241.790400 44.000000 20.000000
V 258.840000 51.786720 54.666667 20.666667
V 101.239200 355.780800 46.000000 20.000000
V 100.951200 23.833440 52.000000 20.000000
V 181.864800 426.535200 44.000000 20.000000
V 187.567200 74.620800 56.000000 20.000000
V 154.332000 314.467200 51.000000 20.000000
V 162.547200 10.000080 55.083333 20.000000
V 159.091200 590.731200 37.000000 20.000000
V 154.072800 635.284800 40.000000 20.000000
V 126.532800 425.311200 47.000000 20.000000
V 244.915200 551.563200 44.000000 20.000000
V 262.173600 180.957600 128.000000 32.000000
V 132.703200 558.705600 50.000000 20.000000
V 167.148000 179.301600 46.000000 20.000000
V 145.080000 677.325600 40.000000 20.000000
V 84.765600 51.855120 50.416667 20.000000
V 163.893600 131.853600 46.000000 20.000000
V 79.704000 184.147200 44.000000 20.000000
V 279.403200 80.330400 50.666667 20.000000
V 134.762400 207.914400 50.000000 20.000000
V 190.310400 557.028000 49.000000 20.000000
V 155.340000 277.632000 42.000000 20.000000
V 211.305600 214.970400 46.000000 20.000000
V 60.281280 132.285600 41.000000 20.000000
V 128.253600 99.619200 45.000000 20.000000
V 227.102400 23.251680 58.333333 20.000000
V 260.244000 108.360000 55.000000 20.000000
V 228.996000 398.520000 51.000000 20.000000
V 68.708880 104.263200 58.000000 20.000000
V 19.499760 386.611200 39.000000 20.000000
V 250.070400 370.497600 56.250000 20.000000
V 223.941600 146.829600 47.000000 20.000000
V 110.829600 156.132000 44.000000 20.000000
V 161.092800 454.543200 46.000000 20.000000
V 74.952000 551.584800 49.000000 20.000000
V 68.652000 384.775200 43.000000 20.000000
E 14 0
E 16 0
E 24 0
E 37 0
E 38 0
E 2 1
E 5 1
U 1 7
U 1 9
U 1 13
U 1 31
E 34 1
E 39 1
U 3 17
U 25 3
E 8 4
E 8 6
E 7 37
E 8 10
E 8 19
E 8 20
E 8 22
E 8 29
E 8 30
U 25 9
E 12 11
E 11 14
E 11 16
E 11 24
E 11 38
E 18 12
E 13 37
E 17 15
E 17 20
E 17 21
E 17 23
E 17 26
E 17 35
U 27 20
E 20 28
E 20 32
U 20 36
E 39 33
G Hs_ROS_in_COVID-19_endothelial_dysfunction_WP5258_20260322 15 14
V 451.807200 122.335200 90.000000 25.000000
V 157.478400 575.337600 90.000000 25.000000
V 455.968800 233.964000 121.333333 25.000000
V 414.835200 822.168000 68.500000 25.000000
V 439.214400 931.680000 90.000000 25.000000
V 274.809600 568.180800 90.000000 25.000000
V 45.000000 585.172800 90.000000 25.000000
V 722.664000 472.075200 90.000000 25.000000
V 396.165600 705.592800 75.333333 25.000000
V 497.116800 633.765600 90.000000 25.000000
V 450.828000 12.499920 90.000000 25.000000
V 477.259200 469.612800 90.000000 25.000000
V 456.566400 349.221600 120.000000 25.000000
V 605.124000 470.635200 90.000000 25.000000
V 399.326400 577.274400 143.000000 25.000000
E 0 2
E 10 0
E 1 5
E 6 1
E 2 12
E 3 4
E 8 3
E 5 14
E 7 13
E 14 8
E 14 9
E 12 11
E 13 11
E 11 14
G Hs_Regulatory_circuits_of_STAT3_signaling_WP4538_20240522 28 47
V 348.573600 380.534400 90.000000 25.000000
V 980.856000 587.973600 80.000000 20.000000
V 870.624000 464.666400 90.000000 25.000000
V 390.427200 804.744000 90.000000 25.000000
V 246.139200 616.982400 90.000000 25.000000
V 733.320000 700.207200 90.000000 25.000000
V 512.460000 543.636000 80.000000 20.000000
V 784.008000 667.180800 90.000000 25.000000
V 618.033600 10.000080 80.000000 20.000000
V 739.800000 634.147200 90.000000 25.000000
V 496.202400 290.304000 90.000000 25.000000
V 40.000320 513.928800 80.000000 20.000000
V 262.627200 444.204000 90.000000 25.000000
V 605.613600 251.748000 80.000000 20.000000
V 736.344000 910.944000 90.000000 25.000000
V 563.313600 389.412000 90.000000 25.000000
V 671.054400 363.319200 90.000000 25.000000
V 649.339200 877.968000 90.000000 25.000000
V 311.486400 731.952000 90.000000 25.000000
V 396.100800 650.160000 90.000000 25.000000
V 263.116800 529.394400 90.000000 25.000000
V 398.196000 316.224000 90.000000 25.000000
V 905.256000 848.304000 90.000000 25.000000
V 962.640000 772.632000 90.000000 25.000000
V 472.924800 758.448000 90.000000 25.000000
V 940.968000 509.724000 90.000000 25.000000
V 989.712000 680.234400 90.000000 25.000000
V 834.480000 894.312000 90.000000 25.000000
E 0 6
E 1 5
E 1 7
E 1 9
E 2 5
E 2 7
E 2 9
E 3 6
E 4 6
E 11 4
E 5 6
E 14 5
E 17 5
E 22 5
E 23 5
E 25 5
E 26 5
E 27 5
E 7 6
E 9 6
E 10 6
E 12 6
E 6 13
E 15 6
E 16 6
E 18 6
E 19 6
E 20 6
E 21 6
E 24 6
E 14 7
E 17 7
E 22 7
E 23 7
E 25 7
E 26 7
E 27 7
E 8 13
E 14 9
E 17 9
E 22 9
E 23 9
E 25 9
E 26 9
E 27 9
E 11 12
E 11 20
G Hs_Retinol_metabolism_WP5188_20230214 24 25
V 117.136800 199.792800 147.619280 25.000000
V 615.031200 155.815200 90.000000 25.000000
V 958.104000 571.658400 68.468478 30.406928
V 160.992000 385.956000 90.000000 25.000000
V 738.576000 337.644000 136.481562 25.000000
V 300.261600 510.004800 55.312475 21.820314
V 419.155200 201.247200 90.000000 25.000000
V 1186.776000 222.393600 90.000000 25.000000
V 703.180800 12.499920 90.000000 25.000000
V 577.058400 348.955200 123.759698 25.000000
V 872.568000 219.081600 164.434262 25.000000
V 820.152000 494.373600 90.000000 25.000000
V 978.048000 100.987200 90.000000 25.000000
V 1033.920000 250.876800 90.000000 25.000000
V 848.448000 49.603680 90.000000 33.183435
V 264.506400 82.087200 53.900000 23.050000
V 267.127200 254.181600 90.000000 25.000000
V 110.498400 304.934400 220.750000 25.000000
V 388.562400 546.177600 57.491363 19.328988
V 396.432000 376.768800 151.250000 23.750000
V 592.430400 246.492000 90.000000 25.000000
V 176.047200 114.091200 169.156336 25.000000
V 593.215200 507.585600 336.000000 25.000000
V 828.504000 660.852000 326.000000 25.000000
E 0 16
E 1 8
E 9 1
E 2 11
E 3 16
E 4 9
E 4 10
E 11 4
E 20 4
E 5 19
E 16 6
E 6 20
E 13 7
E 8 14
E 19 9
E 9 22
E 10 12
E 10 13
E 10 14
E 11 23
E 15 16
E 17 16
E 19 16
E 16 21
E 18 19
G Hs_Rett_syndrome_WP4312_20240721 31 35
V 271.540800 461.800800 90.000000 25.000000
V 308.145600 629.380800 80.000000 20.000000
V 245.995200 10.000080 80.000000 20.000000
V 62.222400 627.609600 90.000000 25.000000
V 426.384000 792.576000 80.000000 20.000000
V 246.384000 102.708000 80.000000 20.000000
V 202.881600 501.991200 90.000000 25.000000
V 341.229600 537.753600 80.000000 20.000000
V 325.324800 760.320000 90.000000 25.000000
V 103.730400 465.804000 86.787146 19.822783
V 269.215200 681.307200 80.000000 20.000000
V 216.972000 864.000000 80.000000 20.000000
V 339.156000 274.197600 80.000000 23.651657
V 506.282400 847.152000 90.000000 25.000000
V 227.109600 766.872000 80.000000 20.000000
V 195.710400 401.234400 90.000000 25.000000
V 434.275200 378.273600 80.000000 25.000000
V 174.362400 43.890480 80.000000 20.000000
V 331.891200 375.854400 80.000000 25.000000
V 198.367200 957.816000 80.000000 20.000000
V 262.288800 569.908800 80.000000 20.000000
V 49.840560 852.480000 90.000000 25.000000
V 310.586400 177.559200 80.000000 20.000000
V 122.421600 784.008000 90.000000 25.000000
V 156.780000 592.041600 114.965011 26.327768
V 390.895200 114.926400 80.998464 27.923908
V 346.363200 846.936000 90.000000 20.000000
V 575.942400 906.336000 80.000000 20.000000
V 48.000240 721.512000 96.082264 25.521423
V 439.696800 247.766400 80.000000 23.651657
V 369.410400 578.131200 80.000000 20.000000
E 0 6
E 15 0
E 0 18
E 20 0
E 1 10
E 1 20
E 5 2
E 17 2
E 3 24
U 3 28
E 4 8
E 13 4
E 5 17
E 5 22
E 6 9
E 6 20
E 7 20
E 8 10
E 14 8
E 8 26
E 14 10
E 20 10
E 11 14
E 19 11
U 12 18
E 22 12
E 12 29
E 27 13
U 23 14
U 18 16
E 24 20
E 30 20
E 23 21
E 25 22
U 23 28
G Hs_Role_of_carnosine_in_muscle_contraction_WP4486_20210623 16 17
V 219.542400 317.044800 90.000000 25.000000
V 285.170400 503.596800 90.000000 25.000000
V 124.797600 12.499920 90.000000 25.000000
V 214.516800 427.284000 90.000000 25.000000
V 360.007200 261.194400 90.000000 25.000000
V 53.148960 275.572800 90.000000 25.000000
V 152.791200 227.988000 90.000000 25.000000
V 207.727200 148.680000 90.000000 25.000000
V 323.042400 339.343200 90.000000 25.000000
V 337.161600 159.667200 90.000000 34.500000
V 80.121600 161.128800 90.000000 25.000000
V 45.000000 213.249600 90.000000 25.000000
V 141.408000 112.550400 90.000000 25.000000
V 155.656800 511.840800 153.000000 25.000000
V 102.319200 311.947200 90.000000 25.000000
V 258.415200 236.008800 90.000000 25.000000
E 0 3
E 6 0
E 0 8
E 0 15
E 3 1
E 12 2
E 13 3
E 8 4
E 15 4
E 5 6
E 7 6
E 6 10
E 6 11
E 6 12
E 6 14
E 6 15
E 9 15
G Hs_Roles_of_ceramides_in_development_of_insulin_resistance_WP5181_20240723 20 22
V 676.454400 604.886400 54.333333 25.000000
V 566.128800 977.256000 64.000000 42.500000
V 572.234400 1286.424000 96.916667 50.500000
V 322.545600 1297.440000 57.500000 30.500000
V 691.034400 742.752000 108.000000 50.500000
V 320.983200 193.960800 100.000000 50.500000
V 39.499920 912.240000 79.333333 33.833333
V 745.344000 1278.792000 94.250000 40.333333
V 223.689600 895.032000 75.000000 31.500000
V 439.488000 526.089600 104.000000 50.000000
V 724.104000 1095.624000 96.916667 50.500000
V 273.319200 1036.656000 172.560910 33.833333
V 851.616000 540.928800 196.910977 30.500000
V 375.818400 861.984000 74.666667 35.166667
V 442.512000 1145.952000 96.916667 50.500000
V 311.349600 25.500240 87.166667 50.500000
V 368.100000 359.517600 104.166667 50.500000
V 426.146400 937.080000 120.666667 40.166667
V 516.240000 717.703200 106.000000 39.833333
V 366.724800 699.357600 176.542169 22.500000
E 0 12
E 18 0
U 10 1
E 1 13
E 1 17
E 7 2
U 2 14
E 3 14
E 18 4
E 15 5
E 5 16
E 8 6
E 7 10
E 8 13
E 17 8
E 16 9
E 9 18
E 11 17
E 13 19
E 14 17
E 17 18
E 18 19
G Hs_SARS-CoV-2_mitochondrial_chronic_oxidative_stress_and_endothelial_dysfunction_WP5183_20240723 39 52
V 2237.472000 1029.024000 575.977565 65.449810
V 971.064000 1087.488000 215.646305 72.159540
V 1918.368000 1191.456000 152.536023 71.268289
V 1793.160000 1319.400000 167.088608 86.847641
V 1815.264000 736.344000 238.314654 68.229628
V 1176.048000 867.600000 260.459415 60.239859
V 1027.080000 442.576800 331.621961 60.239859
V 1402.560000 1433.232000 450.502994 65.323227
V 1446.624000 933.840000 215.646305 72.159540
V 1127.520000 560.275200 260.459415 60.239859
V 2090.304000 818.280000 331.895399 66.718979
V 332.395200 1626.912000 215.646305 72.159540
V 738.072000 1870.416000 215.646305 72.159540
V 2240.640000 1218.096000 112.698002 57.870983
V 1879.416000 978.336000 123.968375 74.279838
V 214.135200 1001.304000 205.905688 77.093993
V 1060.920000 1386.792000 215.646305 72.159540
V 2076.336000 1291.248000 113.253012 50.689164
V 474.717600 1077.048000 249.838347 86.982943
V 836.784000 1379.880000 215.646305 95.768253
V 1780.848000 841.032000 268.477677 66.718979
V 1248.624000 656.524800 215.646305 72.159540
V 2049.624000 1445.616000 160.283844 55.154381
V 2374.920000 810.576000 221.337119 53.164557
V 615.556800 1604.160000 226.312107 72.159540
V 2109.672000 625.168800 215.646305 72.159540
V 2198.880000 1310.616000 116.034398 52.325528
V 2125.584000 1189.584000 100.539976 52.727273
V 1679.328000 1044.288000 260.459415 60.239859
V 1536.912000 1241.352000 557.692308 53.164557
V 985.896000 730.584000 334.837455 60.239859
V 1123.128000 36.000000 215.646305 72.159540
V 786.024000 1200.312000 244.508422 83.490684
V 504.828000 1286.856000 708.495592 74.234834
V 882.432000 1582.344000 285.462874 50.366481
V 513.972000 1821.960000 215.646305 72.159540
V 1190.376000 281.844000 215.646305 72.159540
V 116.503200 1743.984000 233.371910 86.982943
V 744.984000 475.272000 215.646305 72.159540
E 10 0
E 0 13
E 14 0
E 0 17
E 0 23
E 26 0
E 27 0
E 5 1
E 19 1
E 2 13
E 2 17
E 2 26
E 2 27
E 28 2
E 3 22
E 28 3
E 25 4
E 4 28
E 5 8
E 9 5
E 21 5
E 5 30
E 9 6
E 6 30
E 38 6
E 16 7
E 7 29
E 8 28
E 21 9
E 36 9
E 38 9
E 20 10
E 11 24
E 37 11
E 12 24
E 22 13
E 28 14
E 18 15
E 32 16
E 22 17
E 18 32
E 19 24
E 32 19
E 19 33
E 19 34
E 28 20
E 22 26
E 22 27
E 23 25
E 35 24
E 29 28
E 31 36
G Hs_SHANK3_pathway_involved_in_Phelan-McDermid_syndrome_WP5566_20251104 28 33
V 54.783360 486.540000 67.666667 25.000000
V 771.048000 247.672800 90.000000 25.000000
V 1052.280000 308.671200 90.000000 25.000000
V 932.328000 699.451200 90.000000 25.000000
V 831.744000 61.538400 59.666667 25.000000
V 497.613600 464.796000 78.714286 21.306723
V 864.648000 520.588800 90.000000 25.000000
V 857.880000 332.733600 90.000000 25.000000
V 605.008800 13.000320 62.263305 25.533613
V 873.216000 420.321600 90.000000 25.000000
V 234.151200 289.929600 57.000000 25.000000
V 57.000240 313.812000 114.446328 29.833333
V 1044.000000 464.119200 90.000000 25.000000
V 711.727200 523.281600 90.000000 25.000000
V 772.848000 597.924000 90.000000 25.000000
V 628.502400 407.260800 382.666667 30.666667
V 603.957600 638.150400 76.064426 23.964986
V 383.990400 405.619200 90.000000 25.000000
V 495.201600 351.648000 90.000000 25.000000
V 503.301600 552.873600 90.000000 25.000000
V 580.053600 197.380800 90.000000 24.404762
V 500.709600 268.264800 90.000000 25.000000
V 231.602400 516.168000 53.000000 25.000000
V 691.005600 185.601600 90.000000 25.000000
V 604.288800 553.442400 90.000000 25.000000
V 631.764000 290.304000 90.000000 25.000000
V 1047.384000 836.352000 90.000000 25.000000
V 551.952000 822.024000 90.000000 25.000000
E 0 11
E 22 0
E 1 4
E 15 1
E 2 7
E 12 2
E 6 3
E 14 3
E 26 3
E 4 23
E 5 15
E 6 12
E 6 15
E 15 7
E 8 20
E 8 23
E 9 12
E 15 9
E 10 11
E 17 10
E 15 13
E 15 14
E 15 16
E 15 17
E 15 18
E 19 15
E 15 20
E 15 21
E 15 23
E 15 24
E 25 15
E 16 27
E 17 22
G Hs_SOX_genes_and_their_influence_on_neurogenesis_and_neurodevelopmental_disorders_WP5568_20250814 24 32
V 714.369600 311.983200 90.000000 25.000000
V 529.524000 706.320000 164.250000 25.000000
V 647.330400 658.260000 90.000000 25.000000
V 583.840800 122.968800 90.000000 25.383554
V 779.904000 171.223200 90.000000 25.000000
V 614.764800 543.686400 272.250000 25.000000
V 221.990400 357.033600 90.000000 25.000000
V 900.792000 275.652000 90.000000 25.000000
V 425.736000 520.077600 90.000000 25.000000
V 681.847200 149.292000 90.000000 25.000000
V 745.560000 12.499920 154.464082 25.000000
V 571.356000 229.269600 115.000000 25.000000
V 957.240000 354.326400 195.000000 25.000000
V 745.344000 654.508800 90.000000 25.000000
V 665.244000 485.352000 94.583333 25.000000
V 877.896000 157.053600 90.000000 25.000000
V 1005.768000 63.549360 90.000000 25.000000
V 114.998400 466.941600 230.083333 25.000000
V 547.588800 379.677600 90.000000 25.000000
V 283.060800 497.800800 90.000000 25.000000
V 790.200000 386.481600 123.000000 25.000000
V 367.257600 362.037600 95.368642 25.000000
V 331.632000 567.446400 90.000000 25.000000
V 825.768000 453.657600 123.000000 25.000000
E 0 3
E 0 4
E 7 0
E 0 9
E 0 11
E 0 12
E 0 14
E 0 15
E 18 0
E 0 20
E 0 23
E 2 1
E 8 1
E 13 1
E 2 14
E 3 10
E 4 10
E 18 5
E 17 6
E 19 6
E 6 21
E 8 14
E 8 18
E 8 19
E 8 22
E 9 10
E 15 10
E 13 14
E 16 15
E 19 17
E 18 21
E 22 21
G Hs_SRF_and_miRs_in_smooth_muscle_differentiation_and_proliferation_WP1991_20210522 19 23
V 162.684000 121.809600 80.000000 20.000000
V 239.176800 353.275200 80.000000 20.000000
V 416.210400 25.511040 66.549018 20.000000
V 370.987200 353.534400 80.000000 20.000000
V 409.075200 296.604000 80.000000 20.000000
V 418.708800 204.868800 80.000000 20.000000
V 531.770400 10.000080 80.000000 20.000000
V 598.989600 77.443200 80.000000 20.000000
V 213.559200 216.338400 80.000000 20.000000
V 492.847200 113.241600 96.051526 20.000000
V 134.222400 385.214400 171.578947 20.000000
V 40.000320 425.512800 80.000000 20.000000
V 474.609600 324.604800 80.000000 20.000000
V 578.815200 187.941600 80.000000 20.000000
V 313.617600 256.428000 80.000000 20.000000
V 309.700800 41.985360 66.549018 20.000000
V 534.110400 285.436800 80.000000 20.000000
V 267.782400 145.900800 80.000000 20.000000
V 250.005600 466.797600 192.450091 20.000000
E 8 0
E 0 17
E 1 10
E 14 1
E 1 18
E 9 2
E 15 2
E 4 3
E 3 12
E 14 3
E 14 4
E 4 16
E 9 5
E 5 12
E 5 14
E 6 9
E 7 9
E 8 14
E 9 13
E 11 10
E 16 13
E 14 17
E 17 15
G Hs_STING_pathway_in_Kawasaki-like_disease_and_COVID-19_WP4961_20250311 15 14
V 105.652800 337.615200 90.000000 20.000000
V 606.708000 329.680800 60.000000 20.000000
V 486.655200 106.588800 60.000000 20.000000
V 30.000240 382.420800 60.000000 20.000000
V 523.764000 272.721600 60.000000 20.000000
V 451.526400 196.603200 60.000000 20.000000
V 386.920800 10.000080 60.000000 20.000000
V 275.328000 279.424800 99.000000 20.000000
V 189.208800 307.432800 60.000000 20.000000
V 362.757600 244.620000 60.000000 20.000000
V 535.284000 154.252800 90.000000 20.000000
V 400.932000 106.279200 60.000000 20.000000
V 697.233600 284.277600 210.000000 40.000000
V 681.876000 386.748000 60.000000 20.000000
V 587.361600 427.507200 79.000000 20.000000
E 0 3
E 8 0
E 1 4
E 12 1
E 13 1
E 14 1
E 2 5
E 4 5
E 5 9
E 10 5
E 5 11
E 11 6
E 7 8
E 9 7
G Hs_Serine_metabolism_WP4688_20250819 31 32
V 350.445600 576.460800 126.900000 25.000000
V 632.239200 721.872000 111.000000 25.000000
V 1095.264000 930.960000 73.000000 25.000000
V 216.115200 322.718400 57.000000 25.000000
V 821.304000 839.592000 214.610866 25.000000
V 312.033600 1003.320000 51.000000 25.000000
V 1152.288000 610.617600 101.000000 25.000000
V 994.680000 737.064000 167.222222 25.000000
V 352.684800 450.072000 58.000000 25.000000
V 417.340800 12.499920 66.000000 25.000000
V 223.689600 59.573520 74.250000 25.000000
V 392.464800 640.360800 64.000000 25.000000
V 1200.816000 745.272000 44.000000 25.000000
V 1071.072000 1143.432000 90.000000 25.000000
V 760.536000 1012.824000 101.000000 25.000000
V 590.616000 367.048800 43.000000 25.000000
V 687.952800 363.873600 98.000000 25.000000
V 993.888000 806.112000 62.000000 22.500000
V 459.561600 340.056000 98.000000 25.000000
V 527.544000 817.560000 101.000000 25.000000
V 710.258400 953.280000 101.000000 25.000000
V 344.390400 190.764000 98.000000 25.000000
V 1219.608000 1242.576000 90.000000 25.000000
V 828.144000 1402.200000 98.000000 25.000000
V 860.472000 1221.840000 90.000000 25.000000
V 531.064800 525.664800 96.000000 32.000000
V 678.254400 457.027200 64.000000 25.000000
V 926.568000 1026.504000 214.610866 25.000000
V 31.000320 323.568000 62.000000 25.000000
V 755.064000 627.523200 101.000000 25.000000
V 459.784800 879.624000 64.000000 25.000000
E 25 0
E 4 1
E 19 1
E 1 25
E 1 29
E 30 1
E 2 7
E 2 27
E 3 8
E 21 3
E 28 3
E 7 4
E 14 4
E 17 4
E 4 20
E 27 4
E 5 30
E 6 7
E 8 25
E 21 9
E 10 21
E 11 25
E 12 17
U 13 22
U 27 13
E 15 25
E 25 16
E 18 21
E 25 18
U 23 24
U 24 27
E 26 25
G Hs_Serotonin_receptor_4-6-7_and_NR3C_signaling_WP734_20250304 24 39
V 358.027200 304.999200 80.000000 20.000000
V 719.301600 333.597600 80.000000 20.000000
V 111.967200 73.533600 80.000000 20.000000
V 269.848800 226.267200 80.000000 20.000000
V 573.220800 707.032800 80.000000 20.000000
V 685.569600 713.196000 80.000000 20.000000
V 447.364800 638.136000 80.000000 20.000000
V 178.473600 10.000080 80.000000 20.000000
V 182.671200 145.116000 80.000000 20.000000
V 485.157600 496.036800 80.000000 20.000000
V 755.208000 438.919200 80.000000 20.000000
V 40.000320 15.102000 80.000000 20.000000
V 699.530400 567.763200 80.000000 20.000000
V 452.448000 524.037600 80.000000 20.000000
V 696.686400 528.012000 80.000000 20.000000
V 789.552000 470.988000 80.000000 20.000000
V 614.433600 468.244800 80.000000 20.000000
V 586.411200 532.159200 80.000000 20.000000
V 359.769600 725.400000 80.000000 20.000000
V 456.343200 380.491200 80.000000 20.000000
V 580.240800 299.570400 80.000000 20.000000
V 571.046400 587.188800 80.000000 20.000000
V 717.991200 661.982400 80.000000 20.000000
V 48.582000 151.754400 80.000000 20.000000
E 3 0
E 0 19
E 1 10
E 1 15
E 20 1
U 2 8
U 11 2
E 8 3
U 5 4
E 4 6
E 21 4
U 4 22
E 12 5
E 9 6
E 13 6
E 6 18
U 7 8
U 11 7
U 23 8
E 16 9
E 19 9
E 21 9
E 10 12
E 10 14
E 11 23
E 15 12
E 12 16
E 12 17
E 12 21
E 12 22
E 17 13
E 19 13
E 21 13
E 15 14
E 14 16
E 14 17
E 14 21
E 14 22
E 19 20
G Hs_Sildenafil_treatment_WP5294_20250903 21 21
V 588.456000 397.972800 59.619883 25.000000
V 751.824000 124.761600 90.000000 25.000000
V 568.987200 115.992000 90.000000 25.000000
V 446.234400 614.340000 65.272742 44.628829
V 836.280000 12.499920 90.000000 25.000000
V 419.731200 53.666640 90.000000 25.000000
V 208.058400 255.564000 90.000000 32.527990
V 163.468800 480.902400 144.755332 25.000000
V 273.895200 113.090400 68.147632 33.875694
V 716.421600 433.778400 34.806694 19.508242
V 670.003200 246.808800 90.000000 25.000000
V 520.430400 307.620000 60.000000 25.000000
V 430.848000 460.684800 80.000000 25.000000
V 962.712000 287.280000 80.000000 25.000000
V 67.000320 229.932000 133.513398 33.875694
V 692.200800 515.102400 50.847953 25.000000
V 454.536000 184.363200 60.000000 25.000000
V 353.210400 578.412000 98.775115 29.755199
V 821.376000 269.697600 80.000000 25.000000
V 282.355200 394.336800 118.412321 25.000000
V 597.693600 535.752000 121.904975 39.982823
E 9 0
E 0 10
E 11 0
E 0 12
E 0 15
E 0 20
E 4 1
E 1 10
E 2 5
E 10 2
U 3 12
E 5 8
E 6 8
E 14 6
E 6 19
E 19 7
E 18 10
E 16 11
U 17 12
E 12 19
E 13 18
G Hs_Sodium_channel_in_epilepsy_WP5598_20260210 18 19
V 415.360800 246.859200 78.495532 29.860104
V 611.949600 260.416800 71.363636 21.590909
V 605.196000 166.701600 90.000000 25.000000
V 681.112800 654.314400 90.000000 25.000000
V 853.560000 211.845600 90.000000 25.000000
V 45.000000 230.169600 90.000000 25.000000
V 337.096800 354.196800 90.000000 25.000000
V 675.468000 398.851200 109.575646 24.800123
V 723.888000 797.760000 129.971458 25.744127
V 470.527200 177.494400 90.000000 25.000000
V 190.332000 273.535200 90.000000 25.000000
V 700.459200 259.171200 90.000000 25.000000
V 619.236000 505.288800 90.000000 25.000000
V 230.443200 486.504000 90.000000 25.000000
V 510.566400 484.747200 99.029417 27.318157
V 639.352800 12.499920 90.000000 25.000000
V 530.647200 336.794400 78.495532 29.860104
V 433.922400 443.937600 99.029417 27.318157
E 16 0
E 1 2
E 1 16
E 11 2
E 15 2
E 2 16
E 3 8
E 3 12
E 4 11
E 5 10
E 10 6
E 13 6
E 6 16
E 7 16
E 9 16
E 11 16
E 16 12
E 14 16
E 17 16
G Hs_Sphingolipid_metabolism_in_senescence_WP5121_20231128 33 41
V 441.504000 971.568000 90.000000 25.000000
V 421.488000 673.293600 197.777778 25.000000
V 496.231200 176.198400 194.155722 25.000000
V 298.180800 962.352000 87.064516 25.000000
V 930.888000 590.961600 139.143731 25.000000
V 357.760800 77.875200 233.000000 30.004564
V 261.518400 754.776000 160.740741 25.000000
V 148.449600 630.309600 90.000000 25.000000
V 147.247200 1024.560000 83.000000 25.000000
V 736.488000 220.680000 90.000000 25.000000
V 598.384800 325.288800 179.000000 25.000000
V 753.624000 642.232800 184.143731 25.000000
V 904.104000 688.802400 139.801223 25.000000
V 586.447200 716.832000 162.000000 25.000000
V 846.720000 98.856000 190.263981 30.004564
V 870.408000 939.528000 90.000000 25.000000
V 565.264800 508.471200 161.000000 16.500000
V 548.503200 1068.912000 94.260902 25.000000
V 539.899200 876.384000 90.000000 25.000000
V 658.101600 1000.728000 165.477306 25.000000
V 98.085600 729.504000 90.000000 25.000000
V 739.008000 753.192000 187.201835 25.000000
V 918.360000 809.136000 244.000000 25.000000
V 985.608000 1058.040000 90.000000 25.000000
V 704.476800 858.600000 136.743119 25.000000
V 355.471200 860.832000 162.283951 25.000000
V 125.971200 878.184000 90.000000 25.000000
V 433.951200 423.424800 90.000000 25.000000
V 531.568800 14.999760 254.292677 30.004564
V 420.861600 797.184000 90.000000 25.000000
V 45.000000 1144.008000 90.000000 25.000000
V 608.464800 609.228000 121.412583 25.000000
V 1062.072000 719.287200 90.000000 25.000000
E 18 0
E 0 29
E 6 1
E 13 1
E 5 2
E 2 10
E 28 2
E 3 8
E 29 3
E 4 11
E 32 4
E 6 7
E 20 6
E 6 25
E 26 6
E 29 6
E 8 26
E 8 30
E 9 10
E 14 9
E 10 16
E 12 11
E 13 11
E 22 12
E 16 13
E 13 18
E 21 13
E 24 13
E 13 29
E 31 13
E 22 15
E 15 23
E 15 24
E 27 16
E 18 17
E 18 19
E 18 25
E 19 24
E 22 21
E 22 32
E 25 29
G Hs_Sphingolipid_metabolism_overview_WP4725_20250708 30 35
V 294.847200 583.293600 59.736842 25.000000
V 440.604000 701.143200 117.500000 46.500000
V 487.267200 291.268800 82.500000 20.000000
V 386.229600 620.006400 59.736842 25.000000
V 219.247200 144.928800 160.666667 31.833333
V 556.905600 25.089120 73.136428 25.000000
V 516.297600 849.960000 98.500000 34.500000
V 762.408000 382.406400 117.500000 28.500000
V 117.180000 12.499920 110.000000 25.000000
V 86.198400 287.942400 90.000000 25.000000
V 706.010400 89.028000 117.500000 28.500000
V 570.067200 190.044000 117.500000 28.500000
V 568.310400 292.629600 64.500000 23.880597
V 554.061600 1000.800000 60.000000 33.500000
V 571.406400 395.920800 117.500000 28.500000
V 732.168000 470.512800 117.500000 28.500000
V 652.284000 290.635200 64.500000 20.000000
V 591.775200 523.548000 87.997022 28.500000
V 45.000000 464.968800 90.000000 25.000000
V 485.834400 59.621040 87.997022 28.500000
V 325.180800 828.144000 102.500000 23.833333
V 645.444000 43.155360 87.997022 28.500000
V 687.787200 526.147200 87.997022 28.500000
V 758.160000 176.428800 117.500000 28.500000
V 406.288800 497.901600 160.666667 28.500000
V 217.821600 440.229600 160.666667 31.833333
V 214.797600 293.068800 151.000000 25.000000
V 94.464000 562.485600 54.473684 25.000000
V 390.081600 138.456000 160.666667 25.000000
V 879.624000 275.306400 79.500000 21.500000
E 0 24
E 6 1
E 20 1
E 1 24
E 2 11
E 2 14
E 24 3
E 4 8
E 9 4
E 4 26
E 28 4
E 5 11
E 13 6
E 7 14
E 29 7
E 9 25
E 11 10
E 12 11
E 14 11
E 16 11
E 19 11
E 11 21
E 11 23
E 11 28
E 12 14
E 14 15
E 16 14
E 14 17
E 14 22
E 24 14
E 25 18
E 29 23
E 24 25
E 25 26
E 27 25
G Hs_Statin_inhibition_of_cholesterol_production_WP430_20250303 36 38
V 121.593600 724.536000 68.333333 19.000000
V 313.696800 416.721600 93.333333 19.000000
V 236.844000 334.123200 67.000000 20.000000
V 233.661600 905.616000 60.000000 20.000000
V 450.216000 768.312000 60.000000 20.000000
V 30.000240 747.936000 60.000000 20.000000
V 268.797600 593.352000 40.000000 20.000000
V 314.676000 346.442400 50.499975 20.000000
V 210.938400 635.392800 60.000000 20.000000
V 398.181600 338.529600 100.000000 20.000000
V 105.400800 10.000080 45.000000 20.000000
V 155.476800 177.264000 65.000000 20.000000
V 276.825600 798.336000 60.000000 20.000000
V 542.131200 514.915200 60.000000 20.000000
V 365.536800 578.512800 32.016667 20.000000
V 478.677600 288.496800 100.000000 20.000000
V 387.007200 701.488800 80.000000 20.000000
V 128.347200 872.496000 68.333333 19.000000
V 339.314400 488.872800 32.016667 20.000000
V 224.524800 719.503200 68.333333 19.000000
V 158.443200 588.002400 60.000000 20.000000
V 153.921600 277.588800 68.000000 20.000000
V 296.697600 632.836800 32.016667 20.000000
V 280.202400 246.571200 43.000000 20.000000
V 440.150400 639.072000 60.000000 20.000000
V 408.096000 434.707200 32.016667 20.000000
V 379.987200 376.963200 60.000000 20.000000
V 57.864960 305.323200 104.982221 30.000000
V 224.618400 415.080000 69.166667 19.000000
V 198.669600 813.456000 68.333333 19.000000
V 462.722400 599.025600 60.000000 20.000000
V 74.138400 243.266400 50.752254 20.000000
V 272.311200 517.356000 32.016667 20.000000
V 440.870400 518.032800 32.016667 20.000000
V 308.937600 698.184000 60.000000 20.000000
V 134.121600 90.266400 60.000000 20.000000
E 5 0
U 0 19
E 2 1
E 7 1
E 1 9
E 18 1
E 25 1
E 26 1
E 1 28
E 32 1
E 21 2
E 23 2
E 3 29
E 4 16
E 6 14
E 20 6
E 6 22
E 8 22
U 9 15
E 10 35
E 11 21
E 35 11
E 12 19
E 13 33
U 14 18
E 22 14
E 24 14
E 30 14
E 14 33
U 22 16
U 29 17
E 19 22
U 29 19
E 21 27
E 31 21
U 22 32
E 34 22
U 33 25
G Hs_Steroid_biosynthesis_WP496_20250304 22 25
V 158.551200 569.894400 120.000000 20.000000
V 603.367200 532.994400 147.000000 20.000000
V 488.275200 89.726400 73.333333 19.000000
V 527.054400 982.728000 90.000000 19.000000
V 490.636800 323.143200 90.000000 20.000000
V 59.999760 179.085600 120.000000 20.000000
V 168.400800 57.332880 100.000000 20.000000
V 729.504000 628.387200 166.666667 20.000000
V 327.520800 10.000080 60.000000 20.000000
V 286.020000 253.101600 90.000000 19.000000
V 515.980800 1218.384000 60.000000 20.000000
V 334.936800 1143.504000 190.000000 20.000000
V 1054.224000 948.888000 60.000000 20.000000
V 685.274400 775.512000 169.000000 20.000000
V 44.039520 321.177600 60.000000 20.000000
V 597.232800 286.012800 65.333333 19.000000
V 816.192000 968.400000 90.000000 19.000000
V 471.362400 732.672000 165.000000 20.000000
V 685.663200 992.088000 155.333333 20.000000
V 250.452000 839.520000 180.000000 20.000000
V 929.664000 1175.040000 90.000000 19.000000
V 388.274400 488.181600 100.000000 19.000000
E 0 21
E 1 4
E 13 1
E 1 21
E 9 2
E 15 2
E 10 3
E 3 11
E 16 3
E 3 17
E 4 9
E 5 9
E 9 6
E 7 17
E 8 9
E 14 9
E 9 21
E 12 16
E 16 13
E 13 17
E 18 13
E 21 15
E 20 16
E 17 19
E 17 21
G Hs_Steroid_hormone_precursor_biosynthesis_WP5277_20240212 30 32
V 1030.104000 1160.064000 127.773854 35.000000
V 837.720000 654.883200 172.310830 25.000000
V 1079.280000 540.792000 90.000000 25.000000
V 193.392000 753.048000 90.000000 25.000000
V 1054.224000 660.679200 90.000000 25.000000
V 1075.608000 797.040000 90.000000 25.000000
V 246.600000 530.834400 90.000000 25.000000
V 1342.008000 910.080000 127.773854 35.000000
V 1164.672000 302.781600 258.030184 25.000000
V 623.052000 508.888800 90.000000 25.000000
V 1158.264000 477.496800 210.980124 25.000000
V 1213.200000 151.826400 90.000000 25.000000
V 1277.640000 12.499920 210.980124 25.000000
V 681.991200 1000.656000 90.000000 25.000000
V 423.748800 903.600000 90.000000 25.000000
V 1333.728000 477.360000 90.000000 25.000000
V 45.000000 784.944000 90.000000 25.000000
V 1234.152000 799.200000 210.980124 25.000000
V 955.728000 580.046400 210.980124 25.000000
V 483.163200 748.080000 210.980124 32.507032
V 976.536000 494.964000 90.000000 25.000000
V 332.467200 677.462400 172.310830 25.000000
V 917.136000 823.104000 210.980124 25.000000
V 984.960000 1000.224000 210.980124 25.000000
V 698.061600 841.248000 210.980124 25.000000
V 654.012000 692.524800 90.000000 25.000000
V 1256.616000 620.949600 210.980124 25.000000
V 1198.080000 706.406400 90.000000 25.000000
V 562.730400 585.813600 90.000000 25.000000
V 1433.160000 670.212000 210.980124 25.000000
E 23 0
E 1 4
E 25 1
E 2 4
E 16 3
E 3 21
E 5 4
E 4 10
E 4 17
E 4 18
E 20 4
E 4 22
E 4 26
E 27 4
E 5 22
E 6 21
E 17 7
E 10 8
E 8 11
E 9 25
E 15 10
E 11 12
E 24 13
E 14 19
E 15 26
E 21 19
E 19 25
E 22 23
E 24 22
E 25 24
E 25 28
E 26 29
G Hs_Steroidogenic_pathway_WP4463_20241009 32 34
V 396.302400 281.793600 101.000000 25.000000
V 284.731200 161.604000 80.000000 25.000000
V 641.448000 552.708000 90.000000 25.000000
V 689.709600 264.801600 90.000000 25.000000
V 887.400000 261.028800 46.157407 25.000000
V 606.571200 335.073600 90.000000 25.000000
V 507.816000 281.174400 106.000000 25.000000
V 699.084000 182.174400 71.736494 25.000000
V 470.138400 188.352000 106.000000 25.000000
V 374.090400 196.502400 69.648291 25.000000
V 381.852000 128.988000 88.000000 25.000000
V 214.243200 207.172800 79.064257 25.000000
V 704.224800 628.610400 90.000000 25.000000
V 592.516800 217.404000 90.000000 25.000000
V 580.996800 406.310400 73.371555 25.000000
V 290.210400 272.433600 80.000000 25.000000
V 791.136000 214.538400 90.000000 25.000000
V 750.240000 330.984000 68.371555 25.000000
V 21.499920 359.042400 42.685185 25.000000
V 634.888800 449.056800 90.000000 25.000000
V 197.560800 309.204000 46.157407 25.000000
V 809.424000 102.247200 74.052922 25.000000
V 266.378400 369.511200 65.648291 25.000000
V 1074.960000 263.253600 42.685185 25.000000
V 581.176800 631.980000 68.072767 25.000000
V 849.888000 12.499920 62.661521 25.000000
V 860.976000 168.199200 69.371555 25.000000
V 469.879200 365.644800 74.371555 25.000000
V 983.592000 268.682400 46.157407 25.000000
V 734.472000 717.350400 68.072767 25.000000
V 588.715200 110.642400 69.736494 25.000000
V 108.165600 337.291200 46.157407 25.000000
E 6 0
E 9 0
E 0 15
E 10 1
E 15 1
E 12 2
E 2 19
E 24 2
E 3 5
E 7 3
E 3 13
E 16 3
E 17 3
E 4 16
E 28 4
E 5 6
E 14 5
E 19 5
E 6 8
E 13 6
E 27 6
E 8 10
E 9 10
E 11 15
E 29 12
E 30 13
E 20 15
E 22 15
E 21 16
E 26 16
E 18 31
E 31 20
E 25 21
E 23 28
G Hs_Sterol_regulatory_element-binding_proteins_(SREBP)_signaling_WP1982_20250306 28 31
V 770.688000 583.848000 80.000000 20.000000
V 262.879200 141.667200 80.000000 20.000000
V 252.525600 419.839200 80.000000 20.000000
V 314.121600 277.509600 80.000000 20.000000
V 681.350400 974.520000 80.000000 20.000000
V 180.302400 756.216000 80.000000 20.000000
V 201.520800 675.144000 86.927429 20.000000
V 776.952000 884.880000 80.000000 20.000000
V 511.358400 458.553600 80.000000 20.000000
V 324.050400 10.000080 80.000000 20.000000
V 287.524800 649.353600 68.991892 18.248175
V 136.864800 71.516160 80.000000 20.000000
V 337.816800 898.056000 80.000000 20.000000
V 465.739200 309.780000 80.000000 20.016953
V 491.486400 539.143200 80.000000 20.000000
V 653.853600 680.342400 80.000000 20.000000
V 797.904000 689.004000 80.000000 20.000000
V 278.136000 1032.408000 58.797655 13.642024
V 308.484000 833.400000 80.000000 20.000000
V 357.667200 722.664000 80.000000 20.000000
V 339.912000 561.693600 80.000000 20.000000
V 40.000320 797.976000 80.000000 20.000000
V 414.180000 829.800000 80.000000 20.000000
V 499.860000 795.528000 80.000000 20.000000
V 389.937600 455.263200 80.000000 20.000000
V 643.248000 828.504000 130.700000 17.300000
V 497.620800 638.352000 96.000000 20.000000
V 245.368800 800.136000 86.927429 20.000000
E 0 15
E 3 1
E 9 1
E 11 1
E 3 2
E 2 20
E 3 13
E 4 25
E 19 5
E 21 5
E 6 19
E 7 25
E 13 8
E 8 24
E 8 26
E 10 19
E 12 17
E 12 19
E 14 20
E 26 14
E 16 15
E 15 25
E 26 15
E 18 19
E 19 20
E 22 19
E 23 19
E 26 19
E 27 19
E 24 20
E 23 25
G Hs_Sulfatase_and_aromatase_pathway_WP5368_20240722 34 33
V 467.452800 467.085600 161.000000 25.000000
V 853.200000 211.327200 90.000000 25.000000
V 694.216800 322.660800 161.000000 25.000000
V 676.368000 415.569600 90.000000 25.000000
V 488.260800 582.883200 90.000000 25.000000
V 602.510400 112.500000 90.000000 25.000000
V 164.786400 461.865600 90.000000 25.000000
V 827.712000 313.740000 90.000000 25.000000
V 178.610400 359.107200 161.000000 25.000000
V 103.953600 257.659200 161.000000 25.000000
V 933.552000 498.052800 90.000000 25.000000
V 186.127200 534.391200 90.000000 25.000000
V 893.520000 135.144000 161.000000 25.000000
V 540.280800 410.961600 166.140234 25.000000
V 751.248000 448.596000 108.500000 25.000000
V 941.184000 12.499920 90.000000 25.000000
V 1062.504000 150.364800 161.000000 25.000000
V 298.368000 435.650400 161.000000 25.000000
V 45.000000 389.448000 90.000000 25.000000
V 560.613600 324.878400 90.000000 25.000000
V 693.388800 69.102720 90.000000 25.000000
V 548.863200 260.877600 90.000000 25.000000
V 789.048000 376.048800 90.000000 25.000000
V 731.592000 177.084000 161.000000 25.000000
V 435.477600 615.909600 138.000000 25.000000
V 776.016000 102.124800 90.000000 25.000000
V 244.065600 571.831200 90.000000 25.000000
V 646.956000 244.483200 90.000000 25.000000
V 791.496000 41.045760 90.000000 25.000000
V 272.851200 326.044800 90.000000 25.000000
V 842.976000 410.407200 161.000000 25.000000
V 615.614400 541.620000 90.000000 25.000000
V 595.303200 56.958480 90.000000 25.000000
V 393.199200 549.849600 138.000000 25.000000
E 4 0
E 0 13
E 17 0
U 0 24
E 0 33
E 23 1
E 3 2
E 7 2
E 13 2
E 2 14
E 2 19
U 21 2
E 2 22
E 23 2
U 2 27
E 30 2
E 5 23
E 6 17
E 9 8
E 17 8
E 18 8
E 10 30
E 17 11
E 15 12
E 16 12
E 23 12
E 31 13
E 26 17
U 29 17
U 23 20
E 25 23
U 28 23
E 23 32
G Hs_T-cell_activation_SARS-CoV-2_WP5098_20260617 24 24
V 122.940000 240.458400 60.000000 20.000000
V 737.712000 369.316800 63.121329 20.000000
V 83.001600 60.919920 61.522977 20.000000
V 314.136000 250.869600 36.759542 20.000000
V 392.659200 248.155200 60.000000 20.000000
V 208.022400 355.140000 60.000000 20.000000
V 278.359200 324.316800 36.759542 20.000000
V 487.972800 160.070400 61.522977 20.000000
V 47.643840 260.056800 70.422383 20.000000
V 668.174400 346.068000 60.000000 20.000000
V 178.264800 26.784000 66.999983 20.000000
V 470.390400 239.018400 60.000000 20.000000
V 873.432000 361.497600 60.000000 20.000000
V 591.285600 207.230400 60.000000 20.000000
V 177.098400 175.975200 60.000000 20.000000
V 591.400800 336.679200 61.522977 20.000000
V 543.340800 272.008800 60.000000 20.000000
V 31.000320 10.000080 61.522977 20.000000
V 806.472000 398.016000 61.522977 20.000000
V 141.393600 316.836000 60.000000 20.000000
V 256.615200 194.047200 60.000000 20.000000
V 149.968800 99.180000 80.615363 20.000000
V 832.104000 470.066400 60.000000 20.000000
V 573.501600 413.107200 71.271583 20.000000
E 8 0
E 0 14
E 0 19
E 1 9
E 18 1
E 2 17
E 21 2
E 3 4
U 6 3
E 3 20
E 4 11
E 5 6
E 19 5
E 11 7
E 9 15
E 10 21
E 16 11
E 12 18
E 16 13
E 14 20
E 14 21
E 15 16
E 15 23
E 22 18
G Hs_T-cell_antigen_receptor_(TCR)_pathway_during_Staphylococcus_aureus_infection_WP3863_20240118 28 31
V 354.009600 170.236800 80.000000 20.000000
V 328.780800 86.853600 80.000000 20.000000
V 40.000320 725.544000 80.000000 20.000000
V 265.694400 363.297600 80.000000 20.000000
V 178.689600 564.825600 80.000000 20.000000
V 463.262400 110.232000 80.000000 20.000000
V 194.846400 268.660800 80.000000 20.000000
V 462.960000 277.308000 80.000000 20.000000
V 461.426400 29.466000 80.000000 20.000000
V 606.794400 173.692800 80.000000 20.000000
V 300.931200 10.000080 80.000000 20.000000
V 216.223200 501.458400 80.000000 20.000000
V 366.840000 257.083200 80.000000 20.000000
V 282.859200 285.098400 80.000000 20.000000
V 342.684000 224.330400 80.000000 20.000000
V 430.704000 198.244800 80.000000 20.000000
V 506.318400 226.252800 80.000000 20.000000
V 106.826400 245.109600 80.000000 20.000000
V 137.858400 623.952000 80.000000 20.000000
V 92.080800 678.045600 80.000000 20.000000
V 534.225600 62.912880 80.000000 20.000000
V 203.911200 101.066400 80.000000 20.000000
V 594.331200 241.034400 80.000000 20.000000
V 243.050400 434.498400 80.000000 20.000000
V 254.620800 224.503200 80.000000 20.000000
V 518.788800 173.541600 80.000000 20.000000
V 522.496800 339.026400 80.000000 20.000000
V 264.693600 155.707200 80.000000 20.000000
U 0 1
U 12 0
E 15 0
E 0 24
E 1 10
E 2 19
E 13 3
E 3 23
E 11 4
E 4 18
E 8 5
E 5 15
E 20 5
E 13 6
E 6 17
E 15 7
U 26 7
E 9 22
E 9 25
E 23 11
E 14 12
E 14 13
E 24 13
E 15 14
E 14 27
E 16 15
E 25 15
E 16 22
E 16 25
E 18 19
E 27 21
G Hs_TCA_cycle_in_senescence_WP5050_20230118 19 20
V 219.340800 12.499920 42.000000 25.000000
V 461.894400 373.226400 55.750000 25.000000
V 146.304000 578.671200 124.129457 36.749350
V 462.542400 646.113600 126.033750 25.000000
V 45.000000 633.240000 90.000000 25.000000
V 378.475200 455.752800 90.000000 25.000000
V 256.010400 639.417600 82.012165 35.187081
V 481.464000 163.965600 90.000000 25.000000
V 405.072000 101.419200 90.000000 25.000000
V 451.216800 307.274400 90.000000 25.000000
V 366.530400 577.432800 70.525631 34.196787
V 227.872800 385.675200 90.000000 25.000000
V 344.505600 335.764800 90.000000 25.000000
V 250.920000 754.200000 90.000000 25.000000
V 185.356800 484.106400 90.000000 25.000000
V 275.018400 110.563200 90.000000 25.000000
V 360.324000 203.479200 90.000000 25.000000
V 123.825600 451.101600 90.000000 25.000000
V 254.260800 275.738400 47.000000 25.000000
E 0 15
E 12 1
E 4 2
E 2 6
E 2 14
E 2 17
E 10 3
E 5 10
E 12 5
E 6 10
E 13 6
E 16 7
E 8 16
E 9 12
E 11 12
E 14 11
E 17 11
E 16 12
U 18 12
E 15 16
G Hs_TNF-alpha_signaling_WP231_20250306 39 41
V 1064.448000 997.776000 62.000000 20.000000
V 1195.344000 1022.760000 56.500000 20.000000
V 249.667200 10.000080 33.000000 20.000000
V 565.286400 723.960000 47.780399 20.000000
V 966.312000 691.221600 36.500000 20.000000
V 530.942400 545.076000 66.000000 20.000000
V 378.439200 221.515200 56.000000 20.000000
V 763.704000 870.264000 74.000000 20.000000
V 1127.160000 784.224000 38.000000 20.000000
V 580.557600 426.693600 52.500000 20.000000
V 705.326400 505.785600 64.428312 20.000000
V 260.776800 579.132000 55.500000 20.000000
V 229.644000 704.656800 59.000000 20.000000
V 294.300000 122.140800 33.500000 20.000000
V 30.000240 697.269600 59.500000 20.000000
V 1250.064000 737.280000 40.000000 20.000000
V 139.932000 638.546400 64.500000 20.000000
V 708.732000 993.456000 40.000000 20.000000
V 372.895200 359.251200 57.500000 20.000000
V 999.792000 1129.176000 37.000000 20.000000
V 904.320000 953.280000 52.500000 20.000000
V 396.381600 497.858400 95.000000 20.000000
V 1109.736000 859.032000 72.000000 20.000000
V 1123.560000 1106.280000 54.500000 20.000000
V 880.344000 763.416000 127.500000 20.000000
V 879.120000 661.377600 56.500000 20.000000
V 1241.496000 1137.456000 50.000000 20.000000
V 960.336000 798.336000 72.000000 20.000000
V 968.976000 627.609600 59.000000 20.000000
V 451.245600 116.186400 89.000000 20.000000
V 973.080000 975.600000 40.000000 20.000000
V 643.672800 622.677600 77.000000 20.000000
V 756.648000 696.290400 64.000000 20.000000
V 156.398400 513.122400 61.500000 20.000000
V 1000.872000 867.528000 84.000000 20.000000
V 1058.760000 528.890400 49.000000 20.000000
V 357.775200 574.560000 53.000000 20.000000
V 256.809600 325.000800 70.000000 20.000000
V 847.728000 854.712000 78.000000 20.000000
E 0 1
E 19 0
E 0 23
E 0 34
E 1 26
E 13 2
E 31 3
E 4 24
E 9 5
E 21 5
E 31 5
E 6 13
E 6 18
E 29 6
E 17 7
E 24 7
E 8 15
E 34 8
E 31 10
E 12 11
E 16 11
E 21 11
E 33 11
U 14 16
E 18 21
E 37 18
E 34 20
E 20 38
E 21 36
E 22 34
E 23 26
E 25 24
E 27 24
E 24 28
E 24 32
E 34 24
E 24 38
E 27 34
E 28 35
E 34 30
E 32 31
G Hs_T_cell_receptor_and_co-stimulatory_signaling_WP2583_20250715 33 37
V 567.288000 345.506400 80.000000 20.000000
V 651.981600 132.069600 60.000000 20.000000
V 403.149600 305.388000 60.000000 20.000000
V 644.176800 456.991200 60.000000 20.000000
V 290.678400 511.538400 60.000000 20.000000
V 486.352800 324.532800 60.000000 20.000000
V 598.852800 506.412000 60.000000 20.000000
V 667.274400 555.732000 60.000000 20.000000
V 390.204000 224.748000 70.000000 20.000000
V 578.541600 627.465600 60.000000 20.000000
V 593.114400 423.554400 60.000000 20.000000
V 340.077600 363.088800 60.000000 20.000000
V 519.192000 55.198800 60.000000 20.000000
V 257.839200 351.532800 60.000000 20.000000
V 535.298400 562.392000 60.000000 20.000000
V 663.062400 213.789600 60.000000 25.000000
V 594.345600 76.428000 60.000000 25.000000
V 622.713600 283.888800 60.000000 20.000000
V 113.054400 350.784000 70.000000 20.000000
V 503.668800 636.004800 60.000000 20.000000
V 400.269600 146.109600 60.000000 20.000000
V 34.999920 354.571200 70.000000 20.000000
V 745.056000 562.838400 60.000000 20.000000
V 687.830400 696.708000 60.000000 20.000000
V 741.600000 213.861600 60.000000 20.000000
V 441.338400 76.636800 60.000000 20.000000
V 651.117600 631.497600 60.000000 20.000000
V 402.847200 10.000080 60.000000 20.000000
V 467.272800 550.764000 60.000000 20.000000
V 346.824000 445.255200 60.000000 20.000000
V 186.062400 349.300800 60.000000 20.000000
V 418.730400 515.584800 180.000000 22.267720
V 713.318400 83.383200 60.000000 25.000000
E 5 0
E 10 0
E 0 17
E 15 1
E 16 1
E 32 1
E 2 5
E 2 8
E 11 2
E 6 3
E 3 10
E 4 29
E 31 4
E 7 6
E 6 10
E 14 6
E 22 7
E 26 7
E 8 20
E 9 14
E 9 26
E 11 13
E 29 11
E 12 16
E 25 12
E 13 30
E 19 14
E 14 28
E 17 15
E 15 24
E 18 21
E 30 18
E 20 25
E 23 26
E 27 25
E 28 31
E 31 29
G Hs_Tamoxifen_metabolism_WP691_20240802 32 33
V 658.720800 689.306400 96.000000 20.000000
V 581.270400 893.304000 80.000000 20.000000
V 730.080000 182.880000 121.000000 20.000000
V 703.548000 976.968000 80.000000 20.000000
V 767.808000 327.045600 192.000000 20.000000
V 501.184800 862.200000 184.000000 20.000000
V 281.059200 369.712800 197.000000 20.000000
V 1120.896000 691.912800 80.000000 20.000000
V 859.248000 539.748000 156.000000 20.000000
V 883.872000 612.460800 80.000000 20.000000
V 590.335200 280.029600 129.000000 20.000000
V 338.248800 749.592000 80.000000 20.000000
V 747.216000 807.624000 80.000000 20.000000
V 482.875200 490.932000 197.000000 20.000000
V 719.856000 610.322400 99.000000 20.000000
V 337.579200 666.864000 80.000000 20.000000
V 885.960000 69.210000 80.000000 20.000000
V 239.673600 991.728000 138.000000 20.000000
V 933.552000 710.848800 123.000000 20.000000
V 518.760000 317.800800 80.000000 20.000000
V 644.407200 10.000080 129.000000 20.000000
V 336.168000 855.504000 130.000000 20.000000
V 815.256000 731.016000 80.000000 20.000000
V 1041.120000 863.784000 80.000000 20.000000
V 557.611200 57.911040 192.000000 20.000000
V 793.512000 12.758400 153.000000 20.000000
V 845.712000 371.275200 161.000000 20.000000
V 271.180800 476.582400 210.000000 20.000000
V 662.594400 406.108800 128.000000 20.000000
V 517.291200 697.500000 123.000000 20.000000
V 104.997600 313.430400 210.000000 20.000000
V 937.008000 155.556000 80.000000 20.000000
E 14 0
E 3 1
E 1 29
E 16 2
E 2 20
E 2 24
E 2 25
E 28 2
E 31 2
E 3 12
E 28 4
E 29 5
E 13 6
E 6 30
E 7 18
E 14 8
E 9 14
E 28 10
E 11 29
E 12 14
E 13 27
E 28 13
E 29 13
E 14 18
E 22 14
E 14 28
E 14 29
E 15 29
E 21 17
E 18 23
E 19 28
E 29 21
E 28 26
G Hs_Thermogenesis_WP4321_20250930 21 21
V 28.000080 242.654400 56.000000 25.000000
V 266.860800 179.892000 54.000000 25.000000
V 199.483200 12.499920 84.488095 25.000000
V 93.088800 249.112800 56.000000 25.000000
V 210.376800 74.966400 69.750000 25.000000
V 536.752800 428.601600 58.230430 25.000000
V 223.862400 221.220000 35.065502 25.000000
V 535.564800 262.274400 72.941176 25.000000
V 351.064800 278.812800 45.269608 25.000000
V 100.886400 383.738400 60.000000 25.000000
V 413.064000 305.719200 61.470588 25.000000
V 176.356800 190.166400 44.235294 25.000000
V 497.750400 375.350400 63.823529 25.000000
V 139.629600 330.559200 37.000000 25.000000
V 483.177600 305.870400 56.764706 25.000000
V 218.023200 141.825600 60.000000 25.000000
V 590.637600 228.981600 55.588235 25.000000
V 571.147200 481.240800 54.184123 25.000000
V 162.273600 265.852800 35.000000 25.000000
V 286.876800 257.112000 60.000000 25.000000
V 429.501600 373.867200 52.000000 25.000000
E 0 3
E 6 1
E 4 2
E 3 18
E 15 4
E 12 5
E 5 17
E 11 6
E 6 15
E 18 6
E 6 19
E 14 7
E 16 7
E 10 8
E 19 8
E 9 13
E 14 10
E 20 10
E 14 12
E 20 12
E 13 18
G Hs_Thyroid_hormone_imbalance_leading_to_neurodevelopmental_abnormalities_WP5227_20240723 32 35
V 120.499200 1121.976000 241.157178 32.040328
V 421.581600 1453.680000 241.157178 32.040328
V 1712.520000 282.578400 311.224490 30.000000
V 713.865600 906.984000 197.719993 29.054594
V 1348.992000 982.584000 244.881770 28.388535
V 1147.032000 825.192000 265.462337 25.627210
V 1467.072000 544.644000 291.377551 25.000000
V 574.092000 269.820000 227.450339 24.848493
V 407.260800 475.754400 213.929804 29.001559
V 1880.640000 592.444800 254.387755 25.000000
V 554.220000 686.397600 178.119864 26.422746
V 388.267200 150.285600 248.114162 29.834329
V 646.207200 1288.440000 241.157178 32.040328
V 2191.032000 832.104000 311.224490 30.000000
V 1488.240000 1120.824000 236.751308 31.508588
V 290.772000 1063.656000 214.140410 29.489683
V 655.243200 81.878400 290.000000 30.969000
V 696.254400 1099.800000 214.873684 27.623002
V 488.772000 1250.928000 154.400659 26.740718
V 891.432000 805.104000 230.000000 32.590431
V 744.768000 693.482400 186.583162 26.395547
V 242.740800 14.500080 241.255451 29.405821
V 1876.536000 978.984000 192.397959 25.000000
V 649.353600 481.572000 254.057654 24.114556
V 2040.984000 455.709600 311.224490 30.000000
V 1289.160000 657.036000 217.408772 25.000000
V 1697.184000 1081.152000 201.638978 21.914378
V 1676.880000 493.776000 401.785714 25.000000
V 1503.864000 1336.032000 185.559405 22.856890
V 1984.680000 791.640000 170.918367 25.000000
V 532.857600 1064.304000 253.986381 27.015587
V 1077.480000 1010.376000 282.249173 31.635433
U 15 0
U 18 1
U 2 27
E 17 3
E 3 19
E 3 20
E 30 3
E 5 4
E 4 14
E 19 5
E 25 5
U 5 31
E 25 6
E 6 27
E 7 11
U 7 16
E 23 7
U 23 8
U 24 9
E 27 9
E 9 29
U 20 10
E 11 21
U 30 12
U 13 29
E 14 26
E 14 28
E 15 30
E 18 17
E 17 30
E 18 30
E 19 20
E 20 23
E 22 26
E 29 22
G Hs_Thyroid_stimulating_hormone_(TSH)_signaling_WP2032_20250306 22 22
V 29.000160 311.169600 58.000000 20.000000
V 340.891200 382.118400 60.000000 20.000000
V 413.208000 346.932000 60.000000 20.000000
V 136.051200 525.506400 60.000000 20.000000
V 217.425600 350.042400 60.000000 20.000000
V 503.769600 595.965600 60.000000 20.000000
V 80.625600 215.884800 48.000000 20.000000
V 367.034400 10.000080 60.000000 20.000000
V 150.076800 182.160000 60.000000 20.000000
V 218.080800 189.259200 60.000000 20.000000
V 546.516000 435.700800 60.000000 20.000000
V 302.572800 162.792000 60.000000 20.000000
V 376.408800 493.243200 60.000000 20.000000
V 271.785600 472.471200 60.000000 20.000000
V 215.676000 527.299200 60.000000 20.000000
V 299.613600 259.358400 60.000000 20.000000
V 374.090400 252.036000 60.000000 20.000000
V 368.856000 675.446400 60.000000 20.000000
V 39.474720 386.935200 60.000000 20.000000
V 58.176720 464.529600 60.000000 20.000000
V 132.292800 443.239200 57.000000 20.000000
V 101.073600 287.301600 49.061386 20.000000
E 4 0
E 4 1
E 4 2
E 10 2
E 4 3
E 4 6
E 4 8
E 4 9
E 4 11
E 4 12
E 4 13
E 4 14
E 4 15
E 4 16
E 4 18
E 4 19
E 20 4
E 4 21
E 12 5
E 11 7
E 12 10
E 12 17
G Hs_Trans-sulfuration_pathway_WP2333_20251202 23 23
V 203.832000 633.283200 80.000000 20.000000
V 507.628800 378.388800 80.000000 20.000000
V 215.841600 10.000080 151.159420 20.000000
V 386.056800 697.075200 43.000000 20.000000
V 497.671200 226.173600 47.000000 20.000000
V 231.782400 444.513600 49.000000 20.000000
V 316.051200 161.791200 42.000000 20.000000
V 257.716800 299.268000 164.000000 22.000000
V 204.033600 159.991200 166.000000 20.000000
V 470.584800 151.948800 80.000000 20.000000
V 395.870400 107.503200 80.000000 20.000000
V 103.284000 66.316320 151.159420 20.000000
V 352.245600 561.945600 80.000000 20.000000
V 480.780000 439.603200 124.500000 20.660494
V 350.438400 245.930400 123.000000 20.000000
V 502.984800 591.746400 45.000000 20.000000
V 107.330400 735.624000 80.000000 20.000000
V 297.460800 667.382400 80.000000 20.000000
V 53.760960 175.291200 48.000000 20.000000
V 21.499920 832.752000 43.000000 20.000000
V 357.393600 402.408000 100.459879 20.000000
V 208.987200 262.656000 80.000000 20.000000
V 464.652000 659.656800 80.000000 20.000000
E 12 0
E 16 0
U 1 20
E 8 2
E 3 12
E 4 14
E 5 20
E 6 7
E 8 7
E 7 20
U 11 8
E 14 8
E 18 8
E 14 9
E 14 10
E 15 12
E 12 17
E 20 12
E 22 12
E 20 13
E 20 14
U 21 14
E 19 16
G Hs_Transcription_co-factors_SKI_and_SKIL_protein_partners_WP4533_20190225 16 16
V 45.000000 495.208800 90.000000 25.000000
V 509.587200 167.176800 90.000000 25.000000
V 224.704800 335.426400 90.000000 25.000000
V 229.975200 515.440800 90.000000 25.000000
V 317.512800 668.923200 90.000000 25.000000
V 322.718400 363.312000 90.000000 25.000000
V 180.842400 65.666880 90.000000 25.000000
V 377.553600 14.903280 90.000000 25.000000
V 270.316800 12.499920 90.000000 25.000000
V 400.593600 589.852800 90.000000 25.000000
V 324.972000 180.266400 90.000000 25.000000
V 148.449600 157.240800 90.000000 25.000000
V 467.402400 73.202400 90.000000 25.000000
V 482.803200 258.940800 90.000000 25.000000
V 80.236800 606.736800 90.000000 25.000000
V 188.798400 678.722400 90.000000 25.000000
U 3 0
U 1 10
U 2 3
U 10 2
U 3 4
U 5 3
U 3 9
U 3 14
U 15 3
U 10 5
U 6 10
U 7 10
U 8 10
U 11 10
U 12 10
U 13 10
G Hs_Translation_inhibitors_in_chronically_activated_PDGFRA_cells_WP4566_20250303 18 21
V 196.329600 350.596800 66.333333 25.000000
V 550.072800 595.836000 75.666667 25.000000
V 364.665600 12.499920 49.387168 25.000000
V 479.152800 400.464000 61.000000 25.000000
V 499.852800 179.719200 55.051051 25.000000
V 205.509600 250.308000 57.000000 25.000000
V 341.928000 467.582400 67.000000 25.000000
V 430.005600 264.924000 71.610644 25.000000
V 84.499200 217.663200 169.000000 25.000000
V 530.424000 254.620800 68.418367 25.000000
V 600.919200 98.496000 55.051051 25.000000
V 408.960000 640.216800 67.000000 25.000000
V 226.296000 429.616800 66.333333 25.000000
V 579.319200 305.200800 63.666667 25.000000
V 449.553600 521.229600 68.500000 25.000000
V 312.861600 333.799200 57.000000 25.000000
V 428.263200 311.983200 71.610644 25.000000
V 382.975200 136.015200 62.387168 25.000000
E 0 15
E 1 14
E 2 17
E 3 7
E 3 14
E 3 16
E 7 4
E 4 10
E 16 4
E 5 8
E 15 5
E 6 14
E 6 15
E 9 7
E 13 7
E 7 15
E 7 17
E 9 16
E 11 14
E 12 15
E 16 15
G Hs_Triacylglyceride_synthesis_WP325_20240514 17 19
V 425.311200 857.808000 60.000000 20.000000
V 634.975200 199.648800 90.000000 20.000000
V 251.308800 169.855200 200.000000 20.000000
V 544.068000 349.970400 90.000000 20.000000
V 190.879200 237.463200 90.000000 20.000000
V 186.523200 666.208800 54.833333 19.000000
V 211.867200 392.623200 90.000000 20.000000
V 701.978400 319.924800 110.000000 20.000000
V 779.616000 203.428800 110.000000 20.000000
V 484.660800 279.028800 105.000000 20.000000
V 87.501600 98.373600 175.000000 19.000000
V 357.681600 287.222400 132.000000 20.000000
V 329.875200 373.600800 130.000000 20.000000
V 395.121600 706.766400 175.000000 20.000000
V 49.009680 428.371200 60.000000 20.000000
V 258.912000 10.000080 60.000000 20.000000
V 319.428000 560.844000 140.000000 20.000000
E 0 13
E 1 7
E 8 1
E 9 1
E 4 2
E 10 2
E 2 12
E 15 2
E 3 7
E 11 3
E 11 4
E 5 16
E 11 6
E 6 12
E 14 6
E 7 8
E 12 9
E 16 12
E 13 16
G Hs_Tryptophan_catabolism_leading_to_NAD+_production_WP4210_20180131 40 44
V 389.700000 433.425600 129.948100 28.988046
V 573.242400 668.642400 129.895259 29.038037
V 216.712800 128.188800 90.000000 25.000000
V 364.348800 896.904000 132.000000 25.000000
V 392.702400 161.085600 110.193370 31.284530
V 163.980000 204.940800 90.000000 25.000000
V 284.752800 223.747200 90.000000 25.000000
V 571.456800 550.584000 90.000000 25.000000
V 634.053600 392.760000 132.000000 25.000000
V 317.995200 344.037600 129.948100 28.988046
V 337.132800 769.536000 132.000000 25.000000
V 567.007200 352.447200 90.000000 25.000000
V 451.980000 543.556800 132.000000 25.000000
V 488.815200 1218.096000 90.000000 25.000000
V 292.737600 1256.472000 90.000000 25.000000
V 390.772800 1247.400000 90.000000 25.000000
V 656.100000 458.251200 90.000000 25.000000
V 234.727200 1215.432000 166.752343 25.000000
V 443.037600 863.928000 90.000000 25.000000
V 416.700000 673.452000 166.752343 25.000000
V 280.159200 652.924800 90.000000 25.000000
V 127.022400 56.049840 133.397790 25.000000
V 528.760800 450.316800 132.000000 28.988046
V 592.293600 844.704000 132.000000 25.000000
V 348.768000 1149.840000 132.000000 25.000000
V 467.136000 951.048000 90.000000 25.000000
V 247.550400 12.499920 64.889503 25.000000
V 375.141600 593.150400 167.585447 25.000000
V 392.760000 1030.536000 132.000000 25.000000
V 549.568800 1313.064000 140.046854 29.902945
V 284.608800 951.048000 166.752343 25.000000
V 518.932800 1069.488000 90.000000 25.000000
V 244.807200 862.704000 90.000000 25.000000
V 234.777600 914.040000 90.000000 25.000000
V 602.186400 792.144000 90.000000 25.000000
V 340.581600 125.078400 90.000000 25.000000
V 45.000000 186.962400 90.000000 25.000000
V 477.187200 795.168000 132.000000 25.000000
V 199.980000 374.414400 90.000000 25.000000
V 213.372000 1155.888000 90.000000 25.000000
E 0 9
E 12 0
E 22 0
E 1 19
E 2 5
E 6 2
E 2 21
E 26 2
E 3 10
E 18 3
E 3 25
E 28 3
E 3 30
E 32 3
E 33 3
E 3 37
E 4 6
E 5 6
E 36 5
E 9 6
E 6 35
E 7 12
E 22 8
E 38 9
E 10 19
E 22 11
E 19 12
E 12 22
E 27 12
E 24 13
E 13 29
E 14 24
E 24 15
E 16 22
E 24 17
E 18 37
E 20 19
E 19 27
E 37 19
E 37 23
E 24 28
E 39 24
E 31 28
E 34 37
G Hs_Tryptophan_kynurenine_pathway_in_post-COVID_syndrome_WP5549_20260319 24 24
V 154.987200 551.066400 90.000000 25.000000
V 944.424000 584.265600 183.528139 25.000000
V 708.616800 45.364320 90.000000 27.840081
V 380.304000 787.248000 160.709519 25.401961
V 643.068000 481.687200 106.052632 24.253655
V 289.634400 756.720000 100.000000 20.000000
V 345.038400 396.129600 100.000000 20.000000
V 452.872800 451.202400 90.000000 25.000000
V 580.348800 140.198400 90.000000 25.000000
V 551.088000 312.530400 129.895259 25.000000
V 395.726400 162.871200 90.000000 25.000000
V 180.993600 632.512800 100.000000 20.000000
V 474.897600 673.358400 90.000000 25.000000
V 463.068000 752.256000 121.690893 29.127550
V 306.295200 117.007200 175.567833 35.973411
V 362.880000 287.064000 117.625398 25.000000
V 336.744000 614.102400 150.263158 25.763687
V 172.296000 726.192000 143.516076 25.000000
V 799.416000 534.614400 90.000000 24.340130
V 184.132800 17.215200 90.000000 25.000000
V 49.000320 817.704000 98.071708 25.522409
V 238.197600 518.061600 106.052632 25.000000
V 455.544000 13.999680 90.000000 27.840081
V 560.527200 511.711200 100.000000 20.000000
E 0 16
E 18 1
E 8 2
E 16 3
E 7 4
E 4 18
E 5 16
E 6 7
E 7 9
E 15 7
E 7 16
E 23 7
E 9 8
E 8 22
E 10 15
E 11 16
E 16 12
E 16 13
E 14 15
E 19 14
E 22 14
E 16 17
E 16 21
E 17 20
G Hs_Type_I_interferon_induction_and_signaling_during_SARS-CoV-2_infection_WP4868_20241030 28 36
V 423.100800 384.184800 59.030612 20.000000
V 239.018400 12.000240 38.260197 24.439000
V 481.485600 524.404800 61.724490 20.000000
V 343.440000 710.474400 52.295918 20.000000
V 300.477600 55.889280 38.260197 24.439000
V 666.705600 436.528800 41.316327 20.000000
V 165.513600 140.299200 66.652150 20.000000
V 480.168000 651.722400 117.640382 26.925871
V 81.900000 78.220800 38.260197 24.439000
V 517.219200 308.433600 41.316327 20.000000
V 150.472800 19.280160 38.260197 24.439000
V 107.539200 481.629600 55.000000 20.000000
V 597.520800 1027.368000 54.992747 31.405516
V 482.788800 838.656000 60.000000 20.000000
V 232.905600 112.284000 101.933297 20.000000
V 545.580000 400.759200 55.000000 20.000000
V 651.052800 318.412800 41.316327 20.000000
V 329.817600 498.477600 43.867347 20.000000
V 436.528800 731.160000 55.000000 20.000000
V 160.430400 542.080800 55.000000 20.000000
V 231.588000 435.931200 86.186939 30.000000
V 115.257600 400.219200 70.397740 20.000000
V 297.475200 363.542400 55.000000 20.000000
V 349.488000 626.342400 55.000000 20.000000
V 532.368000 938.520000 55.000000 20.000000
V 247.528800 241.012800 59.306000 20.000000
V 391.694400 440.042400 55.000000 20.000000
V 61.999920 156.096000 124.224490 29.836735
E 2 0
E 9 0
E 0 22
E 1 6
E 1 14
E 7 2
E 7 3
E 3 23
E 4 6
E 4 14
E 5 15
E 8 6
E 10 6
E 6 25
E 27 6
E 7 18
E 8 14
E 9 15
E 10 14
E 20 11
E 12 24
E 13 18
E 13 24
E 14 25
E 27 14
E 16 15
E 15 26
E 17 22
E 23 17
E 17 26
E 18 23
E 20 19
E 21 20
E 20 22
E 20 26
E 25 22
G Hs_Tyrosine_metabolism_and_related_disorders_WP4506_20240129 32 33
V 387.316800 107.726400 58.379766 25.000000
V 494.532000 688.802400 179.000000 25.000000
V 574.732800 12.499920 104.000000 25.000000
V 783.288000 415.216800 90.000000 25.000000
V 580.888800 381.211200 165.000000 25.000000
V 232.466400 711.914400 140.000000 25.000000
V 469.720800 13.902480 90.000000 25.000000
V 637.387200 45.518400 90.000000 25.000000
V 49.999680 801.936000 100.000000 25.000000
V 578.347200 244.260000 165.000000 25.000000
V 480.895200 348.192000 189.882139 25.000000
V 444.844800 393.328800 90.000000 25.000000
V 638.877600 448.221600 189.000000 25.000000
V 873.648000 413.956800 51.447453 25.000000
V 278.560800 555.969600 58.379766 25.000000
V 519.724800 114.775200 165.000000 25.000000
V 701.445600 361.656000 58.379766 25.000000
V 142.020000 758.808000 120.000000 25.000000
V 400.608000 583.675200 148.000000 25.000000
V 578.988000 481.233600 111.879766 25.000000
V 515.296800 182.210400 90.000000 25.000000
V 457.624800 237.045600 58.379766 25.000000
V 698.500800 248.349600 57.195122 25.000000
V 826.776000 512.308800 90.000000 25.000000
V 540.986400 786.312000 58.379766 25.000000
V 637.293600 169.142400 58.379766 25.000000
V 326.966400 677.037600 140.000000 25.000000
V 329.659200 437.796000 58.379766 25.000000
V 432.424800 482.479200 165.000000 25.000000
V 712.396800 202.147200 104.000000 25.000000
V 414.856800 51.444000 57.195122 25.000000
V 369.712800 790.632000 67.000000 26.500000
E 0 15
E 18 1
E 24 1
E 1 26
E 15 2
E 4 3
E 13 3
E 3 23
E 4 9
E 10 4
E 11 4
E 4 12
E 16 4
E 19 4
E 4 28
E 5 17
E 26 5
E 15 6
E 7 15
E 17 8
E 15 9
E 9 20
E 21 9
E 22 9
E 25 9
E 9 29
E 14 18
E 15 20
E 30 15
E 18 26
E 28 18
E 26 31
E 27 28
G Hs_UDP-derived_sugars_synthesis_in_fibroblasts_WP5394_20240722 26 26
V 618.429600 389.246400 150.000000 25.000000
V 1375.632000 209.030400 240.000000 25.000000
V 739.800000 459.655200 220.000000 25.000000
V 113.515200 437.738400 90.000000 25.000000
V 201.852000 175.312800 150.000000 25.000000
V 403.560000 584.726400 150.000000 25.000000
V 425.383200 413.388000 220.000000 25.000000
V 1629.936000 521.604000 90.000000 25.000000
V 646.610400 225.813600 90.000000 25.000000
V 1458.720000 315.000000 220.000000 25.000000
V 45.000000 114.710400 90.000000 25.000000
V 1195.344000 648.878400 220.000000 25.000000
V 1477.080000 480.160800 220.000000 25.000000
V 1031.904000 286.236000 240.000000 25.000000
V 1354.032000 593.258400 220.000000 25.000000
V 199.591200 12.499920 150.000000 25.000000
V 967.824000 429.760800 220.000000 25.000000
V 344.836800 742.176000 90.000000 25.000000
V 270.633600 350.971200 150.000000 25.000000
V 1049.832000 564.868800 220.000000 25.000000
V 1215.720000 812.232000 90.000000 25.000000
V 448.236000 262.915200 90.000000 25.000000
V 1127.592000 195.552000 240.000000 25.000000
V 754.992000 620.899200 90.000000 25.000000
V 196.790400 502.070400 90.000000 25.000000
V 115.552800 317.959200 150.000000 25.000000
E 0 2
E 6 0
E 8 0
E 1 9
E 22 1
E 2 16
E 23 2
E 3 18
E 10 4
E 4 15
E 18 4
E 5 6
E 17 5
E 6 18
E 21 6
E 7 12
E 12 9
E 11 14
E 19 11
E 20 11
E 14 12
E 16 13
E 13 22
E 16 19
E 24 18
E 18 25
G Hs_Unfolded_protein_response_WP4925_20240724 22 22
V 376.718400 196.884000 90.000000 25.000000
V 866.448000 16.208640 90.000000 25.000000
V 45.000000 176.313600 90.000000 25.000000
V 155.455200 211.298400 90.000000 25.000000
V 675.972000 119.736000 90.000000 25.000000
V 397.476000 283.161600 90.000000 25.000000
V 413.164800 405.878400 90.000000 25.000000
V 518.810400 278.402400 90.000000 25.000000
V 188.654400 12.499920 90.000000 25.000000
V 563.558400 98.474400 90.000000 25.000000
V 414.792000 736.704000 90.000000 25.000000
V 236.865600 119.282400 90.000000 25.000000
V 630.842400 227.570400 90.000000 25.000000
V 437.061600 521.200800 90.000000 25.000000
V 399.643200 844.416000 90.000000 25.000000
V 474.724800 179.488800 90.000000 25.000000
V 574.466400 682.164000 90.000000 25.000000
V 184.924800 332.474400 90.000000 25.000000
V 467.445600 633.888000 90.000000 25.000000
V 770.040000 61.310880 90.000000 25.000000
V 265.960800 244.166400 90.000000 25.000000
V 82.483200 387.208800 90.000000 25.000000
E 5 0
E 19 1
E 3 2
E 20 3
E 4 9
E 12 4
E 19 4
E 5 6
E 5 7
E 15 5
E 5 20
E 6 13
E 7 12
E 11 8
E 9 15
E 14 10
E 10 18
E 20 11
E 13 18
E 16 18
E 20 17
E 17 21
G Hs_Urea_cycle_and_related_diseases_WP4571_20251018 28 30
V 461.822400 789.192000 51.507553 22.712967
V 513.878400 683.121600 90.000000 25.000000
V 113.421600 148.932000 54.798363 22.712967
V 447.559200 539.913600 47.394041 20.947500
V 576.136800 472.694400 90.000000 25.000000
V 245.196000 467.625600 145.000000 35.000000
V 784.152000 366.696000 46.853625 19.744859
V 880.992000 324.093600 90.000000 25.000000
V 608.241600 373.564800 44.925934 22.712967
V 196.668000 12.499920 90.000000 25.000000
V 716.875200 610.884000 43.280529 23.535669
V 72.496800 224.625600 145.000000 35.000000
V 453.456000 437.443200 90.000000 25.000000
V 604.144800 598.255200 131.472509 25.000000
V 408.880800 631.216800 90.000000 25.000000
V 336.564000 546.840000 90.000000 25.000000
V 315.496800 16.192080 51.507553 24.358372
V 557.157600 786.888000 90.000000 25.000000
V 255.693600 112.204800 90.000000 25.000000
V 330.523200 428.263200 125.000000 25.000000
V 677.959200 685.188000 90.000000 25.000000
V 257.270400 324.180000 90.000000 25.000000
V 148.478400 391.809600 54.798363 22.712967
V 306.684000 215.640000 100.000000 25.000000
V 235.252800 526.557600 46.571339 21.890264
V 198.014400 216.669600 90.000000 25.000000
V 686.692800 422.719200 90.000000 25.000000
V 150.170400 333.799200 90.000000 25.000000
E 0 1
E 13 1
E 1 14
E 1 17
E 2 25
E 3 12
E 3 14
E 8 4
U 12 4
E 4 13
E 26 4
E 19 5
U 7 6
E 6 26
E 9 18
E 10 13
E 25 11
E 19 12
E 13 20
U 14 15
E 15 19
E 16 18
E 18 23
E 25 18
E 21 19
E 24 19
E 22 21
E 23 21
E 25 21
E 27 21
G Hs_Valproic_acid_pathway_WP3871_20250303 31 30
V 173.685600 127.720800 63.000000 20.000000
V 278.431200 773.784000 90.000000 20.000000
V 323.258400 10.000080 120.000000 20.000000
V 370.555200 333.691200 60.000000 20.000000
V 712.238400 418.456800 117.000000 20.000000
V 357.796800 127.605600 135.000000 20.000000
V 607.881600 57.739680 180.000000 20.000000
V 459.216000 511.221600 60.000000 20.000000
V 380.440800 202.651200 140.000000 20.000000
V 596.491200 197.712000 122.000000 20.000000
V 463.327200 151.120800 60.000000 20.000000
V 180.252000 527.148000 60.000000 20.000000
V 714.765600 133.020000 140.000000 20.000000
V 830.376000 85.773600 160.000000 20.000000
V 180.410400 768.528000 90.000000 20.000000
V 553.917600 289.396800 140.000000 20.000000
V 495.072000 768.168000 160.000000 20.000000
V 311.990400 279.144000 60.000000 20.000000
V 97.243200 702.424800 70.000000 20.000000
V 411.184800 661.824000 140.000000 20.000000
V 211.651200 650.311200 160.000000 20.000000
V 69.999840 616.716000 140.000000 20.000000
V 353.872800 423.151200 110.000000 20.000000
V 304.221600 554.529600 140.000000 20.000000
V 611.985600 352.173600 140.000000 20.000000
V 496.087200 192.859200 60.000000 20.000000
V 732.672000 249.876000 60.000000 20.000000
V 430.185600 270.244800 90.000000 20.000000
V 221.126400 397.180800 60.000000 20.000000
V 272.412000 206.784000 60.000000 20.000000
V 458.971200 367.416000 150.000000 20.000000
E 29 0
E 20 1
E 5 2
E 3 27
E 24 4
E 27 5
E 9 6
E 7 22
E 27 8
E 9 12
E 26 9
E 27 9
E 10 27
E 11 23
E 12 13
E 20 14
E 27 15
E 19 16
E 27 17
E 18 20
E 23 19
E 20 21
E 23 20
E 22 23
E 27 22
E 28 22
E 27 24
E 25 27
E 27 29
E 27 30
G Hs_Visual_cycle_WP5534_20251031 15 15
V 331.934400 363.398400 60.000000 20.000000
V 486.532800 341.179200 60.000000 20.000000
V 247.428000 46.039680 60.000000 20.000000
V 463.190400 203.688000 90.000000 20.000000
V 395.870400 285.220800 90.000000 20.000000
V 401.256000 385.084800 60.000000 20.000000
V 322.344000 111.492000 90.000000 20.000000
V 420.357600 115.660800 90.000000 20.000000
V 305.748000 218.822400 90.000000 20.000000
V 558.972000 407.786400 120.000000 20.000000
V 204.177600 245.779200 60.000000 20.000000
V 20.000160 294.076800 40.000000 20.000000
V 560.368800 171.108000 60.000000 20.000000
V 345.211200 10.000080 60.000000 20.000000
V 110.138400 270.525600 40.000000 20.000000
E 0 4
E 1 4
E 9 1
E 2 6
E 4 3
E 3 7
E 12 3
E 5 4
E 8 4
E 7 6
E 6 8
E 13 6
E 10 8
E 10 14
E 14 11
G Hs_Vitamin_A_and_carotenoid_metabolism_WP716_20250407 26 26
V 55.000080 575.553600 110.000000 26.500000
V 600.062400 243.360000 52.000000 20.000000
V 379.267200 834.840000 72.500000 35.000000
V 237.722400 933.192000 90.000000 30.500000
V 703.188000 116.452800 70.000000 20.000000
V 495.086400 662.983200 90.000000 35.000000
V 64.437840 144.993600 52.000000 20.000000
V 986.040000 553.903200 110.000000 30.500000
V 180.518400 351.014400 51.000000 20.000000
V 372.412800 10.000080 100.000000 20.000000
V 475.243200 362.916000 130.000000 26.500000
V 658.828800 609.602400 90.000000 30.500000
V 963.576000 1122.768000 160.000000 35.000000
V 641.354400 780.696000 170.000000 30.500000
V 137.872800 1057.392000 90.000000 30.500000
V 410.781600 995.184000 80.000000 20.000000
V 744.480000 905.832000 120.000000 30.500000
V 508.341600 775.008000 80.000000 20.000000
V 373.039200 698.745600 55.000000 19.897436
V 827.424000 580.536000 99.333333 30.500000
V 372.715200 172.800000 52.000000 20.000000
V 336.952800 338.781600 87.500000 23.500000
V 398.635200 502.178400 99.333333 35.000000
V 851.472000 1020.888000 120.000000 35.000000
V 225.928800 546.163200 120.000000 35.000000
V 203.875200 230.536800 87.500000 23.500000
E 24 0
E 4 1
U 10 1
E 2 3
E 2 5
U 15 2
E 3 14
E 5 11
E 5 13
U 17 5
E 18 5
E 22 5
U 6 25
E 19 7
E 8 21
E 9 20
E 21 10
E 10 22
E 19 11
E 23 12
E 13 16
E 16 23
E 20 21
E 21 22
U 25 21
E 22 24
G Hs_Vitamin_B12_disorders_WP4271_20250306 25 24
V 549.583200 12.499920 173.733850 25.000000
V 925.560000 933.768000 90.000000 25.000000
V 308.959200 338.803200 90.000000 25.000000
V 157.651200 1086.408000 90.000000 27.504420
V 495.309600 297.360000 170.867666 27.565765
V 715.420800 1147.752000 174.870130 35.876623
V 456.069600 751.608000 98.255733 34.460701
V 451.821600 580.392000 98.255733 32.728341
V 811.584000 1032.552000 123.318219 25.000000
V 698.421600 731.016000 90.000000 25.000000
V 173.700000 783.072000 90.000000 25.000000
V 356.558400 714.074400 90.000000 25.000000
V 693.151200 931.968000 153.450439 27.565765
V 666.439200 107.949600 90.000000 25.000000
V 817.056000 1186.272000 90.000000 25.000000
V 307.008000 844.056000 112.742140 34.460701
V 522.316800 149.623200 142.238986 25.000000
V 405.763200 49.057920 90.000000 25.000000
V 258.652800 421.408800 90.000000 25.000000
V 45.000000 954.648000 90.000000 25.000000
V 196.768800 950.832000 90.000000 27.504420
V 414.410400 429.098400 90.000000 27.504420
V 916.056000 1133.064000 90.000000 25.000000
V 963.144000 1027.584000 90.000000 25.000000
V 589.154400 821.592000 98.255733 32.728341
E 16 0
E 8 1
E 2 21
E 20 3
E 4 16
E 21 4
E 8 5
E 6 7
E 11 6
E 15 6
E 6 24
E 7 21
E 12 8
E 14 8
E 8 22
E 23 8
E 9 24
E 10 15
E 24 12
E 16 13
E 20 15
E 17 16
E 18 21
E 19 20
G Hs_Vitamin_D_metabolism_WP1531_20260102 15 16
V 455.140800 271.324800 75.000000 45.000000
V 499.723200 178.848000 60.000000 20.000000
V 401.076000 130.118400 60.000000 20.000000
V 642.002400 283.284000 40.000000 20.000000
V 202.896000 166.795200 85.000000 20.000000
V 583.804800 108.842400 60.000000 20.000000
V 31.000320 109.432800 61.882029 20.000000
V 687.866400 91.900800 90.000000 35.000000
V 386.128800 25.923600 90.000000 20.000000
V 605.527200 10.000080 59.469264 20.000000
V 299.901600 153.525600 92.562500 20.000000
V 47.462400 262.692000 80.000000 20.000000
V 593.539200 193.464000 60.000000 20.000000
V 546.768000 280.476000 60.000000 20.000000
V 104.472000 179.013600 76.000000 30.000000
E 1 0
U 2 1
E 1 5
E 12 1
E 13 1
E 8 2
E 10 2
E 3 12
E 3 13
E 4 10
E 14 4
E 7 5
E 5 9
E 5 12
E 6 14
E 14 11
G Hs_Vitamin_K_metabolism_and_activation_of_dependent_proteins_WP5186_20250308 27 33
V 246.506400 148.125600 90.000000 25.000000
V 34.634880 292.348800 50.144440 25.000000
V 127.375200 211.910400 118.290740 25.000000
V 408.009600 417.290400 60.233118 25.000000
V 630.770400 579.499200 61.432139 25.000000
V 459.770400 330.595200 90.000000 25.000000
V 437.608800 770.832000 64.000000 25.000000
V 524.786400 734.184000 86.000000 27.500000
V 240.112800 625.190400 90.000000 25.000000
V 163.828800 351.453600 90.000000 25.000000
V 562.838400 282.844800 49.235513 16.988868
V 528.523200 400.298400 164.894376 37.322514
V 669.607200 503.164800 90.000000 25.000000
V 545.025600 196.358400 50.847953 25.000000
V 196.473600 768.456000 41.389943 17.873765
V 644.608800 100.857600 90.000000 25.000000
V 611.020800 330.660000 49.235513 16.988868
V 351.288000 538.185600 90.000000 25.000000
V 117.122400 694.101600 41.389943 17.873765
V 442.612800 206.928000 50.847953 25.000000
V 304.941600 284.414400 90.000000 37.322514
V 24.999840 386.532000 50.144440 25.000000
V 217.015200 12.499920 118.290740 25.000000
V 305.697600 676.879200 60.233118 25.000000
V 422.359200 627.393600 74.000000 25.000000
V 515.728800 498.412800 171.997181 37.322514
V 159.559200 501.566400 90.000000 33.500000
U 0 2
U 20 0
U 0 22
E 1 9
E 9 2
E 3 5
E 3 11
E 17 3
E 4 25
E 5 10
E 11 5
U 13 5
U 16 5
E 5 19
U 5 20
U 5 25
E 6 24
U 7 24
U 14 8
E 8 18
E 23 8
E 8 24
E 26 8
U 20 9
E 21 9
U 26 9
E 11 10
U 16 11
E 25 11
E 12 25
E 13 15
E 17 23
E 24 25
G Hs_White_fat_cell_differentiation_WP4149_20190917 33 46
V 391.132800 338.320800 70.937967 23.049421
V 400.946400 459.770400 59.279583 20.000000
V 345.571200 283.910400 48.000000 20.000000
V 365.644800 50.589360 48.000000 20.000000
V 500.695200 11.499840 60.115711 22.954174
V 309.074400 357.516000 76.858332 42.438027
V 451.216800 292.060800 78.701186 41.303890
V 248.371200 57.894480 48.000000 20.000000
V 28.499760 69.099120 57.203975 30.985915
V 420.645600 181.238400 48.000000 20.000000
V 434.786400 621.424800 48.000000 20.000000
V 543.312000 413.042400 79.038340 18.083776
V 552.931200 150.105600 48.000000 20.000000
V 500.486400 491.349600 124.280754 32.574964
V 203.414400 323.006400 48.000000 20.000000
V 214.833600 113.032800 48.000000 20.000000
V 390.902400 217.368000 48.000000 20.000000
V 195.386400 765.648000 48.000000 20.000000
V 147.189600 240.400800 48.000000 20.000000
V 164.239200 292.744800 48.000000 20.000000
V 558.396000 229.500000 103.756488 16.440482
V 186.710400 198.302400 48.000000 20.000000
V 227.383200 499.543200 48.000000 20.000000
V 260.308800 646.372800 48.000000 20.000000
V 299.347200 212.227200 108.456006 60.136145
V 297.813600 85.910400 60.000000 20.000000
V 526.492800 348.055200 76.470822 39.681519
V 347.904000 594.424800 115.815728 17.881228
V 616.226400 257.248800 48.000000 20.000000
V 698.745600 140.932800 59.877939 31.927249
V 596.556000 345.175200 48.000000 20.000000
V 395.431200 83.815200 48.000000 20.000000
V 151.459200 139.132800 48.000000 20.000000
E 0 6
E 13 0
E 0 24
E 0 26
E 6 1
E 10 1
E 1 27
E 6 2
E 2 24
E 4 3
E 3 24
E 25 3
E 4 12
U 4 31
E 6 5
E 22 5
E 5 24
E 9 6
E 11 6
E 12 6
E 6 16
E 20 6
E 6 24
U 6 26
E 28 6
E 30 6
E 7 24
E 8 32
U 9 24
E 23 10
E 11 26
E 29 12
E 14 24
E 15 24
E 16 24
E 23 17
E 18 24
E 19 24
E 28 20
E 21 24
U 22 23
E 27 23
E 24 25
E 31 24
E 32 24
E 29 28
G Hs_mRNA__protein__and_metabolite_induced_stress_pathway_by_cyclosporin_A_WP3953_20250721 31 31
V 212.342400 315.388800 50.000000 25.000000
V 448.552800 141.710400 59.000000 25.000000
V 247.132800 12.499920 59.000000 25.000000
V 141.307200 329.162400 76.000000 37.500000
V 534.780000 156.600000 85.000000 25.000000
V 462.326400 222.696000 85.000000 25.000000
V 24.999840 325.036800 50.000000 25.000000
V 335.851200 160.855200 59.000000 25.000000
V 208.944000 142.840800 59.000000 25.000000
V 252.187200 535.492800 33.571429 25.000000
V 271.504800 172.231200 50.000000 25.000000
V 382.586400 87.804000 85.000000 25.000000
V 531.482400 119.656800 85.000000 25.000000
V 182.037600 489.484800 141.000000 37.500000
V 243.093600 92.001600 59.000000 25.000000
V 519.429600 86.637600 85.000000 25.000000
V 29.230560 254.210400 56.000000 25.000000
V 182.484000 399.420000 134.000000 37.500000
V 369.244800 195.912000 85.000000 25.000000
V 72.561600 583.178400 90.000000 25.000000
V 379.130400 49.358160 85.000000 25.000000
V 116.028000 528.508800 90.000000 25.000000
V 534.938400 189.626400 85.000000 25.000000
V 241.876800 246.319200 50.000000 25.000000
V 192.643200 555.854400 33.571429 25.000000
V 472.219200 53.632800 85.000000 25.000000
V 254.080800 444.456000 141.000000 37.500000
V 273.686400 354.405600 141.000000 37.500000
V 142.509600 97.560000 59.000000 25.000000
V 93.081600 290.131200 50.000000 25.000000
V 180.086400 42.547680 59.000000 25.000000
E 0 3
E 0 17
E 0 23
E 0 27
E 29 0
E 1 4
E 1 5
E 7 1
E 1 11
E 1 12
E 1 15
E 1 18
E 1 20
E 1 22
E 1 25
E 14 2
E 6 29
E 10 7
E 10 8
E 8 28
E 9 13
E 10 14
E 23 10
E 17 13
E 21 13
E 24 13
E 26 13
E 14 30
E 16 29
E 19 21
E 27 26
G Hs_mRNA_vaccine_activation_of_dendritic_cell_and_induction_of_IFN-1_WP5187_20240316 15 24
V 78.501600 86.839200 157.000000 25.000000
V 398.138400 142.228800 77.500000 27.500000
V 301.046400 138.686400 90.000000 25.000000
V 298.540800 190.252800 90.000000 25.000000
V 458.265600 402.674400 104.500000 32.500000
V 530.971200 132.588000 116.500000 28.500000
V 457.041600 12.499920 90.000000 25.000000
V 210.996000 86.493600 69.500000 23.500000
V 178.156800 142.545600 69.500000 23.500000
V 247.240800 235.958400 90.000000 25.000000
V 157.557600 200.304000 69.500000 23.500000
V 176.004000 364.953600 226.500000 31.500000
V 588.556800 12.753360 157.000000 25.000000
V 112.219200 476.683200 183.000000 35.500000
V 379.188000 290.167200 95.500000 23.500000
E 0 7
E 0 8
E 0 10
E 1 2
E 1 3
E 5 1
E 6 1
E 1 9
E 7 2
E 8 2
E 10 2
E 2 14
E 7 3
E 8 3
E 10 3
E 3 14
E 14 4
E 12 5
E 12 6
E 7 9
E 8 9
E 10 9
E 9 11
E 11 13
G Hs_miR-509-3p_alteration_of_YAP1-ECM_axis_WP3967_20250303 15 14
V 27.499680 112.593600 55.000000 25.000000
V 307.713600 140.868000 57.000000 25.000000
V 111.052800 15.444000 49.000000 25.000000
V 307.677600 390.319200 43.000000 25.000000
V 268.135200 192.952800 55.000000 25.000000
V 54.281520 235.036800 55.000000 25.000000
V 58.680000 55.792800 62.000000 25.000000
V 281.592000 77.176800 55.000000 25.000000
V 161.157600 145.764000 72.000000 25.000000
V 238.939200 27.394560 55.000000 25.000000
V 175.939200 12.499920 55.000000 25.000000
V 24.555600 177.631200 45.000000 25.000000
V 250.797600 273.614400 62.000000 25.000000
V 171.252000 263.671200 55.000000 25.000000
V 105.530400 277.740000 55.000000 25.000000
E 8 0
E 8 1
E 8 2
E 12 3
E 8 4
E 8 5
E 8 6
E 8 7
E 8 9
E 8 10
E 8 11
E 8 12
E 8 13
E 8 14
G Hs_miRNA_regulation_of_p53_pathway_in_prostate_cancer_WP3982_20250303 27 30
V 134.100000 196.711200 62.000000 25.000000
V 201.873600 251.078400 77.000000 25.000000
V 278.877600 89.352000 60.000000 25.000000
V 104.104800 532.058400 50.000000 25.000000
V 75.672000 296.287200 56.000000 25.000000
V 265.204800 192.996000 50.000000 25.000000
V 381.758400 12.499920 50.000000 25.000000
V 210.974400 453.074400 50.000000 25.000000
V 179.510400 525.564000 82.000000 25.000000
V 177.213600 389.527200 50.000000 25.000000
V 85.888800 131.810400 50.000000 25.000000
V 28.000080 83.894400 56.000000 25.000000
V 351.000000 80.892000 63.000000 25.000000
V 127.828800 460.756800 50.000000 25.000000
V 261.518400 514.411200 66.000000 25.000000
V 322.228800 155.800800 52.000000 25.000000
V 452.808000 237.060000 62.000000 25.000000
V 103.996800 386.028000 50.000000 25.000000
V 291.571200 322.689600 50.000000 25.000000
V 63.845280 229.536000 50.000000 25.000000
V 435.038400 325.274400 62.000000 25.000000
V 151.869600 319.996800 50.000000 25.000000
V 293.522400 243.129600 51.000000 25.000000
V 369.518400 235.180800 70.000000 25.000000
V 360.756000 288.561600 50.000000 25.000000
V 276.883200 403.207200 46.000000 25.000000
V 399.657600 137.404800 72.000000 25.000000
E 0 1
E 0 10
E 0 19
E 1 21
E 22 1
E 2 15
E 8 3
E 3 13
E 4 19
E 4 21
E 22 5
E 6 12
E 8 7
E 9 7
E 7 13
E 14 7
E 25 7
U 21 9
E 11 10
E 12 15
E 13 17
E 15 22
E 26 15
E 16 23
E 21 17
E 22 18
E 18 25
E 20 24
E 22 23
E 22 24
G Hs_miRNA_regulation_of_prostate_cancer_signaling_WP3981_20250224 31 33
V 569.743200 225.324000 65.000000 25.000000
V 702.151200 367.862400 65.000000 25.000000
V 617.990400 330.163200 65.000000 25.000000
V 547.164000 375.170400 65.000000 25.000000
V 715.766400 268.632000 65.000000 25.000000
V 511.315200 509.601600 65.000000 25.000000
V 32.500080 12.499920 65.000000 25.000000
V 670.888800 163.612800 80.000000 25.000000
V 532.180800 329.637600 65.000000 25.000000
V 677.988000 626.500800 53.000000 25.000000
V 519.444000 606.240000 65.000000 25.000000
V 434.635200 200.577600 65.000000 25.000000
V 278.121600 119.858400 65.000000 25.000000
V 918.864000 249.991200 63.000000 25.000000
V 404.863200 755.208000 55.000000 25.000000
V 392.803200 27.952560 65.000000 25.000000
V 1000.440000 211.442400 55.000000 25.000000
V 507.974400 262.072800 57.000000 25.000000
V 193.255200 86.652000 65.000000 25.000000
V 749.664000 316.584000 65.000000 25.000000
V 374.342400 127.252800 65.000000 25.000000
V 457.732800 680.306400 49.000000 25.000000
V 838.296000 287.784000 56.000000 25.000000
V 652.492800 400.867200 65.000000 25.000000
V 730.656000 704.548800 55.000000 25.000000
V 642.758400 245.728800 65.000000 25.000000
V 112.766400 48.469680 65.000000 25.000000
V 1084.824000 183.492000 52.000000 25.000000
V 608.853600 554.011200 65.000000 25.000000
V 592.862400 450.396000 65.000000 25.000000
V 772.920000 784.872000 52.000000 25.000000
E 2 0
E 0 7
E 2 1
E 2 3
E 2 4
E 2 8
E 17 2
E 2 19
E 2 23
E 2 25
E 2 29
E 4 7
E 5 10
E 29 5
E 26 6
E 25 7
E 9 24
E 28 9
E 10 21
E 28 10
E 11 17
E 20 11
E 12 18
E 20 12
E 13 16
U 22 13
E 21 14
E 15 20
E 16 27
E 18 26
E 19 22
E 24 30
E 29 28
G Hs_miRNA_targets_in_ECM_and_membrane_receptors_WP2911_20250308 23 33
V 114.840000 122.515200 50.000000 20.000000
V 404.906400 362.836800 68.000000 20.000000
V 282.528000 67.291920 46.000000 20.000000
V 534.600000 465.408000 58.000000 20.000000
V 633.592800 291.888000 58.000000 20.000000
V 516.024000 149.140800 58.000000 20.000000
V 499.068000 269.899200 58.000000 20.000000
V 629.114400 423.705600 56.000000 20.000000
V 351.626400 461.793600 47.000000 20.000000
V 526.464000 99.187200 63.000000 20.000000
V 539.568000 360.619200 46.000000 20.000000
V 375.256800 127.036800 58.000000 20.000000
V 23.500080 81.979200 47.000000 20.000000
V 315.748800 156.081600 58.000000 20.000000
V 591.285600 198.252000 48.000000 20.000000
V 337.536000 40.417920 48.000000 20.000000
V 428.112000 178.848000 46.000000 20.000000
V 476.136000 383.680800 45.000000 20.000000
V 302.760000 222.573600 58.000000 20.000000
V 353.851200 260.424000 45.000000 20.000000
V 584.164800 10.000080 48.000000 20.000000
V 204.595200 183.182400 43.000000 20.000000
V 123.890400 255.808800 58.000000 20.000000
E 0 12
E 0 21
E 1 8
E 1 10
E 1 17
E 1 19
E 11 2
E 13 2
E 3 10
E 3 17
E 4 10
E 4 14
E 5 14
E 5 16
E 6 10
E 6 14
E 6 16
E 6 17
E 7 10
E 9 14
E 9 16
E 9 20
E 11 15
E 11 16
E 11 19
E 13 15
E 13 16
E 13 19
E 13 21
E 18 16
E 18 19
E 18 21
E 22 21
G Hs_ncRNAs_in_Wnt_signaling_in_hepatocellular_carcinoma_WP4336_20250227 17 17
V 30.000240 108.784800 60.000000 20.000000
V 304.084800 281.692800 48.254209 20.000000
V 126.842400 145.418400 54.000000 20.000000
V 172.260000 323.179200 60.000000 20.000000
V 378.194400 353.052000 58.000000 20.000000
V 242.078400 288.475200 60.000000 20.000000
V 120.232800 211.161600 60.000000 20.000000
V 277.243200 124.934400 53.000000 20.000000
V 216.100800 210.736800 60.000000 20.000000
V 425.325600 184.413600 42.000000 20.000000
V 338.061600 40.628160 55.000000 20.000000
V 134.186400 261.907200 60.000000 20.000000
V 160.610400 10.000080 66.000000 20.000000
V 87.696000 498.333600 115.096045 30.000000
V 127.015200 413.488800 60.000000 20.000000
V 321.408000 195.710400 59.000000 20.000000
V 186.991200 109.936800 45.000000 20.000000
E 0 2
E 4 1
E 1 8
E 2 8
E 2 16
E 8 3
E 3 14
E 5 8
E 6 8
E 7 8
E 10 7
E 11 8
E 15 8
E 16 8
E 9 15
E 12 16
E 14 13
G Hs_p38_MAPK_signaling_WP400_20250303 28 31
V 435.650400 89.236800 80.000000 20.000000
V 402.775200 266.738400 80.000000 20.000000
V 484.358400 189.698400 53.333333 20.000000
V 292.039200 441.072000 60.000000 20.000000
V 251.445600 532.728000 93.333333 20.000000
V 160.286400 599.119200 40.000000 20.000000
V 489.924000 559.180800 60.000000 20.000000
V 316.879200 182.620800 53.333333 20.000000
V 116.193600 206.042400 40.000000 20.000000
V 145.648800 160.401600 46.666667 20.000000
V 279.482400 10.000080 46.666667 20.000000
V 167.781600 456.055200 86.666667 20.000000
V 405.424800 333.043200 53.333333 20.000000
V 397.029600 502.372800 86.666667 20.000000
V 197.834400 87.825600 93.333333 20.000000
V 290.469600 320.616000 80.000000 20.000000
V 242.553600 132.192000 40.000000 20.000000
V 236.174400 209.383200 80.000000 20.000000
V 105.724800 689.328000 46.666667 20.000000
V 291.528000 631.648800 46.666667 20.000000
V 112.953600 20.310480 53.333333 20.000000
V 40.000320 483.228000 80.000000 20.000000
V 360.295200 361.051200 66.666667 20.000000
V 224.186400 413.064000 60.000000 20.000000
V 149.234400 248.688000 73.333333 20.000000
V 325.468800 109.972800 80.000000 20.000000
V 573.537600 615.520800 46.666667 20.000000
V 138.038400 492.292800 100.000000 20.000000
E 0 2
E 25 0
E 1 2
E 15 1
E 4 3
E 11 3
E 13 3
E 3 15
E 5 4
E 19 4
E 4 23
E 18 5
E 5 27
E 6 13
U 26 6
E 17 7
E 17 8
E 17 9
E 14 10
E 25 10
E 11 21
E 15 12
E 17 14
E 14 20
E 15 17
E 15 22
E 23 15
E 17 16
E 17 24
E 17 25
E 27 23
