# the graphs of sbgn.txt laid out by neato -Gstart=1, same box sizes
G R-HSA-109704.sbgn 27 26
V 155.455200 391.024800 12.000000 12.000000
V 207.640800 224.193600 12.000000 12.000000
V 73.994400 15.931440 42.000000 30.000000
V 248.378400 703.591200 12.000000 12.000000
V 314.827200 752.184000 123.000000 36.000000
V 61.539840 400.838400 42.000000 30.000000
V 452.930400 597.492000 85.000000 22.000000
V 244.958400 540.000000 12.000000 12.000000
V 196.617600 769.248000 41.000000 30.000000
V 156.808800 14.999760 55.000000 30.000000
V 165.996000 719.884800 76.000000 30.000000
V 145.029600 160.819200 112.000000 22.000000
V 290.282400 185.385600 52.000000 22.000000
V 374.796000 624.708000 10.000000 10.000000
V 107.740800 85.550400 12.000000 12.000000
V 438.235200 676.260000 51.000000 22.000000
V 315.151200 506.347200 98.000000 36.000000
V 94.730400 438.710400 42.000000 30.000000
V 207.273600 461.390400 77.000000 22.000000
V 173.635200 571.838400 98.000000 22.000000
V 23.500080 81.165600 47.000000 30.000000
V 91.000800 356.702400 77.000000 23.000000
V 284.731200 620.568000 82.000000 30.000000
V 185.932800 308.037600 106.000000 36.000000
V 261.309600 784.008000 42.000000 30.000000
V 239.212800 159.580800 42.000000 30.000000
V 286.675200 237.283200 42.000000 30.000000
E 0 5
E 0 17
E 0 18
E 0 21
E 0 23
E 1 11
E 1 12
E 1 23
E 1 25
E 1 26
E 2 14
E 3 4
E 3 8
E 3 10
E 3 22
E 3 24
E 6 13
E 7 16
E 7 18
E 7 19
E 7 22
E 9 14
E 11 14
E 13 15
E 13 22
E 14 20
G R-HSA-112313.sbgn 15 14
V 131.284800 246.067200 12.000000 12.000000
V 160.243200 417.679200 12.000000 12.000000
V 57.584160 200.649600 113.000000 44.000000
V 71.590320 296.265600 36.000000 31.000000
V 197.460000 286.452000 103.000000 30.000000
V 312.235200 89.107200 135.000000 44.000000
V 215.848800 24.999840 125.000000 50.000000
V 232.545600 103.975200 12.000000 12.000000
V 45.000000 251.676000 90.000000 30.000000
V 209.174400 240.170400 41.000000 31.000000
V 102.484800 174.592800 96.000000 36.000000
V 142.826400 336.765600 92.000000 44.000000
V 183.268800 170.438400 138.000000 30.000000
V 226.332000 464.990400 135.000000 44.000000
V 112.032000 482.169600 125.000000 36.000000
E 0 2
E 0 3
E 0 4
E 0 8
E 0 9
E 0 10
E 0 11
E 0 12
E 1 11
E 1 13
E 1 14
E 5 7
E 6 7
E 7 12
G R-HSA-112314.sbgn 16 20
V 50.999760 278.985600 102.000000 34.000000
V 221.162400 308.786400 35.000000 30.000000
V 221.205600 247.255200 12.000000 12.000000
V 436.219200 286.920000 40.000000 30.000000
V 436.600800 155.937600 67.000000 35.000000
V 154.591200 316.872000 43.000000 30.000000
V 502.761600 23.999760 117.000000 48.000000
V 386.049600 219.823200 10.000000 10.000000
V 134.553600 193.680000 50.000000 30.000000
V 190.483200 180.489600 35.000000 30.000000
V 496.231200 103.593600 10.000000 10.000000
V 133.588800 264.369600 12.000000 12.000000
V 575.092800 116.596800 112.000000 35.000000
V 305.251200 229.435200 104.000000 36.000000
V 190.368000 328.910400 43.000000 30.000000
V 167.832000 211.485600 50.000000 30.000000
E 0 11
E 1 2
E 1 11
E 2 5
E 2 8
E 2 9
E 2 13
E 2 14
E 2 15
E 3 7
E 4 7
E 4 10
E 5 11
E 6 10
E 7 13
E 8 11
E 9 11
E 10 12
E 11 14
E 11 15
G R-HSA-112409.sbgn 27 28
V 330.782400 527.810400 100.000000 36.000000
V 422.740800 383.688000 10.000000 10.000000
V 452.167200 464.997600 95.000000 36.000000
V 262.180800 537.040800 38.000000 30.000000
V 102.916800 578.527200 40.000000 30.000000
V 509.133600 149.522400 102.000000 36.000000
V 514.893600 14.999760 40.000000 30.000000
V 338.191200 400.363200 98.000000 36.000000
V 583.279200 240.883200 100.000000 22.000000
V 188.618400 471.722400 96.000000 22.000000
V 454.327200 304.358400 129.000000 78.000000
V 275.162400 460.101600 12.000000 12.000000
V 652.017600 194.068800 10.000000 10.000000
V 450.626400 606.902400 125.000000 36.000000
V 47.499840 545.594400 95.000000 22.000000
V 560.793600 84.758400 12.000000 12.000000
V 642.420000 111.434400 129.000000 36.000000
V 730.656000 209.808000 125.000000 36.000000
V 428.320800 182.959200 49.000000 22.000000
V 28.549440 472.845600 38.000000 30.000000
V 106.581600 491.457600 12.000000 12.000000
V 236.073600 391.759200 40.000000 30.000000
V 496.519200 231.256800 10.000000 10.000000
V 412.020000 535.557600 12.000000 12.000000
V 498.225600 411.926400 49.000000 22.000000
V 61.927200 417.571200 58.000000 22.000000
V 598.557600 15.253920 38.000000 30.000000
E 0 11
E 0 23
E 1 2
E 1 7
E 1 10
E 1 24
E 2 23
E 3 11
E 4 20
E 5 15
E 5 22
E 6 15
E 7 11
E 8 12
E 8 22
E 9 11
E 9 20
E 10 22
E 11 21
E 12 16
E 12 17
E 13 23
E 14 20
E 15 16
E 15 26
E 18 22
E 19 20
E 20 25
G R-HSA-114508.sbgn 36 37
V 60.500160 229.233600 121.000000 41.000000
V 561.744000 94.723200 35.000000 29.000000
V 69.385680 114.458400 75.000000 30.000000
V 102.751200 491.508000 57.000000 31.000000
V 221.076000 195.660000 101.000000 35.000000
V 117.532800 72.763200 93.000000 36.000000
V 196.149600 104.594400 12.000000 12.000000
V 461.548800 34.062480 46.000000 35.000000
V 628.365600 144.972000 12.000000 12.000000
V 287.596800 337.255200 111.000000 38.000000
V 192.492000 18.000000 183.000000 36.000000
V 51.965280 172.692000 98.000000 38.000000
V 682.999200 76.125600 43.000000 30.000000
V 249.883200 686.692800 75.000000 32.000000
V 138.621600 680.860800 132.000000 46.000000
V 184.204800 466.639200 12.000000 12.000000
V 227.736000 291.780000 10.000000 10.000000
V 401.112000 153.597600 41.000000 35.000000
V 152.136000 231.429600 10.000000 10.000000
V 198.489600 625.622400 10.000000 10.000000
V 214.783200 386.431200 57.000000 31.000000
V 320.400000 111.146400 115.000000 33.000000
V 206.150400 545.486400 125.000000 38.000000
V 87.393600 284.342400 132.000000 38.000000
V 169.502400 330.062400 96.000000 32.000000
V 237.952800 39.664800 39.000000 31.000000
V 706.024800 148.852800 42.000000 30.000000
V 142.790400 31.716720 38.000000 31.000000
V 481.312800 116.308800 12.000000 12.000000
V 503.575200 30.082320 42.000000 29.000000
V 312.177600 179.820000 12.000000 12.000000
V 353.916000 239.472000 65.000000 29.000000
V 142.732800 168.652800 10.000000 10.000000
V 548.416800 179.892000 60.000000 31.000000
V 676.015200 216.021600 70.000000 22.000000
V 553.118400 141.393600 39.000000 31.000000
E 0 18
E 1 8
E 1 28
E 2 32
E 3 15
E 4 6
E 4 16
E 4 18
E 4 30
E 4 32
E 5 6
E 6 10
E 6 25
E 6 27
E 7 28
E 8 12
E 8 26
E 8 33
E 8 34
E 8 35
E 9 16
E 11 32
E 13 19
E 14 19
E 15 20
E 15 22
E 16 20
E 16 24
E 17 28
E 17 30
E 18 23
E 19 22
E 21 30
E 28 29
E 28 33
E 28 35
E 30 31
G R-HSA-1170546.sbgn 28 29
V 143.928000 290.181600 10.000000 10.000000
V 297.028800 281.476800 10.000000 10.000000
V 97.056000 222.624000 98.000000 36.000000
V 121.795200 618.192000 77.000000 22.000000
V 367.718400 310.543200 115.000000 36.000000
V 291.722400 370.101600 113.000000 36.000000
V 104.774400 450.705600 12.000000 12.000000
V 232.948800 655.797600 131.000000 50.000000
V 20.499840 435.326400 41.000000 30.000000
V 165.592800 175.730400 12.000000 12.000000
V 631.944000 101.296800 38.000000 22.000000
V 35.426880 492.487200 39.000000 30.000000
V 135.835200 101.548800 127.000000 64.000000
V 360.381600 224.056800 69.000000 36.000000
V 184.672800 495.540000 116.000000 52.000000
V 255.866400 445.600800 12.000000 12.000000
V 493.171200 141.523200 70.000000 22.000000
V 229.104000 816.480000 201.000000 45.000000
V 249.818400 738.360000 12.000000 12.000000
V 557.193600 11.000160 37.000000 22.000000
V 111.751200 366.746400 134.000000 50.000000
V 429.436800 184.406400 10.000000 10.000000
V 302.832000 799.272000 40.000000 30.000000
V 216.964800 244.274400 128.000000 75.000000
V 195.170400 581.356800 10.000000 10.000000
V 174.679200 780.336000 42.000000 30.000000
V 334.317600 741.528000 120.000000 50.000000
V 552.866400 90.950400 10.000000 10.000000
E 0 2
E 0 20
E 0 23
E 1 4
E 1 5
E 1 13
E 1 23
E 2 9
E 3 24
E 5 15
E 6 8
E 6 11
E 6 14
E 6 20
E 7 18
E 7 24
E 9 12
E 9 23
E 10 27
E 13 21
E 14 15
E 14 24
E 16 21
E 16 27
E 17 18
E 18 22
E 18 25
E 18 26
E 19 27
G R-HSA-1181150.sbgn 21 20
V 283.032000 256.939200 66.000000 23.000000
V 487.965600 106.164000 86.000000 29.000000
V 697.320000 110.080800 171.000000 26.000000
V 641.066400 372.657600 114.000000 22.000000
V 483.688800 186.753600 12.000000 12.000000
V 633.045600 161.452800 10.000000 10.000000
V 130.795200 27.779040 84.000000 29.000000
V 317.815200 180.669600 12.000000 12.000000
V 634.514400 78.710400 70.000000 24.000000
V 586.965600 309.290400 10.000000 10.000000
V 254.340000 127.886400 99.000000 25.000000
V 97.999200 99.856800 196.000000 22.000000
V 713.124000 180.835200 325.000000 27.000000
V 565.020000 221.378400 157.000000 24.000000
V 400.039200 184.118400 159.000000 22.000000
V 197.877600 10.499760 121.000000 21.000000
V 668.023200 315.662400 178.000000 19.000000
V 578.116800 393.300000 338.000000 26.000000
V 178.668000 92.851200 12.000000 12.000000
V 526.348800 360.878400 74.000000 20.000000
V 127.864800 161.316000 84.000000 29.000000
E 0 7
E 1 4
E 2 5
E 3 9
E 4 13
E 4 14
E 5 8
E 5 12
E 5 13
E 6 18
E 7 10
E 7 14
E 9 13
E 9 16
E 9 17
E 9 19
E 10 18
E 11 18
E 15 18
E 18 20
G R-HSA-1221632.sbgn 25 24
V 248.544000 182.743200 318.000000 29.000000
V 257.479200 58.919760 68.000000 30.000000
V 160.776000 19.138320 70.000000 32.000000
V 149.457600 152.373600 81.000000 32.000000
V 344.714400 158.868000 12.000000 12.000000
V 172.879200 343.044000 246.000000 61.000000
V 125.028000 37.236240 75.000000 28.000000
V 320.637600 312.328800 67.000000 30.000000
V 396.734400 88.812000 73.000000 31.000000
V 199.022400 15.500160 74.000000 31.000000
V 170.697600 275.709600 104.000000 32.000000
V 145.353600 308.433600 63.000000 28.000000
V 293.061600 346.593600 67.000000 30.000000
V 241.617600 100.576800 66.000000 25.000000
V 253.663200 363.326400 71.000000 30.000000
V 303.170400 273.938400 297.000000 34.000000
V 236.894400 24.814080 73.000000 26.000000
V 108.136800 143.539200 72.000000 31.000000
V 93.002400 106.603200 186.000000 26.000000
V 210.326400 363.398400 68.000000 26.000000
V 418.255200 201.952800 75.000000 31.000000
V 107.928000 71.700480 74.000000 22.000000
V 426.434400 142.156800 168.000000 24.000000
V 184.485600 100.015200 12.000000 12.000000
V 235.879200 281.714400 12.000000 12.000000
E 0 4
E 0 23
E 0 24
E 1 23
E 2 23
E 3 23
E 4 8
E 4 20
E 4 22
E 5 24
E 6 23
E 7 24
E 9 23
E 10 24
E 11 24
E 12 24
E 13 23
E 14 24
E 15 24
E 16 23
E 17 23
E 18 23
E 19 24
E 21 23
G R-HSA-1222499.sbgn 35 41
V 144.892800 193.579200 12.000000 12.000000
V 209.109600 17.664480 36.000000 30.000000
V 240.177600 174.218400 37.000000 22.000000
V 406.346400 417.499200 89.000000 30.000000
V 645.638400 300.067200 32.000000 22.000000
V 510.948000 490.089600 12.000000 12.000000
V 222.350400 187.257600 83.000000 23.000000
V 352.749600 411.004800 95.000000 22.000000
V 205.797600 414.799200 51.000000 30.000000
V 747.576000 182.721600 97.000000 22.000000
V 490.154400 307.339200 43.000000 30.000000
V 326.937600 320.464800 82.000000 22.000000
V 266.709600 14.999760 60.000000 30.000000
V 496.951200 394.243200 52.000000 30.000000
V 243.424800 460.965600 43.000000 30.000000
V 559.720800 558.648000 43.000000 30.000000
V 620.078400 263.606400 58.000000 22.000000
V 82.749600 251.769600 122.000000 22.000000
V 414.288000 348.631200 12.000000 12.000000
V 456.933600 555.832800 89.000000 30.000000
V 705.931200 250.581600 12.000000 12.000000
V 61.999920 195.588000 124.000000 36.000000
V 505.202400 574.401600 113.000000 22.000000
V 787.248000 272.577600 58.000000 22.000000
V 239.781600 94.593600 12.000000 12.000000
V 589.154400 515.188800 107.000000 22.000000
V 343.180800 303.890400 40.000000 22.000000
V 288.396000 242.769600 12.000000 12.000000
V 83.916000 135.676800 51.000000 22.000000
V 642.016800 368.409600 89.000000 30.000000
V 280.951200 381.132000 12.000000 12.000000
V 308.037600 47.377440 59.000000 30.000000
V 165.931200 52.980480 74.000000 22.000000
V 618.328800 403.603200 70.000000 22.000000
V 570.045600 338.090400 12.000000 12.000000
E 0 2
E 0 6
E 0 17
E 0 21
E 0 28
E 1 24
E 2 24
E 2 27
E 3 18
E 4 20
E 4 34
E 5 13
E 5 15
E 5 19
E 5 22
E 5 25
E 6 24
E 6 27
E 7 18
E 7 30
E 8 30
E 9 20
E 10 18
E 10 34
E 11 18
E 11 27
E 11 30
E 12 24
E 13 18
E 13 34
E 14 30
E 16 20
E 16 34
E 18 26
E 20 23
E 24 31
E 24 32
E 26 27
E 26 30
E 29 34
E 33 34
G R-HSA-1234174.sbgn 24 23
V 380.390400 223.488000 12.000000 12.000000
V 580.996800 347.493600 33.000000 22.000000
V 563.760000 74.678400 81.000000 51.000000
V 511.891200 301.622400 12.000000 12.000000
V 403.336800 289.123200 35.000000 22.000000
V 159.436800 304.200000 67.000000 22.000000
V 33.500160 389.592000 67.000000 22.000000
V 261.748800 25.500240 87.000000 51.000000
V 141.436800 199.296000 42.000000 22.000000
V 211.744800 238.132800 10.000000 10.000000
V 258.710400 108.511200 12.000000 12.000000
V 495.316800 44.547840 49.000000 22.000000
V 514.699200 387.367200 65.000000 51.000000
V 499.183200 128.311200 12.000000 12.000000
V 332.978400 270.295200 51.000000 22.000000
V 474.940800 215.798400 89.000000 22.000000
V 631.468800 245.772000 64.000000 51.000000
V 97.689600 351.489600 12.000000 12.000000
V 289.094400 191.880000 28.000000 22.000000
V 190.951200 64.059840 55.000000 22.000000
V 380.023200 154.389600 53.000000 22.000000
V 625.420800 163.663200 32.000000 22.000000
V 362.152800 313.783200 47.000000 22.000000
V 556.502400 210.067200 12.000000 12.000000
E 0 4
E 0 14
E 0 15
E 0 18
E 0 20
E 0 22
E 1 3
E 2 13
E 3 12
E 3 15
E 5 9
E 5 17
E 6 17
E 7 10
E 8 9
E 9 18
E 10 18
E 10 19
E 11 13
E 13 15
E 15 23
E 16 23
E 21 23
G R-HSA-1237044.sbgn 27 29
V 224.647200 388.677600 52.000000 22.000000
V 288.734400 11.109600 84.000000 22.000000
V 241.012800 77.673600 10.000000 10.000000
V 328.586400 422.128800 12.000000 12.000000
V 262.980000 252.684000 12.000000 12.000000
V 285.422400 392.580000 12.000000 12.000000
V 50.172480 260.719200 56.000000 33.000000
V 488.772000 298.044000 32.000000 30.000000
V 164.656800 493.243200 12.000000 12.000000
V 349.898400 242.589600 35.000000 30.000000
V 292.219200 191.016000 40.000000 30.000000
V 90.064800 530.301600 40.000000 30.000000
V 471.895200 357.199200 85.000000 48.000000
V 23.624640 361.756800 35.000000 30.000000
V 239.616000 162.604800 73.000000 34.000000
V 324.021600 327.218400 40.000000 30.000000
V 463.370400 238.881600 70.000000 22.000000
V 136.490400 569.800800 35.000000 30.000000
V 407.829600 301.924800 10.000000 10.000000
V 17.500320 305.964000 35.000000 30.000000
V 174.816000 276.364800 55.000000 30.000000
V 186.984000 18.000000 123.000000 36.000000
V 98.776800 328.017600 12.000000 12.000000
V 196.459200 572.580000 73.000000 22.000000
V 384.739200 483.033600 60.000000 37.000000
V 111.592800 418.802400 55.000000 30.000000
V 252.360000 468.180000 40.000000 30.000000
E 0 5
E 1 2
E 2 14
E 2 21
E 3 15
E 3 24
E 3 26
E 4 9
E 4 10
E 4 14
E 4 15
E 4 20
E 5 15
E 5 26
E 6 22
E 7 18
E 8 11
E 8 17
E 8 23
E 8 25
E 8 26
E 9 18
E 12 18
E 13 22
E 15 18
E 16 18
E 19 22
E 20 22
E 22 25
G R-HSA-1247673.sbgn 24 26
V 139.456800 181.281600 118.000000 30.000000
V 574.329600 317.656800 125.000000 25.000000
V 517.600800 27.918000 47.000000 30.000000
V 281.894400 219.139200 101.000000 30.000000
V 251.755200 53.894160 121.000000 28.000000
V 386.236800 187.804800 52.000000 29.000000
V 295.495200 123.825600 12.000000 12.000000
V 420.357600 302.054400 118.000000 30.000000
V 459.849600 12.499920 104.000000 25.000000
V 381.556800 98.366400 135.000000 44.000000
V 198.396000 241.761600 10.000000 10.000000
V 246.672000 309.780000 91.000000 30.000000
V 511.020000 180.158400 113.000000 37.000000
V 527.724000 353.080800 59.000000 35.000000
V 331.171200 161.755200 12.000000 12.000000
V 297.014400 381.988800 95.000000 25.000000
V 587.210400 259.012800 65.000000 35.000000
V 505.432800 271.332000 12.000000 12.000000
V 473.076000 96.696000 12.000000 12.000000
V 348.811200 385.070400 101.000000 30.000000
V 118.497600 242.884800 237.000000 29.000000
V 329.544000 303.343200 12.000000 12.000000
V 142.948800 306.482400 109.000000 26.000000
V 553.500000 77.306400 37.000000 30.000000
E 0 10
E 1 17
E 2 18
E 3 6
E 3 10
E 3 14
E 3 21
E 4 6
E 5 14
E 6 9
E 7 17
E 7 21
E 8 18
E 9 14
E 9 18
E 10 11
E 10 20
E 10 22
E 11 21
E 12 17
E 12 18
E 13 17
E 15 21
E 16 17
E 18 23
E 19 21
G R-HSA-1268020.sbgn 24 25
V 89.524800 141.825600 27.000000 30.000000
V 210.412800 549.482400 10.000000 10.000000
V 108.064800 37.177920 41.000000 30.000000
V 182.973600 398.448000 43.000000 30.000000
V 414.093600 579.276000 154.000000 28.000000
V 148.291200 598.982400 229.000000 27.000000
V 215.560800 467.064000 116.000000 39.000000
V 261.720000 311.018400 160.000000 36.000000
V 368.416800 17.885520 221.000000 27.000000
V 347.349600 248.119200 210.000000 42.000000
V 309.348000 72.950400 10.000000 10.000000
V 265.053600 398.102400 12.000000 12.000000
V 280.800000 595.994400 120.000000 24.000000
V 162.741600 14.999760 40.000000 30.000000
V 277.624800 224.388000 12.000000 12.000000
V 367.984800 206.503200 43.000000 30.000000
V 160.927200 99.453600 12.000000 12.000000
V 231.508800 49.697280 118.000000 22.000000
V 322.790400 461.721600 148.000000 30.000000
V 203.515200 176.536800 138.000000 25.000000
V 344.167200 541.015200 12.000000 12.000000
V 77.500800 88.912800 155.000000 30.000000
V 346.291200 394.257600 219.000000 44.000000
V 318.045600 152.776800 125.000000 34.000000
E 0 16
E 1 5
E 1 6
E 1 12
E 2 16
E 3 11
E 4 20
E 6 11
E 7 11
E 7 14
E 8 10
E 9 14
E 10 17
E 10 23
E 11 18
E 11 22
E 12 20
E 13 16
E 14 15
E 14 19
E 14 23
E 16 17
E 16 19
E 16 21
E 18 20
G R-HSA-1362409.sbgn 21 24
V 69.276240 339.681600 62.000000 30.000000
V 329.630400 36.414000 63.000000 31.000000
V 147.369600 456.336000 160.000000 27.000000
V 200.426400 654.004800 12.000000 12.000000
V 259.927200 580.442400 36.000000 30.000000
V 261.792000 242.265600 12.000000 12.000000
V 263.210400 81.583200 12.000000 12.000000
V 344.779200 246.456000 176.000000 24.000000
V 226.663200 588.247200 85.000000 22.000000
V 214.034400 18.499680 87.000000 37.000000
V 117.496800 310.960800 235.000000 26.000000
V 126.360000 596.080800 40.000000 23.000000
V 186.825600 526.795200 12.000000 12.000000
V 255.333600 714.607200 60.000000 30.000000
V 150.739200 374.731200 12.000000 12.000000
V 200.786400 444.981600 159.000000 30.000000
V 213.724800 310.600800 190.000000 23.000000
V 161.510400 595.591200 69.000000 22.000000
V 253.519200 160.617600 62.000000 29.000000
V 64.545840 390.564000 85.000000 28.000000
V 157.406400 724.104000 60.000000 30.000000
E 0 14
E 1 6
E 2 12
E 2 14
E 3 4
E 3 8
E 3 11
E 3 13
E 3 17
E 3 20
E 4 12
E 5 7
E 5 16
E 5 18
E 6 9
E 6 18
E 8 12
E 10 14
E 11 12
E 12 15
E 12 17
E 14 15
E 14 16
E 14 19
G R-HSA-140534.sbgn 20 23
V 249.156000 104.558400 10.000000 10.000000
V 364.752000 276.559200 45.000000 22.000000
V 63.499680 148.219200 127.000000 64.000000
V 191.988000 361.828800 99.000000 36.000000
V 195.948000 249.753600 127.000000 50.000000
V 135.878400 182.340000 10.000000 10.000000
V 435.614400 169.963200 116.000000 64.000000
V 275.997600 317.253600 10.000000 10.000000
V 213.818400 275.673600 10.000000 10.000000
V 237.981600 24.999840 119.000000 50.000000
V 203.738400 176.731200 92.000000 22.000000
V 271.267200 407.196000 127.000000 50.000000
V 330.746400 124.236000 129.000000 36.000000
V 359.229600 203.119200 10.000000 10.000000
V 381.686400 338.176800 10.000000 10.000000
V 464.133600 344.628000 129.000000 36.000000
V 406.116000 416.131200 127.000000 50.000000
V 309.556800 275.421600 93.000000 22.000000
V 126.316800 277.156800 116.000000 37.000000
V 143.316000 333.741600 131.000000 50.000000
E 0 9
E 0 10
E 0 12
E 1 7
E 1 13
E 1 14
E 2 5
E 3 8
E 4 5
E 4 7
E 5 10
E 6 13
E 7 11
E 7 17
E 8 10
E 8 17
E 8 18
E 8 19
E 12 13
E 13 17
E 14 15
E 14 16
E 14 17
G R-HSA-1442490.sbgn 22 30
V 81.273600 11.000160 130.000000 22.000000
V 232.682400 270.806400 109.000000 22.000000
V 171.432000 405.604800 116.000000 36.000000
V 176.983200 338.745600 12.000000 12.000000
V 171.208800 203.011200 12.000000 12.000000
V 551.930400 240.825600 130.000000 22.000000
V 189.799200 116.474400 116.000000 36.000000
V 476.704800 243.576000 12.000000 12.000000
V 344.764800 225.907200 12.000000 12.000000
V 199.562400 415.915200 111.000000 36.000000
V 263.253600 256.514400 54.000000 22.000000
V 406.641600 281.023200 107.000000 36.000000
V 239.839200 353.232000 12.000000 12.000000
V 403.574400 218.354400 116.000000 36.000000
V 211.226400 485.712000 12.000000 12.000000
V 111.722400 442.656000 12.000000 12.000000
V 225.122400 171.540000 12.000000 12.000000
V 126.943200 70.592400 12.000000 12.000000
V 43.500240 480.002400 87.000000 22.000000
V 226.404000 561.751200 54.000000 22.000000
V 334.598400 278.337600 12.000000 12.000000
V 139.838400 147.218400 104.000000 36.000000
E 0 17
E 1 3
E 1 4
E 1 20
E 2 3
E 2 12
E 2 14
E 2 15
E 3 9
E 4 6
E 4 21
E 5 7
E 6 16
E 6 17
E 7 11
E 7 13
E 8 10
E 8 11
E 8 13
E 9 12
E 9 14
E 9 15
E 10 12
E 10 16
E 11 20
E 13 20
E 14 19
E 15 18
E 16 21
E 17 21
G R-HSA-1474228.sbgn 27 32
V 117.568800 436.838400 12.000000 12.000000
V 493.264800 254.700000 131.000000 22.000000
V 63.396000 121.795200 126.000000 22.000000
V 413.553600 605.160000 69.000000 49.000000
V 571.140000 272.282400 12.000000 12.000000
V 395.467200 529.380000 12.000000 12.000000
V 248.011200 350.582400 12.000000 12.000000
V 646.833600 255.931200 88.000000 64.000000
V 416.462400 298.036800 12.000000 12.000000
V 360.410400 235.569600 12.000000 12.000000
V 226.612800 160.754400 65.000000 22.000000
V 329.176800 476.150400 71.000000 22.000000
V 207.734400 11.000160 46.000000 22.000000
V 421.322400 448.545600 89.000000 21.000000
V 58.000320 487.468800 116.000000 50.000000
V 375.940800 461.534400 35.000000 22.000000
V 425.930400 180.511200 131.000000 36.000000
V 200.224800 182.541600 113.000000 22.000000
V 263.952000 238.514400 12.000000 12.000000
V 325.108800 306.777600 109.000000 22.000000
V 352.504800 390.823200 12.000000 12.000000
V 369.266400 152.352000 84.000000 22.000000
V 501.408000 314.820000 84.000000 22.000000
V 164.174400 369.972000 96.000000 22.000000
V 215.157600 90.547200 12.000000 12.000000
V 135.813600 153.720000 12.000000 12.000000
V 195.717600 418.572000 46.000000 22.000000
E 0 14
E 0 23
E 0 26
E 1 4
E 1 8
E 2 25
E 3 5
E 4 7
E 4 22
E 5 11
E 5 13
E 5 15
E 6 19
E 6 23
E 6 26
E 8 19
E 8 22
E 9 16
E 9 19
E 9 21
E 10 18
E 10 24
E 10 25
E 11 20
E 12 24
E 13 20
E 15 20
E 17 18
E 17 24
E 17 25
E 18 19
E 19 20
G R-HSA-1502540.sbgn 24 24
V 161.863200 22.694400 38.000000 30.000000
V 562.377600 374.911200 40.000000 30.000000
V 343.036800 157.989600 57.000000 22.000000
V 347.356800 437.349600 56.000000 22.000000
V 415.195200 402.530400 223.000000 28.000000
V 255.045600 452.916000 134.000000 23.000000
V 92.052000 440.560800 49.000000 24.000000
V 262.706400 540.583200 10.000000 10.000000
V 303.408000 223.646400 10.000000 10.000000
V 244.980000 14.999760 40.000000 30.000000
V 330.004800 301.780800 109.000000 37.000000
V 214.963200 607.276800 41.000000 23.000000
V 497.707200 428.212800 12.000000 12.000000
V 202.068000 89.164800 12.000000 12.000000
V 573.768000 451.274400 254.000000 23.000000
V 385.293600 191.246400 124.000000 22.000000
V 169.783200 461.448000 10.000000 10.000000
V 118.000800 91.440000 236.000000 27.000000
V 320.666400 383.616000 10.000000 10.000000
V 522.424800 508.629600 41.000000 30.000000
V 241.675200 162.820800 217.000000 24.000000
V 112.716000 521.222400 146.000000 21.000000
V 300.268800 613.274400 147.000000 22.000000
V 284.544000 306.568800 152.000000 26.000000
E 0 13
E 1 12
E 2 8
E 3 18
E 4 12
E 4 18
E 5 7
E 5 16
E 5 18
E 6 16
E 7 11
E 7 22
E 8 10
E 8 15
E 8 20
E 8 23
E 9 13
E 10 18
E 12 14
E 12 19
E 13 17
E 13 20
E 16 21
E 18 23
G R-HSA-1566948.sbgn 31 30
V 283.658400 633.722400 51.000000 22.000000
V 58.000320 492.523200 116.000000 48.000000
V 606.283200 215.632800 45.000000 22.000000
V 523.915200 357.955200 10.000000 10.000000
V 975.456000 299.541600 10.000000 10.000000
V 1189.728000 408.420000 103.000000 36.000000
V 72.626400 606.513600 119.000000 36.000000
V 120.319200 542.124000 10.000000 10.000000
V 824.616000 272.383200 10.000000 10.000000
V 936.792000 165.031200 10.000000 10.000000
V 605.419200 83.260800 12.000000 12.000000
V 740.952000 263.606400 102.000000 33.000000
V 1003.464000 121.068000 126.000000 29.000000
V 480.326400 427.255200 77.000000 22.000000
V 428.277600 490.154400 10.000000 10.000000
V 1184.472000 323.179200 77.000000 22.000000
V 907.776000 246.204000 107.000000 25.000000
V 657.885600 251.532000 12.000000 12.000000
V 348.156000 507.600000 127.000000 22.000000
V 199.533600 535.420800 101.000000 36.000000
V 1122.984000 459.201600 44.000000 22.000000
V 597.448800 317.757600 109.000000 65.000000
V 638.762400 158.968800 87.000000 36.000000
V 464.817600 564.573600 55.000000 22.000000
V 279.216000 550.346400 10.000000 10.000000
V 576.741600 11.000160 84.000000 22.000000
V 1118.880000 375.804000 12.000000 12.000000
V 461.383200 304.200000 98.000000 36.000000
V 1044.792000 341.395200 84.000000 33.000000
V 932.400000 83.678400 97.000000 36.000000
V 831.672000 351.194400 98.000000 22.000000
E 0 24
E 1 7
E 2 17
E 3 13
E 3 21
E 3 27
E 4 16
E 4 28
E 5 26
E 6 7
E 7 19
E 8 11
E 8 16
E 8 30
E 9 12
E 9 16
E 9 29
E 10 22
E 10 25
E 11 17
E 13 14
E 14 18
E 14 23
E 15 26
E 17 21
E 17 22
E 18 24
E 19 24
E 20 26
E 26 28
G R-HSA-156842.sbgn 33 37
V 368.042400 253.202400 10.000000 10.000000
V 513.381600 447.782400 34.000000 31.000000
V 219.664800 286.099200 10.000000 10.000000
V 366.890400 381.679200 10.000000 10.000000
V 502.106400 47.035440 40.000000 30.000000
V 192.081600 357.962400 72.000000 22.000000
V 36.377280 335.512800 55.000000 23.000000
V 454.924800 374.198400 12.000000 12.000000
V 325.893600 177.026400 34.000000 29.000000
V 431.834400 87.372000 10.000000 10.000000
V 309.952800 295.603200 105.000000 50.000000
V 437.320800 428.191200 128.000000 49.000000
V 454.183200 252.590400 133.000000 50.000000
V 383.644800 471.686400 98.000000 36.000000
V 256.975200 588.369600 10.000000 10.000000
V 376.120800 195.458400 131.000000 64.000000
V 401.860800 11.000160 36.000000 22.000000
V 157.881600 225.777600 110.000000 30.000000
V 180.028800 627.148800 90.000000 22.000000
V 244.864800 665.812800 79.000000 22.000000
V 39.499920 419.983200 79.000000 37.000000
V 243.158400 453.895200 87.000000 51.000000
V 271.087200 401.752800 12.000000 12.000000
V 413.654400 169.711200 64.000000 22.000000
V 108.381600 376.495200 12.000000 12.000000
V 358.610400 343.944000 73.000000 22.000000
V 272.844000 501.962400 81.000000 39.000000
V 180.324000 411.703200 40.000000 30.000000
V 537.364800 276.667200 12.000000 12.000000
V 317.023200 650.210400 73.000000 22.000000
V 539.928000 366.595200 112.000000 50.000000
V 523.382400 339.364800 88.000000 22.000000
V 299.196000 206.308800 65.000000 22.000000
E 0 8
E 0 10
E 0 12
E 0 15
E 0 23
E 0 25
E 0 32
E 1 7
E 2 5
E 2 10
E 2 17
E 3 10
E 3 11
E 3 13
E 4 9
E 5 22
E 5 24
E 6 24
E 7 11
E 7 25
E 7 30
E 7 31
E 9 16
E 9 23
E 12 28
E 14 18
E 14 19
E 14 26
E 14 29
E 20 24
E 21 22
E 22 25
E 22 26
E 22 27
E 24 27
E 28 30
E 28 31
G R-HSA-157858.sbgn 19 19
V 295.437600 521.992800 10.000000 10.000000
V 475.365600 591.998400 114.000000 52.000000
V 67.423680 548.265600 39.000000 22.000000
V 521.784000 473.464800 153.000000 34.000000
V 156.182400 349.315200 98.000000 38.000000
V 184.910400 423.021600 12.000000 12.000000
V 32.999760 78.415200 66.000000 29.000000
V 372.585600 489.124800 84.000000 20.000000
V 145.936800 565.502400 10.000000 10.000000
V 63.580320 145.108800 12.000000 12.000000
V 124.308000 280.152000 10.000000 10.000000
V 88.948800 214.372800 96.000000 31.000000
V 405.331200 631.101600 12.000000 12.000000
V 154.288800 647.078400 107.000000 23.000000
V 85.406400 621.136800 95.000000 40.000000
V 22.431600 5.999976 12.000000 12.000000
V 453.024000 511.430400 10.000000 10.000000
V 331.639200 597.175200 127.000000 67.000000
V 210.067200 504.252000 121.000000 52.000000
E 0 7
E 0 17
E 0 18
E 1 12
E 1 16
E 2 8
E 3 16
E 4 5
E 4 10
E 5 18
E 6 9
E 6 15
E 7 16
E 8 13
E 8 14
E 8 18
E 9 11
E 10 11
E 12 17
G R-HSA-1650814.sbgn 31 39
V 293.947200 441.100800 124.000000 64.000000
V 234.244800 496.317600 121.000000 22.000000
V 279.835200 180.756000 122.000000 22.000000
V 74.001600 446.400000 148.000000 58.000000
V 152.848800 472.730400 12.000000 12.000000
V 241.956000 41.360400 52.000000 27.000000
V 301.874400 519.199200 12.000000 12.000000
V 380.455200 503.784000 41.000000 30.000000
V 106.243200 536.054400 153.000000 70.000000
V 180.583200 567.547200 12.000000 12.000000
V 337.341600 176.385600 128.000000 62.000000
V 110.937600 610.689600 70.000000 30.000000
V 527.479200 542.073600 162.000000 54.000000
V 165.016800 652.413600 41.000000 30.000000
V 387.547200 604.785600 176.000000 34.000000
V 485.503200 395.186400 137.000000 67.000000
V 297.892800 19.653120 34.000000 30.000000
V 255.592800 400.420800 10.000000 10.000000
V 298.396800 571.852800 12.000000 12.000000
V 464.313600 544.363200 12.000000 12.000000
V 475.056000 438.213600 77.000000 36.000000
V 303.228000 99.007200 12.000000 12.000000
V 253.612800 598.298400 140.000000 66.000000
V 386.560800 550.101600 67.000000 30.000000
V 418.104000 365.407200 10.000000 10.000000
V 314.798400 254.599200 12.000000 12.000000
V 459.324000 488.822400 12.000000 12.000000
V 215.928000 86.400000 43.000000 30.000000
V 327.902400 338.364000 132.000000 50.000000
V 356.349600 33.999840 119.000000 68.000000
V 388.569600 75.081600 56.000000 30.000000
E 0 6
E 0 17
E 1 4
E 1 6
E 1 9
E 1 17
E 1 18
E 2 21
E 2 25
E 3 4
E 4 8
E 5 21
E 6 7
E 6 22
E 6 23
E 7 26
E 8 9
E 9 11
E 9 13
E 9 22
E 10 21
E 10 25
E 12 19
E 12 26
E 14 18
E 14 19
E 15 24
E 15 26
E 16 21
E 17 28
E 18 22
E 19 20
E 20 24
E 21 27
E 21 29
E 21 30
E 23 26
E 24 28
E 25 28
G R-HSA-1655829.sbgn 31 30
V 182.822400 1049.112000 108.000000 38.000000
V 463.377600 822.960000 68.000000 24.000000
V 433.735200 570.888000 211.000000 31.000000
V 168.775200 1193.616000 12.000000 12.000000
V 455.760000 648.331200 12.000000 12.000000
V 86.997600 1182.744000 174.000000 37.000000
V 550.144800 150.069600 212.000000 24.000000
V 512.481600 216.000000 12.000000 12.000000
V 305.344800 764.424000 74.000000 36.000000
V 339.782400 308.764800 75.000000 24.000000
V 532.720800 16.772400 82.000000 22.000000
V 417.016800 339.220800 12.000000 12.000000
V 624.679200 12.499920 159.000000 25.000000
V 252.410400 1165.176000 149.000000 28.000000
V 281.534400 1306.080000 81.000000 30.000000
V 587.664000 80.179200 12.000000 12.000000
V 330.494400 939.456000 12.000000 12.000000
V 126.842400 1261.872000 115.000000 23.000000
V 356.119200 867.240000 154.000000 22.000000
V 471.384000 280.188000 216.000000 25.000000
V 311.335200 1229.976000 12.000000 12.000000
V 426.333600 494.719200 10.000000 10.000000
V 539.222400 657.064800 58.000000 21.000000
V 670.975200 88.603200 218.000000 23.000000
V 259.344000 1079.640000 12.000000 12.000000
V 392.608800 1234.296000 195.000000 35.000000
V 302.551200 1011.240000 145.000000 34.000000
V 425.556000 418.456800 157.000000 24.000000
V 384.400800 792.504000 12.000000 12.000000
V 412.920000 716.947200 202.000000 27.000000
V 357.444000 1297.296000 60.000000 23.000000
E 0 24
E 1 28
E 2 4
E 2 21
E 3 5
E 3 13
E 3 17
E 4 22
E 4 29
E 6 7
E 6 15
E 7 19
E 8 28
E 9 11
E 10 15
E 11 19
E 11 27
E 12 15
E 13 20
E 13 24
E 14 20
E 15 23
E 16 18
E 16 26
E 18 28
E 20 25
E 20 30
E 21 27
E 24 26
E 28 29
G R-HSA-166187.sbgn 15 16
V 163.857600 143.625600 136.000000 38.000000
V 381.823200 152.164800 12.000000 12.000000
V 381.405600 314.402400 12.000000 12.000000
V 187.185600 284.724000 75.000000 23.000000
V 446.400000 360.792000 32.000000 32.000000
V 67.999680 269.992800 136.000000 38.000000
V 154.857600 399.672000 143.000000 37.000000
V 316.224000 101.548800 66.000000 31.000000
V 83.030400 353.800800 12.000000 12.000000
V 211.089600 14.999760 28.000000 30.000000
V 404.071200 231.969600 72.000000 36.000000
V 231.314400 92.253600 12.000000 12.000000
V 226.015200 357.213600 10.000000 10.000000
V 134.920800 221.227200 10.000000 10.000000
V 308.937600 358.588800 119.000000 37.000000
E 0 11
E 0 13
E 1 7
E 1 10
E 2 4
E 2 10
E 2 14
E 3 12
E 3 13
E 5 8
E 5 13
E 6 8
E 6 12
E 7 11
E 9 11
E 12 14
G R-HSA-1679131.sbgn 20 20
V 570.765600 380.548800 74.000000 49.000000
V 631.490400 282.326400 129.000000 30.000000
V 409.039200 156.744000 77.000000 32.000000
V 495.338400 241.509600 103.000000 32.000000
V 458.985600 157.701600 70.000000 26.000000
V 450.784800 475.668000 128.000000 49.000000
V 109.584000 13.999680 73.000000 28.000000
V 603.093600 230.464800 127.000000 29.000000
V 198.460800 125.546400 115.000000 36.000000
V 334.072800 200.440800 124.000000 49.000000
V 414.511200 234.165600 12.000000 12.000000
V 429.271200 396.410400 12.000000 12.000000
V 619.192800 345.312000 36.000000 30.000000
V 550.692000 300.564000 12.000000 12.000000
V 128.570400 91.569600 10.000000 10.000000
V 265.190400 161.805600 12.000000 12.000000
V 460.663200 313.243200 121.000000 48.000000
V 367.970400 450.273600 75.000000 41.000000
V 353.764800 281.844000 121.000000 27.000000
V 54.499680 121.658400 109.000000 30.000000
E 0 13
E 1 13
E 2 10
E 3 10
E 3 13
E 4 10
E 5 11
E 6 14
E 7 13
E 8 14
E 8 15
E 9 10
E 9 15
E 10 16
E 10 18
E 11 16
E 11 17
E 12 13
E 13 16
E 14 19
G R-HSA-168643.sbgn 31 31
V 347.140800 714.657600 137.000000 42.000000
V 558.244800 847.440000 88.000000 22.000000
V 103.132800 23.500080 146.000000 47.000000
V 634.622400 164.102400 10.000000 10.000000
V 570.441600 214.315200 70.000000 34.000000
V 144.720000 435.794400 105.000000 36.000000
V 225.115200 209.167200 10.000000 10.000000
V 226.533600 414.165600 10.000000 10.000000
V 431.697600 304.624800 57.000000 22.000000
V 105.458400 103.766400 10.000000 10.000000
V 493.099200 245.923200 10.000000 10.000000
V 420.739200 383.940000 10.000000 10.000000
V 419.500800 581.601600 95.000000 22.000000
V 351.050400 426.888000 91.000000 36.000000
V 356.558400 519.948000 10.000000 10.000000
V 651.196800 84.837600 125.000000 38.000000
V 714.254400 170.834400 92.000000 36.000000
V 24.999840 105.544800 50.000000 23.000000
V 317.829600 395.049600 141.000000 43.000000
V 486.180000 812.304000 12.000000 12.000000
V 164.815200 157.197600 82.000000 22.000000
V 475.725600 451.180800 110.000000 51.000000
V 416.052000 667.310400 10.000000 10.000000
V 450.907200 884.952000 53.000000 21.000000
V 459.878400 736.632000 131.000000 22.000000
V 474.314400 168.868800 98.000000 33.000000
V 352.137600 323.949600 10.000000 10.000000
V 287.582400 263.289600 85.000000 35.000000
V 282.088800 557.848800 105.000000 55.000000
V 568.591200 550.108800 123.000000 63.000000
V 488.923200 533.606400 10.000000 10.000000
E 0 22
E 1 19
E 2 9
E 3 4
E 3 15
E 3 16
E 4 10
E 5 7
E 6 20
E 6 27
E 7 18
E 8 10
E 8 11
E 8 26
E 9 17
E 9 20
E 10 25
E 11 18
E 11 21
E 12 14
E 12 22
E 12 30
E 13 14
E 13 26
E 14 28
E 19 23
E 19 24
E 21 30
E 22 24
E 26 27
E 29 30
G R-HSA-168898.sbgn 19 18
V 312.876000 256.478400 129.000000 36.000000
V 624.024000 558.064800 49.000000 22.000000
V 334.620000 136.994400 113.000000 36.000000
V 202.125600 232.675200 71.000000 22.000000
V 126.460800 97.876800 10.000000 10.000000
V 336.146400 411.285600 102.000000 22.000000
V 193.456800 142.416000 68.000000 22.000000
V 116.424000 18.000000 130.000000 36.000000
V 288.028800 105.559200 80.000000 22.000000
V 434.851200 343.195200 129.000000 36.000000
V 350.668800 332.172000 12.000000 12.000000
V 561.448800 426.571200 127.000000 36.000000
V 266.911200 184.399200 10.000000 10.000000
V 572.025600 299.887200 112.000000 36.000000
V 621.288000 478.504800 12.000000 12.000000
V 515.138400 360.007200 10.000000 10.000000
V 700.711200 467.589600 127.000000 36.000000
V 283.644000 383.796000 47.000000 23.000000
V 48.000240 114.487200 96.000000 22.000000
E 0 10
E 0 12
E 1 14
E 2 12
E 3 12
E 4 6
E 4 7
E 4 18
E 5 10
E 6 12
E 8 12
E 9 10
E 9 15
E 10 17
E 11 14
E 11 15
E 13 15
E 14 16
G R-HSA-174362.sbgn 25 27
V 226.994400 410.904000 34.000000 32.000000
V 316.706400 281.988000 64.000000 31.000000
V 479.376000 246.348000 29.000000 28.000000
V 437.896800 343.749600 27.000000 26.000000
V 473.479200 321.674400 34.000000 32.000000
V 267.177600 354.808800 12.000000 12.000000
V 22.327200 378.453600 39.000000 31.000000
V 601.624800 219.967200 70.000000 23.000000
V 19.499760 305.575200 39.000000 31.000000
V 92.995200 340.077600 12.000000 12.000000
V 510.602400 100.252800 40.000000 37.000000
V 357.112800 51.990480 101.000000 23.000000
V 339.530400 317.851200 30.000000 31.000000
V 62.737200 260.524800 40.000000 31.000000
V 428.119200 92.289600 12.000000 12.000000
V 600.235200 149.090400 32.000000 31.000000
V 472.572000 19.818720 75.000000 32.000000
V 313.185600 431.186400 35.000000 29.000000
V 68.247360 424.022400 73.000000 35.000000
V 268.164000 445.168800 28.000000 28.000000
V 405.741600 13.500000 111.000000 27.000000
V 433.944000 180.201600 40.000000 40.000000
V 403.401600 266.119200 12.000000 12.000000
V 178.984800 333.705600 43.000000 29.000000
V 524.635200 181.188000 12.000000 12.000000
E 0 5
E 1 5
E 1 22
E 2 22
E 2 24
E 3 22
E 4 22
E 5 12
E 5 17
E 5 19
E 5 23
E 6 9
E 7 24
E 8 9
E 9 13
E 9 18
E 9 23
E 10 14
E 10 24
E 11 14
E 12 22
E 14 16
E 14 20
E 14 21
E 15 24
E 21 22
E 21 24
G R-HSA-1799339.sbgn 17 18
V 201.117600 251.200800 123.000000 36.000000
V 284.788800 139.226400 83.000000 47.000000
V 357.192000 16.500240 55.000000 33.000000
V 64.000080 273.672000 128.000000 50.000000
V 141.652800 392.335200 121.000000 36.000000
V 57.404160 512.251200 89.000000 22.000000
V 64.982880 190.836000 10.000000 10.000000
V 427.298400 66.262320 74.000000 33.000000
V 357.861600 101.325600 12.000000 12.000000
V 118.317600 126.734400 60.000000 36.000000
V 189.806400 78.739200 81.000000 34.000000
V 136.015200 170.935200 123.000000 50.000000
V 141.573600 312.235200 10.000000 10.000000
V 424.641600 151.819200 83.000000 50.000000
V 172.821600 533.664000 45.000000 22.000000
V 125.474400 469.756800 12.000000 12.000000
V 204.300000 161.287200 10.000000 10.000000
E 0 12
E 0 16
E 1 8
E 1 16
E 2 8
E 3 6
E 3 12
E 4 12
E 4 15
E 5 15
E 6 9
E 6 11
E 7 8
E 8 13
E 9 16
E 10 16
E 11 16
E 14 15
G R-HSA-181431.sbgn 17 18
V 95.256000 294.156000 134.000000 78.000000
V 366.638400 396.482400 12.000000 12.000000
V 28.015200 24.066720 50.000000 30.000000
V 238.730400 114.228000 10.000000 10.000000
V 446.162400 408.866400 43.000000 30.000000
V 57.542400 51.714720 50.000000 30.000000
V 368.431200 222.854400 126.000000 64.000000
V 303.984000 63.005760 163.000000 64.000000
V 320.335200 331.243200 158.000000 39.000000
V 21.251520 112.212000 12.000000 12.000000
V 114.472800 9.267120 12.000000 12.000000
V 66.000240 182.764800 132.000000 81.000000
V 224.661600 202.010400 56.000000 40.000000
V 189.180000 46.000080 135.000000 92.000000
V 349.552800 474.242400 43.000000 30.000000
V 139.507200 225.144000 10.000000 10.000000
V 292.096800 254.649600 10.000000 10.000000
E 0 15
E 1 4
E 1 8
E 1 14
E 2 9
E 2 10
E 3 7
E 3 12
E 3 13
E 5 9
E 5 10
E 6 16
E 8 16
E 9 11
E 10 13
E 11 15
E 12 15
E 12 16
G R-HSA-194441.sbgn 31 32
V 40.500000 320.594400 81.000000 22.000000
V 178.164000 377.748000 83.000000 22.000000
V 311.680800 167.011200 131.000000 78.000000
V 96.580800 422.013600 91.000000 22.000000
V 415.000800 47.618640 131.000000 78.000000
V 529.675200 244.346400 100.000000 36.000000
V 60.273360 283.960800 80.000000 22.000000
V 337.507200 84.326400 12.000000 12.000000
V 296.719200 257.313600 10.000000 10.000000
V 547.380000 108.100800 67.000000 22.000000
V 128.671200 276.033600 80.000000 22.000000
V 662.198400 148.572000 121.000000 78.000000
V 584.438400 174.765600 10.000000 10.000000
V 577.526400 83.167200 127.000000 64.000000
V 658.137600 214.128000 91.000000 22.000000
V 537.825600 343.195200 130.000000 50.000000
V 513.540000 388.159200 99.000000 36.000000
V 464.623200 394.560000 40.000000 22.000000
V 383.407200 288.417600 124.000000 50.000000
V 256.363200 198.705600 108.000000 23.000000
V 53.110080 358.927200 81.000000 34.000000
V 297.172800 11.000160 41.000000 22.000000
V 172.605600 419.889600 91.000000 22.000000
V 126.720000 342.374400 12.000000 12.000000
V 134.467200 433.994400 91.000000 22.000000
V 499.428000 48.942720 10.000000 10.000000
V 314.856000 323.992800 108.000000 23.000000
V 61.113600 399.211200 91.000000 22.000000
V 91.094400 258.004800 108.000000 36.000000
V 213.912000 299.304000 111.000000 36.000000
V 469.051200 311.205600 10.000000 10.000000
E 0 23
E 1 23
E 2 7
E 2 8
E 3 23
E 4 7
E 4 25
E 5 12
E 5 30
E 6 23
E 7 21
E 8 18
E 8 19
E 8 26
E 8 29
E 9 12
E 9 25
E 10 23
E 11 12
E 12 13
E 12 14
E 13 25
E 15 30
E 16 30
E 17 30
E 18 30
E 20 23
E 22 23
E 23 24
E 23 27
E 23 28
E 23 29
G R-HSA-1971475.sbgn 40 40
V 54.000000 408.153600 108.000000 37.000000
V 794.592000 259.056000 107.000000 23.000000
V 575.906400 305.301600 40.000000 36.000000
V 274.788000 491.925600 28.000000 24.000000
V 903.024000 129.664800 59.000000 37.000000
V 719.316000 235.555200 12.000000 12.000000
V 50.323680 270.043200 51.000000 23.000000
V 513.756000 380.829600 59.000000 33.000000
V 699.890400 168.134400 85.000000 23.000000
V 17.772480 477.360000 28.000000 24.000000
V 412.005600 344.743200 28.000000 24.000000
V 158.817600 408.808800 101.000000 37.000000
V 98.395200 338.500800 12.000000 12.000000
V 665.647200 403.855200 62.000000 23.000000
V 17.035920 320.277600 26.000000 31.000000
V 231.717600 323.604000 43.000000 40.000000
V 893.016000 65.914560 28.000000 24.000000
V 657.626400 296.568000 77.000000 36.000000
V 239.378400 478.483200 90.000000 23.000000
V 340.560000 405.259200 74.000000 36.000000
V 659.368800 171.518400 39.000000 31.000000
V 776.088000 19.719360 36.000000 31.000000
V 773.784000 165.664800 39.000000 35.000000
V 609.890400 448.077600 28.000000 24.000000
V 429.336000 402.998400 12.000000 12.000000
V 421.286400 309.729600 39.000000 31.000000
V 652.917600 448.027200 39.000000 31.000000
V 100.972800 479.728800 12.000000 12.000000
V 102.211200 254.030400 39.000000 31.000000
V 36.968400 529.185600 39.000000 31.000000
V 425.800800 486.432000 62.000000 23.000000
V 462.016800 478.951200 40.000000 36.000000
V 836.424000 17.500320 38.000000 35.000000
V 79.898400 562.665600 39.000000 31.000000
V 779.832000 298.836000 28.000000 24.000000
V 260.877600 343.562400 39.000000 31.000000
V 820.800000 95.954400 12.000000 12.000000
V 127.310400 561.218400 57.000000 23.000000
V 601.776000 369.187200 12.000000 12.000000
V 251.150400 408.693600 12.000000 12.000000
E 0 12
E 0 27
E 1 5
E 2 38
E 3 39
E 4 36
E 5 8
E 5 17
E 5 20
E 5 22
E 5 34
E 6 12
E 7 24
E 7 38
E 9 27
E 10 24
E 11 12
E 11 27
E 11 39
E 12 14
E 12 28
E 13 38
E 15 39
E 16 36
E 17 38
E 18 39
E 19 24
E 19 39
E 21 36
E 22 36
E 23 38
E 24 25
E 24 30
E 24 31
E 26 38
E 27 29
E 27 33
E 27 37
E 32 36
E 35 39
G R-HSA-2024101.sbgn 34 40
V 261.835200 414.662400 12.000000 12.000000
V 163.195200 778.032000 96.000000 23.000000
V 207.036000 14.150160 42.000000 23.000000
V 275.558400 771.048000 58.000000 48.000000
V 308.592000 228.045600 45.000000 23.000000
V 177.717600 636.904800 58.000000 31.000000
V 122.392800 696.348000 12.000000 12.000000
V 341.107200 235.821600 45.000000 23.000000
V 149.673600 613.216800 44.000000 36.000000
V 342.381600 729.216000 12.000000 12.000000
V 166.644000 216.691200 56.000000 31.000000
V 179.035200 414.698400 58.000000 31.000000
V 312.120000 576.000000 40.000000 31.000000
V 305.208000 799.848000 95.000000 23.000000
V 158.040000 54.083520 40.000000 31.000000
V 426.283200 738.648000 90.000000 23.000000
V 336.110400 433.180800 61.000000 23.000000
V 237.204000 585.669600 12.000000 12.000000
V 221.414400 252.583200 12.000000 12.000000
V 242.553600 84.304800 12.000000 12.000000
V 223.380000 910.800000 46.000000 23.000000
V 38.607120 684.374400 40.000000 31.000000
V 331.653600 814.824000 40.000000 31.000000
V 239.493600 168.285600 112.000000 45.000000
V 304.660800 650.044800 116.000000 31.000000
V 281.808000 15.500160 118.000000 31.000000
V 237.103200 831.384000 12.000000 12.000000
V 247.147200 249.336000 12.000000 12.000000
V 155.865600 259.178400 40.000000 31.000000
V 352.231200 398.217600 40.000000 31.000000
V 241.099200 498.722400 116.000000 31.000000
V 327.974400 56.363040 126.000000 45.000000
V 246.211200 331.387200 116.000000 31.000000
V 56.000160 742.896000 112.000000 31.000000
E 0 11
E 0 16
E 0 29
E 0 30
E 0 32
E 1 6
E 1 26
E 2 19
E 3 9
E 3 26
E 4 18
E 5 6
E 5 17
E 6 8
E 6 21
E 6 33
E 7 27
E 8 17
E 9 13
E 9 15
E 9 22
E 9 24
E 10 18
E 10 27
E 12 17
E 13 26
E 14 19
E 17 24
E 17 30
E 18 23
E 18 28
E 18 32
E 19 23
E 19 25
E 19 31
E 20 26
E 22 26
E 23 27
E 27 28
E 27 32
G R-HSA-2032785.sbgn 19 18
V 103.608000 13.933440 40.000000 22.000000
V 377.784000 334.562400 121.000000 22.000000
V 132.566400 86.601600 12.000000 12.000000
V 147.153600 388.072800 10.000000 10.000000
V 327.736800 423.684000 40.000000 22.000000
V 67.999680 407.066400 136.000000 26.000000
V 211.183200 324.374400 53.000000 22.000000
V 504.021600 273.607200 72.000000 51.000000
V 293.940000 354.362400 10.000000 10.000000
V 188.992800 25.500240 72.000000 51.000000
V 176.436000 245.152800 10.000000 10.000000
V 96.163200 253.324800 47.000000 23.000000
V 539.452800 351.086400 103.000000 27.000000
V 496.252800 422.481600 106.000000 36.000000
V 274.500000 436.262400 50.000000 22.000000
V 127.440000 468.619200 50.000000 22.000000
V 165.477600 162.619200 120.000000 22.000000
V 48.372480 78.105600 89.000000 36.000000
V 461.311200 344.750400 12.000000 12.000000
E 0 2
E 1 8
E 1 18
E 2 9
E 2 16
E 2 17
E 3 5
E 3 6
E 3 15
E 4 8
E 6 8
E 6 10
E 7 18
E 8 14
E 10 11
E 10 16
E 12 18
E 13 18
G R-HSA-209952.sbgn 15 14
V 31.338000 90.374400 31.000000 22.000000
V 316.879200 258.724800 57.000000 22.000000
V 91.612800 26.618400 95.000000 22.000000
V 66.996000 294.026400 109.000000 22.000000
V 173.822400 166.399200 46.000000 32.000000
V 112.320000 106.401600 10.000000 10.000000
V 102.657600 219.103200 10.000000 10.000000
V 298.886400 57.317760 76.000000 22.000000
V 20.000160 221.940000 40.000000 22.000000
V 226.008000 11.000160 38.000000 22.000000
V 238.557600 229.766400 10.000000 10.000000
V 224.294400 93.607200 10.000000 10.000000
V 313.675200 195.998400 38.000000 22.000000
V 269.683200 307.260000 67.000000 22.000000
V 206.798400 305.820000 40.000000 22.000000
E 0 5
E 1 10
E 2 5
E 3 6
E 4 5
E 4 6
E 4 10
E 4 11
E 6 8
E 7 11
E 9 11
E 10 12
E 10 13
E 10 14
G R-HSA-212436.sbgn 34 59
V 186.796800 273.844800 45.000000 21.000000
V 422.164800 19.164240 67.000000 19.000000
V 451.188000 115.372800 42.000000 28.000000
V 384.631200 213.652800 44.000000 22.000000
V 439.336800 193.284000 10.000000 10.000000
V 355.752000 176.428800 51.000000 23.000000
V 424.252800 90.295200 51.000000 22.000000
V 382.334400 19.000080 99.000000 38.000000
V 449.762400 86.328000 57.000000 23.000000
V 475.509600 100.663200 51.000000 23.000000
V 336.729600 205.790400 43.000000 23.000000
V 318.067200 47.520720 57.000000 23.000000
V 486.086400 127.620000 48.000000 24.000000
V 468.885600 142.372800 53.000000 23.000000
V 272.376000 350.064000 101.000000 48.000000
V 384.739200 110.728800 10.000000 10.000000
V 533.808000 202.104000 54.000000 23.000000
V 461.484000 279.612000 57.000000 23.000000
V 84.520800 383.313600 91.000000 50.000000
V 289.447200 89.618400 49.000000 20.000000
V 338.320800 158.616000 51.000000 22.000000
V 351.129600 135.936000 52.000000 23.000000
V 398.584800 140.788800 10.000000 10.000000
V 492.213600 262.656000 58.000000 23.000000
V 408.261600 199.684800 54.000000 22.000000
V 348.148800 29.196720 51.000000 22.000000
V 113.796000 306.748800 10.000000 10.000000
V 426.312000 285.775200 106.000000 38.000000
V 36.499680 282.110400 73.000000 35.000000
V 516.830400 236.527200 62.000000 22.000000
V 269.510400 262.764000 10.000000 10.000000
V 463.377600 162.482400 58.000000 23.000000
V 310.248000 75.009600 103.000000 38.000000
V 377.956800 189.309600 59.000000 22.000000
E 0 26
E 0 30
E 1 15
E 2 4
E 2 15
E 2 22
E 3 4
E 3 15
E 3 22
E 4 5
E 4 6
E 4 8
E 4 9
E 4 10
E 4 12
E 4 13
E 4 16
E 4 17
E 4 20
E 4 21
E 4 23
E 4 24
E 4 27
E 4 29
E 4 31
E 4 33
E 5 15
E 5 22
E 6 15
E 6 22
E 7 15
E 8 15
E 8 22
E 9 15
E 9 22
E 10 15
E 10 22
E 10 30
E 11 15
E 12 15
E 12 22
E 13 15
E 13 22
E 14 30
E 15 19
E 15 20
E 15 21
E 15 24
E 15 25
E 15 31
E 15 33
E 18 26
E 20 22
E 21 22
E 22 24
E 22 31
E 22 32
E 22 33
E 26 28
G R-HSA-2142700.sbgn 23 26
V 211.442400 323.884800 74.000000 30.000000
V 322.272000 561.808800 101.000000 30.000000
V 399.895200 89.172000 43.000000 31.000000
V 63.000000 487.706400 126.000000 22.000000
V 346.435200 410.320800 43.000000 30.000000
V 273.823200 376.696800 12.000000 12.000000
V 441.950400 96.789600 12.000000 12.000000
V 499.096800 59.900400 107.000000 22.000000
V 139.701600 458.949600 12.000000 12.000000
V 482.580000 147.708000 12.000000 12.000000
V 162.482400 538.351200 33.000000 30.000000
V 246.103200 536.176800 12.000000 12.000000
V 268.056000 694.425600 12.000000 12.000000
V 529.070400 99.302400 33.000000 30.000000
V 320.601600 307.821600 54.000000 30.000000
V 397.036800 15.500160 46.000000 31.000000
V 250.538400 619.192800 74.000000 22.000000
V 227.160000 450.496800 130.000000 36.000000
V 286.740000 766.296000 67.000000 23.000000
V 367.646400 244.944000 12.000000 12.000000
V 72.532800 411.278400 92.000000 30.000000
V 416.109600 182.152800 47.000000 30.000000
V 561.780000 183.974400 54.000000 30.000000
E 0 5
E 1 11
E 2 6
E 2 9
E 3 8
E 4 5
E 5 14
E 5 17
E 6 7
E 6 13
E 6 15
E 6 21
E 7 9
E 8 10
E 8 17
E 8 20
E 9 13
E 9 21
E 9 22
E 10 11
E 11 16
E 11 17
E 12 16
E 12 18
E 14 19
E 19 21
G R-HSA-216083.sbgn 29 28
V 688.471200 205.790400 112.000000 59.000000
V 1013.616000 278.510400 97.000000 37.000000
V 642.355200 41.999760 125.000000 84.000000
V 447.796800 545.788800 162.000000 57.000000
V 97.344000 265.888800 149.000000 73.000000
V 224.078400 350.380800 127.000000 22.000000
V 370.756800 548.287200 113.000000 61.000000
V 307.915200 366.710400 10.000000 10.000000
V 426.261600 257.414400 112.000000 50.000000
V 287.877600 290.750400 44.000000 32.000000
V 718.495200 41.938560 144.000000 52.000000
V 573.559200 189.151200 134.000000 77.000000
V 641.016000 328.780800 43.000000 41.000000
V 937.728000 267.213600 10.000000 10.000000
V 272.016000 437.580000 109.000000 65.000000
V 808.416000 163.101600 117.000000 75.000000
V 773.352000 233.661600 10.000000 10.000000
V 408.312000 475.070400 10.000000 10.000000
V 856.800000 251.964000 124.000000 22.000000
V 539.215200 299.095200 104.000000 36.000000
V 681.357600 115.041600 10.000000 10.000000
V 80.503200 377.848800 161.000000 49.000000
V 395.395200 387.727200 90.000000 41.000000
V 966.672000 347.148000 43.000000 41.000000
V 461.433600 330.220800 10.000000 10.000000
V 987.696000 198.136800 116.000000 54.000000
V 785.520000 311.788800 43.000000 41.000000
V 613.677600 255.384000 10.000000 10.000000
V 145.382400 330.782400 10.000000 10.000000
E 0 16
E 0 20
E 0 27
E 1 13
E 2 20
E 3 17
E 4 28
E 5 7
E 5 28
E 6 17
E 7 9
E 7 14
E 7 22
E 8 24
E 10 20
E 11 27
E 12 27
E 13 18
E 13 23
E 13 25
E 15 16
E 16 18
E 16 26
E 17 22
E 19 24
E 19 27
E 21 28
E 22 24
G R-HSA-2173782.sbgn 16 16
V 131.983200 158.968800 156.000000 26.000000
V 163.879200 13.500000 158.000000 27.000000
V 182.354400 377.301600 10.000000 10.000000
V 300.564000 580.564800 36.000000 25.000000
V 192.016800 571.284000 113.000000 27.000000
V 87.588000 599.479200 54.000000 23.000000
V 23.500080 224.056800 47.000000 23.000000
V 144.777600 84.636000 12.000000 12.000000
V 104.810400 234.525600 10.000000 10.000000
V 182.354400 462.391200 32.000000 22.000000
V 251.704800 514.915200 12.000000 12.000000
V 43.192800 527.090400 59.000000 22.000000
V 257.896800 344.073600 49.000000 22.000000
V 123.674400 525.556800 10.000000 10.000000
V 139.111200 307.864800 93.000000 24.000000
V 332.013600 500.968800 123.000000 22.000000
E 0 7
E 0 8
E 1 7
E 2 9
E 2 12
E 2 14
E 3 10
E 4 10
E 4 13
E 5 13
E 6 8
E 8 14
E 9 10
E 9 13
E 10 15
E 11 13
G R-HSA-2404192.sbgn 39 43
V 38.990160 302.385600 52.000000 23.000000
V 328.996800 14.999760 41.000000 30.000000
V 770.112000 199.490400 94.000000 24.000000
V 765.504000 464.911200 65.000000 24.000000
V 301.356000 59.124960 39.000000 30.000000
V 824.904000 334.504800 38.000000 30.000000
V 619.941600 475.207200 160.000000 27.000000
V 704.174400 157.363200 57.000000 22.000000
V 647.560800 163.778400 152.000000 24.000000
V 286.531200 18.072720 108.000000 29.000000
V 659.966400 401.198400 10.000000 10.000000
V 260.524800 245.808000 10.000000 10.000000
V 677.772000 317.836800 143.000000 28.000000
V 700.545600 480.621600 41.000000 22.000000
V 557.892000 579.052800 40.000000 30.000000
V 545.846400 403.754400 202.000000 28.000000
V 840.456000 223.041600 100.000000 23.000000
V 489.333600 549.727200 38.000000 30.000000
V 346.147200 268.120800 104.000000 27.000000
V 296.632800 108.144000 105.000000 26.000000
V 116.416800 326.116800 10.000000 10.000000
V 544.334400 492.861600 12.000000 12.000000
V 191.318400 293.875200 130.000000 30.000000
V 809.640000 423.489600 162.000000 25.000000
V 427.788000 233.625600 10.000000 10.000000
V 368.164800 72.820800 12.000000 12.000000
V 830.232000 287.380800 39.000000 30.000000
V 225.626400 161.251200 210.000000 29.000000
V 762.192000 277.092000 12.000000 12.000000
V 733.104000 381.196800 10.000000 10.000000
V 505.166400 275.076000 86.000000 24.000000
V 996.264000 220.471200 97.000000 27.000000
V 237.621600 70.732800 12.000000 12.000000
V 582.249600 321.328800 10.000000 10.000000
V 78.998400 396.734400 158.000000 28.000000
V 953.640000 120.506400 97.000000 23.000000
V 414.835200 145.519200 162.000000 26.000000
V 918.648000 193.140000 10.000000 10.000000
V 669.528000 239.292000 10.000000 10.000000
E 0 20
E 1 25
E 1 32
E 2 28
E 3 29
E 4 25
E 4 32
E 5 28
E 6 10
E 6 21
E 7 38
E 8 38
E 9 25
E 9 32
E 10 12
E 10 13
E 11 18
E 11 22
E 11 27
E 12 28
E 12 29
E 12 33
E 12 38
E 14 21
E 15 21
E 15 33
E 16 28
E 16 37
E 17 21
E 18 24
E 19 25
E 19 32
E 20 22
E 20 34
E 23 29
E 24 30
E 24 36
E 25 36
E 26 28
E 27 32
E 30 33
E 31 37
E 35 37
G R-HSA-2466712.sbgn 15 16
V 20.000160 555.105600 40.000000 30.000000
V 349.128000 364.132800 12.000000 12.000000
V 147.376800 484.646400 40.000000 30.000000
V 87.364800 526.946400 12.000000 12.000000
V 327.254400 282.088800 47.000000 30.000000
V 377.416800 439.070400 65.000000 22.000000
V 408.628800 88.308000 12.000000 12.000000
V 436.780800 163.022400 50.000000 30.000000
V 425.649600 14.999760 31.000000 30.000000
V 428.659200 397.792800 32.000000 30.000000
V 272.851200 400.082400 40.000000 30.000000
V 348.249600 140.781600 48.000000 30.000000
V 375.782400 217.483200 12.000000 12.000000
V 208.533600 442.339200 12.000000 12.000000
V 393.516000 295.430400 43.000000 30.000000
E 0 3
E 1 4
E 1 5
E 1 9
E 1 10
E 1 14
E 2 3
E 2 13
E 4 12
E 6 7
E 6 8
E 6 11
E 7 12
E 10 13
E 11 12
E 12 14
G R-HSA-2559585.sbgn 40 43
V 531.885600 320.112000 55.000000 22.000000
V 608.140800 281.325600 12.000000 12.000000
V 723.096000 113.637600 79.000000 20.000000
V 993.960000 659.131200 37.000000 22.000000
V 920.664000 294.609600 10.000000 10.000000
V 944.424000 375.912000 10.000000 10.000000
V 145.872000 392.652000 12.000000 12.000000
V 598.636800 26.500320 119.000000 53.000000
V 523.785600 58.248000 165.000000 22.000000
V 1026.360000 345.326400 91.000000 36.000000
V 794.160000 313.646400 12.000000 12.000000
V 1000.080000 266.918400 42.000000 23.000000
V 145.166400 479.001600 145.000000 63.000000
V 1015.848000 414.763200 84.000000 22.000000
V 749.880000 429.249600 101.000000 48.000000
V 791.712000 359.582400 12.000000 12.000000
V 858.240000 257.119200 129.000000 36.000000
V 692.424000 318.988800 95.000000 38.000000
V 72.496800 358.948800 145.000000 58.000000
V 692.294400 194.263200 12.000000 12.000000
V 118.447200 313.106400 98.000000 36.000000
V 874.512000 460.677600 10.000000 10.000000
V 286.236000 492.962400 175.000000 52.000000
V 211.428000 528.415200 10.000000 10.000000
V 893.592000 543.031200 90.000000 23.000000
V 456.559200 350.661600 12.000000 12.000000
V 72.201600 429.775200 62.000000 22.000000
V 954.144000 593.611200 10.000000 10.000000
V 822.744000 524.779200 91.000000 36.000000
V 804.168000 231.177600 32.000000 22.000000
V 305.560800 409.248000 10.000000 10.000000
V 864.720000 368.078400 64.000000 51.000000
V 186.472800 605.174400 68.000000 35.000000
V 228.808800 372.650400 140.000000 54.000000
V 962.784000 216.367200 110.000000 35.000000
V 581.443200 110.613600 10.000000 10.000000
V 741.816000 270.288000 124.000000 38.000000
V 941.904000 514.022400 87.000000 35.000000
V 609.422400 193.248000 180.000000 50.000000
V 381.326400 377.762400 64.000000 22.000000
E 0 1
E 0 25
E 1 17
E 1 38
E 2 19
E 3 27
E 4 11
E 4 16
E 4 31
E 4 34
E 5 9
E 5 13
E 5 31
E 6 12
E 6 18
E 6 20
E 6 26
E 6 33
E 7 35
E 8 35
E 10 16
E 10 17
E 10 29
E 10 31
E 12 23
E 14 15
E 15 31
E 15 36
E 19 36
E 19 38
E 21 24
E 21 28
E 21 31
E 21 37
E 22 23
E 22 30
E 23 32
E 24 27
E 25 39
E 27 37
E 30 33
E 30 39
E 35 38
G R-HSA-2564830.sbgn 17 18
V 61.999920 449.359200 124.000000 37.000000
V 185.004000 335.318400 98.000000 37.000000
V 73.483200 212.313600 78.000000 23.000000
V 137.757600 406.987200 12.000000 12.000000
V 140.284800 333.489600 48.000000 23.000000
V 137.448000 259.171200 12.000000 12.000000
V 174.369600 18.499680 106.000000 37.000000
V 168.127200 178.120800 106.000000 37.000000
V 46.626480 254.966400 31.000000 28.000000
V 209.743200 454.953600 119.000000 51.000000
V 248.428800 39.651840 60.000000 31.000000
V 117.244800 52.560000 36.000000 31.000000
V 279.072000 99.468000 59.000000 31.000000
V 222.314400 257.788800 26.000000 27.000000
V 134.661600 484.560000 102.000000 37.000000
V 93.204000 333.907200 94.000000 23.000000
V 192.204000 97.041600 12.000000 12.000000
E 0 3
E 1 3
E 1 5
E 2 5
E 3 4
E 3 9
E 3 14
E 3 15
E 4 5
E 5 7
E 5 8
E 5 13
E 5 15
E 6 16
E 7 16
E 10 16
E 11 16
E 12 16
G R-HSA-2892245.sbgn 24 34
V 142.113600 244.324800 10.000000 10.000000
V 172.807200 25.500240 77.000000 51.000000
V 295.632000 167.486400 10.000000 10.000000
V 318.492000 311.997600 115.000000 49.000000
V 314.438400 52.204320 71.000000 51.000000
V 208.324800 182.678400 76.000000 29.000000
V 249.933600 22.347360 132.000000 38.000000
V 277.581600 234.619200 10.000000 10.000000
V 110.750400 57.130560 115.000000 51.000000
V 248.155200 108.828000 10.000000 10.000000
V 66.499920 116.128800 133.000000 37.000000
V 177.703200 113.068800 10.000000 10.000000
V 380.757600 183.549600 139.000000 39.000000
V 216.986400 262.785600 10.000000 10.000000
V 58.206960 268.336800 62.000000 51.000000
V 233.820000 169.070400 59.000000 26.000000
V 364.917600 114.508800 88.000000 51.000000
V 210.319200 194.659200 54.000000 29.000000
V 52.439040 183.096000 76.000000 51.000000
V 138.002400 167.205600 10.000000 10.000000
V 362.109600 258.177600 73.000000 51.000000
V 183.304800 342.993600 76.000000 51.000000
V 106.819200 324.784800 117.000000 38.000000
V 252.079200 343.533600 136.000000 37.000000
E 0 5
E 0 14
E 0 17
E 0 22
E 1 11
E 2 5
E 2 12
E 2 15
E 2 16
E 2 17
E 3 7
E 4 9
E 5 7
E 5 9
E 5 11
E 5 13
E 5 19
E 6 9
E 7 15
E 7 17
E 7 20
E 8 11
E 9 15
E 9 17
E 10 19
E 11 15
E 11 17
E 13 15
E 13 17
E 13 21
E 13 23
E 15 19
E 17 19
E 18 19
G R-HSA-3000157.sbgn 31 30
V 701.208000 604.677600 10.000000 10.000000
V 593.049600 668.253600 10.000000 10.000000
V 553.636800 107.935200 114.000000 47.000000
V 544.053600 733.104000 132.000000 93.000000
V 600.588000 258.616800 156.000000 38.000000
V 222.818400 368.906400 134.000000 37.000000
V 682.012800 222.955200 10.000000 10.000000
V 794.952000 21.000240 130.000000 42.000000
V 526.795200 425.887200 71.000000 23.000000
V 618.537600 584.157600 90.000000 25.000000
V 746.064000 674.013600 125.000000 27.000000
V 485.640000 140.925600 97.000000 25.000000
V 781.128000 598.615200 115.000000 39.000000
V 754.992000 255.218400 136.000000 53.000000
V 628.819200 741.960000 121.000000 108.000000
V 84.484800 576.259200 148.000000 41.000000
V 350.928000 445.096800 150.000000 35.000000
V 569.901600 507.492000 10.000000 10.000000
V 266.940000 439.480800 10.000000 10.000000
V 636.775200 366.357600 138.000000 73.000000
V 436.284000 426.823200 10.000000 10.000000
V 49.500000 469.101600 99.000000 26.000000
V 569.282400 344.390400 10.000000 10.000000
V 121.536000 505.749600 10.000000 10.000000
V 792.216000 101.145600 10.000000 10.000000
V 551.426400 188.560800 10.000000 10.000000
V 873.072000 99.957600 155.000000 41.000000
V 515.772000 554.356800 133.000000 37.000000
V 402.876000 361.893600 129.000000 55.000000
V 731.592000 155.354400 122.000000 27.000000
V 198.792000 484.041600 78.000000 23.000000
E 0 9
E 0 10
E 0 12
E 1 3
E 1 9
E 1 14
E 2 25
E 4 6
E 4 22
E 4 25
E 5 18
E 6 13
E 6 29
E 7 24
E 8 17
E 8 20
E 8 22
E 9 17
E 11 25
E 15 23
E 16 18
E 16 20
E 17 27
E 18 30
E 19 22
E 20 28
E 21 23
E 23 30
E 24 26
E 24 29
G R-HSA-3000170.sbgn 19 18
V 314.755200 184.413600 10.000000 10.000000
V 346.413600 306.568800 113.000000 22.000000
V 63.580320 153.820800 98.000000 32.000000
V 64.499760 229.888800 129.000000 36.000000
V 392.702400 219.477600 129.000000 36.000000
V 116.337600 313.646400 47.000000 22.000000
V 186.530400 264.549600 10.000000 10.000000
V 389.584800 142.963200 85.000000 35.000000
V 140.832000 190.958400 10.000000 10.000000
V 336.794400 59.382720 129.000000 50.000000
V 171.511200 29.041200 125.000000 36.000000
V 107.762400 70.503120 135.000000 36.000000
V 227.750400 187.754400 78.000000 22.000000
V 183.528000 349.999200 120.000000 22.000000
V 281.318400 346.744800 113.000000 36.000000
V 181.584000 114.148800 10.000000 10.000000
V 268.372800 110.664000 10.000000 10.000000
V 273.744000 261.540000 10.000000 10.000000
V 268.696800 24.999840 91.000000 50.000000
E 0 4
E 0 7
E 0 12
E 1 17
E 2 8
E 3 8
E 5 6
E 6 12
E 6 13
E 8 12
E 9 16
E 10 15
E 11 15
E 12 15
E 12 16
E 12 17
E 14 17
E 16 18
G R-HSA-3000178.sbgn 16 15
V 267.494400 13.000320 123.000000 26.000000
V 222.084000 256.896000 10.000000 10.000000
V 53.514720 186.883200 98.000000 23.000000
V 82.440000 264.873600 142.000000 28.000000
V 361.231200 251.107200 94.000000 34.000000
V 136.051200 200.786400 10.000000 10.000000
V 85.003200 70.950960 170.000000 25.000000
V 265.111200 96.674400 10.000000 10.000000
V 338.320800 56.437200 80.000000 25.000000
V 150.019200 19.501920 118.000000 23.000000
V 183.074400 330.854400 98.000000 41.000000
V 162.604800 102.240000 10.000000 10.000000
V 217.656000 169.840800 101.000000 23.000000
V 382.672800 170.301600 124.000000 40.000000
V 266.436000 327.643200 93.000000 23.000000
V 302.047200 192.204000 10.000000 10.000000
E 0 7
E 1 10
E 1 12
E 1 14
E 2 5
E 3 5
E 4 15
E 5 12
E 6 11
E 7 8
E 7 12
E 9 11
E 11 12
E 12 15
E 13 15
G R-HSA-3108214.sbgn 23 29
V 49.999680 233.186400 100.000000 27.000000
V 460.713600 334.209600 60.000000 26.000000
V 431.690400 246.556800 12.000000 12.000000
V 512.078400 221.752800 139.000000 29.000000
V 389.944800 349.689600 12.000000 12.000000
V 429.048000 423.576000 115.000000 50.000000
V 212.947200 174.189600 133.000000 24.000000
V 96.703200 127.519200 53.000000 28.000000
V 251.488800 243.000000 12.000000 12.000000
V 176.968800 98.913600 12.000000 12.000000
V 325.368000 163.656000 110.000000 44.000000
V 204.292800 190.908000 49.000000 25.000000
V 210.240000 21.000240 119.000000 42.000000
V 284.392800 242.611200 12.000000 12.000000
V 254.462400 340.034400 111.000000 26.000000
V 471.340800 306.792000 53.000000 28.000000
V 471.024000 171.316800 122.000000 45.000000
V 363.722400 431.366400 129.000000 31.000000
V 129.528000 33.066000 122.000000 30.000000
V 128.239200 203.781600 12.000000 12.000000
V 346.132800 271.929600 107.000000 45.000000
V 162.172800 276.062400 125.000000 38.000000
V 230.068800 301.953600 53.000000 28.000000
E 0 19
E 1 2
E 1 4
E 2 3
E 2 15
E 2 16
E 2 20
E 4 5
E 4 15
E 4 17
E 4 20
E 6 8
E 6 19
E 7 9
E 7 19
E 8 11
E 8 20
E 8 21
E 8 22
E 9 11
E 9 12
E 9 18
E 10 13
E 11 13
E 11 19
E 13 14
E 13 20
E 13 22
E 19 21
G R-HSA-3215018.sbgn 38 40
V 207.964800 412.768800 130.000000 30.000000
V 446.961600 338.112000 110.000000 32.000000
V 566.697600 603.806400 61.000000 26.000000
V 610.315200 769.968000 124.000000 29.000000
V 302.990400 290.613600 50.000000 33.000000
V 355.233600 393.062400 61.000000 31.000000
V 226.483200 290.116800 49.000000 31.000000
V 720.936000 233.704800 12.000000 12.000000
V 530.805600 427.924800 83.000000 28.000000
V 622.173600 519.134400 105.000000 31.000000
V 867.240000 67.756320 105.000000 27.000000
V 83.779200 473.875200 54.000000 28.000000
V 122.306400 399.657600 12.000000 12.000000
V 744.552000 855.792000 54.000000 28.000000
V 550.713600 517.183200 12.000000 12.000000
V 805.104000 249.566400 47.000000 36.000000
V 668.664000 671.277600 48.000000 32.000000
V 530.092800 749.592000 50.000000 33.000000
V 775.368000 13.999680 54.000000 28.000000
V 728.928000 147.520800 88.000000 28.000000
V 661.968000 179.582400 40.000000 31.000000
V 44.775360 405.842400 57.000000 28.000000
V 648.892800 902.592000 94.000000 26.000000
V 781.272000 288.237600 50.000000 33.000000
V 654.624000 293.090400 57.000000 30.000000
V 777.312000 172.598400 131.000000 29.000000
V 590.176800 689.263200 12.000000 12.000000
V 658.000800 743.760000 88.000000 28.000000
V 65.499840 332.287200 131.000000 27.000000
V 265.572000 259.336800 40.000000 31.000000
V 670.154400 823.824000 12.000000 12.000000
V 193.838400 367.848000 88.000000 28.000000
V 789.696000 93.492000 12.000000 12.000000
V 512.172000 706.888800 40.000000 31.000000
V 659.440800 395.870400 100.000000 31.000000
V 596.851200 360.957600 12.000000 12.000000
V 273.916800 354.967200 12.000000 12.000000
V 442.396800 408.096000 12.000000 12.000000
E 0 12
E 0 36
E 1 37
E 2 14
E 2 26
E 3 26
E 3 30
E 4 36
E 5 36
E 5 37
E 6 36
E 7 15
E 7 19
E 7 20
E 7 23
E 7 24
E 7 25
E 8 14
E 8 35
E 8 37
E 9 14
E 10 32
E 11 12
E 12 21
E 12 28
E 12 31
E 13 30
E 16 26
E 17 26
E 18 32
E 19 32
E 22 30
E 24 35
E 25 32
E 26 27
E 26 33
E 27 30
E 29 36
E 31 36
E 34 35
G R-HSA-3238698.sbgn 32 34
V 187.819200 266.083200 12.000000 12.000000
V 882.144000 331.876800 49.000000 25.000000
V 115.819200 250.891200 83.000000 47.000000
V 654.307200 275.623200 12.000000 12.000000
V 354.124800 284.356800 12.000000 12.000000
V 425.930400 326.887200 126.000000 36.000000
V 916.488000 14.999760 70.000000 30.000000
V 801.216000 341.071200 10.000000 10.000000
V 369.223200 203.983200 52.000000 30.000000
V 499.557600 617.536800 82.000000 36.000000
V 164.224800 180.799200 130.000000 50.000000
V 741.600000 273.758400 64.000000 22.000000
V 820.080000 131.090400 76.000000 24.000000
V 590.601600 584.366400 130.000000 22.000000
V 163.713600 345.276000 49.000000 22.000000
V 271.209600 279.604800 125.000000 47.000000
V 776.520000 197.049600 12.000000 12.000000
V 575.136000 307.836000 93.000000 25.000000
V 116.136000 314.719200 122.000000 54.000000
V 506.592000 451.123200 48.000000 24.000000
V 750.600000 569.671200 49.000000 31.000000
V 529.682400 534.751200 12.000000 12.000000
V 818.352000 425.606400 54.000000 23.000000
V 670.471200 599.731200 10.000000 10.000000
V 116.877600 116.179200 12.000000 12.000000
V 65.000160 61.199280 130.000000 50.000000
V 808.560000 508.903200 12.000000 12.000000
V 503.892000 362.253600 10.000000 10.000000
V 611.942400 542.944800 40.000000 22.000000
V 644.882400 681.350400 82.000000 34.000000
V 868.680000 72.208800 12.000000 12.000000
V 556.797600 685.202400 12.000000 12.000000
E 0 2
E 0 10
E 0 14
E 0 15
E 0 18
E 1 7
E 3 11
E 3 17
E 4 5
E 4 8
E 4 15
E 5 27
E 6 30
E 7 11
E 7 22
E 9 21
E 9 31
E 10 24
E 11 16
E 12 16
E 12 30
E 13 21
E 13 23
E 17 27
E 19 21
E 19 27
E 20 23
E 20 26
E 21 28
E 22 26
E 23 28
E 23 29
E 24 25
E 29 31
G R-HSA-3371599.sbgn 15 16
V 81.475200 258.465600 108.000000 22.000000
V 355.240800 241.128000 40.000000 30.000000
V 149.630400 14.999760 40.000000 30.000000
V 235.864800 199.497600 39.000000 22.000000
V 289.713600 310.716000 108.000000 22.000000
V 78.112800 42.860160 39.000000 22.000000
V 293.882400 40.830480 40.000000 30.000000
V 268.862400 119.001600 12.000000 12.000000
V 200.491200 161.229600 40.000000 30.000000
V 136.699200 98.236800 12.000000 12.000000
V 158.774400 232.092000 12.000000 12.000000
V 144.662400 313.992000 40.000000 30.000000
V 274.989600 230.263200 12.000000 12.000000
V 350.366400 102.009600 78.000000 36.000000
V 54.000000 114.667200 108.000000 22.000000
E 0 10
E 1 12
E 2 9
E 3 7
E 3 10
E 3 12
E 4 12
E 5 9
E 6 7
E 7 8
E 7 13
E 8 9
E 8 10
E 8 12
E 9 14
E 10 11
G R-HSA-373076.sbgn 24 28
V 135.288000 202.255200 69.000000 32.000000
V 258.192000 164.116800 49.000000 22.000000
V 322.617600 414.691200 93.000000 38.000000
V 233.841600 404.683200 10.000000 10.000000
V 157.068000 627.033600 84.000000 25.000000
V 199.360800 155.210400 82.000000 36.000000
V 237.391200 86.724000 10.000000 10.000000
V 236.318400 489.484800 52.000000 22.000000
V 115.646400 321.652800 10.000000 10.000000
V 364.766400 267.033600 49.000000 22.000000
V 42.076080 281.390400 74.000000 24.000000
V 39.000240 357.991200 78.000000 24.000000
V 211.550400 237.369600 10.000000 10.000000
V 478.994400 454.780800 61.000000 22.000000
V 308.412000 329.925600 10.000000 10.000000
V 396.424800 460.756800 10.000000 10.000000
V 243.871200 11.000160 78.000000 22.000000
V 207.554400 322.164000 77.000000 36.000000
V 188.956800 479.088000 78.000000 48.000000
V 429.098400 534.600000 59.000000 34.000000
V 388.072800 318.247200 72.000000 33.000000
V 159.249600 425.037600 84.000000 39.000000
V 250.250400 315.648000 41.000000 37.000000
V 186.710400 555.933600 10.000000 10.000000
E 0 12
E 1 6
E 1 12
E 2 3
E 2 14
E 2 15
E 3 7
E 3 17
E 3 18
E 3 21
E 3 22
E 4 23
E 5 6
E 5 12
E 6 16
E 7 23
E 8 10
E 8 11
E 8 17
E 9 14
E 12 17
E 12 22
E 13 15
E 14 17
E 14 20
E 14 22
E 15 19
E 18 23
G R-HSA-373753.sbgn 40 39
V 483.170400 160.315200 107.000000 22.000000
V 446.083200 297.453600 40.000000 30.000000
V 695.404800 18.000000 117.000000 36.000000
V 789.552000 563.248800 34.000000 22.000000
V 226.166400 443.908800 96.000000 36.000000
V 531.158400 231.883200 10.000000 10.000000
V 86.774400 728.496000 97.000000 50.000000
V 306.280800 773.280000 48.000000 22.000000
V 697.442400 366.832800 48.000000 22.000000
V 686.592000 447.156000 117.000000 36.000000
V 303.955200 347.191200 30.000000 22.000000
V 199.980000 359.863200 10.000000 10.000000
V 164.109600 696.412800 10.000000 10.000000
V 561.117600 314.028000 121.000000 53.000000
V 161.546400 777.744000 76.000000 30.000000
V 760.752000 488.599200 10.000000 10.000000
V 187.848000 276.228000 38.000000 22.000000
V 93.556800 526.658400 96.000000 36.000000
V 148.442400 403.221600 10.000000 10.000000
V 238.903200 538.185600 10.000000 10.000000
V 480.369600 358.912800 12.000000 12.000000
V 626.335200 379.908000 10.000000 10.000000
V 185.292000 574.646400 49.000000 22.000000
V 781.488000 80.978400 55.000000 22.000000
V 842.832000 481.003200 121.000000 36.000000
V 658.022400 169.740000 117.000000 36.000000
V 702.619200 99.237600 10.000000 10.000000
V 66.785760 466.473600 52.000000 22.000000
V 398.102400 395.582400 90.000000 36.000000
V 543.578400 150.480000 122.000000 36.000000
V 156.506400 475.257600 10.000000 10.000000
V 504.864000 429.386400 40.000000 30.000000
V 132.062400 298.281600 126.000000 22.000000
V 313.142400 418.989600 10.000000 10.000000
V 281.390400 696.700800 10.000000 10.000000
V 85.629600 338.335200 120.000000 36.000000
V 59.999760 397.944000 120.000000 50.000000
V 695.736000 258.307200 91.000000 22.000000
V 620.438400 251.056800 10.000000 10.000000
V 230.191200 633.470400 92.000000 22.000000
E 0 5
E 1 20
E 2 26
E 3 15
E 4 11
E 4 18
E 4 19
E 4 30
E 4 33
E 5 13
E 5 29
E 6 12
E 7 34
E 8 21
E 9 15
E 9 21
E 10 33
E 11 16
E 11 32
E 12 14
E 12 39
E 13 20
E 13 21
E 13 38
E 15 24
E 17 30
E 18 35
E 18 36
E 19 22
E 19 39
E 20 28
E 20 31
E 23 26
E 25 26
E 25 38
E 27 30
E 28 33
E 34 39
E 37 38
G R-HSA-380972.sbgn 31 32
V 61.500240 359.668800 123.000000 64.000000
V 250.488000 28.884960 38.000000 31.000000
V 86.011200 587.743200 27.000000 26.000000
V 439.250400 209.484000 124.000000 25.000000
V 353.260800 486.648000 38.000000 31.000000
V 165.643200 624.052800 126.000000 36.000000
V 554.925600 12.499920 54.000000 25.000000
V 356.472000 436.507200 37.000000 31.000000
V 360.856800 83.966400 39.000000 31.000000
V 350.654400 241.495200 40.000000 31.000000
V 149.004000 378.432000 12.000000 12.000000
V 152.258400 65.049840 48.000000 27.000000
V 228.931200 506.757600 116.000000 38.000000
V 75.412800 408.297600 40.000000 30.000000
V 237.852000 353.455200 119.000000 38.000000
V 404.892000 95.212800 39.000000 31.000000
V 613.965600 66.399840 99.000000 19.000000
V 271.893600 268.516800 12.000000 12.000000
V 309.204000 512.352000 78.000000 33.000000
V 147.729600 119.260800 114.000000 35.000000
V 196.387200 28.074960 55.000000 23.000000
V 96.084000 321.948000 41.000000 30.000000
V 279.676800 436.831200 12.000000 12.000000
V 544.039200 98.380800 10.000000 10.000000
V 132.328800 463.543200 105.000000 36.000000
V 378.468000 161.928000 12.000000 12.000000
V 614.570400 146.419200 48.000000 25.000000
V 225.576000 107.971200 12.000000 12.000000
V 154.821600 542.800800 12.000000 12.000000
V 467.798400 135.244800 110.000000 39.000000
V 286.538400 178.322400 119.000000 38.000000
E 0 10
E 1 27
E 2 28
E 3 25
E 4 22
E 5 28
E 6 23
E 7 22
E 8 25
E 9 17
E 9 25
E 10 13
E 10 14
E 10 21
E 10 24
E 11 27
E 12 22
E 12 28
E 14 17
E 14 22
E 15 25
E 16 23
E 17 30
E 18 22
E 19 27
E 20 27
E 23 26
E 23 29
E 24 28
E 25 29
E 25 30
E 27 30
G R-HSA-380994.sbgn 19 18
V 188.352000 19.555200 239.000000 26.000000
V 302.572800 55.264320 56.000000 51.000000
V 48.286080 97.660800 81.000000 51.000000
V 158.004000 257.709600 12.000000 12.000000
V 155.671200 343.461600 88.000000 51.000000
V 253.951200 340.948800 53.000000 22.000000
V 227.188800 94.550400 12.000000 12.000000
V 362.196000 136.684800 81.000000 30.000000
V 287.136000 176.889600 12.000000 12.000000
V 200.880000 181.648800 126.000000 22.000000
V 28.499760 155.066400 57.000000 22.000000
V 89.193600 308.174400 59.000000 30.000000
V 319.269600 300.254400 75.000000 51.000000
V 365.112000 212.407200 104.000000 51.000000
V 113.032800 153.446400 12.000000 12.000000
V 98.150400 72.907200 92.000000 21.000000
V 252.288000 13.999680 49.000000 28.000000
V 49.774320 208.216800 53.000000 23.000000
V 246.333600 255.837600 12.000000 12.000000
E 0 6
E 1 6
E 2 14
E 3 4
E 3 9
E 3 11
E 5 18
E 6 9
E 6 16
E 7 8
E 8 9
E 8 13
E 9 14
E 9 18
E 10 14
E 12 18
E 14 15
E 14 17
G R-HSA-381183.sbgn 18 20
V 60.943680 89.719200 102.000000 51.000000
V 354.693600 244.958400 50.000000 27.000000
V 245.030400 25.500240 75.000000 51.000000
V 58.680000 281.505600 57.000000 26.000000
V 216.158400 285.976800 12.000000 12.000000
V 165.729600 355.478400 66.000000 24.000000
V 118.908000 221.155200 12.000000 12.000000
V 243.957600 108.698400 12.000000 12.000000
V 197.604000 185.032800 95.000000 26.000000
V 125.136000 36.977760 78.000000 28.000000
V 38.000160 207.021600 76.000000 51.000000
V 140.004000 118.915200 12.000000 12.000000
V 346.759200 178.509600 81.000000 51.000000
V 188.532000 250.099200 58.000000 21.000000
V 317.001600 65.370240 55.000000 28.000000
V 272.563200 216.972000 12.000000 12.000000
V 241.732800 364.716000 86.000000 51.000000
V 292.492800 295.308000 65.000000 24.000000
E 0 11
E 1 15
E 2 7
E 3 6
E 4 5
E 4 8
E 4 13
E 4 16
E 4 17
E 6 8
E 6 10
E 6 13
E 7 8
E 7 14
E 8 11
E 8 15
E 9 11
E 12 15
E 13 15
E 15 17
G R-HSA-381753.sbgn 33 32
V 178.243200 1061.784000 51.000000 34.000000
V 431.467200 385.401600 109.000000 24.000000
V 233.251200 754.344000 52.000000 32.000000
V 152.784000 1208.952000 101.000000 27.000000
V 293.479200 457.646400 124.000000 26.000000
V 161.229600 493.891200 115.000000 24.000000
V 98.208000 1341.432000 49.000000 34.000000
V 346.622400 227.779200 12.000000 12.000000
V 225.453600 16.999920 70.000000 34.000000
V 404.114400 173.937600 46.000000 30.000000
V 237.607200 602.380800 130.000000 30.000000
V 121.363200 673.365600 49.000000 31.000000
V 233.676000 907.416000 111.000000 36.000000
V 309.693600 999.936000 50.000000 36.000000
V 225.453600 991.224000 12.000000 12.000000
V 346.456800 833.904000 162.000000 29.000000
V 433.346400 222.436800 48.000000 30.000000
V 256.039200 88.675200 10.000000 10.000000
V 173.131200 80.748000 113.000000 36.000000
V 205.538400 677.570400 12.000000 12.000000
V 348.400800 393.717600 10.000000 10.000000
V 289.180800 164.606400 197.000000 42.000000
V 132.940800 1130.040000 10.000000 10.000000
V 331.048800 310.514400 187.000000 40.000000
V 417.686400 436.111200 188.000000 34.000000
V 310.204800 23.441040 129.000000 36.000000
V 157.716000 1287.936000 12.000000 12.000000
V 240.566400 520.761600 10.000000 10.000000
V 147.088800 973.224000 50.000000 36.000000
V 215.553600 1343.304000 52.000000 31.000000
V 285.314400 1044.720000 48.000000 34.000000
V 262.202400 830.736000 10.000000 10.000000
V 49.500000 1131.624000 99.000000 26.000000
E 0 14
E 0 22
E 1 20
E 2 19
E 2 31
E 3 22
E 3 26
E 4 20
E 4 27
E 5 27
E 6 26
E 7 9
E 7 16
E 7 21
E 7 23
E 8 17
E 10 19
E 10 27
E 11 19
E 12 14
E 12 31
E 13 14
E 14 28
E 14 30
E 15 31
E 17 18
E 17 21
E 17 25
E 20 23
E 20 24
E 22 32
E 26 29
G R-HSA-382556.sbgn 18 21
V 17.500320 274.147200 35.000000 29.000000
V 104.817600 265.471200 12.000000 12.000000
V 312.494400 121.269600 45.000000 30.000000
V 146.966400 341.510400 49.000000 30.000000
V 146.116800 185.385600 47.000000 31.000000
V 93.247200 346.845600 41.000000 30.000000
V 53.882640 66.944880 45.000000 30.000000
V 296.107200 186.580800 45.000000 30.000000
V 94.651200 14.999760 45.000000 30.000000
V 178.718400 304.977600 48.000000 22.000000
V 229.809600 139.284000 12.000000 12.000000
V 180.345600 58.484880 45.000000 30.000000
V 131.400000 92.160000 12.000000 12.000000
V 228.924000 76.723200 27.000000 30.000000
V 175.327200 130.831200 119.000000 36.000000
V 30.607920 228.081600 40.000000 30.000000
V 211.888800 44.809200 47.000000 30.000000
V 43.914240 320.976000 43.000000 30.000000
E 0 1
E 1 3
E 1 4
E 1 5
E 1 9
E 1 15
E 1 17
E 2 10
E 4 10
E 4 12
E 6 12
E 7 10
E 8 12
E 10 11
E 10 13
E 10 14
E 10 16
E 11 12
E 12 13
E 12 14
E 12 16
G R-HSA-389513.sbgn 21 20
V 317.944800 56.795040 39.000000 25.000000
V 167.508000 372.333600 92.000000 34.000000
V 363.758400 12.000240 42.000000 24.000000
V 314.085600 315.345600 106.000000 36.000000
V 399.384000 332.956800 39.000000 30.000000
V 249.127200 368.330400 10.000000 10.000000
V 91.483200 396.856800 10.000000 10.000000
V 454.759200 237.981600 40.000000 30.000000
V 623.779200 337.543200 70.000000 26.000000
V 480.132000 64.563120 88.000000 22.000000
V 329.810400 233.229600 126.000000 36.000000
V 20.499840 360.439200 41.000000 22.000000
V 393.508800 172.108800 41.000000 22.000000
V 571.903200 429.019200 112.000000 38.000000
V 544.708800 353.217600 10.000000 10.000000
V 436.687200 15.386400 40.000000 21.000000
V 472.615200 311.731200 113.000000 50.000000
V 397.504800 86.155200 12.000000 12.000000
V 56.270160 469.173600 92.000000 23.000000
V 261.892800 450.748800 118.000000 36.000000
V 391.413600 264.592800 12.000000 12.000000
E 0 17
E 1 5
E 1 6
E 2 17
E 3 5
E 3 20
E 4 20
E 5 19
E 6 11
E 6 18
E 7 20
E 8 14
E 9 17
E 10 20
E 12 17
E 12 20
E 13 14
E 14 16
E 15 17
E 16 20
G R-HSA-3899300.sbgn 17 19
V 288.993600 158.320800 12.000000 12.000000
V 365.572800 187.308000 58.000000 30.000000
V 65.795760 162.273600 70.000000 32.000000
V 134.949600 102.780000 12.000000 12.000000
V 135.468000 303.458400 116.000000 40.000000
V 66.337200 273.945600 127.000000 36.000000
V 70.500240 49.813920 141.000000 27.000000
V 133.207200 223.020000 12.000000 12.000000
V 297.381600 75.225600 107.000000 39.000000
V 101.152800 162.230400 62.000000 30.000000
V 141.472800 21.499920 115.000000 43.000000
V 200.736000 164.160000 58.000000 31.000000
V 491.421600 236.210400 115.000000 44.000000
V 434.793600 329.083200 131.000000 32.000000
V 331.092000 233.755200 64.000000 30.000000
V 411.300000 252.064800 12.000000 12.000000
V 347.025600 96.170400 114.000000 32.000000
E 0 1
E 0 8
E 0 11
E 0 14
E 0 16
E 1 15
E 2 3
E 2 7
E 3 6
E 3 9
E 3 10
E 3 11
E 4 7
E 5 7
E 7 9
E 7 11
E 12 15
E 13 15
E 14 15
G R-HSA-389948.sbgn 19 19
V 486.612000 255.614400 10.000000 10.000000
V 326.052000 344.620800 40.000000 30.000000
V 85.960800 77.760000 10.000000 10.000000
V 243.979200 223.761600 83.000000 39.000000
V 686.721600 386.452800 165.000000 66.000000
V 613.152000 432.410400 45.000000 27.000000
V 318.916800 263.815200 12.000000 12.000000
V 40.999680 17.500320 82.000000 35.000000
V 549.007200 308.304000 133.000000 53.000000
V 158.472000 107.748000 51.000000 22.000000
V 404.431200 262.598400 145.000000 40.000000
V 98.251200 155.217600 104.000000 34.000000
V 619.207200 348.631200 12.000000 12.000000
V 685.548000 296.661600 148.000000 70.000000
V 109.339200 257.047200 95.000000 38.000000
V 339.148800 186.847200 39.000000 30.000000
V 521.892000 179.380800 102.000000 33.000000
V 167.486400 193.168800 10.000000 10.000000
V 272.815200 333.446400 74.000000 20.000000
E 0 8
E 0 10
E 0 16
E 1 6
E 2 7
E 2 9
E 2 11
E 3 6
E 3 17
E 4 12
E 5 12
E 6 10
E 6 15
E 6 18
E 8 12
E 9 17
E 11 17
E 12 13
E 14 17
G R-HSA-391160.sbgn 30 29
V 221.241600 441.194400 10.000000 10.000000
V 680.500800 305.121600 133.000000 36.000000
V 455.940000 252.892800 10.000000 10.000000
V 200.311200 349.848000 117.000000 50.000000
V 332.424000 369.021600 40.000000 30.000000
V 32.194080 338.054400 57.000000 25.000000
V 165.312000 267.710400 10.000000 10.000000
V 282.801600 487.274400 52.000000 30.000000
V 604.893600 331.848000 10.000000 10.000000
V 265.190400 233.395200 76.000000 36.000000
V 139.600800 400.305600 10.000000 10.000000
V 52.773840 414.288000 66.000000 34.000000
V 197.272800 614.203200 10.000000 10.000000
V 205.596000 530.546400 120.000000 57.000000
V 376.135200 288.345600 105.000000 22.000000
V 495.360000 11.000160 116.000000 22.000000
V 306.676800 249.422400 39.000000 30.000000
V 137.628000 670.118400 120.000000 49.000000
V 285.307200 313.336800 12.000000 12.000000
V 649.886400 398.952000 126.000000 51.000000
V 49.000320 270.453600 98.000000 64.000000
V 154.576800 182.570400 114.000000 66.000000
V 509.378400 91.008000 10.000000 10.000000
V 97.084800 468.835200 157.000000 51.000000
V 529.344000 298.310400 43.000000 22.000000
V 479.203200 168.508800 41.000000 22.000000
V 95.896800 212.716800 64.000000 23.000000
V 582.832800 59.253120 62.000000 23.000000
V 117.864000 325.245600 10.000000 10.000000
V 241.819200 681.897600 40.000000 22.000000
E 0 3
E 0 7
E 0 13
E 1 8
E 2 14
E 2 24
E 2 25
E 3 6
E 3 10
E 3 18
E 3 28
E 4 18
E 5 28
E 6 21
E 6 26
E 8 19
E 8 24
E 9 18
E 10 11
E 10 23
E 12 13
E 12 17
E 12 29
E 14 18
E 15 22
E 16 18
E 20 28
E 22 25
E 22 27
G R-HSA-392517.sbgn 26 30
V 180.057600 123.566400 115.000000 22.000000
V 388.346400 20.880000 102.000000 22.000000
V 486.230400 215.690400 124.000000 39.000000
V 401.054400 229.608000 12.000000 12.000000
V 322.452000 231.249600 73.000000 22.000000
V 328.816800 176.428800 70.000000 22.000000
V 72.748800 19.000080 109.000000 38.000000
V 706.752000 283.212000 12.000000 12.000000
V 269.179200 255.333600 12.000000 12.000000
V 344.232000 89.481600 10.000000 10.000000
V 772.272000 226.440000 38.000000 31.000000
V 389.030400 321.192000 126.000000 36.000000
V 194.853600 220.917600 40.000000 31.000000
V 624.024000 283.874400 80.000000 24.000000
V 430.632000 297.604800 44.000000 26.000000
V 248.284800 178.228800 12.000000 12.000000
V 599.004000 133.855200 122.000000 22.000000
V 723.312000 367.394400 40.000000 31.000000
V 316.353600 11.524320 40.000000 22.000000
V 779.688000 308.577600 132.000000 50.000000
V 199.468800 259.250400 42.000000 31.000000
V 103.154400 93.319200 10.000000 10.000000
V 25.500240 119.491200 51.000000 31.000000
V 246.254400 341.244000 122.000000 36.000000
V 570.182400 215.856000 10.000000 10.000000
V 648.324000 226.526400 114.000000 31.000000
E 0 15
E 0 21
E 1 9
E 2 3
E 2 24
E 3 4
E 3 5
E 3 11
E 3 14
E 4 8
E 4 15
E 5 8
E 5 9
E 5 15
E 6 21
E 7 10
E 7 13
E 7 17
E 7 19
E 7 25
E 8 12
E 8 20
E 8 23
E 9 18
E 12 15
E 13 24
E 15 20
E 16 24
E 21 22
E 24 25
G R-HSA-4090294.sbgn 15 15
V 118.317600 57.700800 51.000000 27.000000
V 143.596800 319.348800 69.000000 27.000000
V 47.499840 194.335200 95.000000 43.000000
V 294.228000 286.776000 106.000000 38.000000
V 188.388000 185.731200 74.000000 27.000000
V 36.848160 257.716800 66.000000 29.000000
V 354.132000 172.692000 70.000000 30.000000
V 173.548800 15.999840 118.000000 32.000000
V 191.203200 95.911200 12.000000 12.000000
V 275.781600 206.532000 12.000000 12.000000
V 266.968800 125.568000 67.000000 29.000000
V 117.410400 240.040800 12.000000 12.000000
V 243.914400 28.866960 119.000000 39.000000
V 348.688800 243.698400 127.000000 47.000000
V 79.768800 313.495200 134.000000 31.000000
E 0 8
E 1 11
E 2 11
E 3 9
E 4 8
E 4 9
E 4 11
E 5 11
E 6 9
E 7 8
E 8 10
E 8 12
E 9 10
E 9 13
E 11 14
G R-HSA-416482.sbgn 22 23
V 271.663200 417.254400 109.000000 38.000000
V 270.799200 139.658400 121.000000 94.000000
V 106.855200 236.721600 12.000000 12.000000
V 108.964800 714.484800 54.000000 22.000000
V 404.316000 228.045600 39.000000 31.000000
V 54.926640 516.844800 72.000000 22.000000
V 81.007200 369.655200 12.000000 12.000000
V 135.964800 496.944000 10.000000 10.000000
V 46.499760 293.328000 93.000000 48.000000
V 381.823200 159.062400 38.000000 31.000000
V 158.666400 576.216000 91.000000 49.000000
V 157.795200 413.532000 90.000000 46.000000
V 227.088000 354.729600 10.000000 10.000000
V 306.907200 380.858400 111.000000 48.000000
V 284.284800 288.367200 120.000000 97.000000
V 126.021600 155.649600 123.000000 41.000000
V 223.236000 710.481600 120.000000 53.000000
V 181.454400 25.500240 139.000000 51.000000
V 194.032800 104.083200 10.000000 10.000000
V 164.296800 656.157600 10.000000 10.000000
V 169.336800 294.861600 130.000000 38.000000
V 321.436800 211.312800 12.000000 12.000000
E 0 12
E 1 18
E 1 21
E 2 8
E 2 15
E 2 20
E 3 19
E 4 21
E 5 7
E 6 8
E 6 11
E 7 10
E 7 11
E 9 21
E 10 19
E 11 12
E 12 13
E 12 14
E 12 20
E 14 21
E 15 18
E 16 19
E 17 18
G R-HSA-418346.sbgn 35 34
V 167.457600 423.187200 12.000000 12.000000
V 429.357600 259.056000 10.000000 10.000000
V 506.152800 225.187200 30.000000 23.000000
V 680.832000 186.732000 91.000000 37.000000
V 756.936000 37.851120 39.000000 23.000000
V 738.720000 350.330400 103.000000 37.000000
V 258.120000 271.231200 10.000000 10.000000
V 206.956800 197.647200 90.000000 23.000000
V 152.301600 130.370400 12.000000 12.000000
V 837.000000 210.895200 48.000000 23.000000
V 685.951200 11.499840 95.000000 23.000000
V 599.925600 265.860000 40.000000 31.000000
V 584.085600 114.926400 57.000000 23.000000
V 226.195200 470.217600 41.000000 31.000000
V 43.154640 634.701600 41.000000 31.000000
V 826.632000 128.296800 103.000000 37.000000
V 344.606400 260.294400 63.000000 23.000000
V 89.474400 422.229600 40.000000 31.000000
V 99.921600 67.813200 41.000000 31.000000
V 141.559200 508.053600 92.000000 37.000000
V 168.717600 643.176000 89.000000 37.000000
V 101.570400 375.890400 58.000000 23.000000
V 449.978400 337.478400 38.000000 23.000000
V 721.656000 268.804800 10.000000 10.000000
V 70.058160 133.747200 40.000000 31.000000
V 543.614400 129.902400 41.000000 31.000000
V 760.896000 177.703200 10.000000 10.000000
V 106.106400 585.259200 12.000000 12.000000
V 589.305600 193.572000 12.000000 12.000000
V 697.968000 95.889600 10.000000 10.000000
V 796.824000 307.699200 56.000000 23.000000
V 218.700000 350.683200 32.000000 23.000000
V 170.272800 50.901120 102.000000 23.000000
V 20.000160 573.991200 40.000000 31.000000
V 110.102400 666.100800 63.000000 23.000000
E 0 13
E 0 17
E 0 19
E 0 21
E 0 31
E 1 2
E 1 16
E 1 22
E 2 28
E 3 23
E 3 26
E 3 28
E 3 29
E 4 29
E 5 23
E 6 7
E 6 16
E 6 31
E 7 8
E 8 18
E 8 24
E 8 32
E 9 26
E 10 29
E 11 28
E 12 28
E 14 27
E 15 26
E 19 27
E 20 27
E 23 30
E 25 28
E 27 33
E 27 34
G R-HSA-418889.sbgn 29 29
V 206.200800 235.792800 113.000000 22.000000
V 356.774400 471.772800 131.000000 22.000000
V 602.618400 401.904000 10.000000 10.000000
V 524.959200 363.520800 113.000000 22.000000
V 346.370400 332.733600 73.000000 22.000000
V 392.292000 192.578400 49.000000 22.000000
V 262.828800 296.575200 12.000000 12.000000
V 676.296000 371.268000 60.000000 22.000000
V 22.500000 296.402400 45.000000 22.000000
V 93.981600 334.296000 10.000000 10.000000
V 139.780800 470.944800 10.000000 10.000000
V 278.172000 485.064000 40.000000 30.000000
V 646.970400 472.435200 95.000000 22.000000
V 249.724800 217.000800 34.000000 22.000000
V 100.792800 542.318400 123.000000 22.000000
V 526.010400 49.840560 113.000000 36.000000
V 440.841600 174.585600 112.000000 22.000000
V 456.768000 89.431200 10.000000 10.000000
V 431.956800 364.442400 12.000000 12.000000
V 76.478400 416.116800 105.000000 22.000000
V 380.851200 250.005600 12.000000 12.000000
V 448.999200 449.856000 50.000000 22.000000
V 331.776000 179.769600 104.000000 22.000000
V 481.176000 406.836000 105.000000 22.000000
V 323.078400 506.628000 41.000000 30.000000
V 305.431200 415.519200 12.000000 12.000000
V 175.456800 311.637600 97.000000 22.000000
V 220.262400 443.102400 109.000000 36.000000
V 428.515200 11.000160 47.000000 22.000000
E 0 6
E 1 25
E 2 3
E 2 7
E 2 12
E 3 18
E 4 6
E 4 18
E 4 20
E 4 25
E 5 20
E 6 13
E 6 26
E 8 9
E 9 19
E 9 26
E 10 14
E 10 19
E 10 27
E 11 25
E 15 17
E 16 17
E 16 20
E 17 28
E 18 21
E 18 23
E 20 22
E 24 25
E 25 27
G R-HSA-422085.sbgn 20 21
V 62.500320 310.860000 125.000000 38.000000
V 377.172000 296.294400 46.000000 25.000000
V 255.859200 196.776000 48.000000 37.000000
V 315.691200 348.451200 48.000000 23.000000
V 323.798400 163.929600 90.000000 34.000000
V 278.856000 331.192800 43.000000 31.000000
V 223.452000 217.584000 86.000000 27.000000
V 372.585600 38.717280 111.000000 36.000000
V 203.450400 275.529600 125.000000 38.000000
V 377.949600 254.721600 45.000000 25.000000
V 300.103200 80.380800 12.000000 12.000000
V 141.804000 329.760000 12.000000 12.000000
V 221.306400 313.689600 125.000000 38.000000
V 293.544000 261.288000 12.000000 12.000000
V 352.252800 327.960000 62.000000 23.000000
V 339.897600 224.323200 124.000000 31.000000
V 479.138400 103.435200 145.000000 30.000000
V 113.342400 406.850400 146.000000 27.000000
V 252.648000 14.500080 68.000000 29.000000
V 398.570400 117.547200 12.000000 12.000000
E 0 11
E 1 13
E 2 13
E 3 13
E 4 10
E 4 13
E 4 19
E 5 13
E 6 13
E 7 10
E 7 19
E 8 11
E 8 13
E 9 13
E 10 18
E 11 12
E 11 17
E 12 13
E 13 14
E 13 15
E 16 19
G R-HSA-425397.sbgn 28 30
V 82.936800 36.900000 74.000000 30.000000
V 195.638400 153.036000 74.000000 30.000000
V 441.151200 394.624800 88.000000 35.000000
V 55.115280 159.228000 89.000000 30.000000
V 277.164000 198.460800 12.000000 12.000000
V 657.396000 147.628800 61.000000 22.000000
V 271.836000 125.136000 74.000000 31.000000
V 583.617600 170.726400 12.000000 12.000000
V 500.428800 173.044800 43.000000 30.000000
V 370.533600 351.583200 12.000000 12.000000
V 142.768800 19.000080 87.000000 38.000000
V 44.500320 98.510400 89.000000 30.000000
V 124.264800 105.264000 12.000000 12.000000
V 334.980000 411.804000 42.000000 30.000000
V 233.971200 411.364800 89.000000 30.000000
V 314.596800 126.712800 42.000000 30.000000
V 606.578400 87.537600 68.000000 30.000000
V 478.526400 286.408800 73.000000 30.000000
V 651.686400 224.913600 68.000000 30.000000
V 209.736000 356.961600 89.000000 30.000000
V 213.883200 234.093600 42.000000 30.000000
V 289.591200 338.248800 12.000000 12.000000
V 304.401600 406.382400 42.000000 30.000000
V 516.859200 219.031200 43.000000 30.000000
V 400.766400 438.127200 92.000000 32.000000
V 426.470400 147.801600 73.000000 30.000000
V 429.948000 226.180800 12.000000 12.000000
V 343.612800 265.816800 62.000000 22.000000
E 0 12
E 1 4
E 1 12
E 2 9
E 3 12
E 4 6
E 4 15
E 4 20
E 4 27
E 5 7
E 7 8
E 7 16
E 7 18
E 7 23
E 8 26
E 9 13
E 9 22
E 9 24
E 9 27
E 10 12
E 11 12
E 13 21
E 14 21
E 17 26
E 19 21
E 21 22
E 21 27
E 23 26
E 25 26
E 26 27
G R-HSA-427359.sbgn 21 26
V 294.739200 241.934400 60.000000 21.000000
V 57.734640 70.665840 60.000000 30.000000
V 170.683200 72.748800 109.000000 25.000000
V 140.752800 397.814400 10.000000 10.000000
V 247.946400 98.964000 12.000000 12.000000
V 249.969600 13.000320 213.000000 26.000000
V 125.647200 217.634400 202.000000 24.000000
V 193.003200 340.732800 120.000000 22.000000
V 329.940000 81.662400 161.000000 38.000000
V 334.015200 109.879200 42.000000 30.000000
V 28.499760 140.608800 57.000000 30.000000
V 439.164000 153.727200 101.000000 22.000000
V 204.732000 257.083200 10.000000 10.000000
V 424.670400 226.821600 48.000000 23.000000
V 258.213600 319.881600 71.000000 25.000000
V 189.122400 169.480800 129.000000 22.000000
V 359.668800 177.998400 12.000000 12.000000
V 143.985600 318.074400 118.000000 38.000000
V 110.959200 134.517600 12.000000 12.000000
V 118.548000 470.102400 105.000000 35.000000
V 303.429600 142.696800 51.000000 30.000000
E 0 12
E 0 16
E 1 18
E 2 4
E 2 18
E 3 7
E 3 17
E 3 19
E 4 5
E 4 8
E 4 9
E 4 15
E 4 20
E 6 12
E 6 18
E 7 12
E 8 16
E 9 16
E 10 18
E 11 16
E 12 14
E 12 15
E 12 17
E 13 16
E 15 18
E 16 20
G R-HSA-427389.sbgn 17 16
V 49.000320 439.920000 98.000000 22.000000
V 237.628800 246.384000 76.000000 31.000000
V 237.290400 89.251200 10.000000 10.000000
V 227.311200 606.052800 79.000000 51.000000
V 151.488000 320.184000 283.000000 26.000000
V 102.196800 472.507200 63.000000 27.000000
V 103.053600 175.384800 72.000000 32.000000
V 312.724800 62.500320 296.000000 25.000000
V 48.389760 382.593600 88.000000 22.000000
V 128.599200 402.429600 10.000000 10.000000
V 74.260800 223.012800 121.000000 23.000000
V 205.790400 14.999760 72.000000 30.000000
V 196.891200 457.848000 111.000000 22.000000
V 320.133600 544.665600 131.000000 22.000000
V 242.532000 526.406400 10.000000 10.000000
V 202.946400 162.309600 195.000000 30.000000
V 157.996800 234.511200 12.000000 12.000000
E 0 9
E 1 16
E 2 7
E 2 11
E 2 15
E 3 14
E 4 9
E 4 16
E 5 9
E 6 16
E 8 9
E 9 12
E 10 16
E 12 14
E 13 14
E 15 16
G R-HSA-427413.sbgn 31 32
V 328.176000 271.828800 10.000000 10.000000
V 245.822400 500.169600 216.000000 25.000000
V 283.881600 209.980800 60.000000 26.000000
V 238.204800 322.336800 427.000000 26.000000
V 141.177600 370.476000 162.000000 26.000000
V 72.669600 322.329600 68.000000 37.000000
V 320.839200 178.178400 101.000000 24.000000
V 278.294400 650.678400 72.000000 25.000000
V 68.372640 271.324800 65.000000 30.000000
V 91.245600 225.129600 68.000000 35.000000
V 425.210400 277.171200 177.000000 37.000000
V 215.769600 411.480000 12.000000 12.000000
V 132.998400 204.386400 266.000000 25.000000
V 383.032800 239.047200 60.000000 25.000000
V 174.398400 643.384800 258.000000 29.000000
V 137.548800 448.768800 68.000000 37.000000
V 506.088000 283.773600 12.000000 12.000000
V 720.504000 328.212000 198.000000 38.000000
V 233.128800 584.755200 10.000000 10.000000
V 149.824800 287.582400 12.000000 12.000000
V 189.900000 472.521600 64.000000 35.000000
V 274.975200 249.811200 232.000000 24.000000
V 344.289600 103.298400 10.000000 10.000000
V 359.100000 184.910400 68.000000 24.000000
V 364.723200 350.388000 56.000000 25.000000
V 342.115200 25.500240 85.000000 51.000000
V 385.855200 316.260000 60.000000 24.000000
V 324.792000 334.756800 69.000000 23.000000
V 713.404800 213.026400 161.000000 27.000000
V 661.017600 274.399200 12.000000 12.000000
V 583.084800 281.793600 188.000000 39.000000
E 0 2
E 0 3
E 0 6
E 0 10
E 0 13
E 0 21
E 0 23
E 0 24
E 0 26
E 0 27
E 1 11
E 1 18
E 3 11
E 3 19
E 4 11
E 4 19
E 5 19
E 6 22
E 7 18
E 8 19
E 9 19
E 10 16
E 11 15
E 11 20
E 12 19
E 14 18
E 16 30
E 17 29
E 22 23
E 22 25
E 28 29
E 29 30
G R-HSA-430116.sbgn 25 27
V 329.104800 247.730400 10.000000 10.000000
V 545.565600 310.896000 106.000000 23.000000
V 234.777600 102.218400 10.000000 10.000000
V 155.750400 82.728000 63.000000 22.000000
V 478.260000 260.560800 12.000000 12.000000
V 233.647200 19.000080 120.000000 38.000000
V 61.999920 368.863200 124.000000 23.000000
V 546.494400 210.398400 45.000000 22.000000
V 383.083200 319.449600 99.000000 39.000000
V 409.845600 73.728000 67.000000 23.000000
V 418.687200 156.139200 10.000000 10.000000
V 434.167200 400.759200 10.000000 10.000000
V 423.720000 486.223200 104.000000 35.000000
V 392.580000 246.412800 127.000000 36.000000
V 651.614400 415.598400 103.000000 36.000000
V 347.889600 224.006400 10.000000 10.000000
V 482.983200 102.016800 129.000000 38.000000
V 297.885600 394.488000 69.000000 23.000000
V 141.314400 385.884000 10.000000 10.000000
V 516.852000 425.736000 46.000000 23.000000
V 300.549600 313.840800 10.000000 10.000000
V 213.523200 341.344800 128.000000 37.000000
V 581.263200 382.478400 10.000000 10.000000
V 284.673600 171.993600 160.000000 35.000000
V 112.363200 463.132800 88.000000 23.000000
E 0 8
E 0 13
E 0 23
E 1 4
E 1 22
E 2 3
E 2 5
E 2 23
E 4 7
E 4 13
E 6 18
E 8 11
E 8 15
E 9 10
E 10 13
E 10 16
E 11 12
E 11 19
E 13 15
E 13 20
E 14 22
E 15 23
E 17 20
E 18 21
E 18 24
E 19 22
E 20 21
G R-HSA-432040.sbgn 34 33
V 771.840000 276.156000 102.000000 36.000000
V 375.098400 345.708000 120.000000 24.000000
V 504.158400 245.793600 190.000000 28.000000
V 222.307200 917.208000 68.000000 40.000000
V 1177.848000 126.172800 160.000000 37.000000
V 484.624800 382.694400 171.000000 22.000000
V 1031.472000 123.552000 123.000000 39.000000
V 200.606400 765.144000 93.000000 31.000000
V 900.144000 198.936000 120.000000 35.000000
V 71.468640 850.176000 110.000000 21.000000
V 409.226400 421.070400 12.000000 12.000000
V 339.156000 376.351200 42.000000 30.000000
V 1130.976000 18.000000 119.000000 36.000000
V 690.235200 270.784800 10.000000 10.000000
V 305.280000 889.992000 108.000000 27.000000
V 921.528000 315.669600 66.000000 28.000000
V 951.120000 134.604000 12.000000 12.000000
V 926.064000 55.663920 124.000000 35.000000
V 149.176800 646.077600 125.000000 46.000000
V 34.500240 764.640000 69.000000 37.000000
V 360.172800 490.017600 106.000000 33.000000
V 223.675200 683.035200 12.000000 12.000000
V 877.464000 351.748800 88.000000 35.000000
V 855.216000 271.101600 12.000000 12.000000
V 115.020000 783.864000 12.000000 12.000000
V 668.944800 189.331200 101.000000 27.000000
V 541.051200 323.625600 12.000000 12.000000
V 275.608800 619.437600 126.000000 36.000000
V 294.991200 539.186400 12.000000 12.000000
V 1104.840000 93.924000 12.000000 12.000000
V 243.482400 839.088000 12.000000 12.000000
V 622.490400 315.878400 95.000000 36.000000
V 223.221600 491.889600 193.000000 20.000000
V 460.692000 482.652000 40.000000 30.000000
E 0 13
E 0 23
E 1 10
E 2 26
E 3 30
E 4 29
E 5 10
E 5 26
E 6 16
E 6 29
E 7 21
E 7 24
E 7 30
E 8 16
E 8 23
E 9 24
E 10 11
E 10 20
E 10 33
E 12 29
E 13 25
E 13 31
E 14 30
E 15 23
E 16 17
E 18 21
E 19 24
E 20 28
E 21 27
E 22 23
E 26 31
E 27 28
E 28 32
G R-HSA-442660.sbgn 18 19
V 338.846400 305.798400 32.000000 31.000000
V 176.385600 96.055200 34.000000 34.000000
V 53.056800 26.468640 65.000000 42.000000
V 291.830400 205.927200 42.000000 34.000000
V 92.901600 100.620000 12.000000 12.000000
V 57.507840 180.705600 65.000000 37.000000
V 429.710400 156.888000 36.000000 35.000000
V 283.500000 51.374160 61.000000 23.000000
V 15.999840 77.198400 32.000000 31.000000
V 322.099200 160.819200 37.000000 36.000000
V 247.176000 133.077600 12.000000 12.000000
V 18.806400 140.054400 28.000000 31.000000
V 443.512800 267.321600 34.000000 34.000000
V 394.948800 307.324800 58.000000 27.000000
V 374.630400 225.885600 12.000000 12.000000
V 107.251200 13.500000 64.000000 27.000000
V 456.372000 205.826400 28.000000 31.000000
V 163.173600 148.737600 36.000000 35.000000
E 0 14
E 1 4
E 1 10
E 2 4
E 3 10
E 3 14
E 4 5
E 4 8
E 4 11
E 4 15
E 4 17
E 6 14
E 7 10
E 9 10
E 9 14
E 10 17
E 12 14
E 13 14
E 14 16
G R-HSA-446728.sbgn 21 20
V 436.996800 27.000000 92.000000 54.000000
V 256.773600 80.870400 10.000000 10.000000
V 460.375200 168.739200 64.000000 24.000000
V 648.036000 504.122400 58.000000 23.000000
V 729.864000 230.328000 56.000000 23.000000
V 871.488000 306.496800 52.000000 30.000000
V 409.838400 105.213600 10.000000 10.000000
V 737.424000 509.522400 70.000000 41.000000
V 696.283200 439.675200 10.000000 10.000000
V 584.251200 262.101600 50.000000 23.000000
V 714.420000 355.831200 57.000000 23.000000
V 453.844800 300.924000 96.000000 25.000000
V 683.222400 202.168800 105.000000 43.000000
V 801.864000 350.971200 10.000000 10.000000
V 41.500080 40.407120 83.000000 41.000000
V 505.965600 236.858400 10.000000 10.000000
V 329.932800 99.194400 58.000000 33.000000
V 666.259200 281.858400 10.000000 10.000000
V 114.141600 45.905040 10.000000 10.000000
V 863.784000 401.140800 85.000000 41.000000
V 185.752800 60.824880 125.000000 35.000000
E 0 6
E 1 16
E 1 20
E 2 6
E 2 15
E 3 8
E 4 17
E 5 13
E 6 16
E 7 8
E 8 10
E 9 15
E 9 17
E 10 13
E 10 17
E 11 15
E 12 17
E 13 19
E 14 18
E 18 20
G R-HSA-448706.sbgn 19 19
V 106.279200 55.374480 40.000000 22.000000
V 806.544000 164.988000 87.000000 36.000000
V 355.125600 114.451200 134.000000 35.000000
V 662.875200 151.819200 121.000000 21.000000
V 731.736000 193.471200 12.000000 12.000000
V 67.464720 182.858400 94.000000 31.000000
V 585.921600 24.500160 125.000000 49.000000
V 642.621600 45.692640 125.000000 35.000000
V 279.432000 122.702400 10.000000 10.000000
V 213.328800 166.284000 123.000000 25.000000
V 206.308800 93.448800 118.000000 25.000000
V 59.999760 106.999200 120.000000 23.000000
V 755.136000 270.259200 121.000000 21.000000
V 134.877600 137.455200 12.000000 12.000000
V 578.851200 186.688800 93.000000 22.000000
V 590.364000 107.992800 12.000000 12.000000
V 430.207200 111.528000 10.000000 10.000000
V 122.241600 223.308000 116.000000 18.000000
V 507.045600 109.548000 109.000000 35.000000
E 0 13
E 1 4
E 2 8
E 2 16
E 3 4
E 3 15
E 4 12
E 5 13
E 6 15
E 7 15
E 8 9
E 8 10
E 9 13
E 10 13
E 11 13
E 13 17
E 14 15
E 15 18
E 16 18
G R-HSA-449836.sbgn 19 20
V 135.482400 236.160000 12.000000 12.000000
V 123.832800 148.903200 69.000000 30.000000
V 265.500000 75.463200 34.000000 22.000000
V 208.771200 286.639200 46.000000 22.000000
V 201.794400 440.424000 111.000000 36.000000
V 288.259200 248.335200 10.000000 10.000000
V 255.650400 188.942400 117.000000 21.000000
V 442.656000 359.604000 40.000000 22.000000
V 489.542400 117.482400 87.000000 36.000000
V 58.999680 260.712000 118.000000 23.000000
V 140.148000 8.500320 46.000000 17.000000
V 177.012000 79.286400 10.000000 10.000000
V 522.108000 205.999200 60.000000 22.000000
V 444.391200 185.464800 10.000000 10.000000
V 319.507200 368.467200 69.000000 49.000000
V 380.764800 306.655200 10.000000 10.000000
V 333.806400 131.097600 10.000000 10.000000
V 234.036000 367.689600 12.000000 12.000000
V 365.623200 217.101600 74.000000 22.000000
E 0 1
E 0 3
E 0 9
E 1 11
E 2 11
E 2 16
E 3 5
E 3 17
E 4 17
E 5 6
E 5 18
E 7 15
E 8 13
E 10 11
E 12 13
E 13 18
E 14 15
E 14 17
E 15 18
E 16 18
G R-HSA-450294.sbgn 31 30
V 433.252800 132.825600 12.000000 12.000000
V 270.547200 186.573600 12.000000 12.000000
V 142.826400 86.709600 12.000000 12.000000
V 1076.688000 264.247200 41.000000 29.000000
V 1124.496000 71.711280 12.000000 12.000000
V 575.308800 215.179200 12.000000 12.000000
V 78.998400 48.345840 158.000000 57.000000
V 922.248000 386.496000 130.000000 22.000000
V 648.986400 248.709600 166.000000 41.000000
V 941.760000 335.476800 39.000000 29.000000
V 1181.952000 24.500160 110.000000 49.000000
V 205.797600 230.515200 39.000000 29.000000
V 480.873600 72.338400 93.000000 37.000000
V 796.248000 285.004800 143.000000 42.000000
V 872.712000 377.575200 41.000000 29.000000
V 438.019200 40.128480 41.000000 29.000000
V 1021.464000 196.999200 12.000000 12.000000
V 992.088000 122.241600 92.000000 30.000000
V 655.329600 349.948800 39.000000 29.000000
V 1071.288000 128.563200 113.000000 33.000000
V 353.728800 170.092800 127.000000 35.000000
V 501.386400 183.852000 153.000000 33.000000
V 256.356000 270.043200 41.000000 29.000000
V 729.648000 385.552800 41.000000 29.000000
V 681.436800 399.189600 121.000000 19.000000
V 1098.720000 214.329600 39.000000 29.000000
V 882.216000 299.044800 12.000000 12.000000
V 209.030400 127.548000 136.000000 40.000000
V 391.305600 72.842400 39.000000 29.000000
V 943.344000 234.878400 109.000000 35.000000
V 712.303200 308.851200 12.000000 12.000000
E 0 12
E 0 15
E 0 20
E 0 21
E 0 28
E 1 11
E 1 20
E 1 22
E 1 27
E 2 6
E 2 27
E 3 16
E 4 10
E 4 19
E 5 8
E 5 21
E 7 26
E 8 30
E 9 26
E 13 26
E 13 30
E 14 26
E 16 17
E 16 19
E 16 25
E 16 29
E 18 30
E 23 30
E 24 30
E 26 29
G R-HSA-451326.sbgn 19 18
V 24.999840 533.239200 50.000000 30.000000
V 155.001600 456.422400 119.000000 36.000000
V 242.049600 153.612000 129.000000 50.000000
V 354.088800 424.260000 108.000000 22.000000
V 422.136000 341.769600 119.000000 36.000000
V 501.753600 357.753600 12.000000 12.000000
V 233.942400 236.124000 10.000000 10.000000
V 551.649600 421.171200 111.000000 50.000000
V 156.261600 216.547200 97.000000 36.000000
V 339.199200 346.730400 10.000000 10.000000
V 228.808800 73.504800 12.000000 12.000000
V 256.096800 320.947200 49.000000 30.000000
V 167.256000 21.256560 43.000000 25.000000
V 117.050400 598.615200 50.000000 30.000000
V 279.129600 12.000240 43.000000 24.000000
V 104.529600 519.933600 12.000000 12.000000
V 565.862400 310.773600 127.000000 50.000000
V 190.425600 380.800800 10.000000 10.000000
V 114.091200 356.572800 114.000000 22.000000
E 0 15
E 1 15
E 1 17
E 2 6
E 2 10
E 3 9
E 4 5
E 4 9
E 5 7
E 5 16
E 6 8
E 6 11
E 9 11
E 10 12
E 10 14
E 11 17
E 13 15
E 17 18
G R-HSA-452723.sbgn 40 58
V 209.923200 375.127200 12.000000 12.000000
V 588.124800 361.353600 10.000000 10.000000
V 400.615200 94.399200 10.000000 10.000000
V 528.328800 468.669600 113.000000 37.000000
V 491.004000 396.043200 73.000000 23.000000
V 323.539200 314.877600 10.000000 10.000000
V 300.801600 386.078400 62.000000 28.000000
V 379.728000 272.664000 201.000000 52.000000
V 380.808000 465.991200 68.000000 22.000000
V 241.495200 320.551200 12.000000 12.000000
V 573.962400 293.875200 126.000000 36.000000
V 322.596000 373.953600 69.000000 24.000000
V 279.316800 251.056800 124.000000 38.000000
V 337.874400 529.207200 51.000000 21.000000
V 325.324800 438.631200 10.000000 10.000000
V 73.771200 176.738400 85.000000 51.000000
V 647.395200 434.736000 83.000000 37.000000
V 424.209600 236.073600 12.000000 12.000000
V 405.734400 340.639200 106.000000 26.000000
V 240.364800 457.718400 158.000000 49.000000
V 198.460800 275.774400 66.000000 29.000000
V 461.217600 320.860800 69.000000 20.000000
V 438.811200 440.546400 64.000000 22.000000
V 504.518400 360.669600 10.000000 10.000000
V 356.414400 284.947200 108.000000 51.000000
V 386.712000 443.491200 188.000000 23.000000
V 568.072800 451.800000 12.000000 12.000000
V 40.999680 259.092000 82.000000 27.000000
V 246.283200 262.987200 77.000000 51.000000
V 395.712000 372.722400 10.000000 10.000000
V 121.039200 242.748000 12.000000 12.000000
V 459.820800 155.448000 127.000000 41.000000
V 362.066400 167.846400 109.000000 52.000000
V 579.060000 398.304000 81.000000 51.000000
V 259.372800 141.933600 62.000000 23.000000
V 134.467200 413.272800 37.000000 22.000000
V 404.928000 15.500160 81.000000 31.000000
V 293.500800 521.100000 49.000000 20.000000
V 238.413600 434.556000 106.000000 51.000000
V 297.561600 217.778400 12.000000 12.000000
E 0 6
E 0 19
E 0 20
E 0 35
E 0 38
E 1 4
E 1 16
E 1 33
E 2 31
E 2 32
E 2 36
E 3 23
E 3 26
E 4 26
E 4 29
E 5 6
E 5 11
E 5 12
E 5 18
E 5 28
E 6 14
E 6 29
E 7 29
E 7 39
E 8 14
E 8 29
E 9 11
E 9 12
E 9 20
E 9 28
E 10 23
E 11 14
E 11 29
E 13 14
E 14 18
E 14 19
E 14 25
E 14 37
E 14 38
E 15 30
E 16 26
E 17 18
E 17 31
E 17 32
E 18 23
E 18 29
E 20 30
E 20 39
E 21 29
E 22 29
E 23 33
E 24 29
E 24 39
E 25 29
E 26 33
E 27 30
E 32 39
E 34 39
G R-HSA-4551638.sbgn 19 20
V 51.999840 162.972000 104.000000 31.000000
V 401.803200 199.886400 120.000000 43.000000
V 137.318400 87.199200 57.000000 23.000000
V 368.820000 246.340800 62.000000 22.000000
V 250.120800 38.055600 136.000000 22.000000
V 184.737600 363.376800 67.000000 25.000000
V 117.043200 110.217600 67.000000 25.000000
V 289.195200 329.882400 106.000000 24.000000
V 139.752000 175.845600 12.000000 12.000000
V 188.136000 20.000160 119.000000 40.000000
V 350.942400 101.988000 102.000000 22.000000
V 143.827200 323.323200 117.000000 39.000000
V 319.946400 179.791200 12.000000 12.000000
V 228.074400 194.205600 53.000000 23.000000
V 246.225600 366.710400 64.000000 27.000000
V 393.904800 139.024800 67.000000 25.000000
V 219.232800 286.624800 12.000000 12.000000
V 204.674400 107.222400 12.000000 12.000000
V 72.842400 224.683200 120.000000 40.000000
E 0 8
E 1 12
E 2 8
E 2 17
E 3 12
E 4 17
E 5 16
E 6 8
E 6 17
E 7 16
E 8 13
E 8 18
E 9 17
E 10 12
E 11 16
E 12 13
E 12 15
E 13 16
E 13 17
E 14 16
G R-HSA-499943.sbgn 31 48
V 448.473600 572.270400 12.000000 12.000000
V 504.892800 628.070400 59.000000 30.000000
V 263.311200 77.752800 43.000000 30.000000
V 350.625600 283.881600 12.000000 12.000000
V 400.363200 347.428800 79.000000 22.000000
V 262.663200 157.989600 12.000000 12.000000
V 276.559200 236.786400 89.000000 22.000000
V 362.656800 277.552800 12.000000 12.000000
V 379.490400 629.668800 83.000000 39.000000
V 110.793600 14.999760 59.000000 30.000000
V 304.977600 77.572800 65.000000 30.000000
V 31.630320 108.230400 60.000000 30.000000
V 336.031200 98.503200 73.000000 30.000000
V 456.336000 488.469600 41.000000 30.000000
V 436.572000 651.456000 36.000000 30.000000
V 538.272000 574.459200 60.000000 30.000000
V 342.266400 196.531200 48.000000 30.000000
V 111.448800 106.394400 12.000000 12.000000
V 266.133600 251.301600 82.000000 22.000000
V 392.551200 510.163200 47.000000 30.000000
V 356.256000 363.405600 40.000000 22.000000
V 59.252400 46.572480 36.000000 30.000000
V 180.986400 155.448000 34.000000 22.000000
V 436.204800 273.211200 43.000000 30.000000
V 402.091200 429.127200 12.000000 12.000000
V 317.700000 213.199200 40.000000 30.000000
V 43.500240 164.721600 87.000000 35.000000
V 293.572800 336.931200 65.000000 30.000000
V 274.557600 145.893600 12.000000 12.000000
V 430.797600 236.714400 73.000000 30.000000
V 193.255200 119.491200 73.000000 22.000000
E 0 1
E 0 8
E 0 13
E 0 14
E 0 15
E 0 19
E 2 5
E 2 28
E 3 4
E 3 6
E 3 16
E 3 20
E 3 23
E 3 25
E 3 27
E 3 29
E 4 7
E 4 24
E 5 10
E 5 12
E 5 16
E 5 18
E 5 22
E 5 25
E 5 30
E 6 28
E 7 16
E 7 18
E 7 20
E 7 23
E 7 25
E 7 27
E 7 29
E 9 17
E 10 28
E 11 17
E 12 28
E 13 24
E 16 28
E 17 21
E 17 22
E 17 26
E 17 30
E 19 24
E 20 24
E 22 28
E 25 28
E 28 30
G R-HSA-5205647.sbgn 35 35
V 322.495200 296.100000 57.000000 23.000000
V 345.722400 157.276800 40.000000 31.000000
V 178.790400 357.134400 39.000000 23.000000
V 529.372800 53.278560 40.000000 31.000000
V 592.876800 1119.096000 113.000000 37.000000
V 263.592000 864.000000 120.000000 65.000000
V 245.930400 155.628000 64.000000 23.000000
V 444.189600 521.740800 31.000000 23.000000
V 386.971200 911.376000 120.000000 51.000000
V 514.828800 1103.328000 10.000000 10.000000
V 385.905600 685.202400 10.000000 10.000000
V 402.746400 990.576000 10.000000 10.000000
V 376.984800 232.588800 12.000000 12.000000
V 457.884000 90.237600 12.000000 12.000000
V 240.098400 428.709600 41.000000 31.000000
V 408.513600 161.870400 101.000000 23.000000
V 408.852000 16.244640 41.000000 31.000000
V 496.987200 1181.520000 56.000000 23.000000
V 356.421600 608.760000 127.000000 23.000000
V 542.109600 112.903200 46.000000 23.000000
V 292.766400 185.529600 98.000000 23.000000
V 96.566400 360.352800 12.000000 12.000000
V 337.370400 1042.776000 31.000000 23.000000
V 471.391200 11.499840 128.000000 23.000000
V 280.677600 371.253600 12.000000 12.000000
V 469.526400 692.445600 131.000000 37.000000
V 359.416800 761.976000 87.000000 23.000000
V 220.888800 378.547200 40.000000 31.000000
V 19.499760 354.326400 39.000000 23.000000
V 361.677600 526.543200 10.000000 10.000000
V 454.147200 260.438400 41.000000 31.000000
V 344.088000 841.608000 10.000000 10.000000
V 324.064800 213.076800 12.000000 12.000000
V 326.059200 450.511200 101.000000 23.000000
V 467.834400 1039.176000 120.000000 51.000000
E 0 12
E 0 24
E 0 32
E 1 12
E 2 21
E 2 24
E 3 13
E 4 9
E 5 31
E 6 32
E 7 29
E 8 11
E 8 31
E 9 17
E 9 34
E 10 18
E 10 25
E 10 26
E 11 22
E 11 34
E 12 15
E 12 20
E 12 30
E 13 15
E 13 16
E 13 19
E 13 23
E 14 24
E 15 32
E 18 29
E 21 28
E 24 27
E 24 33
E 26 31
E 29 33
G R-HSA-5221030.sbgn 28 31
V 290.721600 226.389600 144.000000 29.000000
V 238.658400 308.044800 46.000000 30.000000
V 121.039200 16.500240 150.000000 33.000000
V 365.191200 283.550400 12.000000 12.000000
V 357.019200 63.794880 49.000000 28.000000
V 130.932000 306.784800 64.000000 30.000000
V 297.568800 135.244800 12.000000 12.000000
V 158.227200 32.934240 60.000000 29.000000
V 80.460000 36.064080 66.000000 28.000000
V 315.792000 43.922880 57.000000 27.000000
V 278.042400 63.049680 62.000000 28.000000
V 199.504800 248.342400 12.000000 12.000000
V 125.301600 106.149600 12.000000 12.000000
V 139.420800 187.459200 182.000000 35.000000
V 448.696800 288.280800 228.000000 37.000000
V 441.921600 258.840000 56.000000 22.000000
V 384.984000 157.276800 163.000000 32.000000
V 122.299200 267.796800 47.000000 30.000000
V 39.000240 114.400800 78.000000 31.000000
V 52.406640 153.799200 41.000000 30.000000
V 50.692320 70.703280 67.000000 28.000000
V 206.820000 155.800800 89.000000 36.000000
V 355.989600 106.279200 76.000000 30.000000
V 383.695200 368.172000 51.000000 32.000000
V 166.147200 329.025600 43.000000 30.000000
V 537.559200 168.465600 51.000000 30.000000
V 207.576000 336.477600 61.000000 32.000000
V 461.167200 195.278400 12.000000 12.000000
E 0 3
E 0 6
E 0 11
E 1 11
E 2 12
E 3 14
E 3 15
E 3 23
E 4 6
E 5 11
E 6 9
E 6 10
E 6 16
E 6 21
E 6 22
E 7 12
E 8 12
E 11 13
E 11 17
E 11 21
E 11 24
E 11 26
E 12 13
E 12 18
E 12 19
E 12 20
E 12 21
E 14 27
E 15 27
E 16 27
E 25 27
G R-HSA-5223345.sbgn 20 23
V 299.743200 155.671200 28.000000 23.000000
V 589.960800 135.806400 48.000000 31.000000
V 669.621600 11.499840 41.000000 23.000000
V 328.572000 304.473600 48.000000 31.000000
V 545.630400 262.144800 28.000000 23.000000
V 381.722400 298.252800 48.000000 31.000000
V 46.443600 42.050880 25.000000 24.000000
V 153.561600 130.831200 38.000000 23.000000
V 522.064800 180.302400 12.000000 12.000000
V 613.735200 62.485920 12.000000 12.000000
V 136.044000 186.559200 48.000000 31.000000
V 437.104800 190.159200 40.000000 23.000000
V 591.494400 226.936800 25.000000 24.000000
V 218.016000 155.066400 12.000000 12.000000
V 13.999680 142.898400 28.000000 23.000000
V 356.234400 221.032800 12.000000 12.000000
V 172.994400 80.092800 48.000000 31.000000
V 541.483200 95.752800 48.000000 31.000000
V 275.349600 211.060800 25.000000 24.000000
V 89.136000 111.268800 12.000000 12.000000
E 0 13
E 0 15
E 1 8
E 1 9
E 2 9
E 3 15
E 4 8
E 5 15
E 6 19
E 7 13
E 7 19
E 8 11
E 8 12
E 8 17
E 9 17
E 10 13
E 10 19
E 11 15
E 13 16
E 13 18
E 14 19
E 15 18
E 16 19
G R-HSA-5250924.sbgn 25 24
V 402.379200 261.057600 74.000000 23.000000
V 384.415200 25.385760 51.000000 21.000000
V 298.065600 43.653600 51.000000 23.000000
V 452.066400 313.488000 100.000000 24.000000
V 541.411200 223.912800 72.000000 22.000000
V 423.518400 292.312800 120.000000 27.000000
V 465.667200 163.987200 107.000000 28.000000
V 137.059200 34.932960 57.000000 30.000000
V 160.588800 119.793600 12.000000 12.000000
V 535.104000 150.170400 97.000000 22.000000
V 499.464000 140.745600 48.000000 19.000000
V 91.677600 79.063200 55.000000 30.000000
V 576.014400 229.204800 210.000000 24.000000
V 552.117600 276.192000 66.000000 22.000000
V 336.110400 101.397600 10.000000 10.000000
V 341.236800 11.499840 54.000000 23.000000
V 561.182400 177.976800 69.000000 20.000000
V 125.812800 199.159200 91.000000 25.000000
V 86.500800 151.660800 173.000000 24.000000
V 246.578400 123.336000 296.000000 27.000000
V 422.380800 225.784800 56.000000 22.000000
V 399.067200 163.159200 257.000000 25.000000
V 522.324000 300.600000 78.000000 19.000000
V 481.104000 225.741600 10.000000 10.000000
V 488.167200 311.601600 79.000000 23.000000
E 0 23
E 1 14
E 2 14
E 3 23
E 4 23
E 5 23
E 6 23
E 7 8
E 8 11
E 8 17
E 8 18
E 8 19
E 9 23
E 10 23
E 12 23
E 13 23
E 14 15
E 14 19
E 14 21
E 16 23
E 20 23
E 21 23
E 22 23
E 23 24
G R-HSA-5336415.sbgn 23 22
V 183.643200 148.658400 81.000000 22.000000
V 658.195200 134.337600 99.000000 22.000000
V 734.616000 114.300000 10.000000 10.000000
V 586.080000 156.564000 12.000000 12.000000
V 309.067200 259.387200 34.000000 22.000000
V 438.724800 186.652800 12.000000 12.000000
V 32.693760 99.532800 53.000000 30.000000
V 359.416800 196.567200 76.000000 36.000000
V 249.192000 128.174400 70.000000 39.000000
V 808.920000 94.737600 34.000000 22.000000
V 292.082400 106.862400 59.000000 22.000000
V 112.046400 101.577600 12.000000 12.000000
V 783.072000 183.232800 59.000000 20.000000
V 513.324000 174.096000 100.000000 25.000000
V 265.867200 195.228000 12.000000 12.000000
V 315.914400 151.020000 89.000000 22.000000
V 128.361600 14.999760 44.000000 30.000000
V 270.237600 282.952800 74.000000 22.000000
V 201.643200 233.193600 74.000000 22.000000
V 225.331200 272.592000 36.000000 30.000000
V 747.648000 31.073040 65.000000 35.000000
V 68.303520 33.920640 52.000000 27.000000
V 49.000320 163.296000 98.000000 22.000000
E 0 11
E 0 14
E 1 2
E 1 3
E 2 9
E 2 12
E 2 20
E 3 13
E 4 14
E 5 7
E 5 13
E 6 11
E 7 14
E 8 14
E 10 14
E 11 16
E 11 21
E 11 22
E 14 15
E 14 17
E 14 18
E 14 19
G R-HSA-5362768.sbgn 18 20
V 54.647280 226.670400 41.000000 30.000000
V 174.571200 340.056000 126.000000 38.000000
V 315.662400 183.535200 144.000000 64.000000
V 242.820000 142.228800 10.000000 10.000000
V 80.352000 24.500160 108.000000 49.000000
V 102.276000 338.932800 43.000000 30.000000
V 127.029600 262.360800 12.000000 12.000000
V 104.601600 174.060000 105.000000 27.000000
V 179.524800 199.771200 123.000000 55.000000
V 123.148800 90.777600 10.000000 10.000000
V 206.424000 68.960160 140.000000 49.000000
V 41.999760 271.936800 84.000000 30.000000
V 261.064800 463.406400 97.000000 40.000000
V 246.787200 385.660800 12.000000 12.000000
V 320.673600 341.906400 66.000000 27.000000
V 294.026400 264.441600 12.000000 12.000000
V 208.605600 268.675200 133.000000 84.000000
V 60.887520 316.742400 39.000000 30.000000
E 0 6
E 1 6
E 1 13
E 2 3
E 2 15
E 3 8
E 3 10
E 4 9
E 5 6
E 6 7
E 6 8
E 6 11
E 6 16
E 6 17
E 7 9
E 9 10
E 12 13
E 13 14
E 14 15
E 15 16
G R-HSA-5579028.sbgn 15 14
V 196.106400 95.292000 12.000000 12.000000
V 124.322400 310.053600 32.000000 30.000000
V 170.222400 15.999840 40.000000 32.000000
V 268.351200 317.923200 32.000000 30.000000
V 62.148240 299.268000 27.000000 30.000000
V 108.518400 229.766400 12.000000 12.000000
V 122.666400 57.768480 32.000000 30.000000
V 275.774400 75.636000 52.000000 33.000000
V 43.300800 179.157600 32.000000 30.000000
V 188.229600 185.796000 65.000000 22.000000
V 238.687200 23.775840 43.000000 32.000000
V 25.999920 240.660000 52.000000 30.000000
V 342.172800 206.740800 57.000000 33.000000
V 263.980800 234.849600 12.000000 12.000000
V 331.768800 280.483200 32.000000 30.000000
E 0 2
E 0 6
E 0 7
E 0 9
E 0 10
E 1 5
E 3 13
E 4 5
E 5 8
E 5 9
E 5 11
E 9 13
E 12 13
E 13 14
G R-HSA-5620912.sbgn 37 36
V 1097.568000 212.248800 44.000000 22.000000
V 967.536000 279.223200 126.000000 60.000000
V 1054.656000 292.867200 10.000000 10.000000
V 420.602400 306.158400 10.000000 10.000000
V 195.724800 316.000800 133.000000 59.000000
V 891.144000 247.226400 10.000000 10.000000
V 506.649600 312.984000 115.000000 36.000000
V 1129.680000 340.012800 96.000000 47.000000
V 135.784800 374.976000 10.000000 10.000000
V 340.243200 270.892800 151.000000 45.000000
V 108.453600 55.989360 77.000000 28.000000
V 1050.120000 215.308800 71.000000 28.000000
V 731.736000 261.288000 10.000000 10.000000
V 1274.328000 359.870400 81.000000 26.000000
V 114.465600 453.528000 50.000000 22.000000
V 896.976000 160.776000 67.000000 32.000000
V 723.024000 177.912000 51.000000 22.000000
V 420.256800 390.420000 107.000000 33.000000
V 379.389600 371.073600 60.000000 25.000000
V 1020.312000 364.248000 50.000000 27.000000
V 99.252000 120.477600 52.000000 31.000000
V 178.862400 96.861600 12.000000 12.000000
V 1063.944000 371.959200 62.000000 27.000000
V 659.203200 300.463200 125.000000 64.000000
V 1221.552000 462.441600 125.000000 36.000000
V 165.960000 14.999760 41.000000 30.000000
V 619.207200 415.670400 47.000000 22.000000
V 256.298400 251.438400 10.000000 10.000000
V 436.003200 230.227200 87.000000 36.000000
V 1122.264000 257.256000 82.000000 30.000000
V 572.234400 429.328800 74.000000 28.000000
V 226.461600 30.049920 86.000000 33.000000
V 223.560000 170.589600 152.000000 62.000000
V 56.000160 377.776800 112.000000 54.000000
V 812.736000 272.160000 124.000000 65.000000
V 1197.648000 385.236000 10.000000 10.000000
V 585.993600 343.713600 10.000000 10.000000
E 0 2
E 1 2
E 1 5
E 2 7
E 2 11
E 2 19
E 2 22
E 2 29
E 3 6
E 3 9
E 3 17
E 3 18
E 3 28
E 4 8
E 4 27
E 5 15
E 5 34
E 6 36
E 7 35
E 8 14
E 8 33
E 9 27
E 10 21
E 12 16
E 12 23
E 12 34
E 13 35
E 20 21
E 21 25
E 21 31
E 21 32
E 23 36
E 24 35
E 26 36
E 27 32
E 30 36
G R-HSA-5620920.sbgn 34 34
V 389.088000 449.856000 27.000000 30.000000
V 885.168000 103.032000 10.000000 10.000000
V 62.500320 627.631200 125.000000 29.000000
V 143.445600 622.216800 10.000000 10.000000
V 234.144000 480.542400 10.000000 10.000000
V 964.800000 111.016800 193.000000 94.000000
V 871.632000 21.499920 98.000000 43.000000
V 829.440000 159.696000 186.000000 72.000000
V 412.236000 772.272000 41.000000 30.000000
V 174.448800 701.316000 184.000000 44.000000
V 1107.648000 71.766720 133.000000 81.000000
V 246.780000 745.992000 10.000000 10.000000
V 697.723200 240.156000 125.000000 92.000000
V 1039.320000 99.388800 12.000000 12.000000
V 478.843200 453.974400 116.000000 93.000000
V 408.492000 515.008800 12.000000 12.000000
V 619.308000 451.792800 122.000000 22.000000
V 221.140800 823.536000 152.000000 49.000000
V 210.542400 400.960800 84.000000 22.000000
V 329.378400 726.552000 92.000000 32.000000
V 466.509600 759.096000 53.000000 22.000000
V 614.145600 254.448000 12.000000 12.000000
V 579.398400 330.192000 126.000000 92.000000
V 415.116000 605.397600 87.000000 30.000000
V 410.796000 693.280800 12.000000 12.000000
V 548.647200 406.944000 10.000000 10.000000
V 471.031200 541.857600 43.000000 30.000000
V 768.744000 206.884800 12.000000 12.000000
V 320.716800 491.608800 145.000000 91.000000
V 177.033600 544.989600 159.000000 62.000000
V 490.694400 711.655200 39.000000 30.000000
V 163.720800 438.724800 123.000000 23.000000
V 601.567200 177.249600 41.000000 30.000000
V 550.447200 197.186400 39.000000 30.000000
E 0 15
E 1 5
E 1 6
E 1 7
E 2 3
E 3 9
E 3 29
E 4 18
E 4 28
E 4 29
E 4 31
E 5 13
E 7 27
E 8 24
E 9 11
E 10 13
E 11 17
E 11 19
E 12 21
E 12 27
E 14 15
E 14 25
E 15 23
E 15 26
E 15 28
E 16 25
E 19 24
E 20 24
E 21 22
E 21 32
E 21 33
E 22 25
E 23 24
E 24 30
G R-HSA-5625740.sbgn 25 25
V 620.100000 31.999680 134.000000 64.000000
V 244.584000 374.040000 12.000000 12.000000
V 449.560800 56.080800 156.000000 25.000000
V 639.360000 114.552000 12.000000 12.000000
V 410.457600 191.498400 119.000000 24.000000
V 314.251200 149.882400 46.000000 24.000000
V 330.919200 227.052000 12.000000 12.000000
V 557.488800 137.772000 92.000000 36.000000
V 170.733600 333.648000 100.000000 34.000000
V 116.128800 209.095200 60.000000 23.000000
V 676.317600 38.880000 131.000000 27.000000
V 137.872800 501.458400 10.000000 10.000000
V 315.518400 418.888800 41.000000 24.000000
V 474.523200 138.780000 10.000000 10.000000
V 266.688000 288.360000 95.000000 22.000000
V 58.000320 510.544800 116.000000 51.000000
V 716.097600 91.987200 32.000000 27.000000
V 667.533600 193.276800 39.000000 30.000000
V 148.867200 581.630400 93.000000 22.000000
V 271.483200 167.263200 45.000000 25.000000
V 274.003200 447.530400 45.000000 22.000000
V 184.471200 256.413600 10.000000 10.000000
V 712.094400 157.716000 128.000000 44.000000
V 185.414400 435.873600 114.000000 25.000000
V 384.480000 282.974400 73.000000 22.000000
E 0 3
E 1 8
E 1 12
E 1 14
E 1 20
E 1 23
E 2 13
E 3 7
E 3 10
E 3 16
E 3 17
E 3 22
E 4 6
E 4 13
E 5 6
E 6 14
E 6 19
E 6 24
E 7 13
E 8 21
E 9 21
E 11 15
E 11 18
E 11 23
E 14 21
G R-HSA-5625900.sbgn 23 23
V 297.597600 245.080800 10.000000 10.000000
V 226.425600 185.292000 201.000000 40.000000
V 616.579200 169.156800 10.000000 10.000000
V 237.751200 95.414400 10.000000 10.000000
V 687.240000 207.907200 68.000000 18.000000
V 291.225600 481.651200 58.000000 22.000000
V 51.222960 210.427200 41.000000 30.000000
V 242.488800 11.499840 42.000000 23.000000
V 318.924000 325.987200 43.000000 23.000000
V 539.380800 191.512800 188.000000 38.000000
V 63.000000 153.950400 126.000000 22.000000
V 73.555200 263.088000 129.000000 36.000000
V 299.592000 46.291680 40.000000 22.000000
V 384.328800 228.808800 186.000000 32.000000
V 294.746400 403.351200 10.000000 10.000000
V 109.598400 128.707200 129.000000 50.000000
V 509.126400 306.316800 43.000000 22.000000
V 655.200000 99.144000 192.000000 43.000000
V 123.890400 280.144800 40.000000 30.000000
V 272.095200 327.002400 81.000000 22.000000
V 134.618400 202.464000 12.000000 12.000000
V 181.116000 32.028480 122.000000 50.000000
V 468.885600 233.316000 10.000000 10.000000
E 0 1
E 0 8
E 0 13
E 0 19
E 1 3
E 1 20
E 2 4
E 2 9
E 2 17
E 3 7
E 3 12
E 3 21
E 5 14
E 6 20
E 8 14
E 9 22
E 10 20
E 11 20
E 13 22
E 14 19
E 15 20
E 16 22
E 18 20
G R-HSA-5626467.sbgn 15 15
V 60.125760 243.496800 94.000000 22.000000
V 127.929600 194.234400 10.000000 10.000000
V 275.918400 104.220000 10.000000 10.000000
V 257.824800 325.519200 104.000000 48.000000
V 317.649600 292.240800 43.000000 22.000000
V 297.900000 24.617520 82.000000 44.000000
V 148.644000 98.596800 10.000000 10.000000
V 208.944000 162.633600 125.000000 40.000000
V 197.690400 306.871200 91.000000 22.000000
V 356.868000 88.149600 71.000000 22.000000
V 83.088000 46.859760 58.000000 23.000000
V 76.500000 135.784800 153.000000 46.000000
V 332.877600 230.774400 94.000000 62.000000
V 156.535200 16.999920 122.000000 34.000000
V 251.128800 242.654400 10.000000 10.000000
E 0 1
E 1 7
E 1 11
E 2 5
E 2 7
E 2 9
E 3 14
E 4 14
E 6 7
E 6 10
E 6 11
E 6 13
E 7 14
E 8 14
E 12 14
G R-HSA-5627117.sbgn 31 33
V 301.168800 224.460000 10.000000 10.000000
V 434.620800 309.168000 42.000000 26.000000
V 203.284800 311.392800 48.000000 27.000000
V 172.087200 393.134400 74.000000 22.000000
V 423.871200 475.740000 38.000000 30.000000
V 98.071200 437.436000 12.000000 12.000000
V 203.148000 11.000160 45.000000 22.000000
V 342.129600 153.158400 104.000000 29.000000
V 18.499680 436.348800 37.000000 30.000000
V 627.681600 257.565600 42.000000 30.000000
V 34.365600 377.150400 45.000000 21.000000
V 49.592880 501.019200 38.000000 25.000000
V 497.736000 373.723200 83.000000 38.000000
V 276.840000 141.962400 67.000000 32.000000
V 273.967200 443.995200 47.000000 29.000000
V 508.708800 249.609600 134.000000 53.000000
V 223.401600 86.277600 10.000000 10.000000
V 417.146400 263.037600 12.000000 12.000000
V 501.652800 285.775200 131.000000 45.000000
V 236.642400 421.358400 85.000000 28.000000
V 259.869600 359.640000 12.000000 12.000000
V 567.172800 319.521600 12.000000 12.000000
V 338.738400 312.026400 115.000000 40.000000
V 105.033600 526.233600 78.000000 24.000000
V 233.143200 169.848000 99.000000 36.000000
V 458.193600 445.514400 148.000000 40.000000
V 622.562400 385.790400 36.000000 26.000000
V 379.209600 459.511200 40.000000 30.000000
V 436.932000 183.715200 44.000000 24.000000
V 645.955200 323.827200 149.000000 33.000000
V 404.748000 385.603200 12.000000 12.000000
E 0 7
E 0 13
E 0 22
E 0 24
E 1 17
E 2 20
E 3 5
E 3 20
E 4 30
E 5 8
E 5 10
E 5 11
E 5 23
E 6 16
E 9 21
E 12 21
E 12 30
E 13 16
E 14 20
E 15 17
E 15 21
E 16 24
E 17 18
E 17 22
E 17 28
E 18 21
E 19 20
E 20 22
E 21 26
E 21 29
E 22 30
E 25 30
E 27 30
G R-HSA-5627123.sbgn 40 44
V 118.353600 182.664000 41.000000 30.000000
V 555.256800 272.505600 101.000000 22.000000
V 27.100800 498.312000 44.000000 26.000000
V 200.844000 386.287200 26.000000 30.000000
V 163.663200 153.828000 136.000000 49.000000
V 623.023200 38.611440 132.000000 41.000000
V 187.336800 233.892000 12.000000 12.000000
V 482.940000 220.593600 10.000000 10.000000
V 271.454400 368.064000 94.000000 35.000000
V 248.824800 309.816000 133.000000 50.000000
V 405.583200 256.629600 95.000000 38.000000
V 97.790400 395.380800 38.000000 30.000000
V 215.935200 156.808800 134.000000 29.000000
V 257.076000 420.804000 12.000000 12.000000
V 118.238400 441.453600 44.000000 29.000000
V 205.747200 502.653600 130.000000 30.000000
V 658.116000 111.168000 42.000000 25.000000
V 335.548800 385.992000 134.000000 64.000000
V 550.915200 12.000240 42.000000 24.000000
V 499.536000 135.374400 92.000000 22.000000
V 196.048800 574.351200 10.000000 10.000000
V 24.878160 545.061600 44.000000 22.000000
V 271.828800 572.162400 12.000000 12.000000
V 354.520800 588.708000 98.000000 22.000000
V 325.346400 460.231200 43.000000 30.000000
V 110.109600 534.607200 12.000000 12.000000
V 92.390400 617.421600 43.000000 26.000000
V 163.245600 658.425600 38.000000 22.000000
V 132.372000 365.284800 126.000000 50.000000
V 545.536800 172.987200 98.000000 22.000000
V 188.935200 429.062400 12.000000 12.000000
V 329.580000 304.394400 12.000000 12.000000
V 323.697600 230.515200 40.000000 27.000000
V 572.227200 95.918400 12.000000 12.000000
V 402.048000 334.245600 42.000000 26.000000
V 235.900800 639.172800 97.000000 36.000000
V 285.206400 660.657600 44.000000 23.000000
V 331.898400 632.124000 45.000000 26.000000
V 49.000320 591.156000 98.000000 22.000000
V 100.490400 227.973600 44.000000 29.000000
E 0 6
E 1 7
E 2 25
E 3 13
E 4 6
E 5 33
E 6 9
E 6 12
E 6 39
E 7 10
E 7 19
E 7 29
E 8 13
E 8 30
E 8 31
E 9 13
E 9 31
E 10 31
E 11 30
E 13 15
E 13 17
E 13 24
E 14 30
E 15 20
E 15 22
E 15 25
E 15 30
E 16 33
E 17 31
E 18 33
E 19 33
E 20 27
E 20 35
E 21 25
E 22 23
E 22 35
E 22 36
E 22 37
E 25 26
E 25 38
E 28 30
E 29 33
E 31 32
E 31 34
G R-HSA-5637812.sbgn 37 42
V 234.093600 253.987200 12.000000 12.000000
V 182.095200 475.819200 112.000000 47.000000
V 176.011200 562.068000 12.000000 12.000000
V 393.516000 603.547200 119.000000 64.000000
V 449.344800 57.013200 41.000000 30.000000
V 402.904800 408.657600 111.000000 55.000000
V 309.614400 144.014400 115.000000 50.000000
V 532.706400 491.824800 32.000000 24.000000
V 148.996800 172.742400 114.000000 39.000000
V 159.674400 318.492000 12.000000 12.000000
V 486.446400 592.192800 12.000000 12.000000
V 327.312000 270.403200 10.000000 10.000000
V 308.541600 465.105600 54.000000 36.000000
V 376.416000 96.091200 12.000000 12.000000
V 129.571200 412.970400 41.000000 22.000000
V 315.813600 382.032000 10.000000 10.000000
V 210.045600 389.678400 10.000000 10.000000
V 148.896000 638.546400 41.000000 27.000000
V 105.926400 215.157600 115.000000 50.000000
V 448.812000 541.029600 62.000000 34.000000
V 86.385600 265.456800 35.000000 28.000000
V 251.740800 603.144000 110.000000 59.000000
V 251.503200 315.475200 102.000000 50.000000
V 494.820000 531.547200 32.000000 25.000000
V 318.873600 553.766400 10.000000 10.000000
V 372.888000 222.091200 47.000000 22.000000
V 410.688000 268.502400 99.000000 38.000000
V 69.999840 314.402400 140.000000 53.000000
V 96.624000 591.292800 55.000000 32.000000
V 534.016800 531.554400 64.000000 33.000000
V 87.400800 363.103200 43.000000 27.000000
V 186.436800 256.053600 10.000000 10.000000
V 362.577600 14.999760 40.000000 30.000000
V 292.996800 237.492000 10.000000 10.000000
V 472.183200 461.520000 12.000000 12.000000
V 204.249600 163.180800 31.000000 22.000000
V 371.592000 178.416000 113.000000 77.000000
E 0 22
E 0 35
E 1 2
E 1 16
E 2 17
E 2 21
E 2 28
E 3 10
E 3 24
E 4 13
E 5 15
E 5 34
E 6 13
E 6 33
E 7 10
E 7 34
E 8 31
E 9 20
E 9 22
E 9 27
E 9 30
E 10 19
E 10 23
E 10 29
E 11 22
E 11 26
E 11 36
E 12 15
E 12 24
E 13 32
E 13 36
E 14 16
E 15 22
E 16 22
E 18 31
E 19 34
E 21 24
E 22 31
E 22 33
E 23 34
E 25 33
E 29 34
G R-HSA-5652084.sbgn 31 30
V 261.489600 18.209520 41.000000 30.000000
V 470.116800 257.443200 79.000000 52.000000
V 317.073600 17.500320 90.000000 35.000000
V 222.400800 50.965920 41.000000 30.000000
V 292.917600 98.287200 12.000000 12.000000
V 529.675200 353.671200 41.000000 30.000000
V 155.844000 172.634400 44.000000 27.000000
V 203.356800 184.860000 73.000000 37.000000
V 569.419200 203.875200 72.000000 33.000000
V 22.693680 341.683200 40.000000 30.000000
V 420.436800 165.225600 63.000000 38.000000
V 99.684000 386.272800 12.000000 12.000000
V 162.878400 325.188000 43.000000 30.000000
V 635.781600 302.788800 40.000000 31.000000
V 569.570400 371.908800 41.000000 31.000000
V 635.378400 252.295200 35.000000 30.000000
V 384.134400 230.594400 12.000000 12.000000
V 46.519200 444.844800 41.000000 31.000000
V 246.556800 307.195200 33.000000 30.000000
V 557.409600 281.455200 12.000000 12.000000
V 155.822400 256.557600 49.000000 30.000000
V 131.256000 209.995200 43.000000 30.000000
V 99.806400 470.728800 56.000000 22.000000
V 610.689600 346.334400 74.000000 22.000000
V 382.183200 305.863200 49.000000 30.000000
V 612.684000 209.224800 33.000000 30.000000
V 357.724800 51.530400 49.000000 30.000000
V 16.500240 392.781600 33.000000 30.000000
V 298.440000 195.300000 33.000000 30.000000
V 148.471200 456.897600 58.000000 30.000000
V 214.948800 244.360800 12.000000 12.000000
E 0 4
E 1 16
E 1 19
E 2 4
E 3 4
E 4 26
E 4 28
E 5 19
E 6 30
E 7 30
E 8 19
E 9 11
E 10 16
E 11 12
E 11 17
E 11 22
E 11 27
E 11 29
E 12 30
E 13 19
E 14 19
E 15 19
E 16 24
E 16 28
E 18 30
E 19 23
E 19 25
E 20 30
E 21 30
E 28 30
G R-HSA-5655253.sbgn 19 18
V 279.806400 24.052320 53.000000 25.000000
V 559.260000 529.214400 75.000000 45.000000
V 284.234400 103.356000 12.000000 12.000000
V 522.691200 590.738400 62.000000 31.000000
V 474.696000 525.772800 12.000000 12.000000
V 199.886400 106.092000 120.000000 38.000000
V 341.964000 41.125680 49.000000 27.000000
V 551.700000 340.488000 84.000000 19.000000
V 83.520000 13.500000 63.000000 27.000000
V 122.011200 84.247200 10.000000 10.000000
V 395.251200 550.915200 56.000000 43.000000
V 463.831200 443.160000 129.000000 59.000000
V 470.102400 361.612800 10.000000 10.000000
V 420.595200 296.726400 113.000000 66.000000
V 399.240000 218.217600 10.000000 10.000000
V 468.900000 170.532000 125.000000 22.000000
V 331.610400 171.784800 118.000000 38.000000
V 51.999840 121.608000 104.000000 39.000000
V 443.541600 601.221600 50.000000 31.000000
E 0 2
E 1 4
E 2 5
E 2 6
E 2 16
E 3 4
E 4 10
E 4 11
E 4 18
E 5 9
E 7 12
E 8 9
E 9 17
E 11 12
E 12 13
E 13 14
E 14 15
E 14 16
G R-HSA-5655291.sbgn 19 18
V 555.782400 512.035200 10.000000 10.000000
V 512.143200 445.831200 114.000000 47.000000
V 464.133600 175.118400 110.000000 52.000000
V 406.274400 430.898400 42.000000 30.000000
V 74.016000 171.151200 57.000000 29.000000
V 426.945600 307.540800 108.000000 40.000000
V 125.762400 13.999680 56.000000 28.000000
V 635.148000 522.633600 70.000000 25.000000
V 469.807200 377.157600 12.000000 12.000000
V 311.565600 56.566080 77.000000 35.000000
V 113.421600 97.718400 12.000000 12.000000
V 58.320000 38.846880 59.000000 42.000000
V 192.837600 122.925600 131.000000 59.000000
V 400.521600 230.479200 10.000000 10.000000
V 535.392000 589.334400 122.000000 46.000000
V 546.372000 342.547200 42.000000 30.000000
V 274.197600 132.062400 10.000000 10.000000
V 33.500160 114.768000 67.000000 53.000000
V 328.348800 192.794400 146.000000 61.000000
E 0 1
E 0 7
E 0 14
E 1 8
E 2 13
E 3 8
E 4 10
E 5 8
E 5 13
E 6 10
E 8 15
E 9 16
E 10 11
E 10 12
E 10 17
E 12 16
E 13 18
E 16 18
G R-HSA-5655332.sbgn 19 18
V 288.331200 695.548800 43.000000 30.000000
V 326.750400 159.098400 50.000000 29.000000
V 262.274400 273.189600 113.000000 62.000000
V 195.616800 527.738400 85.000000 41.000000
V 27.499680 117.820800 55.000000 24.000000
V 286.142400 424.368000 140.000000 65.000000
V 106.596000 110.052000 10.000000 10.000000
V 424.929600 694.699200 43.000000 30.000000
V 302.356800 344.685600 10.000000 10.000000
V 170.380800 159.436800 130.000000 59.000000
V 439.488000 626.644800 73.000000 30.000000
V 275.788800 505.188000 10.000000 10.000000
V 358.329600 647.762400 12.000000 12.000000
V 322.660800 572.594400 138.000000 63.000000
V 99.172800 30.000240 128.000000 60.000000
V 277.790400 116.985600 53.000000 28.000000
V 384.861600 330.955200 99.000000 35.000000
V 351.950400 728.208000 82.000000 42.000000
V 248.450400 191.174400 12.000000 12.000000
E 0 12
E 1 18
E 2 8
E 2 18
E 3 11
E 4 6
E 5 8
E 5 11
E 6 9
E 6 14
E 7 12
E 8 16
E 9 18
E 10 12
E 11 13
E 12 13
E 12 17
E 15 18
G R-HSA-5661270.sbgn 34 33
V 398.836800 457.236000 33.000000 30.000000
V 813.960000 312.422400 33.000000 30.000000
V 92.829600 337.089600 12.000000 12.000000
V 24.500160 297.547200 49.000000 30.000000
V 738.936000 255.794400 12.000000 12.000000
V 618.372000 446.680800 49.000000 22.000000
V 759.456000 41.184000 58.000000 22.000000
V 432.626400 319.147200 57.000000 30.000000
V 863.712000 31.679280 57.000000 30.000000
V 902.088000 81.288000 33.000000 30.000000
V 349.012800 362.721600 57.000000 30.000000
V 176.580000 337.334400 90.000000 30.000000
V 770.256000 327.924000 59.000000 35.000000
V 516.636000 362.678400 90.000000 30.000000
V 655.783200 424.857600 41.000000 30.000000
V 263.635200 345.888000 12.000000 12.000000
V 279.835200 264.571200 49.000000 30.000000
V 432.432000 490.665600 72.000000 39.000000
V 222.926400 407.073600 49.000000 30.000000
V 660.470400 297.180000 111.000000 44.000000
V 691.624800 198.849600 49.000000 30.000000
V 237.441600 268.934400 70.000000 39.000000
V 254.901600 434.390400 33.000000 30.000000
V 820.800000 98.719200 12.000000 12.000000
V 63.377280 420.962400 41.000000 30.000000
V 69.619680 251.798400 41.000000 30.000000
V 900.072000 135.122400 57.000000 30.000000
V 433.188000 393.703200 12.000000 12.000000
V 774.216000 171.820800 90.000000 30.000000
V 809.712000 262.101600 49.000000 30.000000
V 602.337600 361.245600 12.000000 12.000000
V 22.232880 373.521600 41.000000 22.000000
V 804.960000 14.999760 111.000000 30.000000
V 468.964800 460.245600 57.000000 30.000000
E 0 27
E 1 4
E 2 3
E 2 11
E 2 24
E 2 25
E 2 31
E 4 12
E 4 19
E 4 20
E 4 28
E 4 29
E 5 30
E 6 23
E 7 27
E 8 23
E 9 23
E 10 15
E 10 27
E 11 15
E 13 27
E 13 30
E 14 30
E 15 16
E 15 18
E 15 21
E 15 22
E 17 27
E 19 30
E 23 26
E 23 28
E 23 32
E 27 33
G R-HSA-5662702.sbgn 39 43
V 314.827200 192.650400 109.000000 30.000000
V 261.842400 489.988800 85.000000 22.000000
V 201.052800 62.989200 43.000000 31.000000
V 355.924800 246.520800 12.000000 12.000000
V 168.919200 517.910400 55.000000 30.000000
V 259.624800 40.784400 49.000000 30.000000
V 165.744000 96.580800 34.000000 30.000000
V 458.805600 141.364800 97.000000 36.000000
V 292.392000 14.999760 34.000000 30.000000
V 326.577600 93.823200 12.000000 12.000000
V 336.895200 12.475440 41.000000 22.000000
V 410.155200 178.948800 12.000000 12.000000
V 590.716800 178.365600 12.000000 12.000000
V 229.730400 652.125600 51.000000 22.000000
V 473.457600 261.763200 52.000000 30.000000
V 281.404800 340.423200 62.000000 30.000000
V 239.464800 142.761600 12.000000 12.000000
V 311.932800 148.176000 84.000000 22.000000
V 188.323200 251.827200 123.000000 30.000000
V 156.974400 601.610400 12.000000 12.000000
V 155.707200 145.137600 62.000000 30.000000
V 69.636960 610.567200 43.000000 30.000000
V 378.878400 27.792000 43.000000 31.000000
V 509.688000 180.345600 94.000000 36.000000
V 106.084800 661.766400 43.000000 31.000000
V 255.463200 209.318400 12.000000 12.000000
V 422.654400 313.624800 76.000000 22.000000
V 374.112000 327.182400 71.000000 22.000000
V 388.519200 204.400800 12.000000 12.000000
V 441.079200 243.568800 62.000000 30.000000
V 403.869600 61.146720 61.000000 22.000000
V 197.582400 438.948000 12.000000 12.000000
V 19.000080 301.651200 38.000000 30.000000
V 26.535600 370.504800 43.000000 30.000000
V 188.805600 348.616800 93.000000 30.000000
V 98.179200 338.083200 12.000000 12.000000
V 176.932800 679.406400 34.000000 30.000000
V 666.583200 178.740000 87.000000 22.000000
V 253.713600 276.062400 12.000000 12.000000
E 0 3
E 0 9
E 0 11
E 0 16
E 0 25
E 0 28
E 0 38
E 1 31
E 2 16
E 3 17
E 3 26
E 3 27
E 3 29
E 4 19
E 4 31
E 5 9
E 6 16
E 7 11
E 7 28
E 8 9
E 9 10
E 9 17
E 9 22
E 9 30
E 11 23
E 11 29
E 12 23
E 12 37
E 13 19
E 14 28
E 15 38
E 16 17
E 16 20
E 18 25
E 18 38
E 19 21
E 19 24
E 19 36
E 31 34
E 32 35
E 33 35
E 34 35
E 34 38
G R-HSA-5663213.sbgn 16 15
V 39.499920 105.616800 79.000000 37.000000
V 115.884000 131.565600 10.000000 10.000000
V 83.347200 52.151040 65.000000 24.000000
V 364.500000 112.953600 141.000000 38.000000
V 512.460000 173.815200 41.000000 30.000000
V 282.268800 173.210400 41.000000 30.000000
V 281.066400 92.952000 12.000000 12.000000
V 307.195200 14.651280 38.000000 22.000000
V 476.388000 44.980560 162.000000 38.000000
V 522.554400 95.709600 133.000000 24.000000
V 447.544800 125.820000 12.000000 12.000000
V 53.591040 183.139200 76.000000 30.000000
V 113.392800 217.072800 111.000000 36.000000
V 454.068000 211.111200 40.000000 30.000000
V 198.194400 114.753600 115.000000 42.000000
V 252.756000 14.999760 40.000000 30.000000
E 0 1
E 1 2
E 1 11
E 1 12
E 1 14
E 3 6
E 3 10
E 4 10
E 5 6
E 6 7
E 6 14
E 6 15
E 8 10
E 9 10
E 10 13
G R-HSA-5676590.sbgn 34 35
V 180.446400 103.953600 120.000000 50.000000
V 313.516800 220.420800 120.000000 36.000000
V 399.398400 189.374400 12.000000 12.000000
V 219.348000 348.307200 129.000000 36.000000
V 269.222400 64.756800 75.000000 22.000000
V 158.140800 507.276000 113.000000 22.000000
V 181.094400 709.560000 67.000000 22.000000
V 491.580000 215.265600 69.000000 22.000000
V 432.064800 110.512800 74.000000 22.000000
V 347.486400 350.337600 90.000000 22.000000
V 747.720000 74.174400 120.000000 22.000000
V 779.400000 222.739200 41.000000 30.000000
V 572.846400 199.144800 12.000000 12.000000
V 182.066400 296.445600 100.000000 22.000000
V 254.851200 405.367200 123.000000 36.000000
V 80.488800 14.999760 41.000000 30.000000
V 454.428000 169.113600 41.000000 30.000000
V 97.264800 96.494400 12.000000 12.000000
V 226.461600 566.676000 67.000000 22.000000
V 118.670400 248.580000 10.000000 10.000000
V 648.187200 176.630400 66.000000 22.000000
V 386.992800 105.998400 40.000000 30.000000
V 208.533600 641.001600 12.000000 12.000000
V 270.633600 307.490400 12.000000 12.000000
V 725.832000 156.664800 12.000000 12.000000
V 72.100800 180.036000 127.000000 47.000000
V 307.612800 367.718400 42.000000 22.000000
V 257.234400 146.188800 10.000000 10.000000
V 332.020800 306.777600 42.000000 22.000000
V 800.352000 140.220000 40.000000 30.000000
V 312.904800 538.603200 25.000000 22.000000
V 20.000160 73.540800 40.000000 30.000000
V 202.269600 263.988000 130.000000 64.000000
V 242.244000 489.304800 12.000000 12.000000
E 0 17
E 0 27
E 1 2
E 1 23
E 1 27
E 2 7
E 2 8
E 2 16
E 2 21
E 3 23
E 4 27
E 5 33
E 6 22
E 7 12
E 9 23
E 10 24
E 11 24
E 12 20
E 13 19
E 13 23
E 14 23
E 14 33
E 15 17
E 17 25
E 17 31
E 18 22
E 18 33
E 19 25
E 19 32
E 20 24
E 23 26
E 23 28
E 23 32
E 24 29
E 30 33
G R-HSA-5676934.sbgn 16 18
V 128.649600 16.595280 141.000000 27.000000
V 353.930400 318.326400 50.000000 22.000000
V 203.421600 302.918400 51.000000 30.000000
V 162.129600 382.320000 12.000000 12.000000
V 348.523200 396.345600 182.000000 30.000000
V 279.727200 348.969600 12.000000 12.000000
V 185.990400 74.793600 12.000000 12.000000
V 229.730400 395.452800 77.000000 24.000000
V 82.000800 393.890400 164.000000 28.000000
V 150.696000 146.196000 50.000000 30.000000
V 238.788000 430.624800 34.000000 22.000000
V 87.112800 222.710400 42.000000 30.000000
V 218.131200 150.357600 41.000000 22.000000
V 173.296800 222.753600 12.000000 12.000000
V 126.907200 457.761600 43.000000 22.000000
V 239.637600 14.999760 42.000000 30.000000
E 0 6
E 1 5
E 2 3
E 2 5
E 2 13
E 3 7
E 3 8
E 3 10
E 3 14
E 4 5
E 5 7
E 5 10
E 6 9
E 6 12
E 6 15
E 9 13
E 11 13
E 12 13
G R-HSA-5678895.sbgn 20 19
V 32.873040 323.107200 40.000000 30.000000
V 473.716800 277.444800 61.000000 36.000000
V 112.312800 463.860000 65.000000 36.000000
V 15.865920 586.972800 25.000000 22.000000
V 195.904800 360.064800 95.000000 50.000000
V 327.780000 406.900800 25.000000 22.000000
V 440.596800 11.000160 110.000000 22.000000
V 461.757600 87.861600 10.000000 10.000000
V 332.100000 278.128800 101.000000 36.000000
V 107.323200 372.348000 10.000000 10.000000
V 74.412000 290.275200 41.000000 30.000000
V 21.499920 375.811200 43.000000 30.000000
V 85.694400 544.190400 12.000000 12.000000
V 277.509600 340.041600 12.000000 12.000000
V 120.204000 616.348800 93.000000 34.000000
V 126.331200 305.611200 35.000000 29.000000
V 539.935200 71.080560 112.000000 37.000000
V 423.662400 157.579200 65.000000 33.000000
V 401.436000 235.555200 10.000000 10.000000
V 59.088960 419.400000 70.000000 35.000000
E 0 9
E 1 18
E 2 9
E 2 12
E 3 12
E 4 9
E 4 13
E 5 13
E 6 7
E 7 16
E 7 17
E 8 13
E 8 18
E 9 10
E 9 11
E 9 15
E 9 19
E 12 14
E 17 18
G R-HSA-5685939.sbgn 34 37
V 144.662400 334.944000 47.000000 21.000000
V 281.196000 25.034400 44.000000 30.000000
V 117.698400 12.000240 43.000000 24.000000
V 368.942400 529.020000 82.000000 23.000000
V 280.591200 274.924800 39.000000 22.000000
V 69.773760 45.838080 50.000000 27.000000
V 408.794400 195.746400 190.000000 37.000000
V 304.970400 194.400000 10.000000 10.000000
V 532.641600 303.076800 156.000000 22.000000
V 493.812000 222.098400 12.000000 12.000000
V 179.503200 84.974400 359.000000 41.000000
V 45.275760 104.205600 49.000000 22.000000
V 392.983200 489.225600 341.000000 41.000000
V 559.778400 386.064000 10.000000 10.000000
V 322.279200 125.805600 110.000000 22.000000
V 539.661600 148.413600 50.000000 27.000000
V 252.273600 112.298400 12.000000 12.000000
V 352.886400 218.109600 93.000000 36.000000
V 226.598400 315.741600 12.000000 12.000000
V 172.504800 374.990400 50.000000 25.000000
V 453.628800 611.200800 195.000000 51.000000
V 525.160800 466.207200 98.000000 39.000000
V 320.738400 50.843520 53.000000 30.000000
V 569.786400 195.768000 48.000000 26.000000
V 125.208000 106.992000 12.000000 12.000000
V 313.812000 468.532800 10.000000 10.000000
V 207.986400 160.833600 341.000000 36.000000
V 642.081600 395.251200 98.000000 22.000000
V 268.682400 396.669600 333.000000 37.000000
V 219.326400 219.189600 363.000000 37.000000
V 519.278400 582.724800 42.000000 20.000000
V 460.180800 527.364000 12.000000 12.000000
V 232.682400 30.904560 86.000000 52.000000
V 58.873680 158.522400 111.000000 22.000000
E 0 18
E 1 16
E 2 24
E 3 25
E 3 31
E 4 7
E 4 18
E 5 24
E 6 7
E 6 9
E 7 14
E 7 17
E 7 26
E 8 9
E 8 13
E 9 15
E 9 23
E 10 16
E 10 24
E 11 24
E 12 25
E 12 31
E 13 21
E 13 27
E 14 16
E 16 22
E 16 29
E 16 32
E 18 19
E 18 28
E 18 29
E 20 31
E 21 31
E 24 26
E 24 33
E 25 28
E 30 31
G R-HSA-5686938.sbgn 29 28
V 562.694400 104.054400 125.000000 36.000000
V 330.213600 173.440800 10.000000 10.000000
V 407.829600 124.639200 126.000000 50.000000
V 214.092000 453.240000 10.000000 10.000000
V 380.304000 467.006400 87.000000 36.000000
V 245.505600 26.651520 122.000000 22.000000
V 66.685680 195.242400 105.000000 22.000000
V 393.055200 407.707200 51.000000 22.000000
V 113.248800 68.788080 93.000000 22.000000
V 264.924000 112.809600 10.000000 10.000000
V 75.866400 131.407200 125.000000 36.000000
V 150.364800 180.979200 10.000000 10.000000
V 312.465600 416.145600 12.000000 12.000000
V 161.308800 520.048800 113.000000 36.000000
V 236.332800 280.281600 10.000000 10.000000
V 171.403200 31.512960 123.000000 36.000000
V 236.311200 534.204000 31.000000 30.000000
V 327.355200 499.593600 130.000000 22.000000
V 56.499840 400.464000 113.000000 36.000000
V 142.120800 399.348000 10.000000 10.000000
V 231.710400 373.752000 118.000000 32.000000
V 167.328000 287.510400 127.000000 36.000000
V 483.228000 86.608800 10.000000 10.000000
V 311.846400 46.376640 112.000000 36.000000
V 86.342400 464.025600 100.000000 30.000000
V 238.708800 187.070400 72.000000 22.000000
V 514.245600 11.000160 72.000000 22.000000
V 394.308000 211.701600 112.000000 36.000000
V 187.221600 117.396000 10.000000 10.000000
E 0 22
E 1 2
E 1 25
E 1 27
E 2 22
E 3 13
E 3 16
E 3 20
E 4 12
E 5 9
E 6 11
E 7 12
E 8 28
E 9 23
E 9 25
E 10 11
E 11 25
E 12 17
E 12 20
E 14 20
E 14 21
E 14 25
E 15 28
E 18 19
E 19 20
E 19 24
E 22 26
E 25 28
G R-HSA-5688426.sbgn 15 15
V 141.364800 225.547200 12.000000 12.000000
V 247.636800 11.000160 76.000000 22.000000
V 157.363200 24.469200 44.000000 30.000000
V 114.300000 517.233600 12.000000 12.000000
V 148.636800 590.637600 133.000000 50.000000
V 300.794400 82.209600 124.000000 34.000000
V 107.179200 436.305600 44.000000 30.000000
V 174.844800 464.385600 119.000000 36.000000
V 42.260400 553.132800 80.000000 23.000000
V 174.463200 384.955200 12.000000 12.000000
V 185.493600 157.240800 96.000000 22.000000
V 60.500160 205.956000 121.000000 36.000000
V 217.389600 82.807200 12.000000 12.000000
V 258.667200 395.676000 119.000000 50.000000
V 158.673600 304.876800 80.000000 22.000000
E 0 10
E 0 11
E 0 14
E 1 12
E 2 12
E 3 4
E 3 6
E 3 7
E 3 8
E 5 12
E 6 9
E 7 9
E 9 13
E 9 14
E 10 12
G R-HSA-5694530.sbgn 23 23
V 391.219200 115.279200 10.000000 10.000000
V 431.704800 43.577280 95.000000 51.000000
V 275.572800 307.756800 94.000000 34.000000
V 84.232800 401.558400 99.000000 55.000000
V 254.253600 390.931200 10.000000 10.000000
V 264.549600 226.814400 10.000000 10.000000
V 138.866400 96.537600 10.000000 10.000000
V 356.824800 199.015200 107.000000 22.000000
V 57.796560 326.599200 91.000000 22.000000
V 364.629600 36.537840 100.000000 33.000000
V 261.201600 166.946400 107.000000 22.000000
V 138.499200 339.933600 10.000000 10.000000
V 193.154400 272.512800 108.000000 62.000000
V 177.264000 413.071200 64.000000 33.000000
V 433.058400 246.088800 10.000000 10.000000
V 195.976800 160.084800 127.000000 49.000000
V 510.098400 214.876800 98.000000 27.000000
V 58.500000 84.931200 117.000000 35.000000
V 127.044000 15.999840 74.000000 32.000000
V 507.103200 283.154400 69.000000 22.000000
V 279.950400 468.597600 63.000000 35.000000
V 456.379200 325.159200 135.000000 37.000000
V 472.449600 98.503200 76.000000 28.000000
E 0 1
E 0 7
E 0 9
E 0 22
E 2 4
E 2 5
E 3 11
E 4 13
E 4 20
E 5 7
E 5 10
E 5 12
E 5 15
E 6 15
E 6 17
E 6 18
E 7 14
E 8 11
E 11 12
E 11 13
E 14 16
E 14 19
E 14 21
G R-HSA-6790901.sbgn 25 26
V 314.647200 81.180000 95.000000 29.000000
V 557.524800 172.828800 12.000000 12.000000
V 418.644000 103.946400 141.000000 29.000000
V 297.064800 195.487200 249.000000 45.000000
V 316.281600 125.676000 86.000000 32.000000
V 186.228000 65.083680 119.000000 27.000000
V 243.849600 125.150400 12.000000 12.000000
V 389.714400 189.309600 12.000000 12.000000
V 385.668000 24.500160 319.000000 49.000000
V 507.376800 347.292000 86.000000 32.000000
V 593.172000 88.358400 355.000000 34.000000
V 397.684800 113.911200 12.000000 12.000000
V 461.779200 372.600000 252.000000 49.000000
V 641.145600 162.777600 42.000000 30.000000
V 406.468800 364.608000 51.000000 23.000000
V 436.132800 31.233600 128.000000 25.000000
V 625.392000 120.542400 148.000000 25.000000
V 565.992000 242.726400 38.000000 33.000000
V 445.557600 289.540800 12.000000 12.000000
V 370.375200 327.067200 95.000000 29.000000
V 462.160800 193.428000 208.000000 49.000000
V 552.556800 100.296000 50.000000 32.000000
V 169.999200 157.773600 340.000000 38.000000
V 635.616000 207.748800 74.000000 31.000000
V 610.077600 245.556000 71.000000 33.000000
E 0 6
E 0 11
E 1 10
E 1 13
E 1 16
E 1 17
E 1 20
E 1 21
E 1 23
E 1 24
E 2 7
E 3 6
E 3 7
E 4 6
E 4 11
E 5 6
E 6 22
E 7 20
E 8 11
E 9 18
E 11 15
E 11 20
E 12 18
E 14 18
E 18 19
E 18 20
G R-HSA-6793080.sbgn 19 18
V 157.075200 160.898400 12.000000 12.000000
V 414.936000 197.416800 264.000000 32.000000
V 137.498400 80.712000 275.000000 54.000000
V 238.629600 37.848960 129.000000 44.000000
V 97.682400 218.030400 85.000000 37.000000
V 256.442400 360.799200 129.000000 44.000000
V 291.247200 18.499680 85.000000 37.000000
V 246.628800 187.005600 121.000000 48.000000
V 286.912800 103.802400 12.000000 12.000000
V 347.011200 44.461440 269.000000 53.000000
V 89.114400 109.620000 129.000000 44.000000
V 72.144000 167.760000 55.000000 25.000000
V 235.159200 278.704800 12.000000 12.000000
V 330.717600 211.435200 12.000000 12.000000
V 393.825600 268.992000 300.000000 54.000000
V 302.673600 327.031200 85.000000 37.000000
V 369.972000 97.617600 70.000000 26.000000
V 195.616800 353.772000 274.000000 55.000000
V 159.091200 310.399200 58.000000 27.000000
E 0 2
E 0 4
E 0 7
E 0 10
E 0 11
E 1 13
E 3 8
E 5 12
E 6 8
E 7 8
E 7 12
E 7 13
E 8 9
E 8 16
E 12 15
E 12 17
E 12 18
E 13 14
G R-HSA-6802946.sbgn 33 33
V 353.491200 132.048000 157.000000 64.000000
V 527.860800 55.363680 86.000000 46.000000
V 755.640000 120.506400 97.000000 78.000000
V 170.913600 141.969600 10.000000 10.000000
V 428.464800 169.322400 120.000000 64.000000
V 686.901600 240.508800 62.000000 48.000000
V 101.476800 302.349600 12.000000 12.000000
V 310.104000 280.555200 98.000000 61.000000
V 172.526400 56.072880 151.000000 45.000000
V 593.755200 144.504000 146.000000 70.000000
V 507.880800 132.732000 12.000000 12.000000
V 318.564000 112.982400 125.000000 50.000000
V 309.103200 425.390400 40.000000 30.000000
V 685.375200 70.844400 75.000000 32.000000
V 891.288000 161.424000 127.000000 54.000000
V 678.218400 153.604800 10.000000 10.000000
V 255.067200 163.029600 129.000000 22.000000
V 176.954400 344.793600 137.000000 64.000000
V 95.205600 122.457600 125.000000 50.000000
V 264.031200 354.477600 12.000000 12.000000
V 377.949600 254.116800 49.000000 22.000000
V 122.724000 72.280800 91.000000 35.000000
V 123.768000 218.649600 137.000000 62.000000
V 248.832000 434.512800 40.000000 30.000000
V 52.471440 368.560800 40.000000 30.000000
V 485.546400 48.103200 40.000000 30.000000
V 727.704000 216.021600 131.000000 36.000000
V 529.243200 208.137600 38.000000 30.000000
V 19.000080 299.599200 38.000000 30.000000
V 833.616000 96.897600 10.000000 10.000000
V 852.408000 13.000320 54.000000 26.000000
V 906.696000 78.249600 76.000000 38.000000
V 338.695200 194.760000 10.000000 10.000000
E 0 32
E 1 10
E 2 15
E 2 29
E 3 8
E 3 16
E 3 18
E 3 21
E 3 22
E 4 10
E 4 32
E 5 15
E 6 17
E 6 22
E 6 24
E 6 28
E 7 19
E 7 32
E 9 10
E 9 15
E 10 25
E 10 27
E 11 32
E 12 19
E 13 15
E 14 29
E 15 26
E 16 32
E 17 19
E 19 23
E 20 32
E 29 30
E 29 31
G R-HSA-6802948.sbgn 19 19
V 20.000160 188.532000 40.000000 30.000000
V 380.188800 314.035200 91.000000 35.000000
V 330.739200 246.391200 10.000000 10.000000
V 260.510400 298.540800 129.000000 22.000000
V 180.028800 335.102400 10.000000 10.000000
V 304.848000 33.904800 40.000000 30.000000
V 102.830400 179.539200 12.000000 12.000000
V 46.170000 120.528000 40.000000 30.000000
V 399.074400 201.592800 151.000000 45.000000
V 232.236000 398.498400 120.000000 64.000000
V 412.761600 262.072800 125.000000 50.000000
V 100.332000 352.540800 49.000000 22.000000
V 301.651200 163.123200 137.000000 62.000000
V 182.073600 419.839200 125.000000 50.000000
V 131.155200 261.237600 98.000000 61.000000
V 230.940000 14.999760 38.000000 30.000000
V 166.802400 120.888000 137.000000 64.000000
V 127.238400 400.795200 157.000000 64.000000
V 249.076800 94.924800 12.000000 12.000000
E 0 6
E 1 2
E 2 3
E 2 8
E 2 10
E 2 12
E 3 4
E 4 9
E 4 11
E 4 13
E 4 14
E 4 17
E 5 18
E 6 7
E 6 14
E 6 16
E 12 18
E 15 18
E 16 18
G R-HSA-6802952.sbgn 24 24
V 378.237600 296.100000 157.000000 64.000000
V 322.063200 454.903200 40.000000 30.000000
V 102.758400 341.546400 12.000000 12.000000
V 55.216800 408.376800 38.000000 30.000000
V 460.058400 101.368800 12.000000 12.000000
V 424.807200 22.999680 86.000000 46.000000
V 487.836000 25.777440 40.000000 30.000000
V 256.248000 194.688000 129.000000 22.000000
V 172.670400 99.691200 125.000000 50.000000
V 537.537600 78.969600 146.000000 70.000000
V 265.312800 391.449600 12.000000 12.000000
V 168.429600 181.828800 10.000000 10.000000
V 336.052800 231.069600 10.000000 10.000000
V 394.754400 220.608000 49.000000 22.000000
V 390.600000 154.202400 120.000000 64.000000
V 257.342400 471.988800 40.000000 30.000000
V 538.012800 142.243200 38.000000 30.000000
V 178.221600 383.371200 137.000000 64.000000
V 20.000160 339.976800 40.000000 30.000000
V 118.576800 113.054400 151.000000 45.000000
V 89.791200 163.022400 91.000000 35.000000
V 122.522400 257.760000 137.000000 62.000000
V 305.056800 314.834400 98.000000 61.000000
V 418.284000 274.291200 125.000000 50.000000
E 0 12
E 1 10
E 2 3
E 2 17
E 2 18
E 2 21
E 4 5
E 4 6
E 4 9
E 4 14
E 4 16
E 7 11
E 7 12
E 8 11
E 10 15
E 10 17
E 10 22
E 11 19
E 11 20
E 11 21
E 12 13
E 12 14
E 12 22
E 12 23
G R-HSA-6802955.sbgn 33 33
V 298.044000 738.720000 151.000000 45.000000
V 158.644800 27.000000 127.000000 54.000000
V 353.498400 462.657600 157.000000 64.000000
V 602.791200 506.260800 40.000000 30.000000
V 567.943200 455.464800 40.000000 30.000000
V 438.192000 520.300800 98.000000 61.000000
V 553.413600 610.754400 137.000000 64.000000
V 125.913600 431.978400 40.000000 30.000000
V 85.046400 60.868800 76.000000 38.000000
V 462.952800 711.900000 137.000000 62.000000
V 83.174400 224.380800 131.000000 36.000000
V 192.175200 434.124000 12.000000 12.000000
V 524.635200 528.040800 12.000000 12.000000
V 175.924800 345.038400 146.000000 70.000000
V 268.977600 474.559200 120.000000 64.000000
V 126.626400 274.269600 10.000000 10.000000
V 548.056800 696.981600 12.000000 12.000000
V 46.216800 308.620800 62.000000 48.000000
V 107.978400 481.449600 86.000000 46.000000
V 159.012000 104.976000 10.000000 10.000000
V 628.934400 712.411200 40.000000 30.000000
V 352.555200 616.514400 129.000000 22.000000
V 229.680000 60.392880 54.000000 26.000000
V 581.256000 772.632000 38.000000 30.000000
V 373.795200 701.460000 10.000000 10.000000
V 161.395200 190.180800 97.000000 78.000000
V 333.964800 776.664000 125.000000 50.000000
V 149.032800 503.402400 38.000000 30.000000
V 37.499760 260.913600 75.000000 32.000000
V 390.204000 778.392000 91.000000 35.000000
V 291.700800 568.058400 49.000000 22.000000
V 394.516800 459.374400 125.000000 50.000000
V 347.976000 526.809600 10.000000 10.000000
E 0 24
E 1 19
E 2 32
E 3 12
E 4 12
E 5 12
E 5 32
E 6 12
E 6 16
E 7 11
E 8 19
E 9 16
E 9 24
E 10 15
E 11 13
E 11 14
E 11 18
E 11 27
E 13 15
E 14 32
E 15 17
E 15 25
E 15 28
E 16 20
E 16 23
E 19 22
E 19 25
E 21 24
E 21 32
E 24 26
E 24 29
E 30 32
E 31 32
G R-HSA-6803157.sbgn 36 35
V 389.736000 253.108800 98.000000 36.000000
V 600.775200 361.512000 10.000000 10.000000
V 194.436000 243.849600 40.000000 22.000000
V 430.934400 462.060000 121.000000 36.000000
V 354.369600 597.009600 65.000000 22.000000
V 649.332000 439.941600 111.000000 22.000000
V 425.253600 191.570400 94.000000 22.000000
V 712.288800 96.919200 10.000000 10.000000
V 473.882400 151.948800 110.000000 36.000000
V 557.344800 144.856800 47.000000 22.000000
V 794.160000 84.247200 128.000000 50.000000
V 268.934400 272.894400 12.000000 12.000000
V 117.561600 223.156800 10.000000 10.000000
V 604.195200 240.321600 10.000000 10.000000
V 603.496800 458.114400 67.000000 22.000000
V 705.110400 292.744800 96.000000 36.000000
V 536.781600 307.461600 131.000000 64.000000
V 713.181600 14.999760 36.000000 30.000000
V 73.864800 155.008800 131.000000 64.000000
V 449.316000 631.346400 128.000000 36.000000
V 548.280000 381.391200 10.000000 10.000000
V 531.640800 229.154400 10.000000 10.000000
V 482.256000 380.772000 10.000000 10.000000
V 701.971200 350.431200 102.000000 22.000000
V 545.068800 466.747200 125.000000 36.000000
V 499.118400 154.562400 89.000000 36.000000
V 686.599200 396.136800 120.000000 50.000000
V 443.196000 303.724800 10.000000 10.000000
V 419.760000 551.095200 10.000000 10.000000
V 618.256800 309.621600 10.000000 10.000000
V 486.734400 452.491200 123.000000 50.000000
V 684.007200 231.609600 104.000000 22.000000
V 491.868000 248.414400 10.000000 10.000000
V 49.000320 265.867200 98.000000 36.000000
V 349.084800 303.422400 40.000000 22.000000
V 654.372000 159.969600 108.000000 50.000000
E 0 27
E 1 5
E 1 16
E 1 26
E 2 11
E 2 12
E 3 22
E 3 28
E 4 28
E 6 32
E 7 10
E 7 17
E 7 35
E 8 21
E 9 21
E 11 34
E 12 18
E 12 33
E 13 16
E 13 31
E 13 35
E 14 20
E 15 29
E 16 20
E 16 21
E 16 22
E 16 27
E 16 29
E 16 32
E 19 28
E 20 24
E 22 30
E 23 29
E 25 32
E 27 34
G R-HSA-6804758.sbgn 39 46
V 464.637600 399.772800 229.000000 52.000000
V 190.764000 588.938400 41.000000 30.000000
V 127.094400 523.404000 10.000000 10.000000
V 319.060800 152.071200 71.000000 22.000000
V 422.186400 443.368800 177.000000 37.000000
V 371.383200 90.720000 12.000000 12.000000
V 30.499920 621.648000 61.000000 40.000000
V 169.862400 273.801600 10.000000 10.000000
V 322.963200 16.891920 47.000000 30.000000
V 317.908800 692.136000 33.000000 22.000000
V 113.025600 435.542400 43.000000 22.000000
V 232.862400 672.717600 12.000000 12.000000
V 299.728800 232.668000 10.000000 10.000000
V 375.696000 394.934400 12.000000 12.000000
V 115.509600 637.768800 12.000000 12.000000
V 455.911200 73.519200 41.000000 30.000000
V 328.939200 471.787200 61.000000 30.000000
V 107.517600 321.638400 56.000000 22.000000
V 261.302400 913.968000 67.000000 22.000000
V 159.847200 704.714400 69.000000 30.000000
V 240.760800 170.352000 32.000000 22.000000
V 37.519200 671.292000 41.000000 19.000000
V 251.733600 519.796800 12.000000 12.000000
V 39.252240 515.858400 67.000000 22.000000
V 76.413600 711.057600 46.000000 22.000000
V 399.441600 19.499760 150.000000 39.000000
V 287.568000 725.616000 44.000000 26.000000
V 250.898400 340.876800 127.000000 31.000000
V 107.193600 213.516000 46.000000 25.000000
V 203.270400 447.415200 124.000000 50.000000
V 252.532800 839.592000 12.000000 12.000000
V 364.017600 174.672000 129.000000 36.000000
V 168.148800 368.337600 10.000000 10.000000
V 302.760000 457.862400 62.000000 30.000000
V 358.999200 302.680800 200.000000 40.000000
V 317.181600 567.057600 127.000000 48.000000
V 321.616800 405.007200 12.000000 12.000000
V 232.358400 761.688000 67.000000 27.000000
V 224.726400 283.881600 105.000000 38.000000
E 0 13
E 1 2
E 1 11
E 1 14
E 1 22
E 2 10
E 2 23
E 3 5
E 3 12
E 4 36
E 5 8
E 5 15
E 5 25
E 5 31
E 6 14
E 7 17
E 7 27
E 7 28
E 7 38
E 9 11
E 10 32
E 11 19
E 11 26
E 11 37
E 12 20
E 12 31
E 12 34
E 12 38
E 13 16
E 13 33
E 13 34
E 14 19
E 14 21
E 14 24
E 16 22
E 16 36
E 17 32
E 18 30
E 22 29
E 22 33
E 22 35
E 27 36
E 29 32
E 30 37
E 32 38
E 33 36
G R-HSA-6806664.sbgn 15 17
V 161.611200 44.425440 34.000000 30.000000
V 289.490400 33.196320 49.000000 30.000000
V 232.056000 91.432800 12.000000 12.000000
V 117.136800 199.375200 12.000000 12.000000
V 312.415200 369.856800 10.000000 10.000000
V 150.256800 258.012000 99.000000 30.000000
V 219.369600 11.000160 54.000000 22.000000
V 202.132800 172.821600 44.000000 30.000000
V 347.824800 436.485600 115.000000 22.000000
V 219.340800 259.214400 12.000000 12.000000
V 240.638400 339.328800 119.000000 36.000000
V 37.000080 188.452800 74.000000 22.000000
V 316.116000 93.499200 85.000000 30.000000
V 295.502400 292.485600 99.000000 22.000000
V 130.420800 287.956800 36.000000 30.000000
E 0 2
E 1 2
E 2 6
E 2 7
E 2 12
E 3 5
E 3 7
E 3 11
E 3 14
E 4 8
E 4 10
E 4 13
E 5 9
E 7 9
E 9 10
E 9 13
E 9 14
G R-HSA-68962.sbgn 32 32
V 415.087200 610.336800 34.000000 22.000000
V 671.889600 88.243200 119.000000 50.000000
V 611.294400 184.838400 127.000000 66.000000
V 513.086400 410.760000 10.000000 10.000000
V 622.101600 740.736000 97.000000 28.000000
V 169.509600 819.216000 54.000000 22.000000
V 531.777600 330.127200 128.000000 64.000000
V 626.212800 679.032000 119.000000 22.000000
V 596.498400 18.000000 119.000000 36.000000
V 590.414400 99.532800 10.000000 10.000000
V 556.236000 250.812000 10.000000 10.000000
V 766.584000 124.495200 134.000000 64.000000
V 466.048800 480.240000 121.000000 50.000000
V 569.044800 782.352000 42.000000 30.000000
V 696.110400 167.263200 10.000000 10.000000
V 170.769600 738.864000 10.000000 10.000000
V 433.166400 557.906400 10.000000 10.000000
V 338.788800 568.072800 129.000000 36.000000
V 217.641600 670.075200 129.000000 36.000000
V 525.182400 49.132080 91.000000 49.000000
V 184.694400 541.951200 41.000000 22.000000
V 30.000240 531.727200 60.000000 38.000000
V 253.886400 591.811200 10.000000 10.000000
V 590.436000 433.238400 53.000000 24.000000
V 548.294400 702.057600 12.000000 12.000000
V 108.223200 509.846400 10.000000 10.000000
V 769.824000 201.009600 119.000000 36.000000
V 483.386400 213.480000 111.000000 36.000000
V 92.253600 757.944000 104.000000 36.000000
V 495.885600 630.684000 36.000000 22.000000
V 506.980800 772.776000 39.000000 30.000000
V 65.149200 442.792800 56.000000 23.000000
E 0 16
E 1 9
E 1 14
E 2 9
E 2 10
E 2 14
E 3 6
E 3 12
E 3 23
E 4 24
E 5 15
E 6 10
E 7 24
E 8 9
E 9 19
E 10 27
E 11 14
E 12 16
E 13 24
E 14 26
E 15 18
E 15 28
E 16 17
E 16 29
E 17 22
E 18 22
E 20 22
E 20 25
E 21 25
E 24 29
E 24 30
E 25 31
G R-HSA-69242.sbgn 33 33
V 172.677600 336.708000 46.000000 30.000000
V 192.916800 186.660000 93.000000 21.000000
V 88.344000 71.547120 56.000000 20.000000
V 404.337600 336.153600 12.000000 12.000000
V 487.857600 366.285600 76.000000 22.000000
V 33.999840 158.860800 68.000000 22.000000
V 269.164800 240.847200 12.000000 12.000000
V 457.063200 230.047200 51.000000 21.000000
V 386.704800 220.298400 12.000000 12.000000
V 482.817600 315.338400 31.000000 30.000000
V 458.971200 157.579200 137.000000 21.000000
V 116.575200 147.362400 10.000000 10.000000
V 323.136000 363.866400 129.000000 28.000000
V 497.239200 594.662400 40.000000 31.000000
V 448.977600 403.596000 46.000000 30.000000
V 195.573600 289.778400 59.000000 22.000000
V 413.424000 571.608000 12.000000 12.000000
V 351.079200 403.480800 12.000000 12.000000
V 522.208800 98.452800 12.000000 12.000000
V 335.757600 157.305600 39.000000 30.000000
V 487.735200 17.009280 41.000000 28.000000
V 184.557600 385.502400 39.000000 30.000000
V 387.482400 489.578400 128.000000 36.000000
V 438.012000 644.788800 132.000000 46.000000
V 357.825600 638.323200 39.000000 29.000000
V 548.604000 23.500080 141.000000 47.000000
V 222.343200 414.770400 46.000000 22.000000
V 377.676000 147.600000 46.000000 30.000000
V 336.024000 300.592800 107.000000 25.000000
V 598.384800 73.080000 42.000000 28.000000
V 604.101600 131.889600 140.000000 37.000000
V 297.532800 465.422400 73.000000 34.000000
V 256.384800 336.988800 12.000000 12.000000
E 0 32
E 1 6
E 1 11
E 2 11
E 3 4
E 3 9
E 3 12
E 3 14
E 3 28
E 5 11
E 6 28
E 7 8
E 8 10
E 8 19
E 8 27
E 8 28
E 10 18
E 12 32
E 13 16
E 15 32
E 16 22
E 16 23
E 16 24
E 17 22
E 17 28
E 17 31
E 18 20
E 18 25
E 18 29
E 18 30
E 21 32
E 26 32
E 28 32
G R-HSA-70370.sbgn 25 26
V 382.629600 88.221600 40.000000 31.000000
V 618.782400 73.929600 59.000000 31.000000
V 60.659280 82.526400 82.000000 23.000000
V 570.758400 332.568000 81.000000 42.000000
V 325.245600 214.502400 51.000000 30.000000
V 419.472000 246.585600 49.000000 22.000000
V 209.109600 327.816000 68.000000 30.000000
V 578.030400 26.699760 68.000000 31.000000
V 522.511200 15.500160 60.000000 31.000000
V 405.914400 173.476800 12.000000 12.000000
V 175.190400 187.639200 41.000000 30.000000
V 353.685600 121.528800 41.000000 31.000000
V 618.991200 132.242400 56.000000 23.000000
V 258.228000 338.702400 68.000000 30.000000
V 542.224800 101.361600 12.000000 12.000000
V 630.072000 276.674400 42.000000 23.000000
V 497.988000 181.231200 85.000000 41.000000
V 20.000160 178.164000 40.000000 30.000000
V 97.718400 153.900000 12.000000 12.000000
V 212.709600 405.453600 12.000000 12.000000
V 462.427200 114.112800 36.000000 31.000000
V 181.324800 257.212800 41.000000 22.000000
V 246.585600 250.171200 12.000000 12.000000
V 551.304000 252.885600 12.000000 12.000000
V 185.407200 477.244800 93.000000 37.000000
E 0 9
E 1 14
E 2 18
E 3 23
E 4 9
E 4 22
E 5 9
E 6 19
E 6 22
E 7 14
E 8 14
E 9 11
E 9 16
E 9 20
E 10 18
E 10 22
E 12 14
E 13 19
E 13 22
E 14 16
E 14 20
E 15 23
E 16 23
E 17 18
E 19 24
E 21 22
G R-HSA-70688.sbgn 26 29
V 21.145680 138.052800 36.000000 30.000000
V 52.902000 90.446400 62.000000 23.000000
V 224.143200 18.394560 59.000000 22.000000
V 314.272800 45.455760 43.000000 31.000000
V 319.615200 159.026400 130.000000 31.000000
V 324.878400 291.052800 53.000000 30.000000
V 316.072800 371.764800 12.000000 12.000000
V 428.724000 165.247200 43.000000 31.000000
V 177.897600 137.808000 40.000000 30.000000
V 388.072800 317.901600 103.000000 22.000000
V 106.603200 253.778400 97.000000 30.000000
V 99.849600 162.928800 12.000000 12.000000
V 84.175200 393.458400 43.000000 30.000000
V 142.416000 333.921600 12.000000 12.000000
V 357.696000 304.776000 52.000000 30.000000
V 275.904000 14.999760 50.000000 30.000000
V 384.998400 426.153600 36.000000 30.000000
V 251.956800 97.768800 12.000000 12.000000
V 24.500160 194.896800 49.000000 30.000000
V 282.441600 445.082400 43.000000 30.000000
V 464.630400 250.797600 82.000000 31.000000
V 380.311200 228.715200 12.000000 12.000000
V 461.138400 201.146400 36.000000 30.000000
V 336.405600 451.843200 43.000000 30.000000
V 223.711200 367.070400 63.000000 30.000000
V 164.037600 102.844800 57.000000 30.000000
E 0 11
E 1 11
E 2 17
E 3 17
E 4 17
E 4 21
E 5 6
E 5 21
E 6 9
E 6 14
E 6 16
E 6 19
E 6 23
E 6 24
E 7 21
E 8 11
E 8 17
E 9 21
E 10 11
E 10 13
E 11 18
E 11 25
E 12 13
E 13 24
E 14 21
E 15 17
E 17 25
E 20 21
E 21 22
G R-HSA-71262.sbgn 31 30
V 175.168800 736.632000 64.000000 30.000000
V 450.662400 226.137600 44.000000 30.000000
V 397.296000 166.564800 131.000000 36.000000
V 384.796800 322.768800 56.000000 30.000000
V 354.564000 574.408800 12.000000 12.000000
V 291.801600 220.082400 34.000000 30.000000
V 302.140800 11.000160 116.000000 22.000000
V 508.946400 397.152000 82.000000 34.000000
V 32.785920 782.064000 44.000000 30.000000
V 472.111200 369.180000 53.000000 30.000000
V 443.829600 182.563200 43.000000 30.000000
V 279.986400 616.572000 64.000000 30.000000
V 435.362400 615.664800 35.000000 30.000000
V 499.989600 443.512800 54.000000 30.000000
V 370.080000 490.068000 54.000000 30.000000
V 225.180000 674.510400 12.000000 12.000000
V 369.403200 234.648000 12.000000 12.000000
V 342.511200 409.298400 36.000000 30.000000
V 321.076800 158.241600 41.000000 30.000000
V 277.941600 88.322400 12.000000 12.000000
V 90.640800 878.328000 56.000000 30.000000
V 201.801600 61.313760 41.000000 30.000000
V 454.449600 461.448000 44.000000 30.000000
V 187.171200 848.664000 34.000000 30.000000
V 118.980000 802.296000 12.000000 12.000000
V 66.000240 743.184000 132.000000 36.000000
V 391.687200 641.368800 79.000000 36.000000
V 294.199200 261.410400 56.000000 30.000000
V 44.921520 838.152000 43.000000 30.000000
V 415.188000 408.722400 12.000000 12.000000
V 148.989600 883.512000 55.000000 30.000000
E 0 15
E 0 24
E 1 16
E 2 16
E 3 16
E 3 29
E 4 11
E 4 12
E 4 14
E 4 26
E 5 16
E 6 19
E 7 29
E 8 24
E 9 29
E 10 16
E 11 15
E 13 29
E 14 29
E 16 18
E 16 27
E 17 29
E 18 19
E 19 21
E 20 24
E 22 29
E 23 24
E 24 25
E 24 28
E 24 30
G R-HSA-71288.sbgn 18 21
V 146.656800 439.660800 44.000000 22.000000
V 265.903200 443.649600 36.000000 30.000000
V 93.448800 14.999760 56.000000 30.000000
V 225.892800 215.208000 12.000000 12.000000
V 205.286400 462.326400 61.000000 30.000000
V 144.842400 226.411200 40.000000 30.000000
V 13.500000 91.670400 27.000000 30.000000
V 289.879200 238.341600 41.000000 30.000000
V 236.433600 127.209600 51.000000 35.000000
V 289.224000 141.775200 71.000000 38.000000
V 122.414400 390.823200 61.000000 30.000000
V 211.312800 295.812000 48.000000 30.000000
V 295.221600 396.820800 42.000000 30.000000
V 206.409600 211.197600 12.000000 12.000000
V 94.464000 96.393600 12.000000 12.000000
V 154.836000 153.950400 35.000000 30.000000
V 293.040000 193.363200 36.000000 30.000000
V 208.735200 382.413600 12.000000 12.000000
E 0 17
E 1 17
E 2 14
E 3 5
E 3 7
E 3 9
E 3 11
E 3 15
E 3 16
E 4 17
E 5 13
E 6 14
E 7 13
E 8 13
E 10 17
E 11 13
E 11 17
E 12 17
E 13 15
E 13 16
E 14 15
G R-HSA-72086.sbgn 36 38
V 503.150400 126.676800 10.000000 10.000000
V 507.830400 296.359200 90.000000 23.000000
V 655.819200 164.880000 12.000000 12.000000
V 236.923200 150.134400 125.000000 64.000000
V 327.362400 271.836000 124.000000 64.000000
V 251.654400 233.078400 10.000000 10.000000
V 588.686400 117.158400 112.000000 50.000000
V 489.837600 46.000080 135.000000 92.000000
V 92.030400 228.830400 10.000000 10.000000
V 424.886400 295.351200 12.000000 12.000000
V 701.985600 534.117600 113.000000 36.000000
V 697.413600 619.552800 12.000000 12.000000
V 770.184000 659.527200 51.000000 31.000000
V 778.680000 402.069600 123.000000 36.000000
V 705.204000 446.263200 10.000000 10.000000
V 378.612000 252.338400 37.000000 22.000000
V 415.584000 229.752000 83.000000 44.000000
V 499.910400 330.710400 70.000000 22.000000
V 523.137600 792.144000 40.000000 30.000000
V 379.512000 468.194400 12.000000 12.000000
V 418.644000 626.882400 12.000000 12.000000
V 383.076000 551.527200 119.000000 36.000000
V 638.784000 246.996000 116.000000 64.000000
V 639.100800 681.804000 119.000000 36.000000
V 24.999840 272.260800 50.000000 22.000000
V 596.016000 792.288000 41.000000 30.000000
V 645.580800 383.594400 117.000000 36.000000
V 44.057520 163.310400 50.000000 22.000000
V 401.961600 385.516800 131.000000 36.000000
V 586.843200 320.011200 10.000000 10.000000
V 170.740800 244.555200 99.000000 36.000000
V 369.403200 333.676800 82.000000 48.000000
V 461.606400 203.076000 98.000000 36.000000
V 481.752000 681.825600 117.000000 36.000000
V 784.368000 457.560000 34.000000 22.000000
V 560.491200 718.581600 12.000000 12.000000
E 0 6
E 0 7
E 0 32
E 1 9
E 1 29
E 2 6
E 2 22
E 3 5
E 4 5
E 4 9
E 5 30
E 8 24
E 8 27
E 8 30
E 9 15
E 9 16
E 9 17
E 9 28
E 9 31
E 9 32
E 10 11
E 10 14
E 11 12
E 11 23
E 13 14
E 14 26
E 14 34
E 17 29
E 18 35
E 19 21
E 19 28
E 20 21
E 20 33
E 22 29
E 23 35
E 25 35
E 26 29
E 33 35
G R-HSA-72312.sbgn 32 31
V 46.399680 103.989600 83.000000 44.000000
V 230.796000 117.324000 107.000000 44.000000
V 127.051200 22.500000 88.000000 45.000000
V 94.593600 209.023200 110.000000 43.000000
V 198.568800 123.890400 114.000000 45.000000
V 70.960320 141.336000 84.000000 40.000000
V 67.579920 53.349840 105.000000 44.000000
V 225.057600 71.633520 166.000000 27.000000
V 108.835200 39.312720 83.000000 41.000000
V 186.249600 36.004320 87.000000 39.000000
V 145.540800 58.138560 93.000000 24.000000
V 43.999920 134.704800 88.000000 43.000000
V 245.894400 140.464800 85.000000 40.000000
V 232.236000 165.564000 83.000000 42.000000
V 150.523200 225.619200 107.000000 44.000000
V 181.684800 77.169600 111.000000 44.000000
V 211.370400 48.225600 84.000000 41.000000
V 144.936000 123.508800 12.000000 12.000000
V 55.231920 171.597600 89.000000 43.000000
V 76.636800 190.058400 85.000000 41.000000
V 99.295200 101.498400 115.000000 46.000000
V 62.628480 84.772800 101.000000 48.000000
V 176.536800 203.119200 101.000000 44.000000
V 197.344800 213.724800 81.000000 42.000000
V 119.656800 219.038400 106.000000 48.000000
V 160.308000 24.328080 95.000000 39.000000
V 219.182400 188.582400 110.000000 44.000000
V 104.796000 161.676000 109.000000 44.000000
V 92.556000 59.745600 115.000000 45.000000
V 242.661600 93.448800 87.000000 41.000000
V 141.206400 190.440000 110.000000 45.000000
V 183.060000 164.923200 59.000000 23.000000
E 0 17
E 1 17
E 2 17
E 3 17
E 4 17
E 5 17
E 6 17
E 7 17
E 8 17
E 9 17
E 10 17
E 11 17
E 12 17
E 13 17
E 14 17
E 15 17
E 16 17
E 17 18
E 17 19
E 17 20
E 17 21
E 17 22
E 17 23
E 17 24
E 17 25
E 17 26
E 17 27
E 17 28
E 17 29
E 17 30
E 17 31
G R-HSA-72764.sbgn 21 20
V 63.455760 26.431920 64.000000 37.000000
V 675.223200 352.087200 12.000000 12.000000
V 474.256800 114.220800 43.000000 30.000000
V 216.662400 256.168800 131.000000 72.000000
V 58.862880 161.078400 39.000000 30.000000
V 109.641600 92.736000 12.000000 12.000000
V 481.514400 377.719200 121.000000 58.000000
V 249.170400 179.265600 10.000000 10.000000
V 421.106400 89.820000 32.000000 29.000000
V 131.371200 11.000160 47.000000 22.000000
V 184.557600 128.671200 65.000000 33.000000
V 599.061600 318.873600 104.000000 36.000000
V 755.568000 343.692000 59.000000 30.000000
V 331.430400 176.400000 126.000000 81.000000
V 518.572800 302.896800 10.000000 10.000000
V 415.656000 171.813600 12.000000 12.000000
V 722.880000 282.232800 111.000000 36.000000
V 29.000160 98.568000 58.000000 30.000000
V 656.640000 435.182400 83.000000 35.000000
V 467.092800 238.672800 123.000000 79.000000
V 723.456000 416.908800 59.000000 30.000000
E 0 5
E 1 11
E 1 12
E 1 16
E 1 18
E 1 20
E 2 15
E 3 7
E 4 5
E 5 9
E 5 10
E 5 17
E 6 14
E 7 10
E 7 13
E 8 15
E 11 14
E 13 15
E 14 19
E 15 19
G R-HSA-74182.sbgn 31 41
V 390.304800 157.363200 65.000000 39.000000
V 34.709040 381.996000 67.000000 39.000000
V 208.742400 15.999840 58.000000 32.000000
V 91.159200 499.176000 51.000000 30.000000
V 284.508000 53.094960 47.000000 22.000000
V 125.028000 100.180800 34.000000 30.000000
V 101.836800 413.114400 12.000000 12.000000
V 324.324000 198.691200 12.000000 12.000000
V 163.051200 29.511360 42.000000 30.000000
V 254.822400 23.731200 72.000000 30.000000
V 209.728800 96.847200 12.000000 12.000000
V 25.500240 425.275200 51.000000 30.000000
V 332.294400 219.384000 12.000000 12.000000
V 222.516000 292.176000 68.000000 30.000000
V 176.292000 366.876000 42.000000 30.000000
V 354.506400 413.301600 86.000000 22.000000
V 325.512000 449.985600 85.000000 30.000000
V 279.172800 462.333600 60.000000 30.000000
V 242.769600 185.112000 68.000000 30.000000
V 198.568800 204.768000 60.000000 22.000000
V 46.854720 471.052800 51.000000 30.000000
V 312.148800 299.332800 77.000000 30.000000
V 377.733600 256.953600 68.000000 30.000000
V 138.420000 496.368000 34.000000 30.000000
V 273.996000 242.157600 12.000000 12.000000
V 113.479200 427.010400 12.000000 12.000000
V 95.292000 244.872000 63.000000 34.000000
V 173.080800 268.495200 12.000000 12.000000
V 128.656800 59.748480 36.000000 30.000000
V 272.512800 382.831200 12.000000 12.000000
V 412.495200 208.972800 68.000000 30.000000
E 0 7
E 0 12
E 1 6
E 1 25
E 2 10
E 3 6
E 3 25
E 4 10
E 5 10
E 6 11
E 6 14
E 6 20
E 6 23
E 7 18
E 7 21
E 7 30
E 8 10
E 9 10
E 10 18
E 10 28
E 11 25
E 12 18
E 12 21
E 12 30
E 13 24
E 13 27
E 14 25
E 14 27
E 14 29
E 15 29
E 16 29
E 17 29
E 18 24
E 18 27
E 19 24
E 20 25
E 21 24
E 21 29
E 22 24
E 23 25
E 26 27
G R-HSA-75067.sbgn 18 25
V 307.202400 310.392000 122.000000 36.000000
V 497.952000 122.522400 107.000000 50.000000
V 58.640400 24.999840 115.000000 50.000000
V 17.500320 135.691200 35.000000 22.000000
V 372.240000 323.496000 54.000000 22.000000
V 424.461600 246.189600 134.000000 36.000000
V 255.218400 242.064000 124.000000 50.000000
V 349.322400 229.795200 10.000000 10.000000
V 434.700000 63.912240 121.000000 50.000000
V 357.062400 134.596800 111.000000 50.000000
V 234.079200 160.286400 10.000000 10.000000
V 315.388800 153.957600 32.000000 22.000000
V 416.880000 144.547200 10.000000 10.000000
V 396.165600 200.664000 29.000000 22.000000
V 430.992000 219.405600 32.000000 22.000000
V 89.150400 99.007200 10.000000 10.000000
V 351.230400 266.752800 10.000000 10.000000
V 163.663200 124.257600 124.000000 50.000000
E 0 7
E 0 16
E 1 12
E 2 15
E 3 15
E 4 7
E 4 16
E 5 7
E 5 12
E 5 16
E 6 10
E 6 16
E 7 9
E 7 11
E 7 13
E 7 14
E 8 12
E 10 11
E 10 17
E 11 12
E 12 13
E 12 14
E 13 16
E 14 16
E 15 17
G R-HSA-75072.sbgn 33 35
V 68.481360 121.903200 42.000000 30.000000
V 403.999200 242.172000 12.000000 12.000000
V 265.744800 86.580000 10.000000 10.000000
V 353.685600 838.224000 10.000000 10.000000
V 577.123200 416.174400 94.000000 22.000000
V 349.279200 915.048000 127.000000 36.000000
V 278.589600 694.159200 42.000000 30.000000
V 354.088800 375.220800 10.000000 10.000000
V 295.264800 535.471200 42.000000 30.000000
V 327.859200 452.462400 125.000000 36.000000
V 393.300000 769.464000 131.000000 36.000000
V 325.440000 764.928000 125.000000 36.000000
V 452.390400 703.785600 122.000000 50.000000
V 496.382400 426.412800 10.000000 10.000000
V 224.618400 1180.440000 120.000000 36.000000
V 425.080800 1036.584000 39.000000 22.000000
V 370.454400 608.601600 42.000000 30.000000
V 179.640000 231.796800 125.000000 36.000000
V 62.500320 190.656000 125.000000 50.000000
V 410.601600 441.331200 119.000000 22.000000
V 289.087200 11.000160 94.000000 22.000000
V 254.325600 1112.904000 12.000000 12.000000
V 296.272800 1050.048000 123.000000 22.000000
V 140.580000 158.263200 12.000000 12.000000
V 354.052800 994.032000 10.000000 10.000000
V 332.596800 292.039200 91.000000 22.000000
V 375.156000 522.727200 12.000000 12.000000
V 365.328000 692.308800 12.000000 12.000000
V 470.340000 193.622400 123.000000 36.000000
V 262.771200 240.494400 10.000000 10.000000
V 453.816000 539.049600 125.000000 50.000000
V 228.405600 162.086400 119.000000 22.000000
V 124.963200 76.701600 42.000000 30.000000
E 0 23
E 1 25
E 1 28
E 2 20
E 2 31
E 3 5
E 3 10
E 3 11
E 4 13
E 5 24
E 6 27
E 7 9
E 7 19
E 7 25
E 8 26
E 9 26
E 10 27
E 11 27
E 12 27
E 13 19
E 14 21
E 15 24
E 16 26
E 16 27
E 17 23
E 17 29
E 18 23
E 19 26
E 21 22
E 22 24
E 23 31
E 23 32
E 25 29
E 26 30
E 29 31
G R-HSA-75157.sbgn 15 14
V 293.421600 280.029600 114.000000 36.000000
V 392.911200 11.000160 87.000000 22.000000
V 329.342400 212.364000 10.000000 10.000000
V 272.080800 357.825600 10.000000 10.000000
V 124.416000 399.844800 10.000000 10.000000
V 57.000240 443.815200 114.000000 50.000000
V 228.319200 498.621600 10.000000 10.000000
V 416.757600 86.680800 10.000000 10.000000
V 372.232800 150.256800 114.000000 36.000000
V 347.500800 390.268800 40.000000 22.000000
V 63.766080 347.630400 112.000000 22.000000
V 208.440000 414.763200 114.000000 36.000000
V 287.323200 554.522400 114.000000 50.000000
V 189.770400 568.533600 101.000000 22.000000
V 495.770400 78.019200 29.000000 22.000000
E 0 2
E 0 3
E 1 7
E 2 8
E 3 9
E 3 11
E 4 5
E 4 10
E 4 11
E 6 11
E 6 12
E 6 13
E 7 8
E 7 14
G R-HSA-75158.sbgn 19 18
V 152.006400 164.865600 99.000000 35.000000
V 487.620000 643.046400 133.000000 54.000000
V 588.614400 362.167200 115.000000 20.000000
V 320.968800 500.320800 52.000000 22.000000
V 153.144000 18.499680 114.000000 37.000000
V 291.600000 336.225600 10.000000 10.000000
V 122.104800 91.641600 12.000000 12.000000
V 46.000080 67.535280 92.000000 21.000000
V 392.220000 461.793600 10.000000 10.000000
V 164.404800 244.648800 10.000000 10.000000
V 231.422400 288.086400 128.000000 36.000000
V 91.108800 283.176000 69.000000 24.000000
V 574.668000 602.380800 108.000000 20.000000
V 362.707200 538.992000 132.000000 29.000000
V 629.301600 443.340000 128.000000 50.000000
V 548.956800 431.661600 10.000000 10.000000
V 505.360800 562.701600 10.000000 10.000000
V 478.238400 479.793600 128.000000 36.000000
V 348.364800 390.477600 128.000000 47.000000
E 0 6
E 0 9
E 1 16
E 2 15
E 3 8
E 4 6
E 5 10
E 5 18
E 6 7
E 8 13
E 8 17
E 8 18
E 9 10
E 9 11
E 12 16
E 14 15
E 15 17
E 16 17
G R-HSA-75892.sbgn 27 28
V 141.076800 352.749600 12.000000 12.000000
V 60.500160 325.641600 121.000000 23.000000
V 193.687200 79.480800 91.000000 65.000000
V 338.227200 511.660800 89.000000 23.000000
V 177.048000 451.072800 10.000000 10.000000
V 490.968000 11.499840 31.000000 23.000000
V 549.777600 18.221760 31.000000 23.000000
V 754.344000 145.720800 88.000000 23.000000
V 281.116800 448.243200 10.000000 10.000000
V 257.875200 68.538960 128.000000 79.000000
V 104.961600 494.071200 122.000000 51.000000
V 607.730400 110.664000 133.000000 37.000000
V 446.983200 248.155200 121.000000 51.000000
V 339.242400 339.580800 131.000000 37.000000
V 224.769600 378.115200 128.000000 37.000000
V 688.564800 100.756800 10.000000 10.000000
V 244.929600 146.937600 10.000000 10.000000
V 272.764800 302.025600 10.000000 10.000000
V 389.361600 192.888000 10.000000 10.000000
V 102.974400 419.191200 128.000000 51.000000
V 163.432800 533.930400 122.000000 37.000000
V 164.361600 135.669600 52.000000 31.000000
V 234.331200 508.708800 123.000000 37.000000
V 456.868800 141.739200 121.000000 37.000000
V 302.068800 215.949600 124.000000 23.000000
V 737.208000 35.817840 33.000000 23.000000
V 523.965600 91.274400 10.000000 10.000000
E 0 1
E 0 14
E 0 19
E 2 16
E 3 8
E 4 10
E 4 14
E 4 19
E 4 20
E 4 22
E 5 26
E 6 26
E 7 15
E 8 14
E 8 22
E 9 16
E 11 15
E 11 26
E 12 18
E 13 17
E 14 17
E 15 25
E 16 21
E 16 24
E 17 24
E 18 23
E 18 24
E 23 26
G R-HSA-774815.sbgn 15 15
V 325.569600 161.755200 90.000000 38.000000
V 408.650400 309.456000 125.000000 50.000000
V 155.952000 271.252800 130.000000 68.000000
V 219.844800 328.780800 12.000000 12.000000
V 180.871200 127.692000 130.000000 53.000000
V 298.670400 295.963200 131.000000 71.000000
V 273.751200 26.500320 130.000000 53.000000
V 238.636800 409.312800 78.000000 38.000000
V 163.036800 386.812800 78.000000 38.000000
V 262.605600 106.178400 10.000000 10.000000
V 426.333600 185.428800 134.000000 84.000000
V 49.000320 177.300000 98.000000 61.000000
V 445.154400 252.050400 84.000000 38.000000
V 127.274400 192.484800 10.000000 10.000000
V 363.816000 239.421600 12.000000 12.000000
E 0 9
E 0 14
E 1 14
E 2 3
E 2 13
E 3 5
E 3 7
E 3 8
E 4 9
E 4 13
E 5 14
E 6 9
E 10 14
E 11 13
E 12 14
G R-HSA-880009.sbgn 18 23
V 28.000080 110.239200 56.000000 35.000000
V 298.936800 209.102400 40.000000 32.000000
V 112.010400 83.505600 12.000000 12.000000
V 62.779680 271.483200 60.000000 27.000000
V 110.217600 319.968000 58.000000 30.000000
V 143.251200 246.470400 12.000000 12.000000
V 99.950400 104.608800 12.000000 12.000000
V 44.390160 45.867600 47.000000 35.000000
V 265.478400 53.621280 41.000000 31.000000
V 179.373600 324.612000 37.000000 34.000000
V 160.466400 158.608800 35.000000 31.000000
V 184.363200 85.917600 36.000000 30.000000
V 329.104800 170.892000 40.000000 35.000000
V 100.771200 12.000240 86.000000 24.000000
V 221.479200 221.198400 51.000000 37.000000
V 331.639200 119.808000 37.000000 34.000000
V 307.944000 74.930400 67.000000 26.000000
V 250.646400 139.089600 12.000000 12.000000
E 0 2
E 0 6
E 1 17
E 2 7
E 2 10
E 2 11
E 2 13
E 3 5
E 4 5
E 5 9
E 5 10
E 5 14
E 6 7
E 6 10
E 6 11
E 6 13
E 8 17
E 10 17
E 11 17
E 12 17
E 14 17
E 15 17
E 16 17
G R-HSA-881907.sbgn 23 22
V 30.000240 139.082400 60.000000 23.000000
V 921.744000 238.140000 41.000000 30.000000
V 773.712000 182.052000 127.000000 36.000000
V 379.000800 281.736000 81.000000 38.000000
V 863.352000 275.364000 42.000000 30.000000
V 170.877600 102.470400 112.000000 42.000000
V 404.546400 123.825600 79.000000 34.000000
V 929.952000 158.594400 89.000000 22.000000
V 50.194800 22.093200 61.000000 30.000000
V 548.056800 225.021600 12.000000 12.000000
V 259.624800 11.000160 44.000000 22.000000
V 329.544000 258.724800 66.000000 42.000000
V 92.815200 90.079200 12.000000 12.000000
V 468.432000 204.818400 55.000000 45.000000
V 856.080000 191.059200 12.000000 12.000000
V 383.313600 198.309600 12.000000 12.000000
V 881.136000 109.569600 91.000000 22.000000
V 556.963200 308.930400 41.000000 22.000000
V 621.561600 188.604000 129.000000 36.000000
V 313.624800 147.916800 72.000000 44.000000
V 696.211200 155.541600 10.000000 10.000000
V 699.991200 72.043200 91.000000 22.000000
V 251.359200 94.024800 12.000000 12.000000
E 0 12
E 1 14
E 2 14
E 2 20
E 3 15
E 4 14
E 5 12
E 5 22
E 6 15
E 7 14
E 8 12
E 9 13
E 9 17
E 9 18
E 10 22
E 11 15
E 13 15
E 14 16
E 15 19
E 18 20
E 19 22
E 20 21
G R-HSA-8848584.sbgn 37 44
V 323.697600 501.350400 12.000000 12.000000
V 388.224000 102.988800 64.000000 30.000000
V 109.476000 166.802400 64.000000 30.000000
V 431.647200 179.013600 51.000000 22.000000
V 202.636800 135.021600 59.000000 30.000000
V 261.208800 573.883200 49.000000 30.000000
V 29.499840 792.144000 59.000000 30.000000
V 468.295200 97.228800 12.000000 12.000000
V 176.652000 87.847200 39.000000 22.000000
V 180.237600 215.575200 12.000000 12.000000
V 38.001600 737.784000 55.000000 22.000000
V 268.891200 235.094400 49.000000 30.000000
V 319.082400 99.144000 88.000000 30.000000
V 261.972000 503.769600 49.000000 30.000000
V 194.500800 186.552000 12.000000 12.000000
V 487.324800 14.999760 74.000000 30.000000
V 470.700000 568.828800 12.000000 12.000000
V 112.629600 774.792000 12.000000 12.000000
V 157.608000 262.015200 80.000000 30.000000
V 112.449600 207.172800 35.000000 30.000000
V 69.428880 842.256000 59.000000 30.000000
V 92.678400 258.991200 39.000000 22.000000
V 206.056800 636.588000 12.000000 12.000000
V 547.545600 86.940000 51.000000 30.000000
V 486.748800 650.390400 64.000000 30.000000
V 548.748000 539.085600 50.000000 30.000000
V 388.987200 552.326400 87.000000 36.000000
V 408.074400 513.777600 125.000000 58.000000
V 304.992000 410.896800 49.000000 30.000000
V 178.581600 826.776000 65.000000 30.000000
V 288.756000 325.152000 12.000000 12.000000
V 541.886400 606.967200 69.000000 30.000000
V 343.663200 179.373600 12.000000 12.000000
V 411.933600 146.239200 80.000000 30.000000
V 132.271200 856.872000 35.000000 30.000000
V 137.577600 138.722400 59.000000 30.000000
V 158.824800 702.864000 49.000000 30.000000
E 0 5
E 0 13
E 0 26
E 0 27
E 0 28
E 1 7
E 1 32
E 2 9
E 2 14
E 3 7
E 3 32
E 4 9
E 4 14
E 5 22
E 6 17
E 7 15
E 7 23
E 7 33
E 8 14
E 9 11
E 9 18
E 9 19
E 9 21
E 9 35
E 10 17
E 11 14
E 11 30
E 11 32
E 12 32
E 14 18
E 14 19
E 14 35
E 16 24
E 16 25
E 16 26
E 16 27
E 16 31
E 17 20
E 17 29
E 17 34
E 17 36
E 22 36
E 28 30
E 32 33
G R-HSA-8852135.sbgn 31 34
V 535.024800 259.495200 182.000000 22.000000
V 560.764800 140.256000 244.000000 24.000000
V 87.998400 139.075200 176.000000 26.000000
V 165.297600 168.710400 12.000000 12.000000
V 250.689600 161.064000 119.000000 22.000000
V 485.064000 66.731040 51.000000 27.000000
V 342.122400 13.185360 50.000000 24.000000
V 476.085600 148.363200 12.000000 12.000000
V 475.704000 334.548000 55.000000 28.000000
V 526.046400 75.283200 55.000000 24.000000
V 196.624800 77.133600 12.000000 12.000000
V 584.460000 291.628800 12.000000 12.000000
V 685.281600 152.186400 175.000000 24.000000
V 435.405600 355.975200 52.000000 22.000000
V 305.481600 38.317680 43.000000 24.000000
V 531.583200 207.172800 128.000000 21.000000
V 380.397600 36.725040 49.000000 27.000000
V 148.572000 10.000080 58.000000 20.000000
V 245.224800 110.548800 185.000000 23.000000
V 615.549600 201.664800 12.000000 12.000000
V 295.524000 303.739200 57.000000 25.000000
V 305.654400 220.600800 12.000000 12.000000
V 632.116800 359.352000 58.000000 20.000000
V 220.896000 228.852000 245.000000 22.000000
V 400.658400 329.450400 43.000000 24.000000
V 442.598400 262.756800 12.000000 12.000000
V 338.990400 106.704000 12.000000 12.000000
V 390.859200 184.521600 111.000000 37.000000
V 255.729600 291.967200 64.000000 22.000000
V 96.739200 220.075200 179.000000 34.000000
V 692.337600 233.316000 175.000000 37.000000
E 0 11
E 0 19
E 0 25
E 1 7
E 1 19
E 2 3
E 3 18
E 3 23
E 3 29
E 4 10
E 4 21
E 5 7
E 6 26
E 7 9
E 7 15
E 7 27
E 8 25
E 10 17
E 10 18
E 11 15
E 11 22
E 12 19
E 13 25
E 14 26
E 16 26
E 18 26
E 19 30
E 20 21
E 21 23
E 21 27
E 21 28
E 24 25
E 25 27
E 26 27
G R-HSA-8852405.sbgn 15 15
V 86.436000 14.999760 40.000000 30.000000
V 47.916720 167.248800 88.000000 44.000000
V 374.940000 175.032000 10.000000 10.000000
V 450.792000 195.040800 79.000000 22.000000
V 520.178400 298.159200 62.000000 22.000000
V 323.539200 112.140000 87.000000 22.000000
V 560.361600 135.266400 68.000000 22.000000
V 173.080800 117.050400 102.000000 36.000000
V 95.688000 98.337600 12.000000 12.000000
V 530.424000 214.221600 12.000000 12.000000
V 247.442400 139.240800 10.000000 10.000000
V 20.499840 79.999200 41.000000 30.000000
V 607.824000 190.267200 109.000000 22.000000
V 588.232800 270.648000 43.000000 30.000000
V 298.641600 201.967200 92.000000 34.000000
E 0 8
E 1 8
E 2 3
E 2 5
E 2 14
E 3 9
E 4 9
E 5 10
E 6 9
E 7 8
E 7 10
E 8 11
E 9 12
E 9 13
E 10 14
G R-HSA-8853383.sbgn 20 21
V 272.793600 176.392800 12.000000 12.000000
V 410.781600 261.504000 43.000000 30.000000
V 94.946400 105.717600 43.000000 30.000000
V 589.636800 309.499200 43.000000 30.000000
V 647.323200 260.388000 95.000000 22.000000
V 573.480000 92.736000 12.000000 12.000000
V 518.155200 158.191200 41.000000 30.000000
V 642.117600 49.413600 58.000000 30.000000
V 350.899200 177.069600 103.000000 40.000000
V 434.340000 181.324800 12.000000 12.000000
V 573.220800 226.555200 12.000000 12.000000
V 195.840000 182.498400 102.000000 45.000000
V 416.340000 101.678400 95.000000 22.000000
V 623.887200 158.817600 86.000000 30.000000
V 105.638400 273.369600 151.000000 82.000000
V 492.530400 240.724800 102.000000 30.000000
V 566.452800 11.000160 51.000000 22.000000
V 48.000240 234.590400 96.000000 22.000000
V 42.474960 153.367200 41.000000 30.000000
V 114.508800 188.755200 12.000000 12.000000
E 0 8
E 0 11
E 1 9
E 2 19
E 3 10
E 4 10
E 5 6
E 5 7
E 5 13
E 5 16
E 6 9
E 6 10
E 8 9
E 9 12
E 9 15
E 10 13
E 10 15
E 11 19
E 14 19
E 17 19
E 18 19
G R-HSA-8853659.sbgn 40 40
V 317.455200 206.697600 107.000000 49.000000
V 345.866400 31.433040 43.000000 23.000000
V 461.016000 141.379200 38.000000 30.000000
V 381.412800 352.180800 112.000000 22.000000
V 345.801600 370.936800 43.000000 22.000000
V 320.796000 123.948000 10.000000 10.000000
V 162.388800 150.544800 101.000000 26.000000
V 468.525600 202.730400 40.000000 30.000000
V 293.472000 32.500080 131.000000 65.000000
V 360.518400 265.053600 10.000000 10.000000
V 283.860000 130.356000 10.000000 10.000000
V 242.316000 170.848800 10.000000 10.000000
V 574.272000 151.012800 10.000000 10.000000
V 667.324800 285.040800 109.000000 51.000000
V 148.269600 419.162400 10.000000 10.000000
V 414.460800 211.147200 12.000000 12.000000
V 200.116800 348.861600 94.000000 22.000000
V 181.044000 496.576800 133.000000 70.000000
V 595.612800 367.732800 38.000000 30.000000
V 279.158400 382.190400 117.000000 50.000000
V 254.649600 271.684800 10.000000 10.000000
V 171.820800 283.356000 128.000000 56.000000
V 641.080800 340.992000 78.000000 60.000000
V 587.599200 280.072800 12.000000 12.000000
V 240.854400 209.498400 10.000000 10.000000
V 386.791200 50.757120 53.000000 23.000000
V 427.269600 82.144800 117.000000 50.000000
V 72.000000 446.702400 144.000000 67.000000
V 217.900800 59.955840 122.000000 37.000000
V 659.959200 229.118400 40.000000 30.000000
V 311.450400 293.234400 10.000000 10.000000
V 423.936000 321.264000 116.000000 62.000000
V 266.882400 40.299840 117.000000 50.000000
V 145.382400 171.813600 121.000000 62.000000
V 255.182400 465.948000 12.000000 12.000000
V 177.645600 99.086400 86.000000 29.000000
V 631.533600 87.789600 100.000000 47.000000
V 151.005600 228.729600 130.000000 50.000000
V 516.549600 227.131200 117.000000 36.000000
V 366.400800 146.779200 10.000000 10.000000
E 0 5
E 0 9
E 0 10
E 0 11
E 0 15
E 0 20
E 0 24
E 0 30
E 0 39
E 1 5
E 2 15
E 3 9
E 4 30
E 5 32
E 6 24
E 7 15
E 8 10
E 9 31
E 10 28
E 11 33
E 11 35
E 12 36
E 12 38
E 13 23
E 14 16
E 14 17
E 14 27
E 15 38
E 16 20
E 17 34
E 18 23
E 19 30
E 19 34
E 20 21
E 22 23
E 23 29
E 23 38
E 24 37
E 25 39
E 26 39
G R-HSA-8853884.sbgn 40 45
V 363.556800 289.015200 10.000000 10.000000
V 630.640800 575.668800 50.000000 22.000000
V 553.298400 552.441600 12.000000 12.000000
V 485.935200 508.586400 123.000000 41.000000
V 795.816000 133.855200 121.000000 78.000000
V 296.402400 331.214400 10.000000 10.000000
V 100.281600 182.354400 52.000000 23.000000
V 292.298400 522.720000 108.000000 36.000000
V 229.788000 492.307200 54.000000 51.000000
V 327.564000 129.952800 12.000000 12.000000
V 698.968800 57.610080 92.000000 23.000000
V 371.275200 372.096000 58.000000 22.000000
V 297.734400 54.237600 63.000000 24.000000
V 515.275200 473.853600 132.000000 36.000000
V 417.420000 500.738400 63.000000 26.000000
V 536.688000 308.678400 97.000000 51.000000
V 866.376000 95.594400 10.000000 10.000000
V 230.032800 582.098400 12.000000 12.000000
V 163.080000 234.280800 12.000000 12.000000
V 62.500320 523.036800 125.000000 36.000000
V 323.625600 211.140000 80.000000 51.000000
V 589.485600 244.872000 12.000000 12.000000
V 566.510400 635.623200 85.000000 51.000000
V 213.451200 302.716800 118.000000 22.000000
V 224.596800 665.733600 99.000000 36.000000
V 942.120000 120.412800 129.000000 47.000000
V 141.631200 492.890400 10.000000 10.000000
V 171.288000 642.787200 120.000000 22.000000
V 240.472800 262.562400 72.000000 51.000000
V 714.189600 140.241600 12.000000 12.000000
V 372.391200 202.190400 130.000000 26.000000
V 435.182400 434.779200 12.000000 12.000000
V 69.202800 453.772800 120.000000 37.000000
V 509.306400 263.455200 115.000000 36.000000
V 656.121600 197.992800 118.000000 38.000000
V 890.928000 18.000000 121.000000 36.000000
V 276.796800 653.356800 27.000000 22.000000
V 451.641600 328.766400 10.000000 10.000000
V 305.856000 439.898400 10.000000 10.000000
V 146.160000 572.212800 242.000000 28.000000
E 0 11
E 0 20
E 0 30
E 1 2
E 2 3
E 2 13
E 2 22
E 3 31
E 4 16
E 4 29
E 5 11
E 5 23
E 5 28
E 6 18
E 7 17
E 7 38
E 8 17
E 8 26
E 8 38
E 9 12
E 9 20
E 9 30
E 10 29
E 11 31
E 11 37
E 11 38
E 13 31
E 14 31
E 15 21
E 15 37
E 16 25
E 16 35
E 17 24
E 17 27
E 17 36
E 17 39
E 18 23
E 18 28
E 19 26
E 21 33
E 21 34
E 26 32
E 26 39
E 29 34
E 33 37
G R-HSA-8866376.sbgn 15 14
V 168.544800 534.902400 10.000000 10.000000
V 210.348000 602.820000 46.000000 22.000000
V 190.425600 44.249760 44.000000 23.000000
V 46.940400 127.058400 39.000000 30.000000
V 218.260800 230.666400 10.000000 10.000000
V 166.017600 167.882400 118.000000 36.000000
V 52.999920 55.638000 106.000000 49.000000
V 314.676000 407.995200 47.000000 22.000000
V 193.089600 459.640800 80.000000 22.000000
V 124.063200 95.961600 12.000000 12.000000
V 123.170400 14.999760 39.000000 30.000000
V 97.128000 569.584800 39.000000 22.000000
V 233.733600 390.016800 10.000000 10.000000
V 298.036800 205.668000 62.000000 22.000000
V 213.660000 311.752800 87.000000 36.000000
E 0 1
E 0 8
E 0 11
E 2 9
E 3 9
E 4 5
E 4 13
E 4 14
E 5 9
E 6 9
E 7 12
E 8 12
E 9 10
E 12 14
G R-HSA-8866654.sbgn 16 22
V 223.365600 189.518400 240.000000 21.000000
V 212.443200 34.374240 134.000000 26.000000
V 388.713600 140.868000 53.000000 22.000000
V 309.592800 189.842400 10.000000 10.000000
V 309.448800 257.097600 109.000000 20.000000
V 260.841600 116.092800 131.000000 38.000000
V 171.014400 121.226400 10.000000 10.000000
V 341.668800 171.813600 12.000000 12.000000
V 97.560000 110.116800 103.000000 25.000000
V 162.295200 29.894400 61.000000 23.000000
V 107.020800 12.000240 129.000000 24.000000
V 117.496800 160.632000 235.000000 34.000000
V 361.346400 243.979200 139.000000 24.000000
V 434.822400 181.677600 115.000000 24.000000
V 168.645600 84.456000 12.000000 12.000000
V 354.513600 106.120800 230.000000 31.000000
E 0 3
E 0 6
E 1 6
E 1 14
E 2 3
E 2 7
E 3 4
E 3 12
E 3 15
E 4 7
E 5 7
E 5 14
E 6 8
E 6 9
E 6 11
E 7 12
E 7 13
E 7 15
E 8 14
E 9 14
E 10 14
E 11 14
G R-HSA-8873719.sbgn 18 19
V 211.240800 243.604800 110.000000 58.000000
V 402.926400 393.285600 117.000000 22.000000
V 125.690400 143.424000 117.000000 36.000000
V 263.930400 127.944000 130.000000 36.000000
V 421.603200 309.960000 10.000000 10.000000
V 190.526400 92.959200 10.000000 10.000000
V 497.671200 270.518400 116.000000 36.000000
V 49.999680 197.488800 100.000000 36.000000
V 638.560800 315.208800 92.000000 36.000000
V 289.850400 208.116000 10.000000 10.000000
V 126.741600 229.269600 12.000000 12.000000
V 353.448000 263.152800 130.000000 36.000000
V 563.392800 313.286400 10.000000 10.000000
V 111.096000 311.443200 83.000000 41.000000
V 492.314400 346.507200 116.000000 22.000000
V 179.827200 13.999680 77.000000 28.000000
V 344.541600 146.030400 93.000000 22.000000
V 56.568240 269.971200 34.000000 31.000000
E 0 9
E 0 10
E 1 4
E 2 5
E 2 10
E 3 5
E 3 9
E 4 6
E 4 11
E 4 14
E 5 15
E 6 12
E 7 10
E 8 12
E 9 11
E 9 16
E 10 13
E 10 17
E 12 14
G R-HSA-8876198.sbgn 40 42
V 121.672800 303.076800 93.000000 39.000000
V 179.704800 21.389040 72.000000 22.000000
V 128.138400 259.783200 90.000000 33.000000
V 153.756000 329.436000 105.000000 36.000000
V 601.689600 401.853600 63.000000 25.000000
V 293.565600 280.202400 54.000000 33.000000
V 135.453600 99.712800 12.000000 12.000000
V 596.469600 356.990400 90.000000 33.000000
V 279.532800 508.075200 85.000000 25.000000
V 514.951200 385.293600 12.000000 12.000000
V 385.560000 292.636800 94.000000 33.000000
V 231.746400 208.864800 50.000000 38.000000
V 342.100800 110.469600 124.000000 36.000000
V 579.571200 438.508800 109.000000 36.000000
V 494.625600 566.258400 82.000000 22.000000
V 289.857600 184.852800 12.000000 12.000000
V 398.592000 406.677600 50.000000 38.000000
V 449.164800 563.112000 120.000000 36.000000
V 307.670400 581.774400 50.000000 38.000000
V 195.084000 166.881600 124.000000 22.000000
V 575.467200 316.540800 54.000000 33.000000
V 52.999920 86.968800 106.000000 36.000000
V 390.456000 585.676800 114.000000 36.000000
V 359.496000 146.620800 73.000000 24.000000
V 349.639200 597.974400 93.000000 34.000000
V 296.762400 109.432800 90.000000 39.000000
V 420.451200 299.030400 80.000000 22.000000
V 52.482240 133.956000 50.000000 38.000000
V 355.420800 509.148000 12.000000 12.000000
V 419.529600 427.471200 114.000000 30.000000
V 461.520000 483.120000 12.000000 12.000000
V 358.646400 350.560800 12.000000 12.000000
V 83.678400 40.765680 101.000000 34.000000
V 202.060800 264.319200 12.000000 12.000000
V 297.705600 384.854400 114.000000 36.000000
V 542.743200 492.242400 92.000000 35.000000
V 133.178400 16.500240 54.000000 33.000000
V 532.468800 536.702400 54.000000 33.000000
V 274.881600 550.454400 54.000000 33.000000
V 534.384000 309.542400 50.000000 38.000000
E 0 33
E 1 6
E 2 33
E 3 33
E 4 9
E 5 15
E 5 31
E 5 33
E 6 19
E 6 21
E 6 27
E 6 32
E 6 36
E 7 9
E 8 28
E 9 13
E 9 20
E 9 29
E 9 39
E 10 31
E 11 15
E 11 33
E 12 15
E 14 30
E 15 19
E 15 23
E 15 25
E 16 30
E 16 31
E 17 30
E 18 28
E 19 33
E 22 28
E 24 28
E 26 31
E 28 29
E 28 38
E 29 30
E 29 31
E 30 35
E 30 37
E 31 34
G R-HSA-8876725.sbgn 15 15
V 132.717600 207.691200 12.000000 12.000000
V 169.322400 283.759200 78.000000 30.000000
V 340.236000 77.256000 69.000000 30.000000
V 52.999920 220.946400 106.000000 36.000000
V 100.980000 282.823200 71.000000 23.000000
V 415.159200 107.762400 12.000000 12.000000
V 204.847200 36.710640 113.000000 36.000000
V 493.416000 107.121600 104.000000 36.000000
V 68.119200 152.128800 62.000000 29.000000
V 199.396800 156.024000 67.000000 22.000000
V 454.752000 31.767840 59.000000 20.000000
V 260.841600 96.170400 12.000000 12.000000
V 258.379200 10.000080 76.000000 20.000000
V 336.909600 135.640800 74.000000 31.000000
V 456.321600 181.778400 70.000000 21.000000
E 0 1
E 0 3
E 0 4
E 0 8
E 0 9
E 2 5
E 2 11
E 5 7
E 5 10
E 5 13
E 5 14
E 6 11
E 9 11
E 11 12
E 11 13
G R-HSA-8935690.sbgn 38 53
V 135.914400 367.308000 90.000000 22.000000
V 248.112000 100.980000 12.000000 12.000000
V 336.477600 151.099200 90.000000 22.000000
V 190.360800 290.174400 12.000000 12.000000
V 123.580800 303.350400 41.000000 30.000000
V 20.499840 208.857600 41.000000 30.000000
V 31.640400 154.310400 41.000000 30.000000
V 258.998400 14.999760 37.000000 30.000000
V 215.172000 21.775680 74.000000 22.000000
V 65.153520 154.310400 45.000000 30.000000
V 376.358400 182.498400 123.000000 36.000000
V 82.771200 75.931200 103.000000 44.000000
V 348.091200 445.276800 41.000000 30.000000
V 187.840800 262.375200 12.000000 12.000000
V 101.700000 269.236800 123.000000 36.000000
V 270.943200 397.245600 12.000000 12.000000
V 266.018400 246.772800 12.000000 12.000000
V 260.964000 313.574400 41.000000 30.000000
V 208.396800 189.324000 37.000000 30.000000
V 31.142880 261.748800 37.000000 30.000000
V 229.701600 475.293600 85.000000 37.000000
V 117.136800 41.281920 127.000000 64.000000
V 363.751200 307.058400 103.000000 30.000000
V 331.963200 59.711760 41.000000 30.000000
V 309.189600 458.316000 68.000000 31.000000
V 298.980000 239.076000 12.000000 12.000000
V 334.634400 198.525600 41.000000 30.000000
V 143.316000 206.172000 12.000000 12.000000
V 265.154400 220.536000 12.000000 12.000000
V 394.718400 225.720000 41.000000 30.000000
V 165.751200 114.206400 12.000000 12.000000
V 332.690400 374.515200 12.000000 12.000000
V 108.338400 201.225600 12.000000 12.000000
V 300.592800 31.798800 41.000000 30.000000
V 370.828800 250.430400 123.000000 36.000000
V 164.160000 26.493840 41.000000 30.000000
V 302.810400 312.825600 90.000000 30.000000
V 417.160800 404.920800 99.000000 36.000000
E 0 3
E 1 7
E 1 8
E 1 18
E 1 23
E 1 33
E 2 28
E 3 4
E 3 17
E 3 18
E 4 13
E 4 27
E 5 32
E 6 32
E 9 27
E 10 25
E 11 30
E 12 15
E 12 31
E 13 14
E 13 17
E 13 18
E 14 27
E 14 32
E 15 17
E 15 20
E 15 24
E 15 36
E 16 17
E 16 18
E 16 26
E 16 34
E 16 36
E 17 25
E 17 28
E 17 31
E 18 25
E 18 27
E 18 28
E 18 30
E 18 32
E 19 32
E 21 30
E 22 25
E 22 31
E 24 31
E 25 29
E 25 36
E 26 28
E 28 36
E 30 35
E 31 36
E 31 37
G R-HSA-8937144.sbgn 15 14
V 165.729600 130.478400 55.000000 29.000000
V 616.982400 349.711200 12.000000 12.000000
V 236.793600 18.000000 76.000000 36.000000
V 27.499680 89.510400 55.000000 22.000000
V 42.048720 206.920800 46.000000 37.000000
V 87.494400 142.012800 12.000000 12.000000
V 556.826400 301.017600 97.000000 50.000000
V 437.752800 68.935680 89.000000 38.000000
V 314.287200 132.415200 72.000000 22.000000
V 442.706400 202.996800 95.000000 52.000000
V 240.415200 100.605600 12.000000 12.000000
V 498.636000 253.843200 12.000000 12.000000
V 394.632000 139.550400 12.000000 12.000000
V 694.418400 332.640000 94.000000 50.000000
V 617.335200 428.968800 43.000000 30.000000
E 0 5
E 0 10
E 1 6
E 1 13
E 1 14
E 2 10
E 3 5
E 4 5
E 6 11
E 7 12
E 8 10
E 8 12
E 9 11
E 9 12
G R-HSA-8941413.sbgn 34 43
V 362.325600 20.165040 49.000000 30.000000
V 268.020000 234.021600 12.000000 12.000000
V 125.877600 292.953600 117.000000 22.000000
V 391.111200 475.329600 40.000000 30.000000
V 377.308800 263.037600 12.000000 12.000000
V 60.500160 137.592000 121.000000 22.000000
V 213.703200 455.306400 125.000000 22.000000
V 341.280000 177.444000 37.000000 30.000000
V 416.217600 14.999760 44.000000 30.000000
V 181.540800 233.992800 44.000000 30.000000
V 350.841600 78.264000 44.000000 30.000000
V 449.841600 319.060800 34.000000 30.000000
V 357.271200 393.782400 12.000000 12.000000
V 325.756800 463.572000 125.000000 22.000000
V 384.660000 166.939200 12.000000 12.000000
V 422.553600 179.971200 52.000000 30.000000
V 155.599200 376.711200 113.000000 22.000000
V 304.020000 318.355200 49.000000 30.000000
V 421.869600 252.792000 44.000000 30.000000
V 298.094400 181.749600 52.000000 30.000000
V 278.740800 400.305600 12.000000 12.000000
V 457.286400 226.188000 102.000000 22.000000
V 468.079200 38.424960 34.000000 30.000000
V 20.286720 258.588000 37.000000 30.000000
V 21.283920 189.302400 34.000000 30.000000
V 434.210400 436.212000 121.000000 22.000000
V 611.265600 191.584800 80.000000 22.000000
V 410.882400 98.632800 12.000000 12.000000
V 219.974400 164.260800 97.000000 30.000000
V 503.618400 106.898400 106.000000 50.000000
V 264.924000 486.777600 40.000000 30.000000
V 531.590400 184.276800 12.000000 12.000000
V 211.226400 313.336800 12.000000 12.000000
V 95.392800 216.576000 12.000000 12.000000
E 0 27
E 1 7
E 1 9
E 1 17
E 1 19
E 1 28
E 2 32
E 2 33
E 3 12
E 4 7
E 4 11
E 4 15
E 4 17
E 4 18
E 4 21
E 5 33
E 6 20
E 7 14
E 7 27
E 8 27
E 9 32
E 9 33
E 10 14
E 12 13
E 12 17
E 12 25
E 13 20
E 14 15
E 14 18
E 14 19
E 14 21
E 15 27
E 16 32
E 17 20
E 17 32
E 20 30
E 21 31
E 22 27
E 23 33
E 24 33
E 26 31
E 27 29
E 29 31
G R-HSA-8949215.sbgn 18 21
V 208.461600 189.590400 67.000000 45.000000
V 227.880000 356.097600 73.000000 35.000000
V 358.977600 126.259200 72.000000 36.000000
V 220.212000 275.306400 12.000000 12.000000
V 383.083200 194.781600 47.000000 32.000000
V 129.434400 232.610400 46.000000 32.000000
V 22.000320 195.832800 44.000000 30.000000
V 352.346400 262.706400 44.000000 31.000000
V 105.206400 117.583200 71.000000 45.000000
V 178.812000 54.990720 45.000000 33.000000
V 104.947200 198.309600 12.000000 12.000000
V 172.173600 148.564800 12.000000 12.000000
V 249.163200 211.406400 63.000000 36.000000
V 304.538400 190.188000 12.000000 12.000000
V 207.122400 100.094400 12.000000 12.000000
V 106.120800 79.653600 65.000000 27.000000
V 237.304800 15.500160 74.000000 31.000000
V 57.203280 274.701600 61.000000 34.000000
E 0 3
E 0 10
E 0 11
E 0 13
E 0 14
E 1 3
E 2 13
E 3 12
E 4 13
E 5 10
E 5 11
E 6 10
E 7 13
E 8 10
E 8 14
E 9 11
E 10 17
E 11 12
E 11 15
E 12 13
E 14 16
G R-HSA-8949664.sbgn 17 18
V 345.708000 53.451360 62.000000 52.000000
V 293.392800 228.535200 97.000000 50.000000
V 315.021600 133.761600 12.000000 12.000000
V 231.084000 123.472800 51.000000 22.000000
V 261.784800 197.445600 12.000000 12.000000
V 112.399200 168.998400 59.000000 22.000000
V 74.160000 127.029600 36.000000 22.000000
V 432.979200 204.681600 10.000000 10.000000
V 76.500000 61.854480 153.000000 27.000000
V 177.739200 11.000160 46.000000 22.000000
V 120.657600 13.690800 44.000000 22.000000
V 150.854400 92.145600 10.000000 10.000000
V 499.111200 242.964000 78.000000 27.000000
V 557.272800 289.152000 12.000000 12.000000
V 605.138400 345.016800 66.000000 52.000000
V 399.463200 133.617600 121.000000 51.000000
V 352.720800 200.613600 117.000000 33.000000
E 0 2
E 1 2
E 2 3
E 2 15
E 2 16
E 3 4
E 3 11
E 4 16
E 5 11
E 6 11
E 7 12
E 7 15
E 7 16
E 8 11
E 9 11
E 10 11
E 12 13
E 13 14
G R-HSA-8955332.sbgn 26 38
V 181.785600 284.270400 40.000000 30.000000
V 224.143200 209.750400 12.000000 12.000000
V 280.836000 156.988800 50.000000 30.000000
V 342.532800 255.484800 105.000000 36.000000
V 50.294880 257.932800 35.000000 30.000000
V 44.500320 207.014400 89.000000 36.000000
V 254.534400 505.339200 12.000000 12.000000
V 322.696800 549.741600 41.000000 30.000000
V 248.616000 11.000160 40.000000 22.000000
V 335.260800 43.286400 43.000000 30.000000
V 68.733360 160.214400 96.000000 36.000000
V 187.711200 455.414400 98.000000 38.000000
V 204.825600 155.800800 81.000000 19.000000
V 265.989600 420.480000 47.000000 30.000000
V 226.807200 583.279200 123.000000 22.000000
V 186.148800 371.592000 12.000000 12.000000
V 267.508800 91.108800 12.000000 12.000000
V 126.705600 226.584000 12.000000 12.000000
V 157.737600 124.228800 44.000000 22.000000
V 118.051200 423.705600 40.000000 30.000000
V 97.941600 387.856800 31.000000 22.000000
V 172.792800 196.768800 40.000000 30.000000
V 257.097600 233.589600 12.000000 12.000000
V 229.608000 435.801600 87.000000 53.000000
V 305.316000 171.943200 113.000000 36.000000
V 202.197600 287.416800 27.000000 30.000000
E 0 1
E 0 15
E 0 17
E 0 22
E 1 2
E 1 12
E 1 18
E 1 21
E 1 24
E 1 25
E 2 16
E 2 22
E 3 22
E 4 17
E 5 17
E 6 7
E 6 11
E 6 13
E 6 14
E 6 23
E 8 16
E 9 16
E 10 17
E 11 15
E 12 16
E 12 17
E 12 22
E 13 15
E 15 19
E 15 20
E 15 23
E 15 25
E 16 24
E 17 21
E 17 25
E 21 22
E 22 24
E 22 25
G R-HSA-8956321.sbgn 25 28
V 140.932800 265.874400 53.000000 38.000000
V 151.840800 16.500240 69.000000 33.000000
V 71.472960 37.347120 67.000000 30.000000
V 119.325600 96.991200 12.000000 12.000000
V 321.904800 345.700800 12.000000 12.000000
V 143.294400 175.032000 34.000000 31.000000
V 365.724000 278.481600 32.000000 30.000000
V 396.655200 305.870400 71.000000 39.000000
V 214.221600 214.891200 12.000000 12.000000
V 428.104800 476.964000 12.000000 12.000000
V 520.430400 451.440000 32.000000 30.000000
V 474.552000 529.142400 61.000000 35.000000
V 504.799200 480.196800 43.000000 31.000000
V 544.377600 539.798400 12.000000 12.000000
V 454.636800 560.872800 90.000000 31.000000
V 266.558400 279.525600 44.000000 30.000000
V 190.072800 137.023200 48.000000 30.000000
V 33.999840 112.132800 68.000000 22.000000
V 246.988800 380.203200 56.000000 31.000000
V 272.512800 413.193600 43.000000 31.000000
V 571.312800 617.040000 68.000000 31.000000
V 278.107200 152.719200 40.000000 30.000000
V 626.191200 534.391200 92.000000 50.000000
V 378.072000 410.342400 37.000000 31.000000
V 366.076800 543.333600 85.000000 53.000000
E 0 8
E 1 3
E 2 3
E 3 5
E 3 16
E 3 17
E 4 6
E 4 7
E 4 15
E 4 18
E 4 19
E 4 23
E 5 8
E 8 15
E 8 16
E 8 21
E 9 10
E 9 11
E 9 12
E 9 14
E 9 23
E 9 24
E 10 13
E 11 13
E 12 13
E 13 14
E 13 20
E 13 22
G R-HSA-8985947.sbgn 31 32
V 31.057200 690.436800 34.000000 22.000000
V 18.499680 594.914400 37.000000 22.000000
V 217.000800 587.109600 26.000000 22.000000
V 319.867200 291.816000 40.000000 30.000000
V 356.803200 474.235200 12.000000 12.000000
V 553.809600 249.559200 12.000000 12.000000
V 514.368000 108.072000 127.000000 78.000000
V 447.948000 965.880000 94.000000 22.000000
V 317.736000 550.670400 129.000000 36.000000
V 599.176800 14.999760 40.000000 30.000000
V 455.068800 165.758400 10.000000 10.000000
V 261.597600 831.888000 43.000000 22.000000
V 596.455200 96.645600 12.000000 12.000000
V 431.251200 506.455200 41.000000 30.000000
V 329.479200 780.984000 10.000000 10.000000
V 406.548000 817.272000 37.000000 22.000000
V 601.120800 179.820000 127.000000 92.000000
V 397.569600 103.140000 45.000000 22.000000
V 399.758400 310.197600 12.000000 12.000000
V 349.351200 857.952000 126.000000 22.000000
V 88.984800 635.407200 10.000000 10.000000
V 340.790400 251.056800 41.000000 30.000000
V 388.195200 394.984800 128.000000 50.000000
V 306.093600 700.617600 75.000000 22.000000
V 267.948000 624.722400 10.000000 10.000000
V 466.876800 254.160000 127.000000 50.000000
V 675.043200 75.060000 41.000000 30.000000
V 173.678400 636.127200 66.000000 22.000000
V 284.299200 441.828000 40.000000 30.000000
V 625.989600 289.108800 119.000000 64.000000
V 416.455200 896.688000 10.000000 10.000000
E 0 20
E 1 20
E 2 24
E 3 18
E 4 8
E 4 13
E 4 22
E 4 28
E 5 16
E 5 25
E 5 29
E 6 10
E 6 12
E 7 30
E 8 24
E 9 12
E 10 17
E 10 25
E 11 14
E 12 16
E 12 26
E 14 15
E 14 19
E 14 23
E 15 30
E 18 21
E 18 22
E 18 25
E 19 30
E 20 27
E 23 24
E 24 27
G R-HSA-9027604.sbgn 26 27
V 136.476000 513.964800 54.000000 35.000000
V 493.927200 278.618400 82.000000 30.000000
V 102.852000 296.769600 12.000000 12.000000
V 132.998400 378.612000 50.000000 30.000000
V 572.140800 344.340000 59.000000 30.000000
V 556.934400 437.954400 35.000000 30.000000
V 341.323200 14.999760 43.000000 30.000000
V 179.812800 147.355200 12.000000 12.000000
V 340.970400 98.107200 12.000000 12.000000
V 335.116800 418.140000 48.000000 22.000000
V 558.828000 133.776000 76.000000 30.000000
V 492.415200 189.360000 12.000000 12.000000
V 575.704800 185.407200 82.000000 30.000000
V 584.359200 393.098400 57.000000 22.000000
V 21.499920 293.724000 43.000000 30.000000
V 415.353600 142.819200 76.000000 30.000000
V 347.911200 468.828000 12.000000 12.000000
V 500.349600 370.000800 12.000000 12.000000
V 266.148000 494.755200 34.000000 30.000000
V 507.312000 112.924800 74.000000 23.000000
V 508.838400 447.199200 59.000000 30.000000
V 126.662400 212.918400 45.000000 30.000000
V 423.770400 416.664000 60.000000 30.000000
V 263.484000 443.548800 38.000000 30.000000
V 255.844800 111.484800 75.000000 30.000000
V 186.710400 449.121600 12.000000 12.000000
E 0 25
E 1 11
E 1 17
E 2 3
E 2 14
E 2 21
E 3 25
E 4 17
E 5 17
E 6 8
E 7 21
E 7 24
E 8 15
E 8 24
E 9 16
E 10 11
E 11 12
E 11 15
E 11 19
E 13 17
E 16 18
E 16 22
E 16 23
E 17 20
E 17 22
E 18 25
E 23 25
G R-HSA-9033500.sbgn 35 34
V 133.192800 50.797440 119.000000 24.000000
V 418.752000 248.853600 116.000000 23.000000
V 174.873600 46.572480 105.000000 24.000000
V 398.656800 170.488800 91.000000 26.000000
V 402.249600 289.634400 46.000000 35.000000
V 256.233600 364.867200 112.000000 27.000000
V 213.076800 32.384880 46.000000 23.000000
V 258.458400 105.530400 12.000000 12.000000
V 354.412800 73.252800 94.000000 23.000000
V 293.241600 19.738800 50.000000 31.000000
V 249.811200 12.499920 94.000000 25.000000
V 68.969520 239.817600 43.000000 30.000000
V 322.243200 151.315200 12.000000 12.000000
V 324.144000 47.398320 87.000000 25.000000
V 365.472000 310.341600 100.000000 23.000000
V 93.340800 162.943200 137.000000 25.000000
V 416.311200 206.791200 50.000000 26.000000
V 245.354400 194.824800 73.000000 27.000000
V 103.197600 83.030400 48.000000 31.000000
V 98.582400 270.396000 121.000000 24.000000
V 138.657600 342.583200 51.000000 26.000000
V 119.455200 305.373600 92.000000 27.000000
V 302.040000 365.421600 43.000000 30.000000
V 337.780800 337.082400 118.000000 28.000000
V 157.708800 208.000800 12.000000 12.000000
V 394.358400 88.682400 56.000000 24.000000
V 200.743200 274.341600 12.000000 12.000000
V 177.256800 365.464800 51.000000 30.000000
V 329.212800 231.674400 12.000000 12.000000
V 181.317600 131.371200 12.000000 12.000000
V 218.995200 357.804000 99.000000 28.000000
V 416.448000 130.262400 48.000000 31.000000
V 61.999920 193.528800 124.000000 25.000000
V 91.447200 123.199200 57.000000 24.000000
V 271.641600 274.528800 12.000000 12.000000
E 0 29
E 1 28
E 2 29
E 3 12
E 4 28
E 5 34
E 6 7
E 7 9
E 7 10
E 7 13
E 7 17
E 8 12
E 11 24
E 12 17
E 12 25
E 12 31
E 14 28
E 15 24
E 16 28
E 17 24
E 17 26
E 17 28
E 17 29
E 17 34
E 18 29
E 19 24
E 20 26
E 21 26
E 22 34
E 23 34
E 24 32
E 26 27
E 26 30
E 29 33
G R-HSA-917729.sbgn 22 23
V 52.500240 94.528800 105.000000 36.000000
V 552.974400 421.423200 51.000000 22.000000
V 133.401600 92.412000 12.000000 12.000000
V 367.797600 261.324000 12.000000 12.000000
V 126.662400 11.000160 61.000000 22.000000
V 421.970400 457.876800 51.000000 22.000000
V 467.654400 412.754400 12.000000 12.000000
V 550.699200 378.720000 41.000000 30.000000
V 280.389600 255.391200 59.000000 22.000000
V 524.440800 344.498400 40.000000 30.000000
V 479.196000 349.113600 51.000000 22.000000
V 240.192000 185.227200 12.000000 12.000000
V 319.831200 198.828000 103.000000 36.000000
V 536.119200 461.880000 51.000000 22.000000
V 456.148800 501.825600 115.000000 64.000000
V 425.678400 192.556800 62.000000 22.000000
V 213.408000 108.108000 100.000000 36.000000
V 160.473600 170.553600 56.000000 22.000000
V 388.504800 418.428000 51.000000 22.000000
V 395.668800 480.657600 64.000000 22.000000
V 501.076800 489.816000 27.000000 30.000000
V 407.584800 337.176000 106.000000 36.000000
E 0 2
E 1 6
E 2 4
E 2 16
E 2 17
E 3 8
E 3 12
E 3 15
E 3 21
E 5 6
E 6 7
E 6 9
E 6 10
E 6 13
E 6 14
E 6 18
E 6 19
E 6 20
E 6 21
E 8 11
E 11 12
E 11 16
E 11 17
G R-HSA-927802.sbgn 27 31
V 135.028800 318.240000 99.000000 38.000000
V 224.092800 27.743040 61.000000 24.000000
V 466.315200 68.171040 39.000000 29.000000
V 388.857600 93.333600 12.000000 12.000000
V 250.113600 186.825600 59.000000 26.000000
V 436.564800 323.532000 289.000000 45.000000
V 416.260800 14.500080 40.000000 29.000000
V 461.512800 270.230400 191.000000 27.000000
V 116.280000 284.666400 101.000000 29.000000
V 198.367200 257.810400 12.000000 12.000000
V 173.592000 33.640560 57.000000 27.000000
V 70.396560 151.293600 12.000000 12.000000
V 410.212800 179.020800 260.000000 29.000000
V 379.368000 263.656800 10.000000 10.000000
V 124.502400 85.269600 249.000000 44.000000
V 107.762400 228.945600 170.000000 31.000000
V 302.328000 77.904000 334.000000 29.000000
V 277.740000 467.388000 290.000000 50.000000
V 171.756000 335.268000 107.000000 26.000000
V 213.976800 324.187200 201.000000 28.000000
V 291.844800 297.057600 101.000000 21.000000
V 194.760000 183.729600 57.000000 24.000000
V 358.790400 447.739200 185.000000 39.000000
V 225.021600 186.602400 126.000000 41.000000
V 214.984800 107.100000 12.000000 12.000000
V 168.588000 175.291200 66.000000 26.000000
V 305.359200 387.036000 10.000000 10.000000
E 0 9
E 1 24
E 2 3
E 3 6
E 3 12
E 3 16
E 4 9
E 4 24
E 5 13
E 7 13
E 8 9
E 9 15
E 9 18
E 9 19
E 9 20
E 9 21
E 9 23
E 9 25
E 10 24
E 11 14
E 11 15
E 12 13
E 13 20
E 14 24
E 16 24
E 17 26
E 20 26
E 21 24
E 22 26
E 23 24
E 24 25
G R-HSA-9603798.sbgn 16 20
V 208.195200 84.067200 10.000000 10.000000
V 283.284000 256.680000 10.000000 10.000000
V 317.908800 224.798400 55.000000 27.000000
V 154.425600 283.946400 137.000000 26.000000
V 142.466400 34.913520 54.000000 28.000000
V 381.448800 94.932000 144.000000 29.000000
V 234.165600 290.340000 10.000000 10.000000
V 343.612800 12.649680 10.000000 10.000000
V 258.962400 13.000320 98.000000 26.000000
V 313.711200 148.060800 10.000000 10.000000
V 154.576800 202.996800 10.000000 10.000000
V 73.497600 200.966400 147.000000 43.000000
V 234.446400 170.186400 66.000000 34.000000
V 270.072000 339.753600 169.000000 27.000000
V 364.492800 300.477600 150.000000 41.000000
V 337.269600 78.271200 61.000000 30.000000
E 0 4
E 0 8
E 0 12
E 1 2
E 1 12
E 1 13
E 1 14
E 2 6
E 2 9
E 3 6
E 3 10
E 5 7
E 5 9
E 6 13
E 7 8
E 7 15
E 9 12
E 9 15
E 10 11
E 10 12
G R-HSA-9609523.sbgn 24 29
V 172.022400 343.548000 141.000000 38.000000
V 279.460800 11.499840 210.000000 23.000000
V 91.584000 279.072000 156.000000 38.000000
V 268.581600 268.617600 10.000000 10.000000
V 89.928000 223.704000 26.000000 30.000000
V 267.998400 91.728000 10.000000 10.000000
V 142.048800 121.320000 10.000000 10.000000
V 354.506400 213.148800 10.000000 10.000000
V 192.520800 143.560800 103.000000 25.000000
V 433.504800 186.832800 245.000000 43.000000
V 199.605600 292.766400 214.000000 38.000000
V 206.366400 188.755200 232.000000 26.000000
V 443.851200 419.040000 162.000000 35.000000
V 372.038400 381.434400 10.000000 10.000000
V 302.680800 445.622400 173.000000 38.000000
V 266.392800 217.958400 132.000000 24.000000
V 455.119200 363.218400 42.000000 30.000000
V 349.826400 294.134400 133.000000 24.000000
V 347.047200 127.908000 295.000000 29.000000
V 223.696800 416.138400 10.000000 10.000000
V 397.915200 461.455200 40.000000 30.000000
V 302.940000 411.364800 93.000000 26.000000
V 83.498400 69.644160 167.000000 29.000000
V 171.000000 241.560000 12.000000 12.000000
E 0 19
E 0 23
E 1 5
E 2 23
E 3 10
E 3 11
E 3 15
E 3 17
E 4 23
E 5 8
E 5 18
E 6 8
E 6 11
E 6 22
E 7 9
E 7 15
E 7 17
E 7 18
E 8 23
E 10 23
E 12 13
E 13 14
E 13 16
E 13 17
E 13 20
E 13 21
E 14 19
E 15 23
E 19 21
G R-HSA-9613354.sbgn 16 16
V 348.703200 406.180800 134.000000 37.000000
V 499.320000 426.967200 41.000000 30.000000
V 370.504800 91.684800 12.000000 12.000000
V 130.320000 438.321600 10.000000 10.000000
V 280.828800 283.852800 104.000000 22.000000
V 439.228800 465.883200 168.000000 42.000000
V 105.724800 514.180800 110.000000 22.000000
V 509.133600 355.399200 40.000000 30.000000
V 362.858400 166.658400 111.000000 36.000000
V 56.000160 409.291200 112.000000 50.000000
V 273.772800 367.934400 10.000000 10.000000
V 368.258400 18.000000 99.000000 36.000000
V 355.752000 246.103200 12.000000 12.000000
V 421.192800 298.454400 126.000000 36.000000
V 201.859200 404.474400 128.000000 36.000000
V 430.862400 383.191200 12.000000 12.000000
E 0 10
E 0 15
E 1 15
E 2 8
E 2 11
E 3 6
E 3 9
E 3 14
E 4 10
E 4 12
E 5 15
E 7 15
E 8 12
E 10 14
E 12 13
E 13 15
G R-HSA-9614085.sbgn 39 43
V 101.613600 107.604000 12.000000 12.000000
V 590.572800 270.525600 59.000000 36.000000
V 318.672000 424.332000 49.000000 18.000000
V 283.903200 508.284000 12.000000 12.000000
V 1068.768000 279.100800 45.000000 27.000000
V 670.514400 280.864800 12.000000 12.000000
V 914.328000 317.325600 10.000000 10.000000
V 1001.736000 322.228800 12.000000 12.000000
V 267.991200 116.892000 63.000000 30.000000
V 348.400800 550.641600 43.000000 24.000000
V 295.092000 153.367200 57.000000 34.000000
V 62.289360 37.694160 56.000000 30.000000
V 310.456800 589.478400 238.000000 23.000000
V 153.172800 174.362400 52.000000 22.000000
V 821.088000 311.601600 12.000000 12.000000
V 121.586400 21.000240 100.000000 42.000000
V 865.368000 248.061600 53.000000 22.000000
V 252.720000 586.188000 43.000000 22.000000
V 184.737600 255.088800 63.000000 30.000000
V 208.476000 548.654400 93.000000 33.000000
V 206.827200 494.791200 47.000000 22.000000
V 294.487200 267.876000 41.000000 25.000000
V 973.800000 380.188800 51.000000 22.000000
V 520.934400 314.258400 12.000000 12.000000
V 28.744560 156.801600 46.000000 27.000000
V 674.308800 191.872800 91.000000 27.000000
V 906.624000 332.524800 199.000000 29.000000
V 750.384000 269.812800 63.000000 30.000000
V 600.681600 332.496000 257.000000 41.000000
V 437.961600 326.210400 136.000000 36.000000
V 740.232000 330.595200 63.000000 30.000000
V 1025.280000 237.319200 46.000000 27.000000
V 179.733600 133.812000 255.000000 34.000000
V 22.500000 95.652000 45.000000 27.000000
V 846.504000 384.249600 67.000000 34.000000
V 236.275200 197.625600 12.000000 12.000000
V 1075.752000 351.907200 42.000000 22.000000
V 1038.312000 409.838400 100.000000 42.000000
V 350.100000 338.817600 12.000000 12.000000
E 0 11
E 0 13
E 0 15
E 0 24
E 0 32
E 0 33
E 1 5
E 1 23
E 2 3
E 2 38
E 3 9
E 3 12
E 3 17
E 3 19
E 3 20
E 4 7
E 5 25
E 5 27
E 5 28
E 5 30
E 6 16
E 6 22
E 6 34
E 7 22
E 7 26
E 7 31
E 7 36
E 7 37
E 8 35
E 10 35
E 13 35
E 14 16
E 14 26
E 14 27
E 14 30
E 14 34
E 18 35
E 21 35
E 21 38
E 23 28
E 23 29
E 29 38
E 32 35
G R-HSA-9614657.sbgn 22 24
V 45.499680 11.000160 91.000000 22.000000
V 204.408000 246.988800 68.000000 47.000000
V 164.325600 179.524800 10.000000 10.000000
V 547.617600 540.100800 48.000000 51.000000
V 677.966400 613.612800 63.000000 36.000000
V 88.545600 150.883200 148.000000 35.000000
V 239.486400 319.917600 10.000000 10.000000
V 416.707200 333.568800 62.000000 22.000000
V 529.264800 456.624000 12.000000 12.000000
V 321.400800 335.491200 149.000000 50.000000
V 584.532000 390.132000 39.000000 22.000000
V 193.456800 391.320000 133.000000 36.000000
V 622.915200 562.514400 10.000000 10.000000
V 166.593600 98.668800 76.000000 51.000000
V 602.172000 487.058400 71.000000 50.000000
V 227.138400 468.943200 10.000000 10.000000
V 152.690400 502.444800 45.000000 23.000000
V 213.890400 549.381600 56.000000 39.000000
V 312.271200 464.709600 78.000000 51.000000
V 448.812000 437.227200 47.000000 22.000000
V 91.468800 70.801200 12.000000 12.000000
V 372.600000 402.436800 12.000000 12.000000
E 0 20
E 1 2
E 1 6
E 2 5
E 2 13
E 3 8
E 3 12
E 4 12
E 5 20
E 6 9
E 6 11
E 7 21
E 8 10
E 8 14
E 8 19
E 9 21
E 11 15
E 12 14
E 13 20
E 15 16
E 15 17
E 15 18
E 18 21
E 19 21
G R-HSA-9617828.sbgn 34 39
V 165.909600 496.836000 10.000000 10.000000
V 162.727200 583.012800 73.000000 51.000000
V 693.360000 159.408000 12.000000 12.000000
V 287.251200 157.197600 120.000000 36.000000
V 596.282400 294.638400 12.000000 12.000000
V 40.000320 676.123200 80.000000 34.000000
V 284.313600 78.400800 12.000000 12.000000
V 581.652000 429.516000 10.000000 10.000000
V 289.540800 292.924800 12.000000 12.000000
V 775.440000 163.792800 141.000000 27.000000
V 89.892000 454.564800 52.000000 22.000000
V 636.400800 368.049600 155.000000 52.000000
V 664.732800 238.723200 124.000000 38.000000
V 448.848000 328.046400 10.000000 10.000000
V 334.353600 465.523200 145.000000 36.000000
V 644.436000 484.646400 49.000000 22.000000
V 513.748800 274.644000 144.000000 39.000000
V 701.136000 624.132000 110.000000 68.000000
V 226.656000 236.196000 58.000000 22.000000
V 750.312000 241.041600 10.000000 10.000000
V 308.757600 395.611200 10.000000 10.000000
V 244.360800 11.000160 40.000000 22.000000
V 359.517600 316.152000 141.000000 22.000000
V 706.564800 79.761600 68.000000 23.000000
V 92.764800 621.583200 12.000000 12.000000
V 342.640800 137.556000 72.000000 51.000000
V 828.864000 261.756000 46.000000 22.000000
V 102.628800 544.305600 194.000000 34.000000
V 532.656000 357.465600 63.000000 51.000000
V 235.951200 448.322400 108.000000 37.000000
V 211.312800 301.118400 90.000000 51.000000
V 654.904800 562.053600 10.000000 10.000000
V 344.390400 223.401600 10.000000 10.000000
V 590.169600 512.848800 159.000000 33.000000
E 0 1
E 0 10
E 0 27
E 0 29
E 1 24
E 2 9
E 2 12
E 2 23
E 3 6
E 3 32
E 4 11
E 4 12
E 4 16
E 4 28
E 5 24
E 6 21
E 6 25
E 7 11
E 7 15
E 7 28
E 7 33
E 8 18
E 8 22
E 8 30
E 9 19
E 12 19
E 13 16
E 13 22
E 13 28
E 14 20
E 15 31
E 17 31
E 19 26
E 20 22
E 20 29
E 22 32
E 24 27
E 25 32
E 31 33
G R-HSA-9634285.sbgn 17 16
V 239.659200 190.641600 40.000000 30.000000
V 116.978400 317.080800 10.000000 10.000000
V 193.744800 291.326400 127.000000 54.000000
V 111.060000 401.356800 42.000000 22.000000
V 475.668000 297.374400 64.000000 35.000000
V 349.315200 241.862400 100.000000 79.000000
V 490.860000 32.462640 43.000000 19.000000
V 615.204000 82.404000 38.000000 48.000000
V 60.309360 254.534400 56.000000 22.000000
V 271.641600 267.552000 12.000000 12.000000
V 537.105600 102.290400 12.000000 12.000000
V 43.999920 342.244800 88.000000 43.000000
V 604.490400 153.640800 36.000000 18.000000
V 477.727200 160.574400 130.000000 78.000000
V 293.162400 348.904800 42.000000 30.000000
V 429.487200 226.958400 10.000000 10.000000
V 560.059200 23.999760 41.000000 48.000000
E 0 9
E 1 2
E 1 3
E 1 8
E 1 11
E 2 9
E 4 15
E 5 9
E 5 15
E 6 10
E 7 10
E 9 14
E 10 12
E 10 13
E 10 16
E 13 15
G R-HSA-9634597.sbgn 39 38
V 379.188000 485.625600 121.000000 51.000000
V 618.595200 957.312000 12.000000 12.000000
V 447.271200 698.803200 12.000000 12.000000
V 655.984800 1036.512000 112.000000 51.000000
V 672.004800 215.164800 133.000000 37.000000
V 210.355200 974.880000 62.000000 23.000000
V 58.500000 978.840000 117.000000 65.000000
V 358.128000 1024.200000 121.000000 23.000000
V 456.883200 782.424000 100.000000 23.000000
V 540.727200 92.044800 12.000000 12.000000
V 566.589600 314.258400 90.000000 37.000000
V 384.170400 532.641600 125.000000 51.000000
V 725.040000 1170.936000 124.000000 51.000000
V 549.648000 18.499680 111.000000 37.000000
V 132.710400 1007.136000 10.000000 10.000000
V 543.916800 911.952000 118.000000 65.000000
V 653.882400 405.007200 86.000000 23.000000
V 305.870400 976.248000 12.000000 12.000000
V 591.811200 237.902400 12.000000 12.000000
V 255.204000 1012.176000 40.000000 23.000000
V 453.844800 867.816000 10.000000 10.000000
V 554.457600 166.622400 128.000000 23.000000
V 519.566400 461.181600 48.000000 31.000000
V 479.296800 910.584000 82.000000 23.000000
V 718.588800 1091.664000 10.000000 10.000000
V 427.622400 466.164000 40.000000 31.000000
V 680.126400 900.792000 42.000000 31.000000
V 570.736800 396.050400 10.000000 10.000000
V 800.352000 1097.568000 47.000000 31.000000
V 535.716000 544.068000 34.000000 31.000000
V 333.280800 1064.376000 101.000000 23.000000
V 92.599200 1079.280000 113.000000 51.000000
V 260.380800 915.264000 40.000000 31.000000
V 367.084800 686.880000 115.000000 37.000000
V 692.690400 954.288000 41.000000 31.000000
V 464.580000 616.989600 111.000000 37.000000
V 375.616800 918.144000 105.000000 37.000000
V 284.299200 1060.272000 41.000000 31.000000
V 461.592000 529.048800 12.000000 12.000000
E 0 38
E 1 3
E 1 15
E 1 26
E 1 34
E 2 8
E 2 33
E 2 35
E 3 24
E 4 18
E 5 14
E 5 17
E 6 14
E 7 17
E 8 20
E 9 13
E 9 21
E 10 18
E 10 27
E 11 38
E 12 24
E 14 31
E 15 20
E 16 27
E 17 19
E 17 30
E 17 32
E 17 36
E 17 37
E 18 21
E 20 23
E 20 36
E 22 27
E 22 38
E 24 28
E 25 38
E 29 38
E 35 38
G R-HSA-9635486.sbgn 20 19
V 465.508800 289.857600 101.000000 22.000000
V 539.366400 202.665600 43.000000 30.000000
V 101.858400 57.324240 31.000000 30.000000
V 43.164000 175.212000 61.000000 30.000000
V 88.740000 222.156000 113.000000 36.000000
V 367.855200 347.241600 128.000000 22.000000
V 401.097600 94.485600 10.000000 10.000000
V 287.092800 150.372000 10.000000 10.000000
V 513.439200 148.399200 31.000000 30.000000
V 465.206400 39.076560 113.000000 36.000000
V 394.610400 11.000160 113.000000 22.000000
V 117.388800 141.940800 12.000000 12.000000
V 456.112800 207.878400 12.000000 12.000000
V 371.080800 179.272800 53.000000 22.000000
V 518.637600 263.995200 48.000000 22.000000
V 277.675200 69.917040 38.000000 22.000000
V 201.744000 151.473600 83.000000 22.000000
V 49.000320 99.136800 98.000000 22.000000
V 346.039200 264.117600 10.000000 10.000000
V 296.272800 328.536000 83.000000 22.000000
E 0 12
E 1 12
E 2 11
E 3 11
E 4 11
E 5 18
E 6 9
E 6 10
E 6 13
E 7 13
E 7 15
E 7 16
E 8 12
E 11 16
E 11 17
E 12 13
E 12 14
E 13 18
E 18 19
G R-HSA-9638482.sbgn 40 41
V 239.198400 336.708000 42.000000 35.000000
V 576.856800 346.363200 86.000000 31.000000
V 446.472000 577.310400 25.000000 25.000000
V 195.127200 167.032800 41.000000 34.000000
V 519.609600 190.324800 88.000000 27.000000
V 26.644320 124.228800 46.000000 31.000000
V 257.954400 16.999920 40.000000 34.000000
V 114.228000 35.614080 32.000000 23.000000
V 655.905600 237.974400 101.000000 223.000000
V 574.113600 259.034400 12.000000 12.000000
V 179.834400 266.882400 12.000000 12.000000
V 202.881600 357.458400 41.000000 27.000000
V 521.359200 48.022560 30.000000 25.000000
V 260.006400 416.584800 10.000000 10.000000
V 645.220800 446.774400 29.000000 23.000000
V 71.833680 40.795920 31.000000 31.000000
V 229.579200 271.008000 39.000000 31.000000
V 613.252800 499.082400 43.000000 31.000000
V 42.522480 165.420000 39.000000 31.000000
V 255.916800 133.149600 57.000000 31.000000
V 480.045600 28.885680 58.000000 26.000000
V 233.560800 50.520240 31.000000 31.000000
V 378.194400 113.522400 76.000000 33.000000
V 324.820800 469.965600 42.000000 34.000000
V 537.998400 94.989600 27.000000 25.000000
V 109.296000 261.230400 23.000000 19.000000
V 485.618400 479.260800 47.000000 31.000000
V 40.500000 77.875200 81.000000 31.000000
V 466.416000 115.574400 12.000000 12.000000
V 111.600000 118.843200 12.000000 12.000000
V 400.550400 513.741600 12.000000 12.000000
V 326.440800 48.954240 44.000000 28.000000
V 299.224800 16.552080 39.000000 28.000000
V 98.229600 302.256000 55.000000 23.000000
V 128.440800 330.184800 38.000000 31.000000
V 562.744800 433.756800 12.000000 12.000000
V 395.611200 597.945600 76.000000 232.000000
V 318.456000 151.027200 54.000000 31.000000
V 282.384000 101.865600 12.000000 12.000000
V 346.672800 580.442400 25.000000 25.000000
E 0 10
E 0 13
E 1 9
E 1 35
E 2 30
E 3 10
E 3 29
E 3 38
E 4 9
E 4 28
E 5 29
E 6 38
E 7 29
E 8 9
E 10 11
E 10 16
E 10 25
E 10 33
E 10 34
E 11 13
E 12 28
E 13 23
E 14 35
E 15 29
E 17 35
E 18 29
E 19 38
E 20 28
E 21 38
E 22 28
E 22 38
E 23 30
E 24 28
E 26 30
E 26 35
E 27 29
E 30 36
E 30 39
E 31 38
E 32 38
E 37 38
G R-HSA-9638737.sbgn 23 26
V 482.040000 17.449200 70.000000 23.000000
V 160.063200 116.121600 70.000000 39.000000
V 36.000000 20.499840 72.000000 41.000000
V 37.976400 333.576000 72.000000 33.000000
V 120.009600 147.319200 106.000000 231.000000
V 157.665600 420.465600 72.000000 41.000000
V 140.853600 262.173600 31.000000 31.000000
V 498.895200 103.039200 10.000000 10.000000
V 124.927200 341.395200 12.000000 12.000000
V 414.086400 98.683200 97.000000 41.000000
V 112.521600 486.079200 12.000000 12.000000
V 90.604800 75.074400 12.000000 12.000000
V 575.647200 78.127200 50.000000 31.000000
V 87.746400 412.243200 117.000000 233.000000
V 433.555200 157.312800 53.000000 31.000000
V 353.260800 151.516800 10.000000 10.000000
V 98.841600 560.433600 69.000000 37.000000
V 275.911200 176.011200 86.000000 42.000000
V 186.436800 282.873600 31.000000 31.000000
V 536.594400 181.173600 63.000000 31.000000
V 574.581600 140.666400 31.000000 31.000000
V 537.177600 28.239120 48.000000 31.000000
V 191.318400 195.688800 12.000000 12.000000
E 0 7
E 1 11
E 1 22
E 2 11
E 3 8
E 4 11
E 4 22
E 5 8
E 5 10
E 6 8
E 6 22
E 7 9
E 7 12
E 7 14
E 7 19
E 7 20
E 7 21
E 8 13
E 8 18
E 9 15
E 10 13
E 10 16
E 14 15
E 15 17
E 17 22
E 18 22
G R-HSA-9645460.sbgn 30 32
V 212.716800 612.864000 40.000000 30.000000
V 1010.880000 93.816000 38.000000 30.000000
V 394.747200 587.268000 10.000000 10.000000
V 459.511200 549.568800 131.000000 36.000000
V 957.384000 340.084800 73.000000 22.000000
V 788.544000 388.267200 12.000000 12.000000
V 142.401600 778.248000 10.000000 10.000000
V 990.000000 272.534400 111.000000 36.000000
V 847.656000 331.956000 131.000000 64.000000
V 949.896000 34.591680 39.000000 30.000000
V 606.326400 518.356800 131.000000 50.000000
V 331.948800 629.863200 131.000000 36.000000
V 849.888000 448.250400 25.000000 22.000000
V 642.333600 445.168800 10.000000 10.000000
V 129.859200 858.600000 124.000000 22.000000
V 868.392000 50.999760 130.000000 102.000000
V 99.619200 931.968000 10.000000 10.000000
V 267.861600 677.534400 12.000000 12.000000
V 68.109840 740.448000 75.000000 24.000000
V 927.648000 109.332000 12.000000 12.000000
V 904.104000 188.445600 124.000000 102.000000
V 207.100800 730.512000 131.000000 36.000000
V 316.058400 745.272000 41.000000 30.000000
V 525.751200 511.315200 10.000000 10.000000
V 711.727200 408.981600 131.000000 50.000000
V 561.434400 438.688800 47.000000 22.000000
V 126.410400 1006.992000 94.000000 30.000000
V 22.999680 954.576000 46.000000 22.000000
V 906.912000 396.640800 10.000000 10.000000
V 906.696000 272.196000 10.000000 10.000000
E 0 17
E 1 19
E 2 3
E 2 11
E 3 23
E 4 28
E 4 29
E 5 8
E 5 12
E 5 24
E 6 14
E 6 18
E 6 21
E 7 29
E 8 28
E 8 29
E 9 19
E 10 13
E 10 23
E 11 17
E 12 28
E 13 24
E 13 25
E 14 16
E 15 19
E 16 26
E 16 27
E 17 21
E 17 22
E 19 20
E 20 29
E 23 25
G R-HSA-9646399.sbgn 37 38
V 322.423200 784.368000 10.000000 10.000000
V 1224.360000 93.441600 10.000000 10.000000
V 228.880800 851.832000 140.000000 70.000000
V 355.773600 642.304800 10.000000 10.000000
V 813.672000 280.000800 10.000000 10.000000
V 480.744000 312.314400 133.000000 38.000000
V 877.896000 240.768000 187.000000 40.000000
V 1008.576000 166.183200 174.000000 38.000000
V 1297.800000 127.058400 121.000000 36.000000
V 400.730400 486.734400 10.000000 10.000000
V 631.843200 225.201600 122.000000 40.000000
V 526.132800 384.883200 10.000000 10.000000
V 1147.896000 118.864800 168.000000 37.000000
V 373.838400 718.012800 114.000000 36.000000
V 604.411200 363.045600 125.000000 40.000000
V 741.168000 304.070400 186.000000 42.000000
V 388.036800 569.260800 128.000000 51.000000
V 267.076800 767.304000 10.000000 10.000000
V 284.925600 678.499200 130.000000 66.000000
V 106.696800 888.192000 194.000000 67.000000
V 322.416000 456.681600 87.000000 36.000000
V 1042.848000 31.933440 138.000000 38.000000
V 124.106400 807.480000 10.000000 10.000000
V 1426.392000 198.878400 84.000000 22.000000
V 176.803200 914.472000 12.000000 12.000000
V 1236.888000 11.000160 104.000000 22.000000
V 315.302400 841.104000 87.000000 36.000000
V 211.543200 784.872000 184.000000 78.000000
V 355.255200 418.132800 91.000000 22.000000
V 1436.976000 84.679200 104.000000 37.000000
V 1376.568000 137.217600 10.000000 10.000000
V 388.360800 851.184000 161.000000 70.000000
V 45.000000 787.824000 90.000000 22.000000
V 477.468000 450.806400 135.000000 63.000000
V 660.816000 304.480800 10.000000 10.000000
V 1066.968000 112.024800 10.000000 10.000000
V 944.928000 207.352800 12.000000 12.000000
E 0 13
E 0 26
E 0 27
E 0 31
E 1 8
E 1 12
E 1 25
E 2 17
E 2 24
E 3 13
E 3 16
E 3 18
E 4 6
E 4 15
E 5 11
E 6 36
E 7 35
E 7 36
E 8 30
E 9 16
E 9 20
E 9 28
E 9 33
E 10 34
E 11 14
E 11 33
E 12 35
E 14 34
E 15 34
E 17 18
E 17 26
E 19 22
E 19 24
E 21 35
E 22 27
E 22 32
E 23 30
E 29 30
G R-HSA-9648002.sbgn 28 33
V 25.999920 361.915200 52.000000 22.000000
V 327.592800 103.514400 40.000000 30.000000
V 340.898400 187.394400 12.000000 12.000000
V 589.168800 266.709600 54.000000 26.000000
V 644.860800 157.118400 10.000000 10.000000
V 434.520000 105.559200 12.000000 12.000000
V 435.571200 20.000160 93.000000 40.000000
V 675.878400 238.953600 118.000000 49.000000
V 173.930400 356.450400 120.000000 36.000000
V 397.886400 283.672800 10.000000 10.000000
V 428.817600 194.536800 123.000000 33.000000
V 101.815200 389.181600 10.000000 10.000000
V 565.617600 130.341600 124.000000 50.000000
V 579.794400 404.107200 124.000000 36.000000
V 314.762400 273.384000 108.000000 45.000000
V 282.024000 126.043200 41.000000 30.000000
V 766.296000 264.016800 87.000000 41.000000
V 265.867200 179.733600 82.000000 32.000000
V 573.516000 164.059200 67.000000 22.000000
V 75.571200 464.947200 106.000000 50.000000
V 425.484000 368.827200 107.000000 55.000000
V 697.881600 362.649600 96.000000 38.000000
V 470.354400 269.805600 96.000000 44.000000
V 244.231200 319.881600 12.000000 12.000000
V 625.384800 328.644000 10.000000 10.000000
V 517.968000 208.411200 12.000000 12.000000
V 495.835200 418.262400 12.000000 12.000000
V 683.359200 287.028000 10.000000 10.000000
E 0 11
E 1 2
E 2 10
E 2 14
E 2 15
E 2 17
E 3 24
E 3 25
E 3 27
E 4 7
E 4 12
E 4 18
E 5 6
E 5 10
E 7 24
E 8 11
E 8 23
E 9 10
E 9 14
E 9 20
E 9 22
E 10 25
E 11 19
E 12 25
E 13 24
E 13 26
E 14 23
E 16 27
E 18 25
E 20 26
E 21 24
E 21 27
E 22 25
G R-HSA-9649948.sbgn 33 33
V 260.215200 47.805840 75.000000 32.000000
V 353.613600 40.395600 62.000000 48.000000
V 481.730400 551.037600 10.000000 10.000000
V 122.817600 101.512800 10.000000 10.000000
V 492.048000 173.937600 40.000000 30.000000
V 680.695200 519.998400 137.000000 64.000000
V 96.789600 19.785600 76.000000 38.000000
V 580.903200 329.299200 49.000000 22.000000
V 542.520000 317.988000 125.000000 50.000000
V 719.510400 641.131200 40.000000 30.000000
V 513.028800 376.840800 10.000000 10.000000
V 600.004800 399.744000 98.000000 61.000000
V 472.723200 629.899200 151.000000 45.000000
V 743.112000 373.917600 40.000000 30.000000
V 562.716000 588.715200 137.000000 62.000000
V 457.473600 301.636800 120.000000 64.000000
V 418.629600 223.509600 12.000000 12.000000
V 351.324000 265.370400 86.000000 46.000000
V 205.531200 119.685600 97.000000 78.000000
V 655.106400 682.992000 38.000000 30.000000
V 46.887840 84.456000 54.000000 26.000000
V 445.039200 396.792000 157.000000 64.000000
V 760.464000 433.821600 40.000000 30.000000
V 680.061600 432.028800 12.000000 12.000000
V 648.266400 600.422400 12.000000 12.000000
V 454.744800 154.440000 38.000000 30.000000
V 348.811200 171.525600 146.000000 70.000000
V 399.456000 562.420800 125.000000 50.000000
V 309.996000 18.000000 131.000000 36.000000
V 63.499680 160.790400 127.000000 54.000000
V 420.429600 610.444800 91.000000 35.000000
V 295.444800 105.883200 12.000000 12.000000
V 487.562400 463.298400 129.000000 22.000000
E 0 31
E 1 31
E 2 12
E 2 14
E 2 27
E 2 30
E 2 32
E 3 6
E 3 18
E 3 20
E 3 29
E 4 16
E 5 23
E 5 24
E 7 10
E 8 10
E 9 24
E 10 11
E 10 15
E 10 21
E 10 32
E 11 23
E 13 23
E 14 24
E 15 16
E 16 17
E 16 25
E 16 26
E 18 31
E 19 24
E 22 23
E 26 31
E 28 31
G R-HSA-9656223.sbgn 26 26
V 166.068000 493.135200 40.000000 30.000000
V 269.136000 421.005600 120.000000 64.000000
V 378.108000 96.753600 12.000000 12.000000
V 137.944800 150.962400 40.000000 30.000000
V 240.472800 247.161600 98.000000 61.000000
V 138.542400 707.126400 131.000000 36.000000
V 277.430400 329.464800 10.000000 10.000000
V 322.120800 539.287200 86.000000 46.000000
V 221.515200 163.101600 12.000000 12.000000
V 418.716000 172.922400 137.000000 62.000000
V 48.499920 637.257600 97.000000 78.000000
V 192.204000 315.007200 49.000000 22.000000
V 486.165600 324.972000 125.000000 50.000000
V 441.100800 43.138080 38.000000 30.000000
V 244.368000 505.072800 12.000000 12.000000
V 175.320000 96.314400 40.000000 30.000000
V 518.205600 279.360000 91.000000 35.000000
V 128.908800 627.372000 10.000000 10.000000
V 218.829600 353.728800 125.000000 50.000000
V 435.520800 260.114400 10.000000 10.000000
V 370.101600 14.999760 40.000000 30.000000
V 506.714400 222.609600 151.000000 45.000000
V 283.060800 574.617600 38.000000 30.000000
V 361.454400 307.850400 129.000000 22.000000
V 185.853600 569.066400 146.000000 70.000000
V 293.400000 113.738400 137.000000 64.000000
E 0 14
E 1 6
E 1 14
E 2 9
E 2 13
E 2 20
E 2 25
E 3 8
E 4 6
E 4 8
E 5 17
E 6 11
E 6 18
E 6 23
E 7 14
E 8 15
E 8 25
E 9 19
E 10 17
E 12 19
E 14 22
E 14 24
E 16 19
E 17 24
E 19 21
E 19 23
G R-HSA-9662360.sbgn 32 36
V 112.694400 477.676800 77.000000 41.000000
V 276.904800 49.395600 57.000000 44.000000
V 413.784000 123.566400 101.000000 44.000000
V 193.910400 328.809600 70.000000 42.000000
V 421.855200 260.848800 116.000000 64.000000
V 449.964000 145.958400 114.000000 26.000000
V 248.025600 28.674720 70.000000 44.000000
V 350.784000 347.702400 59.000000 27.000000
V 293.997600 107.424000 12.000000 12.000000
V 343.353600 305.251200 70.000000 44.000000
V 43.500240 405.921600 87.000000 52.000000
V 190.699200 235.332000 12.000000 12.000000
V 140.076000 272.844000 169.000000 56.000000
V 102.708000 247.917600 62.000000 40.000000
V 276.480000 287.704800 12.000000 12.000000
V 459.381600 190.468800 138.000000 54.000000
V 181.188000 415.015200 12.000000 12.000000
V 272.678400 355.788000 64.000000 29.000000
V 134.812800 182.959200 63.000000 30.000000
V 225.662400 56.250720 66.000000 46.000000
V 160.272000 476.035200 62.000000 40.000000
V 161.906400 42.855840 147.000000 47.000000
V 276.141600 193.910400 74.000000 48.000000
V 366.264000 61.706160 64.000000 42.000000
V 313.963200 371.484000 86.000000 48.000000
V 226.202400 115.668000 12.000000 12.000000
V 374.198400 193.766400 12.000000 12.000000
V 141.962400 88.509600 68.000000 46.000000
V 335.124000 21.000240 80.000000 42.000000
V 454.593600 235.303200 70.000000 38.000000
V 127.411200 386.172000 12.000000 12.000000
V 99.439200 204.724800 70.000000 44.000000
E 0 16
E 1 8
E 1 25
E 2 26
E 3 11
E 3 14
E 3 16
E 3 30
E 4 26
E 5 26
E 6 8
E 6 25
E 7 14
E 8 19
E 8 22
E 8 23
E 8 28
E 9 14
E 10 30
E 11 12
E 11 13
E 11 18
E 11 22
E 11 31
E 14 17
E 14 22
E 14 24
E 15 26
E 16 20
E 19 25
E 20 30
E 21 25
E 22 25
E 22 26
E 25 27
E 26 29
G R-HSA-9662361.sbgn 30 32
V 80.488800 416.541600 47.000000 48.000000
V 278.431200 430.884000 12.000000 12.000000
V 66.457440 368.913600 64.000000 44.000000
V 119.059200 440.078400 63.000000 50.000000
V 541.612800 478.087200 96.000000 32.000000
V 244.123200 80.553600 10.000000 10.000000
V 175.924800 207.216000 64.000000 44.000000
V 414.237600 315.252000 146.000000 30.000000
V 291.139200 14.999760 140.000000 30.000000
V 116.596800 293.284800 58.000000 46.000000
V 535.687200 414.748800 94.000000 70.000000
V 318.981600 622.771200 94.000000 42.000000
V 367.747200 450.180000 64.000000 42.000000
V 335.721600 363.672000 12.000000 12.000000
V 338.947200 537.307200 12.000000 12.000000
V 380.455200 286.106400 332.000000 43.000000
V 378.057600 522.424800 12.000000 12.000000
V 150.199200 363.427200 12.000000 12.000000
V 243.151200 347.630400 64.000000 50.000000
V 462.319200 461.124000 12.000000 12.000000
V 334.728000 298.432800 60.000000 44.000000
V 237.607200 253.080000 12.000000 12.000000
V 218.066400 490.327200 78.000000 42.000000
V 288.072000 510.271200 60.000000 44.000000
V 405.849600 606.211200 78.000000 41.000000
V 76.500000 319.255200 153.000000 44.000000
V 253.180800 163.821600 140.000000 42.000000
V 506.865600 534.175200 88.000000 44.000000
V 184.593600 23.840640 62.000000 36.000000
V 403.934400 359.827200 64.000000 44.000000
E 0 17
E 1 12
E 1 18
E 1 22
E 1 23
E 2 17
E 3 17
E 4 19
E 5 8
E 5 26
E 5 28
E 6 21
E 7 13
E 9 17
E 10 19
E 11 14
E 12 13
E 12 14
E 12 16
E 12 19
E 13 15
E 13 18
E 13 20
E 13 29
E 14 23
E 16 23
E 16 24
E 17 18
E 17 25
E 18 21
E 19 27
E 21 26
G R-HSA-9664424.sbgn 25 26
V 279.273600 246.168000 10.000000 10.000000
V 320.148000 396.828000 63.000000 24.000000
V 211.860000 34.063200 47.000000 22.000000
V 141.235200 535.327200 10.000000 10.000000
V 222.674400 316.101600 46.000000 22.000000
V 58.377600 300.679200 78.000000 51.000000
V 273.261600 86.680800 10.000000 10.000000
V 301.392000 11.000160 69.000000 22.000000
V 162.928800 762.120000 40.000000 30.000000
V 363.312000 235.339200 137.000000 22.000000
V 83.685600 231.415200 94.000000 22.000000
V 215.308800 491.220000 43.000000 22.000000
V 176.896800 685.958400 12.000000 12.000000
V 478.987200 171.576000 128.000000 36.000000
V 268.977600 564.681600 10.000000 10.000000
V 246.780000 644.457600 79.000000 26.000000
V 443.289600 96.818400 128.000000 36.000000
V 130.665600 618.660000 33.000000 22.000000
V 58.999680 535.428000 118.000000 22.000000
V 139.500000 290.318400 12.000000 12.000000
V 239.796000 404.978400 10.000000 10.000000
V 307.598400 164.318400 83.000000 35.000000
V 395.913600 161.676000 12.000000 12.000000
V 346.924800 598.125600 115.000000 36.000000
V 307.836000 439.970400 90.000000 23.000000
E 0 4
E 0 9
E 0 21
E 1 20
E 2 6
E 3 11
E 3 17
E 3 18
E 4 19
E 4 20
E 5 19
E 6 7
E 6 21
E 8 12
E 9 22
E 10 19
E 11 14
E 11 20
E 12 15
E 12 17
E 13 22
E 14 15
E 14 23
E 16 22
E 20 24
E 21 22
G R-HSA-9664565.sbgn 20 23
V 520.063200 105.285600 141.000000 39.000000
V 547.574400 270.064800 12.000000 12.000000
V 431.150400 108.122400 10.000000 10.000000
V 177.379200 351.590400 127.000000 54.000000
V 533.973600 198.741600 41.000000 48.000000
V 376.394400 174.888000 64.000000 35.000000
V 405.237600 31.999680 104.000000 64.000000
V 320.047200 313.257600 100.000000 79.000000
V 260.006400 370.929600 12.000000 12.000000
V 623.743200 200.397600 43.000000 19.000000
V 96.616800 355.226400 10.000000 10.000000
V 467.085600 293.544000 130.000000 78.000000
V 587.916000 160.077600 12.000000 12.000000
V 613.108800 233.834400 36.000000 18.000000
V 299.347200 446.659200 42.000000 30.000000
V 385.020000 262.188000 10.000000 10.000000
V 35.976240 303.494400 42.000000 22.000000
V 607.262400 269.668800 38.000000 48.000000
V 43.999920 416.232000 88.000000 43.000000
V 237.304800 446.544000 40.000000 30.000000
E 0 2
E 0 12
E 1 4
E 1 9
E 1 11
E 1 13
E 1 17
E 2 5
E 2 6
E 3 8
E 3 10
E 4 12
E 5 15
E 7 8
E 7 15
E 8 14
E 8 19
E 9 12
E 10 16
E 10 18
E 11 15
E 12 13
E 12 17
G R-HSA-9664873.sbgn 38 39
V 458.409600 544.982400 12.000000 12.000000
V 520.617600 491.126400 57.000000 35.000000
V 409.276800 727.992000 165.000000 31.000000
V 351.158400 895.104000 154.000000 52.000000
V 497.836800 699.998400 10.000000 10.000000
V 328.471200 1214.496000 115.000000 58.000000
V 46.000080 54.553680 92.000000 22.000000
V 625.953600 1041.840000 130.000000 22.000000
V 148.651200 153.266400 126.000000 22.000000
V 367.819200 650.930400 10.000000 10.000000
V 266.205600 888.048000 10.000000 10.000000
V 224.445600 370.562400 10.000000 10.000000
V 311.155200 504.928800 12.000000 12.000000
V 289.864800 318.448800 96.000000 30.000000
V 457.401600 831.888000 120.000000 24.000000
V 582.818400 706.521600 46.000000 22.000000
V 159.609600 11.000160 96.000000 22.000000
V 210.996000 1165.752000 96.000000 22.000000
V 368.006400 563.292000 130.000000 37.000000
V 142.747200 392.241600 122.000000 36.000000
V 191.779200 855.792000 153.000000 81.000000
V 264.513600 441.165600 111.000000 50.000000
V 191.217600 298.108800 105.000000 53.000000
V 584.604000 1117.656000 154.000000 65.000000
V 465.141600 1010.376000 142.000000 69.000000
V 173.289600 223.855200 12.000000 12.000000
V 428.500800 608.256000 40.000000 26.000000
V 380.253600 982.728000 10.000000 10.000000
V 544.176000 1046.520000 10.000000 10.000000
V 249.321600 1092.384000 12.000000 12.000000
V 509.371200 615.211200 112.000000 36.000000
V 385.128000 812.520000 10.000000 10.000000
V 166.953600 1100.808000 109.000000 25.000000
V 121.240800 81.144000 10.000000 10.000000
V 330.926400 1058.688000 135.000000 38.000000
V 411.307200 1200.168000 130.000000 22.000000
V 191.440800 920.016000 130.000000 22.000000
V 359.150400 1138.248000 10.000000 10.000000
E 0 1
E 0 18
E 0 26
E 0 30
E 2 4
E 2 9
E 2 31
E 3 10
E 3 27
E 3 31
E 4 15
E 4 30
E 5 37
E 6 33
E 7 28
E 8 25
E 8 33
E 9 18
E 9 26
E 10 20
E 10 36
E 11 13
E 11 19
E 11 21
E 11 22
E 12 18
E 12 21
E 14 31
E 16 33
E 17 29
E 22 25
E 23 28
E 24 27
E 24 28
E 27 34
E 29 32
E 29 34
E 34 37
E 35 37
G R-HSA-9665348.sbgn 38 42
V 528.984000 51.194880 38.000000 23.000000
V 770.832000 465.789600 40.000000 27.000000
V 43.999920 780.264000 88.000000 43.000000
V 347.011200 715.960800 100.000000 79.000000
V 562.550400 772.848000 36.000000 18.000000
V 470.952000 784.224000 130.000000 78.000000
V 564.739200 479.923200 10.000000 10.000000
V 618.508800 844.560000 38.000000 48.000000
V 216.489600 681.019200 42.000000 30.000000
V 568.706400 331.236000 96.000000 50.000000
V 647.013600 813.672000 41.000000 48.000000
V 553.413600 248.688000 10.000000 10.000000
V 606.052800 90.957600 12.000000 12.000000
V 691.394400 82.468800 81.000000 30.000000
V 543.391200 840.384000 12.000000 12.000000
V 478.454400 625.917600 64.000000 35.000000
V 611.899200 665.733600 141.000000 39.000000
V 472.687200 226.094400 58.000000 39.000000
V 588.124800 172.584000 96.000000 61.000000
V 598.564800 413.776800 10.000000 10.000000
V 704.253600 517.960800 12.000000 12.000000
V 270.928800 827.712000 40.000000 30.000000
V 763.344000 570.873600 103.000000 30.000000
V 635.652000 748.368000 12.000000 12.000000
V 191.606400 775.224000 127.000000 54.000000
V 583.387200 14.500080 63.000000 29.000000
V 431.020800 701.488800 10.000000 10.000000
V 662.061600 470.296800 112.000000 36.000000
V 118.857600 809.136000 10.000000 10.000000
V 657.950400 29.023200 39.000000 25.000000
V 562.989600 593.784000 10.000000 10.000000
V 667.519200 374.371200 50.000000 35.000000
V 89.884800 884.520000 42.000000 22.000000
V 611.330400 514.526400 104.000000 64.000000
V 788.472000 520.473600 42.000000 29.000000
V 267.926400 745.056000 12.000000 12.000000
V 487.051200 450.453600 54.000000 26.000000
V 596.383200 809.208000 43.000000 19.000000
E 0 12
E 1 20
E 2 28
E 3 26
E 3 35
E 4 14
E 4 23
E 5 14
E 5 26
E 6 27
E 6 33
E 6 36
E 7 14
E 7 23
E 8 35
E 9 11
E 9 19
E 10 14
E 10 23
E 11 17
E 11 18
E 12 13
E 12 18
E 12 25
E 12 29
E 14 37
E 15 26
E 15 30
E 16 23
E 16 30
E 19 31
E 19 33
E 20 22
E 20 27
E 20 33
E 20 34
E 21 35
E 23 37
E 24 28
E 24 35
E 28 32
E 30 33
G R-HSA-9665686.sbgn 20 23
V 50.778720 592.077600 41.000000 48.000000
V 233.683200 424.692000 64.000000 35.000000
V 150.984000 395.467200 10.000000 10.000000
V 105.170400 236.174400 12.000000 12.000000
V 263.728800 64.139760 42.000000 22.000000
V 146.340000 557.920800 38.000000 48.000000
V 46.290960 183.398400 42.000000 30.000000
V 157.370400 622.936800 12.000000 12.000000
V 157.572000 169.509600 127.000000 54.000000
V 159.408000 21.499920 88.000000 43.000000
V 190.382400 95.673600 10.000000 10.000000
V 88.099200 456.660000 130.000000 78.000000
V 270.936000 502.646400 10.000000 10.000000
V 350.884800 511.416000 104.000000 64.000000
V 76.147200 539.503200 12.000000 12.000000
V 235.929600 584.524800 141.000000 39.000000
V 131.904000 315.057600 100.000000 79.000000
V 77.911200 616.399200 36.000000 18.000000
V 20.000160 239.731200 40.000000 30.000000
V 106.416000 636.940800 43.000000 19.000000
E 0 7
E 0 14
E 1 2
E 1 12
E 2 11
E 2 16
E 3 6
E 3 8
E 3 16
E 3 18
E 4 10
E 5 7
E 5 14
E 7 15
E 7 17
E 7 19
E 8 10
E 9 10
E 11 14
E 12 13
E 12 15
E 14 17
E 14 19
G R-HSA-9670439.sbgn 33 33
V 246.952800 409.456800 12.000000 12.000000
V 216.691200 328.017600 102.000000 37.000000
V 333.720000 550.108800 10.000000 10.000000
V 129.988800 300.369600 10.000000 10.000000
V 288.158400 1096.704000 87.000000 22.000000
V 242.712000 846.504000 62.000000 34.000000
V 173.685600 444.830400 39.000000 30.000000
V 415.094400 524.311200 37.000000 22.000000
V 274.399200 94.132800 12.000000 12.000000
V 103.212000 218.332800 111.000000 50.000000
V 447.184800 687.225600 100.000000 43.000000
V 186.307200 1016.640000 88.000000 22.000000
V 549.583200 802.008000 107.000000 36.000000
V 323.366400 387.100800 34.000000 30.000000
V 214.963200 1075.608000 42.000000 30.000000
V 281.944800 485.935200 96.000000 38.000000
V 275.745600 14.999760 41.000000 30.000000
V 380.577600 794.232000 103.000000 36.000000
V 271.670400 1017.936000 12.000000 12.000000
V 231.004800 217.080000 45.000000 22.000000
V 276.732000 259.185600 10.000000 10.000000
V 185.673600 79.776000 110.000000 67.000000
V 368.719200 708.307200 10.000000 10.000000
V 466.963200 817.704000 10.000000 10.000000
V 321.264000 858.168000 10.000000 10.000000
V 49.000320 319.694400 98.000000 22.000000
V 300.470400 939.024000 116.000000 36.000000
V 120.751200 135.028800 12.000000 12.000000
V 333.849600 632.671200 84.000000 34.000000
V 344.318400 1062.216000 41.000000 30.000000
V 304.948800 175.824000 103.000000 46.000000
V 349.344000 56.432160 40.000000 30.000000
V 523.152000 874.152000 71.000000 22.000000
E 0 1
E 0 6
E 0 13
E 0 15
E 1 3
E 1 20
E 2 7
E 2 15
E 2 28
E 3 9
E 3 25
E 4 18
E 5 24
E 8 16
E 8 21
E 8 30
E 8 31
E 9 27
E 10 22
E 11 18
E 12 23
E 14 18
E 17 22
E 17 23
E 17 24
E 18 26
E 18 29
E 19 20
E 20 30
E 21 27
E 22 28
E 23 32
E 24 26
G R-HSA-9673324.sbgn 36 35
V 67.717440 69.506640 123.000000 36.000000
V 186.840000 156.189600 78.000000 22.000000
V 22.500000 786.600000 45.000000 30.000000
V 95.104800 877.104000 60.000000 30.000000
V 294.631200 367.804800 12.000000 12.000000
V 240.156000 678.693600 10.000000 10.000000
V 214.754400 369.936000 41.000000 30.000000
V 107.308800 793.728000 12.000000 12.000000
V 249.660000 207.367200 10.000000 10.000000
V 760.824000 732.600000 100.000000 22.000000
V 45.619200 738.648000 59.000000 30.000000
V 312.559200 539.690400 10.000000 10.000000
V 352.504800 315.352800 40.000000 30.000000
V 759.096000 862.128000 40.000000 30.000000
V 487.432800 702.360000 91.000000 22.000000
V 260.409600 289.065600 120.000000 22.000000
V 788.976000 790.992000 41.000000 30.000000
V 696.232800 884.808000 30.000000 22.000000
V 144.957600 88.819200 10.000000 10.000000
V 43.649280 843.768000 34.000000 30.000000
V 451.706400 626.018400 50.000000 22.000000
V 180.396000 636.112800 98.000000 22.000000
V 148.075200 865.872000 36.000000 30.000000
V 381.679200 512.949600 69.000000 22.000000
V 416.649600 748.080000 41.000000 30.000000
V 166.104000 11.000160 39.000000 22.000000
V 561.232800 735.552000 12.000000 12.000000
V 369.799200 745.128000 40.000000 30.000000
V 313.344000 151.408800 47.000000 22.000000
V 632.887200 768.024000 91.000000 22.000000
V 378.295200 353.714400 101.000000 22.000000
V 295.027200 454.615200 128.000000 22.000000
V 318.045600 630.568800 105.000000 36.000000
V 177.040800 740.376000 123.000000 44.000000
V 399.758400 675.705600 12.000000 12.000000
V 708.717600 800.064000 12.000000 12.000000
E 0 18
E 1 8
E 1 18
E 2 7
E 3 7
E 4 6
E 4 12
E 4 15
E 4 30
E 4 31
E 5 21
E 5 32
E 5 33
E 7 10
E 7 19
E 7 22
E 7 33
E 8 15
E 8 28
E 9 35
E 11 23
E 11 31
E 11 32
E 13 35
E 14 26
E 14 34
E 16 35
E 17 35
E 18 25
E 20 34
E 24 34
E 26 29
E 27 34
E 29 35
E 32 34
G R-HSA-9673767.sbgn 20 19
V 331.984800 188.935200 134.000000 50.000000
V 367.329600 269.352000 10.000000 10.000000
V 21.308400 90.324000 41.000000 30.000000
V 244.843200 177.674400 10.000000 10.000000
V 127.332000 11.000160 91.000000 22.000000
V 445.089600 455.227200 86.000000 30.000000
V 102.175200 91.785600 12.000000 12.000000
V 458.668800 88.012800 80.000000 36.000000
V 393.278400 39.050640 105.000000 50.000000
V 60.307200 22.458960 40.000000 30.000000
V 176.781600 130.125600 134.000000 50.000000
V 316.447200 333.885600 34.000000 22.000000
V 567.741600 403.545600 40.000000 30.000000
V 513.280800 459.763200 39.000000 30.000000
V 197.164800 244.627200 56.000000 33.000000
V 432.122400 321.271200 134.000000 50.000000
V 560.275200 335.844000 74.000000 30.000000
V 44.500320 154.728000 89.000000 22.000000
V 489.607200 382.392000 12.000000 12.000000
V 384.112800 119.419200 10.000000 10.000000
E 0 1
E 0 3
E 0 19
E 1 11
E 1 15
E 2 6
E 3 10
E 3 14
E 4 6
E 5 18
E 6 9
E 6 10
E 6 17
E 7 19
E 8 19
E 12 18
E 13 18
E 15 18
E 16 18
G R-HSA-9673770.sbgn 26 25
V 228.189600 216.187200 40.000000 30.000000
V 390.960000 378.864000 10.000000 10.000000
V 421.840800 55.453680 135.000000 36.000000
V 524.649600 543.758400 89.000000 22.000000
V 242.985600 409.240800 10.000000 10.000000
V 42.999840 553.586400 86.000000 30.000000
V 444.484800 325.036800 56.000000 33.000000
V 371.520000 116.359200 12.000000 12.000000
V 173.196000 379.245600 34.000000 22.000000
V 621.864000 461.851200 41.000000 30.000000
V 259.113600 13.500000 94.000000 27.000000
V 94.312800 606.708000 40.000000 30.000000
V 308.887200 346.168800 131.000000 50.000000
V 540.288000 461.318400 12.000000 12.000000
V 160.567200 605.426400 39.000000 30.000000
V 600.444000 401.184000 91.000000 22.000000
V 249.400800 93.225600 10.000000 10.000000
V 175.089600 56.770560 140.000000 52.000000
V 188.668800 476.755200 133.000000 50.000000
V 121.629600 530.755200 12.000000 12.000000
V 46.315440 490.176000 74.000000 30.000000
V 304.639200 163.396800 112.000000 55.000000
V 217.188000 262.504800 41.000000 30.000000
V 293.234400 254.016000 12.000000 12.000000
V 587.822400 527.054400 40.000000 30.000000
V 461.887200 426.902400 136.000000 51.000000
E 0 23
E 1 6
E 1 12
E 1 25
E 2 7
E 3 13
E 4 8
E 4 12
E 4 18
E 5 19
E 7 21
E 9 13
E 10 16
E 11 19
E 12 23
E 13 15
E 13 24
E 13 25
E 14 19
E 16 17
E 16 21
E 18 19
E 19 20
E 21 23
E 22 23
G R-HSA-9692914.sbgn 30 30
V 259.099200 312.040800 12.000000 12.000000
V 499.320000 385.934400 129.000000 51.000000
V 177.825600 291.787200 124.000000 51.000000
V 394.848000 118.656000 97.000000 37.000000
V 491.407200 229.284000 135.000000 79.000000
V 415.418400 276.739200 12.000000 12.000000
V 210.441600 150.580800 124.000000 37.000000
V 387.007200 359.395200 130.000000 51.000000
V 394.156800 204.271200 12.000000 12.000000
V 286.725600 208.656000 10.000000 10.000000
V 445.881600 131.882400 133.000000 37.000000
V 212.270400 217.656000 105.000000 37.000000
V 508.672800 336.160800 51.000000 23.000000
V 318.024000 129.744000 69.000000 23.000000
V 340.754400 456.422400 129.000000 37.000000
V 319.334400 368.114400 12.000000 12.000000
V 479.952000 171.561600 25.000000 23.000000
V 66.499920 92.109600 133.000000 37.000000
V 421.077600 347.421600 10.000000 10.000000
V 414.266400 437.256000 122.000000 51.000000
V 252.590400 418.708800 39.000000 23.000000
V 148.464000 93.096000 10.000000 10.000000
V 508.082400 280.152000 60.000000 31.000000
V 463.096800 425.318400 40.000000 31.000000
V 176.025600 344.714400 25.000000 23.000000
V 139.723200 11.499840 101.000000 23.000000
V 206.071200 386.258400 130.000000 51.000000
V 289.555200 452.815200 72.000000 23.000000
V 274.824000 135.496800 64.000000 23.000000
V 343.058400 282.398400 33.000000 23.000000
E 0 2
E 0 24
E 0 26
E 0 29
E 1 18
E 3 8
E 4 5
E 5 7
E 5 22
E 5 29
E 6 9
E 6 21
E 7 15
E 8 10
E 8 16
E 8 29
E 9 11
E 9 13
E 9 28
E 9 29
E 12 18
E 14 15
E 15 20
E 15 27
E 15 29
E 17 21
E 18 19
E 18 23
E 18 29
E 21 25
G R-HSA-9707616.sbgn 39 57
V 371.980800 172.857600 104.000000 50.000000
V 507.319200 70.469280 87.000000 22.000000
V 24.756480 241.401600 36.000000 22.000000
V 307.267200 337.600800 51.000000 22.000000
V 521.676000 114.595200 128.000000 22.000000
V 56.527920 337.399200 42.000000 22.000000
V 23.999760 431.460000 48.000000 22.000000
V 348.537600 351.511200 51.000000 22.000000
V 367.300800 41.801040 132.000000 34.000000
V 466.156800 35.492400 72.000000 22.000000
V 412.286400 24.999840 104.000000 50.000000
V 63.441360 486.496800 121.000000 46.000000
V 430.416000 106.387200 12.000000 12.000000
V 181.094400 392.565600 133.000000 50.000000
V 409.125600 658.965600 47.000000 22.000000
V 469.029600 620.020800 124.000000 48.000000
V 265.125600 384.660000 10.000000 10.000000
V 337.651200 653.184000 130.000000 36.000000
V 262.447200 295.682400 10.000000 10.000000
V 438.350400 377.013600 12.000000 12.000000
V 344.073600 420.076800 10.000000 10.000000
V 410.443200 189.633600 104.000000 51.000000
V 103.147200 412.279200 12.000000 12.000000
V 191.203200 430.776000 80.000000 51.000000
V 179.964000 286.156800 80.000000 51.000000
V 65.430000 187.862400 55.000000 23.000000
V 387.136800 498.535200 132.000000 50.000000
V 388.648800 582.969600 12.000000 12.000000
V 191.232000 246.780000 133.000000 50.000000
V 477.504000 340.243200 83.000000 51.000000
V 103.226400 263.073600 12.000000 12.000000
V 532.231200 377.474400 124.000000 36.000000
V 466.905600 304.495200 91.000000 50.000000
V 392.882400 324.511200 10.000000 10.000000
V 499.766400 434.037600 129.000000 44.000000
V 317.800800 319.096800 51.000000 22.000000
V 322.884000 343.483200 85.000000 30.000000
V 343.497600 509.068800 79.000000 51.000000
V 356.227200 260.172000 10.000000 10.000000
E 0 12
E 0 38
E 1 12
E 2 30
E 3 16
E 3 18
E 3 20
E 3 33
E 3 38
E 4 12
E 5 22
E 5 30
E 6 22
E 7 16
E 7 18
E 7 19
E 7 20
E 7 33
E 7 38
E 8 12
E 9 12
E 10 12
E 11 22
E 12 21
E 13 16
E 13 22
E 14 27
E 15 27
E 16 23
E 16 35
E 16 36
E 17 27
E 18 24
E 18 28
E 18 35
E 18 36
E 19 29
E 19 31
E 19 32
E 19 34
E 20 26
E 20 35
E 20 36
E 20 37
E 21 38
E 22 23
E 24 30
E 25 30
E 26 27
E 27 37
E 28 30
E 29 33
E 32 33
E 33 35
E 33 36
E 35 38
E 36 38
G R-HSA-9710421.sbgn 15 14
V 304.516800 176.522400 48.000000 31.000000
V 321.530400 101.880000 12.000000 12.000000
V 335.908800 15.500160 48.000000 31.000000
V 65.499840 140.277600 131.000000 37.000000
V 392.673600 148.341600 128.000000 51.000000
V 97.783200 197.172000 61.000000 31.000000
V 78.494400 75.686400 129.000000 66.000000
V 231.278400 112.687200 90.000000 45.000000
V 287.769600 29.974320 110.000000 37.000000
V 126.720000 43.266960 82.000000 52.000000
V 381.952800 43.378560 117.000000 65.000000
V 145.159200 126.914400 12.000000 12.000000
V 152.935200 211.982400 61.000000 31.000000
V 404.164800 94.363200 49.000000 31.000000
V 353.671200 185.097600 48.000000 31.000000
E 0 1
E 1 2
E 1 4
E 1 7
E 1 8
E 1 10
E 1 13
E 1 14
E 3 11
E 5 11
E 6 11
E 7 11
E 9 11
E 11 12
G R-HSA-9715370.sbgn 23 24
V 414.741600 121.111200 12.000000 12.000000
V 589.982400 262.339200 39.000000 30.000000
V 172.404000 168.228000 89.000000 22.000000
V 651.801600 106.178400 110.000000 26.000000
V 327.110400 128.116800 71.000000 22.000000
V 517.348800 227.196000 12.000000 12.000000
V 406.051200 38.808720 42.000000 30.000000
V 450.741600 48.767760 40.000000 30.000000
V 214.732800 23.421600 42.000000 30.000000
V 610.387200 19.499760 107.000000 39.000000
V 44.021520 53.458560 28.000000 30.000000
V 98.215200 118.836000 12.000000 12.000000
V 573.040800 93.376800 10.000000 10.000000
V 522.100800 309.513600 28.000000 30.000000
V 75.024000 290.469600 110.000000 26.000000
V 500.954400 142.725600 92.000000 22.000000
V 260.445600 33.181200 40.000000 30.000000
V 439.848000 201.967200 90.000000 22.000000
V 167.767200 85.888800 79.000000 22.000000
V 21.499920 138.492000 43.000000 26.000000
V 145.728000 249.343200 10.000000 10.000000
V 241.876800 110.325600 12.000000 12.000000
V 153.612000 329.328000 114.000000 41.000000
E 0 4
E 0 6
E 0 7
E 0 15
E 0 17
E 1 5
E 2 11
E 2 20
E 2 21
E 3 12
E 4 21
E 5 13
E 5 15
E 5 17
E 8 21
E 9 12
E 10 11
E 11 18
E 11 19
E 12 15
E 14 20
E 16 21
E 18 21
E 20 22
G R-HSA-975155.sbgn 22 22
V 383.882400 799.488000 10.000000 10.000000
V 145.663200 669.578400 10.000000 10.000000
V 172.533600 369.921600 10.000000 10.000000
V 115.207200 743.040000 89.000000 22.000000
V 264.859200 19.000080 115.000000 38.000000
V 131.774400 532.807200 42.000000 30.000000
V 223.912800 220.147200 10.000000 10.000000
V 370.944000 637.005600 100.000000 47.000000
V 247.212000 92.304000 10.000000 10.000000
V 188.848800 147.103200 124.000000 50.000000
V 210.816000 532.029600 12.000000 12.000000
V 207.172800 296.726400 129.000000 37.000000
V 285.969600 508.644000 40.000000 30.000000
V 463.593600 811.224000 131.000000 78.000000
V 282.412800 164.440800 50.000000 22.000000
V 332.344800 737.784000 131.000000 78.000000
V 198.504000 447.890400 143.000000 50.000000
V 218.851200 620.596800 131.000000 64.000000
V 294.242400 665.236800 10.000000 10.000000
V 89.474400 355.608000 45.000000 22.000000
V 370.238400 878.112000 46.000000 22.000000
V 63.000000 676.800000 126.000000 64.000000
E 0 13
E 0 15
E 0 20
E 1 3
E 1 17
E 1 21
E 2 11
E 2 16
E 2 19
E 4 8
E 5 10
E 6 9
E 6 11
E 6 14
E 7 18
E 8 9
E 8 14
E 10 12
E 10 16
E 10 17
E 15 18
E 17 18
G R-HSA-9757110.sbgn 31 30
V 141.069600 439.329600 52.000000 24.000000
V 508.312800 256.068000 120.000000 23.000000
V 275.976000 256.658400 12.000000 12.000000
V 250.344000 77.212800 64.000000 31.000000
V 125.409600 227.606400 40.000000 31.000000
V 322.416000 96.026400 12.000000 12.000000
V 467.337600 132.235200 36.000000 31.000000
V 78.336000 221.644800 39.000000 31.000000
V 262.540800 30.376080 61.000000 31.000000
V 342.216000 189.554400 89.000000 37.000000
V 310.586400 11.499840 54.000000 23.000000
V 119.340000 297.381600 12.000000 12.000000
V 83.772000 356.796000 45.000000 23.000000
V 463.924800 274.960800 32.000000 31.000000
V 227.728800 512.762400 40.000000 31.000000
V 510.026400 155.635200 57.000000 27.000000
V 522.252000 206.575200 40.000000 31.000000
V 32.082480 297.964800 40.000000 31.000000
V 139.255200 483.940800 39.000000 31.000000
V 180.921600 508.622400 97.000000 39.000000
V 44.500320 253.274400 89.000000 37.000000
V 211.183200 428.738400 12.000000 12.000000
V 391.406400 58.661280 117.000000 23.000000
V 271.317600 495.511200 28.000000 31.000000
V 350.251200 405.367200 97.000000 39.000000
V 362.260800 19.189440 36.000000 31.000000
V 283.730400 452.613600 40.000000 31.000000
V 41.149440 345.621600 28.000000 31.000000
V 210.283200 328.708800 115.000000 23.000000
V 437.184000 203.608800 12.000000 12.000000
V 276.508800 353.786400 12.000000 12.000000
E 0 21
E 1 29
E 2 9
E 2 28
E 3 5
E 4 11
E 5 8
E 5 9
E 5 10
E 5 22
E 5 25
E 6 29
E 7 11
E 9 29
E 11 12
E 11 17
E 11 20
E 11 27
E 11 28
E 13 29
E 14 21
E 15 29
E 16 29
E 18 21
E 19 21
E 21 23
E 21 26
E 21 28
E 24 30
E 28 30
G R-HSA-975871.sbgn 22 22
V 517.089600 296.452800 142.000000 53.000000
V 607.968000 391.989600 44.000000 21.000000
V 155.937600 639.763200 10.000000 10.000000
V 234.655200 620.683200 179.000000 51.000000
V 594.878400 23.999760 169.000000 48.000000
V 371.368800 472.456800 42.000000 29.000000
V 401.853600 599.356800 134.000000 63.000000
V 474.372000 441.820800 138.000000 57.000000
V 525.038400 377.107200 10.000000 10.000000
V 87.501600 599.112000 175.000000 69.000000
V 531.518400 219.290400 10.000000 10.000000
V 317.995200 624.103200 10.000000 10.000000
V 531.864000 703.605600 90.000000 21.000000
V 456.753600 669.657600 10.000000 10.000000
V 510.112800 542.858400 40.000000 29.000000
V 594.957600 168.285600 172.000000 60.000000
V 435.650400 517.572000 12.000000 12.000000
V 310.118400 703.994400 107.000000 42.000000
V 112.449600 707.738400 53.000000 22.000000
V 565.797600 93.679200 10.000000 10.000000
V 460.872000 750.456000 145.000000 70.000000
V 503.301600 143.956800 56.000000 21.000000
E 0 8
E 0 10
E 1 8
E 2 3
E 2 9
E 2 18
E 3 11
E 4 19
E 5 16
E 6 11
E 6 13
E 6 16
E 7 8
E 7 16
E 10 15
E 10 21
E 11 17
E 12 13
E 13 20
E 14 16
E 15 19
E 19 21
G R-HSA-9758919.sbgn 17 17
V 66.499920 142.380000 133.000000 33.000000
V 515.102400 249.516000 88.000000 31.000000
V 113.716800 68.988960 98.000000 51.000000
V 361.166400 285.105600 183.000000 33.000000
V 275.774400 320.414400 72.000000 33.000000
V 220.471200 188.784000 80.000000 34.000000
V 231.991200 25.500240 99.000000 51.000000
V 440.301600 278.863200 10.000000 10.000000
V 294.062400 238.341600 12.000000 12.000000
V 378.036000 224.280000 124.000000 65.000000
V 252.799200 106.214400 10.000000 10.000000
V 159.393600 254.311200 10.000000 10.000000
V 148.838400 143.683200 10.000000 10.000000
V 477.403200 352.029600 82.000000 33.000000
V 135.532800 334.094400 118.000000 51.000000
V 78.681600 272.865600 140.000000 30.000000
V 310.881600 48.392640 147.000000 32.000000
E 0 12
E 1 7
E 2 12
E 3 7
E 3 8
E 4 8
E 5 8
E 5 10
E 5 11
E 5 12
E 6 10
E 7 9
E 7 13
E 8 9
E 10 16
E 11 14
E 11 15
G R-HSA-9758920.sbgn 16 18
V 258.566400 324.633600 87.000000 51.000000
V 311.601600 38.991600 92.000000 36.000000
V 231.163200 32.500080 104.000000 65.000000
V 134.640000 187.992000 12.000000 12.000000
V 151.048800 393.739200 78.000000 30.000000
V 354.225600 104.889600 93.000000 35.000000
V 68.999760 248.500800 138.000000 35.000000
V 270.057600 106.228800 12.000000 12.000000
V 114.285600 260.416800 103.000000 51.000000
V 277.027200 251.740800 10.000000 10.000000
V 239.803200 393.933600 12.000000 12.000000
V 75.348000 130.752000 66.000000 34.000000
V 225.158400 179.884800 104.000000 36.000000
V 268.898400 467.280000 107.000000 30.000000
V 91.404000 331.956000 10.000000 10.000000
V 306.900000 332.136000 137.000000 30.000000
E 0 9
E 0 10
E 1 7
E 2 7
E 3 6
E 3 8
E 3 11
E 3 12
E 4 10
E 4 14
E 5 7
E 6 14
E 7 12
E 8 14
E 9 12
E 9 15
E 10 13
E 10 15
G R-HSA-9761174.sbgn 19 27
V 125.856000 302.400000 59.000000 26.000000
V 334.029600 131.270400 95.000000 51.000000
V 277.783200 88.372800 92.000000 28.000000
V 192.448800 204.825600 58.000000 29.000000
V 272.347200 355.060800 10.000000 10.000000
V 36.976320 84.686400 56.000000 27.000000
V 43.999920 255.931200 88.000000 51.000000
V 167.508000 175.377600 50.000000 30.000000
V 292.291200 312.458400 93.000000 51.000000
V 279.799200 216.957600 57.000000 28.000000
V 116.287200 25.500240 86.000000 51.000000
V 151.581600 322.984800 66.000000 26.000000
V 214.034400 358.272000 129.000000 27.000000
V 229.435200 257.407200 54.000000 26.000000
V 129.290400 242.208000 12.000000 12.000000
V 115.761600 107.006400 12.000000 12.000000
V 210.247200 269.395200 12.000000 12.000000
V 303.012000 235.828800 112.000000 30.000000
V 253.828800 165.463200 12.000000 12.000000
E 0 14
E 0 16
E 1 18
E 2 18
E 3 14
E 3 16
E 3 18
E 4 8
E 4 12
E 4 13
E 5 15
E 6 14
E 7 14
E 7 15
E 7 16
E 7 18
E 8 16
E 9 16
E 9 18
E 10 15
E 11 14
E 11 16
E 12 16
E 13 14
E 13 18
E 16 17
E 17 18
G R-HSA-9764302.sbgn 15 17
V 125.560800 87.004800 12.000000 12.000000
V 349.293600 136.800000 128.000000 22.000000
V 205.862400 225.273600 12.000000 12.000000
V 448.336800 230.968800 48.000000 22.000000
V 55.000080 134.892000 110.000000 50.000000
V 46.596240 67.901040 59.000000 22.000000
V 270.432000 156.420000 12.000000 12.000000
V 166.226400 12.106800 83.000000 22.000000
V 97.761600 11.000160 60.000000 22.000000
V 290.174400 240.048000 83.000000 51.000000
V 188.474400 144.122400 51.000000 22.000000
V 287.740800 399.196800 65.000000 22.000000
V 371.376000 216.482400 10.000000 10.000000
V 271.346400 322.567200 10.000000 10.000000
V 190.569600 305.128800 151.000000 26.000000
E 0 4
E 0 5
E 0 7
E 0 8
E 0 10
E 1 6
E 1 12
E 2 9
E 2 10
E 2 14
E 3 12
E 6 9
E 6 10
E 9 12
E 9 13
E 11 13
E 13 14
G R-HSA-977347.sbgn 32 38
V 522.165600 257.025600 48.000000 30.000000
V 495.302400 161.064000 12.000000 12.000000
V 57.432960 280.663200 52.000000 30.000000
V 92.196000 428.767200 53.000000 30.000000
V 659.095200 369.820800 112.000000 22.000000
V 625.096800 157.478400 38.000000 30.000000
V 540.122400 72.151200 52.000000 30.000000
V 483.278400 381.650400 43.000000 30.000000
V 34.999920 336.808800 70.000000 37.000000
V 558.280800 129.211200 98.000000 36.000000
V 612.525600 82.036800 12.000000 12.000000
V 49.605120 396.993600 35.000000 30.000000
V 569.383200 204.343200 12.000000 12.000000
V 580.334400 331.977600 12.000000 12.000000
V 279.259200 477.057600 42.000000 30.000000
V 649.641600 166.140000 53.000000 31.000000
V 286.639200 383.925600 12.000000 12.000000
V 444.988800 304.596000 12.000000 12.000000
V 516.628800 86.011200 51.000000 30.000000
V 245.376000 436.363200 121.000000 36.000000
V 114.415200 344.476800 12.000000 12.000000
V 657.050400 14.999760 39.000000 30.000000
V 443.534400 374.688000 114.000000 22.000000
V 691.970400 267.026400 109.000000 23.000000
V 358.754400 335.649600 65.000000 30.000000
V 392.961600 252.237600 27.000000 30.000000
V 610.689600 239.068800 12.000000 12.000000
V 201.888000 350.409600 55.000000 30.000000
V 429.631200 106.855200 39.000000 30.000000
V 105.393600 261.410400 39.000000 30.000000
V 608.608800 412.480800 48.000000 30.000000
V 322.178400 462.542400 50.000000 30.000000
E 0 1
E 0 12
E 0 13
E 0 17
E 0 26
E 1 6
E 1 9
E 1 18
E 1 28
E 2 20
E 3 20
E 4 13
E 5 10
E 5 12
E 5 26
E 6 10
E 7 17
E 8 20
E 9 10
E 9 12
E 10 15
E 10 18
E 10 21
E 11 20
E 12 15
E 13 30
E 14 16
E 15 26
E 16 19
E 16 24
E 16 27
E 16 31
E 17 22
E 17 24
E 17 25
E 20 27
E 20 29
E 23 26
G R-HSA-977443.sbgn 15 16
V 255.859200 305.229600 12.000000 12.000000
V 434.815200 143.474400 108.000000 36.000000
V 169.610400 135.230400 121.000000 50.000000
V 319.723200 120.218400 115.000000 36.000000
V 326.901600 263.973600 119.000000 50.000000
V 154.108800 366.321600 12.000000 12.000000
V 232.300800 11.000160 101.000000 22.000000
V 51.500160 195.940800 103.000000 22.000000
V 171.338400 285.638400 119.000000 50.000000
V 241.142400 90.597600 10.000000 10.000000
V 131.061600 210.232800 10.000000 10.000000
V 442.159200 227.930400 121.000000 36.000000
V 368.899200 190.418400 10.000000 10.000000
V 105.552000 426.888000 119.000000 50.000000
V 235.792800 383.731200 27.000000 30.000000
E 0 4
E 0 8
E 0 14
E 1 12
E 2 9
E 2 10
E 3 9
E 3 12
E 4 12
E 5 8
E 5 13
E 5 14
E 6 9
E 7 10
E 8 10
E 11 12
G R-HSA-9793380.sbgn 22 28
V 67.442400 306.835200 12.000000 12.000000
V 394.365600 249.364800 57.000000 27.000000
V 64.000080 215.712000 128.000000 40.000000
V 408.038400 13.999680 47.000000 28.000000
V 143.524800 181.872000 10.000000 10.000000
V 363.974400 304.272000 189.000000 39.000000
V 311.277600 234.144000 12.000000 12.000000
V 252.684000 284.724000 143.000000 32.000000
V 225.230400 93.909600 10.000000 10.000000
V 285.948000 37.964880 76.000000 51.000000
V 258.292800 22.891680 121.000000 36.000000
V 345.823200 66.273840 12.000000 12.000000
V 353.397600 382.881600 10.000000 10.000000
V 94.629600 242.064000 88.000000 51.000000
V 234.122400 181.663200 58.000000 24.000000
V 387.000000 207.417600 56.000000 27.000000
V 141.480000 97.761600 107.000000 28.000000
V 217.828800 358.531200 10.000000 10.000000
V 132.710400 365.349600 59.000000 26.000000
V 294.825600 324.720000 89.000000 51.000000
V 343.188000 152.157600 51.000000 23.000000
V 392.875200 449.496000 190.000000 22.000000
E 0 2
E 0 13
E 0 18
E 1 6
E 2 4
E 3 11
E 4 13
E 4 14
E 4 16
E 5 6
E 5 12
E 6 7
E 6 14
E 6 15
E 6 19
E 6 20
E 7 17
E 8 9
E 8 10
E 8 14
E 8 16
E 9 11
E 10 11
E 11 20
E 12 19
E 12 21
E 17 18
E 17 19
G R-HSA-9796292.sbgn 18 20
V 235.137600 353.152800 12.000000 12.000000
V 299.304000 222.588000 12.000000 12.000000
V 65.499840 193.996800 131.000000 26.000000
V 206.200800 25.881120 174.000000 24.000000
V 92.239200 289.188000 95.000000 25.000000
V 211.701600 431.935200 93.000000 24.000000
V 146.325600 226.879200 12.000000 12.000000
V 167.126400 310.917600 57.000000 26.000000
V 268.689600 11.499840 104.000000 23.000000
V 336.391200 147.117600 88.000000 51.000000
V 330.717600 44.641440 57.000000 24.000000
V 299.800800 148.896000 186.000000 41.000000
V 259.768800 91.612800 10.000000 10.000000
V 300.751200 400.939200 69.000000 51.000000
V 226.382400 267.969600 56.000000 22.000000
V 191.973600 149.580000 45.000000 23.000000
V 101.145600 160.394400 49.000000 24.000000
V 63.578160 246.405600 78.000000 51.000000
E 0 5
E 0 7
E 0 13
E 0 14
E 1 9
E 1 11
E 1 14
E 2 6
E 3 12
E 4 6
E 6 7
E 6 14
E 6 15
E 6 16
E 6 17
E 8 12
E 9 12
E 10 12
E 11 12
E 12 15
G R-HSA-9818030.sbgn 33 43
V 317.995200 178.272000 89.000000 66.000000
V 336.002400 18.499680 128.000000 37.000000
V 369.972000 172.382400 122.000000 51.000000
V 491.356800 455.565600 89.000000 66.000000
V 369.129600 341.719200 103.000000 51.000000
V 364.125600 589.557600 12.000000 12.000000
V 207.842400 412.214400 125.000000 51.000000
V 571.075200 476.280000 12.000000 12.000000
V 437.205600 297.842400 10.000000 10.000000
V 448.495200 218.224800 114.000000 23.000000
V 390.628800 511.466400 115.000000 51.000000
V 236.800800 455.954400 89.000000 66.000000
V 508.809600 246.909600 89.000000 66.000000
V 157.269600 477.367200 12.000000 12.000000
V 361.404000 668.829600 114.000000 37.000000
V 519.681600 411.818400 104.000000 51.000000
V 222.307200 247.608000 112.000000 51.000000
V 434.692800 387.871200 10.000000 10.000000
V 66.000240 212.392800 132.000000 37.000000
V 338.299200 511.272000 89.000000 66.000000
V 587.361600 235.044000 12.000000 12.000000
V 353.404800 260.042400 10.000000 10.000000
V 95.277600 526.888800 105.000000 65.000000
V 364.384800 427.068000 10.000000 10.000000
V 200.577600 295.538400 96.000000 66.000000
V 293.040000 388.425600 10.000000 10.000000
V 636.890400 520.408800 103.000000 23.000000
V 140.414400 239.378400 12.000000 12.000000
V 358.322400 345.160800 125.000000 23.000000
V 655.920000 196.869600 131.000000 37.000000
V 337.305600 97.516800 12.000000 12.000000
V 525.909600 292.363200 109.000000 51.000000
V 287.776800 307.238400 10.000000 10.000000
E 0 21
E 0 30
E 1 30
E 2 21
E 2 30
E 3 7
E 3 17
E 4 8
E 4 17
E 4 21
E 4 23
E 4 25
E 4 32
E 5 10
E 5 14
E 5 19
E 6 13
E 6 25
E 7 15
E 7 26
E 8 9
E 8 12
E 8 28
E 8 31
E 10 23
E 11 13
E 11 25
E 12 20
E 13 22
E 15 17
E 16 27
E 16 32
E 17 28
E 18 27
E 19 23
E 20 29
E 20 31
E 21 28
E 23 28
E 24 27
E 24 32
E 25 28
E 28 32
G R-HSA-9818032.sbgn 22 28
V 58.166640 471.722400 102.000000 37.000000
V 369.036000 383.140800 89.000000 66.000000
V 480.636000 18.499680 127.000000 37.000000
V 407.714400 153.676800 133.000000 51.000000
V 178.840800 114.559200 89.000000 66.000000
V 335.354400 305.971200 10.000000 10.000000
V 211.233600 192.067200 10.000000 10.000000
V 50.999760 33.019200 102.000000 37.000000
V 138.808800 343.339200 89.000000 66.000000
V 270.907200 240.897600 125.000000 23.000000
V 414.964800 332.323200 130.000000 51.000000
V 102.751200 89.661600 12.000000 12.000000
V 445.737600 406.029600 12.000000 12.000000
V 275.752800 257.061600 103.000000 51.000000
V 188.676000 390.204000 132.000000 51.000000
V 357.408000 107.748000 89.000000 66.000000
V 431.445600 77.349600 12.000000 12.000000
V 330.688800 187.452000 10.000000 10.000000
V 215.992800 310.557600 10.000000 10.000000
V 114.386400 419.580000 12.000000 12.000000
V 503.553600 456.328800 98.000000 35.000000
V 131.918400 164.095200 128.000000 51.000000
E 0 19
E 1 5
E 1 12
E 2 16
E 3 16
E 3 17
E 4 6
E 4 11
E 5 9
E 5 10
E 5 13
E 6 9
E 6 13
E 6 21
E 7 11
E 8 18
E 8 19
E 9 17
E 9 18
E 10 12
E 11 21
E 12 20
E 13 17
E 13 18
E 14 18
E 14 19
E 15 16
E 15 17
G R-HSA-9818564.sbgn 40 41
V 930.168000 220.852800 12.000000 12.000000
V 1015.992000 239.997600 48.000000 23.000000
V 537.112800 467.762400 77.000000 23.000000
V 160.293600 441.439200 60.000000 30.000000
V 569.808000 723.744000 12.000000 12.000000
V 649.231200 516.967200 47.000000 23.000000
V 561.074400 537.573600 12.000000 12.000000
V 986.184000 11.499840 56.000000 23.000000
V 574.380000 467.049600 82.000000 38.000000
V 204.357600 372.492000 60.000000 30.000000
V 907.632000 668.404800 114.000000 46.000000
V 316.008000 463.723200 324.000000 78.000000
V 791.424000 482.522400 31.000000 23.000000
V 512.611200 784.296000 85.000000 37.000000
V 823.824000 668.304000 12.000000 12.000000
V 714.124800 434.937600 85.000000 37.000000
V 390.132000 368.949600 96.000000 37.000000
V 884.232000 722.808000 45.000000 23.000000
V 955.512000 80.560800 10.000000 10.000000
V 632.505600 781.344000 237.000000 91.000000
V 567.273600 637.063200 251.000000 65.000000
V 850.464000 360.921600 12.000000 12.000000
V 786.384000 746.712000 210.000000 55.000000
V 397.656000 452.282400 12.000000 12.000000
V 552.016800 590.817600 58.000000 33.000000
V 472.435200 490.327200 298.000000 73.000000
V 798.264000 527.925600 42.000000 23.000000
V 496.353600 592.725600 114.000000 37.000000
V 235.562400 452.527200 12.000000 12.000000
V 973.512000 156.420000 98.000000 23.000000
V 183.002400 519.480000 366.000000 81.000000
V 735.624000 504.021600 12.000000 12.000000
V 902.520000 139.442400 118.000000 62.000000
V 788.184000 418.154400 145.000000 69.000000
V 732.240000 874.944000 135.000000 23.000000
V 716.652000 795.168000 12.000000 12.000000
V 930.168000 388.951200 152.000000 70.000000
V 875.952000 282.952800 101.000000 29.000000
V 497.908800 545.443200 115.000000 36.000000
V 782.496000 589.896000 190.000000 52.000000
E 0 1
E 0 29
E 0 32
E 0 37
E 2 6
E 3 28
E 4 13
E 4 19
E 4 20
E 5 6
E 5 31
E 6 8
E 6 20
E 6 24
E 6 25
E 6 27
E 6 38
E 7 18
E 9 28
E 10 14
E 11 23
E 11 28
E 12 31
E 14 17
E 14 22
E 14 39
E 15 31
E 16 23
E 18 29
E 18 32
E 19 35
E 21 33
E 21 36
E 21 37
E 22 35
E 23 25
E 26 31
E 28 30
E 31 33
E 31 39
E 34 35
G R-HSA-9818749.sbgn 18 23
V 140.724000 93.153600 10.000000 10.000000
V 284.479200 99.835200 10.000000 10.000000
V 212.450400 103.903200 12.000000 12.000000
V 124.884000 152.726400 12.000000 12.000000
V 178.545600 313.365600 118.000000 37.000000
V 213.480000 162.864000 89.000000 66.000000
V 171.144000 184.845600 104.000000 23.000000
V 368.719200 239.587200 130.000000 23.000000
V 60.999840 109.202400 122.000000 51.000000
V 104.817600 17.037360 127.000000 23.000000
V 328.024800 26.355600 103.000000 51.000000
V 151.696800 240.336000 10.000000 10.000000
V 289.569600 211.888800 10.000000 10.000000
V 283.932000 291.052800 130.000000 37.000000
V 367.336800 96.458400 125.000000 23.000000
V 220.723200 242.092800 12.000000 12.000000
V 249.480000 32.500080 135.000000 65.000000
V 79.164000 284.500800 118.000000 23.000000
E 0 5
E 0 8
E 0 9
E 1 5
E 1 10
E 1 14
E 1 16
E 2 5
E 2 6
E 2 16
E 3 5
E 3 6
E 3 8
E 4 11
E 4 15
E 5 11
E 5 12
E 5 15
E 6 15
E 7 12
E 11 17
E 12 13
E 13 15
G R-HSA-9820841.sbgn 18 17
V 118.929600 14.999760 205.000000 30.000000
V 272.152800 591.508800 67.000000 25.000000
V 122.292000 256.478400 132.000000 52.000000
V 197.625600 550.677600 10.000000 10.000000
V 214.056000 629.863200 119.000000 38.000000
V 139.334400 607.824000 173.000000 26.000000
V 114.076800 544.564800 55.000000 26.000000
V 147.009600 86.853600 10.000000 10.000000
V 226.584000 319.651200 42.000000 30.000000
V 207.864000 28.270800 79.000000 29.000000
V 176.731200 162.453600 161.000000 37.000000
V 62.500320 81.050400 125.000000 36.000000
V 339.019200 427.672800 43.000000 30.000000
V 280.159200 205.502400 43.000000 30.000000
V 203.335200 239.904000 12.000000 12.000000
V 343.252800 368.870400 131.000000 52.000000
V 263.728800 395.301600 12.000000 12.000000
V 222.638400 470.001600 135.000000 38.000000
E 0 7
E 1 3
E 2 14
E 3 4
E 3 5
E 3 6
E 3 17
E 7 9
E 7 10
E 7 11
E 8 14
E 8 16
E 10 14
E 12 16
E 13 14
E 15 16
E 16 17
G R-HSA-9820960.sbgn 35 37
V 782.280000 196.884000 127.000000 36.000000
V 98.445600 235.569600 98.000000 27.000000
V 284.774400 13.999680 73.000000 28.000000
V 640.296000 467.157600 78.000000 39.000000
V 201.542400 122.004000 85.000000 29.000000
V 223.495200 339.768000 85.000000 22.000000
V 67.026240 94.586400 81.000000 22.000000
V 345.456000 60.347520 81.000000 22.000000
V 274.874400 338.889600 73.000000 22.000000
V 178.876800 233.697600 106.000000 39.000000
V 321.256800 28.075680 99.000000 22.000000
V 192.362400 93.564000 125.000000 32.000000
V 632.635200 187.092000 46.000000 22.000000
V 736.056000 270.230400 10.000000 10.000000
V 714.024000 444.448800 93.000000 23.000000
V 814.968000 257.270400 50.000000 23.000000
V 793.008000 328.824000 80.000000 24.000000
V 49.577040 176.097600 43.000000 22.000000
V 261.712800 260.200800 12.000000 12.000000
V 49.500000 133.027200 99.000000 22.000000
V 604.260000 151.653600 57.000000 22.000000
V 650.260800 298.677600 85.000000 22.000000
V 65.751120 214.898400 54.000000 22.000000
V 211.111200 151.099200 57.000000 22.000000
V 414.943200 304.905600 32.000000 22.000000
V 279.280800 105.458400 12.000000 12.000000
V 128.649600 155.462400 12.000000 12.000000
V 248.990400 24.482160 54.000000 22.000000
V 97.336800 69.081840 114.000000 22.000000
V 582.177600 239.155200 10.000000 10.000000
V 498.052800 229.161600 93.000000 45.000000
V 412.963200 223.833600 10.000000 10.000000
V 327.967200 193.672800 83.000000 47.000000
V 342.345600 105.868800 114.000000 22.000000
V 656.539200 386.380800 10.000000 10.000000
E 0 13
E 1 26
E 2 25
E 3 34
E 4 25
E 4 26
E 5 18
E 6 26
E 7 25
E 8 18
E 9 18
E 9 26
E 10 25
E 11 25
E 11 26
E 12 29
E 13 15
E 13 16
E 13 21
E 14 34
E 17 26
E 18 32
E 19 26
E 20 29
E 21 29
E 21 34
E 22 26
E 23 25
E 23 26
E 24 31
E 25 27
E 25 32
E 25 33
E 26 28
E 29 30
E 30 31
E 31 32
G R-HSA-9820962.sbgn 17 16
V 123.242400 400.557600 12.000000 12.000000
V 188.985600 640.216800 129.000000 36.000000
V 152.856000 174.571200 129.000000 36.000000
V 88.538400 575.395200 105.000000 22.000000
V 211.248000 50.729040 146.000000 50.000000
V 39.492720 398.030400 77.000000 22.000000
V 139.579200 94.752000 12.000000 12.000000
V 245.520000 601.394400 57.000000 22.000000
V 153.943200 324.871200 113.000000 64.000000
V 250.192800 540.691200 123.000000 28.000000
V 184.341600 249.516000 12.000000 12.000000
V 170.762400 561.196800 12.000000 12.000000
V 127.792800 18.000000 101.000000 36.000000
V 120.448800 628.214400 92.000000 23.000000
V 267.134400 242.006400 89.000000 23.000000
V 152.222400 477.849600 136.000000 54.000000
V 58.500000 74.772000 117.000000 22.000000
E 0 5
E 0 8
E 0 15
E 1 11
E 2 6
E 2 10
E 3 11
E 4 6
E 6 12
E 6 16
E 7 11
E 8 10
E 9 11
E 10 14
E 11 13
E 11 15
G R-HSA-9820965.sbgn 40 47
V 340.236000 373.183200 88.000000 30.000000
V 114.220800 488.289600 12.000000 12.000000
V 572.450400 399.038400 134.000000 37.000000
V 81.691200 391.341600 12.000000 12.000000
V 245.635200 121.528800 64.000000 31.000000
V 356.925600 286.682400 10.000000 10.000000
V 613.224000 264.974400 28.000000 30.000000
V 519.264000 254.138400 139.000000 37.000000
V 366.948000 173.095200 53.000000 23.000000
V 367.610400 200.577600 124.000000 36.000000
V 133.711200 261.871200 12.000000 12.000000
V 213.559200 151.329600 85.000000 22.000000
V 566.388000 329.896800 12.000000 12.000000
V 489.909600 379.540800 36.000000 30.000000
V 453.816000 192.376800 12.000000 12.000000
V 485.647200 113.097600 47.000000 22.000000
V 68.605200 207.216000 113.000000 36.000000
V 518.911200 140.392800 64.000000 31.000000
V 247.032000 370.591200 12.000000 12.000000
V 35.327520 457.941600 59.000000 30.000000
V 400.600800 22.500000 109.000000 45.000000
V 613.526400 388.036800 103.000000 42.000000
V 297.050400 271.476000 96.000000 36.000000
V 425.253600 515.066400 40.000000 30.000000
V 253.821600 454.327200 100.000000 37.000000
V 222.091200 278.467200 126.000000 50.000000
V 162.129600 414.302400 130.000000 46.000000
V 386.712000 502.012800 116.000000 64.000000
V 65.499840 311.832000 131.000000 48.000000
V 567.813600 468.115200 12.000000 12.000000
V 484.228800 478.512000 108.000000 50.000000
V 365.097600 100.015200 10.000000 10.000000
V 220.737600 425.311200 123.000000 22.000000
V 618.429600 415.562400 116.000000 44.000000
V 654.343200 332.517600 40.000000 30.000000
V 643.730400 290.419200 35.000000 27.000000
V 279.057600 199.000800 12.000000 12.000000
V 328.809600 22.608720 82.000000 31.000000
V 416.476800 426.945600 12.000000 12.000000
V 91.166400 565.768800 91.000000 22.000000
E 0 5
E 0 18
E 0 38
E 1 19
E 1 26
E 1 39
E 2 12
E 2 29
E 3 19
E 3 26
E 3 28
E 4 36
E 5 9
E 5 22
E 6 12
E 7 12
E 7 14
E 8 14
E 8 36
E 9 14
E 9 31
E 9 36
E 10 16
E 10 25
E 10 28
E 11 36
E 12 13
E 12 21
E 12 33
E 12 34
E 12 35
E 13 38
E 14 15
E 14 17
E 18 24
E 18 25
E 18 26
E 18 32
E 20 31
E 21 29
E 23 38
E 25 36
E 27 38
E 29 30
E 29 33
E 30 38
E 31 37
G R-HSA-9821993.sbgn 29 32
V 223.610400 170.791200 40.000000 30.000000
V 524.505600 213.667200 48.000000 26.000000
V 237.614400 126.345600 41.000000 30.000000
V 264.240000 291.816000 98.000000 24.000000
V 687.520800 271.252800 92.000000 24.000000
V 541.879200 316.310400 152.000000 39.000000
V 505.173600 249.624000 45.000000 26.000000
V 644.738400 202.204800 80.000000 22.000000
V 592.178400 256.802400 12.000000 12.000000
V 285.732000 205.308000 12.000000 12.000000
V 474.717600 97.812000 204.000000 26.000000
V 450.597600 183.780000 10.000000 10.000000
V 844.488000 321.523200 61.000000 30.000000
V 204.962400 224.834400 97.000000 24.000000
V 563.580000 349.927200 53.000000 22.000000
V 600.919200 164.354400 135.000000 26.000000
V 842.976000 260.251200 59.000000 24.000000
V 558.612000 89.978400 12.000000 12.000000
V 762.984000 389.757600 63.000000 22.000000
V 769.536000 299.750400 12.000000 12.000000
V 81.496800 190.195200 163.000000 27.000000
V 810.288000 220.471200 35.000000 30.000000
V 605.829600 342.309600 66.000000 24.000000
V 631.108800 298.260000 41.000000 22.000000
V 155.325600 154.605600 12.000000 12.000000
V 583.581600 12.499920 91.000000 25.000000
V 811.080000 372.578400 61.000000 30.000000
V 367.797600 194.004000 131.000000 27.000000
V 108.108000 88.459200 98.000000 25.000000
E 0 9
E 0 24
E 1 8
E 1 11
E 2 9
E 2 24
E 3 9
E 4 8
E 4 19
E 5 8
E 6 8
E 6 11
E 7 8
E 8 14
E 8 15
E 8 22
E 8 23
E 9 13
E 9 27
E 10 11
E 10 17
E 11 27
E 12 19
E 13 24
E 15 17
E 16 19
E 17 25
E 18 19
E 19 21
E 19 26
E 20 24
E 24 28
G R-HSA-9832991.sbgn 22 25
V 283.874400 275.112000 69.000000 29.000000
V 358.588800 254.138400 12.000000 12.000000
V 623.080800 53.179200 69.000000 35.000000
V 204.854400 275.810400 59.000000 35.000000
V 617.911200 175.658400 59.000000 31.000000
V 245.844000 199.080000 12.000000 12.000000
V 571.032000 22.540320 182.000000 35.000000
V 391.874400 103.860000 12.000000 12.000000
V 330.040800 170.323200 57.000000 33.000000
V 643.500000 119.376000 96.000000 52.000000
V 104.976000 149.342400 10.000000 10.000000
V 31.000320 134.575200 62.000000 33.000000
V 375.321600 15.500160 58.000000 31.000000
V 563.464800 108.410400 12.000000 12.000000
V 485.172000 224.013600 10.000000 10.000000
V 428.529600 262.303200 96.000000 52.000000
V 183.585600 139.658400 89.000000 37.000000
V 423.057600 34.976160 86.000000 52.000000
V 164.937600 198.648000 96.000000 52.000000
V 478.987200 136.432800 69.000000 31.000000
V 434.145600 297.280800 123.000000 31.000000
V 335.376000 47.778480 64.000000 33.000000
E 0 1
E 0 5
E 1 8
E 1 15
E 1 20
E 2 13
E 3 5
E 4 13
E 5 8
E 5 16
E 5 18
E 6 13
E 7 8
E 7 12
E 7 17
E 7 19
E 7 21
E 9 13
E 10 11
E 10 16
E 10 18
E 13 19
E 14 15
E 14 19
E 14 20
G R-HSA-9833110.sbgn 32 33
V 586.015200 473.767200 87.000000 23.000000
V 404.733600 367.041600 32.000000 23.000000
V 559.224000 420.271200 81.000000 23.000000
V 617.378400 654.228000 10.000000 10.000000
V 765.864000 265.888800 41.000000 23.000000
V 271.764000 287.884800 89.000000 23.000000
V 56.499840 95.212800 113.000000 51.000000
V 202.485600 244.260000 12.000000 12.000000
V 691.142400 406.022400 68.000000 23.000000
V 509.961600 296.042400 54.000000 23.000000
V 738.936000 580.780800 10.000000 10.000000
V 324.021600 351.302400 10.000000 10.000000
V 660.088800 723.096000 40.000000 31.000000
V 829.512000 326.995200 32.000000 23.000000
V 592.286400 732.384000 124.000000 37.000000
V 637.783200 476.820000 10.000000 10.000000
V 963.216000 629.856000 104.000000 23.000000
V 487.425600 375.667200 10.000000 10.000000
V 542.462400 689.745600 160.000000 67.000000
V 273.146400 418.413600 116.000000 23.000000
V 143.755200 192.520800 117.000000 37.000000
V 885.672000 651.398400 10.000000 10.000000
V 203.385600 158.400000 47.000000 23.000000
V 813.816000 614.685600 32.000000 23.000000
V 654.717600 572.421600 51.000000 23.000000
V 750.096000 345.009600 10.000000 10.000000
V 913.536000 727.200000 131.000000 23.000000
V 135.928800 112.672800 10.000000 10.000000
V 709.156800 504.734400 78.000000 23.000000
V 145.058400 32.500080 113.000000 65.000000
V 133.185600 296.899200 25.000000 23.000000
V 576.676800 524.743200 41.000000 23.000000
E 0 15
E 1 11
E 1 17
E 2 15
E 2 17
E 3 12
E 3 14
E 3 18
E 3 24
E 4 25
E 5 7
E 5 11
E 6 27
E 7 20
E 7 22
E 7 30
E 8 15
E 8 25
E 9 17
E 10 23
E 10 24
E 10 28
E 11 19
E 13 25
E 15 24
E 15 28
E 15 31
E 16 21
E 20 27
E 21 23
E 21 26
E 22 27
E 27 29
G R-HSA-9836573.sbgn 20 19
V 239.695200 13.000320 124.000000 26.000000
V 490.284000 333.921600 236.000000 48.000000
V 233.942400 183.139200 105.000000 23.000000
V 133.833600 463.860000 114.000000 38.000000
V 257.565600 335.865600 42.000000 31.000000
V 182.311200 22.197600 30.000000 26.000000
V 176.464800 321.501600 84.000000 24.000000
V 35.505360 358.560000 42.000000 31.000000
V 58.500000 435.333600 117.000000 29.000000
V 223.495200 94.096800 12.000000 12.000000
V 290.131200 38.077200 39.000000 31.000000
V 115.977600 381.391200 12.000000 12.000000
V 251.251200 270.036000 12.000000 12.000000
V 411.357600 350.899200 10.000000 10.000000
V 146.275200 113.032800 256.000000 27.000000
V 303.840000 87.156000 39.000000 31.000000
V 315.993600 243.180000 234.000000 44.000000
V 336.664800 313.963200 102.000000 26.000000
V 438.228000 426.744000 268.000000 43.000000
V 142.552800 61.922160 133.000000 25.000000
E 0 9
E 1 13
E 2 9
E 2 12
E 3 11
E 4 12
E 5 9
E 6 11
E 6 12
E 7 11
E 8 11
E 9 10
E 9 14
E 9 15
E 9 19
E 12 16
E 12 17
E 13 17
E 13 18
G R-HSA-983712.sbgn 33 33
V 91.504800 330.040800 50.000000 30.000000
V 168.321600 14.999760 41.000000 30.000000
V 236.692800 275.472000 24.000000 23.000000
V 495.907200 245.980800 40.000000 30.000000
V 547.588800 188.287200 118.000000 64.000000
V 145.648800 106.416000 12.000000 12.000000
V 492.451200 70.041600 50.000000 22.000000
V 41.204880 274.334400 70.000000 22.000000
V 296.798400 127.231200 36.000000 30.000000
V 122.781600 23.736240 90.000000 30.000000
V 525.873600 100.166400 50.000000 30.000000
V 286.754400 214.005600 12.000000 12.000000
V 547.833600 141.177600 50.000000 30.000000
V 342.338400 279.417600 119.000000 36.000000
V 283.428000 285.501600 67.000000 35.000000
V 85.816800 48.044880 43.000000 30.000000
V 321.127200 159.372000 71.000000 22.000000
V 110.743200 220.478400 12.000000 12.000000
V 130.356000 368.892000 70.000000 28.000000
V 24.999840 211.356000 50.000000 30.000000
V 264.556800 158.112000 50.000000 30.000000
V 455.162400 80.006400 42.000000 22.000000
V 530.985600 229.363200 50.000000 30.000000
V 182.203200 380.246400 36.000000 30.000000
V 164.260800 290.556000 12.000000 12.000000
V 471.074400 161.524800 12.000000 12.000000
V 190.533600 46.820160 50.000000 30.000000
V 188.258400 196.826400 50.000000 30.000000
V 61.194960 85.370400 27.000000 30.000000
V 341.100000 237.232800 30.000000 22.000000
V 384.199200 182.916000 28.000000 22.000000
V 313.545600 306.381600 79.000000 36.000000
V 69.132240 126.691200 40.000000 30.000000
E 0 24
E 1 5
E 2 11
E 2 24
E 3 25
E 4 25
E 5 9
E 5 15
E 5 26
E 5 27
E 5 28
E 5 32
E 6 25
E 7 17
E 8 11
E 10 25
E 11 13
E 11 14
E 11 16
E 11 20
E 11 27
E 11 29
E 11 30
E 11 31
E 12 25
E 17 19
E 17 27
E 18 24
E 21 25
E 22 25
E 23 24
E 24 27
E 25 30
G R-HSA-9837999.sbgn 17 18
V 118.238400 268.308000 49.000000 31.000000
V 260.424000 312.069600 43.000000 31.000000
V 298.353600 15.500160 41.000000 31.000000
V 210.852000 335.714400 43.000000 31.000000
V 303.674400 99.259200 12.000000 12.000000
V 153.079200 317.260800 35.000000 33.000000
V 105.998400 86.680800 212.000000 47.000000
V 331.963200 214.862400 10.000000 10.000000
V 174.405600 136.562400 10.000000 10.000000
V 203.155200 251.776800 12.000000 12.000000
V 401.997600 262.936800 154.000000 65.000000
V 247.449600 37.885680 35.000000 33.000000
V 389.412000 84.837600 42.000000 31.000000
V 253.260000 175.406400 164.000000 29.000000
V 368.316000 149.364000 166.000000 53.000000
V 137.440800 202.190400 222.000000 41.000000
V 355.881600 35.313120 44.000000 31.000000
E 0 9
E 1 9
E 2 4
E 3 9
E 4 11
E 4 12
E 4 13
E 4 14
E 4 16
E 5 9
E 6 8
E 7 10
E 7 13
E 7 14
E 8 13
E 8 15
E 9 13
E 9 15
G R-HSA-9840373.sbgn 20 19
V 854.568000 199.857600 39.000000 31.000000
V 663.242400 292.017600 107.000000 24.000000
V 117.648000 267.242400 149.000000 27.000000
V 237.110400 183.132000 169.000000 27.000000
V 538.473600 195.465600 119.000000 28.000000
V 383.709600 170.661600 125.000000 27.000000
V 293.781600 63.069840 79.000000 28.000000
V 816.264000 267.480000 162.000000 22.000000
V 308.282400 144.648000 10.000000 10.000000
V 775.440000 193.406400 12.000000 12.000000
V 689.472000 92.779200 12.000000 12.000000
V 159.768000 199.900800 12.000000 12.000000
V 96.501600 150.818400 193.000000 29.000000
V 616.219200 322.185600 43.000000 28.000000
V 616.939200 230.637600 12.000000 12.000000
V 460.015200 182.786400 12.000000 12.000000
V 706.831200 14.500080 162.000000 29.000000
V 688.975200 177.235200 151.000000 28.000000
V 569.469600 289.166400 71.000000 23.000000
V 824.328000 126.028800 45.000000 24.000000
E 0 9
E 1 14
E 2 11
E 3 8
E 3 11
E 4 14
E 4 15
E 5 8
E 5 15
E 6 8
E 7 9
E 9 17
E 9 19
E 10 16
E 10 17
E 11 12
E 13 14
E 14 17
E 14 18
G R-HSA-9841251.sbgn 36 39
V 405.748800 530.323200 89.000000 51.000000
V 660.276000 94.989600 12.000000 12.000000
V 599.270400 146.246400 169.000000 31.000000
V 535.536000 621.878400 62.000000 24.000000
V 241.502400 310.564800 87.000000 51.000000
V 254.685600 389.937600 10.000000 10.000000
V 188.114400 326.066400 300.000000 22.000000
V 133.704000 180.676800 59.000000 24.000000
V 664.459200 14.500080 67.000000 29.000000
V 740.664000 102.650400 42.000000 30.000000
V 181.015200 247.917600 12.000000 12.000000
V 382.406400 239.356800 42.000000 30.000000
V 284.853600 562.392000 12.000000 12.000000
V 611.784000 241.768800 228.000000 26.000000
V 271.036800 645.724800 84.000000 51.000000
V 504.410400 119.973600 132.000000 29.000000
V 538.329600 198.453600 12.000000 12.000000
V 174.664800 376.077600 88.000000 51.000000
V 103.125600 545.500800 56.000000 24.000000
V 256.500000 484.480800 45.000000 23.000000
V 86.270400 483.314400 86.000000 51.000000
V 171.223200 495.079200 12.000000 12.000000
V 106.927200 323.474400 12.000000 12.000000
V 345.844800 375.998400 130.000000 22.000000
V 479.232000 564.192000 12.000000 12.000000
V 334.332000 631.879200 60.000000 41.000000
V 102.060000 778.824000 48.000000 24.000000
V 348.242400 466.056000 10.000000 10.000000
V 211.636800 556.891200 12.000000 12.000000
V 410.587200 312.300000 12.000000 12.000000
V 128.383200 707.083200 12.000000 12.000000
V 475.329600 253.684800 47.000000 27.000000
V 31.500000 291.009600 63.000000 25.000000
V 479.764800 346.039200 40.000000 30.000000
V 165.902400 634.975200 43.000000 24.000000
V 428.954400 496.987200 231.000000 22.000000
E 0 24
E 0 27
E 1 2
E 1 8
E 1 9
E 2 16
E 3 24
E 4 5
E 4 10
E 5 6
E 5 17
E 5 19
E 5 23
E 6 10
E 6 22
E 7 10
E 11 29
E 12 14
E 12 19
E 12 25
E 13 16
E 15 16
E 16 31
E 17 22
E 18 21
E 19 21
E 19 27
E 19 28
E 20 21
E 22 32
E 23 27
E 23 29
E 24 35
E 26 30
E 27 35
E 28 34
E 29 31
E 29 33
E 30 34
G R-HSA-9842640.sbgn 15 14
V 279.230400 283.651200 41.000000 31.000000
V 203.234400 37.583280 100.000000 51.000000
V 81.403200 51.218640 44.000000 29.000000
V 149.529600 98.481600 12.000000 12.000000
V 190.634400 177.904800 118.000000 51.000000
V 58.999680 273.960000 118.000000 51.000000
V 500.832000 128.995200 125.000000 37.000000
V 130.896000 329.774400 61.000000 25.000000
V 69.406560 115.905600 111.000000 37.000000
V 276.609600 200.059200 12.000000 12.000000
V 142.135200 15.500160 40.000000 31.000000
V 334.584000 253.972800 40.000000 31.000000
V 350.280000 157.838400 125.000000 51.000000
V 427.392000 142.718400 10.000000 10.000000
V 136.245600 247.975200 12.000000 12.000000
E 0 9
E 1 3
E 2 3
E 3 4
E 3 8
E 3 10
E 4 9
E 4 14
E 5 14
E 6 13
E 7 14
E 9 11
E 9 12
E 12 13
G R-HSA-9842663.sbgn 34 33
V 59.854320 613.807200 78.000000 30.000000
V 866.376000 561.247200 79.000000 57.000000
V 39.499920 511.632000 79.000000 26.000000
V 440.416800 667.958400 96.000000 38.000000
V 324.734400 678.628800 113.000000 46.000000
V 334.843200 587.779200 10.000000 10.000000
V 290.721600 34.899120 74.000000 31.000000
V 439.891200 217.130400 53.000000 33.000000
V 640.663200 562.046400 12.000000 12.000000
V 358.300800 168.364800 107.000000 51.000000
V 683.906400 491.104800 44.000000 34.000000
V 364.392000 251.136000 12.000000 12.000000
V 244.476000 446.911200 40.000000 31.000000
V 650.692800 646.560000 36.000000 28.000000
V 351.691200 87.825600 10.000000 10.000000
V 445.320000 390.657600 109.000000 37.000000
V 797.904000 603.705600 10.000000 10.000000
V 376.048800 516.492000 119.000000 51.000000
V 271.807200 646.761600 61.000000 25.000000
V 240.228000 564.976800 41.000000 31.000000
V 497.779200 587.988000 77.000000 37.000000
V 367.984800 337.327200 81.000000 39.000000
V 558.900000 532.209600 81.000000 40.000000
V 468.396000 523.116000 10.000000 10.000000
V 398.872800 594.972000 12.000000 12.000000
V 284.796000 229.284000 51.000000 36.000000
V 402.876000 25.500240 126.000000 51.000000
V 110.642400 548.121600 10.000000 10.000000
V 720.072000 582.984000 81.000000 47.000000
V 381.679200 425.973600 10.000000 10.000000
V 191.059200 519.652800 104.000000 38.000000
V 840.024000 672.732000 57.000000 26.000000
V 284.997600 508.356000 12.000000 12.000000
V 381.528000 685.339200 58.000000 33.000000
E 0 27
E 1 16
E 2 27
E 3 24
E 4 5
E 5 17
E 5 18
E 6 14
E 7 11
E 8 10
E 8 13
E 8 22
E 8 28
E 9 11
E 9 14
E 11 21
E 11 25
E 12 32
E 14 26
E 15 29
E 16 28
E 16 31
E 17 23
E 17 24
E 17 29
E 17 32
E 19 32
E 20 23
E 21 29
E 22 23
E 24 33
E 27 30
E 30 32
G R-HSA-9843743.sbgn 32 36
V 335.620800 270.540000 97.000000 23.000000
V 388.555200 352.591200 77.000000 52.000000
V 249.580800 79.992000 140.000000 39.000000
V 177.336000 530.042400 71.000000 23.000000
V 515.109600 304.725600 126.000000 93.000000
V 265.874400 229.723200 61.000000 22.000000
V 42.500160 369.086400 85.000000 52.000000
V 269.143200 296.272800 12.000000 12.000000
V 273.254400 469.526400 12.000000 12.000000
V 287.546400 71.500320 102.000000 143.000000
V 146.584800 264.348000 77.000000 52.000000
V 189.381600 254.340000 102.000000 37.000000
V 339.264000 526.730400 113.000000 161.000000
V 272.750400 553.435200 134.000000 93.000000
V 264.996000 353.332800 44.000000 23.000000
V 360.216000 97.509600 93.000000 49.000000
V 501.321600 214.934400 92.000000 140.000000
V 127.994400 393.292800 12.000000 12.000000
V 115.192800 499.154400 72.000000 52.000000
V 58.125600 441.640800 62.000000 25.000000
V 209.433600 78.062400 78.000000 23.000000
V 181.044000 444.477600 12.000000 12.000000
V 297.518400 334.569600 12.000000 12.000000
V 228.016800 386.215200 111.000000 37.000000
V 229.593600 299.073600 12.000000 12.000000
V 141.213600 109.569600 111.000000 120.000000
V 286.754400 147.996000 10.000000 10.000000
V 223.898400 151.221600 12.000000 12.000000
V 167.176800 354.297600 70.000000 50.000000
V 435.535200 266.205600 12.000000 12.000000
V 358.192800 400.269600 53.000000 23.000000
V 355.039200 318.708000 71.000000 52.000000
E 0 7
E 0 24
E 0 29
E 1 22
E 2 26
E 2 27
E 3 21
E 4 29
E 5 7
E 5 22
E 5 24
E 5 26
E 5 27
E 6 17
E 7 11
E 7 23
E 7 31
E 8 12
E 8 13
E 8 23
E 9 27
E 10 24
E 14 24
E 15 26
E 16 29
E 17 19
E 17 23
E 18 21
E 20 26
E 21 23
E 21 28
E 22 23
E 22 30
E 23 24
E 24 28
E 25 27
G R-HSA-9854311.sbgn 25 27
V 221.522400 28.252800 40.000000 23.000000
V 75.240000 245.613600 86.000000 23.000000
V 205.819200 151.797600 55.000000 23.000000
V 334.792800 129.319200 124.000000 37.000000
V 339.112800 54.835920 48.000000 31.000000
V 63.000000 177.264000 126.000000 23.000000
V 178.912800 126.014400 55.000000 23.000000
V 346.644000 325.792800 55.000000 23.000000
V 263.620800 18.499680 107.000000 37.000000
V 285.264000 357.624000 121.000000 23.000000
V 306.144000 27.452160 79.000000 23.000000
V 380.858400 477.871200 75.000000 26.000000
V 293.731200 191.577600 123.000000 51.000000
V 356.990400 94.406400 70.000000 23.000000
V 399.744000 633.787200 41.000000 23.000000
V 496.094400 540.194400 40.000000 31.000000
V 266.868000 102.211200 12.000000 12.000000
V 194.457600 58.872960 125.000000 23.000000
V 276.955200 276.242400 12.000000 12.000000
V 410.860800 554.054400 12.000000 12.000000
V 188.640000 278.265600 129.000000 51.000000
V 144.129600 203.270400 10.000000 10.000000
V 349.804800 405.604800 10.000000 10.000000
V 473.004000 604.195200 55.000000 23.000000
V 340.675200 603.972000 49.000000 31.000000
E 0 16
E 1 21
E 2 16
E 2 21
E 3 16
E 4 16
E 5 21
E 6 16
E 6 21
E 7 18
E 7 22
E 8 16
E 9 18
E 9 22
E 10 16
E 11 19
E 11 22
E 12 16
E 12 18
E 13 16
E 14 19
E 15 19
E 16 17
E 18 20
E 19 23
E 19 24
E 20 21
G R-HSA-9856872.sbgn 34 39
V 270.532800 407.318400 40.000000 32.000000
V 360.295200 392.371200 78.000000 35.000000
V 107.884800 473.018400 34.000000 31.000000
V 196.581600 523.497600 45.000000 37.000000
V 311.004000 152.848800 12.000000 12.000000
V 27.464400 109.468800 32.000000 31.000000
V 142.776000 231.652800 43.000000 33.000000
V 521.676000 206.294400 44.000000 36.000000
V 61.478640 48.617280 35.000000 30.000000
V 445.896000 236.152800 12.000000 12.000000
V 143.164800 509.623200 50.000000 36.000000
V 220.881600 105.379200 39.000000 32.000000
V 206.906400 154.569600 32.000000 31.000000
V 245.188800 508.154400 50.000000 28.000000
V 497.462400 305.114400 47.000000 36.000000
V 307.130400 243.180000 40.000000 32.000000
V 493.927200 163.677600 48.000000 37.000000
V 132.285600 375.451200 37.000000 36.000000
V 121.442400 108.259200 12.000000 12.000000
V 163.468800 144.957600 12.000000 12.000000
V 392.868000 165.528000 36.000000 30.000000
V 350.784000 72.943200 45.000000 37.000000
V 523.245600 261.345600 32.000000 31.000000
V 76.348800 127.108800 30.000000 30.000000
V 226.598400 309.880800 38.000000 32.000000
V 308.764800 328.060800 12.000000 12.000000
V 137.563200 293.227200 12.000000 12.000000
V 259.725600 122.212800 50.000000 33.000000
V 165.434400 48.331440 92.000000 25.000000
V 121.147200 16.500240 94.000000 33.000000
V 394.149600 307.965600 47.000000 39.000000
V 112.219200 200.469600 40.000000 26.000000
V 52.999920 313.660800 106.000000 37.000000
V 189.352800 442.598400 12.000000 12.000000
E 0 25
E 0 33
E 1 25
E 2 33
E 3 33
E 4 11
E 4 15
E 4 20
E 4 21
E 4 27
E 5 18
E 6 19
E 6 26
E 7 9
E 8 18
E 9 14
E 9 16
E 9 20
E 9 22
E 9 30
E 10 33
E 11 18
E 11 19
E 12 19
E 13 33
E 15 25
E 17 26
E 17 33
E 18 29
E 18 31
E 19 23
E 19 27
E 19 28
E 19 31
E 24 25
E 24 26
E 25 30
E 26 31
E 26 32
G R-HSA-9857492.sbgn 25 28
V 274.982400 170.740800 140.000000 24.000000
V 282.715200 19.099440 79.000000 23.000000
V 307.908000 243.655200 12.000000 12.000000
V 47.337120 252.511200 39.000000 23.000000
V 279.979200 57.726000 78.000000 25.000000
V 169.768800 106.970400 48.000000 31.000000
V 236.563200 102.024000 12.000000 12.000000
V 237.376800 15.500160 39.000000 31.000000
V 171.201600 43.096320 80.000000 23.000000
V 208.216800 365.025600 88.000000 29.000000
V 182.368800 181.569600 114.000000 22.000000
V 331.884000 323.085600 102.000000 41.000000
V 325.044000 61.983360 43.000000 31.000000
V 129.556800 227.239200 12.000000 12.000000
V 142.516800 358.862400 71.000000 24.000000
V 225.316800 274.600800 40.000000 23.000000
V 200.390400 21.763440 60.000000 31.000000
V 47.499840 191.390400 95.000000 29.000000
V 149.911200 73.785600 96.000000 23.000000
V 100.900800 298.857600 40.000000 23.000000
V 306.792000 160.365600 32.000000 31.000000
V 175.946400 280.166400 12.000000 12.000000
V 376.891200 288.540000 40.000000 23.000000
V 396.108000 235.792800 88.000000 24.000000
V 318.736800 100.922400 51.000000 31.000000
E 0 2
E 0 6
E 1 6
E 2 11
E 2 15
E 2 20
E 2 22
E 2 23
E 3 13
E 4 6
E 5 6
E 6 7
E 6 8
E 6 10
E 6 12
E 6 16
E 6 18
E 6 20
E 6 24
E 9 21
E 10 13
E 10 21
E 13 15
E 13 17
E 13 19
E 14 21
E 15 21
E 19 21
G R-HSA-9860276.sbgn 18 18
V 497.671200 149.004000 117.000000 37.000000
V 622.663200 428.745600 37.000000 23.000000
V 52.500240 50.963760 105.000000 37.000000
V 513.345600 450.475200 117.000000 23.000000
V 541.022400 72.273600 10.000000 10.000000
V 421.250400 109.972800 12.000000 12.000000
V 595.785600 11.499840 34.000000 23.000000
V 625.636800 184.219200 40.000000 31.000000
V 188.985600 104.414400 105.000000 37.000000
V 340.322400 129.146400 86.000000 23.000000
V 555.379200 383.248800 10.000000 10.000000
V 536.450400 303.638400 93.000000 23.000000
V 621.180000 243.835200 41.000000 31.000000
V 469.756800 40.812480 125.000000 37.000000
V 116.784000 87.134400 12.000000 12.000000
V 547.358400 219.276000 12.000000 12.000000
V 392.464800 33.935040 118.000000 37.000000
V 262.209600 123.249600 10.000000 10.000000
E 0 4
E 0 5
E 0 15
E 1 10
E 2 14
E 3 10
E 4 6
E 4 13
E 5 9
E 5 13
E 5 16
E 7 15
E 8 14
E 8 17
E 9 17
E 10 11
E 11 15
E 12 15
G R-HSA-9909620.sbgn 39 50
V 203.040000 77.191200 123.000000 37.000000
V 306.237600 286.639200 10.000000 10.000000
V 342.021600 222.091200 10.000000 10.000000
V 298.792800 392.450400 95.000000 37.000000
V 274.701600 186.228000 123.000000 37.000000
V 106.545600 195.537600 113.000000 52.000000
V 207.568800 277.567200 10.000000 10.000000
V 239.047200 127.512000 10.000000 10.000000
V 326.304000 151.344000 10.000000 10.000000
V 437.680800 169.027200 87.000000 37.000000
V 164.167200 82.764000 123.000000 37.000000
V 116.172000 136.396800 123.000000 51.000000
V 270.460800 301.176000 10.000000 10.000000
V 138.592800 240.177600 94.000000 51.000000
V 363.700800 361.612800 116.000000 37.000000
V 297.410400 130.168800 10.000000 10.000000
V 409.276800 102.888000 118.000000 37.000000
V 239.241600 79.740000 123.000000 51.000000
V 108.446400 341.978400 95.000000 37.000000
V 228.621600 399.196800 95.000000 37.000000
V 179.460000 242.877600 123.000000 37.000000
V 62.500320 240.926400 125.000000 37.000000
V 263.851200 220.939200 126.000000 53.000000
V 170.128800 206.892000 10.000000 10.000000
V 344.109600 183.261600 10.000000 10.000000
V 356.911200 50.547600 95.000000 37.000000
V 436.327200 241.574400 118.000000 37.000000
V 175.694400 275.205600 10.000000 10.000000
V 125.676000 96.876000 50.000000 23.000000
V 335.556000 258.444000 10.000000 10.000000
V 163.504800 372.060000 118.000000 37.000000
V 131.889600 185.493600 123.000000 51.000000
V 196.610400 160.344000 12.000000 12.000000
V 414.828000 307.296000 95.000000 37.000000
V 273.823200 98.049600 123.000000 37.000000
V 232.286400 304.466400 10.000000 10.000000
V 226.116000 228.528000 132.000000 37.000000
V 268.394400 146.440800 123.000000 51.000000
V 262.620000 18.499680 87.000000 37.000000
E 0 15
E 0 32
E 1 14
E 1 22
E 1 36
E 2 22
E 2 26
E 2 37
E 3 12
E 4 29
E 4 32
E 5 27
E 5 32
E 6 22
E 6 30
E 6 31
E 7 10
E 7 22
E 7 38
E 8 16
E 8 17
E 8 22
E 9 24
E 10 32
E 11 23
E 11 32
E 12 20
E 12 22
E 13 32
E 13 35
E 15 22
E 15 25
E 17 32
E 18 27
E 19 35
E 20 32
E 21 23
E 22 23
E 22 24
E 22 27
E 22 29
E 22 32
E 22 35
E 24 34
E 28 32
E 29 33
E 31 32
E 32 34
E 32 36
E 32 37
G R-HSA-9913351.sbgn 35 36
V 888.480000 548.539200 108.000000 68.000000
V 392.810400 226.605600 128.000000 37.000000
V 268.372800 271.152000 110.000000 51.000000
V 578.462400 1201.032000 124.000000 36.000000
V 722.232000 1004.040000 87.000000 41.000000
V 125.416800 277.048800 74.000000 23.000000
V 196.329600 234.619200 10.000000 10.000000
V 548.035200 1125.504000 10.000000 10.000000
V 172.144800 157.053600 126.000000 51.000000
V 435.636000 432.057600 10.000000 10.000000
V 908.712000 623.239200 100.000000 45.000000
V 638.510400 990.216000 10.000000 10.000000
V 700.149600 706.867200 78.000000 37.000000
V 149.054400 11.499840 90.000000 23.000000
V 345.866400 296.107200 10.000000 10.000000
V 493.380000 373.644000 126.000000 37.000000
V 545.911200 549.576000 12.000000 12.000000
V 384.458400 367.912800 89.000000 37.000000
V 606.016800 602.827200 106.000000 51.000000
V 131.162400 89.272800 10.000000 10.000000
V 369.014400 481.428000 130.000000 37.000000
V 626.450400 907.704000 111.000000 56.000000
V 578.080800 1049.760000 88.000000 37.000000
V 490.392000 493.113600 112.000000 51.000000
V 673.135200 654.307200 10.000000 10.000000
V 640.015200 743.904000 108.000000 53.000000
V 687.535200 1051.488000 86.000000 37.000000
V 476.344800 1158.840000 121.000000 34.000000
V 51.999840 76.917600 104.000000 51.000000
V 1040.760000 550.281600 108.000000 33.000000
V 761.976000 649.022400 113.000000 37.000000
V 629.841600 826.848000 12.000000 12.000000
V 828.360000 604.008000 12.000000 12.000000
V 744.768000 603.036000 123.000000 51.000000
V 966.312000 567.885600 12.000000 12.000000
E 0 32
E 0 34
E 1 14
E 2 6
E 2 14
E 3 7
E 4 11
E 5 6
E 6 8
E 7 22
E 7 27
E 8 19
E 9 15
E 9 17
E 9 20
E 9 23
E 10 32
E 10 34
E 11 21
E 11 22
E 11 26
E 12 24
E 13 19
E 14 17
E 16 18
E 16 23
E 18 24
E 19 28
E 21 31
E 24 25
E 24 30
E 24 33
E 25 31
E 29 34
E 30 32
E 32 33
G R-HSA-9918476.sbgn 36 36
V 697.140000 144.993600 128.000000 37.000000
V 858.528000 150.242400 120.000000 37.000000
V 441.475200 89.179200 56.000000 23.000000
V 938.664000 172.879200 10.000000 10.000000
V 533.707200 185.925600 132.000000 35.000000
V 173.275200 90.763200 10.000000 10.000000
V 736.560000 40.795920 87.000000 31.000000
V 1000.800000 116.020800 29.000000 31.000000
V 160.948800 430.848000 45.000000 37.000000
V 271.360800 462.182400 158.000000 53.000000
V 451.152000 176.680800 12.000000 12.000000
V 298.728000 222.069600 12.000000 12.000000
V 837.576000 73.706400 32.000000 31.000000
V 619.668000 184.903200 12.000000 12.000000
V 230.436000 149.169600 53.000000 35.000000
V 816.696000 27.254880 56.000000 31.000000
V 987.696000 237.391200 125.000000 37.000000
V 615.600000 266.227200 102.000000 31.000000
V 250.596000 259.898400 35.000000 23.000000
V 275.479200 315.972000 86.000000 37.000000
V 25.500240 489.168000 51.000000 23.000000
V 225.172800 212.983200 57.000000 23.000000
V 104.320800 569.700000 44.000000 23.000000
V 657.280800 258.962400 63.000000 23.000000
V 1050.264000 281.217600 12.000000 12.000000
V 119.613600 36.304560 45.000000 22.000000
V 792.576000 175.730400 69.000000 23.000000
V 385.020000 232.387200 43.000000 23.000000
V 601.603200 108.115200 66.000000 31.000000
V 373.550400 187.156800 130.000000 37.000000
V 1115.640000 316.303200 92.000000 25.000000
V 105.422400 488.772000 12.000000 12.000000
V 771.120000 11.499840 41.000000 23.000000
V 232.840800 390.052800 12.000000 12.000000
V 776.520000 104.292000 12.000000 12.000000
V 288.475200 149.004000 32.000000 31.000000
E 0 13
E 0 34
E 1 3
E 1 34
E 2 10
E 3 7
E 3 16
E 4 10
E 4 13
E 5 14
E 5 25
E 6 34
E 8 31
E 8 33
E 9 33
E 10 27
E 10 29
E 11 14
E 11 18
E 11 19
E 11 21
E 11 27
E 11 29
E 11 35
E 12 34
E 13 17
E 13 23
E 13 28
E 15 34
E 16 24
E 19 33
E 20 31
E 22 31
E 24 30
E 26 34
E 32 34
G R-HSA-9918481.sbgn 20 20
V 39.000240 378.799200 78.000000 25.000000
V 259.927200 26.500320 72.000000 53.000000
V 373.500000 385.012800 76.000000 44.000000
V 110.642400 251.330400 60.000000 39.000000
V 420.076800 199.728000 60.000000 53.000000
V 206.510400 428.248800 12.000000 12.000000
V 226.555200 100.123200 10.000000 10.000000
V 329.630400 430.516800 56.000000 26.000000
V 132.372000 203.284800 54.000000 28.000000
V 294.444000 355.305600 10.000000 10.000000
V 167.263200 43.136640 73.000000 47.000000
V 121.989600 382.161600 10.000000 10.000000
V 209.217600 510.710400 82.000000 37.000000
V 203.875200 346.557600 85.000000 36.000000
V 335.728800 200.973600 10.000000 10.000000
V 385.120800 137.347200 53.000000 32.000000
V 192.376800 256.312800 12.000000 12.000000
V 248.673600 184.708800 75.000000 24.000000
V 81.820800 454.514400 72.000000 38.000000
V 337.708800 283.514400 70.000000 36.000000
E 0 11
E 1 6
E 2 9
E 3 16
E 4 14
E 5 12
E 5 13
E 6 10
E 6 17
E 7 9
E 8 16
E 9 13
E 9 19
E 11 13
E 11 18
E 13 16
E 14 15
E 14 17
E 14 19
E 16 17
G R-HSA-9918485.sbgn 23 22
V 158.666400 353.736000 80.000000 35.000000
V 295.236000 332.568000 39.000000 23.000000
V 45.424800 133.689600 52.000000 26.000000
V 361.893600 273.520800 96.000000 38.000000
V 121.226400 124.956000 55.000000 21.000000
V 32.832000 220.809600 47.000000 23.000000
V 322.300800 69.849360 88.000000 37.000000
V 291.729600 222.415200 10.000000 10.000000
V 214.444800 109.087200 10.000000 10.000000
V 81.604800 104.400000 98.000000 44.000000
V 253.008000 30.276000 97.000000 51.000000
V 113.047200 190.238400 10.000000 10.000000
V 219.981600 294.487200 10.000000 10.000000
V 210.744000 199.332000 79.000000 35.000000
V 57.196080 258.854400 48.000000 28.000000
V 279.482400 146.700000 10.000000 10.000000
V 364.428000 126.734400 66.000000 33.000000
V 184.176000 25.500240 118.000000 51.000000
V 203.587200 378.691200 46.000000 23.000000
V 258.674400 370.641600 92.000000 37.000000
V 101.980800 261.100800 46.000000 31.000000
V 29.000160 175.903200 58.000000 23.000000
V 378.086400 206.143200 96.000000 26.000000
E 0 12
E 1 12
E 2 11
E 3 7
E 4 11
E 5 11
E 6 15
E 7 13
E 7 22
E 8 10
E 8 13
E 8 17
E 9 11
E 11 13
E 11 14
E 11 20
E 11 21
E 12 13
E 12 18
E 12 19
E 13 15
E 15 16
G R-HSA-9920588.sbgn 17 16
V 46.149840 101.476800 47.000000 50.000000
V 345.276000 207.208800 81.000000 32.000000
V 134.625600 30.520800 34.000000 24.000000
V 55.817280 288.748800 44.000000 50.000000
V 180.864000 101.059200 10.000000 10.000000
V 229.665600 264.369600 10.000000 10.000000
V 133.149600 255.787200 10.000000 10.000000
V 214.351200 23.999760 39.000000 48.000000
V 104.738400 161.784000 10.000000 10.000000
V 310.687200 86.335200 55.000000 50.000000
V 187.927200 187.912800 85.000000 21.000000
V 22.500000 179.344800 45.000000 26.000000
V 354.405600 139.622400 51.000000 33.000000
V 230.572800 348.868800 37.000000 48.000000
V 119.484000 338.968800 72.000000 34.000000
V 274.291200 162.108000 10.000000 10.000000
V 300.117600 310.435200 36.000000 24.000000
E 0 8
E 1 15
E 2 4
E 3 6
E 4 7
E 4 10
E 5 10
E 5 13
E 5 16
E 6 10
E 6 14
E 8 10
E 8 11
E 9 15
E 10 15
E 12 15
G R-HSA-9927353.sbgn 15 14
V 35.500320 95.860800 71.000000 22.000000
V 310.636800 162.259200 45.000000 26.000000
V 266.940000 127.533600 86.000000 32.000000
V 186.739200 412.322400 119.000000 24.000000
V 371.980800 289.576800 10.000000 10.000000
V 285.019200 282.348000 100.000000 48.000000
V 172.908000 150.602400 82.000000 36.000000
V 445.420800 252.381600 56.000000 22.000000
V 115.488000 93.211200 10.000000 10.000000
V 117.331200 12.499920 43.000000 25.000000
V 241.020000 203.940000 12.000000 12.000000
V 173.059200 242.344800 44.000000 25.000000
V 251.560800 362.642400 10.000000 10.000000
V 278.359200 438.307200 92.000000 36.000000
V 427.600800 346.960800 119.000000 22.000000
E 0 8
E 1 10
E 2 10
E 3 12
E 4 5
E 4 7
E 4 14
E 5 10
E 5 12
E 6 8
E 6 10
E 8 9
E 10 11
E 12 13
G R-HSA-9930044.sbgn 34 46
V 360.698400 568.130400 124.000000 39.000000
V 133.804800 318.564000 120.000000 29.000000
V 328.608000 42.500160 150.000000 85.000000
V 296.193600 309.808800 122.000000 27.000000
V 61.565040 365.738400 10.000000 10.000000
V 227.282400 606.420000 131.000000 51.000000
V 159.897600 477.252000 10.000000 10.000000
V 427.996800 181.656000 62.000000 27.000000
V 365.630400 160.214400 68.000000 29.000000
V 392.810400 180.806400 62.000000 25.000000
V 396.468000 270.540000 124.000000 29.000000
V 136.857600 350.798400 183.000000 41.000000
V 289.692000 619.063200 78.000000 31.000000
V 109.130400 541.807200 153.000000 31.000000
V 246.672000 449.092800 119.000000 27.000000
V 417.470400 426.952800 143.000000 51.000000
V 259.070400 160.970400 122.000000 29.000000
V 424.389600 31.916880 65.000000 23.000000
V 219.614400 356.990400 12.000000 12.000000
V 246.189600 84.967200 10.000000 10.000000
V 169.430400 406.980000 61.000000 25.000000
V 73.000800 451.389600 146.000000 45.000000
V 329.608800 224.474400 12.000000 12.000000
V 428.983200 515.304000 10.000000 10.000000
V 248.011200 182.613600 154.000000 101.000000
V 325.576800 393.904800 12.000000 12.000000
V 393.228000 450.511200 120.000000 29.000000
V 347.356800 443.080800 65.000000 27.000000
V 322.430400 133.603200 70.000000 25.000000
V 412.545600 206.906400 55.000000 23.000000
V 477.403200 76.168800 180.000000 53.000000
V 331.646400 162.964800 59.000000 25.000000
V 397.922400 107.150400 10.000000 10.000000
V 275.090400 537.962400 12.000000 12.000000
E 0 23
E 0 33
E 1 4
E 1 18
E 2 19
E 2 32
E 3 18
E 3 22
E 3 25
E 4 11
E 4 21
E 5 33
E 6 13
E 6 14
E 6 20
E 6 21
E 7 22
E 7 32
E 8 22
E 8 32
E 9 22
E 9 32
E 10 22
E 11 18
E 12 33
E 14 18
E 14 25
E 14 33
E 15 23
E 15 25
E 16 19
E 16 22
E 17 32
E 18 20
E 19 24
E 22 24
E 22 28
E 22 29
E 22 31
E 23 26
E 25 26
E 25 27
E 28 32
E 29 32
E 30 32
E 31 32
G R-HSA-9931529.sbgn 17 16
V 37.499760 125.992800 75.000000 27.000000
V 267.919200 181.346400 10.000000 10.000000
V 425.556000 41.119200 50.000000 33.000000
V 258.127200 346.471200 12.000000 12.000000
V 467.676000 197.877600 49.000000 33.000000
V 116.640000 97.639200 12.000000 12.000000
V 44.338320 59.218560 77.000000 27.000000
V 488.498400 68.130720 58.000000 28.000000
V 263.088000 266.990400 237.000000 26.000000
V 152.913600 25.313760 42.000000 31.000000
V 259.747200 422.503200 229.000000 27.000000
V 78.883200 170.373600 54.000000 23.000000
V 347.292000 149.313600 140.000000 28.000000
V 508.384800 142.156800 57.000000 26.000000
V 193.960800 138.016800 100.000000 28.000000
V 94.183200 15.500160 39.000000 31.000000
V 428.724000 124.221600 12.000000 12.000000
E 0 5
E 1 8
E 1 12
E 1 14
E 2 16
E 3 8
E 3 10
E 4 16
E 5 6
E 5 9
E 5 11
E 5 14
E 5 15
E 7 16
E 12 16
E 13 16
G R-HSA-9931530.sbgn 21 20
V 57.639600 42.516000 52.000000 32.000000
V 517.888800 225.252000 418.000000 30.000000
V 257.428800 105.775200 48.000000 30.000000
V 227.901600 271.490400 51.000000 29.000000
V 261.583200 184.384800 12.000000 12.000000
V 26.500320 112.298400 53.000000 29.000000
V 435.751200 207.410400 12.000000 12.000000
V 493.423200 148.334400 148.000000 24.000000
V 182.073600 142.920000 102.000000 31.000000
V 118.454400 19.000080 53.000000 38.000000
V 452.217600 122.536800 113.000000 25.000000
V 106.027200 106.063200 12.000000 12.000000
V 591.537600 250.408800 12.000000 12.000000
V 273.715200 259.855200 106.000000 23.000000
V 465.256800 281.419200 43.000000 34.000000
V 350.301600 194.457600 340.000000 31.000000
V 299.174400 112.384800 50.000000 28.000000
V 201.967200 229.903200 52.000000 30.000000
V 654.465600 289.843200 377.000000 29.000000
V 419.227200 293.436000 42.000000 31.000000
V 49.221360 173.505600 52.000000 34.000000
E 0 11
E 1 6
E 1 12
E 2 4
E 3 4
E 4 8
E 4 13
E 4 15
E 4 16
E 4 17
E 5 11
E 6 7
E 6 10
E 6 14
E 6 15
E 6 19
E 8 11
E 9 11
E 11 20
E 12 18
G R-HSA-9932298.sbgn 20 21
V 472.003200 733.680000 10.000000 10.000000
V 514.267200 795.096000 118.000000 29.000000
V 125.416800 426.160800 36.000000 27.000000
V 194.666400 379.123200 12.000000 12.000000
V 101.498400 157.024800 203.000000 28.000000
V 264.592800 420.919200 127.000000 26.000000
V 48.106080 245.851200 36.000000 27.000000
V 400.471200 610.776000 12.000000 12.000000
V 401.572800 408.434400 40.000000 28.000000
V 335.908800 460.540800 12.000000 12.000000
V 477.331200 571.586400 72.000000 27.000000
V 327.916800 656.366400 94.000000 25.000000
V 469.000800 655.855200 174.000000 31.000000
V 173.116800 300.528000 186.000000 37.000000
V 360.396000 538.588800 349.000000 41.000000
V 139.248000 14.500080 101.000000 29.000000
V 179.085600 158.731200 182.000000 36.000000
V 132.292800 229.982400 12.000000 12.000000
V 405.482400 693.072000 246.000000 33.000000
V 141.696000 89.704800 10.000000 10.000000
E 0 1
E 0 12
E 0 18
E 2 3
E 3 5
E 3 13
E 4 17
E 4 19
E 5 9
E 6 17
E 7 10
E 7 11
E 7 12
E 7 14
E 7 18
E 8 9
E 9 14
E 13 17
E 15 19
E 16 17
E 16 19
G R-HSA-9933387.sbgn 20 28
V 277.891200 290.037600 123.000000 59.000000
V 396.532800 184.572000 139.000000 44.000000
V 492.033600 180.079200 58.000000 33.000000
V 437.364000 339.379200 95.000000 36.000000
V 490.672800 307.800000 63.000000 33.000000
V 91.908000 277.056000 105.000000 52.000000
V 194.061600 105.415200 10.000000 10.000000
V 59.999760 186.883200 120.000000 54.000000
V 316.569600 197.604000 12.000000 12.000000
V 434.952000 250.646400 10.000000 10.000000
V 201.160800 159.840000 62.000000 35.000000
V 188.056800 182.980800 87.000000 38.000000
V 514.152000 240.544800 83.000000 33.000000
V 243.014400 160.545600 62.000000 33.000000
V 260.532000 226.260000 10.000000 10.000000
V 217.699200 25.999920 89.000000 52.000000
V 137.124000 205.272000 10.000000 10.000000
V 191.109600 217.994400 62.000000 31.000000
V 348.660000 249.732000 83.000000 52.000000
V 134.856000 49.818240 129.000000 53.000000
E 0 8
E 0 14
E 1 8
E 1 9
E 2 9
E 3 9
E 4 9
E 5 16
E 6 10
E 6 11
E 6 13
E 6 15
E 6 17
E 6 19
E 7 16
E 8 13
E 8 18
E 9 12
E 9 18
E 10 14
E 10 16
E 11 14
E 11 16
E 13 14
E 13 16
E 14 17
E 14 18
E 16 17
G R-HSA-9937008.sbgn 25 30
V 340.444800 77.616000 79.000000 35.000000
V 281.570400 110.714400 12.000000 12.000000
V 107.352000 185.407200 79.000000 35.000000
V 320.652000 262.994400 12.000000 12.000000
V 322.142400 334.101600 83.000000 36.000000
V 340.005600 161.042400 12.000000 12.000000
V 247.298400 30.896640 199.000000 50.000000
V 304.783200 21.000240 146.000000 42.000000
V 169.444800 220.068000 12.000000 12.000000
V 113.623200 154.519200 83.000000 36.000000
V 406.735200 270.252000 151.000000 44.000000
V 248.767200 288.331200 12.000000 12.000000
V 233.697600 379.000800 152.000000 41.000000
V 423.100800 184.622400 150.000000 41.000000
V 183.686400 145.094400 12.000000 12.000000
V 425.988000 128.332800 203.000000 50.000000
V 367.819200 93.506400 83.000000 36.000000
V 257.349600 198.064800 153.000000 30.000000
V 82.360800 249.084000 140.000000 43.000000
V 186.516000 348.170400 217.000000 51.000000
V 113.306400 86.104800 145.000000 46.000000
V 163.699200 61.074720 201.000000 47.000000
V 120.002400 290.772000 240.000000 53.000000
V 389.714400 323.697600 209.000000 48.000000
V 292.212000 344.030400 79.000000 35.000000
E 0 1
E 0 5
E 1 6
E 1 7
E 1 16
E 1 17
E 2 8
E 2 14
E 3 4
E 3 10
E 3 17
E 3 23
E 3 24
E 4 11
E 5 13
E 5 15
E 5 16
E 5 17
E 8 9
E 8 17
E 8 18
E 8 22
E 9 14
E 11 12
E 11 17
E 11 19
E 11 24
E 14 17
E 14 20
E 14 21
G R-HSA-9937080.sbgn 16 23
V 83.498400 121.039200 167.000000 73.000000
V 199.281600 214.855200 12.000000 12.000000
V 329.320800 114.638400 12.000000 12.000000
V 376.502400 147.808800 154.000000 111.000000
V 101.203200 204.811200 12.000000 12.000000
V 153.936000 72.381600 12.000000 12.000000
V 151.819200 150.055200 92.000000 23.000000
V 183.938400 274.579200 45.000000 22.000000
V 280.656000 190.044000 232.000000 97.000000
V 318.456000 12.499920 38.000000 25.000000
V 321.919200 63.684720 12.000000 12.000000
V 109.728000 255.362400 44.000000 31.000000
V 379.749600 43.300080 46.000000 25.000000
V 396.770400 97.596000 49.000000 23.000000
V 145.288800 271.180800 186.000000 71.000000
V 231.890400 37.856880 201.000000 72.000000
E 0 4
E 0 5
E 1 6
E 1 7
E 1 8
E 1 11
E 1 14
E 2 3
E 2 8
E 2 9
E 2 12
E 2 13
E 3 10
E 4 6
E 4 7
E 4 11
E 4 14
E 5 6
E 5 15
E 9 10
E 10 12
E 10 13
E 10 15
G R-HSA-9937383.sbgn 18 20
V 305.697600 182.642400 182.000000 28.000000
V 756.216000 135.194400 57.000000 23.000000
V 320.911200 97.596000 118.000000 29.000000
V 543.744000 152.892000 12.000000 12.000000
V 613.310400 111.276000 240.000000 55.000000
V 209.498400 89.020800 419.000000 41.000000
V 569.138400 233.136000 209.000000 41.000000
V 689.637600 90.345600 10.000000 10.000000
V 279.727200 39.680640 12.000000 12.000000
V 195.717600 256.262400 166.000000 56.000000
V 727.920000 20.499840 235.000000 41.000000
V 393.501600 209.131200 170.000000 29.000000
V 140.846400 179.668800 178.000000 27.000000
V 362.966400 60.270480 182.000000 29.000000
V 464.868000 131.868000 130.000000 28.000000
V 380.786400 129.204000 12.000000 12.000000
V 357.681600 30.070800 380.000000 39.000000
V 220.471200 176.781600 12.000000 12.000000
E 0 15
E 0 17
E 1 7
E 2 8
E 2 15
E 3 4
E 3 6
E 3 14
E 4 7
E 5 8
E 5 17
E 7 10
E 8 13
E 8 16
E 9 17
E 11 15
E 12 17
E 13 15
E 14 15
E 15 16
G R-HSA-9938024.sbgn 40 41
V 924.624000 287.524800 72.000000 25.000000
V 677.678400 372.369600 60.000000 25.000000
V 254.109600 240.458400 46.000000 33.000000
V 944.712000 441.554400 52.000000 26.000000
V 755.496000 363.535200 12.000000 12.000000
V 892.584000 407.793600 88.000000 25.000000
V 138.600000 404.251200 12.000000 12.000000
V 1113.840000 251.942400 95.000000 24.000000
V 1007.280000 117.540000 51.000000 21.000000
V 283.644000 324.360000 12.000000 12.000000
V 304.444800 247.500000 43.000000 38.000000
V 218.275200 283.579200 128.000000 46.000000
V 1107.936000 151.905600 94.000000 54.000000
V 365.774400 352.094400 325.000000 44.000000
V 835.344000 378.806400 89.000000 54.000000
V 1068.192000 120.405600 198.000000 44.000000
V 1121.904000 214.358400 100.000000 25.000000
V 907.992000 440.560800 43.000000 21.000000
V 267.321600 401.104800 33.000000 36.000000
V 976.968000 138.952800 53.000000 25.000000
V 580.147200 301.060800 62.000000 25.000000
V 984.528000 268.452000 38.000000 25.000000
V 207.453600 367.149600 128.000000 44.000000
V 595.036800 470.534400 62.000000 26.000000
V 421.272000 481.636800 278.000000 44.000000
V 1039.536000 198.489600 10.000000 10.000000
V 830.232000 336.801600 318.000000 40.000000
V 1132.488000 76.939200 12.000000 12.000000
V 1171.656000 13.000320 54.000000 26.000000
V 1005.768000 370.036800 68.000000 26.000000
V 436.989600 396.547200 10.000000 10.000000
V 517.276800 384.386400 50.000000 26.000000
V 597.938400 383.234400 12.000000 12.000000
V 69.999840 431.740800 140.000000 44.000000
V 1000.440000 405.360000 48.000000 26.000000
V 982.944000 337.312800 41.000000 25.000000
V 925.776000 353.808000 10.000000 10.000000
V 975.384000 428.400000 38.000000 27.000000
V 881.352000 313.444800 125.000000 26.000000
V 882.864000 273.132000 62.000000 25.000000
E 0 36
E 1 4
E 1 32
E 2 9
E 3 36
E 4 14
E 4 26
E 5 36
E 6 22
E 6 33
E 7 25
E 8 25
E 9 10
E 9 11
E 9 13
E 9 18
E 9 22
E 12 25
E 12 27
E 13 30
E 14 36
E 15 25
E 15 27
E 16 25
E 17 36
E 19 25
E 20 32
E 21 25
E 21 36
E 23 32
E 24 30
E 26 36
E 27 28
E 29 36
E 30 31
E 31 32
E 34 36
E 35 36
E 36 37
E 36 38
E 36 39
G R-HSA-9955298.sbgn 33 35
V 136.087200 216.612000 12.000000 12.000000
V 145.526400 363.844800 12.000000 12.000000
V 345.880800 332.841600 34.000000 31.000000
V 373.608000 461.088000 34.000000 31.000000
V 614.138400 471.967200 47.000000 45.000000
V 375.746400 96.753600 12.000000 12.000000
V 89.395200 128.498400 28.000000 31.000000
V 442.353600 49.112640 39.000000 31.000000
V 330.768000 24.009840 98.000000 31.000000
V 491.428800 422.143200 38.000000 31.000000
V 144.172800 128.707200 61.000000 31.000000
V 60.811920 379.152000 75.000000 37.000000
V 481.428000 338.248800 65.000000 25.000000
V 587.448000 546.775200 69.000000 25.000000
V 516.679200 580.543200 51.000000 43.000000
V 387.669600 15.500160 98.000000 31.000000
V 107.352000 231.120000 12.000000 12.000000
V 45.510480 200.462400 74.000000 25.000000
V 129.996000 447.249600 40.000000 31.000000
V 455.443200 462.297600 38.000000 31.000000
V 82.476000 423.669600 46.000000 31.000000
V 71.553600 169.113600 43.000000 31.000000
V 60.230160 271.238400 61.000000 31.000000
V 333.093600 175.312800 60.000000 23.000000
V 13.999680 258.631200 28.000000 31.000000
V 414.302400 388.742400 12.000000 12.000000
V 459.554400 104.306400 39.000000 31.000000
V 279.928800 266.997600 12.000000 12.000000
V 185.421600 279.381600 43.000000 31.000000
V 336.074400 257.205600 43.000000 31.000000
V 180.000000 431.560800 43.000000 31.000000
V 530.676000 494.841600 12.000000 12.000000
V 277.394400 210.146400 31.000000 31.000000
E 0 10
E 0 17
E 0 21
E 0 22
E 0 28
E 1 11
E 1 18
E 1 20
E 1 28
E 1 30
E 2 25
E 2 27
E 3 25
E 4 31
E 5 7
E 5 8
E 5 15
E 5 23
E 5 26
E 6 16
E 9 25
E 9 31
E 12 25
E 13 31
E 14 31
E 16 17
E 16 21
E 16 24
E 16 28
E 19 25
E 19 31
E 23 27
E 27 28
E 27 29
E 27 32
G R-HSA-9958863.sbgn 24 28
V 196.560000 399.895200 12.000000 12.000000
V 181.980000 482.637600 105.000000 43.000000
V 227.656800 15.593760 49.000000 31.000000
V 271.000800 447.638400 45.000000 31.000000
V 193.413600 237.628800 12.000000 12.000000
V 110.138400 53.082720 35.000000 31.000000
V 194.083200 162.986400 95.000000 44.000000
V 193.478400 87.703200 12.000000 12.000000
V 38.562480 567.792000 46.000000 31.000000
V 145.634400 458.186400 95.000000 44.000000
V 17.500320 511.840800 35.000000 31.000000
V 150.040800 162.172800 66.000000 25.000000
V 214.581600 318.268800 35.000000 31.000000
V 283.780800 405.021600 45.000000 31.000000
V 168.429600 317.469600 35.000000 31.000000
V 237.276000 163.130400 105.000000 43.000000
V 285.508800 238.024800 36.000000 31.000000
V 159.357600 595.411200 35.000000 31.000000
V 102.614400 233.172000 45.000000 31.000000
V 111.844800 436.824000 66.000000 25.000000
V 97.020000 602.661600 46.000000 31.000000
V 158.335200 15.500160 49.000000 31.000000
V 105.847200 523.166400 12.000000 12.000000
V 277.012800 54.080640 35.000000 31.000000
E 0 1
E 0 3
E 0 9
E 0 12
E 0 13
E 0 14
E 0 19
E 1 22
E 2 7
E 4 6
E 4 11
E 4 12
E 4 14
E 4 15
E 4 16
E 4 18
E 5 7
E 6 7
E 7 11
E 7 15
E 7 21
E 7 23
E 8 22
E 9 22
E 10 22
E 17 22
E 19 22
E 20 22
G R-HSA-9959399.sbgn 15 15
V 238.730400 233.632800 12.000000 12.000000
V 316.620000 259.099200 80.000000 37.000000
V 188.078400 15.500160 32.000000 31.000000
V 172.994400 282.009600 32.000000 31.000000
V 100.548000 244.051200 12.000000 12.000000
V 28.070640 282.175200 46.000000 23.000000
V 23.999760 213.739200 48.000000 31.000000
V 235.080000 59.086080 144.000000 35.000000
V 118.051200 20.746080 68.000000 25.000000
V 158.616000 92.649600 12.000000 12.000000
V 309.304800 191.361600 80.000000 37.000000
V 78.019200 70.857360 140.000000 33.000000
V 165.297600 181.936800 32.000000 31.000000
V 268.783200 313.135200 110.000000 41.000000
V 83.822400 327.470400 48.000000 31.000000
E 0 1
E 0 3
E 0 10
E 0 12
E 0 13
E 2 9
E 3 4
E 4 5
E 4 6
E 4 12
E 4 14
E 7 9
E 8 9
E 9 11
E 9 12
G R-HSA-9968295.sbgn 30 29
V 1123.200000 557.409600 125.000000 27.000000
V 977.904000 586.519200 234.000000 27.000000
V 101.498400 28.047600 203.000000 35.000000
V 899.712000 566.978400 12.000000 12.000000
V 360.784800 89.856000 29.000000 24.000000
V 386.690400 240.760800 12.000000 12.000000
V 643.658400 400.917600 10.000000 10.000000
V 690.199200 467.712000 174.000000 40.000000
V 691.603200 333.633600 40.000000 33.000000
V 937.944000 493.545600 40.000000 32.000000
V 292.672800 102.571200 12.000000 12.000000
V 51.004800 69.809040 40.000000 33.000000
V 354.060000 35.477280 127.000000 25.000000
V 1055.880000 601.214400 10.000000 10.000000
V 888.264000 650.829600 45.000000 31.000000
V 119.750400 112.413600 12.000000 12.000000
V 1092.312000 672.328800 118.000000 27.000000
V 205.480800 120.441600 303.000000 45.000000
V 44.507520 143.517600 32.000000 33.000000
V 436.636800 433.850400 45.000000 23.000000
V 440.056800 297.907200 207.000000 43.000000
V 703.130400 606.535200 91.000000 27.000000
V 564.364800 382.996800 198.000000 45.000000
V 740.808000 531.475200 10.000000 10.000000
V 88.934400 190.584000 36.000000 33.000000
V 257.983200 40.871520 143.000000 36.000000
V 821.880000 542.160000 223.000000 28.000000
V 484.754400 365.349600 10.000000 10.000000
V 333.590400 180.446400 228.000000 45.000000
V 305.301600 12.499920 123.000000 25.000000
E 0 13
E 1 3
E 1 13
E 2 15
E 3 9
E 3 14
E 3 26
E 4 10
E 5 20
E 5 28
E 6 7
E 6 8
E 6 22
E 7 23
E 10 12
E 10 17
E 10 25
E 10 28
E 10 29
E 11 15
E 13 16
E 15 17
E 15 18
E 15 24
E 19 27
E 20 27
E 21 23
E 22 27
E 23 26
G R-HSA-9968297.sbgn 23 22
V 170.827200 152.740800 77.000000 26.000000
V 293.918400 883.584000 37.000000 27.000000
V 142.804800 16.999920 240.000000 34.000000
V 252.496800 582.530400 411.000000 31.000000
V 309.535200 233.690400 148.000000 28.000000
V 170.100000 823.968000 40.000000 29.000000
V 231.753600 358.783200 12.000000 12.000000
V 257.680800 656.784000 12.000000 12.000000
V 106.941600 94.881600 12.000000 12.000000
V 317.145600 134.726400 128.000000 30.000000
V 263.044800 122.803200 208.000000 27.000000
V 27.172080 76.572000 37.000000 33.000000
V 338.788800 185.940000 113.000000 29.000000
V 229.442400 279.151200 322.000000 30.000000
V 254.793600 732.744000 392.000000 28.000000
V 249.616800 193.939200 12.000000 12.000000
V 337.608000 824.904000 213.000000 31.000000
V 253.677600 814.032000 12.000000 12.000000
V 210.758400 882.792000 39.000000 30.000000
V 245.160000 508.744800 12.000000 12.000000
V 239.500800 434.390400 479.000000 31.000000
V 75.672000 20.036880 41.000000 33.000000
V 37.666800 141.429600 55.000000 28.000000
E 0 8
E 0 15
E 1 17
E 2 8
E 3 7
E 3 19
E 4 15
E 5 17
E 6 13
E 6 20
E 7 14
E 8 11
E 8 21
E 8 22
E 9 15
E 10 15
E 12 15
E 13 15
E 14 17
E 16 17
E 17 18
E 19 20
