# the graphs of sbgn.txt laid out by neato -Gstart=1 -Goverlap=false, same box sizes
G R-HSA-109704.sbgn 27 26
V 167.328000 424.857600 12.000000 12.000000
V 224.208000 243.014400 12.000000 12.000000
V 78.537600 16.014960 42.000000 30.000000
V 268.610400 765.576000 12.000000 12.000000
V 346.312800 815.328000 123.000000 36.000000
V 64.962000 435.556800 42.000000 30.000000
V 491.565600 649.900800 85.000000 22.000000
V 264.880800 587.232000 12.000000 12.000000
V 212.191200 837.144000 41.000000 30.000000
V 168.804000 14.999760 55.000000 30.000000
V 178.812000 783.288000 76.000000 30.000000
V 155.959200 173.937600 112.000000 22.000000
V 314.280000 200.714400 52.000000 22.000000
V 406.396800 679.564800 10.000000 10.000000
V 115.322400 91.900800 12.000000 12.000000
V 475.545600 735.768000 51.000000 22.000000
V 341.388000 550.555200 98.000000 36.000000
V 101.138400 476.834400 42.000000 30.000000
V 223.812000 501.552000 77.000000 22.000000
V 187.149600 621.936000 98.000000 22.000000
V 23.500080 87.120000 47.000000 30.000000
V 97.077600 387.446400 77.000000 23.000000
V 308.232000 675.057600 82.000000 30.000000
V 200.548800 334.404000 106.000000 36.000000
V 277.459200 856.368000 42.000000 30.000000
V 258.624000 172.591200 42.000000 30.000000
V 310.356000 257.277600 42.000000 30.000000
E 5 0
E 0 17
E 18 0
E 21 0
E 0 23
E 1 11
E 12 1
E 23 1
E 25 1
E 1 26
E 2 14
E 4 3
E 3 8
E 10 3
E 3 22
E 24 3
E 13 6
E 16 7
E 7 18
E 7 19
E 22 7
E 9 14
E 11 14
E 15 13
E 22 13
E 14 20
G R-HSA-112313.sbgn 15 14
V 203.961600 432.273600 12.000000 12.000000
V 257.313600 748.440000 12.000000 12.000000
V 68.183280 348.602400 113.000000 44.000000
V 93.988800 524.750400 36.000000 31.000000
V 325.879200 506.678400 103.000000 30.000000
V 537.328800 143.100000 135.000000 44.000000
V 359.755200 24.999840 125.000000 50.000000
V 390.520800 170.488800 12.000000 12.000000
V 45.000000 442.605600 90.000000 30.000000
V 347.457600 421.416000 41.000000 31.000000
V 150.912000 300.600000 96.000000 36.000000
V 225.230400 599.371200 92.000000 44.000000
V 299.736000 292.946400 138.000000 30.000000
V 379.072800 835.560000 135.000000 44.000000
V 168.494400 867.240000 125.000000 36.000000
E 0 2
E 0 3
E 4 0
E 8 0
E 0 9
E 10 0
E 11 0
E 0 12
E 1 11
E 13 1
E 14 1
E 7 5
E 6 7
E 12 7
G R-HSA-112314.sbgn 16 20
V 50.999760 290.448000 102.000000 34.000000
V 249.494400 317.894400 35.000000 30.000000
V 237.722400 258.516000 12.000000 12.000000
V 461.793600 300.808800 40.000000 30.000000
V 461.736000 163.000800 67.000000 35.000000
V 151.480800 331.437600 43.000000 30.000000
V 531.122400 23.999760 117.000000 48.000000
V 408.463200 230.328000 10.000000 10.000000
V 125.719200 195.372000 50.000000 30.000000
V 209.685600 187.588800 35.000000 30.000000
V 524.440800 107.985600 10.000000 10.000000
V 139.694400 276.609600 12.000000 12.000000
V 607.449600 121.672800 112.000000 35.000000
V 324.741600 239.421600 104.000000 36.000000
V 202.485600 348.710400 43.000000 30.000000
V 183.765600 226.548000 50.000000 30.000000
E 0 11
E 1 2
E 1 11
E 5 2
E 8 2
E 2 9
E 13 2
E 2 14
E 2 15
E 3 7
E 4 7
E 4 10
E 5 11
E 10 6
E 7 13
E 8 11
E 11 9
E 12 10
E 11 14
E 11 15
G R-HSA-112409.sbgn 27 28
V 263.102400 387.439200 100.000000 36.000000
V 318.888000 287.841600 10.000000 10.000000
V 351.302400 343.432800 95.000000 36.000000
V 186.033600 397.447200 38.000000 30.000000
V 104.767200 429.055200 40.000000 30.000000
V 380.397600 121.507200 102.000000 36.000000
V 390.945600 16.735680 40.000000 30.000000
V 254.995200 299.419200 98.000000 36.000000
V 452.599200 177.184800 100.000000 22.000000
V 156.780000 347.529600 96.000000 22.000000
V 330.012000 234.410400 129.000000 78.000000
V 218.815200 339.357600 12.000000 12.000000
V 496.533600 137.952000 10.000000 10.000000
V 348.307200 444.405600 125.000000 36.000000
V 47.499840 394.884000 95.000000 22.000000
V 426.744000 61.426080 12.000000 12.000000
V 510.681600 83.577600 129.000000 36.000000
V 573.177600 152.467200 125.000000 36.000000
V 295.869600 156.304800 49.000000 22.000000
V 36.724320 346.831200 38.000000 30.000000
V 94.737600 362.383200 12.000000 12.000000
V 177.969600 292.773600 40.000000 30.000000
V 372.996000 177.796800 10.000000 10.000000
V 327.463200 393.667200 12.000000 12.000000
V 379.634400 306.201600 49.000000 22.000000
V 61.732080 309.744000 58.000000 22.000000
V 459.021600 14.999760 38.000000 30.000000
E 11 0
E 0 23
E 2 1
E 1 7
E 10 1
E 24 1
E 23 2
E 3 11
E 20 4
E 5 15
E 22 5
E 15 6
E 7 11
E 12 8
E 8 22
E 9 11
E 20 9
E 10 22
E 11 21
E 16 12
E 12 17
E 23 13
E 14 20
E 15 16
E 26 15
E 18 22
E 19 20
E 25 20
G R-HSA-114508.sbgn 36 37
V 60.500160 223.740000 121.000000 41.000000
V 484.012800 106.876800 35.000000 29.000000
V 50.382720 134.186400 75.000000 30.000000
V 101.462400 441.561600 57.000000 31.000000
V 202.420800 192.643200 101.000000 35.000000
V 97.027200 93.182400 93.000000 36.000000
V 199.224000 112.989600 12.000000 12.000000
V 391.356000 59.779440 46.000000 35.000000
V 538.113600 150.508800 12.000000 12.000000
V 268.509600 310.060800 111.000000 38.000000
V 240.408000 18.000000 183.000000 36.000000
V 52.625520 176.198400 98.000000 38.000000
V 584.265600 93.254400 43.000000 30.000000
V 233.388000 601.113600 75.000000 32.000000
V 121.464000 595.274400 132.000000 46.000000
V 169.776000 421.315200 12.000000 12.000000
V 209.044800 276.235200 10.000000 10.000000
V 362.779200 161.690400 41.000000 35.000000
V 141.055200 223.675200 10.000000 10.000000
V 181.576800 550.576800 10.000000 10.000000
V 192.009600 354.067200 57.000000 31.000000
V 284.234400 119.440800 115.000000 33.000000
V 189.842400 485.128800 125.000000 38.000000
V 82.850400 271.296000 132.000000 38.000000
V 156.945600 314.532000 96.000000 32.000000
V 322.444800 60.406560 39.000000 31.000000
V 602.676000 153.864000 42.000000 30.000000
V 121.888800 51.668640 38.000000 31.000000
V 418.125600 127.368000 12.000000 12.000000
V 443.397600 54.835920 42.000000 29.000000
V 280.346400 179.791200 12.000000 12.000000
V 318.261600 230.853600 65.000000 29.000000
V 131.493600 171.828000 10.000000 10.000000
V 470.973600 183.909600 60.000000 31.000000
V 577.778400 210.096000 70.000000 22.000000
V 475.336800 144.900000 39.000000 31.000000
E 18 0
E 8 1
E 28 1
E 2 32
E 3 15
E 4 6
E 4 16
E 4 18
E 4 30
E 4 32
E 5 6
E 6 10
E 6 25
E 27 6
E 7 28
E 12 8
E 26 8
E 8 33
E 34 8
E 8 35
E 16 9
E 32 11
E 13 19
E 14 19
E 15 20
E 22 15
E 20 16
E 24 16
E 17 28
E 30 17
E 23 18
E 19 22
E 21 30
E 29 28
E 28 33
E 28 35
E 30 31
G R-HSA-1170546.sbgn 28 29
V 112.305600 252.496800 10.000000 10.000000
V 270.216000 241.113600 10.000000 10.000000
V 72.165600 191.577600 98.000000 36.000000
V 100.944000 524.448000 77.000000 22.000000
V 340.747200 270.554400 115.000000 36.000000
V 262.728000 318.024000 113.000000 36.000000
V 97.704000 384.256800 12.000000 12.000000
V 213.033600 562.701600 131.000000 50.000000
V 20.499840 371.570400 41.000000 30.000000
V 138.758400 150.566400 12.000000 12.000000
V 553.104000 87.919200 38.000000 22.000000
V 32.829120 419.796000 39.000000 30.000000
V 110.901600 87.818400 127.000000 64.000000
V 324.540000 193.284000 69.000000 36.000000
V 169.416000 424.339200 116.000000 52.000000
V 231.948000 382.348800 12.000000 12.000000
V 437.140800 122.644800 70.000000 22.000000
V 179.460000 708.847200 201.000000 45.000000
V 220.068000 631.483200 12.000000 12.000000
V 489.218400 11.000160 37.000000 22.000000
V 96.825600 314.863200 134.000000 50.000000
V 384.192000 159.652800 10.000000 10.000000
V 308.059200 678.528000 40.000000 30.000000
V 193.204800 204.004800 128.000000 75.000000
V 174.960000 496.692000 10.000000 10.000000
V 112.370400 663.134400 42.000000 30.000000
V 310.147200 630.525600 120.000000 50.000000
V 485.834400 79.113600 10.000000 10.000000
E 2 0
E 20 0
E 0 23
E 4 1
E 1 5
E 13 1
E 23 1
E 9 2
E 3 24
E 5 15
E 6 8
E 11 6
E 14 6
E 6 20
E 7 18
E 24 7
E 9 12
E 23 9
E 10 27
E 21 13
E 15 14
E 14 24
E 16 21
E 27 16
E 18 17
E 22 18
E 18 25
E 26 18
E 19 27
G R-HSA-1181150.sbgn 21 20
V 402.825600 416.484000 66.000000 23.000000
V 740.448000 168.098400 86.000000 29.000000
V 1085.328000 174.549600 171.000000 26.000000
V 992.664000 607.118400 114.000000 22.000000
V 733.392000 300.866400 12.000000 12.000000
V 979.416000 259.178400 10.000000 10.000000
V 152.035200 38.966400 84.000000 29.000000
V 460.116000 290.836800 12.000000 12.000000
V 981.864000 122.875200 70.000000 24.000000
V 903.528000 502.732800 10.000000 10.000000
V 355.557600 203.882400 99.000000 25.000000
V 97.999200 157.701600 196.000000 22.000000
V 1111.320000 291.117600 325.000000 27.000000
V 867.384000 357.904800 157.000000 24.000000
V 595.584000 296.517600 159.000000 22.000000
V 262.540800 10.499760 121.000000 21.000000
V 1037.088000 513.230400 178.000000 19.000000
V 888.912000 641.131200 338.000000 26.000000
V 230.896800 146.167200 12.000000 12.000000
V 803.664000 587.714400 74.000000 20.000000
V 147.204000 258.948000 84.000000 29.000000
E 0 7
E 1 4
E 2 5
E 3 9
E 4 13
E 14 4
E 8 5
E 5 12
E 13 5
E 18 6
E 10 7
E 7 14
E 13 9
E 16 9
E 9 17
E 19 9
E 18 10
E 11 18
E 15 18
E 20 18
G R-HSA-1221632.sbgn 25 24
V 472.284000 423.316800 318.000000 29.000000
V 494.085600 121.377600 68.000000 30.000000
V 258.256800 24.372000 70.000000 32.000000
V 230.666400 349.257600 81.000000 32.000000
V 706.795200 365.097600 12.000000 12.000000
V 286.070400 813.240000 246.000000 61.000000
V 171.093600 68.502240 75.000000 28.000000
V 648.086400 739.296000 67.000000 30.000000
V 833.616000 194.263200 73.000000 31.000000
V 351.540000 15.500160 74.000000 31.000000
V 282.456000 650.016000 104.000000 32.000000
V 220.658400 729.792000 63.000000 28.000000
V 580.845600 822.888000 67.000000 30.000000
V 455.400000 222.955200 66.000000 25.000000
V 484.776000 863.640000 71.000000 30.000000
V 605.491200 645.696000 297.000000 34.000000
V 443.880000 38.212560 73.000000 26.000000
V 129.909600 327.715200 72.000000 31.000000
V 93.002400 237.657600 186.000000 26.000000
V 380.815200 864.792000 68.000000 26.000000
V 886.104000 470.152800 75.000000 31.000000
V 129.391200 152.546400 74.000000 22.000000
V 906.048000 324.352800 168.000000 24.000000
V 316.087200 221.587200 12.000000 12.000000
V 441.403200 664.660800 12.000000 12.000000
E 4 0
E 0 23
E 0 24
E 1 23
E 2 23
E 3 23
E 8 4
E 20 4
E 22 4
E 5 24
E 6 23
E 7 24
E 9 23
E 10 24
E 11 24
E 12 24
E 13 23
E 14 24
E 24 15
E 16 23
E 17 23
E 23 18
E 19 24
E 21 23
G R-HSA-1222499.sbgn 35 41
V 165.132000 240.753600 12.000000 12.000000
V 247.240800 18.354960 36.000000 30.000000
V 295.977600 208.440000 37.000000 22.000000
V 511.934400 523.814400 89.000000 30.000000
V 796.968000 373.960800 32.000000 22.000000
V 628.056000 612.727200 12.000000 12.000000
V 254.325600 238.953600 83.000000 23.000000
V 411.854400 511.711200 95.000000 22.000000
V 243.072000 518.436000 51.000000 30.000000
V 925.272000 226.195200 97.000000 22.000000
V 601.538400 382.737600 43.000000 30.000000
V 391.161600 404.208000 82.000000 22.000000
V 319.773600 14.999760 60.000000 30.000000
V 612.540000 492.883200 52.000000 30.000000
V 287.726400 576.122400 43.000000 30.000000
V 707.904000 698.313600 43.000000 30.000000
V 764.784000 328.053600 58.000000 22.000000
V 88.128000 313.142400 122.000000 22.000000
V 507.225600 435.168000 12.000000 12.000000
V 533.800800 689.328000 89.000000 30.000000
V 872.856000 311.652000 12.000000 12.000000
V 61.999920 242.409600 124.000000 36.000000
V 621.820800 723.384000 113.000000 22.000000
V 975.456000 339.292800 58.000000 22.000000
V 286.156800 115.027200 12.000000 12.000000
V 730.728000 643.478400 107.000000 22.000000
V 420.523200 374.205600 40.000000 22.000000
V 347.241600 301.672800 12.000000 12.000000
V 89.596800 166.960800 51.000000 22.000000
V 792.360000 460.029600 89.000000 30.000000
V 332.560800 476.733600 12.000000 12.000000
V 372.276000 55.448640 59.000000 30.000000
V 192.866400 62.825760 74.000000 22.000000
V 762.552000 504.338400 70.000000 22.000000
V 701.748000 421.848000 12.000000 12.000000
E 2 0
E 0 6
E 0 17
E 21 0
E 28 0
E 1 24
E 24 2
E 2 27
E 3 18
E 20 4
E 4 34
E 5 13
E 5 15
E 19 5
E 22 5
E 5 25
E 6 24
E 27 6
E 7 18
E 7 30
E 8 30
E 20 9
E 18 10
E 34 10
E 18 11
E 11 27
E 30 11
E 24 12
E 18 13
E 34 13
E 30 14
E 16 20
E 34 16
E 26 18
E 23 20
E 31 24
E 32 24
E 27 26
E 26 30
E 29 34
E 33 34
G R-HSA-1234174.sbgn 24 23
V 394.128000 232.797600 12.000000 12.000000
V 602.676000 361.720800 33.000000 22.000000
V 585.698400 78.508800 81.000000 51.000000
V 530.834400 314.035200 12.000000 12.000000
V 421.084800 299.174400 35.000000 22.000000
V 164.419200 316.713600 67.000000 22.000000
V 33.500160 405.482400 67.000000 22.000000
V 273.492000 25.500240 87.000000 51.000000
V 145.706400 207.655200 42.000000 22.000000
V 218.800800 248.025600 10.000000 10.000000
V 267.631200 113.270400 12.000000 12.000000
V 512.661600 46.359360 49.000000 22.000000
V 533.757600 403.171200 65.000000 51.000000
V 517.629600 133.862400 12.000000 12.000000
V 344.836800 281.462400 51.000000 22.000000
V 492.422400 224.812800 89.000000 22.000000
V 655.149600 255.967200 64.000000 51.000000
V 100.231200 365.875200 12.000000 12.000000
V 299.217600 199.936800 28.000000 22.000000
V 194.486400 68.529600 55.000000 22.000000
V 393.746400 160.970400 53.000000 22.000000
V 648.864000 170.604000 32.000000 22.000000
V 372.052800 328.543200 47.000000 22.000000
V 577.216800 218.851200 12.000000 12.000000
E 4 0
E 14 0
E 0 15
E 18 0
E 20 0
E 22 0
E 3 1
E 2 13
E 12 3
E 15 3
E 5 9
E 17 5
E 6 17
E 7 10
E 8 9
E 9 18
E 18 10
E 10 19
E 13 11
E 15 13
E 15 23
E 16 23
E 23 21
G R-HSA-1237044.sbgn 27 29
V 218.671200 378.115200 52.000000 22.000000
V 287.316000 11.000160 84.000000 22.000000
V 234.568800 76.075200 10.000000 10.000000
V 319.615200 410.601600 12.000000 12.000000
V 255.902400 246.038400 12.000000 12.000000
V 277.696800 381.902400 12.000000 12.000000
V 49.230000 253.843200 56.000000 33.000000
V 475.185600 290.095200 32.000000 30.000000
V 160.416000 479.664000 12.000000 12.000000
V 340.315200 236.239200 35.000000 30.000000
V 291.009600 189.770400 40.000000 30.000000
V 87.976800 515.649600 40.000000 30.000000
V 458.791200 347.536800 85.000000 48.000000
V 23.448240 351.972000 35.000000 30.000000
V 226.447200 154.915200 73.000000 34.000000
V 315.180000 318.427200 40.000000 30.000000
V 450.511200 232.632000 70.000000 22.000000
V 131.184000 553.924800 35.000000 30.000000
V 396.568800 293.860800 10.000000 10.000000
V 17.500320 297.784800 35.000000 30.000000
V 170.280000 269.035200 55.000000 30.000000
V 175.708800 18.556560 123.000000 36.000000
V 96.429600 319.197600 12.000000 12.000000
V 193.190400 556.797600 73.000000 22.000000
V 374.148000 469.742400 60.000000 37.000000
V 108.878400 407.368800 55.000000 30.000000
V 245.584800 455.320800 40.000000 30.000000
E 0 5
E 1 2
E 14 2
E 2 21
E 3 15
E 24 3
E 26 3
E 4 9
E 10 4
E 14 4
E 15 4
E 4 20
E 5 15
E 26 5
E 6 22
E 18 7
E 11 8
E 8 17
E 23 8
E 8 25
E 26 8
E 9 18
E 18 12
E 13 22
E 15 18
E 16 18
E 22 19
E 20 22
E 22 25
G R-HSA-1247673.sbgn 24 26
V 155.491200 268.956000 118.000000 30.000000
V 816.264000 476.164800 125.000000 25.000000
V 730.080000 35.927280 47.000000 30.000000
V 371.908800 326.476800 101.000000 30.000000
V 326.109600 75.398400 121.000000 28.000000
V 530.452800 278.863200 52.000000 29.000000
V 392.572800 181.656000 12.000000 12.000000
V 582.292800 452.462400 118.000000 30.000000
V 642.297600 12.499920 104.000000 25.000000
V 523.332000 142.970400 135.000000 44.000000
V 250.120800 360.777600 10.000000 10.000000
V 318.398400 464.198400 91.000000 30.000000
V 720.072000 267.249600 113.000000 37.000000
V 745.416000 529.992000 59.000000 35.000000
V 446.781600 239.277600 12.000000 12.000000
V 381.240000 573.105600 95.000000 25.000000
V 835.848000 387.064800 65.000000 35.000000
V 711.554400 405.784800 12.000000 12.000000
V 662.392800 140.428800 12.000000 12.000000
V 487.245600 579.412800 101.000000 30.000000
V 118.497600 362.628000 237.000000 29.000000
V 444.304800 454.420800 12.000000 12.000000
V 160.783200 459.187200 109.000000 26.000000
V 784.584000 110.966400 37.000000 30.000000
E 0 10
E 1 17
E 18 2
E 3 6
E 10 3
E 3 14
E 21 3
E 4 6
E 5 14
E 6 9
E 17 7
E 7 21
E 8 18
E 14 9
E 18 9
E 10 11
E 20 10
E 10 22
E 11 21
E 12 17
E 12 18
E 17 13
E 15 21
E 16 17
E 23 18
E 21 19
G R-HSA-1268020.sbgn 24 25
V 95.781600 207.813600 27.000000 30.000000
V 279.583200 827.640000 10.000000 10.000000
V 123.969600 48.718800 41.000000 30.000000
V 237.859200 597.974400 43.000000 30.000000
V 589.240800 872.928000 154.000000 28.000000
V 185.126400 902.880000 229.000000 27.000000
V 287.402400 702.309600 116.000000 39.000000
V 357.580800 465.055200 160.000000 36.000000
V 519.796800 19.386720 221.000000 27.000000
V 487.771200 369.432000 210.000000 42.000000
V 429.991200 103.104000 10.000000 10.000000
V 362.649600 597.456000 12.000000 12.000000
V 386.582400 898.344000 120.000000 24.000000
V 207.100800 14.999760 40.000000 30.000000
V 381.758400 333.345600 12.000000 12.000000
V 519.148800 306.151200 43.000000 30.000000
V 204.343200 143.402400 12.000000 12.000000
V 311.644800 67.752000 118.000000 22.000000
V 450.424800 694.180800 148.000000 30.000000
V 269.092800 260.596800 138.000000 25.000000
V 482.925600 814.752000 12.000000 12.000000
V 77.500800 127.375200 155.000000 30.000000
V 486.158400 591.609600 219.000000 44.000000
V 443.210400 224.474400 125.000000 34.000000
E 16 0
E 5 1
E 1 6
E 12 1
E 16 2
E 3 11
E 20 4
E 6 11
E 7 11
E 7 14
E 8 10
E 14 9
E 17 10
E 10 23
E 11 18
E 11 22
E 20 12
E 13 16
E 15 14
E 14 19
E 23 14
E 16 17
E 19 16
E 16 21
E 18 20
G R-HSA-1362409.sbgn 21 24
V 58.253760 404.560800 62.000000 30.000000
V 381.016800 39.975120 63.000000 31.000000
V 112.946400 554.241600 160.000000 27.000000
V 226.404000 780.336000 12.000000 12.000000
V 329.990400 686.160000 36.000000 30.000000
V 303.285600 286.675200 12.000000 12.000000
V 301.032000 94.125600 12.000000 12.000000
V 405.698400 291.830400 176.000000 24.000000
V 260.035200 702.496800 85.000000 22.000000
V 241.531200 18.499680 87.000000 37.000000
V 117.496800 368.539200 235.000000 26.000000
V 110.570400 713.174400 40.000000 23.000000
V 209.908800 628.084800 12.000000 12.000000
V 296.546400 852.048000 60.000000 30.000000
V 174.931200 445.960800 12.000000 12.000000
V 280.958400 518.781600 159.000000 30.000000
V 338.011200 367.286400 190.000000 23.000000
V 174.304800 712.072800 69.000000 22.000000
V 290.577600 188.848800 62.000000 29.000000
V 47.870640 467.208000 85.000000 28.000000
V 171.280800 864.504000 60.000000 30.000000
E 14 0
E 1 6
E 2 12
E 14 2
E 4 3
E 3 8
E 11 3
E 3 13
E 17 3
E 20 3
E 12 4
E 7 5
E 5 16
E 18 5
E 9 6
E 6 18
E 8 12
E 14 10
E 11 12
E 12 15
E 12 17
E 15 14
E 16 14
E 19 14
G R-HSA-140534.sbgn 20 23
V 408.808800 172.980000 10.000000 10.000000
V 623.815200 492.883200 45.000000 22.000000
V 63.499680 254.188800 127.000000 64.000000
V 302.479200 651.484800 99.000000 36.000000
V 309.844800 443.030400 127.000000 50.000000
V 198.122400 317.642400 10.000000 10.000000
V 755.568000 294.616800 116.000000 64.000000
V 458.733600 568.569600 10.000000 10.000000
V 343.080000 491.241600 10.000000 10.000000
V 388.029600 24.999840 119.000000 50.000000
V 324.338400 307.209600 92.000000 22.000000
V 449.935200 735.840000 127.000000 50.000000
V 560.556000 209.577600 129.000000 36.000000
V 613.540800 356.299200 10.000000 10.000000
V 655.300800 607.485600 10.000000 10.000000
V 808.632000 619.495200 129.000000 36.000000
V 700.747200 752.472000 127.000000 50.000000
V 521.143200 490.773600 93.000000 22.000000
V 180.331200 493.992000 116.000000 37.000000
V 211.946400 599.234400 131.000000 50.000000
E 0 9
E 10 0
E 12 0
E 1 7
E 1 13
E 1 14
E 5 2
E 3 8
E 4 5
E 4 7
E 10 5
E 13 6
E 7 11
E 17 7
E 10 8
E 17 8
E 18 8
E 8 19
E 12 13
E 17 13
E 15 14
E 14 16
E 17 14
G R-HSA-1442490.sbgn 22 30
V 90.252000 11.000160 130.000000 22.000000
V 261.626400 334.396800 109.000000 22.000000
V 157.500000 476.949600 116.000000 36.000000
V 204.336000 410.040000 12.000000 12.000000
V 199.922400 245.332800 12.000000 12.000000
V 664.718400 291.513600 130.000000 22.000000
V 227.988000 136.490400 116.000000 36.000000
V 572.904000 294.876000 12.000000 12.000000
V 411.724800 273.326400 12.000000 12.000000
V 277.617600 520.992000 111.000000 36.000000
V 325.792800 304.387200 54.000000 22.000000
V 487.807200 340.732800 107.000000 36.000000
V 288.648000 430.495200 12.000000 12.000000
V 483.789600 264.067200 116.000000 36.000000
V 254.174400 592.365600 12.000000 12.000000
V 118.598400 534.636000 12.000000 12.000000
V 265.838400 206.942400 12.000000 12.000000
V 146.001600 83.736000 12.000000 12.000000
V 43.500240 583.221600 87.000000 22.000000
V 267.955200 683.438400 54.000000 22.000000
V 399.463200 337.298400 12.000000 12.000000
V 156.348000 180.504000 104.000000 36.000000
E 0 17
E 1 3
E 1 4
E 1 20
E 3 2
E 12 2
E 14 2
E 15 2
E 9 3
E 4 6
E 21 4
E 5 7
E 16 6
E 17 6
E 11 7
E 7 13
E 10 8
E 11 8
E 8 13
E 9 12
E 9 14
E 9 15
E 10 12
E 10 16
E 11 20
E 20 13
E 19 14
E 18 15
E 21 16
E 21 17
G R-HSA-1474228.sbgn 27 32
V 134.582400 558.295200 12.000000 12.000000
V 617.544000 324.273600 131.000000 22.000000
V 64.961280 153.403200 126.000000 22.000000
V 515.808000 774.360000 69.000000 49.000000
V 717.552000 346.831200 12.000000 12.000000
V 492.177600 677.095200 12.000000 12.000000
V 302.191200 447.444000 12.000000 12.000000
V 815.112000 325.749600 88.000000 64.000000
V 519.156000 379.843200 12.000000 12.000000
V 446.673600 299.620800 12.000000 12.000000
V 275.932800 202.471200 65.000000 22.000000
V 403.308000 609.753600 71.000000 22.000000
V 250.430400 11.000160 46.000000 22.000000
V 534.333600 570.650400 89.000000 21.000000
V 58.000320 623.361600 116.000000 50.000000
V 464.328000 590.673600 35.000000 22.000000
V 531.705600 229.276800 131.000000 36.000000
V 239.587200 232.480800 113.000000 22.000000
V 322.639200 303.379200 12.000000 12.000000
V 401.306400 391.140000 109.000000 22.000000
V 436.860000 499.053600 12.000000 12.000000
V 457.228800 192.261600 84.000000 22.000000
V 628.257600 401.364000 84.000000 22.000000
V 194.428800 472.392000 96.000000 22.000000
V 260.395200 112.838400 12.000000 12.000000
V 157.867200 194.565600 12.000000 12.000000
V 234.979200 534.823200 46.000000 22.000000
E 14 0
E 0 23
E 26 0
E 4 1
E 8 1
E 2 25
E 3 5
E 7 4
E 22 4
E 5 11
E 5 13
E 15 5
E 19 6
E 6 23
E 26 6
E 19 8
E 22 8
E 9 16
E 19 9
E 21 9
E 10 18
E 10 24
E 10 25
E 20 11
E 12 24
E 20 13
E 15 20
E 18 17
E 24 17
E 25 17
E 19 18
E 19 20
G R-HSA-1502540.sbgn 24 24
V 187.956000 27.272880 38.000000 30.000000
V 826.776000 589.082400 40.000000 30.000000
V 476.949600 243.079200 57.000000 22.000000
V 483.840000 688.672800 56.000000 22.000000
V 592.048800 633.132000 223.000000 28.000000
V 336.592800 713.505600 134.000000 23.000000
V 76.615200 693.799200 49.000000 24.000000
V 348.818400 853.344000 10.000000 10.000000
V 413.740800 347.803200 10.000000 10.000000
V 320.544000 14.999760 40.000000 30.000000
V 489.153600 468.957600 109.000000 37.000000
V 272.664000 959.688000 41.000000 23.000000
V 723.672000 674.100000 12.000000 12.000000
V 252.093600 133.293600 12.000000 12.000000
V 844.992000 710.877600 254.000000 23.000000
V 544.356000 296.121600 124.000000 22.000000
V 200.599200 727.128000 10.000000 10.000000
V 118.000800 136.922400 236.000000 27.000000
V 441.266400 602.964000 10.000000 10.000000
V 763.056000 802.368000 41.000000 30.000000
V 315.266400 250.783200 217.000000 24.000000
V 109.569600 822.456000 146.000000 21.000000
V 408.729600 969.264000 147.000000 22.000000
V 350.640000 483.537600 152.000000 26.000000
E 0 13
E 1 12
E 2 8
E 3 18
E 4 12
E 18 4
E 5 7
E 5 16
E 5 18
E 6 16
E 11 7
E 7 22
E 10 8
E 15 8
E 8 20
E 23 8
E 13 9
E 10 18
E 12 14
E 12 19
E 13 17
E 20 13
E 16 21
E 23 18
G R-HSA-1566948.sbgn 31 30
V 238.939200 374.119200 51.000000 22.000000
V 58.000320 283.514400 116.000000 48.000000
V 408.520800 127.396800 45.000000 22.000000
V 331.826400 232.020000 10.000000 10.000000
V 598.744800 169.423200 10.000000 10.000000
V 772.344000 255.060000 103.000000 36.000000
V 94.197600 362.728800 119.000000 36.000000
V 111.060000 323.438400 10.000000 10.000000
V 576.878400 167.284800 10.000000 10.000000
V 604.209600 110.498400 10.000000 10.000000
V 404.575200 50.709600 12.000000 12.000000
V 512.877600 158.968800 102.000000 33.000000
V 648.165600 82.972800 126.000000 29.000000
V 355.197600 256.233600 77.000000 22.000000
V 373.212000 280.252800 10.000000 10.000000
V 739.296000 188.251200 77.000000 22.000000
V 643.406400 142.941600 107.000000 25.000000
V 445.190400 151.855200 12.000000 12.000000
V 296.654400 297.187200 127.000000 22.000000
V 174.571200 318.708000 101.000000 36.000000
V 723.168000 292.089600 44.000000 22.000000
V 399.362400 200.080800 109.000000 65.000000
V 430.423200 90.288000 87.000000 36.000000
V 371.520000 327.657600 55.000000 22.000000
V 239.846400 329.493600 10.000000 10.000000
V 384.048000 11.000160 84.000000 22.000000
V 706.773600 225.172800 12.000000 12.000000
V 287.791200 196.689600 98.000000 36.000000
V 650.714400 198.936000 84.000000 33.000000
V 569.628000 42.460560 97.000000 36.000000
V 550.461600 212.025600 98.000000 22.000000
E 0 24
E 7 1
E 2 17
E 3 13
E 21 3
E 27 3
E 4 16
E 28 4
E 26 5
E 6 7
E 19 7
E 8 11
E 16 8
E 30 8
E 12 9
E 16 9
E 9 29
E 10 22
E 25 10
E 11 17
E 13 14
E 14 18
E 23 14
E 15 26
E 17 21
E 22 17
E 18 24
E 24 19
E 20 26
E 26 28
G R-HSA-156842.sbgn 33 37
V 390.556800 275.976000 10.000000 10.000000
V 553.147200 480.636000 34.000000 31.000000
V 225.072000 307.857600 10.000000 10.000000
V 388.080000 410.133600 10.000000 10.000000
V 549.453600 47.748960 40.000000 30.000000
V 199.360800 383.270400 72.000000 22.000000
V 35.886240 360.403200 55.000000 23.000000
V 484.675200 401.774400 12.000000 12.000000
V 320.234400 187.495200 34.000000 29.000000
V 474.861600 89.560800 10.000000 10.000000
V 322.761600 318.808800 105.000000 50.000000
V 462.700800 458.258400 128.000000 49.000000
V 500.680800 282.168000 133.000000 50.000000
V 400.752000 508.802400 98.000000 36.000000
V 272.570400 629.769600 10.000000 10.000000
V 410.745600 217.116000 131.000000 64.000000
V 435.614400 11.000160 36.000000 22.000000
V 158.356800 243.432000 110.000000 30.000000
V 189.424800 670.867200 90.000000 22.000000
V 256.291200 712.332000 79.000000 22.000000
V 39.499920 449.877600 79.000000 37.000000
V 258.624000 486.460800 87.000000 51.000000
V 285.602400 431.049600 12.000000 12.000000
V 485.100000 166.111200 64.000000 22.000000
V 111.787200 403.351200 12.000000 12.000000
V 379.555200 370.296000 73.000000 22.000000
V 291.175200 539.575200 81.000000 39.000000
V 187.070400 438.364800 40.000000 30.000000
V 581.702400 300.024000 12.000000 12.000000
V 340.322400 694.195200 73.000000 22.000000
V 579.751200 400.730400 112.000000 50.000000
V 552.204000 356.702400 88.000000 22.000000
V 294.386400 223.833600 65.000000 22.000000
E 0 8
E 10 0
E 12 0
E 0 15
E 23 0
E 0 25
E 0 32
E 7 1
E 5 2
E 2 10
E 17 2
E 10 3
E 3 11
E 13 3
E 4 9
E 22 5
E 24 5
E 6 24
E 11 7
E 7 25
E 7 30
E 31 7
E 16 9
E 9 23
E 28 12
E 18 14
E 19 14
E 14 26
E 29 14
E 20 24
E 22 21
E 25 22
E 26 22
E 27 22
E 27 24
E 30 28
E 31 28
G R-HSA-157858.sbgn 19 19
V 432.583200 791.640000 10.000000 10.000000
V 706.536000 898.200000 114.000000 52.000000
V 85.413600 831.672000 39.000000 22.000000
V 777.240000 717.746400 153.000000 34.000000
V 220.557600 528.724800 98.000000 38.000000
V 264.297600 640.951200 12.000000 12.000000
V 32.999760 116.258400 66.000000 29.000000
V 550.036800 741.600000 84.000000 20.000000
V 204.948000 857.880000 10.000000 10.000000
V 79.560000 217.800000 12.000000 12.000000
V 172.022400 423.417600 10.000000 10.000000
V 118.180800 323.258400 96.000000 31.000000
V 599.896800 957.744000 12.000000 12.000000
V 217.670400 982.080000 107.000000 23.000000
V 112.788000 942.552000 95.000000 40.000000
V 16.908480 5.999976 12.000000 12.000000
V 672.516000 775.584000 10.000000 10.000000
V 487.699200 906.120000 127.000000 67.000000
V 302.594400 764.640000 121.000000 52.000000
E 7 0
E 0 17
E 18 0
E 12 1
E 1 16
E 2 8
E 16 3
E 4 5
E 10 4
E 5 18
E 6 9
E 15 6
E 16 7
E 13 8
E 8 14
E 18 8
E 9 11
E 11 10
E 17 12
G R-HSA-1650814.sbgn 31 39
V 348.998400 543.124800 124.000000 64.000000
V 275.011200 611.704800 121.000000 22.000000
V 300.758400 221.709600 122.000000 22.000000
V 74.001600 549.108000 148.000000 58.000000
V 172.879200 581.875200 12.000000 12.000000
V 281.145600 45.585360 52.000000 27.000000
V 363.736800 637.984800 12.000000 12.000000
V 455.846400 621.360000 41.000000 30.000000
V 113.875200 660.175200 153.000000 70.000000
V 204.429600 700.898400 12.000000 12.000000
V 433.879200 211.593600 128.000000 62.000000
V 120.729600 753.336000 70.000000 30.000000
V 648.007200 668.311200 162.000000 54.000000
V 186.213600 806.904000 41.000000 30.000000
V 466.063200 746.280000 176.000000 34.000000
V 588.110400 482.947200 137.000000 67.000000
V 343.332000 14.999760 34.000000 30.000000
V 300.376800 492.501600 10.000000 10.000000
V 367.869600 699.386400 12.000000 12.000000
V 552.916800 671.752800 12.000000 12.000000
V 573.660000 542.448000 77.000000 36.000000
V 359.848800 117.720000 12.000000 12.000000
V 288.482400 746.424000 140.000000 66.000000
V 464.544000 678.132000 67.000000 30.000000
V 505.116000 448.560000 10.000000 10.000000
V 375.184800 311.155200 12.000000 12.000000
V 552.924000 603.583200 12.000000 12.000000
V 247.276800 102.398400 43.000000 30.000000
V 391.456800 415.303200 132.000000 50.000000
V 427.852800 35.695440 119.000000 68.000000
V 472.766400 92.750400 56.000000 30.000000
E 0 6
E 17 0
E 4 1
E 1 6
E 1 9
E 1 17
E 18 1
E 2 21
E 25 2
E 4 3
E 8 4
E 5 21
E 6 7
E 6 22
E 23 6
E 26 7
E 9 8
E 11 9
E 9 13
E 22 9
E 21 10
E 10 25
E 12 19
E 26 12
E 18 14
E 19 14
E 24 15
E 15 26
E 16 21
E 28 17
E 22 18
E 19 20
E 20 24
E 21 27
E 29 21
E 21 30
E 23 26
E 28 24
E 25 28
G R-HSA-1655829.sbgn 31 30
V 185.227200 625.867200 108.000000 38.000000
V 372.585600 492.897600 68.000000 24.000000
V 368.726400 338.104800 211.000000 31.000000
V 188.056800 715.867200 12.000000 12.000000
V 387.770400 381.362400 12.000000 12.000000
V 86.997600 702.151200 174.000000 37.000000
V 420.501600 93.729600 212.000000 24.000000
V 419.644800 129.110400 12.000000 12.000000
V 268.869600 458.510400 74.000000 36.000000
V 263.908800 194.090400 75.000000 24.000000
V 366.861600 18.395280 82.000000 22.000000
V 333.223200 210.722400 12.000000 12.000000
V 495.604800 12.499920 159.000000 25.000000
V 269.013600 687.801600 149.000000 28.000000
V 244.641600 780.624000 81.000000 30.000000
V 414.727200 50.441040 12.000000 12.000000
V 303.134400 555.307200 12.000000 12.000000
V 137.023200 750.312000 115.000000 23.000000
V 296.661600 523.900800 154.000000 22.000000
V 417.427200 161.776800 216.000000 25.000000
V 248.061600 729.072000 12.000000 12.000000
V 357.220800 296.157600 10.000000 10.000000
V 436.399200 386.956800 58.000000 21.000000
V 537.926400 62.209440 218.000000 23.000000
V 254.764800 651.672000 12.000000 12.000000
V 359.625600 734.760000 195.000000 35.000000
V 319.867200 586.324800 145.000000 34.000000
V 348.350400 253.555200 157.000000 24.000000
V 323.805600 474.753600 12.000000 12.000000
V 360.482400 418.975200 202.000000 27.000000
V 328.694400 771.768000 60.000000 23.000000
E 0 24
E 1 28
E 4 2
E 2 21
E 3 5
E 13 3
E 17 3
E 22 4
E 29 4
E 7 6
E 6 15
E 19 7
E 28 8
E 9 11
E 10 15
E 11 19
E 27 11
E 15 12
E 13 20
E 13 24
E 14 20
E 15 23
E 16 18
E 26 16
E 18 28
E 20 25
E 30 20
E 21 27
E 24 26
E 28 29
G R-HSA-166187.sbgn 15 16
V 159.292800 137.498400 136.000000 38.000000
V 366.876000 145.634400 12.000000 12.000000
V 366.480000 300.146400 12.000000 12.000000
V 181.512000 271.879200 75.000000 23.000000
V 428.378400 344.332800 32.000000 32.000000
V 67.999680 257.853600 136.000000 38.000000
V 150.717600 381.355200 143.000000 37.000000
V 304.408800 97.423200 66.000000 31.000000
V 82.317600 337.672800 12.000000 12.000000
V 204.278400 14.999760 28.000000 30.000000
V 388.065600 221.644800 72.000000 36.000000
V 223.538400 88.574400 12.000000 12.000000
V 218.491200 340.920000 10.000000 10.000000
V 131.731200 211.406400 10.000000 10.000000
V 297.468000 342.230400 119.000000 37.000000
E 11 0
E 0 13
E 1 7
E 10 1
E 4 2
E 2 10
E 14 2
E 12 3
E 3 13
E 5 8
E 13 5
E 8 6
E 6 12
E 7 11
E 11 9
E 12 14
G R-HSA-1679131.sbgn 20 20
V 896.904000 612.108000 74.000000 49.000000
V 995.976000 451.843200 129.000000 30.000000
V 633.009600 246.916800 77.000000 32.000000
V 773.856000 385.236000 103.000000 32.000000
V 714.513600 248.486400 70.000000 26.000000
V 701.128800 767.304000 128.000000 49.000000
V 144.381600 13.999680 73.000000 28.000000
V 949.680000 367.214400 127.000000 29.000000
V 289.411200 196.005600 115.000000 36.000000
V 510.696000 318.225600 124.000000 49.000000
V 641.937600 373.255200 12.000000 12.000000
V 666.028800 637.992000 12.000000 12.000000
V 975.960000 554.608800 36.000000 30.000000
V 864.144000 481.600800 12.000000 12.000000
V 175.363200 140.565600 10.000000 10.000000
V 398.289600 255.175200 12.000000 12.000000
V 717.242400 502.286400 121.000000 48.000000
V 565.992000 725.904000 75.000000 41.000000
V 542.822400 451.051200 121.000000 27.000000
V 54.499680 189.662400 109.000000 30.000000
E 0 13
E 13 1
E 10 2
E 10 3
E 3 13
E 10 4
E 11 5
E 6 14
E 13 7
E 14 8
E 8 15
E 9 10
E 15 9
E 10 16
E 10 18
E 16 11
E 17 11
E 12 13
E 16 13
E 19 14
G R-HSA-168643.sbgn 31 31
V 374.148000 789.192000 137.000000 42.000000
V 617.112000 938.304000 88.000000 22.000000
V 111.751200 23.500080 146.000000 47.000000
V 701.841600 179.604000 10.000000 10.000000
V 630.583200 235.353600 70.000000 34.000000
V 157.903200 481.255200 105.000000 36.000000
V 247.183200 229.636800 10.000000 10.000000
V 248.745600 457.243200 10.000000 10.000000
V 476.539200 335.628000 57.000000 22.000000
V 114.328800 112.615200 10.000000 10.000000
V 544.716000 270.453600 10.000000 10.000000
V 464.385600 423.684000 10.000000 10.000000
V 462.996000 643.147200 95.000000 22.000000
V 393.372000 477.446400 91.000000 36.000000
V 393.134400 574.689600 10.000000 10.000000
V 720.216000 91.598400 125.000000 38.000000
V 790.272000 187.084800 92.000000 36.000000
V 24.999840 114.595200 50.000000 23.000000
V 343.749600 429.940800 141.000000 43.000000
V 537.141600 899.280000 12.000000 12.000000
V 180.230400 171.936000 82.000000 22.000000
V 525.434400 498.340800 110.000000 51.000000
V 459.172800 738.288000 10.000000 10.000000
V 497.829600 979.920000 53.000000 21.000000
V 516.160800 816.840000 131.000000 22.000000
V 523.857600 184.896000 98.000000 33.000000
V 388.180800 357.076800 10.000000 10.000000
V 316.526400 289.735200 85.000000 35.000000
V 310.413600 616.773600 105.000000 55.000000
V 628.560000 608.176800 123.000000 63.000000
V 540.079200 589.852800 10.000000 10.000000
E 22 0
E 1 19
E 2 9
E 4 3
E 3 15
E 16 3
E 4 10
E 5 7
E 20 6
E 6 27
E 7 18
E 8 10
E 8 11
E 8 26
E 17 9
E 9 20
E 10 25
E 18 11
E 11 21
E 12 14
E 12 22
E 12 30
E 13 14
E 26 13
E 14 28
E 23 19
E 19 24
E 21 30
E 24 22
E 27 26
E 30 29
G R-HSA-168898.sbgn 19 18
V 359.755200 298.684800 129.000000 36.000000
V 725.976000 653.652000 49.000000 22.000000
V 385.344000 158.054400 113.000000 36.000000
V 229.406400 270.669600 71.000000 22.000000
V 140.349600 112.010400 10.000000 10.000000
V 387.144000 480.895200 102.000000 22.000000
V 219.204000 164.433600 68.000000 22.000000
V 128.534400 18.000000 130.000000 36.000000
V 330.508800 121.053600 80.000000 22.000000
V 503.316000 400.752000 129.000000 36.000000
V 404.236800 387.777600 12.000000 12.000000
V 652.320000 498.888000 127.000000 36.000000
V 305.654400 213.847200 10.000000 10.000000
V 664.776000 349.776000 112.000000 36.000000
V 722.736000 560.001600 12.000000 12.000000
V 597.816000 420.530400 10.000000 10.000000
V 816.264000 547.156800 127.000000 36.000000
V 325.353600 448.538400 47.000000 23.000000
V 48.000240 131.565600 96.000000 22.000000
E 0 10
E 12 0
E 1 14
E 2 12
E 3 12
E 6 4
E 7 4
E 4 18
E 5 10
E 6 12
E 8 12
E 10 9
E 9 15
E 17 10
E 14 11
E 11 15
E 15 13
E 16 14
G R-HSA-174362.sbgn 25 27
V 167.320800 305.092800 34.000000 32.000000
V 238.485600 208.447200 64.000000 31.000000
V 366.040800 187.488000 29.000000 28.000000
V 326.160000 264.247200 27.000000 26.000000
V 364.658400 240.321600 34.000000 32.000000
V 205.221600 268.048800 12.000000 12.000000
V 20.658960 282.549600 39.000000 31.000000
V 458.798400 168.847200 70.000000 23.000000
V 19.499760 234.943200 39.000000 31.000000
V 76.507200 257.630400 12.000000 12.000000
V 398.390400 81.194400 40.000000 37.000000
V 260.856000 46.530720 101.000000 23.000000
V 263.268000 247.449600 30.000000 31.000000
V 57.027600 195.912000 40.000000 31.000000
V 332.272800 75.002400 12.000000 12.000000
V 460.490400 116.971200 32.000000 31.000000
V 403.257600 23.104080 75.000000 32.000000
V 245.894400 325.332000 35.000000 29.000000
V 62.069760 323.589600 73.000000 35.000000
V 206.359200 337.608000 28.000000 28.000000
V 302.176800 13.500000 111.000000 27.000000
V 333.028800 139.428000 40.000000 40.000000
V 306.979200 203.162400 12.000000 12.000000
V 139.651200 251.640000 43.000000 29.000000
V 402.249600 140.536800 12.000000 12.000000
E 0 5
E 1 5
E 1 22
E 2 22
E 24 2
E 22 3
E 4 22
E 12 5
E 5 17
E 5 19
E 5 23
E 9 6
E 7 24
E 8 9
E 9 13
E 18 9
E 23 9
E 10 14
E 10 24
E 14 11
E 22 12
E 16 14
E 20 14
E 14 21
E 15 24
E 21 22
E 24 21
G R-HSA-1799339.sbgn 17 18
V 222.213600 287.316000 123.000000 36.000000
V 318.765600 158.112000 83.000000 47.000000
V 402.307200 16.500240 55.000000 33.000000
V 64.000080 313.243200 128.000000 50.000000
V 153.597600 450.165600 121.000000 36.000000
V 56.388960 588.542400 89.000000 22.000000
V 65.134080 217.663200 10.000000 10.000000
V 483.199200 73.922400 74.000000 33.000000
V 403.084800 114.379200 12.000000 12.000000
V 126.676800 143.697600 60.000000 36.000000
V 209.160000 88.315200 81.000000 34.000000
V 147.096000 194.702400 123.000000 50.000000
V 153.511200 357.746400 10.000000 10.000000
V 480.139200 172.641600 83.000000 50.000000
V 189.561600 613.245600 45.000000 22.000000
V 134.935200 539.503200 12.000000 12.000000
V 225.885600 183.571200 10.000000 10.000000
E 0 12
E 16 0
E 1 8
E 16 1
E 8 2
E 3 6
E 12 3
E 4 12
E 15 4
E 5 15
E 9 6
E 6 11
E 7 8
E 8 13
E 16 9
E 10 16
E 11 16
E 14 15
G R-HSA-181431.sbgn 17 18
V 117.432000 397.598400 134.000000 78.000000
V 490.464000 538.257600 12.000000 12.000000
V 24.999840 26.343360 50.000000 30.000000
V 314.640000 150.278400 10.000000 10.000000
V 599.767200 555.278400 43.000000 30.000000
V 65.586960 64.347120 50.000000 30.000000
V 492.926400 299.592000 126.000000 64.000000
V 404.337600 79.869600 163.000000 64.000000
V 426.816000 448.574400 158.000000 39.000000
V 15.702480 147.506400 12.000000 12.000000
V 143.848800 5.999976 12.000000 12.000000
V 77.212800 244.490400 132.000000 81.000000
V 295.308000 270.936000 56.000000 40.000000
V 246.528000 56.491920 135.000000 92.000000
V 466.977600 645.141600 43.000000 30.000000
V 178.250400 302.738400 10.000000 10.000000
V 387.993600 343.296000 10.000000 10.000000
E 0 15
E 4 1
E 8 1
E 1 14
E 9 2
E 10 2
E 7 3
E 12 3
E 3 13
E 5 9
E 5 10
E 6 16
E 16 8
E 11 9
E 13 10
E 15 11
E 12 15
E 12 16
G R-HSA-194441.sbgn 31 32
V 40.500000 327.081600 81.000000 22.000000
V 255.916800 394.048800 83.000000 22.000000
V 381.808800 160.329600 131.000000 78.000000
V 97.531200 432.756000 91.000000 22.000000
V 467.913600 48.741840 131.000000 78.000000
V 595.044000 253.490400 100.000000 36.000000
V 64.437840 292.608000 80.000000 22.000000
V 388.310400 85.608000 12.000000 12.000000
V 355.320000 269.611200 10.000000 10.000000
V 586.044000 124.603200 67.000000 22.000000
V 168.804000 287.056800 80.000000 22.000000
V 744.264000 158.594400 121.000000 78.000000
V 649.562400 183.715200 10.000000 10.000000
V 648.151200 73.569600 127.000000 64.000000
V 731.088000 225.252000 91.000000 22.000000
V 607.687200 357.508800 130.000000 50.000000
V 580.780800 408.549600 99.000000 36.000000
V 502.538400 418.111200 40.000000 22.000000
V 454.586400 290.325600 124.000000 50.000000
V 281.412000 218.865600 108.000000 23.000000
V 54.953280 364.694400 81.000000 34.000000
V 340.531200 11.000160 41.000000 22.000000
V 271.915200 432.720000 91.000000 22.000000
V 158.443200 354.261600 12.000000 12.000000
V 190.944000 462.758400 91.000000 22.000000
V 551.642400 51.406560 10.000000 10.000000
V 389.916000 343.699200 108.000000 23.000000
V 57.471840 402.732000 91.000000 22.000000
V 95.716800 250.048800 108.000000 36.000000
V 272.383200 315.568800 111.000000 36.000000
V 529.639200 319.600800 10.000000 10.000000
E 0 23
E 1 23
E 2 7
E 8 2
E 3 23
E 7 4
E 4 25
E 5 12
E 5 30
E 6 23
E 21 7
E 18 8
E 19 8
E 26 8
E 29 8
E 12 9
E 9 25
E 10 23
E 12 11
E 13 12
E 12 14
E 25 13
E 15 30
E 30 16
E 30 17
E 30 18
E 20 23
E 22 23
E 24 23
E 27 23
E 28 23
E 23 29
G R-HSA-1971475.sbgn 40 40
V 54.000000 224.856000 108.000000 37.000000
V 567.475200 150.364800 107.000000 23.000000
V 400.910400 163.843200 40.000000 36.000000
V 257.724000 313.992000 28.000000 24.000000
V 594.144000 91.555200 59.000000 37.000000
V 482.767200 129.276000 12.000000 12.000000
V 101.966400 147.823200 51.000000 23.000000
V 378.244800 214.912800 59.000000 33.000000
V 462.859200 103.752000 85.000000 23.000000
V 47.607840 266.342400 28.000000 24.000000
V 324.576000 199.915200 28.000000 24.000000
V 166.521600 239.839200 101.000000 37.000000
V 119.606400 192.182400 12.000000 12.000000
V 469.915200 219.708000 62.000000 23.000000
V 64.813680 182.829600 26.000000 31.000000
V 191.131200 160.315200 43.000000 40.000000
V 587.520000 53.026560 28.000000 24.000000
V 467.431200 161.618400 77.000000 36.000000
V 190.670400 286.502400 90.000000 23.000000
V 282.153600 244.130400 74.000000 36.000000
V 390.268800 109.728000 39.000000 31.000000
V 488.030400 19.224000 36.000000 31.000000
V 534.837600 103.046400 39.000000 35.000000
V 415.159200 253.987200 28.000000 24.000000
V 334.713600 239.508000 12.000000 12.000000
V 330.386400 162.223200 39.000000 31.000000
V 458.071200 255.787200 39.000000 31.000000
V 112.521600 279.367200 12.000000 12.000000
V 152.121600 112.816800 39.000000 31.000000
V 70.298640 302.990400 39.000000 31.000000
V 310.737600 282.715200 62.000000 23.000000
V 369.763200 271.108800 40.000000 36.000000
V 539.366400 17.500320 38.000000 35.000000
V 120.146400 339.976800 39.000000 31.000000
V 543.765600 182.736000 28.000000 24.000000
V 241.056000 197.604000 39.000000 31.000000
V 547.336800 71.514000 12.000000 12.000000
V 178.005600 343.231200 57.000000 23.000000
V 421.768800 195.847200 12.000000 12.000000
V 231.076800 245.779200 12.000000 12.000000
E 0 12
E 27 0
E 1 5
E 2 38
E 39 3
E 4 36
E 8 5
E 5 17
E 5 20
E 22 5
E 5 34
E 6 12
E 7 24
E 38 7
E 27 9
E 24 10
E 12 11
E 11 27
E 39 11
E 12 14
E 28 12
E 13 38
E 15 39
E 16 36
E 17 38
E 18 39
E 24 19
E 19 39
E 36 21
E 36 22
E 38 23
E 24 25
E 30 24
E 31 24
E 38 26
E 29 27
E 27 33
E 37 27
E 32 36
E 39 35
G R-HSA-2024101.sbgn 34 40
V 255.204000 339.854400 12.000000 12.000000
V 162.691200 629.892000 96.000000 23.000000
V 194.839200 14.515920 42.000000 23.000000
V 247.759200 604.526400 58.000000 48.000000
V 281.469600 187.610400 45.000000 23.000000
V 199.764000 526.766400 58.000000 31.000000
V 127.886400 562.485600 12.000000 12.000000
V 334.476000 200.275200 45.000000 23.000000
V 150.566400 485.229600 44.000000 36.000000
V 327.657600 593.431200 12.000000 12.000000
V 179.553600 180.633600 56.000000 31.000000
V 186.883200 339.307200 58.000000 31.000000
V 299.181600 472.356000 40.000000 31.000000
V 292.190400 648.057600 95.000000 23.000000
V 152.863200 49.517280 40.000000 31.000000
V 404.733600 608.205600 90.000000 23.000000
V 314.632800 358.358400 61.000000 23.000000
V 238.269600 478.404000 12.000000 12.000000
V 223.624800 208.252800 12.000000 12.000000
V 255.952800 84.902400 12.000000 12.000000
V 227.620800 740.952000 46.000000 23.000000
V 51.274080 551.952000 40.000000 31.000000
V 353.872800 683.100000 40.000000 31.000000
V 249.177600 134.596800 112.000000 45.000000
V 294.948000 530.920800 116.000000 31.000000
V 282.895200 15.500160 118.000000 31.000000
V 236.448000 673.574400 12.000000 12.000000
V 243.648000 205.041600 12.000000 12.000000
V 169.711200 219.672000 40.000000 31.000000
V 330.782400 323.323200 40.000000 31.000000
V 238.960800 407.354400 116.000000 31.000000
V 334.742400 61.534800 126.000000 45.000000
V 242.611200 272.728800 116.000000 31.000000
V 56.000160 594.856800 112.000000 31.000000
E 0 11
E 16 0
E 29 0
E 30 0
E 0 32
E 1 6
E 26 1
E 2 19
E 9 3
E 26 3
E 4 18
E 6 5
E 17 5
E 8 6
E 21 6
E 6 33
E 7 27
E 8 17
E 13 9
E 15 9
E 22 9
E 9 24
E 18 10
E 27 10
E 12 17
E 13 26
E 14 19
E 24 17
E 17 30
E 18 23
E 28 18
E 32 18
E 23 19
E 19 25
E 19 31
E 20 26
E 22 26
E 27 23
E 28 27
E 32 27
G R-HSA-2032785.sbgn 19 18
V 104.443200 13.662000 40.000000 22.000000
V 385.056000 341.812800 121.000000 22.000000
V 134.078400 88.034400 12.000000 12.000000
V 149.011200 396.583200 10.000000 10.000000
V 333.828000 433.029600 40.000000 22.000000
V 67.999680 416.016000 136.000000 26.000000
V 214.538400 331.387200 53.000000 22.000000
V 514.252800 279.424800 72.000000 51.000000
V 299.239200 362.080800 10.000000 10.000000
V 191.829600 25.500240 72.000000 51.000000
V 178.977600 250.308000 10.000000 10.000000
V 96.818400 258.674400 47.000000 23.000000
V 550.519200 358.725600 103.000000 27.000000
V 506.304000 431.798400 106.000000 36.000000
V 279.345600 445.903200 50.000000 22.000000
V 128.829600 479.016000 50.000000 22.000000
V 167.767200 165.837600 120.000000 22.000000
V 47.911680 79.344000 89.000000 36.000000
V 470.541600 352.245600 12.000000 12.000000
E 2 0
E 8 1
E 1 18
E 9 2
E 16 2
E 17 2
E 3 5
E 6 3
E 15 3
E 4 8
E 6 8
E 6 10
E 7 18
E 14 8
E 11 10
E 10 16
E 18 12
E 13 18
G R-HSA-209952.sbgn 15 14
V 31.089600 88.632000 31.000000 22.000000
V 310.370400 253.296000 57.000000 22.000000
V 90.043200 26.275680 95.000000 22.000000
V 65.965680 287.820000 109.000000 22.000000
V 170.452800 162.993600 46.000000 32.000000
V 110.289600 104.306400 10.000000 10.000000
V 100.843200 214.538400 10.000000 10.000000
V 292.773600 56.301840 76.000000 22.000000
V 20.000160 217.310400 40.000000 22.000000
V 221.493600 11.000160 38.000000 22.000000
V 233.769600 224.971200 10.000000 10.000000
V 219.808800 91.792800 10.000000 10.000000
V 307.238400 191.944800 38.000000 22.000000
V 264.204000 300.765600 67.000000 22.000000
V 202.701600 299.354400 40.000000 22.000000
E 0 5
E 1 10
E 5 2
E 6 3
E 4 5
E 4 6
E 4 10
E 4 11
E 8 6
E 11 7
E 9 11
E 12 10
E 10 13
E 14 10
G R-HSA-212436.sbgn 34 59
V 270.504000 432.828000 45.000000 21.000000
V 699.019200 19.606320 67.000000 19.000000
V 694.317600 190.368000 42.000000 28.000000
V 598.622400 352.108800 44.000000 22.000000
V 690.098400 307.029600 10.000000 10.000000
V 534.038400 269.488800 51.000000 23.000000
V 632.448000 137.354400 51.000000 22.000000
V 607.996800 19.000080 99.000000 38.000000
V 694.468800 127.274400 57.000000 23.000000
V 750.816000 158.313600 51.000000 23.000000
V 509.983200 322.675200 43.000000 23.000000
V 470.440800 74.404800 57.000000 23.000000
V 757.008000 195.688800 48.000000 24.000000
V 720.144000 227.203200 53.000000 23.000000
V 404.474400 553.089600 101.000000 48.000000
V 583.473600 170.092800 10.000000 10.000000
V 837.288000 315.295200 54.000000 23.000000
V 717.256800 439.891200 57.000000 23.000000
V 112.960800 604.800000 91.000000 50.000000
V 427.183200 149.940000 49.000000 20.000000
V 503.661600 238.960800 51.000000 22.000000
V 528.436800 207.237600 52.000000 23.000000
V 609.393600 220.118400 10.000000 10.000000
V 772.992000 408.880800 58.000000 23.000000
V 650.095200 322.106400 54.000000 22.000000
V 524.980800 43.872480 51.000000 22.000000
V 158.148000 484.149600 10.000000 10.000000
V 627.717600 455.292000 106.000000 38.000000
V 36.499680 445.233600 73.000000 35.000000
V 809.928000 369.640800 62.000000 22.000000
V 399.326400 414.180000 10.000000 10.000000
V 715.816800 258.228000 58.000000 23.000000
V 480.081600 112.910400 103.000000 38.000000
V 585.540000 300.002400 59.000000 22.000000
E 0 26
E 0 30
E 1 15
E 2 4
E 2 15
E 2 22
E 3 4
E 3 15
E 3 22
E 5 4
E 6 4
E 8 4
E 9 4
E 10 4
E 12 4
E 13 4
E 16 4
E 17 4
E 20 4
E 21 4
E 23 4
E 24 4
E 4 27
E 29 4
E 31 4
E 33 4
E 5 15
E 5 22
E 6 15
E 6 22
E 15 7
E 8 15
E 8 22
E 9 15
E 9 22
E 10 15
E 10 22
E 10 30
E 11 15
E 12 15
E 12 22
E 13 15
E 13 22
E 30 14
E 19 15
E 20 15
E 21 15
E 24 15
E 25 15
E 31 15
E 33 15
E 26 18
E 20 22
E 21 22
E 24 22
E 31 22
E 22 32
E 33 22
E 28 26
G R-HSA-2142700.sbgn 23 26
V 176.587200 215.820000 74.000000 30.000000
V 255.564000 367.581600 101.000000 30.000000
V 280.274400 69.022080 43.000000 31.000000
V 63.000000 323.539200 126.000000 22.000000
V 303.660000 259.293600 43.000000 30.000000
V 233.676000 245.311200 12.000000 12.000000
V 319.406400 74.822400 12.000000 12.000000
V 363.340800 48.623760 107.000000 22.000000
V 130.046400 298.533600 12.000000 12.000000
V 350.863200 109.612800 12.000000 12.000000
V 132.422400 357.566400 33.000000 30.000000
V 191.001600 345.859200 12.000000 12.000000
V 212.536800 449.200800 12.000000 12.000000
V 386.748000 83.210400 33.000000 30.000000
V 250.084800 205.286400 54.000000 30.000000
V 277.747200 15.500160 46.000000 31.000000
V 199.850400 401.853600 74.000000 22.000000
V 209.088000 291.369600 130.000000 36.000000
V 225.079200 493.891200 67.000000 23.000000
V 278.193600 166.269600 12.000000 12.000000
V 75.232800 269.517600 92.000000 30.000000
V 304.380000 128.887200 47.000000 30.000000
V 402.933600 133.243200 54.000000 30.000000
E 0 5
E 1 11
E 2 6
E 2 9
E 8 3
E 5 4
E 5 14
E 17 5
E 7 6
E 13 6
E 6 15
E 21 6
E 7 9
E 10 8
E 17 8
E 20 8
E 13 9
E 21 9
E 9 22
E 10 11
E 11 16
E 17 11
E 16 12
E 12 18
E 14 19
E 19 21
G R-HSA-216083.sbgn 29 28
V 661.752000 191.973600 112.000000 59.000000
V 950.760000 257.184000 97.000000 37.000000
V 575.056800 41.999760 125.000000 84.000000
V 472.514400 498.996000 162.000000 57.000000
V 109.778400 246.067200 149.000000 73.000000
V 233.524800 322.574400 127.000000 22.000000
V 326.901600 503.755200 113.000000 61.000000
V 310.060800 337.521600 10.000000 10.000000
V 399.693600 239.256000 112.000000 50.000000
V 287.330400 268.610400 44.000000 32.000000
V 717.681600 41.878800 144.000000 52.000000
V 530.704800 172.555200 134.000000 77.000000
V 612.820800 305.474400 43.000000 41.000000
V 881.496000 247.082400 10.000000 10.000000
V 270.432000 402.256800 109.000000 65.000000
V 784.296000 148.154400 117.000000 75.000000
V 731.376000 216.151200 10.000000 10.000000
V 397.994400 436.723200 10.000000 10.000000
V 806.472000 232.941600 124.000000 22.000000
V 517.377600 281.383200 104.000000 36.000000
V 649.670400 107.834400 10.000000 10.000000
V 80.503200 351.475200 161.000000 49.000000
V 384.112800 357.588000 90.000000 41.000000
V 907.992000 319.550400 43.000000 41.000000
V 443.455200 306.381600 10.000000 10.000000
V 928.728000 183.657600 116.000000 54.000000
V 742.680000 287.892000 43.000000 41.000000
V 584.208000 237.794400 10.000000 10.000000
V 155.692800 303.717600 10.000000 10.000000
E 0 16
E 0 20
E 0 27
E 1 13
E 20 2
E 17 3
E 28 4
E 5 7
E 5 28
E 6 17
E 9 7
E 7 14
E 22 7
E 24 8
E 10 20
E 27 11
E 12 27
E 18 13
E 23 13
E 13 25
E 16 15
E 18 16
E 26 16
E 22 17
E 19 24
E 19 27
E 21 28
E 22 24
G R-HSA-2173782.sbgn 16 16
V 125.496000 150.264000 156.000000 26.000000
V 155.476800 13.500000 158.000000 27.000000
V 172.850400 355.543200 10.000000 10.000000
V 283.989600 546.645600 36.000000 25.000000
V 181.936800 537.919200 113.000000 27.000000
V 83.757600 564.429600 54.000000 23.000000
V 23.500080 211.464000 47.000000 23.000000
V 137.520000 80.380800 12.000000 12.000000
V 99.950400 221.299200 10.000000 10.000000
V 172.850400 435.542400 32.000000 22.000000
V 238.053600 484.920000 12.000000 12.000000
V 42.014880 496.368000 59.000000 22.000000
V 243.871200 324.295200 49.000000 22.000000
V 117.684000 494.928000 10.000000 10.000000
V 132.192000 290.253600 93.000000 24.000000
V 313.560000 471.808800 123.000000 22.000000
E 0 7
E 8 0
E 7 1
E 9 2
E 12 2
E 2 14
E 10 3
E 10 4
E 13 4
E 5 13
E 6 8
E 14 8
E 9 10
E 9 13
E 15 10
E 13 11
G R-HSA-2404192.sbgn 39 43
V 33.385680 343.036800 52.000000 23.000000
V 380.498400 14.999760 41.000000 30.000000
V 858.168000 223.646400 94.000000 24.000000
V 862.632000 528.048000 65.000000 24.000000
V 330.235200 66.494880 39.000000 30.000000
V 927.216000 379.562400 38.000000 30.000000
V 692.568000 538.761600 160.000000 27.000000
V 813.744000 175.392000 57.000000 22.000000
V 701.236800 188.164800 152.000000 24.000000
V 297.979200 20.960640 108.000000 29.000000
V 740.808000 455.349600 10.000000 10.000000
V 285.415200 278.697600 10.000000 10.000000
V 759.888000 360.604800 143.000000 28.000000
V 801.072000 546.062400 41.000000 22.000000
V 622.728000 657.856800 40.000000 30.000000
V 608.623200 458.395200 202.000000 28.000000
V 951.912000 255.146400 100.000000 23.000000
V 543.952800 624.679200 38.000000 30.000000
V 382.788000 304.070400 104.000000 27.000000
V 326.484000 122.155200 105.000000 26.000000
V 121.543200 370.022400 10.000000 10.000000
V 598.550400 560.743200 12.000000 12.000000
V 206.719200 333.360000 130.000000 30.000000
V 909.864000 480.744000 162.000000 25.000000
V 475.624800 264.844800 10.000000 10.000000
V 412.516800 81.763200 12.000000 12.000000
V 934.920000 326.548800 39.000000 30.000000
V 245.736000 182.548800 210.000000 29.000000
V 855.504000 314.136000 12.000000 12.000000
V 823.680000 432.720000 10.000000 10.000000
V 561.823200 312.112800 86.000000 24.000000
V 1122.048000 249.883200 97.000000 27.000000
V 254.800800 79.840800 12.000000 12.000000
V 650.692800 364.579200 10.000000 10.000000
V 78.998400 450.324000 158.000000 28.000000
V 1075.320000 136.245600 97.000000 23.000000
V 459.813600 164.743200 162.000000 26.000000
V 1035.792000 219.484800 10.000000 10.000000
V 748.296000 271.101600 10.000000 10.000000
E 0 20
E 25 1
E 32 1
E 2 28
E 3 29
E 4 25
E 4 32
E 5 28
E 10 6
E 6 21
E 7 38
E 38 8
E 25 9
E 32 9
E 12 10
E 13 10
E 18 11
E 22 11
E 11 27
E 28 12
E 12 29
E 33 12
E 12 38
E 21 14
E 21 15
E 15 33
E 16 28
E 37 16
E 17 21
E 18 24
E 19 25
E 19 32
E 22 20
E 20 34
E 29 23
E 30 24
E 24 36
E 36 25
E 28 26
E 27 32
E 33 30
E 31 37
E 35 37
G R-HSA-2466712.sbgn 15 16
V 20.000160 385.459200 40.000000 30.000000
V 245.750400 254.469600 12.000000 12.000000
V 107.366400 337.132800 40.000000 30.000000
V 66.204000 366.148800 12.000000 12.000000
V 226.965600 197.438400 47.000000 30.000000
V 261.612000 308.714400 65.000000 22.000000
V 286.567200 65.283840 12.000000 12.000000
V 305.870400 116.532000 50.000000 30.000000
V 298.238400 14.999760 31.000000 30.000000
V 303.854400 274.708800 32.000000 30.000000
V 193.435200 279.129600 40.000000 30.000000
V 245.145600 101.275200 48.000000 30.000000
V 264.031200 153.885600 12.000000 12.000000
V 149.313600 308.116800 12.000000 12.000000
V 279.972000 208.101600 43.000000 30.000000
E 3 0
E 4 1
E 5 1
E 1 9
E 1 10
E 14 1
E 2 3
E 13 2
E 12 4
E 7 6
E 8 6
E 6 11
E 7 12
E 10 13
E 11 12
E 12 14
G R-HSA-2559585.sbgn 40 43
V 468.648000 274.291200 55.000000 22.000000
V 520.444800 240.876000 12.000000 12.000000
V 636.832800 103.824000 79.000000 20.000000
V 845.856000 540.345600 37.000000 22.000000
V 807.912000 257.616000 10.000000 10.000000
V 818.640000 316.454400 10.000000 10.000000
V 159.076800 336.715200 12.000000 12.000000
V 552.153600 26.500320 119.000000 53.000000
V 445.694400 72.014400 165.000000 22.000000
V 890.064000 292.240800 91.000000 36.000000
V 674.402400 266.040000 12.000000 12.000000
V 881.784000 228.844800 42.000000 23.000000
V 151.315200 400.680000 145.000000 63.000000
V 878.976000 346.068000 84.000000 22.000000
V 632.757600 358.156800 101.000000 48.000000
V 672.523200 303.624000 12.000000 12.000000
V 755.712000 226.584000 129.000000 36.000000
V 574.524000 273.996000 95.000000 38.000000
V 72.496800 300.528000 145.000000 58.000000
V 616.492800 170.618400 12.000000 12.000000
V 136.231200 245.505600 98.000000 36.000000
V 745.344000 382.960800 10.000000 10.000000
V 319.442400 407.080800 175.000000 52.000000
V 219.729600 446.112000 10.000000 10.000000
V 763.776000 455.752800 90.000000 23.000000
V 427.276800 302.918400 12.000000 12.000000
V 80.618400 350.150400 62.000000 22.000000
V 817.272000 488.520000 10.000000 10.000000
V 665.157600 430.120800 91.000000 36.000000
V 680.032800 189.554400 32.000000 22.000000
V 338.947200 351.468000 10.000000 10.000000
V 744.264000 311.292000 64.000000 51.000000
V 199.123200 502.567200 68.000000 35.000000
V 249.343200 311.702400 140.000000 54.000000
V 866.880000 183.081600 110.000000 35.000000
V 508.996800 104.738400 10.000000 10.000000
V 620.193600 227.800800 124.000000 38.000000
V 825.192000 418.694400 87.000000 35.000000
V 512.409600 169.351200 180.000000 50.000000
V 381.254400 327.038400 64.000000 22.000000
E 1 0
E 0 25
E 17 1
E 38 1
E 19 2
E 3 27
E 11 4
E 4 16
E 31 4
E 34 4
E 5 9
E 13 5
E 31 5
E 12 6
E 6 18
E 6 20
E 26 6
E 33 6
E 7 35
E 8 35
E 16 10
E 10 17
E 29 10
E 31 10
E 23 12
E 14 15
E 31 15
E 15 36
E 36 19
E 38 19
E 24 21
E 21 28
E 31 21
E 37 21
E 22 23
E 30 22
E 23 32
E 24 27
E 25 39
E 27 37
E 33 30
E 39 30
E 35 38
G R-HSA-2564830.sbgn 17 18
V 61.999920 652.932000 124.000000 37.000000
V 259.488000 484.984800 98.000000 37.000000
V 81.410400 303.602400 78.000000 23.000000
V 175.982400 590.040000 12.000000 12.000000
V 178.459200 481.672800 48.000000 23.000000
V 175.586400 372.542400 12.000000 12.000000
V 229.816800 18.499680 106.000000 37.000000
V 220.644000 253.296000 106.000000 37.000000
V 41.034240 366.350400 31.000000 28.000000
V 285.933600 658.929600 119.000000 51.000000
V 338.760000 49.613760 60.000000 31.000000
V 145.785600 68.602320 36.000000 31.000000
V 383.911200 137.577600 59.000000 31.000000
V 302.954400 370.497600 26.000000 27.000000
V 167.421600 705.643200 102.000000 37.000000
V 99.432000 482.378400 94.000000 23.000000
V 256.046400 134.042400 12.000000 12.000000
E 0 3
E 1 3
E 5 1
E 2 5
E 3 4
E 3 9
E 14 3
E 3 15
E 4 5
E 7 5
E 8 5
E 13 5
E 15 5
E 6 16
E 16 7
E 16 10
E 16 11
E 12 16
G R-HSA-2892245.sbgn 24 34
V 245.520000 533.196000 10.000000 10.000000
V 316.382400 26.303760 77.000000 51.000000
V 601.423200 354.160800 10.000000 10.000000
V 653.335200 688.960800 115.000000 49.000000
V 643.960800 88.048800 71.000000 51.000000
V 397.116000 386.582400 76.000000 29.000000
V 494.762400 19.000080 132.000000 38.000000
V 559.404000 510.379200 10.000000 10.000000
V 172.864800 99.482400 115.000000 51.000000
V 491.695200 218.469600 10.000000 10.000000
V 70.520400 235.972800 133.000000 37.000000
V 328.053600 228.024000 10.000000 10.000000
V 797.328000 391.824000 139.000000 39.000000
V 418.759200 576.309600 10.000000 10.000000
V 51.340320 588.016800 62.000000 51.000000
V 463.867200 351.079200 59.000000 26.000000
V 760.680000 232.135200 88.000000 51.000000
V 403.308000 423.583200 54.000000 29.000000
V 38.000160 390.866400 76.000000 51.000000
V 235.742400 354.225600 10.000000 10.000000
V 754.200000 564.458400 73.000000 51.000000
V 340.675200 760.680000 76.000000 51.000000
V 163.771200 718.574400 117.000000 38.000000
V 499.723200 761.904000 136.000000 37.000000
E 5 0
E 14 0
E 17 0
E 0 22
E 1 11
E 5 2
E 2 12
E 15 2
E 16 2
E 17 2
E 7 3
E 4 9
E 5 7
E 5 9
E 5 11
E 5 13
E 5 19
E 9 6
E 15 7
E 17 7
E 20 7
E 11 8
E 15 9
E 17 9
E 19 10
E 15 11
E 17 11
E 15 13
E 17 13
E 21 13
E 13 23
E 15 19
E 17 19
E 18 19
G R-HSA-3000157.sbgn 31 30
V 712.411200 611.236800 10.000000 10.000000
V 597.492000 675.972000 10.000000 10.000000
V 570.340800 103.874400 114.000000 47.000000
V 512.582400 739.224000 132.000000 93.000000
V 605.239200 260.848800 156.000000 38.000000
V 223.876800 373.190400 134.000000 37.000000
V 685.670400 223.891200 10.000000 10.000000
V 802.944000 21.000240 130.000000 42.000000
V 530.906400 430.135200 71.000000 23.000000
V 632.836800 593.013600 90.000000 25.000000
V 776.304000 677.822400 125.000000 27.000000
V 479.642400 147.916800 97.000000 25.000000
V 792.432000 603.914400 115.000000 39.000000
V 766.728000 259.783200 136.000000 53.000000
V 647.078400 753.336000 121.000000 108.000000
V 84.643200 582.717600 148.000000 41.000000
V 354.808800 450.273600 150.000000 35.000000
V 575.344800 513.072000 10.000000 10.000000
V 266.781600 444.391200 10.000000 10.000000
V 650.419200 372.772800 138.000000 73.000000
V 442.843200 431.416800 10.000000 10.000000
V 49.500000 474.480000 99.000000 26.000000
V 568.339200 346.039200 10.000000 10.000000
V 122.486400 511.459200 10.000000 10.000000
V 796.320000 102.398400 10.000000 10.000000
V 556.336800 190.346400 10.000000 10.000000
V 886.896000 101.059200 155.000000 41.000000
V 513.324000 558.352800 133.000000 37.000000
V 406.332000 365.976000 129.000000 55.000000
V 738.288000 156.614400 122.000000 27.000000
V 199.706400 489.405600 78.000000 23.000000
E 9 0
E 10 0
E 0 12
E 3 1
E 9 1
E 1 14
E 2 25
E 4 6
E 4 22
E 25 4
E 18 5
E 6 13
E 29 6
E 7 24
E 8 17
E 8 20
E 8 22
E 9 17
E 11 25
E 23 15
E 16 18
E 16 20
E 17 27
E 30 18
E 22 19
E 20 28
E 21 23
E 30 23
E 24 26
E 29 24
G R-HSA-3000170.sbgn 19 18
V 486.698400 293.940000 10.000000 10.000000
V 540.100800 500.025600 113.000000 22.000000
V 62.948160 242.323200 98.000000 32.000000
V 64.499760 370.656000 129.000000 36.000000
V 618.192000 353.102400 129.000000 36.000000
V 151.948800 511.970400 47.000000 22.000000
V 270.374400 429.141600 10.000000 10.000000
V 612.943200 224.013600 85.000000 35.000000
V 193.269600 304.984800 10.000000 10.000000
V 523.872000 83.008800 129.000000 50.000000
V 245.030400 31.817520 125.000000 36.000000
V 137.484000 101.764800 135.000000 36.000000
V 339.919200 299.584800 78.000000 22.000000
V 265.312800 573.292800 120.000000 22.000000
V 430.293600 567.799200 113.000000 36.000000
V 262.029600 175.399200 10.000000 10.000000
V 408.441600 169.524000 10.000000 10.000000
V 417.506400 424.058400 10.000000 10.000000
V 408.996000 24.999840 91.000000 50.000000
E 0 4
E 7 0
E 12 0
E 1 17
E 2 8
E 8 3
E 5 6
E 12 6
E 6 13
E 12 8
E 16 9
E 10 15
E 15 11
E 12 15
E 12 16
E 12 17
E 17 14
E 18 16
G R-HSA-3000178.sbgn 16 15
V 314.704800 13.000320 123.000000 26.000000
V 258.321600 315.849600 10.000000 10.000000
V 49.000320 228.909600 98.000000 23.000000
V 84.916800 325.756800 142.000000 28.000000
V 431.100000 308.664000 94.000000 34.000000
V 151.495200 246.182400 10.000000 10.000000
V 88.099200 84.960000 170.000000 25.000000
V 311.745600 116.899200 10.000000 10.000000
V 402.652800 66.937680 80.000000 25.000000
V 168.832800 21.073680 118.000000 23.000000
V 209.880000 407.685600 98.000000 41.000000
V 184.464000 123.811200 10.000000 10.000000
V 252.820800 207.756000 101.000000 23.000000
V 457.725600 208.332000 124.000000 40.000000
V 313.387200 403.704000 93.000000 23.000000
V 357.609600 235.519200 10.000000 10.000000
E 7 0
E 1 10
E 12 1
E 14 1
E 2 5
E 5 3
E 4 15
E 12 5
E 11 6
E 8 7
E 12 7
E 9 11
E 12 11
E 12 15
E 15 13
G R-HSA-3108214.sbgn 23 29
V 49.999680 443.268000 100.000000 27.000000
V 867.312000 644.313600 60.000000 26.000000
V 809.568000 469.872000 12.000000 12.000000
V 969.552000 420.516000 139.000000 29.000000
V 726.480000 675.122400 12.000000 12.000000
V 804.312000 822.168000 115.000000 50.000000
V 374.277600 325.850400 133.000000 24.000000
V 142.934400 232.984800 53.000000 28.000000
V 450.972000 462.801600 12.000000 12.000000
V 302.673600 176.047200 12.000000 12.000000
V 598.003200 304.898400 110.000000 44.000000
V 357.062400 359.136000 49.000000 25.000000
V 368.884800 21.000240 119.000000 42.000000
V 516.456000 462.024000 12.000000 12.000000
V 456.890400 655.905600 111.000000 26.000000
V 888.480000 589.752000 53.000000 28.000000
V 887.832000 320.140800 122.000000 45.000000
V 674.323200 837.648000 129.000000 31.000000
V 208.260000 45.011520 122.000000 30.000000
V 205.704000 384.739200 12.000000 12.000000
V 639.316800 520.365600 107.000000 45.000000
V 273.232800 528.602400 125.000000 38.000000
V 408.340800 580.118400 53.000000 28.000000
E 0 19
E 1 2
E 1 4
E 3 2
E 2 15
E 2 16
E 20 2
E 4 5
E 4 15
E 17 4
E 20 4
E 6 8
E 6 19
E 9 7
E 19 7
E 11 8
E 20 8
E 8 21
E 8 22
E 11 9
E 9 12
E 18 9
E 13 10
E 11 13
E 11 19
E 14 13
E 20 13
E 13 22
E 19 21
G R-HSA-3215018.sbgn 38 40
V 198.237600 310.968000 130.000000 30.000000
V 366.861600 256.248000 110.000000 32.000000
V 457.653600 445.795200 61.000000 26.000000
V 506.858400 581.155200 124.000000 29.000000
V 272.318400 224.956800 50.000000 33.000000
V 301.910400 297.820800 61.000000 31.000000
V 195.242400 223.956000 49.000000 31.000000
V 566.604000 178.120800 12.000000 12.000000
V 427.269600 321.681600 83.000000 28.000000
V 503.280000 386.236800 105.000000 31.000000
V 682.567200 52.951680 105.000000 27.000000
V 92.836800 351.028800 54.000000 28.000000
V 119.210400 298.512000 12.000000 12.000000
V 599.054400 631.828800 54.000000 28.000000
V 436.694400 384.451200 12.000000 12.000000
V 635.839200 181.857600 47.000000 36.000000
V 554.752800 494.215200 48.000000 32.000000
V 411.804000 556.725600 50.000000 33.000000
V 605.692800 13.999680 54.000000 28.000000
V 566.906400 104.824800 88.000000 28.000000
V 494.870400 139.910400 40.000000 31.000000
V 59.540400 299.361600 57.000000 28.000000
V 524.440800 667.857600 94.000000 26.000000
V 609.472800 224.388000 50.000000 33.000000
V 515.037600 221.407200 57.000000 30.000000
V 637.077600 141.336000 131.000000 29.000000
V 482.004000 509.162400 12.000000 12.000000
V 572.349600 544.629600 88.000000 28.000000
V 65.499840 241.624800 131.000000 27.000000
V 234.410400 184.953600 40.000000 31.000000
V 553.852800 610.970400 12.000000 12.000000
V 183.103200 273.945600 88.000000 28.000000
V 615.960000 74.865600 12.000000 12.000000
V 395.445600 516.708000 40.000000 31.000000
V 526.824000 296.856000 100.000000 31.000000
V 473.623200 267.350400 12.000000 12.000000
V 242.474400 269.560800 12.000000 12.000000
V 362.966400 307.627200 12.000000 12.000000
E 0 12
E 36 0
E 1 37
E 14 2
E 2 26
E 26 3
E 3 30
E 36 4
E 5 36
E 37 5
E 6 36
E 15 7
E 19 7
E 7 20
E 7 23
E 24 7
E 7 25
E 8 14
E 8 35
E 8 37
E 9 14
E 32 10
E 11 12
E 21 12
E 12 28
E 31 12
E 13 30
E 16 26
E 26 17
E 18 32
E 32 19
E 30 22
E 35 24
E 25 32
E 27 26
E 26 33
E 30 27
E 36 29
E 31 36
E 34 35
G R-HSA-3238698.sbgn 32 34
V 164.383200 221.904000 12.000000 12.000000
V 752.328000 279.244800 49.000000 25.000000
V 104.688000 204.739200 83.000000 47.000000
V 563.011200 232.617600 12.000000 12.000000
V 322.099200 240.206400 12.000000 12.000000
V 374.400000 275.680800 126.000000 36.000000
V 780.336000 14.999760 70.000000 30.000000
V 684.640800 286.941600 10.000000 10.000000
V 328.255200 172.562400 52.000000 30.000000
V 408.420000 524.520000 82.000000 36.000000
V 147.758400 148.154400 130.000000 50.000000
V 634.845600 230.868000 64.000000 22.000000
V 700.012800 111.830400 76.000000 24.000000
V 509.486400 487.440000 130.000000 22.000000
V 177.199200 309.499200 49.000000 22.000000
V 240.897600 234.259200 125.000000 47.000000
V 663.782400 166.881600 12.000000 12.000000
V 498.823200 260.294400 93.000000 25.000000
V 105.645600 263.462400 122.000000 54.000000
V 437.522400 380.822400 48.000000 24.000000
V 648.972000 477.072000 49.000000 31.000000
V 452.642400 449.704800 12.000000 12.000000
V 700.588800 357.379200 54.000000 23.000000
V 587.520000 502.466400 10.000000 10.000000
V 108.403200 95.220000 12.000000 12.000000
V 65.000160 50.160240 130.000000 50.000000
V 694.980000 426.621600 12.000000 12.000000
V 442.238400 306.698400 10.000000 10.000000
V 528.048000 454.298400 40.000000 22.000000
V 555.789600 570.837600 82.000000 34.000000
V 740.520000 62.715600 12.000000 12.000000
V 473.004000 576.316800 12.000000 12.000000
E 0 2
E 10 0
E 14 0
E 0 15
E 18 0
E 7 1
E 3 11
E 17 3
E 4 5
E 8 4
E 15 4
E 5 27
E 30 6
E 11 7
E 7 22
E 9 21
E 31 9
E 24 10
E 11 16
E 16 12
E 12 30
E 21 13
E 13 23
E 27 17
E 21 19
E 19 27
E 20 23
E 26 20
E 21 28
E 22 26
E 28 23
E 23 29
E 25 24
E 29 31
G R-HSA-3371599.sbgn 15 16
V 78.415200 231.350400 108.000000 22.000000
V 321.688800 215.942400 40.000000 30.000000
V 138.974400 14.999760 40.000000 30.000000
V 215.604000 178.948800 39.000000 22.000000
V 263.455200 277.776000 108.000000 22.000000
V 75.427200 39.757680 39.000000 22.000000
V 267.163200 37.953360 40.000000 30.000000
V 244.929600 107.424000 12.000000 12.000000
V 184.176000 144.943200 40.000000 30.000000
V 127.490400 88.963200 12.000000 12.000000
V 147.103200 207.914400 12.000000 12.000000
V 134.560800 280.684800 40.000000 30.000000
V 250.372800 206.287200 12.000000 12.000000
V 317.354400 92.318400 78.000000 36.000000
V 54.000000 103.564800 108.000000 22.000000
E 0 10
E 1 12
E 2 9
E 3 7
E 3 10
E 3 12
E 4 12
E 5 9
E 6 7
E 8 7
E 13 7
E 8 9
E 8 10
E 8 12
E 14 9
E 11 10
G R-HSA-373076.sbgn 24 28
V 168.876000 268.970400 69.000000 32.000000
V 334.656000 217.526400 49.000000 22.000000
V 421.552800 555.508800 93.000000 38.000000
V 301.809600 542.016000 10.000000 10.000000
V 198.252000 841.896000 84.000000 25.000000
V 255.297600 205.509600 82.000000 36.000000
V 306.597600 113.140800 10.000000 10.000000
V 309.758400 657.410400 52.000000 22.000000
V 142.387200 430.020000 10.000000 10.000000
V 478.404000 356.342400 49.000000 22.000000
V 43.149600 375.717600 74.000000 24.000000
V 39.000240 479.030400 78.000000 24.000000
V 271.749600 316.332000 10.000000 10.000000
V 632.476800 609.588000 61.000000 22.000000
V 402.386400 441.180000 10.000000 10.000000
V 521.107200 617.644800 10.000000 10.000000
V 315.338400 11.000160 78.000000 22.000000
V 261.633600 431.431200 77.000000 36.000000
V 236.685600 641.368800 78.000000 48.000000
V 565.178400 717.249600 59.000000 34.000000
V 509.839200 425.426400 72.000000 33.000000
V 201.204000 569.469600 84.000000 39.000000
V 328.636800 421.200000 41.000000 37.000000
V 238.240800 746.064000 10.000000 10.000000
E 12 0
E 1 6
E 1 12
E 2 3
E 2 14
E 15 2
E 7 3
E 17 3
E 18 3
E 3 21
E 22 3
E 4 23
E 6 5
E 5 12
E 16 6
E 7 23
E 10 8
E 11 8
E 8 17
E 9 14
E 17 12
E 22 12
E 13 15
E 17 14
E 14 20
E 22 14
E 19 15
E 23 18
G R-HSA-373753.sbgn 40 39
V 302.911200 120.448800 107.000000 22.000000
V 360.057600 189.482400 40.000000 30.000000
V 572.011200 18.000000 117.000000 36.000000
V 567.180000 374.997600 34.000000 22.000000
V 209.037600 304.164000 96.000000 36.000000
V 410.580000 152.575200 10.000000 10.000000
V 101.563200 478.483200 97.000000 50.000000
V 259.315200 516.578400 48.000000 22.000000
V 523.548000 248.565600 48.000000 22.000000
V 488.440800 298.512000 117.000000 36.000000
V 256.946400 231.206400 30.000000 22.000000
V 187.869600 236.556000 10.000000 10.000000
V 163.173600 455.860800 10.000000 10.000000
V 457.264800 200.944800 121.000000 53.000000
V 179.560800 526.500000 76.000000 30.000000
V 544.860000 329.529600 10.000000 10.000000
V 219.103200 155.030400 38.000000 22.000000
V 92.217600 359.280000 96.000000 36.000000
V 133.488000 280.051200 10.000000 10.000000
V 214.056000 367.329600 10.000000 10.000000
V 387.093600 241.466400 12.000000 12.000000
V 478.656000 252.957600 10.000000 10.000000
V 172.922400 395.524800 49.000000 22.000000
V 632.138400 57.774960 55.000000 22.000000
V 623.174400 320.630400 121.000000 36.000000
V 559.094400 118.389600 117.000000 36.000000
V 585.770400 70.266240 10.000000 10.000000
V 64.188720 321.523200 52.000000 22.000000
V 328.089600 268.596000 90.000000 36.000000
V 425.685600 100.058400 122.000000 36.000000
V 153.223200 335.181600 10.000000 10.000000
V 401.522400 291.801600 40.000000 30.000000
V 139.881600 185.414400 126.000000 22.000000
V 270.072000 285.264000 10.000000 10.000000
V 240.616800 466.632000 10.000000 10.000000
V 85.845600 225.921600 120.000000 36.000000
V 59.999760 277.192800 120.000000 50.000000
V 566.042400 155.412000 91.000000 22.000000
V 476.301600 160.682400 10.000000 10.000000
V 204.976800 426.816000 92.000000 22.000000
E 0 5
E 20 1
E 26 2
E 3 15
E 4 11
E 4 18
E 19 4
E 4 30
E 4 33
E 13 5
E 5 29
E 12 6
E 7 34
E 8 21
E 9 15
E 21 9
E 10 33
E 16 11
E 11 32
E 14 12
E 39 12
E 20 13
E 13 21
E 13 38
E 15 24
E 30 17
E 35 18
E 18 36
E 22 19
E 39 19
E 28 20
E 31 20
E 23 26
E 25 26
E 38 25
E 27 30
E 33 28
E 34 39
E 37 38
G R-HSA-380972.sbgn 31 32
V 61.500240 296.877600 123.000000 64.000000
V 240.220800 24.186960 38.000000 31.000000
V 84.312000 494.769600 27.000000 26.000000
V 401.155200 174.168000 124.000000 25.000000
V 373.809600 402.897600 38.000000 31.000000
V 170.042400 533.628000 126.000000 36.000000
V 502.063200 12.499920 54.000000 25.000000
V 359.589600 363.859200 37.000000 31.000000
V 313.668000 66.394080 39.000000 31.000000
V 311.076000 206.553600 40.000000 31.000000
V 142.077600 314.769600 12.000000 12.000000
V 146.246400 56.312640 48.000000 27.000000
V 203.277600 437.968800 116.000000 38.000000
V 76.924800 351.928800 40.000000 30.000000
V 232.617600 290.635200 119.000000 38.000000
V 360.712800 78.415200 39.000000 31.000000
V 555.408000 58.539600 99.000000 19.000000
V 252.014400 222.480000 12.000000 12.000000
V 308.368800 443.030400 78.000000 33.000000
V 142.884000 100.915200 114.000000 35.000000
V 185.716800 23.284800 55.000000 23.000000
V 113.299200 241.855200 41.000000 30.000000
V 276.667200 366.847200 12.000000 12.000000
V 495.820800 88.718400 10.000000 10.000000
V 99.712800 392.940000 105.000000 36.000000
V 340.228800 136.296000 12.000000 12.000000
V 556.437600 126.374400 48.000000 25.000000
V 214.063200 90.763200 12.000000 12.000000
V 134.352000 471.715200 12.000000 12.000000
V 428.385600 121.471200 110.000000 39.000000
V 260.892000 149.680800 119.000000 38.000000
E 10 0
E 1 27
E 28 2
E 3 25
E 22 4
E 28 5
E 6 23
E 7 22
E 8 25
E 9 17
E 9 25
E 13 10
E 14 10
E 10 21
E 24 10
E 27 11
E 22 12
E 12 28
E 17 14
E 14 22
E 25 15
E 16 23
E 30 17
E 18 22
E 27 19
E 20 27
E 26 23
E 23 29
E 24 28
E 29 25
E 25 30
E 30 27
G R-HSA-380994.sbgn 19 18
V 306.950400 27.208080 239.000000 26.000000
V 535.046400 91.728000 56.000000 51.000000
V 65.068560 170.085600 81.000000 51.000000
V 267.847200 465.890400 12.000000 12.000000
V 263.534400 624.369600 88.000000 51.000000
V 445.183200 619.732800 53.000000 22.000000
V 395.712000 164.332800 12.000000 12.000000
V 645.235200 242.208000 81.000000 30.000000
V 506.505600 316.519200 12.000000 12.000000
V 347.090400 325.317600 126.000000 22.000000
V 28.499760 276.184800 57.000000 22.000000
V 140.666400 559.159200 59.000000 30.000000
V 565.891200 544.521600 75.000000 51.000000
V 650.620800 382.161600 104.000000 51.000000
V 184.730400 273.189600 12.000000 12.000000
V 157.233600 124.336800 92.000000 21.000000
V 458.964000 13.999680 49.000000 28.000000
V 67.819680 374.421600 53.000000 23.000000
V 431.092800 462.420000 12.000000 12.000000
E 0 6
E 1 6
E 2 14
E 4 3
E 9 3
E 3 11
E 18 5
E 9 6
E 6 16
E 8 7
E 9 8
E 13 8
E 9 14
E 9 18
E 14 10
E 12 18
E 15 14
E 17 14
G R-HSA-381183.sbgn 18 20
V 63.360000 96.480000 102.000000 51.000000
V 388.044000 268.070400 50.000000 27.000000
V 266.832000 25.500240 75.000000 51.000000
V 60.858720 308.476800 57.000000 26.000000
V 234.921600 313.408800 12.000000 12.000000
V 179.186400 390.232800 66.000000 24.000000
V 127.432800 241.761600 12.000000 12.000000
V 265.651200 117.460800 12.000000 12.000000
V 214.416000 201.830400 95.000000 26.000000
V 134.308800 38.186640 78.000000 28.000000
V 38.000160 226.137600 76.000000 51.000000
V 150.746400 128.750400 12.000000 12.000000
V 379.281600 194.623200 81.000000 51.000000
V 204.386400 273.751200 58.000000 21.000000
V 346.392000 69.570000 55.000000 28.000000
V 297.266400 237.139200 12.000000 12.000000
V 263.196000 400.442400 86.000000 51.000000
V 319.298400 323.726400 65.000000 24.000000
E 0 11
E 15 1
E 2 7
E 6 3
E 4 5
E 8 4
E 13 4
E 16 4
E 17 4
E 8 6
E 10 6
E 13 6
E 8 7
E 7 14
E 8 11
E 8 15
E 11 9
E 12 15
E 13 15
E 17 15
G R-HSA-381753.sbgn 33 32
V 184.334400 626.364000 51.000000 34.000000
V 358.214400 230.328000 109.000000 24.000000
V 200.376000 449.632800 52.000000 32.000000
V 169.351200 709.171200 101.000000 27.000000
V 182.750400 292.723200 124.000000 26.000000
V 57.499920 325.742400 115.000000 24.000000
V 137.757600 783.360000 49.000000 34.000000
V 276.933600 143.805600 12.000000 12.000000
V 189.360000 16.999920 70.000000 34.000000
V 341.395200 107.661600 46.000000 30.000000
V 195.328800 371.354400 130.000000 30.000000
V 132.098400 409.888800 49.000000 31.000000
V 220.197600 532.713600 111.000000 36.000000
V 266.486400 576.734400 50.000000 36.000000
V 211.363200 586.483200 12.000000 12.000000
V 298.893600 492.184800 162.000000 29.000000
V 350.337600 147.261600 48.000000 30.000000
V 234.424800 70.626960 10.000000 10.000000
V 159.285600 60.027840 113.000000 36.000000
V 186.134400 409.341600 12.000000 12.000000
V 288.604800 236.145600 10.000000 10.000000
V 211.824000 107.056800 197.000000 42.000000
V 165.960000 664.495200 10.000000 10.000000
V 260.071200 190.303200 187.000000 40.000000
V 346.838400 267.336000 188.000000 34.000000
V 304.531200 26.446320 129.000000 36.000000
V 172.317600 752.328000 12.000000 12.000000
V 149.767200 343.353600 10.000000 10.000000
V 161.726400 576.964800 50.000000 36.000000
V 205.300800 784.368000 52.000000 31.000000
V 241.884000 619.768800 48.000000 34.000000
V 204.516000 488.937600 10.000000 10.000000
V 101.592000 665.740800 99.000000 26.000000
E 14 0
E 0 22
E 20 1
E 19 2
E 2 31
E 22 3
E 3 26
E 20 4
E 4 27
E 5 27
E 6 26
E 9 7
E 7 16
E 21 7
E 7 23
E 8 17
E 10 19
E 27 10
E 11 19
E 12 14
E 31 12
E 13 14
E 28 14
E 14 30
E 15 31
E 18 17
E 17 21
E 25 17
E 23 20
E 20 24
E 32 22
E 26 29
G R-HSA-382556.sbgn 18 21
V 17.500320 332.488800 35.000000 29.000000
V 124.473600 321.854400 12.000000 12.000000
V 378.900000 145.195200 45.000000 30.000000
V 176.112000 415.015200 49.000000 30.000000
V 175.068000 223.740000 47.000000 31.000000
V 110.304000 421.545600 41.000000 30.000000
V 62.072640 78.638400 45.000000 30.000000
V 358.826400 225.208800 45.000000 30.000000
V 112.017600 14.999760 45.000000 30.000000
V 215.013600 370.260000 48.000000 22.000000
V 281.001600 167.788800 12.000000 12.000000
V 209.332800 71.596800 45.000000 30.000000
V 157.039200 109.533600 12.000000 12.000000
V 276.516000 90.612000 27.000000 30.000000
V 207.489600 156.391200 119.000000 36.000000
V 33.558480 276.048000 40.000000 30.000000
V 263.332800 48.193200 47.000000 30.000000
V 49.860000 389.851200 43.000000 30.000000
E 1 0
E 3 1
E 1 4
E 1 5
E 9 1
E 15 1
E 17 1
E 2 10
E 10 4
E 4 12
E 6 12
E 7 10
E 8 12
E 10 11
E 10 13
E 14 10
E 16 10
E 12 11
E 12 13
E 14 12
E 12 16
G R-HSA-389513.sbgn 21 20
V 320.162400 57.128400 39.000000 25.000000
V 168.602400 375.012000 92.000000 34.000000
V 366.307200 12.000240 42.000000 24.000000
V 316.267200 317.599200 106.000000 36.000000
V 397.080000 336.830400 39.000000 30.000000
V 250.826400 370.980000 10.000000 10.000000
V 92.016000 399.722400 10.000000 10.000000
V 457.992000 239.659200 40.000000 30.000000
V 628.272000 339.962400 70.000000 26.000000
V 483.544800 64.954080 88.000000 22.000000
V 331.711200 234.669600 126.000000 36.000000
V 20.499840 363.031200 41.000000 22.000000
V 396.280800 173.296800 41.000000 22.000000
V 576.007200 432.122400 112.000000 38.000000
V 548.611200 355.759200 10.000000 10.000000
V 439.783200 15.411600 40.000000 21.000000
V 481.096800 312.472800 113.000000 50.000000
V 400.312800 86.709600 12.000000 12.000000
V 56.536560 472.572000 92.000000 23.000000
V 263.685600 454.010400 118.000000 36.000000
V 394.567200 266.673600 12.000000 12.000000
E 17 0
E 1 5
E 6 1
E 2 17
E 5 3
E 3 20
E 4 20
E 19 5
E 11 6
E 18 6
E 20 7
E 8 14
E 9 17
E 10 20
E 12 17
E 20 12
E 14 13
E 16 14
E 17 15
E 20 16
G R-HSA-3899300.sbgn 17 19
V 517.132800 300.247200 12.000000 12.000000
V 673.149600 359.316000 58.000000 30.000000
V 61.411680 308.311200 70.000000 32.000000
V 203.292000 187.099200 12.000000 12.000000
V 204.350400 595.944000 116.000000 40.000000
V 63.499680 535.831200 127.000000 36.000000
V 71.981280 79.185600 141.000000 27.000000
V 199.735200 432.079200 12.000000 12.000000
V 533.232000 130.543200 107.000000 39.000000
V 135.417600 308.217600 62.000000 30.000000
V 216.576000 21.499920 115.000000 43.000000
V 337.327200 312.156000 58.000000 31.000000
V 929.520000 458.942400 115.000000 44.000000
V 814.176000 648.165600 131.000000 32.000000
V 602.913600 453.931200 64.000000 30.000000
V 766.296000 491.241600 12.000000 12.000000
V 636.364800 174.052800 114.000000 32.000000
E 0 1
E 0 8
E 11 0
E 14 0
E 16 0
E 15 1
E 2 3
E 2 7
E 6 3
E 3 9
E 3 10
E 11 3
E 7 4
E 5 7
E 7 9
E 11 7
E 15 12
E 13 15
E 14 15
G R-HSA-389948.sbgn 19 19
V 594.842400 313.452000 10.000000 10.000000
V 395.287200 424.072800 40.000000 30.000000
V 96.883200 92.397600 10.000000 10.000000
V 293.277600 273.852000 83.000000 39.000000
V 843.552000 476.064000 165.000000 66.000000
V 752.112000 533.181600 45.000000 27.000000
V 386.416800 323.640000 12.000000 12.000000
V 40.999680 17.500320 82.000000 35.000000
V 672.393600 378.936000 133.000000 53.000000
V 187.005600 129.664800 51.000000 22.000000
V 492.703200 322.128000 145.000000 40.000000
V 112.154400 188.668800 104.000000 34.000000
V 759.672000 429.062400 12.000000 12.000000
V 842.112000 364.471200 148.000000 70.000000
V 125.935200 315.230400 95.000000 38.000000
V 411.559200 227.973600 39.000000 30.000000
V 638.697600 218.700000 102.000000 33.000000
V 198.208800 235.836000 10.000000 10.000000
V 329.119200 410.184000 74.000000 20.000000
E 0 8
E 10 0
E 16 0
E 6 1
E 7 2
E 9 2
E 2 11
E 3 6
E 17 3
E 12 4
E 12 5
E 6 10
E 15 6
E 18 6
E 8 12
E 9 17
E 11 17
E 13 12
E 14 17
G R-HSA-391160.sbgn 30 29
V 243.460800 399.254400 10.000000 10.000000
V 655.416000 275.738400 133.000000 36.000000
V 458.121600 232.524000 10.000000 10.000000
V 215.964000 316.900800 117.000000 50.000000
V 348.292800 334.684800 40.000000 30.000000
V 49.640400 311.342400 57.000000 25.000000
V 174.636000 242.280000 10.000000 10.000000
V 317.541600 436.053600 52.000000 30.000000
V 575.870400 303.912000 10.000000 10.000000
V 277.020000 204.429600 76.000000 36.000000
V 158.011200 363.067200 10.000000 10.000000
V 75.456000 375.055200 66.000000 34.000000
V 215.042400 558.360000 10.000000 10.000000
V 225.943200 487.598400 120.000000 57.000000
V 396.864000 264.052800 105.000000 22.000000
V 483.328800 11.000160 116.000000 22.000000
V 342.568800 230.025600 39.000000 30.000000
V 159.048000 607.780800 120.000000 49.000000
V 305.769600 284.745600 12.000000 12.000000
V 620.985600 362.743200 126.000000 51.000000
V 49.000320 257.191200 98.000000 64.000000
V 173.980800 155.577600 114.000000 66.000000
V 496.692000 83.894400 10.000000 10.000000
V 116.726400 425.556000 157.000000 51.000000
V 516.679200 273.333600 43.000000 22.000000
V 473.500800 154.785600 41.000000 22.000000
V 76.939200 205.646400 64.000000 23.000000
V 562.658400 54.981360 62.000000 23.000000
V 130.104000 297.849600 10.000000 10.000000
V 256.204800 617.832000 40.000000 22.000000
E 3 0
E 7 0
E 0 13
E 1 8
E 2 14
E 24 2
E 25 2
E 3 6
E 3 10
E 18 3
E 3 28
E 18 4
E 5 28
E 6 21
E 26 6
E 8 19
E 24 8
E 9 18
E 11 10
E 10 23
E 13 12
E 12 17
E 29 12
E 14 18
E 22 15
E 16 18
E 28 20
E 25 22
E 27 22
G R-HSA-392517.sbgn 26 30
V 220.399200 152.287200 115.000000 22.000000
V 483.055200 22.798080 102.000000 22.000000
V 606.484800 268.459200 124.000000 39.000000
V 499.082400 286.005600 12.000000 12.000000
V 399.967200 288.079200 73.000000 22.000000
V 407.988000 218.952000 70.000000 22.000000
V 85.082400 20.427120 109.000000 38.000000
V 884.592000 353.606400 12.000000 12.000000
V 332.776800 318.448800 12.000000 12.000000
V 427.420800 109.310400 10.000000 10.000000
V 967.176000 282.016800 38.000000 31.000000
V 475.740000 406.130400 126.000000 36.000000
V 239.061600 275.047200 40.000000 31.000000
V 780.264000 354.441600 80.000000 24.000000
V 544.543200 367.128000 44.000000 26.000000
V 306.432000 221.220000 12.000000 12.000000
V 748.728000 165.261600 122.000000 22.000000
V 905.472000 459.756000 40.000000 31.000000
V 392.270400 11.000160 40.000000 22.000000
V 976.536000 385.588800 132.000000 50.000000
V 244.879200 323.388000 42.000000 31.000000
V 123.429600 114.141600 10.000000 10.000000
V 25.500240 147.146400 51.000000 31.000000
V 303.876000 426.780000 122.000000 36.000000
V 712.353600 268.668000 10.000000 10.000000
V 810.864000 282.124800 114.000000 31.000000
E 0 15
E 0 21
E 9 1
E 2 3
E 24 2
E 3 4
E 5 3
E 11 3
E 3 14
E 4 8
E 4 15
E 8 5
E 5 9
E 15 5
E 21 6
E 10 7
E 13 7
E 7 17
E 19 7
E 7 25
E 12 8
E 8 20
E 23 8
E 18 9
E 12 15
E 13 24
E 15 20
E 16 24
E 22 21
E 25 24
G R-HSA-4090294.sbgn 15 15
V 179.474400 90.972000 51.000000 27.000000
V 224.920800 561.384000 69.000000 27.000000
V 52.151040 336.628800 95.000000 43.000000
V 495.741600 502.819200 106.000000 38.000000
V 305.452800 321.163200 74.000000 27.000000
V 32.999760 450.590400 66.000000 29.000000
V 603.446400 297.712800 70.000000 30.000000
V 278.776800 15.999840 118.000000 32.000000
V 310.507200 159.667200 12.000000 12.000000
V 462.578400 358.560000 12.000000 12.000000
V 446.738400 212.990400 67.000000 29.000000
V 177.847200 418.802400 12.000000 12.000000
V 405.288000 39.133440 119.000000 39.000000
V 593.654400 425.376000 127.000000 47.000000
V 110.167200 550.857600 134.000000 31.000000
E 0 8
E 11 1
E 11 2
E 3 9
E 4 8
E 4 9
E 4 11
E 5 11
E 6 9
E 7 8
E 8 10
E 8 12
E 9 10
E 9 13
E 14 11
G R-HSA-416482.sbgn 22 23
V 320.623200 510.760800 109.000000 38.000000
V 322.560000 165.996000 121.000000 94.000000
V 120.780000 285.465600 12.000000 12.000000
V 123.379200 873.504000 54.000000 22.000000
V 486.892800 274.788000 39.000000 31.000000
V 56.871360 630.237600 72.000000 22.000000
V 88.970400 449.078400 12.000000 12.000000
V 156.614400 605.743200 10.000000 10.000000
V 46.499760 355.140000 93.000000 48.000000
V 459.201600 189.878400 38.000000 31.000000
V 184.550400 703.310400 91.000000 49.000000
V 183.484800 503.078400 90.000000 46.000000
V 268.761600 430.711200 10.000000 10.000000
V 370.015200 459.756000 111.000000 48.000000
V 339.163200 349.027200 120.000000 97.000000
V 144.367200 185.680800 123.000000 41.000000
V 264.024000 868.536000 120.000000 53.000000
V 212.594400 25.500240 139.000000 51.000000
V 228.081600 122.220000 10.000000 10.000000
V 191.476800 801.720000 10.000000 10.000000
V 197.683200 357.026400 130.000000 38.000000
V 384.883200 254.196000 12.000000 12.000000
E 12 0
E 18 1
E 1 21
E 8 2
E 2 15
E 20 2
E 3 19
E 21 4
E 5 7
E 6 8
E 11 6
E 7 10
E 11 7
E 9 21
E 10 19
E 12 11
E 12 13
E 14 12
E 12 20
E 21 14
E 15 18
E 19 16
E 17 18
G R-HSA-418346.sbgn 35 34
V 128.570400 229.413600 12.000000 12.000000
V 257.659200 152.697600 10.000000 10.000000
V 287.150400 137.764800 30.000000 23.000000
V 386.344800 115.264800 91.000000 37.000000
V 436.507200 40.203360 39.000000 23.000000
V 401.824800 211.010400 103.000000 37.000000
V 168.624000 158.644800 10.000000 10.000000
V 139.305600 122.248800 90.000000 23.000000
V 115.135200 85.636800 12.000000 12.000000
V 485.395200 124.560000 48.000000 23.000000
V 361.231200 11.499840 95.000000 23.000000
V 341.856000 157.312800 40.000000 31.000000
V 342.273600 74.865600 57.000000 23.000000
V 175.608000 249.883200 41.000000 31.000000
V 34.894800 351.129600 41.000000 31.000000
V 491.364000 78.220800 103.000000 37.000000
V 213.127200 153.280800 63.000000 23.000000
V 76.759200 236.246400 40.000000 31.000000
V 81.295200 52.942320 41.000000 31.000000
V 101.023200 278.265600 92.000000 37.000000
V 172.080000 345.535200 89.000000 37.000000
V 89.762400 201.232800 58.000000 23.000000
V 267.184800 192.909600 38.000000 23.000000
V 409.708800 155.066400 10.000000 10.000000
V 64.699920 91.965600 40.000000 31.000000
V 285.235200 95.493600 41.000000 31.000000
V 446.083200 110.095200 10.000000 10.000000
V 111.693600 320.428800 12.000000 12.000000
V 326.253600 119.829600 12.000000 12.000000
V 397.987200 64.441440 10.000000 10.000000
V 453.628800 172.922400 56.000000 23.000000
V 151.912800 195.235200 32.000000 23.000000
V 160.840800 34.259760 102.000000 23.000000
V 20.000160 312.120000 40.000000 31.000000
V 94.932000 383.551200 63.000000 23.000000
E 0 13
E 17 0
E 0 19
E 21 0
E 31 0
E 2 1
E 1 16
E 22 1
E 2 28
E 3 23
E 3 26
E 28 3
E 3 29
E 4 29
E 23 5
E 6 7
E 16 6
E 31 6
E 7 8
E 8 18
E 24 8
E 8 32
E 9 26
E 29 10
E 11 28
E 12 28
E 27 14
E 26 15
E 19 27
E 27 20
E 30 23
E 28 25
E 33 27
E 34 27
G R-HSA-418889.sbgn 29 29
V 203.464800 249.775200 113.000000 22.000000
V 378.820800 485.964000 131.000000 22.000000
V 626.760000 415.188000 10.000000 10.000000
V 548.503200 375.228000 113.000000 22.000000
V 360.705600 344.196000 73.000000 22.000000
V 404.992800 204.156000 49.000000 22.000000
V 273.492000 307.346400 12.000000 12.000000
V 702.864000 383.500800 60.000000 22.000000
V 22.500000 308.620800 45.000000 22.000000
V 96.422400 347.659200 10.000000 10.000000
V 145.288800 487.267200 10.000000 10.000000
V 285.321600 501.739200 40.000000 30.000000
V 672.516000 487.836000 95.000000 22.000000
V 272.844000 219.765600 34.000000 22.000000
V 105.328800 560.793600 123.000000 22.000000
V 553.514400 50.268960 113.000000 36.000000
V 485.827200 174.124800 112.000000 22.000000
V 481.204800 91.288800 10.000000 10.000000
V 452.880000 376.077600 12.000000 12.000000
V 79.581600 431.287200 105.000000 22.000000
V 395.366400 259.207200 12.000000 12.000000
V 477.396000 462.607200 50.000000 22.000000
V 320.450400 186.026400 104.000000 22.000000
V 505.008000 419.443200 105.000000 22.000000
V 334.317600 524.952000 41.000000 30.000000
V 318.758400 429.364800 12.000000 12.000000
V 179.150400 324.640800 97.000000 22.000000
V 228.088800 458.402400 109.000000 36.000000
V 448.552800 11.000160 47.000000 22.000000
E 6 0
E 1 25
E 3 2
E 7 2
E 2 12
E 18 3
E 4 6
E 4 18
E 4 20
E 25 4
E 5 20
E 13 6
E 6 26
E 8 9
E 9 19
E 26 9
E 14 10
E 19 10
E 10 27
E 11 25
E 17 15
E 16 17
E 20 16
E 28 17
E 21 18
E 18 23
E 20 22
E 25 24
E 27 25
G R-HSA-422085.sbgn 20 21
V 62.500320 473.853600 125.000000 38.000000
V 550.238400 451.274400 46.000000 25.000000
V 368.265600 293.133600 48.000000 37.000000
V 454.968000 532.116000 48.000000 23.000000
V 467.524800 246.117600 90.000000 34.000000
V 399.254400 505.800000 43.000000 31.000000
V 305.913600 333.172800 86.000000 27.000000
V 543.132000 52.035840 111.000000 36.000000
V 280.936800 419.097600 125.000000 38.000000
V 551.448000 386.841600 45.000000 25.000000
V 430.790400 116.611200 12.000000 12.000000
V 185.407200 503.143200 12.000000 12.000000
V 307.245600 477.813600 125.000000 38.000000
V 420.624000 397.022400 12.000000 12.000000
V 511.624800 500.356800 62.000000 23.000000
V 492.465600 339.724800 124.000000 31.000000
V 708.292800 152.352000 145.000000 30.000000
V 141.307200 622.634400 146.000000 27.000000
V 357.228000 14.500080 68.000000 29.000000
V 583.408800 174.225600 12.000000 12.000000
E 0 11
E 1 13
E 2 13
E 3 13
E 4 10
E 13 4
E 4 19
E 5 13
E 6 13
E 10 7
E 19 7
E 11 8
E 8 13
E 9 13
E 18 10
E 11 12
E 17 11
E 12 13
E 14 13
E 13 15
E 16 19
G R-HSA-425397.sbgn 28 30
V 84.916800 45.509040 74.000000 30.000000
V 231.760800 187.236000 74.000000 30.000000
V 535.946400 486.561600 88.000000 35.000000
V 57.652560 194.911200 89.000000 30.000000
V 332.769600 243.525600 12.000000 12.000000
V 803.880000 180.540000 61.000000 22.000000
V 319.658400 152.431200 74.000000 31.000000
V 712.461600 209.160000 12.000000 12.000000
V 609.393600 212.032800 43.000000 30.000000
V 448.452000 433.231200 12.000000 12.000000
V 173.505600 19.000080 87.000000 38.000000
V 44.500320 119.678400 89.000000 30.000000
V 143.323200 128.052000 12.000000 12.000000
V 410.464800 508.924800 42.000000 30.000000
V 279.244800 507.312000 89.000000 30.000000
V 385.660800 154.864800 42.000000 30.000000
V 740.880000 106.084800 68.000000 30.000000
V 582.249600 352.490400 73.000000 30.000000
V 796.824000 276.292800 68.000000 30.000000
V 249.228000 439.905600 89.000000 30.000000
V 254.361600 287.668800 42.000000 30.000000
V 348.170400 416.714400 12.000000 12.000000
V 360.453600 500.054400 42.000000 30.000000
V 629.748000 269.006400 43.000000 30.000000
V 485.906400 540.460800 92.000000 32.000000
V 517.759200 180.748800 73.000000 30.000000
V 522.064800 277.869600 12.000000 12.000000
V 415.094400 326.973600 62.000000 22.000000
E 12 0
E 1 4
E 1 12
E 9 2
E 3 12
E 4 6
E 4 15
E 20 4
E 27 4
E 5 7
E 7 8
E 16 7
E 7 18
E 23 7
E 26 8
E 13 9
E 9 22
E 24 9
E 27 9
E 10 12
E 12 11
E 13 21
E 14 21
E 26 17
E 21 19
E 21 22
E 27 21
E 23 26
E 25 26
E 27 26
G R-HSA-427359.sbgn 21 26
V 460.080000 384.105600 60.000000 21.000000
V 75.888000 106.473600 60.000000 30.000000
V 258.976800 109.850400 109.000000 25.000000
V 210.463200 636.789600 10.000000 10.000000
V 384.228000 152.344800 12.000000 12.000000
V 387.504000 13.000320 213.000000 26.000000
V 185.976000 344.714400 202.000000 24.000000
V 296.532000 544.896000 120.000000 22.000000
V 517.132800 124.308000 161.000000 38.000000
V 523.749600 170.042400 42.000000 30.000000
V 28.499760 219.852000 57.000000 30.000000
V 694.195200 241.113600 101.000000 22.000000
V 314.172000 408.664800 10.000000 10.000000
V 670.701600 359.604000 48.000000 23.000000
V 400.867200 510.465600 71.000000 25.000000
V 288.871200 266.659200 129.000000 22.000000
V 565.336800 280.468800 12.000000 12.000000
V 214.329600 506.887200 118.000000 38.000000
V 162.165600 209.980800 12.000000 12.000000
V 174.470400 753.984000 105.000000 35.000000
V 474.170400 223.243200 51.000000 30.000000
E 0 12
E 0 16
E 18 1
E 4 2
E 2 18
E 7 3
E 17 3
E 3 19
E 5 4
E 4 8
E 4 9
E 15 4
E 20 4
E 6 12
E 18 6
E 7 12
E 16 8
E 16 9
E 10 18
E 11 16
E 14 12
E 12 15
E 17 12
E 16 13
E 15 18
E 20 16
G R-HSA-427389.sbgn 17 16
V 49.000320 616.989600 98.000000 22.000000
V 316.231200 342.806400 76.000000 31.000000
V 315.756000 120.196800 10.000000 10.000000
V 301.615200 852.336000 79.000000 51.000000
V 194.198400 447.357600 283.000000 26.000000
V 124.365600 663.163200 63.000000 27.000000
V 125.582400 242.215200 72.000000 32.000000
V 422.625600 82.296000 296.000000 25.000000
V 48.135600 535.773600 88.000000 22.000000
V 161.769600 563.875200 10.000000 10.000000
V 84.787200 309.700800 121.000000 23.000000
V 271.130400 14.999760 72.000000 30.000000
V 258.523200 642.391200 111.000000 22.000000
V 433.116000 765.360000 131.000000 22.000000
V 323.186400 739.512000 10.000000 10.000000
V 267.098400 223.696800 195.000000 30.000000
V 203.421600 325.987200 12.000000 12.000000
E 0 9
E 1 16
E 2 7
E 11 2
E 15 2
E 3 14
E 9 4
E 4 16
E 5 9
E 16 6
E 8 9
E 12 9
E 10 16
E 14 12
E 13 14
E 16 15
G R-HSA-427413.sbgn 31 32
V 473.544000 389.109600 10.000000 10.000000
V 347.220000 726.624000 216.000000 25.000000
V 397.015200 296.467200 60.000000 26.000000
V 289.663200 446.796000 427.000000 26.000000
V 167.104800 532.670400 162.000000 26.000000
V 33.999840 465.645600 68.000000 37.000000
V 452.505600 248.220000 101.000000 24.000000
V 416.656800 950.688000 72.000000 25.000000
V 56.153520 390.564000 65.000000 30.000000
V 117.561600 324.633600 68.000000 35.000000
V 634.363200 398.246400 177.000000 37.000000
V 287.776800 593.287200 12.000000 12.000000
V 205.034400 285.890400 266.000000 25.000000
V 570.967200 342.511200 60.000000 25.000000
V 242.215200 938.592000 258.000000 29.000000
V 167.846400 649.821600 68.000000 37.000000
V 754.200000 408.276000 12.000000 12.000000
V 1064.088000 473.342400 198.000000 38.000000
V 334.411200 852.192000 10.000000 10.000000
V 192.470400 410.184000 12.000000 12.000000
V 254.664000 685.137600 64.000000 35.000000
V 378.151200 354.952800 232.000000 24.000000
V 502.632000 140.457600 10.000000 10.000000
V 545.011200 264.528000 68.000000 24.000000
V 552.960000 510.004800 56.000000 25.000000
V 500.695200 25.500240 85.000000 51.000000
V 575.568000 456.645600 60.000000 24.000000
V 482.421600 481.622400 69.000000 23.000000
V 1053.288000 303.012000 161.000000 27.000000
V 976.176000 393.760800 12.000000 12.000000
V 864.288000 404.942400 188.000000 39.000000
E 2 0
E 0 3
E 6 0
E 10 0
E 13 0
E 21 0
E 0 23
E 24 0
E 26 0
E 27 0
E 11 1
E 1 18
E 3 11
E 3 19
E 4 11
E 19 4
E 19 5
E 22 6
E 7 18
E 19 8
E 9 19
E 16 10
E 11 15
E 20 11
E 12 19
E 18 14
E 30 16
E 17 29
E 23 22
E 25 22
E 28 29
E 29 30
G R-HSA-430116.sbgn 25 27
V 431.676000 335.563200 10.000000 10.000000
V 731.232000 422.978400 106.000000 23.000000
V 301.125600 134.179200 10.000000 10.000000
V 191.750400 107.193600 63.000000 22.000000
V 638.100000 353.318400 12.000000 12.000000
V 299.556000 19.000080 120.000000 38.000000
V 61.999920 503.208000 124.000000 23.000000
V 732.528000 283.888800 45.000000 22.000000
V 506.376000 434.822400 99.000000 39.000000
V 543.412800 94.737600 67.000000 23.000000
V 555.652800 208.800000 10.000000 10.000000
V 577.072800 547.351200 10.000000 10.000000
V 562.615200 665.632800 104.000000 35.000000
V 519.523200 333.734400 127.000000 36.000000
V 878.040000 567.892800 103.000000 36.000000
V 457.668000 302.731200 10.000000 10.000000
V 644.630400 133.891200 129.000000 38.000000
V 388.461600 538.675200 69.000000 23.000000
V 171.770400 526.766400 10.000000 10.000000
V 691.509600 581.918400 46.000000 23.000000
V 392.148000 427.053600 10.000000 10.000000
V 271.706400 465.127200 128.000000 37.000000
V 780.624000 522.050400 10.000000 10.000000
V 370.173600 230.745600 160.000000 35.000000
V 131.702400 633.679200 88.000000 23.000000
E 0 8
E 0 13
E 23 0
E 4 1
E 1 22
E 3 2
E 2 5
E 23 2
E 7 4
E 13 4
E 6 18
E 8 11
E 8 15
E 9 10
E 13 10
E 10 16
E 11 12
E 19 11
E 13 15
E 20 13
E 22 14
E 15 23
E 17 20
E 18 21
E 24 18
E 19 22
E 21 20
G R-HSA-432040.sbgn 34 33
V 463.262400 173.822400 102.000000 36.000000
V 215.546400 203.256000 120.000000 24.000000
V 280.512000 156.830400 190.000000 28.000000
V 143.114400 513.878400 68.000000 40.000000
V 757.008000 90.100800 160.000000 37.000000
V 309.132000 234.417600 171.000000 22.000000
V 607.363200 85.284000 123.000000 39.000000
V 172.778400 421.070400 93.000000 31.000000
V 523.922400 130.312800 120.000000 35.000000
V 64.998720 469.346400 110.000000 21.000000
V 265.370400 259.430400 12.000000 12.000000
V 169.884000 239.068800 42.000000 30.000000
V 663.739200 18.000000 119.000000 36.000000
V 395.445600 165.772800 10.000000 10.000000
V 245.059200 483.120000 108.000000 27.000000
V 573.508800 193.694400 66.000000 28.000000
V 531.748800 98.755200 12.000000 12.000000
V 530.935200 40.219200 124.000000 35.000000
V 90.432000 356.313600 125.000000 46.000000
V 55.656000 423.892800 69.000000 37.000000
V 254.066400 289.951200 106.000000 33.000000
V 186.472800 391.514400 12.000000 12.000000
V 519.480000 233.460000 88.000000 35.000000
V 528.278400 165.657600 12.000000 12.000000
V 107.013600 434.390400 12.000000 12.000000
V 390.823200 120.110400 101.000000 27.000000
V 295.171200 204.012000 12.000000 12.000000
V 225.439200 352.641600 126.000000 36.000000
V 194.680800 320.608800 12.000000 12.000000
V 682.934400 57.025440 12.000000 12.000000
V 185.191200 455.558400 12.000000 12.000000
V 356.752800 197.395200 95.000000 36.000000
V 96.501600 295.862400 193.000000 20.000000
V 335.152800 282.592800 40.000000 30.000000
E 0 13
E 23 0
E 1 10
E 26 2
E 30 3
E 4 29
E 5 10
E 26 5
E 6 16
E 29 6
E 21 7
E 7 24
E 7 30
E 16 8
E 8 23
E 9 24
E 10 11
E 10 20
E 33 10
E 29 12
E 25 13
E 13 31
E 14 30
E 15 23
E 17 16
E 18 21
E 24 19
E 20 28
E 27 21
E 23 22
E 31 26
E 28 27
E 32 28
G R-HSA-442660.sbgn 18 19
V 447.933600 404.568000 32.000000 31.000000
V 230.587200 123.955200 34.000000 34.000000
V 65.578320 30.850560 65.000000 42.000000
V 385.034400 270.950400 42.000000 34.000000
V 118.886400 130.053600 12.000000 12.000000
V 71.533440 237.211200 65.000000 37.000000
V 569.505600 205.336800 36.000000 35.000000
V 373.896000 64.172160 61.000000 23.000000
V 15.999840 98.719200 32.000000 31.000000
V 425.527200 210.600000 37.000000 36.000000
V 325.296000 173.491200 12.000000 12.000000
V 19.754640 182.815200 28.000000 31.000000
V 587.973600 353.095200 34.000000 34.000000
V 523.000800 406.612800 58.000000 27.000000
V 495.813600 297.648000 12.000000 12.000000
V 138.088800 13.500000 64.000000 27.000000
V 605.181600 270.813600 28.000000 31.000000
V 212.904000 194.443200 36.000000 35.000000
E 14 0
E 1 4
E 1 10
E 2 4
E 10 3
E 14 3
E 4 5
E 4 8
E 11 4
E 15 4
E 4 17
E 14 6
E 7 10
E 9 10
E 9 14
E 10 17
E 12 14
E 13 14
E 16 14
G R-HSA-446728.sbgn 21 20
V 617.407200 27.000000 92.000000 54.000000
V 354.974400 105.444000 10.000000 10.000000
V 651.441600 233.395200 64.000000 24.000000
V 924.696000 721.728000 58.000000 23.000000
V 1043.856000 323.078400 56.000000 23.000000
V 1250.136000 433.994400 52.000000 30.000000
V 577.850400 140.889600 10.000000 10.000000
V 1054.800000 729.648000 70.000000 41.000000
V 994.968000 627.919200 10.000000 10.000000
V 831.816000 369.345600 50.000000 23.000000
V 1021.392000 505.828800 57.000000 23.000000
V 641.937600 425.872800 96.000000 25.000000
V 975.960000 282.074400 105.000000 43.000000
V 1148.688000 498.751200 10.000000 10.000000
V 41.500080 46.522080 83.000000 41.000000
V 717.832800 332.582400 10.000000 10.000000
V 461.498400 132.127200 58.000000 33.000000
V 951.264000 398.116800 10.000000 10.000000
V 147.268800 54.528480 10.000000 10.000000
V 1238.904000 571.802400 85.000000 41.000000
V 251.553600 76.255200 125.000000 35.000000
E 6 0
E 16 1
E 1 20
E 2 6
E 2 15
E 3 8
E 4 17
E 5 13
E 16 6
E 8 7
E 10 8
E 9 15
E 9 17
E 10 13
E 10 17
E 15 11
E 17 12
E 13 19
E 18 14
E 20 18
G R-HSA-448706.sbgn 19 19
V 110.325600 71.396640 40.000000 22.000000
V 871.704000 190.584000 87.000000 36.000000
V 380.901600 135.633600 134.000000 35.000000
V 715.536000 176.263200 121.000000 21.000000
V 790.416000 221.558400 12.000000 12.000000
V 68.116320 210.016800 94.000000 31.000000
V 596.203200 24.500160 125.000000 49.000000
V 729.216000 74.210400 125.000000 35.000000
V 298.598400 144.604800 10.000000 10.000000
V 226.720800 191.995200 123.000000 25.000000
V 219.088800 112.795200 118.000000 25.000000
V 59.999760 127.533600 120.000000 23.000000
V 815.904000 305.049600 121.000000 21.000000
V 141.422400 160.646400 12.000000 12.000000
V 624.168000 214.185600 93.000000 22.000000
V 636.696000 128.613600 12.000000 12.000000
V 462.542400 132.458400 10.000000 10.000000
V 127.677600 253.994400 116.000000 18.000000
V 546.098400 130.305600 109.000000 35.000000
E 0 13
E 1 4
E 8 2
E 2 16
E 3 4
E 15 3
E 4 12
E 5 13
E 15 6
E 7 15
E 9 8
E 10 8
E 13 9
E 13 10
E 13 11
E 13 17
E 14 15
E 18 15
E 16 18
G R-HSA-449836.sbgn 19 20
V 132.004800 225.813600 12.000000 12.000000
V 120.888000 142.524000 69.000000 30.000000
V 256.111200 72.424800 34.000000 22.000000
V 201.967200 273.996000 46.000000 22.000000
V 195.307200 420.796800 111.000000 36.000000
V 277.840800 237.441600 10.000000 10.000000
V 246.715200 180.741600 117.000000 21.000000
V 425.217600 343.648800 40.000000 22.000000
V 469.972800 112.528800 87.000000 36.000000
V 58.999680 249.249600 118.000000 23.000000
V 136.461600 8.500320 46.000000 17.000000
V 171.648000 76.068000 10.000000 10.000000
V 501.055200 197.028000 60.000000 22.000000
V 426.873600 177.422400 10.000000 10.000000
V 307.663200 352.108800 69.000000 49.000000
V 366.141600 293.104800 10.000000 10.000000
V 321.314400 125.524800 10.000000 10.000000
V 226.080000 351.367200 12.000000 12.000000
V 351.684000 207.619200 74.000000 22.000000
E 1 0
E 3 0
E 0 9
E 11 1
E 2 11
E 2 16
E 3 5
E 3 17
E 17 4
E 5 6
E 18 5
E 7 15
E 13 8
E 10 11
E 12 13
E 18 13
E 15 14
E 14 17
E 18 15
E 16 18
G R-HSA-450294.sbgn 31 30
V 407.556000 120.304800 12.000000 12.000000
V 237.996000 166.687200 12.000000 12.000000
V 149.788800 76.521600 12.000000 12.000000
V 1007.928000 237.693600 41.000000 29.000000
V 1041.264000 67.647600 12.000000 12.000000
V 536.364000 190.123200 12.000000 12.000000
V 78.998400 34.012080 158.000000 57.000000
V 871.920000 348.192000 130.000000 22.000000
V 610.869600 224.632800 166.000000 41.000000
V 892.512000 305.481600 39.000000 29.000000
V 1084.680000 24.500160 110.000000 49.000000
V 203.443200 205.149600 39.000000 29.000000
V 470.980800 75.031200 93.000000 37.000000
V 773.352000 263.354400 143.000000 42.000000
V 778.248000 331.488000 41.000000 29.000000
V 413.589600 33.662880 41.000000 29.000000
V 952.992000 179.856000 12.000000 12.000000
V 885.240000 109.173600 92.000000 30.000000
V 603.684000 315.554400 39.000000 29.000000
V 995.760000 117.943200 113.000000 33.000000
V 315.828000 150.976800 127.000000 35.000000
V 463.917600 159.602400 153.000000 33.000000
V 251.092800 242.460000 41.000000 29.000000
V 694.015200 337.435200 41.000000 29.000000
V 604.202400 362.116800 121.000000 19.000000
V 1027.512000 193.284000 39.000000 29.000000
V 858.960000 277.236000 12.000000 12.000000
V 176.306400 110.556000 136.000000 40.000000
V 365.428800 67.520880 39.000000 29.000000
V 907.128000 216.792000 109.000000 35.000000
V 681.112800 282.772800 12.000000 12.000000
E 12 0
E 0 15
E 0 20
E 21 0
E 28 0
E 11 1
E 20 1
E 1 22
E 1 27
E 2 6
E 27 2
E 16 3
E 4 10
E 19 4
E 8 5
E 5 21
E 7 26
E 30 8
E 9 26
E 13 26
E 13 30
E 26 14
E 17 16
E 16 19
E 25 16
E 29 16
E 18 30
E 30 23
E 24 30
E 26 29
G R-HSA-451326.sbgn 19 18
V 24.999840 493.207200 50.000000 30.000000
V 145.015200 422.294400 119.000000 36.000000
V 225.381600 142.732800 129.000000 50.000000
V 328.816800 392.601600 108.000000 22.000000
V 391.636800 316.447200 119.000000 36.000000
V 465.141600 331.200000 12.000000 12.000000
V 217.893600 218.916000 10.000000 10.000000
V 511.200000 389.750400 111.000000 50.000000
V 146.181600 200.836800 97.000000 36.000000
V 315.064800 321.019200 10.000000 10.000000
V 213.156000 68.782320 12.000000 12.000000
V 238.348800 297.223200 49.000000 30.000000
V 156.333600 20.545200 43.000000 25.000000
V 109.980000 553.557600 50.000000 30.000000
V 259.610400 12.000240 43.000000 24.000000
V 98.424000 480.924000 12.000000 12.000000
V 524.325600 287.827200 127.000000 50.000000
V 177.724800 352.476000 10.000000 10.000000
V 107.251200 330.112800 114.000000 22.000000
E 15 0
E 1 15
E 17 1
E 6 2
E 2 10
E 3 9
E 4 5
E 9 4
E 7 5
E 5 16
E 8 6
E 11 6
E 11 9
E 10 12
E 14 10
E 11 17
E 13 15
E 18 17
G R-HSA-452723.sbgn 40 58
V 313.783200 609.148800 12.000000 12.000000
V 942.840000 587.505600 10.000000 10.000000
V 640.245600 144.698400 10.000000 10.000000
V 841.104000 765.576000 113.000000 37.000000
V 788.040000 644.227200 73.000000 23.000000
V 493.286400 525.974400 10.000000 10.000000
V 455.868000 636.084000 62.000000 28.000000
V 646.639200 427.903200 201.000000 52.000000
V 596.743200 760.536000 68.000000 22.000000
V 361.605600 522.849600 12.000000 12.000000
V 924.624000 474.998400 126.000000 36.000000
V 517.075200 602.042400 69.000000 24.000000
V 474.660000 386.416800 124.000000 38.000000
V 528.811200 864.360000 51.000000 21.000000
V 495.273600 715.406400 10.000000 10.000000
V 94.917600 282.765600 85.000000 51.000000
V 1040.256000 708.300000 83.000000 37.000000
V 700.387200 373.608000 12.000000 12.000000
V 645.652800 554.774400 106.000000 26.000000
V 370.008000 756.720000 158.000000 49.000000
V 286.084800 447.660000 66.000000 29.000000
V 744.120000 518.436000 69.000000 20.000000
V 736.632000 716.184000 64.000000 22.000000
V 808.128000 585.792000 10.000000 10.000000
V 532.324800 487.440000 108.000000 51.000000
V 602.424000 723.816000 188.000000 23.000000
V 911.664000 735.624000 12.000000 12.000000
V 40.999680 418.492800 82.000000 27.000000
V 365.652000 426.376800 77.000000 51.000000
V 630.864000 605.822400 10.000000 10.000000
V 169.747200 392.112000 12.000000 12.000000
V 746.928000 242.877600 127.000000 41.000000
V 586.598400 262.663200 109.000000 52.000000
V 928.080000 648.187200 81.000000 51.000000
V 403.855200 222.991200 62.000000 23.000000
V 193.255200 673.308000 37.000000 22.000000
V 643.924800 15.500160 81.000000 31.000000
V 456.069600 852.696000 49.000000 20.000000
V 365.018400 698.731200 106.000000 51.000000
V 486.648000 339.076800 12.000000 12.000000
E 0 6
E 19 0
E 20 0
E 35 0
E 38 0
E 4 1
E 1 16
E 33 1
E 2 31
E 32 2
E 36 2
E 23 3
E 3 26
E 26 4
E 4 29
E 6 5
E 11 5
E 5 12
E 18 5
E 28 5
E 6 14
E 6 29
E 29 7
E 7 39
E 8 14
E 8 29
E 9 11
E 12 9
E 20 9
E 28 9
E 10 23
E 11 14
E 11 29
E 13 14
E 18 14
E 14 19
E 25 14
E 37 14
E 38 14
E 15 30
E 16 26
E 17 18
E 31 17
E 32 17
E 18 23
E 18 29
E 30 20
E 20 39
E 21 29
E 22 29
E 33 23
E 24 29
E 24 39
E 25 29
E 33 26
E 27 30
E 39 32
E 34 39
G R-HSA-4551638.sbgn 19 20
V 51.999840 303.026400 104.000000 31.000000
V 740.232000 375.645600 120.000000 43.000000
V 219.866400 153.943200 57.000000 23.000000
V 675.316800 467.042400 62.000000 22.000000
V 447.768000 59.004000 136.000000 22.000000
V 313.156800 697.298400 67.000000 25.000000
V 179.964000 199.231200 67.000000 25.000000
V 518.673600 631.411200 106.000000 24.000000
V 224.647200 328.356000 12.000000 12.000000
V 313.876800 20.000160 119.000000 40.000000
V 640.152000 183.038400 102.000000 22.000000
V 232.668000 618.501600 117.000000 39.000000
V 579.168000 336.117600 12.000000 12.000000
V 398.412000 364.478400 53.000000 23.000000
V 434.124000 703.872000 64.000000 27.000000
V 724.680000 255.909600 67.000000 25.000000
V 381.024000 546.307200 12.000000 12.000000
V 352.382400 193.341600 12.000000 12.000000
V 93.002400 424.440000 120.000000 40.000000
E 0 8
E 12 1
E 2 8
E 2 17
E 3 12
E 4 17
E 16 5
E 8 6
E 17 6
E 7 16
E 13 8
E 8 18
E 17 9
E 10 12
E 16 11
E 13 12
E 12 15
E 13 16
E 13 17
E 14 16
G R-HSA-499943.sbgn 31 48
V 722.880000 941.328000 12.000000 12.000000
V 816.624000 1034.064000 59.000000 30.000000
V 415.080000 119.282400 43.000000 30.000000
V 560.275200 461.916000 12.000000 12.000000
V 642.916800 567.561600 79.000000 22.000000
V 414.100800 252.633600 12.000000 12.000000
V 438.357600 381.189600 89.000000 22.000000
V 580.320000 451.375200 12.000000 12.000000
V 608.212800 1036.728000 83.000000 39.000000
V 161.582400 14.999760 59.000000 30.000000
V 481.982400 117.410400 65.000000 30.000000
V 30.000240 169.970400 60.000000 30.000000
V 538.380000 155.412000 73.000000 30.000000
V 735.984000 802.008000 41.000000 30.000000
V 703.094400 1072.944000 36.000000 30.000000
V 872.136000 944.928000 60.000000 30.000000
V 553.903200 311.889600 48.000000 30.000000
V 162.676800 166.917600 12.000000 12.000000
V 416.800800 411.206400 82.000000 22.000000
V 629.928000 838.080000 47.000000 30.000000
V 569.592000 594.122400 40.000000 22.000000
V 75.909600 67.482720 36.000000 30.000000
V 278.193600 248.500800 34.000000 22.000000
V 702.496800 444.196800 43.000000 30.000000
V 645.775200 703.368000 12.000000 12.000000
V 501.868800 347.184000 40.000000 30.000000
V 49.707360 263.887200 87.000000 35.000000
V 465.271200 550.188000 65.000000 30.000000
V 433.915200 232.516800 12.000000 12.000000
V 693.633600 383.464800 73.000000 30.000000
V 298.641600 188.690400 73.000000 22.000000
E 1 0
E 8 0
E 0 13
E 14 0
E 0 15
E 19 0
E 5 2
E 28 2
E 3 4
E 6 3
E 16 3
E 20 3
E 3 23
E 25 3
E 27 3
E 3 29
E 7 4
E 4 24
E 10 5
E 5 12
E 16 5
E 18 5
E 22 5
E 25 5
E 5 30
E 6 28
E 16 7
E 18 7
E 20 7
E 7 23
E 25 7
E 27 7
E 7 29
E 9 17
E 10 28
E 17 11
E 28 12
E 13 24
E 16 28
E 21 17
E 17 22
E 26 17
E 30 17
E 24 19
E 24 20
E 22 28
E 25 28
E 28 30
G R-HSA-5205647.sbgn 35 35
V 241.387200 211.456800 57.000000 23.000000
V 269.424000 103.507200 40.000000 31.000000
V 123.537600 236.606400 39.000000 23.000000
V 393.040800 46.517040 40.000000 31.000000
V 427.910400 756.144000 113.000000 37.000000
V 178.581600 579.873600 120.000000 65.000000
V 155.260800 106.358400 64.000000 23.000000
V 333.849600 362.174400 31.000000 23.000000
V 306.669600 626.947200 120.000000 51.000000
V 358.171200 742.536000 10.000000 10.000000
V 268.344000 463.701600 10.000000 10.000000
V 288.885600 665.474400 10.000000 10.000000
V 289.612800 166.939200 12.000000 12.000000
V 347.378400 66.216240 12.000000 12.000000
V 185.673600 299.714400 41.000000 31.000000
V 347.976000 110.196000 101.000000 23.000000
V 251.157600 19.113120 41.000000 31.000000
V 353.102400 795.888000 56.000000 23.000000
V 264.218400 416.916000 127.000000 23.000000
V 429.544800 81.518400 46.000000 23.000000
V 202.939200 138.513600 98.000000 23.000000
V 71.442720 241.610400 12.000000 12.000000
V 249.847200 703.814400 31.000000 23.000000
V 343.792800 11.499840 128.000000 23.000000
V 215.496000 260.481600 12.000000 12.000000
V 347.572800 470.728800 131.000000 37.000000
V 261.864000 514.512000 87.000000 23.000000
V 171.194400 260.697600 40.000000 31.000000
V 19.499760 237.693600 39.000000 23.000000
V 277.084800 365.983200 10.000000 10.000000
V 353.124000 183.600000 41.000000 31.000000
V 256.564800 562.089600 10.000000 10.000000
V 233.028000 164.030400 12.000000 12.000000
V 264.744000 319.420800 101.000000 23.000000
V 340.257600 704.001600 120.000000 51.000000
E 0 12
E 0 24
E 32 0
E 1 12
E 21 2
E 2 24
E 3 13
E 4 9
E 31 5
E 6 32
E 7 29
E 11 8
E 8 31
E 17 9
E 9 34
E 18 10
E 10 25
E 26 10
E 22 11
E 34 11
E 12 15
E 20 12
E 12 30
E 15 13
E 13 16
E 19 13
E 13 23
E 24 14
E 15 32
E 29 18
E 28 21
E 27 24
E 24 33
E 26 31
E 33 29
G R-HSA-5221030.sbgn 28 31
V 493.912800 398.836800 144.000000 29.000000
V 399.830400 546.415200 46.000000 30.000000
V 184.125600 16.500240 150.000000 33.000000
V 628.502400 502.135200 12.000000 12.000000
V 613.735200 104.997600 49.000000 28.000000
V 205.135200 544.125600 64.000000 30.000000
V 506.289600 234.115200 12.000000 12.000000
V 272.325600 55.504080 60.000000 29.000000
V 104.544000 55.023840 66.000000 28.000000
V 539.488800 69.166080 57.000000 27.000000
V 471.693600 103.946400 62.000000 28.000000
V 329.061600 438.508800 12.000000 12.000000
V 195.681600 182.059200 12.000000 12.000000
V 220.485600 328.492800 182.000000 35.000000
V 779.400000 510.688800 228.000000 37.000000
V 767.160000 457.488000 56.000000 22.000000
V 664.264800 273.938400 163.000000 32.000000
V 189.547200 473.673600 47.000000 30.000000
V 39.000240 196.452000 78.000000 31.000000
V 63.228960 267.660000 41.000000 30.000000
V 58.752720 118.137600 67.000000 28.000000
V 343.101600 271.634400 89.000000 36.000000
V 611.877600 181.778400 76.000000 30.000000
V 661.939200 655.077600 51.000000 32.000000
V 268.790400 584.330400 43.000000 30.000000
V 940.032000 294.156000 51.000000 30.000000
V 343.648800 597.794400 61.000000 32.000000
V 801.936000 342.619200 12.000000 12.000000
E 0 3
E 0 6
E 11 0
E 11 1
E 2 12
E 3 14
E 15 3
E 3 23
E 4 6
E 5 11
E 9 6
E 6 10
E 6 16
E 21 6
E 6 22
E 12 7
E 8 12
E 13 11
E 17 11
E 21 11
E 11 24
E 11 26
E 12 13
E 12 18
E 19 12
E 20 12
E 21 12
E 27 14
E 15 27
E 16 27
E 27 25
G R-HSA-5223345.sbgn 20 23
V 230.666400 120.823200 28.000000 23.000000
V 455.911200 110.059200 48.000000 31.000000
V 511.135200 11.499840 41.000000 23.000000
V 244.670400 234.576000 48.000000 31.000000
V 417.117600 201.556800 28.000000 23.000000
V 300.679200 228.009600 48.000000 31.000000
V 38.600640 34.665840 25.000000 24.000000
V 119.822400 101.980800 38.000000 23.000000
V 399.247200 139.500000 12.000000 12.000000
V 468.756000 50.160960 12.000000 12.000000
V 106.545600 144.244800 48.000000 31.000000
V 334.821600 146.973600 40.000000 23.000000
V 451.893600 174.859200 25.000000 24.000000
V 168.703200 120.362400 12.000000 12.000000
V 13.999680 111.132000 28.000000 23.000000
V 273.499200 170.380800 12.000000 12.000000
V 134.560800 63.514080 48.000000 31.000000
V 408.758400 71.057520 48.000000 31.000000
V 212.169600 162.820800 25.000000 24.000000
V 70.971120 87.148800 12.000000 12.000000
E 13 0
E 15 0
E 8 1
E 9 1
E 2 9
E 15 3
E 4 8
E 5 15
E 19 6
E 7 13
E 7 19
E 11 8
E 8 12
E 17 8
E 17 9
E 10 13
E 19 10
E 11 15
E 13 16
E 18 13
E 14 19
E 18 15
E 16 19
G R-HSA-5250924.sbgn 25 24
V 824.256000 599.061600 74.000000 23.000000
V 787.464000 44.184960 51.000000 21.000000
V 584.589600 87.292800 51.000000 23.000000
V 936.504000 724.104000 100.000000 24.000000
V 1130.112000 507.592800 72.000000 22.000000
V 874.872000 673.020000 120.000000 27.000000
V 993.384000 370.684800 107.000000 28.000000
V 205.588800 66.764880 57.000000 30.000000
V 261.036000 266.716800 12.000000 12.000000
V 1143.576000 338.616000 97.000000 22.000000
V 1063.080000 315.410400 48.000000 19.000000
V 98.719200 170.762400 55.000000 30.000000
V 1279.224000 530.424000 210.000000 24.000000
V 1187.568000 635.083200 66.000000 22.000000
V 670.824000 223.257600 10.000000 10.000000
V 686.282400 11.499840 54.000000 23.000000
V 1207.296000 404.294400 69.000000 20.000000
V 178.819200 453.729600 91.000000 25.000000
V 86.500800 341.820000 173.000000 24.000000
V 461.829600 275.018400 296.000000 27.000000
V 873.000000 515.476800 56.000000 22.000000
V 803.304000 368.323200 257.000000 25.000000
V 1120.536000 691.142400 78.000000 19.000000
V 1011.168000 515.203200 10.000000 10.000000
V 1033.992000 719.006400 79.000000 23.000000
E 0 23
E 1 14
E 2 14
E 3 23
E 4 23
E 5 23
E 23 6
E 8 7
E 11 8
E 17 8
E 8 18
E 19 8
E 9 23
E 10 23
E 12 23
E 13 23
E 15 14
E 14 19
E 21 14
E 16 23
E 20 23
E 23 21
E 22 23
E 24 23
G R-HSA-5336415.sbgn 23 22
V 146.556000 138.052800 81.000000 22.000000
V 594.813600 116.971200 99.000000 22.000000
V 657.871200 100.339200 10.000000 10.000000
V 531.295200 137.282400 12.000000 12.000000
V 320.788800 220.464000 34.000000 22.000000
V 403.243200 164.498400 12.000000 12.000000
V 42.267600 91.756800 53.000000 30.000000
V 351.201600 176.529600 76.000000 36.000000
V 230.133600 110.973600 70.000000 39.000000
V 720.936000 83.656800 34.000000 22.000000
V 302.709600 75.916800 59.000000 22.000000
V 108.280800 92.959200 12.000000 12.000000
V 699.480000 159.544800 59.000000 20.000000
V 467.258400 153.043200 100.000000 25.000000
V 257.580000 171.943200 12.000000 12.000000
V 317.635200 139.521600 89.000000 22.000000
V 137.815200 14.999760 44.000000 30.000000
V 271.317600 250.480800 74.000000 22.000000
V 187.020000 201.556800 74.000000 22.000000
V 208.231200 235.720800 36.000000 30.000000
V 669.052800 28.879200 65.000000 35.000000
V 81.763200 32.776560 52.000000 27.000000
V 49.000320 145.404000 98.000000 22.000000
E 0 11
E 14 0
E 2 1
E 1 3
E 9 2
E 12 2
E 20 2
E 3 13
E 14 4
E 5 7
E 13 5
E 6 11
E 7 14
E 14 8
E 10 14
E 11 16
E 21 11
E 11 22
E 14 15
E 17 14
E 18 14
E 19 14
G R-HSA-5362768.sbgn 18 20
V 62.595360 353.721600 41.000000 30.000000
V 257.882400 538.372800 126.000000 38.000000
V 487.648800 283.485600 144.000000 64.000000
V 369.028800 216.216000 10.000000 10.000000
V 104.450400 24.500160 108.000000 49.000000
V 140.155200 536.536800 43.000000 30.000000
V 180.460800 411.840000 12.000000 12.000000
V 143.942400 268.056000 105.000000 27.000000
V 265.953600 309.916800 123.000000 55.000000
V 174.139200 132.429600 10.000000 10.000000
V 309.758400 96.904800 140.000000 49.000000
V 41.999760 427.442400 84.000000 30.000000
V 398.736000 739.224000 97.000000 40.000000
V 375.487200 612.633600 12.000000 12.000000
V 495.806400 541.382400 66.000000 27.000000
V 452.412000 415.231200 12.000000 12.000000
V 313.300800 422.121600 133.000000 84.000000
V 72.756000 500.400000 39.000000 30.000000
E 6 0
E 6 1
E 1 13
E 3 2
E 2 15
E 8 3
E 10 3
E 4 9
E 5 6
E 6 7
E 6 8
E 6 11
E 16 6
E 17 6
E 7 9
E 9 10
E 12 13
E 13 14
E 14 15
E 15 16
G R-HSA-5579028.sbgn 15 14
V 183.391200 89.366400 12.000000 12.000000
V 116.971200 288.079200 32.000000 30.000000
V 159.444000 15.999840 40.000000 32.000000
V 250.243200 295.358400 32.000000 30.000000
V 59.446800 278.100000 27.000000 30.000000
V 102.355200 213.789600 12.000000 12.000000
V 115.444800 54.647280 32.000000 30.000000
V 257.104800 71.178480 52.000000 33.000000
V 42.008400 166.968000 32.000000 30.000000
V 176.104800 173.109600 65.000000 22.000000
V 222.789600 23.194800 43.000000 32.000000
V 25.999920 223.869600 52.000000 30.000000
V 318.549600 192.492000 57.000000 33.000000
V 246.196800 218.498400 12.000000 12.000000
V 308.916000 260.719200 32.000000 30.000000
E 2 0
E 6 0
E 7 0
E 9 0
E 10 0
E 1 5
E 3 13
E 4 5
E 8 5
E 9 5
E 11 5
E 9 13
E 12 13
E 14 13
G R-HSA-5620912.sbgn 37 36
V 991.080000 151.020000 44.000000 22.000000
V 860.256000 205.754400 126.000000 60.000000
V 936.288000 218.131200 10.000000 10.000000
V 373.233600 228.996000 10.000000 10.000000
V 186.544800 246.585600 133.000000 59.000000
V 784.224000 163.245600 10.000000 10.000000
V 448.516800 239.227200 115.000000 36.000000
V 979.272000 254.664000 96.000000 47.000000
V 130.896000 294.746400 10.000000 10.000000
V 336.686400 190.641600 151.000000 45.000000
V 195.667200 52.178400 77.000000 28.000000
V 925.344000 153.698400 71.000000 28.000000
V 633.902400 180.057600 10.000000 10.000000
V 1091.160000 271.908000 81.000000 26.000000
V 116.899200 350.524800 50.000000 22.000000
V 795.168000 109.699200 67.000000 32.000000
V 629.560800 126.403200 51.000000 22.000000
V 433.843200 298.555200 107.000000 33.000000
V 351.842400 261.504000 60.000000 25.000000
V 821.952000 277.567200 50.000000 27.000000
V 171.748800 89.690400 52.000000 31.000000
V 254.865600 76.874400 12.000000 12.000000
V 888.984000 290.368800 62.000000 27.000000
V 576.554400 225.640800 125.000000 64.000000
V 1042.488000 347.616000 125.000000 36.000000
V 248.904000 14.999760 41.000000 30.000000
V 604.821600 304.509600 47.000000 22.000000
V 248.126400 173.066400 10.000000 10.000000
V 463.795200 143.431200 87.000000 36.000000
V 996.624000 191.664000 82.000000 30.000000
V 535.917600 325.512000 74.000000 28.000000
V 320.450400 32.834160 86.000000 33.000000
V 288.453600 129.052800 152.000000 62.000000
V 56.000160 302.277600 112.000000 54.000000
V 709.149600 193.435200 124.000000 65.000000
V 1032.984000 291.664800 10.000000 10.000000
V 517.046400 270.662400 10.000000 10.000000
E 0 2
E 2 1
E 1 5
E 7 2
E 11 2
E 19 2
E 22 2
E 29 2
E 6 3
E 3 9
E 17 3
E 18 3
E 28 3
E 8 4
E 4 27
E 15 5
E 5 34
E 36 6
E 35 7
E 14 8
E 33 8
E 9 27
E 21 10
E 16 12
E 12 23
E 34 12
E 13 35
E 20 21
E 21 25
E 31 21
E 32 21
E 23 36
E 24 35
E 36 26
E 27 32
E 36 30
G R-HSA-5620920.sbgn 34 34
V 347.500800 421.358400 27.000000 30.000000
V 754.344000 84.672000 10.000000 10.000000
V 62.500320 504.086400 125.000000 29.000000
V 200.664000 526.478400 10.000000 10.000000
V 161.697600 404.848800 10.000000 10.000000
V 897.552000 110.700000 193.000000 94.000000
V 781.776000 21.499920 98.000000 43.000000
V 699.998400 133.711200 186.000000 72.000000
V 394.034400 623.613600 41.000000 30.000000
V 163.922400 561.492000 184.000000 44.000000
V 1088.640000 67.512960 133.000000 81.000000
V 242.496000 598.096800 10.000000 10.000000
V 579.312000 225.338400 125.000000 92.000000
V 1008.072000 100.944000 12.000000 12.000000
V 427.046400 443.937600 116.000000 93.000000
V 354.520800 501.638400 12.000000 12.000000
V 562.413600 437.320800 122.000000 22.000000
V 217.778400 643.831200 152.000000 49.000000
V 199.166400 344.080800 84.000000 22.000000
V 310.752000 580.197600 92.000000 32.000000
V 454.802400 615.016800 53.000000 22.000000
V 497.505600 243.021600 12.000000 12.000000
V 482.068800 325.382400 126.000000 92.000000
V 362.613600 537.948000 87.000000 30.000000
V 382.500000 567.252000 12.000000 12.000000
V 487.663200 384.415200 10.000000 10.000000
V 435.772800 516.196800 43.000000 30.000000
V 655.884000 183.751200 12.000000 12.000000
V 253.447200 467.956800 145.000000 91.000000
V 93.441600 448.891200 159.000000 62.000000
V 472.428000 580.708800 39.000000 30.000000
V 148.802400 374.608800 123.000000 23.000000
V 477.381600 172.735200 41.000000 30.000000
V 425.750400 195.890400 39.000000 30.000000
E 15 0
E 1 5
E 6 1
E 7 1
E 2 3
E 9 3
E 3 29
E 18 4
E 4 28
E 29 4
E 31 4
E 5 13
E 27 7
E 24 8
E 11 9
E 13 10
E 17 11
E 19 11
E 21 12
E 12 27
E 15 14
E 14 25
E 15 23
E 26 15
E 28 15
E 16 25
E 24 19
E 20 24
E 22 21
E 21 32
E 33 21
E 25 22
E 23 24
E 30 24
G R-HSA-5625740.sbgn 25 25
V 468.619200 31.999680 134.000000 64.000000
V 207.345600 304.552800 12.000000 12.000000
V 315.561600 54.460800 156.000000 25.000000
V 521.906400 95.644800 12.000000 12.000000
V 329.745600 160.653600 119.000000 24.000000
V 272.592000 125.114400 46.000000 24.000000
V 273.664800 189.316800 12.000000 12.000000
V 437.932800 119.476800 92.000000 36.000000
V 149.205600 273.484800 100.000000 34.000000
V 103.464000 176.335200 60.000000 23.000000
V 609.127200 49.284720 131.000000 27.000000
V 129.088800 404.179200 10.000000 10.000000
V 274.802400 334.864800 41.000000 24.000000
V 368.402400 119.772000 10.000000 10.000000
V 225.561600 237.463200 95.000000 22.000000
V 58.000320 412.272000 116.000000 51.000000
V 607.658400 85.168800 32.000000 27.000000
V 526.276800 176.702400 39.000000 30.000000
V 134.920800 467.488800 93.000000 22.000000
V 219.052800 146.944800 45.000000 25.000000
V 229.903200 365.896800 45.000000 22.000000
V 158.752800 213.256800 10.000000 10.000000
V 583.574400 131.673600 128.000000 44.000000
V 142.329600 354.211200 114.000000 25.000000
V 317.570400 233.193600 73.000000 22.000000
E 0 3
E 8 1
E 12 1
E 1 14
E 1 20
E 1 23
E 13 2
E 7 3
E 10 3
E 3 16
E 17 3
E 3 22
E 6 4
E 4 13
E 5 6
E 14 6
E 6 19
E 24 6
E 7 13
E 21 8
E 9 21
E 11 15
E 18 11
E 23 11
E 14 21
G R-HSA-5625900.sbgn 23 23
V 392.220000 331.596000 10.000000 10.000000
V 295.005600 249.926400 201.000000 40.000000
V 828.720000 227.656800 10.000000 10.000000
V 310.478400 127.159200 10.000000 10.000000
V 924.480000 280.814400 68.000000 18.000000
V 383.522400 654.746400 58.000000 22.000000
V 55.681920 284.256000 41.000000 30.000000
V 320.025600 11.499840 42.000000 23.000000
V 424.382400 442.044000 43.000000 23.000000
V 721.728000 258.652800 188.000000 38.000000
V 63.000000 211.874400 126.000000 22.000000
V 74.340000 352.173600 129.000000 36.000000
V 394.941600 60.055920 40.000000 22.000000
V 510.696000 309.369600 186.000000 32.000000
V 388.324800 547.790400 10.000000 10.000000
V 144.230400 167.853600 129.000000 50.000000
V 681.163200 415.238400 43.000000 22.000000
V 880.704000 132.249600 192.000000 43.000000
V 166.888800 383.536800 40.000000 30.000000
V 354.355200 443.563200 81.000000 22.000000
V 169.596000 273.376800 12.000000 12.000000
V 230.018400 41.610240 122.000000 50.000000
V 626.191200 315.525600 10.000000 10.000000
E 0 1
E 8 0
E 13 0
E 19 0
E 1 3
E 1 20
E 4 2
E 9 2
E 2 17
E 7 3
E 12 3
E 3 21
E 5 14
E 20 6
E 8 14
E 22 9
E 10 20
E 11 20
E 13 22
E 14 19
E 20 15
E 16 22
E 18 20
G R-HSA-5626467.sbgn 15 15
V 47.769120 414.424800 94.000000 22.000000
V 166.744800 327.974400 10.000000 10.000000
V 426.412800 170.042400 10.000000 10.000000
V 394.653600 558.345600 104.000000 48.000000
V 499.629600 499.953600 43.000000 22.000000
V 464.976000 30.366000 82.000000 44.000000
V 203.090400 160.171200 10.000000 10.000000
V 308.887200 272.541600 125.000000 40.000000
V 289.144800 525.621600 91.000000 22.000000
V 568.447200 141.840000 71.000000 22.000000
V 88.063200 69.393600 58.000000 23.000000
V 76.500000 225.424800 153.000000 46.000000
V 526.348800 392.104800 94.000000 62.000000
V 216.936000 16.999920 122.000000 34.000000
V 382.910400 412.941600 10.000000 10.000000
E 0 1
E 7 1
E 1 11
E 5 2
E 2 7
E 9 2
E 3 14
E 4 14
E 7 6
E 10 6
E 11 6
E 6 13
E 7 14
E 8 14
E 14 12
G R-HSA-5627117.sbgn 31 33
V 330.760800 246.232800 10.000000 10.000000
V 455.032800 350.013600 42.000000 26.000000
V 220.881600 341.560800 48.000000 27.000000
V 179.222400 426.290400 74.000000 22.000000
V 460.332000 527.932800 38.000000 30.000000
V 106.293600 479.664000 12.000000 12.000000
V 223.804800 11.000160 45.000000 22.000000
V 397.929600 166.788000 104.000000 29.000000
V 18.499680 478.353600 37.000000 30.000000
V 694.987200 282.844800 42.000000 30.000000
V 36.275760 413.611200 45.000000 21.000000
V 51.068160 548.748000 38.000000 25.000000
V 546.595200 410.968800 83.000000 38.000000
V 304.401600 150.681600 67.000000 32.000000
V 314.985600 495.835200 47.000000 29.000000
V 560.642400 260.208000 134.000000 53.000000
V 243.727200 93.974400 10.000000 10.000000
V 452.786400 288.612000 12.000000 12.000000
V 549.590400 317.210400 131.000000 45.000000
V 254.815200 459.309600 85.000000 28.000000
V 284.659200 394.336800 12.000000 12.000000
V 629.136000 353.296800 12.000000 12.000000
V 368.193600 342.388800 115.000000 40.000000
V 117.115200 578.793600 78.000000 24.000000
V 238.651200 192.708000 99.000000 36.000000
V 509.436000 484.884000 148.000000 40.000000
V 689.716800 425.534400 36.000000 26.000000
V 407.368800 503.388000 40.000000 30.000000
V 482.083200 198.489600 44.000000 24.000000
V 717.660000 358.099200 149.000000 33.000000
V 441.698400 423.316800 12.000000 12.000000
E 7 0
E 13 0
E 0 22
E 24 0
E 17 1
E 20 2
E 3 5
E 20 3
E 4 30
E 8 5
E 10 5
E 5 11
E 5 23
E 6 16
E 9 21
E 12 21
E 12 30
E 13 16
E 14 20
E 17 15
E 15 21
E 16 24
E 18 17
E 22 17
E 28 17
E 21 18
E 19 20
E 22 20
E 21 26
E 29 21
E 22 30
E 30 25
E 30 27
G R-HSA-5627123.sbgn 40 44
V 96.760800 171.727200 41.000000 30.000000
V 527.522400 240.530400 101.000000 22.000000
V 23.645520 430.200000 44.000000 26.000000
V 189.928800 330.674400 26.000000 30.000000
V 170.935200 124.070400 136.000000 49.000000
V 567.482400 47.071440 132.000000 41.000000
V 192.866400 201.895200 12.000000 12.000000
V 464.047200 196.502400 10.000000 10.000000
V 258.544800 309.693600 94.000000 35.000000
V 241.286400 258.566400 133.000000 50.000000
V 399.996000 227.174400 95.000000 38.000000
V 49.564080 355.384800 38.000000 30.000000
V 314.028000 132.753600 134.000000 29.000000
V 261.547200 370.677600 12.000000 12.000000
V 88.848000 392.918400 44.000000 29.000000
V 194.443200 434.368800 130.000000 30.000000
V 595.497600 105.408000 42.000000 25.000000
V 380.628000 344.793600 134.000000 64.000000
V 472.464000 12.000240 42.000000 24.000000
V 467.186400 123.220800 92.000000 22.000000
V 182.347200 492.148800 10.000000 10.000000
V 26.511120 465.264000 44.000000 22.000000
V 266.608800 492.688800 12.000000 12.000000
V 357.580800 508.248000 98.000000 22.000000
V 341.654400 402.948000 43.000000 30.000000
V 102.290400 459.446400 12.000000 12.000000
V 102.895200 530.092800 43.000000 26.000000
V 133.027200 562.104000 38.000000 22.000000
V 103.716000 307.353600 126.000000 50.000000
V 506.937600 155.829600 98.000000 22.000000
V 175.989600 370.576800 12.000000 12.000000
V 329.997600 258.084000 12.000000 12.000000
V 324.417600 199.159200 40.000000 27.000000
V 519.480000 90.439200 12.000000 12.000000
V 445.608000 290.498400 42.000000 26.000000
V 208.936800 541.612800 97.000000 36.000000
V 287.632800 575.992800 44.000000 23.000000
V 342.079200 544.341600 45.000000 26.000000
V 49.000320 498.096000 98.000000 22.000000
V 84.160800 209.376000 44.000000 29.000000
E 6 0
E 1 7
E 25 2
E 13 3
E 6 4
E 33 5
E 9 6
E 12 6
E 39 6
E 7 10
E 19 7
E 29 7
E 8 13
E 8 30
E 8 31
E 13 9
E 9 31
E 10 31
E 11 30
E 15 13
E 17 13
E 24 13
E 30 14
E 15 20
E 22 15
E 15 25
E 15 30
E 33 16
E 31 17
E 18 33
E 19 33
E 27 20
E 20 35
E 21 25
E 22 23
E 35 22
E 22 36
E 37 22
E 26 25
E 25 38
E 30 28
E 29 33
E 31 32
E 34 31
G R-HSA-5637812.sbgn 37 42
V 278.344800 327.787200 12.000000 12.000000
V 212.608800 610.423200 112.000000 47.000000
V 204.868800 719.956800 12.000000 12.000000
V 480.211200 772.632000 119.000000 64.000000
V 546.012000 71.055360 41.000000 30.000000
V 492.148800 525.369600 111.000000 55.000000
V 335.188800 166.233600 115.000000 50.000000
V 658.447200 630.756000 32.000000 24.000000
V 164.664000 226.015200 114.000000 39.000000
V 183.808800 410.472000 12.000000 12.000000
V 598.096800 758.232000 12.000000 12.000000
V 397.497600 349.596000 10.000000 10.000000
V 372.996000 596.872800 54.000000 36.000000
V 444.290400 118.418400 12.000000 12.000000
V 145.756800 530.553600 41.000000 22.000000
V 382.341600 491.486400 10.000000 10.000000
V 247.975200 500.932800 10.000000 10.000000
V 170.416800 817.056000 41.000000 27.000000
V 113.436000 279.568800 115.000000 50.000000
V 549.828000 693.273600 62.000000 34.000000
V 89.366400 343.260000 35.000000 28.000000
V 301.068000 772.128000 110.000000 59.000000
V 300.636000 406.368000 102.000000 50.000000
V 606.751200 681.192000 32.000000 25.000000
V 386.157600 709.459200 10.000000 10.000000
V 458.827200 291.556800 47.000000 22.000000
V 505.936800 348.789600 99.000000 38.000000
V 69.999840 405.460800 140.000000 53.000000
V 104.032800 757.080000 55.000000 32.000000
V 662.752800 681.199200 64.000000 33.000000
V 92.246400 467.208000 43.000000 27.000000
V 217.857600 331.005600 10.000000 10.000000
V 429.062400 14.999760 40.000000 30.000000
V 350.380800 306.079200 10.000000 10.000000
V 580.204800 592.351200 12.000000 12.000000
V 245.232000 211.953600 31.000000 22.000000
V 457.279200 234.021600 113.000000 77.000000
E 22 0
E 35 0
E 1 2
E 16 1
E 17 2
E 2 21
E 2 28
E 3 10
E 24 3
E 13 4
E 15 5
E 5 34
E 6 13
E 33 6
E 10 7
E 34 7
E 8 31
E 20 9
E 9 22
E 27 9
E 9 30
E 10 19
E 23 10
E 29 10
E 11 22
E 11 26
E 36 11
E 12 15
E 12 24
E 32 13
E 13 36
E 14 16
E 22 15
E 22 16
E 31 18
E 34 19
E 21 24
E 22 31
E 22 33
E 23 34
E 25 33
E 29 34
G R-HSA-5652084.sbgn 31 30
V 220.932000 18.532080 41.000000 30.000000
V 400.096800 228.218400 79.000000 52.000000
V 294.530400 17.500320 90.000000 35.000000
V 175.845600 56.556720 41.000000 30.000000
V 263.455200 92.635200 12.000000 12.000000
V 445.824000 308.505600 41.000000 30.000000
V 132.782400 149.673600 44.000000 27.000000
V 199.339200 168.048000 73.000000 37.000000
V 479.210400 177.681600 72.000000 33.000000
V 24.356160 298.620000 40.000000 30.000000
V 367.610400 150.012000 63.000000 38.000000
V 93.902400 336.506400 12.000000 12.000000
V 153.525600 285.120000 43.000000 30.000000
V 564.098400 261.842400 40.000000 31.000000
V 495.036000 330.890400 41.000000 31.000000
V 558.885600 223.336800 35.000000 30.000000
V 333.244800 206.143200 12.000000 12.000000
V 35.699760 384.832800 41.000000 31.000000
V 225.698400 270.460800 33.000000 30.000000
V 485.157600 246.549600 12.000000 12.000000
V 146.311200 227.491200 49.000000 30.000000
V 117.028800 187.862400 43.000000 30.000000
V 92.217600 412.444800 56.000000 22.000000
V 550.432800 296.359200 74.000000 22.000000
V 328.060800 271.850400 49.000000 30.000000
V 539.719200 185.212800 33.000000 30.000000
V 342.684000 58.018320 49.000000 30.000000
V 16.500240 341.740800 33.000000 30.000000
V 268.315200 175.716000 33.000000 30.000000
V 157.276800 393.890400 58.000000 30.000000
V 201.153600 217.267200 12.000000 12.000000
E 4 0
E 1 16
E 19 1
E 2 4
E 3 4
E 4 26
E 28 4
E 5 19
E 6 30
E 7 30
E 8 19
E 9 11
E 10 16
E 12 11
E 11 17
E 22 11
E 11 27
E 11 29
E 30 12
E 13 19
E 19 14
E 15 19
E 16 24
E 16 28
E 30 18
E 23 19
E 19 25
E 30 20
E 21 30
E 28 30
G R-HSA-5655253.sbgn 19 18
V 268.257600 23.517360 53.000000 25.000000
V 533.534400 503.056800 75.000000 45.000000
V 272.455200 98.798400 12.000000 12.000000
V 498.816000 561.463200 62.000000 31.000000
V 453.261600 499.795200 12.000000 12.000000
V 192.384000 101.390400 120.000000 38.000000
V 327.261600 39.724560 49.000000 27.000000
V 526.363200 323.906400 84.000000 19.000000
V 81.921600 13.500000 63.000000 27.000000
V 118.454400 80.661600 10.000000 10.000000
V 377.848800 523.663200 56.000000 43.000000
V 442.944000 421.372800 129.000000 59.000000
V 448.898400 343.958400 10.000000 10.000000
V 401.904000 282.362400 113.000000 66.000000
V 381.628800 207.835200 10.000000 10.000000
V 447.753600 162.561600 125.000000 22.000000
V 317.433600 163.756800 118.000000 38.000000
V 51.999840 116.128800 104.000000 39.000000
V 423.684000 571.413600 50.000000 31.000000
E 0 2
E 4 1
E 5 2
E 2 6
E 2 16
E 3 4
E 10 4
E 11 4
E 4 18
E 9 5
E 7 12
E 8 9
E 17 9
E 12 11
E 13 12
E 14 13
E 15 14
E 16 14
G R-HSA-5655291.sbgn 19 18
V 636.451200 588.960000 10.000000 10.000000
V 586.072800 512.524800 114.000000 47.000000
V 530.647200 200.001600 110.000000 52.000000
V 463.852800 495.288000 42.000000 30.000000
V 80.272800 195.429600 57.000000 29.000000
V 487.713600 352.879200 108.000000 40.000000
V 140.011200 13.999680 56.000000 28.000000
V 728.064000 601.192800 70.000000 25.000000
V 537.199200 433.252800 12.000000 12.000000
V 354.513600 63.140400 77.000000 35.000000
V 125.769600 110.649600 12.000000 12.000000
V 62.153280 42.684480 59.000000 42.000000
V 217.447200 139.744800 131.000000 59.000000
V 457.207200 263.916000 10.000000 10.000000
V 612.914400 678.196800 122.000000 46.000000
V 625.593600 393.292800 42.000000 30.000000
V 311.378400 150.300000 10.000000 10.000000
V 33.500160 130.334400 67.000000 53.000000
V 373.888800 220.413600 146.000000 61.000000
E 0 1
E 7 0
E 14 0
E 1 8
E 2 13
E 8 3
E 10 4
E 8 5
E 5 13
E 6 10
E 15 8
E 9 16
E 11 10
E 12 10
E 10 17
E 16 12
E 13 18
E 18 16
G R-HSA-5655332.sbgn 19 18
V 316.569600 767.592000 43.000000 30.000000
V 359.150400 173.073600 50.000000 29.000000
V 287.690400 299.512800 113.000000 62.000000
V 213.818400 581.630400 85.000000 41.000000
V 27.499680 127.324800 55.000000 24.000000
V 314.143200 467.064000 140.000000 65.000000
V 115.164000 118.720800 10.000000 10.000000
V 467.956800 766.656000 43.000000 30.000000
V 332.114400 378.748800 10.000000 10.000000
V 185.846400 173.448000 130.000000 59.000000
V 484.099200 691.243200 73.000000 30.000000
V 302.673600 556.632000 10.000000 10.000000
V 394.149600 714.650400 12.000000 12.000000
V 354.614400 631.339200 138.000000 63.000000
V 106.934400 30.000240 128.000000 60.000000
V 304.884000 126.403200 53.000000 28.000000
V 423.554400 363.542400 99.000000 35.000000
V 387.079200 803.736000 82.000000 42.000000
V 272.368800 208.620000 12.000000 12.000000
E 0 12
E 1 18
E 2 8
E 18 2
E 3 11
E 4 6
E 8 5
E 5 11
E 6 9
E 14 6
E 12 7
E 16 8
E 9 18
E 10 12
E 11 13
E 13 12
E 12 17
E 18 15
G R-HSA-5661270.sbgn 34 33
V 254.023200 293.889600 33.000000 30.000000
V 547.401600 211.500000 33.000000 30.000000
V 63.022320 225.417600 12.000000 12.000000
V 24.500160 202.492800 49.000000 30.000000
V 473.839200 159.876000 12.000000 12.000000
V 389.203200 300.405600 49.000000 22.000000
V 401.371200 49.005360 58.000000 22.000000
V 281.325600 203.061600 57.000000 30.000000
V 556.567200 40.184640 57.000000 30.000000
V 590.004000 78.184800 33.000000 30.000000
V 223.632000 242.661600 57.000000 30.000000
V 122.047200 224.798400 90.000000 30.000000
V 493.358400 228.960000 59.000000 35.000000
V 329.392800 241.084800 90.000000 30.000000
V 442.512000 269.496000 41.000000 30.000000
V 181.080000 222.033600 12.000000 12.000000
V 220.269600 175.204800 49.000000 30.000000
V 281.952000 336.420000 72.000000 39.000000
V 161.942400 274.550400 49.000000 30.000000
V 399.772800 195.933600 111.000000 44.000000
V 409.600800 150.904800 49.000000 30.000000
V 152.733600 182.253600 70.000000 39.000000
V 207.885600 312.580800 33.000000 30.000000
V 505.836000 81.590400 12.000000 12.000000
V 61.778160 279.792000 41.000000 30.000000
V 64.658880 164.455200 41.000000 30.000000
V 587.944800 116.200800 57.000000 30.000000
V 270.252000 264.873600 12.000000 12.000000
V 487.152000 126.885600 90.000000 30.000000
V 540.266400 173.469600 49.000000 30.000000
V 389.232000 241.171200 12.000000 12.000000
V 28.452240 243.504000 41.000000 22.000000
V 461.534400 14.999760 111.000000 30.000000
V 328.140000 293.724000 57.000000 30.000000
E 0 27
E 4 1
E 2 3
E 11 2
E 24 2
E 2 25
E 31 2
E 12 4
E 4 19
E 4 20
E 28 4
E 29 4
E 5 30
E 6 23
E 7 27
E 23 8
E 9 23
E 10 15
E 27 10
E 15 11
E 13 27
E 30 13
E 30 14
E 16 15
E 15 18
E 21 15
E 15 22
E 17 27
E 19 30
E 26 23
E 23 28
E 32 23
E 27 33
G R-HSA-5662702.sbgn 39 43
V 263.606400 162.756000 109.000000 30.000000
V 230.853600 404.042400 85.000000 22.000000
V 159.386400 73.000800 43.000000 31.000000
V 306.266400 208.065600 12.000000 12.000000
V 152.812800 425.412000 55.000000 30.000000
V 213.451200 53.012880 49.000000 30.000000
V 119.160000 111.520800 34.000000 30.000000
V 396.684000 114.386400 97.000000 36.000000
V 260.488800 14.999760 34.000000 30.000000
V 285.422400 85.312800 12.000000 12.000000
V 306.000000 12.726720 41.000000 22.000000
V 352.130400 148.420800 12.000000 12.000000
V 516.405600 153.684000 12.000000 12.000000
V 215.740800 523.519200 51.000000 22.000000
V 434.368800 232.941600 52.000000 30.000000
V 234.597600 295.927200 62.000000 30.000000
V 189.842400 135.201600 12.000000 12.000000
V 260.769600 128.736000 84.000000 22.000000
V 148.492800 213.616800 123.000000 30.000000
V 150.609600 487.886400 12.000000 12.000000
V 115.862400 149.558400 62.000000 30.000000
V 81.424800 495.244800 43.000000 30.000000
V 356.011200 31.312800 43.000000 31.000000
V 455.392800 158.414400 94.000000 36.000000
V 110.534400 535.219200 43.000000 31.000000
V 195.055200 184.593600 12.000000 12.000000
V 399.290400 266.976000 76.000000 22.000000
V 309.492000 285.350400 71.000000 22.000000
V 332.128800 168.285600 12.000000 12.000000
V 369.280800 197.301600 62.000000 30.000000
V 381.240000 65.822400 61.000000 22.000000
V 170.114400 367.200000 12.000000 12.000000
V 19.000080 259.092000 38.000000 30.000000
V 27.042480 312.177600 43.000000 30.000000
V 148.644000 303.112800 93.000000 30.000000
V 82.274400 287.733600 12.000000 12.000000
V 165.240000 549.662400 34.000000 30.000000
V 576.021600 155.332800 87.000000 22.000000
V 224.445600 241.869600 12.000000 12.000000
E 0 3
E 9 0
E 0 11
E 16 0
E 0 25
E 0 28
E 0 38
E 1 31
E 16 2
E 17 3
E 26 3
E 3 27
E 3 29
E 4 19
E 31 4
E 5 9
E 6 16
E 7 11
E 28 7
E 8 9
E 10 9
E 17 9
E 9 22
E 30 9
E 11 23
E 11 29
E 23 12
E 12 37
E 13 19
E 14 28
E 38 15
E 17 16
E 20 16
E 25 18
E 18 38
E 19 21
E 19 24
E 36 19
E 34 31
E 35 32
E 35 33
E 34 35
E 38 34
G R-HSA-5663213.sbgn 16 15
V 39.499920 124.509600 79.000000 37.000000
V 131.810400 155.858400 10.000000 10.000000
V 92.484000 59.895360 65.000000 24.000000
V 432.244800 133.372800 141.000000 38.000000
V 611.049600 206.928000 41.000000 30.000000
V 332.870400 206.186400 41.000000 30.000000
V 331.423200 109.202400 12.000000 12.000000
V 362.995200 14.578560 38.000000 22.000000
V 567.460800 51.230160 162.000000 38.000000
V 623.253600 112.536000 133.000000 24.000000
V 532.605600 148.924800 12.000000 12.000000
V 56.528640 218.188800 76.000000 30.000000
V 128.793600 259.192800 111.000000 36.000000
V 540.489600 251.992800 40.000000 30.000000
V 231.271200 135.547200 115.000000 42.000000
V 297.208800 14.999760 40.000000 30.000000
E 0 1
E 2 1
E 11 1
E 12 1
E 1 14
E 6 3
E 3 10
E 10 4
E 6 5
E 7 6
E 14 6
E 15 6
E 10 8
E 9 10
E 13 10
G R-HSA-5676590.sbgn 34 35
V 161.316000 93.398400 120.000000 50.000000
V 310.233600 173.116800 120.000000 36.000000
V 384.393600 149.248800 12.000000 12.000000
V 178.430400 310.687200 129.000000 36.000000
V 261.360000 49.394880 75.000000 22.000000
V 136.382400 445.111200 113.000000 22.000000
V 161.229600 616.665600 67.000000 22.000000
V 453.290400 180.799200 69.000000 22.000000
V 394.941600 99.216000 74.000000 22.000000
V 340.567200 294.746400 90.000000 22.000000
V 655.480800 67.075920 120.000000 22.000000
V 683.064000 194.954400 41.000000 30.000000
V 516.052800 171.525600 12.000000 12.000000
V 142.300800 273.650400 100.000000 22.000000
V 219.564000 361.944000 123.000000 36.000000
V 73.764000 14.999760 41.000000 30.000000
V 422.179200 140.976000 41.000000 30.000000
V 87.300000 86.176800 12.000000 12.000000
V 197.128800 495.792000 67.000000 22.000000
V 99.043200 208.519200 10.000000 10.000000
V 573.458400 154.836000 66.000000 22.000000
V 329.932800 92.728800 40.000000 30.000000
V 183.477600 558.640800 12.000000 12.000000
V 255.448800 274.816800 12.000000 12.000000
V 636.588000 138.110400 12.000000 12.000000
V 63.632160 155.167200 127.000000 47.000000
V 272.008800 324.907200 42.000000 22.000000
V 231.588000 131.428800 10.000000 10.000000
V 314.913600 263.685600 42.000000 22.000000
V 700.156800 124.027200 40.000000 30.000000
V 274.132800 471.384000 25.000000 22.000000
V 20.000160 64.259280 40.000000 30.000000
V 177.112800 222.609600 130.000000 64.000000
V 210.290400 430.020000 12.000000 12.000000
E 0 17
E 27 0
E 2 1
E 23 1
E 1 27
E 7 2
E 8 2
E 2 16
E 21 2
E 3 23
E 4 27
E 5 33
E 22 6
E 12 7
E 9 23
E 24 10
E 24 11
E 20 12
E 13 19
E 23 13
E 23 14
E 14 33
E 17 15
E 17 25
E 31 17
E 18 22
E 33 18
E 25 19
E 19 32
E 20 24
E 26 23
E 23 28
E 32 23
E 29 24
E 33 30
G R-HSA-5676934.sbgn 16 18
V 137.894400 16.912080 141.000000 27.000000
V 407.822400 378.446400 50.000000 22.000000
V 227.484000 359.978400 51.000000 30.000000
V 178.012800 455.119200 12.000000 12.000000
V 401.342400 471.924000 182.000000 30.000000
V 318.909600 415.152000 12.000000 12.000000
V 206.604000 86.644800 12.000000 12.000000
V 259.012800 470.851200 77.000000 24.000000
V 82.000800 468.979200 164.000000 28.000000
V 164.311200 172.202400 50.000000 30.000000
V 269.856000 512.992800 34.000000 22.000000
V 88.128000 263.880000 42.000000 30.000000
V 245.109600 177.184800 41.000000 22.000000
V 191.390400 263.923200 12.000000 12.000000
V 135.806400 545.508000 43.000000 22.000000
V 270.878400 14.999760 42.000000 30.000000
E 6 0
E 1 5
E 3 2
E 5 2
E 2 13
E 3 7
E 8 3
E 10 3
E 14 3
E 4 5
E 5 7
E 10 5
E 9 6
E 12 6
E 6 15
E 9 13
E 13 11
E 13 12
G R-HSA-5678895.sbgn 20 19
V 20.000160 238.276800 40.000000 30.000000
V 363.520800 205.120800 61.000000 36.000000
V 113.630400 360.345600 65.000000 36.000000
V 35.079120 436.104000 25.000000 22.000000
V 172.764000 269.992800 95.000000 50.000000
V 265.824000 304.351200 25.000000 22.000000
V 336.780000 11.000160 110.000000 22.000000
V 348.170400 68.155200 10.000000 10.000000
V 259.833600 205.178400 101.000000 36.000000
V 96.667200 275.652000 10.000000 10.000000
V 68.586480 200.433600 41.000000 30.000000
V 25.553520 276.292800 43.000000 30.000000
V 89.287200 409.413600 12.000000 12.000000
V 234.324000 254.786400 12.000000 12.000000
V 114.213600 460.274400 93.000000 34.000000
V 114.631200 215.517600 35.000000 29.000000
V 417.175200 53.344080 112.000000 37.000000
V 325.137600 117.669600 65.000000 33.000000
V 310.622400 174.146400 10.000000 10.000000
V 61.390800 316.807200 70.000000 35.000000
E 0 9
E 1 18
E 9 2
E 2 12
E 12 3
E 4 9
E 13 4
E 5 13
E 6 7
E 7 16
E 17 7
E 8 13
E 18 8
E 9 10
E 11 9
E 9 15
E 9 19
E 14 12
E 17 18
G R-HSA-5685939.sbgn 34 37
V 226.231200 654.667200 47.000000 21.000000
V 497.930400 37.939680 44.000000 30.000000
V 172.562400 12.000240 43.000000 24.000000
V 672.552000 1040.904000 82.000000 23.000000
V 496.720800 535.233600 39.000000 22.000000
V 77.191200 79.336800 50.000000 27.000000
V 751.824000 377.668800 190.000000 37.000000
V 545.234400 374.990400 10.000000 10.000000
V 998.352000 591.256800 156.000000 22.000000
V 921.024000 430.106400 12.000000 12.000000
V 295.552800 157.226400 359.000000 41.000000
V 28.440720 195.487200 49.000000 22.000000
V 720.432000 961.704000 341.000000 41.000000
V 1052.352000 756.432000 10.000000 10.000000
V 579.686400 238.471200 110.000000 22.000000
V 1012.320000 283.471200 50.000000 27.000000
V 440.380800 211.600800 12.000000 12.000000
V 640.591200 422.172000 93.000000 36.000000
V 389.282400 616.464000 12.000000 12.000000
V 281.635200 734.328000 50.000000 25.000000
V 841.104000 1204.416000 195.000000 51.000000
V 983.448000 915.912000 98.000000 39.000000
V 576.619200 89.301600 53.000000 30.000000
V 1072.224000 377.712000 48.000000 26.000000
V 187.516800 201.038400 12.000000 12.000000
V 562.831200 920.520000 10.000000 10.000000
V 352.245600 308.181600 341.000000 36.000000
V 1216.080000 774.648000 98.000000 22.000000
V 473.018400 777.528000 333.000000 37.000000
V 374.810400 424.317600 363.000000 37.000000
V 971.712000 1147.752000 42.000000 20.000000
V 854.136000 1037.592000 12.000000 12.000000
V 401.392800 49.620960 86.000000 52.000000
V 55.499760 303.588000 111.000000 22.000000
E 18 0
E 16 1
E 24 2
E 3 25
E 31 3
E 4 7
E 18 4
E 5 24
E 6 7
E 9 6
E 14 7
E 17 7
E 7 26
E 8 9
E 13 8
E 9 15
E 23 9
E 10 16
E 24 10
E 11 24
E 25 12
E 12 31
E 21 13
E 27 13
E 16 14
E 22 16
E 16 29
E 16 32
E 19 18
E 18 28
E 29 18
E 31 20
E 31 21
E 26 24
E 33 24
E 28 25
E 31 30
G R-HSA-5686938.sbgn 29 28
V 681.739200 123.062400 125.000000 36.000000
V 401.220000 207.532800 10.000000 10.000000
V 499.953600 148.924800 126.000000 50.000000
V 247.377600 544.982400 10.000000 10.000000
V 448.495200 561.614400 87.000000 36.000000
V 283.557600 25.350480 122.000000 22.000000
V 57.439440 233.244000 105.000000 22.000000
V 464.695200 489.967200 51.000000 22.000000
V 99.590400 81.000000 93.000000 22.000000
V 317.347200 134.251200 10.000000 10.000000
V 65.794320 156.117600 125.000000 36.000000
V 162.568800 216.014400 10.000000 10.000000
V 366.501600 500.162400 12.000000 12.000000
V 183.571200 625.708800 113.000000 36.000000
V 277.048800 335.995200 10.000000 10.000000
V 152.978400 34.063200 123.000000 36.000000
V 274.197600 642.801600 31.000000 30.000000
V 384.228000 600.991200 130.000000 22.000000
V 56.499840 481.212000 113.000000 36.000000
V 160.408800 479.858400 10.000000 10.000000
V 269.100000 448.934400 118.000000 32.000000
V 190.375200 344.736000 127.000000 36.000000
V 588.189600 102.405600 10.000000 10.000000
V 407.865600 62.354160 112.000000 36.000000
V 92.988000 558.014400 100.000000 30.000000
V 278.496000 223.372800 72.000000 22.000000
V 624.974400 11.000160 72.000000 22.000000
V 478.965600 253.130400 112.000000 36.000000
V 203.846400 138.981600 10.000000 10.000000
E 22 0
E 2 1
E 25 1
E 1 27
E 2 22
E 3 13
E 16 3
E 20 3
E 4 12
E 9 5
E 6 11
E 7 12
E 8 28
E 23 9
E 25 9
E 11 10
E 25 11
E 17 12
E 12 20
E 20 14
E 14 21
E 25 14
E 28 15
E 19 18
E 20 19
E 24 19
E 26 22
E 25 28
G R-HSA-5688426.sbgn 15 15
V 157.723200 265.874400 12.000000 12.000000
V 283.968000 11.000160 76.000000 22.000000
V 176.738400 27.000720 44.000000 30.000000
V 125.575200 612.374400 12.000000 12.000000
V 166.370400 699.566400 133.000000 50.000000
V 347.119200 95.594400 124.000000 34.000000
V 112.550400 514.339200 44.000000 30.000000
V 202.053600 551.476800 119.000000 36.000000
V 40.000320 655.020000 80.000000 23.000000
V 197.049600 455.234400 12.000000 12.000000
V 210.153600 184.723200 96.000000 22.000000
V 61.667280 242.589600 121.000000 36.000000
V 248.047200 96.300000 12.000000 12.000000
V 297.079200 467.971200 119.000000 50.000000
V 178.293600 360.108000 80.000000 22.000000
E 10 0
E 0 11
E 14 0
E 12 1
E 2 12
E 4 3
E 6 3
E 3 7
E 3 8
E 5 12
E 6 9
E 9 7
E 13 9
E 9 14
E 12 10
G R-HSA-5694530.sbgn 23 23
V 516.160800 152.553600 10.000000 10.000000
V 578.448000 54.625680 95.000000 51.000000
V 357.091200 417.312000 94.000000 34.000000
V 93.895200 546.343200 99.000000 55.000000
V 327.765600 531.720000 10.000000 10.000000
V 341.920800 305.985600 10.000000 10.000000
V 169.048800 126.777600 10.000000 10.000000
V 468.849600 267.746400 107.000000 22.000000
V 57.532320 443.232000 91.000000 22.000000
V 472.932000 43.550640 100.000000 33.000000
V 354.873600 225.482400 107.000000 22.000000
V 168.544800 461.577600 10.000000 10.000000
V 243.720000 368.834400 108.000000 62.000000
V 221.860800 562.183200 64.000000 33.000000
V 573.710400 332.496000 10.000000 10.000000
V 229.867200 212.320800 127.000000 49.000000
V 679.680000 289.555200 98.000000 27.000000
V 58.500000 110.808000 117.000000 35.000000
V 152.784000 15.999840 74.000000 32.000000
V 675.561600 383.472000 69.000000 22.000000
V 363.103200 638.560800 63.000000 35.000000
V 605.793600 441.259200 135.000000 37.000000
V 627.897600 129.484800 76.000000 28.000000
E 0 1
E 7 0
E 9 0
E 22 0
E 4 2
E 2 5
E 11 3
E 13 4
E 20 4
E 7 5
E 10 5
E 5 12
E 15 5
E 6 15
E 17 6
E 18 6
E 7 14
E 11 8
E 12 11
E 11 13
E 16 14
E 19 14
E 14 21
G R-HSA-6790901.sbgn 25 26
V 537.444000 175.348800 95.000000 29.000000
V 1154.376000 408.146400 12.000000 12.000000
V 804.960000 231.580800 141.000000 29.000000
V 492.782400 465.717600 249.000000 45.000000
V 541.584000 288.367200 86.000000 32.000000
V 211.219200 134.460000 119.000000 27.000000
V 357.588000 287.035200 12.000000 12.000000
V 728.136000 450.021600 12.000000 12.000000
V 666.324000 24.500160 319.000000 49.000000
V 1027.008000 851.328000 86.000000 32.000000
V 1263.240000 188.222400 355.000000 34.000000
V 744.984000 260.085600 12.000000 12.000000
V 920.736000 916.992000 252.000000 49.000000
V 1366.776000 382.629600 42.000000 30.000000
V 761.112000 893.952000 51.000000 23.000000
V 897.984000 55.392480 128.000000 25.000000
V 1326.816000 275.342400 148.000000 25.000000
V 1175.904000 585.712800 38.000000 33.000000
V 869.976000 704.628000 12.000000 12.000000
V 679.003200 799.920000 95.000000 29.000000
V 912.168000 460.468800 208.000000 49.000000
V 1123.560000 229.255200 50.000000 32.000000
V 169.999200 369.907200 340.000000 38.000000
V 1352.736000 496.857600 74.000000 31.000000
V 1287.936000 592.898400 71.000000 33.000000
E 0 6
E 0 11
E 1 10
E 1 13
E 16 1
E 1 17
E 20 1
E 21 1
E 23 1
E 1 24
E 2 7
E 3 6
E 7 3
E 6 4
E 11 4
E 5 6
E 6 22
E 20 7
E 11 8
E 18 9
E 15 11
E 20 11
E 18 12
E 14 18
E 19 18
E 20 18
G R-HSA-6793080.sbgn 19 18
V 260.431200 409.060800 12.000000 12.000000
V 967.680000 509.227200 264.000000 32.000000
V 206.748000 189.136800 275.000000 54.000000
V 484.128000 71.568720 129.000000 44.000000
V 97.538400 565.754400 85.000000 37.000000
V 554.306400 959.832000 129.000000 44.000000
V 628.437600 18.499680 85.000000 37.000000
V 506.059200 480.672000 121.000000 48.000000
V 616.543200 252.453600 12.000000 12.000000
V 781.416000 89.704800 269.000000 53.000000
V 74.037600 268.430400 129.000000 44.000000
V 27.499680 427.874400 55.000000 25.000000
V 474.602400 732.168000 12.000000 12.000000
V 736.704000 547.675200 12.000000 12.000000
V 909.792000 705.549600 300.000000 54.000000
V 660.002400 864.720000 85.000000 37.000000
V 844.344000 235.504800 70.000000 26.000000
V 344.786400 935.568000 274.000000 55.000000
V 265.730400 819.072000 58.000000 27.000000
E 0 2
E 4 0
E 7 0
E 0 10
E 11 0
E 1 13
E 8 3
E 12 5
E 6 8
E 7 8
E 7 12
E 7 13
E 8 9
E 16 8
E 15 12
E 12 17
E 18 12
E 13 14
G R-HSA-6802946.sbgn 33 33
V 431.683200 143.092800 157.000000 64.000000
V 607.320000 80.215200 86.000000 46.000000
V 867.672000 134.661600 97.000000 78.000000
V 175.852800 155.440800 10.000000 10.000000
V 561.513600 217.130400 120.000000 64.000000
V 734.832000 268.084800 62.000000 48.000000
V 177.062400 307.742400 12.000000 12.000000
V 411.026400 295.329600 98.000000 61.000000
V 183.679200 22.500000 151.000000 45.000000
V 702.518400 174.319200 146.000000 70.000000
V 615.448800 166.471200 12.000000 12.000000
V 316.303200 78.026400 125.000000 50.000000
V 406.994400 426.578400 40.000000 30.000000
V 761.976000 77.277600 75.000000 32.000000
V 987.768000 171.050400 127.000000 54.000000
V 817.560000 187.660800 10.000000 10.000000
V 307.317600 194.126400 129.000000 22.000000
V 268.833600 351.813600 137.000000 64.000000
V 62.500320 134.676000 125.000000 50.000000
V 356.421600 360.460800 12.000000 12.000000
V 504.374400 268.956000 49.000000 22.000000
V 58.630320 71.548560 91.000000 35.000000
V 166.219200 244.065600 137.000000 62.000000
V 345.110400 433.864800 40.000000 30.000000
V 121.608000 374.076000 40.000000 30.000000
V 535.665600 67.945680 40.000000 30.000000
V 849.024000 221.515200 131.000000 36.000000
V 648.698400 249.235200 38.000000 30.000000
V 81.136800 308.894400 38.000000 30.000000
V 934.128000 110.613600 10.000000 10.000000
V 946.296000 30.680640 54.000000 26.000000
V 997.488000 92.678400 76.000000 38.000000
V 437.364000 213.127200 10.000000 10.000000
E 0 32
E 1 10
E 2 15
E 29 2
E 3 8
E 3 16
E 3 18
E 3 21
E 22 3
E 10 4
E 4 32
E 5 15
E 17 6
E 6 22
E 6 24
E 28 6
E 7 19
E 32 7
E 9 10
E 15 9
E 10 25
E 27 10
E 11 32
E 12 19
E 13 15
E 14 29
E 26 15
E 16 32
E 19 17
E 19 23
E 20 32
E 30 29
E 31 29
G R-HSA-6802948.sbgn 19 19
V 20.000160 329.292000 40.000000 30.000000
V 681.717600 556.603200 91.000000 35.000000
V 590.018400 434.102400 10.000000 10.000000
V 465.652800 528.523200 129.000000 22.000000
V 306.187200 594.748800 10.000000 10.000000
V 539.740800 49.240800 40.000000 30.000000
V 171.489600 313.027200 12.000000 12.000000
V 69.925680 206.136000 40.000000 30.000000
V 711.900000 352.965600 151.000000 45.000000
V 448.444800 701.172000 120.000000 64.000000
V 737.712000 462.506400 125.000000 50.000000
V 139.658400 626.212800 49.000000 22.000000
V 535.089600 283.284000 137.000000 62.000000
V 317.923200 756.936000 125.000000 50.000000
V 216.835200 460.994400 98.000000 61.000000
V 405.741600 14.999760 38.000000 30.000000
V 289.058400 206.791200 137.000000 64.000000
V 168.912000 705.124800 157.000000 64.000000
V 438.804000 159.760800 12.000000 12.000000
E 0 6
E 2 1
E 2 3
E 2 8
E 2 10
E 12 2
E 3 4
E 9 4
E 11 4
E 13 4
E 4 14
E 17 4
E 18 5
E 6 7
E 14 6
E 6 16
E 18 12
E 15 18
E 16 18
G R-HSA-6802952.sbgn 24 24
V 482.148000 394.819200 157.000000 64.000000
V 419.536800 596.836800 40.000000 30.000000
V 129.866400 445.989600 12.000000 12.000000
V 66.770640 534.708000 38.000000 30.000000
V 604.310400 127.130400 12.000000 12.000000
V 557.920800 22.999680 86.000000 46.000000
V 641.095200 26.808480 40.000000 30.000000
V 336.232800 250.394400 129.000000 22.000000
V 260.625600 115.567200 125.000000 50.000000
V 707.119200 97.416000 146.000000 70.000000
V 339.912000 513.864000 12.000000 12.000000
V 217.735200 233.791200 10.000000 10.000000
V 433.605600 302.104800 10.000000 10.000000
V 525.074400 281.700000 49.000000 22.000000
V 513.367200 196.970400 120.000000 64.000000
V 335.044800 619.149600 40.000000 30.000000
V 710.316000 180.036000 38.000000 30.000000
V 227.959200 502.020000 137.000000 64.000000
V 20.000160 443.908800 40.000000 30.000000
V 114.588000 151.632000 151.000000 45.000000
V 92.476800 213.991200 91.000000 35.000000
V 155.008800 335.023200 137.000000 62.000000
V 346.629600 429.307200 98.000000 61.000000
V 601.380000 329.810400 125.000000 50.000000
E 0 12
E 10 1
E 3 2
E 17 2
E 2 18
E 2 21
E 5 4
E 4 6
E 9 4
E 4 14
E 16 4
E 11 7
E 7 12
E 11 8
E 15 10
E 10 17
E 22 10
E 11 19
E 11 20
E 21 11
E 13 12
E 14 12
E 12 22
E 23 12
G R-HSA-6802955.sbgn 33 33
V 537.156000 1391.976000 151.000000 45.000000
V 269.848800 27.000000 127.000000 54.000000
V 617.162400 864.576000 157.000000 64.000000
V 1121.688000 946.152000 40.000000 30.000000
V 1056.096000 848.664000 40.000000 30.000000
V 811.152000 972.648000 98.000000 61.000000
V 1027.008000 1146.528000 137.000000 64.000000
V 207.050400 803.664000 40.000000 30.000000
V 128.685600 91.958400 76.000000 38.000000
V 853.488000 1340.568000 137.000000 62.000000
V 125.100000 405.547200 131.000000 36.000000
V 333.612000 807.912000 12.000000 12.000000
V 971.856000 987.912000 12.000000 12.000000
V 302.947200 636.969600 146.000000 70.000000
V 470.592000 886.464000 120.000000 64.000000
V 208.432800 501.235200 10.000000 10.000000
V 1016.712000 1311.912000 12.000000 12.000000
V 54.216720 567.115200 62.000000 48.000000
V 172.656000 898.560000 86.000000 46.000000
V 270.547200 176.544000 10.000000 10.000000
V 1171.800000 1341.504000 40.000000 30.000000
V 641.743200 1157.616000 129.000000 22.000000
V 406.317600 91.022400 54.000000 26.000000
V 1080.360000 1456.992000 38.000000 30.000000
V 682.466400 1320.552000 10.000000 10.000000
V 275.356800 339.933600 97.000000 78.000000
V 602.020800 1464.624000 125.000000 50.000000
V 251.215200 940.680000 38.000000 30.000000
V 37.499760 475.617600 75.000000 32.000000
V 718.027200 1468.224000 91.000000 35.000000
V 524.534400 1064.736000 49.000000 22.000000
V 766.224000 852.624000 125.000000 50.000000
V 633.031200 985.536000 10.000000 10.000000
E 24 0
E 1 19
E 2 32
E 3 12
E 12 4
E 5 12
E 32 5
E 12 6
E 6 16
E 11 7
E 8 19
E 16 9
E 9 24
E 10 15
E 13 11
E 11 14
E 18 11
E 27 11
E 15 13
E 14 32
E 17 15
E 25 15
E 28 15
E 16 20
E 23 16
E 22 19
E 19 25
E 24 21
E 21 32
E 24 26
E 24 29
E 30 32
E 31 32
G R-HSA-6803157.sbgn 36 35
V 438.328800 294.177600 98.000000 36.000000
V 712.814400 421.243200 10.000000 10.000000
V 218.426400 284.184000 40.000000 22.000000
V 379.252800 543.549600 121.000000 36.000000
V 370.548000 701.064000 65.000000 22.000000
V 819.720000 508.262400 111.000000 22.000000
V 459.417600 219.592800 94.000000 22.000000
V 838.584000 111.492000 10.000000 10.000000
V 492.710400 170.402400 110.000000 36.000000
V 676.274400 168.696000 47.000000 22.000000
V 931.176000 96.220800 128.000000 50.000000
V 300.103200 318.225600 12.000000 12.000000
V 130.874400 259.891200 10.000000 10.000000
V 713.959200 280.324800 10.000000 10.000000
V 745.344000 538.329600 67.000000 22.000000
V 826.128000 340.869600 96.000000 36.000000
V 626.256000 358.524000 131.000000 64.000000
V 836.424000 14.999760 36.000000 30.000000
V 77.882400 179.596800 131.000000 64.000000
V 501.796800 742.320000 128.000000 36.000000
V 637.696800 445.636800 10.000000 10.000000
V 627.451200 267.357600 10.000000 10.000000
V 531.943200 442.936800 10.000000 10.000000
V 829.368000 406.713600 102.000000 22.000000
V 641.304000 553.996800 125.000000 36.000000
V 600.235200 181.576800 89.000000 36.000000
V 825.840000 459.295200 120.000000 50.000000
V 507.470400 353.779200 10.000000 10.000000
V 440.539200 646.516800 10.000000 10.000000
V 726.120000 360.892800 10.000000 10.000000
V 509.292000 520.934400 123.000000 50.000000
V 802.728000 269.784000 104.000000 22.000000
V 568.303200 289.022400 10.000000 10.000000
V 49.000320 310.111200 98.000000 36.000000
V 390.686400 353.887200 40.000000 22.000000
V 776.448000 186.026400 108.000000 50.000000
E 27 0
E 5 1
E 16 1
E 1 26
E 11 2
E 2 12
E 3 22
E 3 28
E 4 28
E 6 32
E 7 10
E 17 7
E 35 7
E 21 8
E 9 21
E 34 11
E 18 12
E 12 33
E 16 13
E 31 13
E 13 35
E 14 20
E 29 15
E 16 20
E 16 21
E 16 22
E 16 27
E 16 29
E 16 32
E 28 19
E 20 24
E 22 30
E 23 29
E 32 25
E 34 27
G R-HSA-6804758.sbgn 39 46
V 513.957600 350.481600 229.000000 52.000000
V 188.251200 532.908000 41.000000 30.000000
V 114.307200 469.677600 10.000000 10.000000
V 298.324800 130.284000 71.000000 22.000000
V 471.722400 408.139200 177.000000 37.000000
V 365.385600 82.987200 12.000000 12.000000
V 43.071840 561.218400 61.000000 40.000000
V 159.832800 245.952000 10.000000 10.000000
V 297.979200 15.716880 47.000000 30.000000
V 315.734400 624.996000 33.000000 22.000000
V 75.614400 385.480800 43.000000 22.000000
V 234.324000 609.350400 12.000000 12.000000
V 299.253600 211.075200 10.000000 10.000000
V 385.416000 345.686400 12.000000 12.000000
V 122.659200 576.799200 12.000000 12.000000
V 449.640000 68.779440 41.000000 30.000000
V 341.848800 446.400000 61.000000 30.000000
V 98.668800 287.740800 56.000000 22.000000
V 262.980000 826.920000 67.000000 22.000000
V 166.399200 638.172000 69.000000 30.000000
V 232.603200 152.359200 32.000000 22.000000
V 53.417520 607.104000 41.000000 19.000000
V 237.614400 471.052800 12.000000 12.000000
V 33.500160 461.836800 67.000000 22.000000
V 90.914400 643.737600 46.000000 22.000000
V 405.900000 19.499760 150.000000 39.000000
V 285.847200 657.014400 44.000000 26.000000
V 240.415200 310.665600 127.000000 31.000000
V 105.033600 190.987200 46.000000 25.000000
V 167.184000 397.972800 124.000000 50.000000
V 253.281600 760.320000 12.000000 12.000000
V 375.940800 167.508000 129.000000 36.000000
V 156.427200 331.783200 10.000000 10.000000
V 270.590400 408.967200 62.000000 30.000000
V 385.977600 267.141600 200.000000 40.000000
V 317.044800 519.141600 127.000000 48.000000
V 318.160800 367.113600 12.000000 12.000000
V 232.747200 691.545600 67.000000 27.000000
V 225.338400 258.624000 105.000000 38.000000
E 13 0
E 1 2
E 11 1
E 1 14
E 1 22
E 10 2
E 2 23
E 3 5
E 3 12
E 36 4
E 8 5
E 5 15
E 5 25
E 31 5
E 6 14
E 17 7
E 7 27
E 28 7
E 38 7
E 11 9
E 10 32
E 19 11
E 26 11
E 37 11
E 20 12
E 31 12
E 12 34
E 38 12
E 16 13
E 13 33
E 34 13
E 14 19
E 21 14
E 14 24
E 16 22
E 16 36
E 17 32
E 18 30
E 29 22
E 22 33
E 22 35
E 27 36
E 32 29
E 30 37
E 38 32
E 36 33
G R-HSA-6806664.sbgn 15 17
V 195.156000 53.422560 34.000000 30.000000
V 357.451200 39.170880 49.000000 30.000000
V 284.558400 113.076000 12.000000 12.000000
V 138.708000 250.084800 12.000000 12.000000
V 386.546400 466.452000 10.000000 10.000000
V 180.741600 324.496800 99.000000 30.000000
V 268.452000 11.000160 54.000000 22.000000
V 246.578400 216.381600 44.000000 30.000000
V 431.481600 551.008800 115.000000 22.000000
V 268.423200 326.030400 12.000000 12.000000
V 295.452000 427.708800 119.000000 36.000000
V 37.000080 236.210400 74.000000 22.000000
V 391.240800 115.704000 85.000000 30.000000
V 365.083200 368.251200 99.000000 22.000000
V 155.563200 362.498400 36.000000 30.000000
E 2 0
E 1 2
E 6 2
E 2 7
E 12 2
E 5 3
E 3 7
E 11 3
E 14 3
E 8 4
E 4 10
E 13 4
E 5 9
E 9 7
E 10 9
E 13 9
E 14 9
G R-HSA-68962.sbgn 32 32
V 308.484000 450.417600 34.000000 22.000000
V 453.981600 86.832000 119.000000 50.000000
V 428.940000 169.639200 127.000000 66.000000
V 352.533600 314.035200 10.000000 10.000000
V 438.429600 526.629600 97.000000 28.000000
V 129.715200 581.911200 54.000000 22.000000
V 358.848000 263.462400 128.000000 64.000000
V 458.431200 476.856000 119.000000 22.000000
V 439.200000 18.000000 119.000000 36.000000
V 377.157600 102.686400 10.000000 10.000000
V 371.253600 215.697600 10.000000 10.000000
V 588.578400 122.976000 134.000000 64.000000
V 322.603200 360.028800 121.000000 50.000000
V 389.959200 563.680800 42.000000 30.000000
V 505.504800 158.436000 10.000000 10.000000
V 137.944800 527.148000 10.000000 10.000000
V 318.621600 405.388800 10.000000 10.000000
V 241.005600 413.388000 129.000000 36.000000
V 156.751200 484.171200 129.000000 36.000000
V 325.908000 65.178000 91.000000 49.000000
V 129.110400 400.233600 41.000000 22.000000
V 30.000240 393.271200 60.000000 38.000000
V 163.497600 435.160800 10.000000 10.000000
V 417.736800 324.475200 53.000000 24.000000
V 384.840000 498.607200 12.000000 12.000000
V 80.906400 378.770400 10.000000 10.000000
V 579.787200 188.193600 119.000000 36.000000
V 301.932000 185.688000 111.000000 36.000000
V 72.777600 543.002400 104.000000 36.000000
V 354.758400 456.242400 36.000000 22.000000
V 341.424000 556.099200 39.000000 30.000000
V 52.235280 334.490400 56.000000 23.000000
E 0 16
E 9 1
E 1 14
E 2 9
E 10 2
E 2 14
E 3 6
E 12 3
E 23 3
E 24 4
E 5 15
E 6 10
E 7 24
E 8 9
E 19 9
E 27 10
E 14 11
E 16 12
E 24 13
E 26 14
E 15 18
E 28 15
E 17 16
E 29 16
E 22 17
E 18 22
E 22 20
E 20 25
E 25 21
E 29 24
E 30 24
E 31 25
G R-HSA-69242.sbgn 33 33
V 185.774400 366.249600 46.000000 30.000000
V 208.267200 202.053600 93.000000 21.000000
V 93.276000 75.607200 56.000000 20.000000
V 440.668800 366.105600 12.000000 12.000000
V 532.360800 399.182400 76.000000 22.000000
V 33.999840 171.424800 68.000000 22.000000
V 291.916800 261.554400 12.000000 12.000000
V 500.227200 249.840000 51.000000 21.000000
V 421.689600 238.968000 12.000000 12.000000
V 526.845600 343.252800 31.000000 30.000000
V 511.495200 170.791200 137.000000 21.000000
V 124.704000 158.839200 10.000000 10.000000
V 351.194400 396.482400 129.000000 28.000000
V 544.370400 650.160000 40.000000 31.000000
V 490.284000 440.323200 46.000000 30.000000
V 211.435200 315.194400 59.000000 22.000000
V 451.965600 624.945600 12.000000 12.000000
V 381.988800 439.956000 12.000000 12.000000
V 571.831200 105.372000 12.000000 12.000000
V 361.411200 170.251200 39.000000 30.000000
V 515.923200 13.999680 41.000000 28.000000
V 198.151200 419.342400 39.000000 30.000000
V 427.032000 535.860000 128.000000 36.000000
V 480.326400 705.139200 132.000000 46.000000
V 386.820000 697.600800 39.000000 29.000000
V 615.002400 24.579360 141.000000 47.000000
V 242.035200 453.340800 46.000000 22.000000
V 411.948000 158.536800 46.000000 30.000000
V 365.644800 327.060000 107.000000 25.000000
V 658.958400 77.904000 42.000000 28.000000
V 660.564000 141.919200 140.000000 37.000000
V 318.441600 506.685600 73.000000 34.000000
V 278.208000 367.027200 12.000000 12.000000
E 32 0
E 1 6
E 11 1
E 2 11
E 4 3
E 3 9
E 12 3
E 14 3
E 3 28
E 5 11
E 6 28
E 7 8
E 8 10
E 19 8
E 8 27
E 28 8
E 10 18
E 32 12
E 16 13
E 15 32
E 22 16
E 16 23
E 24 16
E 17 22
E 28 17
E 31 17
E 18 20
E 18 25
E 29 18
E 30 18
E 21 32
E 26 32
E 28 32
G R-HSA-70370.sbgn 25 26
V 327.859200 74.030400 40.000000 31.000000
V 521.092800 69.012000 59.000000 31.000000
V 54.358560 74.894400 82.000000 23.000000
V 480.139200 283.536000 81.000000 42.000000
V 275.767200 185.155200 51.000000 30.000000
V 354.182400 211.860000 49.000000 22.000000
V 160.826400 275.666400 68.000000 30.000000
V 497.318400 30.008160 68.000000 31.000000
V 425.311200 15.500160 60.000000 31.000000
V 342.381600 150.775200 12.000000 12.000000
V 149.918400 162.590400 41.000000 30.000000
V 293.918400 113.054400 41.000000 31.000000
V 520.423200 116.841600 56.000000 23.000000
V 236.872800 292.514400 68.000000 30.000000
V 456.004800 90.648000 12.000000 12.000000
V 529.416000 236.923200 42.000000 23.000000
V 419.191200 157.240800 85.000000 41.000000
V 20.000160 154.576800 40.000000 30.000000
V 85.291200 134.438400 12.000000 12.000000
V 181.000800 344.232000 12.000000 12.000000
V 389.376000 101.203200 36.000000 31.000000
V 152.949600 220.161600 41.000000 22.000000
V 209.376000 214.725600 12.000000 12.000000
V 463.672800 217.008000 12.000000 12.000000
V 158.342400 404.150400 93.000000 37.000000
E 0 9
E 1 14
E 2 18
E 3 23
E 9 4
E 4 22
E 5 9
E 6 19
E 22 6
E 14 7
E 14 8
E 9 11
E 16 9
E 9 20
E 10 18
E 22 10
E 12 14
E 19 13
E 13 22
E 16 14
E 20 14
E 15 23
E 23 16
E 18 17
E 24 19
E 21 22
G R-HSA-70688.sbgn 26 29
V 20.022480 179.272800 36.000000 30.000000
V 62.416800 115.718400 62.000000 23.000000
V 291.024000 19.531440 59.000000 22.000000
V 411.350400 55.658160 43.000000 31.000000
V 417.506400 206.870400 130.000000 31.000000
V 404.697600 374.716800 53.000000 30.000000
V 414.007200 491.400000 12.000000 12.000000
V 564.134400 215.582400 43.000000 31.000000
V 229.118400 178.876800 40.000000 30.000000
V 543.880800 434.016000 103.000000 22.000000
V 133.732800 333.612000 97.000000 30.000000
V 125.092800 212.486400 12.000000 12.000000
V 104.169600 520.243200 43.000000 30.000000
V 181.353600 440.517600 12.000000 12.000000
V 465.199200 400.010400 52.000000 30.000000
V 360.122400 14.999760 50.000000 30.000000
V 508.773600 565.178400 36.000000 30.000000
V 328.154400 125.488800 12.000000 12.000000
V 24.500160 255.160800 49.000000 30.000000
V 368.848800 589.161600 43.000000 30.000000
V 615.052800 331.077600 82.000000 31.000000
V 499.874400 300.477600 12.000000 12.000000
V 607.413600 263.505600 36.000000 30.000000
V 440.892000 598.176000 43.000000 30.000000
V 289.296000 484.538400 63.000000 30.000000
V 210.780000 132.271200 57.000000 30.000000
E 11 0
E 1 11
E 2 17
E 17 3
E 17 4
E 4 21
E 5 6
E 5 21
E 9 6
E 6 14
E 6 16
E 6 19
E 23 6
E 24 6
E 7 21
E 8 11
E 8 17
E 9 21
E 11 10
E 10 13
E 18 11
E 11 25
E 12 13
E 13 24
E 21 14
E 15 17
E 17 25
E 21 20
E 21 22
G R-HSA-71262.sbgn 31 30
V 172.008000 439.862400 64.000000 30.000000
V 359.179200 165.103200 44.000000 30.000000
V 267.660000 97.790400 131.000000 36.000000
V 245.988000 202.168800 56.000000 30.000000
V 242.316000 357.739200 12.000000 12.000000
V 177.105600 132.775200 34.000000 30.000000
V 207.432000 11.000160 116.000000 22.000000
V 365.911200 251.352000 82.000000 34.000000
V 31.368240 480.002400 44.000000 30.000000
V 308.952000 211.320000 53.000000 30.000000
V 362.678400 127.072800 43.000000 30.000000
V 195.724800 381.844800 64.000000 30.000000
V 340.394400 374.054400 35.000000 30.000000
V 356.364000 291.362400 54.000000 30.000000
V 241.236000 328.730400 54.000000 30.000000
V 180.374400 410.860800 12.000000 12.000000
V 239.601600 147.052800 12.000000 12.000000
V 225.626400 256.492800 36.000000 30.000000
V 172.749600 86.493600 41.000000 30.000000
V 171.331200 52.527600 12.000000 12.000000
V 88.840800 556.034400 56.000000 30.000000
V 133.545600 45.071280 41.000000 30.000000
V 298.317600 310.737600 44.000000 30.000000
V 198.086400 521.546400 34.000000 30.000000
V 113.860800 493.473600 12.000000 12.000000
V 66.000240 438.991200 132.000000 36.000000
V 275.292000 412.538400 79.000000 36.000000
V 181.260000 170.791200 56.000000 30.000000
V 41.160960 518.011200 43.000000 30.000000
V 270.187200 243.655200 12.000000 12.000000
V 154.648800 559.584000 55.000000 30.000000
E 0 15
E 24 0
E 1 16
E 2 16
E 3 16
E 29 3
E 11 4
E 4 12
E 4 14
E 26 4
E 5 16
E 6 19
E 7 29
E 8 24
E 29 9
E 16 10
E 15 11
E 13 29
E 14 29
E 16 18
E 16 27
E 29 17
E 18 19
E 19 21
E 24 20
E 22 29
E 23 24
E 25 24
E 24 28
E 30 24
G R-HSA-71288.sbgn 18 21
V 187.560000 570.103200 44.000000 22.000000
V 343.425600 575.308800 36.000000 30.000000
V 118.000800 14.999760 56.000000 30.000000
V 291.132000 276.703200 12.000000 12.000000
V 264.196800 599.724000 61.000000 30.000000
V 185.184000 291.348000 40.000000 30.000000
V 13.500000 115.221600 27.000000 30.000000
V 374.767200 306.943200 41.000000 30.000000
V 304.912800 161.676000 51.000000 35.000000
V 373.917600 180.712800 71.000000 38.000000
V 155.865600 506.253600 61.000000 30.000000
V 272.066400 382.068000 48.000000 30.000000
V 381.758400 514.094400 42.000000 30.000000
V 265.665600 271.461600 12.000000 12.000000
V 119.332800 121.392000 12.000000 12.000000
V 198.244800 196.632000 35.000000 30.000000
V 378.900000 248.148000 36.000000 30.000000
V 268.696800 495.259200 12.000000 12.000000
E 0 17
E 17 1
E 14 2
E 5 3
E 3 7
E 9 3
E 11 3
E 3 15
E 3 16
E 17 4
E 5 13
E 14 6
E 13 7
E 8 13
E 10 17
E 11 13
E 17 11
E 12 17
E 13 15
E 13 16
E 15 14
G R-HSA-72086.sbgn 36 38
V 634.068000 141.962400 10.000000 10.000000
V 619.596000 358.898400 90.000000 23.000000
V 803.880000 197.208000 12.000000 12.000000
V 271.548000 191.088000 125.000000 64.000000
V 356.558400 350.337600 124.000000 64.000000
V 282.463200 296.488800 10.000000 10.000000
V 730.080000 134.935200 112.000000 50.000000
V 614.332800 46.000080 135.000000 92.000000
V 104.112000 282.520800 10.000000 10.000000
V 512.748000 360.568800 12.000000 12.000000
V 848.016000 650.404800 113.000000 36.000000
V 842.400000 753.912000 12.000000 12.000000
V 930.528000 802.368000 51.000000 31.000000
V 941.328000 490.248000 123.000000 36.000000
V 852.048000 543.931200 10.000000 10.000000
V 445.068000 316.749600 37.000000 22.000000
V 512.150400 275.738400 83.000000 44.000000
V 607.780800 401.544000 70.000000 22.000000
V 631.310400 963.000000 40.000000 30.000000
V 452.599200 572.608800 12.000000 12.000000
V 504.727200 762.768000 12.000000 12.000000
V 460.555200 671.896800 119.000000 36.000000
V 778.968000 298.663200 116.000000 64.000000
V 771.768000 829.296000 119.000000 36.000000
V 24.999840 334.296000 50.000000 22.000000
V 719.589600 963.144000 41.000000 30.000000
V 781.344000 467.272800 117.000000 36.000000
V 49.135680 201.801600 50.000000 22.000000
V 476.776800 474.105600 131.000000 36.000000
V 712.900800 388.850400 10.000000 10.000000
V 190.080000 306.439200 99.000000 36.000000
V 433.454400 414.532800 82.000000 48.000000
V 594.943200 227.736000 98.000000 36.000000
V 581.184000 829.368000 117.000000 36.000000
V 947.880000 557.647200 34.000000 22.000000
V 676.562400 873.864000 12.000000 12.000000
E 0 6
E 7 0
E 32 0
E 9 1
E 1 29
E 6 2
E 2 22
E 5 3
E 4 5
E 9 4
E 30 5
E 24 8
E 27 8
E 8 30
E 9 15
E 16 9
E 9 17
E 28 9
E 9 31
E 9 32
E 10 11
E 14 10
E 11 12
E 11 23
E 13 14
E 26 14
E 34 14
E 17 29
E 18 35
E 21 19
E 19 28
E 20 21
E 33 20
E 22 29
E 23 35
E 35 25
E 29 26
E 35 33
G R-HSA-72312.sbgn 32 31
V 51.539040 319.291200 83.000000 44.000000
V 724.464000 367.992000 107.000000 44.000000
V 344.736000 22.500000 88.000000 45.000000
V 208.656000 694.195200 110.000000 43.000000
V 605.901600 392.155200 114.000000 45.000000
V 142.120800 455.515200 84.000000 40.000000
V 116.092800 131.774400 105.000000 44.000000
V 703.346400 202.003200 166.000000 27.000000
V 282.996000 84.974400 83.000000 41.000000
V 562.255200 72.388800 87.000000 39.000000
V 414.424800 152.870400 93.000000 24.000000
V 43.999920 431.366400 88.000000 43.000000
V 778.968000 452.296800 85.000000 40.000000
V 729.000000 543.700800 83.000000 42.000000
V 439.250400 764.928000 107.000000 44.000000
V 545.306400 222.148800 111.000000 44.000000
V 655.776000 117.892800 84.000000 41.000000
V 411.242400 390.650400 12.000000 12.000000
V 83.505600 565.099200 89.000000 43.000000
V 157.852800 630.864000 85.000000 41.000000
V 247.910400 311.191200 115.000000 46.000000
V 110.584800 249.336000 101.000000 48.000000
V 514.850400 674.496000 101.000000 44.000000
V 613.893600 724.968000 81.000000 42.000000
V 324.705600 740.592000 106.000000 48.000000
V 463.240800 27.828000 95.000000 39.000000
V 683.028000 628.207200 110.000000 44.000000
V 263.325600 528.760800 109.000000 44.000000
V 234.151200 162.007200 115.000000 45.000000
V 767.376000 281.224800 87.000000 41.000000
V 395.575200 633.074400 110.000000 45.000000
V 547.236000 539.985600 59.000000 23.000000
E 17 0
E 17 1
E 17 2
E 17 3
E 17 4
E 17 5
E 17 6
E 7 17
E 17 8
E 17 9
E 10 17
E 17 11
E 17 12
E 17 13
E 17 14
E 17 15
E 17 16
E 17 18
E 17 19
E 17 20
E 17 21
E 17 22
E 17 23
E 17 24
E 17 25
E 17 26
E 17 27
E 17 28
E 17 29
E 17 30
E 31 17
G R-HSA-72764.sbgn 21 20
V 69.721920 29.238480 64.000000 37.000000
V 792.720000 414.115200 12.000000 12.000000
V 555.235200 132.991200 43.000000 30.000000
V 250.790400 300.758400 131.000000 72.000000
V 64.293840 188.373600 39.000000 30.000000
V 124.308000 107.604000 12.000000 12.000000
V 563.810400 444.405600 121.000000 58.000000
V 289.216800 209.865600 10.000000 10.000000
V 492.415200 104.155200 32.000000 29.000000
V 149.990400 11.000160 47.000000 22.000000
V 212.846400 150.069600 65.000000 33.000000
V 702.741600 374.868000 104.000000 36.000000
V 887.688000 404.193600 59.000000 30.000000
V 386.431200 206.481600 126.000000 81.000000
V 607.608000 355.982400 10.000000 10.000000
V 485.978400 201.060000 12.000000 12.000000
V 849.096000 331.560000 111.000000 36.000000
V 29.000160 114.487200 58.000000 30.000000
V 770.760000 512.330400 83.000000 35.000000
V 546.768000 280.080000 123.000000 79.000000
V 849.816000 490.730400 59.000000 30.000000
E 5 0
E 1 11
E 1 12
E 16 1
E 18 1
E 20 1
E 2 15
E 7 3
E 4 5
E 9 5
E 10 5
E 5 17
E 6 14
E 7 10
E 13 7
E 15 8
E 11 14
E 15 13
E 14 19
E 19 15
G R-HSA-74182.sbgn 31 41
V 374.868000 156.628800 65.000000 39.000000
V 34.645680 365.904000 67.000000 39.000000
V 195.760800 15.999840 58.000000 32.000000
V 90.914400 483.948000 51.000000 30.000000
V 300.744000 63.435600 47.000000 22.000000
V 98.510400 109.087200 34.000000 30.000000
V 95.853600 394.912800 12.000000 12.000000
V 310.392000 194.961600 12.000000 12.000000
V 137.757600 33.065280 42.000000 30.000000
V 268.819200 28.755360 72.000000 30.000000
V 198.784800 99.518400 12.000000 12.000000
V 25.500240 408.434400 51.000000 30.000000
V 317.764800 215.035200 12.000000 12.000000
V 210.664800 285.494400 68.000000 30.000000
V 166.543200 356.241600 42.000000 30.000000
V 346.989600 396.028800 86.000000 22.000000
V 322.588800 430.048800 85.000000 30.000000
V 242.035200 451.548000 60.000000 30.000000
V 247.608000 175.946400 68.000000 30.000000
V 175.550400 208.072800 60.000000 22.000000
V 31.897440 446.443200 51.000000 30.000000
V 299.656800 290.937600 77.000000 30.000000
V 361.843200 250.552800 68.000000 30.000000
V 141.422400 480.816000 34.000000 30.000000
V 263.268000 236.210400 12.000000 12.000000
V 112.615200 414.928800 12.000000 12.000000
V 84.780000 241.048800 63.000000 34.000000
V 161.690400 262.965600 12.000000 12.000000
V 94.687200 71.069040 36.000000 30.000000
V 259.912800 371.145600 12.000000 12.000000
V 394.920000 205.200000 68.000000 30.000000
E 0 7
E 0 12
E 1 6
E 1 25
E 2 10
E 6 3
E 3 25
E 4 10
E 10 5
E 11 6
E 6 14
E 20 6
E 6 23
E 7 18
E 21 7
E 30 7
E 10 8
E 9 10
E 10 18
E 28 10
E 25 11
E 18 12
E 12 21
E 12 30
E 24 13
E 13 27
E 14 25
E 27 14
E 14 29
E 15 29
E 16 29
E 29 17
E 18 24
E 27 18
E 19 24
E 25 20
E 21 24
E 29 21
E 24 22
E 23 25
E 26 27
G R-HSA-75067.sbgn 18 25
V 570.189600 569.469600 122.000000 36.000000
V 934.128000 211.046400 107.000000 50.000000
V 95.990400 24.999840 115.000000 50.000000
V 17.500320 236.174400 35.000000 22.000000
V 694.274400 594.468000 54.000000 22.000000
V 793.872000 446.990400 134.000000 36.000000
V 471.016800 439.113600 124.000000 50.000000
V 650.556000 415.713600 10.000000 10.000000
V 813.456000 99.237600 121.000000 50.000000
V 665.316000 234.086400 111.000000 50.000000
V 430.689600 283.104000 10.000000 10.000000
V 585.806400 271.022400 32.000000 22.000000
V 779.472000 253.072800 10.000000 10.000000
V 739.944000 360.129600 29.000000 22.000000
V 806.328000 395.884800 32.000000 22.000000
V 154.188000 166.190400 10.000000 10.000000
V 654.184800 486.208800 10.000000 10.000000
V 296.344800 214.358400 124.000000 50.000000
E 7 0
E 0 16
E 12 1
E 2 15
E 3 15
E 7 4
E 4 16
E 5 7
E 5 12
E 16 5
E 10 6
E 6 16
E 7 9
E 7 11
E 7 13
E 7 14
E 12 8
E 11 10
E 17 10
E 12 11
E 12 13
E 12 14
E 13 16
E 14 16
E 15 17
G R-HSA-75072.sbgn 33 35
V 77.104800 100.879200 42.000000 30.000000
V 380.138400 213.235200 12.000000 12.000000
V 262.893600 76.917600 10.000000 10.000000
V 334.656000 724.824000 10.000000 10.000000
V 544.176000 360.100800 94.000000 22.000000
V 330.991200 791.064000 127.000000 36.000000
V 251.071200 599.904000 42.000000 30.000000
V 329.810400 328.089600 10.000000 10.000000
V 268.430400 465.184800 42.000000 30.000000
V 273.506400 397.476000 125.000000 36.000000
V 407.901600 668.167200 131.000000 36.000000
V 271.778400 659.016000 125.000000 36.000000
V 433.051200 610.056000 122.000000 50.000000
V 476.092800 367.891200 10.000000 10.000000
V 220.989600 1019.592000 120.000000 36.000000
V 398.440800 895.896000 39.000000 22.000000
V 343.238400 527.119200 42.000000 30.000000
V 195.516000 207.511200 125.000000 36.000000
V 62.500320 161.100000 125.000000 50.000000
V 403.531200 380.095200 119.000000 22.000000
V 281.952000 11.000160 94.000000 22.000000
V 246.794400 961.416000 12.000000 12.000000
V 284.126400 907.272000 123.000000 22.000000
V 140.500800 130.003200 12.000000 12.000000
V 335.664000 859.104000 10.000000 10.000000
V 317.102400 257.608800 91.000000 22.000000
V 348.228000 452.059200 12.000000 12.000000
V 341.798400 599.256000 12.000000 12.000000
V 438.681600 170.265600 123.000000 36.000000
V 271.072800 215.301600 10.000000 10.000000
V 425.260800 467.899200 125.000000 50.000000
V 230.803200 142.243200 119.000000 22.000000
V 130.960800 62.844480 42.000000 30.000000
E 0 23
E 1 25
E 28 1
E 20 2
E 2 31
E 5 3
E 3 10
E 11 3
E 4 13
E 24 5
E 6 27
E 7 9
E 19 7
E 25 7
E 8 26
E 9 26
E 10 27
E 11 27
E 27 12
E 13 19
E 14 21
E 15 24
E 26 16
E 27 16
E 17 23
E 29 17
E 23 18
E 19 26
E 21 22
E 22 24
E 31 23
E 23 32
E 25 29
E 26 30
E 31 29
G R-HSA-75157.sbgn 15 14
V 277.696800 262.137600 114.000000 36.000000
V 370.562400 11.000160 87.000000 22.000000
V 311.220000 198.964800 10.000000 10.000000
V 257.767200 334.749600 10.000000 10.000000
V 119.930400 373.975200 10.000000 10.000000
V 57.000240 415.022400 114.000000 50.000000
V 216.921600 466.178400 10.000000 10.000000
V 392.824800 81.648000 10.000000 10.000000
V 351.259200 140.997600 114.000000 36.000000
V 328.176000 365.040000 40.000000 22.000000
V 63.316080 325.231200 112.000000 22.000000
V 198.367200 387.907200 114.000000 36.000000
V 284.227200 516.607200 114.000000 50.000000
V 168.717600 533.196000 101.000000 22.000000
V 466.581600 73.562400 29.000000 22.000000
E 2 0
E 0 3
E 1 7
E 8 2
E 9 3
E 3 11
E 4 5
E 10 4
E 11 4
E 11 6
E 6 12
E 13 6
E 7 8
E 14 7
G R-HSA-75158.sbgn 19 18
V 163.310400 180.468000 99.000000 35.000000
V 534.700800 709.632000 133.000000 54.000000
V 646.466400 398.808000 115.000000 20.000000
V 350.280000 551.692800 52.000000 22.000000
V 164.570400 18.499680 114.000000 37.000000
V 317.779200 370.101600 10.000000 10.000000
V 130.212000 99.439200 12.000000 12.000000
V 46.000080 72.763200 92.000000 21.000000
V 429.127200 509.054400 10.000000 10.000000
V 177.033600 268.754400 10.000000 10.000000
V 251.186400 316.828800 128.000000 36.000000
V 95.918400 311.392800 69.000000 24.000000
V 631.036800 664.632000 108.000000 20.000000
V 396.475200 594.489600 132.000000 29.000000
V 691.495200 488.628000 128.000000 50.000000
V 602.582400 475.711200 10.000000 10.000000
V 554.335200 620.726400 10.000000 10.000000
V 524.325600 528.976800 128.000000 36.000000
V 380.599200 430.135200 128.000000 47.000000
E 0 6
E 0 9
E 16 1
E 2 15
E 3 8
E 6 4
E 10 5
E 5 18
E 7 6
E 13 8
E 8 17
E 18 8
E 9 10
E 11 9
E 12 16
E 15 14
E 17 15
E 17 16
G R-HSA-75892.sbgn 27 28
V 135.007200 305.834400 12.000000 12.000000
V 60.500160 280.576800 121.000000 23.000000
V 176.644800 70.120800 91.000000 65.000000
V 394.682400 435.801600 89.000000 23.000000
V 152.920800 386.978400 10.000000 10.000000
V 438.602400 11.499840 31.000000 23.000000
V 488.800800 17.480160 31.000000 23.000000
V 675.201600 127.108800 88.000000 23.000000
V 304.250400 381.391200 10.000000 10.000000
V 294.213600 50.594400 128.000000 79.000000
V 85.485600 425.527200 122.000000 51.000000
V 540.511200 98.272800 133.000000 37.000000
V 412.560000 213.796800 121.000000 51.000000
V 353.829600 282.729600 131.000000 37.000000
V 218.570400 327.736800 128.000000 37.000000
V 620.028000 88.524000 10.000000 10.000000
V 236.671200 127.584000 10.000000 10.000000
V 270.050400 258.242400 10.000000 10.000000
V 355.226400 167.774400 10.000000 10.000000
V 75.866400 353.649600 128.000000 51.000000
V 158.702400 478.080000 122.000000 37.000000
V 147.945600 126.158400 52.000000 31.000000
V 280.368000 433.051200 123.000000 37.000000
V 405.475200 125.892000 121.000000 37.000000
V 280.180800 187.603200 124.000000 23.000000
V 659.476800 32.778720 33.000000 23.000000
V 460.900800 79.920000 10.000000 10.000000
E 1 0
E 14 0
E 0 19
E 2 16
E 3 8
E 4 10
E 14 4
E 19 4
E 20 4
E 22 4
E 5 26
E 6 26
E 7 15
E 14 8
E 8 22
E 16 9
E 15 11
E 11 26
E 18 12
E 13 17
E 17 14
E 25 15
E 21 16
E 24 16
E 24 17
E 23 18
E 24 18
E 26 23
G R-HSA-774815.sbgn 15 15
V 391.046400 193.773600 90.000000 38.000000
V 493.790400 376.444800 125.000000 50.000000
V 181.274400 329.198400 130.000000 68.000000
V 260.287200 400.341600 12.000000 12.000000
V 212.097600 151.653600 130.000000 53.000000
V 357.775200 359.755200 131.000000 71.000000
V 326.952000 26.500320 130.000000 53.000000
V 283.536000 499.946400 78.000000 38.000000
V 190.029600 472.118400 78.000000 38.000000
V 313.171200 125.042400 10.000000 10.000000
V 515.664000 223.056000 134.000000 84.000000
V 49.000320 212.997600 98.000000 61.000000
V 538.941600 305.445600 84.000000 38.000000
V 145.807200 231.775200 10.000000 10.000000
V 438.343200 289.828800 12.000000 12.000000
E 0 9
E 14 0
E 14 1
E 2 3
E 13 2
E 3 5
E 7 3
E 8 3
E 9 4
E 4 13
E 5 14
E 6 9
E 14 10
E 11 13
E 12 14
G R-HSA-880009.sbgn 18 23
V 28.000080 155.448000 56.000000 35.000000
V 423.604800 299.800800 40.000000 32.000000
V 150.667200 116.409600 12.000000 12.000000
V 78.782400 390.873600 60.000000 27.000000
V 148.053600 461.678400 58.000000 30.000000
V 196.279200 354.355200 12.000000 12.000000
V 133.056000 147.218400 12.000000 12.000000
V 51.932160 61.450560 47.000000 35.000000
V 374.752800 72.770400 41.000000 31.000000
V 249.026400 468.453600 37.000000 34.000000
V 221.414400 226.072800 35.000000 31.000000
V 256.305600 119.930400 36.000000 30.000000
V 467.654400 244.000800 40.000000 35.000000
V 134.251200 12.000240 86.000000 24.000000
V 310.507200 317.455200 51.000000 37.000000
V 471.348000 169.408800 37.000000 34.000000
V 436.752000 103.881600 67.000000 26.000000
V 353.088000 197.560800 12.000000 12.000000
E 0 2
E 6 0
E 1 17
E 2 7
E 2 10
E 11 2
E 13 2
E 3 5
E 4 5
E 9 5
E 5 10
E 5 14
E 7 6
E 10 6
E 6 11
E 13 6
E 8 17
E 17 10
E 11 17
E 12 17
E 17 14
E 15 17
E 16 17
G R-HSA-881907.sbgn 23 22
V 30.000240 124.171200 60.000000 23.000000
V 821.304000 212.414400 41.000000 30.000000
V 692.085600 163.317600 127.000000 36.000000
V 358.488000 259.452000 81.000000 38.000000
V 769.968000 245.520000 42.000000 30.000000
V 155.707200 91.958400 112.000000 42.000000
V 363.715200 110.383200 79.000000 34.000000
V 828.576000 141.976800 89.000000 22.000000
V 48.157200 20.673360 61.000000 30.000000
V 488.404800 201.124800 12.000000 12.000000
V 233.899200 11.000160 44.000000 22.000000
V 276.926400 221.486400 66.000000 42.000000
V 85.701600 80.848800 12.000000 12.000000
V 422.416800 183.960000 55.000000 45.000000
V 769.608000 171.820800 12.000000 12.000000
V 343.152000 176.724000 12.000000 12.000000
V 785.592000 98.647200 91.000000 22.000000
V 499.514400 276.206400 41.000000 22.000000
V 549.165600 168.271200 129.000000 36.000000
V 278.805600 131.875200 72.000000 44.000000
V 615.556800 136.540800 10.000000 10.000000
V 622.512000 64.113840 91.000000 22.000000
V 226.029600 84.607200 12.000000 12.000000
E 0 12
E 1 14
E 2 14
E 20 2
E 15 3
E 14 4
E 12 5
E 5 22
E 6 15
E 14 7
E 8 12
E 13 9
E 17 9
E 9 18
E 10 22
E 15 11
E 15 13
E 16 14
E 19 15
E 18 20
E 22 19
E 21 20
G R-HSA-8848584.sbgn 37 44
V 243.712800 368.157600 12.000000 12.000000
V 324.669600 73.713600 64.000000 30.000000
V 78.112800 137.253600 64.000000 30.000000
V 362.721600 147.247200 51.000000 22.000000
V 182.505600 96.177600 59.000000 30.000000
V 202.802400 428.997600 49.000000 30.000000
V 29.499840 591.544800 59.000000 30.000000
V 383.184000 77.868000 12.000000 12.000000
V 152.445600 59.236560 39.000000 22.000000
V 149.083200 172.245600 12.000000 12.000000
V 40.492080 550.476000 55.000000 22.000000
V 221.364000 182.440800 49.000000 30.000000
V 240.602400 58.139280 88.000000 30.000000
V 202.024800 374.925600 49.000000 30.000000
V 161.985600 145.814400 12.000000 12.000000
V 393.292800 14.999760 74.000000 30.000000
V 366.660000 426.650400 12.000000 12.000000
V 99.122400 577.274400 12.000000 12.000000
V 133.740000 213.300000 80.000000 30.000000
V 81.806400 175.284000 35.000000 30.000000
V 58.312800 630.072000 59.000000 30.000000
V 59.880240 209.390400 39.000000 22.000000
V 167.356800 474.040800 12.000000 12.000000
V 440.488800 71.158320 51.000000 30.000000
V 369.036000 490.564800 64.000000 30.000000
V 423.777600 402.472800 50.000000 30.000000
V 292.759200 433.936800 87.000000 36.000000
V 320.220000 378.892800 125.000000 58.000000
V 239.025600 308.556000 49.000000 30.000000
V 171.489600 605.052000 65.000000 30.000000
V 234.712800 249.480000 12.000000 12.000000
V 417.348000 452.512800 69.000000 30.000000
V 280.519200 138.679200 12.000000 12.000000
V 343.159200 112.910400 80.000000 30.000000
V 113.443200 642.924000 35.000000 30.000000
V 115.452000 99.244800 59.000000 30.000000
V 136.087200 521.647200 49.000000 30.000000
E 0 5
E 0 13
E 26 0
E 27 0
E 28 0
E 7 1
E 32 1
E 9 2
E 14 2
E 3 7
E 3 32
E 4 9
E 4 14
E 5 22
E 17 6
E 7 15
E 23 7
E 33 7
E 8 14
E 9 11
E 18 9
E 19 9
E 21 9
E 9 35
E 10 17
E 14 11
E 11 30
E 11 32
E 32 12
E 18 14
E 19 14
E 14 35
E 16 24
E 25 16
E 26 16
E 16 27
E 31 16
E 20 17
E 17 29
E 34 17
E 36 17
E 22 36
E 30 28
E 33 32
G R-HSA-8852135.sbgn 31 34
V 861.408000 440.942400 182.000000 22.000000
V 904.824000 234.892800 244.000000 24.000000
V 87.998400 232.869600 176.000000 26.000000
V 222.760800 284.148000 12.000000 12.000000
V 371.246400 271.000800 119.000000 22.000000
V 775.008000 107.985600 51.000000 27.000000
V 528.372000 15.523920 50.000000 24.000000
V 759.384000 248.968800 12.000000 12.000000
V 759.096000 570.600000 55.000000 28.000000
V 845.784000 122.752800 55.000000 24.000000
V 276.904800 125.964000 12.000000 12.000000
V 947.016000 496.476000 12.000000 12.000000
V 1122.480000 255.744000 175.000000 24.000000
V 689.522400 607.608000 52.000000 22.000000
V 465.084000 58.935600 43.000000 24.000000
V 855.216000 350.553600 128.000000 21.000000
V 594.468000 56.181600 49.000000 27.000000
V 193.737600 10.000080 58.000000 20.000000
V 361.346400 183.715200 185.000000 23.000000
V 1000.728000 341.085600 12.000000 12.000000
V 448.516800 517.420800 57.000000 25.000000
V 466.236000 373.838400 12.000000 12.000000
V 1029.384000 613.454400 58.000000 20.000000
V 321.516000 388.209600 245.000000 22.000000
V 629.510400 561.787200 43.000000 24.000000
V 701.892000 446.587200 12.000000 12.000000
V 523.116000 177.062400 12.000000 12.000000
V 612.655200 311.472000 111.000000 37.000000
V 379.828800 497.095200 64.000000 22.000000
V 101.498400 372.657600 179.000000 34.000000
V 1133.928000 395.805600 175.000000 37.000000
E 0 11
E 19 0
E 25 0
E 7 1
E 1 19
E 3 2
E 3 18
E 23 3
E 29 3
E 10 4
E 4 21
E 5 7
E 6 26
E 7 9
E 15 7
E 27 7
E 8 25
E 10 17
E 18 10
E 11 15
E 11 22
E 19 12
E 13 25
E 26 14
E 16 26
E 26 18
E 30 19
E 20 21
E 21 23
E 27 21
E 21 28
E 25 24
E 27 25
E 27 26
G R-HSA-8852405.sbgn 15 15
V 79.128000 14.999760 40.000000 30.000000
V 44.876880 150.372000 88.000000 44.000000
V 335.635200 157.291200 10.000000 10.000000
V 403.084800 175.075200 79.000000 22.000000
V 464.774400 266.760000 62.000000 22.000000
V 289.936800 101.368800 87.000000 22.000000
V 500.508000 121.932000 68.000000 22.000000
V 156.160800 105.739200 102.000000 36.000000
V 87.350400 89.092800 12.000000 12.000000
V 473.889600 192.132000 12.000000 12.000000
V 222.278400 125.467200 10.000000 10.000000
V 20.499840 72.792000 41.000000 30.000000
V 542.707200 170.834400 109.000000 22.000000
V 525.283200 242.308800 43.000000 30.000000
V 267.804000 181.231200 92.000000 34.000000
E 0 8
E 8 1
E 3 2
E 5 2
E 2 14
E 9 3
E 4 9
E 5 10
E 6 9
E 7 8
E 10 7
E 8 11
E 12 9
E 13 9
E 14 10
G R-HSA-8853383.sbgn 20 21
V 301.500000 187.344000 12.000000 12.000000
V 448.624800 278.085600 43.000000 30.000000
V 111.888000 111.988800 43.000000 30.000000
V 639.316800 329.256000 43.000000 30.000000
V 700.826400 276.897600 95.000000 22.000000
V 622.094400 98.143200 12.000000 12.000000
V 563.104800 167.932800 41.000000 30.000000
V 695.275200 51.956640 58.000000 30.000000
V 384.775200 188.064000 103.000000 40.000000
V 473.745600 192.600000 12.000000 12.000000
V 621.820800 240.825600 12.000000 12.000000
V 219.456000 193.852800 102.000000 45.000000
V 454.557600 107.683200 95.000000 22.000000
V 675.835200 168.602400 86.000000 30.000000
V 137.203200 300.096000 151.000000 82.000000
V 535.788000 255.931200 102.000000 30.000000
V 614.606400 11.000160 51.000000 22.000000
V 48.000240 240.091200 96.000000 22.000000
V 55.938960 162.792000 41.000000 30.000000
V 132.739200 200.520000 12.000000 12.000000
E 0 8
E 11 0
E 1 9
E 2 19
E 3 10
E 4 10
E 5 6
E 5 7
E 13 5
E 16 5
E 9 6
E 10 6
E 8 9
E 12 9
E 9 15
E 10 13
E 15 10
E 19 11
E 14 19
E 17 19
E 19 18
G R-HSA-8853659.sbgn 40 40
V 414.813600 287.402400 107.000000 49.000000
V 524.512800 31.194720 43.000000 23.000000
V 629.164800 193.024800 38.000000 30.000000
V 499.024800 487.195200 112.000000 22.000000
V 442.123200 517.219200 43.000000 22.000000
V 435.837600 169.790400 10.000000 10.000000
V 206.676000 203.378400 101.000000 26.000000
V 612.907200 279.468000 40.000000 30.000000
V 429.458400 32.500080 131.000000 65.000000
V 472.557600 366.249600 10.000000 10.000000
V 362.592000 184.996800 10.000000 10.000000
V 304.200000 241.192800 10.000000 10.000000
V 776.736000 210.628800 10.000000 10.000000
V 890.568000 395.208000 109.000000 51.000000
V 175.888800 582.681600 10.000000 10.000000
V 548.323200 290.656800 12.000000 12.000000
V 247.017600 486.352800 94.000000 22.000000
V 220.255200 687.636000 133.000000 70.000000
V 787.248000 509.464800 38.000000 30.000000
V 354.031200 530.755200 117.000000 50.000000
V 323.164800 379.526400 10.000000 10.000000
V 209.548800 397.080000 128.000000 56.000000
V 853.416000 470.613600 78.000000 60.000000
V 782.784000 389.167200 12.000000 12.000000
V 303.681600 294.732000 10.000000 10.000000
V 580.557600 58.149360 53.000000 23.000000
V 622.087200 107.172000 117.000000 50.000000
V 72.000000 620.244000 144.000000 67.000000
V 169.740000 122.803200 122.000000 37.000000
V 882.720000 319.082400 40.000000 30.000000
V 402.163200 407.347200 10.000000 10.000000
V 567.590400 437.148000 116.000000 62.000000
V 297.345600 71.261280 117.000000 50.000000
V 165.348000 255.384000 121.000000 62.000000
V 320.738400 645.876000 12.000000 12.000000
V 154.044000 163.814400 86.000000 29.000000
V 862.488000 122.680800 100.000000 47.000000
V 178.077600 326.678400 130.000000 50.000000
V 692.812800 320.731200 117.000000 36.000000
V 502.142400 200.088000 10.000000 10.000000
E 0 5
E 0 9
E 0 10
E 0 11
E 15 0
E 0 20
E 0 24
E 0 30
E 0 39
E 1 5
E 2 15
E 3 9
E 4 30
E 5 32
E 6 24
E 15 7
E 10 8
E 9 31
E 28 10
E 11 33
E 35 11
E 36 12
E 12 38
E 23 13
E 16 14
E 17 14
E 14 27
E 38 15
E 16 20
E 34 17
E 18 23
E 30 19
E 19 34
E 20 21
E 22 23
E 23 29
E 38 23
E 24 37
E 25 39
E 39 26
G R-HSA-8853884.sbgn 40 45
V 373.838400 254.332800 10.000000 10.000000
V 630.482400 503.906400 50.000000 22.000000
V 567.453600 486.194400 12.000000 12.000000
V 498.758400 451.612800 123.000000 41.000000
V 740.448000 124.862400 121.000000 78.000000
V 301.370400 296.546400 10.000000 10.000000
V 124.452000 170.136000 52.000000 23.000000
V 304.142400 473.911200 108.000000 36.000000
V 200.318400 431.078400 54.000000 51.000000
V 356.421600 112.852800 12.000000 12.000000
V 659.728800 57.239280 92.000000 23.000000
V 372.549600 330.048000 58.000000 22.000000
V 325.180800 49.646880 63.000000 24.000000
V 536.205600 405.064800 132.000000 36.000000
V 397.684800 438.249600 63.000000 26.000000
V 523.756800 283.924800 97.000000 51.000000
V 813.960000 82.497600 10.000000 10.000000
V 287.582400 517.608000 12.000000 12.000000
V 177.523200 216.100800 12.000000 12.000000
V 76.428000 463.946400 125.000000 36.000000
V 329.263200 185.587200 80.000000 51.000000
V 563.472000 216.381600 12.000000 12.000000
V 573.746400 557.114400 85.000000 51.000000
V 216.180000 282.902400 118.000000 22.000000
V 255.412800 592.668000 99.000000 36.000000
V 891.504000 110.174400 129.000000 47.000000
V 158.608800 433.368000 10.000000 10.000000
V 147.369600 555.638400 120.000000 22.000000
V 245.073600 238.176000 72.000000 51.000000
V 665.524800 131.148000 12.000000 12.000000
V 442.339200 164.808000 130.000000 26.000000
V 434.268000 382.392000 12.000000 12.000000
V 87.537600 401.839200 120.000000 37.000000
V 491.803200 232.380000 115.000000 36.000000
V 612.936000 183.348000 118.000000 38.000000
V 837.216000 18.000000 121.000000 36.000000
V 326.462400 573.573600 27.000000 22.000000
V 446.832000 292.096800 10.000000 10.000000
V 304.164000 391.471200 10.000000 10.000000
V 121.003200 507.506400 242.000000 28.000000
E 11 0
E 20 0
E 0 30
E 2 1
E 3 2
E 13 2
E 22 2
E 31 3
E 16 4
E 4 29
E 11 5
E 5 23
E 28 5
E 18 6
E 7 17
E 38 7
E 8 17
E 8 26
E 8 38
E 9 12
E 20 9
E 30 9
E 29 10
E 11 31
E 11 37
E 11 38
E 13 31
E 31 14
E 15 21
E 15 37
E 25 16
E 35 16
E 24 17
E 27 17
E 17 36
E 39 17
E 23 18
E 28 18
E 19 26
E 33 21
E 21 34
E 32 26
E 26 39
E 34 29
E 37 33
G R-HSA-8866376.sbgn 15 14
V 185.558400 611.460000 10.000000 10.000000
V 233.524800 689.385600 46.000000 22.000000
V 210.664800 48.556800 44.000000 23.000000
V 46.048320 143.560800 39.000000 30.000000
V 242.596800 262.432800 10.000000 10.000000
V 182.664000 190.396800 118.000000 36.000000
V 52.999920 61.622640 106.000000 49.000000
V 353.210400 465.868800 47.000000 22.000000
V 213.717600 525.117600 80.000000 22.000000
V 134.524800 107.884800 12.000000 12.000000
V 133.509600 14.999760 39.000000 30.000000
V 103.629600 651.254400 39.000000 22.000000
V 260.352000 445.248000 10.000000 10.000000
V 334.116000 233.740800 62.000000 22.000000
V 237.326400 355.456800 87.000000 36.000000
E 1 0
E 0 8
E 11 0
E 2 9
E 3 9
E 4 5
E 13 4
E 14 4
E 5 9
E 9 6
E 7 12
E 8 12
E 9 10
E 12 14
G R-HSA-8866654.sbgn 16 22
V 359.647200 418.046400 240.000000 21.000000
V 334.670400 63.178560 134.000000 26.000000
V 737.856000 306.770400 53.000000 22.000000
V 556.876800 418.795200 10.000000 10.000000
V 556.560000 572.623200 109.000000 20.000000
V 445.370400 250.099200 131.000000 38.000000
V 239.911200 261.842400 10.000000 10.000000
V 630.252000 377.553600 12.000000 12.000000
V 71.884080 236.433600 103.000000 25.000000
V 219.960000 52.931520 61.000000 23.000000
V 93.528000 12.000240 129.000000 24.000000
V 117.496800 351.979200 235.000000 34.000000
V 675.266400 542.620800 139.000000 24.000000
V 843.336000 400.118400 115.000000 24.000000
V 234.489600 177.732000 12.000000 12.000000
V 659.642400 227.289600 230.000000 31.000000
E 0 3
E 0 6
E 1 6
E 1 14
E 2 3
E 7 2
E 4 3
E 12 3
E 3 15
E 7 4
E 7 5
E 14 5
E 8 6
E 9 6
E 6 11
E 12 7
E 7 13
E 15 7
E 14 8
E 14 9
E 14 10
E 11 14
G R-HSA-8873719.sbgn 18 19
V 289.051200 354.405600 110.000000 58.000000
V 573.235200 576.309600 117.000000 22.000000
V 162.216000 205.884000 117.000000 36.000000
V 367.164000 182.930400 130.000000 36.000000
V 600.926400 452.779200 10.000000 10.000000
V 258.343200 131.061600 10.000000 10.000000
V 713.700000 394.300800 116.000000 36.000000
V 49.999680 286.034400 100.000000 36.000000
V 922.608000 460.562400 92.000000 36.000000
V 405.590400 301.788000 10.000000 10.000000
V 163.778400 333.151200 12.000000 12.000000
V 499.881600 383.385600 130.000000 36.000000
V 811.152000 457.704000 10.000000 10.000000
V 140.580000 454.975200 83.000000 41.000000
V 705.758400 506.959200 116.000000 22.000000
V 242.474400 13.999680 77.000000 28.000000
V 486.676800 209.750400 93.000000 22.000000
V 59.737680 393.494400 34.000000 31.000000
E 0 9
E 0 10
E 1 4
E 5 2
E 2 10
E 3 5
E 9 3
E 6 4
E 4 11
E 14 4
E 15 5
E 12 6
E 10 7
E 8 12
E 11 9
E 16 9
E 10 13
E 10 17
E 14 12
G R-HSA-8876198.sbgn 40 42
V 185.853600 571.471200 93.000000 39.000000
V 297.806400 25.961040 72.000000 22.000000
V 198.338400 487.663200 90.000000 33.000000
V 247.831200 622.440000 105.000000 36.000000
V 1116.072000 762.912000 63.000000 25.000000
V 514.252800 526.442400 54.000000 33.000000
V 212.356800 177.674400 12.000000 12.000000
V 1105.848000 676.000800 90.000000 33.000000
V 484.336800 965.088000 85.000000 25.000000
V 949.176000 731.088000 12.000000 12.000000
V 683.388000 548.820000 94.000000 33.000000
V 396.691200 388.915200 50.000000 38.000000
V 626.508000 198.813600 124.000000 36.000000
V 1073.592000 833.904000 109.000000 36.000000
V 933.624000 1081.800000 82.000000 22.000000
V 507.643200 342.223200 12.000000 12.000000
V 721.368000 771.264000 50.000000 38.000000
V 824.616000 1074.240000 120.000000 36.000000
V 519.710400 1110.096000 50.000000 38.000000
V 325.965600 307.692000 124.000000 22.000000
V 1066.248000 597.823200 54.000000 33.000000
V 52.999920 152.992800 106.000000 36.000000
V 710.748000 1118.304000 114.000000 36.000000
V 653.133600 268.639200 73.000000 24.000000
V 599.220000 1152.072000 93.000000 34.000000
V 511.437600 196.192800 90.000000 39.000000
V 778.464000 566.236800 80.000000 22.000000
V 51.880320 243.993600 50.000000 38.000000
V 632.138400 970.416000 12.000000 12.000000
V 763.704000 813.312000 114.000000 30.000000
V 848.232000 920.520000 12.000000 12.000000
V 642.362400 662.767200 12.000000 12.000000
V 112.420800 63.503280 101.000000 34.000000
V 340.934400 496.368000 12.000000 12.000000
V 524.512800 729.072000 114.000000 36.000000
V 1004.904000 938.160000 92.000000 35.000000
V 208.036800 16.500240 54.000000 33.000000
V 989.856000 1024.560000 54.000000 33.000000
V 469.944000 1047.816000 54.000000 33.000000
V 987.624000 584.452800 50.000000 38.000000
E 33 0
E 1 6
E 2 33
E 3 33
E 4 9
E 5 15
E 5 31
E 5 33
E 6 19
E 21 6
E 6 27
E 6 32
E 36 6
E 9 7
E 8 28
E 13 9
E 20 9
E 9 29
E 9 39
E 31 10
E 15 11
E 33 11
E 12 15
E 14 30
E 15 19
E 23 15
E 15 25
E 30 16
E 31 16
E 17 30
E 28 18
E 33 19
E 22 28
E 28 24
E 26 31
E 28 29
E 38 28
E 30 29
E 31 29
E 30 35
E 37 30
E 34 31
G R-HSA-8876725.sbgn 15 15
V 152.575200 258.249600 12.000000 12.000000
V 198.288000 353.268000 78.000000 30.000000
V 411.768000 95.328000 69.000000 30.000000
V 52.999920 274.802400 106.000000 36.000000
V 112.924800 352.094400 71.000000 23.000000
V 505.360800 133.430400 12.000000 12.000000
V 240.019200 46.003680 113.000000 36.000000
V 603.108000 132.631200 104.000000 36.000000
V 71.885520 188.848800 62.000000 29.000000
V 235.857600 193.716000 67.000000 22.000000
V 554.810400 38.509920 59.000000 20.000000
V 312.609600 118.958400 12.000000 12.000000
V 312.177600 10.000080 76.000000 20.000000
V 407.613600 168.249600 74.000000 31.000000
V 556.768800 225.878400 70.000000 21.000000
E 1 0
E 0 3
E 4 0
E 0 8
E 9 0
E 2 5
E 2 11
E 5 7
E 10 5
E 5 13
E 14 5
E 11 6
E 9 11
E 12 11
E 11 13
G R-HSA-8935690.sbgn 38 53
V 214.394400 607.543200 90.000000 22.000000
V 403.207200 159.746400 12.000000 12.000000
V 551.354400 244.180800 90.000000 22.000000
V 305.949600 477.856800 12.000000 12.000000
V 193.816800 500.011200 41.000000 30.000000
V 20.499840 341.121600 41.000000 30.000000
V 39.066480 249.580800 41.000000 30.000000
V 422.078400 14.999760 37.000000 30.000000
V 350.071200 25.866000 74.000000 22.000000
V 95.392800 249.602400 45.000000 30.000000
V 628.963200 292.924800 123.000000 36.000000
V 119.505600 121.291200 103.000000 44.000000
V 571.298400 738.648000 41.000000 30.000000
V 301.860000 431.107200 12.000000 12.000000
V 157.032000 442.648800 123.000000 36.000000
V 441.432000 657.878400 12.000000 12.000000
V 433.231200 404.884800 12.000000 12.000000
V 422.352000 517.269600 41.000000 30.000000
V 336.427200 308.289600 37.000000 30.000000
V 38.395440 430.048800 37.000000 30.000000
V 372.247200 789.120000 85.000000 37.000000
V 181.000800 59.283360 127.000000 64.000000
V 600.422400 506.052000 103.000000 30.000000
V 544.845600 90.108000 41.000000 30.000000
V 505.886400 760.536000 68.000000 31.000000
V 487.404000 392.479200 12.000000 12.000000
V 538.884000 327.513600 41.000000 30.000000
V 227.001600 336.614400 12.000000 12.000000
V 431.193600 361.015200 12.000000 12.000000
V 651.103200 368.956800 41.000000 30.000000
V 265.082400 181.929600 12.000000 12.000000
V 545.731200 619.646400 12.000000 12.000000
V 168.184800 328.298400 12.000000 12.000000
V 491.436000 43.426800 41.000000 30.000000
V 608.191200 411.602400 123.000000 36.000000
V 273.088800 30.319920 41.000000 30.000000
V 495.878400 515.952000 90.000000 30.000000
V 687.650400 670.759200 99.000000 36.000000
E 0 3
E 1 7
E 8 1
E 1 18
E 23 1
E 33 1
E 2 28
E 4 3
E 17 3
E 3 18
E 4 13
E 4 27
E 5 32
E 6 32
E 9 27
E 10 25
E 11 30
E 12 15
E 12 31
E 14 13
E 17 13
E 13 18
E 14 27
E 14 32
E 15 17
E 20 15
E 24 15
E 15 36
E 16 17
E 16 18
E 26 16
E 34 16
E 36 16
E 25 17
E 28 17
E 31 17
E 25 18
E 27 18
E 28 18
E 30 18
E 32 18
E 32 19
E 21 30
E 22 25
E 31 22
E 24 31
E 29 25
E 25 36
E 26 28
E 36 28
E 35 30
E 31 36
E 37 31
G R-HSA-8937144.sbgn 15 14
V 141.789600 111.002400 55.000000 29.000000
V 514.908000 292.269600 12.000000 12.000000
V 200.548800 18.000000 76.000000 36.000000
V 27.499680 77.126400 55.000000 22.000000
V 39.529440 174.204000 46.000000 37.000000
V 77.104800 120.542400 12.000000 12.000000
V 465.163200 252.007200 97.000000 50.000000
V 366.710400 60.114960 89.000000 38.000000
V 264.628800 112.608000 72.000000 22.000000
V 370.807200 170.964000 95.000000 52.000000
V 203.544000 86.299200 12.000000 12.000000
V 417.052800 213.004800 12.000000 12.000000
V 331.063200 118.504800 12.000000 12.000000
V 578.930400 278.150400 94.000000 50.000000
V 515.196000 357.804000 43.000000 30.000000
E 0 5
E 0 10
E 1 6
E 13 1
E 14 1
E 10 2
E 3 5
E 5 4
E 6 11
E 12 7
E 8 10
E 12 8
E 11 9
E 9 12
G R-HSA-8941413.sbgn 34 43
V 387.705600 20.571120 49.000000 30.000000
V 284.882400 251.510400 12.000000 12.000000
V 132.595200 314.863200 117.000000 22.000000
V 452.124000 508.996800 40.000000 30.000000
V 402.328800 284.090400 12.000000 12.000000
V 61.958160 147.261600 121.000000 22.000000
V 215.236800 492.991200 125.000000 22.000000
V 367.912800 189.964800 37.000000 30.000000
V 445.824000 14.999760 44.000000 30.000000
V 192.232800 251.294400 44.000000 30.000000
V 375.573600 83.224800 44.000000 30.000000
V 483.019200 343.756800 34.000000 30.000000
V 389.325600 422.625600 12.000000 12.000000
V 356.968800 493.387200 125.000000 22.000000
V 413.301600 178.768800 12.000000 12.000000
V 453.628800 192.686400 52.000000 30.000000
V 163.087200 405.684000 113.000000 22.000000
V 324.619200 342.360000 49.000000 30.000000
V 448.437600 274.154400 44.000000 30.000000
V 315.374400 195.192000 52.000000 30.000000
V 295.768800 430.221600 12.000000 12.000000
V 493.725600 240.156000 102.000000 22.000000
V 501.782400 40.271760 34.000000 30.000000
V 18.499680 277.855200 37.000000 30.000000
V 19.758960 203.047200 34.000000 30.000000
V 488.073600 468.950400 121.000000 22.000000
V 657.540000 204.984000 80.000000 22.000000
V 440.416800 105.156000 12.000000 12.000000
V 232.790400 176.155200 97.000000 30.000000
V 540.532800 113.832000 106.000000 50.000000
V 269.200800 527.414400 40.000000 30.000000
V 571.629600 196.660800 12.000000 12.000000
V 224.460000 336.801600 12.000000 12.000000
V 99.619200 232.473600 12.000000 12.000000
E 27 0
E 7 1
E 1 9
E 17 1
E 19 1
E 1 28
E 32 2
E 2 33
E 12 3
E 7 4
E 11 4
E 15 4
E 4 17
E 4 18
E 21 4
E 33 5
E 20 6
E 7 14
E 7 27
E 27 8
E 32 9
E 9 33
E 14 10
E 12 13
E 17 12
E 25 12
E 13 20
E 15 14
E 14 18
E 19 14
E 21 14
E 15 27
E 16 32
E 17 20
E 17 32
E 20 30
E 21 31
E 22 27
E 33 23
E 33 24
E 26 31
E 29 27
E 31 29
G R-HSA-8949215.sbgn 18 21
V 344.145600 316.749600 67.000000 45.000000
V 379.022400 606.146400 73.000000 35.000000
V 606.362400 207.568800 72.000000 36.000000
V 365.724000 466.041600 12.000000 12.000000
V 648.165600 326.404800 47.000000 32.000000
V 208.303200 391.996800 46.000000 32.000000
V 22.000320 328.219200 44.000000 30.000000
V 594.871200 444.189600 44.000000 31.000000
V 166.291200 192.528000 71.000000 45.000000
V 293.925600 83.980800 45.000000 33.000000
V 165.837600 332.517600 12.000000 12.000000
V 282.420000 246.247200 12.000000 12.000000
V 417.153600 355.881600 63.000000 36.000000
V 511.956000 318.434400 12.000000 12.000000
V 343.029600 162.194400 12.000000 12.000000
V 167.875200 126.748800 65.000000 27.000000
V 395.373600 15.500160 74.000000 31.000000
V 83.044800 464.997600 61.000000 34.000000
E 0 3
E 0 10
E 11 0
E 13 0
E 14 0
E 1 3
E 2 13
E 3 12
E 13 4
E 10 5
E 5 11
E 6 10
E 7 13
E 10 8
E 8 14
E 11 9
E 17 10
E 12 11
E 15 11
E 12 13
E 16 14
G R-HSA-8949664.sbgn 17 18
V 553.824000 86.270400 62.000000 52.000000
V 461.059200 396.705600 97.000000 50.000000
V 499.413600 228.657600 12.000000 12.000000
V 350.589600 210.427200 51.000000 22.000000
V 405.028800 341.582400 12.000000 12.000000
V 140.148000 291.139200 59.000000 22.000000
V 72.352800 216.720000 36.000000 22.000000
V 708.559200 354.405600 10.000000 10.000000
V 76.500000 101.167200 153.000000 27.000000
V 256.003200 11.000160 46.000000 22.000000
V 154.792800 15.770880 44.000000 22.000000
V 208.332000 154.872000 10.000000 10.000000
V 825.840000 422.280000 78.000000 27.000000
V 928.944000 504.180000 12.000000 12.000000
V 1013.832000 603.230400 66.000000 52.000000
V 649.130400 228.412800 121.000000 51.000000
V 566.251200 347.198400 117.000000 33.000000
E 2 0
E 1 2
E 2 3
E 15 2
E 2 16
E 3 4
E 3 11
E 16 4
E 5 11
E 6 11
E 12 7
E 7 15
E 16 7
E 11 8
E 9 11
E 10 11
E 12 13
E 14 13
G R-HSA-8955332.sbgn 26 38
V 222.084000 377.388000 40.000000 30.000000
V 284.428800 277.228800 12.000000 12.000000
V 345.312000 196.934400 50.000000 30.000000
V 453.247200 343.044000 105.000000 36.000000
V 51.671520 342.957600 35.000000 30.000000
V 44.500320 274.586400 89.000000 36.000000
V 325.699200 676.353600 12.000000 12.000000
V 420.732000 734.544000 41.000000 30.000000
V 318.974400 11.000160 40.000000 22.000000
V 438.379200 56.175120 43.000000 30.000000
V 77.090400 211.658400 96.000000 36.000000
V 194.205600 628.322400 98.000000 38.000000
V 257.630400 204.220800 81.000000 19.000000
V 369.727200 549.712800 47.000000 30.000000
V 285.775200 782.352000 123.000000 22.000000
V 233.712000 496.526400 12.000000 12.000000
V 341.964000 117.244800 12.000000 12.000000
V 153.806400 300.715200 12.000000 12.000000
V 196.768800 163.267200 44.000000 22.000000
V 138.823200 568.123200 40.000000 30.000000
V 115.884000 517.694400 31.000000 22.000000
V 216.388800 260.704800 40.000000 30.000000
V 331.531200 310.572000 12.000000 12.000000
V 294.717600 581.263200 87.000000 53.000000
V 412.495200 237.960000 113.000000 36.000000
V 263.606400 383.796000 27.000000 30.000000
E 0 1
E 0 15
E 0 17
E 0 22
E 2 1
E 12 1
E 18 1
E 1 21
E 1 24
E 1 25
E 16 2
E 2 22
E 3 22
E 4 17
E 5 17
E 7 6
E 11 6
E 6 13
E 14 6
E 6 23
E 8 16
E 9 16
E 17 10
E 15 11
E 16 12
E 12 17
E 12 22
E 13 15
E 15 19
E 20 15
E 23 15
E 15 25
E 24 16
E 17 21
E 17 25
E 22 21
E 22 24
E 22 25
G R-HSA-8956321.sbgn 25 28
V 199.965600 403.552800 53.000000 38.000000
V 216.907200 16.500240 69.000000 33.000000
V 92.160000 48.857040 67.000000 30.000000
V 166.435200 141.429600 12.000000 12.000000
V 480.852000 527.457600 12.000000 12.000000
V 203.637600 262.555200 34.000000 31.000000
V 548.870400 423.122400 32.000000 30.000000
V 596.880000 465.624000 71.000000 39.000000
V 313.725600 324.424800 12.000000 12.000000
V 645.696000 731.160000 12.000000 12.000000
V 788.976000 691.567200 32.000000 30.000000
V 717.782400 812.160000 61.000000 35.000000
V 764.712000 736.200000 43.000000 31.000000
V 826.128000 828.720000 12.000000 12.000000
V 686.872800 861.408000 90.000000 31.000000
V 394.956000 424.735200 44.000000 30.000000
V 276.242400 203.558400 48.000000 30.000000
V 33.999840 164.930400 68.000000 22.000000
V 364.579200 580.996800 56.000000 31.000000
V 404.193600 632.203200 43.000000 31.000000
V 867.960000 948.600000 68.000000 31.000000
V 412.884000 227.923200 40.000000 30.000000
V 953.136000 820.296000 92.000000 50.000000
V 568.036800 627.782400 37.000000 31.000000
V 549.410400 834.192000 85.000000 53.000000
E 0 8
E 1 3
E 2 3
E 3 5
E 16 3
E 3 17
E 6 4
E 7 4
E 15 4
E 4 18
E 19 4
E 4 23
E 8 5
E 8 15
E 16 8
E 21 8
E 10 9
E 11 9
E 12 9
E 9 14
E 9 23
E 24 9
E 10 13
E 11 13
E 12 13
E 13 14
E 13 20
E 22 13
G R-HSA-8985947.sbgn 31 32
V 27.493200 449.229600 34.000000 22.000000
V 18.499680 394.624800 37.000000 22.000000
V 138.132000 391.399200 26.000000 22.000000
V 176.198400 232.149600 40.000000 30.000000
V 243.086400 326.606400 12.000000 12.000000
V 381.686400 230.068800 12.000000 12.000000
V 293.133600 77.032800 127.000000 78.000000
V 281.217600 600.688800 94.000000 22.000000
V 226.209600 367.185600 129.000000 36.000000
V 363.153600 14.999760 40.000000 30.000000
V 246.103200 133.178400 10.000000 10.000000
V 135.100800 517.334400 43.000000 22.000000
V 382.824000 75.340800 12.000000 12.000000
V 334.591200 335.822400 41.000000 30.000000
V 216.187200 499.838400 10.000000 10.000000
V 267.616800 513.547200 37.000000 22.000000
V 424.713600 170.035200 127.000000 92.000000
V 199.080000 74.815200 45.000000 22.000000
V 241.473600 248.544000 12.000000 12.000000
V 227.664000 545.155200 126.000000 22.000000
V 61.341120 418.168800 10.000000 10.000000
V 195.105600 193.975200 41.000000 30.000000
V 272.880000 287.575200 128.000000 50.000000
V 202.780800 452.836800 75.000000 22.000000
V 173.642400 410.047200 10.000000 10.000000
V 287.510400 209.541600 127.000000 50.000000
V 427.240800 76.039200 41.000000 30.000000
V 111.571200 421.423200 66.000000 22.000000
V 174.376800 313.768800 40.000000 30.000000
V 455.544000 270.201600 119.000000 64.000000
V 270.979200 569.160000 10.000000 10.000000
E 0 20
E 1 20
E 2 24
E 3 18
E 8 4
E 4 13
E 4 22
E 28 4
E 16 5
E 5 25
E 5 29
E 10 6
E 6 12
E 7 30
E 24 8
E 9 12
E 17 10
E 25 10
E 11 14
E 12 16
E 12 26
E 15 14
E 19 14
E 14 23
E 15 30
E 18 21
E 22 18
E 18 25
E 30 19
E 20 27
E 23 24
E 27 24
G R-HSA-9027604.sbgn 26 27
V 116.294400 426.499200 54.000000 35.000000
V 410.932800 232.732800 82.000000 30.000000
V 88.567200 247.449600 12.000000 12.000000
V 113.407200 314.913600 50.000000 30.000000
V 475.869600 286.840800 59.000000 30.000000
V 471.196800 362.613600 35.000000 30.000000
V 283.435200 14.999760 43.000000 30.000000
V 151.761600 124.293600 12.000000 12.000000
V 280.663200 83.109600 12.000000 12.000000
V 279.180000 347.220000 48.000000 22.000000
V 494.474400 124.128000 76.000000 30.000000
V 411.710400 159.962400 12.000000 12.000000
V 494.395200 162.158400 82.000000 30.000000
V 489.175200 326.476800 57.000000 22.000000
V 21.499920 244.944000 43.000000 30.000000
V 328.363200 117.792000 76.000000 30.000000
V 289.591200 389.124000 12.000000 12.000000
V 415.670400 307.807200 12.000000 12.000000
V 222.948000 410.680800 34.000000 30.000000
V 411.422400 90.446400 74.000000 23.000000
V 416.174400 373.204800 59.000000 30.000000
V 108.122400 178.329600 45.000000 30.000000
V 348.667200 345.578400 60.000000 30.000000
V 220.860000 368.402400 38.000000 30.000000
V 213.134400 94.564800 75.000000 30.000000
V 157.701600 373.046400 12.000000 12.000000
E 0 25
E 1 11
E 17 1
E 3 2
E 2 14
E 2 21
E 25 3
E 4 17
E 17 5
E 8 6
E 21 7
E 7 24
E 8 15
E 24 8
E 9 16
E 11 10
E 11 12
E 15 11
E 19 11
E 13 17
E 18 16
E 16 22
E 23 16
E 17 20
E 22 17
E 18 25
E 23 25
G R-HSA-9033500.sbgn 35 34
V 137.491200 87.703200 119.000000 24.000000
V 661.989600 402.703200 116.000000 23.000000
V 257.594400 75.657600 105.000000 24.000000
V 628.920000 275.356800 91.000000 26.000000
V 635.054400 468.640800 46.000000 35.000000
V 419.637600 597.880800 112.000000 27.000000
V 341.157600 44.503200 46.000000 23.000000
V 394.812000 167.616000 12.000000 12.000000
V 545.356800 112.456800 94.000000 23.000000
V 462.679200 26.030160 50.000000 31.000000
V 382.629600 12.499920 94.000000 25.000000
V 76.888800 388.562400 43.000000 30.000000
V 501.084000 243.468000 12.000000 12.000000
V 505.238400 71.179920 87.000000 25.000000
V 569.318400 505.663200 100.000000 23.000000
V 108.705600 263.066400 137.000000 25.000000
V 657.482400 334.497600 50.000000 26.000000
V 371.037600 314.863200 73.000000 27.000000
V 113.947200 136.440000 48.000000 31.000000
V 124.171200 438.703200 121.000000 24.000000
V 173.217600 555.868800 51.000000 26.000000
V 152.611200 495.734400 92.000000 27.000000
V 505.202400 598.867200 43.000000 30.000000
V 540.345600 550.094400 118.000000 28.000000
V 221.356800 336.556800 12.000000 12.000000
V 626.846400 143.978400 56.000000 24.000000
V 287.668800 444.204000 12.000000 12.000000
V 222.969600 591.897600 51.000000 30.000000
V 514.195200 375.242400 12.000000 12.000000
V 255.715200 212.839200 12.000000 12.000000
V 306.043200 576.403200 99.000000 28.000000
V 659.800800 210.218400 48.000000 31.000000
V 61.999920 313.063200 124.000000 25.000000
V 103.392000 199.224000 57.000000 24.000000
V 421.999200 446.061600 12.000000 12.000000
E 29 0
E 28 1
E 29 2
E 12 3
E 4 28
E 34 5
E 7 6
E 9 7
E 10 7
E 7 13
E 17 7
E 8 12
E 11 24
E 17 12
E 12 25
E 31 12
E 28 14
E 24 15
E 16 28
E 17 24
E 17 26
E 17 28
E 17 29
E 17 34
E 18 29
E 19 24
E 26 20
E 26 21
E 22 34
E 34 23
E 24 32
E 27 26
E 30 26
E 33 29
G R-HSA-917729.sbgn 22 23
V 52.500240 157.881600 105.000000 36.000000
V 932.616000 732.744000 51.000000 22.000000
V 194.767200 154.166400 12.000000 12.000000
V 606.967200 451.209600 12.000000 12.000000
V 182.916000 11.000160 61.000000 22.000000
V 702.230400 796.824000 51.000000 22.000000
V 782.568000 717.508800 12.000000 12.000000
V 928.584000 657.648000 41.000000 30.000000
V 453.254400 440.776800 59.000000 22.000000
V 882.432000 597.470400 40.000000 30.000000
V 802.872000 605.584800 51.000000 22.000000
V 382.557600 317.390400 12.000000 12.000000
V 522.612000 341.294400 103.000000 36.000000
V 902.952000 803.880000 51.000000 22.000000
V 762.336000 874.152000 115.000000 64.000000
V 708.739200 330.271200 62.000000 22.000000
V 335.469600 181.764000 100.000000 36.000000
V 242.373600 291.578400 56.000000 22.000000
V 643.377600 727.488000 51.000000 22.000000
V 655.970400 836.928000 64.000000 22.000000
V 841.320000 852.984000 27.000000 30.000000
V 676.929600 584.596800 106.000000 36.000000
E 0 2
E 6 1
E 2 4
E 2 16
E 17 2
E 3 8
E 12 3
E 15 3
E 3 21
E 6 5
E 6 7
E 9 6
E 6 10
E 6 13
E 6 14
E 6 18
E 19 6
E 6 20
E 21 6
E 8 11
E 11 12
E 16 11
E 11 17
G R-HSA-927802.sbgn 27 31
V 156.009600 752.112000 99.000000 38.000000
V 382.708800 46.537200 61.000000 24.000000
V 968.400000 144.360000 39.000000 29.000000
V 782.712000 205.264800 12.000000 12.000000
V 495.532800 433.663200 59.000000 26.000000
V 898.200000 761.832000 289.000000 45.000000
V 847.440000 14.500080 40.000000 29.000000
V 957.960000 633.081600 191.000000 27.000000
V 114.732000 669.628800 101.000000 29.000000
V 322.113600 603.086400 12.000000 12.000000
V 259.538400 60.723360 57.000000 27.000000
V 5.999976 344.628000 12.000000 12.000000
V 837.648000 412.689600 260.000000 29.000000
V 764.424000 616.989600 10.000000 10.000000
V 138.232800 185.119200 249.000000 44.000000
V 97.394400 532.656000 170.000000 31.000000
V 578.750400 168.076800 334.000000 29.000000
V 501.415200 1112.760000 290.000000 50.000000
V 239.623200 794.664000 107.000000 26.000000
V 373.132800 759.672000 201.000000 28.000000
V 560.952000 696.384000 101.000000 21.000000
V 295.444800 423.331200 57.000000 24.000000
V 717.984000 1060.272000 185.000000 39.000000
V 394.999200 432.784800 126.000000 41.000000
V 362.527200 238.543200 12.000000 12.000000
V 225.878400 400.903200 66.000000 26.000000
V 584.604000 914.544000 10.000000 10.000000
E 0 9
E 1 24
E 2 3
E 3 6
E 12 3
E 3 16
E 9 4
E 4 24
E 5 13
E 7 13
E 9 8
E 15 9
E 9 18
E 9 19
E 9 20
E 9 21
E 23 9
E 9 25
E 10 24
E 14 11
E 11 15
E 13 12
E 20 13
E 24 14
E 16 24
E 17 26
E 20 26
E 21 24
E 26 22
E 23 24
E 25 24
G R-HSA-9603798.sbgn 16 20
V 300.369600 132.696000 10.000000 10.000000
V 426.837600 423.432000 10.000000 10.000000
V 485.157600 369.734400 55.000000 27.000000
V 209.808000 469.353600 137.000000 26.000000
V 189.655200 49.909680 54.000000 28.000000
V 604.771200 155.743200 144.000000 29.000000
V 344.109600 480.124800 10.000000 10.000000
V 528.451200 12.409920 10.000000 10.000000
V 385.876800 13.000320 98.000000 26.000000
V 478.080000 240.487200 10.000000 10.000000
V 210.060000 333.007200 10.000000 10.000000
V 73.497600 329.594400 147.000000 43.000000
V 344.584800 277.747200 66.000000 34.000000
V 404.589600 563.349600 169.000000 27.000000
V 563.616000 497.203200 150.000000 41.000000
V 505.296000 118.238400 61.000000 30.000000
E 4 0
E 0 8
E 12 0
E 1 2
E 1 12
E 13 1
E 1 14
E 2 6
E 9 2
E 3 6
E 10 3
E 7 5
E 5 9
E 6 13
E 8 7
E 15 7
E 9 12
E 9 15
E 11 10
E 12 10
G R-HSA-9609523.sbgn 24 29
V 241.682400 604.836000 141.000000 38.000000
V 433.663200 11.499840 210.000000 23.000000
V 97.941600 489.621600 156.000000 38.000000
V 414.223200 470.937600 10.000000 10.000000
V 94.982400 390.686400 26.000000 30.000000
V 413.172000 154.850400 10.000000 10.000000
V 188.114400 207.734400 10.000000 10.000000
V 567.756000 371.822400 10.000000 10.000000
V 278.301600 247.485600 103.000000 25.000000
V 708.919200 324.806400 245.000000 43.000000
V 290.966400 514.094400 214.000000 38.000000
V 303.055200 328.240800 232.000000 26.000000
V 727.416000 739.728000 162.000000 35.000000
V 599.083200 672.523200 10.000000 10.000000
V 475.156800 787.248000 173.000000 38.000000
V 410.306400 380.426400 132.000000 24.000000
V 747.576000 639.972000 42.000000 30.000000
V 559.396800 516.542400 133.000000 24.000000
V 554.436000 219.513600 295.000000 29.000000
V 334.015200 734.544000 10.000000 10.000000
V 645.328800 815.544000 40.000000 30.000000
V 475.617600 726.048000 93.000000 26.000000
V 83.498400 115.394400 167.000000 29.000000
V 239.853600 422.596800 12.000000 12.000000
E 0 19
E 23 0
E 1 5
E 2 23
E 3 10
E 11 3
E 15 3
E 17 3
E 23 4
E 8 5
E 5 18
E 8 6
E 6 11
E 22 6
E 7 9
E 15 7
E 17 7
E 18 7
E 23 8
E 10 23
E 13 12
E 14 13
E 13 16
E 13 17
E 20 13
E 13 21
E 19 14
E 23 15
E 21 19
G R-HSA-9613354.sbgn 16 16
V 386.978400 456.940800 134.000000 37.000000
V 557.294400 480.441600 41.000000 30.000000
V 411.631200 101.318400 12.000000 12.000000
V 140.032800 493.286400 10.000000 10.000000
V 310.226400 318.614400 104.000000 22.000000
V 489.340800 524.448000 168.000000 42.000000
V 112.226400 579.067200 110.000000 22.000000
V 568.389600 399.520800 40.000000 30.000000
V 402.976800 186.091200 111.000000 36.000000
V 56.000160 460.454400 112.000000 50.000000
V 302.248800 413.697600 10.000000 10.000000
V 409.089600 18.000000 99.000000 36.000000
V 394.948800 275.932800 12.000000 12.000000
V 468.943200 335.124000 126.000000 36.000000
V 220.932000 455.011200 128.000000 36.000000
V 479.880000 430.941600 12.000000 12.000000
E 10 0
E 0 15
E 15 1
E 8 2
E 2 11
E 6 3
E 9 3
E 3 14
E 4 10
E 12 4
E 5 15
E 7 15
E 12 8
E 14 10
E 13 12
E 15 13
G R-HSA-9614085.sbgn 39 43
V 71.501040 84.196800 12.000000 12.000000
V 469.288800 220.521600 59.000000 36.000000
V 227.404800 329.983200 49.000000 18.000000
V 249.069600 391.111200 12.000000 12.000000
V 910.800000 224.805600 45.000000 27.000000
V 544.831200 223.596000 12.000000 12.000000
V 804.672000 246.096000 10.000000 10.000000
V 892.440000 260.006400 12.000000 12.000000
V 348.782400 83.548800 63.000000 30.000000
V 385.128000 431.380800 43.000000 24.000000
V 345.765600 129.751200 57.000000 34.000000
V 62.593920 43.769520 56.000000 30.000000
V 380.966400 465.084000 238.000000 23.000000
V 156.211200 153.727200 52.000000 22.000000
V 618.242400 237.916800 12.000000 12.000000
V 160.848000 21.000240 100.000000 42.000000
V 694.476000 192.276000 53.000000 22.000000
V 232.358400 457.156800 43.000000 22.000000
V 165.866400 205.776000 63.000000 30.000000
V 190.440000 421.632000 93.000000 33.000000
V 179.092800 380.628000 47.000000 22.000000
V 225.907200 214.459200 41.000000 25.000000
V 876.240000 308.649600 51.000000 22.000000
V 339.120000 237.880800 12.000000 12.000000
V 22.999680 129.888000 46.000000 27.000000
V 548.798400 155.836800 91.000000 27.000000
V 778.896000 275.148000 199.000000 29.000000
V 609.717600 208.872000 63.000000 30.000000
V 471.679200 272.404800 257.000000 41.000000
V 257.090400 252.972000 136.000000 36.000000
V 639.835200 269.092800 63.000000 30.000000
V 863.784000 189.792000 46.000000 27.000000
V 181.648800 117.698400 255.000000 34.000000
V 23.306400 80.294400 45.000000 27.000000
V 728.568000 314.668800 67.000000 34.000000
V 230.724000 162.273600 12.000000 12.000000
V 952.776000 291.024000 42.000000 22.000000
V 959.112000 348.688800 100.000000 42.000000
V 175.017600 266.536800 12.000000 12.000000
E 11 0
E 0 13
E 0 15
E 24 0
E 32 0
E 0 33
E 5 1
E 1 23
E 3 2
E 2 38
E 9 3
E 12 3
E 17 3
E 3 19
E 3 20
E 7 4
E 5 25
E 5 27
E 28 5
E 30 5
E 16 6
E 22 6
E 6 34
E 7 22
E 26 7
E 31 7
E 36 7
E 7 37
E 35 8
E 10 35
E 13 35
E 14 16
E 14 26
E 14 27
E 30 14
E 34 14
E 18 35
E 21 35
E 21 38
E 23 28
E 29 23
E 38 29
E 35 32
G R-HSA-9614657.sbgn 22 24
V 45.499680 11.000160 91.000000 22.000000
V 234.748800 292.046400 68.000000 47.000000
V 187.012800 211.701600 10.000000 10.000000
V 643.492800 641.116800 48.000000 51.000000
V 798.696000 728.640000 63.000000 36.000000
V 96.760800 177.588000 148.000000 35.000000
V 276.523200 378.900000 10.000000 10.000000
V 487.584000 395.164800 62.000000 22.000000
V 621.633600 541.706400 12.000000 12.000000
V 374.076000 397.440000 149.000000 50.000000
V 687.456000 462.520800 39.000000 22.000000
V 221.709600 463.939200 133.000000 36.000000
V 733.176000 667.814400 10.000000 10.000000
V 189.712800 115.408800 76.000000 51.000000
V 708.458400 577.951200 71.000000 50.000000
V 261.820800 556.380000 10.000000 10.000000
V 173.152800 596.275200 45.000000 23.000000
V 246.045600 652.176000 56.000000 39.000000
V 363.204000 551.332800 78.000000 51.000000
V 525.816000 518.601600 47.000000 22.000000
V 100.245600 82.216800 12.000000 12.000000
V 435.060000 477.180000 12.000000 12.000000
E 20 0
E 1 2
E 1 6
E 2 5
E 13 2
E 3 8
E 3 12
E 4 12
E 5 20
E 6 9
E 11 6
E 21 7
E 8 10
E 14 8
E 19 8
E 9 21
E 15 11
E 12 14
E 13 20
E 16 15
E 17 15
E 18 15
E 18 21
E 19 21
G R-HSA-9617828.sbgn 34 39
V 159.055200 453.686400 10.000000 10.000000
V 175.435200 541.310400 73.000000 51.000000
V 643.874400 146.347200 12.000000 12.000000
V 250.948800 153.921600 120.000000 36.000000
V 565.941600 271.908000 12.000000 12.000000
V 50.829120 618.631200 80.000000 34.000000
V 274.161600 72.720000 12.000000 12.000000
V 547.588800 393.552000 10.000000 10.000000
V 270.640800 265.795200 12.000000 12.000000
V 728.424000 150.861600 141.000000 27.000000
V 87.753600 413.316000 52.000000 22.000000
V 608.184000 338.400000 155.000000 52.000000
V 622.108800 217.526400 124.000000 38.000000
V 429.732000 301.896000 10.000000 10.000000
V 343.576800 430.423200 145.000000 36.000000
V 613.368000 438.940800 49.000000 22.000000
V 479.894400 251.056800 144.000000 39.000000
V 656.172000 571.276800 110.000000 68.000000
V 216.158400 217.108800 58.000000 22.000000
V 702.424800 221.176800 10.000000 10.000000
V 298.684800 362.707200 10.000000 10.000000
V 237.420000 11.000160 40.000000 22.000000
V 346.197600 290.808000 141.000000 22.000000
V 659.548800 73.591200 68.000000 23.000000
V 99.554400 568.807200 12.000000 12.000000
V 355.017600 117.165600 72.000000 51.000000
V 776.088000 240.062400 46.000000 22.000000
V 96.998400 490.773600 194.000000 34.000000
V 491.169600 326.433600 63.000000 51.000000
V 209.052000 406.764000 108.000000 37.000000
V 201.650400 275.155200 90.000000 51.000000
V 613.764000 514.396800 10.000000 10.000000
V 328.262400 204.804000 10.000000 10.000000
V 544.795200 474.465600 159.000000 33.000000
E 1 0
E 10 0
E 0 27
E 29 0
E 1 24
E 9 2
E 12 2
E 2 23
E 3 6
E 32 3
E 11 4
E 4 12
E 16 4
E 28 4
E 24 5
E 6 21
E 25 6
E 7 11
E 15 7
E 28 7
E 33 7
E 8 18
E 22 8
E 30 8
E 19 9
E 12 19
E 13 16
E 22 13
E 28 13
E 20 14
E 15 31
E 31 17
E 26 19
E 22 20
E 29 20
E 22 32
E 27 24
E 25 32
E 33 31
G R-HSA-9634285.sbgn 17 16
V 222.451200 177.487200 40.000000 30.000000
V 101.016000 287.532000 10.000000 10.000000
V 177.516000 262.533600 127.000000 54.000000
V 103.212000 356.400000 42.000000 22.000000
V 428.918400 265.226400 64.000000 35.000000
V 319.147200 225.309600 100.000000 79.000000
V 451.080000 30.819600 43.000000 19.000000
V 556.048800 74.181600 38.000000 48.000000
V 60.590880 232.855200 56.000000 22.000000
V 255.081600 239.551200 12.000000 12.000000
V 495.619200 85.730400 12.000000 12.000000
V 43.999920 307.339200 88.000000 43.000000
V 547.387200 133.488000 36.000000 18.000000
V 442.029600 138.780000 130.000000 78.000000
V 264.657600 312.696000 42.000000 30.000000
V 391.975200 205.135200 10.000000 10.000000
V 508.298400 23.999760 41.000000 48.000000
E 0 9
E 1 2
E 3 1
E 8 1
E 11 1
E 2 9
E 4 15
E 9 5
E 5 15
E 10 6
E 10 7
E 9 14
E 12 10
E 13 10
E 16 10
E 15 13
G R-HSA-9634597.sbgn 39 38
V 287.992800 338.983200 121.000000 51.000000
V 506.052000 694.569600 12.000000 12.000000
V 364.428000 505.224000 12.000000 12.000000
V 510.818400 741.168000 112.000000 51.000000
V 522.158400 161.553600 133.000000 37.000000
V 156.081600 690.998400 62.000000 23.000000
V 58.500000 691.747200 117.000000 65.000000
V 314.035200 723.456000 121.000000 23.000000
V 352.764000 559.425600 100.000000 23.000000
V 419.968800 70.282080 12.000000 12.000000
V 447.249600 231.004800 90.000000 37.000000
V 301.096800 398.023200 125.000000 51.000000
V 555.868800 835.344000 124.000000 51.000000
V 426.153600 18.499680 111.000000 37.000000
V 130.557600 720.432000 10.000000 10.000000
V 440.208000 647.647200 118.000000 65.000000
V 517.932000 294.883200 86.000000 23.000000
V 226.310400 694.821600 12.000000 12.000000
V 441.583200 184.262400 12.000000 12.000000
V 201.938400 722.016000 40.000000 23.000000
V 333.993600 612.727200 10.000000 10.000000
V 428.558400 123.523200 128.000000 23.000000
V 430.632000 333.756000 48.000000 31.000000
V 332.157600 645.026400 82.000000 23.000000
V 550.699200 779.760000 10.000000 10.000000
V 376.567200 314.236800 40.000000 31.000000
V 530.690400 640.605600 42.000000 31.000000
V 461.887200 286.581600 10.000000 10.000000
V 608.968800 783.576000 47.000000 31.000000
V 435.974400 399.175200 34.000000 31.000000
V 305.244000 759.672000 101.000000 23.000000
V 97.884000 767.880000 113.000000 51.000000
V 148.838400 648.777600 40.000000 31.000000
V 291.794400 495.050400 115.000000 37.000000
V 540.583200 679.687200 41.000000 31.000000
V 376.545600 450.028800 111.000000 37.000000
V 230.565600 652.996800 105.000000 37.000000
V 224.748000 757.008000 41.000000 31.000000
V 389.332800 393.847200 12.000000 12.000000
E 0 38
E 3 1
E 1 15
E 1 26
E 34 1
E 8 2
E 33 2
E 2 35
E 24 3
E 18 4
E 5 14
E 17 5
E 14 6
E 7 17
E 20 8
E 9 13
E 21 9
E 10 18
E 27 10
E 11 38
E 12 24
E 31 14
E 15 20
E 16 27
E 19 17
E 30 17
E 32 17
E 36 17
E 17 37
E 18 21
E 20 23
E 20 36
E 22 27
E 38 22
E 28 24
E 25 38
E 38 29
E 35 38
G R-HSA-9635486.sbgn 20 19
V 627.199200 398.109600 101.000000 22.000000
V 729.720000 277.070400 43.000000 30.000000
V 122.378400 75.304800 31.000000 30.000000
V 40.898880 238.953600 61.000000 30.000000
V 104.169600 304.128000 113.000000 36.000000
V 498.700800 479.613600 128.000000 22.000000
V 537.782400 126.892800 10.000000 10.000000
V 379.519200 204.472800 10.000000 10.000000
V 693.734400 201.729600 31.000000 30.000000
V 626.774400 49.975920 113.000000 36.000000
V 528.775200 11.000160 113.000000 22.000000
V 143.935200 192.772800 12.000000 12.000000
V 614.160000 284.306400 12.000000 12.000000
V 496.116000 244.591200 53.000000 22.000000
V 700.948800 362.203200 48.000000 22.000000
V 366.451200 92.786400 38.000000 22.000000
V 261.043200 205.999200 83.000000 22.000000
V 49.000320 133.358400 98.000000 22.000000
V 461.354400 362.383200 10.000000 10.000000
V 385.185600 449.956800 83.000000 22.000000
E 0 12
E 1 12
E 11 2
E 3 11
E 4 11
E 18 5
E 6 9
E 10 6
E 13 6
E 13 7
E 15 7
E 7 16
E 12 8
E 16 11
E 11 17
E 13 12
E 12 14
E 13 18
E 19 18
G R-HSA-9638482.sbgn 40 41
V 248.968800 339.199200 42.000000 35.000000
V 576.720000 363.736800 86.000000 31.000000
V 460.152000 588.024000 25.000000 25.000000
V 197.100000 171.302400 41.000000 34.000000
V 529.185600 193.550400 88.000000 27.000000
V 26.449920 127.634400 46.000000 31.000000
V 259.027200 16.999920 40.000000 34.000000
V 115.408800 37.381680 32.000000 23.000000
V 675.237600 228.679200 101.000000 223.000000
V 583.488000 262.749600 12.000000 12.000000
V 183.578400 272.008800 12.000000 12.000000
V 199.432800 367.516800 41.000000 27.000000
V 533.865600 52.350480 30.000000 25.000000
V 263.325600 420.242400 10.000000 10.000000
V 652.586400 455.436000 29.000000 23.000000
V 73.476000 42.041520 31.000000 31.000000
V 235.072800 275.320800 39.000000 31.000000
V 620.913600 507.189600 43.000000 31.000000
V 42.387840 169.070400 39.000000 31.000000
V 258.811200 136.900800 57.000000 31.000000
V 481.824000 28.265760 58.000000 26.000000
V 229.579200 57.532320 31.000000 31.000000
V 386.064000 115.012800 76.000000 33.000000
V 329.076000 463.456800 42.000000 34.000000
V 549.568800 98.287200 27.000000 25.000000
V 109.807200 265.291200 23.000000 19.000000
V 493.538400 476.841600 47.000000 31.000000
V 40.500000 81.057600 81.000000 31.000000
V 475.106400 118.339200 12.000000 12.000000
V 112.428000 122.205600 12.000000 12.000000
V 409.176000 482.083200 12.000000 12.000000
V 336.729600 52.559280 44.000000 28.000000
V 306.568800 16.542000 39.000000 28.000000
V 95.976000 304.581600 55.000000 23.000000
V 133.862400 339.609600 38.000000 31.000000
V 568.476000 441.720000 12.000000 12.000000
V 401.608800 612.172800 76.000000 232.000000
V 322.322400 155.030400 54.000000 31.000000
V 285.991200 105.408000 12.000000 12.000000
V 343.072800 590.896800 25.000000 25.000000
E 0 10
E 13 0
E 9 1
E 1 35
E 30 2
E 10 3
E 3 29
E 3 38
E 4 9
E 28 4
E 29 5
E 38 6
E 7 29
E 8 9
E 10 11
E 16 10
E 10 25
E 33 10
E 10 34
E 11 13
E 28 12
E 23 13
E 35 14
E 15 29
E 17 35
E 18 29
E 19 38
E 20 28
E 38 21
E 22 28
E 38 22
E 30 23
E 24 28
E 26 30
E 35 26
E 29 27
E 36 30
E 39 30
E 31 38
E 32 38
E 38 37
G R-HSA-9638737.sbgn 23 26
V 499.161600 90.590400 70.000000 23.000000
V 265.536000 126.424800 70.000000 39.000000
V 58.839840 20.499840 72.000000 41.000000
V 36.000000 353.937600 72.000000 33.000000
V 169.459200 201.952800 106.000000 231.000000
V 224.020800 507.664800 72.000000 41.000000
V 198.410400 341.028000 31.000000 31.000000
V 523.612800 170.683200 10.000000 10.000000
V 186.278400 370.548000 12.000000 12.000000
V 447.847200 162.900000 97.000000 41.000000
V 166.507200 631.584000 12.000000 12.000000
V 120.506400 72.360000 12.000000 12.000000
V 597.168000 148.608000 50.000000 31.000000
V 118.620000 501.069600 117.000000 233.000000
V 465.940800 219.312000 53.000000 31.000000
V 398.858400 212.148000 10.000000 10.000000
V 147.189600 685.648800 69.000000 37.000000
V 335.311200 231.775200 86.000000 42.000000
V 241.819200 347.227200 31.000000 31.000000
V 556.761600 244.411200 63.000000 31.000000
V 593.467200 205.372800 31.000000 31.000000
V 566.164800 103.651200 48.000000 31.000000
V 251.092800 245.556000 12.000000 12.000000
E 7 0
E 1 11
E 22 1
E 11 2
E 3 8
E 4 11
E 4 22
E 8 5
E 5 10
E 8 6
E 22 6
E 9 7
E 7 12
E 14 7
E 19 7
E 7 20
E 21 7
E 13 8
E 18 8
E 15 9
E 13 10
E 10 16
E 14 15
E 17 15
E 17 22
E 18 22
G R-HSA-9645460.sbgn 30 32
V 112.132800 430.999200 40.000000 30.000000
V 622.152000 81.864000 38.000000 30.000000
V 232.502400 405.849600 10.000000 10.000000
V 270.000000 374.832000 131.000000 36.000000
V 752.832000 301.370400 73.000000 22.000000
V 589.586400 338.630400 12.000000 12.000000
V 113.558400 531.957600 10.000000 10.000000
V 749.160000 262.051200 111.000000 36.000000
V 620.042400 288.784800 131.000000 64.000000
V 569.844000 27.954000 39.000000 30.000000
V 409.003200 397.036800 131.000000 50.000000
V 206.589600 436.860000 131.000000 36.000000
V 649.771200 358.236000 25.000000 22.000000
V 402.422400 359.006400 10.000000 10.000000
V 138.780000 555.969600 124.000000 22.000000
V 477.223200 50.999760 130.000000 102.000000
V 151.027200 579.988800 10.000000 10.000000
V 169.430400 468.871200 12.000000 12.000000
V 37.499760 508.514400 75.000000 24.000000
V 575.690400 114.429600 12.000000 12.000000
V 585.662400 179.719200 124.000000 102.000000
V 148.572000 500.889600 131.000000 36.000000
V 243.907200 507.088800 41.000000 30.000000
V 341.042400 343.836000 10.000000 10.000000
V 480.967200 335.836800 131.000000 50.000000
V 367.286400 319.824000 47.000000 22.000000
V 190.670400 619.696800 94.000000 30.000000
V 112.248000 586.015200 46.000000 22.000000
V 683.928000 333.864000 10.000000 10.000000
V 634.147200 243.770400 10.000000 10.000000
E 0 17
E 1 19
E 2 3
E 11 2
E 3 23
E 28 4
E 4 29
E 5 8
E 12 5
E 24 5
E 14 6
E 18 6
E 6 21
E 7 29
E 8 28
E 8 29
E 19 9
E 10 13
E 23 10
E 17 11
E 12 28
E 13 24
E 25 13
E 16 14
E 19 15
E 26 16
E 27 16
E 21 17
E 17 22
E 20 19
E 29 20
E 25 23
G R-HSA-9646399.sbgn 37 38
V 555.314400 449.632800 10.000000 10.000000
V 1106.856000 35.731440 10.000000 10.000000
V 318.348000 578.916000 140.000000 70.000000
V 443.512800 366.919200 10.000000 10.000000
V 796.032000 194.436000 10.000000 10.000000
V 386.971200 170.992800 133.000000 38.000000
V 796.104000 161.402400 187.000000 40.000000
V 838.944000 94.370400 174.000000 38.000000
V 1170.648000 94.960800 121.000000 36.000000
V 354.614400 289.864800 10.000000 10.000000
V 546.530400 136.922400 122.000000 40.000000
V 449.481600 203.450400 10.000000 10.000000
V 1018.080000 67.245840 168.000000 37.000000
V 576.230400 417.276000 114.000000 36.000000
V 526.442400 203.630400 125.000000 40.000000
V 689.968800 222.688800 186.000000 42.000000
V 409.579200 328.377600 128.000000 51.000000
V 380.296800 459.734400 10.000000 10.000000
V 370.447200 412.927200 130.000000 66.000000
V 109.123200 573.501600 194.000000 67.000000
V 276.098400 263.052000 87.000000 36.000000
V 922.248000 19.000080 138.000000 38.000000
V 89.524800 517.608000 10.000000 10.000000
V 1273.680000 142.365600 84.000000 22.000000
V 323.892000 628.351200 12.000000 12.000000
V 1131.408000 11.730240 104.000000 22.000000
V 446.767200 512.632800 87.000000 36.000000
V 261.554400 492.933600 184.000000 78.000000
V 300.218400 223.243200 91.000000 22.000000
V 1291.176000 70.603200 104.000000 37.000000
V 1272.816000 117.849600 10.000000 10.000000
V 583.322400 505.843200 161.000000 70.000000
V 45.000000 493.596000 90.000000 22.000000
V 435.225600 263.131200 135.000000 63.000000
V 552.873600 170.373600 10.000000 10.000000
V 873.792000 56.985120 10.000000 10.000000
V 822.456000 127.404000 12.000000 12.000000
E 0 13
E 0 26
E 27 0
E 0 31
E 8 1
E 1 12
E 25 1
E 17 2
E 2 24
E 13 3
E 16 3
E 3 18
E 6 4
E 4 15
E 5 11
E 36 6
E 35 7
E 7 36
E 30 8
E 9 16
E 9 20
E 9 28
E 33 9
E 34 10
E 14 11
E 11 33
E 12 35
E 34 14
E 15 34
E 18 17
E 26 17
E 19 22
E 24 19
E 21 35
E 22 27
E 32 22
E 23 30
E 29 30
G R-HSA-9648002.sbgn 28 33
V 25.999920 410.270400 52.000000 22.000000
V 370.245600 115.322400 40.000000 30.000000
V 385.437600 211.068000 12.000000 12.000000
V 668.390400 301.593600 54.000000 26.000000
V 731.952000 176.508000 10.000000 10.000000
V 492.228000 117.655200 12.000000 12.000000
V 493.416000 20.000160 93.000000 40.000000
V 764.280000 268.941600 118.000000 49.000000
V 194.853600 404.035200 120.000000 36.000000
V 450.475200 320.961600 10.000000 10.000000
V 485.784000 219.225600 123.000000 33.000000
V 112.536000 441.396000 10.000000 10.000000
V 641.289600 143.179200 124.000000 50.000000
V 658.116000 458.431200 124.000000 36.000000
V 355.600800 309.218400 108.000000 45.000000
V 318.232800 141.040800 41.000000 30.000000
V 874.800000 299.541600 87.000000 41.000000
V 299.786400 202.327200 82.000000 32.000000
V 651.578400 187.185600 67.000000 22.000000
V 82.584000 527.875200 106.000000 50.000000
V 481.982400 418.161600 107.000000 55.000000
V 793.440000 411.112800 96.000000 38.000000
V 533.196000 305.136000 96.000000 44.000000
V 275.097600 362.289600 12.000000 12.000000
V 710.157600 372.290400 10.000000 10.000000
V 587.599200 235.058400 12.000000 12.000000
V 562.284000 474.588000 12.000000 12.000000
V 775.368000 324.784800 10.000000 10.000000
E 0 11
E 1 2
E 10 2
E 2 14
E 2 15
E 17 2
E 3 24
E 25 3
E 3 27
E 7 4
E 4 12
E 18 4
E 6 5
E 5 10
E 24 7
E 8 11
E 23 8
E 10 9
E 14 9
E 9 20
E 22 9
E 25 10
E 11 19
E 12 25
E 13 24
E 26 13
E 14 23
E 16 27
E 25 18
E 20 26
E 21 24
E 27 21
E 25 22
G R-HSA-9649948.sbgn 33 33
V 461.959200 80.690400 75.000000 32.000000
V 655.682400 68.016240 62.000000 48.000000
V 910.656000 1100.016000 10.000000 10.000000
V 183.650400 189.475200 10.000000 10.000000
V 931.536000 336.182400 40.000000 30.000000
V 1313.640000 1037.160000 137.000000 64.000000
V 130.924800 23.937120 76.000000 38.000000
V 1120.176000 653.407200 49.000000 22.000000
V 1025.136000 625.420800 125.000000 50.000000
V 1392.264000 1282.536000 40.000000 30.000000
V 974.016000 747.144000 10.000000 10.000000
V 1150.200000 793.584000 98.000000 61.000000
V 904.032000 1264.104000 151.000000 45.000000
V 1440.000000 741.240000 40.000000 30.000000
V 1074.672000 1176.336000 137.000000 62.000000
V 861.480000 594.849600 120.000000 64.000000
V 782.856000 436.586400 12.000000 12.000000
V 646.502400 521.373600 86.000000 46.000000
V 351.187200 226.288800 97.000000 78.000000
V 1261.800000 1367.280000 38.000000 30.000000
V 29.850480 154.936800 54.000000 26.000000
V 836.352000 787.608000 157.000000 64.000000
V 1475.136000 862.560000 40.000000 30.000000
V 1312.344000 858.960000 12.000000 12.000000
V 1247.976000 1200.024000 12.000000 12.000000
V 856.008000 296.690400 38.000000 30.000000
V 641.412000 331.293600 146.000000 70.000000
V 743.976000 1123.056000 125.000000 50.000000
V 558.273600 18.000000 131.000000 36.000000
V 63.499680 309.542400 127.000000 54.000000
V 774.936000 1216.080000 91.000000 35.000000
V 533.318400 198.338400 12.000000 12.000000
V 922.464000 922.320000 129.000000 22.000000
E 0 31
E 1 31
E 2 12
E 14 2
E 2 27
E 2 30
E 2 32
E 6 3
E 3 18
E 20 3
E 29 3
E 16 4
E 23 5
E 5 24
E 7 10
E 8 10
E 24 9
E 10 11
E 15 10
E 21 10
E 32 10
E 11 23
E 13 23
E 24 14
E 16 15
E 17 16
E 25 16
E 26 16
E 18 31
E 19 24
E 23 22
E 31 26
E 28 31
G R-HSA-9656223.sbgn 26 26
V 178.272000 540.122400 40.000000 30.000000
V 293.832000 460.339200 120.000000 64.000000
V 405.424800 104.227200 12.000000 12.000000
V 142.250400 164.361600 40.000000 30.000000
V 259.171200 269.150400 98.000000 61.000000
V 147.326400 775.008000 131.000000 36.000000
V 310.312800 357.062400 10.000000 10.000000
V 353.815200 587.073600 86.000000 46.000000
V 234.122400 177.357600 12.000000 12.000000
V 453.326400 187.149600 137.000000 62.000000
V 48.499920 698.184000 97.000000 78.000000
V 204.530400 344.318400 49.000000 22.000000
V 530.308800 355.845600 125.000000 50.000000
V 475.077600 46.183680 38.000000 30.000000
V 264.650400 553.255200 12.000000 12.000000
V 182.527200 104.191200 40.000000 30.000000
V 565.819200 305.337600 91.000000 35.000000
V 136.821600 687.355200 10.000000 10.000000
V 234.756000 388.389600 125.000000 50.000000
V 476.935200 284.889600 10.000000 10.000000
V 396.072000 14.999760 40.000000 30.000000
V 562.197600 248.673600 151.000000 45.000000
V 302.918400 633.074400 38.000000 30.000000
V 395.251200 335.721600 129.000000 22.000000
V 199.130400 624.031200 146.000000 70.000000
V 308.196000 118.864800 137.000000 64.000000
E 14 0
E 1 6
E 14 1
E 2 9
E 13 2
E 2 20
E 25 2
E 3 8
E 6 4
E 4 8
E 5 17
E 11 6
E 18 6
E 23 6
E 7 14
E 8 15
E 8 25
E 9 19
E 10 17
E 19 12
E 22 14
E 24 14
E 19 16
E 17 24
E 19 21
E 19 23
G R-HSA-9662360.sbgn 32 36
V 143.539200 688.752000 77.000000 41.000000
V 411.285600 73.749600 57.000000 44.000000
V 579.088800 166.838400 101.000000 44.000000
V 265.917600 473.745600 70.000000 42.000000
V 586.432800 382.456800 116.000000 64.000000
V 648.777600 209.851200 114.000000 26.000000
V 339.724800 22.000320 70.000000 44.000000
V 512.337600 493.603200 59.000000 27.000000
V 421.855200 152.424000 12.000000 12.000000
V 485.380800 437.385600 70.000000 44.000000
V 43.500240 583.603200 87.000000 52.000000
V 268.783200 337.723200 12.000000 12.000000
V 204.170400 401.788800 169.000000 56.000000
V 119.476800 345.744000 62.000000 40.000000
V 382.032000 411.055200 12.000000 12.000000
V 664.416000 266.407200 138.000000 54.000000
V 246.772800 597.556800 12.000000 12.000000
V 358.761600 507.391200 64.000000 29.000000
V 190.281600 250.725600 63.000000 30.000000
V 302.673600 79.099200 66.000000 46.000000
V 221.047200 686.080800 62.000000 40.000000
V 188.128800 54.874080 147.000000 47.000000
V 390.117600 276.069600 74.000000 48.000000
V 527.083200 83.937600 64.000000 42.000000
V 441.820800 539.136000 86.000000 48.000000
V 316.087200 163.706400 12.000000 12.000000
V 532.310400 274.312800 12.000000 12.000000
V 174.384000 121.917600 68.000000 46.000000
V 487.843200 23.880960 80.000000 42.000000
V 661.989600 323.431200 70.000000 38.000000
V 169.560000 555.861600 12.000000 12.000000
V 116.848800 295.740000 70.000000 44.000000
E 0 16
E 8 1
E 25 1
E 26 2
E 11 3
E 3 14
E 3 16
E 3 30
E 4 26
E 5 26
E 8 6
E 25 6
E 7 14
E 8 19
E 22 8
E 23 8
E 28 8
E 9 14
E 10 30
E 12 11
E 13 11
E 18 11
E 11 22
E 31 11
E 17 14
E 14 22
E 24 14
E 26 15
E 16 20
E 25 19
E 30 20
E 21 25
E 22 25
E 22 26
E 27 25
E 26 29
G R-HSA-9662361.sbgn 30 32
V 87.580800 760.968000 47.000000 48.000000
V 454.953600 787.608000 12.000000 12.000000
V 59.508000 673.826400 64.000000 44.000000
V 159.170400 804.672000 63.000000 50.000000
V 943.416000 875.160000 96.000000 32.000000
V 391.291200 137.368800 10.000000 10.000000
V 265.161600 372.218400 64.000000 44.000000
V 741.096000 563.889600 146.000000 30.000000
V 481.168800 14.999760 140.000000 30.000000
V 158.335200 529.761600 58.000000 46.000000
V 932.400000 757.584000 94.000000 70.000000
V 530.222400 1143.720000 94.000000 42.000000
V 620.740800 823.392000 64.000000 42.000000
V 551.174400 665.496000 12.000000 12.000000
V 567.288000 985.104000 12.000000 12.000000
V 695.620800 505.015200 332.000000 43.000000
V 639.871200 957.456000 12.000000 12.000000
V 217.123200 662.306400 12.000000 12.000000
V 377.704800 636.206400 64.000000 50.000000
V 796.248000 843.696000 12.000000 12.000000
V 504.662400 556.516800 60.000000 44.000000
V 368.589600 460.252800 12.000000 12.000000
V 342.921600 897.912000 78.000000 42.000000
V 472.860000 934.920000 60.000000 44.000000
V 691.452000 1112.976000 78.000000 41.000000
V 76.500000 582.782400 153.000000 44.000000
V 406.555200 292.356000 140.000000 42.000000
V 878.904000 979.272000 88.000000 44.000000
V 280.620000 32.214960 62.000000 36.000000
V 698.443200 652.816800 64.000000 44.000000
E 17 0
E 12 1
E 18 1
E 22 1
E 1 23
E 17 2
E 17 3
E 19 4
E 8 5
E 5 26
E 28 5
E 6 21
E 7 13
E 9 17
E 10 19
E 11 14
E 13 12
E 12 14
E 12 16
E 12 19
E 15 13
E 13 18
E 20 13
E 29 13
E 14 23
E 16 23
E 24 16
E 18 17
E 25 17
E 21 18
E 19 27
E 26 21
G R-HSA-9664424.sbgn 25 26
V 235.692000 204.674400 10.000000 10.000000
V 275.637600 327.448800 63.000000 24.000000
V 186.710400 29.913840 47.000000 22.000000
V 131.032800 440.985600 10.000000 10.000000
V 193.809600 261.439200 46.000000 22.000000
V 60.829200 248.565600 78.000000 51.000000
V 236.232000 73.065600 10.000000 10.000000
V 260.136000 11.000160 69.000000 22.000000
V 146.412000 627.170400 40.000000 30.000000
V 317.224800 194.162400 137.000000 22.000000
V 81.187200 191.815200 94.000000 22.000000
V 189.352800 404.445600 43.000000 22.000000
V 157.665600 564.739200 12.000000 12.000000
V 410.911200 143.287200 128.000000 36.000000
V 229.521600 462.938400 10.000000 10.000000
V 215.373600 532.130400 79.000000 26.000000
V 376.430400 81.367200 128.000000 36.000000
V 119.937600 509.306400 33.000000 22.000000
V 58.999680 441.086400 118.000000 22.000000
V 126.900000 240.141600 12.000000 12.000000
V 209.757600 334.101600 10.000000 10.000000
V 263.887200 136.612800 83.000000 35.000000
V 332.877600 133.977600 12.000000 12.000000
V 300.031200 493.113600 115.000000 36.000000
V 265.305600 362.721600 90.000000 23.000000
E 4 0
E 0 9
E 21 0
E 1 20
E 2 6
E 11 3
E 17 3
E 3 18
E 19 4
E 4 20
E 5 19
E 7 6
E 6 21
E 8 12
E 9 22
E 10 19
E 14 11
E 11 20
E 12 15
E 17 12
E 13 22
E 14 15
E 23 14
E 22 16
E 20 24
E 22 21
G R-HSA-9664565.sbgn 20 23
V 478.821600 96.444000 141.000000 39.000000
V 519.033600 237.024000 12.000000 12.000000
V 395.272800 99.144000 10.000000 10.000000
V 166.132800 314.179200 127.000000 54.000000
V 494.740800 175.269600 41.000000 48.000000
V 350.200800 155.656800 64.000000 35.000000
V 373.406400 31.999680 104.000000 64.000000
V 298.936800 279.590400 100.000000 79.000000
V 243.655200 333.136800 12.000000 12.000000
V 568.850400 176.702400 43.000000 19.000000
V 89.625600 317.584800 10.000000 10.000000
V 440.006400 260.186400 130.000000 78.000000
V 539.409600 140.292000 12.000000 12.000000
V 558.648000 204.494400 36.000000 18.000000
V 281.304000 399.009600 42.000000 30.000000
V 361.951200 229.881600 10.000000 10.000000
V 36.892800 270.460800 42.000000 22.000000
V 552.052800 245.527200 38.000000 48.000000
V 43.999920 369.266400 88.000000 43.000000
V 224.769600 398.959200 40.000000 30.000000
E 2 0
E 0 12
E 4 1
E 1 9
E 11 1
E 13 1
E 1 17
E 5 2
E 6 2
E 3 8
E 10 3
E 4 12
E 5 15
E 8 7
E 7 15
E 8 14
E 19 8
E 12 9
E 16 10
E 18 10
E 15 11
E 13 12
E 12 17
G R-HSA-9664873.sbgn 38 39
V 432.439200 509.911200 12.000000 12.000000
V 492.242400 459.792000 57.000000 35.000000
V 383.004000 681.912000 165.000000 31.000000
V 344.116800 839.160000 154.000000 52.000000
V 473.371200 653.385600 10.000000 10.000000
V 293.810400 1138.896000 115.000000 58.000000
V 46.000080 51.515280 92.000000 22.000000
V 605.095200 974.448000 130.000000 22.000000
V 141.566400 143.604000 126.000000 22.000000
V 344.829600 608.738400 10.000000 10.000000
V 254.059200 831.744000 10.000000 10.000000
V 213.868800 346.960800 10.000000 10.000000
V 295.840800 472.989600 12.000000 12.000000
V 283.572000 300.060000 96.000000 30.000000
V 434.952000 778.608000 120.000000 24.000000
V 553.039200 660.304800 46.000000 22.000000
V 152.640000 11.000160 96.000000 22.000000
V 184.248000 1090.872000 96.000000 22.000000
V 346.644000 527.104800 130.000000 37.000000
V 131.882400 364.982400 122.000000 36.000000
V 164.520000 793.008000 153.000000 81.000000
V 256.507200 414.957600 111.000000 50.000000
V 174.981600 277.668000 105.000000 53.000000
V 567.043200 1044.792000 154.000000 65.000000
V 442.353600 940.464000 142.000000 69.000000
V 163.512000 209.376000 12.000000 12.000000
V 400.953600 568.569600 40.000000 26.000000
V 358.286400 913.392000 10.000000 10.000000
V 526.384800 978.912000 10.000000 10.000000
V 215.258400 1026.072000 12.000000 12.000000
V 484.970400 575.776800 112.000000 36.000000
V 361.951200 759.024000 10.000000 10.000000
V 142.941600 1031.184000 109.000000 25.000000
V 116.762400 76.514400 10.000000 10.000000
V 295.812000 993.024000 135.000000 38.000000
V 424.425600 1116.288000 130.000000 22.000000
V 171.518400 857.808000 130.000000 22.000000
V 337.039200 1064.808000 10.000000 10.000000
E 1 0
E 0 18
E 0 26
E 30 0
E 2 4
E 9 2
E 2 31
E 3 10
E 3 27
E 31 3
E 15 4
E 4 30
E 37 5
E 6 33
E 7 28
E 8 25
E 33 8
E 18 9
E 26 9
E 10 20
E 36 10
E 13 11
E 19 11
E 11 21
E 22 11
E 12 18
E 21 12
E 14 31
E 16 33
E 17 29
E 25 22
E 28 23
E 27 24
E 24 28
E 34 27
E 32 29
E 29 34
E 34 37
E 35 37
G R-HSA-9665348.sbgn 38 42
V 431.172000 48.530160 38.000000 23.000000
V 655.056000 303.292800 40.000000 27.000000
V 43.999920 523.094400 88.000000 43.000000
V 298.771200 434.059200 100.000000 79.000000
V 505.360800 513.612000 36.000000 18.000000
V 414.288000 520.639200 130.000000 78.000000
V 444.772800 311.846400 10.000000 10.000000
V 529.567200 592.682400 38.000000 48.000000
V 199.000800 429.660000 42.000000 30.000000
V 472.809600 215.172000 96.000000 50.000000
V 573.854400 536.637600 41.000000 48.000000
V 461.462400 166.888800 10.000000 10.000000
V 499.982400 67.052880 12.000000 12.000000
V 566.467200 60.695280 81.000000 30.000000
V 488.786400 573.674400 12.000000 12.000000
V 409.420800 402.840000 64.000000 35.000000
V 551.440800 440.856000 141.000000 39.000000
V 403.228800 157.960800 58.000000 39.000000
V 488.296800 118.375200 96.000000 61.000000
V 494.524800 276.048000 10.000000 10.000000
V 589.744800 346.960800 12.000000 12.000000
V 245.541600 553.852800 40.000000 30.000000
V 646.120800 379.584000 103.000000 30.000000
V 560.829600 495.352800 12.000000 12.000000
V 166.989600 503.812800 127.000000 54.000000
V 480.672000 14.500080 63.000000 29.000000
V 391.449600 443.376000 10.000000 10.000000
V 565.812000 298.836000 112.000000 36.000000
V 101.023200 546.444000 10.000000 10.000000
V 543.384000 25.185600 39.000000 25.000000
V 484.927200 405.273600 10.000000 10.000000
V 553.867200 251.366400 50.000000 35.000000
V 90.878400 594.079200 42.000000 22.000000
V 501.494400 356.853600 104.000000 64.000000
V 667.483200 339.552000 42.000000 29.000000
V 234.741600 462.794400 12.000000 12.000000
V 400.557600 291.758400 54.000000 26.000000
V 518.882400 545.637600 43.000000 19.000000
E 12 0
E 1 20
E 2 28
E 3 26
E 35 3
E 4 14
E 4 23
E 5 14
E 26 5
E 6 27
E 33 6
E 36 6
E 14 7
E 23 7
E 35 8
E 9 11
E 19 9
E 10 14
E 10 23
E 17 11
E 11 18
E 12 13
E 18 12
E 25 12
E 29 12
E 14 37
E 15 26
E 15 30
E 16 23
E 30 16
E 31 19
E 33 19
E 20 22
E 27 20
E 20 33
E 20 34
E 21 35
E 23 37
E 28 24
E 24 35
E 32 28
E 33 30
G R-HSA-9665686.sbgn 20 23
V 38.891520 632.491200 41.000000 48.000000
V 253.843200 462.477600 64.000000 35.000000
V 163.396800 430.516800 10.000000 10.000000
V 113.292000 256.298400 12.000000 12.000000
V 286.711200 68.135760 42.000000 22.000000
V 158.781600 608.608800 38.000000 48.000000
V 48.893760 198.568800 42.000000 30.000000
V 171.813600 680.328000 12.000000 12.000000
V 170.611200 183.384000 127.000000 54.000000
V 172.612800 21.499920 88.000000 43.000000
V 206.488800 102.628800 10.000000 10.000000
V 93.780000 496.699200 130.000000 78.000000
V 294.602400 547.747200 10.000000 10.000000
V 382.046400 557.337600 104.000000 64.000000
V 78.717600 585.626400 12.000000 12.000000
V 256.356000 637.308000 141.000000 39.000000
V 142.531200 342.568800 100.000000 79.000000
V 84.643200 673.524000 36.000000 18.000000
V 20.000160 260.064000 40.000000 30.000000
V 121.435200 700.027200 43.000000 19.000000
E 0 7
E 0 14
E 1 2
E 1 12
E 2 11
E 16 2
E 3 6
E 8 3
E 3 16
E 18 3
E 4 10
E 7 5
E 14 5
E 15 7
E 17 7
E 7 19
E 10 8
E 9 10
E 11 14
E 13 12
E 12 15
E 17 14
E 14 19
G R-HSA-9670439.sbgn 33 33
V 206.841600 331.848000 12.000000 12.000000
V 181.432800 268.704000 102.000000 37.000000
V 273.211200 441.028800 10.000000 10.000000
V 112.701600 247.557600 10.000000 10.000000
V 239.889600 876.888000 87.000000 22.000000
V 203.320800 676.108800 62.000000 34.000000
V 148.586400 359.856000 39.000000 30.000000
V 338.558400 421.005600 37.000000 22.000000
V 233.308800 79.603200 12.000000 12.000000
V 90.237600 183.772800 111.000000 50.000000
V 366.897600 551.404800 100.000000 43.000000
V 150.235200 809.784000 88.000000 22.000000
V 446.760000 641.325600 107.000000 36.000000
V 267.235200 314.049600 34.000000 30.000000
V 167.342400 855.864000 42.000000 30.000000
V 233.870400 391.320000 96.000000 38.000000
V 237.427200 14.999760 41.000000 30.000000
V 312.847200 635.565600 103.000000 36.000000
V 224.704800 810.936000 12.000000 12.000000
V 186.573600 184.485600 45.000000 22.000000
V 228.664800 214.401600 10.000000 10.000000
V 158.832000 71.538480 110.000000 67.000000
V 303.580800 568.180800 10.000000 10.000000
V 380.246400 653.947200 10.000000 10.000000
V 265.960800 685.447200 10.000000 10.000000
V 49.000320 262.749600 98.000000 22.000000
V 250.164000 748.512000 116.000000 36.000000
V 103.024800 119.044800 12.000000 12.000000
V 270.165600 504.878400 84.000000 34.000000
V 295.228800 842.832000 41.000000 30.000000
V 261.784800 142.459200 103.000000 46.000000
V 294.328800 48.467520 40.000000 30.000000
V 425.786400 698.133600 71.000000 22.000000
E 0 1
E 0 6
E 13 0
E 15 0
E 3 1
E 1 20
E 7 2
E 2 15
E 28 2
E 9 3
E 3 25
E 18 4
E 5 24
E 8 16
E 8 21
E 30 8
E 31 8
E 27 9
E 10 22
E 11 18
E 23 12
E 18 14
E 17 22
E 17 23
E 17 24
E 26 18
E 29 18
E 19 20
E 20 30
E 21 27
E 22 28
E 32 23
E 24 26
G R-HSA-9673324.sbgn 36 35
V 61.500240 58.605840 123.000000 36.000000
V 166.975200 132.753600 78.000000 22.000000
V 26.219520 660.794400 45.000000 30.000000
V 88.747200 740.664000 60.000000 30.000000
V 256.168800 310.161600 12.000000 12.000000
V 210.794400 571.521600 10.000000 10.000000
V 188.114400 311.673600 41.000000 30.000000
V 99.460800 667.656000 12.000000 12.000000
V 217.526400 175.075200 10.000000 10.000000
V 648.604800 616.816800 100.000000 22.000000
V 47.770560 621.892800 59.000000 30.000000
V 272.066400 454.795200 10.000000 10.000000
V 306.129600 265.888800 40.000000 30.000000
V 647.143200 725.688000 40.000000 30.000000
V 420.148800 591.508800 91.000000 22.000000
V 218.080800 240.753600 120.000000 22.000000
V 672.242400 665.884800 41.000000 30.000000
V 594.504000 744.696000 30.000000 22.000000
V 136.051200 77.256000 10.000000 10.000000
V 33.712560 704.908800 34.000000 30.000000
V 388.980000 527.335200 50.000000 22.000000
V 161.049600 535.788000 98.000000 22.000000
V 144.784800 728.712000 36.000000 30.000000
V 330.199200 432.417600 69.000000 22.000000
V 364.089600 630.136800 41.000000 30.000000
V 150.278400 11.000160 39.000000 22.000000
V 481.449600 619.322400 12.000000 12.000000
V 315.561600 627.069600 40.000000 30.000000
V 272.793600 128.628000 47.000000 22.000000
V 541.152000 646.603200 91.000000 22.000000
V 328.946400 299.894400 101.000000 22.000000
V 257.392800 383.428800 128.000000 22.000000
V 276.170400 531.093600 105.000000 36.000000
V 158.709600 623.188800 123.000000 44.000000
V 345.355200 569.052000 12.000000 12.000000
V 604.843200 673.488000 12.000000 12.000000
E 0 18
E 1 8
E 18 1
E 7 2
E 7 3
E 4 6
E 12 4
E 15 4
E 30 4
E 4 31
E 21 5
E 32 5
E 5 33
E 10 7
E 19 7
E 7 22
E 33 7
E 8 15
E 28 8
E 35 9
E 23 11
E 31 11
E 11 32
E 13 35
E 14 26
E 34 14
E 35 16
E 17 35
E 25 18
E 20 34
E 34 24
E 26 29
E 27 34
E 29 35
E 32 34
G R-HSA-9673767.sbgn 20 19
V 361.216800 206.136000 134.000000 50.000000
V 399.981600 294.336000 10.000000 10.000000
V 20.499840 97.992000 41.000000 30.000000
V 265.651200 193.788000 10.000000 10.000000
V 136.778400 11.000160 91.000000 22.000000
V 485.265600 498.182400 86.000000 30.000000
V 109.180800 99.597600 12.000000 12.000000
V 500.155200 95.457600 80.000000 36.000000
V 428.443200 41.763600 105.000000 50.000000
V 63.270000 23.567760 40.000000 30.000000
V 191.008800 141.645600 134.000000 50.000000
V 344.181600 365.112000 34.000000 22.000000
V 619.776000 441.511200 40.000000 30.000000
V 560.052000 503.157600 39.000000 30.000000
V 213.364800 267.220800 56.000000 33.000000
V 471.045600 351.280800 134.000000 50.000000
V 611.589600 367.257600 74.000000 30.000000
V 45.933840 168.631200 89.000000 22.000000
V 534.088800 418.305600 12.000000 12.000000
V 418.392000 129.909600 10.000000 10.000000
E 0 1
E 0 3
E 0 19
E 11 1
E 1 15
E 6 2
E 3 10
E 14 3
E 4 6
E 18 5
E 9 6
E 10 6
E 6 17
E 7 19
E 19 8
E 18 12
E 13 18
E 15 18
E 16 18
G R-HSA-9673770.sbgn 26 25
V 239.688000 230.112000 40.000000 30.000000
V 412.588800 402.876000 10.000000 10.000000
V 445.629600 59.235840 135.000000 36.000000
V 551.858400 578.736000 89.000000 22.000000
V 255.412800 435.139200 10.000000 10.000000
V 42.999840 588.456000 86.000000 30.000000
V 469.440000 345.700800 56.000000 33.000000
V 392.119200 123.998400 12.000000 12.000000
V 181.288800 403.279200 34.000000 22.000000
V 658.699200 490.788000 41.000000 30.000000
V 274.730400 13.500000 94.000000 27.000000
V 97.502400 644.882400 40.000000 30.000000
V 325.411200 368.143200 131.000000 50.000000
V 571.226400 490.442400 12.000000 12.000000
V 167.824800 643.528800 39.000000 30.000000
V 635.090400 426.578400 91.000000 22.000000
V 262.058400 100.008000 10.000000 10.000000
V 182.455200 61.004880 140.000000 52.000000
V 197.676000 506.858400 133.000000 50.000000
V 126.518400 564.199200 12.000000 12.000000
V 46.513440 521.107200 74.000000 30.000000
V 320.976000 174.052800 112.000000 55.000000
V 227.995200 279.288000 41.000000 30.000000
V 308.786400 270.266400 12.000000 12.000000
V 624.384000 559.562400 40.000000 30.000000
V 487.620000 453.974400 136.000000 51.000000
E 0 23
E 6 1
E 12 1
E 1 25
E 2 7
E 13 3
E 8 4
E 12 4
E 4 18
E 19 5
E 7 21
E 13 9
E 10 16
E 19 11
E 23 12
E 15 13
E 24 13
E 25 13
E 14 19
E 16 17
E 21 16
E 18 19
E 20 19
E 21 23
E 23 22
G R-HSA-9692914.sbgn 30 30
V 456.660000 620.323200 12.000000 12.000000
V 943.272000 770.040000 129.000000 51.000000
V 292.017600 579.304800 124.000000 51.000000
V 721.800000 226.015200 97.000000 37.000000
V 927.288000 452.685600 135.000000 79.000000
V 773.352000 548.820000 12.000000 12.000000
V 358.084800 293.248800 124.000000 37.000000
V 711.280800 717.840000 130.000000 51.000000
V 730.224000 402.004800 12.000000 12.000000
V 512.625600 410.889600 10.000000 10.000000
V 844.848000 257.918400 133.000000 37.000000
V 361.792800 429.127200 105.000000 37.000000
V 962.208000 669.196800 51.000000 23.000000
V 576.021600 251.042400 69.000000 23.000000
V 624.492000 912.960000 129.000000 37.000000
V 578.685600 733.896000 12.000000 12.000000
V 904.032000 335.743200 25.000000 23.000000
V 66.499920 174.794400 133.000000 37.000000
V 789.264000 690.429600 10.000000 10.000000
V 770.976000 874.008000 122.000000 51.000000
V 443.469600 836.424000 39.000000 23.000000
V 232.538400 176.788800 10.000000 10.000000
V 961.056000 555.732000 60.000000 31.000000
V 869.904000 849.816000 40.000000 31.000000
V 288.367200 686.512800 25.000000 23.000000
V 214.840800 11.499840 101.000000 23.000000
V 349.243200 770.688000 130.000000 51.000000
V 515.959200 905.328000 72.000000 23.000000
V 488.520000 262.684800 64.000000 23.000000
V 626.738400 560.275200 33.000000 23.000000
E 0 2
E 0 24
E 26 0
E 29 0
E 18 1
E 8 3
E 5 4
E 7 5
E 5 22
E 29 5
E 6 9
E 6 21
E 7 15
E 10 8
E 8 16
E 29 8
E 9 11
E 13 9
E 28 9
E 29 9
E 12 18
E 15 14
E 15 20
E 27 15
E 29 15
E 21 17
E 19 18
E 23 18
E 29 18
E 25 21
G R-HSA-9707616.sbgn 39 57
V 494.892000 230.760000 104.000000 50.000000
V 731.520000 95.558400 87.000000 22.000000
V 24.315120 341.546400 36.000000 22.000000
V 413.344800 474.242400 51.000000 22.000000
V 749.880000 160.876800 128.000000 22.000000
V 70.464240 479.080800 42.000000 22.000000
V 23.999760 614.224800 48.000000 22.000000
V 565.423200 526.442400 51.000000 22.000000
V 462.679200 72.180000 132.000000 34.000000
V 684.849600 43.857360 72.000000 22.000000
V 588.765600 24.999840 104.000000 50.000000
V 80.676000 693.324000 121.000000 46.000000
V 609.292800 148.888800 12.000000 12.000000
V 249.278400 556.552800 133.000000 50.000000
V 577.476000 940.608000 47.000000 22.000000
V 666.914400 884.016000 124.000000 48.000000
V 373.017600 549.057600 10.000000 10.000000
V 471.744000 933.120000 130.000000 36.000000
V 357.652800 415.519200 10.000000 10.000000
V 639.468000 542.937600 12.000000 12.000000
V 513.316800 608.738400 10.000000 10.000000
V 606.902400 279.432000 104.000000 51.000000
V 137.649600 586.591200 12.000000 12.000000
V 264.952800 615.175200 80.000000 51.000000
V 246.859200 406.447200 80.000000 51.000000
V 81.813600 264.952800 55.000000 23.000000
V 571.809600 704.563200 132.000000 50.000000
V 548.438400 831.528000 12.000000 12.000000
V 263.563200 347.882400 133.000000 50.000000
V 676.051200 487.008000 83.000000 51.000000
V 137.102400 372.571200 12.000000 12.000000
V 757.296000 538.524000 124.000000 36.000000
V 660.384000 428.457600 91.000000 50.000000
V 584.618400 470.901600 10.000000 10.000000
V 716.990400 619.653600 129.000000 44.000000
V 431.064000 444.225600 51.000000 22.000000
V 489.412800 502.740000 85.000000 30.000000
V 458.244000 731.808000 79.000000 51.000000
V 504.144000 367.905600 10.000000 10.000000
E 0 12
E 38 0
E 1 12
E 2 30
E 3 16
E 3 18
E 3 20
E 3 33
E 3 38
E 4 12
E 5 22
E 5 30
E 22 6
E 7 16
E 7 18
E 19 7
E 7 20
E 7 33
E 7 38
E 8 12
E 12 9
E 10 12
E 11 22
E 21 12
E 16 13
E 13 22
E 27 14
E 15 27
E 23 16
E 35 16
E 36 16
E 17 27
E 24 18
E 18 28
E 35 18
E 36 18
E 29 19
E 31 19
E 32 19
E 34 19
E 20 26
E 35 20
E 36 20
E 37 20
E 21 38
E 23 22
E 24 30
E 30 25
E 26 27
E 37 27
E 28 30
E 29 33
E 33 32
E 35 33
E 36 33
E 35 38
E 36 38
G R-HSA-9710421.sbgn 15 14
V 549.900000 341.834400 48.000000 31.000000
V 584.388000 190.562400 12.000000 12.000000
V 613.533600 15.500160 48.000000 31.000000
V 65.499840 268.380000 131.000000 37.000000
V 728.568000 284.724000 128.000000 51.000000
V 130.924800 383.680800 61.000000 31.000000
V 90.871200 138.124800 129.000000 66.000000
V 401.486400 212.464800 90.000000 45.000000
V 515.973600 44.833680 110.000000 37.000000
V 190.548000 71.121600 82.000000 52.000000
V 706.845600 72.000000 117.000000 65.000000
V 226.944000 241.293600 12.000000 12.000000
V 242.704800 413.697600 61.000000 31.000000
V 751.824000 175.327200 49.000000 31.000000
V 649.526400 359.222400 48.000000 31.000000
E 0 1
E 2 1
E 1 4
E 7 1
E 8 1
E 10 1
E 13 1
E 14 1
E 3 11
E 11 5
E 11 6
E 7 11
E 9 11
E 12 11
G R-HSA-9715370.sbgn 23 24
V 431.424000 125.424000 12.000000 12.000000
V 614.102400 272.642400 39.000000 30.000000
V 178.812000 174.535200 89.000000 22.000000
V 678.542400 109.857600 110.000000 26.000000
V 340.077600 132.724800 71.000000 22.000000
V 538.387200 236.008800 12.000000 12.000000
V 421.156800 39.358080 42.000000 30.000000
V 470.167200 50.279040 40.000000 30.000000
V 222.249600 23.442480 42.000000 30.000000
V 635.371200 19.499760 107.000000 39.000000
V 44.976960 54.899280 28.000000 30.000000
V 101.469600 123.048000 12.000000 12.000000
V 596.440800 96.508800 10.000000 10.000000
V 543.333600 321.818400 28.000000 30.000000
V 76.284000 301.471200 110.000000 26.000000
V 521.294400 147.952800 92.000000 22.000000
V 271.260000 33.906960 40.000000 30.000000
V 457.596000 209.707200 90.000000 22.000000
V 173.973600 88.704000 79.000000 22.000000
V 21.499920 143.539200 43.000000 26.000000
V 150.998400 259.092000 10.000000 10.000000
V 251.229600 114.184800 12.000000 12.000000
V 160.228800 342.972000 114.000000 41.000000
E 4 0
E 0 6
E 7 0
E 0 15
E 17 0
E 1 5
E 2 11
E 2 20
E 21 2
E 3 12
E 4 21
E 5 13
E 15 5
E 5 17
E 21 8
E 12 9
E 11 10
E 11 18
E 19 11
E 15 12
E 14 20
E 16 21
E 18 21
E 20 22
G R-HSA-975155.sbgn 22 22
V 402.861600 845.640000 10.000000 10.000000
V 150.552000 708.062400 10.000000 10.000000
V 179.013600 390.679200 10.000000 10.000000
V 118.296000 785.880000 89.000000 22.000000
V 276.796800 19.000080 115.000000 38.000000
V 135.842400 563.198400 42.000000 30.000000
V 233.431200 232.048800 10.000000 10.000000
V 389.160000 673.560000 100.000000 47.000000
V 258.112800 96.638400 10.000000 10.000000
V 196.293600 154.684800 124.000000 50.000000
V 219.556800 562.377600 12.000000 12.000000
V 215.704800 313.156800 129.000000 37.000000
V 299.160000 537.602400 40.000000 30.000000
V 487.288800 858.096000 131.000000 78.000000
V 295.387200 173.044800 50.000000 22.000000
V 348.278400 780.336000 131.000000 78.000000
V 206.517600 473.263200 143.000000 50.000000
V 228.067200 656.179200 131.000000 64.000000
V 307.922400 703.468800 10.000000 10.000000
V 91.044000 375.523200 45.000000 22.000000
V 388.411200 928.872000 46.000000 22.000000
V 63.000000 715.708800 126.000000 64.000000
E 13 0
E 0 15
E 20 0
E 3 1
E 17 1
E 1 21
E 11 2
E 2 16
E 19 2
E 4 8
E 10 5
E 9 6
E 6 11
E 14 6
E 18 7
E 8 9
E 14 8
E 12 10
E 16 10
E 10 17
E 15 18
E 18 17
G R-HSA-9757110.sbgn 31 30
V 101.138400 368.323200 52.000000 24.000000
V 470.944800 215.056800 120.000000 23.000000
V 249.768000 224.373600 12.000000 12.000000
V 211.413600 76.881600 64.000000 31.000000
V 137.210400 187.941600 40.000000 31.000000
V 285.494400 88.538400 12.000000 12.000000
V 405.871200 113.061600 36.000000 31.000000
V 89.668800 181.850400 39.000000 31.000000
V 213.782400 37.731600 61.000000 31.000000
V 302.652000 168.350400 89.000000 37.000000
V 280.368000 11.499840 54.000000 23.000000
V 119.268000 258.386400 12.000000 12.000000
V 92.217600 317.145600 45.000000 23.000000
V 387.928800 250.077600 32.000000 31.000000
V 233.064000 452.707200 40.000000 31.000000
V 460.641600 142.704000 57.000000 27.000000
V 474.321600 179.740800 40.000000 31.000000
V 32.542560 266.364000 40.000000 31.000000
V 83.520000 403.826400 39.000000 31.000000
V 156.499200 446.868000 97.000000 39.000000
V 44.500320 224.323200 89.000000 37.000000
V 195.904800 372.074400 12.000000 12.000000
V 358.171200 55.002240 117.000000 23.000000
V 275.076000 435.578400 28.000000 31.000000
V 328.694400 347.896800 97.000000 39.000000
V 333.561600 19.368720 36.000000 31.000000
V 268.149600 391.168800 40.000000 31.000000
V 47.675520 305.366400 28.000000 31.000000
V 190.368000 283.968000 115.000000 23.000000
V 385.740000 180.050400 12.000000 12.000000
V 257.882400 309.607200 12.000000 12.000000
E 0 21
E 29 1
E 2 9
E 28 2
E 3 5
E 4 11
E 5 8
E 9 5
E 10 5
E 5 22
E 25 5
E 29 6
E 7 11
E 9 29
E 12 11
E 11 17
E 20 11
E 11 27
E 11 28
E 13 29
E 14 21
E 15 29
E 29 16
E 18 21
E 19 21
E 21 23
E 21 26
E 21 28
E 30 24
E 28 30
G R-HSA-975871.sbgn 22 22
V 526.377600 268.898400 142.000000 53.000000
V 611.978400 354.052800 44.000000 21.000000
V 169.732800 582.804000 10.000000 10.000000
V 272.498400 559.137600 179.000000 51.000000
V 595.612800 23.999760 169.000000 48.000000
V 391.996800 427.456800 42.000000 29.000000
V 455.169600 540.036000 134.000000 63.000000
V 490.089600 398.268000 138.000000 57.000000
V 535.557600 340.804800 10.000000 10.000000
V 87.501600 534.268800 175.000000 69.000000
V 536.205600 200.570400 10.000000 10.000000
V 375.091200 563.630400 10.000000 10.000000
V 550.785600 629.856000 90.000000 21.000000
V 480.816000 603.820800 10.000000 10.000000
V 532.591200 485.985600 40.000000 29.000000
V 616.370400 157.557600 172.000000 60.000000
V 461.498400 466.113600 12.000000 12.000000
V 336.362400 629.848800 107.000000 42.000000
V 127.303200 638.920800 53.000000 22.000000
V 569.217600 86.616000 10.000000 10.000000
V 470.484000 683.553600 145.000000 70.000000
V 492.789600 127.137600 56.000000 21.000000
E 0 8
E 10 0
E 1 8
E 2 3
E 9 2
E 18 2
E 3 11
E 4 19
E 16 5
E 11 6
E 6 13
E 16 6
E 8 7
E 7 16
E 15 10
E 21 10
E 11 17
E 12 13
E 13 20
E 14 16
E 19 15
E 21 19
G R-HSA-9758919.sbgn 17 17
V 66.499920 219.607200 133.000000 33.000000
V 811.512000 397.526400 88.000000 31.000000
V 144.914400 97.725600 98.000000 51.000000
V 555.847200 456.631200 183.000000 33.000000
V 414.043200 515.275200 72.000000 33.000000
V 322.200000 296.668800 80.000000 34.000000
V 341.337600 25.500240 99.000000 51.000000
V 687.276000 446.263200 10.000000 10.000000
V 444.420000 378.964800 12.000000 12.000000
V 583.869600 355.615200 124.000000 65.000000
V 375.883200 159.537600 10.000000 10.000000
V 220.773600 405.489600 10.000000 10.000000
V 203.241600 221.767200 10.000000 10.000000
V 748.872000 567.770400 82.000000 33.000000
V 181.137600 537.991200 118.000000 51.000000
V 86.731200 436.305600 140.000000 30.000000
V 472.348800 63.517680 147.000000 32.000000
E 12 0
E 1 7
E 2 12
E 7 3
E 3 8
E 4 8
E 8 5
E 5 10
E 5 11
E 5 12
E 6 10
E 9 7
E 13 7
E 9 8
E 10 16
E 14 11
E 11 15
G R-HSA-9758920.sbgn 16 18
V 399.218400 527.608800 87.000000 51.000000
V 508.363200 43.566480 92.000000 36.000000
V 371.253600 32.500080 104.000000 65.000000
V 206.697600 297.576000 12.000000 12.000000
V 234.676800 648.316800 78.000000 30.000000
V 581.032800 155.901600 93.000000 35.000000
V 68.999760 393.926400 138.000000 35.000000
V 437.558400 158.191200 12.000000 12.000000
V 197.510400 427.752000 103.000000 51.000000
V 449.431200 406.245600 10.000000 10.000000
V 385.977600 648.648000 12.000000 12.000000
V 105.631200 199.994400 66.000000 34.000000
V 361.000800 283.744800 104.000000 36.000000
V 435.571200 773.712000 107.000000 30.000000
V 132.991200 542.995200 10.000000 10.000000
V 519.235200 546.235200 137.000000 30.000000
E 0 9
E 0 10
E 1 7
E 2 7
E 6 3
E 8 3
E 3 11
E 12 3
E 10 4
E 4 14
E 5 7
E 14 6
E 7 12
E 8 14
E 12 9
E 9 15
E 13 10
E 15 10
G R-HSA-9761174.sbgn 19 27
V 216.324000 608.443200 59.000000 26.000000
V 654.580800 248.169600 95.000000 51.000000
V 536.169600 157.867200 92.000000 28.000000
V 356.522400 403.020000 58.000000 29.000000
V 524.728800 719.308800 10.000000 10.000000
V 29.214000 150.098400 56.000000 27.000000
V 43.999920 510.609600 88.000000 51.000000
V 304.020000 341.028000 50.000000 30.000000
V 566.704800 629.611200 93.000000 51.000000
V 540.417600 428.565600 57.000000 28.000000
V 196.185600 25.500240 86.000000 51.000000
V 270.489600 651.772800 66.000000 26.000000
V 401.954400 726.048000 129.000000 27.000000
V 434.685600 513.525600 54.000000 26.000000
V 223.560000 481.723200 12.000000 12.000000
V 195.076800 197.100000 12.000000 12.000000
V 393.681600 539.150400 12.000000 12.000000
V 589.276800 468.288000 112.000000 30.000000
V 485.740800 320.162400 12.000000 12.000000
E 0 14
E 0 16
E 1 18
E 2 18
E 14 3
E 3 16
E 3 18
E 8 4
E 4 12
E 13 4
E 15 5
E 6 14
E 7 14
E 7 15
E 7 16
E 7 18
E 8 16
E 16 9
E 9 18
E 10 15
E 11 14
E 11 16
E 12 16
E 13 14
E 18 13
E 17 16
E 17 18
G R-HSA-9764302.sbgn 15 17
V 136.936800 99.259200 12.000000 12.000000
V 396.748800 157.082400 128.000000 22.000000
V 230.191200 259.826400 12.000000 12.000000
V 511.761600 266.436000 48.000000 22.000000
V 55.000080 154.872000 110.000000 50.000000
V 45.241920 77.076000 59.000000 22.000000
V 305.172000 179.870400 12.000000 12.000000
V 184.161600 12.285360 83.000000 22.000000
V 104.659200 11.000160 60.000000 22.000000
V 328.096800 276.976800 83.000000 51.000000
V 209.995200 165.585600 51.000000 22.000000
V 325.267200 461.793600 65.000000 22.000000
V 422.395200 249.609600 10.000000 10.000000
V 306.230400 372.808800 10.000000 10.000000
V 212.428800 352.555200 151.000000 26.000000
E 0 4
E 5 0
E 7 0
E 8 0
E 10 0
E 1 6
E 12 1
E 9 2
E 2 10
E 14 2
E 3 12
E 9 6
E 6 10
E 9 12
E 9 13
E 11 13
E 13 14
G R-HSA-977347.sbgn 32 38
V 369.302400 187.977600 48.000000 30.000000
V 326.563200 123.710400 12.000000 12.000000
V 53.334720 196.164000 52.000000 30.000000
V 92.397600 317.224800 53.000000 30.000000
V 486.352800 262.332000 112.000000 22.000000
V 467.798400 127.872000 38.000000 30.000000
V 402.249600 26.670960 52.000000 30.000000
V 396.770400 278.258400 43.000000 30.000000
V 34.999920 237.672000 70.000000 37.000000
V 391.752000 96.688800 98.000000 36.000000
V 454.075200 60.758640 12.000000 12.000000
V 41.335920 279.201600 35.000000 30.000000
V 405.424800 152.863200 12.000000 12.000000
V 421.675200 237.312000 12.000000 12.000000
V 210.168000 347.558400 42.000000 30.000000
V 521.366400 146.124000 53.000000 31.000000
V 213.343200 271.209600 12.000000 12.000000
V 308.707200 215.899200 12.000000 12.000000
V 342.720000 55.656000 51.000000 30.000000
V 187.480800 306.396000 121.000000 36.000000
V 95.961600 241.480800 12.000000 12.000000
V 491.004000 14.999760 39.000000 30.000000
V 310.212000 263.728800 114.000000 22.000000
V 510.393600 196.279200 109.000000 23.000000
V 234.633600 229.680000 65.000000 30.000000
V 264.081600 177.948000 27.000000 30.000000
V 441.568800 172.692000 12.000000 12.000000
V 153.324000 246.412800 55.000000 30.000000
V 289.648800 73.353600 39.000000 30.000000
V 107.064000 174.902400 39.000000 30.000000
V 450.273600 298.713600 48.000000 30.000000
V 280.994400 332.712000 50.000000 30.000000
E 0 1
E 0 12
E 0 13
E 17 0
E 0 26
E 6 1
E 9 1
E 1 18
E 28 1
E 20 2
E 3 20
E 4 13
E 10 5
E 12 5
E 26 5
E 6 10
E 7 17
E 8 20
E 9 10
E 9 12
E 10 15
E 18 10
E 21 10
E 20 11
E 12 15
E 13 30
E 16 14
E 26 15
E 19 16
E 16 24
E 27 16
E 31 16
E 22 17
E 24 17
E 17 25
E 20 27
E 29 20
E 23 26
G R-HSA-977443.sbgn 15 16
V 278.474400 337.795200 12.000000 12.000000
V 477.237600 158.133600 108.000000 36.000000
V 182.685600 148.982400 121.000000 50.000000
V 349.408800 132.300000 115.000000 36.000000
V 357.379200 291.967200 119.000000 50.000000
V 165.463200 405.640800 12.000000 12.000000
V 252.309600 11.000160 101.000000 22.000000
V 51.500160 216.410400 103.000000 22.000000
V 184.600800 316.029600 119.000000 50.000000
V 262.130400 99.410400 10.000000 10.000000
V 139.867200 232.286400 10.000000 10.000000
V 485.395200 251.942400 121.000000 36.000000
V 404.028000 210.276000 10.000000 10.000000
V 111.528000 472.917600 119.000000 50.000000
V 256.183200 424.980000 27.000000 30.000000
E 0 4
E 8 0
E 0 14
E 12 1
E 9 2
E 2 10
E 3 9
E 12 3
E 4 12
E 8 5
E 5 13
E 5 14
E 6 9
E 7 10
E 10 8
E 12 11
G R-HSA-9793380.sbgn 22 28
V 77.774400 476.654400 12.000000 12.000000
V 593.236800 386.661600 57.000000 27.000000
V 64.000080 327.830400 128.000000 40.000000
V 610.444800 18.114480 47.000000 28.000000
V 195.948000 280.972800 10.000000 10.000000
V 560.412000 467.100000 189.000000 39.000000
V 458.553600 362.822400 12.000000 12.000000
V 360.237600 442.022400 143.000000 32.000000
V 323.301600 143.236800 10.000000 10.000000
V 443.966400 69.544800 76.000000 51.000000
V 349.696800 18.000000 121.000000 36.000000
V 516.787200 99.964800 12.000000 12.000000
V 524.736000 595.728000 10.000000 10.000000
V 126.072000 381.340800 88.000000 51.000000
V 337.471200 280.648800 58.000000 24.000000
V 576.864000 320.976000 56.000000 27.000000
V 189.964800 149.270400 107.000000 28.000000
V 306.763200 557.604000 10.000000 10.000000
V 179.784000 568.274400 59.000000 26.000000
V 413.301600 510.141600 89.000000 51.000000
V 508.276800 234.446400 51.000000 23.000000
V 589.111200 700.041600 190.000000 22.000000
E 2 0
E 13 0
E 0 18
E 1 6
E 4 2
E 11 3
E 13 4
E 14 4
E 16 4
E 5 6
E 12 5
E 7 6
E 6 14
E 15 6
E 19 6
E 20 6
E 17 7
E 9 8
E 8 10
E 14 8
E 16 8
E 9 11
E 10 11
E 20 11
E 19 12
E 21 12
E 18 17
E 19 17
G R-HSA-9796292.sbgn 18 20
V 347.918400 584.064000 12.000000 12.000000
V 454.752000 366.696000 12.000000 12.000000
V 65.499840 319.089600 131.000000 26.000000
V 283.298400 43.003440 174.000000 24.000000
V 110.008800 477.576000 95.000000 25.000000
V 308.908800 715.219200 93.000000 24.000000
V 200.059200 373.838400 12.000000 12.000000
V 234.684000 513.748800 57.000000 26.000000
V 420.105600 11.499840 104.000000 23.000000
V 558.936000 238.982400 88.000000 51.000000
V 507.038400 70.441920 57.000000 24.000000
V 413.920800 246.031200 186.000000 41.000000
V 388.922400 148.644000 10.000000 10.000000
V 457.156800 663.616800 69.000000 51.000000
V 333.345600 442.252800 56.000000 22.000000
V 276.062400 245.145600 45.000000 23.000000
V 124.840800 263.152800 49.000000 24.000000
V 62.300880 406.353600 78.000000 51.000000
E 0 5
E 7 0
E 13 0
E 14 0
E 9 1
E 11 1
E 1 14
E 2 6
E 3 12
E 4 6
E 7 6
E 14 6
E 15 6
E 6 16
E 17 6
E 8 12
E 9 12
E 10 12
E 12 11
E 15 12
G R-HSA-9818030.sbgn 33 43
V 446.961600 271.879200 89.000000 66.000000
V 491.155200 18.499680 128.000000 37.000000
V 560.476800 259.027200 122.000000 51.000000
V 735.768000 706.723200 89.000000 66.000000
V 595.908000 510.710400 103.000000 51.000000
V 535.435200 917.712000 12.000000 12.000000
V 289.353600 638.460000 125.000000 51.000000
V 861.336000 739.368000 12.000000 12.000000
V 657.122400 456.264000 10.000000 10.000000
V 660.981600 329.515200 114.000000 23.000000
V 590.983200 794.808000 115.000000 51.000000
V 334.944000 707.342400 89.000000 66.000000
V 770.472000 381.600000 89.000000 66.000000
V 209.714400 741.024000 12.000000 12.000000
V 531.151200 1042.560000 114.000000 37.000000
V 780.408000 637.840800 104.000000 51.000000
V 312.134400 379.267200 112.000000 51.000000
V 651.794400 598.464000 10.000000 10.000000
V 66.000240 323.812800 132.000000 37.000000
V 480.967200 794.376000 89.000000 66.000000
V 886.968000 359.474400 12.000000 12.000000
V 519.292800 398.613600 10.000000 10.000000
V 112.096800 819.000000 105.000000 65.000000
V 534.600000 662.256000 10.000000 10.000000
V 277.912800 454.730400 96.000000 66.000000
V 416.786400 603.136800 10.000000 10.000000
V 964.944000 808.848000 103.000000 23.000000
V 183.175200 366.307200 12.000000 12.000000
V 473.889600 549.561600 125.000000 23.000000
V 994.896000 299.368800 131.000000 37.000000
V 493.214400 142.927200 12.000000 12.000000
V 790.200000 449.733600 109.000000 51.000000
V 409.507200 474.976800 10.000000 10.000000
E 0 21
E 0 30
E 30 1
E 21 2
E 2 30
E 3 7
E 3 17
E 4 8
E 4 17
E 4 21
E 4 23
E 4 25
E 4 32
E 10 5
E 5 14
E 19 5
E 6 13
E 25 6
E 15 7
E 7 26
E 9 8
E 12 8
E 28 8
E 8 31
E 23 10
E 11 13
E 11 25
E 12 20
E 13 22
E 17 15
E 16 27
E 32 16
E 28 17
E 27 18
E 19 23
E 20 29
E 31 20
E 28 21
E 28 23
E 24 27
E 24 32
E 28 25
E 28 32
G R-HSA-9818032.sbgn 22 28
V 63.205200 790.344000 102.000000 37.000000
V 592.617600 639.482400 89.000000 66.000000
V 782.640000 18.499680 127.000000 37.000000
V 658.483200 248.709600 133.000000 51.000000
V 268.718400 182.095200 89.000000 66.000000
V 535.262400 508.068000 10.000000 10.000000
V 323.877600 314.085600 10.000000 10.000000
V 50.999760 43.226640 102.000000 37.000000
V 200.534400 571.708800 89.000000 66.000000
V 422.877600 388.512000 125.000000 23.000000
V 670.831200 552.945600 130.000000 51.000000
V 139.132800 139.694400 12.000000 12.000000
V 723.240000 678.463200 12.000000 12.000000
V 436.377600 433.512000 103.000000 51.000000
V 285.458400 651.520800 132.000000 51.000000
V 572.817600 170.488800 89.000000 66.000000
V 698.904000 118.720800 12.000000 12.000000
V 527.313600 306.223200 10.000000 10.000000
V 331.977600 515.872800 10.000000 10.000000
V 158.947200 701.546400 12.000000 12.000000
V 821.736000 764.136000 98.000000 35.000000
V 188.798400 266.450400 128.000000 51.000000
E 19 0
E 1 5
E 1 12
E 16 2
E 3 16
E 17 3
E 4 6
E 4 11
E 9 5
E 5 10
E 13 5
E 9 6
E 13 6
E 6 21
E 11 7
E 8 18
E 8 19
E 9 17
E 9 18
E 10 12
E 21 11
E 12 20
E 13 17
E 13 18
E 18 14
E 14 19
E 15 16
E 15 17
G R-HSA-9818564.sbgn 40 41
V 1255.896000 226.706400 12.000000 12.000000
V 1353.024000 248.515200 48.000000 23.000000
V 862.128000 469.814400 77.000000 23.000000
V 173.685600 474.624000 60.000000 30.000000
V 816.264000 773.280000 12.000000 12.000000
V 979.272000 537.235200 47.000000 23.000000
V 862.272000 576.460800 12.000000 12.000000
V 1282.824000 11.499840 56.000000 23.000000
V 949.752000 469.468800 82.000000 38.000000
V 226.404000 391.809600 60.000000 30.000000
V 1261.440000 693.288000 114.000000 46.000000
V 393.876000 493.711200 324.000000 78.000000
V 1131.984000 498.628800 31.000000 23.000000
V 706.384800 836.928000 85.000000 37.000000
V 1173.096000 694.792800 12.000000 12.000000
V 1041.264000 445.269600 85.000000 37.000000
V 609.199200 391.377600 96.000000 37.000000
V 1249.488000 746.640000 45.000000 23.000000
V 1249.200000 84.276000 10.000000 10.000000
V 876.096000 832.824000 237.000000 91.000000
V 836.640000 691.956000 251.000000 65.000000
V 1220.472000 359.395200 12.000000 12.000000
V 1113.840000 780.408000 210.000000 55.000000
V 601.524000 474.141600 12.000000 12.000000
V 823.896000 631.036800 58.000000 33.000000
V 713.008800 525.852000 298.000000 73.000000
V 1136.448000 550.454400 42.000000 23.000000
V 725.112000 632.887200 114.000000 37.000000
V 217.713600 468.856800 12.000000 12.000000
V 1292.184000 168.760800 98.000000 23.000000
V 183.002400 581.263200 366.000000 81.000000
V 1066.248000 523.468800 12.000000 12.000000
V 1175.616000 141.076800 118.000000 62.000000
V 1164.312000 418.248000 145.000000 69.000000
V 1013.400000 929.880000 135.000000 23.000000
V 1008.720000 853.344000 12.000000 12.000000
V 1320.840000 388.756800 152.000000 70.000000
V 1224.936000 284.493600 101.000000 29.000000
V 748.944000 588.376800 115.000000 36.000000
V 1119.888000 620.308800 190.000000 52.000000
E 1 0
E 29 0
E 32 0
E 0 37
E 2 6
E 28 3
E 4 13
E 19 4
E 4 20
E 5 6
E 5 31
E 8 6
E 20 6
E 24 6
E 6 25
E 27 6
E 38 6
E 7 18
E 9 28
E 10 14
E 23 11
E 11 28
E 12 31
E 14 17
E 14 22
E 39 14
E 15 31
E 16 23
E 18 29
E 32 18
E 35 19
E 21 33
E 36 21
E 37 21
E 22 35
E 25 23
E 26 31
E 28 30
E 33 31
E 31 39
E 34 35
G R-HSA-9818749.sbgn 18 23
V 237.074400 179.604000 10.000000 10.000000
V 554.580000 194.364000 10.000000 10.000000
V 395.496000 203.356800 12.000000 12.000000
V 202.096800 311.184000 12.000000 12.000000
V 320.601600 665.978400 118.000000 37.000000
V 401.572800 331.588800 89.000000 66.000000
V 300.456000 384.098400 104.000000 23.000000
V 740.592000 503.028000 130.000000 23.000000
V 60.999840 215.056800 122.000000 51.000000
V 157.773600 11.499840 127.000000 23.000000
V 650.743200 32.080320 103.000000 51.000000
V 261.309600 504.684000 10.000000 10.000000
V 565.812000 441.849600 10.000000 10.000000
V 553.370400 616.687200 130.000000 37.000000
V 737.568000 186.912000 125.000000 23.000000
V 413.755200 508.557600 12.000000 12.000000
V 477.280800 45.651600 135.000000 65.000000
V 101.116800 602.215200 118.000000 23.000000
E 5 0
E 0 8
E 9 0
E 5 1
E 10 1
E 14 1
E 1 16
E 5 2
E 2 6
E 16 2
E 5 3
E 3 6
E 8 3
E 11 4
E 4 15
E 5 11
E 5 12
E 5 15
E 15 6
E 7 12
E 17 11
E 12 13
E 13 15
G R-HSA-9820841.sbgn 18 17
V 147.492000 14.999760 205.000000 30.000000
V 394.920000 929.808000 67.000000 25.000000
V 157.305600 398.563200 132.000000 52.000000
V 276.753600 865.080000 10.000000 10.000000
V 311.421600 993.168000 119.000000 38.000000
V 175.716000 953.136000 173.000000 26.000000
V 144.280800 855.360000 55.000000 26.000000
V 196.502400 129.600000 10.000000 10.000000
V 322.675200 498.729600 42.000000 30.000000
V 297.511200 37.386720 79.000000 29.000000
V 243.626400 249.480000 161.000000 37.000000
V 62.500320 120.405600 125.000000 36.000000
V 500.954400 670.003200 43.000000 30.000000
V 407.620800 317.736000 43.000000 30.000000
V 285.811200 372.276000 12.000000 12.000000
V 507.664800 576.770400 131.000000 52.000000
V 381.571200 618.688800 12.000000 12.000000
V 316.418400 737.136000 135.000000 38.000000
E 0 7
E 1 3
E 14 2
E 4 3
E 5 3
E 6 3
E 3 17
E 9 7
E 7 10
E 11 7
E 14 8
E 16 8
E 10 14
E 12 16
E 13 14
E 16 15
E 17 16
G R-HSA-9820960.sbgn 35 37
V 972.216000 249.969600 127.000000 36.000000
V 114.040800 301.140000 98.000000 27.000000
V 343.612800 13.999680 73.000000 28.000000
V 792.864000 590.198400 78.000000 39.000000
V 241.855200 157.233600 85.000000 29.000000
V 257.472000 429.926400 85.000000 22.000000
V 69.536160 120.571200 81.000000 22.000000
V 438.559200 83.815200 81.000000 22.000000
V 344.534400 428.443200 73.000000 22.000000
V 224.121600 298.548000 106.000000 39.000000
V 428.932800 47.022480 99.000000 22.000000
V 229.420800 118.728000 125.000000 32.000000
V 783.720000 237.636000 46.000000 22.000000
V 913.824000 342.223200 10.000000 10.000000
V 886.392000 561.376800 93.000000 23.000000
V 1013.112000 325.915200 50.000000 23.000000
V 985.464000 415.951200 80.000000 24.000000
V 47.332800 222.235200 43.000000 22.000000
V 318.261600 329.565600 12.000000 12.000000
V 49.500000 169.488000 99.000000 22.000000
V 748.512000 193.204800 57.000000 22.000000
V 805.752000 378.021600 85.000000 22.000000
V 62.756640 268.632000 54.000000 22.000000
V 253.814400 193.233600 57.000000 22.000000
V 510.876000 385.840800 32.000000 22.000000
V 340.380000 135.957600 12.000000 12.000000
V 149.076000 197.647200 12.000000 12.000000
V 272.066400 35.077680 54.000000 22.000000
V 101.836800 85.910400 114.000000 22.000000
V 720.144000 303.127200 10.000000 10.000000
V 614.584800 290.692800 93.000000 45.000000
V 507.132000 283.824000 10.000000 10.000000
V 400.269600 245.930400 83.000000 47.000000
V 422.647200 137.318400 114.000000 22.000000
V 813.672000 488.404800 10.000000 10.000000
E 13 0
E 26 1
E 25 2
E 34 3
E 25 4
E 26 4
E 5 18
E 26 6
E 25 7
E 8 18
E 18 9
E 9 26
E 25 10
E 25 11
E 26 11
E 12 29
E 15 13
E 16 13
E 21 13
E 14 34
E 17 26
E 32 18
E 26 19
E 20 29
E 21 29
E 21 34
E 26 22
E 25 23
E 26 23
E 24 31
E 25 27
E 32 25
E 25 33
E 26 28
E 29 30
E 30 31
E 31 32
G R-HSA-9820962.sbgn 17 16
V 154.461600 550.548000 12.000000 12.000000
V 257.320800 884.448000 129.000000 36.000000
V 195.480000 237.628800 129.000000 36.000000
V 106.322400 792.648000 105.000000 22.000000
V 283.608000 69.006240 146.000000 50.000000
V 38.499840 547.056000 77.000000 22.000000
V 177.084000 127.108800 12.000000 12.000000
V 323.841600 828.648000 57.000000 22.000000
V 196.984800 445.752000 113.000000 64.000000
V 330.249600 744.624000 123.000000 28.000000
V 239.068800 341.409600 12.000000 12.000000
V 220.276800 772.992000 12.000000 12.000000
V 153.532800 18.000000 101.000000 36.000000
V 138.808800 863.712000 92.000000 23.000000
V 353.721600 331.005600 89.000000 23.000000
V 194.594400 657.583200 136.000000 54.000000
V 64.784880 99.439200 117.000000 22.000000
E 5 0
E 8 0
E 0 15
E 11 1
E 6 2
E 2 10
E 3 11
E 4 6
E 12 6
E 16 6
E 7 11
E 10 8
E 9 11
E 14 10
E 13 11
E 15 11
G R-HSA-9820965.sbgn 40 47
V 406.425600 432.093600 88.000000 30.000000
V 122.817600 562.665600 12.000000 12.000000
V 632.167200 461.671200 134.000000 37.000000
V 67.697280 445.442400 12.000000 12.000000
V 295.466400 137.865600 64.000000 31.000000
V 432.000000 331.466400 10.000000 10.000000
V 727.704000 302.810400 28.000000 30.000000
V 612.201600 291.664800 139.000000 37.000000
V 439.682400 195.897600 53.000000 23.000000
V 440.596800 233.438400 124.000000 36.000000
V 150.076800 300.088800 12.000000 12.000000
V 256.730400 172.785600 85.000000 22.000000
V 665.467200 378.468000 12.000000 12.000000
V 539.085600 435.398400 36.000000 30.000000
V 540.871200 220.809600 12.000000 12.000000
V 577.569600 126.993600 47.000000 22.000000
V 77.997600 236.268000 113.000000 36.000000
V 620.445600 161.524800 64.000000 31.000000
V 299.023200 429.328800 12.000000 12.000000
V 29.499840 526.795200 59.000000 30.000000
V 489.002400 22.500000 109.000000 45.000000
V 758.736000 438.040800 103.000000 42.000000
V 370.936800 311.673600 96.000000 36.000000
V 525.888000 606.909600 40.000000 30.000000
V 323.755200 531.820800 100.000000 37.000000
V 251.892000 322.754400 126.000000 50.000000
V 146.714400 469.209600 130.000000 46.000000
V 439.804800 577.792800 116.000000 64.000000
V 65.675520 356.536800 131.000000 48.000000
V 674.316000 548.589600 12.000000 12.000000
V 596.073600 556.804800 108.000000 50.000000
V 437.284800 112.240800 10.000000 10.000000
V 281.325600 494.316000 123.000000 22.000000
V 765.360000 497.822400 116.000000 44.000000
V 790.200000 383.716800 40.000000 30.000000
V 771.552000 335.772000 35.000000 27.000000
V 336.909600 228.542400 12.000000 12.000000
V 385.293600 22.666320 82.000000 31.000000
V 488.822400 494.877600 12.000000 12.000000
V 103.298400 654.933600 91.000000 22.000000
E 0 5
E 0 18
E 38 0
E 19 1
E 26 1
E 1 39
E 12 2
E 2 29
E 19 3
E 26 3
E 3 28
E 4 36
E 5 9
E 22 5
E 12 6
E 7 12
E 14 7
E 8 14
E 8 36
E 9 14
E 9 31
E 9 36
E 10 16
E 25 10
E 28 10
E 11 36
E 12 13
E 21 12
E 12 33
E 34 12
E 35 12
E 38 13
E 15 14
E 17 14
E 24 18
E 25 18
E 18 26
E 32 18
E 31 20
E 21 29
E 23 38
E 36 25
E 38 27
E 29 30
E 29 33
E 30 38
E 37 31
G R-HSA-9821993.sbgn 29 32
V 263.282400 215.114400 40.000000 30.000000
V 648.172800 269.964000 48.000000 26.000000
V 281.109600 158.270400 41.000000 30.000000
V 314.784000 369.849600 98.000000 24.000000
V 856.368000 343.735200 92.000000 24.000000
V 661.788000 395.366400 152.000000 39.000000
V 622.224000 315.460800 45.000000 26.000000
V 802.008000 255.297600 80.000000 22.000000
V 734.544000 324.734400 12.000000 12.000000
V 342.741600 259.264800 12.000000 12.000000
V 580.111200 122.176800 204.000000 26.000000
V 552.679200 231.818400 10.000000 10.000000
V 1059.120000 407.347200 61.000000 30.000000
V 239.428800 284.241600 97.000000 24.000000
V 691.653600 446.616000 53.000000 22.000000
V 746.712000 206.798400 135.000000 26.000000
V 1055.592000 329.544000 59.000000 24.000000
V 696.153600 111.333600 12.000000 12.000000
V 948.960000 496.756800 63.000000 22.000000
V 961.704000 380.044800 12.000000 12.000000
V 81.496800 239.932800 163.000000 27.000000
V 1013.688000 278.661600 35.000000 30.000000
V 759.816000 434.865600 66.000000 24.000000
V 787.032000 378.338400 41.000000 22.000000
V 175.939200 194.407200 12.000000 12.000000
V 725.184000 12.499920 91.000000 25.000000
V 1019.016000 471.708000 61.000000 30.000000
V 447.292800 244.843200 131.000000 27.000000
V 115.531200 109.800000 98.000000 25.000000
E 0 9
E 0 24
E 8 1
E 1 11
E 9 2
E 24 2
E 3 9
E 4 8
E 19 4
E 8 5
E 8 6
E 6 11
E 7 8
E 14 8
E 15 8
E 22 8
E 23 8
E 13 9
E 9 27
E 11 10
E 10 17
E 27 11
E 12 19
E 13 24
E 17 15
E 16 19
E 17 25
E 18 19
E 19 21
E 19 26
E 24 20
E 28 24
G R-HSA-9832991.sbgn 22 25
V 352.468800 349.452000 69.000000 29.000000
V 447.451200 322.790400 12.000000 12.000000
V 787.104000 69.341760 69.000000 35.000000
V 252.014400 350.337600 59.000000 35.000000
V 777.096000 223.020000 59.000000 31.000000
V 304.120800 252.792000 12.000000 12.000000
V 714.052800 26.337600 182.000000 35.000000
V 489.758400 131.752800 12.000000 12.000000
V 411.156000 216.230400 57.000000 33.000000
V 809.640000 151.473600 96.000000 52.000000
V 125.042400 189.568800 10.000000 10.000000
V 31.000320 170.791200 62.000000 33.000000
V 459.079200 15.500160 58.000000 31.000000
V 707.896800 137.527200 12.000000 12.000000
V 608.371200 284.486400 10.000000 10.000000
V 535.946400 330.638400 96.000000 52.000000
V 224.971200 177.256800 89.000000 37.000000
V 539.143200 48.141360 86.000000 52.000000
V 201.268800 252.244800 96.000000 52.000000
V 600.501600 173.152800 69.000000 31.000000
V 543.909600 380.174400 123.000000 31.000000
V 417.931200 60.453360 64.000000 33.000000
E 0 1
E 0 5
E 1 8
E 15 1
E 20 1
E 2 13
E 5 3
E 4 13
E 8 5
E 16 5
E 18 5
E 6 13
E 8 7
E 7 12
E 17 7
E 19 7
E 21 7
E 9 13
E 11 10
E 10 16
E 18 10
E 13 19
E 15 14
E 19 14
E 14 20
G R-HSA-9833110.sbgn 32 33
V 796.968000 649.562400 87.000000 23.000000
V 543.463200 500.313600 32.000000 23.000000
V 759.528000 574.747200 81.000000 23.000000
V 840.816000 901.944000 10.000000 10.000000
V 1048.464000 358.869600 41.000000 23.000000
V 357.523200 389.628000 89.000000 23.000000
V 56.499840 120.196800 113.000000 51.000000
V 260.647200 328.622400 12.000000 12.000000
V 943.992000 554.824800 68.000000 23.000000
V 690.602400 401.032800 54.000000 23.000000
V 1010.736000 799.200000 10.000000 10.000000
V 430.596000 478.310400 10.000000 10.000000
V 900.576000 998.208000 40.000000 31.000000
V 1137.456000 444.312000 32.000000 23.000000
V 805.968000 1011.384000 124.000000 37.000000
V 869.328000 653.824800 10.000000 10.000000
V 1324.368000 867.816000 104.000000 23.000000
V 659.095200 512.373600 10.000000 10.000000
V 735.840000 951.408000 160.000000 67.000000
V 359.452800 572.148000 116.000000 23.000000
V 178.516800 256.262400 117.000000 37.000000
V 1216.008000 897.984000 10.000000 10.000000
V 261.900000 208.555200 47.000000 23.000000
V 1115.496000 846.576000 32.000000 23.000000
V 893.016000 787.536000 51.000000 23.000000
V 1026.432000 469.504800 10.000000 10.000000
V 1254.960000 1003.968000 131.000000 23.000000
V 167.565600 144.612000 10.000000 10.000000
V 969.120000 692.856000 78.000000 23.000000
V 180.338400 32.500080 113.000000 65.000000
V 163.735200 402.228000 25.000000 23.000000
V 783.936000 720.864000 41.000000 23.000000
E 15 0
E 1 11
E 1 17
E 2 15
E 17 2
E 12 3
E 3 14
E 18 3
E 24 3
E 4 25
E 5 7
E 11 5
E 6 27
E 7 20
E 22 7
E 30 7
E 8 15
E 25 8
E 9 17
E 23 10
E 24 10
E 10 28
E 19 11
E 13 25
E 24 15
E 28 15
E 31 15
E 16 21
E 20 27
E 23 21
E 21 26
E 22 27
E 27 29
G R-HSA-9836573.sbgn 20 19
V 359.949600 13.000320 124.000000 26.000000
V 775.872000 545.709600 236.000000 48.000000
V 350.388000 295.416000 105.000000 23.000000
V 184.219200 761.400000 114.000000 38.000000
V 389.599200 548.935200 42.000000 31.000000
V 264.693600 28.267200 30.000000 26.000000
V 254.980800 525.088800 84.000000 24.000000
V 21.000240 586.605600 42.000000 31.000000
V 59.169600 714.045600 117.000000 29.000000
V 333.057600 147.614400 12.000000 12.000000
V 443.656800 54.626400 39.000000 31.000000
V 154.584000 624.506400 12.000000 12.000000
V 379.123200 439.660800 12.000000 12.000000
V 644.882400 573.890400 10.000000 10.000000
V 204.876000 179.049600 256.000000 27.000000
V 466.408800 136.087200 39.000000 31.000000
V 486.590400 395.078400 234.000000 44.000000
V 520.898400 512.582400 102.000000 26.000000
V 689.493600 699.789600 268.000000 43.000000
V 198.684000 94.204800 133.000000 25.000000
E 9 0
E 1 13
E 2 9
E 2 12
E 11 3
E 4 12
E 9 5
E 6 11
E 12 6
E 7 11
E 8 11
E 9 10
E 14 9
E 15 9
E 9 19
E 16 12
E 17 12
E 17 13
E 13 18
G R-HSA-983712.sbgn 33 33
V 104.551200 388.742400 50.000000 30.000000
V 206.596800 14.999760 41.000000 30.000000
V 263.433600 320.450400 24.000000 23.000000
V 574.286400 296.157600 40.000000 30.000000
V 649.296000 215.949600 118.000000 64.000000
V 163.569600 127.728000 12.000000 12.000000
V 584.611200 81.266400 50.000000 22.000000
V 46.056240 323.467200 70.000000 22.000000
V 349.768800 148.852800 36.000000 30.000000
V 133.034400 29.082240 90.000000 30.000000
V 621.482400 115.596000 50.000000 30.000000
V 333.489600 249.804000 12.000000 12.000000
V 647.841600 160.920000 50.000000 30.000000
V 418.096800 323.258400 119.000000 36.000000
V 316.987200 331.567200 67.000000 35.000000
V 75.211200 67.116960 43.000000 30.000000
V 378.547200 188.323200 71.000000 22.000000
V 126.000000 259.992000 12.000000 12.000000
V 149.263200 434.584800 70.000000 28.000000
V 24.999840 250.092000 50.000000 30.000000
V 310.003200 186.890400 50.000000 30.000000
V 530.604000 95.666400 42.000000 22.000000
V 627.328800 270.964800 50.000000 30.000000
V 210.297600 448.135200 36.000000 30.000000
V 187.783200 341.020800 12.000000 12.000000
V 554.565600 189.302400 12.000000 12.000000
V 232.826400 53.034480 50.000000 30.000000
V 216.216000 230.860800 50.000000 30.000000
V 56.838960 106.034400 27.000000 30.000000
V 403.704000 276.314400 30.000000 22.000000
V 451.915200 214.970400 28.000000 22.000000
V 381.009600 375.112800 79.000000 36.000000
V 71.346960 152.863200 40.000000 30.000000
E 24 0
E 5 1
E 11 2
E 24 2
E 3 25
E 4 25
E 9 5
E 15 5
E 5 26
E 27 5
E 5 28
E 32 5
E 6 25
E 7 17
E 8 11
E 10 25
E 13 11
E 14 11
E 16 11
E 11 20
E 27 11
E 29 11
E 30 11
E 31 11
E 12 25
E 17 19
E 27 17
E 18 24
E 21 25
E 25 22
E 23 24
E 27 24
E 30 25
G R-HSA-9837999.sbgn 17 18
V 125.647200 421.394400 49.000000 31.000000
V 353.944800 491.666400 43.000000 31.000000
V 414.835200 15.500160 41.000000 31.000000
V 274.341600 529.632000 43.000000 31.000000
V 423.381600 149.976000 12.000000 12.000000
V 181.584000 500.004000 35.000000 33.000000
V 105.998400 129.787200 212.000000 47.000000
V 468.799200 335.599200 10.000000 10.000000
V 215.827200 209.880000 10.000000 10.000000
V 261.986400 394.862400 12.000000 12.000000
V 581.248800 412.783200 154.000000 65.000000
V 333.108000 51.441840 35.000000 33.000000
V 561.038400 126.820800 42.000000 31.000000
V 342.439200 272.246400 164.000000 29.000000
V 527.169600 230.436000 166.000000 53.000000
V 156.477600 315.252000 222.000000 41.000000
V 507.196800 47.311200 44.000000 31.000000
E 0 9
E 9 1
E 2 4
E 3 9
E 4 11
E 4 12
E 4 13
E 14 4
E 16 4
E 9 5
E 6 8
E 10 7
E 13 7
E 7 14
E 13 8
E 8 15
E 9 13
E 15 9
G R-HSA-9840373.sbgn 20 19
V 996.768000 234.619200 39.000000 31.000000
V 769.536000 344.066400 107.000000 24.000000
V 121.615200 314.647200 149.000000 27.000000
V 266.810400 214.034400 169.000000 27.000000
V 621.367200 229.406400 119.000000 28.000000
V 437.580000 199.944000 125.000000 27.000000
V 330.775200 72.180000 79.000000 28.000000
V 951.264000 314.928000 162.000000 22.000000
V 348.004800 169.056000 10.000000 10.000000
V 902.736000 226.958400 12.000000 12.000000
V 800.712000 107.460000 12.000000 12.000000
V 168.300000 235.389600 12.000000 12.000000
V 96.501600 176.385600 193.000000 29.000000
V 713.700000 379.886400 43.000000 28.000000
V 714.549600 271.173600 12.000000 12.000000
V 528.199200 214.344000 12.000000 12.000000
V 821.304000 14.500080 162.000000 29.000000
V 800.064000 207.756000 151.000000 28.000000
V 658.173600 340.675200 71.000000 23.000000
V 960.840000 146.944800 45.000000 24.000000
E 0 9
E 1 14
E 2 11
E 8 3
E 3 11
E 14 4
E 4 15
E 5 8
E 15 5
E 6 8
E 7 9
E 17 9
E 9 19
E 16 10
E 10 17
E 11 12
E 13 14
E 17 14
E 18 14
G R-HSA-9841251.sbgn 36 39
V 448.927200 489.139200 89.000000 51.000000
V 696.960000 88.740000 12.000000 12.000000
V 657.979200 140.011200 169.000000 31.000000
V 576.079200 563.371200 62.000000 24.000000
V 399.456000 257.083200 87.000000 51.000000
V 331.488000 349.653600 10.000000 10.000000
V 247.104000 301.586400 300.000000 22.000000
V 171.345600 162.424800 59.000000 24.000000
V 696.153600 14.500080 67.000000 29.000000
V 769.608000 94.586400 42.000000 30.000000
V 240.192000 221.832000 12.000000 12.000000
V 452.707200 208.555200 42.000000 30.000000
V 339.429600 510.451200 12.000000 12.000000
V 665.632800 216.648000 228.000000 26.000000
V 317.952000 588.679200 84.000000 51.000000
V 517.644000 102.002400 132.000000 29.000000
V 583.466400 178.603200 12.000000 12.000000
V 228.506400 346.104000 88.000000 51.000000
V 165.441600 495.050400 56.000000 24.000000
V 313.336800 438.710400 45.000000 23.000000
V 141.660000 438.962400 86.000000 51.000000
V 230.486400 449.409600 12.000000 12.000000
V 83.037600 295.761600 12.000000 12.000000
V 421.812000 333.194400 130.000000 22.000000
V 523.288800 511.912800 12.000000 12.000000
V 398.664000 571.003200 60.000000 41.000000
V 167.623200 707.047200 48.000000 24.000000
V 391.413600 420.580800 10.000000 10.000000
V 269.546400 505.202400 12.000000 12.000000
V 477.972000 276.105600 12.000000 12.000000
V 191.289600 642.225600 12.000000 12.000000
V 520.041600 227.044800 47.000000 27.000000
V 31.500000 264.297600 63.000000 25.000000
V 533.527200 308.944800 40.000000 30.000000
V 225.280800 576.756000 43.000000 24.000000
V 480.117600 444.592800 231.000000 22.000000
E 0 24
E 0 27
E 1 2
E 8 1
E 9 1
E 2 16
E 24 3
E 4 5
E 4 10
E 5 6
E 17 5
E 19 5
E 23 5
E 6 10
E 6 22
E 10 7
E 29 11
E 14 12
E 19 12
E 12 25
E 16 13
E 15 16
E 16 31
E 17 22
E 21 18
E 19 21
E 19 27
E 28 19
E 20 21
E 22 32
E 23 27
E 29 23
E 35 24
E 30 26
E 27 35
E 34 28
E 31 29
E 33 29
E 34 30
G R-HSA-9842640.sbgn 15 14
V 340.164000 357.840000 41.000000 31.000000
V 243.144000 43.693920 100.000000 51.000000
V 87.602400 61.101360 44.000000 29.000000
V 174.578400 121.442400 12.000000 12.000000
V 227.059200 222.840000 118.000000 51.000000
V 58.999680 345.470400 118.000000 51.000000
V 623.080800 160.401600 125.000000 37.000000
V 150.789600 416.736000 61.000000 25.000000
V 72.288000 143.690400 111.000000 37.000000
V 336.823200 251.121600 12.000000 12.000000
V 165.139200 15.500160 40.000000 31.000000
V 410.839200 319.960800 40.000000 31.000000
V 430.869600 197.222400 125.000000 51.000000
V 529.322400 177.919200 10.000000 10.000000
V 157.622400 312.300000 12.000000 12.000000
E 9 0
E 3 1
E 3 2
E 4 3
E 8 3
E 10 3
E 9 4
E 4 14
E 14 5
E 6 13
E 7 14
E 11 9
E 12 9
E 13 12
G R-HSA-9842663.sbgn 34 33
V 56.938320 621.352800 78.000000 30.000000
V 884.520000 569.116800 79.000000 57.000000
V 39.499920 518.392800 79.000000 26.000000
V 494.740800 675.244800 96.000000 38.000000
V 316.195200 689.421600 113.000000 46.000000
V 340.027200 595.015200 10.000000 10.000000
V 299.815200 35.005680 74.000000 31.000000
V 451.764000 220.212000 53.000000 33.000000
V 658.620000 569.793600 12.000000 12.000000
V 368.107200 170.208000 107.000000 51.000000
V 700.214400 497.923200 44.000000 34.000000
V 374.688000 254.433600 12.000000 12.000000
V 250.639200 453.081600 40.000000 31.000000
V 671.191200 655.452000 36.000000 28.000000
V 361.692000 88.689600 10.000000 10.000000
V 457.711200 396.036000 109.000000 37.000000
V 815.616000 612.172800 10.000000 10.000000
V 388.742400 523.519200 119.000000 51.000000
V 244.512000 645.912000 61.000000 25.000000
V 236.512800 570.520800 41.000000 31.000000
V 523.497600 595.209600 77.000000 37.000000
V 378.374400 341.920800 81.000000 39.000000
V 578.340000 539.359200 81.000000 40.000000
V 488.304000 530.092800 10.000000 10.000000
V 421.704000 603.036000 12.000000 12.000000
V 293.853600 232.185600 51.000000 36.000000
V 413.640000 25.500240 126.000000 51.000000
V 109.360800 554.810400 10.000000 10.000000
V 737.640000 591.105600 81.000000 47.000000
V 392.623200 431.856000 10.000000 10.000000
V 192.175200 526.276800 104.000000 38.000000
V 858.744000 682.308000 57.000000 26.000000
V 289.180800 515.008800 12.000000 12.000000
V 409.716000 700.452000 58.000000 33.000000
E 0 27
E 16 1
E 2 27
E 24 3
E 5 4
E 17 5
E 18 5
E 6 14
E 11 7
E 8 10
E 13 8
E 22 8
E 8 28
E 11 9
E 9 14
E 21 11
E 25 11
E 12 32
E 14 26
E 15 29
E 28 16
E 31 16
E 17 23
E 17 24
E 17 29
E 32 17
E 32 19
E 20 23
E 29 21
E 23 22
E 33 24
E 27 30
E 30 32
G R-HSA-9843743.sbgn 32 36
V 537.012000 414.957600 97.000000 23.000000
V 626.198400 554.493600 77.000000 52.000000
V 386.488800 100.540800 140.000000 39.000000
V 268.992000 850.536000 71.000000 23.000000
V 838.944000 473.054400 126.000000 93.000000
V 421.387200 346.939200 61.000000 22.000000
V 42.500160 581.176800 85.000000 52.000000
V 424.807200 458.604000 12.000000 12.000000
V 431.373600 748.512000 12.000000 12.000000
V 515.534400 71.500320 102.000000 143.000000
V 206.236800 408.304800 77.000000 52.000000
V 303.789600 385.480800 102.000000 37.000000
V 552.153600 840.096000 113.000000 161.000000
V 420.588000 892.944000 134.000000 93.000000
V 417.751200 554.061600 44.000000 23.000000
V 621.079200 122.392800 93.000000 49.000000
V 818.424000 322.538400 92.000000 140.000000
V 188.200800 621.007200 12.000000 12.000000
V 166.917600 798.120000 72.000000 52.000000
V 71.004240 702.014400 62.000000 25.000000
V 269.445600 94.723200 78.000000 23.000000
V 277.185600 706.593600 12.000000 12.000000
V 472.024800 522.403200 12.000000 12.000000
V 355.824000 609.076800 111.000000 37.000000
V 360.720000 462.772800 12.000000 12.000000
V 166.903200 154.634400 111.000000 120.000000
V 464.364000 209.592000 10.000000 10.000000
V 338.940000 217.324800 12.000000 12.000000
V 253.670400 555.768000 70.000000 50.000000
V 706.212000 408.333600 12.000000 12.000000
V 574.768800 632.628000 53.000000 23.000000
V 566.870400 494.488800 71.000000 52.000000
E 0 7
E 0 24
E 0 29
E 1 22
E 26 2
E 2 27
E 21 3
E 4 29
E 5 7
E 5 22
E 5 24
E 5 26
E 5 27
E 6 17
E 7 11
E 23 7
E 31 7
E 8 12
E 13 8
E 23 8
E 27 9
E 10 24
E 24 14
E 15 26
E 29 16
E 17 19
E 23 17
E 18 21
E 20 26
E 23 21
E 28 21
E 23 22
E 22 30
E 23 24
E 28 24
E 25 27
G R-HSA-9854311.sbgn 25 27
V 299.318400 37.450800 40.000000 23.000000
V 83.642400 381.880800 86.000000 23.000000
V 291.513600 232.804800 55.000000 23.000000
V 498.160800 197.092800 124.000000 37.000000
V 518.090400 80.143200 48.000000 31.000000
V 63.000000 273.355200 126.000000 23.000000
V 247.586400 191.844000 55.000000 23.000000
V 515.181600 509.292000 55.000000 23.000000
V 380.829600 18.499680 107.000000 37.000000
V 417.643200 559.872000 121.000000 23.000000
V 481.838400 39.790080 79.000000 23.000000
V 569.541600 750.960000 75.000000 26.000000
V 431.337600 296.013600 123.000000 51.000000
V 536.241600 141.609600 70.000000 23.000000
V 599.544000 998.712000 41.000000 23.000000
V 752.616000 849.960000 40.000000 31.000000
V 390.355200 154.303200 12.000000 12.000000
V 260.632800 86.212800 125.000000 23.000000
V 404.438400 430.552800 12.000000 12.000000
V 617.212800 871.992000 12.000000 12.000000
V 264.088800 433.771200 129.000000 51.000000
V 193.248000 314.596800 10.000000 10.000000
V 520.200000 636.105600 10.000000 10.000000
V 715.960800 951.696000 55.000000 23.000000
V 505.684800 951.336000 49.000000 31.000000
E 0 16
E 21 1
E 2 16
E 21 2
E 3 16
E 16 4
E 5 21
E 6 16
E 21 6
E 7 18
E 7 22
E 16 8
E 9 18
E 22 9
E 16 10
E 19 11
E 11 22
E 16 12
E 12 18
E 13 16
E 14 19
E 15 19
E 17 16
E 18 20
E 23 19
E 24 19
E 20 21
G R-HSA-9856872.sbgn 34 39
V 289.778400 442.281600 40.000000 32.000000
V 387.100800 426.088800 78.000000 35.000000
V 112.118400 512.776800 34.000000 31.000000
V 207.907200 568.915200 45.000000 37.000000
V 335.390400 166.946400 12.000000 12.000000
V 24.297840 119.498400 32.000000 31.000000
V 152.654400 253.490400 43.000000 33.000000
V 562.176000 224.136000 44.000000 36.000000
V 55.268640 55.579680 35.000000 30.000000
V 479.908800 256.543200 12.000000 12.000000
V 152.128800 554.306400 50.000000 36.000000
V 230.486400 112.348800 39.000000 32.000000
V 220.161600 167.918400 32.000000 31.000000
V 263.419200 551.376000 50.000000 28.000000
V 535.910400 331.401600 47.000000 36.000000
V 329.277600 264.175200 40.000000 32.000000
V 532.051200 177.868800 48.000000 37.000000
V 139.312800 407.592000 37.000000 36.000000
V 127.396800 117.799200 12.000000 12.000000
V 172.648800 157.255200 12.000000 12.000000
V 422.352000 179.877600 36.000000 30.000000
V 377.222400 79.574400 45.000000 37.000000
V 563.882400 283.896000 32.000000 31.000000
V 77.947200 138.225600 30.000000 30.000000
V 242.056800 336.794400 38.000000 32.000000
V 331.056000 356.313600 12.000000 12.000000
V 145.562400 318.873600 12.000000 12.000000
V 283.024800 135.122400 50.000000 33.000000
V 179.215200 53.528400 92.000000 25.000000
V 127.821600 16.500240 94.000000 33.000000
V 423.741600 334.504800 47.000000 39.000000
V 115.905600 215.985600 40.000000 26.000000
V 52.999920 340.264800 106.000000 37.000000
V 201.420000 480.672000 12.000000 12.000000
E 0 25
E 33 0
E 1 25
E 2 33
E 3 33
E 11 4
E 4 15
E 20 4
E 21 4
E 4 27
E 18 5
E 19 6
E 6 26
E 9 7
E 8 18
E 14 9
E 16 9
E 9 20
E 9 22
E 30 9
E 10 33
E 18 11
E 19 11
E 19 12
E 33 13
E 15 25
E 26 17
E 17 33
E 29 18
E 31 18
E 23 19
E 27 19
E 28 19
E 31 19
E 25 24
E 24 26
E 25 30
E 26 31
E 32 26
G R-HSA-9857492.sbgn 25 28
V 381.153600 262.216800 140.000000 24.000000
V 411.746400 21.602160 79.000000 23.000000
V 450.972000 368.690400 12.000000 12.000000
V 47.435760 382.478400 39.000000 23.000000
V 407.491200 81.324000 78.000000 25.000000
V 236.455200 157.658400 48.000000 31.000000
V 339.746400 149.997600 12.000000 12.000000
V 342.482400 15.500160 39.000000 31.000000
V 236.966400 60.238080 80.000000 23.000000
V 296.294400 556.416000 88.000000 29.000000
V 246.081600 275.702400 114.000000 22.000000
V 487.706400 491.587200 102.000000 41.000000
V 477.194400 87.912000 43.000000 31.000000
V 174.240000 343.440000 12.000000 12.000000
V 194.673600 546.897600 71.000000 24.000000
V 320.968800 417.175200 40.000000 23.000000
V 284.947200 25.234560 60.000000 31.000000
V 47.499840 288.050400 95.000000 29.000000
V 205.452000 106.668000 96.000000 23.000000
V 130.276800 454.125600 40.000000 23.000000
V 475.200000 231.537600 32.000000 31.000000
V 246.204000 425.239200 12.000000 12.000000
V 557.352000 438.170400 40.000000 23.000000
V 590.004000 355.672800 88.000000 24.000000
V 471.996000 146.620800 51.000000 31.000000
E 2 0
E 0 6
E 6 1
E 11 2
E 15 2
E 2 20
E 22 2
E 2 23
E 3 13
E 4 6
E 6 5
E 6 7
E 6 8
E 6 10
E 6 12
E 16 6
E 18 6
E 20 6
E 6 24
E 21 9
E 10 13
E 10 21
E 13 15
E 13 17
E 19 13
E 14 21
E 21 15
E 19 21
G R-HSA-9860276.sbgn 18 18
V 689.673600 208.310400 117.000000 37.000000
V 868.608000 608.702400 37.000000 23.000000
V 52.500240 67.985280 105.000000 37.000000
V 712.116000 639.813600 117.000000 23.000000
V 751.752000 98.481600 10.000000 10.000000
V 580.298400 152.445600 12.000000 12.000000
V 830.088000 11.499840 34.000000 23.000000
V 872.856000 258.717600 40.000000 31.000000
V 247.852800 144.489600 105.000000 37.000000
V 464.464800 179.884800 86.000000 23.000000
V 772.272000 543.592800 10.000000 10.000000
V 745.200000 429.638400 93.000000 23.000000
V 866.448000 344.044800 41.000000 31.000000
V 659.124000 54.291600 125.000000 37.000000
V 144.511200 119.757600 12.000000 12.000000
V 760.824000 308.887200 12.000000 12.000000
V 529.617600 42.768000 118.000000 37.000000
V 352.663200 171.446400 10.000000 10.000000
E 0 4
E 5 0
E 15 0
E 1 10
E 14 2
E 3 10
E 6 4
E 4 13
E 5 9
E 13 5
E 16 5
E 7 15
E 8 14
E 17 8
E 9 17
E 10 11
E 11 15
E 15 12
G R-HSA-9909620.sbgn 39 50
V 402.746400 137.829600 123.000000 37.000000
V 655.567200 589.500000 10.000000 10.000000
V 738.000000 450.064800 10.000000 10.000000
V 625.629600 819.864000 95.000000 37.000000
V 591.105600 373.356000 123.000000 37.000000
V 156.664800 414.547200 113.000000 52.000000
V 407.145600 578.736000 10.000000 10.000000
V 505.929600 253.627200 10.000000 10.000000
V 689.803200 301.975200 10.000000 10.000000
V 934.272000 340.041600 87.000000 37.000000
V 271.713600 157.046400 123.000000 37.000000
V 188.661600 273.218400 123.000000 51.000000
V 565.063200 623.556000 10.000000 10.000000
V 218.498400 501.004800 94.000000 51.000000
V 773.712000 752.184000 116.000000 37.000000
V 617.853600 257.342400 10.000000 10.000000
V 874.296000 198.864000 118.000000 37.000000
V 533.764800 146.786400 123.000000 51.000000
V 176.220000 719.611200 95.000000 37.000000
V 460.584000 837.216000 95.000000 37.000000
V 335.102400 508.881600 123.000000 37.000000
V 62.500320 505.152000 125.000000 37.000000
V 607.687200 438.516000 126.000000 53.000000
V 332.150400 422.611200 10.000000 10.000000
V 735.696000 368.589600 10.000000 10.000000
V 768.240000 88.300800 95.000000 37.000000
V 932.256000 494.568000 118.000000 37.000000
V 327.952800 575.784000 10.000000 10.000000
V 177.177600 191.937600 50.000000 23.000000
V 723.888000 527.968800 10.000000 10.000000
V 306.223200 782.352000 118.000000 37.000000
V 282.708000 364.291200 123.000000 51.000000
V 396.525600 320.580000 12.000000 12.000000
V 885.168000 635.486400 95.000000 37.000000
V 631.000800 198.792000 123.000000 37.000000
V 465.328800 634.687200 10.000000 10.000000
V 470.620800 466.178400 132.000000 37.000000
V 549.007200 295.869600 123.000000 51.000000
V 560.937600 18.499680 87.000000 37.000000
E 15 0
E 0 32
E 14 1
E 22 1
E 1 36
E 22 2
E 26 2
E 2 37
E 3 12
E 29 4
E 4 32
E 27 5
E 5 32
E 22 6
E 30 6
E 6 31
E 7 10
E 22 7
E 38 7
E 16 8
E 8 17
E 22 8
E 9 24
E 10 32
E 23 11
E 11 32
E 12 20
E 22 12
E 13 32
E 35 13
E 22 15
E 25 15
E 17 32
E 18 27
E 19 35
E 20 32
E 21 23
E 22 23
E 22 24
E 22 27
E 22 29
E 22 32
E 22 35
E 24 34
E 32 28
E 33 29
E 31 32
E 34 32
E 36 32
E 37 32
G R-HSA-9913351.sbgn 35 36
V 1040.904000 646.401600 108.000000 68.000000
V 454.917600 265.809600 128.000000 37.000000
V 307.800000 318.470400 110.000000 51.000000
V 674.395200 1417.824000 124.000000 36.000000
V 844.344000 1184.976000 87.000000 41.000000
V 138.794400 325.432800 74.000000 23.000000
V 222.631200 275.270400 10.000000 10.000000
V 638.424000 1328.472000 10.000000 10.000000
V 194.032800 183.578400 126.000000 51.000000
V 505.540800 508.694400 10.000000 10.000000
V 1064.880000 734.688000 100.000000 45.000000
V 745.416000 1168.560000 10.000000 10.000000
V 825.696000 829.008000 78.000000 37.000000
V 166.744800 11.499840 90.000000 23.000000
V 399.420000 347.968800 10.000000 10.000000
V 573.811200 439.639200 126.000000 37.000000
V 635.918400 647.632800 12.000000 12.000000
V 445.039200 432.864000 89.000000 37.000000
V 706.975200 710.582400 106.000000 51.000000
V 145.591200 103.442400 10.000000 10.000000
V 426.780000 567.057600 130.000000 37.000000
V 731.160000 1071.000000 111.000000 56.000000
V 673.948800 1238.976000 88.000000 37.000000
V 570.283200 580.881600 112.000000 51.000000
V 786.312000 771.408000 10.000000 10.000000
V 739.656000 882.000000 108.000000 53.000000
V 803.376000 1241.064000 86.000000 37.000000
V 553.665600 1367.928000 121.000000 34.000000
V 51.999840 88.833600 104.000000 51.000000
V 1220.976000 648.460800 108.000000 33.000000
V 891.360000 765.216000 113.000000 37.000000
V 735.120000 975.456000 12.000000 12.000000
V 969.768000 711.979200 12.000000 12.000000
V 870.984000 710.834400 123.000000 51.000000
V 1132.920000 669.268800 12.000000 12.000000
E 0 32
E 34 0
E 1 14
E 2 6
E 14 2
E 3 7
E 4 11
E 5 6
E 6 8
E 7 22
E 27 7
E 8 19
E 15 9
E 9 17
E 20 9
E 23 9
E 10 32
E 34 10
E 11 21
E 22 11
E 26 11
E 12 24
E 13 19
E 17 14
E 18 16
E 16 23
E 24 18
E 19 28
E 21 31
E 25 24
E 30 24
E 33 24
E 31 25
E 29 34
E 32 30
E 32 33
G R-HSA-9918476.sbgn 36 36
V 524.908800 112.795200 128.000000 37.000000
V 672.112800 115.250400 120.000000 37.000000
V 285.062400 71.665920 56.000000 23.000000
V 744.336000 147.052800 10.000000 10.000000
V 386.863200 150.710400 132.000000 35.000000
V 56.437920 67.719600 10.000000 10.000000
V 478.828800 46.728000 87.000000 31.000000
V 754.920000 97.300800 29.000000 31.000000
V 122.659200 286.092000 45.000000 37.000000
V 232.826400 317.505600 158.000000 53.000000
V 306.813600 123.904800 12.000000 12.000000
V 194.083200 167.572800 12.000000 12.000000
V 612.993600 71.434800 32.000000 31.000000
V 478.296000 150.393600 12.000000 12.000000
V 78.789600 101.188800 53.000000 35.000000
V 576.453600 32.429520 56.000000 31.000000
V 691.956000 182.217600 125.000000 37.000000
V 397.195200 200.390400 102.000000 31.000000
V 168.710400 193.752000 35.000000 23.000000
V 187.077600 231.753600 86.000000 37.000000
V 42.193440 322.149600 51.000000 23.000000
V 126.187200 161.128800 57.000000 23.000000
V 95.061600 372.412800 44.000000 23.000000
V 492.242400 187.732800 63.000000 23.000000
V 734.544000 214.732800 12.000000 12.000000
V 22.500000 34.426080 45.000000 22.000000
V 586.814400 153.273600 69.000000 23.000000
V 244.468800 172.044000 43.000000 23.000000
V 383.781600 79.063200 66.000000 31.000000
V 227.743200 132.955200 130.000000 37.000000
V 787.608000 241.250400 92.000000 25.000000
V 101.340000 323.020800 12.000000 12.000000
V 515.721600 11.499840 41.000000 23.000000
V 175.903200 270.280800 12.000000 12.000000
V 582.271200 79.531200 12.000000 12.000000
V 129.873600 98.402400 32.000000 31.000000
E 13 0
E 0 34
E 1 3
E 34 1
E 2 10
E 7 3
E 3 16
E 10 4
E 4 13
E 5 14
E 25 5
E 6 34
E 31 8
E 8 33
E 9 33
E 27 10
E 29 10
E 14 11
E 18 11
E 19 11
E 21 11
E 27 11
E 11 29
E 35 11
E 12 34
E 17 13
E 23 13
E 28 13
E 15 34
E 16 24
E 33 19
E 20 31
E 22 31
E 24 30
E 34 26
E 32 34
G R-HSA-9918481.sbgn 20 20
V 39.000240 359.416800 78.000000 25.000000
V 247.773600 26.500320 72.000000 53.000000
V 355.096800 365.284800 76.000000 44.000000
V 106.696800 238.960800 60.000000 39.000000
V 399.110400 190.195200 60.000000 53.000000
V 197.294400 406.137600 12.000000 12.000000
V 216.230400 96.069600 10.000000 10.000000
V 313.639200 408.283200 56.000000 26.000000
V 127.231200 193.557600 54.000000 28.000000
V 280.389600 337.212000 10.000000 10.000000
V 160.207200 42.220800 73.000000 47.000000
V 117.417600 362.592000 10.000000 10.000000
V 199.857600 484.070400 82.000000 37.000000
V 194.803200 328.946400 85.000000 36.000000
V 319.406400 191.376000 10.000000 10.000000
V 366.076800 131.248800 53.000000 32.000000
V 183.938400 243.669600 12.000000 12.000000
V 237.132000 176.004000 75.000000 24.000000
V 79.466400 430.956000 72.000000 38.000000
V 321.271200 269.373600 70.000000 36.000000
E 0 11
E 1 6
E 9 2
E 16 3
E 14 4
E 5 12
E 13 5
E 6 10
E 17 6
E 7 9
E 8 16
E 13 9
E 19 9
E 13 11
E 11 18
E 16 13
E 15 14
E 17 14
E 19 14
E 17 16
G R-HSA-9918485.sbgn 23 22
V 246.765600 576.756000 80.000000 35.000000
V 476.121600 541.195200 39.000000 23.000000
V 56.584080 207.194400 52.000000 26.000000
V 588.067200 442.036800 96.000000 38.000000
V 189.633600 195.516000 55.000000 21.000000
V 35.435520 353.505600 47.000000 23.000000
V 521.575200 99.979200 88.000000 37.000000
V 470.232000 356.205600 10.000000 10.000000
V 340.437600 165.873600 10.000000 10.000000
V 111.571200 155.016000 98.000000 44.000000
V 405.208800 33.520320 97.000000 51.000000
V 170.150400 302.169600 10.000000 10.000000
V 349.740000 477.244800 10.000000 10.000000
V 334.231200 317.433600 79.000000 35.000000
V 76.356000 417.405600 48.000000 28.000000
V 449.668800 229.046400 10.000000 10.000000
V 592.322400 195.516000 66.000000 33.000000
V 289.612800 25.500240 118.000000 51.000000
V 322.200000 618.652800 46.000000 23.000000
V 414.720000 605.131200 92.000000 37.000000
V 151.560000 421.171200 46.000000 31.000000
V 29.000160 278.092800 58.000000 23.000000
V 615.261600 328.874400 96.000000 26.000000
E 0 12
E 1 12
E 2 11
E 7 3
E 4 11
E 5 11
E 15 6
E 13 7
E 22 7
E 10 8
E 13 8
E 8 17
E 11 9
E 13 11
E 14 11
E 20 11
E 21 11
E 13 12
E 18 12
E 12 19
E 13 15
E 16 15
G R-HSA-9920588.sbgn 17 16
V 46.049760 101.152800 47.000000 50.000000
V 343.908000 206.431200 81.000000 32.000000
V 134.150400 30.493440 34.000000 24.000000
V 55.676160 287.625600 44.000000 50.000000
V 180.194400 100.735200 10.000000 10.000000
V 228.794400 263.354400 10.000000 10.000000
V 132.681600 254.808000 10.000000 10.000000
V 213.537600 23.999760 39.000000 48.000000
V 104.392800 161.200800 10.000000 10.000000
V 309.470400 86.068800 55.000000 50.000000
V 187.221600 187.221600 85.000000 21.000000
V 22.500000 178.682400 45.000000 26.000000
V 353.001600 139.132800 51.000000 33.000000
V 229.694400 347.500800 37.000000 48.000000
V 119.073600 337.636800 72.000000 34.000000
V 273.225600 161.524800 10.000000 10.000000
V 298.944000 309.225600 36.000000 24.000000
E 8 0
E 1 15
E 2 4
E 6 3
E 4 7
E 10 4
E 10 5
E 5 13
E 16 5
E 10 6
E 14 6
E 10 8
E 11 8
E 15 9
E 10 15
E 12 15
G R-HSA-9927353.sbgn 15 14
V 35.500320 115.776000 71.000000 22.000000
V 376.372800 198.043200 45.000000 26.000000
V 322.228800 155.016000 86.000000 32.000000
V 222.868800 507.844800 119.000000 24.000000
V 452.368800 355.773600 10.000000 10.000000
V 344.628000 346.824000 100.000000 48.000000
V 205.732800 183.592800 82.000000 36.000000
V 543.348000 309.693600 56.000000 22.000000
V 134.604000 112.492800 10.000000 10.000000
V 136.879200 12.499920 43.000000 25.000000
V 290.116800 249.674400 12.000000 12.000000
V 205.920000 297.252000 44.000000 25.000000
V 303.177600 446.299200 10.000000 10.000000
V 336.384000 540.028800 92.000000 36.000000
V 521.272800 426.866400 119.000000 22.000000
E 0 8
E 10 1
E 2 10
E 3 12
E 5 4
E 7 4
E 4 14
E 10 5
E 5 12
E 8 6
E 6 10
E 9 8
E 11 10
E 12 13
G R-HSA-9930044.sbgn 34 46
V 447.040800 714.506400 124.000000 39.000000
V 159.948000 395.301600 120.000000 29.000000
V 399.038400 42.500160 150.000000 85.000000
V 354.427200 390.276000 122.000000 27.000000
V 59.893200 458.906400 10.000000 10.000000
V 260.784000 757.368000 131.000000 51.000000
V 178.502400 597.463200 10.000000 10.000000
V 569.512800 225.468000 62.000000 27.000000
V 456.717600 187.898400 68.000000 29.000000
V 499.485600 224.568000 62.000000 25.000000
V 505.195200 338.176800 124.000000 29.000000
V 164.484000 438.343200 183.000000 41.000000
V 373.291200 780.192000 78.000000 31.000000
V 113.889600 678.751200 153.000000 31.000000
V 289.382400 561.895200 119.000000 27.000000
V 537.933600 523.908000 143.000000 51.000000
V 286.567200 184.536000 122.000000 29.000000
V 528.429600 32.043600 65.000000 23.000000
V 270.036000 446.299200 12.000000 12.000000
V 279.324000 98.517600 10.000000 10.000000
V 196.308000 508.939200 61.000000 25.000000
V 73.000800 565.178400 146.000000 45.000000
V 400.471200 279.352800 12.000000 12.000000
V 536.788800 646.963200 10.000000 10.000000
V 252.072000 257.601600 154.000000 101.000000
V 391.341600 491.112000 12.000000 12.000000
V 492.660000 571.953600 120.000000 29.000000
V 392.054400 552.996000 65.000000 27.000000
V 391.096800 151.502400 70.000000 25.000000
V 547.142400 259.185600 55.000000 23.000000
V 597.247200 89.193600 180.000000 53.000000
V 385.149600 194.076000 59.000000 25.000000
V 495.712800 128.692800 10.000000 10.000000
V 330.832800 674.265600 12.000000 12.000000
E 0 23
E 33 0
E 1 4
E 18 1
E 2 19
E 32 2
E 18 3
E 22 3
E 25 3
E 4 11
E 21 4
E 5 33
E 13 6
E 14 6
E 20 6
E 6 21
E 22 7
E 7 32
E 22 8
E 8 32
E 22 9
E 9 32
E 22 10
E 11 18
E 33 12
E 18 14
E 25 14
E 14 33
E 23 15
E 15 25
E 16 19
E 22 16
E 17 32
E 18 20
E 19 24
E 24 22
E 22 28
E 22 29
E 22 31
E 26 23
E 25 26
E 25 27
E 28 32
E 29 32
E 30 32
E 31 32
G R-HSA-9931529.sbgn 17 16
V 37.499760 129.484800 75.000000 27.000000
V 275.205600 186.588000 10.000000 10.000000
V 437.817600 41.928480 50.000000 33.000000
V 265.096800 356.932800 12.000000 12.000000
V 481.269600 203.644800 49.000000 33.000000
V 119.145600 100.238400 12.000000 12.000000
V 44.554320 60.599520 77.000000 27.000000
V 502.747200 69.793200 58.000000 28.000000
V 270.216000 274.939200 237.000000 26.000000
V 156.556800 25.623360 42.000000 31.000000
V 266.774400 435.362400 229.000000 27.000000
V 80.193600 175.262400 54.000000 23.000000
V 357.076800 153.540000 140.000000 28.000000
V 523.260000 146.160000 57.000000 26.000000
V 198.900000 141.890400 100.000000 28.000000
V 95.976000 15.500160 39.000000 31.000000
V 441.086400 127.656000 12.000000 12.000000
E 0 5
E 1 8
E 12 1
E 14 1
E 2 16
E 8 3
E 3 10
E 16 4
E 6 5
E 5 9
E 11 5
E 5 14
E 15 5
E 7 16
E 16 12
E 13 16
G R-HSA-9931530.sbgn 21 20
V 93.556800 69.641280 52.000000 32.000000
V 1084.680000 463.168800 418.000000 30.000000
V 523.800000 205.876800 48.000000 30.000000
V 460.209600 562.737600 51.000000 29.000000
V 532.749600 375.156000 12.000000 12.000000
V 26.500320 219.916800 53.000000 29.000000
V 907.848000 424.742400 12.000000 12.000000
V 1031.976000 297.518400 148.000000 24.000000
V 361.519200 285.861600 102.000000 31.000000
V 224.524800 19.000080 53.000000 38.000000
V 943.272000 241.956000 113.000000 25.000000
V 197.762400 206.488800 12.000000 12.000000
V 1243.296000 517.334400 12.000000 12.000000
V 558.878400 537.688800 106.000000 23.000000
V 971.352000 584.121600 43.000000 34.000000
V 723.816000 396.842400 340.000000 31.000000
V 613.706400 220.104000 50.000000 28.000000
V 404.366400 473.169600 52.000000 30.000000
V 1378.800000 602.258400 377.000000 29.000000
V 872.208000 609.991200 42.000000 31.000000
V 75.427200 351.727200 52.000000 34.000000
E 0 11
E 6 1
E 1 12
E 2 4
E 3 4
E 8 4
E 13 4
E 4 15
E 16 4
E 17 4
E 5 11
E 7 6
E 10 6
E 14 6
E 15 6
E 6 19
E 11 8
E 11 9
E 20 11
E 12 18
G R-HSA-9932298.sbgn 20 21
V 1113.552000 1873.152000 10.000000 10.000000
V 1222.776000 2031.984000 118.000000 29.000000
V 217.821600 1078.416000 36.000000 27.000000
V 396.799200 956.880000 12.000000 12.000000
V 155.995200 382.852800 203.000000 28.000000
V 577.519200 1064.880000 127.000000 26.000000
V 18.000000 612.424800 36.000000 27.000000
V 928.728000 1555.560000 12.000000 12.000000
V 931.536000 1032.624000 40.000000 28.000000
V 761.832000 1167.336000 12.000000 12.000000
V 1127.304000 1454.328000 72.000000 27.000000
V 741.168000 1673.424000 94.000000 25.000000
V 1105.848000 1672.128000 174.000000 31.000000
V 341.092800 753.768000 186.000000 37.000000
V 825.120000 1369.008000 349.000000 41.000000
V 253.569600 14.500080 101.000000 29.000000
V 356.515200 387.273600 182.000000 36.000000
V 235.584000 571.428000 12.000000 12.000000
V 941.616000 1768.248000 246.000000 33.000000
V 259.891200 208.857600 10.000000 10.000000
E 1 0
E 12 0
E 0 18
E 3 2
E 5 3
E 13 3
E 17 4
E 4 19
E 5 9
E 6 17
E 7 10
E 11 7
E 7 12
E 7 14
E 18 7
E 9 8
E 14 9
E 17 13
E 15 19
E 16 17
E 19 16
G R-HSA-9933387.sbgn 20 28
V 479.016000 533.764800 123.000000 59.000000
V 707.184000 330.955200 139.000000 44.000000
V 890.856000 322.300800 58.000000 33.000000
V 785.664000 628.646400 95.000000 36.000000
V 888.192000 567.928800 63.000000 33.000000
V 121.356000 508.802400 105.000000 52.000000
V 317.808000 178.718400 10.000000 10.000000
V 59.999760 335.397600 120.000000 54.000000
V 553.399200 356.004000 12.000000 12.000000
V 781.056000 458.020800 10.000000 10.000000
V 331.466400 283.384800 62.000000 35.000000
V 306.266400 327.888000 87.000000 38.000000
V 933.408000 438.588000 83.000000 33.000000
V 411.955200 284.738400 62.000000 33.000000
V 445.636800 411.112800 10.000000 10.000000
V 363.276000 25.999920 89.000000 52.000000
V 208.324800 370.756800 10.000000 10.000000
V 312.127200 395.215200 62.000000 31.000000
V 615.117600 456.249600 83.000000 52.000000
V 203.954400 71.804160 129.000000 53.000000
E 0 8
E 14 0
E 1 8
E 9 1
E 2 9
E 3 9
E 4 9
E 5 16
E 10 6
E 11 6
E 13 6
E 15 6
E 17 6
E 6 19
E 16 7
E 8 13
E 18 8
E 12 9
E 18 9
E 10 14
E 10 16
E 11 14
E 11 16
E 13 14
E 13 16
E 17 14
E 18 14
E 17 16
G R-HSA-9937008.sbgn 25 30
V 755.856000 173.426400 79.000000 35.000000
V 600.220800 262.144800 12.000000 12.000000
V 136.519200 460.951200 79.000000 35.000000
V 704.224800 667.440000 12.000000 12.000000
V 712.864800 855.144000 83.000000 36.000000
V 755.712000 396.100800 12.000000 12.000000
V 495.086400 52.097760 199.000000 50.000000
V 675.763200 21.000240 146.000000 42.000000
V 301.788000 553.190400 12.000000 12.000000
V 153.201600 378.734400 83.000000 36.000000
V 933.336000 686.772000 151.000000 44.000000
V 512.899200 734.904000 12.000000 12.000000
V 472.788000 976.176000 152.000000 41.000000
V 976.896000 458.856000 150.000000 41.000000
V 339.688800 353.656800 12.000000 12.000000
V 984.600000 309.031200 203.000000 50.000000
V 830.808000 216.972000 83.000000 36.000000
V 535.737600 494.632800 153.000000 30.000000
V 69.999840 630.424800 140.000000 43.000000
V 347.212800 894.168000 217.000000 51.000000
V 152.373600 196.639200 145.000000 46.000000
V 286.488000 130.024800 201.000000 47.000000
V 170.179200 741.384000 240.000000 53.000000
V 888.048000 829.008000 209.000000 48.000000
V 623.865600 884.664000 79.000000 35.000000
E 1 0
E 5 0
E 1 6
E 7 1
E 16 1
E 17 1
E 8 2
E 14 2
E 4 3
E 10 3
E 17 3
E 3 23
E 3 24
E 4 11
E 13 5
E 5 15
E 16 5
E 17 5
E 9 8
E 17 8
E 18 8
E 8 22
E 9 14
E 12 11
E 17 11
E 11 19
E 11 24
E 17 14
E 20 14
E 14 21
G R-HSA-9937080.sbgn 16 23
V 83.498400 200.052000 167.000000 73.000000
V 290.779200 372.830400 12.000000 12.000000
V 529.200000 186.084000 12.000000 12.000000
V 621.820800 248.464800 154.000000 111.000000
V 100.548000 342.842400 12.000000 12.000000
V 215.172000 117.612000 12.000000 12.000000
V 215.136000 256.154400 92.000000 23.000000
V 323.344800 482.320800 45.000000 22.000000
V 420.796800 336.823200 232.000000 97.000000
V 505.713600 12.499920 38.000000 25.000000
V 515.880000 101.311200 12.000000 12.000000
V 76.780800 416.491200 44.000000 31.000000
V 620.121600 66.453120 46.000000 25.000000
V 649.382400 160.596000 49.000000 23.000000
V 199.807200 471.448800 186.000000 71.000000
V 354.081600 57.257280 201.000000 72.000000
E 0 4
E 0 5
E 6 1
E 7 1
E 1 8
E 11 1
E 14 1
E 2 3
E 8 2
E 9 2
E 12 2
E 13 2
E 10 3
E 6 4
E 7 4
E 11 4
E 4 14
E 6 5
E 5 15
E 9 10
E 12 10
E 13 10
E 15 10
G R-HSA-9937383.sbgn 18 20
V 489.348000 412.668000 182.000000 28.000000
V 1577.880000 297.871200 57.000000 23.000000
V 528.400800 207.237600 118.000000 29.000000
V 1064.160000 340.660800 12.000000 12.000000
V 1232.568000 240.012000 240.000000 55.000000
V 251.877600 185.947200 419.000000 41.000000
V 1125.576000 534.715200 209.000000 41.000000
V 1416.960000 189.417600 10.000000 10.000000
V 417.549600 67.906800 12.000000 12.000000
V 222.523200 590.637600 166.000000 56.000000
V 1509.696000 20.499840 235.000000 41.000000
V 700.905600 476.661600 170.000000 29.000000
V 88.999200 405.360000 178.000000 27.000000
V 631.749600 116.280000 182.000000 29.000000
V 874.080000 289.756800 130.000000 28.000000
V 671.068800 283.449600 12.000000 12.000000
V 621.684000 42.747120 380.000000 39.000000
V 281.973600 398.412000 12.000000 12.000000
E 15 0
E 0 17
E 1 7
E 2 8
E 15 2
E 4 3
E 3 6
E 3 14
E 7 4
E 5 8
E 17 5
E 10 7
E 8 13
E 8 16
E 9 17
E 15 11
E 17 12
E 15 13
E 15 14
E 16 15
G R-HSA-9938024.sbgn 40 41
V 984.168000 199.792800 72.000000 25.000000
V 598.694400 340.344000 60.000000 25.000000
V 293.421600 191.109600 46.000000 33.000000
V 923.256000 407.563200 52.000000 26.000000
V 590.450400 311.212800 12.000000 12.000000
V 840.960000 374.378400 88.000000 25.000000
V 148.838400 352.245600 12.000000 12.000000
V 1097.424000 244.634400 95.000000 24.000000
V 817.632000 90.936000 51.000000 21.000000
V 282.009600 278.301600 12.000000 12.000000
V 345.945600 200.167200 43.000000 38.000000
V 233.208000 239.947200 128.000000 46.000000
V 1093.248000 139.197600 94.000000 54.000000
V 379.490400 320.990400 325.000000 44.000000
V 713.793600 337.276800 89.000000 54.000000
V 989.784000 82.180800 198.000000 44.000000
V 1124.208000 209.491200 100.000000 25.000000
V 849.672000 408.348000 43.000000 21.000000
V 268.862400 369.007200 33.000000 36.000000
V 813.096000 121.982400 53.000000 25.000000
V 431.856000 252.208800 62.000000 25.000000
V 1047.168000 206.913600 38.000000 25.000000
V 144.885600 316.238400 128.000000 44.000000
V 582.832800 429.393600 62.000000 26.000000
V 358.020000 436.953600 278.000000 44.000000
V 1033.200000 178.056000 10.000000 10.000000
V 687.888000 270.964800 318.000000 40.000000
V 1086.480000 46.157040 12.000000 12.000000
V 1101.888000 13.000320 54.000000 26.000000
V 977.328000 293.464800 68.000000 26.000000
V 411.876000 364.824000 10.000000 10.000000
V 507.326400 386.762400 50.000000 26.000000
V 567.093600 366.890400 12.000000 12.000000
V 69.999840 388.360800 140.000000 44.000000
V 976.032000 329.032800 48.000000 26.000000
V 1008.504000 257.119200 41.000000 25.000000
V 930.096000 284.515200 10.000000 10.000000
V 976.320000 374.184000 38.000000 27.000000
V 917.424000 233.301600 125.000000 26.000000
V 894.312000 182.858400 62.000000 25.000000
E 0 36
E 4 1
E 1 32
E 9 2
E 3 36
E 14 4
E 26 4
E 5 36
E 22 6
E 6 33
E 7 25
E 8 25
E 10 9
E 11 9
E 13 9
E 18 9
E 9 22
E 12 25
E 12 27
E 30 13
E 14 36
E 25 15
E 15 27
E 16 25
E 17 36
E 19 25
E 20 32
E 21 25
E 21 36
E 23 32
E 24 30
E 36 26
E 27 28
E 29 36
E 31 30
E 32 31
E 34 36
E 35 36
E 37 36
E 38 36
E 39 36
G R-HSA-9955298.sbgn 33 35
V 152.776800 245.822400 12.000000 12.000000
V 163.483200 413.128800 12.000000 12.000000
V 391.132800 377.899200 34.000000 31.000000
V 422.632800 523.612800 34.000000 31.000000
V 695.930400 535.982400 47.000000 45.000000
V 423.237600 109.965600 12.000000 12.000000
V 99.532800 145.692000 28.000000 31.000000
V 507.405600 55.181520 39.000000 31.000000
V 342.813600 31.362480 98.000000 31.000000
V 556.502400 479.368800 38.000000 31.000000
V 161.481600 146.008800 61.000000 31.000000
V 67.234320 430.524000 75.000000 37.000000
V 545.140800 384.048000 65.000000 25.000000
V 665.604000 620.978400 69.000000 25.000000
V 585.187200 659.340000 51.000000 43.000000
V 448.826400 15.500160 98.000000 31.000000
V 120.110400 262.332000 12.000000 12.000000
V 49.685760 227.685600 74.000000 25.000000
V 145.836000 507.895200 40.000000 31.000000
V 515.620800 524.988000 38.000000 31.000000
V 91.850400 481.104000 46.000000 31.000000
V 79.603200 191.685600 43.000000 31.000000
V 66.547440 307.936800 61.000000 31.000000
V 375.480000 199.087200 60.000000 23.000000
V 13.999680 293.637600 28.000000 31.000000
V 468.871200 441.417600 12.000000 12.000000
V 520.639200 118.454400 39.000000 31.000000
V 316.195200 303.091200 12.000000 12.000000
V 208.821600 317.160000 43.000000 31.000000
V 379.987200 291.967200 43.000000 31.000000
V 202.658400 490.068000 43.000000 31.000000
V 601.099200 561.967200 12.000000 12.000000
V 313.315200 238.500000 31.000000 31.000000
E 10 0
E 17 0
E 21 0
E 0 22
E 0 28
E 11 1
E 18 1
E 1 20
E 28 1
E 1 30
E 25 2
E 27 2
E 3 25
E 31 4
E 5 7
E 5 8
E 15 5
E 23 5
E 26 5
E 16 6
E 25 9
E 31 9
E 12 25
E 13 31
E 14 31
E 17 16
E 16 21
E 24 16
E 28 16
E 19 25
E 19 31
E 23 27
E 27 28
E 29 27
E 32 27
G R-HSA-9958863.sbgn 24 28
V 201.787200 400.392000 12.000000 12.000000
V 226.245600 507.830400 105.000000 43.000000
V 231.040800 16.051680 49.000000 31.000000
V 280.015200 451.785600 45.000000 31.000000
V 197.848800 236.757600 12.000000 12.000000
V 112.788000 54.503280 35.000000 31.000000
V 193.701600 163.130400 95.000000 44.000000
V 197.524800 88.070400 12.000000 12.000000
V 42.148080 564.969600 46.000000 31.000000
V 149.580000 456.321600 95.000000 44.000000
V 17.500320 506.973600 35.000000 31.000000
V 105.177600 161.503200 66.000000 25.000000
V 218.613600 317.181600 35.000000 31.000000
V 289.036800 407.268000 45.000000 31.000000
V 169.574400 315.295200 35.000000 31.000000
V 301.723200 163.526400 105.000000 43.000000
V 309.902400 237.823200 36.000000 31.000000
V 169.250400 598.176000 35.000000 31.000000
V 88.423200 231.134400 45.000000 31.000000
V 82.425600 413.820000 66.000000 25.000000
V 102.067200 602.172000 46.000000 31.000000
V 162.820800 15.500160 49.000000 31.000000
V 110.635200 522.043200 12.000000 12.000000
V 282.708000 55.043280 35.000000 31.000000
E 0 1
E 3 0
E 9 0
E 0 12
E 0 13
E 0 14
E 19 0
E 22 1
E 2 7
E 6 4
E 11 4
E 4 12
E 4 14
E 4 15
E 16 4
E 4 18
E 5 7
E 6 7
E 11 7
E 7 15
E 7 21
E 23 7
E 22 8
E 9 22
E 22 10
E 22 17
E 19 22
E 20 22
G R-HSA-9959399.sbgn 15 15
V 247.802400 242.848800 12.000000 12.000000
V 328.989600 269.395200 80.000000 37.000000
V 195.012000 15.500160 32.000000 31.000000
V 179.287200 293.277600 32.000000 31.000000
V 103.788000 253.713600 12.000000 12.000000
V 28.242720 293.443200 46.000000 23.000000
V 23.999760 222.112800 48.000000 31.000000
V 244.000800 60.927840 144.000000 35.000000
V 122.025600 20.967840 68.000000 25.000000
V 164.311200 95.911200 12.000000 12.000000
V 321.364800 198.792000 80.000000 37.000000
V 80.301600 73.195200 140.000000 33.000000
V 171.266400 188.971200 32.000000 31.000000
V 279.129600 325.713600 110.000000 41.000000
V 86.349600 340.653600 48.000000 31.000000
E 1 0
E 3 0
E 0 10
E 0 12
E 13 0
E 2 9
E 3 4
E 5 4
E 6 4
E 4 12
E 4 14
E 9 7
E 8 9
E 11 9
E 9 12
G R-HSA-9968295.sbgn 30 29
V 2098.584000 1064.520000 125.000000 27.000000
V 1817.928000 1120.680000 234.000000 27.000000
V 126.028800 42.515280 203.000000 35.000000
V 1667.088000 1082.952000 12.000000 12.000000
V 626.601600 161.848800 29.000000 24.000000
V 676.620000 453.182400 12.000000 12.000000
V 1172.736000 762.408000 10.000000 10.000000
V 1262.592000 891.360000 174.000000 40.000000
V 1265.256000 632.476800 40.000000 33.000000
V 1740.888000 941.184000 40.000000 32.000000
V 495.115200 186.386400 12.000000 12.000000
V 28.543680 123.141600 40.000000 33.000000
V 613.627200 56.859840 127.000000 25.000000
V 1968.552000 1149.048000 10.000000 10.000000
V 1644.984000 1244.880000 45.000000 31.000000
V 161.265600 205.394400 12.000000 12.000000
V 2038.824000 1286.352000 118.000000 27.000000
V 326.779200 220.888800 303.000000 45.000000
V 15.999840 265.449600 32.000000 33.000000
V 773.064000 825.984000 45.000000 23.000000
V 779.616000 563.515200 207.000000 43.000000
V 1287.576000 1159.344000 91.000000 27.000000
V 1019.664000 727.776000 198.000000 45.000000
V 1360.296000 1014.408000 10.000000 10.000000
V 101.779200 356.313600 36.000000 33.000000
V 428.140800 67.273920 143.000000 36.000000
V 1516.824000 1035.072000 223.000000 28.000000
V 865.944000 693.705600 10.000000 10.000000
V 574.099200 336.744000 228.000000 45.000000
V 519.494400 12.499920 123.000000 25.000000
E 0 13
E 1 3
E 13 1
E 15 2
E 3 9
E 14 3
E 3 26
E 4 10
E 20 5
E 5 28
E 7 6
E 8 6
E 6 22
E 23 7
E 12 10
E 10 17
E 25 10
E 28 10
E 29 10
E 15 11
E 16 13
E 17 15
E 15 18
E 24 15
E 19 27
E 27 20
E 21 23
E 22 27
E 26 23
G R-HSA-9968297.sbgn 23 22
V 221.796000 213.789600 77.000000 26.000000
V 406.101600 1275.336000 37.000000 27.000000
V 212.529600 16.999920 240.000000 34.000000
V 346.010400 838.584000 411.000000 31.000000
V 428.752800 332.539200 148.000000 28.000000
V 226.476000 1188.864000 40.000000 29.000000
V 315.914400 514.008000 12.000000 12.000000
V 353.534400 946.296000 12.000000 12.000000
V 134.769600 131.155200 12.000000 12.000000
V 482.752800 198.439200 128.000000 30.000000
V 317.210400 161.935200 208.000000 27.000000
V 18.499680 104.637600 37.000000 33.000000
V 482.292000 265.716000 113.000000 29.000000
V 312.566400 398.476800 322.000000 30.000000
V 349.336800 1056.456000 392.000000 28.000000
V 339.580800 274.370400 12.000000 12.000000
V 469.483200 1190.160000 213.000000 31.000000
V 347.724000 1174.392000 12.000000 12.000000
V 285.458400 1274.184000 39.000000 30.000000
V 335.368800 731.520000 12.000000 12.000000
V 327.153600 623.678400 479.000000 31.000000
V 64.000080 23.743440 41.000000 33.000000
V 34.361280 198.684000 55.000000 28.000000
E 8 0
E 0 15
E 17 1
E 2 8
E 3 7
E 19 3
E 4 15
E 17 5
E 13 6
E 6 20
E 7 14
E 8 11
E 21 8
E 22 8
E 9 15
E 10 15
E 12 15
E 15 13
E 14 17
E 17 16
E 18 17
E 20 19
