# 248 graphs of 15 to 40 nodes from ../parsed/sbgn, chords only
G R-HSA-109704.sbgn 27 26
V 1137.000000 819.000000 12.000000 12.000000
V 816.000000 652.000000 12.000000 12.000000
V 691.000000 771.000000 42.000000 30.000000
V 1359.000000 373.000000 12.000000 12.000000
V 1467.500000 371.000000 123.000000 36.000000
V 1224.000000 778.000000 42.000000 30.000000
V 1373.500000 868.000000 85.000000 22.000000
V 1297.000000 655.000000 12.000000 12.000000
V 1286.500000 476.000000 41.000000 30.000000
V 695.500000 830.000000 55.000000 30.000000
V 1465.000000 277.000000 76.000000 30.000000
V 763.000000 721.000000 112.000000 22.000000
V 769.000000 580.000000 52.000000 22.000000
V 1372.000000 778.000000 10.000000 10.000000
V 763.000000 796.000000 12.000000 12.000000
V 1460.500000 676.000000 51.000000 22.000000
V 1197.000000 554.000000 98.000000 36.000000
V 1022.000000 778.000000 42.000000 30.000000
V 1254.500000 864.000000 77.000000 22.000000
V 1189.000000 706.000000 98.000000 22.000000
V 826.500000 797.000000 47.000000 30.000000
V 1125.500000 868.500000 77.000000 23.000000
V 1461.000000 498.000000 82.000000 30.000000
V 977.000000 863.000000 106.000000 36.000000
V 1306.000000 295.000000 42.000000 30.000000
V 857.000000 577.000000 42.000000 30.000000
V 868.000000 723.000000 42.000000 30.000000
E 5 0
E 0 17
E 18 0
E 21 0
E 0 23
E 1 11
E 12 1
E 23 1
E 25 1
E 1 26
E 2 14
E 4 3
E 3 8
E 10 3
E 3 22
E 24 3
E 13 6
E 16 7
E 7 18
E 7 19
E 22 7
E 9 14
E 11 14
E 15 13
E 22 13
E 14 20
G R-HSA-112313.sbgn 15 14
V 258.000000 302.000000 12.000000 12.000000
V 516.000000 232.000000 12.000000 12.000000
V 259.500000 463.000000 113.000000 44.000000
V 142.000000 422.500000 36.000000 31.000000
V 187.500000 214.000000 103.000000 30.000000
V 757.500000 437.000000 135.000000 44.000000
V 524.500000 340.000000 125.000000 50.000000
V 523.000000 447.000000 12.000000 12.000000
V 288.000000 178.000000 90.000000 30.000000
V 81.500000 344.500000 41.000000 31.000000
V 164.000000 285.000000 96.000000 36.000000
V 371.000000 235.000000 92.000000 44.000000
V 403.000000 452.000000 138.000000 30.000000
V 739.500000 233.000000 135.000000 44.000000
V 519.500000 112.000000 125.000000 36.000000
E 0 2
E 0 3
E 4 0
E 8 0
E 0 9
E 10 0
E 11 0
E 0 12
E 1 11
E 13 1
E 14 1
E 7 5
E 6 7
E 12 7
G R-HSA-112314.sbgn 16 20
V 332.000000 106.000000 102.000000 34.000000
V 449.500000 16.000000 35.000000 30.000000
V 455.000000 108.000000 12.000000 12.000000
V 706.000000 72.000000 40.000000 30.000000
V 651.500000 175.500000 67.000000 35.000000
V 402.500000 24.000000 43.000000 30.000000
V 650.500000 304.000000 117.000000 48.000000
V 650.000000 107.000000 10.000000 10.000000
V 511.000000 25.000000 50.000000 30.000000
V 417.500000 228.000000 35.000000 30.000000
V 650.000000 227.000000 10.000000 10.000000
V 433.000000 108.000000 12.000000 12.000000
V 750.000000 228.500000 112.000000 35.000000
V 560.000000 108.000000 104.000000 36.000000
V 355.500000 193.000000 43.000000 30.000000
V 477.000000 232.000000 50.000000 30.000000
E 0 11
E 1 2
E 1 11
E 5 2
E 8 2
E 2 9
E 13 2
E 2 14
E 2 15
E 3 7
E 4 7
E 4 10
E 5 11
E 10 6
E 7 13
E 8 11
E 11 9
E 12 10
E 11 14
E 11 15
G R-HSA-112409.sbgn 27 28
V 816.000000 518.000000 100.000000 36.000000
V 461.000000 425.000000 10.000000 10.000000
V 304.500000 392.000000 95.000000 36.000000
V 593.000000 497.000000 38.000000 30.000000
V 322.000000 197.000000 40.000000 30.000000
V 563.000000 739.000000 102.000000 36.000000
V 784.000000 722.000000 40.000000 30.000000
V 554.000000 425.000000 98.000000 36.000000
V 339.000000 781.000000 100.000000 22.000000
V 207.000000 222.000000 96.000000 22.000000
V 64.500000 610.000000 129.000000 78.000000
V 684.000000 452.000000 12.000000 12.000000
V 922.000000 800.000000 10.000000 10.000000
V 999.500000 580.000000 125.000000 36.000000
V 343.500000 123.000000 95.000000 22.000000
V 695.000000 755.000000 12.000000 12.000000
V 820.500000 799.000000 129.000000 36.000000
V 1027.500000 730.000000 125.000000 36.000000
V 332.500000 708.000000 49.000000 22.000000
V 306.000000 62.000000 38.000000 30.000000
V 252.000000 131.000000 12.000000 12.000000
V 787.000000 422.000000 40.000000 30.000000
V 459.000000 739.000000 10.000000 10.000000
V 900.000000 517.000000 12.000000 12.000000
V 337.500000 457.000000 49.000000 22.000000
V 209.000000 59.000000 58.000000 22.000000
V 603.000000 792.000000 38.000000 30.000000
E 11 0
E 0 23
E 2 1
E 1 7
E 10 1
E 24 1
E 23 2
E 3 11
E 20 4
E 5 15
E 22 5
E 15 6
E 7 11
E 12 8
E 8 22
E 9 11
E 20 9
E 10 22
E 11 21
E 16 12
E 12 17
E 23 13
E 14 20
E 15 16
E 26 15
E 18 22
E 19 20
E 25 20
G R-HSA-114508.sbgn 36 37
V 404.500000 26.500000 121.000000 41.000000
V 235.500000 318.500000 35.000000 29.000000
V 295.500000 28.000000 75.000000 30.000000
V 590.500000 335.500000 57.000000 31.000000
V 679.500000 32.500000 101.000000 35.000000
V 549.500000 417.000000 93.000000 36.000000
V 475.000000 164.000000 12.000000 12.000000
V 23.000000 310.500000 46.000000 35.000000
V 344.000000 368.000000 12.000000 12.000000
V 893.500000 140.000000 111.000000 38.000000
V 294.500000 167.000000 183.000000 36.000000
V 202.000000 32.000000 98.000000 38.000000
V 423.500000 339.000000 43.000000 30.000000
V 810.500000 335.000000 75.000000 32.000000
V 809.000000 219.000000 132.000000 46.000000
V 590.000000 298.000000 12.000000 12.000000
V 788.000000 89.000000 10.000000 10.000000
V 35.500000 237.500000 41.000000 35.000000
V 403.000000 83.000000 10.000000 10.000000
V 787.000000 293.000000 10.000000 10.000000
V 591.500000 255.500000 57.000000 31.000000
V 85.500000 31.500000 115.000000 33.000000
V 689.500000 297.000000 125.000000 38.000000
V 546.000000 32.000000 132.000000 38.000000
V 798.000000 31.000000 96.000000 32.000000
V 413.500000 205.500000 39.000000 31.000000
V 434.000000 409.000000 42.000000 30.000000
V 566.000000 201.500000 38.000000 31.000000
V 123.000000 310.000000 12.000000 12.000000
V 150.000000 240.500000 42.000000 29.000000
V 143.000000 146.000000 12.000000 12.000000
V 44.500000 177.500000 65.000000 29.000000
V 248.000000 76.000000 10.000000 10.000000
V 189.000000 361.500000 60.000000 31.000000
V 344.000000 413.000000 70.000000 22.000000
V 148.500000 406.500000 39.000000 31.000000
E 18 0
E 8 1
E 28 1
E 2 32
E 3 15
E 4 6
E 4 16
E 4 18
E 4 30
E 4 32
E 5 6
E 6 10
E 6 25
E 27 6
E 7 28
E 12 8
E 26 8
E 8 33
E 34 8
E 8 35
E 16 9
E 32 11
E 13 19
E 14 19
E 15 20
E 22 15
E 20 16
E 24 16
E 17 28
E 30 17
E 23 18
E 19 22
E 21 30
E 29 28
E 28 33
E 28 35
E 30 31
G R-HSA-1170546.sbgn 28 29
V 654.000000 299.000000 10.000000 10.000000
V 249.000000 78.000000 10.000000 10.000000
V 571.000000 259.000000 98.000000 36.000000
V 262.500000 200.000000 77.000000 22.000000
V 139.500000 23.000000 115.000000 36.000000
V 146.500000 81.000000 113.000000 36.000000
V 415.000000 175.000000 12.000000 12.000000
V 117.500000 460.000000 131.000000 50.000000
V 469.500000 129.000000 41.000000 30.000000
V 492.000000 390.000000 12.000000 12.000000
V 537.000000 26.000000 38.000000 22.000000
V 346.500000 135.000000 39.000000 30.000000
V 462.500000 604.000000 127.000000 64.000000
V 248.500000 24.000000 69.000000 36.000000
V 146.000000 178.000000 116.000000 52.000000
V 145.000000 126.000000 12.000000 12.000000
V 369.000000 26.000000 70.000000 22.000000
V 100.500000 530.500000 201.000000 45.000000
V 243.000000 456.000000 12.000000 12.000000
V 497.500000 54.000000 37.000000 22.000000
V 565.000000 174.000000 134.000000 50.000000
V 309.000000 54.000000 10.000000 10.000000
V 294.000000 389.000000 40.000000 30.000000
V 581.000000 391.500000 128.000000 75.000000
V 41.000000 385.000000 10.000000 10.000000
V 295.000000 517.000000 42.000000 30.000000
V 148.000000 356.000000 120.000000 50.000000
V 439.000000 27.000000 10.000000 10.000000
E 2 0
E 20 0
E 0 23
E 4 1
E 1 5
E 13 1
E 23 1
E 9 2
E 3 24
E 5 15
E 6 8
E 11 6
E 14 6
E 6 20
E 7 18
E 24 7
E 9 12
E 23 9
E 10 27
E 21 13
E 15 14
E 14 24
E 16 21
E 27 16
E 18 17
E 22 18
E 18 25
E 26 18
E 19 27
G R-HSA-1181150.sbgn 21 20
V 192.000000 553.500000 66.000000 23.000000
V 238.000000 506.500000 86.000000 29.000000
V 415.500000 743.000000 171.000000 26.000000
V 682.000000 546.000000 114.000000 22.000000
V 256.000000 553.000000 12.000000 12.000000
V 567.000000 721.000000 10.000000 10.000000
V 210.000000 445.500000 84.000000 29.000000
V 141.000000 594.000000 12.000000 12.000000
V 395.000000 698.000000 70.000000 24.000000
V 621.000000 584.000000 10.000000 10.000000
V 137.500000 482.500000 99.000000 25.000000
V 513.000000 390.000000 196.000000 22.000000
V 737.500000 762.500000 325.000000 27.000000
V 482.500000 532.000000 157.000000 24.000000
V 149.500000 728.000000 159.000000 22.000000
V 751.500000 393.500000 121.000000 21.000000
V 464.000000 607.500000 178.000000 19.000000
V 732.000000 655.000000 338.000000 26.000000
V 508.000000 440.000000 12.000000 12.000000
V 475.000000 576.000000 74.000000 20.000000
V 754.000000 436.500000 84.000000 29.000000
E 0 7
E 1 4
E 2 5
E 3 9
E 4 13
E 14 4
E 8 5
E 5 12
E 13 5
E 18 6
E 10 7
E 7 14
E 13 9
E 16 9
E 9 17
E 19 9
E 18 10
E 11 18
E 15 18
E 20 18
G R-HSA-1221632.sbgn 25 24
V 293.000000 213.500000 318.000000 29.000000
V 474.000000 331.000000 68.000000 30.000000
V 154.000000 417.000000 70.000000 32.000000
V 157.500000 466.000000 81.000000 32.000000
V 287.000000 151.000000 12.000000 12.000000
V 654.000000 182.500000 246.000000 61.000000
V 145.500000 372.000000 75.000000 28.000000
V 970.500000 142.000000 67.000000 30.000000
V 321.500000 53.500000 73.000000 31.000000
V 184.000000 330.500000 74.000000 31.000000
V 1003.000000 237.000000 104.000000 32.000000
V 895.500000 42.000000 63.000000 28.000000
V 942.500000 92.000000 67.000000 30.000000
V 390.000000 310.500000 66.000000 25.000000
V 983.500000 187.000000 71.000000 30.000000
V 939.500000 462.000000 297.000000 34.000000
V 478.500000 371.000000 73.000000 26.000000
V 221.000000 286.500000 72.000000 31.000000
V 351.000000 586.000000 186.000000 26.000000
V 1004.000000 279.000000 68.000000 26.000000
V 224.500000 52.500000 75.000000 31.000000
V 352.000000 276.000000 74.000000 22.000000
V 116.000000 97.000000 168.000000 24.000000
V 288.000000 459.000000 12.000000 12.000000
V 836.000000 373.000000 12.000000 12.000000
E 4 0
E 0 23
E 0 24
E 1 23
E 2 23
E 3 23
E 8 4
E 20 4
E 22 4
E 5 24
E 6 23
E 7 24
E 9 23
E 10 24
E 11 24
E 12 24
E 13 23
E 14 24
E 24 15
E 16 23
E 17 23
E 23 18
E 19 24
E 21 23
G R-HSA-1222499.sbgn 35 41
V 1009.000000 1098.000000 12.000000 12.000000
V 1155.000000 1259.000000 36.000000 30.000000
V 907.500000 1034.000000 37.000000 22.000000
V 936.500000 732.000000 89.000000 30.000000
V 418.000000 830.000000 32.000000 22.000000
V 653.000000 945.000000 12.000000 12.000000
V 1143.500000 985.500000 83.000000 23.000000
V 779.500000 734.000000 95.000000 22.000000
V 930.500000 869.000000 51.000000 30.000000
V 423.500000 923.000000 97.000000 22.000000
V 652.500000 724.000000 43.000000 30.000000
V 735.000000 838.000000 82.000000 22.000000
V 880.000000 1235.000000 60.000000 30.000000
V 654.000000 777.000000 52.000000 30.000000
V 790.500000 873.000000 43.000000 30.000000
V 701.500000 892.000000 43.000000 30.000000
V 599.000000 833.000000 58.000000 22.000000
V 1046.000000 1150.000000 122.000000 22.000000
V 782.000000 778.000000 12.000000 12.000000
V 653.500000 1037.000000 89.000000 30.000000
V 507.000000 868.000000 12.000000 12.000000
V 876.000000 1105.000000 124.000000 36.000000
V 742.500000 975.000000 113.000000 22.000000
V 506.000000 829.000000 58.000000 22.000000
V 1011.000000 1190.000000 12.000000 12.000000
V 588.500000 887.000000 107.000000 22.000000
V 924.000000 785.000000 40.000000 22.000000
V 924.000000 970.000000 12.000000 12.000000
V 1010.500000 1054.000000 51.000000 22.000000
V 434.500000 748.000000 89.000000 30.000000
V 859.000000 835.000000 12.000000 12.000000
V 1206.500000 1140.000000 59.000000 30.000000
V 1002.000000 1231.000000 74.000000 22.000000
V 538.000000 740.000000 70.000000 22.000000
V 539.000000 778.000000 12.000000 12.000000
E 2 0
E 0 6
E 0 17
E 21 0
E 28 0
E 1 24
E 24 2
E 2 27
E 3 18
E 20 4
E 4 34
E 5 13
E 5 15
E 19 5
E 22 5
E 5 25
E 6 24
E 27 6
E 7 18
E 7 30
E 8 30
E 20 9
E 18 10
E 34 10
E 18 11
E 11 27
E 30 11
E 24 12
E 18 13
E 34 13
E 30 14
E 16 20
E 34 16
E 26 18
E 23 20
E 31 24
E 32 24
E 27 26
E 26 30
E 29 34
E 33 34
G R-HSA-1234174.sbgn 24 23
V 1289.000000 882.000000 12.000000 12.000000
V 1397.500000 1213.000000 33.000000 22.000000
V 1183.500000 1074.500000 81.000000 51.000000
V 1395.000000 1094.000000 12.000000 12.000000
V 1335.500000 651.000000 35.000000 22.000000
V 1211.500000 270.000000 67.000000 22.000000
V 1211.500000 138.000000 67.000000 22.000000
V 821.500000 1003.500000 87.000000 51.000000
V 1317.000000 275.000000 42.000000 22.000000
V 1262.000000 400.000000 10.000000 10.000000
V 879.000000 1089.000000 12.000000 12.000000
V 1261.500000 1242.000000 49.000000 22.000000
V 1314.500000 1082.500000 65.000000 51.000000
V 1255.000000 1107.000000 12.000000 12.000000
V 1358.500000 884.000000 51.000000 22.000000
V 1290.500000 1016.000000 89.000000 22.000000
V 1046.000000 1056.500000 64.000000 51.000000
V 1211.000000 199.000000 12.000000 12.000000
V 1262.000000 471.000000 28.000000 22.000000
V 557.500000 1108.000000 55.000000 22.000000
V 1350.500000 787.000000 53.000000 22.000000
V 1096.000000 1242.000000 32.000000 22.000000
V 1360.500000 708.000000 47.000000 22.000000
V 1092.000000 1090.000000 12.000000 12.000000
E 4 0
E 14 0
E 0 15
E 18 0
E 20 0
E 22 0
E 3 1
E 2 13
E 12 3
E 15 3
E 5 9
E 17 5
E 6 17
E 7 10
E 8 9
E 9 18
E 18 10
E 10 19
E 13 11
E 15 13
E 15 23
E 16 23
E 23 21
G R-HSA-1237044.sbgn 27 29
V 62.000000 188.000000 52.000000 22.000000
V 325.000000 273.000000 84.000000 22.000000
V 412.000000 274.000000 10.000000 10.000000
V 166.000000 187.000000 12.000000 12.000000
V 413.000000 390.000000 12.000000 12.000000
V 125.000000 188.000000 12.000000 12.000000
V 632.000000 166.500000 56.000000 33.000000
V 608.000000 463.000000 32.000000 30.000000
V 388.000000 66.000000 12.000000 12.000000
V 456.500000 451.000000 35.000000 30.000000
V 251.000000 358.000000 40.000000 30.000000
V 272.000000 106.000000 40.000000 30.000000
V 690.500000 512.000000 85.000000 48.000000
V 693.500000 90.000000 35.000000 30.000000
V 413.500000 328.000000 73.000000 34.000000
V 147.000000 391.000000 40.000000 30.000000
V 338.000000 511.000000 70.000000 22.000000
V 513.500000 16.000000 35.000000 30.000000
V 493.000000 511.000000 10.000000 10.000000
V 684.500000 279.000000 35.000000 30.000000
V 609.500000 390.000000 55.000000 30.000000
V 524.500000 326.000000 123.000000 36.000000
V 632.000000 216.000000 12.000000 12.000000
V 390.500000 184.000000 73.000000 22.000000
V 239.000000 186.500000 60.000000 37.000000
V 562.500000 84.000000 55.000000 30.000000
V 148.000000 67.000000 40.000000 30.000000
E 0 5
E 1 2
E 14 2
E 2 21
E 3 15
E 24 3
E 26 3
E 4 9
E 10 4
E 14 4
E 15 4
E 4 20
E 5 15
E 26 5
E 6 22
E 18 7
E 11 8
E 8 17
E 23 8
E 8 25
E 26 8
E 9 18
E 18 12
E 13 22
E 15 18
E 16 18
E 22 19
E 20 22
E 22 25
G R-HSA-1247673.sbgn 24 26
V 175.000000 384.000000 118.000000 30.000000
V 229.500000 150.500000 125.000000 25.000000
V 683.500000 60.000000 47.000000 30.000000
V 788.500000 416.000000 101.000000 30.000000
V 645.500000 166.000000 121.000000 28.000000
V 871.000000 168.500000 52.000000 29.000000
V 741.000000 167.000000 12.000000 12.000000
V 366.000000 299.000000 118.000000 30.000000
V 546.000000 119.500000 104.000000 25.000000
V 769.500000 23.000000 135.000000 44.000000
V 356.000000 476.000000 10.000000 10.000000
V 444.500000 376.000000 91.000000 30.000000
V 81.500000 22.500000 113.000000 37.000000
V 403.500000 75.500000 59.000000 35.000000
V 807.000000 168.000000 12.000000 12.000000
V 534.500000 286.500000 95.000000 25.000000
V 82.500000 282.500000 65.000000 35.000000
V 228.000000 198.000000 12.000000 12.000000
V 544.000000 11.000000 12.000000 12.000000
V 695.500000 306.000000 101.000000 30.000000
V 137.500000 477.500000 237.000000 29.000000
V 543.000000 342.000000 12.000000 12.000000
V 755.500000 491.000000 109.000000 26.000000
V 244.500000 52.000000 37.000000 30.000000
E 0 10
E 1 17
E 18 2
E 3 6
E 10 3
E 3 14
E 21 3
E 4 6
E 5 14
E 6 9
E 17 7
E 7 21
E 8 18
E 14 9
E 18 9
E 10 11
E 20 10
E 10 22
E 11 21
E 12 17
E 12 18
E 17 13
E 15 21
E 16 17
E 23 18
E 21 19
G R-HSA-1268020.sbgn 24 25
V 264.500000 645.000000 27.000000 30.000000
V 540.000000 420.000000 10.000000 10.000000
V 278.500000 601.000000 41.000000 30.000000
V 539.500000 528.000000 43.000000 30.000000
V 797.000000 420.000000 154.000000 28.000000
V 522.500000 324.500000 229.000000 27.000000
V 541.000000 479.500000 116.000000 39.000000
V 531.000000 591.000000 160.000000 36.000000
V 395.500000 278.500000 221.000000 27.000000
V 406.000000 662.000000 210.000000 42.000000
V 364.000000 403.000000 10.000000 10.000000
V 626.000000 554.000000 12.000000 12.000000
V 648.000000 373.000000 120.000000 24.000000
V 133.000000 570.000000 40.000000 30.000000
V 399.000000 548.000000 12.000000 12.000000
V 414.500000 596.000000 43.000000 30.000000
V 216.000000 588.000000 12.000000 12.000000
V 241.000000 365.000000 118.000000 22.000000
V 698.000000 511.000000 148.000000 30.000000
V 232.000000 537.500000 138.000000 25.000000
V 691.000000 449.000000 12.000000 12.000000
V 200.500000 707.000000 155.000000 30.000000
V 717.500000 645.000000 219.000000 44.000000
V 369.500000 469.000000 125.000000 34.000000
E 16 0
E 5 1
E 1 6
E 12 1
E 16 2
E 3 11
E 20 4
E 6 11
E 7 11
E 7 14
E 8 10
E 14 9
E 17 10
E 10 23
E 11 18
E 11 22
E 20 12
E 13 16
E 15 14
E 14 19
E 23 14
E 16 17
E 19 16
E 16 21
E 18 20
G R-HSA-1362409.sbgn 21 24
V 260.000000 448.000000 62.000000 30.000000
V 110.500000 206.500000 63.000000 31.000000
V 507.000000 437.500000 160.000000 27.000000
V 694.000000 275.000000 12.000000 12.000000
V 652.000000 232.000000 36.000000 30.000000
V 345.000000 241.000000 12.000000 12.000000
V 172.000000 204.000000 12.000000 12.000000
V 388.000000 141.000000 176.000000 24.000000
V 697.500000 430.000000 85.000000 22.000000
V 172.500000 138.500000 87.000000 37.000000
V 349.500000 497.000000 235.000000 26.000000
V 653.000000 314.500000 40.000000 23.000000
V 613.000000 360.000000 12.000000 12.000000
V 747.000000 360.000000 60.000000 30.000000
V 345.000000 388.000000 12.000000 12.000000
V 498.500000 370.000000 159.000000 30.000000
V 345.000000 283.500000 190.000000 23.000000
V 645.500000 169.000000 69.000000 22.000000
V 251.000000 207.500000 62.000000 29.000000
V 485.500000 313.000000 85.000000 28.000000
V 732.000000 168.000000 60.000000 30.000000
E 14 0
E 1 6
E 2 12
E 14 2
E 4 3
E 3 8
E 11 3
E 3 13
E 17 3
E 20 3
E 12 4
E 7 5
E 5 16
E 18 5
E 9 6
E 6 18
E 8 12
E 14 10
E 11 12
E 12 15
E 12 17
E 15 14
E 16 14
E 19 14
G R-HSA-140534.sbgn 20 23
V 208.000000 553.000000 10.000000 10.000000
V 567.500000 237.000000 45.000000 22.000000
V 191.500000 612.000000 127.000000 64.000000
V 266.500000 380.000000 99.000000 36.000000
V 685.500000 84.000000 127.000000 50.000000
V 168.000000 552.000000 10.000000 10.000000
V 479.000000 100.000000 116.000000 64.000000
V 789.000000 143.000000 10.000000 10.000000
V 330.000000 451.000000 10.000000 10.000000
V 336.500000 604.000000 119.000000 50.000000
V 244.000000 429.000000 92.000000 22.000000
V 892.500000 89.000000 127.000000 50.000000
V 296.500000 101.000000 129.000000 36.000000
V 369.000000 160.000000 10.000000 10.000000
V 339.000000 286.000000 10.000000 10.000000
V 222.500000 320.000000 129.000000 36.000000
V 437.500000 288.000000 127.000000 50.000000
V 232.500000 215.000000 93.000000 22.000000
V 412.000000 450.500000 116.000000 37.000000
V 334.500000 518.000000 131.000000 50.000000
E 0 9
E 10 0
E 12 0
E 1 7
E 1 13
E 1 14
E 5 2
E 3 8
E 4 5
E 4 7
E 10 5
E 13 6
E 7 11
E 17 7
E 10 8
E 17 8
E 18 8
E 8 19
E 12 13
E 17 13
E 15 14
E 14 16
E 17 14
G R-HSA-1442490.sbgn 22 30
V 204.000000 11.000000 130.000000 22.000000
V 457.500000 267.000000 109.000000 22.000000
V 329.000000 374.000000 116.000000 36.000000
V 212.000000 357.000000 12.000000 12.000000
V 208.000000 81.000000 12.000000 12.000000
V 144.000000 293.000000 130.000000 22.000000
V 343.000000 80.000000 116.000000 36.000000
V 178.000000 245.000000 12.000000 12.000000
V 173.000000 203.000000 12.000000 12.000000
V 66.500000 375.000000 111.000000 36.000000
V 467.000000 178.000000 54.000000 22.000000
V 65.500000 219.000000 107.000000 36.000000
V 214.000000 338.000000 12.000000 12.000000
V 288.000000 221.000000 116.000000 36.000000
V 210.000000 377.000000 12.000000 12.000000
V 210.000000 399.000000 12.000000 12.000000
V 197.000000 104.000000 12.000000 12.000000
V 207.000000 65.000000 12.000000 12.000000
V 161.500000 465.000000 87.000000 22.000000
V 259.000000 464.000000 54.000000 22.000000
V 181.000000 223.000000 12.000000 12.000000
V 68.000000 75.000000 104.000000 36.000000
E 0 17
E 1 3
E 1 4
E 1 20
E 3 2
E 12 2
E 14 2
E 15 2
E 9 3
E 4 6
E 21 4
E 5 7
E 16 6
E 17 6
E 11 7
E 7 13
E 10 8
E 11 8
E 8 13
E 9 12
E 9 14
E 9 15
E 10 12
E 10 16
E 11 20
E 20 13
E 19 14
E 18 15
E 21 16
E 21 17
G R-HSA-1474228.sbgn 27 32
V 660.000000 94.000000 12.000000 12.000000
V 1040.500000 106.000000 131.000000 22.000000
V 139.000000 306.000000 126.000000 22.000000
V 402.500000 35.500000 69.000000 49.000000
V 939.000000 94.000000 12.000000 12.000000
V 403.000000 94.000000 12.000000 12.000000
V 673.000000 119.000000 12.000000 12.000000
V 941.000000 32.000000 88.000000 64.000000
V 940.000000 117.000000 12.000000 12.000000
V 979.000000 214.000000 12.000000 12.000000
V 44.500000 384.000000 65.000000 22.000000
V 501.500000 69.000000 71.000000 22.000000
V 201.000000 343.000000 46.000000 22.000000
V 504.500000 152.500000 89.000000 21.000000
V 661.000000 32.000000 116.000000 50.000000
V 347.500000 106.000000 35.000000 22.000000
V 1079.500000 215.000000 131.000000 36.000000
V 278.500000 383.000000 113.000000 22.000000
V 147.000000 409.000000 12.000000 12.000000
V 447.500000 397.000000 109.000000 22.000000
V 403.000000 123.000000 12.000000 12.000000
V 909.000000 216.000000 84.000000 22.000000
V 871.000000 106.000000 84.000000 22.000000
V 759.000000 107.000000 96.000000 22.000000
V 151.000000 383.000000 12.000000 12.000000
V 137.000000 359.000000 12.000000 12.000000
V 590.000000 106.000000 46.000000 22.000000
E 14 0
E 0 23
E 26 0
E 4 1
E 8 1
E 2 25
E 3 5
E 7 4
E 22 4
E 5 11
E 5 13
E 15 5
E 19 6
E 6 23
E 26 6
E 19 8
E 22 8
E 9 16
E 19 9
E 21 9
E 10 18
E 10 24
E 10 25
E 20 11
E 12 24
E 20 13
E 15 20
E 18 17
E 24 17
E 25 17
E 19 18
E 19 20
G R-HSA-1502540.sbgn 24 24
V 1055.000000 378.000000 38.000000 30.000000
V 139.000000 388.000000 40.000000 30.000000
V 1069.500000 192.000000 57.000000 22.000000
V 70.000000 190.000000 56.000000 22.000000
V 124.500000 298.000000 223.000000 28.000000
V 313.000000 47.500000 134.000000 23.000000
V 464.500000 79.000000 49.000000 24.000000
V 657.000000 50.000000 10.000000 10.000000
V 991.000000 253.000000 10.000000 10.000000
V 852.000000 391.000000 40.000000 30.000000
V 512.500000 243.500000 109.000000 37.000000
V 467.500000 17.500000 41.000000 23.000000
V 252.000000 341.000000 12.000000 12.000000
V 943.000000 341.000000 12.000000 12.000000
V 385.000000 289.500000 254.000000 23.000000
V 433.000000 134.000000 124.000000 22.000000
V 657.000000 70.000000 10.000000 10.000000
V 691.000000 274.500000 236.000000 27.000000
V 163.000000 252.000000 10.000000 10.000000
V 349.500000 395.000000 41.000000 30.000000
V 999.500000 300.000000 217.000000 24.000000
V 913.000000 80.500000 146.000000 21.000000
V 913.500000 52.000000 147.000000 22.000000
V 498.000000 192.000000 152.000000 26.000000
E 0 13
E 1 12
E 2 8
E 3 18
E 4 12
E 18 4
E 5 7
E 5 16
E 5 18
E 6 16
E 11 7
E 7 22
E 10 8
E 15 8
E 8 20
E 23 8
E 13 9
E 10 18
E 12 14
E 12 19
E 13 17
E 20 13
E 16 21
E 23 18
G R-HSA-1566948.sbgn 31 30
V 971.500000 335.000000 51.000000 22.000000
V 1122.000000 574.000000 116.000000 48.000000
V 637.500000 163.000000 45.000000 22.000000
V 957.000000 135.000000 10.000000 10.000000
V 299.000000 100.000000 10.000000 10.000000
V 208.500000 30.000000 103.000000 36.000000
V 1202.500000 437.000000 119.000000 36.000000
V 1122.000000 512.000000 10.000000 10.000000
V 555.000000 124.000000 10.000000 10.000000
V 551.000000 57.000000 10.000000 10.000000
V 558.000000 201.000000 12.000000 12.000000
V 652.000000 125.500000 102.000000 33.000000
V 401.000000 31.500000 126.000000 29.000000
V 1038.500000 136.000000 77.000000 22.000000
V 1036.000000 245.000000 10.000000 10.000000
V 38.500000 61.000000 77.000000 22.000000
V 400.500000 100.500000 107.000000 25.000000
V 750.000000 134.000000 12.000000 12.000000
V 1036.500000 296.000000 127.000000 22.000000
V 1036.500000 436.000000 101.000000 36.000000
V 32.000000 660.000000 44.000000 22.000000
V 856.500000 134.500000 109.000000 65.000000
V 647.500000 200.000000 87.000000 36.000000
V 1095.500000 191.000000 55.000000 22.000000
V 1037.000000 380.000000 10.000000 10.000000
V 452.000000 202.000000 84.000000 22.000000
V 110.000000 62.000000 12.000000 12.000000
V 955.000000 68.000000 98.000000 36.000000
V 200.000000 101.500000 84.000000 33.000000
V 648.500000 56.000000 97.000000 36.000000
V 395.000000 154.000000 98.000000 22.000000
E 0 24
E 7 1
E 2 17
E 3 13
E 21 3
E 27 3
E 4 16
E 28 4
E 26 5
E 6 7
E 19 7
E 8 11
E 16 8
E 30 8
E 12 9
E 16 9
E 9 29
E 10 22
E 25 10
E 11 17
E 13 14
E 14 18
E 23 14
E 15 26
E 17 21
E 22 17
E 18 24
E 24 19
E 20 26
E 26 28
G R-HSA-156842.sbgn 33 37
V 537.000000 345.000000 10.000000 10.000000
V 995.000000 81.500000 34.000000 31.000000
V 444.000000 124.000000 10.000000 10.000000
V 681.000000 125.000000 10.000000 10.000000
V 289.000000 256.000000 40.000000 30.000000
V 302.000000 124.000000 72.000000 22.000000
V 59.500000 80.500000 55.000000 23.000000
V 886.000000 124.000000 12.000000 12.000000
V 431.000000 305.500000 34.000000 29.000000
V 382.000000 223.000000 10.000000 10.000000
V 540.500000 124.000000 105.000000 50.000000
V 783.000000 123.500000 128.000000 49.000000
V 732.500000 315.000000 133.000000 50.000000
V 587.000000 63.000000 98.000000 36.000000
V 225.000000 398.000000 10.000000 10.000000
V 347.500000 517.000000 131.000000 64.000000
V 310.000000 188.000000 36.000000 22.000000
V 312.000000 65.000000 110.000000 30.000000
V 352.000000 357.000000 90.000000 22.000000
V 349.500000 421.000000 79.000000 22.000000
V 192.500000 57.500000 79.000000 37.000000
V 151.500000 210.500000 87.000000 51.000000
V 163.000000 319.000000 12.000000 12.000000
V 446.000000 226.000000 64.000000 22.000000
V 192.000000 124.000000 12.000000 12.000000
V 1078.500000 135.000000 73.000000 22.000000
V 225.500000 351.500000 81.000000 39.000000
V 70.000000 157.000000 40.000000 30.000000
V 884.000000 314.000000 12.000000 12.000000
V 380.500000 390.000000 73.000000 22.000000
V 978.000000 188.000000 112.000000 50.000000
V 883.000000 252.000000 88.000000 22.000000
V 614.500000 411.000000 65.000000 22.000000
E 0 8
E 10 0
E 12 0
E 0 15
E 23 0
E 0 25
E 0 32
E 7 1
E 5 2
E 2 10
E 17 2
E 10 3
E 3 11
E 13 3
E 4 9
E 22 5
E 24 5
E 6 24
E 11 7
E 7 25
E 7 30
E 31 7
E 16 9
E 9 23
E 28 12
E 18 14
E 19 14
E 14 26
E 29 14
E 20 24
E 22 21
E 25 22
E 26 22
E 27 22
E 27 24
E 30 28
E 31 28
G R-HSA-157858.sbgn 19 19
V 981.000000 821.000000 10.000000 10.000000
V 934.000000 1237.000000 114.000000 52.000000
V 706.500000 687.000000 39.000000 22.000000
V 1143.500000 1239.000000 153.000000 34.000000
V 747.000000 555.000000 98.000000 38.000000
V 786.000000 615.000000 12.000000 12.000000
V 765.000000 299.500000 66.000000 29.000000
V 1056.000000 931.000000 84.000000 20.000000
V 641.000000 770.000000 10.000000 10.000000
V 764.000000 343.000000 12.000000 12.000000
V 746.000000 504.000000 10.000000 10.000000
V 760.000000 400.500000 96.000000 31.000000
V 911.000000 1083.000000 12.000000 12.000000
V 359.500000 666.500000 107.000000 23.000000
V 698.500000 828.000000 95.000000 40.000000
V 861.000000 301.000000 12.000000 12.000000
V 1034.000000 1239.000000 10.000000 10.000000
V 875.500000 870.500000 127.000000 67.000000
V 822.500000 732.000000 121.000000 52.000000
E 7 0
E 0 17
E 18 0
E 12 1
E 1 16
E 2 8
E 16 3
E 4 5
E 10 4
E 5 18
E 6 9
E 15 6
E 16 7
E 13 8
E 8 14
E 18 8
E 9 11
E 11 10
E 17 12
G R-HSA-1650814.sbgn 31 39
V 621.000000 67.000000 124.000000 64.000000
V 834.500000 77.000000 121.000000 22.000000
V 234.000000 78.000000 122.000000 22.000000
V 1033.000000 462.000000 148.000000 58.000000
V 1218.000000 239.000000 12.000000 12.000000
V 182.000000 228.500000 52.000000 27.000000
V 831.000000 138.000000 12.000000 12.000000
V 888.500000 173.000000 41.000000 30.000000
V 1247.500000 82.000000 153.000000 70.000000
V 1155.000000 139.000000 12.000000 12.000000
V 389.000000 172.000000 128.000000 62.000000
V 1111.000000 174.000000 70.000000 30.000000
V 936.000000 283.000000 162.000000 54.000000
V 1205.500000 179.000000 41.000000 30.000000
V 907.000000 393.000000 176.000000 34.000000
V 759.500000 278.500000 137.000000 67.000000
V 169.000000 113.000000 34.000000 30.000000
V 617.000000 128.000000 10.000000 10.000000
V 1065.000000 252.000000 12.000000 12.000000
V 858.000000 342.000000 12.000000 12.000000
V 617.500000 305.000000 77.000000 36.000000
V 235.000000 173.000000 12.000000 12.000000
V 1066.000000 83.000000 140.000000 66.000000
V 768.500000 172.000000 67.000000 30.000000
V 651.000000 267.000000 10.000000 10.000000
V 407.000000 115.000000 12.000000 12.000000
V 836.000000 206.000000 12.000000 12.000000
V 311.500000 122.000000 43.000000 30.000000
V 568.000000 211.000000 132.000000 50.000000
V 112.500000 174.000000 119.000000 68.000000
V 301.000000 224.000000 56.000000 30.000000
E 0 6
E 17 0
E 4 1
E 1 6
E 1 9
E 1 17
E 18 1
E 2 21
E 25 2
E 4 3
E 8 4
E 5 21
E 6 7
E 6 22
E 23 6
E 26 7
E 9 8
E 11 9
E 9 13
E 22 9
E 21 10
E 10 25
E 12 19
E 26 12
E 18 14
E 19 14
E 24 15
E 15 26
E 16 21
E 28 17
E 22 18
E 19 20
E 20 24
E 21 27
E 29 21
E 21 30
E 23 26
E 28 24
E 25 28
G R-HSA-1655829.sbgn 31 30
V 350.000000 108.000000 108.000000 38.000000
V 1090.000000 126.000000 68.000000 24.000000
V 990.500000 425.500000 211.000000 31.000000
V 145.000000 246.000000 12.000000 12.000000
V 988.000000 327.000000 12.000000 12.000000
V 119.000000 327.500000 174.000000 37.000000
V 465.000000 466.000000 212.000000 24.000000
V 722.000000 468.000000 12.000000 12.000000
V 1085.000000 204.000000 74.000000 36.000000
V 814.500000 521.000000 75.000000 24.000000
V 652.000000 503.000000 82.000000 22.000000
V 895.000000 582.000000 12.000000 12.000000
V 357.500000 568.500000 159.000000 25.000000
V 207.500000 55.000000 149.000000 28.000000
V 405.500000 161.000000 81.000000 30.000000
V 553.000000 547.000000 12.000000 12.000000
V 759.000000 60.000000 12.000000 12.000000
V 90.500000 122.500000 115.000000 23.000000
V 988.000000 64.000000 154.000000 22.000000
V 896.000000 631.500000 216.000000 25.000000
V 344.000000 255.000000 12.000000 12.000000
V 992.000000 487.000000 10.000000 10.000000
V 1090.000000 327.500000 58.000000 21.000000
V 596.000000 615.500000 218.000000 23.000000
V 499.000000 58.000000 12.000000 12.000000
V 395.500000 325.500000 195.000000 35.000000
V 643.500000 60.000000 145.000000 34.000000
V 992.500000 524.000000 157.000000 24.000000
V 989.000000 123.000000 12.000000 12.000000
V 989.000000 263.500000 202.000000 27.000000
V 413.000000 212.500000 60.000000 23.000000
E 0 24
E 1 28
E 4 2
E 2 21
E 3 5
E 13 3
E 17 3
E 22 4
E 29 4
E 7 6
E 6 15
E 19 7
E 28 8
E 9 11
E 10 15
E 11 19
E 27 11
E 15 12
E 13 20
E 13 24
E 14 20
E 15 23
E 16 18
E 26 16
E 18 28
E 20 25
E 30 20
E 21 27
E 24 26
E 28 29
G R-HSA-166187.sbgn 15 16
V 372.000000 158.000000 136.000000 38.000000
V 194.000000 447.000000 12.000000 12.000000
V 126.000000 458.000000 12.000000 12.000000
V 125.500000 150.500000 75.000000 23.000000
V 63.000000 454.000000 32.000000 32.000000
V 234.000000 218.000000 136.000000 38.000000
V 185.500000 318.500000 143.000000 37.000000
V 242.000000 379.500000 66.000000 31.000000
V 202.000000 272.000000 12.000000 12.000000
V 411.000000 308.000000 28.000000 30.000000
V 183.000000 508.000000 72.000000 36.000000
V 352.000000 308.000000 12.000000 12.000000
V 141.000000 358.000000 10.000000 10.000000
V 236.000000 156.000000 10.000000 10.000000
V 138.500000 414.500000 119.000000 37.000000
E 11 0
E 0 13
E 1 7
E 10 1
E 4 2
E 2 10
E 14 2
E 12 3
E 3 13
E 5 8
E 13 5
E 8 6
E 6 12
E 7 11
E 11 9
E 12 14
G R-HSA-1679131.sbgn 20 20
V 750.000000 123.500000 74.000000 49.000000
V 964.500000 47.000000 129.000000 30.000000
V 854.500000 272.000000 77.000000 32.000000
V 742.500000 251.000000 103.000000 32.000000
V 575.000000 166.000000 70.000000 26.000000
V 954.000000 462.500000 128.000000 49.000000
V 407.500000 418.000000 73.000000 28.000000
V 759.500000 42.500000 127.000000 29.000000
V 448.500000 262.000000 115.000000 36.000000
V 576.000000 463.500000 124.000000 49.000000
V 679.000000 418.000000 12.000000 12.000000
V 950.000000 391.000000 12.000000 12.000000
V 905.000000 140.000000 36.000000 30.000000
V 847.000000 140.000000 12.000000 12.000000
V 360.000000 312.000000 10.000000 10.000000
V 473.000000 372.000000 12.000000 12.000000
V 976.500000 273.000000 121.000000 48.000000
V 859.500000 385.500000 75.000000 41.000000
V 604.500000 48.500000 121.000000 27.000000
V 257.500000 412.000000 109.000000 30.000000
E 0 13
E 13 1
E 10 2
E 10 3
E 3 13
E 10 4
E 11 5
E 6 14
E 13 7
E 14 8
E 8 15
E 9 10
E 15 9
E 10 16
E 10 18
E 16 11
E 17 11
E 12 13
E 16 13
E 19 14
G R-HSA-168643.sbgn 31 31
V 825.500000 769.000000 137.000000 42.000000
V 727.000000 833.000000 88.000000 22.000000
V 1444.000000 1059.500000 146.000000 47.000000
V 1359.000000 686.000000 10.000000 10.000000
V 1291.000000 627.000000 70.000000 34.000000
V 766.500000 372.000000 105.000000 36.000000
V 1351.000000 898.000000 10.000000 10.000000
V 853.000000 413.000000 10.000000 10.000000
V 1194.500000 634.000000 57.000000 22.000000
V 1361.000000 981.000000 10.000000 10.000000
V 1274.000000 695.000000 10.000000 10.000000
V 1143.000000 700.000000 10.000000 10.000000
V 757.500000 475.000000 95.000000 22.000000
V 1253.500000 981.000000 91.000000 36.000000
V 1068.000000 1008.000000 10.000000 10.000000
V 1427.500000 743.000000 125.000000 38.000000
V 1391.000000 625.000000 92.000000 36.000000
V 1323.000000 1046.500000 50.000000 23.000000
V 1031.500000 633.500000 141.000000 43.000000
V 681.000000 768.000000 12.000000 12.000000
V 1359.000000 936.000000 82.000000 22.000000
V 1155.000000 745.500000 110.000000 51.000000
V 802.000000 667.000000 10.000000 10.000000
V 634.500000 834.500000 53.000000 21.000000
V 680.500000 730.000000 131.000000 22.000000
V 1297.000000 752.500000 98.000000 33.000000
V 1252.000000 923.000000 10.000000 10.000000
V 1333.500000 832.500000 85.000000 35.000000
V 1164.500000 1046.500000 105.000000 55.000000
V 1103.500000 898.500000 123.000000 63.000000
V 1103.000000 834.000000 10.000000 10.000000
E 22 0
E 1 19
E 2 9
E 4 3
E 3 15
E 16 3
E 4 10
E 5 7
E 20 6
E 6 27
E 7 18
E 8 10
E 8 11
E 8 26
E 17 9
E 9 20
E 10 25
E 18 11
E 11 21
E 12 14
E 12 22
E 12 30
E 13 14
E 26 13
E 14 28
E 23 19
E 19 24
E 21 30
E 24 22
E 27 26
E 30 29
G R-HSA-168898.sbgn 19 18
V 1571.500000 224.000000 129.000000 36.000000
V 1501.500000 324.000000 49.000000 22.000000
V 738.500000 63.000000 113.000000 36.000000
V 616.500000 218.000000 71.000000 22.000000
V 1868.000000 195.000000 10.000000 10.000000
V 1429.000000 219.000000 102.000000 22.000000
V 620.000000 117.000000 68.000000 22.000000
V 1757.000000 223.000000 130.000000 36.000000
V 740.000000 215.000000 80.000000 22.000000
V 1883.500000 376.000000 129.000000 36.000000
V 1571.000000 289.000000 12.000000 12.000000
V 1733.500000 373.000000 127.000000 36.000000
V 739.000000 167.000000 10.000000 10.000000
V 1678.000000 601.000000 112.000000 36.000000
V 1516.000000 290.000000 12.000000 12.000000
V 1763.000000 479.000000 10.000000 10.000000
V 1285.500000 221.000000 127.000000 36.000000
V 1669.500000 289.500000 47.000000 23.000000
V 1919.000000 231.000000 96.000000 22.000000
E 0 10
E 12 0
E 1 14
E 2 12
E 3 12
E 6 4
E 7 4
E 4 18
E 5 10
E 6 12
E 8 12
E 10 9
E 9 15
E 17 10
E 14 11
E 11 15
E 15 13
E 16 14
G R-HSA-174362.sbgn 25 27
V 179.000000 358.000000 34.000000 32.000000
V 367.000000 358.500000 64.000000 31.000000
V 216.500000 239.000000 29.000000 28.000000
V 222.500000 331.000000 27.000000 26.000000
V 331.000000 212.000000 34.000000 32.000000
V 275.000000 440.000000 12.000000 12.000000
V 405.500000 476.500000 39.000000 31.000000
V 123.000000 110.500000 70.000000 23.000000
V 501.500000 455.500000 39.000000 31.000000
V 465.000000 526.000000 12.000000 12.000000
V 263.000000 20.500000 40.000000 37.000000
V 367.500000 11.500000 101.000000 23.000000
V 278.000000 362.500000 30.000000 31.000000
V 538.000000 527.500000 40.000000 31.000000
V 266.000000 112.000000 12.000000 12.000000
V 112.000000 60.500000 32.000000 31.000000
V 378.500000 112.000000 75.000000 32.000000
V 202.500000 504.500000 35.000000 29.000000
V 465.500000 590.500000 73.000000 35.000000
V 320.000000 479.000000 28.000000 28.000000
V 360.500000 157.500000 111.000000 27.000000
V 268.000000 178.000000 40.000000 40.000000
V 267.000000 280.000000 12.000000 12.000000
V 278.500000 527.500000 43.000000 29.000000
V 197.000000 113.000000 12.000000 12.000000
E 0 5
E 1 5
E 1 22
E 2 22
E 24 2
E 22 3
E 4 22
E 12 5
E 5 17
E 5 19
E 5 23
E 9 6
E 7 24
E 8 9
E 9 13
E 18 9
E 23 9
E 10 14
E 10 24
E 14 11
E 22 12
E 16 14
E 20 14
E 14 21
E 15 24
E 21 22
E 24 21
G R-HSA-1799339.sbgn 17 18
V 251.500000 151.000000 123.000000 36.000000
V 488.500000 368.500000 83.000000 47.000000
V 700.500000 367.500000 55.000000 33.000000
V 100.000000 284.000000 128.000000 50.000000
V 100.500000 150.000000 121.000000 36.000000
V 186.500000 38.000000 89.000000 22.000000
V 145.000000 367.000000 10.000000 10.000000
V 576.000000 404.500000 74.000000 33.000000
V 577.000000 367.000000 12.000000 12.000000
V 76.000000 367.000000 60.000000 36.000000
V 350.500000 393.000000 81.000000 34.000000
V 239.500000 367.000000 123.000000 50.000000
V 100.000000 224.000000 10.000000 10.000000
V 671.500000 425.000000 83.000000 50.000000
V 98.500000 34.000000 45.000000 22.000000
V 98.000000 96.000000 12.000000 12.000000
V 404.000000 366.000000 10.000000 10.000000
E 0 12
E 16 0
E 1 8
E 16 1
E 8 2
E 3 6
E 12 3
E 4 12
E 15 4
E 5 15
E 9 6
E 6 11
E 7 8
E 8 13
E 16 9
E 10 16
E 11 16
E 14 15
G R-HSA-181431.sbgn 17 18
V 265.000000 161.000000 134.000000 78.000000
V 103.000000 568.000000 12.000000 12.000000
V 746.000000 365.000000 50.000000 30.000000
V 440.000000 283.000000 10.000000 10.000000
V 22.500000 577.000000 43.000000 30.000000
V 730.000000 89.000000 50.000000 30.000000
V 109.000000 252.000000 126.000000 64.000000
V 272.500000 293.000000 163.000000 64.000000
V 104.000000 490.500000 158.000000 39.000000
V 724.000000 206.000000 12.000000 12.000000
V 763.000000 251.000000 12.000000 12.000000
V 580.000000 176.500000 132.000000 81.000000
V 348.000000 21.000000 56.000000 40.000000
V 577.500000 292.000000 135.000000 92.000000
V 199.500000 582.000000 43.000000 30.000000
V 453.000000 158.000000 10.000000 10.000000
V 106.000000 400.000000 10.000000 10.000000
E 0 15
E 4 1
E 8 1
E 1 14
E 9 2
E 10 2
E 7 3
E 12 3
E 3 13
E 5 9
E 5 10
E 6 16
E 16 8
E 11 9
E 13 10
E 15 11
E 12 15
E 12 16
G R-HSA-194441.sbgn 31 32
V 788.500000 213.000000 81.000000 22.000000
V 1038.500000 171.000000 83.000000 22.000000
V 1142.500000 375.000000 131.000000 78.000000
V 1034.500000 258.000000 91.000000 22.000000
V 1365.500000 383.000000 131.000000 78.000000
V 381.000000 384.000000 100.000000 36.000000
V 866.000000 97.000000 80.000000 22.000000
V 1242.000000 374.000000 12.000000 12.000000
V 949.000000 378.000000 10.000000 10.000000
V 722.500000 565.000000 67.000000 22.000000
V 1061.000000 211.000000 80.000000 22.000000
V 235.500000 395.000000 121.000000 78.000000
V 477.000000 471.000000 10.000000 10.000000
V 946.500000 472.000000 127.000000 64.000000
V 232.500000 471.000000 91.000000 22.000000
V 249.000000 310.000000 130.000000 50.000000
V 699.500000 275.000000 99.000000 36.000000
V 715.000000 321.000000 40.000000 22.000000
V 767.000000 380.000000 124.000000 50.000000
V 1240.000000 230.500000 108.000000 23.000000
V 938.500000 57.000000 81.000000 34.000000
V 1242.500000 315.000000 41.000000 22.000000
V 805.500000 129.000000 91.000000 22.000000
V 950.000000 260.000000 12.000000 12.000000
V 848.500000 258.000000 91.000000 22.000000
V 1125.000000 470.000000 10.000000 10.000000
V 1204.000000 196.500000 108.000000 23.000000
V 777.500000 167.000000 91.000000 22.000000
V 1010.000000 117.000000 108.000000 36.000000
V 950.500000 326.000000 111.000000 36.000000
V 381.000000 309.000000 10.000000 10.000000
E 0 23
E 1 23
E 2 7
E 8 2
E 3 23
E 7 4
E 4 25
E 5 12
E 5 30
E 6 23
E 21 7
E 18 8
E 19 8
E 26 8
E 29 8
E 12 9
E 9 25
E 10 23
E 12 11
E 13 12
E 12 14
E 25 13
E 15 30
E 30 16
E 30 17
E 30 18
E 20 23
E 22 23
E 24 23
E 27 23
E 28 23
E 23 29
G R-HSA-1971475.sbgn 40 40
V 620.000000 265.500000 108.000000 37.000000
V 274.500000 183.500000 107.000000 23.000000
V 291.000000 380.000000 40.000000 36.000000
V 885.000000 353.000000 28.000000 24.000000
V 49.500000 164.500000 59.000000 37.000000
V 179.000000 306.000000 12.000000 12.000000
V 798.500000 185.500000 51.000000 23.000000
V 453.500000 428.500000 59.000000 33.000000
V 65.500000 307.500000 85.000000 23.000000
V 691.000000 310.000000 28.000000 24.000000
V 621.000000 381.000000 28.000000 24.000000
V 982.500000 241.500000 101.000000 37.000000
V 798.000000 236.000000 12.000000 12.000000
V 358.000000 484.500000 62.000000 23.000000
V 848.000000 204.500000 26.000000 31.000000
V 751.500000 377.000000 43.000000 40.000000
V 97.000000 103.000000 28.000000 24.000000
V 252.500000 427.000000 77.000000 36.000000
V 821.000000 487.500000 90.000000 23.000000
V 695.000000 430.000000 74.000000 36.000000
V 122.500000 382.500000 39.000000 31.000000
V 96.000000 226.500000 36.000000 31.000000
V 179.500000 233.500000 39.000000 35.000000
V 385.000000 372.000000 28.000000 24.000000
V 574.000000 429.000000 12.000000 12.000000
V 666.500000 382.500000 39.000000 31.000000
V 428.500000 367.500000 39.000000 31.000000
V 802.000000 262.000000 12.000000 12.000000
V 717.500000 215.500000 39.000000 31.000000
V 883.500000 287.500000 39.000000 31.000000
V 576.000000 484.500000 62.000000 23.000000
V 488.000000 376.000000 40.000000 36.000000
V 188.000000 110.500000 38.000000 35.000000
V 734.500000 308.500000 39.000000 31.000000
V 166.000000 402.000000 28.000000 24.000000
V 899.500000 402.500000 39.000000 31.000000
V 127.000000 163.000000 12.000000 12.000000
V 803.500000 309.500000 57.000000 23.000000
V 355.000000 428.000000 12.000000 12.000000
V 821.000000 429.000000 12.000000 12.000000
E 0 12
E 27 0
E 1 5
E 2 38
E 39 3
E 4 36
E 8 5
E 5 17
E 5 20
E 22 5
E 5 34
E 6 12
E 7 24
E 38 7
E 27 9
E 24 10
E 12 11
E 11 27
E 39 11
E 12 14
E 28 12
E 13 38
E 15 39
E 16 36
E 17 38
E 18 39
E 24 19
E 19 39
E 36 21
E 36 22
E 38 23
E 24 25
E 30 24
E 31 24
E 38 26
E 29 27
E 27 33
E 37 27
E 32 36
E 39 35
G R-HSA-2024101.sbgn 34 40
V 546.000000 694.000000 12.000000 12.000000
V 202.000000 453.500000 96.000000 23.000000
V 1125.000000 631.500000 42.000000 23.000000
V 322.000000 437.000000 58.000000 48.000000
V 871.500000 545.500000 45.000000 23.000000
V 356.000000 592.500000 58.000000 31.000000
V 225.000000 538.000000 12.000000 12.000000
V 870.500000 735.500000 45.000000 23.000000
V 315.000000 532.000000 44.000000 36.000000
V 402.000000 372.000000 12.000000 12.000000
V 989.000000 620.500000 56.000000 31.000000
V 698.000000 721.500000 58.000000 31.000000
V 386.000000 463.500000 40.000000 31.000000
V 291.500000 372.500000 95.000000 23.000000
V 1070.000000 731.500000 40.000000 31.000000
V 401.000000 286.500000 90.000000 23.000000
V 457.500000 695.500000 61.000000 23.000000
V 421.000000 538.000000 12.000000 12.000000
V 872.000000 602.000000 12.000000 12.000000
V 1125.000000 693.000000 12.000000 12.000000
V 197.000000 294.500000 46.000000 23.000000
V 168.000000 486.500000 40.000000 31.000000
V 288.000000 289.500000 40.000000 31.000000
V 998.000000 694.500000 112.000000 45.000000
V 501.000000 436.500000 116.000000 31.000000
V 1238.000000 649.500000 118.000000 31.000000
V 198.000000 372.000000 12.000000 12.000000
V 871.000000 693.000000 12.000000 12.000000
V 826.000000 657.500000 40.000000 31.000000
V 492.000000 626.500000 40.000000 31.000000
V 607.000000 626.500000 116.000000 31.000000
V 1251.000000 741.500000 126.000000 45.000000
V 739.000000 670.500000 116.000000 31.000000
V 228.000000 624.500000 112.000000 31.000000
E 0 11
E 16 0
E 29 0
E 30 0
E 0 32
E 1 6
E 26 1
E 2 19
E 9 3
E 26 3
E 4 18
E 6 5
E 17 5
E 8 6
E 21 6
E 6 33
E 7 27
E 8 17
E 13 9
E 15 9
E 22 9
E 9 24
E 18 10
E 27 10
E 12 17
E 13 26
E 14 19
E 24 17
E 17 30
E 18 23
E 28 18
E 32 18
E 23 19
E 19 25
E 19 31
E 20 26
E 22 26
E 27 23
E 28 27
E 32 27
G R-HSA-2032785.sbgn 19 18
V 1198.000000 246.000000 40.000000 22.000000
V 423.500000 393.000000 121.000000 22.000000
V 773.000000 253.000000 12.000000 12.000000
V 255.000000 549.000000 10.000000 10.000000
V 246.000000 368.000000 40.000000 22.000000
V 367.000000 551.000000 136.000000 26.000000
V 160.500000 393.000000 53.000000 22.000000
V 407.000000 477.500000 72.000000 51.000000
V 302.000000 392.000000 10.000000 10.000000
V 688.000000 260.500000 72.000000 51.000000
V 276.000000 320.000000 10.000000 10.000000
V 145.500000 249.500000 47.000000 23.000000
V 1185.500000 458.500000 103.000000 27.000000
V 572.000000 392.000000 106.000000 36.000000
V 244.000000 421.000000 50.000000 22.000000
V 161.000000 589.000000 50.000000 22.000000
V 779.000000 314.000000 120.000000 22.000000
V 752.500000 166.000000 89.000000 36.000000
V 502.000000 454.000000 12.000000 12.000000
E 2 0
E 8 1
E 1 18
E 9 2
E 16 2
E 17 2
E 3 5
E 6 3
E 15 3
E 4 8
E 6 8
E 6 10
E 7 18
E 14 8
E 11 10
E 10 16
E 18 12
E 13 18
G R-HSA-209952.sbgn 15 14
V 454.500000 677.000000 31.000000 22.000000
V 661.500000 803.000000 57.000000 22.000000
V 932.500000 731.000000 95.000000 22.000000
V 935.500000 483.000000 109.000000 22.000000
V 114.000000 662.000000 46.000000 32.000000
V 686.000000 730.000000 10.000000 10.000000
V 685.000000 483.000000 10.000000 10.000000
V 925.000000 606.000000 76.000000 22.000000
V 449.000000 437.000000 40.000000 22.000000
V 450.000000 565.000000 38.000000 22.000000
V 690.000000 862.000000 10.000000 10.000000
V 685.000000 607.000000 10.000000 10.000000
V 454.000000 825.000000 38.000000 22.000000
V 925.500000 860.000000 67.000000 22.000000
V 759.000000 802.000000 40.000000 22.000000
E 0 5
E 1 10
E 5 2
E 6 3
E 4 5
E 4 6
E 4 10
E 4 11
E 8 6
E 11 7
E 9 11
E 12 10
E 10 13
E 14 10
G R-HSA-212436.sbgn 34 59
V 182.500000 267.500000 45.000000 21.000000
V 597.500000 408.500000 67.000000 19.000000
V 543.000000 459.000000 42.000000 28.000000
V 1135.000000 531.000000 44.000000 22.000000
V 1855.000000 428.000000 10.000000 10.000000
V 880.500000 167.500000 51.000000 23.000000
V 641.500000 542.000000 51.000000 22.000000
V 732.500000 576.000000 99.000000 38.000000
V 1035.500000 388.500000 57.000000 23.000000
V 937.500000 283.500000 51.000000 23.000000
V 290.500000 265.500000 43.000000 23.000000
V 1161.500000 444.500000 57.000000 23.000000
V 1162.000000 589.000000 48.000000 24.000000
V 1175.500000 259.500000 53.000000 23.000000
V 237.500000 401.000000 101.000000 48.000000
V 731.000000 486.000000 10.000000 10.000000
V 1843.000000 304.500000 54.000000 23.000000
V 1902.500000 350.500000 57.000000 23.000000
V 121.500000 401.000000 91.000000 50.000000
V 1106.500000 803.000000 49.000000 20.000000
V 1155.500000 718.000000 51.000000 22.000000
V 1129.000000 764.500000 52.000000 23.000000
V 707.000000 936.000000 10.000000 10.000000
V 1924.000000 391.500000 58.000000 23.000000
V 1081.000000 851.000000 54.000000 22.000000
V 730.500000 311.000000 51.000000 22.000000
V 122.000000 341.000000 10.000000 10.000000
V 1845.000000 492.000000 106.000000 38.000000
V 71.500000 260.500000 73.000000 35.000000
V 1769.000000 312.000000 62.000000 22.000000
V 237.000000 346.000000 10.000000 10.000000
V 1106.000000 484.500000 58.000000 23.000000
V 708.500000 992.000000 103.000000 38.000000
V 1196.500000 656.000000 59.000000 22.000000
E 0 26
E 0 30
E 1 15
E 2 4
E 2 15
E 2 22
E 3 4
E 3 15
E 3 22
E 5 4
E 6 4
E 8 4
E 9 4
E 10 4
E 12 4
E 13 4
E 16 4
E 17 4
E 20 4
E 21 4
E 23 4
E 24 4
E 4 27
E 29 4
E 31 4
E 33 4
E 5 15
E 5 22
E 6 15
E 6 22
E 15 7
E 8 15
E 8 22
E 9 15
E 9 22
E 10 15
E 10 22
E 10 30
E 11 15
E 12 15
E 12 22
E 13 15
E 13 22
E 30 14
E 19 15
E 20 15
E 21 15
E 24 15
E 25 15
E 31 15
E 33 15
E 26 18
E 20 22
E 21 22
E 24 22
E 31 22
E 22 32
E 33 22
E 28 26
G R-HSA-2142700.sbgn 23 26
V 102.000000 302.000000 74.000000 30.000000
V 411.500000 376.000000 101.000000 30.000000
V 336.500000 75.500000 43.000000 31.000000
V 300.000000 551.000000 126.000000 22.000000
V 286.500000 336.000000 43.000000 30.000000
V 193.000000 302.000000 12.000000 12.000000
V 515.000000 61.000000 12.000000 12.000000
V 527.500000 158.000000 107.000000 22.000000
V 299.000000 482.000000 12.000000 12.000000
V 504.000000 112.000000 12.000000 12.000000
V 356.500000 417.000000 33.000000 30.000000
V 410.000000 471.000000 12.000000 12.000000
V 409.000000 615.000000 12.000000 12.000000
V 410.500000 35.000000 33.000000 30.000000
V 366.000000 301.000000 54.000000 30.000000
V 636.000000 63.500000 46.000000 31.000000
V 411.000000 530.000000 74.000000 22.000000
V 193.000000 469.000000 130.000000 36.000000
V 410.500000 666.500000 67.000000 23.000000
V 392.000000 192.000000 12.000000 12.000000
V 300.000000 381.000000 92.000000 30.000000
V 409.500000 131.000000 47.000000 30.000000
V 641.000000 112.000000 54.000000 30.000000
E 0 5
E 1 11
E 2 6
E 2 9
E 8 3
E 5 4
E 5 14
E 17 5
E 7 6
E 13 6
E 6 15
E 21 6
E 7 9
E 10 8
E 17 8
E 20 8
E 13 9
E 21 9
E 9 22
E 10 11
E 11 16
E 17 11
E 16 12
E 12 18
E 14 19
E 19 21
G R-HSA-216083.sbgn 29 28
V 123.000000 202.500000 112.000000 59.000000
V 746.500000 199.500000 97.000000 37.000000
V 616.500000 207.000000 125.000000 84.000000
V 3189.000000 202.500000 162.000000 57.000000
V 1202.500000 201.500000 149.000000 73.000000
V 1036.500000 91.000000 127.000000 22.000000
V 3045.500000 95.500000 113.000000 61.000000
V 1394.000000 138.000000 10.000000 10.000000
V 1613.000000 200.000000 112.000000 50.000000
V 1241.000000 103.000000 44.000000 32.000000
V 465.000000 87.000000 144.000000 52.000000
V 464.000000 203.500000 134.000000 77.000000
V 285.500000 51.500000 43.000000 41.000000
V 815.000000 147.000000 10.000000 10.000000
V 1474.500000 201.500000 109.000000 65.000000
V 290.500000 208.500000 117.000000 75.000000
V 180.000000 133.000000 10.000000 10.000000
V 3135.000000 157.000000 10.000000 10.000000
V 124.000000 11.000000 124.000000 22.000000
V 1018.000000 21.000000 104.000000 36.000000
V 520.000000 132.000000 10.000000 10.000000
V 1021.500000 206.500000 161.000000 49.000000
V 1335.000000 203.500000 90.000000 41.000000
V 745.500000 90.500000 43.000000 41.000000
V 1501.000000 142.000000 10.000000 10.000000
V 869.000000 199.000000 116.000000 54.000000
V 21.500000 136.500000 43.000000 41.000000
V 343.000000 122.000000 10.000000 10.000000
V 1118.000000 147.000000 10.000000 10.000000
E 0 16
E 0 20
E 0 27
E 1 13
E 20 2
E 17 3
E 28 4
E 5 7
E 5 28
E 6 17
E 9 7
E 7 14
E 22 7
E 24 8
E 10 20
E 27 11
E 12 27
E 18 13
E 23 13
E 13 25
E 16 15
E 18 16
E 26 16
E 22 17
E 19 24
E 19 27
E 21 28
E 22 24
G R-HSA-2173782.sbgn 16 16
V 1253.000000 322.000000 156.000000 26.000000
V 1253.000000 409.500000 158.000000 27.000000
V 1264.000000 241.000000 10.000000 10.000000
V 955.000000 165.500000 36.000000 25.000000
V 1053.500000 169.500000 113.000000 27.000000
V 1139.000000 74.500000 54.000000 23.000000
V 1033.500000 320.500000 47.000000 23.000000
V 1253.000000 362.000000 12.000000 12.000000
V 1134.000000 279.000000 10.000000 10.000000
V 1076.000000 24.000000 32.000000 22.000000
V 993.000000 98.000000 12.000000 12.000000
V 1174.500000 166.000000 59.000000 22.000000
V 1339.500000 33.000000 49.000000 22.000000
V 1096.000000 106.000000 10.000000 10.000000
V 1037.500000 242.000000 93.000000 24.000000
V 945.500000 29.000000 123.000000 22.000000
E 0 7
E 8 0
E 7 1
E 9 2
E 12 2
E 2 14
E 10 3
E 10 4
E 13 4
E 5 13
E 6 8
E 14 8
E 9 10
E 9 13
E 15 10
E 13 11
G R-HSA-2404192.sbgn 39 43
V 461.000000 465.500000 52.000000 23.000000
V 869.500000 565.000000 41.000000 30.000000
V 451.000000 18.000000 94.000000 24.000000
V 76.500000 208.000000 65.000000 24.000000
V 863.500000 371.000000 39.000000 30.000000
V 305.000000 154.000000 38.000000 30.000000
V 885.000000 98.500000 160.000000 27.000000
V 386.500000 374.000000 57.000000 22.000000
V 80.000000 335.000000 152.000000 24.000000
V 1015.000000 547.500000 108.000000 29.000000
V 772.000000 89.000000 10.000000 10.000000
V 608.000000 423.000000 10.000000 10.000000
V 567.500000 95.000000 143.000000 28.000000
V 724.500000 118.000000 41.000000 22.000000
V 1104.000000 155.000000 40.000000 30.000000
V 1216.000000 90.000000 202.000000 28.000000
V 260.000000 85.500000 100.000000 23.000000
V 953.000000 161.000000 38.000000 30.000000
V 650.000000 224.500000 104.000000 27.000000
V 966.500000 364.000000 105.000000 26.000000
V 536.000000 574.000000 10.000000 10.000000
V 1031.000000 104.000000 12.000000 12.000000
V 535.000000 284.000000 130.000000 30.000000
V 81.000000 302.500000 162.000000 25.000000
V 710.000000 385.000000 10.000000 10.000000
V 897.000000 444.000000 12.000000 12.000000
V 444.500000 150.000000 39.000000 30.000000
V 704.000000 475.500000 210.000000 29.000000
V 380.000000 106.000000 12.000000 12.000000
V 244.000000 301.000000 10.000000 10.000000
V 794.000000 253.000000 86.000000 24.000000
V 106.500000 13.500000 97.000000 27.000000
V 916.000000 459.000000 12.000000 12.000000
V 1155.000000 196.000000 10.000000 10.000000
V 542.000000 777.000000 158.000000 28.000000
V 91.500000 85.500000 97.000000 23.000000
V 752.000000 431.000000 162.000000 26.000000
V 179.000000 68.000000 10.000000 10.000000
V 245.000000 334.000000 10.000000 10.000000
E 0 20
E 25 1
E 32 1
E 2 28
E 3 29
E 4 25
E 4 32
E 5 28
E 10 6
E 6 21
E 7 38
E 38 8
E 25 9
E 32 9
E 12 10
E 13 10
E 18 11
E 22 11
E 11 27
E 28 12
E 12 29
E 33 12
E 12 38
E 21 14
E 21 15
E 15 33
E 16 28
E 37 16
E 17 21
E 18 24
E 19 25
E 19 32
E 22 20
E 20 34
E 29 23
E 30 24
E 24 36
E 36 25
E 28 26
E 27 32
E 33 30
E 31 37
E 35 37
G R-HSA-2466712.sbgn 15 16
V 872.000000 771.000000 40.000000 30.000000
V 1143.000000 785.000000 12.000000 12.000000
V 1102.000000 910.000000 40.000000 30.000000
V 945.000000 910.000000 12.000000 12.000000
V 1215.500000 843.000000 47.000000 30.000000
V 1142.500000 842.000000 65.000000 22.000000
V 1492.000000 777.000000 12.000000 12.000000
V 1462.000000 693.000000 50.000000 30.000000
V 1524.500000 692.000000 31.000000 30.000000
V 1068.000000 751.000000 32.000000 30.000000
V 1048.000000 840.000000 40.000000 30.000000
V 1492.000000 842.000000 48.000000 30.000000
V 1357.000000 774.000000 12.000000 12.000000
V 1065.000000 875.000000 12.000000 12.000000
V 1232.500000 755.000000 43.000000 30.000000
E 3 0
E 4 1
E 5 1
E 1 9
E 1 10
E 14 1
E 2 3
E 13 2
E 12 4
E 7 6
E 8 6
E 6 11
E 7 12
E 10 13
E 11 12
E 12 14
G R-HSA-2559585.sbgn 40 43
V 973.500000 280.000000 55.000000 22.000000
V 966.000000 226.000000 12.000000 12.000000
V 1234.500000 104.000000 79.000000 20.000000
V 455.500000 657.000000 37.000000 22.000000
V 833.000000 533.000000 10.000000 10.000000
V 621.000000 467.000000 10.000000 10.000000
V 938.000000 672.000000 12.000000 12.000000
V 1327.500000 386.500000 119.000000 53.000000
V 1090.500000 182.000000 165.000000 22.000000
V 598.500000 372.000000 91.000000 36.000000
V 923.000000 444.000000 12.000000 12.000000
V 751.000000 558.500000 42.000000 23.000000
V 1092.500000 722.500000 145.000000 63.000000
V 572.000000 538.000000 84.000000 22.000000
V 728.500000 362.000000 101.000000 48.000000
V 844.000000 361.000000 12.000000 12.000000
V 925.500000 509.000000 129.000000 36.000000
V 905.500000 181.000000 95.000000 38.000000
V 1038.500000 811.000000 145.000000 58.000000
V 1143.000000 100.000000 12.000000 12.000000
V 886.000000 780.000000 98.000000 36.000000
V 656.000000 541.000000 10.000000 10.000000
V 1108.500000 560.000000 175.000000 52.000000
V 1091.000000 612.000000 10.000000 10.000000
V 528.000000 613.500000 90.000000 23.000000
V 990.000000 325.000000 12.000000 12.000000
V 1001.000000 652.000000 62.000000 22.000000
V 525.000000 703.000000 10.000000 10.000000
V 731.500000 424.000000 91.000000 36.000000
V 975.000000 467.000000 32.000000 22.000000
V 1072.000000 499.000000 10.000000 10.000000
V 741.000000 477.500000 64.000000 51.000000
V 1152.000000 647.500000 68.000000 35.000000
V 932.000000 580.000000 140.000000 54.000000
V 789.000000 629.500000 110.000000 35.000000
V 1328.000000 327.000000 10.000000 10.000000
V 837.000000 100.000000 124.000000 38.000000
V 531.500000 773.500000 87.000000 35.000000
V 1374.000000 205.000000 180.000000 50.000000
V 1014.000000 406.000000 64.000000 22.000000
E 1 0
E 0 25
E 17 1
E 38 1
E 19 2
E 3 27
E 11 4
E 4 16
E 31 4
E 34 4
E 5 9
E 13 5
E 31 5
E 12 6
E 6 18
E 6 20
E 26 6
E 33 6
E 7 35
E 8 35
E 16 10
E 10 17
E 29 10
E 31 10
E 23 12
E 14 15
E 31 15
E 15 36
E 36 19
E 38 19
E 24 21
E 21 28
E 31 21
E 37 21
E 22 23
E 30 22
E 23 32
E 24 27
E 25 39
E 27 37
E 33 30
E 39 30
E 35 38
G R-HSA-2564830.sbgn 17 18
V 378.000000 496.500000 124.000000 37.000000
V 536.000000 425.500000 98.000000 37.000000
V 392.000000 142.500000 78.000000 23.000000
V 537.000000 582.000000 12.000000 12.000000
V 653.000000 193.500000 48.000000 23.000000
V 534.000000 355.000000 12.000000 12.000000
V 323.000000 266.500000 106.000000 37.000000
V 392.000000 356.500000 106.000000 37.000000
V 531.500000 267.000000 31.000000 28.000000
V 378.500000 680.500000 119.000000 51.000000
V 167.000000 385.500000 60.000000 31.000000
V 251.000000 411.500000 36.000000 31.000000
V 167.500000 265.500000 59.000000 31.000000
V 549.000000 219.500000 26.000000 27.000000
V 414.000000 583.500000 102.000000 37.000000
V 735.000000 254.500000 94.000000 23.000000
V 249.000000 328.000000 12.000000 12.000000
E 0 3
E 1 3
E 5 1
E 2 5
E 3 4
E 3 9
E 14 3
E 3 15
E 4 5
E 7 5
E 8 5
E 13 5
E 15 5
E 6 16
E 16 7
E 16 10
E 16 11
E 12 16
G R-HSA-2892245.sbgn 24 34
V 1016.000000 485.000000 10.000000 10.000000
V 242.500000 148.500000 77.000000 51.000000
V 105.000000 203.000000 10.000000 10.000000
V 1161.500000 402.500000 115.000000 49.000000
V 346.500000 377.500000 71.000000 51.000000
V 705.000000 37.500000 76.000000 29.000000
V 143.000000 405.000000 132.000000 38.000000
V 1160.000000 338.000000 10.000000 10.000000
V 104.500000 162.500000 115.000000 51.000000
V 143.000000 351.000000 10.000000 10.000000
V 739.500000 560.500000 133.000000 37.000000
V 102.000000 120.000000 10.000000 10.000000
V 105.500000 253.500000 139.000000 39.000000
V 239.000000 493.000000 10.000000 10.000000
V 929.000000 473.500000 62.000000 51.000000
V 530.500000 34.000000 59.000000 26.000000
V 279.000000 224.500000 88.000000 51.000000
V 862.000000 37.500000 54.000000 29.000000
V 643.000000 429.500000 76.000000 51.000000
V 736.000000 484.000000 10.000000 10.000000
V 1059.500000 326.500000 73.000000 51.000000
V 417.000000 517.500000 76.000000 51.000000
V 1016.500000 538.000000 117.000000 38.000000
V 238.000000 540.500000 136.000000 37.000000
E 5 0
E 14 0
E 17 0
E 0 22
E 1 11
E 5 2
E 2 12
E 15 2
E 16 2
E 17 2
E 7 3
E 4 9
E 5 7
E 5 9
E 5 11
E 5 13
E 5 19
E 9 6
E 15 7
E 17 7
E 20 7
E 11 8
E 15 9
E 17 9
E 19 10
E 15 11
E 17 11
E 15 13
E 17 13
E 21 13
E 13 23
E 15 19
E 17 19
E 18 19
G R-HSA-3000157.sbgn 31 30
V 824.000000 387.000000 10.000000 10.000000
V 305.000000 475.000000 10.000000 10.000000
V 675.000000 488.500000 114.000000 47.000000
V 306.000000 361.500000 132.000000 93.000000
V 592.000000 586.000000 156.000000 38.000000
V 693.000000 132.500000 134.000000 37.000000
V 727.000000 617.000000 10.000000 10.000000
V 723.000000 672.000000 130.000000 42.000000
V 772.500000 201.500000 71.000000 23.000000
V 495.000000 384.500000 90.000000 25.000000
V 650.500000 421.500000 125.000000 27.000000
V 538.500000 480.500000 97.000000 25.000000
V 916.500000 385.500000 115.000000 39.000000
V 828.000000 611.500000 136.000000 53.000000
V 310.500000 563.000000 121.000000 108.000000
V 319.000000 278.500000 148.000000 41.000000
V 501.000000 97.500000 150.000000 35.000000
V 824.000000 328.000000 10.000000 10.000000
V 599.000000 134.000000 10.000000 10.000000
V 901.000000 514.500000 138.000000 73.000000
V 805.000000 104.000000 10.000000 10.000000
V 309.500000 181.000000 99.000000 26.000000
V 802.000000 513.000000 10.000000 10.000000
V 315.000000 236.000000 10.000000 10.000000
V 634.000000 718.000000 10.000000 10.000000
V 591.000000 539.000000 10.000000 10.000000
V 638.500000 769.500000 155.000000 41.000000
V 920.500000 334.500000 133.000000 37.000000
V 900.500000 104.500000 129.000000 55.000000
V 578.000000 652.500000 122.000000 27.000000
V 420.000000 199.500000 78.000000 23.000000
E 9 0
E 10 0
E 0 12
E 3 1
E 9 1
E 1 14
E 2 25
E 4 6
E 4 22
E 25 4
E 18 5
E 6 13
E 29 6
E 7 24
E 8 17
E 8 20
E 8 22
E 9 17
E 11 25
E 23 15
E 16 18
E 16 20
E 17 27
E 30 18
E 22 19
E 20 28
E 21 23
E 30 23
E 24 26
E 29 24
G R-HSA-3000170.sbgn 19 18
V 585.000000 97.000000 10.000000 10.000000
V 96.500000 443.000000 113.000000 22.000000
V 344.000000 31.000000 98.000000 32.000000
V 637.500000 31.000000 129.000000 36.000000
V 799.500000 30.000000 129.000000 36.000000
V 96.500000 157.000000 47.000000 22.000000
V 316.000000 181.000000 10.000000 10.000000
V 212.500000 62.500000 85.000000 35.000000
V 583.000000 75.000000 10.000000 10.000000
V 953.500000 31.000000 129.000000 50.000000
V 62.500000 370.000000 125.000000 36.000000
V 221.500000 400.000000 135.000000 36.000000
V 490.000000 29.000000 78.000000 22.000000
V 224.000000 183.000000 120.000000 22.000000
V 222.500000 484.000000 113.000000 36.000000
V 330.000000 400.000000 10.000000 10.000000
V 589.000000 122.000000 10.000000 10.000000
V 334.000000 482.000000 10.000000 10.000000
V 218.500000 119.000000 91.000000 50.000000
E 0 4
E 7 0
E 12 0
E 1 17
E 2 8
E 8 3
E 5 6
E 12 6
E 6 13
E 12 8
E 16 9
E 10 15
E 15 11
E 12 15
E 12 16
E 12 17
E 17 14
E 18 16
G R-HSA-3000178.sbgn 16 15
V 450.500000 730.000000 123.000000 26.000000
V 665.000000 684.000000 10.000000 10.000000
V 817.000000 568.500000 98.000000 23.000000
V 789.000000 680.000000 142.000000 28.000000
V 407.000000 562.000000 94.000000 34.000000
V 786.000000 632.000000 10.000000 10.000000
V 477.000000 805.500000 170.000000 25.000000
V 567.000000 718.000000 10.000000 10.000000
V 537.000000 652.500000 80.000000 25.000000
V 670.000000 789.500000 118.000000 23.000000
V 667.000000 729.500000 98.000000 41.000000
V 567.000000 770.000000 10.000000 10.000000
V 622.500000 600.500000 101.000000 23.000000
V 407.000000 678.000000 124.000000 40.000000
V 712.500000 633.500000 93.000000 23.000000
V 426.000000 629.000000 10.000000 10.000000
E 7 0
E 1 10
E 12 1
E 14 1
E 2 5
E 5 3
E 4 15
E 12 5
E 11 6
E 8 7
E 12 7
E 9 11
E 12 11
E 12 15
E 15 13
G R-HSA-3108214.sbgn 23 29
V 426.000000 678.500000 100.000000 27.000000
V 420.000000 867.000000 60.000000 26.000000
V 340.000000 939.000000 12.000000 12.000000
V 307.500000 867.500000 139.000000 29.000000
V 447.000000 932.000000 12.000000 12.000000
V 507.500000 1007.000000 115.000000 50.000000
V 399.500000 618.000000 133.000000 24.000000
V 509.500000 797.000000 53.000000 28.000000
V 292.000000 681.000000 12.000000 12.000000
V 543.000000 680.000000 12.000000 12.000000
V 188.000000 791.000000 110.000000 44.000000
V 405.500000 571.500000 49.000000 25.000000
V 611.500000 796.000000 119.000000 42.000000
V 268.000000 663.000000 12.000000 12.000000
V 206.500000 581.000000 111.000000 26.000000
V 402.500000 1005.000000 53.000000 28.000000
V 275.000000 1003.500000 122.000000 45.000000
V 527.500000 866.500000 129.000000 31.000000
V 603.000000 583.000000 122.000000 30.000000
V 513.000000 680.000000 12.000000 12.000000
V 53.500000 799.500000 107.000000 45.000000
V 404.500000 792.000000 125.000000 38.000000
V 279.500000 798.000000 53.000000 28.000000
E 0 19
E 1 2
E 1 4
E 3 2
E 2 15
E 2 16
E 20 2
E 4 5
E 4 15
E 17 4
E 20 4
E 6 8
E 6 19
E 9 7
E 19 7
E 11 8
E 20 8
E 8 21
E 8 22
E 11 9
E 9 12
E 18 9
E 13 10
E 11 13
E 11 19
E 14 13
E 20 13
E 13 22
E 19 21
G R-HSA-3215018.sbgn 38 40
V 209.000000 526.000000 130.000000 30.000000
V 207.000000 91.000000 110.000000 32.000000
V 704.500000 228.000000 61.000000 26.000000
V 703.000000 526.500000 124.000000 29.000000
V 128.000000 449.500000 50.000000 33.000000
V 209.500000 228.500000 61.000000 31.000000
V 132.500000 273.500000 49.000000 31.000000
V 474.000000 374.000000 12.000000 12.000000
V 340.500000 137.000000 83.000000 28.000000
V 702.500000 91.500000 105.000000 31.000000
V 478.500000 760.500000 105.000000 27.000000
V 153.000000 576.000000 54.000000 28.000000
V 209.000000 642.000000 12.000000 12.000000
V 632.000000 588.000000 54.000000 28.000000
V 702.000000 177.000000 12.000000 12.000000
V 388.500000 273.000000 47.000000 36.000000
V 626.000000 278.000000 48.000000 32.000000
V 626.000000 450.500000 50.000000 33.000000
V 416.000000 583.000000 54.000000 28.000000
V 351.000000 322.000000 88.000000 28.000000
V 437.000000 477.500000 40.000000 31.000000
V 281.500000 625.000000 57.000000 28.000000
V 710.000000 760.000000 94.000000 26.000000
V 392.000000 451.500000 50.000000 33.000000
V 475.500000 228.000000 57.000000 30.000000
V 473.500000 526.500000 131.000000 29.000000
V 704.000000 378.000000 12.000000 12.000000
V 577.000000 318.000000 88.000000 28.000000
V 211.500000 760.500000 131.000000 27.000000
V 170.000000 478.500000 40.000000 31.000000
V 707.000000 642.000000 12.000000 12.000000
V 86.000000 320.000000 88.000000 28.000000
V 475.000000 639.000000 12.000000 12.000000
V 669.000000 480.500000 40.000000 31.000000
V 477.000000 92.500000 100.000000 31.000000
V 474.000000 170.000000 12.000000 12.000000
V 208.000000 374.000000 12.000000 12.000000
V 208.000000 161.000000 12.000000 12.000000
E 0 12
E 36 0
E 1 37
E 14 2
E 2 26
E 26 3
E 3 30
E 36 4
E 5 36
E 37 5
E 6 36
E 15 7
E 19 7
E 7 20
E 7 23
E 24 7
E 7 25
E 8 14
E 8 35
E 8 37
E 9 14
E 32 10
E 11 12
E 21 12
E 12 28
E 31 12
E 13 30
E 16 26
E 26 17
E 18 32
E 32 19
E 30 22
E 35 24
E 25 32
E 27 26
E 26 33
E 30 27
E 36 29
E 31 36
E 34 35
G R-HSA-3238698.sbgn 32 34
V 536.000000 784.000000 12.000000 12.000000
V 689.500000 76.500000 49.000000 25.000000
V 603.500000 721.500000 83.000000 47.000000
V 782.000000 318.000000 12.000000 12.000000
V 685.000000 577.000000 12.000000 12.000000
V 682.000000 514.000000 126.000000 36.000000
V 997.000000 114.000000 70.000000 30.000000
V 773.000000 173.000000 10.000000 10.000000
V 610.000000 601.000000 52.000000 30.000000
V 489.000000 467.000000 82.000000 36.000000
V 406.000000 794.000000 130.000000 50.000000
V 843.000000 171.000000 64.000000 22.000000
V 989.000000 273.000000 76.000000 24.000000
V 504.000000 284.000000 130.000000 22.000000
V 535.500000 886.000000 49.000000 22.000000
V 699.500000 782.500000 125.000000 47.000000
V 900.000000 218.000000 12.000000 12.000000
V 739.500000 416.500000 93.000000 25.000000
V 460.000000 724.000000 122.000000 54.000000
V 611.000000 419.000000 48.000000 24.000000
V 359.500000 281.500000 49.000000 31.000000
V 551.000000 455.000000 12.000000 12.000000
V 640.000000 173.500000 54.000000 23.000000
V 357.000000 372.000000 10.000000 10.000000
V 294.000000 794.000000 12.000000 12.000000
V 194.000000 793.000000 130.000000 50.000000
V 547.000000 220.000000 12.000000 12.000000
V 696.000000 451.000000 10.000000 10.000000
V 484.000000 345.000000 40.000000 22.000000
V 355.000000 461.000000 82.000000 34.000000
V 988.000000 200.000000 12.000000 12.000000
V 416.000000 464.000000 12.000000 12.000000
E 0 2
E 10 0
E 14 0
E 0 15
E 18 0
E 7 1
E 3 11
E 17 3
E 4 5
E 8 4
E 15 4
E 5 27
E 30 6
E 11 7
E 7 22
E 9 21
E 31 9
E 24 10
E 11 16
E 16 12
E 12 30
E 21 13
E 13 23
E 27 17
E 21 19
E 19 27
E 20 23
E 26 20
E 21 28
E 22 26
E 28 23
E 23 29
E 25 24
E 29 31
G R-HSA-3371599.sbgn 15 16
V 2287.000000 373.000000 108.000000 22.000000
V 2216.000000 252.000000 40.000000 30.000000
V 2136.000000 369.000000 40.000000 30.000000
V 2363.500000 410.000000 39.000000 22.000000
V 2295.000000 212.000000 108.000000 22.000000
V 2029.500000 326.000000 39.000000 22.000000
V 2259.000000 503.000000 40.000000 30.000000
V 2310.000000 456.000000 12.000000 12.000000
V 2145.000000 310.000000 40.000000 30.000000
V 2030.000000 370.000000 12.000000 12.000000
V 2332.000000 316.000000 12.000000 12.000000
V 2215.000000 343.000000 40.000000 30.000000
V 2357.000000 258.000000 12.000000 12.000000
V 2167.000000 460.000000 78.000000 36.000000
V 2094.000000 415.000000 108.000000 22.000000
E 0 10
E 1 12
E 2 9
E 3 7
E 3 10
E 3 12
E 4 12
E 5 9
E 6 7
E 8 7
E 13 7
E 8 9
E 8 10
E 8 12
E 14 9
E 11 10
G R-HSA-373076.sbgn 24 28
V 4034.500000 1162.000000 69.000000 32.000000
V 4038.500000 1113.000000 49.000000 22.000000
V 4030.500000 1449.000000 93.000000 38.000000
V 4114.000000 1296.000000 10.000000 10.000000
V 4273.000000 1213.500000 84.000000 25.000000
V 3935.000000 1117.000000 82.000000 36.000000
V 3999.000000 1067.000000 10.000000 10.000000
V 4052.000000 1251.000000 52.000000 22.000000
V 4122.000000 1381.000000 10.000000 10.000000
V 4040.500000 1604.000000 49.000000 22.000000
V 4019.000000 1399.000000 74.000000 24.000000
V 4278.000000 1399.000000 78.000000 24.000000
V 4149.000000 1147.000000 10.000000 10.000000
V 4042.500000 1511.000000 61.000000 22.000000
V 4182.000000 1546.000000 10.000000 10.000000
V 4073.000000 1491.000000 10.000000 10.000000
V 3990.000000 1030.000000 78.000000 22.000000
V 4041.500000 1350.000000 77.000000 36.000000
V 4030.000000 1208.000000 78.000000 48.000000
V 4272.500000 1513.000000 59.000000 34.000000
V 4035.000000 1563.500000 72.000000 33.000000
V 4044.000000 1296.500000 84.000000 39.000000
V 4204.500000 1296.500000 41.000000 37.000000
V 4128.000000 1215.000000 10.000000 10.000000
E 12 0
E 1 6
E 1 12
E 2 3
E 2 14
E 15 2
E 7 3
E 17 3
E 18 3
E 3 21
E 22 3
E 4 23
E 6 5
E 5 12
E 16 6
E 7 23
E 10 8
E 11 8
E 8 17
E 9 14
E 17 12
E 22 12
E 13 15
E 17 14
E 14 20
E 22 14
E 19 15
E 23 18
G R-HSA-373753.sbgn 40 39
V 1275.500000 187.000000 107.000000 22.000000
V 903.000000 122.000000 40.000000 30.000000
V 1278.500000 137.000000 117.000000 36.000000
V 1171.000000 379.000000 34.000000 22.000000
V 663.000000 36.000000 96.000000 36.000000
V 1191.000000 236.000000 10.000000 10.000000
V 50.500000 70.000000 97.000000 50.000000
V 293.000000 34.000000 48.000000 22.000000
V 1053.000000 235.000000 48.000000 22.000000
V 1276.500000 370.000000 117.000000 36.000000
V 692.000000 122.000000 30.000000 22.000000
V 152.000000 318.000000 10.000000 10.000000
V 134.000000 76.000000 10.000000 10.000000
V 945.500000 43.500000 121.000000 53.000000
V 193.000000 36.000000 76.000000 30.000000
V 1246.000000 453.000000 10.000000 10.000000
V 185.000000 346.000000 38.000000 22.000000
V 61.000000 395.000000 96.000000 36.000000
V 179.000000 477.000000 10.000000 10.000000
V 583.000000 5.000000 10.000000 10.000000
V 840.000000 71.000000 12.000000 12.000000
V 1163.000000 288.000000 10.000000 10.000000
V 554.500000 37.000000 49.000000 22.000000
V 1169.500000 76.000000 55.000000 22.000000
V 1275.500000 498.000000 121.000000 36.000000
V 1251.500000 39.000000 117.000000 36.000000
V 1221.000000 98.000000 10.000000 10.000000
V 183.000000 421.000000 52.000000 22.000000
V 767.000000 37.000000 90.000000 36.000000
V 1277.000000 279.000000 122.000000 36.000000
V 141.000000 394.000000 10.000000 10.000000
V 796.000000 123.000000 40.000000 30.000000
V 63.000000 321.000000 126.000000 22.000000
V 734.000000 84.000000 10.000000 10.000000
V 361.000000 13.000000 10.000000 10.000000
V 234.000000 517.000000 120.000000 36.000000
V 66.000000 480.000000 120.000000 50.000000
V 1077.500000 76.000000 91.000000 22.000000
V 1127.000000 48.000000 10.000000 10.000000
V 424.000000 38.000000 92.000000 22.000000
E 0 5
E 20 1
E 26 2
E 3 15
E 4 11
E 4 18
E 19 4
E 4 30
E 4 33
E 13 5
E 5 29
E 12 6
E 7 34
E 8 21
E 9 15
E 21 9
E 10 33
E 16 11
E 11 32
E 14 12
E 39 12
E 20 13
E 13 21
E 13 38
E 15 24
E 30 17
E 35 18
E 18 36
E 22 19
E 39 19
E 28 20
E 31 20
E 23 26
E 25 26
E 38 25
E 27 30
E 33 28
E 34 39
E 37 38
G R-HSA-380972.sbgn 31 32
V 305.500000 928.000000 123.000000 64.000000
V 449.000000 332.500000 38.000000 31.000000
V 694.500000 973.000000 27.000000 26.000000
V 102.000000 405.500000 124.000000 25.000000
V 931.000000 604.500000 38.000000 31.000000
V 570.000000 995.000000 126.000000 36.000000
V 344.000000 81.500000 54.000000 25.000000
V 1045.500000 412.500000 37.000000 31.000000
V 100.500000 342.500000 39.000000 31.000000
V 247.000000 555.500000 40.000000 31.000000
V 448.000000 638.000000 12.000000 12.000000
V 608.000000 327.500000 48.000000 27.000000
V 1091.000000 629.000000 116.000000 38.000000
V 594.000000 606.000000 40.000000 30.000000
V 577.500000 490.000000 119.000000 38.000000
V 372.500000 336.500000 39.000000 31.000000
V 247.500000 44.500000 99.000000 19.000000
V 456.000000 490.000000 12.000000 12.000000
V 950.000000 411.500000 78.000000 33.000000
V 626.000000 413.500000 114.000000 35.000000
V 532.500000 325.500000 55.000000 23.000000
V 292.500000 637.000000 41.000000 30.000000
V 1006.000000 494.000000 12.000000 12.000000
V 246.000000 163.000000 10.000000 10.000000
V 464.500000 926.000000 105.000000 36.000000
V 246.000000 373.000000 12.000000 12.000000
V 144.000000 41.500000 48.000000 25.000000
V 532.000000 375.000000 12.000000 12.000000
V 642.000000 879.000000 12.000000 12.000000
V 316.000000 260.500000 110.000000 39.000000
V 379.500000 417.000000 119.000000 38.000000
E 10 0
E 1 27
E 28 2
E 3 25
E 22 4
E 28 5
E 6 23
E 7 22
E 8 25
E 9 17
E 9 25
E 13 10
E 14 10
E 10 21
E 24 10
E 27 11
E 22 12
E 12 28
E 17 14
E 14 22
E 25 15
E 16 23
E 30 17
E 18 22
E 27 19
E 20 27
E 26 23
E 23 29
E 24 28
E 29 25
E 25 30
E 30 27
G R-HSA-380994.sbgn 19 18
V 671.500000 416.000000 239.000000 26.000000
V 543.000000 256.500000 56.000000 51.000000
V 200.500000 74.500000 81.000000 51.000000
V 753.000000 167.000000 12.000000 12.000000
V 637.000000 180.500000 88.000000 51.000000
V 846.500000 92.000000 53.000000 22.000000
V 727.000000 312.000000 12.000000 12.000000
V 170.500000 436.000000 81.000000 30.000000
V 172.000000 285.000000 12.000000 12.000000
V 413.000000 57.000000 126.000000 22.000000
V 251.500000 159.000000 57.000000 22.000000
V 848.500000 202.000000 59.000000 30.000000
V 662.500000 101.500000 75.000000 51.000000
V 96.000000 268.500000 104.000000 51.000000
V 250.000000 117.000000 12.000000 12.000000
V 100.000000 104.500000 92.000000 21.000000
V 849.500000 397.000000 49.000000 28.000000
V 109.500000 141.500000 53.000000 23.000000
V 761.000000 73.000000 12.000000 12.000000
E 0 6
E 1 6
E 2 14
E 4 3
E 9 3
E 3 11
E 18 5
E 9 6
E 6 16
E 8 7
E 9 8
E 13 8
E 9 14
E 9 18
E 14 10
E 12 18
E 15 14
E 17 14
G R-HSA-381183.sbgn 18 20
V 523.000000 269.500000 102.000000 51.000000
V 87.000000 185.500000 50.000000 27.000000
V 354.500000 284.500000 75.000000 51.000000
V 723.500000 166.000000 57.000000 26.000000
V 265.000000 292.000000 12.000000 12.000000
V 268.000000 416.000000 66.000000 24.000000
V 655.000000 124.000000 12.000000 12.000000
V 431.000000 311.000000 12.000000 12.000000
V 387.500000 53.000000 95.000000 26.000000
V 655.000000 505.000000 78.000000 28.000000
V 563.000000 146.500000 76.000000 51.000000
V 656.000000 283.000000 12.000000 12.000000
V 86.500000 134.500000 81.000000 51.000000
V 506.000000 59.500000 58.000000 21.000000
V 433.500000 507.000000 55.000000 28.000000
V 194.000000 148.000000 12.000000 12.000000
V 182.000000 273.500000 86.000000 51.000000
V 255.500000 197.000000 65.000000 24.000000
E 0 11
E 15 1
E 2 7
E 6 3
E 4 5
E 8 4
E 13 4
E 16 4
E 17 4
E 8 6
E 10 6
E 13 6
E 8 7
E 7 14
E 8 11
E 8 15
E 11 9
E 12 15
E 13 15
E 17 15
G R-HSA-381753.sbgn 33 32
V 378.500000 644.000000 51.000000 34.000000
V 678.500000 277.000000 109.000000 24.000000
V 539.000000 569.000000 52.000000 32.000000
V 148.500000 755.500000 101.000000 27.000000
V 434.000000 243.000000 124.000000 26.000000
V 667.500000 373.000000 115.000000 24.000000
V 63.500000 800.000000 49.000000 34.000000
V 511.000000 74.000000 12.000000 12.000000
V 176.000000 17.000000 70.000000 34.000000
V 466.000000 128.000000 46.000000 30.000000
V 677.000000 480.000000 130.000000 30.000000
V 533.500000 427.500000 49.000000 31.000000
V 671.500000 747.000000 111.000000 36.000000
V 513.000000 806.000000 50.000000 36.000000
V 468.000000 752.000000 12.000000 12.000000
V 673.000000 552.500000 162.000000 29.000000
V 561.000000 129.000000 48.000000 30.000000
V 240.000000 76.000000 10.000000 10.000000
V 56.500000 119.000000 113.000000 36.000000
V 581.000000 474.000000 12.000000 12.000000
V 673.000000 143.000000 10.000000 10.000000
V 369.500000 74.000000 197.000000 42.000000
V 228.000000 754.000000 10.000000 10.000000
V 647.500000 75.000000 187.000000 40.000000
V 677.000000 221.000000 188.000000 34.000000
V 75.500000 66.000000 129.000000 36.000000
V 65.000000 752.000000 12.000000 12.000000
V 667.000000 437.000000 10.000000 10.000000
V 425.000000 800.000000 50.000000 36.000000
V 69.000000 680.500000 52.000000 31.000000
V 495.000000 640.000000 48.000000 34.000000
V 673.000000 618.000000 10.000000 10.000000
V 297.500000 752.000000 99.000000 26.000000
E 14 0
E 0 22
E 20 1
E 19 2
E 2 31
E 22 3
E 3 26
E 20 4
E 4 27
E 5 27
E 6 26
E 9 7
E 7 16
E 21 7
E 7 23
E 8 17
E 10 19
E 27 10
E 11 19
E 12 14
E 31 12
E 13 14
E 28 14
E 14 30
E 15 31
E 18 17
E 17 21
E 25 17
E 23 20
E 20 24
E 32 22
E 26 29
G R-HSA-382556.sbgn 18 21
V 424.500000 562.500000 35.000000 29.000000
V 465.000000 604.000000 12.000000 12.000000
V 207.500000 216.000000 45.000000 30.000000
V 489.500000 649.000000 49.000000 30.000000
V 428.500000 336.500000 47.000000 31.000000
V 421.500000 514.000000 41.000000 30.000000
V 217.500000 471.000000 45.000000 30.000000
V 247.500000 251.000000 45.000000 30.000000
V 267.500000 453.000000 45.000000 30.000000
V 406.000000 603.000000 48.000000 22.000000
V 170.000000 280.000000 12.000000 12.000000
V 345.500000 344.000000 45.000000 30.000000
V 168.000000 413.000000 12.000000 12.000000
V 275.500000 344.000000 27.000000 30.000000
V 169.500000 342.000000 119.000000 36.000000
V 515.000000 541.000000 40.000000 30.000000
V 25.500000 353.000000 47.000000 30.000000
V 534.500000 576.000000 43.000000 30.000000
E 1 0
E 3 1
E 1 4
E 1 5
E 9 1
E 15 1
E 17 1
E 2 10
E 10 4
E 4 12
E 6 12
E 7 10
E 8 12
E 10 11
E 10 13
E 14 10
E 16 10
E 12 11
E 12 13
E 14 12
E 12 16
G R-HSA-389513.sbgn 21 20
V 848.500000 338.500000 39.000000 25.000000
V 300.000000 165.000000 92.000000 34.000000
V 693.000000 415.000000 42.000000 24.000000
V 521.000000 165.000000 106.000000 36.000000
V 562.500000 237.000000 39.000000 30.000000
V 421.000000 165.000000 10.000000 10.000000
V 207.000000 165.000000 10.000000 10.000000
V 718.000000 240.000000 40.000000 30.000000
V 880.000000 225.000000 70.000000 26.000000
V 690.000000 345.000000 88.000000 22.000000
V 616.000000 281.000000 126.000000 36.000000
V 171.500000 223.000000 41.000000 22.000000
V 772.500000 227.000000 41.000000 22.000000
V 1042.000000 165.000000 112.000000 38.000000
V 942.000000 165.000000 10.000000 10.000000
V 850.000000 417.500000 40.000000 21.000000
V 818.500000 165.000000 113.000000 50.000000
V 772.000000 378.000000 12.000000 12.000000
V 99.000000 165.500000 92.000000 23.000000
V 352.000000 66.000000 118.000000 36.000000
V 672.000000 165.000000 12.000000 12.000000
E 17 0
E 1 5
E 6 1
E 2 17
E 5 3
E 3 20
E 4 20
E 19 5
E 11 6
E 18 6
E 20 7
E 8 14
E 9 17
E 10 20
E 12 17
E 20 12
E 14 13
E 16 14
E 17 15
E 20 16
G R-HSA-3899300.sbgn 17 19
V 275.000000 297.000000 12.000000 12.000000
V 220.000000 365.000000 58.000000 30.000000
V 627.000000 245.000000 70.000000 32.000000
V 576.000000 301.000000 12.000000 12.000000
V 743.000000 376.000000 116.000000 40.000000
V 765.500000 245.000000 127.000000 36.000000
V 515.500000 238.500000 141.000000 27.000000
V 672.000000 316.000000 12.000000 12.000000
V 362.500000 372.500000 107.000000 39.000000
V 628.000000 373.000000 62.000000 30.000000
V 522.500000 372.500000 115.000000 43.000000
V 438.000000 311.500000 58.000000 31.000000
V 98.500000 374.000000 115.000000 44.000000
V 101.500000 243.000000 131.000000 32.000000
V 209.000000 243.000000 64.000000 30.000000
V 161.000000 305.000000 12.000000 12.000000
V 363.000000 245.000000 114.000000 32.000000
E 0 1
E 0 8
E 11 0
E 14 0
E 16 0
E 15 1
E 2 3
E 2 7
E 6 3
E 3 9
E 3 10
E 11 3
E 7 4
E 5 7
E 7 9
E 11 7
E 15 12
E 13 15
E 14 15
G R-HSA-389948.sbgn 19 19
V 881.000000 171.000000 10.000000 10.000000
V 624.000000 225.000000 40.000000 30.000000
V 103.000000 267.000000 10.000000 10.000000
V 410.500000 173.500000 83.000000 39.000000
V 731.500000 472.000000 165.000000 66.000000
V 824.500000 390.500000 45.000000 27.000000
V 548.000000 172.000000 12.000000 12.000000
V 41.000000 168.500000 82.000000 35.000000
V 996.500000 169.500000 133.000000 53.000000
V 191.500000 173.000000 51.000000 22.000000
V 721.500000 173.000000 145.000000 40.000000
V 104.000000 339.000000 104.000000 34.000000
V 914.000000 472.000000 12.000000 12.000000
V 1027.000000 473.000000 148.000000 70.000000
V 229.500000 98.000000 95.000000 38.000000
V 389.500000 258.000000 39.000000 30.000000
V 756.000000 250.500000 102.000000 33.000000
V 317.000000 172.000000 10.000000 10.000000
V 459.000000 283.000000 74.000000 20.000000
E 0 8
E 10 0
E 16 0
E 6 1
E 7 2
E 9 2
E 2 11
E 3 6
E 17 3
E 12 4
E 12 5
E 6 10
E 15 6
E 18 6
E 8 12
E 9 17
E 11 17
E 13 12
E 14 17
G R-HSA-391160.sbgn 30 29
V 1004.000000 347.000000 10.000000 10.000000
V 416.500000 18.000000 133.000000 36.000000
V 536.000000 80.000000 10.000000 10.000000
V 859.500000 125.000000 117.000000 50.000000
V 774.000000 189.000000 40.000000 30.000000
V 834.500000 298.500000 57.000000 25.000000
V 754.000000 355.000000 10.000000 10.000000
V 930.000000 292.000000 52.000000 30.000000
V 305.000000 56.000000 10.000000 10.000000
V 708.000000 234.000000 76.000000 36.000000
V 1009.000000 147.000000 10.000000 10.000000
V 956.000000 183.000000 66.000000 34.000000
V 1118.000000 357.000000 10.000000 10.000000
V 1029.000000 421.500000 120.000000 57.000000
V 623.500000 127.000000 105.000000 22.000000
V 355.000000 424.000000 116.000000 22.000000
V 642.500000 191.000000 39.000000 30.000000
V 1165.000000 422.500000 120.000000 49.000000
V 710.000000 150.000000 12.000000 12.000000
V 290.000000 121.500000 126.000000 51.000000
V 901.000000 421.000000 98.000000 64.000000
V 732.000000 422.000000 114.000000 66.000000
V 354.000000 357.000000 10.000000 10.000000
V 1121.500000 126.500000 157.000000 51.000000
V 414.500000 126.000000 43.000000 22.000000
V 479.500000 128.000000 41.000000 22.000000
V 712.000000 309.500000 64.000000 23.000000
V 149.000000 128.500000 62.000000 23.000000
V 889.000000 359.000000 10.000000 10.000000
V 1052.000000 324.000000 40.000000 22.000000
E 3 0
E 7 0
E 0 13
E 1 8
E 2 14
E 24 2
E 25 2
E 3 6
E 3 10
E 18 3
E 3 28
E 18 4
E 5 28
E 6 21
E 26 6
E 8 19
E 24 8
E 9 18
E 11 10
E 10 23
E 13 12
E 12 17
E 29 12
E 14 18
E 22 15
E 16 18
E 28 20
E 25 22
E 27 22
G R-HSA-392517.sbgn 26 30
V 378.500000 701.000000 115.000000 22.000000
V 116.000000 659.000000 102.000000 22.000000
V 537.000000 250.500000 124.000000 39.000000
V 477.000000 533.000000 12.000000 12.000000
V 703.500000 449.000000 73.000000 22.000000
V 126.000000 448.000000 70.000000 22.000000
V 584.500000 655.000000 109.000000 38.000000
V 186.000000 116.000000 12.000000 12.000000
V 390.000000 373.000000 12.000000 12.000000
V 134.000000 552.000000 10.000000 10.000000
V 113.000000 97.500000 38.000000 31.000000
V 277.000000 600.000000 126.000000 36.000000
V 455.000000 425.500000 40.000000 31.000000
V 108.000000 153.000000 80.000000 24.000000
V 560.000000 588.000000 44.000000 26.000000
V 377.000000 477.000000 12.000000 12.000000
V 92.000000 332.000000 122.000000 22.000000
V 271.000000 92.500000 40.000000 31.000000
V 177.000000 494.000000 40.000000 22.000000
V 186.000000 25.000000 132.000000 50.000000
V 325.000000 428.500000 42.000000 31.000000
V 497.000000 655.000000 10.000000 10.000000
V 436.500000 614.500000 51.000000 31.000000
V 389.000000 305.000000 122.000000 36.000000
V 318.000000 246.000000 10.000000 10.000000
V 314.000000 165.500000 114.000000 31.000000
E 0 15
E 0 21
E 9 1
E 2 3
E 24 2
E 3 4
E 5 3
E 11 3
E 3 14
E 4 8
E 4 15
E 8 5
E 5 9
E 15 5
E 21 6
E 10 7
E 13 7
E 7 17
E 19 7
E 7 25
E 12 8
E 8 20
E 23 8
E 18 9
E 12 15
E 13 24
E 15 20
E 16 24
E 22 21
E 25 24
G R-HSA-4090294.sbgn 15 15
V 1009.500000 949.500000 51.000000 27.000000
V 637.500000 1094.500000 69.000000 27.000000
V 526.500000 1098.500000 95.000000 43.000000
V 903.000000 949.000000 106.000000 38.000000
V 703.000000 1011.500000 74.000000 27.000000
V 526.000000 943.500000 66.000000 29.000000
V 766.000000 951.000000 70.000000 30.000000
V 1124.000000 946.000000 118.000000 32.000000
V 1056.000000 1009.000000 12.000000 12.000000
V 801.000000 1025.000000 12.000000 12.000000
V 932.500000 1088.500000 67.000000 29.000000
V 580.000000 1018.000000 12.000000 12.000000
V 1120.500000 1092.500000 119.000000 39.000000
V 752.500000 1102.500000 127.000000 47.000000
V 644.000000 944.500000 134.000000 31.000000
E 0 8
E 11 1
E 11 2
E 3 9
E 4 8
E 4 9
E 4 11
E 5 11
E 6 9
E 7 8
E 8 10
E 8 12
E 9 10
E 9 13
E 14 11
G R-HSA-416482.sbgn 22 23
V 398.500000 677.000000 109.000000 38.000000
V 60.500000 226.000000 121.000000 94.000000
V 336.000000 5.000000 12.000000 12.000000
V 1019.000000 56.000000 54.000000 22.000000
V 195.500000 429.500000 39.000000 31.000000
V 748.000000 172.000000 72.000000 22.000000
V 638.000000 50.000000 12.000000 12.000000
V 829.000000 106.000000 10.000000 10.000000
V 542.500000 54.000000 93.000000 48.000000
V 186.000000 252.500000 38.000000 31.000000
V 917.500000 51.500000 91.000000 49.000000
V 738.000000 55.000000 90.000000 46.000000
V 188.000000 490.000000 10.000000 10.000000
V 236.500000 676.000000 111.000000 48.000000
V 60.000000 462.500000 120.000000 97.000000
V 239.500000 58.500000 123.000000 41.000000
V 1147.000000 53.500000 120.000000 53.000000
V 78.500000 61.500000 139.000000 51.000000
V 165.000000 153.000000 10.000000 10.000000
V 1063.000000 102.000000 10.000000 10.000000
V 394.000000 57.000000 130.000000 38.000000
V 134.000000 345.000000 12.000000 12.000000
E 12 0
E 18 1
E 1 21
E 8 2
E 2 15
E 20 2
E 3 19
E 21 4
E 5 7
E 6 8
E 11 6
E 7 10
E 11 7
E 9 21
E 10 19
E 12 11
E 12 13
E 14 12
E 12 20
E 21 14
E 15 18
E 19 16
E 17 18
G R-HSA-418346.sbgn 35 34
V 263.000000 865.000000 12.000000 12.000000
V 164.000000 1082.000000 10.000000 10.000000
V 117.000000 1130.500000 30.000000 23.000000
V 897.500000 1057.500000 91.000000 37.000000
V 1002.500000 949.500000 39.000000 23.000000
V 1200.500000 1062.500000 103.000000 37.000000
V 298.000000 1031.000000 10.000000 10.000000
V 369.000000 1063.500000 90.000000 23.000000
V 449.000000 1029.000000 12.000000 12.000000
V 913.000000 986.500000 48.000000 23.000000
V 1238.500000 1002.500000 95.000000 23.000000
V 689.000000 988.500000 40.000000 31.000000
V 691.500000 1060.500000 57.000000 23.000000
V 347.500000 910.500000 41.000000 31.000000
V 391.500000 692.500000 41.000000 31.000000
V 1072.500000 1063.500000 103.000000 37.000000
V 228.500000 1064.500000 63.000000 23.000000
V 192.000000 910.500000 40.000000 31.000000
V 527.500000 993.500000 41.000000 31.000000
V 328.000000 800.500000 92.000000 37.000000
V 429.500000 444.500000 89.000000 37.000000
V 208.000000 806.500000 58.000000 23.000000
V 137.000000 984.500000 38.000000 23.000000
V 1082.000000 1004.000000 10.000000 10.000000
V 365.000000 1001.500000 40.000000 31.000000
V 821.500000 978.500000 41.000000 31.000000
V 1054.000000 1017.000000 10.000000 10.000000
V 429.000000 774.000000 12.000000 12.000000
V 765.000000 1025.000000 12.000000 12.000000
V 1113.000000 988.000000 10.000000 10.000000
V 941.000000 953.500000 56.000000 23.000000
V 264.000000 938.500000 32.000000 23.000000
V 519.000000 1063.500000 102.000000 23.000000
V 481.000000 819.500000 40.000000 31.000000
V 429.500000 856.500000 63.000000 23.000000
E 0 13
E 17 0
E 0 19
E 21 0
E 31 0
E 2 1
E 1 16
E 22 1
E 2 28
E 3 23
E 3 26
E 28 3
E 3 29
E 4 29
E 23 5
E 6 7
E 16 6
E 31 6
E 7 8
E 8 18
E 24 8
E 8 32
E 9 26
E 29 10
E 11 28
E 12 28
E 27 14
E 26 15
E 19 27
E 27 20
E 30 23
E 28 25
E 33 27
E 34 27
G R-HSA-418889.sbgn 29 29
V 776.500000 75.000000 113.000000 22.000000
V 1077.500000 172.000000 131.000000 22.000000
V 578.000000 416.000000 10.000000 10.000000
V 277.500000 405.000000 113.000000 22.000000
V 638.500000 291.000000 73.000000 22.000000
V 25.500000 137.000000 49.000000 22.000000
V 636.000000 50.000000 12.000000 12.000000
V 423.000000 447.000000 60.000000 22.000000
V 899.500000 117.000000 45.000000 22.000000
V 963.000000 53.000000 10.000000 10.000000
V 1207.000000 45.000000 10.000000 10.000000
V 1171.000000 168.000000 40.000000 30.000000
V 678.500000 416.000000 95.000000 22.000000
V 559.000000 34.000000 34.000000 22.000000
V 1102.500000 84.000000 123.000000 22.000000
V 456.500000 167.000000 113.000000 36.000000
V 238.000000 168.000000 112.000000 22.000000
V 361.000000 167.000000 10.000000 10.000000
V 120.000000 417.000000 12.000000 12.000000
V 1069.500000 18.000000 105.000000 22.000000
V 109.000000 137.000000 12.000000 12.000000
V 25.000000 416.000000 50.000000 22.000000
V 251.000000 42.000000 104.000000 22.000000
V 285.500000 487.000000 105.000000 22.000000
V 1181.500000 300.000000 41.000000 30.000000
V 1115.000000 240.000000 12.000000 12.000000
V 771.500000 17.000000 97.000000 22.000000
V 1315.500000 43.000000 109.000000 36.000000
V 269.500000 114.000000 47.000000 22.000000
E 6 0
E 1 25
E 3 2
E 7 2
E 2 12
E 18 3
E 4 6
E 4 18
E 4 20
E 25 4
E 5 20
E 13 6
E 6 26
E 8 9
E 9 19
E 26 9
E 14 10
E 19 10
E 10 27
E 11 25
E 17 15
E 16 17
E 20 16
E 28 17
E 21 18
E 18 23
E 20 22
E 25 24
E 27 25
G R-HSA-422085.sbgn 20 21
V 722.500000 170.000000 125.000000 38.000000
V 1138.000000 46.500000 46.000000 25.000000
V 1135.000000 146.500000 48.000000 37.000000
V 983.000000 47.500000 48.000000 23.000000
V 1060.000000 377.000000 90.000000 34.000000
V 1138.500000 203.500000 43.000000 31.000000
V 1063.000000 46.500000 86.000000 27.000000
V 1040.500000 579.000000 111.000000 36.000000
V 835.500000 422.000000 125.000000 38.000000
V 1087.500000 80.500000 45.000000 25.000000
V 1032.000000 474.000000 12.000000 12.000000
V 748.000000 309.000000 12.000000 12.000000
V 837.500000 250.000000 125.000000 38.000000
V 947.000000 311.000000 12.000000 12.000000
V 1018.000000 75.500000 62.000000 23.000000
V 1133.000000 272.500000 124.000000 31.000000
V 1138.500000 433.000000 145.000000 30.000000
V 722.000000 377.500000 146.000000 27.000000
V 1004.000000 424.500000 68.000000 29.000000
V 1051.000000 475.000000 12.000000 12.000000
E 0 11
E 1 13
E 2 13
E 3 13
E 4 10
E 13 4
E 4 19
E 5 13
E 6 13
E 10 7
E 19 7
E 11 8
E 8 13
E 9 13
E 18 10
E 11 12
E 17 11
E 12 13
E 14 13
E 13 15
E 16 19
G R-HSA-425397.sbgn 28 30
V 301.000000 877.000000 74.000000 30.000000
V 417.000000 771.000000 74.000000 30.000000
V 740.000000 997.500000 88.000000 35.000000
V 291.500000 770.000000 89.000000 30.000000
V 667.000000 804.000000 12.000000 12.000000
V 1273.500000 758.000000 61.000000 22.000000
V 774.000000 820.500000 74.000000 31.000000
V 1271.000000 801.000000 12.000000 12.000000
V 1349.500000 911.000000 43.000000 30.000000
V 664.000000 943.000000 12.000000 12.000000
V 244.500000 820.000000 87.000000 38.000000
V 406.500000 873.000000 89.000000 30.000000
V 347.000000 820.000000 12.000000 12.000000
V 747.000000 945.000000 42.000000 30.000000
V 583.500000 887.000000 89.000000 30.000000
V 603.000000 768.000000 42.000000 30.000000
V 1356.000000 803.000000 68.000000 30.000000
V 1199.500000 911.000000 73.000000 30.000000
V 1171.000000 807.000000 68.000000 30.000000
V 755.500000 894.000000 89.000000 30.000000
V 744.000000 769.000000 42.000000 30.000000
V 668.000000 892.000000 12.000000 12.000000
V 589.000000 943.000000 42.000000 30.000000
V 1193.500000 870.000000 43.000000 30.000000
V 597.000000 993.000000 92.000000 32.000000
V 1367.500000 850.000000 73.000000 30.000000
V 1270.000000 957.000000 12.000000 12.000000
V 669.000000 848.000000 62.000000 22.000000
E 12 0
E 1 4
E 1 12
E 9 2
E 3 12
E 4 6
E 4 15
E 20 4
E 27 4
E 5 7
E 7 8
E 16 7
E 7 18
E 23 7
E 26 8
E 13 9
E 9 22
E 24 9
E 27 9
E 10 12
E 12 11
E 13 21
E 14 21
E 26 17
E 21 19
E 21 22
E 27 21
E 23 26
E 25 26
E 27 26
G R-HSA-427359.sbgn 21 26
V 156.000000 82.500000 60.000000 21.000000
V 658.000000 281.000000 60.000000 30.000000
V 442.500000 488.500000 109.000000 25.000000
V 649.000000 82.000000 10.000000 10.000000
V 287.000000 372.000000 12.000000 12.000000
V 288.500000 260.000000 213.000000 26.000000
V 606.000000 211.000000 202.000000 24.000000
V 428.000000 64.000000 120.000000 22.000000
V 236.500000 504.000000 161.000000 38.000000
V 216.000000 450.000000 42.000000 30.000000
V 661.500000 498.000000 57.000000 30.000000
V 138.500000 295.000000 101.000000 22.000000
V 423.000000 307.000000 10.000000 10.000000
V 109.000000 489.500000 48.000000 23.000000
V 357.500000 138.500000 71.000000 25.000000
V 422.500000 372.000000 129.000000 22.000000
V 150.000000 392.000000 12.000000 12.000000
V 525.000000 121.000000 118.000000 38.000000
V 605.000000 365.000000 12.000000 12.000000
V 655.500000 128.500000 105.000000 35.000000
V 216.500000 319.000000 51.000000 30.000000
E 0 12
E 0 16
E 18 1
E 4 2
E 2 18
E 7 3
E 17 3
E 3 19
E 5 4
E 4 8
E 4 9
E 15 4
E 20 4
E 6 12
E 18 6
E 7 12
E 16 8
E 16 9
E 10 18
E 11 16
E 14 12
E 12 15
E 17 12
E 16 13
E 15 18
E 20 16
G R-HSA-427389.sbgn 17 16
V 586.000000 112.000000 98.000000 22.000000
V 164.000000 257.500000 76.000000 31.000000
V 391.000000 504.000000 10.000000 10.000000
V 195.500000 44.500000 79.000000 51.000000
V 523.500000 301.000000 283.000000 26.000000
V 632.500000 169.500000 63.000000 27.000000
V 164.000000 368.000000 72.000000 32.000000
V 391.000000 542.500000 296.000000 25.000000
V 515.000000 148.000000 88.000000 22.000000
V 523.000000 244.000000 10.000000 10.000000
V 283.500000 225.500000 121.000000 23.000000
V 447.000000 447.000000 72.000000 30.000000
V 328.500000 150.000000 111.000000 22.000000
V 450.500000 35.000000 131.000000 22.000000
V 327.000000 103.000000 10.000000 10.000000
V 284.500000 413.000000 195.000000 30.000000
V 283.000000 304.000000 12.000000 12.000000
E 0 9
E 1 16
E 2 7
E 11 2
E 15 2
E 3 14
E 9 4
E 4 16
E 5 9
E 16 6
E 8 9
E 12 9
E 10 16
E 14 12
E 13 14
E 16 15
G R-HSA-427413.sbgn 31 32
V 489.000000 365.000000 10.000000 10.000000
V 818.000000 544.500000 216.000000 25.000000
V 486.000000 219.000000 60.000000 26.000000
V 489.500000 450.000000 427.000000 26.000000
V 531.000000 549.000000 162.000000 26.000000
V 510.000000 629.500000 68.000000 37.000000
V 679.500000 207.000000 101.000000 24.000000
V 985.000000 535.500000 72.000000 25.000000
V 443.500000 667.000000 65.000000 30.000000
V 144.000000 646.500000 68.000000 35.000000
V 200.500000 244.500000 177.000000 37.000000
V 695.000000 598.000000 12.000000 12.000000
V 203.000000 509.500000 266.000000 25.000000
V 825.000000 256.500000 60.000000 25.000000
V 901.000000 702.500000 258.000000 29.000000
V 790.000000 648.500000 68.000000 37.000000
V 195.000000 207.000000 12.000000 12.000000
V 359.000000 118.000000 198.000000 38.000000
V 901.000000 638.000000 10.000000 10.000000
V 329.000000 597.000000 12.000000 12.000000
V 626.000000 653.500000 64.000000 35.000000
V 820.000000 304.000000 232.000000 24.000000
V 678.000000 160.000000 10.000000 10.000000
V 739.000000 82.000000 68.000000 24.000000
V 569.000000 216.500000 56.000000 25.000000
V 607.500000 91.500000 85.000000 51.000000
V 736.000000 243.000000 60.000000 24.000000
V 388.500000 221.500000 69.000000 23.000000
V 194.500000 72.500000 161.000000 27.000000
V 193.000000 121.000000 12.000000 12.000000
V 195.000000 162.500000 188.000000 39.000000
E 2 0
E 0 3
E 6 0
E 10 0
E 13 0
E 21 0
E 0 23
E 24 0
E 26 0
E 27 0
E 11 1
E 1 18
E 3 11
E 3 19
E 4 11
E 19 4
E 19 5
E 22 6
E 7 18
E 19 8
E 9 19
E 16 10
E 11 15
E 20 11
E 12 19
E 18 14
E 30 16
E 17 29
E 23 22
E 25 22
E 28 29
E 29 30
G R-HSA-430116.sbgn 25 27
V 474.000000 94.000000 10.000000 10.000000
V 296.000000 262.500000 106.000000 23.000000
V 582.000000 229.000000 10.000000 10.000000
V 522.500000 171.000000 63.000000 22.000000
V 298.000000 207.000000 12.000000 12.000000
V 585.000000 497.000000 120.000000 38.000000
V 62.000000 58.500000 124.000000 23.000000
V 332.500000 153.000000 45.000000 22.000000
V 406.500000 201.500000 99.000000 39.000000
V 152.500000 184.500000 67.000000 23.000000
V 170.000000 301.000000 10.000000 10.000000
V 407.000000 377.000000 10.000000 10.000000
V 410.000000 462.500000 104.000000 35.000000
V 246.500000 108.000000 127.000000 36.000000
V 295.500000 458.000000 103.000000 36.000000
V 489.000000 133.000000 10.000000 10.000000
V 170.500000 502.000000 129.000000 38.000000
V 54.500000 116.500000 69.000000 23.000000
V 136.000000 28.000000 10.000000 10.000000
V 347.000000 325.500000 46.000000 23.000000
V 148.000000 97.000000 10.000000 10.000000
V 229.000000 31.500000 128.000000 37.000000
V 295.000000 381.000000 10.000000 10.000000
V 637.000000 113.500000 160.000000 35.000000
V 48.000000 17.500000 88.000000 23.000000
E 0 8
E 0 13
E 23 0
E 4 1
E 1 22
E 3 2
E 2 5
E 23 2
E 7 4
E 13 4
E 6 18
E 8 11
E 8 15
E 9 10
E 13 10
E 10 16
E 11 12
E 19 11
E 13 15
E 20 13
E 22 14
E 15 23
E 17 20
E 18 21
E 24 18
E 19 22
E 21 20
G R-HSA-432040.sbgn 34 33
V 545.000000 1132.000000 102.000000 36.000000
V 443.000000 1386.000000 120.000000 24.000000
V 313.000000 1233.000000 190.000000 28.000000
V 791.000000 1611.000000 68.000000 40.000000
V 634.000000 733.500000 160.000000 37.000000
V 317.500000 1318.000000 171.000000 22.000000
V 582.500000 850.500000 123.000000 39.000000
V 382.500000 1694.500000 93.000000 31.000000
V 749.000000 1062.500000 120.000000 35.000000
V 659.000000 1694.500000 110.000000 21.000000
V 320.000000 1387.000000 12.000000 12.000000
V 265.000000 1443.000000 42.000000 30.000000
V 730.500000 799.000000 119.000000 36.000000
V 521.000000 1228.000000 10.000000 10.000000
V 660.000000 1537.500000 108.000000 27.000000
V 509.000000 1030.000000 66.000000 28.000000
V 748.000000 952.000000 12.000000 12.000000
V 750.000000 849.500000 124.000000 35.000000
V 63.500000 1704.000000 125.000000 46.000000
V 792.500000 1783.500000 69.000000 37.000000
V 321.000000 1488.500000 106.000000 33.000000
V 207.000000 1702.000000 12.000000 12.000000
V 495.000000 1093.500000 88.000000 35.000000
V 607.000000 1048.000000 12.000000 12.000000
V 648.000000 1770.000000 12.000000 12.000000
V 440.500000 1179.500000 101.000000 27.000000
V 425.000000 1272.000000 12.000000 12.000000
V 203.000000 1631.000000 126.000000 36.000000
V 267.000000 1552.000000 12.000000 12.000000
V 634.000000 785.000000 12.000000 12.000000
V 640.000000 1613.000000 12.000000 12.000000
V 519.500000 1273.000000 95.000000 36.000000
V 489.500000 1482.000000 193.000000 20.000000
V 266.000000 1361.000000 40.000000 30.000000
E 0 13
E 23 0
E 1 10
E 26 2
E 30 3
E 4 29
E 5 10
E 26 5
E 6 16
E 29 6
E 21 7
E 7 24
E 7 30
E 16 8
E 8 23
E 9 24
E 10 11
E 10 20
E 33 10
E 29 12
E 25 13
E 13 31
E 14 30
E 15 23
E 17 16
E 18 21
E 24 19
E 20 28
E 27 21
E 23 22
E 31 26
E 28 27
E 32 28
G R-HSA-442660.sbgn 18 19
V 1891.000000 253.500000 32.000000 31.000000
V 2136.000000 19.000000 34.000000 34.000000
V 2288.500000 29.000000 65.000000 42.000000
V 1984.000000 256.000000 42.000000 34.000000
V 2208.000000 158.000000 12.000000 12.000000
V 2289.500000 257.500000 65.000000 37.000000
V 1841.000000 260.500000 36.000000 35.000000
V 2124.500000 154.500000 61.000000 23.000000
V 2218.000000 255.500000 32.000000 31.000000
V 1985.500000 21.000000 37.000000 36.000000
V 2062.000000 155.000000 12.000000 12.000000
V 2204.000000 19.500000 28.000000 31.000000
V 1850.000000 18.000000 34.000000 34.000000
V 1985.000000 157.500000 58.000000 27.000000
V 1909.000000 157.000000 12.000000 12.000000
V 2294.000000 157.500000 64.000000 27.000000
V 1890.000000 23.500000 28.000000 31.000000
V 2144.000000 249.500000 36.000000 35.000000
E 14 0
E 1 4
E 1 10
E 2 4
E 10 3
E 14 3
E 4 5
E 4 8
E 11 4
E 15 4
E 4 17
E 14 6
E 7 10
E 9 10
E 9 14
E 10 17
E 12 14
E 13 14
E 16 14
G R-HSA-446728.sbgn 21 20
V 394.000000 127.000000 92.000000 54.000000
V 586.000000 190.000000 10.000000 10.000000
V 474.000000 300.000000 64.000000 24.000000
V 828.000000 896.500000 58.000000 23.000000
V 685.000000 728.500000 56.000000 23.000000
V 739.000000 1009.000000 52.000000 30.000000
V 439.000000 174.000000 10.000000 10.000000
V 1011.000000 852.500000 70.000000 41.000000
V 943.000000 851.000000 10.000000 10.000000
V 490.000000 593.500000 50.000000 23.000000
V 730.500000 822.500000 57.000000 23.000000
V 803.000000 436.500000 96.000000 25.000000
V 1010.500000 731.500000 105.000000 43.000000
V 873.000000 960.000000 10.000000 10.000000
V 717.500000 102.500000 83.000000 41.000000
V 673.000000 434.000000 10.000000 10.000000
V 489.000000 120.500000 58.000000 33.000000
V 891.000000 731.000000 10.000000 10.000000
V 682.000000 179.000000 10.000000 10.000000
V 1015.500000 964.500000 85.000000 41.000000
V 600.500000 117.500000 125.000000 35.000000
E 6 0
E 16 1
E 1 20
E 2 6
E 2 15
E 3 8
E 4 17
E 5 13
E 16 6
E 8 7
E 10 8
E 9 15
E 9 17
E 10 13
E 10 17
E 15 11
E 17 12
E 13 19
E 18 14
E 20 18
G R-HSA-448706.sbgn 19 19
V 151.000000 46.000000 40.000000 22.000000
V 835.500000 329.000000 87.000000 36.000000
V 532.000000 112.500000 134.000000 35.000000
V 614.500000 404.500000 121.000000 21.000000
V 834.000000 404.000000 12.000000 12.000000
V 73.000000 94.500000 94.000000 31.000000
V 466.500000 407.500000 125.000000 49.000000
V 505.500000 272.500000 125.000000 35.000000
V 427.000000 109.000000 10.000000 10.000000
V 322.500000 81.500000 123.000000 25.000000
V 319.000000 127.500000 118.000000 25.000000
V 271.000000 174.500000 120.000000 23.000000
V 948.500000 404.500000 121.000000 21.000000
V 150.000000 93.000000 12.000000 12.000000
V 282.500000 324.000000 93.000000 22.000000
V 505.000000 323.000000 12.000000 12.000000
V 653.000000 110.000000 10.000000 10.000000
V 269.000000 49.000000 116.000000 18.000000
V 740.500000 111.500000 109.000000 35.000000
E 0 13
E 1 4
E 8 2
E 2 16
E 3 4
E 15 3
E 4 12
E 5 13
E 15 6
E 7 15
E 9 8
E 10 8
E 13 9
E 13 10
E 13 11
E 13 17
E 14 15
E 18 15
E 16 18
G R-HSA-449836.sbgn 19 20
V 1218.000000 340.000000 12.000000 12.000000
V 1266.500000 288.000000 69.000000 30.000000
V 1233.000000 154.000000 34.000000 22.000000
V 1133.000000 269.000000 46.000000 22.000000
V 1138.500000 209.000000 111.000000 36.000000
V 1208.000000 311.000000 10.000000 10.000000
V 1104.500000 308.500000 117.000000 21.000000
V 1098.000000 88.000000 40.000000 22.000000
V 1128.500000 421.000000 87.000000 36.000000
V 1097.000000 343.500000 118.000000 23.000000
V 1302.000000 152.500000 46.000000 17.000000
V 1264.000000 228.000000 10.000000 10.000000
V 1114.000000 377.000000 60.000000 22.000000
V 1233.000000 418.000000 10.000000 10.000000
V 1103.500000 154.500000 69.000000 49.000000
V 1145.000000 106.000000 10.000000 10.000000
V 1230.000000 201.000000 10.000000 10.000000
V 1044.000000 212.000000 12.000000 12.000000
V 1217.000000 243.000000 74.000000 22.000000
E 1 0
E 3 0
E 0 9
E 11 1
E 2 11
E 2 16
E 3 5
E 3 17
E 17 4
E 5 6
E 18 5
E 7 15
E 13 8
E 10 11
E 12 13
E 18 13
E 15 14
E 14 17
E 18 15
E 16 18
G R-HSA-450294.sbgn 31 30
V 1273.000000 655.000000 12.000000 12.000000
V 1556.000000 650.000000 12.000000 12.000000
V 1653.000000 509.000000 12.000000 12.000000
V 1104.500000 280.500000 41.000000 29.000000
V 993.000000 485.000000 12.000000 12.000000
V 1272.000000 479.000000 12.000000 12.000000
V 1654.000000 441.500000 158.000000 57.000000
V 1040.000000 49.000000 130.000000 22.000000
V 1274.000000 207.500000 166.000000 41.000000
V 1153.500000 49.500000 39.000000 29.000000
V 861.000000 638.500000 110.000000 49.000000
V 1467.500000 693.500000 39.000000 29.000000
V 1138.500000 618.500000 93.000000 37.000000
V 1224.500000 122.000000 143.000000 42.000000
V 1137.500000 213.500000 41.000000 29.000000
V 1386.500000 697.500000 41.000000 29.000000
V 1026.000000 325.000000 12.000000 12.000000
V 954.000000 369.000000 92.000000 30.000000
V 1391.500000 50.500000 39.000000 29.000000
V 1089.500000 370.500000 113.000000 33.000000
V 1446.500000 606.500000 127.000000 35.000000
V 1274.500000 576.500000 153.000000 33.000000
V 1630.500000 699.500000 41.000000 29.000000
V 1410.500000 207.500000 41.000000 29.000000
V 1273.500000 46.500000 121.000000 19.000000
V 945.500000 282.500000 39.000000 29.000000
V 1102.000000 121.000000 12.000000 12.000000
V 1655.000000 604.000000 136.000000 40.000000
V 1147.500000 684.500000 39.000000 29.000000
V 1027.500000 214.500000 109.000000 35.000000
V 1341.000000 120.000000 12.000000 12.000000
E 12 0
E 0 15
E 0 20
E 21 0
E 28 0
E 11 1
E 20 1
E 1 22
E 1 27
E 2 6
E 27 2
E 16 3
E 4 10
E 19 4
E 8 5
E 5 21
E 7 26
E 30 8
E 9 26
E 13 26
E 13 30
E 26 14
E 17 16
E 16 19
E 25 16
E 29 16
E 18 30
E 30 23
E 24 30
E 26 29
G R-HSA-451326.sbgn 19 18
V 827.000000 343.000000 50.000000 30.000000
V 535.500000 157.000000 119.000000 36.000000
V 525.500000 80.000000 129.000000 50.000000
V 261.000000 215.000000 108.000000 22.000000
V 545.500000 216.000000 119.000000 36.000000
V 539.000000 300.000000 12.000000 12.000000
V 366.000000 77.000000 10.000000 10.000000
V 382.500000 284.000000 111.000000 50.000000
V 229.500000 84.000000 97.000000 36.000000
V 381.000000 217.000000 10.000000 10.000000
V 688.000000 116.000000 12.000000 12.000000
V 271.500000 16.000000 49.000000 30.000000
V 732.500000 338.500000 43.000000 25.000000
V 803.000000 29.000000 50.000000 30.000000
V 677.500000 28.000000 43.000000 24.000000
V 812.000000 140.000000 12.000000 12.000000
V 632.500000 294.000000 127.000000 50.000000
V 412.000000 154.000000 10.000000 10.000000
V 227.000000 156.000000 114.000000 22.000000
E 15 0
E 1 15
E 17 1
E 6 2
E 2 10
E 3 9
E 4 5
E 9 4
E 7 5
E 5 16
E 8 6
E 11 6
E 11 9
E 10 12
E 14 10
E 11 17
E 13 15
E 18 17
G R-HSA-452723.sbgn 40 58
V 1050.000000 515.000000 12.000000 12.000000
V 364.000000 901.000000 10.000000 10.000000
V 109.000000 591.000000 10.000000 10.000000
V 445.500000 772.500000 113.000000 37.000000
V 284.500000 772.500000 73.000000 23.000000
V 1392.000000 392.000000 10.000000 10.000000
V 1056.000000 655.000000 62.000000 28.000000
V 415.500000 478.000000 201.000000 52.000000
V 674.000000 342.000000 68.000000 22.000000
V 1487.000000 491.000000 12.000000 12.000000
V 668.000000 775.000000 126.000000 36.000000
V 1475.500000 661.000000 69.000000 24.000000
V 1392.000000 488.000000 124.000000 38.000000
V 791.500000 288.500000 51.000000 21.000000
V 946.000000 398.000000 10.000000 10.000000
V 709.500000 82.500000 85.000000 51.000000
V 362.500000 843.500000 83.000000 37.000000
V 200.000000 665.000000 12.000000 12.000000
V 702.000000 653.000000 106.000000 26.000000
V 949.000000 459.500000 158.000000 49.000000
V 774.000000 153.500000 66.000000 29.000000
V 505.500000 314.000000 69.000000 20.000000
V 486.000000 287.000000 64.000000 22.000000
V 526.000000 774.000000 10.000000 10.000000
V 361.000000 307.500000 108.000000 51.000000
V 684.000000 369.500000 188.000000 23.000000
V 361.000000 771.000000 12.000000 12.000000
V 848.000000 108.500000 82.000000 27.000000
V 1335.500000 303.500000 77.000000 51.000000
V 424.000000 389.000000 10.000000 10.000000
V 774.000000 115.000000 12.000000 12.000000
V 102.500000 667.500000 127.000000 41.000000
V 118.500000 480.000000 109.000000 52.000000
V 505.500000 834.500000 81.000000 51.000000
V 266.000000 190.500000 62.000000 23.000000
V 1114.500000 523.000000 37.000000 22.000000
V 56.500000 532.500000 81.000000 31.000000
V 791.500000 313.000000 49.000000 20.000000
V 880.000000 276.500000 106.000000 51.000000
V 265.000000 488.000000 12.000000 12.000000
E 0 6
E 19 0
E 20 0
E 35 0
E 38 0
E 4 1
E 1 16
E 33 1
E 2 31
E 32 2
E 36 2
E 23 3
E 3 26
E 26 4
E 4 29
E 6 5
E 11 5
E 5 12
E 18 5
E 28 5
E 6 14
E 6 29
E 29 7
E 7 39
E 8 14
E 8 29
E 9 11
E 12 9
E 20 9
E 28 9
E 10 23
E 11 14
E 11 29
E 13 14
E 18 14
E 14 19
E 25 14
E 37 14
E 38 14
E 15 30
E 16 26
E 17 18
E 31 17
E 32 17
E 18 23
E 18 29
E 30 20
E 20 39
E 21 29
E 22 29
E 33 23
E 24 29
E 24 39
E 25 29
E 33 26
E 27 30
E 39 32
E 34 39
G R-HSA-4551638.sbgn 19 20
V 624.000000 63.500000 104.000000 31.000000
V 114.000000 219.500000 120.000000 43.000000
V 480.500000 76.500000 57.000000 23.000000
V 95.000000 61.000000 62.000000 22.000000
V 368.000000 66.000000 136.000000 22.000000
V 921.500000 197.500000 67.000000 25.000000
V 482.500000 192.500000 67.000000 25.000000
V 914.000000 62.000000 106.000000 24.000000
V 550.000000 131.000000 12.000000 12.000000
V 362.500000 204.000000 119.000000 40.000000
V 233.000000 64.000000 102.000000 22.000000
V 797.500000 207.500000 117.000000 39.000000
V 170.000000 127.000000 12.000000 12.000000
V 489.500000 113.500000 53.000000 23.000000
V 792.000000 66.500000 64.000000 27.000000
V 221.500000 221.500000 67.000000 25.000000
V 834.000000 130.000000 12.000000 12.000000
V 413.000000 133.000000 12.000000 12.000000
V 591.000000 219.000000 120.000000 40.000000
E 0 8
E 12 1
E 2 8
E 2 17
E 3 12
E 4 17
E 16 5
E 8 6
E 17 6
E 7 16
E 13 8
E 8 18
E 17 9
E 10 12
E 16 11
E 13 12
E 12 15
E 13 16
E 13 17
E 14 16
G R-HSA-499943.sbgn 31 48
V 1261.000000 101.000000 12.000000 12.000000
V 1092.500000 81.000000 59.000000 30.000000
V 1296.500000 510.000000 43.000000 30.000000
V 1213.000000 282.000000 12.000000 12.000000
V 1370.500000 200.000000 79.000000 22.000000
V 1225.000000 463.000000 12.000000 12.000000
V 1176.500000 346.000000 89.000000 22.000000
V 1220.000000 249.000000 12.000000 12.000000
V 1262.500000 46.500000 83.000000 39.000000
V 1354.500000 561.000000 59.000000 30.000000
V 1083.500000 463.000000 65.000000 30.000000
V 1110.000000 560.000000 60.000000 30.000000
V 1403.500000 463.000000 73.000000 30.000000
V 1471.500000 127.000000 41.000000 30.000000
V 1138.000000 41.000000 36.000000 30.000000
V 1436.000000 65.000000 60.000000 30.000000
V 1356.000000 349.000000 48.000000 30.000000
V 1219.000000 544.000000 12.000000 12.000000
V 1268.000000 346.000000 82.000000 22.000000
V 1122.500000 122.000000 47.000000 30.000000
V 1114.000000 205.000000 40.000000 22.000000
V 1301.000000 585.000000 36.000000 30.000000
V 1132.000000 503.000000 34.000000 22.000000
V 1258.500000 201.000000 43.000000 30.000000
V 1295.000000 149.000000 12.000000 12.000000
V 1088.000000 345.000000 40.000000 30.000000
V 1218.500000 602.500000 87.000000 35.000000
V 1075.500000 249.000000 65.000000 30.000000
V 1224.000000 428.000000 12.000000 12.000000
V 1400.500000 249.000000 73.000000 30.000000
V 1386.500000 514.000000 73.000000 22.000000
E 1 0
E 8 0
E 0 13
E 14 0
E 0 15
E 19 0
E 5 2
E 28 2
E 3 4
E 6 3
E 16 3
E 20 3
E 3 23
E 25 3
E 27 3
E 3 29
E 7 4
E 4 24
E 10 5
E 5 12
E 16 5
E 18 5
E 22 5
E 25 5
E 5 30
E 6 28
E 16 7
E 18 7
E 20 7
E 7 23
E 25 7
E 27 7
E 7 29
E 9 17
E 10 28
E 17 11
E 28 12
E 13 24
E 16 28
E 21 17
E 17 22
E 26 17
E 30 17
E 24 19
E 24 20
E 22 28
E 25 28
E 28 30
G R-HSA-5205647.sbgn 35 35
V 388.500000 740.500000 57.000000 23.000000
V 280.000000 789.500000 40.000000 31.000000
V 462.500000 712.500000 39.000000 23.000000
V 62.000000 704.500000 40.000000 31.000000
V 1522.500000 747.500000 113.000000 37.000000
V 1165.000000 867.500000 120.000000 65.000000
V 254.000000 740.500000 64.000000 23.000000
V 597.500000 818.500000 31.000000 23.000000
V 1251.000000 737.500000 120.000000 51.000000
V 1474.000000 787.000000 10.000000 10.000000
V 771.000000 793.000000 10.000000 10.000000
V 1303.000000 778.000000 10.000000 10.000000
V 211.000000 770.000000 12.000000 12.000000
V 140.000000 659.000000 12.000000 12.000000
V 521.500000 793.500000 41.000000 31.000000
V 141.500000 723.500000 101.000000 23.000000
V 48.500000 625.500000 41.000000 31.000000
V 1544.000000 825.500000 56.000000 23.000000
V 722.500000 742.500000 127.000000 23.000000
V 89.000000 661.500000 46.000000 23.000000
V 210.000000 818.500000 98.000000 23.000000
V 463.000000 649.000000 12.000000 12.000000
V 1347.500000 808.500000 31.000000 23.000000
V 155.000000 603.500000 128.000000 23.000000
V 461.000000 769.000000 12.000000 12.000000
V 771.500000 856.500000 131.000000 37.000000
V 964.500000 858.500000 87.000000 23.000000
V 394.000000 797.500000 40.000000 31.000000
V 90.500000 569.500000 39.000000 23.000000
V 628.000000 778.000000 10.000000 10.000000
V 139.500000 786.500000 41.000000 31.000000
V 1158.000000 801.000000 10.000000 10.000000
V 256.000000 702.000000 12.000000 12.000000
V 539.500000 741.500000 101.000000 23.000000
V 1387.000000 737.500000 120.000000 51.000000
E 0 12
E 0 24
E 32 0
E 1 12
E 21 2
E 2 24
E 3 13
E 4 9
E 31 5
E 6 32
E 7 29
E 11 8
E 8 31
E 17 9
E 9 34
E 18 10
E 10 25
E 26 10
E 22 11
E 34 11
E 12 15
E 20 12
E 12 30
E 15 13
E 13 16
E 19 13
E 13 23
E 24 14
E 15 32
E 29 18
E 28 21
E 27 24
E 24 33
E 26 31
E 33 29
G R-HSA-5221030.sbgn 28 31
V 549.000000 565.500000 144.000000 29.000000
V 335.000000 537.000000 46.000000 30.000000
V 618.000000 73.500000 150.000000 33.000000
V 754.000000 565.000000 12.000000 12.000000
V 404.500000 656.000000 49.000000 28.000000
V 306.000000 378.000000 64.000000 30.000000
V 412.000000 740.000000 12.000000 12.000000
V 421.000000 260.500000 60.000000 29.000000
V 350.000000 107.000000 66.000000 28.000000
V 354.500000 683.500000 57.000000 27.000000
V 400.000000 831.000000 62.000000 28.000000
V 387.000000 442.000000 12.000000 12.000000
V 439.000000 173.000000 12.000000 12.000000
V 546.000000 313.500000 182.000000 35.000000
V 875.000000 697.500000 228.000000 37.000000
V 590.000000 697.000000 56.000000 22.000000
V 550.500000 841.000000 163.000000 32.000000
V 367.500000 355.000000 47.000000 30.000000
V 364.000000 222.500000 78.000000 31.000000
V 504.500000 159.000000 41.000000 30.000000
V 414.500000 83.000000 67.000000 28.000000
V 131.500000 445.000000 89.000000 36.000000
V 344.000000 798.000000 76.000000 30.000000
V 889.500000 536.000000 51.000000 32.000000
V 399.500000 550.000000 43.000000 30.000000
V 899.500000 867.000000 51.000000 30.000000
V 296.500000 495.000000 61.000000 32.000000
V 765.000000 839.000000 12.000000 12.000000
E 0 3
E 0 6
E 11 0
E 11 1
E 2 12
E 3 14
E 15 3
E 3 23
E 4 6
E 5 11
E 9 6
E 6 10
E 6 16
E 21 6
E 6 22
E 12 7
E 8 12
E 13 11
E 17 11
E 21 11
E 11 24
E 11 26
E 12 13
E 12 18
E 19 12
E 20 12
E 21 12
E 27 14
E 15 27
E 16 27
E 27 25
G R-HSA-5223345.sbgn 20 23
V 1056.000000 774.500000 28.000000 23.000000
V 824.000000 777.500000 48.000000 31.000000
V 703.500000 728.500000 41.000000 23.000000
V 975.000000 676.500000 48.000000 31.000000
V 896.000000 776.500000 28.000000 23.000000
V 977.000000 773.500000 48.000000 31.000000
V 1225.500000 672.000000 25.000000 24.000000
V 1155.000000 728.500000 38.000000 23.000000
V 891.000000 727.000000 12.000000 12.000000
V 767.000000 729.000000 12.000000 12.000000
V 1149.000000 773.500000 48.000000 31.000000
V 953.000000 729.500000 40.000000 23.000000
V 894.500000 669.000000 25.000000 24.000000
V 1096.000000 730.000000 12.000000 12.000000
V 1220.000000 774.500000 28.000000 23.000000
V 1023.000000 729.000000 12.000000 12.000000
V 1146.000000 671.500000 48.000000 31.000000
V 815.000000 671.500000 48.000000 31.000000
V 1054.500000 673.000000 25.000000 24.000000
V 1221.000000 730.000000 12.000000 12.000000
E 13 0
E 15 0
E 8 1
E 9 1
E 2 9
E 15 3
E 4 8
E 5 15
E 19 6
E 7 13
E 7 19
E 11 8
E 8 12
E 17 8
E 17 9
E 10 13
E 19 10
E 11 15
E 13 16
E 18 13
E 14 19
E 18 15
E 16 19
G R-HSA-5250924.sbgn 25 24
V 384.000000 35.500000 74.000000 23.000000
V 261.500000 267.500000 51.000000 21.000000
V 194.500000 280.500000 51.000000 23.000000
V 164.000000 72.000000 100.000000 24.000000
V 652.000000 68.000000 72.000000 22.000000
V 662.000000 121.500000 120.000000 27.000000
V 642.500000 245.000000 107.000000 28.000000
V 587.500000 444.000000 57.000000 30.000000
V 422.000000 471.000000 12.000000 12.000000
V 204.500000 36.000000 97.000000 22.000000
V 546.000000 34.500000 48.000000 19.000000
V 269.500000 443.000000 55.000000 30.000000
V 138.000000 152.000000 210.000000 24.000000
V 364.000000 196.000000 66.000000 22.000000
V 423.000000 347.000000 10.000000 10.000000
V 135.000000 298.500000 54.000000 23.000000
V 300.500000 34.000000 69.000000 20.000000
V 266.500000 495.500000 91.000000 25.000000
V 622.500000 503.000000 173.000000 24.000000
V 423.000000 394.500000 296.000000 27.000000
V 135.000000 107.000000 56.000000 22.000000
V 428.500000 251.500000 257.000000 25.000000
V 470.000000 35.500000 78.000000 19.000000
V 429.000000 190.000000 10.000000 10.000000
V 617.500000 34.500000 79.000000 23.000000
E 0 23
E 1 14
E 2 14
E 3 23
E 4 23
E 5 23
E 23 6
E 8 7
E 11 8
E 17 8
E 8 18
E 19 8
E 9 23
E 10 23
E 12 23
E 13 23
E 15 14
E 14 19
E 21 14
E 16 23
E 20 23
E 23 21
E 22 23
E 24 23
G R-HSA-5336415.sbgn 23 22
V 541.500000 308.000000 81.000000 22.000000
V 95.500000 147.000000 99.000000 22.000000
V 95.000000 199.000000 10.000000 10.000000
V 181.000000 147.000000 12.000000 12.000000
V 680.000000 139.000000 34.000000 22.000000
V 442.000000 147.000000 12.000000 12.000000
V 479.500000 393.000000 53.000000 30.000000
V 539.000000 147.000000 76.000000 36.000000
V 693.000000 101.500000 70.000000 39.000000
V 95.000000 280.000000 34.000000 22.000000
V 449.500000 223.000000 59.000000 22.000000
V 539.000000 351.000000 12.000000 12.000000
V 29.500000 246.000000 59.000000 20.000000
V 275.000000 147.500000 100.000000 25.000000
V 540.000000 209.000000 12.000000 12.000000
V 697.500000 170.000000 89.000000 22.000000
V 593.000000 393.000000 44.000000 30.000000
V 449.000000 279.000000 74.000000 22.000000
V 449.000000 251.000000 74.000000 22.000000
V 617.000000 119.000000 36.000000 30.000000
V 95.500000 332.500000 65.000000 35.000000
V 426.000000 351.500000 52.000000 27.000000
V 659.000000 351.000000 98.000000 22.000000
E 0 11
E 14 0
E 2 1
E 1 3
E 9 2
E 12 2
E 20 2
E 3 13
E 14 4
E 5 7
E 13 5
E 6 11
E 7 14
E 14 8
E 10 14
E 11 16
E 21 11
E 11 22
E 14 15
E 17 14
E 18 14
E 19 14
G R-HSA-5362768.sbgn 18 20
V 2059.500000 699.000000 41.000000 30.000000
V 2117.000000 769.000000 126.000000 38.000000
V 1337.000000 735.000000 144.000000 64.000000
V 1203.000000 770.000000 10.000000 10.000000
V 484.000000 789.500000 108.000000 49.000000
V 1892.500000 802.000000 43.000000 30.000000
V 1862.000000 734.000000 12.000000 12.000000
V 817.500000 680.500000 105.000000 27.000000
V 1096.500000 847.500000 123.000000 55.000000
V 865.000000 789.000000 10.000000 10.000000
V 958.000000 794.500000 140.000000 49.000000
V 1892.000000 897.000000 84.000000 30.000000
V 1918.500000 1023.000000 97.000000 40.000000
V 2075.000000 979.000000 12.000000 12.000000
V 1424.000000 924.500000 66.000000 27.000000
V 1485.000000 730.000000 12.000000 12.000000
V 1592.500000 728.000000 133.000000 84.000000
V 1839.500000 810.000000 39.000000 30.000000
E 6 0
E 6 1
E 1 13
E 3 2
E 2 15
E 8 3
E 10 3
E 4 9
E 5 6
E 6 7
E 6 8
E 6 11
E 16 6
E 17 6
E 7 9
E 9 10
E 12 13
E 13 14
E 14 15
E 15 16
G R-HSA-5579028.sbgn 15 14
V 1185.000000 1235.000000 12.000000 12.000000
V 452.000000 1190.000000 32.000000 30.000000
V 1302.000000 1197.000000 40.000000 32.000000
V 452.000000 942.000000 32.000000 30.000000
V 530.500000 1197.000000 27.000000 30.000000
V 533.000000 1127.000000 12.000000 12.000000
V 1270.000000 1116.000000 32.000000 30.000000
V 1294.000000 1157.500000 52.000000 33.000000
V 452.000000 1152.000000 32.000000 30.000000
V 717.500000 1143.000000 65.000000 22.000000
V 1351.500000 1235.000000 43.000000 32.000000
V 452.000000 1229.000000 52.000000 30.000000
V 452.500000 1024.500000 57.000000 33.000000
V 535.000000 979.000000 12.000000 12.000000
V 452.000000 981.000000 32.000000 30.000000
E 2 0
E 6 0
E 7 0
E 9 0
E 10 0
E 1 5
E 3 13
E 4 5
E 8 5
E 9 5
E 11 5
E 9 13
E 12 13
E 14 13
G R-HSA-5620912.sbgn 37 36
V 363.000000 334.000000 44.000000 22.000000
V 494.000000 237.000000 126.000000 60.000000
V 401.000000 233.000000 10.000000 10.000000
V 1298.000000 237.000000 10.000000 10.000000
V 1440.500000 368.500000 133.000000 59.000000
V 617.000000 236.000000 10.000000 10.000000
V 1154.500000 242.000000 115.000000 36.000000
V 287.000000 234.500000 96.000000 47.000000
V 1524.000000 419.000000 10.000000 10.000000
V 1431.500000 236.500000 151.000000 45.000000
V 1926.500000 177.000000 77.000000 28.000000
V 305.500000 364.000000 71.000000 28.000000
V 821.000000 239.000000 10.000000 10.000000
V 122.500000 275.000000 81.000000 26.000000
V 1615.000000 474.000000 50.000000 22.000000
V 541.500000 170.000000 67.000000 32.000000
V 775.500000 167.000000 51.000000 22.000000
V 1206.500000 193.500000 107.000000 33.000000
V 1300.000000 313.500000 60.000000 25.000000
V 284.000000 312.500000 50.000000 27.000000
V 1805.000000 324.500000 52.000000 31.000000
V 1887.000000 251.000000 12.000000 12.000000
V 416.000000 373.500000 62.000000 27.000000
V 918.500000 240.000000 125.000000 64.000000
V 134.500000 195.000000 125.000000 36.000000
V 1841.500000 183.000000 41.000000 30.000000
V 1010.500000 292.000000 47.000000 22.000000
V 1542.000000 242.000000 10.000000 10.000000
V 1311.500000 195.000000 87.000000 36.000000
V 459.000000 312.000000 82.000000 30.000000
V 1092.000000 318.000000 74.000000 28.000000
V 1892.000000 332.500000 86.000000 33.000000
V 1742.000000 248.000000 152.000000 62.000000
V 1522.000000 511.000000 112.000000 54.000000
V 711.000000 235.500000 124.000000 65.000000
V 209.000000 234.000000 10.000000 10.000000
V 1019.000000 246.000000 10.000000 10.000000
E 0 2
E 2 1
E 1 5
E 7 2
E 11 2
E 19 2
E 22 2
E 29 2
E 6 3
E 3 9
E 17 3
E 18 3
E 28 3
E 8 4
E 4 27
E 15 5
E 5 34
E 36 6
E 35 7
E 14 8
E 33 8
E 9 27
E 21 10
E 16 12
E 12 23
E 34 12
E 13 35
E 20 21
E 21 25
E 31 21
E 32 21
E 23 36
E 24 35
E 36 26
E 27 32
E 36 30
G R-HSA-5620920.sbgn 34 34
V 1223.500000 1563.000000 27.000000 30.000000
V 1676.000000 1254.000000 10.000000 10.000000
V 678.500000 1536.500000 125.000000 29.000000
V 824.000000 1565.000000 10.000000 10.000000
V 985.000000 1564.000000 10.000000 10.000000
V 1800.500000 1171.000000 193.000000 94.000000
V 1465.000000 1383.500000 98.000000 43.000000
V 1673.000000 1362.000000 186.000000 72.000000
V 386.500000 1593.000000 41.000000 30.000000
V 689.000000 1652.000000 184.000000 44.000000
V 1948.500000 40.500000 133.000000 81.000000
V 531.000000 1567.000000 10.000000 10.000000
V 1802.500000 1656.000000 125.000000 92.000000
V 1788.000000 546.000000 12.000000 12.000000
V 1307.000000 1657.500000 116.000000 93.000000
V 1204.000000 1652.000000 12.000000 12.000000
V 1307.000000 1536.000000 122.000000 22.000000
V 468.000000 1659.500000 152.000000 49.000000
V 874.000000 1532.000000 84.000000 22.000000
V 313.000000 1646.000000 92.000000 32.000000
V 252.500000 1561.000000 53.000000 22.000000
V 1595.000000 1652.000000 12.000000 12.000000
V 1455.000000 1654.000000 126.000000 92.000000
V 326.500000 1476.000000 87.000000 30.000000
V 320.000000 1562.000000 12.000000 12.000000
V 1386.000000 1581.000000 10.000000 10.000000
V 1114.500000 1564.000000 43.000000 30.000000
V 1690.000000 1543.000000 12.000000 12.000000
V 1051.500000 1649.500000 145.000000 91.000000
V 882.500000 1640.000000 159.000000 62.000000
V 393.500000 1506.000000 39.000000 30.000000
V 949.500000 1500.500000 123.000000 23.000000
V 1630.500000 1561.000000 41.000000 30.000000
V 1557.500000 1610.000000 39.000000 30.000000
E 15 0
E 1 5
E 6 1
E 7 1
E 2 3
E 9 3
E 3 29
E 18 4
E 4 28
E 29 4
E 31 4
E 5 13
E 27 7
E 24 8
E 11 9
E 13 10
E 17 11
E 19 11
E 21 12
E 12 27
E 15 14
E 14 25
E 15 23
E 26 15
E 28 15
E 16 25
E 24 19
E 20 24
E 22 21
E 21 32
E 33 21
E 25 22
E 23 24
E 30 24
G R-HSA-5625740.sbgn 25 25
V 710.000000 674.000000 134.000000 64.000000
V 372.000000 367.000000 12.000000 12.000000
V 999.000000 510.500000 156.000000 25.000000
V 866.000000 675.000000 12.000000 12.000000
V 877.500000 385.000000 119.000000 24.000000
V 929.000000 273.000000 46.000000 24.000000
V 878.000000 299.000000 12.000000 12.000000
V 868.000000 594.000000 92.000000 36.000000
V 375.000000 296.000000 100.000000 34.000000
V 461.000000 249.500000 60.000000 23.000000
V 869.500000 713.500000 131.000000 27.000000
V 255.000000 388.000000 10.000000 10.000000
V 432.500000 347.000000 41.000000 24.000000
V 868.000000 515.000000 10.000000 10.000000
V 657.500000 290.000000 95.000000 22.000000
V 144.000000 445.500000 116.000000 51.000000
V 946.000000 639.500000 32.000000 27.000000
V 812.500000 642.000000 39.000000 30.000000
V 254.500000 338.000000 93.000000 22.000000
V 933.500000 333.500000 45.000000 25.000000
V 430.500000 402.000000 45.000000 22.000000
V 462.000000 293.000000 10.000000 10.000000
V 1012.000000 688.000000 128.000000 44.000000
V 374.000000 437.500000 114.000000 25.000000
V 879.500000 223.000000 73.000000 22.000000
E 0 3
E 8 1
E 12 1
E 1 14
E 1 20
E 1 23
E 13 2
E 7 3
E 10 3
E 3 16
E 17 3
E 3 22
E 6 4
E 4 13
E 5 6
E 14 6
E 6 19
E 24 6
E 7 13
E 21 8
E 9 21
E 11 15
E 18 11
E 23 11
E 14 21
G R-HSA-5625900.sbgn 23 23
V 287.000000 64.000000 10.000000 10.000000
V 452.500000 83.000000 201.000000 40.000000
V 734.000000 58.000000 10.000000 10.000000
V 606.000000 125.000000 10.000000 10.000000
V 609.000000 69.000000 68.000000 18.000000
V 173.000000 153.000000 58.000000 22.000000
V 517.500000 250.000000 41.000000 30.000000
V 642.000000 179.500000 42.000000 23.000000
V 258.500000 149.500000 43.000000 23.000000
V 623.000000 25.000000 188.000000 38.000000
V 441.000000 367.000000 126.000000 22.000000
V 289.500000 302.000000 129.000000 36.000000
V 565.000000 177.000000 40.000000 22.000000
V 131.000000 46.000000 186.000000 32.000000
V 219.000000 197.000000 10.000000 10.000000
V 617.500000 307.000000 129.000000 50.000000
V 325.500000 160.000000 43.000000 22.000000
V 863.000000 46.500000 192.000000 43.000000
V 373.000000 251.000000 40.000000 30.000000
V 220.500000 251.000000 81.000000 22.000000
V 440.000000 299.000000 12.000000 12.000000
V 726.000000 102.000000 122.000000 50.000000
V 323.000000 30.000000 10.000000 10.000000
E 0 1
E 8 0
E 13 0
E 19 0
E 1 3
E 1 20
E 4 2
E 9 2
E 2 17
E 7 3
E 12 3
E 3 21
E 5 14
E 20 6
E 8 14
E 22 9
E 10 20
E 11 20
E 13 22
E 14 19
E 20 15
E 16 22
E 18 20
G R-HSA-5626467.sbgn 15 15
V 329.000000 292.000000 94.000000 22.000000
V 462.000000 225.000000 10.000000 10.000000
V 228.000000 86.000000 10.000000 10.000000
V 52.000000 238.000000 104.000000 48.000000
V 230.500000 267.000000 43.000000 22.000000
V 146.000000 52.000000 82.000000 44.000000
V 446.000000 103.000000 10.000000 10.000000
V 347.500000 54.000000 125.000000 40.000000
V 189.500000 212.000000 91.000000 22.000000
V 225.500000 152.000000 71.000000 22.000000
V 435.000000 196.500000 58.000000 23.000000
V 640.500000 215.000000 153.000000 46.000000
V 71.000000 331.000000 94.000000 62.000000
V 518.000000 68.000000 122.000000 34.000000
V 162.000000 291.000000 10.000000 10.000000
E 0 1
E 7 1
E 1 11
E 5 2
E 2 7
E 9 2
E 3 14
E 4 14
E 7 6
E 10 6
E 11 6
E 6 13
E 7 14
E 8 14
E 14 12
G R-HSA-5627117.sbgn 31 33
V 268.000000 50.000000 10.000000 10.000000
V 730.000000 376.000000 42.000000 26.000000
V 390.000000 361.500000 48.000000 27.000000
V 435.000000 407.000000 74.000000 22.000000
V 953.000000 263.000000 38.000000 30.000000
V 435.000000 495.000000 12.000000 12.000000
V 269.500000 207.000000 45.000000 22.000000
V 163.000000 26.500000 104.000000 29.000000
V 335.500000 528.000000 37.000000 30.000000
V 837.000000 424.000000 42.000000 30.000000
V 335.500000 473.500000 45.000000 21.000000
V 531.000000 530.500000 38.000000 25.000000
V 896.500000 315.000000 83.000000 38.000000
V 226.500000 108.000000 67.000000 32.000000
V 391.500000 261.500000 47.000000 29.000000
V 680.000000 443.500000 134.000000 53.000000
V 268.000000 151.000000 10.000000 10.000000
V 679.000000 315.000000 12.000000 12.000000
V 679.500000 200.500000 131.000000 45.000000
V 435.500000 223.000000 85.000000 28.000000
V 435.000000 312.000000 12.000000 12.000000
V 796.000000 317.000000 12.000000 12.000000
V 386.500000 26.000000 115.000000 40.000000
V 542.000000 462.000000 78.000000 24.000000
V 321.500000 107.000000 99.000000 36.000000
V 895.000000 80.000000 148.000000 40.000000
V 842.000000 229.000000 36.000000 26.000000
V 939.000000 134.000000 40.000000 30.000000
V 737.000000 274.000000 44.000000 24.000000
V 943.500000 463.500000 149.000000 33.000000
V 895.000000 195.000000 12.000000 12.000000
E 7 0
E 13 0
E 0 22
E 24 0
E 17 1
E 20 2
E 3 5
E 20 3
E 4 30
E 8 5
E 10 5
E 5 11
E 5 23
E 6 16
E 9 21
E 12 21
E 12 30
E 13 16
E 14 20
E 17 15
E 15 21
E 16 24
E 18 17
E 22 17
E 28 17
E 21 18
E 19 20
E 22 20
E 21 26
E 29 21
E 22 30
E 30 25
E 30 27
G R-HSA-5627123.sbgn 40 44
V 990.500000 324.000000 41.000000 30.000000
V 1244.500000 289.000000 101.000000 22.000000
V 592.000000 459.000000 44.000000 26.000000
V 807.000000 560.000000 26.000000 30.000000
V 1083.000000 372.500000 136.000000 49.000000
V 1106.000000 171.500000 132.000000 41.000000
V 943.000000 370.000000 12.000000 12.000000
V 1210.000000 358.000000 10.000000 10.000000
V 872.000000 609.500000 94.000000 35.000000
V 817.500000 374.000000 133.000000 50.000000
V 1214.500000 421.000000 95.000000 38.000000
V 941.000000 652.000000 38.000000 30.000000
V 940.000000 272.500000 134.000000 29.000000
V 872.000000 528.000000 12.000000 12.000000
V 937.000000 702.500000 44.000000 29.000000
V 638.000000 302.000000 130.000000 30.000000
V 1183.000000 219.500000 42.000000 25.000000
V 1021.000000 530.000000 134.000000 64.000000
V 1164.000000 270.000000 42.000000 24.000000
V 857.000000 212.000000 92.000000 22.000000
V 635.000000 584.000000 10.000000 10.000000
V 539.000000 342.000000 44.000000 22.000000
V 649.000000 756.000000 12.000000 12.000000
V 649.000000 821.000000 98.000000 22.000000
V 928.500000 563.000000 43.000000 30.000000
V 539.000000 417.000000 12.000000 12.000000
V 588.500000 377.000000 43.000000 26.000000
V 582.000000 549.000000 38.000000 22.000000
V 876.000000 764.000000 126.000000 50.000000
V 1118.000000 304.000000 98.000000 22.000000
V 874.000000 675.000000 12.000000 12.000000
V 983.000000 419.000000 12.000000 12.000000
V 960.000000 473.500000 40.000000 27.000000
V 1115.000000 250.000000 12.000000 12.000000
V 867.000000 455.000000 42.000000 26.000000
V 642.500000 679.000000 97.000000 36.000000
V 557.000000 770.500000 44.000000 23.000000
V 566.500000 724.000000 45.000000 26.000000
V 542.000000 506.000000 98.000000 22.000000
V 899.000000 323.500000 44.000000 29.000000
E 6 0
E 1 7
E 25 2
E 13 3
E 6 4
E 33 5
E 9 6
E 12 6
E 39 6
E 7 10
E 19 7
E 29 7
E 8 13
E 8 30
E 8 31
E 13 9
E 9 31
E 10 31
E 11 30
E 15 13
E 17 13
E 24 13
E 30 14
E 15 20
E 22 15
E 15 25
E 15 30
E 33 16
E 31 17
E 18 33
E 19 33
E 27 20
E 20 35
E 21 25
E 22 23
E 35 22
E 22 36
E 37 22
E 26 25
E 25 38
E 30 28
E 29 33
E 31 32
E 34 31
G R-HSA-5637812.sbgn 37 42
V 1886.000000 823.000000 12.000000 12.000000
V 1681.000000 177.500000 112.000000 47.000000
V 1786.000000 183.000000 12.000000 12.000000
V 2091.500000 244.000000 119.000000 64.000000
V 176.500000 617.000000 41.000000 30.000000
V 2227.500000 259.500000 111.000000 55.000000
V 102.500000 510.000000 115.000000 50.000000
V 2443.000000 343.000000 32.000000 24.000000
V 957.000000 1031.500000 114.000000 39.000000
V 1070.000000 109.000000 12.000000 12.000000
V 2398.000000 301.000000 12.000000 12.000000
V 705.000000 708.000000 10.000000 10.000000
V 2055.000000 607.000000 54.000000 36.000000
V 103.000000 592.000000 12.000000 12.000000
V 1717.500000 508.000000 41.000000 22.000000
V 1916.000000 348.000000 10.000000 10.000000
V 1572.000000 159.000000 10.000000 10.000000
V 1745.500000 227.500000 41.000000 27.000000
V 109.500000 831.000000 115.000000 50.000000
V 2478.000000 261.000000 62.000000 34.000000
V 1050.500000 145.000000 35.000000 28.000000
V 1914.000000 180.500000 110.000000 59.000000
V 1381.000000 139.000000 102.000000 50.000000
V 2332.000000 328.500000 32.000000 25.000000
V 2015.000000 188.000000 10.000000 10.000000
V 694.500000 465.000000 47.000000 22.000000
V 100.500000 774.000000 99.000000 38.000000
V 863.000000 140.500000 140.000000 53.000000
V 1838.500000 249.000000 55.000000 32.000000
V 2329.000000 252.500000 64.000000 33.000000
V 1195.500000 148.500000 43.000000 27.000000
V 516.000000 910.000000 10.000000 10.000000
V 157.000000 572.000000 40.000000 30.000000
V 811.000000 658.000000 10.000000 10.000000
V 2388.000000 246.000000 12.000000 12.000000
V 1879.500000 728.000000 31.000000 22.000000
V 103.500000 674.500000 113.000000 77.000000
E 22 0
E 35 0
E 1 2
E 16 1
E 17 2
E 2 21
E 2 28
E 3 10
E 24 3
E 13 4
E 15 5
E 5 34
E 6 13
E 33 6
E 10 7
E 34 7
E 8 31
E 20 9
E 9 22
E 27 9
E 9 30
E 10 19
E 23 10
E 29 10
E 11 22
E 11 26
E 36 11
E 12 15
E 12 24
E 32 13
E 13 36
E 14 16
E 22 15
E 22 16
E 31 18
E 34 19
E 21 24
E 22 31
E 22 33
E 23 34
E 25 33
E 29 34
G R-HSA-5652084.sbgn 31 30
V 1244.500000 278.000000 41.000000 30.000000
V 869.500000 128.000000 79.000000 52.000000
V 1130.000000 299.500000 90.000000 35.000000
V 1038.500000 278.000000 41.000000 30.000000
V 1130.000000 242.000000 12.000000 12.000000
V 768.500000 225.000000 41.000000 30.000000
V 1130.000000 188.500000 44.000000 27.000000
V 1193.500000 84.500000 73.000000 37.000000
V 654.000000 125.500000 72.000000 33.000000
V 1360.000000 188.000000 40.000000 30.000000
V 947.500000 77.000000 63.000000 38.000000
V 1433.000000 141.000000 12.000000 12.000000
V 1321.500000 142.000000 43.000000 30.000000
V 680.000000 171.500000 40.000000 31.000000
V 797.500000 173.500000 41.000000 31.000000
V 722.500000 222.000000 35.000000 30.000000
V 949.000000 127.000000 12.000000 12.000000
V 1494.500000 190.500000 41.000000 31.000000
V 1283.500000 185.000000 33.000000 30.000000
V 745.000000 127.000000 12.000000 12.000000
V 1214.500000 188.000000 49.000000 30.000000
V 1121.500000 96.000000 43.000000 30.000000
V 1430.000000 88.000000 56.000000 22.000000
V 744.000000 76.000000 74.000000 22.000000
V 1030.500000 70.000000 49.000000 30.000000
V 851.500000 179.000000 33.000000 30.000000
V 1294.500000 242.000000 49.000000 30.000000
V 1508.500000 107.000000 33.000000 30.000000
V 1069.500000 142.000000 33.000000 30.000000
V 1565.000000 142.000000 58.000000 30.000000
V 1194.000000 144.000000 12.000000 12.000000
E 4 0
E 1 16
E 19 1
E 2 4
E 3 4
E 4 26
E 28 4
E 5 19
E 6 30
E 7 30
E 8 19
E 9 11
E 10 16
E 12 11
E 11 17
E 22 11
E 11 27
E 11 29
E 30 12
E 13 19
E 19 14
E 15 19
E 16 24
E 16 28
E 30 18
E 23 19
E 19 25
E 30 20
E 21 30
E 28 30
G R-HSA-5655253.sbgn 19 18
V 2227.500000 142.500000 53.000000 25.000000
V 4577.500000 346.500000 75.000000 45.000000
V 2270.000000 186.000000 12.000000 12.000000
V 4398.000000 436.500000 62.000000 31.000000
V 4467.000000 303.000000 12.000000 12.000000
V 2148.000000 186.000000 120.000000 38.000000
V 2336.500000 144.500000 49.000000 27.000000
V 4122.000000 525.500000 84.000000 19.000000
V 2025.500000 190.500000 63.000000 27.000000
V 2101.000000 140.000000 10.000000 10.000000
V 4380.000000 345.500000 56.000000 43.000000
V 4226.500000 172.500000 129.000000 59.000000
V 4041.000000 183.000000 10.000000 10.000000
V 3884.500000 180.000000 113.000000 66.000000
V 3790.000000 184.000000 10.000000 10.000000
V 3766.500000 418.000000 125.000000 22.000000
V 2477.000000 188.000000 118.000000 38.000000
V 1884.000000 262.500000 104.000000 39.000000
V 4577.000000 436.500000 50.000000 31.000000
E 0 2
E 4 1
E 5 2
E 2 6
E 2 16
E 3 4
E 10 4
E 11 4
E 4 18
E 9 5
E 7 12
E 8 9
E 17 9
E 12 11
E 13 12
E 14 13
E 15 14
E 16 14
G R-HSA-5655291.sbgn 19 18
V 1609.000000 197.000000 10.000000 10.000000
V 1731.000000 192.500000 114.000000 47.000000
V 3647.000000 489.000000 110.000000 52.000000
V 1958.000000 149.000000 42.000000 30.000000
V 4512.500000 516.500000 57.000000 29.000000
V 2032.000000 200.000000 108.000000 40.000000
V 4264.000000 505.000000 56.000000 28.000000
V 1483.000000 181.500000 70.000000 25.000000
V 1879.000000 197.000000 12.000000 12.000000
V 3940.500000 509.500000 77.000000 35.000000
V 4404.000000 393.000000 12.000000 12.000000
V 4259.500000 386.000000 59.000000 42.000000
V 4126.500000 89.500000 131.000000 59.000000
V 3685.000000 61.000000 10.000000 10.000000
V 1279.000000 305.000000 122.000000 46.000000
V 1815.000000 149.000000 42.000000 30.000000
V 3998.000000 67.000000 10.000000 10.000000
V 4511.500000 359.500000 67.000000 53.000000
V 3829.000000 62.500000 146.000000 61.000000
E 0 1
E 7 0
E 14 0
E 1 8
E 2 13
E 8 3
E 10 4
E 8 5
E 5 13
E 6 10
E 15 8
E 9 16
E 11 10
E 12 10
E 10 17
E 16 12
E 13 18
E 18 16
G R-HSA-5655332.sbgn 19 18
V 4826.500000 469.000000 43.000000 30.000000
V 2392.000000 190.500000 50.000000 29.000000
V 2705.500000 253.000000 113.000000 62.000000
V 4495.500000 499.500000 85.000000 41.000000
V 2124.500000 365.000000 55.000000 24.000000
V 4348.000000 226.500000 140.000000 65.000000
V 2174.000000 256.000000 10.000000 10.000000
V 5032.500000 482.000000 43.000000 30.000000
V 4213.000000 135.000000 10.000000 10.000000
V 2299.000000 258.500000 130.000000 59.000000
V 4810.500000 388.000000 73.000000 30.000000
V 4525.000000 192.000000 10.000000 10.000000
V 4933.000000 387.000000 12.000000 12.000000
V 4688.000000 200.500000 138.000000 63.000000
V 1988.000000 304.000000 128.000000 60.000000
V 2580.500000 179.000000 53.000000 28.000000
V 4162.500000 450.500000 99.000000 35.000000
V 5038.000000 331.000000 82.000000 42.000000
V 2476.000000 244.000000 12.000000 12.000000
E 0 12
E 1 18
E 2 8
E 18 2
E 3 11
E 4 6
E 8 5
E 5 11
E 6 9
E 14 6
E 12 7
E 16 8
E 9 18
E 10 12
E 11 13
E 13 12
E 12 17
E 18 15
G R-HSA-5661270.sbgn 34 33
V 946.500000 81.000000 33.000000 30.000000
V 557.500000 81.000000 33.000000 30.000000
V 1526.000000 158.000000 12.000000 12.000000
V 1655.500000 158.000000 49.000000 30.000000
V 497.000000 158.000000 12.000000 12.000000
V 734.500000 229.000000 49.000000 22.000000
V 239.000000 229.000000 58.000000 22.000000
V 899.500000 108.000000 57.000000 30.000000
V 337.500000 108.000000 57.000000 30.000000
V 184.500000 81.000000 33.000000 30.000000
V 1124.500000 158.000000 57.000000 30.000000
V 1383.000000 158.000000 90.000000 30.000000
V 499.500000 229.500000 59.000000 35.000000
V 859.000000 158.000000 90.000000 30.000000
V 804.500000 108.000000 41.000000 30.000000
V 1243.000000 158.000000 12.000000 12.000000
V 1176.500000 108.000000 49.000000 30.000000
V 1005.000000 229.500000 72.000000 39.000000
V 1359.500000 108.000000 49.000000 30.000000
V 636.500000 158.000000 111.000000 44.000000
V 605.500000 108.000000 49.000000 30.000000
V 1247.000000 229.500000 70.000000 39.000000
V 1310.500000 81.000000 33.000000 30.000000
V 237.000000 158.000000 12.000000 12.000000
V 1457.500000 108.000000 41.000000 30.000000
V 1602.500000 108.000000 41.000000 30.000000
V 129.500000 108.000000 57.000000 30.000000
V 1002.000000 158.000000 12.000000 12.000000
V 370.000000 158.000000 90.000000 30.000000
V 428.500000 108.000000 49.000000 30.000000
V 732.000000 158.000000 12.000000 12.000000
V 1528.500000 229.000000 41.000000 22.000000
V 94.500000 158.000000 111.000000 30.000000
V 1097.500000 108.000000 57.000000 30.000000
E 0 27
E 4 1
E 2 3
E 11 2
E 24 2
E 2 25
E 31 2
E 12 4
E 4 19
E 4 20
E 28 4
E 29 4
E 5 30
E 6 23
E 7 27
E 23 8
E 9 23
E 10 15
E 27 10
E 15 11
E 13 27
E 30 13
E 30 14
E 16 15
E 15 18
E 21 15
E 15 22
E 17 27
E 19 30
E 26 23
E 23 28
E 32 23
E 27 33
G R-HSA-5662702.sbgn 39 43
V 379.500000 321.000000 109.000000 30.000000
V 801.500000 60.000000 85.000000 22.000000
V 294.500000 370.500000 43.000000 31.000000
V 1141.000000 301.000000 12.000000 12.000000
V 907.500000 160.000000 55.000000 30.000000
V 234.500000 168.000000 49.000000 30.000000
V 106.000000 357.000000 34.000000 30.000000
V 656.500000 566.000000 97.000000 36.000000
V 231.000000 231.000000 34.000000 30.000000
V 304.000000 207.000000 12.000000 12.000000
V 305.500000 67.000000 41.000000 22.000000
V 810.000000 505.000000 12.000000 12.000000
V 1099.000000 565.000000 12.000000 12.000000
V 1019.500000 66.000000 51.000000 22.000000
V 455.000000 610.000000 52.000000 30.000000
V 670.000000 254.000000 62.000000 30.000000
V 185.000000 316.000000 12.000000 12.000000
V 187.000000 63.000000 84.000000 22.000000
V 532.500000 160.000000 123.000000 30.000000
V 1021.000000 114.000000 12.000000 12.000000
V 102.000000 273.000000 62.000000 30.000000
V 1109.500000 148.000000 43.000000 30.000000
V 396.500000 186.500000 43.000000 31.000000
V 988.000000 566.000000 94.000000 36.000000
V 1106.500000 96.500000 43.000000 31.000000
V 447.000000 247.000000 12.000000 12.000000
V 1024.000000 242.000000 76.000000 22.000000
V 1288.500000 301.000000 71.000000 22.000000
V 540.000000 563.000000 12.000000 12.000000
V 1010.000000 432.000000 62.000000 30.000000
V 371.500000 66.000000 61.000000 22.000000
V 801.000000 158.000000 12.000000 12.000000
V 908.000000 212.000000 38.000000 30.000000
V 906.500000 275.000000 43.000000 30.000000
V 689.500000 160.000000 93.000000 30.000000
V 802.000000 234.000000 12.000000 12.000000
V 932.000000 96.000000 34.000000 30.000000
V 1205.500000 564.000000 87.000000 22.000000
V 596.000000 207.000000 12.000000 12.000000
E 0 3
E 9 0
E 0 11
E 16 0
E 0 25
E 0 28
E 0 38
E 1 31
E 16 2
E 17 3
E 26 3
E 3 27
E 3 29
E 4 19
E 31 4
E 5 9
E 6 16
E 7 11
E 28 7
E 8 9
E 10 9
E 17 9
E 9 22
E 30 9
E 11 23
E 11 29
E 23 12
E 12 37
E 13 19
E 14 28
E 38 15
E 17 16
E 20 16
E 25 18
E 18 38
E 19 21
E 19 24
E 36 19
E 34 31
E 35 32
E 35 33
E 34 35
E 38 34
G R-HSA-5663213.sbgn 16 15
V 110.500000 29.500000 79.000000 37.000000
V 273.000000 86.000000 10.000000 10.000000
V 194.500000 169.000000 65.000000 24.000000
V 630.500000 31.000000 141.000000 38.000000
V 844.500000 121.000000 41.000000 30.000000
V 573.500000 125.000000 41.000000 30.000000
V 508.000000 64.000000 12.000000 12.000000
V 508.000000 180.000000 38.000000 22.000000
V 942.000000 40.000000 162.000000 38.000000
V 758.500000 166.000000 133.000000 24.000000
V 758.000000 68.000000 12.000000 12.000000
V 221.000000 21.000000 76.000000 30.000000
V 117.500000 118.000000 111.000000 36.000000
V 677.000000 121.000000 40.000000 30.000000
V 399.500000 31.000000 115.000000 42.000000
V 435.000000 133.000000 40.000000 30.000000
E 0 1
E 2 1
E 11 1
E 12 1
E 1 14
E 6 3
E 3 10
E 10 4
E 6 5
E 7 6
E 14 6
E 15 6
E 10 8
E 9 10
E 13 10
G R-HSA-5676590.sbgn 34 35
V 464.000000 341.000000 120.000000 50.000000
V 253.000000 341.000000 120.000000 36.000000
V 157.000000 293.000000 12.000000 12.000000
V 474.500000 450.000000 129.000000 36.000000
V 320.500000 297.000000 75.000000 22.000000
V 176.500000 467.000000 113.000000 22.000000
V 462.500000 677.000000 67.000000 22.000000
V 157.500000 194.000000 69.000000 22.000000
V 85.000000 341.000000 74.000000 22.000000
V 599.000000 484.000000 90.000000 22.000000
V 261.000000 195.000000 120.000000 22.000000
V 346.500000 80.000000 41.000000 30.000000
V 156.000000 136.000000 12.000000 12.000000
V 361.000000 383.000000 100.000000 22.000000
V 282.500000 540.000000 123.000000 36.000000
V 641.500000 286.000000 41.000000 30.000000
V 252.500000 255.000000 41.000000 30.000000
V 591.000000 344.000000 12.000000 12.000000
V 218.500000 606.000000 67.000000 22.000000
V 684.000000 443.000000 10.000000 10.000000
V 157.000000 79.000000 66.000000 22.000000
V 63.000000 252.000000 40.000000 30.000000
V 336.000000 641.000000 12.000000 12.000000
V 470.000000 528.000000 12.000000 12.000000
V 260.000000 79.000000 12.000000 12.000000
V 712.500000 349.500000 127.000000 47.000000
V 581.000000 567.000000 42.000000 22.000000
V 371.000000 339.000000 10.000000 10.000000
V 265.000000 471.000000 42.000000 22.000000
V 198.000000 41.000000 40.000000 30.000000
V 85.500000 537.000000 25.000000 22.000000
V 537.000000 284.000000 40.000000 30.000000
V 703.000000 536.000000 130.000000 64.000000
V 179.000000 538.000000 12.000000 12.000000
E 0 17
E 27 0
E 2 1
E 23 1
E 1 27
E 7 2
E 8 2
E 2 16
E 21 2
E 3 23
E 4 27
E 5 33
E 22 6
E 12 7
E 9 23
E 24 10
E 24 11
E 20 12
E 13 19
E 23 13
E 23 14
E 14 33
E 17 15
E 17 25
E 31 17
E 18 22
E 33 18
E 25 19
E 19 32
E 20 24
E 26 23
E 23 28
E 32 23
E 29 24
E 33 30
G R-HSA-5676934.sbgn 16 18
V 620.500000 109.500000 141.000000 27.000000
V 280.000000 191.000000 50.000000 22.000000
V 87.500000 164.000000 51.000000 30.000000
V 241.000000 233.000000 12.000000 12.000000
V 551.000000 223.000000 182.000000 30.000000
V 281.000000 247.000000 12.000000 12.000000
V 517.000000 56.000000 12.000000 12.000000
V 100.500000 301.000000 77.000000 24.000000
V 421.000000 190.000000 164.000000 28.000000
V 87.000000 52.000000 50.000000 30.000000
V 423.000000 300.000000 34.000000 22.000000
V 286.000000 92.000000 42.000000 30.000000
V 453.500000 123.000000 41.000000 22.000000
V 194.000000 122.000000 12.000000 12.000000
V 239.500000 163.000000 43.000000 22.000000
V 613.000000 39.000000 42.000000 30.000000
E 6 0
E 1 5
E 3 2
E 5 2
E 2 13
E 3 7
E 8 3
E 10 3
E 14 3
E 4 5
E 5 7
E 10 5
E 9 6
E 12 6
E 6 15
E 9 13
E 13 11
E 13 12
G R-HSA-5678895.sbgn 20 19
V 728.000000 741.000000 40.000000 30.000000
V 1024.500000 870.000000 61.000000 36.000000
V 809.500000 598.000000 65.000000 36.000000
V 952.500000 599.000000 25.000000 22.000000
V 907.500000 723.000000 95.000000 50.000000
V 823.500000 792.000000 25.000000 22.000000
V 1072.000000 571.000000 110.000000 22.000000
V 1071.000000 617.000000 10.000000 10.000000
V 906.500000 835.000000 101.000000 36.000000
V 809.000000 732.000000 10.000000 10.000000
V 740.500000 630.000000 41.000000 30.000000
V 760.500000 802.000000 43.000000 30.000000
V 896.000000 598.000000 12.000000 12.000000
V 905.000000 783.000000 12.000000 12.000000
V 896.500000 539.000000 93.000000 34.000000
V 733.500000 688.500000 35.000000 29.000000
V 1195.000000 674.500000 112.000000 37.000000
V 1093.500000 675.500000 65.000000 33.000000
V 969.000000 804.000000 10.000000 10.000000
V 987.000000 671.500000 70.000000 35.000000
E 0 9
E 1 18
E 9 2
E 2 12
E 12 3
E 4 9
E 13 4
E 5 13
E 6 7
E 7 16
E 17 7
E 8 13
E 18 8
E 9 10
E 11 9
E 9 15
E 9 19
E 14 12
E 17 18
G R-HSA-5685939.sbgn 34 37
V 835.500000 976.500000 47.000000 21.000000
V 572.000000 866.000000 44.000000 30.000000
V 528.500000 666.000000 43.000000 24.000000
V 1140.000000 822.500000 82.000000 23.000000
V 540.500000 450.000000 39.000000 22.000000
V 516.000000 599.500000 50.000000 27.000000
V 457.000000 352.500000 190.000000 37.000000
V 454.000000 465.000000 10.000000 10.000000
V 456.000000 201.000000 156.000000 22.000000
V 458.000000 278.000000 12.000000 12.000000
V 460.500000 717.500000 359.000000 41.000000
V 649.500000 602.000000 49.000000 22.000000
V 1045.500000 750.500000 341.000000 41.000000
V 276.000000 202.000000 10.000000 10.000000
V 331.000000 461.000000 110.000000 22.000000
V 507.000000 303.500000 50.000000 27.000000
V 460.000000 804.000000 12.000000 12.000000
V 343.500000 405.000000 93.000000 36.000000
V 744.000000 914.000000 12.000000 12.000000
V 676.000000 949.500000 50.000000 25.000000
V 1050.500000 398.500000 195.000000 51.000000
V 413.000000 153.500000 98.000000 39.000000
V 532.500000 770.000000 53.000000 30.000000
V 508.000000 243.000000 48.000000 26.000000
V 459.000000 634.000000 12.000000 12.000000
V 1044.000000 835.000000 10.000000 10.000000
V 456.500000 544.000000 341.000000 36.000000
V 220.000000 103.000000 98.000000 22.000000
V 1043.500000 909.500000 333.000000 37.000000
V 466.500000 911.500000 363.000000 37.000000
V 1117.000000 543.000000 42.000000 20.000000
V 1048.000000 646.000000 12.000000 12.000000
V 658.000000 827.000000 86.000000 52.000000
V 667.500000 650.000000 111.000000 22.000000
E 18 0
E 16 1
E 24 2
E 3 25
E 31 3
E 4 7
E 18 4
E 5 24
E 6 7
E 9 6
E 14 7
E 17 7
E 7 26
E 8 9
E 13 8
E 9 15
E 23 9
E 10 16
E 24 10
E 11 24
E 25 12
E 12 31
E 21 13
E 27 13
E 16 14
E 22 16
E 16 29
E 16 32
E 19 18
E 18 28
E 29 18
E 31 20
E 31 21
E 26 24
E 33 24
E 28 25
E 31 30
G R-HSA-5686938.sbgn 29 28
V 1483.500000 213.000000 125.000000 36.000000
V 1155.000000 82.000000 10.000000 10.000000
V 986.000000 42.000000 126.000000 50.000000
V 638.000000 418.000000 10.000000 10.000000
V 582.500000 104.000000 87.000000 36.000000
V 733.000000 162.000000 122.000000 22.000000
V 845.500000 66.000000 105.000000 22.000000
V 250.500000 225.000000 51.000000 22.000000
V 817.500000 503.000000 93.000000 22.000000
V 710.000000 131.000000 10.000000 10.000000
V 1180.500000 127.000000 125.000000 36.000000
V 1064.000000 112.000000 10.000000 10.000000
V 418.000000 225.000000 12.000000 12.000000
V 638.500000 473.000000 113.000000 36.000000
V 721.000000 364.000000 10.000000 10.000000
V 974.500000 462.000000 123.000000 36.000000
V 600.500000 359.000000 31.000000 30.000000
V 500.000000 66.000000 130.000000 22.000000
V 508.500000 479.000000 113.000000 36.000000
V 512.000000 431.000000 10.000000 10.000000
V 591.000000 225.000000 118.000000 32.000000
V 736.500000 417.000000 127.000000 36.000000
V 1510.000000 172.000000 10.000000 10.000000
V 717.000000 83.000000 112.000000 36.000000
V 467.000000 361.000000 100.000000 30.000000
V 859.000000 125.000000 72.000000 22.000000
V 1463.000000 125.000000 72.000000 22.000000
V 1349.000000 124.000000 112.000000 36.000000
V 867.000000 454.000000 10.000000 10.000000
E 22 0
E 2 1
E 25 1
E 1 27
E 2 22
E 3 13
E 16 3
E 20 3
E 4 12
E 9 5
E 6 11
E 7 12
E 8 28
E 23 9
E 25 9
E 11 10
E 25 11
E 17 12
E 12 20
E 20 14
E 14 21
E 25 14
E 28 15
E 19 18
E 20 19
E 24 19
E 26 22
E 25 28
G R-HSA-5688426.sbgn 15 15
V 907.000000 1408.000000 12.000000 12.000000
V 815.000000 1286.000000 76.000000 22.000000
V 630.000000 1366.000000 44.000000 30.000000
V 710.000000 1579.000000 12.000000 12.000000
V 607.500000 1618.000000 133.000000 50.000000
V 623.000000 1289.000000 124.000000 34.000000
V 622.000000 1552.000000 44.000000 30.000000
V 842.500000 1540.000000 119.000000 36.000000
V 831.000000 1611.500000 80.000000 23.000000
V 711.000000 1498.000000 12.000000 12.000000
V 817.000000 1368.000000 96.000000 22.000000
V 1003.500000 1410.000000 121.000000 36.000000
V 725.000000 1322.000000 12.000000 12.000000
V 604.500000 1462.000000 119.000000 50.000000
V 802.000000 1455.000000 80.000000 22.000000
E 10 0
E 0 11
E 14 0
E 12 1
E 2 12
E 4 3
E 6 3
E 3 7
E 3 8
E 5 12
E 6 9
E 9 7
E 13 9
E 9 14
E 12 10
G R-HSA-5694530.sbgn 23 23
V 1232.000000 199.000000 10.000000 10.000000
V 1310.500000 244.500000 95.000000 51.000000
V 514.000000 223.000000 94.000000 34.000000
V 1075.500000 229.500000 99.000000 55.000000
V 433.000000 232.000000 10.000000 10.000000
V 742.000000 249.000000 10.000000 10.000000
V 426.000000 280.000000 10.000000 10.000000
V 808.500000 161.000000 107.000000 22.000000
V 1041.500000 296.000000 91.000000 22.000000
V 1107.000000 80.500000 100.000000 33.000000
V 670.500000 137.000000 107.000000 22.000000
V 934.000000 261.000000 10.000000 10.000000
V 844.000000 248.000000 108.000000 62.000000
V 376.000000 205.500000 64.000000 33.000000
V 1463.000000 200.000000 10.000000 10.000000
V 534.500000 277.500000 127.000000 49.000000
V 1437.000000 296.500000 98.000000 27.000000
V 341.500000 348.500000 117.000000 35.000000
V 290.000000 277.000000 74.000000 32.000000
V 1389.500000 128.000000 69.000000 22.000000
V 281.500000 231.500000 63.000000 35.000000
V 1591.500000 256.500000 135.000000 37.000000
V 1181.000000 269.000000 76.000000 28.000000
E 0 1
E 7 0
E 9 0
E 22 0
E 4 2
E 2 5
E 11 3
E 13 4
E 20 4
E 7 5
E 10 5
E 5 12
E 15 5
E 6 15
E 17 6
E 18 6
E 7 14
E 11 8
E 12 11
E 11 13
E 16 14
E 19 14
E 14 21
G R-HSA-6790901.sbgn 25 26
V 612.500000 177.500000 95.000000 29.000000
V 493.000000 547.000000 12.000000 12.000000
V 501.500000 81.500000 141.000000 29.000000
V 762.500000 129.500000 249.000000 45.000000
V 620.000000 243.000000 86.000000 32.000000
V 844.500000 214.500000 119.000000 27.000000
V 725.000000 212.000000 12.000000 12.000000
V 498.000000 130.000000 12.000000 12.000000
V 444.500000 290.500000 319.000000 49.000000
V 650.000000 372.000000 86.000000 32.000000
V 839.500000 598.000000 355.000000 34.000000
V 476.000000 221.000000 12.000000 12.000000
V 732.000000 419.500000 252.000000 49.000000
V 881.000000 554.000000 42.000000 30.000000
V 494.500000 368.500000 51.000000 23.000000
V 362.000000 224.500000 128.000000 25.000000
V 457.000000 495.500000 148.000000 25.000000
V 830.000000 529.500000 38.000000 33.000000
V 496.000000 411.000000 12.000000 12.000000
V 376.500000 369.500000 95.000000 29.000000
V 175.000000 131.500000 208.000000 49.000000
V 281.000000 568.000000 50.000000 32.000000
V 822.000000 293.000000 340.000000 38.000000
V 275.000000 508.500000 74.000000 31.000000
V 765.500000 501.500000 71.000000 33.000000
E 0 6
E 0 11
E 1 10
E 1 13
E 16 1
E 1 17
E 20 1
E 21 1
E 23 1
E 1 24
E 2 7
E 3 6
E 7 3
E 6 4
E 11 4
E 5 6
E 6 22
E 20 7
E 11 8
E 18 9
E 15 11
E 20 11
E 18 12
E 14 18
E 19 18
E 20 18
G R-HSA-6793080.sbgn 19 18
V 424.000000 526.000000 12.000000 12.000000
V 395.000000 723.000000 264.000000 32.000000
V 670.500000 555.000000 275.000000 54.000000
V 646.500000 385.000000 129.000000 44.000000
V 286.500000 494.500000 85.000000 37.000000
V 603.500000 611.000000 129.000000 44.000000
V 267.500000 374.500000 85.000000 37.000000
V 140.500000 521.000000 121.000000 48.000000
V 416.000000 407.000000 12.000000 12.000000
V 664.500000 438.500000 269.000000 53.000000
V 601.500000 492.000000 129.000000 44.000000
V 426.500000 470.500000 55.000000 25.000000
V 420.000000 645.000000 12.000000 12.000000
V 396.000000 777.000000 12.000000 12.000000
V 658.000000 777.000000 300.000000 54.000000
V 266.500000 673.500000 85.000000 37.000000
V 416.000000 361.000000 70.000000 26.000000
V 661.000000 667.500000 274.000000 55.000000
V 421.000000 592.500000 58.000000 27.000000
E 0 2
E 4 0
E 7 0
E 0 10
E 11 0
E 1 13
E 8 3
E 12 5
E 6 8
E 7 8
E 7 12
E 7 13
E 8 9
E 16 8
E 15 12
E 12 17
E 18 12
E 13 14
G R-HSA-6802946.sbgn 33 33
V 2512.500000 227.000000 157.000000 64.000000
V 2099.000000 537.000000 86.000000 46.000000
V 1493.500000 376.000000 97.000000 78.000000
V 3462.000000 288.000000 10.000000 10.000000
V 2173.000000 388.000000 120.000000 64.000000
V 1150.000000 983.000000 62.000000 48.000000
V 2993.000000 290.000000 12.000000 12.000000
V 2518.000000 375.500000 98.000000 61.000000
V 3641.500000 356.500000 151.000000 45.000000
V 1737.000000 374.000000 146.000000 70.000000
V 2053.000000 383.000000 12.000000 12.000000
V 2317.500000 556.000000 125.000000 50.000000
V 2579.000000 307.000000 40.000000 30.000000
V 1625.500000 557.000000 75.000000 32.000000
V 1286.500000 512.000000 127.000000 54.000000
V 1613.000000 376.000000 10.000000 10.000000
V 2089.500000 778.000000 129.000000 22.000000
V 2773.500000 228.000000 137.000000 64.000000
V 3151.500000 964.000000 125.000000 50.000000
V 2628.000000 342.000000 12.000000 12.000000
V 2451.500000 607.000000 49.000000 22.000000
V 3505.500000 625.500000 91.000000 35.000000
V 3257.500000 263.000000 137.000000 62.000000
V 2742.000000 328.000000 40.000000 30.000000
V 3085.000000 215.000000 40.000000 30.000000
V 2116.000000 311.000000 40.000000 30.000000
V 1507.500000 510.000000 131.000000 36.000000
V 1925.000000 336.000000 38.000000 30.000000
V 2908.000000 227.000000 38.000000 30.000000
V 1398.000000 376.000000 10.000000 10.000000
V 1397.000000 516.000000 54.000000 26.000000
V 581.000000 374.000000 76.000000 38.000000
V 2422.000000 379.000000 10.000000 10.000000
E 0 32
E 1 10
E 2 15
E 29 2
E 3 8
E 3 16
E 3 18
E 3 21
E 22 3
E 10 4
E 4 32
E 5 15
E 17 6
E 6 22
E 6 24
E 28 6
E 7 19
E 32 7
E 9 10
E 15 9
E 10 25
E 27 10
E 11 32
E 12 19
E 13 15
E 14 29
E 26 15
E 16 32
E 19 17
E 19 23
E 20 32
E 30 29
E 31 29
G R-HSA-6802948.sbgn 19 19
V 2579.000000 307.000000 40.000000 30.000000
V 3505.500000 625.500000 91.000000 35.000000
V 3462.000000 288.000000 10.000000 10.000000
V 2089.500000 778.000000 129.000000 22.000000
V 2422.000000 379.000000 10.000000 10.000000
V 3085.000000 215.000000 40.000000 30.000000
V 2628.000000 342.000000 12.000000 12.000000
V 2742.000000 328.000000 40.000000 30.000000
V 3641.500000 356.500000 151.000000 45.000000
V 2173.000000 388.000000 120.000000 64.000000
V 3151.500000 964.000000 125.000000 50.000000
V 2451.500000 607.000000 49.000000 22.000000
V 3257.500000 263.000000 137.000000 62.000000
V 2317.500000 556.000000 125.000000 50.000000
V 2518.000000 375.500000 98.000000 61.000000
V 2908.000000 227.000000 38.000000 30.000000
V 2773.500000 228.000000 137.000000 64.000000
V 2512.500000 227.000000 157.000000 64.000000
V 2993.000000 290.000000 12.000000 12.000000
E 0 6
E 2 1
E 2 3
E 2 8
E 2 10
E 12 2
E 3 4
E 9 4
E 11 4
E 13 4
E 4 14
E 17 4
E 18 5
E 6 7
E 14 6
E 6 16
E 18 12
E 15 18
E 16 18
G R-HSA-6802952.sbgn 24 24
V 2512.500000 227.000000 157.000000 64.000000
V 2742.000000 328.000000 40.000000 30.000000
V 2993.000000 290.000000 12.000000 12.000000
V 2908.000000 227.000000 38.000000 30.000000
V 2053.000000 383.000000 12.000000 12.000000
V 2099.000000 537.000000 86.000000 46.000000
V 2116.000000 311.000000 40.000000 30.000000
V 2089.500000 778.000000 129.000000 22.000000
V 3151.500000 964.000000 125.000000 50.000000
V 1737.000000 374.000000 146.000000 70.000000
V 2628.000000 342.000000 12.000000 12.000000
V 3462.000000 288.000000 10.000000 10.000000
V 2422.000000 379.000000 10.000000 10.000000
V 2451.500000 607.000000 49.000000 22.000000
V 2173.000000 388.000000 120.000000 64.000000
V 2579.000000 307.000000 40.000000 30.000000
V 1925.000000 336.000000 38.000000 30.000000
V 2773.500000 228.000000 137.000000 64.000000
V 3085.000000 215.000000 40.000000 30.000000
V 3641.500000 356.500000 151.000000 45.000000
V 3505.500000 625.500000 91.000000 35.000000
V 3257.500000 263.000000 137.000000 62.000000
V 2518.000000 375.500000 98.000000 61.000000
V 2317.500000 556.000000 125.000000 50.000000
E 0 12
E 10 1
E 3 2
E 17 2
E 2 18
E 2 21
E 5 4
E 4 6
E 9 4
E 4 14
E 16 4
E 11 7
E 7 12
E 11 8
E 15 10
E 10 17
E 22 10
E 11 19
E 11 20
E 21 11
E 13 12
E 14 12
E 12 22
E 23 12
G R-HSA-6802955.sbgn 33 33
V 3641.500000 356.500000 151.000000 45.000000
V 1286.500000 512.000000 127.000000 54.000000
V 2512.500000 227.000000 157.000000 64.000000
V 2579.000000 307.000000 40.000000 30.000000
V 2742.000000 328.000000 40.000000 30.000000
V 2518.000000 375.500000 98.000000 61.000000
V 2773.500000 228.000000 137.000000 64.000000
V 2116.000000 311.000000 40.000000 30.000000
V 581.000000 374.000000 76.000000 38.000000
V 3257.500000 263.000000 137.000000 62.000000
V 1507.500000 510.000000 131.000000 36.000000
V 2053.000000 383.000000 12.000000 12.000000
V 2628.000000 342.000000 12.000000 12.000000
V 1737.000000 374.000000 146.000000 70.000000
V 2173.000000 388.000000 120.000000 64.000000
V 1613.000000 376.000000 10.000000 10.000000
V 2993.000000 290.000000 12.000000 12.000000
V 1150.000000 983.000000 62.000000 48.000000
V 2099.000000 537.000000 86.000000 46.000000
V 1398.000000 376.000000 10.000000 10.000000
V 3085.000000 215.000000 40.000000 30.000000
V 2089.500000 778.000000 129.000000 22.000000
V 1397.000000 516.000000 54.000000 26.000000
V 2908.000000 227.000000 38.000000 30.000000
V 3462.000000 288.000000 10.000000 10.000000
V 1493.500000 376.000000 97.000000 78.000000
V 3151.500000 964.000000 125.000000 50.000000
V 1925.000000 336.000000 38.000000 30.000000
V 1625.500000 557.000000 75.000000 32.000000
V 3505.500000 625.500000 91.000000 35.000000
V 2451.500000 607.000000 49.000000 22.000000
V 2317.500000 556.000000 125.000000 50.000000
V 2422.000000 379.000000 10.000000 10.000000
E 24 0
E 1 19
E 2 32
E 3 12
E 12 4
E 5 12
E 32 5
E 12 6
E 6 16
E 11 7
E 8 19
E 16 9
E 9 24
E 10 15
E 13 11
E 11 14
E 18 11
E 27 11
E 15 13
E 14 32
E 17 15
E 25 15
E 28 15
E 16 20
E 23 16
E 22 19
E 19 25
E 24 21
E 21 32
E 24 26
E 24 29
E 30 32
E 31 32
G R-HSA-6803157.sbgn 36 35
V 609.000000 854.000000 98.000000 36.000000
V 131.000000 897.000000 10.000000 10.000000
V 483.000000 1178.000000 40.000000 22.000000
V 2669.500000 575.000000 121.000000 36.000000
V 2505.500000 606.000000 65.000000 22.000000
V 55.500000 931.000000 111.000000 22.000000
V 1269.000000 922.000000 94.000000 22.000000
V 1610.000000 216.000000 10.000000 10.000000
V 392.000000 853.000000 110.000000 36.000000
V 248.500000 929.000000 47.000000 22.000000
V 1711.000000 248.000000 128.000000 50.000000
V 481.000000 1071.000000 12.000000 12.000000
V 620.000000 1340.000000 10.000000 10.000000
V 1452.000000 206.000000 10.000000 10.000000
V 758.500000 948.000000 67.000000 22.000000
V 2135.000000 869.000000 96.000000 36.000000
V 146.500000 520.000000 131.000000 64.000000
V 1582.000000 265.000000 36.000000 30.000000
V 706.500000 1286.000000 131.000000 64.000000
V 2521.000000 776.000000 128.000000 36.000000
V 826.000000 895.000000 10.000000 10.000000
V 318.000000 885.000000 10.000000 10.000000
V 2570.000000 690.000000 10.000000 10.000000
V 1974.000000 920.000000 102.000000 22.000000
V 870.500000 860.000000 125.000000 36.000000
V 1511.500000 866.000000 89.000000 36.000000
V 199.000000 854.000000 120.000000 50.000000
V 558.000000 901.000000 10.000000 10.000000
V 2599.000000 708.000000 10.000000 10.000000
V 2055.000000 881.000000 10.000000 10.000000
V 2466.500000 720.000000 123.000000 50.000000
V 1353.000000 127.000000 104.000000 22.000000
V 1401.000000 887.000000 10.000000 10.000000
V 683.000000 1374.000000 98.000000 36.000000
V 480.000000 919.000000 40.000000 22.000000
V 1489.000000 254.000000 108.000000 50.000000
E 27 0
E 5 1
E 16 1
E 1 26
E 11 2
E 2 12
E 3 22
E 3 28
E 4 28
E 6 32
E 7 10
E 17 7
E 35 7
E 21 8
E 9 21
E 34 11
E 18 12
E 12 33
E 16 13
E 31 13
E 13 35
E 14 20
E 29 15
E 16 20
E 16 21
E 16 22
E 16 27
E 16 29
E 16 32
E 28 19
E 20 24
E 22 30
E 23 29
E 32 25
E 34 27
G R-HSA-6804758.sbgn 39 46
V 1174.500000 417.000000 229.000000 52.000000
V 555.500000 675.000000 41.000000 30.000000
V 633.000000 639.000000 10.000000 10.000000
V 689.500000 241.000000 71.000000 22.000000
V 1187.500000 542.500000 177.000000 37.000000
V 560.000000 257.000000 12.000000 12.000000
V 333.500000 622.000000 61.000000 40.000000
V 603.000000 535.000000 10.000000 10.000000
V 505.500000 301.000000 47.000000 30.000000
V 375.500000 661.000000 33.000000 22.000000
V 570.500000 609.000000 43.000000 22.000000
V 422.000000 596.000000 12.000000 12.000000
V 680.000000 426.000000 10.000000 10.000000
V 981.000000 412.000000 12.000000 12.000000
V 408.000000 619.000000 12.000000 12.000000
V 493.500000 189.000000 41.000000 30.000000
V 929.500000 491.000000 61.000000 30.000000
V 521.000000 574.000000 56.000000 22.000000
V 141.500000 384.000000 67.000000 22.000000
V 356.500000 466.000000 69.000000 30.000000
V 655.000000 295.000000 32.000000 22.000000
V 387.500000 699.500000 41.000000 19.000000
V 969.000000 648.000000 12.000000 12.000000
V 697.500000 638.000000 67.000000 22.000000
V 474.000000 480.000000 46.000000 22.000000
V 592.000000 127.500000 150.000000 39.000000
V 442.000000 513.000000 44.000000 26.000000
V 803.500000 543.500000 127.000000 31.000000
V 534.000000 521.500000 46.000000 25.000000
V 840.000000 660.000000 124.000000 50.000000
V 259.000000 380.000000 12.000000 12.000000
V 575.500000 347.000000 129.000000 36.000000
V 734.000000 604.000000 10.000000 10.000000
V 1013.000000 490.000000 62.000000 30.000000
V 815.000000 417.000000 200.000000 40.000000
V 1083.500000 670.000000 127.000000 48.000000
V 966.000000 545.000000 12.000000 12.000000
V 485.500000 399.500000 67.000000 27.000000
V 577.500000 439.000000 105.000000 38.000000
E 13 0
E 1 2
E 11 1
E 1 14
E 1 22
E 10 2
E 2 23
E 3 5
E 3 12
E 36 4
E 8 5
E 5 15
E 5 25
E 31 5
E 6 14
E 17 7
E 7 27
E 28 7
E 38 7
E 11 9
E 10 32
E 19 11
E 26 11
E 37 11
E 20 12
E 31 12
E 12 34
E 38 12
E 16 13
E 13 33
E 34 13
E 14 19
E 21 14
E 14 24
E 16 22
E 16 36
E 17 32
E 18 30
E 29 22
E 22 33
E 22 35
E 27 36
E 32 29
E 30 37
E 38 32
E 36 33
G R-HSA-6806664.sbgn 15 17
V 200.000000 175.000000 34.000000 30.000000
V 106.500000 342.000000 49.000000 30.000000
V 158.000000 293.000000 12.000000 12.000000
V 501.000000 252.000000 12.000000 12.000000
V 529.000000 111.000000 10.000000 10.000000
V 501.500000 359.000000 99.000000 30.000000
V 65.000000 292.000000 54.000000 22.000000
V 305.000000 226.000000 44.000000 30.000000
V 583.500000 65.000000 115.000000 22.000000
V 394.000000 225.000000 12.000000 12.000000
V 394.500000 112.000000 119.000000 36.000000
V 601.000000 252.000000 74.000000 22.000000
V 158.500000 375.000000 85.000000 30.000000
V 593.500000 198.000000 99.000000 22.000000
V 448.000000 295.000000 36.000000 30.000000
E 2 0
E 1 2
E 6 2
E 2 7
E 12 2
E 5 3
E 3 7
E 11 3
E 14 3
E 8 4
E 4 10
E 13 4
E 5 9
E 9 7
E 10 9
E 13 9
E 14 9
G R-HSA-68962.sbgn 32 32
V 642.000000 907.000000 34.000000 22.000000
V 1319.500000 895.000000 119.000000 50.000000
V 1139.500000 997.000000 127.000000 66.000000
V 873.000000 874.000000 10.000000 10.000000
V 606.500000 986.000000 97.000000 28.000000
V 388.000000 445.000000 54.000000 22.000000
V 877.000000 981.000000 128.000000 64.000000
V 654.500000 504.000000 119.000000 22.000000
V 1214.500000 833.000000 119.000000 36.000000
V 1138.000000 894.000000 10.000000 10.000000
V 1035.000000 988.000000 10.000000 10.000000
V 1324.000000 1045.000000 134.000000 64.000000
V 877.500000 756.000000 121.000000 50.000000
V 537.000000 873.000000 42.000000 30.000000
V 1320.000000 989.000000 10.000000 10.000000
V 452.000000 612.000000 10.000000 10.000000
V 743.000000 774.000000 10.000000 10.000000
V 703.500000 1091.000000 129.000000 36.000000
V 460.500000 1134.000000 129.000000 36.000000
V 1069.500000 828.500000 91.000000 49.000000
V 900.500000 564.000000 41.000000 22.000000
V 750.000000 662.000000 60.000000 38.000000
V 1358.000000 1136.000000 10.000000 10.000000
V 784.500000 835.000000 53.000000 24.000000
V 615.000000 778.000000 12.000000 12.000000
V 792.000000 584.000000 10.000000 10.000000
V 1504.500000 922.000000 119.000000 36.000000
V 980.500000 1047.000000 111.000000 36.000000
V 498.000000 443.000000 104.000000 36.000000
V 675.000000 772.000000 36.000000 22.000000
V 544.500000 712.000000 39.000000 30.000000
V 733.000000 589.500000 56.000000 23.000000
E 0 16
E 9 1
E 1 14
E 2 9
E 10 2
E 2 14
E 3 6
E 12 3
E 23 3
E 24 4
E 5 15
E 6 10
E 7 24
E 8 9
E 19 9
E 27 10
E 14 11
E 16 12
E 24 13
E 26 14
E 15 18
E 28 15
E 17 16
E 29 16
E 22 17
E 18 22
E 22 20
E 20 25
E 25 21
E 29 24
E 30 24
E 31 25
G R-HSA-69242.sbgn 33 33
V 247.000000 470.000000 46.000000 30.000000
V 440.500000 139.500000 93.000000 21.000000
V 494.000000 37.000000 56.000000 20.000000
V 328.000000 391.000000 12.000000 12.000000
V 327.000000 335.000000 76.000000 22.000000
V 388.000000 35.000000 68.000000 22.000000
V 467.000000 269.000000 12.000000 12.000000
V 649.500000 341.500000 51.000000 21.000000
V 649.000000 411.000000 12.000000 12.000000
V 430.500000 355.000000 31.000000 30.000000
V 735.500000 368.500000 137.000000 21.000000
V 440.000000 89.000000 10.000000 10.000000
V 147.500000 419.000000 129.000000 28.000000
V 313.000000 582.500000 40.000000 31.000000
V 219.000000 360.000000 46.000000 30.000000
V 273.500000 501.000000 59.000000 22.000000
V 353.000000 536.000000 12.000000 12.000000
V 509.000000 491.000000 12.000000 12.000000
V 1121.000000 529.000000 12.000000 12.000000
V 596.500000 450.000000 39.000000 30.000000
V 1152.500000 453.000000 41.000000 28.000000
V 413.500000 476.000000 39.000000 30.000000
V 509.000000 547.000000 128.000000 36.000000
V 213.000000 543.000000 132.000000 46.000000
V 426.500000 585.500000 39.000000 29.000000
V 1319.500000 465.500000 141.000000 47.000000
V 336.000000 477.000000 46.000000 22.000000
V 705.000000 449.000000 46.000000 30.000000
V 505.500000 414.500000 107.000000 25.000000
V 1043.000000 628.000000 42.000000 28.000000
V 923.000000 551.500000 140.000000 37.000000
V 652.500000 523.000000 73.000000 34.000000
V 336.000000 426.000000 12.000000 12.000000
E 32 0
E 1 6
E 11 1
E 2 11
E 4 3
E 3 9
E 12 3
E 14 3
E 3 28
E 5 11
E 6 28
E 7 8
E 8 10
E 19 8
E 8 27
E 28 8
E 10 18
E 32 12
E 16 13
E 15 32
E 22 16
E 16 23
E 24 16
E 17 22
E 28 17
E 31 17
E 18 20
E 18 25
E 29 18
E 30 18
E 21 32
E 26 32
E 28 32
G R-HSA-70370.sbgn 25 26
V 249.000000 135.500000 40.000000 31.000000
V 148.500000 197.500000 59.000000 31.000000
V 637.000000 54.500000 82.000000 23.000000
V 69.500000 99.000000 81.000000 42.000000
V 377.500000 100.000000 51.000000 30.000000
V 287.500000 49.000000 49.000000 22.000000
V 567.000000 184.000000 68.000000 30.000000
V 263.000000 313.500000 68.000000 31.000000
V 167.000000 314.500000 60.000000 31.000000
V 291.000000 100.000000 12.000000 12.000000
V 575.500000 100.000000 41.000000 30.000000
V 334.500000 55.500000 41.000000 31.000000
V 152.000000 247.500000 56.000000 23.000000
V 397.000000 184.000000 68.000000 30.000000
V 213.000000 247.000000 12.000000 12.000000
V 141.000000 44.500000 42.000000 23.000000
V 209.500000 101.500000 85.000000 41.000000
V 702.000000 101.000000 40.000000 30.000000
V 637.000000 100.000000 12.000000 12.000000
V 477.000000 183.000000 12.000000 12.000000
V 252.000000 207.500000 36.000000 31.000000
V 477.500000 49.000000 41.000000 22.000000
V 477.000000 100.000000 12.000000 12.000000
V 141.000000 98.000000 12.000000 12.000000
V 477.500000 239.500000 93.000000 37.000000
E 0 9
E 1 14
E 2 18
E 3 23
E 9 4
E 4 22
E 5 9
E 6 19
E 22 6
E 14 7
E 14 8
E 9 11
E 16 9
E 9 20
E 10 18
E 22 10
E 12 14
E 19 13
E 13 22
E 16 14
E 20 14
E 15 23
E 23 16
E 18 17
E 24 19
E 21 22
G R-HSA-70688.sbgn 26 29
V 314.000000 66.000000 36.000000 30.000000
V 214.000000 38.500000 62.000000 23.000000
V 191.500000 416.000000 59.000000 22.000000
V 264.500000 332.500000 43.000000 31.000000
V 410.000000 354.500000 130.000000 31.000000
V 695.500000 295.000000 53.000000 30.000000
V 784.000000 252.000000 12.000000 12.000000
V 637.500000 312.500000 43.000000 31.000000
V 89.000000 199.000000 40.000000 30.000000
V 769.500000 179.000000 103.000000 22.000000
V 380.500000 254.000000 97.000000 30.000000
V 216.000000 152.000000 12.000000 12.000000
V 468.500000 212.000000 43.000000 30.000000
V 547.000000 253.000000 12.000000 12.000000
V 859.000000 293.000000 52.000000 30.000000
V 81.000000 297.000000 50.000000 30.000000
V 874.000000 215.000000 36.000000 30.000000
V 191.000000 253.000000 12.000000 12.000000
V 92.500000 114.000000 49.000000 30.000000
V 917.500000 252.000000 43.000000 30.000000
V 882.000000 351.500000 82.000000 31.000000
V 745.000000 354.000000 12.000000 12.000000
V 825.000000 388.000000 36.000000 30.000000
V 693.500000 217.000000 43.000000 30.000000
V 642.500000 254.000000 63.000000 30.000000
V 365.500000 114.000000 57.000000 30.000000
E 11 0
E 1 11
E 2 17
E 17 3
E 17 4
E 4 21
E 5 6
E 5 21
E 9 6
E 6 14
E 6 16
E 6 19
E 23 6
E 24 6
E 7 21
E 8 11
E 8 17
E 9 21
E 11 10
E 10 13
E 18 11
E 11 25
E 12 13
E 13 24
E 21 14
E 15 17
E 17 25
E 21 20
E 21 22
G R-HSA-71262.sbgn 31 30
V 557.000000 251.000000 64.000000 30.000000
V 256.000000 620.000000 44.000000 30.000000
V 412.500000 668.000000 131.000000 36.000000
V 305.000000 590.000000 56.000000 30.000000
V 305.000000 304.000000 12.000000 12.000000
V 360.000000 618.000000 34.000000 30.000000
V 100.000000 811.000000 116.000000 22.000000
V 392.000000 479.000000 82.000000 34.000000
V 637.000000 113.000000 44.000000 30.000000
V 376.500000 548.000000 53.000000 30.000000
V 376.500000 733.000000 43.000000 30.000000
V 305.000000 250.000000 64.000000 30.000000
V 364.500000 355.000000 35.000000 30.000000
V 358.000000 427.000000 54.000000 30.000000
V 305.000000 375.000000 54.000000 30.000000
V 463.000000 249.000000 12.000000 12.000000
V 305.000000 667.000000 12.000000 12.000000
V 255.000000 541.000000 36.000000 30.000000
V 305.500000 761.000000 41.000000 30.000000
V 100.000000 759.000000 12.000000 12.000000
V 623.000000 232.000000 56.000000 30.000000
V 20.500000 760.000000 41.000000 30.000000
V 256.000000 428.000000 44.000000 30.000000
V 512.000000 122.000000 34.000000 30.000000
V 556.000000 168.000000 12.000000 12.000000
V 664.000000 167.000000 132.000000 36.000000
V 217.500000 306.000000 79.000000 36.000000
V 256.000000 737.000000 56.000000 30.000000
V 513.500000 204.000000 43.000000 30.000000
V 306.000000 476.000000 12.000000 12.000000
V 554.500000 83.000000 55.000000 30.000000
E 0 15
E 24 0
E 1 16
E 2 16
E 3 16
E 29 3
E 11 4
E 4 12
E 4 14
E 26 4
E 5 16
E 6 19
E 7 29
E 8 24
E 29 9
E 16 10
E 15 11
E 13 29
E 14 29
E 16 18
E 16 27
E 29 17
E 18 19
E 19 21
E 24 20
E 22 29
E 23 24
E 25 24
E 24 28
E 30 24
G R-HSA-71288.sbgn 18 21
V 427.000000 201.000000 44.000000 22.000000
V 329.000000 226.000000 36.000000 30.000000
V 386.000000 661.000000 56.000000 30.000000
V 324.000000 438.000000 12.000000 12.000000
V 299.500000 264.000000 61.000000 30.000000
V 383.000000 381.000000 40.000000 30.000000
V 335.500000 634.000000 27.000000 30.000000
V 383.500000 493.000000 41.000000 30.000000
V 528.500000 435.500000 51.000000 35.000000
V 231.500000 436.000000 71.000000 38.000000
V 549.500000 265.000000 61.000000 30.000000
V 376.000000 331.000000 48.000000 30.000000
V 517.000000 218.000000 42.000000 30.000000
V 454.000000 438.000000 12.000000 12.000000
V 385.000000 591.000000 12.000000 12.000000
V 385.500000 544.000000 35.000000 30.000000
V 383.000000 440.000000 36.000000 30.000000
V 425.000000 265.000000 12.000000 12.000000
E 0 17
E 17 1
E 14 2
E 5 3
E 3 7
E 9 3
E 11 3
E 3 15
E 3 16
E 17 4
E 5 13
E 14 6
E 13 7
E 8 13
E 10 17
E 11 13
E 17 11
E 12 17
E 13 15
E 13 16
E 15 14
G R-HSA-72086.sbgn 36 38
V 952.000000 494.000000 10.000000 10.000000
V 496.000000 494.500000 90.000000 23.000000
V 760.000000 491.000000 12.000000 12.000000
V 1015.500000 798.000000 125.000000 64.000000
V 772.000000 869.000000 124.000000 64.000000
V 899.000000 796.000000 10.000000 10.000000
V 845.000000 492.000000 112.000000 50.000000
V 1083.500000 424.000000 135.000000 92.000000
V 772.000000 733.000000 10.000000 10.000000
V 478.000000 869.000000 12.000000 12.000000
V 332.500000 207.000000 113.000000 36.000000
V 330.000000 287.000000 12.000000 12.000000
V 285.500000 348.500000 51.000000 31.000000
V 152.500000 256.000000 123.000000 36.000000
V 241.000000 205.000000 10.000000 10.000000
V 531.500000 1024.000000 37.000000 22.000000
V 356.500000 804.000000 83.000000 44.000000
V 565.000000 552.000000 70.000000 22.000000
V 302.000000 406.000000 40.000000 30.000000
V 280.000000 801.000000 12.000000 12.000000
V 281.000000 656.000000 12.000000 12.000000
V 281.500000 730.000000 119.000000 36.000000
V 666.000000 492.000000 116.000000 64.000000
V 399.500000 373.000000 119.000000 36.000000
V 803.000000 684.000000 50.000000 22.000000
V 410.500000 584.000000 41.000000 30.000000
V 187.500000 141.000000 117.000000 36.000000
V 727.000000 684.000000 50.000000 22.000000
V 284.500000 869.000000 131.000000 36.000000
V 553.000000 139.000000 10.000000 10.000000
V 772.500000 783.000000 99.000000 36.000000
V 595.000000 992.000000 82.000000 48.000000
V 1046.000000 542.000000 98.000000 36.000000
V 283.500000 582.000000 117.000000 36.000000
V 131.000000 189.000000 34.000000 22.000000
V 356.000000 473.000000 12.000000 12.000000
E 0 6
E 7 0
E 32 0
E 9 1
E 1 29
E 6 2
E 2 22
E 5 3
E 4 5
E 9 4
E 30 5
E 24 8
E 27 8
E 8 30
E 9 15
E 16 9
E 9 17
E 28 9
E 9 31
E 9 32
E 10 11
E 14 10
E 11 12
E 11 23
E 13 14
E 26 14
E 34 14
E 17 29
E 18 35
E 21 19
E 19 28
E 20 21
E 33 20
E 22 29
E 23 35
E 35 25
E 29 26
E 35 33
G R-HSA-72312.sbgn 32 31
V 135.500000 407.000000 83.000000 44.000000
V 940.500000 700.000000 107.000000 44.000000
V 169.000000 688.500000 88.000000 45.000000
V 943.000000 266.500000 110.000000 43.000000
V 944.000000 347.500000 114.000000 45.000000
V 134.000000 329.000000 84.000000 40.000000
V 943.500000 472.000000 105.000000 44.000000
V 378.000000 272.500000 166.000000 27.000000
V 135.500000 447.500000 83.000000 41.000000
V 137.500000 567.500000 87.000000 39.000000
V 620.500000 300.000000 93.000000 24.000000
V 228.000000 732.500000 88.000000 43.000000
V 136.500000 488.000000 85.000000 40.000000
V 134.500000 367.000000 83.000000 42.000000
V 941.500000 558.000000 107.000000 44.000000
V 941.500000 605.000000 111.000000 44.000000
V 416.000000 751.500000 84.000000 41.000000
V 548.000000 336.000000 12.000000 12.000000
V 522.500000 749.500000 89.000000 43.000000
V 137.500000 526.500000 85.000000 41.000000
V 931.500000 747.000000 115.000000 46.000000
V 739.500000 680.000000 101.000000 48.000000
V 941.500000 515.000000 101.000000 44.000000
V 323.500000 750.000000 81.000000 42.000000
V 626.000000 682.000000 106.000000 48.000000
V 136.500000 604.500000 95.000000 39.000000
V 944.000000 429.000000 110.000000 44.000000
V 938.500000 653.000000 109.000000 44.000000
V 941.500000 305.500000 115.000000 45.000000
V 136.500000 645.500000 87.000000 41.000000
V 943.000000 388.500000 110.000000 45.000000
V 622.500000 331.500000 59.000000 23.000000
E 17 0
E 17 1
E 17 2
E 17 3
E 17 4
E 17 5
E 17 6
E 7 17
E 17 8
E 17 9
E 10 17
E 17 11
E 17 12
E 17 13
E 17 14
E 17 15
E 17 16
E 17 18
E 17 19
E 17 20
E 17 21
E 17 22
E 17 23
E 17 24
E 17 25
E 17 26
E 17 27
E 17 28
E 17 29
E 17 30
E 31 17
G R-HSA-72764.sbgn 21 20
V 1271.000000 178.500000 64.000000 37.000000
V 191.000000 109.000000 12.000000 12.000000
V 631.500000 58.000000 43.000000 30.000000
V 1141.500000 109.000000 131.000000 72.000000
V 1000.500000 251.000000 39.000000 30.000000
V 1126.000000 210.000000 12.000000 12.000000
V 382.500000 180.000000 121.000000 58.000000
V 942.000000 109.000000 10.000000 10.000000
V 753.000000 57.500000 32.000000 29.000000
V 1127.500000 255.000000 47.000000 22.000000
V 969.500000 210.500000 65.000000 33.000000
V 345.000000 109.000000 104.000000 36.000000
V 263.500000 160.000000 59.000000 30.000000
V 833.000000 114.500000 126.000000 81.000000
V 464.000000 107.000000 10.000000 10.000000
V 673.000000 108.000000 12.000000 12.000000
V 72.500000 109.000000 111.000000 36.000000
V 1258.000000 241.000000 58.000000 30.000000
V 193.500000 46.500000 83.000000 35.000000
V 550.500000 109.500000 123.000000 79.000000
V 120.500000 167.000000 59.000000 30.000000
E 5 0
E 1 11
E 1 12
E 16 1
E 18 1
E 20 1
E 2 15
E 7 3
E 4 5
E 9 5
E 10 5
E 5 17
E 6 14
E 7 10
E 13 7
E 15 8
E 11 14
E 15 13
E 14 19
E 19 15
G R-HSA-74182.sbgn 31 41
V 224.500000 199.500000 65.000000 39.000000
V 406.500000 449.500000 67.000000 39.000000
V 176.000000 449.000000 58.000000 32.000000
V 515.500000 381.000000 51.000000 30.000000
V 167.500000 388.000000 47.000000 22.000000
V 277.000000 348.000000 34.000000 30.000000
V 490.000000 447.000000 12.000000 12.000000
V 158.000000 200.000000 12.000000 12.000000
V 178.000000 337.000000 42.000000 30.000000
V 230.000000 480.000000 72.000000 30.000000
V 230.000000 388.000000 12.000000 12.000000
V 491.500000 518.000000 51.000000 30.000000
V 293.000000 198.000000 12.000000 12.000000
V 405.000000 284.000000 68.000000 30.000000
V 407.000000 377.000000 42.000000 30.000000
V 587.000000 288.000000 86.000000 22.000000
V 589.500000 359.000000 85.000000 30.000000
V 581.000000 235.000000 60.000000 30.000000
V 231.000000 294.000000 68.000000 30.000000
V 347.000000 236.000000 60.000000 22.000000
V 334.500000 519.000000 51.000000 30.000000
V 293.500000 128.000000 77.000000 30.000000
V 447.000000 222.000000 68.000000 30.000000
V 309.000000 387.000000 34.000000 30.000000
V 403.000000 237.000000 12.000000 12.000000
V 332.000000 448.000000 12.000000 12.000000
V 461.500000 320.000000 63.000000 34.000000
V 405.000000 321.000000 12.000000 12.000000
V 276.000000 448.000000 36.000000 30.000000
V 501.000000 290.000000 12.000000 12.000000
V 158.000000 124.000000 68.000000 30.000000
E 0 7
E 0 12
E 1 6
E 1 25
E 2 10
E 6 3
E 3 25
E 4 10
E 10 5
E 11 6
E 6 14
E 20 6
E 6 23
E 7 18
E 21 7
E 30 7
E 10 8
E 9 10
E 10 18
E 28 10
E 25 11
E 18 12
E 12 21
E 12 30
E 24 13
E 13 27
E 14 25
E 27 14
E 14 29
E 15 29
E 16 29
E 29 17
E 18 24
E 27 18
E 19 24
E 25 20
E 21 24
E 29 21
E 24 22
E 23 25
E 26 27
G R-HSA-75067.sbgn 18 25
V 1039.000000 603.000000 122.000000 36.000000
V 907.500000 837.000000 107.000000 50.000000
V 236.500000 600.000000 115.000000 50.000000
V 222.500000 687.000000 35.000000 22.000000
V 875.000000 571.000000 54.000000 22.000000
V 1208.000000 646.000000 134.000000 36.000000
V 748.000000 647.000000 124.000000 50.000000
V 1069.000000 539.000000 10.000000 10.000000
V 773.500000 805.000000 121.000000 50.000000
V 793.500000 471.000000 111.000000 50.000000
V 648.000000 643.000000 10.000000 10.000000
V 567.000000 581.000000 32.000000 22.000000
V 1074.000000 715.000000 10.000000 10.000000
V 917.500000 704.000000 29.000000 22.000000
V 956.000000 570.000000 32.000000 22.000000
V 385.000000 650.000000 10.000000 10.000000
V 1053.000000 643.000000 10.000000 10.000000
V 495.000000 646.000000 124.000000 50.000000
E 7 0
E 0 16
E 12 1
E 2 15
E 3 15
E 7 4
E 4 16
E 5 7
E 5 12
E 16 5
E 10 6
E 6 16
E 7 9
E 7 11
E 7 13
E 7 14
E 12 8
E 11 10
E 17 10
E 12 11
E 12 13
E 12 14
E 13 16
E 14 16
E 15 17
G R-HSA-75072.sbgn 33 35
V 1113.000000 271.000000 42.000000 30.000000
V 580.000000 357.000000 12.000000 12.000000
V 605.000000 129.000000 10.000000 10.000000
V 254.000000 539.000000 10.000000 10.000000
V 552.000000 558.000000 94.000000 22.000000
V 254.500000 413.000000 127.000000 36.000000
V 284.000000 717.000000 42.000000 30.000000
V 876.000000 359.000000 10.000000 10.000000
V 1137.000000 354.000000 42.000000 30.000000
V 984.500000 359.000000 125.000000 36.000000
V 255.500000 616.000000 131.000000 36.000000
V 370.500000 468.000000 125.000000 36.000000
V 515.000000 732.000000 122.000000 50.000000
V 630.000000 511.000000 10.000000 10.000000
V 170.000000 151.000000 120.000000 36.000000
V 323.500000 258.000000 39.000000 22.000000
V 685.000000 617.000000 42.000000 30.000000
V 936.500000 276.000000 125.000000 36.000000
V 1136.500000 98.000000 125.000000 50.000000
V 694.500000 465.000000 119.000000 22.000000
V 525.000000 74.000000 94.000000 22.000000
V 169.000000 207.000000 12.000000 12.000000
V 170.500000 258.000000 123.000000 22.000000
V 1025.000000 177.000000 12.000000 12.000000
V 254.000000 337.000000 10.000000 10.000000
V 677.500000 358.000000 91.000000 22.000000
V 1061.000000 465.000000 12.000000 12.000000
V 370.000000 665.000000 12.000000 12.000000
V 458.500000 359.000000 123.000000 36.000000
V 810.000000 275.000000 10.000000 10.000000
V 1162.500000 584.000000 125.000000 50.000000
V 670.500000 177.000000 119.000000 22.000000
V 926.000000 100.000000 42.000000 30.000000
E 0 23
E 1 25
E 28 1
E 20 2
E 2 31
E 5 3
E 3 10
E 11 3
E 4 13
E 24 5
E 6 27
E 7 9
E 19 7
E 25 7
E 8 26
E 9 26
E 10 27
E 11 27
E 27 12
E 13 19
E 14 21
E 15 24
E 26 16
E 27 16
E 17 23
E 29 17
E 23 18
E 19 26
E 21 22
E 22 24
E 31 23
E 23 32
E 25 29
E 26 30
E 31 29
G R-HSA-75157.sbgn 15 14
V 434.000000 104.000000 114.000000 36.000000
V 73.500000 17.000000 87.000000 22.000000
V 343.000000 75.000000 10.000000 10.000000
V 588.000000 125.000000 10.000000 10.000000
V 829.000000 133.000000 10.000000 10.000000
V 930.000000 103.000000 114.000000 50.000000
V 835.000000 164.000000 10.000000 10.000000
V 154.000000 67.000000 10.000000 10.000000
V 236.000000 108.000000 114.000000 36.000000
V 458.000000 153.000000 40.000000 22.000000
V 677.000000 158.000000 112.000000 22.000000
V 680.000000 91.000000 114.000000 36.000000
V 992.000000 173.000000 114.000000 50.000000
V 725.500000 204.000000 101.000000 22.000000
V 54.500000 93.000000 29.000000 22.000000
E 2 0
E 0 3
E 1 7
E 8 2
E 9 3
E 3 11
E 4 5
E 10 4
E 11 4
E 11 6
E 6 12
E 13 6
E 7 8
E 14 7
G R-HSA-75158.sbgn 19 18
V 141.500000 74.500000 99.000000 35.000000
V 1155.500000 253.000000 133.000000 54.000000
V 859.500000 174.000000 115.000000 20.000000
V 586.000000 135.000000 52.000000 22.000000
V 440.000000 643.500000 114.000000 37.000000
V 417.000000 42.000000 10.000000 10.000000
V 330.000000 610.000000 12.000000 12.000000
V 218.000000 651.500000 92.000000 21.000000
V 718.000000 95.000000 10.000000 10.000000
V 230.000000 43.000000 10.000000 10.000000
V 346.000000 73.000000 128.000000 36.000000
V 34.500000 18.000000 69.000000 24.000000
V 875.000000 228.000000 108.000000 20.000000
V 722.000000 173.500000 132.000000 29.000000
V 1107.000000 65.000000 128.000000 50.000000
V 1010.000000 117.000000 10.000000 10.000000
V 1022.000000 168.000000 10.000000 10.000000
V 858.000000 61.000000 128.000000 36.000000
V 568.000000 59.500000 128.000000 47.000000
E 0 6
E 0 9
E 16 1
E 2 15
E 3 8
E 6 4
E 10 5
E 5 18
E 7 6
E 13 8
E 8 17
E 18 8
E 9 10
E 11 9
E 12 16
E 15 14
E 17 15
E 17 16
G R-HSA-75892.sbgn 27 28
V 786.000000 91.000000 12.000000 12.000000
V 868.500000 66.500000 121.000000 23.000000
V 290.500000 155.500000 91.000000 65.000000
V 753.500000 17.500000 89.000000 23.000000
V 811.000000 169.000000 10.000000 10.000000
V 171.500000 354.500000 31.000000 23.000000
V 158.500000 324.500000 31.000000 23.000000
V 61.000000 243.500000 88.000000 23.000000
V 849.000000 25.000000 10.000000 10.000000
V 111.000000 117.500000 128.000000 79.000000
V 775.000000 215.500000 122.000000 51.000000
V 66.500000 306.500000 133.000000 37.000000
V 285.500000 445.500000 121.000000 51.000000
V 616.500000 24.500000 131.000000 37.000000
V 689.000000 69.500000 128.000000 37.000000
V 163.000000 280.000000 10.000000 10.000000
V 189.000000 113.000000 10.000000 10.000000
V 529.000000 68.000000 10.000000 10.000000
V 201.000000 407.000000 10.000000 10.000000
V 891.000000 121.500000 128.000000 51.000000
V 701.000000 138.500000 122.000000 37.000000
V 226.000000 55.500000 52.000000 31.000000
V 946.500000 25.500000 123.000000 37.000000
V 112.500000 441.500000 121.000000 37.000000
V 445.000000 25.500000 124.000000 23.000000
V 70.500000 191.500000 33.000000 23.000000
V 113.000000 383.000000 10.000000 10.000000
E 1 0
E 14 0
E 0 19
E 2 16
E 3 8
E 4 10
E 14 4
E 19 4
E 20 4
E 22 4
E 5 26
E 6 26
E 7 15
E 14 8
E 8 22
E 16 9
E 15 11
E 11 26
E 18 12
E 13 17
E 17 14
E 25 15
E 21 16
E 24 16
E 24 17
E 23 18
E 24 18
E 26 23
G R-HSA-774815.sbgn 15 15
V 200.000000 25.000000 90.000000 38.000000
V 62.500000 676.000000 125.000000 50.000000
V 321.000000 366.000000 130.000000 68.000000
V 322.000000 540.000000 12.000000 12.000000
V 320.000000 193.500000 130.000000 53.000000
V 322.500000 638.500000 131.000000 71.000000
V 422.000000 37.500000 130.000000 53.000000
V 432.000000 438.000000 78.000000 38.000000
V 412.000000 514.000000 78.000000 38.000000
V 320.000000 121.000000 10.000000 10.000000
V 202.000000 846.000000 134.000000 84.000000
V 408.000000 271.500000 98.000000 61.000000
V 336.000000 768.000000 84.000000 38.000000
V 319.000000 295.000000 10.000000 10.000000
V 251.000000 718.000000 12.000000 12.000000
E 0 9
E 14 0
E 14 1
E 2 3
E 13 2
E 3 5
E 7 3
E 8 3
E 9 4
E 4 13
E 5 14
E 6 9
E 14 10
E 11 13
E 12 14
G R-HSA-880009.sbgn 18 23
V 470.000000 392.500000 56.000000 35.000000
V 372.000000 188.000000 40.000000 32.000000
V 370.000000 447.000000 12.000000 12.000000
V 138.000000 179.500000 60.000000 27.000000
V 216.000000 80.000000 58.000000 30.000000
V 216.000000 180.000000 12.000000 12.000000
V 370.000000 337.000000 12.000000 12.000000
V 265.500000 391.500000 47.000000 35.000000
V 429.500000 186.500000 41.000000 31.000000
V 283.500000 95.000000 37.000000 34.000000
V 213.500000 338.500000 35.000000 31.000000
V 532.000000 338.000000 36.000000 30.000000
V 322.000000 189.500000 40.000000 35.000000
V 370.000000 384.000000 86.000000 24.000000
V 274.500000 239.500000 51.000000 37.000000
V 483.500000 239.000000 37.000000 34.000000
V 372.500000 305.000000 67.000000 26.000000
V 372.000000 267.000000 12.000000 12.000000
E 0 2
E 6 0
E 1 17
E 2 7
E 2 10
E 11 2
E 13 2
E 3 5
E 4 5
E 9 5
E 5 10
E 5 14
E 7 6
E 10 6
E 6 11
E 13 6
E 8 17
E 17 10
E 11 17
E 12 17
E 17 14
E 15 17
E 16 17
G R-HSA-881907.sbgn 23 22
V 443.000000 193.500000 60.000000 23.000000
V 832.500000 402.000000 41.000000 30.000000
V 1246.500000 305.000000 127.000000 36.000000
V 967.500000 93.000000 81.000000 38.000000
V 966.000000 403.000000 42.000000 30.000000
V 604.000000 132.000000 112.000000 42.000000
V 768.500000 64.000000 79.000000 34.000000
V 965.500000 337.000000 89.000000 22.000000
V 435.500000 132.000000 61.000000 30.000000
V 1139.000000 99.000000 12.000000 12.000000
V 553.000000 29.000000 44.000000 22.000000
V 967.000000 33.000000 66.000000 42.000000
V 514.000000 159.000000 12.000000 12.000000
V 1056.500000 64.500000 55.000000 45.000000
V 898.000000 367.000000 12.000000 12.000000
V 842.000000 64.000000 12.000000 12.000000
V 822.500000 340.000000 91.000000 22.000000
V 1064.500000 131.000000 41.000000 22.000000
V 1227.500000 134.000000 129.000000 36.000000
V 672.000000 28.000000 72.000000 44.000000
V 1194.000000 240.000000 10.000000 10.000000
V 1122.500000 173.000000 91.000000 22.000000
V 605.000000 26.000000 12.000000 12.000000
E 0 12
E 1 14
E 2 14
E 20 2
E 15 3
E 14 4
E 12 5
E 5 22
E 6 15
E 14 7
E 8 12
E 13 9
E 17 9
E 9 18
E 10 22
E 15 11
E 15 13
E 16 14
E 19 15
E 18 20
E 22 19
E 21 20
G R-HSA-8848584.sbgn 37 44
V 572.000000 250.000000 12.000000 12.000000
V 762.000000 488.000000 64.000000 30.000000
V 326.000000 451.000000 64.000000 30.000000
V 633.500000 540.000000 51.000000 22.000000
V 100.500000 417.000000 59.000000 30.000000
V 654.500000 133.000000 49.000000 30.000000
V 863.500000 244.000000 59.000000 30.000000
V 622.000000 433.000000 12.000000 12.000000
V 240.500000 311.000000 39.000000 22.000000
V 262.000000 398.000000 12.000000 12.000000
V 711.500000 203.000000 55.000000 22.000000
V 415.500000 362.000000 49.000000 30.000000
V 785.000000 429.000000 88.000000 30.000000
V 658.500000 270.000000 49.000000 30.000000
V 261.000000 370.000000 12.000000 12.000000
V 754.000000 381.000000 74.000000 30.000000
V 340.000000 150.000000 12.000000 12.000000
V 785.000000 202.000000 12.000000 12.000000
V 108.000000 368.000000 80.000000 30.000000
V 193.500000 461.000000 35.000000 30.000000
V 855.500000 138.000000 59.000000 30.000000
V 300.500000 311.000000 39.000000 22.000000
V 712.000000 134.000000 12.000000 12.000000
V 523.500000 387.000000 51.000000 30.000000
V 444.000000 137.000000 64.000000 30.000000
V 253.000000 115.000000 50.000000 30.000000
V 478.500000 63.000000 87.000000 36.000000
V 460.500000 200.000000 125.000000 58.000000
V 502.500000 269.000000 49.000000 30.000000
V 785.500000 279.000000 65.000000 30.000000
V 462.000000 313.000000 12.000000 12.000000
V 257.500000 187.000000 69.000000 30.000000
V 640.000000 456.000000 12.000000 12.000000
V 517.000000 473.000000 80.000000 30.000000
V 860.500000 180.000000 35.000000 30.000000
V 420.500000 418.000000 59.000000 30.000000
V 785.500000 134.000000 49.000000 30.000000
E 0 5
E 0 13
E 26 0
E 27 0
E 28 0
E 7 1
E 32 1
E 9 2
E 14 2
E 3 7
E 3 32
E 4 9
E 4 14
E 5 22
E 17 6
E 7 15
E 23 7
E 33 7
E 8 14
E 9 11
E 18 9
E 19 9
E 21 9
E 9 35
E 10 17
E 14 11
E 11 30
E 11 32
E 32 12
E 18 14
E 19 14
E 14 35
E 16 24
E 25 16
E 26 16
E 16 27
E 31 16
E 20 17
E 17 29
E 34 17
E 36 17
E 22 36
E 30 28
E 33 32
G R-HSA-8852135.sbgn 31 34
V 1498.000000 330.000000 182.000000 22.000000
V 980.000000 333.000000 244.000000 24.000000
V 685.000000 443.000000 176.000000 26.000000
V 540.000000 405.000000 12.000000 12.000000
V 348.500000 335.000000 119.000000 22.000000
V 1225.500000 302.500000 51.000000 27.000000
V 95.000000 233.000000 50.000000 24.000000
V 1155.000000 336.000000 12.000000 12.000000
V 1450.500000 213.000000 55.000000 28.000000
V 1094.500000 299.000000 55.000000 24.000000
V 250.000000 335.000000 12.000000 12.000000
V 1373.000000 335.000000 12.000000 12.000000
V 957.500000 447.000000 175.000000 24.000000
V 1514.000000 231.000000 52.000000 22.000000
V 217.500000 304.000000 43.000000 24.000000
V 1261.000000 336.500000 128.000000 21.000000
V 154.500000 218.500000 49.000000 27.000000
V 299.000000 370.000000 58.000000 20.000000
V 126.500000 334.500000 185.000000 23.000000
V 1083.000000 404.000000 12.000000 12.000000
V 362.500000 305.500000 57.000000 25.000000
V 463.000000 336.000000 12.000000 12.000000
V 1323.000000 365.000000 58.000000 20.000000
V 639.500000 335.000000 245.000000 22.000000
V 1361.500000 311.000000 43.000000 24.000000
V 1421.000000 278.000000 12.000000 12.000000
V 166.000000 276.000000 12.000000 12.000000
V 760.500000 235.500000 111.000000 37.000000
V 541.000000 300.000000 64.000000 22.000000
V 676.500000 376.000000 179.000000 34.000000
V 942.500000 373.500000 175.000000 37.000000
E 0 11
E 19 0
E 25 0
E 7 1
E 1 19
E 3 2
E 3 18
E 23 3
E 29 3
E 10 4
E 4 21
E 5 7
E 6 26
E 7 9
E 15 7
E 27 7
E 8 25
E 10 17
E 18 10
E 11 15
E 11 22
E 19 12
E 13 25
E 26 14
E 16 26
E 26 18
E 30 19
E 20 21
E 21 23
E 27 21
E 21 28
E 25 24
E 27 25
E 27 26
G R-HSA-8852405.sbgn 15 15
V 568.000000 262.000000 40.000000 30.000000
V 819.000000 190.000000 88.000000 44.000000
V 296.000000 188.000000 10.000000 10.000000
V 264.500000 71.000000 79.000000 22.000000
V 161.000000 119.000000 62.000000 22.000000
V 212.500000 190.000000 87.000000 22.000000
V 34.000000 72.000000 68.000000 22.000000
V 554.000000 189.000000 102.000000 36.000000
V 678.000000 190.000000 12.000000 12.000000
V 161.000000 72.000000 12.000000 12.000000
V 475.000000 236.000000 10.000000 10.000000
V 782.500000 262.000000 41.000000 30.000000
V 161.500000 17.000000 109.000000 22.000000
V 74.500000 107.000000 43.000000 30.000000
V 390.000000 188.000000 92.000000 34.000000
E 0 8
E 8 1
E 3 2
E 5 2
E 2 14
E 9 3
E 4 9
E 5 10
E 6 9
E 7 8
E 10 7
E 8 11
E 12 9
E 13 9
E 14 10
G R-HSA-8853383.sbgn 20 21
V 463.000000 240.000000 12.000000 12.000000
V 608.500000 291.000000 43.000000 30.000000
V 134.500000 319.000000 43.000000 30.000000
V 888.500000 283.000000 43.000000 30.000000
V 991.500000 200.000000 95.000000 22.000000
V 1205.000000 236.000000 12.000000 12.000000
V 967.500000 423.000000 41.000000 30.000000
V 1317.000000 237.000000 58.000000 30.000000
V 552.500000 242.000000 103.000000 40.000000
V 697.000000 240.000000 12.000000 12.000000
V 1008.000000 238.000000 12.000000 12.000000
V 369.000000 241.500000 102.000000 45.000000
V 696.500000 204.000000 95.000000 22.000000
V 1121.000000 238.000000 86.000000 30.000000
V 89.500000 203.000000 151.000000 82.000000
V 845.000000 240.000000 102.000000 30.000000
V 1204.500000 193.000000 51.000000 22.000000
V 212.000000 148.000000 96.000000 22.000000
V 304.500000 285.000000 41.000000 30.000000
V 213.000000 239.000000 12.000000 12.000000
E 0 8
E 11 0
E 1 9
E 2 19
E 3 10
E 4 10
E 5 6
E 5 7
E 13 5
E 16 5
E 9 6
E 10 6
E 8 9
E 12 9
E 9 15
E 10 13
E 15 10
E 19 11
E 14 19
E 17 19
E 19 18
G R-HSA-8853659.sbgn 40 40
V 934.500000 60.500000 107.000000 49.000000
V 1480.500000 68.500000 43.000000 23.000000
V 773.000000 136.000000 38.000000 30.000000
V 1256.000000 436.000000 112.000000 22.000000
V 1437.500000 502.000000 43.000000 22.000000
V 1576.000000 5.000000 10.000000 10.000000
V 1038.500000 125.000000 101.000000 26.000000
V 882.000000 137.000000 40.000000 30.000000
V 1349.500000 66.500000 131.000000 65.000000
V 1535.000000 393.000000 10.000000 10.000000
V 1201.000000 166.000000 10.000000 10.000000
V 1448.000000 239.000000 10.000000 10.000000
V 676.000000 20.000000 10.000000 10.000000
V 351.500000 714.500000 109.000000 51.000000
V 2205.000000 513.000000 10.000000 10.000000
V 829.000000 96.000000 12.000000 12.000000
V 1903.000000 498.000000 94.000000 22.000000
V 2249.500000 394.000000 133.000000 70.000000
V 276.000000 556.000000 38.000000 30.000000
V 2250.500000 239.000000 117.000000 50.000000
V 1843.000000 675.000000 10.000000 10.000000
V 2247.000000 676.000000 128.000000 56.000000
V 396.000000 618.000000 78.000000 60.000000
V 314.000000 617.000000 12.000000 12.000000
V 1098.000000 83.000000 10.000000 10.000000
V 1210.500000 359.500000 53.000000 23.000000
V 1994.500000 73.000000 117.000000 50.000000
V 2241.000000 589.500000 144.000000 67.000000
V 1097.000000 201.500000 122.000000 37.000000
V 265.000000 686.000000 40.000000 30.000000
V 1582.000000 470.000000 10.000000 10.000000
V 2159.000000 69.000000 116.000000 62.000000
V 1630.500000 68.000000 117.000000 50.000000
V 1802.500000 68.000000 121.000000 62.000000
V 2238.000000 314.000000 12.000000 12.000000
V 1151.000000 283.500000 86.000000 29.000000
V 607.000000 64.500000 100.000000 47.000000
V 1184.000000 63.000000 130.000000 50.000000
V 737.500000 67.000000 117.000000 36.000000
V 1496.000000 314.000000 10.000000 10.000000
E 0 5
E 0 9
E 0 10
E 0 11
E 15 0
E 0 20
E 0 24
E 0 30
E 0 39
E 1 5
E 2 15
E 3 9
E 4 30
E 5 32
E 6 24
E 15 7
E 10 8
E 9 31
E 28 10
E 11 33
E 35 11
E 36 12
E 12 38
E 23 13
E 16 14
E 17 14
E 14 27
E 38 15
E 16 20
E 34 17
E 18 23
E 30 19
E 19 34
E 20 21
E 22 23
E 23 29
E 38 23
E 24 37
E 25 39
E 39 26
G R-HSA-8853884.sbgn 40 45
V 849.000000 261.000000 10.000000 10.000000
V 1806.000000 458.000000 50.000000 22.000000
V 1314.000000 438.000000 12.000000 12.000000
V 1319.500000 321.500000 123.000000 41.000000
V 215.500000 490.000000 121.000000 78.000000
V 1018.000000 267.000000 10.000000 10.000000
V 1231.000000 217.500000 52.000000 23.000000
V 937.000000 406.000000 108.000000 36.000000
V 542.000000 430.500000 54.000000 51.000000
V 741.000000 144.000000 12.000000 12.000000
V 88.000000 578.500000 92.000000 23.000000
V 683.000000 347.000000 58.000000 22.000000
V 737.500000 18.000000 63.000000 24.000000
V 1151.000000 386.000000 132.000000 36.000000
V 1317.500000 245.000000 63.000000 26.000000
V 500.500000 241.500000 97.000000 51.000000
V 170.000000 410.000000 10.000000 10.000000
V 931.000000 482.000000 12.000000 12.000000
V 1129.000000 210.000000 12.000000 12.000000
V 507.500000 501.000000 125.000000 36.000000
V 676.000000 237.500000 80.000000 51.000000
V 415.000000 205.000000 12.000000 12.000000
V 1153.500000 455.500000 85.000000 51.000000
V 1127.000000 268.000000 118.000000 22.000000
V 1110.500000 599.000000 99.000000 36.000000
V 247.500000 374.500000 129.000000 47.000000
V 711.000000 532.000000 10.000000 10.000000
V 787.000000 505.000000 120.000000 22.000000
V 919.000000 238.500000 72.000000 51.000000
V 89.000000 485.000000 12.000000 12.000000
V 869.000000 148.000000 130.000000 26.000000
V 1160.000000 314.000000 12.000000 12.000000
V 541.000000 570.500000 120.000000 37.000000
V 418.500000 331.000000 115.000000 36.000000
V 96.000000 220.000000 118.000000 38.000000
V 208.500000 288.000000 121.000000 36.000000
V 1956.500000 505.000000 27.000000 22.000000
V 583.000000 323.000000 10.000000 10.000000
V 766.000000 383.000000 10.000000 10.000000
V 885.000000 574.000000 242.000000 28.000000
E 11 0
E 20 0
E 0 30
E 2 1
E 3 2
E 13 2
E 22 2
E 31 3
E 16 4
E 4 29
E 11 5
E 5 23
E 28 5
E 18 6
E 7 17
E 38 7
E 8 17
E 8 26
E 8 38
E 9 12
E 20 9
E 30 9
E 29 10
E 11 31
E 11 37
E 11 38
E 13 31
E 31 14
E 15 21
E 15 37
E 25 16
E 35 16
E 24 17
E 27 17
E 17 36
E 39 17
E 23 18
E 28 18
E 19 26
E 33 21
E 21 34
E 32 26
E 26 39
E 34 29
E 37 33
G R-HSA-8866376.sbgn 15 14
V 104.000000 66.000000 10.000000 10.000000
V 30.000000 66.000000 46.000000 22.000000
V 728.000000 156.500000 44.000000 23.000000
V 642.500000 158.000000 39.000000 30.000000
V 498.000000 66.000000 10.000000 10.000000
V 584.000000 66.000000 118.000000 36.000000
V 888.000000 66.500000 106.000000 49.000000
V 232.500000 119.000000 47.000000 22.000000
V 185.000000 66.000000 80.000000 22.000000
V 729.000000 115.000000 12.000000 12.000000
V 839.500000 162.000000 39.000000 30.000000
V 58.500000 17.000000 39.000000 22.000000
V 285.000000 66.000000 10.000000 10.000000
V 455.000000 119.000000 62.000000 22.000000
V 383.500000 66.000000 87.000000 36.000000
E 1 0
E 0 8
E 11 0
E 2 9
E 3 9
E 4 5
E 13 4
E 14 4
E 5 9
E 9 6
E 7 12
E 8 12
E 9 10
E 12 14
G R-HSA-8866654.sbgn 16 22
V 909.000000 1031.500000 240.000000 21.000000
V 966.000000 1106.000000 134.000000 26.000000
V 852.500000 966.000000 53.000000 22.000000
V 1033.000000 1000.000000 10.000000 10.000000
V 857.500000 998.000000 109.000000 20.000000
V 1457.500000 1041.000000 131.000000 38.000000
V 1034.000000 1057.000000 10.000000 10.000000
V 1277.000000 957.000000 12.000000 12.000000
V 854.500000 1062.500000 103.000000 25.000000
V 837.500000 1102.500000 61.000000 23.000000
V 1478.500000 1136.000000 129.000000 24.000000
V 1202.500000 1056.000000 235.000000 34.000000
V 962.500000 958.000000 139.000000 24.000000
V 1481.500000 939.000000 115.000000 24.000000
V 1270.000000 1107.000000 12.000000 12.000000
V 1198.000000 1001.500000 230.000000 31.000000
E 0 3
E 0 6
E 1 6
E 1 14
E 2 3
E 7 2
E 4 3
E 12 3
E 3 15
E 7 4
E 7 5
E 14 5
E 8 6
E 9 6
E 6 11
E 12 7
E 7 13
E 15 7
E 14 8
E 14 9
E 14 10
E 11 14
G R-HSA-8873719.sbgn 18 19
V 471.000000 363.000000 110.000000 58.000000
V 155.500000 302.000000 117.000000 22.000000
V 853.500000 261.000000 117.000000 36.000000
V 634.000000 263.000000 130.000000 36.000000
V 300.000000 266.000000 10.000000 10.000000
V 762.000000 262.000000 10.000000 10.000000
V 329.000000 179.000000 116.000000 36.000000
V 1095.000000 181.000000 100.000000 36.000000
V 143.000000 138.000000 92.000000 36.000000
V 542.000000 267.000000 10.000000 10.000000
V 998.000000 259.000000 12.000000 12.000000
V 408.000000 267.000000 130.000000 36.000000
V 240.000000 181.000000 10.000000 10.000000
V 1124.500000 257.500000 83.000000 41.000000
V 149.000000 253.000000 116.000000 22.000000
V 695.500000 320.000000 77.000000 28.000000
V 462.500000 209.000000 93.000000 22.000000
V 1073.000000 318.500000 34.000000 31.000000
E 0 9
E 0 10
E 1 4
E 5 2
E 2 10
E 3 5
E 9 3
E 6 4
E 4 11
E 14 4
E 15 5
E 12 6
E 10 7
E 8 12
E 11 9
E 16 9
E 10 13
E 10 17
E 14 12
G R-HSA-8876198.sbgn 40 42
V 983.500000 669.500000 93.000000 39.000000
V 733.000000 897.000000 72.000000 22.000000
V 699.000000 742.500000 90.000000 33.000000
V 546.500000 789.000000 105.000000 36.000000
V 459.500000 328.500000 63.000000 25.000000
V 571.000000 727.500000 54.000000 33.000000
V 749.000000 1003.000000 12.000000 12.000000
V 660.000000 406.500000 90.000000 33.000000
V 789.500000 211.500000 85.000000 25.000000
V 571.000000 338.000000 12.000000 12.000000
V 994.000000 576.500000 94.000000 33.000000
V 775.000000 709.000000 50.000000 38.000000
V 506.000000 651.000000 124.000000 36.000000
V 409.500000 217.000000 109.000000 36.000000
V 1077.000000 405.000000 82.000000 22.000000
V 679.000000 625.000000 12.000000 12.000000
V 1068.000000 495.000000 50.000000 38.000000
V 1086.000000 348.000000 120.000000 36.000000
V 639.000000 262.000000 50.000000 38.000000
V 1056.000000 745.000000 124.000000 22.000000
V 537.000000 236.500000 54.000000 33.000000
V 652.000000 1005.000000 106.000000 36.000000
V 491.000000 82.000000 114.000000 36.000000
V 686.500000 669.000000 73.000000 24.000000
V 691.500000 307.000000 93.000000 34.000000
V 854.000000 669.500000 90.000000 39.000000
V 686.000000 530.000000 80.000000 22.000000
V 801.000000 930.000000 50.000000 38.000000
V 697.000000 212.000000 12.000000 12.000000
V 902.000000 506.000000 114.000000 30.000000
V 942.000000 380.000000 12.000000 12.000000
V 688.000000 575.000000 12.000000 12.000000
V 932.500000 994.000000 101.000000 34.000000
V 694.000000 794.000000 12.000000 12.000000
V 543.000000 573.000000 114.000000 36.000000
V 785.000000 402.500000 92.000000 35.000000
V 688.000000 952.500000 54.000000 33.000000
V 948.000000 304.500000 54.000000 33.000000
V 620.000000 79.500000 54.000000 33.000000
V 513.000000 460.000000 50.000000 38.000000
E 33 0
E 1 6
E 2 33
E 3 33
E 4 9
E 5 15
E 5 31
E 5 33
E 6 19
E 21 6
E 6 27
E 6 32
E 36 6
E 9 7
E 8 28
E 13 9
E 20 9
E 9 29
E 9 39
E 31 10
E 15 11
E 33 11
E 12 15
E 14 30
E 15 19
E 23 15
E 15 25
E 30 16
E 31 16
E 17 30
E 28 18
E 33 19
E 22 28
E 28 24
E 26 31
E 28 29
E 38 28
E 30 29
E 31 29
E 30 35
E 37 30
E 34 31
G R-HSA-8876725.sbgn 15 15
V 171.000000 159.000000 12.000000 12.000000
V 93.000000 114.000000 78.000000 30.000000
V 95.500000 403.000000 69.000000 30.000000
V 264.000000 200.000000 106.000000 36.000000
V 169.500000 68.500000 71.000000 23.000000
V 185.000000 447.000000 12.000000 12.000000
V 275.500000 310.000000 113.000000 36.000000
V 288.000000 481.000000 104.000000 36.000000
V 254.000000 108.500000 62.000000 29.000000
V 86.500000 205.000000 67.000000 22.000000
V 124.500000 481.000000 59.000000 20.000000
V 188.000000 351.000000 12.000000 12.000000
V 189.000000 267.000000 76.000000 20.000000
V 290.000000 396.500000 74.000000 31.000000
V 185.000000 529.500000 70.000000 21.000000
E 1 0
E 0 3
E 4 0
E 0 8
E 9 0
E 2 5
E 2 11
E 5 7
E 10 5
E 5 13
E 14 5
E 11 6
E 9 11
E 12 11
E 11 13
G R-HSA-8935690.sbgn 38 53
V 526.000000 403.000000 90.000000 22.000000
V 718.000000 652.000000 12.000000 12.000000
V 517.000000 215.000000 90.000000 22.000000
V 701.000000 460.000000 12.000000 12.000000
V 640.500000 393.000000 41.000000 30.000000
V 684.500000 582.000000 41.000000 30.000000
V 753.500000 615.000000 41.000000 30.000000
V 1073.500000 503.000000 37.000000 30.000000
V 533.000000 597.000000 74.000000 22.000000
V 817.500000 407.000000 45.000000 30.000000
V 516.500000 56.000000 123.000000 36.000000
V 760.500000 800.000000 103.000000 44.000000
V 858.500000 119.000000 41.000000 30.000000
V 756.000000 512.000000 12.000000 12.000000
V 523.500000 462.000000 123.000000 36.000000
V 785.000000 172.000000 12.000000 12.000000
V 671.000000 323.000000 12.000000 12.000000
V 756.500000 392.000000 41.000000 30.000000
V 1073.500000 373.000000 37.000000 30.000000
V 1073.500000 444.000000 37.000000 30.000000
V 768.500000 98.500000 85.000000 37.000000
V 536.500000 724.000000 127.000000 64.000000
V 697.500000 49.000000 103.000000 30.000000
V 673.500000 678.000000 41.000000 30.000000
V 863.000000 173.500000 68.000000 31.000000
V 698.000000 110.000000 12.000000 12.000000
V 633.500000 243.000000 41.000000 30.000000
V 816.000000 461.000000 12.000000 12.000000
V 604.000000 269.000000 12.000000 12.000000
V 616.500000 63.000000 41.000000 30.000000
V 760.000000 740.000000 12.000000 12.000000
V 949.000000 174.000000 12.000000 12.000000
V 751.000000 553.000000 12.000000 12.000000
V 718.500000 714.000000 41.000000 30.000000
V 518.500000 277.000000 123.000000 36.000000
V 679.500000 763.000000 41.000000 30.000000
V 647.000000 183.000000 90.000000 30.000000
V 950.500000 101.000000 99.000000 36.000000
E 0 3
E 1 7
E 8 1
E 1 18
E 23 1
E 33 1
E 2 28
E 4 3
E 17 3
E 3 18
E 4 13
E 4 27
E 5 32
E 6 32
E 9 27
E 10 25
E 11 30
E 12 15
E 12 31
E 14 13
E 17 13
E 13 18
E 14 27
E 14 32
E 15 17
E 20 15
E 24 15
E 15 36
E 16 17
E 16 18
E 26 16
E 34 16
E 36 16
E 25 17
E 28 17
E 31 17
E 25 18
E 27 18
E 28 18
E 30 18
E 32 18
E 32 19
E 21 30
E 22 25
E 31 22
E 24 31
E 29 25
E 25 36
E 26 28
E 36 28
E 35 30
E 31 36
E 37 31
G R-HSA-8937144.sbgn 15 14
V 733.500000 279.500000 55.000000 29.000000
V 267.000000 178.000000 12.000000 12.000000
V 889.000000 241.000000 76.000000 36.000000
V 738.500000 354.000000 55.000000 22.000000
V 875.000000 325.500000 46.000000 37.000000
V 803.000000 324.000000 12.000000 12.000000
V 363.500000 179.000000 97.000000 50.000000
V 723.500000 127.000000 89.000000 38.000000
V 718.000000 215.000000 72.000000 22.000000
V 549.500000 179.000000 95.000000 52.000000
V 806.000000 241.000000 12.000000 12.000000
V 446.000000 179.000000 12.000000 12.000000
V 645.000000 177.000000 12.000000 12.000000
V 149.000000 219.000000 94.000000 50.000000
V 157.500000 133.000000 43.000000 30.000000
E 0 5
E 0 10
E 1 6
E 13 1
E 14 1
E 10 2
E 3 5
E 5 4
E 6 11
E 12 7
E 8 10
E 12 8
E 11 9
E 9 12
G R-HSA-8941413.sbgn 34 43
V 226.500000 736.000000 49.000000 30.000000
V 614.000000 336.000000 12.000000 12.000000
V 783.500000 461.000000 117.000000 22.000000
V 720.000000 522.000000 40.000000 30.000000
V 466.000000 395.000000 12.000000 12.000000
V 918.500000 462.000000 121.000000 22.000000
V 893.500000 564.000000 125.000000 22.000000
V 195.500000 334.000000 37.000000 30.000000
V 158.000000 723.000000 44.000000 30.000000
V 775.000000 369.000000 44.000000 30.000000
V 559.000000 496.000000 44.000000 30.000000
V 428.000000 359.000000 34.000000 30.000000
V 649.000000 534.000000 12.000000 12.000000
V 738.500000 561.000000 125.000000 22.000000
V 458.000000 455.000000 12.000000 12.000000
V 236.000000 518.000000 52.000000 30.000000
V 688.500000 431.000000 113.000000 22.000000
V 582.500000 381.000000 49.000000 30.000000
V 552.000000 417.000000 44.000000 30.000000
V 295.000000 302.000000 52.000000 30.000000
V 827.000000 536.000000 12.000000 12.000000
V 481.000000 508.000000 102.000000 22.000000
V 168.000000 629.000000 34.000000 30.000000
V 882.500000 381.000000 37.000000 30.000000
V 921.000000 414.000000 34.000000 30.000000
V 579.500000 563.000000 121.000000 22.000000
V 474.000000 627.000000 80.000000 22.000000
V 205.000000 667.000000 12.000000 12.000000
V 845.500000 336.000000 97.000000 30.000000
V 320.000000 616.000000 106.000000 50.000000
V 899.000000 520.000000 40.000000 30.000000
V 422.000000 591.000000 12.000000 12.000000
V 736.000000 402.000000 12.000000 12.000000
V 822.000000 403.000000 12.000000 12.000000
E 27 0
E 7 1
E 1 9
E 17 1
E 19 1
E 1 28
E 32 2
E 2 33
E 12 3
E 7 4
E 11 4
E 15 4
E 4 17
E 4 18
E 21 4
E 33 5
E 20 6
E 7 14
E 7 27
E 27 8
E 32 9
E 9 33
E 14 10
E 12 13
E 17 12
E 25 12
E 13 20
E 15 14
E 14 18
E 19 14
E 21 14
E 15 27
E 16 32
E 17 20
E 17 32
E 20 30
E 21 31
E 22 27
E 33 23
E 33 24
E 26 31
E 29 27
E 31 29
G R-HSA-8949215.sbgn 18 21
V 305.500000 251.500000 67.000000 45.000000
V 457.500000 215.500000 73.000000 35.000000
V 429.000000 315.000000 72.000000 36.000000
V 456.000000 257.000000 12.000000 12.000000
V 596.500000 345.000000 47.000000 32.000000
V 329.000000 60.000000 46.000000 32.000000
V 118.000000 153.000000 44.000000 30.000000
V 361.000000 284.500000 44.000000 31.000000
V 58.500000 254.500000 71.000000 45.000000
V 596.500000 129.500000 45.000000 33.000000
V 241.000000 109.000000 12.000000 12.000000
V 494.000000 88.000000 12.000000 12.000000
V 640.500000 285.000000 63.000000 36.000000
V 488.000000 310.000000 12.000000 12.000000
V 202.000000 250.000000 12.000000 12.000000
V 423.500000 86.500000 65.000000 27.000000
V 202.000000 203.500000 74.000000 31.000000
V 187.500000 107.000000 61.000000 34.000000
E 0 3
E 0 10
E 11 0
E 13 0
E 14 0
E 1 3
E 2 13
E 3 12
E 13 4
E 10 5
E 5 11
E 6 10
E 7 13
E 10 8
E 8 14
E 11 9
E 17 10
E 12 11
E 15 11
E 12 13
E 16 14
G R-HSA-8949664.sbgn 17 18
V 485.000000 235.000000 62.000000 52.000000
V 343.500000 230.000000 97.000000 50.000000
V 334.000000 160.000000 12.000000 12.000000
V 537.500000 138.000000 51.000000 22.000000
V 535.000000 74.000000 12.000000 12.000000
V 634.500000 60.000000 59.000000 22.000000
V 692.000000 98.000000 36.000000 22.000000
V 236.000000 103.000000 10.000000 10.000000
V 645.500000 262.500000 153.000000 27.000000
V 576.000000 97.000000 46.000000 22.000000
V 693.000000 143.000000 44.000000 22.000000
V 632.000000 207.000000 10.000000 10.000000
V 68.000000 47.500000 78.000000 27.000000
V 69.000000 124.000000 12.000000 12.000000
V 133.000000 126.000000 66.000000 52.000000
V 241.500000 159.500000 121.000000 51.000000
V 340.500000 49.500000 117.000000 33.000000
E 2 0
E 1 2
E 2 3
E 15 2
E 2 16
E 3 4
E 3 11
E 16 4
E 5 11
E 6 11
E 12 7
E 7 15
E 16 7
E 11 8
E 9 11
E 10 11
E 12 13
E 14 13
G R-HSA-8955332.sbgn 26 38
V 210.000000 307.000000 40.000000 30.000000
V 344.000000 197.000000 12.000000 12.000000
V 147.000000 103.000000 50.000000 30.000000
V 318.500000 38.000000 105.000000 36.000000
V 159.500000 265.000000 35.000000 30.000000
V 367.500000 300.000000 89.000000 36.000000
V 343.000000 513.000000 12.000000 12.000000
V 483.500000 541.000000 41.000000 30.000000
V 266.000000 96.000000 40.000000 22.000000
V 458.500000 104.000000 43.000000 30.000000
V 626.000000 240.000000 96.000000 36.000000
V 516.000000 419.000000 98.000000 38.000000
V 73.500000 186.500000 81.000000 19.000000
V 249.500000 459.000000 47.000000 30.000000
V 343.500000 560.000000 123.000000 22.000000
V 330.000000 419.000000 12.000000 12.000000
V 267.000000 153.000000 12.000000 12.000000
V 366.000000 239.000000 12.000000 12.000000
V 390.000000 77.000000 44.000000 22.000000
V 428.000000 463.000000 40.000000 30.000000
V 330.500000 362.000000 31.000000 22.000000
V 500.000000 308.000000 40.000000 30.000000
V 321.000000 176.000000 12.000000 12.000000
V 165.500000 419.500000 87.000000 53.000000
V 603.500000 179.000000 113.000000 36.000000
V 447.500000 333.000000 27.000000 30.000000
E 0 1
E 0 15
E 0 17
E 0 22
E 2 1
E 12 1
E 18 1
E 1 21
E 1 24
E 1 25
E 16 2
E 2 22
E 3 22
E 4 17
E 5 17
E 7 6
E 11 6
E 6 13
E 14 6
E 6 23
E 8 16
E 9 16
E 17 10
E 15 11
E 16 12
E 12 17
E 12 22
E 13 15
E 15 19
E 20 15
E 23 15
E 15 25
E 24 16
E 17 21
E 17 25
E 22 21
E 22 24
E 22 25
G R-HSA-8956321.sbgn 25 28
V 321.500000 168.000000 53.000000 38.000000
V 454.500000 168.500000 69.000000 33.000000
V 392.500000 93.000000 67.000000 30.000000
V 392.000000 172.000000 12.000000 12.000000
V 299.000000 384.000000 12.000000 12.000000
V 324.000000 225.500000 34.000000 31.000000
V 254.000000 334.000000 32.000000 30.000000
V 372.500000 385.500000 71.000000 39.000000
V 264.000000 169.000000 12.000000 12.000000
V 204.000000 391.000000 12.000000 12.000000
V 142.000000 348.000000 32.000000 30.000000
V 141.500000 392.500000 61.000000 35.000000
V 143.500000 306.500000 43.000000 31.000000
V 82.000000 392.000000 12.000000 12.000000
V 169.000000 459.500000 90.000000 31.000000
V 298.000000 283.000000 44.000000 30.000000
V 321.000000 122.000000 48.000000 30.000000
V 426.000000 249.000000 68.000000 22.000000
V 345.000000 458.500000 56.000000 31.000000
V 345.500000 325.500000 43.000000 31.000000
V 66.000000 455.500000 68.000000 31.000000
V 263.000000 109.000000 40.000000 30.000000
V 76.000000 280.000000 92.000000 50.000000
V 261.500000 456.500000 37.000000 31.000000
V 215.500000 280.500000 85.000000 53.000000
E 0 8
E 1 3
E 2 3
E 3 5
E 16 3
E 3 17
E 6 4
E 7 4
E 15 4
E 4 18
E 19 4
E 4 23
E 8 5
E 8 15
E 16 8
E 21 8
E 10 9
E 11 9
E 12 9
E 9 14
E 9 23
E 24 9
E 10 13
E 11 13
E 12 13
E 13 14
E 13 20
E 22 13
G R-HSA-8985947.sbgn 31 32
V 301.000000 113.000000 34.000000 22.000000
V 303.500000 225.000000 37.000000 22.000000
V 221.000000 17.000000 26.000000 22.000000
V 580.000000 187.000000 40.000000 30.000000
V 457.000000 160.000000 12.000000 12.000000
V 1222.000000 259.000000 12.000000 12.000000
V 1032.500000 115.000000 127.000000 78.000000
V 67.000000 282.000000 94.000000 22.000000
V 399.500000 110.000000 129.000000 36.000000
V 1075.000000 203.000000 40.000000 30.000000
V 899.000000 129.000000 10.000000 10.000000
V 67.500000 118.000000 43.000000 22.000000
V 1122.000000 169.000000 12.000000 12.000000
V 510.500000 214.000000 41.000000 30.000000
V 126.000000 146.000000 10.000000 10.000000
V 67.500000 170.000000 37.000000 22.000000
V 1238.500000 114.000000 127.000000 92.000000
V 804.500000 180.000000 45.000000 22.000000
V 633.000000 155.000000 12.000000 12.000000
V 170.000000 223.000000 126.000000 22.000000
V 240.000000 165.000000 10.000000 10.000000
V 695.500000 187.000000 41.000000 30.000000
V 554.000000 113.000000 128.000000 50.000000
V 147.500000 114.000000 75.000000 22.000000
V 316.000000 62.000000 10.000000 10.000000
V 720.500000 114.000000 127.000000 50.000000
V 1195.500000 204.000000 41.000000 30.000000
V 241.000000 117.000000 66.000000 22.000000
V 390.000000 199.000000 40.000000 30.000000
V 483.500000 349.000000 119.000000 64.000000
V 85.000000 225.000000 10.000000 10.000000
E 0 20
E 1 20
E 2 24
E 3 18
E 8 4
E 4 13
E 4 22
E 28 4
E 16 5
E 5 25
E 5 29
E 10 6
E 6 12
E 7 30
E 24 8
E 9 12
E 17 10
E 25 10
E 11 14
E 12 16
E 12 26
E 15 14
E 19 14
E 14 23
E 15 30
E 18 21
E 22 18
E 18 25
E 30 19
E 20 27
E 23 24
E 27 24
G R-HSA-9027604.sbgn 26 27
V 180.000000 963.500000 54.000000 35.000000
V 689.000000 897.000000 82.000000 30.000000
V 333.000000 1016.000000 12.000000 12.000000
V 268.000000 1016.000000 50.000000 30.000000
V 396.500000 862.000000 59.000000 30.000000
V 597.500000 937.000000 35.000000 30.000000
V 672.500000 1056.000000 43.000000 30.000000
V 471.000000 1016.000000 12.000000 12.000000
V 619.000000 1016.000000 12.000000 12.000000
V 214.000000 858.000000 48.000000 22.000000
V 1059.000000 1008.000000 76.000000 30.000000
V 931.000000 941.000000 12.000000 12.000000
V 1060.000000 897.000000 82.000000 30.000000
V 492.500000 843.000000 57.000000 22.000000
V 379.500000 1055.000000 43.000000 30.000000
V 728.000000 1017.000000 76.000000 30.000000
V 214.000000 901.000000 12.000000 12.000000
V 491.000000 899.000000 12.000000 12.000000
V 115.000000 955.000000 34.000000 30.000000
V 931.000000 866.500000 74.000000 23.000000
V 602.500000 857.000000 59.000000 30.000000
V 416.500000 1017.000000 45.000000 30.000000
V 342.000000 901.000000 60.000000 30.000000
V 43.000000 955.000000 38.000000 30.000000
V 545.500000 1018.000000 75.000000 30.000000
V 181.000000 1016.000000 12.000000 12.000000
E 0 25
E 1 11
E 17 1
E 3 2
E 2 14
E 2 21
E 25 3
E 4 17
E 17 5
E 8 6
E 21 7
E 7 24
E 8 15
E 24 8
E 9 16
E 11 10
E 11 12
E 15 11
E 19 11
E 13 17
E 18 16
E 16 22
E 23 16
E 17 20
E 22 17
E 18 25
E 23 25
G R-HSA-9033500.sbgn 35 34
V 496.500000 180.000000 119.000000 24.000000
V 527.000000 327.500000 116.000000 23.000000
V 491.500000 142.000000 105.000000 24.000000
V 529.500000 231.000000 91.000000 26.000000
V 341.000000 332.500000 46.000000 35.000000
V 76.000000 474.500000 112.000000 27.000000
V 499.000000 429.500000 46.000000 23.000000
V 429.000000 442.000000 12.000000 12.000000
V 317.000000 271.500000 94.000000 23.000000
V 359.000000 423.500000 50.000000 31.000000
V 364.000000 466.500000 94.000000 25.000000
V 221.500000 523.000000 43.000000 30.000000
V 433.000000 246.000000 12.000000 12.000000
V 486.500000 471.500000 87.000000 25.000000
V 532.000000 368.500000 100.000000 23.000000
V 379.500000 570.500000 137.000000 25.000000
V 330.000000 376.000000 50.000000 26.000000
V 93.500000 29.500000 73.000000 27.000000
V 281.000000 136.500000 48.000000 31.000000
V 184.500000 559.000000 121.000000 24.000000
V 439.500000 52.000000 51.000000 26.000000
V 472.000000 90.500000 92.000000 27.000000
V 38.500000 138.000000 43.000000 30.000000
V 150.000000 441.000000 118.000000 28.000000
V 282.000000 546.000000 12.000000 12.000000
V 522.000000 273.000000 56.000000 24.000000
V 359.000000 72.000000 12.000000 12.000000
V 304.500000 50.000000 51.000000 30.000000
V 418.000000 350.000000 12.000000 12.000000
V 368.000000 156.000000 12.000000 12.000000
V 262.500000 87.000000 99.000000 28.000000
V 327.000000 231.500000 48.000000 31.000000
V 391.000000 531.500000 124.000000 25.000000
V 274.500000 176.000000 57.000000 24.000000
V 75.000000 269.000000 12.000000 12.000000
E 29 0
E 28 1
E 29 2
E 12 3
E 4 28
E 34 5
E 7 6
E 9 7
E 10 7
E 7 13
E 17 7
E 8 12
E 11 24
E 17 12
E 12 25
E 31 12
E 28 14
E 24 15
E 16 28
E 17 24
E 17 26
E 17 28
E 17 29
E 17 34
E 18 29
E 19 24
E 26 20
E 26 21
E 22 34
E 34 23
E 24 32
E 27 26
E 30 26
E 33 29
G R-HSA-917729.sbgn 22 23
V 346.500000 124.000000 105.000000 36.000000
V 834.500000 139.000000 51.000000 22.000000
V 404.000000 160.000000 12.000000 12.000000
V 542.000000 255.000000 12.000000 12.000000
V 427.500000 24.000000 61.000000 22.000000
V 841.500000 173.000000 51.000000 22.000000
V 659.000000 261.000000 12.000000 12.000000
V 754.500000 109.000000 41.000000 30.000000
V 583.500000 28.000000 59.000000 22.000000
V 677.000000 340.000000 40.000000 30.000000
V 773.500000 272.000000 51.000000 22.000000
V 483.000000 187.000000 12.000000 12.000000
V 365.500000 256.000000 103.000000 36.000000
V 837.500000 245.000000 51.000000 22.000000
V 647.500000 123.000000 115.000000 64.000000
V 492.000000 341.000000 62.000000 22.000000
V 499.000000 60.000000 100.000000 36.000000
V 350.000000 205.000000 56.000000 22.000000
V 845.500000 209.000000 51.000000 22.000000
V 724.000000 305.000000 64.000000 22.000000
V 819.500000 91.000000 27.000000 30.000000
V 594.000000 326.000000 106.000000 36.000000
E 0 2
E 6 1
E 2 4
E 2 16
E 17 2
E 3 8
E 12 3
E 15 3
E 3 21
E 6 5
E 6 7
E 9 6
E 6 10
E 6 13
E 6 14
E 6 18
E 19 6
E 6 20
E 21 6
E 8 11
E 11 12
E 16 11
E 11 17
G R-HSA-927802.sbgn 27 31
V 507.500000 989.000000 99.000000 38.000000
V 331.500000 596.000000 61.000000 24.000000
V 189.500000 374.500000 39.000000 29.000000
V 355.000000 413.000000 12.000000 12.000000
V 153.500000 637.000000 59.000000 26.000000
V 259.500000 146.500000 289.000000 45.000000
V 198.000000 474.500000 40.000000 29.000000
V 194.500000 214.500000 191.000000 27.000000
V 217.500000 1131.500000 101.000000 29.000000
V 322.000000 1000.000000 12.000000 12.000000
V 257.500000 595.500000 57.000000 27.000000
V 280.000000 847.000000 12.000000 12.000000
V 373.000000 331.500000 260.000000 29.000000
V 372.000000 283.000000 10.000000 10.000000
V 286.500000 790.000000 249.000000 44.000000
V 280.000000 890.500000 170.000000 31.000000
V 450.000000 515.500000 334.000000 29.000000
V 898.000000 163.000000 290.000000 50.000000
V 346.500000 1135.000000 107.000000 26.000000
V 532.500000 1136.000000 201.000000 28.000000
V 642.500000 115.500000 101.000000 21.000000
V 146.500000 681.000000 57.000000 24.000000
V 875.500000 652.500000 185.000000 39.000000
V 570.000000 695.500000 126.000000 41.000000
V 299.000000 729.000000 12.000000 12.000000
V 180.000000 596.000000 66.000000 26.000000
V 876.000000 450.000000 10.000000 10.000000
E 0 9
E 1 24
E 2 3
E 3 6
E 12 3
E 3 16
E 9 4
E 4 24
E 5 13
E 7 13
E 9 8
E 15 9
E 9 18
E 9 19
E 9 20
E 9 21
E 23 9
E 9 25
E 10 24
E 14 11
E 11 15
E 13 12
E 20 13
E 24 14
E 16 24
E 17 26
E 20 26
E 21 24
E 26 22
E 23 24
E 25 24
G R-HSA-9603798.sbgn 16 20
V 188.000000 346.000000 10.000000 10.000000
V 377.000000 221.000000 10.000000 10.000000
V 371.500000 102.500000 55.000000 27.000000
V 241.500000 99.000000 137.000000 26.000000
V 118.000000 377.000000 54.000000 28.000000
V 394.000000 447.500000 144.000000 29.000000
V 311.000000 154.000000 10.000000 10.000000
V 314.000000 410.000000 10.000000 10.000000
V 275.000000 344.000000 98.000000 26.000000
V 391.000000 483.000000 10.000000 10.000000
V 135.000000 99.000000 10.000000 10.000000
V 95.500000 52.500000 147.000000 43.000000
V 72.000000 268.000000 66.000000 34.000000
V 373.500000 183.500000 169.000000 27.000000
V 417.000000 309.500000 150.000000 41.000000
V 374.500000 361.000000 61.000000 30.000000
E 4 0
E 0 8
E 12 0
E 1 2
E 1 12
E 13 1
E 1 14
E 2 6
E 9 2
E 3 6
E 10 3
E 7 5
E 5 9
E 6 13
E 8 7
E 15 7
E 9 12
E 9 15
E 11 10
E 12 10
G R-HSA-9609523.sbgn 24 29
V 204.500000 433.000000 141.000000 38.000000
V 637.000000 53.500000 210.000000 23.000000
V 105.000000 356.000000 156.000000 38.000000
V 211.000000 268.000000 10.000000 10.000000
V 287.000000 391.000000 26.000000 30.000000
V 603.000000 129.000000 10.000000 10.000000
V 207.000000 137.000000 10.000000 10.000000
V 605.000000 259.000000 10.000000 10.000000
V 382.500000 29.500000 103.000000 25.000000
V 620.500000 313.500000 245.000000 43.000000
V 212.000000 312.000000 214.000000 38.000000
V 209.000000 200.000000 232.000000 26.000000
V 591.000000 523.500000 162.000000 35.000000
V 452.000000 509.000000 10.000000 10.000000
V 318.500000 511.000000 173.000000 38.000000
V 367.000000 254.000000 132.000000 24.000000
V 522.000000 458.000000 42.000000 30.000000
V 491.500000 217.000000 133.000000 24.000000
V 603.500000 167.500000 295.000000 29.000000
V 240.000000 477.000000 10.000000 10.000000
V 386.000000 457.000000 40.000000 30.000000
V 166.500000 521.000000 93.000000 26.000000
V 152.500000 57.500000 167.000000 29.000000
V 209.000000 357.000000 12.000000 12.000000
E 0 19
E 23 0
E 1 5
E 2 23
E 3 10
E 11 3
E 15 3
E 17 3
E 23 4
E 8 5
E 5 18
E 8 6
E 6 11
E 22 6
E 7 9
E 15 7
E 17 7
E 18 7
E 23 8
E 10 23
E 13 12
E 14 13
E 13 16
E 13 17
E 20 13
E 13 21
E 19 14
E 23 15
E 21 19
G R-HSA-9613354.sbgn 16 16
V 603.000000 331.500000 134.000000 37.000000
V 710.500000 444.000000 41.000000 30.000000
V 364.000000 577.000000 12.000000 12.000000
V 447.000000 107.000000 10.000000 10.000000
V 711.000000 170.000000 104.000000 22.000000
V 757.000000 397.000000 168.000000 42.000000
V 292.000000 59.000000 110.000000 22.000000
V 708.000000 351.000000 40.000000 30.000000
V 364.500000 464.000000 111.000000 36.000000
V 286.000000 169.000000 112.000000 50.000000
V 603.000000 276.000000 10.000000 10.000000
V 365.500000 677.000000 99.000000 36.000000
V 502.000000 462.000000 12.000000 12.000000
V 603.000000 464.000000 126.000000 36.000000
V 498.000000 169.000000 128.000000 36.000000
V 603.000000 397.000000 12.000000 12.000000
E 10 0
E 0 15
E 15 1
E 8 2
E 2 11
E 6 3
E 9 3
E 3 14
E 4 10
E 12 4
E 5 15
E 7 15
E 12 8
E 14 10
E 13 12
E 15 13
G R-HSA-9614085.sbgn 39 43
V 1881.000000 718.000000 12.000000 12.000000
V 1486.500000 629.000000 59.000000 36.000000
V 1343.500000 337.000000 49.000000 18.000000
V 1186.000000 652.000000 12.000000 12.000000
V 1888.500000 1011.500000 45.000000 27.000000
V 1352.000000 811.000000 12.000000 12.000000
V 1527.000000 1086.000000 10.000000 10.000000
V 1808.000000 1074.000000 12.000000 12.000000
V 1748.500000 757.000000 63.000000 30.000000
V 1093.500000 736.000000 43.000000 24.000000
V 1594.500000 684.000000 57.000000 34.000000
V 1959.000000 717.000000 56.000000 30.000000
V 1186.000000 786.500000 238.000000 23.000000
V 1789.000000 494.000000 52.000000 22.000000
V 1419.000000 999.000000 12.000000 12.000000
V 1792.000000 691.000000 100.000000 42.000000
V 1586.500000 877.000000 53.000000 22.000000
V 1114.500000 617.000000 43.000000 22.000000
V 1746.500000 620.000000 63.000000 30.000000
V 1160.500000 562.500000 93.000000 33.000000
V 1246.500000 646.000000 47.000000 22.000000
V 1512.500000 523.500000 41.000000 25.000000
V 1720.500000 959.000000 51.000000 22.000000
V 1382.000000 648.000000 12.000000 12.000000
V 1811.000000 756.500000 46.000000 27.000000
V 1407.500000 894.500000 91.000000 27.000000
V 1649.500000 1125.500000 199.000000 29.000000
V 1493.500000 831.000000 63.000000 30.000000
V 1362.500000 715.500000 257.000000 41.000000
V 1353.000000 566.000000 136.000000 36.000000
V 1224.500000 831.000000 63.000000 30.000000
V 1887.000000 1121.500000 46.000000 27.000000
V 1769.500000 866.000000 255.000000 34.000000
V 1816.500000 625.500000 45.000000 27.000000
V 1255.500000 1096.000000 67.000000 34.000000
V 1667.000000 697.000000 12.000000 12.000000
V 1924.000000 1068.000000 42.000000 22.000000
V 1814.000000 924.000000 100.000000 42.000000
V 1351.000000 509.000000 12.000000 12.000000
E 11 0
E 0 13
E 0 15
E 24 0
E 32 0
E 0 33
E 5 1
E 1 23
E 3 2
E 2 38
E 9 3
E 12 3
E 17 3
E 3 19
E 3 20
E 7 4
E 5 25
E 5 27
E 28 5
E 30 5
E 16 6
E 22 6
E 6 34
E 7 22
E 26 7
E 31 7
E 36 7
E 7 37
E 35 8
E 10 35
E 13 35
E 14 16
E 14 26
E 14 27
E 30 14
E 34 14
E 18 35
E 21 35
E 21 38
E 23 28
E 29 23
E 38 29
E 35 32
G R-HSA-9614657.sbgn 22 24
V 702.500000 17.000000 91.000000 22.000000
V 1033.000000 435.500000 68.000000 47.000000
V 773.000000 426.000000 10.000000 10.000000
V 1311.000000 530.500000 48.000000 51.000000
V 1211.500000 620.000000 63.000000 36.000000
V 833.000000 363.500000 148.000000 35.000000
V 1114.000000 414.000000 10.000000 10.000000
V 1050.000000 189.000000 62.000000 22.000000
V 1348.000000 367.000000 12.000000 12.000000
V 1158.500000 336.000000 149.000000 50.000000
V 1349.500000 199.000000 39.000000 22.000000
V 1109.500000 552.000000 133.000000 36.000000
V 1189.000000 482.000000 10.000000 10.000000
V 648.000000 393.500000 76.000000 51.000000
V 1264.500000 427.000000 71.000000 50.000000
V 998.000000 554.000000 10.000000 10.000000
V 869.500000 632.500000 45.000000 23.000000
V 902.000000 716.500000 56.000000 39.000000
V 888.000000 478.500000 78.000000 51.000000
V 1295.500000 300.000000 47.000000 22.000000
V 709.000000 311.000000 12.000000 12.000000
V 1013.000000 357.000000 12.000000 12.000000
E 20 0
E 1 2
E 1 6
E 2 5
E 13 2
E 3 8
E 3 12
E 4 12
E 5 20
E 6 9
E 11 6
E 21 7
E 8 10
E 14 8
E 19 8
E 9 21
E 15 11
E 12 14
E 13 20
E 16 15
E 17 15
E 18 15
E 18 21
E 19 21
G R-HSA-9617828.sbgn 34 39
V 585.000000 425.000000 10.000000 10.000000
V 521.500000 330.500000 73.000000 51.000000
V 937.000000 974.000000 12.000000 12.000000
V 1252.000000 656.000000 120.000000 36.000000
V 806.000000 819.000000 12.000000 12.000000
V 82.000000 271.000000 80.000000 34.000000
V 1252.000000 586.000000 12.000000 12.000000
V 710.000000 766.000000 10.000000 10.000000
V 770.000000 316.000000 12.000000 12.000000
V 1136.500000 973.500000 141.000000 27.000000
V 699.000000 460.000000 52.000000 22.000000
V 650.500000 823.000000 155.000000 52.000000
V 808.000000 964.000000 124.000000 38.000000
V 899.000000 747.000000 10.000000 10.000000
V 638.500000 662.000000 145.000000 36.000000
V 485.500000 791.000000 49.000000 22.000000
V 919.000000 822.500000 144.000000 39.000000
V 473.000000 593.000000 110.000000 68.000000
V 745.000000 70.000000 58.000000 22.000000
V 960.000000 1014.000000 10.000000 10.000000
V 689.000000 608.000000 10.000000 10.000000
V 1371.000000 593.000000 40.000000 22.000000
V 900.500000 652.000000 141.000000 22.000000
V 943.000000 877.500000 68.000000 23.000000
V 457.000000 318.000000 12.000000 12.000000
V 1036.000000 605.500000 72.000000 51.000000
V 818.000000 1016.000000 46.000000 22.000000
V 496.000000 461.000000 194.000000 34.000000
V 779.500000 720.500000 63.000000 51.000000
V 701.000000 551.500000 108.000000 37.000000
V 676.000000 408.500000 90.000000 51.000000
V 482.000000 678.000000 10.000000 10.000000
V 1136.000000 645.000000 10.000000 10.000000
V 622.500000 716.500000 159.000000 33.000000
E 1 0
E 10 0
E 0 27
E 29 0
E 1 24
E 9 2
E 12 2
E 2 23
E 3 6
E 32 3
E 11 4
E 4 12
E 16 4
E 28 4
E 24 5
E 6 21
E 25 6
E 7 11
E 15 7
E 28 7
E 33 7
E 8 18
E 22 8
E 30 8
E 19 9
E 12 19
E 13 16
E 22 13
E 28 13
E 20 14
E 15 31
E 31 17
E 26 19
E 22 20
E 29 20
E 22 32
E 27 24
E 25 32
E 33 31
G R-HSA-9634285.sbgn 17 16
V 1901.000000 1004.000000 40.000000 30.000000
V 1817.000000 793.000000 10.000000 10.000000
V 1998.500000 1051.000000 127.000000 54.000000
V 1744.000000 769.000000 42.000000 22.000000
V 1667.000000 879.500000 64.000000 35.000000
V 1748.000000 1078.500000 100.000000 79.000000
V 1438.500000 1005.500000 43.000000 19.000000
V 1482.000000 1084.000000 38.000000 48.000000
V 1400.000000 638.000000 56.000000 22.000000
V 1861.000000 1058.000000 12.000000 12.000000
V 1430.000000 1099.000000 12.000000 12.000000
V 1643.000000 296.500000 88.000000 43.000000
V 1379.000000 1008.000000 36.000000 18.000000
V 1592.000000 1048.000000 130.000000 78.000000
V 1821.000000 994.000000 42.000000 30.000000
V 1703.000000 1017.000000 10.000000 10.000000
V 1340.500000 1096.000000 41.000000 48.000000
E 0 9
E 1 2
E 3 1
E 8 1
E 11 1
E 2 9
E 4 15
E 9 5
E 5 15
E 10 6
E 10 7
E 9 14
E 12 10
E 13 10
E 16 10
E 15 13
G R-HSA-9634597.sbgn 39 38
V 1003.500000 728.500000 121.000000 51.000000
V 532.000000 105.000000 12.000000 12.000000
V 979.000000 362.000000 12.000000 12.000000
V 405.000000 98.500000 112.000000 51.000000
V 511.500000 988.500000 133.000000 37.000000
V 187.000000 611.500000 62.000000 23.000000
V 91.500000 836.500000 117.000000 65.000000
V 82.500000 440.500000 121.000000 23.000000
V 948.000000 170.500000 100.000000 23.000000
V 496.000000 827.000000 12.000000 12.000000
V 795.000000 927.500000 90.000000 37.000000
V 1024.500000 592.500000 125.000000 51.000000
V 161.000000 99.500000 124.000000 51.000000
V 495.500000 713.500000 111.000000 37.000000
V 149.000000 749.000000 10.000000 10.000000
V 673.000000 101.500000 118.000000 65.000000
V 726.000000 808.500000 86.000000 23.000000
V 183.000000 487.000000 12.000000 12.000000
V 654.000000 928.000000 12.000000 12.000000
V 176.000000 359.500000 40.000000 23.000000
V 772.000000 97.000000 10.000000 10.000000
V 500.000000 880.500000 128.000000 23.000000
V 830.000000 767.500000 48.000000 31.000000
V 920.000000 98.500000 82.000000 23.000000
V 306.000000 96.000000 10.000000 10.000000
V 864.000000 540.500000 40.000000 31.000000
V 586.000000 155.500000 42.000000 31.000000
V 798.000000 867.000000 10.000000 10.000000
V 182.500000 16.500000 47.000000 31.000000
V 820.000000 669.500000 34.000000 31.000000
V 269.500000 482.500000 101.000000 23.000000
V 56.500000 638.500000 113.000000 51.000000
V 245.000000 395.500000 40.000000 31.000000
V 1041.500000 239.500000 115.000000 37.000000
V 488.500000 155.500000 41.000000 31.000000
V 948.500000 473.500000 111.000000 37.000000
V 95.500000 293.500000 105.000000 37.000000
V 251.500000 567.500000 41.000000 31.000000
V 930.000000 615.000000 12.000000 12.000000
E 0 38
E 3 1
E 1 15
E 1 26
E 34 1
E 8 2
E 33 2
E 2 35
E 24 3
E 18 4
E 5 14
E 17 5
E 14 6
E 7 17
E 20 8
E 9 13
E 21 9
E 10 18
E 27 10
E 11 38
E 12 24
E 31 14
E 15 20
E 16 27
E 19 17
E 30 17
E 32 17
E 36 17
E 17 37
E 18 21
E 20 23
E 20 36
E 22 27
E 38 22
E 28 24
E 25 38
E 38 29
E 35 38
G R-HSA-9635486.sbgn 20 19
V 2341.500000 1395.000000 101.000000 22.000000
V 2392.500000 1358.000000 43.000000 30.000000
V 1869.500000 1121.000000 31.000000 30.000000
V 2051.500000 958.000000 61.000000 30.000000
V 1868.500000 959.000000 113.000000 36.000000
V 1888.000000 1266.000000 128.000000 22.000000
V 2006.000000 1355.000000 10.000000 10.000000
V 2206.000000 1138.000000 10.000000 10.000000
V 2382.500000 1220.000000 31.000000 30.000000
V 1898.500000 1357.000000 113.000000 36.000000
V 2147.500000 1424.000000 113.000000 22.000000
V 1969.000000 1046.000000 12.000000 12.000000
V 2341.000000 1303.000000 12.000000 12.000000
V 2163.500000 1302.000000 53.000000 22.000000
V 2342.000000 1187.000000 48.000000 22.000000
V 2255.000000 1254.000000 38.000000 22.000000
V 2204.500000 1048.000000 83.000000 22.000000
V 2079.000000 1122.000000 98.000000 22.000000
V 2005.000000 1264.000000 10.000000 10.000000
V 2084.500000 1180.000000 83.000000 22.000000
E 0 12
E 1 12
E 11 2
E 3 11
E 4 11
E 18 5
E 6 9
E 10 6
E 13 6
E 13 7
E 15 7
E 7 16
E 12 8
E 16 11
E 11 17
E 13 12
E 12 14
E 13 18
E 19 18
G R-HSA-9638482.sbgn 40 41
V 437.000000 351.500000 42.000000 35.000000
V 178.000000 123.500000 86.000000 31.000000
V 517.500000 435.500000 25.000000 25.000000
V 437.500000 474.000000 41.000000 34.000000
V 152.000000 342.500000 88.000000 27.000000
V 508.000000 674.500000 46.000000 31.000000
V 191.000000 630.000000 40.000000 34.000000
V 502.000000 584.500000 32.000000 23.000000
V 268.500000 312.500000 101.000000 223.000000
V 148.000000 207.000000 12.000000 12.000000
V 436.000000 412.000000 12.000000 12.000000
V 368.500000 294.500000 41.000000 27.000000
V 85.000000 460.500000 30.000000 25.000000
V 437.000000 318.000000 10.000000 10.000000
V 404.500000 72.500000 29.000000 23.000000
V 495.500000 537.500000 31.000000 31.000000
V 351.500000 448.500000 39.000000 31.000000
V 185.500000 76.500000 43.000000 31.000000
V 381.500000 530.500000 39.000000 31.000000
V 264.500000 476.500000 57.000000 31.000000
V 86.000000 414.000000 58.000000 26.000000
V 92.500000 524.500000 31.000000 31.000000
V 155.000000 477.500000 76.000000 33.000000
V 434.000000 268.000000 42.000000 34.000000
V 59.500000 356.500000 27.000000 25.000000
V 484.500000 432.500000 23.000000 19.000000
V 399.500000 129.500000 47.000000 31.000000
V 409.500000 662.500000 81.000000 31.000000
V 152.000000 414.000000 12.000000 12.000000
V 439.000000 584.000000 12.000000 12.000000
V 432.000000 207.000000 12.000000 12.000000
V 324.000000 565.000000 44.000000 28.000000
V 268.500000 611.000000 39.000000 28.000000
V 363.500000 414.500000 55.000000 23.000000
V 487.000000 482.500000 38.000000 31.000000
V 296.000000 98.000000 12.000000 12.000000
V 563.000000 309.000000 76.000000 232.000000
V 97.000000 580.500000 54.000000 31.000000
V 260.000000 531.000000 12.000000 12.000000
V 496.500000 227.500000 25.000000 25.000000
E 0 10
E 13 0
E 9 1
E 1 35
E 30 2
E 10 3
E 3 29
E 3 38
E 4 9
E 28 4
E 29 5
E 38 6
E 7 29
E 8 9
E 10 11
E 16 10
E 10 25
E 33 10
E 10 34
E 11 13
E 28 12
E 23 13
E 35 14
E 15 29
E 17 35
E 18 29
E 19 38
E 20 28
E 38 21
E 22 28
E 38 22
E 30 23
E 24 28
E 26 30
E 35 26
E 29 27
E 36 30
E 39 30
E 31 38
E 32 38
E 38 37
G R-HSA-9638737.sbgn 23 26
V 198.000000 975.500000 70.000000 23.000000
V 892.000000 261.500000 70.000000 39.000000
V 895.000000 30.500000 72.000000 41.000000
V 697.000000 422.500000 72.000000 33.000000
V 1021.000000 257.500000 106.000000 231.000000
V 694.000000 258.500000 72.000000 41.000000
V 779.500000 395.500000 31.000000 31.000000
V 357.000000 976.000000 10.000000 10.000000
V 695.000000 360.000000 12.000000 12.000000
V 429.500000 897.500000 97.000000 41.000000
V 695.000000 147.000000 12.000000 12.000000
V 891.000000 151.000000 12.000000 12.000000
V 196.000000 916.500000 50.000000 31.000000
V 570.500000 253.500000 117.000000 233.000000
V 315.500000 867.500000 53.000000 31.000000
V 464.000000 826.000000 10.000000 10.000000
V 700.500000 29.500000 69.000000 37.000000
V 893.000000 512.000000 86.000000 42.000000
V 778.500000 329.500000 31.000000 31.000000
V 483.500000 954.500000 63.000000 31.000000
V 207.500000 1037.500000 31.000000 31.000000
V 485.000000 1004.500000 48.000000 31.000000
V 892.000000 362.000000 12.000000 12.000000
E 7 0
E 1 11
E 22 1
E 11 2
E 3 8
E 4 11
E 4 22
E 8 5
E 5 10
E 8 6
E 22 6
E 9 7
E 7 12
E 14 7
E 19 7
E 7 20
E 21 7
E 13 8
E 18 8
E 15 9
E 13 10
E 10 16
E 14 15
E 17 15
E 17 22
E 18 22
G R-HSA-9645460.sbgn 30 32
V 535.000000 42.000000 40.000000 30.000000
V 147.000000 662.000000 38.000000 30.000000
V 701.000000 168.000000 10.000000 10.000000
V 701.500000 212.000000 131.000000 36.000000
V 718.500000 544.000000 73.000000 22.000000
V 548.000000 468.000000 12.000000 12.000000
V 383.000000 94.000000 10.000000 10.000000
V 560.500000 579.000000 111.000000 36.000000
V 427.500000 468.000000 131.000000 64.000000
V 298.500000 669.000000 39.000000 30.000000
V 702.500000 312.000000 131.000000 50.000000
V 702.500000 120.000000 131.000000 36.000000
V 717.500000 468.000000 25.000000 22.000000
V 617.000000 360.000000 10.000000 10.000000
V 279.000000 111.000000 124.000000 22.000000
V 400.000000 623.000000 130.000000 102.000000
V 186.000000 113.000000 10.000000 10.000000
V 611.000000 69.000000 12.000000 12.000000
V 294.500000 74.000000 75.000000 24.000000
V 233.000000 620.000000 12.000000 12.000000
V 122.000000 531.000000 124.000000 102.000000
V 481.500000 94.000000 131.000000 36.000000
V 682.500000 44.000000 41.000000 30.000000
V 646.000000 264.000000 10.000000 10.000000
V 616.500000 418.000000 131.000000 50.000000
V 582.500000 210.000000 47.000000 22.000000
V 120.000000 86.000000 94.000000 30.000000
V 119.000000 137.000000 46.000000 22.000000
V 717.000000 510.000000 10.000000 10.000000
V 342.000000 543.000000 10.000000 10.000000
E 0 17
E 1 19
E 2 3
E 11 2
E 3 23
E 28 4
E 4 29
E 5 8
E 12 5
E 24 5
E 14 6
E 18 6
E 6 21
E 7 29
E 8 28
E 8 29
E 19 9
E 10 13
E 23 10
E 17 11
E 12 28
E 13 24
E 25 13
E 16 14
E 19 15
E 26 16
E 27 16
E 21 17
E 17 22
E 20 19
E 29 20
E 25 23
G R-HSA-9646399.sbgn 37 38
V 605.000000 964.000000 10.000000 10.000000
V 389.000000 663.000000 10.000000 10.000000
V 581.000000 1377.000000 140.000000 70.000000
V 1005.000000 1303.000000 10.000000 10.000000
V 1174.000000 585.000000 10.000000 10.000000
V 1042.500000 796.000000 133.000000 38.000000
V 1031.500000 585.000000 187.000000 40.000000
V 739.000000 586.000000 174.000000 38.000000
V 303.500000 597.000000 121.000000 36.000000
V 1157.000000 1059.000000 10.000000 10.000000
V 1403.000000 786.000000 122.000000 40.000000
V 1156.000000 913.000000 10.000000 10.000000
V 507.000000 663.500000 168.000000 37.000000
V 1163.000000 1376.000000 114.000000 36.000000
V 1239.500000 790.000000 125.000000 40.000000
V 1319.000000 587.000000 186.000000 42.000000
V 1156.000000 1203.500000 128.000000 51.000000
V 711.000000 1375.000000 10.000000 10.000000
V 846.000000 1304.000000 130.000000 66.000000
V 579.000000 1174.500000 194.000000 67.000000
V 1013.500000 1142.000000 87.000000 36.000000
V 505.000000 512.000000 138.000000 38.000000
V 445.000000 1061.000000 10.000000 10.000000
V 102.000000 649.000000 84.000000 22.000000
V 580.000000 1279.000000 12.000000 12.000000
V 307.000000 721.000000 104.000000 22.000000
V 844.500000 1414.000000 87.000000 36.000000
V 447.000000 965.000000 184.000000 78.000000
V 1292.500000 1137.000000 91.000000 22.000000
V 95.000000 541.500000 104.000000 37.000000
V 196.000000 596.000000 10.000000 10.000000
V 698.500000 869.000000 161.000000 70.000000
V 379.000000 1170.000000 90.000000 22.000000
V 1156.500000 983.500000 135.000000 63.000000
V 1320.000000 650.000000 10.000000 10.000000
V 598.000000 585.000000 10.000000 10.000000
V 878.000000 584.000000 12.000000 12.000000
E 0 13
E 0 26
E 27 0
E 0 31
E 8 1
E 1 12
E 25 1
E 17 2
E 2 24
E 13 3
E 16 3
E 3 18
E 6 4
E 4 15
E 5 11
E 36 6
E 35 7
E 7 36
E 30 8
E 9 16
E 9 20
E 9 28
E 33 9
E 34 10
E 14 11
E 11 33
E 12 35
E 34 14
E 15 34
E 18 17
E 26 17
E 19 22
E 24 19
E 21 35
E 22 27
E 32 22
E 23 30
E 29 30
G R-HSA-9648002.sbgn 28 33
V 1053.000000 248.000000 52.000000 22.000000
V 1101.000000 92.000000 40.000000 30.000000
V 1143.000000 44.000000 12.000000 12.000000
V 1241.000000 429.000000 54.000000 26.000000
V 1298.000000 636.000000 10.000000 10.000000
V 970.000000 265.000000 12.000000 12.000000
V 817.500000 413.000000 93.000000 40.000000
V 1350.000000 564.500000 118.000000 49.000000
V 1156.000000 235.000000 120.000000 36.000000
V 1425.000000 183.000000 10.000000 10.000000
V 1037.500000 43.500000 123.000000 33.000000
V 1058.000000 304.000000 10.000000 10.000000
V 1308.000000 739.000000 124.000000 50.000000
V 1313.000000 380.000000 124.000000 36.000000
V 1257.000000 46.500000 108.000000 45.000000
V 1184.500000 105.000000 41.000000 30.000000
V 1128.500000 484.500000 87.000000 41.000000
V 1147.000000 164.000000 82.000000 32.000000
V 1204.500000 566.000000 67.000000 22.000000
V 1060.000000 369.000000 106.000000 50.000000
V 1428.500000 448.500000 107.000000 55.000000
V 1263.000000 513.000000 96.000000 38.000000
V 1352.000000 116.000000 96.000000 44.000000
V 1235.000000 185.000000 12.000000 12.000000
V 1341.000000 499.000000 10.000000 10.000000
V 1077.000000 568.000000 12.000000 12.000000
V 1357.000000 415.000000 12.000000 12.000000
V 1238.000000 468.000000 10.000000 10.000000
E 0 11
E 1 2
E 10 2
E 2 14
E 2 15
E 17 2
E 3 24
E 25 3
E 3 27
E 7 4
E 4 12
E 18 4
E 6 5
E 5 10
E 24 7
E 8 11
E 23 8
E 10 9
E 14 9
E 9 20
E 22 9
E 25 10
E 11 19
E 12 25
E 13 24
E 26 13
E 14 23
E 16 27
E 25 18
E 20 26
E 21 24
E 27 21
E 25 22
G R-HSA-9649948.sbgn 33 33
V 1625.500000 557.000000 75.000000 32.000000
V 1150.000000 983.000000 62.000000 48.000000
V 3462.000000 288.000000 10.000000 10.000000
V 1398.000000 376.000000 10.000000 10.000000
V 2116.000000 311.000000 40.000000 30.000000
V 2773.500000 228.000000 137.000000 64.000000
V 581.000000 374.000000 76.000000 38.000000
V 2451.500000 607.000000 49.000000 22.000000
V 2317.500000 556.000000 125.000000 50.000000
V 3085.000000 215.000000 40.000000 30.000000
V 2422.000000 379.000000 10.000000 10.000000
V 2518.000000 375.500000 98.000000 61.000000
V 3641.500000 356.500000 151.000000 45.000000
V 2579.000000 307.000000 40.000000 30.000000
V 3257.500000 263.000000 137.000000 62.000000
V 2173.000000 388.000000 120.000000 64.000000
V 2053.000000 383.000000 12.000000 12.000000
V 2099.000000 537.000000 86.000000 46.000000
V 1493.500000 376.000000 97.000000 78.000000
V 2908.000000 227.000000 38.000000 30.000000
V 1397.000000 516.000000 54.000000 26.000000
V 2512.500000 227.000000 157.000000 64.000000
V 2742.000000 328.000000 40.000000 30.000000
V 2628.000000 342.000000 12.000000 12.000000
V 2993.000000 290.000000 12.000000 12.000000
V 1925.000000 336.000000 38.000000 30.000000
V 1737.000000 374.000000 146.000000 70.000000
V 3151.500000 964.000000 125.000000 50.000000
V 1507.500000 510.000000 131.000000 36.000000
V 1286.500000 512.000000 127.000000 54.000000
V 3505.500000 625.500000 91.000000 35.000000
V 1613.000000 376.000000 12.000000 12.000000
V 2089.500000 778.000000 129.000000 22.000000
E 0 31
E 1 31
E 2 12
E 14 2
E 2 27
E 2 30
E 2 32
E 6 3
E 3 18
E 20 3
E 29 3
E 16 4
E 23 5
E 5 24
E 7 10
E 8 10
E 24 9
E 10 11
E 15 10
E 21 10
E 32 10
E 11 23
E 13 23
E 24 14
E 16 15
E 17 16
E 25 16
E 26 16
E 18 31
E 19 24
E 23 22
E 31 26
E 28 31
G R-HSA-9656223.sbgn 26 26
V 2116.000000 311.000000 40.000000 30.000000
V 2173.000000 388.000000 120.000000 64.000000
V 2993.000000 290.000000 12.000000 12.000000
V 2579.000000 307.000000 40.000000 30.000000
V 2518.000000 375.500000 98.000000 61.000000
V 1507.500000 510.000000 131.000000 36.000000
V 2422.000000 379.000000 10.000000 10.000000
V 2099.000000 537.000000 86.000000 46.000000
V 2628.000000 342.000000 12.000000 12.000000
V 3257.500000 263.000000 137.000000 62.000000
V 1493.500000 376.000000 97.000000 78.000000
V 2451.500000 607.000000 49.000000 22.000000
V 3151.500000 964.000000 125.000000 50.000000
V 2908.000000 227.000000 38.000000 30.000000
V 2053.000000 383.000000 12.000000 12.000000
V 2742.000000 328.000000 40.000000 30.000000
V 3505.500000 625.500000 91.000000 35.000000
V 1613.000000 376.000000 10.000000 10.000000
V 2317.500000 556.000000 125.000000 50.000000
V 3462.000000 288.000000 10.000000 10.000000
V 3085.000000 215.000000 40.000000 30.000000
V 3641.500000 356.500000 151.000000 45.000000
V 1925.000000 336.000000 38.000000 30.000000
V 2089.500000 778.000000 129.000000 22.000000
V 1737.000000 374.000000 146.000000 70.000000
V 2773.500000 228.000000 137.000000 64.000000
E 14 0
E 1 6
E 14 1
E 2 9
E 13 2
E 2 20
E 25 2
E 3 8
E 6 4
E 4 8
E 5 17
E 11 6
E 18 6
E 23 6
E 7 14
E 8 15
E 8 25
E 9 19
E 10 17
E 19 12
E 22 14
E 24 14
E 19 16
E 17 24
E 19 21
E 19 23
G R-HSA-9662360.sbgn 32 36
V 127.500000 925.500000 77.000000 41.000000
V 722.500000 487.000000 57.000000 44.000000
V 858.500000 817.000000 101.000000 44.000000
V 286.000000 518.000000 70.000000 42.000000
V 571.000000 811.000000 116.000000 64.000000
V 745.000000 862.000000 114.000000 26.000000
V 1046.000000 493.000000 70.000000 44.000000
V 301.500000 878.500000 59.000000 27.000000
V 943.000000 623.000000 12.000000 12.000000
V 432.000000 991.000000 70.000000 44.000000
V 131.500000 872.000000 87.000000 52.000000
V 284.000000 128.000000 12.000000 12.000000
V 482.500000 129.000000 169.000000 56.000000
V 157.000000 46.000000 62.000000 40.000000
V 454.000000 904.000000 12.000000 12.000000
V 889.000000 908.000000 138.000000 54.000000
V 200.000000 924.000000 12.000000 12.000000
V 384.000000 860.500000 64.000000 29.000000
V 1015.500000 176.000000 63.000000 30.000000
V 844.000000 499.000000 66.000000 46.000000
V 220.000000 1009.000000 62.000000 40.000000
V 943.500000 313.500000 147.000000 47.000000
V 572.000000 485.000000 74.000000 48.000000
V 816.000000 652.000000 64.000000 42.000000
V 303.000000 926.000000 86.000000 48.000000
V 939.000000 401.000000 12.000000 12.000000
V 739.000000 909.000000 12.000000 12.000000
V 812.000000 343.000000 68.000000 46.000000
V 941.000000 684.000000 80.000000 42.000000
V 830.000000 1004.000000 70.000000 38.000000
V 224.000000 919.000000 12.000000 12.000000
V 483.000000 43.000000 70.000000 44.000000
E 0 16
E 8 1
E 25 1
E 26 2
E 11 3
E 3 14
E 3 16
E 3 30
E 4 26
E 5 26
E 8 6
E 25 6
E 7 14
E 8 19
E 22 8
E 23 8
E 28 8
E 9 14
E 10 30
E 12 11
E 13 11
E 18 11
E 11 22
E 31 11
E 17 14
E 14 22
E 24 14
E 26 15
E 16 20
E 25 19
E 30 20
E 21 25
E 22 25
E 22 26
E 27 25
E 26 29
G R-HSA-9662361.sbgn 30 32
V 161.500000 524.000000 47.000000 48.000000
V 648.000000 698.000000 12.000000 12.000000
V 66.000000 544.000000 64.000000 44.000000
V 227.500000 493.000000 63.000000 50.000000
V 864.000000 518.000000 96.000000 32.000000
V 297.000000 684.000000 10.000000 10.000000
V 497.000000 767.000000 64.000000 44.000000
V 651.000000 123.000000 146.000000 30.000000
V 180.000000 686.000000 140.000000 30.000000
V 255.000000 339.000000 58.000000 46.000000
V 943.000000 361.000000 94.000000 70.000000
V 886.000000 689.000000 94.000000 42.000000
V 746.000000 433.000000 64.000000 42.000000
V 496.000000 180.000000 12.000000 12.000000
V 809.000000 686.000000 12.000000 12.000000
V 781.000000 172.500000 332.000000 43.000000
V 783.000000 690.000000 12.000000 12.000000
V 120.000000 413.000000 12.000000 12.000000
V 494.000000 395.000000 64.000000 50.000000
V 947.000000 456.000000 12.000000 12.000000
V 541.000000 69.000000 60.000000 44.000000
V 494.000000 689.000000 12.000000 12.000000
V 574.000000 693.000000 78.000000 42.000000
V 745.000000 773.000000 60.000000 44.000000
V 715.000000 690.500000 78.000000 41.000000
V 114.500000 342.000000 153.000000 44.000000
V 393.000000 688.000000 140.000000 42.000000
V 946.000000 575.000000 88.000000 44.000000
V 215.000000 750.000000 62.000000 36.000000
V 443.000000 65.000000 64.000000 44.000000
E 17 0
E 12 1
E 18 1
E 22 1
E 1 23
E 17 2
E 17 3
E 19 4
E 8 5
E 5 26
E 28 5
E 6 21
E 7 13
E 9 17
E 10 19
E 11 14
E 13 12
E 12 14
E 12 16
E 12 19
E 15 13
E 13 18
E 20 13
E 29 13
E 14 23
E 16 23
E 24 16
E 18 17
E 25 17
E 21 18
E 19 27
E 26 21
G R-HSA-9664424.sbgn 25 26
V 821.000000 850.000000 10.000000 10.000000
V 976.500000 763.000000 63.000000 24.000000
V 543.500000 881.000000 47.000000 22.000000
V 1017.000000 713.000000 10.000000 10.000000
V 807.000000 804.000000 46.000000 22.000000
V 290.000000 813.500000 78.000000 51.000000
V 606.000000 851.000000 10.000000 10.000000
V 546.500000 827.000000 69.000000 22.000000
V 999.000000 603.000000 40.000000 30.000000
V 916.500000 853.000000 137.000000 22.000000
V 647.000000 762.000000 94.000000 22.000000
V 936.500000 685.000000 43.000000 22.000000
V 889.000000 625.000000 12.000000 12.000000
V 1033.000000 897.000000 128.000000 36.000000
V 775.000000 685.000000 10.000000 10.000000
V 802.500000 627.000000 79.000000 26.000000
V 692.000000 912.000000 128.000000 36.000000
V 986.500000 655.000000 33.000000 22.000000
V 1119.000000 713.000000 118.000000 22.000000
V 649.000000 803.000000 12.000000 12.000000
V 977.000000 804.000000 10.000000 10.000000
V 696.500000 845.500000 83.000000 35.000000
V 873.000000 895.000000 12.000000 12.000000
V 679.500000 685.000000 115.000000 36.000000
V 1067.000000 804.500000 90.000000 23.000000
E 4 0
E 0 9
E 21 0
E 1 20
E 2 6
E 11 3
E 17 3
E 3 18
E 19 4
E 4 20
E 5 19
E 7 6
E 6 21
E 8 12
E 9 22
E 10 19
E 14 11
E 11 20
E 12 15
E 17 12
E 13 22
E 14 15
E 23 14
E 22 16
E 20 24
E 22 21
G R-HSA-9664565.sbgn 20 23
V 1247.500000 1034.500000 141.000000 39.000000
V 1430.000000 1099.000000 12.000000 12.000000
V 1180.000000 968.000000 10.000000 10.000000
V 1998.500000 1051.000000 127.000000 54.000000
V 1340.500000 1096.000000 41.000000 48.000000
V 1667.000000 879.500000 64.000000 35.000000
V 1094.000000 1066.000000 104.000000 64.000000
V 1748.000000 1078.500000 100.000000 79.000000
V 1861.000000 1058.000000 12.000000 12.000000
V 1438.500000 1005.500000 43.000000 19.000000
V 1817.000000 793.000000 10.000000 10.000000
V 1592.000000 1048.000000 130.000000 78.000000
V 1393.000000 1098.000000 12.000000 12.000000
V 1379.000000 1008.000000 36.000000 18.000000
V 1821.000000 994.000000 42.000000 30.000000
V 1703.000000 1017.000000 10.000000 10.000000
V 1744.000000 769.000000 42.000000 22.000000
V 1482.000000 1084.000000 38.000000 48.000000
V 1643.000000 296.500000 88.000000 43.000000
V 1901.000000 1004.000000 40.000000 30.000000
E 2 0
E 0 12
E 4 1
E 1 9
E 11 1
E 13 1
E 1 17
E 5 2
E 6 2
E 3 8
E 10 3
E 4 12
E 5 15
E 8 7
E 7 15
E 8 14
E 19 8
E 12 9
E 16 10
E 18 10
E 15 11
E 13 12
E 12 17
G R-HSA-9664873.sbgn 38 39
V 1166.000000 237.000000 12.000000 12.000000
V 1365.500000 178.500000 57.000000 35.000000
V 1638.500000 314.500000 165.000000 31.000000
V 1623.000000 663.000000 154.000000 52.000000
V 1419.000000 410.000000 10.000000 10.000000
V 345.500000 494.000000 115.000000 58.000000
V 244.000000 146.000000 92.000000 22.000000
V 681.000000 936.000000 130.000000 22.000000
V 465.000000 184.000000 126.000000 22.000000
V 1566.000000 433.000000 10.000000 10.000000
V 1622.000000 765.000000 10.000000 10.000000
V 607.000000 313.000000 10.000000 10.000000
V 836.000000 312.000000 12.000000 12.000000
V 595.000000 235.000000 96.000000 30.000000
V 1700.000000 478.000000 120.000000 24.000000
V 1491.000000 310.000000 46.000000 22.000000
V 244.000000 218.000000 96.000000 22.000000
V 122.000000 663.000000 96.000000 22.000000
V 961.000000 305.500000 130.000000 37.000000
V 469.000000 406.000000 122.000000 36.000000
V 1623.500000 876.500000 153.000000 81.000000
V 725.500000 312.000000 111.000000 50.000000
V 465.500000 314.500000 105.000000 53.000000
V 1381.000000 877.500000 154.000000 65.000000
V 359.000000 869.500000 142.000000 69.000000
V 465.000000 245.000000 12.000000 12.000000
V 1109.000000 279.000000 40.000000 26.000000
V 359.000000 766.000000 10.000000 10.000000
V 1193.000000 854.000000 10.000000 10.000000
V 218.000000 663.000000 12.000000 12.000000
V 1345.000000 312.000000 112.000000 36.000000
V 1623.000000 589.000000 10.000000 10.000000
V 217.500000 618.500000 109.000000 25.000000
V 354.000000 180.000000 10.000000 10.000000
V 337.500000 663.000000 135.000000 38.000000
V 223.000000 578.000000 130.000000 22.000000
V 1720.000000 712.000000 130.000000 22.000000
V 346.000000 561.000000 10.000000 10.000000
E 1 0
E 0 18
E 0 26
E 30 0
E 2 4
E 9 2
E 2 31
E 3 10
E 3 27
E 31 3
E 15 4
E 4 30
E 37 5
E 6 33
E 7 28
E 8 25
E 33 8
E 18 9
E 26 9
E 10 20
E 36 10
E 13 11
E 19 11
E 11 21
E 22 11
E 12 18
E 21 12
E 14 31
E 16 33
E 17 29
E 25 22
E 28 23
E 27 24
E 24 28
E 34 27
E 32 29
E 29 34
E 34 37
E 35 37
G R-HSA-9665348.sbgn 38 42
V 2881.000000 767.500000 38.000000 23.000000
V 879.000000 933.500000 40.000000 27.000000
V 1643.000000 296.500000 88.000000 43.000000
V 1748.000000 1078.500000 100.000000 79.000000
V 1379.000000 1008.000000 36.000000 18.000000
V 1592.000000 1048.000000 130.000000 78.000000
V 806.000000 1019.000000 10.000000 10.000000
V 1482.000000 1084.000000 38.000000 48.000000
V 1821.000000 994.000000 42.000000 30.000000
V 2440.000000 1129.000000 96.000000 50.000000
V 1340.500000 1096.000000 41.000000 48.000000
V 2774.000000 1091.000000 10.000000 10.000000
V 2982.000000 733.000000 12.000000 12.000000
V 2954.500000 837.000000 81.000000 30.000000
V 1430.000000 1099.000000 12.000000 12.000000
V 1667.000000 879.500000 64.000000 35.000000
V 1247.500000 1034.500000 141.000000 39.000000
V 2898.000000 319.500000 58.000000 39.000000
V 2939.000000 1107.500000 96.000000 61.000000
V 2418.000000 1059.000000 10.000000 10.000000
V 786.000000 896.000000 12.000000 12.000000
V 1901.000000 1004.000000 40.000000 30.000000
V 800.500000 795.000000 103.000000 30.000000
V 1393.000000 1098.000000 12.000000 12.000000
V 1998.500000 1051.000000 127.000000 54.000000
V 2951.500000 623.500000 63.000000 29.000000
V 1703.000000 1017.000000 10.000000 10.000000
V 695.000000 1010.000000 112.000000 36.000000
V 1817.000000 793.000000 10.000000 10.000000
V 2864.500000 678.500000 39.000000 25.000000
V 1180.000000 968.000000 10.000000 10.000000
V 2419.000000 977.500000 50.000000 35.000000
V 1744.000000 769.000000 42.000000 22.000000
V 1094.000000 1066.000000 104.000000 64.000000
V 876.000000 853.500000 42.000000 29.000000
V 1861.000000 1058.000000 12.000000 12.000000
V 772.000000 1073.000000 54.000000 26.000000
V 1438.500000 1005.500000 43.000000 19.000000
E 12 0
E 1 20
E 2 28
E 3 26
E 35 3
E 4 14
E 4 23
E 5 14
E 26 5
E 6 27
E 33 6
E 36 6
E 14 7
E 23 7
E 35 8
E 9 11
E 19 9
E 10 14
E 10 23
E 17 11
E 11 18
E 12 13
E 18 12
E 25 12
E 29 12
E 14 37
E 15 26
E 15 30
E 16 23
E 30 16
E 31 19
E 33 19
E 20 22
E 27 20
E 20 33
E 20 34
E 21 35
E 23 37
E 28 24
E 24 35
E 32 28
E 33 30
G R-HSA-9665686.sbgn 20 23
V 1340.500000 1099.000000 41.000000 48.000000
V 1667.000000 882.500000 64.000000 35.000000
V 1703.000000 1020.000000 10.000000 10.000000
V 1861.000000 1061.000000 12.000000 12.000000
V 1744.000000 772.000000 42.000000 22.000000
V 1482.000000 1087.000000 38.000000 48.000000
V 1821.000000 997.000000 42.000000 30.000000
V 1393.000000 1101.000000 12.000000 12.000000
V 1998.500000 1054.000000 127.000000 54.000000
V 1643.000000 299.500000 88.000000 43.000000
V 1817.000000 796.000000 10.000000 10.000000
V 1592.000000 1051.000000 130.000000 78.000000
V 1180.000000 971.000000 10.000000 10.000000
V 1094.000000 1069.000000 104.000000 64.000000
V 1430.000000 1102.000000 12.000000 12.000000
V 1247.500000 1037.500000 141.000000 39.000000
V 1748.000000 1081.500000 100.000000 79.000000
V 1379.000000 1011.000000 36.000000 18.000000
V 1901.000000 1007.000000 40.000000 30.000000
V 1438.500000 1008.500000 43.000000 19.000000
E 0 7
E 0 14
E 1 2
E 1 12
E 2 11
E 16 2
E 3 6
E 8 3
E 3 16
E 18 3
E 4 10
E 7 5
E 14 5
E 15 7
E 17 7
E 7 19
E 10 8
E 9 10
E 11 14
E 13 12
E 12 15
E 17 14
E 14 19
G R-HSA-9670439.sbgn 33 33
V 2354.000000 365.000000 12.000000 12.000000
V 2362.000000 440.500000 102.000000 37.000000
V 2284.000000 280.000000 10.000000 10.000000
V 2865.000000 614.000000 10.000000 10.000000
V 617.500000 641.000000 87.000000 22.000000
V 879.000000 584.000000 62.000000 34.000000
V 2430.500000 399.000000 39.000000 30.000000
V 2297.500000 540.000000 37.000000 22.000000
V 2650.000000 497.000000 12.000000 12.000000
V 2900.500000 492.000000 111.000000 50.000000
V 2003.000000 630.500000 100.000000 43.000000
V 799.000000 667.000000 88.000000 22.000000
V 1879.500000 393.000000 107.000000 36.000000
V 2434.000000 328.000000 34.000000 30.000000
V 624.000000 734.000000 42.000000 30.000000
V 2358.000000 295.000000 96.000000 38.000000
V 2703.500000 555.000000 41.000000 30.000000
V 1037.500000 347.000000 103.000000 36.000000
V 727.000000 735.000000 12.000000 12.000000
V 2475.500000 566.000000 45.000000 22.000000
V 2543.000000 441.000000 10.000000 10.000000
V 2749.000000 493.500000 110.000000 67.000000
V 2026.000000 332.000000 10.000000 10.000000
V 1787.000000 372.000000 10.000000 10.000000
V 840.000000 527.000000 10.000000 10.000000
V 2674.000000 678.000000 98.000000 22.000000
V 729.000000 508.000000 116.000000 36.000000
V 2819.000000 495.000000 12.000000 12.000000
V 2127.000000 256.000000 84.000000 34.000000
V 813.500000 737.000000 41.000000 30.000000
V 2552.500000 495.000000 103.000000 46.000000
V 2612.000000 553.000000 40.000000 30.000000
V 1613.500000 784.000000 71.000000 22.000000
E 0 1
E 0 6
E 13 0
E 15 0
E 3 1
E 1 20
E 7 2
E 2 15
E 28 2
E 9 3
E 3 25
E 18 4
E 5 24
E 8 16
E 8 21
E 30 8
E 31 8
E 27 9
E 10 22
E 11 18
E 23 12
E 18 14
E 17 22
E 17 23
E 17 24
E 26 18
E 29 18
E 19 20
E 20 30
E 21 27
E 22 28
E 32 23
E 24 26
G R-HSA-9673324.sbgn 36 35
V 61.500000 24.000000 123.000000 36.000000
V 180.000000 95.000000 78.000000 22.000000
V 1535.500000 318.000000 45.000000 30.000000
V 1407.000000 324.000000 60.000000 30.000000
V 594.000000 93.000000 12.000000 12.000000
V 1165.000000 117.000000 10.000000 10.000000
V 694.500000 162.000000 41.000000 30.000000
V 1471.000000 246.000000 12.000000 12.000000
V 287.000000 94.000000 10.000000 10.000000
V 534.000000 359.000000 100.000000 22.000000
V 1423.500000 158.000000 59.000000 30.000000
V 910.000000 153.000000 10.000000 10.000000
V 500.000000 158.000000 40.000000 30.000000
V 311.000000 452.000000 40.000000 30.000000
V 1077.500000 220.000000 91.000000 22.000000
V 430.000000 95.000000 120.000000 22.000000
V 550.500000 424.000000 41.000000 30.000000
V 306.000000 378.000000 30.000000 22.000000
V 107.000000 95.000000 10.000000 10.000000
V 1531.000000 160.000000 34.000000 30.000000
V 853.000000 220.000000 50.000000 22.000000
V 1202.000000 91.000000 98.000000 22.000000
V 1352.000000 304.000000 36.000000 30.000000
V 882.500000 97.000000 69.000000 22.000000
V 1015.500000 267.000000 41.000000 30.000000
V 47.500000 97.000000 39.000000 22.000000
V 1076.000000 325.000000 12.000000 12.000000
V 896.000000 262.000000 40.000000 30.000000
V 227.500000 165.000000 47.000000 22.000000
V 380.500000 325.000000 91.000000 22.000000
V 594.500000 174.000000 101.000000 22.000000
V 766.000000 93.000000 128.000000 22.000000
V 1077.500000 99.000000 105.000000 36.000000
V 1349.500000 100.000000 123.000000 44.000000
V 955.000000 219.000000 12.000000 12.000000
V 382.000000 412.000000 12.000000 12.000000
E 0 18
E 1 8
E 18 1
E 7 2
E 7 3
E 4 6
E 12 4
E 15 4
E 30 4
E 4 31
E 21 5
E 32 5
E 5 33
E 10 7
E 19 7
E 7 22
E 33 7
E 8 15
E 28 8
E 35 9
E 23 11
E 31 11
E 11 32
E 13 35
E 14 26
E 34 14
E 35 16
E 17 35
E 25 18
E 20 34
E 34 24
E 26 29
E 27 34
E 29 35
E 32 34
G R-HSA-9673767.sbgn 20 19
V 1630.000000 1022.000000 134.000000 50.000000
V 1760.000000 1022.000000 10.000000 10.000000
V 217.500000 956.000000 41.000000 30.000000
V 1237.000000 939.000000 10.000000 10.000000
V 402.500000 1018.000000 91.000000 22.000000
V 2288.000000 1012.000000 86.000000 30.000000
V 296.000000 1018.000000 12.000000 12.000000
V 1670.000000 798.000000 80.000000 36.000000
V 512.500000 1017.000000 105.000000 50.000000
V 378.000000 967.000000 40.000000 30.000000
V 649.000000 1015.000000 134.000000 50.000000
V 1691.000000 953.000000 34.000000 22.000000
V 2216.000000 970.000000 40.000000 30.000000
V 2111.500000 979.000000 39.000000 30.000000
V 1418.000000 965.500000 56.000000 33.000000
V 1875.000000 1023.000000 134.000000 50.000000
V 2076.000000 1015.000000 74.000000 30.000000
V 184.500000 1018.000000 89.000000 22.000000
V 2159.000000 1015.000000 12.000000 12.000000
V 1443.000000 903.000000 10.000000 10.000000
E 0 1
E 0 3
E 0 19
E 11 1
E 1 15
E 6 2
E 3 10
E 14 3
E 4 6
E 18 5
E 9 6
E 10 6
E 6 17
E 7 19
E 19 8
E 18 12
E 13 18
E 15 18
E 16 18
G R-HSA-9673770.sbgn 26 25
V 1516.000000 724.000000 40.000000 30.000000
V 1643.000000 590.000000 10.000000 10.000000
V 1300.500000 674.000000 135.000000 36.000000
V 184.500000 1018.000000 89.000000 22.000000
V 1833.000000 573.000000 10.000000 10.000000
V 2288.000000 1012.000000 86.000000 30.000000
V 1418.000000 965.500000 56.000000 33.000000
V 1386.000000 622.000000 12.000000 12.000000
V 1691.000000 953.000000 34.000000 22.000000
V 217.500000 956.000000 41.000000 30.000000
V 1844.000000 766.500000 94.000000 27.000000
V 2216.000000 970.000000 40.000000 30.000000
V 1708.500000 645.000000 131.000000 50.000000
V 288.000000 986.000000 12.000000 12.000000
V 2111.500000 979.000000 39.000000 30.000000
V 402.500000 1018.000000 91.000000 22.000000
V 1814.000000 657.000000 10.000000 10.000000
V 1914.000000 653.000000 140.000000 52.000000
V 1943.500000 535.000000 133.000000 50.000000
V 2200.000000 1044.000000 12.000000 12.000000
V 2076.000000 1015.000000 74.000000 30.000000
V 1449.000000 669.500000 112.000000 55.000000
V 1562.500000 703.000000 41.000000 30.000000
V 1541.000000 661.000000 12.000000 12.000000
V 378.000000 967.000000 40.000000 30.000000
V 1662.000000 513.500000 136.000000 51.000000
E 0 23
E 6 1
E 12 1
E 1 25
E 2 7
E 13 3
E 8 4
E 12 4
E 4 18
E 19 5
E 7 21
E 13 9
E 10 16
E 19 11
E 23 12
E 15 13
E 24 13
E 25 13
E 14 19
E 16 17
E 21 16
E 18 19
E 20 19
E 21 23
E 23 22
G R-HSA-9692914.sbgn 30 30
V 1949.000000 504.000000 12.000000 12.000000
V 1766.500000 728.500000 129.000000 51.000000
V 1949.000000 590.500000 124.000000 51.000000
V 1533.500000 443.500000 97.000000 37.000000
V 1176.500000 566.500000 135.000000 79.000000
V 1262.000000 603.000000 12.000000 12.000000
V 1656.000000 204.500000 124.000000 37.000000
V 1265.000000 656.500000 130.000000 51.000000
V 1457.000000 474.000000 12.000000 12.000000
V 1743.000000 248.000000 10.000000 10.000000
V 1357.500000 438.500000 133.000000 37.000000
V 1837.500000 247.500000 105.000000 37.000000
V 1804.500000 589.500000 51.000000 23.000000
V 1650.500000 268.500000 69.000000 23.000000
V 1307.500000 813.500000 129.000000 37.000000
V 1233.000000 757.000000 12.000000 12.000000
V 1524.500000 503.500000 25.000000 23.000000
V 1866.500000 290.500000 133.000000 37.000000
V 1803.000000 665.000000 10.000000 10.000000
V 1709.000000 628.500000 122.000000 51.000000
V 1204.500000 816.500000 39.000000 23.000000
V 1761.000000 288.000000 10.000000 10.000000
V 1298.000000 551.500000 60.000000 31.000000
V 1852.000000 626.500000 40.000000 31.000000
V 1913.500000 531.500000 25.000000 23.000000
V 1667.500000 313.500000 101.000000 23.000000
V 1949.000000 460.500000 130.000000 51.000000
V 1154.000000 686.500000 72.000000 23.000000
V 1787.000000 198.500000 64.000000 23.000000
V 1515.500000 633.500000 33.000000 23.000000
E 0 2
E 0 24
E 26 0
E 29 0
E 18 1
E 8 3
E 5 4
E 7 5
E 5 22
E 29 5
E 6 9
E 6 21
E 7 15
E 10 8
E 8 16
E 29 8
E 9 11
E 13 9
E 28 9
E 29 9
E 12 18
E 15 14
E 15 20
E 27 15
E 29 15
E 21 17
E 19 18
E 23 18
E 29 18
E 25 21
G R-HSA-9707616.sbgn 39 57
V 1174.000000 915.000000 104.000000 50.000000
V 1426.500000 900.000000 87.000000 22.000000
V 1104.000000 614.000000 36.000000 22.000000
V 799.500000 825.000000 51.000000 22.000000
V 1385.000000 841.000000 128.000000 22.000000
V 918.000000 571.000000 42.000000 22.000000
V 789.000000 472.000000 48.000000 22.000000
V 799.500000 957.000000 51.000000 22.000000
V 1418.000000 1048.000000 132.000000 34.000000
V 1275.000000 812.000000 72.000000 22.000000
V 1438.000000 957.000000 104.000000 50.000000
V 827.500000 680.000000 121.000000 46.000000
V 1278.000000 912.000000 12.000000 12.000000
V 610.500000 575.000000 133.000000 50.000000
V 1165.500000 493.000000 47.000000 22.000000
V 1303.000000 644.000000 124.000000 48.000000
V 638.000000 761.000000 10.000000 10.000000
V 1324.000000 710.000000 130.000000 36.000000
V 875.000000 749.000000 10.000000 10.000000
V 804.000000 1042.000000 12.000000 12.000000
V 982.000000 882.000000 10.000000 10.000000
V 1211.000000 975.500000 104.000000 51.000000
V 790.000000 569.000000 12.000000 12.000000
V 735.000000 609.500000 80.000000 51.000000
V 970.000000 668.500000 80.000000 51.000000
V 1038.500000 480.500000 55.000000 23.000000
V 983.000000 776.000000 132.000000 50.000000
V 1165.000000 661.000000 12.000000 12.000000
V 928.500000 619.000000 133.000000 50.000000
V 748.500000 1136.500000 83.000000 51.000000
V 1036.000000 594.000000 12.000000 12.000000
V 919.000000 1151.000000 124.000000 36.000000
V 730.500000 1033.000000 91.000000 50.000000
V 581.000000 1017.000000 10.000000 10.000000
V 942.500000 1068.000000 129.000000 44.000000
V 799.500000 899.000000 51.000000 22.000000
V 799.500000 758.000000 85.000000 30.000000
V 1114.500000 747.500000 79.000000 51.000000
V 1079.000000 1064.000000 10.000000 10.000000
E 0 12
E 38 0
E 1 12
E 2 30
E 3 16
E 3 18
E 3 20
E 3 33
E 3 38
E 4 12
E 5 22
E 5 30
E 22 6
E 7 16
E 7 18
E 19 7
E 7 20
E 7 33
E 7 38
E 8 12
E 12 9
E 10 12
E 11 22
E 21 12
E 16 13
E 13 22
E 27 14
E 15 27
E 23 16
E 35 16
E 36 16
E 17 27
E 24 18
E 18 28
E 35 18
E 36 18
E 29 19
E 31 19
E 32 19
E 34 19
E 20 26
E 35 20
E 36 20
E 37 20
E 21 38
E 23 22
E 24 30
E 30 25
E 26 27
E 37 27
E 28 30
E 29 33
E 33 32
E 35 33
E 36 33
E 35 38
E 36 38
G R-HSA-9710421.sbgn 15 14
V 405.000000 346.500000 48.000000 31.000000
V 326.000000 420.000000 12.000000 12.000000
V 332.000000 305.500000 48.000000 31.000000
V 510.500000 310.500000 131.000000 37.000000
V 274.000000 473.500000 128.000000 51.000000
V 603.500000 437.500000 61.000000 31.000000
V 600.500000 363.000000 129.000000 66.000000
V 442.000000 389.500000 90.000000 45.000000
V 239.000000 413.500000 110.000000 37.000000
V 387.000000 511.000000 82.000000 52.000000
V 235.500000 334.500000 117.000000 65.000000
V 509.000000 436.000000 12.000000 12.000000
V 420.500000 439.500000 61.000000 31.000000
V 387.500000 306.500000 49.000000 31.000000
V 362.000000 420.500000 48.000000 31.000000
E 0 1
E 2 1
E 1 4
E 7 1
E 8 1
E 10 1
E 13 1
E 14 1
E 3 11
E 11 5
E 11 6
E 7 11
E 9 11
E 12 11
G R-HSA-9715370.sbgn 23 24
V 325.000000 467.000000 12.000000 12.000000
V 528.500000 659.000000 39.000000 30.000000
V 504.500000 153.000000 89.000000 22.000000
V 701.000000 396.000000 110.000000 26.000000
V 333.500000 293.000000 71.000000 22.000000
V 341.000000 606.000000 12.000000 12.000000
V 392.000000 544.000000 42.000000 30.000000
V 251.000000 529.000000 40.000000 30.000000
V 385.000000 112.000000 42.000000 30.000000
V 905.500000 471.500000 107.000000 39.000000
V 99.000000 56.000000 28.000000 30.000000
V 300.000000 44.000000 12.000000 12.000000
V 779.000000 449.000000 10.000000 10.000000
V 178.000000 655.000000 28.000000 30.000000
V 652.000000 137.000000 110.000000 26.000000
V 483.000000 471.000000 92.000000 22.000000
V 251.000000 114.000000 40.000000 30.000000
V 169.000000 467.000000 90.000000 22.000000
V 170.500000 148.000000 79.000000 22.000000
V 524.500000 25.000000 43.000000 26.000000
V 787.000000 215.000000 10.000000 10.000000
V 329.000000 172.000000 12.000000 12.000000
V 846.000000 141.500000 114.000000 41.000000
E 4 0
E 0 6
E 7 0
E 0 15
E 17 0
E 1 5
E 2 11
E 2 20
E 21 2
E 3 12
E 4 21
E 5 13
E 15 5
E 5 17
E 21 8
E 12 9
E 11 10
E 11 18
E 19 11
E 15 12
E 14 20
E 16 21
E 18 21
E 20 22
G R-HSA-975155.sbgn 22 22
V 1570.000000 1093.000000 10.000000 10.000000
V 145.000000 846.000000 10.000000 10.000000
V 151.000000 556.000000 10.000000 10.000000
V 71.500000 798.000000 89.000000 22.000000
V 343.500000 187.000000 115.000000 38.000000
V 72.000000 747.000000 42.000000 30.000000
V 185.000000 407.000000 10.000000 10.000000
V 1851.000000 186.500000 100.000000 47.000000
V 193.000000 257.000000 10.000000 10.000000
V 238.000000 309.000000 124.000000 50.000000
V 139.000000 697.000000 12.000000 12.000000
V 243.500000 464.500000 129.000000 37.000000
V 78.000000 641.000000 40.000000 30.000000
V 1452.500000 1051.000000 131.000000 78.000000
V 111.000000 192.000000 50.000000 22.000000
V 1692.500000 1063.000000 131.000000 78.000000
V 236.500000 607.000000 143.000000 50.000000
V 230.500000 772.000000 131.000000 64.000000
V 1689.000000 972.000000 10.000000 10.000000
V 92.500000 471.000000 45.000000 22.000000
V 1479.000000 1133.000000 46.000000 22.000000
V 234.000000 890.000000 126.000000 64.000000
E 13 0
E 0 15
E 20 0
E 3 1
E 17 1
E 1 21
E 11 2
E 2 16
E 19 2
E 4 8
E 10 5
E 9 6
E 6 11
E 14 6
E 18 7
E 8 9
E 14 8
E 12 10
E 16 10
E 10 17
E 15 18
E 18 17
G R-HSA-9757110.sbgn 31 30
V 556.000000 577.000000 52.000000 24.000000
V 1691.000000 443.500000 120.000000 23.000000
V 1120.000000 258.000000 12.000000 12.000000
V 1383.000000 637.500000 64.000000 31.000000
V 1479.000000 134.500000 40.000000 31.000000
V 1482.000000 589.000000 12.000000 12.000000
V 1527.000000 481.500000 36.000000 31.000000
V 1466.500000 99.500000 39.000000 31.000000
V 1561.500000 638.500000 61.000000 31.000000
V 1234.500000 259.500000 89.000000 37.000000
V 1480.000000 533.500000 54.000000 23.000000
V 1587.000000 55.000000 12.000000 12.000000
V 1466.500000 56.500000 45.000000 23.000000
V 1409.000000 481.500000 32.000000 31.000000
V 583.000000 611.500000 40.000000 31.000000
V 1478.500000 393.500000 57.000000 27.000000
V 1582.000000 481.500000 40.000000 31.000000
V 1773.000000 100.500000 40.000000 31.000000
V 567.500000 644.500000 39.000000 31.000000
V 655.500000 667.500000 97.000000 39.000000
V 1588.500000 139.500000 89.000000 37.000000
V 654.000000 576.000000 12.000000 12.000000
V 1695.500000 590.500000 117.000000 23.000000
V 742.000000 649.500000 28.000000 31.000000
V 1019.500000 620.500000 97.000000 39.000000
V 1445.000000 637.500000 36.000000 31.000000
V 772.000000 610.500000 40.000000 31.000000
V 1723.000000 131.500000 28.000000 31.000000
V 1014.500000 258.500000 115.000000 23.000000
V 1478.000000 440.000000 12.000000 12.000000
V 1028.000000 562.000000 12.000000 12.000000
E 0 21
E 29 1
E 2 9
E 28 2
E 3 5
E 4 11
E 5 8
E 9 5
E 10 5
E 5 22
E 25 5
E 29 6
E 7 11
E 9 29
E 12 11
E 11 17
E 20 11
E 11 27
E 11 28
E 13 29
E 14 21
E 15 29
E 29 16
E 18 21
E 19 21
E 21 23
E 21 26
E 21 28
E 30 24
E 28 30
G R-HSA-975871.sbgn 22 22
V 86.000000 211.500000 142.000000 53.000000
V 262.000000 263.500000 44.000000 21.000000
V 1337.000000 1038.000000 10.000000 10.000000
V 1453.500000 1100.500000 179.000000 51.000000
V 529.500000 41.000000 169.000000 48.000000
V 210.000000 506.500000 42.000000 29.000000
V 67.000000 552.500000 134.000000 63.000000
V 76.000000 334.500000 138.000000 57.000000
V 179.000000 299.000000 10.000000 10.000000
V 1234.500000 1094.500000 175.000000 69.000000
V 241.000000 199.000000 10.000000 10.000000
V 1450.000000 1025.000000 10.000000 10.000000
V 232.000000 595.500000 90.000000 21.000000
V 121.000000 687.000000 10.000000 10.000000
V 195.000000 376.500000 40.000000 29.000000
V 93.000000 66.000000 172.000000 60.000000
V 125.000000 442.000000 12.000000 12.000000
V 1708.500000 948.000000 107.000000 42.000000
V 1221.500000 1002.000000 53.000000 22.000000
V 274.000000 65.000000 10.000000 10.000000
V 93.500000 762.000000 145.000000 70.000000
V 348.000000 130.500000 56.000000 21.000000
E 0 8
E 10 0
E 1 8
E 2 3
E 9 2
E 18 2
E 3 11
E 4 19
E 16 5
E 11 6
E 6 13
E 16 6
E 8 7
E 7 16
E 15 10
E 21 10
E 11 17
E 12 13
E 13 20
E 14 16
E 19 15
E 21 19
G R-HSA-9758919.sbgn 17 17
V 878.500000 413.500000 133.000000 33.000000
V 257.000000 70.500000 88.000000 31.000000
V 738.000000 325.500000 98.000000 51.000000
V 496.500000 158.500000 183.000000 33.000000
V 646.000000 159.500000 72.000000 33.000000
V 624.000000 230.000000 80.000000 34.000000
V 341.500000 277.500000 99.000000 51.000000
V 369.000000 163.000000 10.000000 10.000000
V 526.000000 213.000000 12.000000 12.000000
V 118.000000 190.500000 124.000000 65.000000
V 446.000000 334.000000 10.000000 10.000000
V 653.000000 360.000000 10.000000 10.000000
V 846.000000 336.000000 10.000000 10.000000
V 133.000000 69.500000 82.000000 33.000000
V 559.000000 333.500000 118.000000 51.000000
V 654.000000 418.000000 140.000000 30.000000
V 446.500000 419.000000 147.000000 32.000000
E 12 0
E 1 7
E 2 12
E 7 3
E 3 8
E 4 8
E 8 5
E 5 10
E 5 11
E 5 12
E 6 10
E 9 7
E 13 7
E 9 8
E 10 16
E 14 11
E 11 15
G R-HSA-9758920.sbgn 16 18
V 700.500000 287.500000 87.000000 51.000000
V 519.000000 57.000000 92.000000 36.000000
V 261.000000 118.500000 104.000000 65.000000
V 579.000000 243.000000 12.000000 12.000000
V 760.000000 480.000000 78.000000 30.000000
V 407.500000 53.500000 93.000000 35.000000
V 437.000000 380.500000 138.000000 35.000000
V 483.000000 135.000000 12.000000 12.000000
V 192.500000 272.500000 103.000000 51.000000
V 821.000000 307.000000 10.000000 10.000000
V 764.000000 400.000000 12.000000 12.000000
V 599.000000 369.000000 66.000000 34.000000
V 581.000000 153.000000 104.000000 36.000000
V 862.500000 426.000000 107.000000 30.000000
V 317.000000 387.000000 10.000000 10.000000
V 850.500000 366.000000 137.000000 30.000000
E 0 9
E 0 10
E 1 7
E 2 7
E 6 3
E 8 3
E 3 11
E 12 3
E 10 4
E 4 14
E 5 7
E 14 6
E 7 12
E 8 14
E 12 9
E 9 15
E 13 10
E 15 10
G R-HSA-9761174.sbgn 19 27
V 552.500000 186.000000 59.000000 26.000000
V 758.500000 385.500000 95.000000 51.000000
V 1066.000000 28.000000 92.000000 28.000000
V 511.000000 378.500000 58.000000 29.000000
V 976.000000 441.000000 10.000000 10.000000
V 337.000000 570.500000 56.000000 27.000000
V 244.000000 191.500000 88.000000 51.000000
V 374.000000 28.000000 50.000000 30.000000
V 806.500000 195.500000 93.000000 51.000000
V 865.500000 454.000000 57.000000 28.000000
V 270.000000 387.500000 86.000000 51.000000
V 454.000000 184.000000 66.000000 26.000000
V 975.500000 330.500000 129.000000 27.000000
V 806.000000 569.000000 54.000000 26.000000
V 337.000000 273.000000 12.000000 12.000000
V 333.000000 482.000000 12.000000 12.000000
V 860.000000 325.000000 12.000000 12.000000
V 544.000000 21.000000 112.000000 30.000000
V 812.000000 491.000000 12.000000 12.000000
E 0 14
E 0 16
E 1 18
E 2 18
E 14 3
E 3 16
E 3 18
E 8 4
E 4 12
E 13 4
E 15 5
E 6 14
E 7 14
E 7 15
E 7 16
E 7 18
E 8 16
E 16 9
E 9 18
E 10 15
E 11 14
E 11 16
E 12 16
E 13 14
E 18 13
E 17 16
E 17 18
G R-HSA-9764302.sbgn 15 17
V 764.000000 297.000000 12.000000 12.000000
V 426.000000 76.000000 128.000000 22.000000
V 426.000000 198.000000 12.000000 12.000000
V 149.000000 77.000000 48.000000 22.000000
V 864.000000 380.000000 110.000000 50.000000
V 875.500000 308.000000 59.000000 22.000000
V 424.000000 133.000000 12.000000 12.000000
V 873.500000 262.000000 83.000000 22.000000
V 878.000000 215.000000 60.000000 22.000000
V 160.500000 171.500000 83.000000 51.000000
V 859.500000 161.000000 51.000000 22.000000
V 151.500000 253.000000 65.000000 22.000000
V 304.000000 84.000000 10.000000 10.000000
V 298.000000 232.000000 10.000000 10.000000
V 426.500000 256.000000 151.000000 26.000000
E 0 4
E 5 0
E 7 0
E 8 0
E 10 0
E 1 6
E 12 1
E 9 2
E 2 10
E 14 2
E 3 12
E 9 6
E 6 10
E 9 12
E 9 13
E 11 13
E 13 14
G R-HSA-977347.sbgn 32 38
V 910.000000 133.000000 48.000000 30.000000
V 982.000000 295.000000 12.000000 12.000000
V 240.000000 176.000000 52.000000 30.000000
V 60.500000 93.000000 53.000000 30.000000
V 990.000000 11.000000 112.000000 22.000000
V 613.000000 293.000000 38.000000 30.000000
V 901.000000 324.000000 52.000000 30.000000
V 660.500000 97.000000 43.000000 30.000000
V 148.000000 77.500000 70.000000 37.000000
V 815.000000 297.000000 98.000000 36.000000
V 815.000000 357.000000 12.000000 12.000000
V 236.500000 95.000000 35.000000 30.000000
V 816.000000 238.000000 12.000000 12.000000
V 991.000000 132.000000 12.000000 12.000000
V 571.000000 98.000000 42.000000 30.000000
V 702.500000 294.500000 53.000000 31.000000
V 458.000000 133.000000 12.000000 12.000000
V 766.000000 133.000000 12.000000 12.000000
V 982.500000 349.000000 51.000000 30.000000
V 458.500000 81.000000 121.000000 36.000000
V 148.000000 134.000000 12.000000 12.000000
V 817.500000 402.000000 39.000000 30.000000
V 766.000000 55.000000 114.000000 22.000000
V 747.500000 212.500000 109.000000 23.000000
V 608.500000 134.000000 65.000000 30.000000
V 861.500000 92.000000 27.000000 30.000000
V 745.000000 167.000000 12.000000 12.000000
V 304.500000 134.000000 55.000000 30.000000
V 1053.500000 295.000000 39.000000 30.000000
V 37.500000 134.000000 39.000000 30.000000
V 1089.000000 133.000000 48.000000 30.000000
V 349.000000 98.000000 50.000000 30.000000
E 0 1
E 0 12
E 0 13
E 17 0
E 0 26
E 6 1
E 9 1
E 1 18
E 28 1
E 20 2
E 3 20
E 4 13
E 10 5
E 12 5
E 26 5
E 6 10
E 7 17
E 8 20
E 9 10
E 9 12
E 10 15
E 18 10
E 21 10
E 20 11
E 12 15
E 13 30
E 16 14
E 26 15
E 19 16
E 16 24
E 27 16
E 31 16
E 22 17
E 24 17
E 17 25
E 20 27
E 29 20
E 23 26
G R-HSA-977443.sbgn 15 16
V 1589.000000 183.000000 12.000000 12.000000
V 1830.000000 482.000000 108.000000 36.000000
V 1245.500000 140.000000 121.000000 50.000000
V 1046.500000 134.000000 115.000000 36.000000
V 1802.500000 209.000000 119.000000 50.000000
V 1590.000000 138.000000 12.000000 12.000000
V 1072.500000 191.000000 101.000000 22.000000
V 1268.500000 194.000000 103.000000 22.000000
V 1453.500000 155.000000 119.000000 50.000000
V 1139.000000 140.000000 10.000000 10.000000
V 1350.000000 154.000000 10.000000 10.000000
V 1707.500000 485.000000 121.000000 36.000000
V 1802.000000 328.000000 10.000000 10.000000
V 1783.500000 138.000000 119.000000 50.000000
V 1670.500000 277.000000 27.000000 30.000000
E 0 4
E 8 0
E 0 14
E 12 1
E 9 2
E 2 10
E 3 9
E 12 3
E 4 12
E 8 5
E 5 13
E 5 14
E 6 9
E 7 10
E 10 8
E 12 11
G R-HSA-9793380.sbgn 22 28
V 509.000000 524.000000 12.000000 12.000000
V 599.500000 35.500000 57.000000 27.000000
V 563.000000 478.000000 128.000000 40.000000
V 1104.500000 625.000000 47.000000 28.000000
V 461.000000 440.000000 10.000000 10.000000
V 412.500000 244.500000 189.000000 39.000000
V 497.000000 310.000000 12.000000 12.000000
V 358.500000 332.000000 143.000000 32.000000
V 866.000000 431.000000 10.000000 10.000000
V 723.000000 463.500000 76.000000 51.000000
V 962.500000 447.000000 121.000000 36.000000
V 963.000000 548.000000 12.000000 12.000000
V 286.000000 267.000000 10.000000 10.000000
V 226.000000 440.500000 88.000000 51.000000
V 574.000000 327.000000 58.000000 24.000000
V 637.000000 79.500000 56.000000 27.000000
V 628.500000 412.000000 107.000000 28.000000
V 239.000000 327.000000 10.000000 10.000000
V 559.500000 571.000000 59.000000 26.000000
V 137.500000 302.500000 89.000000 51.000000
V 631.500000 230.500000 51.000000 23.000000
V 177.000000 234.000000 190.000000 22.000000
E 2 0
E 13 0
E 0 18
E 1 6
E 4 2
E 11 3
E 13 4
E 14 4
E 16 4
E 5 6
E 12 5
E 7 6
E 6 14
E 15 6
E 19 6
E 20 6
E 17 7
E 9 8
E 8 10
E 14 8
E 16 8
E 9 11
E 10 11
E 20 11
E 19 12
E 21 12
E 18 17
E 19 17
G R-HSA-9796292.sbgn 18 20
V 712.000000 358.000000 12.000000 12.000000
V 544.000000 200.000000 12.000000 12.000000
V 280.500000 265.000000 131.000000 26.000000
V 159.000000 79.000000 174.000000 24.000000
V 207.500000 232.500000 95.000000 25.000000
V 713.500000 443.000000 93.000000 24.000000
V 197.000000 316.000000 12.000000 12.000000
V 442.500000 319.000000 57.000000 26.000000
V 252.000000 43.500000 104.000000 23.000000
V 160.000000 168.500000 88.000000 51.000000
V 352.500000 42.000000 57.000000 24.000000
V 622.000000 134.500000 186.000000 41.000000
V 445.000000 137.000000 10.000000 10.000000
V 668.500000 246.500000 69.000000 51.000000
V 543.000000 269.000000 56.000000 22.000000
V 52.500000 113.500000 45.000000 23.000000
V 197.500000 433.000000 49.000000 24.000000
V 81.000000 337.500000 78.000000 51.000000
E 0 5
E 7 0
E 13 0
E 14 0
E 9 1
E 11 1
E 1 14
E 2 6
E 3 12
E 4 6
E 7 6
E 14 6
E 15 6
E 6 16
E 17 6
E 8 12
E 9 12
E 10 12
E 12 11
E 15 12
G R-HSA-9818030.sbgn 33 43
V 418.500000 278.000000 89.000000 66.000000
V 1245.000000 330.500000 128.000000 37.000000
V 915.000000 256.500000 122.000000 51.000000
V 425.500000 381.000000 89.000000 66.000000
V 258.500000 485.500000 103.000000 51.000000
V 936.000000 695.000000 12.000000 12.000000
V 912.500000 135.500000 125.000000 51.000000
V 917.000000 457.000000 12.000000 12.000000
V 722.000000 720.000000 10.000000 10.000000
V 259.000000 687.500000 114.000000 23.000000
V 937.500000 631.500000 115.000000 51.000000
V 420.500000 168.000000 89.000000 66.000000
V 418.500000 738.000000 89.000000 66.000000
V 913.000000 201.000000 12.000000 12.000000
V 1507.000000 698.500000 114.000000 37.000000
V 917.000000 392.500000 104.000000 51.000000
V 946.000000 845.500000 112.000000 51.000000
V 699.000000 372.000000 10.000000 10.000000
V 1230.000000 924.500000 132.000000 37.000000
V 424.500000 631.000000 89.000000 66.000000
V 942.000000 797.000000 12.000000 12.000000
V 699.000000 245.000000 10.000000 10.000000
V 1245.500000 205.500000 105.000000 65.000000
V 719.000000 612.000000 10.000000 10.000000
V 423.000000 867.000000 96.000000 66.000000
V 709.000000 139.000000 10.000000 10.000000
V 1255.500000 462.500000 103.000000 23.000000
V 946.000000 919.000000 12.000000 12.000000
V 267.500000 365.500000 125.000000 23.000000
V 1507.500000 797.500000 131.000000 37.000000
V 917.000000 328.000000 12.000000 12.000000
V 942.500000 733.500000 109.000000 51.000000
V 722.000000 829.000000 10.000000 10.000000
E 0 21
E 0 30
E 30 1
E 21 2
E 2 30
E 3 7
E 3 17
E 4 8
E 4 17
E 4 21
E 4 23
E 4 25
E 4 32
E 10 5
E 5 14
E 19 5
E 6 13
E 25 6
E 15 7
E 7 26
E 9 8
E 12 8
E 28 8
E 8 31
E 23 10
E 11 13
E 11 25
E 12 20
E 13 22
E 17 15
E 16 27
E 32 16
E 28 17
E 27 18
E 19 23
E 20 29
E 31 20
E 28 21
E 28 23
E 24 27
E 24 32
E 28 25
E 28 32
G R-HSA-9818032.sbgn 22 28
V 1144.000000 242.500000 102.000000 37.000000
V 300.500000 527.000000 89.000000 66.000000
V 1140.500000 643.500000 127.000000 37.000000
V 700.500000 580.500000 133.000000 51.000000
V 292.500000 397.000000 89.000000 66.000000
V 456.000000 445.000000 10.000000 10.000000
V 539.000000 326.000000 10.000000 10.000000
V 1135.000000 384.500000 102.000000 37.000000
V 292.500000 274.000000 89.000000 66.000000
V 209.500000 471.500000 125.000000 23.000000
V 686.000000 445.500000 130.000000 51.000000
V 687.000000 377.000000 12.000000 12.000000
V 685.000000 503.000000 12.000000 12.000000
V 202.500000 331.500000 103.000000 51.000000
V 680.000000 191.500000 132.000000 51.000000
V 295.500000 663.000000 89.000000 66.000000
V 705.000000 636.000000 12.000000 12.000000
V 504.000000 580.000000 10.000000 10.000000
V 407.000000 203.000000 10.000000 10.000000
V 686.000000 243.000000 12.000000 12.000000
V 1139.000000 518.500000 98.000000 35.000000
V 684.000000 321.500000 128.000000 51.000000
E 19 0
E 1 5
E 1 12
E 16 2
E 3 16
E 17 3
E 4 6
E 4 11
E 9 5
E 5 10
E 13 5
E 9 6
E 13 6
E 6 21
E 11 7
E 8 18
E 8 19
E 9 17
E 9 18
E 10 12
E 21 11
E 12 20
E 13 17
E 13 18
E 18 14
E 14 19
E 15 16
E 15 17
G R-HSA-9818564.sbgn 40 41
V 1059.000000 1147.000000 12.000000 12.000000
V 872.000000 1165.500000 48.000000 23.000000
V 4038.500000 1240.500000 77.000000 23.000000
V 5031.000000 935.000000 60.000000 30.000000
V 3205.000000 1150.000000 12.000000 12.000000
V 1776.500000 1315.500000 47.000000 23.000000
V 3938.000000 1159.000000 12.000000 12.000000
V 907.000000 1021.500000 56.000000 23.000000
V 3720.000000 1310.000000 82.000000 38.000000
V 5044.000000 1049.000000 60.000000 30.000000
V 2037.000000 1123.000000 114.000000 46.000000
V 4915.000000 1150.000000 324.000000 78.000000
V 1655.500000 1323.500000 31.000000 23.000000
V 3293.500000 1260.500000 85.000000 37.000000
V 2106.000000 1189.000000 12.000000 12.000000
V 1580.500000 1072.500000 85.000000 37.000000
V 4393.000000 1251.500000 96.000000 37.000000
V 2197.500000 1131.500000 45.000000 23.000000
V 971.000000 1088.000000 10.000000 10.000000
V 2992.500000 1162.500000 237.000000 91.000000
V 3543.500000 1161.500000 251.000000 65.000000
V 1328.000000 1150.000000 12.000000 12.000000
V 2363.000000 1168.500000 210.000000 55.000000
V 4636.000000 1153.000000 12.000000 12.000000
V 3834.000000 1293.500000 58.000000 33.000000
V 4185.000000 1150.500000 298.000000 73.000000
V 1710.000000 1324.500000 42.000000 23.000000
V 3872.000000 1348.500000 114.000000 37.000000
V 4931.000000 981.000000 12.000000 12.000000
V 1060.000000 1069.500000 98.000000 23.000000
V 4928.000000 828.500000 366.000000 81.000000
V 1685.000000 1150.000000 12.000000 12.000000
V 841.000000 1102.000000 118.000000 62.000000
V 1489.500000 1157.500000 145.000000 69.000000
V 2556.500000 1068.500000 135.000000 23.000000
V 2687.000000 1167.000000 12.000000 12.000000
V 1286.000000 1270.000000 152.000000 70.000000
V 1167.500000 1145.500000 101.000000 29.000000
V 3707.500000 1237.000000 115.000000 36.000000
V 1872.000000 1183.000000 190.000000 52.000000
E 1 0
E 29 0
E 32 0
E 0 37
E 2 6
E 28 3
E 4 13
E 19 4
E 4 20
E 5 6
E 5 31
E 8 6
E 20 6
E 24 6
E 6 25
E 27 6
E 38 6
E 7 18
E 9 28
E 10 14
E 23 11
E 11 28
E 12 31
E 14 17
E 14 22
E 39 14
E 15 31
E 16 23
E 18 29
E 32 18
E 35 19
E 21 33
E 36 21
E 37 21
E 22 35
E 25 23
E 26 31
E 28 30
E 33 31
E 31 39
E 34 35
G R-HSA-9818749.sbgn 18 23
V 591.000000 301.000000 10.000000 10.000000
V 594.000000 198.000000 10.000000 10.000000
V 333.000000 247.000000 12.000000 12.000000
V 327.000000 349.000000 12.000000 12.000000
V 453.000000 526.500000 118.000000 37.000000
V 586.500000 397.000000 89.000000 66.000000
V 99.000000 357.500000 104.000000 23.000000
V 832.000000 478.500000 130.000000 23.000000
V 472.000000 300.500000 122.000000 51.000000
V 864.500000 327.500000 127.000000 23.000000
V 862.500000 236.500000 103.000000 51.000000
V 591.000000 527.000000 10.000000 10.000000
V 590.000000 477.000000 10.000000 10.000000
V 453.000000 476.500000 130.000000 37.000000
V 846.500000 163.500000 125.000000 23.000000
V 337.000000 411.000000 12.000000 12.000000
V 471.500000 193.500000 135.000000 65.000000
V 827.000000 528.500000 118.000000 23.000000
E 5 0
E 0 8
E 9 0
E 5 1
E 10 1
E 14 1
E 1 16
E 5 2
E 2 6
E 16 2
E 5 3
E 3 6
E 8 3
E 11 4
E 4 15
E 5 11
E 5 12
E 5 15
E 15 6
E 7 12
E 17 11
E 12 13
E 13 15
G R-HSA-9820841.sbgn 18 17
V 134.500000 57.000000 205.000000 30.000000
V 103.500000 292.500000 67.000000 25.000000
V 688.000000 80.000000 132.000000 52.000000
V 305.000000 278.000000 10.000000 10.000000
V 100.500000 348.000000 119.000000 38.000000
V 130.500000 213.000000 173.000000 26.000000
V 106.500000 252.000000 55.000000 26.000000
V 295.000000 128.000000 10.000000 10.000000
V 691.000000 205.000000 42.000000 30.000000
V 113.500000 159.500000 79.000000 29.000000
V 420.500000 129.500000 161.000000 37.000000
V 101.500000 111.000000 125.000000 36.000000
V 497.500000 241.000000 43.000000 30.000000
V 494.500000 82.000000 43.000000 30.000000
V 574.000000 134.000000 12.000000 12.000000
V 686.500000 318.000000 131.000000 52.000000
V 564.000000 277.000000 12.000000 12.000000
V 423.500000 278.000000 135.000000 38.000000
E 0 7
E 1 3
E 14 2
E 4 3
E 5 3
E 6 3
E 3 17
E 9 7
E 7 10
E 11 7
E 14 8
E 16 8
E 10 14
E 12 16
E 13 14
E 16 15
E 17 16
G R-HSA-9820960.sbgn 35 37
V 189.500000 157.000000 127.000000 36.000000
V 560.000000 450.500000 98.000000 27.000000
V 1089.500000 304.000000 73.000000 28.000000
V 619.000000 25.500000 78.000000 39.000000
V 932.500000 392.500000 85.000000 29.000000
V 410.500000 165.000000 85.000000 22.000000
V 548.500000 413.000000 81.000000 22.000000
V 1084.500000 358.000000 81.000000 22.000000
V 456.500000 239.000000 73.000000 22.000000
V 622.000000 332.500000 106.000000 39.000000
V 1073.500000 452.000000 99.000000 22.000000
V 788.500000 430.000000 125.000000 32.000000
V 630.000000 164.000000 46.000000 22.000000
V 328.000000 159.000000 10.000000 10.000000
V 447.500000 12.500000 93.000000 23.000000
V 246.000000 54.500000 50.000000 23.000000
V 239.000000 103.000000 80.000000 24.000000
V 667.500000 281.000000 43.000000 22.000000
V 634.000000 241.000000 12.000000 12.000000
V 612.500000 498.000000 99.000000 22.000000
V 515.500000 165.000000 57.000000 22.000000
V 513.500000 80.000000 85.000000 22.000000
V 431.000000 400.000000 54.000000 22.000000
V 821.500000 235.000000 57.000000 22.000000
V 894.000000 168.000000 32.000000 22.000000
V 957.000000 203.000000 12.000000 12.000000
V 734.000000 343.000000 12.000000 12.000000
V 1084.000000 405.000000 54.000000 22.000000
V 520.000000 368.000000 114.000000 22.000000
V 641.000000 102.000000 10.000000 10.000000
V 781.500000 165.500000 93.000000 45.000000
V 951.000000 112.000000 10.000000 10.000000
V 1062.500000 152.500000 83.000000 47.000000
V 1094.000000 249.000000 114.000000 22.000000
V 533.000000 39.000000 10.000000 10.000000
E 13 0
E 26 1
E 25 2
E 34 3
E 25 4
E 26 4
E 5 18
E 26 6
E 25 7
E 8 18
E 18 9
E 9 26
E 25 10
E 25 11
E 26 11
E 12 29
E 15 13
E 16 13
E 21 13
E 14 34
E 17 26
E 32 18
E 26 19
E 20 29
E 21 29
E 21 34
E 26 22
E 25 23
E 26 23
E 24 31
E 25 27
E 32 25
E 25 33
E 26 28
E 29 30
E 30 31
E 31 32
G R-HSA-9820962.sbgn 17 16
V 1091.000000 379.000000 12.000000 12.000000
V 1362.500000 24.000000 129.000000 36.000000
V 650.500000 375.000000 129.000000 36.000000
V 1215.500000 119.000000 105.000000 22.000000
V 444.000000 476.000000 146.000000 50.000000
V 1045.500000 287.000000 77.000000 22.000000
V 523.000000 367.000000 12.000000 12.000000
V 1101.500000 118.000000 57.000000 22.000000
V 959.500000 380.000000 113.000000 64.000000
V 965.500000 125.000000 123.000000 28.000000
V 839.000000 382.000000 12.000000 12.000000
V 1288.000000 180.000000 12.000000 12.000000
V 307.500000 340.000000 101.000000 36.000000
V 1322.000000 225.500000 92.000000 23.000000
V 792.500000 303.500000 89.000000 23.000000
V 1230.000000 381.000000 136.000000 54.000000
V 486.500000 309.000000 117.000000 22.000000
E 5 0
E 8 0
E 0 15
E 11 1
E 6 2
E 2 10
E 3 11
E 4 6
E 12 6
E 16 6
E 7 11
E 10 8
E 9 11
E 14 10
E 13 11
E 15 11
G R-HSA-9820965.sbgn 40 47
V 539.000000 138.000000 88.000000 30.000000
V 194.000000 518.000000 12.000000 12.000000
V 453.000000 706.500000 134.000000 37.000000
V 308.000000 527.000000 12.000000 12.000000
V 336.000000 199.500000 64.000000 31.000000
V 440.000000 220.000000 10.000000 10.000000
V 394.000000 626.000000 28.000000 30.000000
V 451.500000 433.500000 139.000000 37.000000
V 352.500000 378.500000 53.000000 23.000000
V 443.000000 279.000000 124.000000 36.000000
V 114.000000 472.000000 12.000000 12.000000
V 271.500000 125.000000 85.000000 22.000000
V 459.000000 572.000000 12.000000 12.000000
V 548.000000 540.000000 36.000000 30.000000
V 444.000000 370.000000 12.000000 12.000000
V 503.500000 376.000000 47.000000 22.000000
V 106.500000 553.000000 113.000000 36.000000
V 382.000000 332.500000 64.000000 31.000000
V 294.000000 358.000000 12.000000 12.000000
V 255.500000 524.000000 59.000000 30.000000
V 589.500000 424.500000 109.000000 45.000000
V 320.500000 676.000000 103.000000 42.000000
V 384.000000 139.000000 96.000000 36.000000
V 724.000000 656.000000 40.000000 30.000000
V 190.000000 295.500000 100.000000 37.000000
V 213.000000 178.000000 126.000000 50.000000
V 256.000000 417.000000 130.000000 46.000000
V 743.000000 362.000000 116.000000 64.000000
V 266.500000 595.000000 131.000000 48.000000
V 599.000000 712.000000 12.000000 12.000000
V 797.000000 736.000000 108.000000 50.000000
V 564.000000 310.000000 10.000000 10.000000
V 197.500000 351.000000 123.000000 22.000000
V 649.000000 609.000000 116.000000 44.000000
V 380.000000 488.000000 40.000000 30.000000
V 393.500000 534.500000 35.000000 27.000000
V 327.000000 286.000000 12.000000 12.000000
V 627.000000 211.500000 82.000000 31.000000
V 794.000000 605.000000 12.000000 12.000000
V 170.500000 634.000000 91.000000 22.000000
E 0 5
E 0 18
E 38 0
E 19 1
E 26 1
E 1 39
E 12 2
E 2 29
E 19 3
E 26 3
E 3 28
E 4 36
E 5 9
E 22 5
E 12 6
E 7 12
E 14 7
E 8 14
E 8 36
E 9 14
E 9 31
E 9 36
E 10 16
E 25 10
E 28 10
E 11 36
E 12 13
E 21 12
E 12 33
E 34 12
E 35 12
E 38 13
E 15 14
E 17 14
E 24 18
E 25 18
E 18 26
E 32 18
E 31 20
E 21 29
E 23 38
E 36 25
E 38 27
E 29 30
E 29 33
E 30 38
E 37 31
G R-HSA-9821993.sbgn 29 32
V 82.000000 105.000000 40.000000 30.000000
V 515.000000 219.000000 48.000000 26.000000
V 367.500000 103.000000 41.000000 30.000000
V 71.000000 185.000000 98.000000 24.000000
V 334.000000 435.000000 92.000000 24.000000
V 99.000000 501.500000 152.000000 39.000000
V 515.500000 181.000000 45.000000 26.000000
V 502.000000 434.000000 80.000000 22.000000
V 312.000000 502.000000 12.000000 12.000000
V 244.000000 146.000000 12.000000 12.000000
V 569.000000 310.000000 204.000000 26.000000
V 568.000000 255.000000 10.000000 10.000000
V 294.500000 273.000000 61.000000 30.000000
V 246.500000 96.000000 97.000000 24.000000
V 475.500000 398.000000 53.000000 22.000000
V 562.500000 508.000000 135.000000 26.000000
V 403.500000 273.000000 59.000000 24.000000
V 565.000000 396.000000 12.000000 12.000000
V 414.500000 338.000000 63.000000 22.000000
V 355.000000 338.000000 12.000000 12.000000
V 564.500000 50.500000 163.000000 27.000000
V 291.500000 352.000000 35.000000 30.000000
V 510.000000 474.000000 66.000000 24.000000
V 422.500000 395.000000 41.000000 22.000000
V 246.000000 50.000000 12.000000 12.000000
V 650.500000 466.500000 91.000000 25.000000
V 282.500000 402.000000 61.000000 30.000000
V 577.500000 116.500000 131.000000 27.000000
V 73.000000 35.500000 98.000000 25.000000
E 0 9
E 0 24
E 8 1
E 1 11
E 9 2
E 24 2
E 3 9
E 4 8
E 19 4
E 8 5
E 8 6
E 6 11
E 7 8
E 14 8
E 15 8
E 22 8
E 23 8
E 13 9
E 9 27
E 11 10
E 10 17
E 27 11
E 12 19
E 13 24
E 17 15
E 16 19
E 17 25
E 18 19
E 19 21
E 19 26
E 24 20
E 28 24
G R-HSA-9832991.sbgn 22 25
V 300.500000 443.500000 69.000000 29.000000
V 420.000000 467.000000 12.000000 12.000000
V 576.500000 182.500000 69.000000 35.000000
V 137.500000 539.500000 59.000000 35.000000
V 405.500000 125.500000 59.000000 31.000000
V 141.000000 468.000000 12.000000 12.000000
V 324.000000 175.500000 182.000000 35.000000
V 651.000000 424.000000 12.000000 12.000000
V 422.500000 535.500000 57.000000 33.000000
V 438.000000 71.000000 96.000000 52.000000
V 169.000000 302.000000 10.000000 10.000000
V 209.000000 225.500000 62.000000 33.000000
V 652.000000 522.500000 58.000000 31.000000
V 496.000000 187.000000 12.000000 12.000000
V 492.000000 348.000000 10.000000 10.000000
V 361.000000 300.000000 96.000000 52.000000
V 199.500000 393.500000 89.000000 37.000000
V 595.000000 276.000000 86.000000 52.000000
V 77.000000 222.000000 96.000000 52.000000
V 494.500000 259.500000 69.000000 31.000000
V 492.500000 404.500000 123.000000 31.000000
V 743.000000 425.500000 64.000000 33.000000
E 0 1
E 0 5
E 1 8
E 15 1
E 20 1
E 2 13
E 5 3
E 4 13
E 8 5
E 16 5
E 18 5
E 6 13
E 8 7
E 7 12
E 17 7
E 19 7
E 21 7
E 9 13
E 11 10
E 10 16
E 18 10
E 13 19
E 15 14
E 19 14
E 14 20
G R-HSA-9833110.sbgn 32 33
V 1403.500000 816.500000 87.000000 23.000000
V 1491.000000 625.500000 32.000000 23.000000
V 1409.500000 737.500000 81.000000 23.000000
V 970.000000 941.000000 10.000000 10.000000
V 930.500000 657.500000 41.000000 23.000000
V 1704.500000 593.500000 89.000000 23.000000
V 1840.500000 120.500000 113.000000 51.000000
V 1903.000000 237.000000 12.000000 12.000000
V 1071.000000 654.500000 68.000000 23.000000
V 1341.000000 618.500000 54.000000 23.000000
V 1253.000000 894.000000 10.000000 10.000000
V 1607.000000 589.000000 10.000000 10.000000
V 916.000000 898.500000 40.000000 31.000000
V 951.000000 710.500000 32.000000 23.000000
V 970.000000 1012.500000 124.000000 37.000000
V 1240.000000 812.000000 10.000000 10.000000
V 1194.000000 1012.500000 104.000000 23.000000
V 1405.000000 678.000000 10.000000 10.000000
V 970.000000 841.500000 160.000000 67.000000
V 1532.000000 515.500000 116.000000 23.000000
V 1995.500000 239.500000 117.000000 37.000000
V 1270.000000 958.000000 10.000000 10.000000
V 1845.500000 200.500000 47.000000 23.000000
V 1175.000000 926.500000 32.000000 23.000000
V 1177.500000 856.500000 51.000000 23.000000
V 1007.000000 686.000000 10.000000 10.000000
V 1379.500000 957.500000 131.000000 23.000000
V 1994.000000 173.000000 10.000000 10.000000
V 1357.000000 894.500000 78.000000 23.000000
V 2044.500000 112.500000 113.000000 65.000000
V 1849.500000 281.500000 25.000000 23.000000
V 1141.500000 770.500000 41.000000 23.000000
E 15 0
E 1 11
E 1 17
E 2 15
E 17 2
E 12 3
E 3 14
E 18 3
E 24 3
E 4 25
E 5 7
E 11 5
E 6 27
E 7 20
E 22 7
E 30 7
E 8 15
E 25 8
E 9 17
E 23 10
E 24 10
E 10 28
E 19 11
E 13 25
E 24 15
E 28 15
E 31 15
E 16 21
E 20 27
E 23 21
E 21 26
E 22 27
E 27 29
G R-HSA-9836573.sbgn 20 19
V 481.000000 256.000000 124.000000 26.000000
V 152.000000 414.000000 236.000000 48.000000
V 762.500000 313.500000 105.000000 23.000000
V 620.000000 630.000000 114.000000 38.000000
V 601.000000 424.500000 42.000000 31.000000
V 448.000000 223.000000 30.000000 26.000000
V 549.000000 523.000000 84.000000 24.000000
V 677.000000 525.500000 42.000000 31.000000
V 762.500000 562.500000 117.000000 29.000000
V 578.000000 120.000000 12.000000 12.000000
V 446.500000 186.500000 39.000000 31.000000
V 619.000000 565.000000 12.000000 12.000000
V 553.000000 486.000000 12.000000 12.000000
V 227.000000 507.000000 10.000000 10.000000
V 700.000000 52.500000 256.000000 27.000000
V 516.500000 73.500000 39.000000 31.000000
V 496.000000 372.000000 234.000000 44.000000
V 453.000000 477.000000 102.000000 26.000000
V 226.000000 575.500000 268.000000 43.000000
V 616.500000 255.500000 133.000000 25.000000
E 9 0
E 1 13
E 2 9
E 2 12
E 11 3
E 4 12
E 9 5
E 6 11
E 12 6
E 7 11
E 8 11
E 9 10
E 14 9
E 15 9
E 9 19
E 16 12
E 17 12
E 17 13
E 13 18
G R-HSA-983712.sbgn 33 33
V 2300.000000 503.000000 50.000000 30.000000
V 1858.500000 665.000000 41.000000 30.000000
V 2294.000000 592.500000 24.000000 23.000000
V 2212.000000 1167.000000 40.000000 30.000000
V 2078.000000 1222.000000 118.000000 64.000000
V 1689.000000 574.000000 12.000000 12.000000
V 2229.000000 1108.000000 50.000000 22.000000
V 1576.000000 318.000000 70.000000 22.000000
V 1875.000000 820.000000 36.000000 30.000000
V 1616.000000 574.000000 90.000000 30.000000
V 2248.000000 1200.000000 50.000000 30.000000
V 2186.000000 702.000000 12.000000 12.000000
V 2110.000000 1164.000000 50.000000 30.000000
V 2187.500000 644.000000 119.000000 36.000000
V 2025.500000 791.500000 67.000000 35.000000
V 1709.500000 495.000000 43.000000 30.000000
V 2233.500000 782.000000 71.000000 22.000000
V 1652.000000 318.000000 12.000000 12.000000
V 2208.000000 567.000000 70.000000 28.000000
V 1636.000000 253.000000 50.000000 30.000000
V 2302.000000 823.000000 50.000000 30.000000
V 2162.000000 1263.000000 42.000000 22.000000
V 2245.000000 1262.000000 50.000000 30.000000
V 2128.000000 497.000000 36.000000 30.000000
V 2209.000000 525.000000 12.000000 12.000000
V 2164.000000 1167.000000 12.000000 12.000000
V 1591.000000 620.000000 50.000000 30.000000
V 1931.000000 629.000000 50.000000 30.000000
V 1688.500000 683.000000 27.000000 30.000000
V 2224.000000 680.000000 30.000000 22.000000
V 2177.000000 1085.000000 28.000000 22.000000
V 2125.500000 785.000000 79.000000 36.000000
V 1665.000000 475.000000 40.000000 30.000000
E 24 0
E 5 1
E 11 2
E 24 2
E 3 25
E 4 25
E 9 5
E 15 5
E 5 26
E 27 5
E 5 28
E 32 5
E 6 25
E 7 17
E 8 11
E 10 25
E 13 11
E 14 11
E 16 11
E 11 20
E 27 11
E 29 11
E 30 11
E 31 11
E 12 25
E 17 19
E 27 17
E 18 24
E 21 25
E 25 22
E 23 24
E 27 24
E 30 25
G R-HSA-9837999.sbgn 17 18
V 943.500000 607.500000 49.000000 31.000000
V 999.500000 557.500000 43.000000 31.000000
V 950.500000 1151.500000 41.000000 31.000000
V 953.500000 643.500000 43.000000 31.000000
V 1041.000000 1190.000000 12.000000 12.000000
V 945.500000 557.500000 35.000000 33.000000
V 910.000000 852.500000 212.000000 47.000000
V 1041.000000 1035.000000 10.000000 10.000000
V 1010.000000 754.000000 10.000000 10.000000
V 1035.000000 629.000000 12.000000 12.000000
V 1162.000000 1015.500000 154.000000 65.000000
V 948.500000 1232.500000 35.000000 33.000000
V 991.000000 1255.500000 42.000000 31.000000
V 1007.000000 940.500000 164.000000 29.000000
V 1046.000000 1087.500000 166.000000 53.000000
V 1000.000000 693.500000 222.000000 41.000000
V 997.000000 1136.500000 44.000000 31.000000
E 0 9
E 9 1
E 2 4
E 3 9
E 4 11
E 4 12
E 4 13
E 14 4
E 16 4
E 9 5
E 6 8
E 10 7
E 13 7
E 7 14
E 13 8
E 8 15
E 9 13
E 15 9
G R-HSA-9840373.sbgn 20 19
V 124.500000 243.500000 39.000000 31.000000
V 612.500000 238.000000 107.000000 24.000000
V 195.500000 616.500000 149.000000 27.000000
V 396.500000 564.500000 169.000000 27.000000
V 465.500000 359.000000 119.000000 28.000000
V 466.500000 452.500000 125.000000 27.000000
V 319.500000 452.000000 79.000000 28.000000
V 175.000000 187.000000 162.000000 22.000000
V 396.000000 519.000000 10.000000 10.000000
V 176.000000 243.000000 12.000000 12.000000
V 305.000000 151.000000 12.000000 12.000000
V 395.000000 619.000000 12.000000 12.000000
V 597.500000 619.500000 193.000000 29.000000
V 431.500000 265.000000 43.000000 28.000000
V 465.000000 313.000000 12.000000 12.000000
V 466.000000 400.000000 12.000000 12.000000
V 313.000000 85.500000 162.000000 29.000000
V 305.500000 241.000000 151.000000 28.000000
V 494.500000 237.500000 71.000000 23.000000
V 185.500000 308.000000 45.000000 24.000000
E 0 9
E 1 14
E 2 11
E 8 3
E 3 11
E 14 4
E 4 15
E 5 8
E 15 5
E 6 8
E 7 9
E 17 9
E 9 19
E 16 10
E 10 17
E 11 12
E 13 14
E 17 14
E 18 14
G R-HSA-9841251.sbgn 36 39
V 488.500000 974.500000 89.000000 51.000000
V 351.000000 178.000000 12.000000 12.000000
V 351.500000 225.500000 169.000000 31.000000
V 1036.000000 319.000000 62.000000 24.000000
V 544.500000 1056.500000 87.000000 51.000000
V 614.000000 1000.000000 10.000000 10.000000
V 829.000000 1005.000000 300.000000 22.000000
V 1037.500000 274.000000 59.000000 24.000000
V 206.500000 130.500000 67.000000 29.000000
V 469.000000 118.000000 42.000000 30.000000
V 886.000000 1035.000000 12.000000 12.000000
V 238.000000 644.000000 42.000000 30.000000
V 788.000000 1255.000000 12.000000 12.000000
V 364.000000 418.000000 228.000000 26.000000
V 420.000000 1269.500000 84.000000 51.000000
V 186.000000 247.500000 132.000000 29.000000
V 352.000000 305.000000 12.000000 12.000000
V 428.000000 1104.500000 88.000000 51.000000
V 1034.000000 173.000000 56.000000 24.000000
V 186.500000 1106.500000 45.000000 23.000000
V 424.000000 1179.500000 86.000000 51.000000
V 785.000000 1151.000000 12.000000 12.000000
V 883.000000 1086.000000 12.000000 12.000000
V 273.000000 897.000000 130.000000 22.000000
V 768.000000 949.000000 12.000000 12.000000
V 1181.000000 95.500000 60.000000 41.000000
V 699.000000 101.000000 48.000000 24.000000
V 586.000000 907.000000 10.000000 10.000000
V 99.000000 736.000000 12.000000 12.000000
V 147.000000 669.000000 12.000000 12.000000
V 541.000000 60.000000 12.000000 12.000000
V 179.500000 412.500000 47.000000 27.000000
V 1035.500000 232.500000 63.000000 25.000000
V 119.000000 548.000000 40.000000 30.000000
V 55.500000 496.000000 43.000000 24.000000
V 738.500000 909.000000 231.000000 22.000000
E 0 24
E 0 27
E 1 2
E 8 1
E 9 1
E 2 16
E 24 3
E 4 5
E 4 10
E 5 6
E 17 5
E 19 5
E 23 5
E 6 10
E 6 22
E 10 7
E 29 11
E 14 12
E 19 12
E 12 25
E 16 13
E 15 16
E 16 31
E 17 22
E 21 18
E 19 21
E 19 27
E 28 19
E 20 21
E 22 32
E 23 27
E 29 23
E 35 24
E 30 26
E 27 35
E 34 28
E 31 29
E 33 29
E 34 30
G R-HSA-9842640.sbgn 15 14
V 435.500000 189.500000 41.000000 31.000000
V 682.000000 433.500000 100.000000 51.000000
V 602.000000 490.500000 44.000000 29.000000
V 535.000000 431.000000 12.000000 12.000000
V 523.000000 132.500000 118.000000 51.000000
V 859.000000 123.500000 118.000000 51.000000
V 62.500000 132.500000 125.000000 37.000000
V 662.500000 216.500000 61.000000 25.000000
V 418.500000 432.500000 111.000000 37.000000
V 384.000000 136.000000 12.000000 12.000000
V 481.000000 479.500000 40.000000 31.000000
V 308.000000 189.500000 40.000000 31.000000
V 246.500000 141.500000 125.000000 51.000000
V 159.000000 136.000000 10.000000 10.000000
V 729.000000 112.000000 12.000000 12.000000
E 9 0
E 3 1
E 3 2
E 4 3
E 8 3
E 10 3
E 9 4
E 4 14
E 14 5
E 6 13
E 7 14
E 11 9
E 12 9
E 13 12
G R-HSA-9842663.sbgn 34 33
V 88.000000 15.000000 78.000000 30.000000
V 1173.500000 621.500000 79.000000 57.000000
V 58.500000 84.000000 79.000000 26.000000
V 1160.000000 63.000000 96.000000 38.000000
V 960.500000 89.000000 113.000000 46.000000
V 818.000000 82.000000 10.000000 10.000000
V 159.000000 469.500000 74.000000 31.000000
V 119.500000 395.500000 53.000000 33.000000
V 1160.000000 422.000000 12.000000 12.000000
V 53.500000 442.500000 107.000000 51.000000
V 1108.000000 471.000000 44.000000 34.000000
V 57.000000 353.000000 12.000000 12.000000
V 280.000000 189.500000 40.000000 31.000000
V 1111.000000 387.000000 36.000000 28.000000
V 66.000000 505.000000 10.000000 10.000000
V 395.500000 351.500000 109.000000 37.000000
V 1164.000000 592.000000 10.000000 10.000000
V 654.500000 57.500000 119.000000 51.000000
V 634.500000 216.500000 61.000000 25.000000
V 407.500000 189.500000 41.000000 31.000000
V 560.500000 335.500000 77.000000 37.000000
V 70.500000 287.500000 81.000000 39.000000
V 1184.500000 347.000000 81.000000 40.000000
V 922.000000 321.000000 10.000000 10.000000
V 1088.000000 57.000000 12.000000 12.000000
V 138.500000 321.000000 51.000000 36.000000
V 68.000000 558.500000 126.000000 51.000000
V 149.000000 53.000000 10.000000 10.000000
V 1175.500000 517.500000 81.000000 47.000000
V 247.000000 282.000000 10.000000 10.000000
V 228.000000 65.000000 104.000000 38.000000
V 1099.500000 547.000000 57.000000 26.000000
V 390.000000 62.000000 12.000000 12.000000
V 1051.000000 146.500000 58.000000 33.000000
E 0 27
E 16 1
E 2 27
E 24 3
E 5 4
E 17 5
E 18 5
E 6 14
E 11 7
E 8 10
E 13 8
E 22 8
E 8 28
E 11 9
E 9 14
E 21 11
E 25 11
E 12 32
E 14 26
E 15 29
E 28 16
E 31 16
E 17 23
E 17 24
E 17 29
E 32 17
E 32 19
E 20 23
E 29 21
E 23 22
E 33 24
E 27 30
E 30 32
G R-HSA-9843743.sbgn 32 36
V 816.500000 1159.500000 97.000000 23.000000
V 1518.500000 606.000000 77.000000 52.000000
V 272.000000 976.500000 140.000000 39.000000
V 319.500000 391.500000 71.000000 23.000000
V 699.000000 990.500000 126.000000 93.000000
V 304.500000 832.000000 61.000000 22.000000
V 1360.500000 285.000000 85.000000 52.000000
V 1454.000000 856.000000 12.000000 12.000000
V 714.000000 509.000000 12.000000 12.000000
V 550.000000 980.500000 102.000000 143.000000
V 1352.500000 885.000000 77.000000 52.000000
V 1794.000000 860.500000 102.000000 37.000000
V 667.500000 628.500000 113.000000 161.000000
V 835.000000 474.500000 134.000000 93.000000
V 1648.000000 632.500000 44.000000 23.000000
V 216.500000 784.500000 93.000000 49.000000
V 1005.000000 1070.000000 92.000000 140.000000
V 1512.000000 418.000000 12.000000 12.000000
V 249.000000 253.000000 72.000000 52.000000
V 1761.000000 270.500000 62.000000 25.000000
V 39.000000 896.500000 78.000000 23.000000
V 292.000000 339.000000 12.000000 12.000000
V 1570.000000 508.000000 12.000000 12.000000
V 655.500000 431.500000 111.000000 37.000000
V 1318.000000 701.000000 12.000000 12.000000
V 421.500000 785.000000 111.000000 120.000000
V 220.000000 894.000000 10.000000 10.000000
V 432.000000 948.000000 12.000000 12.000000
V 556.000000 328.000000 70.000000 50.000000
V 906.000000 1061.000000 12.000000 12.000000
V 1763.500000 549.500000 53.000000 23.000000
V 1399.500000 754.000000 71.000000 52.000000
E 0 7
E 0 24
E 0 29
E 1 22
E 26 2
E 2 27
E 21 3
E 4 29
E 5 7
E 5 22
E 5 24
E 5 26
E 5 27
E 6 17
E 7 11
E 23 7
E 31 7
E 8 12
E 13 8
E 23 8
E 27 9
E 10 24
E 24 14
E 15 26
E 29 16
E 17 19
E 23 17
E 18 21
E 20 26
E 23 21
E 28 21
E 23 22
E 22 30
E 23 24
E 28 24
E 25 27
G R-HSA-9854311.sbgn 25 27
V 1423.000000 432.500000 40.000000 23.000000
V 1043.000000 687.500000 86.000000 23.000000
V 1365.500000 532.500000 55.000000 23.000000
V 1314.000000 403.500000 124.000000 37.000000
V 1090.000000 390.500000 48.000000 31.000000
V 800.000000 684.500000 126.000000 23.000000
V 1448.500000 516.500000 55.000000 23.000000
V 528.500000 570.500000 55.000000 23.000000
V 991.500000 409.500000 107.000000 37.000000
V 711.500000 483.500000 121.000000 23.000000
V 1036.500000 536.500000 79.000000 23.000000
V 485.500000 484.000000 75.000000 26.000000
V 931.500000 480.500000 123.000000 51.000000
V 1203.000000 403.500000 70.000000 23.000000
V 305.500000 485.500000 41.000000 23.000000
V 288.000000 433.500000 40.000000 31.000000
V 1205.000000 484.000000 12.000000 12.000000
V 1467.500000 469.500000 125.000000 23.000000
V 814.000000 549.000000 12.000000 12.000000
V 395.000000 484.000000 12.000000 12.000000
V 814.500000 619.500000 129.000000 51.000000
V 969.000000 636.000000 10.000000 10.000000
V 617.000000 483.000000 10.000000 10.000000
V 423.500000 398.500000 55.000000 23.000000
V 351.500000 401.500000 49.000000 31.000000
E 0 16
E 21 1
E 2 16
E 21 2
E 3 16
E 16 4
E 5 21
E 6 16
E 21 6
E 7 18
E 7 22
E 16 8
E 9 18
E 22 9
E 16 10
E 19 11
E 11 22
E 16 12
E 12 18
E 13 16
E 14 19
E 15 19
E 17 16
E 18 20
E 23 19
E 24 19
E 20 21
G R-HSA-9856872.sbgn 34 39
V 330.000000 508.000000 40.000000 32.000000
V 571.000000 572.500000 78.000000 35.000000
V 414.000000 325.500000 34.000000 31.000000
V 235.500000 312.500000 45.000000 37.000000
V 772.000000 232.000000 12.000000 12.000000
V 624.000000 428.500000 32.000000 31.000000
V 488.500000 135.500000 43.000000 33.000000
V 994.000000 378.000000 44.000000 36.000000
V 512.500000 429.000000 35.000000 30.000000
V 905.000000 446.000000 12.000000 12.000000
V 255.000000 390.000000 50.000000 36.000000
V 682.500000 296.000000 39.000000 32.000000
V 610.000000 196.500000 32.000000 31.000000
V 249.000000 471.000000 50.000000 28.000000
V 977.500000 445.000000 47.000000 36.000000
V 806.000000 150.000000 40.000000 32.000000
V 957.000000 523.500000 48.000000 37.000000
V 333.500000 295.000000 37.000000 36.000000
V 574.000000 378.000000 12.000000 12.000000
V 573.000000 267.000000 12.000000 12.000000
V 835.000000 328.000000 36.000000 30.000000
V 852.500000 230.500000 45.000000 37.000000
V 937.000000 325.500000 32.000000 31.000000
V 543.000000 312.000000 30.000000 30.000000
V 382.000000 123.000000 38.000000 32.000000
V 571.000000 508.000000 12.000000 12.000000
V 487.000000 218.000000 12.000000 12.000000
V 716.000000 147.500000 50.000000 33.000000
V 574.000000 144.500000 92.000000 25.000000
V 574.000000 471.500000 94.000000 33.000000
V 837.500000 511.500000 47.000000 39.000000
V 487.000000 294.000000 40.000000 26.000000
V 367.000000 219.500000 106.000000 37.000000
V 332.000000 389.000000 12.000000 12.000000
E 0 25
E 33 0
E 1 25
E 2 33
E 3 33
E 11 4
E 4 15
E 20 4
E 21 4
E 4 27
E 18 5
E 19 6
E 6 26
E 9 7
E 8 18
E 14 9
E 16 9
E 9 20
E 9 22
E 30 9
E 10 33
E 18 11
E 19 11
E 19 12
E 33 13
E 15 25
E 26 17
E 17 33
E 29 18
E 31 18
E 23 19
E 27 19
E 28 19
E 31 19
E 25 24
E 24 26
E 25 30
E 26 31
E 32 26
G R-HSA-9857492.sbgn 25 28
V 399.000000 203.000000 140.000000 24.000000
V 666.500000 88.500000 79.000000 23.000000
V 262.000000 202.000000 12.000000 12.000000
V 830.500000 265.500000 39.000000 23.000000
V 471.000000 148.500000 78.000000 25.000000
V 712.000000 263.500000 48.000000 31.000000
V 607.000000 199.000000 12.000000 12.000000
V 760.500000 255.500000 39.000000 31.000000
V 688.000000 307.500000 80.000000 23.000000
V 1034.000000 164.500000 88.000000 29.000000
V 796.000000 202.000000 114.000000 22.000000
V 68.000000 154.500000 102.000000 41.000000
V 740.500000 166.500000 43.000000 31.000000
V 920.000000 249.000000 12.000000 12.000000
V 842.500000 145.000000 71.000000 24.000000
V 172.000000 232.500000 40.000000 23.000000
V 460.000000 286.500000 60.000000 31.000000
V 1080.500000 228.500000 95.000000 29.000000
V 602.000000 261.500000 96.000000 23.000000
V 921.000000 206.500000 40.000000 23.000000
V 367.000000 262.500000 32.000000 31.000000
V 921.000000 167.000000 12.000000 12.000000
V 260.000000 257.500000 40.000000 23.000000
V 408.000000 18.000000 88.000000 24.000000
V 692.500000 144.500000 51.000000 31.000000
E 2 0
E 0 6
E 6 1
E 11 2
E 15 2
E 2 20
E 22 2
E 2 23
E 3 13
E 4 6
E 6 5
E 6 7
E 6 8
E 6 10
E 6 12
E 16 6
E 18 6
E 20 6
E 6 24
E 21 9
E 10 13
E 10 21
E 13 15
E 13 17
E 19 13
E 14 21
E 21 15
E 19 21
G R-HSA-9860276.sbgn 18 18
V 286.500000 184.500000 117.000000 37.000000
V 54.500000 34.500000 37.000000 23.000000
V 214.500000 405.500000 105.000000 37.000000
V 152.500000 64.500000 117.000000 23.000000
V 367.000000 220.000000 10.000000 10.000000
V 458.000000 240.000000 12.000000 12.000000
V 334.000000 245.500000 34.000000 23.000000
V 131.000000 241.500000 40.000000 31.000000
V 458.500000 404.500000 105.000000 37.000000
V 458.000000 294.500000 86.000000 23.000000
V 81.000000 113.000000 10.000000 10.000000
V 96.500000 163.500000 93.000000 23.000000
V 225.500000 246.500000 41.000000 31.000000
V 459.500000 184.500000 125.000000 37.000000
V 296.000000 404.000000 12.000000 12.000000
V 178.000000 215.000000 12.000000 12.000000
V 545.000000 241.500000 118.000000 37.000000
V 457.000000 350.000000 10.000000 10.000000
E 0 4
E 5 0
E 15 0
E 1 10
E 14 2
E 3 10
E 6 4
E 4 13
E 5 9
E 13 5
E 16 5
E 7 15
E 8 14
E 17 8
E 9 17
E 10 11
E 11 15
E 15 12
G R-HSA-9909620.sbgn 39 50
V 1197.500000 274.500000 123.000000 37.000000
V 1293.000000 700.000000 10.000000 10.000000
V 279.000000 545.000000 10.000000 10.000000
V 813.500000 768.500000 95.000000 37.000000
V 1091.500000 619.500000 123.000000 37.000000
V 719.500000 624.000000 113.000000 52.000000
V 190.000000 241.000000 10.000000 10.000000
V 486.000000 681.000000 10.000000 10.000000
V 721.000000 229.000000 10.000000 10.000000
V 810.500000 110.500000 87.000000 37.000000
V 489.500000 620.500000 123.000000 37.000000
V 503.500000 250.500000 123.000000 51.000000
V 894.000000 696.000000 10.000000 10.000000
V 1050.000000 270.500000 94.000000 51.000000
V 1214.000000 772.500000 116.000000 37.000000
V 1201.000000 187.000000 10.000000 10.000000
V 614.000000 112.500000 118.000000 37.000000
V 720.500000 291.500000 123.000000 51.000000
V 611.500000 766.500000 95.000000 37.000000
V 1112.500000 108.500000 95.000000 37.000000
V 894.500000 621.500000 123.000000 37.000000
V 386.500000 116.500000 125.000000 37.000000
V 192.000000 483.500000 126.000000 53.000000
V 415.000000 268.000000 10.000000 10.000000
V 832.000000 270.000000 10.000000 10.000000
V 1319.500000 101.500000 95.000000 37.000000
V 122.000000 735.500000 118.000000 37.000000
V 723.000000 696.000000 10.000000 10.000000
V 1352.000000 483.500000 50.000000 23.000000
V 1096.000000 701.000000 10.000000 10.000000
V 135.000000 123.500000 118.000000 37.000000
V 291.500000 243.500000 123.000000 51.000000
V 685.000000 487.000000 12.000000 12.000000
V 1007.500000 770.500000 95.000000 37.000000
V 926.500000 271.500000 123.000000 37.000000
V 1042.000000 176.000000 10.000000 10.000000
V 1294.000000 613.500000 132.000000 37.000000
V 279.500000 626.500000 123.000000 51.000000
V 392.500000 763.500000 87.000000 37.000000
E 15 0
E 0 32
E 14 1
E 22 1
E 1 36
E 22 2
E 26 2
E 2 37
E 3 12
E 29 4
E 4 32
E 27 5
E 5 32
E 22 6
E 30 6
E 6 31
E 7 10
E 22 7
E 38 7
E 16 8
E 8 17
E 22 8
E 9 24
E 10 32
E 23 11
E 11 32
E 12 20
E 22 12
E 13 32
E 35 13
E 22 15
E 25 15
E 17 32
E 18 27
E 19 35
E 20 32
E 21 23
E 22 23
E 22 24
E 22 27
E 22 29
E 22 32
E 22 35
E 24 34
E 32 28
E 33 29
E 31 32
E 34 32
E 36 32
E 37 32
G R-HSA-9913351.sbgn 35 36
V 420.000000 589.000000 108.000000 68.000000
V 2506.000000 373.500000 128.000000 37.000000
V 2360.000000 511.500000 110.000000 51.000000
V 137.000000 343.000000 124.000000 36.000000
V 736.500000 331.500000 87.000000 41.000000
V 2228.000000 514.500000 74.000000 23.000000
V 2348.000000 587.000000 10.000000 10.000000
V 417.000000 268.000000 10.000000 10.000000
V 2350.000000 645.500000 126.000000 51.000000
V 2348.000000 326.000000 10.000000 10.000000
V 372.000000 521.500000 100.000000 45.000000
V 830.000000 275.000000 10.000000 10.000000
V 1630.000000 337.500000 78.000000 37.000000
V 2518.000000 605.500000 90.000000 23.000000
V 2356.000000 445.000000 10.000000 10.000000
V 2110.000000 387.500000 126.000000 37.000000
V 1850.000000 257.000000 12.000000 12.000000
V 2353.500000 378.500000 89.000000 37.000000
V 1784.000000 327.500000 106.000000 51.000000
V 2363.000000 730.000000 10.000000 10.000000
V 2144.000000 291.500000 130.000000 37.000000
V 904.500000 341.000000 111.000000 56.000000
V 467.000000 341.500000 88.000000 37.000000
V 2348.000000 243.500000 112.000000 51.000000
V 1658.000000 279.000000 10.000000 10.000000
V 1211.000000 345.500000 108.000000 53.000000
V 618.000000 337.500000 86.000000 37.000000
V 291.500000 346.000000 121.000000 34.000000
V 2363.000000 799.500000 104.000000 51.000000
V 194.000000 598.500000 108.000000 33.000000
V 1348.500000 339.500000 113.000000 37.000000
V 1058.000000 289.000000 12.000000 12.000000
V 959.000000 489.000000 12.000000 12.000000
V 1404.500000 416.500000 123.000000 51.000000
V 307.000000 599.000000 12.000000 12.000000
E 0 32
E 34 0
E 1 14
E 2 6
E 14 2
E 3 7
E 4 11
E 5 6
E 6 8
E 7 22
E 27 7
E 8 19
E 15 9
E 9 17
E 20 9
E 23 9
E 10 32
E 34 10
E 11 21
E 22 11
E 26 11
E 12 24
E 13 19
E 17 14
E 18 16
E 16 23
E 24 18
E 19 28
E 21 31
E 25 24
E 30 24
E 33 24
E 31 25
E 29 34
E 32 30
E 32 33
G R-HSA-9918476.sbgn 36 36
V 1233.000000 476.500000 128.000000 37.000000
V 1234.000000 327.500000 120.000000 37.000000
V 679.000000 537.500000 56.000000 23.000000
V 1232.000000 277.000000 10.000000 10.000000
V 778.000000 430.500000 132.000000 35.000000
V 370.000000 353.000000 10.000000 10.000000
V 1107.500000 376.500000 87.000000 31.000000
V 1351.500000 294.500000 29.000000 31.000000
V 421.500000 204.500000 45.000000 37.000000
V 502.000000 106.500000 158.000000 53.000000
V 659.000000 428.000000 12.000000 12.000000
V 523.000000 377.000000 12.000000 12.000000
V 1320.000000 448.500000 32.000000 31.000000
V 928.000000 428.000000 12.000000 12.000000
V 435.500000 354.500000 53.000000 35.000000
V 1446.000000 355.500000 56.000000 31.000000
V 1232.500000 204.500000 125.000000 37.000000
V 922.000000 580.500000 102.000000 31.000000
V 237.500000 434.500000 35.000000 23.000000
V 499.000000 295.500000 86.000000 37.000000
V 263.500000 251.500000 51.000000 23.000000
V 219.500000 401.500000 57.000000 23.000000
V 356.000000 283.500000 44.000000 23.000000
V 969.500000 510.500000 63.000000 23.000000
V 1233.000000 116.000000 12.000000 12.000000
V 298.500000 355.000000 45.000000 22.000000
V 1345.500000 348.500000 69.000000 23.000000
V 237.500000 487.500000 43.000000 23.000000
V 914.000000 261.500000 66.000000 31.000000
V 526.000000 429.500000 130.000000 37.000000
V 1129.000000 18.500000 92.000000 25.000000
V 327.000000 247.000000 12.000000 12.000000
V 1135.500000 427.500000 41.000000 23.000000
V 500.000000 219.000000 12.000000 12.000000
V 1232.000000 406.000000 12.000000 12.000000
V 406.000000 287.500000 32.000000 31.000000
E 13 0
E 0 34
E 1 3
E 34 1
E 2 10
E 7 3
E 3 16
E 10 4
E 4 13
E 5 14
E 25 5
E 6 34
E 31 8
E 8 33
E 9 33
E 27 10
E 29 10
E 14 11
E 18 11
E 19 11
E 21 11
E 27 11
E 11 29
E 35 11
E 12 34
E 17 13
E 23 13
E 28 13
E 15 34
E 16 24
E 33 19
E 20 31
E 22 31
E 24 30
E 34 26
E 32 34
G R-HSA-9918481.sbgn 20 20
V 992.000000 128.500000 78.000000 25.000000
V 552.000000 33.500000 72.000000 53.000000
V 998.000000 313.000000 76.000000 44.000000
V 872.000000 135.500000 60.000000 39.000000
V 824.000000 278.500000 60.000000 53.000000
V 1055.000000 84.000000 12.000000 12.000000
V 497.000000 96.000000 10.000000 10.000000
V 997.000000 238.000000 56.000000 26.000000
V 939.000000 43.000000 54.000000 28.000000
V 936.000000 267.000000 10.000000 10.000000
V 410.500000 96.500000 73.000000 47.000000
V 953.000000 160.000000 10.000000 10.000000
V 1151.000000 118.500000 82.000000 37.000000
V 938.500000 86.000000 85.000000 36.000000
V 713.000000 258.000000 10.000000 10.000000
V 706.500000 290.000000 53.000000 32.000000
V 709.000000 85.000000 12.000000 12.000000
V 550.500000 148.000000 75.000000 24.000000
V 1024.000000 189.000000 72.000000 38.000000
V 793.000000 147.000000 70.000000 36.000000
E 0 11
E 1 6
E 9 2
E 16 3
E 14 4
E 5 12
E 13 5
E 6 10
E 17 6
E 7 9
E 8 16
E 13 9
E 19 9
E 13 11
E 11 18
E 16 13
E 15 14
E 17 14
E 19 14
E 17 16
G R-HSA-9918485.sbgn 23 22
V 1228.000000 127.500000 80.000000 35.000000
V 1240.500000 17.500000 39.000000 23.000000
V 441.000000 415.000000 52.000000 26.000000
V 806.000000 72.000000 96.000000 38.000000
V 794.500000 416.500000 55.000000 21.000000
V 346.500000 414.500000 47.000000 23.000000
V 1224.000000 233.500000 88.000000 37.000000
V 757.000000 155.000000 10.000000 10.000000
V 1051.000000 327.000000 10.000000 10.000000
V 548.000000 415.000000 98.000000 44.000000
V 1248.500000 367.500000 97.000000 51.000000
V 598.000000 329.000000 10.000000 10.000000
V 1130.000000 73.000000 10.000000 10.000000
V 851.500000 218.500000 79.000000 35.000000
V 656.000000 416.000000 48.000000 28.000000
V 1090.000000 209.000000 10.000000 10.000000
V 1218.000000 183.500000 66.000000 33.000000
V 1243.000000 297.500000 118.000000 51.000000
V 1449.000000 118.500000 46.000000 23.000000
V 1232.000000 60.500000 92.000000 37.000000
V 251.000000 412.500000 46.000000 31.000000
V 120.000000 418.500000 58.000000 23.000000
V 662.000000 207.000000 96.000000 26.000000
E 0 12
E 1 12
E 2 11
E 7 3
E 4 11
E 5 11
E 15 6
E 13 7
E 22 7
E 10 8
E 13 8
E 8 17
E 11 9
E 13 11
E 14 11
E 20 11
E 21 11
E 13 12
E 18 12
E 12 19
E 13 15
E 16 15
G R-HSA-9920588.sbgn 17 16
V 648.500000 102.000000 47.000000 50.000000
V 337.500000 212.000000 81.000000 32.000000
V 157.000000 113.000000 34.000000 24.000000
V 38.000000 101.000000 44.000000 50.000000
V 138.000000 159.000000 10.000000 10.000000
V 515.000000 176.000000 10.000000 10.000000
V 128.000000 78.000000 10.000000 10.000000
V 64.500000 219.000000 39.000000 48.000000
V 505.000000 84.000000 10.000000 10.000000
V 506.500000 332.000000 55.000000 50.000000
V 327.500000 89.500000 85.000000 21.000000
V 491.500000 48.000000 45.000000 26.000000
V 448.500000 215.500000 51.000000 33.000000
V 578.500000 206.000000 37.000000 48.000000
V 148.000000 26.000000 72.000000 34.000000
V 435.000000 269.000000 10.000000 10.000000
V 491.000000 134.000000 36.000000 24.000000
E 8 0
E 1 15
E 2 4
E 6 3
E 4 7
E 10 4
E 10 5
E 5 13
E 16 5
E 10 6
E 14 6
E 10 8
E 11 8
E 15 9
E 10 15
E 12 15
G R-HSA-9927353.sbgn 15 14
V 82.500000 104.000000 71.000000 22.000000
V 429.500000 250.000000 45.000000 26.000000
V 358.000000 258.000000 86.000000 32.000000
V 565.500000 246.000000 119.000000 24.000000
V 494.000000 334.000000 10.000000 10.000000
V 494.000000 184.000000 100.000000 48.000000
V 235.000000 187.000000 82.000000 36.000000
V 553.000000 283.000000 56.000000 22.000000
V 149.000000 185.000000 10.000000 10.000000
V 50.500000 186.500000 43.000000 25.000000
V 359.000000 185.000000 12.000000 12.000000
V 270.000000 242.500000 44.000000 25.000000
V 609.000000 186.000000 10.000000 10.000000
V 695.000000 186.000000 92.000000 36.000000
V 494.500000 392.000000 119.000000 22.000000
E 0 8
E 10 1
E 2 10
E 3 12
E 5 4
E 7 4
E 4 14
E 10 5
E 5 12
E 8 6
E 6 10
E 9 8
E 11 10
E 12 13
G R-HSA-9930044.sbgn 34 46
V 378.000000 350.500000 124.000000 39.000000
V 88.000000 392.500000 120.000000 29.000000
V 681.000000 416.500000 150.000000 85.000000
V 293.000000 765.500000 122.000000 27.000000
V 167.000000 437.000000 10.000000 10.000000
V 435.500000 138.500000 131.000000 51.000000
V 166.000000 264.000000 10.000000 10.000000
V 805.000000 248.500000 62.000000 27.000000
V 839.000000 207.500000 68.000000 29.000000
V 803.000000 289.500000 62.000000 25.000000
V 690.000000 863.500000 124.000000 29.000000
V 169.500000 495.500000 183.000000 41.000000
V 476.000000 301.500000 78.000000 31.000000
V 239.500000 120.500000 153.000000 31.000000
V 275.500000 206.500000 119.000000 27.000000
V 389.500000 520.500000 143.000000 51.000000
V 590.000000 494.500000 122.000000 29.000000
V 804.500000 132.500000 65.000000 23.000000
V 162.000000 565.000000 12.000000 12.000000
V 680.000000 544.000000 10.000000 10.000000
V 69.500000 175.500000 61.000000 25.000000
V 168.000000 340.500000 146.000000 45.000000
V 678.000000 721.000000 12.000000 12.000000
V 383.000000 453.000000 10.000000 10.000000
V 688.000000 637.500000 154.000000 101.000000
V 388.000000 588.000000 12.000000 12.000000
V 471.000000 396.500000 120.000000 29.000000
V 403.500000 689.500000 65.000000 27.000000
V 828.000000 171.500000 70.000000 25.000000
V 756.500000 100.500000 55.000000 23.000000
V 611.000000 128.500000 180.000000 53.000000
V 782.500000 327.500000 59.000000 25.000000
V 679.000000 335.000000 10.000000 10.000000
V 373.000000 261.000000 12.000000 12.000000
E 0 23
E 33 0
E 1 4
E 18 1
E 2 19
E 32 2
E 18 3
E 22 3
E 25 3
E 4 11
E 21 4
E 5 33
E 13 6
E 14 6
E 20 6
E 6 21
E 22 7
E 7 32
E 22 8
E 8 32
E 22 9
E 9 32
E 22 10
E 11 18
E 33 12
E 18 14
E 25 14
E 14 33
E 23 15
E 15 25
E 16 19
E 22 16
E 17 32
E 18 20
E 19 24
E 24 22
E 22 28
E 22 29
E 22 31
E 26 23
E 25 26
E 25 27
E 28 32
E 29 32
E 30 32
E 31 32
G R-HSA-9931529.sbgn 17 16
V 513.500000 181.500000 75.000000 27.000000
V 317.000000 350.000000 10.000000 10.000000
V 230.000000 75.500000 50.000000 33.000000
V 319.000000 472.000000 12.000000 12.000000
V 254.500000 192.500000 49.000000 33.000000
V 427.000000 171.000000 12.000000 12.000000
V 507.500000 131.500000 77.000000 27.000000
V 114.000000 79.000000 58.000000 28.000000
V 320.500000 406.000000 237.000000 26.000000
V 519.000000 227.500000 42.000000 31.000000
V 321.500000 529.500000 229.000000 27.000000
V 378.000000 81.500000 54.000000 23.000000
V 177.000000 256.000000 140.000000 28.000000
V 127.500000 156.000000 57.000000 26.000000
V 429.000000 262.000000 100.000000 28.000000
V 511.500000 74.500000 39.000000 31.000000
V 175.000000 163.000000 12.000000 12.000000
E 0 5
E 1 8
E 12 1
E 14 1
E 2 16
E 8 3
E 3 10
E 16 4
E 6 5
E 5 9
E 11 5
E 5 14
E 15 5
E 7 16
E 16 12
E 13 16
G R-HSA-9931530.sbgn 21 20
V 216.000000 96.000000 52.000000 32.000000
V 409.000000 446.000000 418.000000 30.000000
V 361.000000 89.000000 48.000000 30.000000
V 492.500000 103.500000 51.000000 29.000000
V 400.000000 209.000000 12.000000 12.000000
V 162.500000 40.500000 53.000000 29.000000
V 406.000000 353.000000 12.000000 12.000000
V 506.000000 307.000000 148.000000 24.000000
V 164.000000 178.500000 102.000000 31.000000
V 104.500000 132.000000 53.000000 38.000000
V 516.500000 358.500000 113.000000 25.000000
V 161.000000 96.000000 12.000000 12.000000
V 409.000000 488.000000 12.000000 12.000000
V 528.000000 164.500000 106.000000 23.000000
V 321.500000 301.000000 43.000000 34.000000
V 403.000000 257.500000 340.000000 31.000000
V 432.000000 68.000000 50.000000 28.000000
V 304.000000 131.000000 52.000000 30.000000
V 409.500000 555.500000 377.000000 29.000000
V 329.000000 404.500000 42.000000 31.000000
V 102.000000 56.000000 52.000000 34.000000
E 0 11
E 6 1
E 1 12
E 2 4
E 3 4
E 8 4
E 13 4
E 4 15
E 16 4
E 17 4
E 5 11
E 7 6
E 10 6
E 14 6
E 15 6
E 6 19
E 11 8
E 11 9
E 20 11
E 12 18
G R-HSA-9932298.sbgn 20 21
V 485.000000 243.000000 10.000000 10.000000
V 424.000000 84.500000 118.000000 29.000000
V 152.000000 726.500000 36.000000 27.000000
V 148.000000 653.000000 12.000000 12.000000
V 250.500000 124.000000 203.000000 28.000000
V 257.500000 654.000000 127.000000 26.000000
V 43.000000 351.500000 36.000000 27.000000
V 490.000000 392.000000 12.000000 12.000000
V 499.000000 729.000000 40.000000 28.000000
V 498.000000 654.000000 12.000000 12.000000
V 390.000000 463.500000 72.000000 27.000000
V 391.000000 340.500000 94.000000 25.000000
V 569.000000 130.500000 174.000000 31.000000
V 152.000000 530.500000 186.000000 37.000000
V 498.500000 572.500000 349.000000 41.000000
V 96.500000 78.500000 101.000000 29.000000
V 147.000000 306.000000 182.000000 36.000000
V 149.000000 427.000000 12.000000 12.000000
V 490.000000 300.500000 246.000000 33.000000
V 146.000000 237.000000 10.000000 10.000000
E 1 0
E 12 0
E 0 18
E 3 2
E 5 3
E 13 3
E 17 4
E 4 19
E 5 9
E 6 17
E 7 10
E 11 7
E 7 12
E 7 14
E 18 7
E 9 8
E 14 9
E 17 13
E 15 19
E 16 17
E 19 16
G R-HSA-9933387.sbgn 20 28
V 408.500000 413.500000 123.000000 59.000000
V 239.500000 422.000000 139.000000 44.000000
V 137.000000 187.500000 58.000000 33.000000
V 129.500000 101.000000 95.000000 36.000000
V 119.500000 278.500000 63.000000 33.000000
V 749.500000 331.000000 105.000000 52.000000
V 683.000000 361.000000 10.000000 10.000000
V 855.000000 460.000000 120.000000 54.000000
V 342.000000 500.000000 12.000000 12.000000
V 268.000000 342.000000 10.000000 10.000000
V 745.000000 147.500000 62.000000 35.000000
V 516.500000 147.000000 87.000000 38.000000
V 109.500000 231.500000 83.000000 33.000000
V 515.000000 259.500000 62.000000 33.000000
V 374.000000 337.000000 10.000000 10.000000
V 587.500000 347.000000 89.000000 52.000000
V 857.000000 367.000000 10.000000 10.000000
V 635.000000 144.500000 62.000000 31.000000
V 254.500000 175.000000 83.000000 52.000000
V 684.500000 451.500000 129.000000 53.000000
E 0 8
E 14 0
E 1 8
E 9 1
E 2 9
E 3 9
E 4 9
E 5 16
E 10 6
E 11 6
E 13 6
E 15 6
E 17 6
E 6 19
E 16 7
E 8 13
E 18 8
E 12 9
E 18 9
E 10 14
E 10 16
E 11 14
E 11 16
E 13 14
E 13 16
E 17 14
E 18 14
E 17 16
G R-HSA-9937008.sbgn 25 30
V 630.500000 392.500000 79.000000 35.000000
V 341.000000 368.000000 12.000000 12.000000
V 615.500000 533.500000 79.000000 35.000000
V 400.000000 649.000000 12.000000 12.000000
V 225.500000 700.000000 83.000000 36.000000
V 343.000000 431.000000 12.000000 12.000000
V 781.500000 361.000000 199.000000 50.000000
V 184.000000 347.000000 146.000000 42.000000
V 371.000000 582.000000 12.000000 12.000000
V 223.500000 536.000000 83.000000 36.000000
V 182.500000 654.000000 151.000000 44.000000
V 432.000000 750.000000 12.000000 12.000000
V 183.000000 748.500000 152.000000 41.000000
V 184.000000 433.500000 150.000000 41.000000
V 360.000000 491.000000 12.000000 12.000000
V 782.500000 431.000000 203.000000 50.000000
V 210.500000 392.000000 83.000000 36.000000
V 448.500000 323.000000 153.000000 30.000000
V 179.000000 586.500000 140.000000 43.000000
V 792.500000 741.500000 217.000000 51.000000
V 184.500000 489.000000 145.000000 46.000000
V 785.500000 488.500000 201.000000 47.000000
V 787.000000 578.500000 240.000000 53.000000
V 788.500000 645.000000 209.000000 48.000000
V 612.500000 686.500000 79.000000 35.000000
E 1 0
E 5 0
E 1 6
E 7 1
E 16 1
E 17 1
E 8 2
E 14 2
E 4 3
E 10 3
E 17 3
E 3 23
E 3 24
E 4 11
E 13 5
E 5 15
E 16 5
E 17 5
E 9 8
E 17 8
E 18 8
E 8 22
E 9 14
E 12 11
E 17 11
E 11 19
E 11 24
E 17 14
E 20 14
E 14 21
G R-HSA-9937080.sbgn 16 23
V 319.500000 36.500000 167.000000 73.000000
V 548.000000 363.000000 12.000000 12.000000
V 476.000000 578.000000 12.000000 12.000000
V 389.000000 707.500000 154.000000 111.000000
V 460.000000 163.000000 12.000000 12.000000
V 188.000000 129.000000 12.000000 12.000000
V 315.000000 233.500000 92.000000 23.000000
V 668.500000 215.000000 45.000000 22.000000
V 569.000000 465.500000 232.000000 97.000000
V 310.000000 502.500000 38.000000 25.000000
V 122.000000 349.000000 12.000000 12.000000
V 655.000000 143.500000 44.000000 31.000000
V 299.000000 331.500000 46.000000 25.000000
V 278.500000 422.500000 49.000000 23.000000
V 492.000000 240.500000 186.000000 71.000000
V 121.500000 228.000000 201.000000 72.000000
E 0 4
E 0 5
E 6 1
E 7 1
E 1 8
E 11 1
E 14 1
E 2 3
E 8 2
E 9 2
E 12 2
E 13 2
E 10 3
E 6 4
E 7 4
E 11 4
E 4 14
E 6 5
E 5 15
E 9 10
E 12 10
E 13 10
E 15 10
G R-HSA-9937383.sbgn 18 20
V 370.000000 62.000000 182.000000 28.000000
V 603.500000 116.500000 57.000000 23.000000
V 381.000000 300.500000 118.000000 29.000000
V 771.000000 352.000000 12.000000 12.000000
V 778.000000 270.500000 240.000000 55.000000
V 214.500000 244.500000 419.000000 41.000000
V 791.500000 529.500000 209.000000 41.000000
V 773.000000 183.000000 10.000000 10.000000
V 231.000000 351.000000 12.000000 12.000000
V 90.000000 47.000000 166.000000 56.000000
V 778.500000 78.500000 235.000000 41.000000
V 89.000000 633.500000 170.000000 29.000000
V 385.000000 172.500000 178.000000 27.000000
V 371.000000 390.500000 182.000000 29.000000
V 505.000000 667.000000 130.000000 28.000000
V 195.000000 519.000000 12.000000 12.000000
V 193.000000 450.500000 380.000000 39.000000
V 258.000000 137.000000 12.000000 12.000000
E 15 0
E 0 17
E 1 7
E 2 8
E 15 2
E 4 3
E 3 6
E 3 14
E 7 4
E 5 8
E 17 5
E 10 7
E 8 13
E 8 16
E 9 17
E 15 11
E 17 12
E 15 13
E 15 14
E 16 15
G R-HSA-9938024.sbgn 40 41
V 793.000000 164.500000 72.000000 25.000000
V 983.000000 426.500000 60.000000 25.000000
V 667.000000 701.500000 46.000000 33.000000
V 803.000000 199.000000 52.000000 26.000000
V 802.000000 401.000000 12.000000 12.000000
V 784.000000 99.500000 88.000000 25.000000
V 699.000000 773.000000 12.000000 12.000000
V 446.500000 56.000000 95.000000 24.000000
V 646.500000 68.500000 51.000000 21.000000
V 543.000000 666.000000 12.000000 12.000000
V 410.500000 649.000000 43.000000 38.000000
V 400.000000 591.000000 128.000000 46.000000
V 287.000000 125.000000 94.000000 54.000000
V 667.500000 594.000000 325.000000 44.000000
V 735.500000 317.000000 89.000000 54.000000
V 492.000000 176.000000 198.000000 44.000000
V 557.000000 53.500000 100.000000 25.000000
V 634.500000 274.500000 43.000000 21.000000
V 411.500000 694.000000 33.000000 36.000000
V 356.500000 67.500000 53.000000 25.000000
V 841.000000 461.500000 62.000000 25.000000
V 614.000000 102.500000 38.000000 25.000000
V 578.000000 748.000000 128.000000 44.000000
V 869.000000 502.000000 62.000000 26.000000
V 526.000000 460.000000 278.000000 44.000000
V 489.000000 130.000000 10.000000 10.000000
V 594.000000 387.000000 318.000000 40.000000
V 351.000000 180.000000 12.000000 12.000000
V 351.000000 248.000000 54.000000 26.000000
V 793.000000 233.000000 68.000000 26.000000
V 664.000000 532.000000 10.000000 10.000000
V 734.000000 441.000000 50.000000 26.000000
V 932.000000 436.000000 12.000000 12.000000
V 828.000000 790.000000 140.000000 44.000000
V 692.000000 133.000000 48.000000 26.000000
V 627.500000 206.500000 41.000000 25.000000
V 687.000000 289.000000 10.000000 10.000000
V 633.000000 175.500000 38.000000 27.000000
V 741.500000 60.000000 125.000000 26.000000
V 619.000000 240.500000 62.000000 25.000000
E 0 36
E 4 1
E 1 32
E 9 2
E 3 36
E 14 4
E 26 4
E 5 36
E 22 6
E 6 33
E 7 25
E 8 25
E 10 9
E 11 9
E 13 9
E 18 9
E 9 22
E 12 25
E 12 27
E 30 13
E 14 36
E 25 15
E 15 27
E 16 25
E 17 36
E 19 25
E 20 32
E 21 25
E 21 36
E 23 32
E 24 30
E 36 26
E 27 28
E 29 36
E 31 30
E 32 31
E 34 36
E 35 36
E 37 36
E 38 36
E 39 36
G R-HSA-9955298.sbgn 33 35
V 1920.000000 508.000000 12.000000 12.000000
V 1863.000000 693.000000 12.000000 12.000000
V 2388.000000 676.500000 34.000000 31.000000
V 2564.000000 681.500000 34.000000 31.000000
V 2388.500000 541.500000 47.000000 45.000000
V 2061.000000 757.000000 12.000000 12.000000
V 2071.000000 575.500000 28.000000 31.000000
V 1999.500000 829.500000 39.000000 31.000000
V 2113.000000 703.500000 98.000000 31.000000
V 2385.000000 614.500000 38.000000 31.000000
V 1904.500000 571.500000 61.000000 31.000000
V 1864.500000 637.500000 75.000000 37.000000
V 2478.500000 748.500000 65.000000 25.000000
V 2482.500000 493.500000 69.000000 25.000000
V 2576.500000 538.500000 51.000000 43.000000
V 2105.000000 817.500000 98.000000 31.000000
V 2060.000000 509.000000 12.000000 12.000000
V 1989.000000 507.500000 74.000000 25.000000
V 1792.000000 714.500000 40.000000 31.000000
V 2581.000000 610.500000 38.000000 31.000000
V 1920.000000 717.500000 46.000000 31.000000
V 1986.500000 442.500000 43.000000 31.000000
V 1880.500000 412.500000 61.000000 31.000000
V 2180.000000 759.500000 60.000000 23.000000
V 2081.000000 421.500000 28.000000 31.000000
V 2478.000000 659.000000 12.000000 12.000000
V 1989.500000 693.500000 39.000000 31.000000
V 2282.000000 710.000000 12.000000 12.000000
V 2000.500000 630.500000 43.000000 31.000000
V 2381.500000 755.500000 43.000000 31.000000
V 1745.500000 626.500000 43.000000 31.000000
V 2481.000000 574.000000 12.000000 12.000000
V 2188.500000 709.500000 31.000000 31.000000
E 10 0
E 17 0
E 21 0
E 0 22
E 0 28
E 11 1
E 18 1
E 1 20
E 28 1
E 1 30
E 25 2
E 27 2
E 3 25
E 31 4
E 5 7
E 5 8
E 15 5
E 23 5
E 26 5
E 16 6
E 25 9
E 31 9
E 12 25
E 13 31
E 14 31
E 17 16
E 16 21
E 24 16
E 28 16
E 19 25
E 19 31
E 23 27
E 27 28
E 29 27
E 32 27
G R-HSA-9958863.sbgn 24 28
V 183.000000 559.000000 12.000000 12.000000
V 52.500000 613.500000 105.000000 43.000000
V 54.500000 362.500000 49.000000 31.000000
V 48.500000 550.500000 45.000000 31.000000
V 183.000000 482.000000 12.000000 12.000000
V 83.500000 330.500000 35.000000 31.000000
V 315.500000 416.000000 95.000000 44.000000
V 185.000000 387.000000 12.000000 12.000000
V 303.000000 667.500000 46.000000 31.000000
V 317.500000 611.000000 95.000000 44.000000
V 76.500000 708.500000 35.000000 31.000000
V 185.000000 433.500000 66.000000 25.000000
V 291.500000 501.500000 35.000000 31.000000
V 321.500000 548.500000 45.000000 31.000000
V 78.500000 504.500000 35.000000 31.000000
V 52.500000 417.500000 105.000000 43.000000
V 52.000000 470.500000 36.000000 31.000000
V 295.500000 705.500000 35.000000 31.000000
V 319.500000 469.500000 45.000000 31.000000
V 182.000000 612.500000 66.000000 25.000000
V 61.000000 667.500000 46.000000 31.000000
V 322.500000 363.500000 49.000000 31.000000
V 183.000000 671.000000 12.000000 12.000000
V 292.500000 328.500000 35.000000 31.000000
E 0 1
E 3 0
E 9 0
E 0 12
E 0 13
E 0 14
E 19 0
E 22 1
E 2 7
E 6 4
E 11 4
E 4 12
E 4 14
E 4 15
E 16 4
E 4 18
E 5 7
E 6 7
E 11 7
E 7 15
E 7 21
E 23 7
E 22 8
E 9 22
E 22 10
E 22 17
E 19 22
E 20 22
G R-HSA-9959399.sbgn 15 15
V 468.000000 299.000000 12.000000 12.000000
V 527.000000 365.500000 80.000000 37.000000
V 213.000000 62.500000 32.000000 31.000000
V 403.000000 349.500000 32.000000 31.000000
V 338.000000 301.000000 12.000000 12.000000
V 260.000000 302.500000 46.000000 23.000000
V 316.000000 374.500000 48.000000 31.000000
V 158.000000 189.500000 144.000000 35.000000
V 284.000000 113.500000 68.000000 25.000000
V 156.000000 112.000000 12.000000 12.000000
V 521.000000 219.500000 80.000000 37.000000
V 158.000000 16.500000 140.000000 33.000000
V 403.000000 218.500000 32.000000 31.000000
V 654.000000 303.500000 110.000000 41.000000
V 306.000000 238.500000 48.000000 31.000000
E 1 0
E 3 0
E 0 10
E 0 12
E 13 0
E 2 9
E 3 4
E 5 4
E 6 4
E 4 12
E 4 14
E 9 7
E 8 9
E 11 9
E 9 12
G R-HSA-9968295.sbgn 30 29
V 142.500000 38.500000 125.000000 27.000000
V 219.000000 134.500000 234.000000 27.000000
V 328.500000 630.500000 203.000000 35.000000
V 396.000000 133.000000 12.000000 12.000000
V 627.500000 449.000000 29.000000 24.000000
V 386.000000 392.000000 12.000000 12.000000
V 348.000000 281.000000 10.000000 10.000000
V 544.000000 283.000000 174.000000 40.000000
V 422.000000 235.500000 40.000000 33.000000
V 465.000000 90.000000 40.000000 32.000000
V 420.000000 473.000000 12.000000 12.000000
V 114.000000 602.500000 40.000000 33.000000
V 416.500000 437.500000 127.000000 25.000000
V 220.000000 93.000000 10.000000 10.000000
V 329.500000 93.500000 45.000000 31.000000
V 201.000000 560.000000 12.000000 12.000000
V 298.000000 42.500000 118.000000 27.000000
V 200.500000 480.500000 303.000000 45.000000
V 153.000000 634.500000 32.000000 33.000000
V 98.500000 323.500000 45.000000 23.000000
V 197.500000 398.500000 207.000000 43.000000
V 622.500000 201.500000 91.000000 27.000000
V 194.000000 282.500000 198.000000 45.000000
V 541.000000 236.000000 10.000000 10.000000
V 136.000000 526.500000 36.000000 33.000000
V 560.500000 523.000000 143.000000 36.000000
V 539.500000 164.000000 223.000000 28.000000
V 195.000000 350.000000 10.000000 10.000000
V 540.000000 397.500000 228.000000 45.000000
V 620.500000 483.500000 123.000000 25.000000
E 0 13
E 1 3
E 13 1
E 15 2
E 3 9
E 14 3
E 3 26
E 4 10
E 20 5
E 5 28
E 7 6
E 8 6
E 6 22
E 23 7
E 12 10
E 10 17
E 25 10
E 28 10
E 29 10
E 15 11
E 16 13
E 17 15
E 15 18
E 24 15
E 19 27
E 27 20
E 21 23
E 22 27
E 26 23
G R-HSA-9968297.sbgn 23 22
V 258.500000 167.000000 77.000000 26.000000
V 396.500000 658.500000 37.000000 27.000000
V 259.000000 38.000000 240.000000 34.000000
V 343.500000 465.500000 411.000000 31.000000
V 230.000000 230.000000 148.000000 28.000000
V 285.000000 658.500000 40.000000 29.000000
V 341.000000 331.000000 12.000000 12.000000
V 338.000000 520.000000 12.000000 12.000000
V 262.000000 101.000000 12.000000 12.000000
V 511.000000 195.000000 128.000000 30.000000
V 461.000000 149.500000 208.000000 27.000000
V 312.500000 133.500000 37.000000 33.000000
V 138.500000 190.500000 113.000000 29.000000
V 346.000000 279.000000 322.000000 30.000000
V 340.000000 562.000000 392.000000 28.000000
V 346.000000 231.000000 12.000000 12.000000
V 344.500000 704.500000 213.000000 31.000000
V 340.000000 625.000000 12.000000 12.000000
V 277.500000 597.000000 39.000000 30.000000
V 341.000000 424.000000 12.000000 12.000000
V 343.500000 375.500000 479.000000 31.000000
V 313.500000 77.500000 41.000000 33.000000
V 186.500000 101.000000 55.000000 28.000000
E 8 0
E 0 15
E 17 1
E 2 8
E 3 7
E 19 3
E 4 15
E 17 5
E 13 6
E 6 20
E 7 14
E 8 11
E 21 8
E 22 8
E 9 15
E 10 15
E 12 15
E 15 13
E 14 17
E 17 16
E 18 17
E 20 19
